0	50	-31.6399	18.3601
0.02	54.061	-35.7038	18.3572
0.04	59.7509	-41.3839	18.367
0.06	63.8653	-45.4982	18.3671
0.08	65.5172	-47.1215	18.3957
0.1	65.7823	-47.3912	18.3911
0.12	65.7767	-47.3743	18.4024
0.14	65.9541	-47.5464	18.4077
0.16	65.9657	-47.5479	18.4179
0.18	64.9111	-46.4884	18.4228
0.2	62.4113	-43.9931	18.4182
0.22	60.1211	-41.7069	18.4142
0.24	60.2508	-41.8373	18.4135
0.26	62.0314	-43.6244	18.4069
0.28	63.6604	-45.2484	18.4121
0.3	64.3858	-45.9898	18.396
0.32	64.5683	-46.1608	18.4075
0.34	64.8537	-46.43	18.4237
0.36	65.2192	-46.8063	18.413
0.38	65.796	-47.3723	18.4238
0.4	66.3619	-47.9331	18.4288
0.42	66.3772	-47.9427	18.4345
0.44	65.9711	-47.5371	18.434
0.46	64.933	-46.4819	18.4511
0.48	64.1489	-45.6924	18.4565
0.5	63.9247	-45.4734	18.4514
0.52	64.6104	-46.1646	18.4458
0.54	65.9675	-47.5225	18.445
0.56	66.8384	-48.3821	18.4563
0.58	67.2836	-48.8382	18.4454
0.6	67.4214	-48.9811	18.4403
0.62	67.7381	-49.2862	18.4519
0.64	68.8357	-50.3786	18.4571
0.66	70.2598	-51.8087	18.451
0.68	71.1608	-52.7155	18.4452
0.7	71.0058	-52.5717	18.434
0.72	69.5749	-51.1244	18.4505
0.74	67.4677	-48.9939	18.4738
0.76	66.6313	-48.1353	18.496
0.78	67.6705	-49.1591	18.5114
0.8	69.055	-50.5443	18.5107
0.82	69.6136	-51.1133	18.5003
0.84	69.8228	-51.3	18.5228
0.86	70.4296	-51.9179	18.5117
0.88	71.2541	-52.7429	18.5112
0.9	71.4511	-52.9238	18.5273
0.92	70.5868	-52.0481	18.5387
0.94	69.3448	-50.8055	18.5393
0.96	68.7603	-50.2102	18.5501
0.98	68.7501	-50.2011	18.549
1	68.1669	-49.6289	18.5379
1.02	67.21	-48.6704	18.5396
1.04	68.0153	-49.4758	18.5395
1.06	70.5057	-51.9621	18.5436
1.08	72.4741	-53.9528	18.5213
1.1	72.9616	-54.4399	18.5218
1.12	72.4449	-53.9226	18.5222
1.14	71.5453	-53.0395	18.5058
1.16	70.5648	-52.0586	18.5062
1.18	70.0515	-51.551	18.5005
1.2	69.9141	-51.4195	18.4946
1.22	69.7351	-51.2351	18.5001
1.24	69.4103	-50.9052	18.5052
1.26	68.5676	-50.0568	18.5108
1.28	67.5983	-49.0757	18.5226
1.3	67.6977	-49.1911	18.5065
1.32	69.3519	-50.835	18.5169
1.34	71.5221	-53.0005	18.5216
1.36	72.8489	-54.3332	18.5158
1.38	72.6279	-54.1067	18.5211
1.4	70.8015	-52.2907	18.5109
1.42	68.5988	-50.0812	18.5176
1.44	67.6881	-49.1713	18.5168
1.46	67.2405	-48.7191	18.5214
1.48	66.3875	-47.8812	18.5063
1.5	66.5391	-48.0221	18.517
1.52	67.4516	-48.9294	18.5222
1.54	68.3613	-49.8334	18.5279
1.56	69.1784	-50.6505	18.5278
1.58	69.6097	-51.0926	18.5171
1.6	69.7608	-51.2599	18.5009
1.62	69.9301	-51.4402	18.4899
1.64	70.0275	-51.538	18.4895
1.66	69.5796	-51.074	18.5056
1.68	68.2758	-49.7865	18.4893
1.7	66.6319	-48.1313	18.5006
1.72	65.4563	-46.9503	18.506
1.74	65.0763	-46.5751	18.5012
1.76	66.4359	-47.9404	18.4954
1.78	68.9707	-50.4711	18.4996
1.8	70.7174	-52.2124	18.505
1.82	71.2355	-52.7298	18.5056
1.84	71.3418	-52.841	18.5008
1.86	71.8273	-53.3432	18.4841
1.88	72.2676	-53.7842	18.4834
1.9	71.8859	-53.4026	18.4833
1.92	70.7383	-52.254	18.4843
1.94	70.2604	-51.7652	18.4951
1.96	70.3061	-51.8177	18.4884
1.98	69.5375	-51.0425	18.495
2	69.5047	-50.9973	18.5073
2.02	71.7794	-53.2682	18.5111
2.04	74.2577	-55.7424	18.5153
2.06	74.9006	-56.3908	18.5098
2.08	73.7796	-55.269	18.5106
2.1	72.064	-53.5536	18.5103
2.12	70.2321	-51.7154	18.5167
2.14	69.5437	-51.0271	18.5165
2.16	70.5202	-52.0082	18.512
2.18	73.9207	-55.4156	18.5051
2.2	77.4723	-58.963	18.5093
2.22	78.7707	-60.2713	18.4995
2.24	78.665	-60.1704	18.4946
2.26	77.8385	-59.3501	18.4883
2.28	75.4996	-57.0064	18.4932
2.3	71.5958	-53.0897	18.5061
2.32	69.3704	-50.8577	18.5127
2.34	70.7465	-52.2294	18.5171
2.36	73.9644	-55.4547	18.5097
2.38	75.8899	-57.3697	18.5202
2.4	75.4055	-56.8845	18.521
2.42	73.6054	-55.0836	18.5218
2.44	72.074	-53.5567	18.5173
2.46	72.8035	-54.2802	18.5233
2.48	75.9055	-57.3848	18.5207
2.5	77.6914	-59.171	18.5204
2.52	76.9475	-58.4153	18.5322
2.54	74.7379	-56.2049	18.533
2.56	72.48	-53.9471	18.533
2.58	71.0637	-52.5297	18.5341
2.6	72.2696	-53.7258	18.5438
2.62	74.5551	-56.0237	18.5314
2.64	75.4369	-56.9042	18.5327
2.66	75.9052	-57.372	18.5332
2.68	76.5596	-58.0321	18.5275
2.7	77.0152	-58.4884	18.5269
2.72	76.3461	-57.8254	18.5207
2.74	73.8161	-55.3065	18.5095
2.76	70.7338	-52.2142	18.5196
2.78	72.6082	-54.0862	18.5219
2.8	76.2011	-57.6919	18.5093
2.82	77.6238	-59.1082	18.5156
2.84	77.2834	-58.7567	18.5267
2.86	75.6058	-57.079	18.5268
2.88	73.1422	-54.6159	18.5263
2.9	69.9438	-51.4278	18.516
2.92	68.1801	-49.6516	18.5286
2.94	69.5244	-50.9929	18.5316
2.96	71.1097	-52.5935	18.5162
2.98	72.918	-54.4191	18.4988
3	73.6183	-55.1195	18.4988
3.02	72.9676	-54.4782	18.4893
3.04	72.6967	-54.2123	18.4844
3.06	73.4391	-54.9552	18.4838
3.08	74.3256	-55.8471	18.4785
3.1	75.1307	-56.6357	18.495
3.12	75.8607	-57.366	18.4947
3.14	76.058	-57.5641	18.4939
3.16	74.7871	-56.3154	18.4717
3.18	72.7605	-54.2968	18.4637
3.2	73.3725	-54.9164	18.4561
3.22	74.5907	-56.1295	18.4612
3.24	75.0107	-56.5376	18.4731
3.26	75.4886	-56.9989	18.4897
3.28	76.2161	-57.7321	18.4841
3.3	76.856	-58.3887	18.4673
3.32	76.9865	-58.5139	18.4726
3.34	76.3907	-57.9182	18.4725
3.36	75.1655	-56.6981	18.4674
3.38	74.1218	-55.6649	18.457
3.4	74.3743	-55.895	18.4792
3.42	76.3753	-57.908	18.4673
3.44	78.6147	-60.1484	18.4663
3.46	79.4428	-60.9927	18.4501
3.48	78.8518	-60.4401	18.4117
3.5	76.8557	-58.428	18.4277
3.52	73.7334	-55.309	18.4243
3.54	73.0154	-54.6008	18.4146
3.56	75.9978	-57.592	18.4057
3.58	78.3402	-59.9347	18.4056
3.6	78.6503	-60.2609	18.3894
3.62	77.3305	-58.9346	18.3959
3.64	75.8854	-57.4884	18.397
3.66	75.865	-57.4517	18.4133
3.68	77.1289	-58.727	18.4019
3.7	78.8814	-60.4854	18.396
3.72	80.2519	-61.8451	18.4068
3.74	80.829	-62.4219	18.4071
3.76	80.8155	-62.3863	18.4292
3.78	80.4933	-62.053	18.4402
3.8	79.9345	-61.5054	18.4291
3.82	79.0513	-60.6168	18.4345
3.84	77.9865	-59.557	18.4296
3.86	77.6932	-59.2524	18.4408
3.88	78.5083	-60.0685	18.4398
3.9	79.2579	-60.8344	18.4235
3.92	80.0284	-61.5934	18.435
3.94	81.3156	-62.8758	18.4398
3.96	82.2547	-63.8098	18.4448
3.98	82.3423	-63.8915	18.4508
4	82.1515	-63.7004	18.4511
4.02	82.2871	-63.8413	18.4457
4.04	82.9762	-64.542	18.4342
4.06	83.48	-65.0524	18.4275
4.08	82.4067	-63.9684	18.4383
4.1	80.179	-61.733	18.446
4.12	79.7528	-61.291	18.4618
4.14	80.8714	-62.4265	18.4449
4.16	82.3812	-63.9419	18.4393
4.18	83.7475	-65.3031	18.4445
4.2	84.2917	-65.8472	18.4445
4.22	84.0417	-65.5962	18.4455
4.24	84.2315	-65.7854	18.4461
4.26	85.5883	-67.1432	18.4451
4.28	86.6933	-68.244	18.4493
4.3	85.8502	-67.3955	18.4547
4.32	83.4848	-65.0442	18.4406
4.34	82.7139	-64.2846	18.4293
4.36	83.3913	-64.9473	18.444
4.38	83.1621	-64.7017	18.4603
4.4	81.5786	-63.1181	18.4605
4.42	79.2937	-60.8266	18.4671
4.44	78.0026	-59.5301	18.4726
4.46	77.9124	-59.446	18.4664
4.48	78.2284	-59.7557	18.4727
4.5	79.6758	-61.2137	18.4621
4.52	82.1936	-63.7331	18.4605
4.54	83.3381	-64.8834	18.4547
4.56	82.2331	-63.7609	18.4722
4.58	80.4012	-61.9225	18.4787
4.6	79.1696	-60.6916	18.478
4.62	77.8185	-59.3413	18.4772
4.64	75.6405	-57.1791	18.4614
4.66	73.9815	-55.5133	18.4682
4.68	74.7354	-56.2682	18.4671
4.7	76.3342	-57.8521	18.482
4.72	76.2616	-57.7957	18.4659
4.74	75.1953	-56.7375	18.4578
4.76	76.3799	-57.9236	18.4563
4.78	78.2009	-59.7457	18.4553
4.8	78.3977	-59.9361	18.4615
4.82	77.4785	-59.0112	18.4673
4.84	75.9709	-57.5145	18.4564
4.86	74.1483	-55.6809	18.4673
4.88	72.3143	-53.8519	18.4623
4.9	71.5087	-53.0465	18.4622
4.92	71.5153	-53.0444	18.4709
4.94	70.802	-52.3444	18.4575
4.96	72.0441	-53.5894	18.4546
4.98	72.3141	-53.8752	18.4389
5	71.466	-53.0084	18.4576
5.02	72.097	-53.6346	18.4624
5.04	73.4531	-54.9861	18.467
5.06	74.117	-55.6552	18.4618
5.08	74.1421	-55.6636	18.4785
5.1	73.8781	-55.4109	18.4672
5.12	73.0249	-54.558	18.4669
5.14	71.5292	-53.067	18.4622
5.16	70.6891	-52.2427	18.4464
5.18	71.5176	-53.0772	18.4403
5.2	73.228	-54.7893	18.4387
5.22	73.8322	-55.3822	18.4501
5.24	73.8887	-55.4374	18.4513
5.26	74.6364	-56.1809	18.4554
5.28	74.6408	-56.1902	18.4505
5.3	74.2229	-55.7661	18.4569
5.32	74.4504	-55.9879	18.4624
5.34	75.3862	-56.919	18.4672
5.36	76.068	-57.6014	18.4666
5.38	75.8184	-57.3512	18.4672
5.4	75.6814	-57.2182	18.4632
5.42	77.3834	-58.9321	18.4513
5.44	79.719	-61.2742	18.4448
5.46	81.0552	-62.6048	18.4504
5.48	81.2905	-62.8401	18.4504
5.5	80.5159	-62.0768	18.4391
5.52	78.7508	-60.3118	18.439
5.54	76.4483	-58.0197	18.4286
5.56	74.9719	-56.5421	18.4298
5.58	76.0174	-57.6046	18.4128
5.6	78.7256	-60.3361	18.3895
5.62	80.8243	-62.441	18.3834
5.64	81.0336	-62.6503	18.3833
5.66	79.6056	-61.2263	18.3793
5.68	78.7054	-60.3215	18.3838
5.7	77.6612	-59.2839	18.3773
5.72	75.9414	-57.55	18.3914
5.74	76.7786	-58.3946	18.384
5.76	78.0568	-59.668	18.3888
5.78	78.2901	-59.8992	18.391
5.8	79.6085	-61.2229	18.3856
5.82	82.057	-63.6834	18.3736
5.84	83.9134	-65.5674	18.346
5.86	84.6283	-66.2712	18.3571
5.88	84.4346	-66.0777	18.3569
5.9	83.3115	-64.9495	18.362
5.92	81.5683	-63.2099	18.3584
5.94	81.9781	-63.6145	18.3636
5.96	84.3127	-65.9511	18.3616
5.98	85.7786	-67.4162	18.3623
6	86.7015	-68.3334	18.3681
6.02	87.3011	-68.9294	18.3717
6.04	85.6572	-67.275	18.3822
6.06	82.5122	-64.132	18.3802
6.08	82.3495	-63.97	18.3795
6.1	84.7982	-66.4148	18.3834
6.12	86.669	-68.2924	18.3766
6.14	85.6886	-67.3219	18.3667
6.16	83.0011	-64.6171	18.3839
6.18	80.1132	-61.729	18.3843
6.2	78.0815	-59.6968	18.3847
6.22	77.9029	-59.5186	18.3843
6.24	78.9449	-60.5779	18.3669
6.26	80.0837	-61.7041	18.3796
6.28	82.495	-64.0997	18.3953
6.3	84.9426	-66.537	18.4055
6.32	85.8861	-67.4744	18.4117
6.34	85.7313	-67.3246	18.4067
6.36	85.0093	-66.6082	18.4011
6.38	83.7524	-65.3561	18.3963
6.4	82.799	-64.4079	18.3911
6.42	82.4078	-64.0182	18.3896
6.44	80.8669	-62.4944	18.3725
6.46	77.9279	-59.5585	18.3694
6.48	76.8754	-58.4949	18.3805
6.5	78.0608	-59.6931	18.3677
6.52	79.1057	-60.7483	18.3574
6.54	80.0371	-61.6691	18.368
6.56	80.2858	-61.9068	18.379
6.58	79.793	-61.4076	18.3855
6.6	79.6537	-61.2684	18.3853
6.62	79.8047	-61.4363	18.3684
6.64	79.4877	-61.1361	18.3517
6.66	78.399	-60.047	18.352
6.68	77.1651	-58.8181	18.347
6.7	76.4976	-58.1565	18.3411
6.72	76.1891	-57.8421	18.3469
6.74	76.6403	-58.2931	18.3472
6.76	77.9174	-59.5768	18.3406
6.78	78.5132	-60.1846	18.3286
6.8	77.4206	-59.0898	18.3308
6.82	78.1726	-59.8463	18.3263
6.84	81.6377	-63.3038	18.3339
6.86	83.3445	-65.0039	18.3406
6.88	83.653	-65.3116	18.3414
6.9	83.5674	-65.2314	18.3359
6.92	83.197	-64.8446	18.3524
6.94	82.622	-64.2695	18.3525
6.96	82.0043	-63.6627	18.3416
6.98	81.5516	-63.2262	18.3254
7	81.6523	-63.3272	18.3251
7.02	82.0262	-63.7017	18.3245
7.04	81.9188	-63.578	18.3408
7.06	81.3516	-63.0042	18.3473
7.08	82.002	-63.6322	18.3698
7.1	84.2225	-65.8437	18.3788
7.12	85.4509	-67.0666	18.3843
7.14	85.15	-66.7595	18.3905
7.16	84.1378	-65.7357	18.4021
7.18	83.3353	-64.9386	18.3968
7.2	83.0116	-64.6156	18.396
7.22	82.3058	-63.9158	18.3899
7.24	80.9389	-62.5367	18.4023
7.26	80.8781	-62.4594	18.4187
7.28	82.2597	-63.8428	18.4169
7.3	82.9215	-64.5096	18.4119
7.32	83.2317	-64.8522	18.3795
7.34	83.7297	-65.3456	18.3841
7.36	83.2893	-64.9053	18.384
7.38	82.2083	-63.8388	18.3695
7.4	82.5631	-64.2	18.3631
7.42	83.386	-65.0124	18.3736
7.44	83.7111	-65.3427	18.3684
7.46	83.7155	-65.3584	18.3571
7.48	83.0191	-64.6626	18.3565
7.5	81.2922	-62.9238	18.3684
7.52	80.3581	-61.9884	18.3698
7.54	81.801	-63.4395	18.3615
7.56	82.2684	-63.9079	18.3604
7.58	79.9466	-61.5849	18.3617
7.6	76.8755	-58.4893	18.3862
7.62	76.5435	-58.1802	18.3633
7.64	78.0507	-59.6996	18.3511
7.66	79.4035	-61.0624	18.3411
7.68	81.1174	-62.771	18.3464
7.7	82.8633	-64.5171	18.3462
7.72	84.0975	-65.7565	18.341
7.74	84.9027	-66.5615	18.3412
7.76	85.4226	-67.0705	18.3521
7.78	85.5207	-67.1797	18.341
7.8	85.0497	-66.7088	18.3408
7.82	84.0654	-65.7301	18.3353
7.84	82.7922	-64.4683	18.3239
7.86	81.4906	-63.1651	18.3255
7.88	82.6544	-64.3289	18.3255
7.9	85.764	-67.4306	18.3333
7.92	86.5787	-68.2447	18.334
7.94	85.0893	-66.7432	18.3462
7.96	82.9606	-64.619	18.3416
7.98	81.8085	-63.4721	18.3364
8	82.4242	-64.0821	18.3421
8.02	84.8472	-66.4953	18.3519
8.04	87.2639	-68.9134	18.3505
8.06	87.5511	-69.1896	18.3615
8.08	85.6926	-67.3407	18.3519
8.1	83.683	-65.3412	18.3418
8.12	83.1034	-64.7559	18.3475
8.14	84.1191	-65.7616	18.3575
8.16	85.1999	-66.8548	18.3451
8.18	84.3408	-66.0014	18.3394
8.2	81.5322	-63.1968	18.3353
8.22	79.0651	-60.7289	18.3362
8.24	78.5378	-60.1966	18.3412
8.26	79.5125	-61.1659	18.3466
8.28	81.5206	-63.1636	18.357
8.3	83.5076	-65.1399	18.3677
8.32	84.8508	-66.4877	18.3631
8.34	86.0974	-67.7181	18.3792
8.36	86.7416	-68.3794	18.3622
8.38	85.8546	-67.5036	18.351
8.4	83.273	-64.9488	18.3242
8.42	80.4029	-62.0714	18.3315
8.44	80.1621	-61.8303	18.3318
8.46	82.9712	-64.6311	18.3401
8.48	85.3877	-67.0592	18.3285
8.5	85.893	-67.5746	18.3184
8.52	85.1945	-66.8762	18.3183
8.54	83.6994	-65.3908	18.3085
8.56	82.8627	-64.5486	18.3141
8.58	82.9037	-64.5954	18.3082
8.6	83.1211	-64.802	18.3191
8.62	83.0911	-64.7721	18.3191
8.64	82.6236	-64.3099	18.3138
8.66	81.9747	-63.6332	18.3415
8.68	81.4658	-63.1246	18.3412
8.7	80.8091	-62.4843	18.3248
8.72	80.0373	-61.7177	18.3196
8.74	79.5378	-61.2179	18.3199
8.76	79.8284	-61.4973	18.3311
8.78	81.16	-62.8512	18.3088
8.8	82.909	-64.6007	18.3083
8.82	84.2471	-65.928	18.3191
8.84	84.6794	-66.3497	18.3297
8.86	83.775	-65.4293	18.3457
8.88	81.578	-63.2417	18.3363
8.9	80.5187	-62.1983	18.3204
8.92	81.4746	-63.1499	18.3247
8.94	82.8436	-64.5136	18.33
8.96	83.9271	-65.5703	18.3569
8.98	84.0173	-65.6436	18.3738
9	83.7871	-65.4404	18.3466
9.02	83.6992	-65.3751	18.324
9.04	83.0743	-64.7508	18.3235
9.06	81.1333	-62.8225	18.3108
9.08	76.4434	-58.1202	18.3233
9.1	74.176	-55.8472	18.3288
9.12	79.3574	-61.0365	18.3209
9.14	82.6279	-64.2884	18.3395
9.16	83.8987	-65.5637	18.335
9.18	84.1772	-65.8478	18.3294
9.2	83.4019	-65.0777	18.3242
9.22	81.9518	-63.6229	18.329
9.24	79.6491	-61.3186	18.3305
9.26	79.5743	-61.2369	18.3373
9.28	82.6497	-64.3162	18.3335
9.3	83.7123	-65.3837	18.3286
9.32	82.2641	-63.9261	18.338
9.34	77.423	-59.0771	18.3459
9.36	75.958	-57.5989	18.3591
9.38	79.8579	-61.5201	18.3377
9.4	81.2105	-62.8864	18.3241
9.42	81.8689	-63.5556	18.3133
9.44	82.032	-63.73	18.302
9.46	81.1408	-62.8454	18.2954
9.48	78.8236	-60.5199	18.3037
9.5	79.2089	-60.9165	18.2925
9.52	82.065	-63.7642	18.3009
9.54	83.2529	-64.9509	18.302
9.56	83.257	-64.9488	18.3081
9.58	82.9803	-64.6499	18.3304
9.6	82.9363	-64.6168	18.3195
9.62	83.365	-65.0509	18.3141
9.64	84.3653	-66.0569	18.3084
9.66	85.7321	-67.4182	18.3139
9.68	87.2341	-68.9147	18.3193
9.7	88.6728	-70.359	18.3138
9.72	89.8518	-71.538	18.3138
9.74	90.5829	-72.2696	18.3133
9.76	90.2055	-71.9094	18.2961
9.78	88.0412	-69.7505	18.2907
9.8	85.2076	-66.9143	18.2933
9.82	85.3946	-67.0751	18.3196
9.84	87.5111	-69.1826	18.3284
9.86	88.6538	-70.324	18.3298
9.88	89.9123	-71.5714	18.3409
9.9	91.5144	-73.1571	18.3573
9.92	93.0765	-74.7412	18.3353
9.94	94.1568	-75.833	18.3238
9.96	93.9591	-75.6521	18.307
9.98	92.3297	-74.011	18.3187
10	90.7937	-72.491	18.3026
10.02	89.9419	-71.6512	18.2907
10.04	89.1121	-70.82	18.2921
10.06	89.473	-71.1819	18.2911
10.08	89.7774	-71.4973	18.28
10.1	89.524	-71.2547	18.2693
10.12	88.9282	-70.6537	18.2745
10.14	87.7992	-69.5138	18.2854
10.16	86.6656	-68.3896	18.276
10.18	87.1974	-68.9126	18.2848
10.2	87.2489	-68.9801	18.2688
10.22	86.5699	-68.3056	18.2643
10.24	86.4038	-68.1391	18.2647
10.26	87.1693	-68.9101	18.2592
10.28	88.528	-70.2693	18.2588
10.3	89.7658	-71.507	18.2588
10.32	90.6947	-72.4466	18.2481
10.34	91.5539	-73.2895	18.2645
10.36	92.1856	-73.9382	18.2474
10.38	91.84	-73.5984	18.2416
10.4	90.268	-72.0369	18.2311
10.42	88.4092	-70.1718	18.2374
10.44	87.7287	-69.5079	18.2208
10.46	88.144	-69.9191	18.2249
10.48	88.0821	-69.862	18.2201
10.5	88.2355	-70.0197	18.2159
10.52	90.013	-71.8035	18.2095
10.54	92.1626	-73.938	18.2246
10.56	92.6226	-74.3979	18.2247
10.58	91.4945	-73.2577	18.2368
10.6	90.2797	-72.0329	18.2468
10.62	88.6355	-70.3929	18.2425
10.64	88.7632	-70.5244	18.2388
10.66	92.1697	-73.923	18.2467
10.68	94.7144	-76.4676	18.2468
10.7	95.4153	-77.1788	18.2365
10.72	94.8006	-76.5752	18.2255
10.74	92.8741	-74.6709	18.2031
10.76	89.738	-71.5333	18.2047
10.78	88.2084	-70.0073	18.2011
10.8	90.4466	-72.2429	18.2037
10.82	92.93	-74.7432	18.1868
10.84	94.0552	-75.8623	18.1929
10.86	94.1893	-75.9854	18.2039
10.88	93.5452	-75.3466	18.1985
10.9	92.5569	-74.3251	18.2319
10.92	92.0229	-73.7912	18.2317
10.94	92.0113	-73.7851	18.2262
10.96	92.429	-74.2031	18.2259
10.98	92.7935	-74.5685	18.225
11	91.9068	-73.6654	18.2414
11.02	90.0588	-71.8156	18.2431
11.04	89.438	-71.1953	18.2426
11.06	89.7879	-71.5524	18.2356
11.08	88.9123	-70.6616	18.2508
11.1	85.7374	-67.5012	18.2361
11.12	83.848	-65.6084	18.2396
11.14	87.3772	-69.1374	18.2398
11.16	90.1735	-71.9277	18.2457
11.18	90.9022	-72.6552	18.247
11.2	91.0235	-72.766	18.2575
11.22	90.0556	-71.7853	18.2702
11.24	89.7431	-71.4788	18.2643
11.26	89.6312	-71.3512	18.28
11.28	88.8226	-70.5416	18.2809
11.3	88.3954	-70.1141	18.2813
11.32	88.9323	-70.6519	18.2804
11.34	88.9081	-70.6302	18.2779
11.36	85.4657	-67.1834	18.2822
11.38	80.5131	-62.2211	18.2919
11.4	84.58	-66.3132	18.2668
11.42	89.0567	-70.7896	18.2671
11.44	90.1134	-71.8221	18.2913
11.46	89.8891	-71.6192	18.2699
11.48	89.0966	-70.832	18.2646
11.5	88.138	-69.851	18.287
11.52	87.6464	-69.3592	18.2872
11.54	87.9108	-69.6293	18.2815
11.56	88.6093	-70.3446	18.2647
11.58	89.1714	-70.8906	18.2808
11.6	89.1527	-70.8611	18.2916
11.62	88.2389	-69.9589	18.28
11.64	85.8263	-67.5636	18.2628
11.66	81.8365	-63.5718	18.2647
11.68	80.2088	-61.9416	18.2672
11.7	83.6455	-65.383	18.2625
11.72	86.518	-68.266	18.2519
11.74	87.6004	-69.3416	18.2588
11.76	88.165	-69.9006	18.2644
11.78	88.3017	-70.0428	18.2589
11.8	87.9151	-69.6343	18.2809
11.82	87.1115	-68.8309	18.2806
11.84	85.7279	-67.442	18.2859
11.86	84.0271	-65.724	18.3031
11.88	83.3125	-65.0039	18.3087
11.9	83.8688	-65.5558	18.313
11.92	84.1171	-65.799	18.3182
11.94	83.3093	-64.9852	18.3241
11.96	81.9407	-63.6225	18.3182
11.98	79.8334	-61.499	18.3345
12	78.2355	-59.8811	18.3544
12.02	80.7056	-62.3495	18.3561
12.04	83.0554	-64.7053	18.3501
12.06	82.9886	-64.6597	18.3288
12.08	81.3318	-62.9915	18.3403
12.1	79.2463	-60.9171	18.3292
12.12	78.6735	-60.3417	18.3318
12.14	81.5201	-63.1822	18.3378
12.16	82.471	-64.1309	18.3401
12.18	82.4419	-64.1121	18.3298
12.2	82.5464	-64.2329	18.3135
12.22	82.9629	-64.6272	18.3357
12.24	83.7873	-65.4244	18.3629
12.26	84.5693	-66.201	18.3683
12.28	84.8866	-66.5187	18.3679
12.3	84.1397	-65.7831	18.3565
12.32	82.0838	-63.7207	18.3631
12.34	80.3358	-61.9607	18.3751
12.36	80.3075	-61.939	18.3685
12.38	80.9316	-62.5808	18.3508
12.4	80.7201	-62.3582	18.3619
12.42	81.1047	-62.7511	18.3536
12.44	84.0697	-65.7199	18.3498
12.46	85.0618	-66.7215	18.3403
12.48	84.3742	-66.033	18.3412
12.5	83.1237	-64.7885	18.3352
12.52	81.031	-62.7178	18.3131
12.54	78.6293	-60.3096	18.3196
12.56	78.0119	-59.6857	18.3262
12.58	80.3857	-62.0511	18.3346
12.6	82.4257	-64.0871	18.3386
12.62	81.464	-63.1471	18.3169
12.64	79.1496	-60.811	18.3386
12.66	81.2842	-62.9333	18.351
12.68	83.8292	-65.4787	18.3505
12.7	84.1961	-65.8391	18.357
12.72	83.1737	-64.822	18.3518
12.74	81.2606	-62.9031	18.3575
12.76	79.163	-60.8102	18.3528
12.78	78.3379	-59.9847	18.3532
12.8	79.1997	-60.8531	18.3466
12.82	80.2663	-61.9305	18.3358
12.84	81.2075	-62.8824	18.3251
12.86	82.1096	-63.7849	18.3247
12.88	82.3819	-64.0466	18.3352
12.9	81.449	-63.1134	18.3357
12.92	80.0062	-61.6748	18.3314
12.94	79.8309	-61.4936	18.3374
12.96	81.4521	-63.1103	18.3418
12.98	83.4091	-65.068	18.341
13	84.414	-66.0843	18.3297
13.02	83.8431	-65.5197	18.3234
13.04	81.2011	-62.8712	18.33
13.06	78.946	-60.6031	18.3429
13.08	79.6511	-61.3042	18.3469
13.1	81.6278	-63.2702	18.3576
13.12	83.6361	-65.2789	18.3572
13.14	84.6768	-66.3412	18.3356
13.16	84.897	-66.5555	18.3415
13.18	84.8269	-66.4909	18.336
13.2	84.4728	-66.1591	18.3137
13.22	83.6299	-65.3375	18.2924
13.24	83.1939	-64.8957	18.2982
13.26	83.688	-65.3903	18.2977
13.28	84.5332	-66.2356	18.2976
13.3	85.4535	-67.1669	18.2866
13.32	86.3081	-68.0385	18.2697
13.34	86.308	-68.0232	18.2848
13.36	84.0078	-65.7069	18.3009
13.38	81.067	-62.7617	18.3053
13.4	82.6141	-64.3118	18.3022
13.42	85.6129	-67.3003	18.3127
13.44	87.6865	-69.3684	18.3181
13.46	88.1716	-69.8365	18.3352
13.48	87.4441	-69.1148	18.3292
13.5	85.2848	-66.9606	18.3242
13.52	83.11	-64.7724	18.3375
13.54	83.8115	-65.4869	18.3246
13.56	85.3595	-67.036	18.3235
13.58	85.683	-67.3481	18.3349
13.6	85.0482	-66.7129	18.3353
13.62	83.9483	-65.6132	18.335
13.64	82.3322	-63.9916	18.3407
13.66	80.8835	-62.5529	18.3305
13.68	80.8681	-62.5271	18.341
13.7	81.6003	-63.2602	18.3401
13.72	81.6408	-63.3224	18.3185
13.74	81.0705	-62.7458	18.3247
13.76	80.8857	-62.555	18.3307
13.78	81.6451	-63.315	18.3301
13.8	82.5364	-64.2006	18.3358
13.82	83.4892	-65.1531	18.336
13.84	84.6126	-66.2877	18.3249
13.86	85.4527	-67.1389	18.3138
13.88	85.6841	-67.3647	18.3194
13.9	85.4477	-67.1281	18.3196
13.92	84.9548	-66.6135	18.3413
13.94	84.0304	-65.684	18.3464
13.96	82.6491	-64.3077	18.3414
13.98	81.7175	-63.3866	18.3309
14	81.8916	-63.5614	18.3301
14.02	82.3655	-64.0414	18.3241
14.04	82.4354	-64.1111	18.3243
14.06	82.3268	-63.991	18.3359
14.08	82.8636	-64.5387	18.3249
14.1	84.0953	-65.7708	18.3245
14.12	85.4118	-67.0706	18.3411
14.14	86.6453	-68.3099	18.3353
14.16	87.2295	-68.9054	18.3241
14.18	86.6027	-68.2896	18.313
14.2	84.6787	-66.36	18.3186
14.22	81.9535	-63.6339	18.3195
14.24	80.2403	-61.9362	18.3041
14.26	81.1223	-62.8192	18.3031
14.28	83.4309	-65.1512	18.2796
14.3	84.8779	-66.5932	18.2846
14.32	84.4731	-66.1832	18.2899
14.34	82.3656	-64.0694	18.2962
14.36	80.3763	-62.0844	18.2919
14.38	80.8126	-62.5151	18.2975
14.4	83.5949	-65.315	18.2799
14.42	86.4387	-68.1645	18.2742
14.44	88.0927	-69.8075	18.2852
14.46	88.345	-70.0587	18.2863
14.48	88.715	-70.4389	18.2761
14.5	89.966	-71.6966	18.2694
14.52	90.5814	-72.3175	18.2639
14.54	90.3013	-72.0367	18.2646
14.56	89.9701	-71.7215	18.2486
14.58	90.3086	-72.0548	18.2539
14.6	91.1777	-72.9354	18.2424
14.62	92.0755	-73.8442	18.2313
14.64	92.868	-74.6204	18.2476
14.66	93.3911	-75.1493	18.2419
14.68	93.1515	-74.8999	18.2517
14.7	91.2321	-72.996	18.2361
14.72	89.4571	-71.2304	18.2267
14.74	89.95	-71.7243	18.2257
14.76	91.48	-73.2548	18.2252
14.78	92.7121	-74.4987	18.2134
14.8	92.4481	-74.2401	18.2081
14.82	91.0089	-72.8102	18.1986
14.84	90.4386	-72.2449	18.1937
14.86	91.5408	-73.3422	18.1986
14.88	93.3796	-75.1594	18.2203
14.9	95.235	-77.0147	18.2203
14.92	96.7144	-78.5051	18.2093
14.94	97.4082	-79.1991	18.2091
14.96	97.0287	-78.8249	18.2038
14.98	95.9217	-77.7173	18.2044
15	95.0956	-76.8965	18.1991
15.02	94.8908	-76.6762	18.2145
15.04	94.2995	-76.0743	18.2252
15.06	93.3198	-75.0997	18.2201
15.08	92.4857	-74.2563	18.2294
15.1	90.5815	-72.3516	18.2298
15.12	88.5302	-70.3151	18.2151
15.14	88.7949	-70.6021	18.1928
15.16	90.6574	-72.4669	18.1904
15.18	90.8294	-72.6438	18.1856
15.2	90.1267	-71.9224	18.2043
15.22	91.1107	-72.9078	18.2029
15.24	92.7052	-74.4906	18.2146
15.26	94.7966	-76.5782	18.2185
15.28	95.3098	-77.0806	18.2292
15.3	93.6367	-75.3892	18.2475
15.32	91.8836	-73.6359	18.2477
15.34	90.6938	-72.4401	18.2536
15.36	90.4827	-72.2349	18.2479
15.38	90.623	-72.3764	18.2465
15.4	89.6847	-71.4319	18.2528
15.42	88.7106	-70.4581	18.2525
15.44	87.6445	-69.3876	18.2569
15.46	85.4289	-67.1827	18.2462
15.48	83.2739	-65.0301	18.2438
15.5	84.6422	-66.4062	18.236
15.52	86.7804	-68.5131	18.2673
15.54	86.6714	-68.4131	18.2583
15.56	86.1	-67.8411	18.2588
15.58	85.6981	-67.4293	18.2688
15.6	84.1769	-65.9076	18.2692
15.62	82.272	-63.9847	18.2873
15.64	82.1446	-63.8523	18.2923
15.66	83.1083	-64.8287	18.2797
15.68	82.9275	-64.6529	18.2746
15.7	81.9382	-63.657	18.2811
15.72	81.7249	-63.4319	18.293
15.74	83.2658	-64.963	18.3028
15.76	84.9549	-66.6419	18.313
15.78	85.3182	-66.9882	18.33
15.8	84.6421	-66.3446	18.2974
15.82	83.4382	-65.1515	18.2868
15.84	82.2541	-63.9725	18.2816
15.86	81.6446	-63.3741	18.2705
15.88	81.5479	-63.2503	18.2975
15.9	81.4823	-63.2014	18.2809
15.92	81.1843	-62.9089	18.2754
15.94	80.6478	-62.3561	18.2917
15.96	79.7679	-61.4761	18.2918
15.98	78.8197	-60.5324	18.2872
16	79.1087	-60.8103	18.2984
16.02	80.8418	-62.5224	18.3194
16.04	82.4989	-64.1635	18.3353
16.06	83.1266	-64.7692	18.3574
16.08	82.6791	-64.3217	18.3574
16.1	81.329	-62.9603	18.3687
16.12	79.852	-61.4821	18.3699
16.14	79.9233	-61.5591	18.3642
16.16	81.3645	-63.007	18.3576
16.18	82.414	-64.0896	18.3244
16.2	82.4346	-64.1045	18.3301
16.22	81.6856	-63.3387	18.3469
16.24	80.7261	-62.3789	18.3471
16.26	79.9943	-61.6418	18.3525
16.28	79.5327	-61.1803	18.3524
16.3	79.3679	-61.0099	18.3579
16.32	79.6659	-61.3081	18.3578
16.34	80.3393	-61.982	18.3573
16.36	80.6579	-62.3176	18.3402
16.38	80.0297	-61.6777	18.352
16.4	79.5835	-61.2197	18.3638
16.42	80.4312	-62.0735	18.3577
16.44	81.8382	-63.4645	18.3737
16.46	82.9856	-64.6227	18.3628
16.48	83.7484	-65.3803	18.3681
16.5	83.8557	-65.482	18.3737
16.52	83.6288	-65.2487	18.3801
16.54	84.2095	-65.835	18.3745
16.56	85.5	-67.1265	18.3735
16.58	86.4195	-68.0619	18.3576
16.6	87.3141	-68.9513	18.3628
16.62	87.9085	-69.5463	18.3621
16.64	87.2856	-68.9234	18.3621
16.66	85.9133	-67.5657	18.3476
16.68	85.9946	-67.6482	18.3463
16.7	86.2269	-67.8715	18.3555
16.72	84.4212	-66.0705	18.3506
16.74	81.9159	-63.5749	18.3411
16.76	81.2812	-62.9401	18.3411
16.78	82.5272	-64.1993	18.3279
16.8	82.8314	-64.509	18.3224
16.82	81.8563	-63.5213	18.335
16.84	81.682	-63.3567	18.3253
16.86	83.7639	-65.4501	18.3138
16.88	86.8691	-68.5566	18.3125
16.9	88.6812	-70.385	18.2963
16.92	88.7802	-70.4832	18.2971
16.94	87.9902	-69.6926	18.2976
16.96	87.0366	-68.7333	18.3033
16.98	86.3306	-68.0491	18.2815
17	86.211	-67.9295	18.2815
17.02	86.6503	-68.3528	18.2974
17.04	87.1039	-68.8068	18.2971
17.06	87.1345	-68.8431	18.2914
17.08	86.5893	-68.2981	18.2912
17.1	85.5066	-67.2102	18.2964
17.12	84.01	-65.7185	18.2915
17.14	83.4739	-65.1818	18.2921
17.16	84.4502	-66.1667	18.2836
17.18	83.5962	-65.3173	18.2789
17.2	82.5647	-64.287	18.2777
17.22	85.8902	-67.5944	18.2958
17.24	88.9692	-70.6639	18.3053
17.26	88.5791	-70.2886	18.2905
17.28	86.5591	-68.2556	18.3035
17.3	85.7279	-67.4192	18.3087
17.32	86.2251	-67.9385	18.2867
17.34	87.5374	-69.2512	18.2863
17.36	88.8688	-70.5773	18.2915
17.38	89.5587	-71.256	18.3027
17.4	89.7673	-71.4699	18.2975
17.42	89.9918	-71.694	18.2978
17.44	90.5793	-72.2935	18.2859
17.46	90.4158	-72.1253	18.2905
17.48	88.4476	-70.1679	18.2797
17.5	85.2921	-67.0274	18.2647
17.52	83.7432	-65.455	18.2882
17.54	85.5952	-67.3374	18.2578
17.56	87.3766	-69.1031	18.2736
17.58	87.7142	-69.4285	18.2857
17.6	88.0481	-69.7621	18.2861
17.62	89.0655	-70.786	18.2795
17.64	89.4378	-71.1477	18.2901
17.66	88.6518	-70.3655	18.2863
17.68	88.5038	-70.2171	18.2868
17.7	89.5808	-71.2892	18.2916
17.72	90.7077	-72.4341	18.2736
17.74	89.7573	-71.49	18.2674
17.76	86.1624	-67.8765	18.2859
17.78	83.3961	-65.114	18.2821
17.8	83.7886	-65.52	18.2686
17.82	85.0402	-66.7929	18.2473
17.84	86.4015	-68.1663	18.2352
17.86	86.1387	-67.9189	18.2198
17.88	84.9536	-66.7275	18.2261
17.9	84.1115	-65.8957	18.2158
17.92	84.521	-66.3002	18.2208
17.94	85.4543	-67.2291	18.2252
17.96	85.3802	-67.1606	18.2196
17.98	84.0708	-65.8448	18.226
18	82.8289	-64.5962	18.2326
18.02	83.2408	-65.0085	18.2323
18.04	84.7826	-66.5569	18.2257
18.06	85.8879	-67.6729	18.215
18.08	86.458	-68.2371	18.2209
18.1	86.8958	-68.6695	18.2263
18.12	87.1368	-68.9272	18.2096
18.14	86.8736	-68.6696	18.204
18.16	85.9985	-67.7667	18.2318
18.18	85.1918	-66.9595	18.2323
18.2	85.1377	-66.8952	18.2426
18.22	85.1621	-66.9257	18.2364
18.24	84.7278	-66.4906	18.2372
18.26	85.2343	-67.0246	18.2097
18.28	86.6485	-68.4566	18.1919
18.3	87.225	-69.0226	18.2024
18.32	86.5773	-68.3838	18.1935
18.34	87.2333	-69.0339	18.1995
18.36	89.7124	-71.509	18.2034
18.38	91.5707	-73.3672	18.2036
18.4	92.4032	-74.194	18.2092
18.42	92.2438	-74.0295	18.2143
18.44	90.8164	-72.6241	18.1922
18.46	88.4122	-70.2242	18.1881
18.48	87.2742	-69.1012	18.173
18.5	89.1117	-70.9292	18.1825
18.52	91.9587	-73.7879	18.1707
18.54	94.1031	-75.9433	18.1598
18.56	95.166	-77.006	18.16
18.58	95.2684	-77.1083	18.1601
18.6	94.6035	-76.4433	18.1602
18.62	93.5554	-75.3954	18.16
18.64	92.2264	-74.0779	18.1485
18.66	90.8585	-72.725	18.1335
18.68	90.9973	-72.8611	18.1362
18.7	90.0702	-71.9342	18.1359
18.72	87.7144	-69.5993	18.1151
18.74	86.8972	-68.7632	18.1341
18.76	90.936	-72.7882	18.1478
18.78	95.8176	-77.673	18.1446
18.8	96.2059	-78.0648	18.1411
18.82	93.4001	-75.2634	18.1368
18.84	89.5952	-71.4515	18.1437
18.86	87.4915	-69.3465	18.145
18.88	88.6268	-70.4788	18.1479
18.9	90.0015	-71.8596	18.1419
18.92	90.3024	-72.1594	18.143
18.94	90.8633	-72.7195	18.1438
18.96	92.331	-74.1895	18.1415
18.98	92.0514	-73.92	18.1314
19	91.3011	-73.1781	18.123
19.02	92.5976	-74.4947	18.1029
19.04	91.8135	-73.6996	18.1139
19.06	89.4924	-71.3798	18.1127
19.08	90.1792	-72.0691	18.1101
19.1	91.2324	-73.129	18.1034
19.12	90.2053	-72.08	18.1254
19.14	87.765	-69.664	18.101
19.16	87.8407	-69.7347	18.106
19.18	90.1035	-71.9991	18.1044
19.2	91.797	-73.7038	18.0932
19.22	91.925	-73.8317	18.0933
19.24	90.8255	-72.736	18.0895
19.26	90.9119	-72.8163	18.0956
19.28	92.873	-74.7792	18.0938
19.3	94.3058	-76.2065	18.0992
19.32	94.5334	-76.4283	18.1051
19.34	93.8929	-75.793	18.0998
19.36	92.813	-74.7127	18.1003
19.38	91.9133	-73.8026	18.1107
19.4	90.7795	-72.6584	18.1212
19.42	89.2887	-71.1606	18.1281
19.44	89.2698	-71.1368	18.133
19.46	90.0407	-71.8979	18.1429
19.48	90.2657	-72.1268	18.1389
19.5	91.4781	-73.3613	18.1168
19.52	93.4861	-75.3704	18.1158
19.54	94.7164	-76.6063	18.1101
19.56	94.6733	-76.5572	18.1161
19.58	93.9499	-75.8333	18.1166
19.6	93.2101	-75.0992	18.1109
19.62	92.3509	-74.246	18.1049
19.64	90.9966	-72.8808	18.1158
19.66	89.7188	-71.5911	18.1277
19.68	89.8512	-71.7253	18.1259
19.7	89.7217	-71.6292	18.0926
19.72	88.8011	-70.6955	18.1055
19.74	89.6925	-71.5874	18.1052
19.76	91.6254	-73.5331	18.0923
19.78	91.9096	-73.816	18.0936
19.8	91.7676	-73.6894	18.0782
19.82	92.349	-74.2717	18.0772
19.84	92.2794	-74.1978	18.0816
19.86	90.0193	-71.9261	18.0932
19.88	87.0404	-68.9445	18.0959
19.9	86.6736	-68.5959	18.0777
19.92	87.3172	-69.2401	18.0772
19.94	87.8275	-69.7329	18.0946
19.96	89.1198	-71.0254	18.0944
19.98	90.9817	-72.8656	18.1162
20	92.9468	-74.8311	18.1157
20.02	94.0983	-75.9674	18.1309
20.04	93.0061	-74.8853	18.1208
20.06	91.4051	-73.2713	18.1338
20.08	91.7195	-73.5993	18.1202
20.1	91.0849	-72.9655	18.1194
20.12	88.5635	-70.4308	18.1327
20.14	87.4402	-69.3175	18.1227
20.16	89.071	-70.9399	18.1311
20.18	90.3128	-72.1983	18.1145
20.2	90.3723	-72.251	18.1213
20.22	90.6682	-72.5587	18.1096
20.24	90.4496	-72.3298	18.1198
20.26	88.9783	-70.8526	18.1258
20.28	87.4901	-69.3514	18.1387
20.3	88.3516	-70.2078	18.1437
20.32	90.7561	-72.6409	18.1152
20.34	92.2746	-74.1653	18.1093
20.36	91.8772	-73.7676	18.1096
20.38	89.7969	-71.6869	18.11
20.4	87.0021	-68.8965	18.1056
20.42	85.3458	-67.2289	18.1169
20.44	85.5561	-67.4458	18.1104
20.46	86.2564	-68.1527	18.1037
20.48	86.156	-68.0617	18.0942
20.5	87.483	-69.4061	18.077
20.52	89.0261	-70.9462	18.0799
20.54	87.9377	-69.8652	18.0725
20.56	87.9177	-69.8452	18.0725
20.58	89.2623	-71.1582	18.1041
20.6	89.8518	-71.7478	18.104
20.62	89.0615	-70.951	18.1105
20.64	87.9312	-69.8145	18.1168
20.66	87.5456	-69.423	18.1226
20.68	88.3551	-70.2215	18.1336
20.7	90.161	-72.0335	18.1275
20.72	91.857	-73.7408	18.1161
20.74	92.657	-74.5463	18.1106
20.76	92.3689	-74.2475	18.1214
20.78	90.8608	-72.7393	18.1215
20.8	88.7625	-70.6507	18.1118
20.82	87.9228	-69.8124	18.1104
20.84	86.8728	-68.7756	18.0971
20.86	83.4302	-65.3469	18.0834
20.88	81.8397	-63.7492	18.0906
20.9	84.2144	-66.1109	18.1035
20.92	85.9008	-67.7915	18.1093
20.94	86.2781	-68.1676	18.1105
20.96	86.5452	-68.4347	18.1105
20.98	86.6812	-68.5707	18.1105
21	86.3936	-68.2719	18.1216
21.02	85.8578	-67.7356	18.1222
21.04	85.7903	-67.6513	18.139
21.06	86.7024	-68.5693	18.1331
21.08	87.8145	-69.688	18.1265
21.1	87.5797	-69.4534	18.1263
21.12	85.8396	-67.7121	18.1276
21.14	84.5857	-66.4353	18.1504
21.16	85.2887	-67.1502	18.1386
21.18	86.8131	-68.6653	18.1478
21.2	86.6632	-68.5279	18.1353
21.22	83.4016	-65.2912	18.1104
21.24	81.3155	-63.2293	18.0862
21.26	84.0379	-65.9558	18.0821
21.28	86.5718	-68.5075	18.0643
21.3	86.1828	-68.1172	18.0656
21.32	84.5535	-66.4858	18.0677
21.34	84.543	-66.47	18.073
21.36	86.0757	-67.9927	18.083
21.38	87.645	-69.5679	18.0771
21.4	88.5218	-70.4392	18.0826
21.42	88.4643	-70.3665	18.0978
21.44	86.58	-68.4864	18.0936
21.46	85.4055	-67.3098	18.0957
21.48	87.2218	-69.1236	18.0982
21.5	88.608	-70.5207	18.0873
21.52	88.6002	-70.5022	18.098
21.54	87.5529	-69.4468	18.1061
21.56	88.6617	-70.5732	18.0885
21.58	90.774	-72.6813	18.0926
21.6	91.3645	-73.2822	18.0823
21.62	90.858	-72.7694	18.0886
21.64	90.2754	-72.1921	18.0833
21.66	90.0875	-71.9881	18.0995
21.68	90.0282	-71.9232	18.105
21.7	90.0758	-71.9708	18.105
21.72	90.038	-71.9279	18.1101
21.74	89.2896	-71.163	18.1266
21.76	87.8814	-69.7704	18.111
21.78	86.9134	-68.8127	18.1007
21.8	87.2623	-69.1564	18.1059
21.82	88.5145	-70.3931	18.1214
21.84	89.3105	-71.1847	18.1258
21.86	88.3545	-70.2284	18.1261
21.88	86.4749	-68.3525	18.1224
21.9	85.9438	-67.8218	18.1221
21.92	86.6322	-68.5273	18.1049
21.94	87.2641	-69.1596	18.1045
21.96	87.072	-68.9565	18.1155
21.98	86.2551	-68.1547	18.1004
22	86.4089	-68.3144	18.0945
22.02	87.1191	-69.0253	18.0938
22.04	87.2168	-69.0951	18.1217
22.06	86.9552	-68.8497	18.1055
22.08	86.6357	-68.5356	18.1001
22.1	86.4389	-68.3388	18.1002
22.12	86.4112	-68.3059	18.1053
22.14	86.2426	-68.1484	18.0941
22.16	85.8217	-67.7224	18.0993
22.18	84.853	-66.7711	18.082
22.2	82.822	-64.7329	18.089
22.22	82.5119	-64.4208	18.0911
22.24	85.895	-67.8184	18.0767
22.26	88.7017	-70.6303	18.0713
22.28	89.7839	-71.7231	18.0608
22.3	89.5282	-71.4617	18.0665
22.32	88.5757	-70.4967	18.079
22.34	89.0179	-70.9341	18.0838
22.36	89.9953	-71.8974	18.0979
22.38	88.6908	-70.5816	18.1093
22.4	85.9999	-67.8782	18.1216
22.42	84.2768	-66.1553	18.1215
22.44	83.9186	-65.7921	18.1265
22.46	84.2651	-66.1337	18.1314
22.48	84.7273	-66.6061	18.1212
22.5	86.2149	-68.1053	18.1096
22.52	88.1769	-70.0618	18.1151
22.54	89.7615	-71.6573	18.1042
22.56	90.4647	-72.3709	18.0938
22.58	90.5202	-72.41	18.1102
22.6	89.8654	-71.7557	18.1098
22.62	88.3038	-70.2039	18.0999
22.64	87.7461	-69.6507	18.0954
22.66	89.0279	-70.9289	18.099
22.68	89.7211	-71.6267	18.0944
22.7	90.1819	-72.0819	18.1
22.72	90.448	-72.3323	18.1157
22.74	89.7738	-71.6635	18.1103
22.76	88.5615	-70.4671	18.0944
22.78	87.7598	-69.6652	18.0946
22.8	87.9705	-69.8921	18.0784
22.82	89.3047	-71.2057	18.099
22.84	90.045	-71.9521	18.0929
22.86	89.1817	-71.1049	18.0769
22.88	87.6815	-69.5923	18.0892
22.9	87.7159	-69.6104	18.1055
22.92	88.7888	-70.6744	18.1144
22.94	88.4873	-70.3656	18.1218
22.96	88.6653	-70.5261	18.1392
22.98	90.5218	-72.384	18.1378
23	92.4022	-74.2643	18.1379
23.02	93.9009	-75.7518	18.1491
23.04	95.1146	-76.9662	18.1484
23.06	95.1711	-77.0237	18.1474
23.08	93.1997	-75.0629	18.1368
23.1	90.7665	-72.6327	18.1338
23.12	91.2125	-73.0748	18.1376
23.14	93.3089	-75.1941	18.1148
23.16	94.8438	-76.7356	18.1082
23.18	94.4787	-76.3791	18.0995
23.2	94.5597	-76.4488	18.1109
23.22	95.5325	-77.4067	18.1258
23.24	95.4672	-77.3087	18.1585
23.26	94.0651	-75.8894	18.1757
23.28	92.922	-74.7393	18.1827
23.3	94.1598	-75.9888	18.171
23.32	96.9146	-78.75	18.1645
23.34	99.1713	-81.019	18.1523
23.36	98.9061	-80.776	18.13
23.38	95.7076	-77.5815	18.1261
23.4	92.3209	-74.1935	18.1274
23.42	90.9583	-72.8319	18.1264
23.44	90.7912	-72.6761	18.1151
23.46	91.3762	-73.2655	18.1108
23.48	93.8636	-75.753	18.1107
23.5	97.6298	-79.5315	18.0983
23.52	100.132	-82.0176	18.1147
23.54	100.536	-82.4207	18.1156
23.56	99.711	-81.5945	18.1164
23.58	98.6194	-80.5087	18.1106
23.6	97.1075	-79.0134	18.0941
23.62	95.286	-77.1913	18.0947
23.64	93.959	-75.8588	18.1002
23.66	93.3459	-75.2567	18.0892
23.68	93.3101	-75.2323	18.0778
23.7	93.1749	-75.1194	18.0555
23.72	92.4288	-74.384	18.0449
23.74	91.511	-73.4602	18.0508
23.76	90.9887	-72.9439	18.0448
23.78	90.4936	-72.4323	18.0613
23.8	90.1249	-72.0418	18.0832
23.82	89.7217	-71.6361	18.0856
23.84	86.3277	-68.2352	18.0925
23.86	86.2349	-68.1337	18.1011
23.88	91.7239	-73.6171	18.1067
23.9	93.4916	-75.3811	18.1105
23.92	94.0885	-75.9614	18.1271
23.94	93.6375	-75.5171	18.1204
23.96	90.6774	-72.5579	18.1195
23.98	86.0651	-67.9289	18.1362
24	86.7372	-68.5987	18.1385
24.02	89.6028	-71.4775	18.1253
24.04	90.0494	-71.9127	18.1367
24.06	88.0336	-69.8962	18.1374
24.08	85.5177	-67.3719	18.1458
24.1	86.2371	-68.1199	18.1172
24.12	88.9007	-70.7686	18.1321
24.14	90.7812	-72.66	18.1212
24.16	91.4029	-73.276	18.1269
24.18	91.0086	-72.8816	18.1269
24.2	89.8133	-71.6705	18.1428
24.22	87.5235	-69.3917	18.1318
24.24	85.0638	-66.9248	18.139
24.26	84.963	-66.8248	18.1382
24.28	86.6353	-68.4713	18.1641
24.3	87.9278	-69.7583	18.1695
24.32	88.9211	-70.7339	18.1873
24.34	90.6841	-72.4917	18.1925
24.36	92.6729	-74.469	18.2039
24.38	94.6459	-76.4315	18.2143
24.4	95.5499	-77.33	18.2199
24.42	95.1784	-76.964	18.2144
24.44	93.5251	-75.3003	18.2248
24.46	90.5759	-72.3393	18.2366
24.48	88.7076	-70.4752	18.2324
24.5	89.6201	-71.3789	18.2412
24.52	90.3848	-72.1496	18.2352
24.54	89.6689	-71.4215	18.2474
24.56	88.6496	-70.4075	18.2421
24.58	87.8294	-69.577	18.2524
24.6	86.6468	-68.4108	18.236
24.62	85.6566	-67.4152	18.2414
24.64	84.9382	-66.7029	18.2353
24.66	84.4275	-66.1794	18.2481
24.68	85.7473	-67.484	18.2633
24.7	87.2844	-69.043	18.2414
24.72	88.134	-69.8813	18.2527
24.74	88.3658	-70.1071	18.2587
24.76	88.4773	-70.2295	18.2478
24.78	88.3316	-70.0848	18.2468
24.8	86.8131	-68.5663	18.2468
24.82	84.412	-66.1361	18.2759
24.84	83.3411	-65.0818	18.2592
24.86	83.629	-65.3644	18.2646
24.88	84.5832	-66.3193	18.2639
24.9	85.0145	-66.7508	18.2637
24.92	84.4221	-66.1525	18.2696
24.94	83.3088	-65.0385	18.2702
24.96	82.5259	-64.2608	18.2651
24.98	82.4637	-64.1988	18.2649
25	82.7851	-64.5369	18.2482
25.02	82.9597	-64.7171	18.2425
25.04	82.634	-64.3862	18.2479
25.06	81.6451	-63.4028	18.2424
25.08	80.2735	-62.0305	18.2431
25.1	79.552	-61.3091	18.2429
25.12	79.3182	-61.0764	18.2418
25.14	78.4501	-60.2072	18.2429
25.16	78.2638	-60.0203	18.2436
25.18	79.4502	-61.2242	18.226
25.2	80.5008	-62.2643	18.2365
25.22	80.5572	-62.2931	18.264
25.24	80.0173	-61.7192	18.2981
25.26	80.3448	-62.0417	18.3031
25.28	81.0739	-62.7666	18.3073
25.3	80.4856	-62.1897	18.2959
25.32	78.1668	-59.8925	18.2742
25.34	75.229	-56.9591	18.2699
25.36	74.2179	-55.9471	18.2708
25.38	76.4248	-58.1462	18.2786
25.4	78.4643	-60.1849	18.2794
25.42	80.2418	-61.9568	18.2851
25.44	81.5281	-63.2388	18.2894
25.46	80.7257	-62.4408	18.285
25.48	79.0746	-60.7953	18.2793
25.5	77.6624	-59.3752	18.2873
25.52	79.0179	-60.7215	18.2964
25.54	81.1294	-62.8494	18.28
25.56	82.5074	-64.2326	18.2749
25.58	83.0993	-64.8355	18.2638
25.6	82.5797	-64.332	18.2477
25.62	81.4154	-63.1671	18.2483
25.64	80.445	-62.1912	18.2538
25.66	79.8596	-61.6003	18.2593
25.68	79.6925	-61.4333	18.2592
25.7	79.7061	-61.4526	18.2536
25.72	79.6597	-61.4116	18.2481
25.74	79.6011	-61.3692	18.2319
25.76	79.8193	-61.5872	18.232
25.78	80.4584	-62.2212	18.2372
25.8	81.1414	-62.91	18.2314
25.82	81.495	-63.2688	18.2262
25.84	81.8409	-63.6204	18.2206
25.86	81.9567	-63.748	18.2087
25.88	80.9454	-62.7361	18.2093
25.9	79.9452	-61.7291	18.2161
25.92	80.6056	-62.3853	18.2204
25.94	81.6951	-63.4747	18.2204
25.96	82.8986	-64.667	18.2315
25.98	84.2243	-66.0048	18.2195
26	84.3259	-66.1126	18.2133
26.02	82.7206	-64.506	18.2146
26.04	81.2008	-62.9975	18.2034
26.06	80.2974	-62.0773	18.2201
26.08	80.4811	-62.2279	18.2531
26.1	81.6637	-63.4225	18.2411
26.12	82.38	-64.1439	18.2362
26.14	82.9938	-64.7517	18.2421
26.16	84.0543	-65.8236	18.2307
26.18	84.9952	-66.7756	18.2197
26.2	85.5022	-67.2825	18.2197
26.22	85.6432	-67.4223	18.2209
26.24	86.447	-68.221	18.226
26.26	87.2941	-69.074	18.2201
26.28	87.2515	-69.0257	18.2258
26.3	86.3166	-68.0909	18.2257
26.32	84.4498	-66.2191	18.2307
26.34	81.6633	-63.4259	18.2374
26.36	80.4519	-62.2407	18.2112
26.38	81.9453	-63.7315	18.2138
26.4	82.5348	-64.3373	18.1975
26.42	81.6283	-63.4243	18.204
26.44	80.6169	-62.4175	18.1994
26.46	80.7631	-62.553	18.2101
26.48	81.6968	-63.4937	18.2031
26.5	81.7771	-63.5735	18.2035
26.52	81.7968	-63.5921	18.2047
26.54	82.8094	-64.6064	18.203
26.56	82.8402	-64.6424	18.1978
26.58	81.7671	-63.574	18.1931
26.6	80.7446	-62.5455	18.1992
26.62	80.781	-62.5762	18.2048
26.64	82.1659	-63.9619	18.204
26.66	83.7533	-65.5513	18.202
26.68	83.1405	-64.9334	18.2071
26.7	80.891	-62.6811	18.21
26.72	80.7354	-62.5391	18.1963
26.74	81.0151	-62.8169	18.1982
26.76	83.2025	-65.0051	18.1974
26.78	86.1839	-68.0142	18.1697
26.8	87.9533	-69.7771	18.1762
26.82	89.0857	-70.9256	18.1602
26.84	89.8435	-71.6728	18.1707
26.86	89.5636	-71.3935	18.1701
26.88	87.7522	-69.5708	18.1814
26.9	85.0573	-66.8537	18.2036
26.92	82.5751	-64.376	18.1991
26.94	81.6358	-63.4481	18.1877
26.96	81.9554	-63.7626	18.1928
26.98	82.9326	-64.7505	18.1821
27	84.6369	-66.4659	18.1711
27.02	86.7601	-68.5729	18.1871
27.04	88.4568	-70.2704	18.1864
27.06	88.5629	-70.3878	18.1751
27.08	86.7793	-68.5917	18.1877
27.1	85.4404	-67.241	18.1994
27.12	85.5974	-67.3888	18.2086
27.14	85.3866	-67.161	18.2256
27.16	85.1879	-66.967	18.2209
27.18	85.9241	-67.7091	18.215
27.2	86.8565	-68.6205	18.236
27.22	86.6241	-68.3832	18.2409
27.24	84.6236	-66.3873	18.2363
27.26	82.5819	-64.3544	18.2274
27.28	83.1199	-64.8825	18.2374
27.3	85.2448	-67.025	18.2199
27.32	87.0089	-68.7838	18.2251
27.34	87.7515	-69.5098	18.2417
27.36	87.5875	-69.3513	18.2361
27.38	86.6313	-68.4005	18.2309
27.4	85.4979	-67.2827	18.2153
27.42	85.3503	-67.119	18.2313
27.44	85.6689	-67.4551	18.2138
27.46	85.1329	-66.9297	18.2033
27.48	84.1862	-66.0038	18.1824
27.5	84.0821	-65.8943	18.1878
27.52	84.6692	-66.4769	18.1924
27.54	84.726	-66.5232	18.2028
27.56	83.5159	-65.3188	18.1971
27.58	81.5548	-63.3608	18.194
27.6	81.9066	-63.7308	18.1758
27.62	82.6683	-64.4723	18.196
27.64	81.4014	-63.2023	18.1991
27.66	81.4845	-63.2739	18.2106
27.68	83.5391	-65.3411	18.198
27.7	85.094	-66.8849	18.209
27.72	85.4817	-67.2833	18.1984
27.74	84.9389	-66.7347	18.2042
27.76	83.9423	-65.7376	18.2047
27.78	83.1905	-64.991	18.1996
27.8	83.1725	-64.9677	18.2048
27.82	83.6053	-65.4009	18.2044
27.84	84.0145	-65.7992	18.2153
27.86	84.3049	-66.0895	18.2154
27.88	84.6749	-66.4704	18.2045
27.9	85.1899	-66.986	18.2039
27.92	85.2591	-67.0556	18.2035
27.94	84.5902	-66.3809	18.2093
27.96	83.6971	-65.4934	18.2037
27.98	82.7067	-64.4975	18.2092
28	81.7826	-63.5848	18.1979
28.02	80.9324	-62.7332	18.1991
28.04	82.1892	-63.9894	18.1998
28.06	86.0119	-67.8033	18.2087
28.08	89.3734	-71.1706	18.2027
28.1	90.9222	-72.7142	18.208
28.12	90.4304	-72.2329	18.1975
28.14	88.8813	-70.6826	18.1987
28.16	88.6547	-70.4548	18.1999
28.18	90.7226	-72.5251	18.1974
28.2	91.9158	-73.7186	18.1971
28.22	91.1454	-72.9531	18.1924
28.24	89.7908	-71.5913	18.1995
28.26	89.7832	-71.5908	18.1924
28.28	89.4407	-71.2543	18.1864
28.3	87.8118	-69.6364	18.1755
28.32	85.8009	-67.6228	18.1781
28.34	86.8606	-68.701	18.1596
28.36	88.7198	-70.5563	18.1635
28.38	88.634	-70.4632	18.1708
28.4	88.4585	-70.2928	18.1657
28.42	88.682	-70.5121	18.1699
28.44	87.848	-69.6726	18.1754
28.46	86.3423	-68.1706	18.1716
28.48	86.5447	-68.3455	18.1992
28.5	88.7917	-70.5779	18.2138
28.52	90.5725	-72.3477	18.2247
28.54	91.7898	-73.5795	18.2103
28.56	94.2405	-76.0318	18.2086
28.58	95.8028	-77.6274	18.1753
28.6	95.3454	-77.1584	18.187
28.62	93.7102	-75.5224	18.1878
28.64	92.2576	-74.0637	18.1939
28.66	92.0191	-73.8256	18.1934
28.68	92.505	-74.3237	18.1813
28.7	92.1886	-74.0137	18.1749
28.72	90.0262	-71.8621	18.164
28.74	86.8179	-68.6521	18.1659
28.76	85.5168	-67.345	18.1718
28.78	86.9476	-68.7772	18.1703
28.8	89.3757	-71.1939	18.1817
28.82	92.438	-74.2518	18.1862
28.84	94.4163	-76.2252	18.1911
28.86	94.1817	-75.9838	18.1978
28.88	93.1863	-74.9986	18.1877
28.9	92.5072	-74.3032	18.2039
28.92	91.9822	-73.7834	18.1988
28.94	91.8882	-73.6786	18.2097
28.96	92.0145	-73.8219	18.1926
28.98	91.52	-73.3332	18.1869
29	89.9996	-71.8134	18.1862
29.02	86.6815	-68.4758	18.2056
29.04	79.9572	-61.7485	18.2086
29.06	76.6676	-58.4717	18.1959
29.08	81.052	-62.8667	18.1854
29.1	86.0757	-67.8679	18.2079
29.12	90.2349	-72.0275	18.2074
29.14	92.3862	-74.1833	18.2029
29.16	93.0939	-74.8795	18.2144
29.18	92.8593	-74.6559	18.2034
29.2	91.677	-73.4677	18.2093
29.22	90.1112	-71.9125	18.1986
29.24	88.7165	-70.5122	18.2043
29.26	87.8422	-69.6324	18.2098
29.28	87.518	-69.3146	18.2034
29.3	86.6315	-68.4236	18.2079
29.32	84.6267	-66.4329	18.1938
29.34	84.4389	-66.2346	18.2043
29.36	85.748	-67.5171	18.2309
29.38	86.7254	-68.4999	18.2255
29.4	87.0114	-68.7854	18.2259
29.42	86.8401	-68.6028	18.2373
29.44	86.5667	-68.3293	18.2374
29.46	86.3356	-68.0762	18.2594
29.48	86.2301	-68.0035	18.2266
29.5	86.2856	-68.0482	18.2375
29.52	86.3776	-68.1402	18.2374
29.54	86.4186	-68.1703	18.2483
29.56	86.3987	-68.1561	18.2426
29.58	86.2136	-67.9711	18.2426
29.6	85.8049	-67.5624	18.2426
29.62	85.3048	-67.046	18.2588
29.64	84.5424	-66.2738	18.2686
29.66	82.7629	-64.5095	18.2534
29.68	82.1002	-63.8562	18.2439
29.7	84.2207	-65.9626	18.2581
29.72	86.3116	-68.0646	18.247
29.74	87.3801	-69.1217	18.2584
29.76	87.794	-69.5407	18.2533
29.78	88.0422	-69.7727	18.2695
29.8	87.764	-69.5016	18.2624
29.82	85.5153	-67.2631	18.2522
29.84	83.577	-65.3217	18.2553
29.86	85.2041	-66.9474	18.2567
29.88	85.9247	-67.6729	18.2518
29.9	85.0463	-66.7838	18.2625
29.92	82.5026	-64.2349	18.2677
29.94	79.5294	-61.2634	18.266
29.96	80.7093	-62.418	18.2914
29.98	84.1853	-65.8891	18.2962
30	87.5886	-69.2874	18.3012
30.02	89.4596	-71.1634	18.2961
30.04	89.6867	-71.3845	18.3022
30.06	88.8781	-70.5811	18.297
30.08	87.507	-69.2044	18.3026
30.1	85.8332	-67.5031	18.3301
30.12	84.2298	-65.9208	18.309
30.14	83.9426	-65.628	18.3146
30.16	85.1808	-66.8565	18.3243
30.18	86.3235	-68	18.3236
30.2	86.2366	-67.9128	18.3238
30.22	85.4015	-67.0709	18.3306
30.24	85.3869	-67.0784	18.3085
30.26	86.047	-67.7281	18.3189
30.28	86.3945	-68.0706	18.3239
30.3	85.6171	-67.2937	18.3234
30.32	83.295	-64.9659	18.3292
30.34	80.7956	-62.4582	18.3374
30.36	81.6674	-63.3149	18.3525
30.38	84.5043	-66.1477	18.3566
30.4	86.5194	-68.1571	18.3623
30.42	87.3249	-68.9729	18.3519
30.44	87.4337	-69.0704	18.3633
30.46	87.2271	-68.8696	18.3575
30.48	86.2968	-67.9452	18.3516
30.5	84.2249	-65.8896	18.3354
30.52	81.9111	-63.5687	18.3424
30.54	81.5307	-63.2109	18.3198
30.56	82.4683	-64.1555	18.3128
30.58	82.7435	-64.4245	18.3189
30.6	82.7888	-64.4693	18.3194
30.62	83.1858	-64.8882	18.2975
30.64	83.9006	-65.6083	18.2923
30.66	84.9973	-66.6832	18.3141
30.68	86.1985	-67.8899	18.3086
30.7	87.1684	-68.871	18.2975
30.72	87.5356	-69.2495	18.2861
30.74	86.6909	-68.3998	18.291
30.76	84.1962	-65.9158	18.2803
30.78	80.906	-62.6186	18.2873
30.8	79.4845	-61.2014	18.2831
30.82	81.5327	-63.2352	18.2974
30.84	84.3124	-66.0165	18.2959
30.86	85.2062	-66.9096	18.2965
30.88	84.7368	-66.4556	18.2812
30.9	84.3446	-66.0577	18.2869
30.92	84.5074	-66.2156	18.2919
30.94	84.6359	-66.328	18.308
30.96	84.1694	-65.8565	18.3129
30.98	82.6745	-64.3502	18.3242
31	81.2932	-62.9617	18.3315
31.02	82.2018	-63.8662	18.3356
31.04	83.9798	-65.6337	18.3461
31.06	85.5026	-67.1511	18.3515
31.08	86.2627	-67.9071	18.3556
31.1	84.6702	-66.3253	18.3449
31.12	82.1727	-63.8302	18.3425
31.14	82.1161	-63.7711	18.345
31.16	81.6214	-63.281	18.3404
31.18	80.9624	-62.6151	18.3473
31.2	81.8645	-63.5284	18.3361
31.22	83.9755	-65.64	18.3354
31.24	86.1674	-67.8319	18.3355
31.26	88.0574	-69.7219	18.3355
31.28	89.3342	-71.0046	18.3296
31.3	89.3987	-71.0802	18.3185
31.32	88.0922	-69.7625	18.3298
31.34	86.0037	-67.6791	18.3245
31.36	83.9359	-65.6051	18.3308
31.38	83.2426	-64.9279	18.3147
31.4	84.2589	-65.9291	18.3297
31.42	85.2721	-66.9533	18.3188
31.44	85.8799	-67.5554	18.3245
31.46	86.0504	-67.7264	18.324
31.48	85.2016	-66.8827	18.3188
31.5	83.944	-65.6239	18.32
31.52	83.9871	-65.7108	18.2763
31.54	85.3937	-67.1245	18.2692
31.56	86.1913	-67.9334	18.2578
31.58	85.8326	-67.5572	18.2754
31.6	85.6677	-67.3922	18.2755
31.62	86.1534	-67.8782	18.2752
31.64	86.7854	-68.5228	18.2626
31.66	85.6589	-67.3804	18.2784
31.68	83.961	-65.6774	18.2836
31.7	86.6996	-68.443	18.2566
31.72	88.5486	-70.3024	18.2461
31.74	88.1525	-69.9052	18.2473
31.76	86.7881	-68.5462	18.2419
31.78	84.6736	-66.443	18.2306
31.8	82.2337	-63.9951	18.2386
31.82	82.927	-64.6889	18.2381
31.84	86.1088	-67.8621	18.2467
31.86	88.1385	-69.9023	18.2362
31.88	88.7694	-70.5327	18.2367
31.9	88.4498	-70.2293	18.2205
31.92	87.6219	-69.4172	18.2047
31.94	87.2453	-69.0129	18.2325
31.96	87.8459	-69.6033	18.2426
31.98	88.4648	-70.2176	18.2472
32	88.0995	-69.8471	18.2524
32.02	86.8121	-68.5592	18.2529
32.04	86.0364	-67.7889	18.2475
32.06	85.898	-67.6575	18.2405
32.08	85.3537	-67.1117	18.242
32.1	85.2238	-66.9739	18.2499
32.12	82.794	-64.5519	18.2421
32.14	82.1743	-63.9352	18.2391
32.16	86.1956	-67.9768	18.2188
32.18	89.6797	-71.4452	18.2345
32.2	90.346	-72.0996	18.2464
32.22	88.8164	-70.5695	18.2469
32.24	86.1026	-67.8434	18.2592
32.26	84.2286	-65.985	18.2435
32.28	84.3982	-66.1726	18.2255
32.3	85.0888	-66.8523	18.2365
32.32	86.8991	-68.656	18.2431
32.34	90.3278	-72.0931	18.2347
32.36	91.5586	-73.3286	18.2301
32.38	90.6731	-72.4475	18.2255
32.4	88.9072	-70.687	18.2202
32.42	86.8869	-68.677	18.2099
32.44	85.9276	-67.684	18.2437
32.46	87.0935	-68.8621	18.2315
32.48	88.7259	-70.5117	18.2142
32.5	89.3864	-71.172	18.2144
32.52	89.1318	-70.9284	18.2034
32.54	88.063	-69.8596	18.2034
32.56	86.8711	-68.6496	18.2215
32.58	87.6336	-69.4074	18.2262
32.6	89.478	-71.2861	18.1919
32.62	90.1202	-71.9287	18.1915
32.64	88.7323	-70.5353	18.1971
32.66	85.8252	-67.6108	18.2144
32.68	83.1622	-64.9468	18.2154
32.7	82.7637	-64.5425	18.2212
32.72	84.9274	-66.7028	18.2245
32.74	86.787	-68.5523	18.2346
32.76	86.8739	-68.627	18.2469
32.78	86.6415	-68.389	18.2525
32.8	86.7927	-68.5394	18.2533
32.82	88.3192	-70.0715	18.2477
32.84	90.7846	-72.5377	18.2468
32.86	92.499	-74.2522	18.2468
32.88	92.8604	-74.6189	18.2415
32.9	91.8794	-73.6268	18.2526
32.92	89.755	-71.4969	18.2581
32.94	86.7783	-68.5308	18.2475
32.96	83.9432	-65.7058	18.2374
32.98	82.5646	-64.3278	18.2368
33	82.497	-64.2599	18.2371
33.02	83.5787	-65.3426	18.2361
33.04	84.3489	-66.1073	18.2416
33.06	84.4552	-66.2021	18.2531
33.08	84.3584	-66.1114	18.247
33.1	83.28	-65.0286	18.2514
33.12	80.9319	-62.6829	18.249
33.14	81.2986	-63.0336	18.265
33.16	83.9051	-65.6423	18.2629
33.18	85.2324	-66.969	18.2634
33.2	85.1415	-66.8992	18.2423
33.22	84.5486	-66.3168	18.2319
33.24	84.168	-65.9251	18.243
33.26	84.2542	-66.0005	18.2537
33.28	84.5218	-66.2794	18.2424
33.3	84.4735	-66.2314	18.2421
33.32	83.7255	-65.4885	18.237
33.34	82.886	-64.6373	18.2487
33.36	82.8294	-64.5708	18.2587
33.38	82.3371	-64.0797	18.2574
33.4	80.2938	-62.0397	18.2541
33.42	79.8028	-61.5428	18.26
33.44	81.4377	-63.1853	18.2524
33.46	82.14	-63.887	18.253
33.48	82.0432	-63.784	18.2592
33.5	81.9562	-63.6973	18.2589
33.52	81.6879	-63.4402	18.2477
33.54	81.2902	-63.0416	18.2486
33.56	82.0636	-63.8204	18.2431
33.58	83.8677	-65.6211	18.2467
33.6	84.2059	-65.9433	18.2626
33.62	82.4271	-64.1629	18.2641
33.64	80.6692	-62.399	18.2702
33.66	80.1929	-61.9285	18.2644
33.68	80.9699	-62.7104	18.2595
33.7	83.2572	-65.0097	18.2475
33.72	85.3943	-67.1311	18.2633
33.74	86.0029	-67.7447	18.2583
33.76	85.3458	-67.1032	18.2426
33.78	84.3818	-66.1386	18.2433
33.8	84.0468	-65.8309	18.2159
33.82	84.533	-66.3117	18.2212
33.84	85.6744	-67.4261	18.2483
33.86	86.7871	-68.5341	18.2529
33.88	86.7785	-68.5199	18.2586
33.9	85.9392	-67.6686	18.2706
33.92	85.634	-67.3693	18.2647
33.94	85.7451	-67.4857	18.2594
33.96	86.6675	-68.4133	18.2542
33.98	88.3469	-70.0897	18.2572
34	87.7543	-69.487	18.2673
34.02	84.9735	-66.7014	18.2721
34.04	85.6769	-67.4242	18.2527
34.06	87.1907	-68.9447	18.246
34.08	86.897	-68.638	18.2589
34.1	87.0379	-68.7888	18.2491
34.12	89.027	-70.7844	18.2426
34.14	91.4489	-73.2074	18.2415
34.16	92.5882	-74.3358	18.2523
34.18	91.9717	-73.725	18.2467
34.2	89.6097	-71.341	18.2686
34.22	86.3339	-68.0689	18.265
34.24	85.0935	-66.828	18.2656
34.26	86.9644	-68.7112	18.2532
34.28	89.6238	-71.3666	18.2571
34.3	90.5952	-72.3262	18.2691
34.32	90.5073	-72.2376	18.2698
34.34	90.1598	-71.8799	18.2798
34.36	88.8865	-70.6111	18.2753
34.38	87.8998	-69.6465	18.2533
34.4	87.1093	-68.8579	18.2514
34.42	85.4925	-67.2319	18.2606
34.44	86.6369	-68.3913	18.2457
34.46	86.6347	-68.3784	18.2563
34.48	84.3534	-66.095	18.2584
34.5	82.7349	-64.4697	18.2652
34.52	83.7228	-65.4635	18.2592
34.54	86.1338	-67.8761	18.2577
34.56	87.2196	-68.9722	18.2474
34.58	87.0353	-68.7931	18.2422
34.6	85.9343	-67.6866	18.2477
34.62	84.263	-66.0253	18.2377
34.64	83.5763	-65.3379	18.2384
34.66	84.6485	-66.3895	18.2591
34.68	85.9249	-67.6662	18.2588
34.7	86.5894	-68.3306	18.2589
34.72	86.6359	-68.355	18.2808
34.74	86.076	-67.8008	18.2752
34.76	84.893	-66.6231	18.2698
34.78	83.4558	-65.1748	18.281
34.8	82.4267	-64.1725	18.2542
34.82	82.8638	-64.5933	18.2705
34.84	84.4856	-66.2221	18.2635
34.86	85.394	-67.1302	18.2638
34.88	85.5686	-67.2937	18.2749
34.9	85.071	-66.8079	18.263
34.92	83.2295	-64.9704	18.2591
34.94	82.2371	-63.9711	18.266
34.96	83.6092	-65.3509	18.2583
34.98	84.5749	-66.3067	18.2682
35	83.6698	-65.3667	18.3031
35.02	83.7068	-65.4026	18.3042
35.04	85.7492	-67.4254	18.3238
35.06	86.7882	-68.4748	18.3134
35.08	86.8278	-68.5031	18.3247
35.1	86.3727	-68.0369	18.3358
35.12	85.871	-67.5348	18.3362
35.14	85.9272	-67.5809	18.3463
35.16	85.6887	-67.3486	18.3401
35.18	84.2223	-65.8818	18.3405
35.2	82.4941	-64.1521	18.342
35.22	82.3805	-64.0504	18.33
35.24	82.8147	-64.4801	18.3346
35.26	82.5783	-64.2372	18.3411
35.28	82.7748	-64.4338	18.3411
35.3	83.5246	-65.2109	18.3137
35.32	84.8151	-66.4901	18.3251
35.34	86.6873	-68.3688	18.3185
35.36	87.6654	-69.3413	18.3241
35.38	87.4709	-69.1464	18.3245
35.4	86.6125	-68.2822	18.3303
35.42	85.7399	-67.4144	18.3255
35.44	85.7072	-67.3823	18.3249
35.46	85.9053	-67.5589	18.3464
35.48	85.6402	-67.3051	18.3351
35.5	84.6097	-66.2966	18.3131
35.52	83.1455	-64.8311	18.3144
35.54	82.9279	-64.614	18.3139
35.56	83.5738	-65.2662	18.3076
35.58	83.9977	-65.6893	18.3084
35.6	84.7646	-66.4618	18.3027
35.62	85.6901	-67.3658	18.3244
35.64	86.0645	-67.7462	18.3183
35.66	85.0887	-66.7649	18.3238
35.68	83.5089	-65.1664	18.3425
35.7	84.0061	-65.6707	18.3354
35.72	85.0286	-66.7048	18.3238
35.74	85.4203	-67.0953	18.325
35.76	86.1549	-67.8149	18.34
35.78	85.5371	-67.1985	18.3386
35.8	82.2191	-63.8786	18.3406
35.82	79.2633	-60.9371	18.3262
35.84	79.4547	-61.1355	18.3192
35.86	81.1225	-62.8149	18.3075
35.88	82.3791	-64.0559	18.3232
35.9	81.9063	-63.593	18.3133
35.92	81.0391	-62.7303	18.3088
35.94	80.8221	-62.5308	18.2913
35.96	80.0806	-61.7943	18.2864
35.98	79.2498	-60.9846	18.2652
36	79.2522	-60.9814	18.2709
36.02	80.1236	-61.8534	18.2703
36.04	80.9484	-62.6892	18.2592
36.06	81.218	-62.9535	18.2645
36.08	80.6378	-62.3681	18.2697
36.1	78.9343	-60.6589	18.2754
36.12	76.9404	-58.6523	18.2882
36.14	76.913	-58.6254	18.2877
36.16	78.3619	-60.0807	18.2811
36.18	79.5985	-61.3173	18.2812
36.2	80.2708	-61.9896	18.2812
36.22	80.2593	-61.9783	18.281
36.24	79.3791	-61.1037	18.2754
36.26	77.6667	-59.3801	18.2866
36.28	75.8709	-57.5943	18.2766
36.3	75.5193	-57.248	18.2714
36.32	76.9739	-58.7146	18.2593
36.34	78.7657	-60.5121	18.2536
36.36	80.1759	-61.9113	18.2647
36.38	81.1462	-62.8924	18.2538
36.4	81.723	-63.4635	18.2595
36.42	82.1646	-63.8998	18.2648
36.44	82.3175	-64.0588	18.2587
36.46	81.8451	-63.6078	18.2373
36.48	81.3939	-63.1472	18.2467
36.5	79.7892	-61.5484	18.2409
36.52	78.2099	-59.9538	18.2561
36.54	81.4648	-63.2188	18.246
36.56	84.3675	-66.1214	18.2462
36.58	84.9218	-66.6678	18.2539
36.6	85.4507	-67.1969	18.2538
36.62	85.81	-67.5465	18.2635
36.64	84.3617	-66.1056	18.2561
36.66	79.8986	-61.6559	18.2427
36.68	77.5144	-59.2711	18.2433
36.7	78.4651	-60.2245	18.2406
36.72	79.3327	-61.0951	18.2376
36.74	82.1006	-63.8474	18.2532
36.76	85.7602	-67.5082	18.252
36.78	88.1205	-69.8576	18.2629
36.8	88.8607	-70.6018	18.259
36.82	89.5838	-71.3247	18.2591
36.84	90.3653	-72.1069	18.2584
36.86	90.289	-72.0192	18.2698
36.88	89.7366	-71.4889	18.2477
36.9	88.5207	-70.2734	18.2473
36.92	86.5658	-68.3336	18.2322
36.94	86.144	-67.9055	18.2384
36.96	87.8915	-69.6393	18.2522
36.98	88.7439	-70.4962	18.2477
37	89.3509	-71.0966	18.2543
37.02	90.7409	-72.4771	18.2638
37.04	91.0979	-72.8232	18.2748
37.06	90.1963	-71.8985	18.2978
37.08	89.2951	-71.0196	18.2755
37.1	88.0906	-69.8259	18.2646
37.12	86.8198	-68.5871	18.2327
37.14	86.6188	-68.3861	18.2327
37.16	87.6395	-69.4129	18.2266
37.18	88.8695	-70.6496	18.2199
37.2	88.5336	-70.3205	18.2131
37.22	85.4449	-67.2417	18.2032
37.24	82.1053	-63.8879	18.2174
37.26	83.2593	-65.0427	18.2166
37.28	87.5988	-69.3918	18.207
37.3	89.3676	-71.149	18.2185
37.32	88.4009	-70.1745	18.2264
37.34	87.5288	-69.2914	18.2375
37.36	87.4868	-69.2489	18.2379
37.38	88.5962	-70.3705	18.2257
37.4	89.1648	-70.9347	18.2301
37.42	87.7398	-69.5082	18.2316
37.44	86.2028	-67.9649	18.238
37.46	85.8325	-67.612	18.2205
37.48	85.5422	-67.3108	18.2314
37.5	85.2335	-67.0071	18.2264
37.52	85.5146	-67.2933	18.2213
37.54	86.7928	-68.5663	18.2266
37.56	88.4266	-70.2281	18.1985
37.58	89.2317	-71.0494	18.1823
37.6	89.2309	-71.0538	18.1771
37.62	88.7938	-70.6057	18.1881
37.64	88.1669	-69.9898	18.1771
37.66	87.457	-69.2689	18.1881
37.68	86.9507	-68.7621	18.1886
37.7	87.3222	-69.1393	18.1829
37.72	88.1888	-70.0012	18.1877
37.74	88.6478	-70.4545	18.1933
37.76	88.9153	-70.7051	18.2102
37.78	89.3652	-71.1669	18.1983
37.8	89.0384	-70.8508	18.1876
37.82	88.0706	-69.8828	18.1877
37.84	87.1071	-68.9405	18.1666
37.86	87.5495	-69.3776	18.1719
37.88	88.8793	-70.7148	18.1645
37.9	88.9492	-70.7882	18.161
37.92	89.4149	-71.271	18.1439
37.94	89.6806	-71.5208	18.1598
37.96	88.5612	-70.386	18.1752
37.98	85.1356	-66.9762	18.1594
38	82.1977	-64.0395	18.1581
38.02	84.2408	-66.0661	18.1747
38.04	85.5935	-67.429	18.1645
38.06	86.3145	-68.1301	18.1844
38.08	89.6198	-71.438	18.1817
38.1	92.3071	-74.1199	18.1872
38.12	93.0971	-74.9037	18.1934
38.14	92.676	-74.4876	18.1884
38.16	91.7608	-73.5668	18.194
38.18	90.6312	-72.4487	18.1824
38.2	88.7301	-70.5535	18.1766
38.22	86.1603	-67.9771	18.1832
38.24	84.7772	-66.5774	18.1997
38.26	85.2379	-67.0387	18.1992
38.28	86.7397	-68.5411	18.1986
38.3	88.3098	-70.1167	18.1931
38.32	89.4852	-71.2928	18.1924
38.34	89.3725	-71.191	18.1815
38.36	88.225	-70.032	18.193
38.38	87.1196	-68.9257	18.1938
38.4	87.4791	-69.2966	18.1825
38.42	88.7988	-70.6006	18.1983
38.44	89.6188	-71.4197	18.199
38.46	90.2156	-72.0058	18.2098
38.48	90.289	-72.0794	18.2096
38.5	89.5138	-71.31	18.2038
38.52	87.7494	-69.5341	18.2153
38.54	86.5995	-68.3822	18.2174
38.56	88.4535	-70.2434	18.2101
38.58	91.172	-72.9682	18.2038
38.6	92.7045	-74.5004	18.2041
38.62	93.026	-74.7993	18.2266
38.64	92.7932	-74.5553	18.2379
38.66	92.4123	-74.191	18.2213
38.68	91.7675	-73.5572	18.2103
38.7	91.1255	-72.9203	18.2052
38.72	90.9727	-72.7796	18.1931
38.74	90.1224	-71.93	18.1923
38.76	88.215	-70.0372	18.1779
38.78	87.7563	-69.6067	18.1496
38.8	87.8743	-69.7219	18.1524
38.82	85.8418	-67.6766	18.1652
38.84	84.4443	-66.2664	18.1779
38.86	86.1226	-67.946	18.1766
38.88	88.7206	-70.5448	18.1758
38.9	90.313	-72.109	18.204
38.92	91.0416	-72.8368	18.2047
38.94	91.5414	-73.3313	18.2101
38.96	91.6289	-73.4245	18.2044
38.98	91.0218	-72.8172	18.2046
39	90.167	-71.9785	18.1885
39.02	89.6277	-71.4507	18.177
39.04	88.8946	-70.7019	18.1926
39.06	87.2244	-69.0369	18.1875
39.08	85.5585	-67.3697	18.1888
39.1	85.7393	-67.5568	18.1825
39.12	86.7793	-68.6033	18.176
39.14	86.9627	-68.7976	18.1651
39.16	86.0819	-67.9275	18.1544
39.18	84.9883	-66.8327	18.1556
39.2	84.9755	-66.8219	18.1536
39.22	84.5482	-66.3707	18.1775
39.24	85.4921	-67.3102	18.1819
39.26	86.6977	-68.5055	18.1922
39.28	86.7132	-68.5483	18.1649
39.3	85.4098	-67.2511	18.1587
39.32	83.123	-64.9552	18.1678
39.34	83.7903	-65.6189	18.1713
39.36	85.3885	-67.2239	18.1646
39.38	85.4386	-67.2678	18.1708
39.4	84.4286	-66.2625	18.1661
39.42	83.7612	-65.6103	18.1509
39.44	84.654	-66.5049	18.149
39.46	84.8512	-66.7022	18.149
39.48	83.8262	-65.6704	18.1558
39.5	83.2199	-65.0636	18.1562
39.52	83.6552	-65.4887	18.1665
39.54	84.2812	-66.1094	18.1718
39.56	84.6682	-66.4965	18.1717
39.58	84.5973	-66.4204	18.1769
39.6	83.9216	-65.7445	18.1771
39.62	83.1481	-64.954	18.1941
39.64	83.0239	-64.8249	18.199
39.66	83.0543	-64.8612	18.1931
39.68	82.8412	-64.6527	18.1884
39.7	83.4207	-65.2267	18.194
39.72	84.7355	-66.521	18.2145
39.74	84.9161	-66.6969	18.2192
39.76	83.0398	-64.8142	18.2256
39.78	81.2477	-63.0082	18.2395
39.8	82.9463	-64.7089	18.2374
39.82	85.7356	-67.4934	18.2422
39.84	87.7079	-69.4876	18.2203
39.86	88.5159	-70.3012	18.2147
39.88	88.104	-69.8945	18.2095
39.9	86.9338	-68.7137	18.2201
39.92	84.9697	-66.7379	18.2318
39.94	83.59	-65.3681	18.2219
39.96	84.3029	-66.0816	18.2213
39.98	86.1191	-67.9046	18.2145
40	87.0937	-68.8742	18.2195
40.02	86.3224	-68.0974	18.225
40.04	84.0618	-65.847	18.2148
40.06	82.1633	-63.941	18.2223
40.08	83.0585	-64.8489	18.2096
40.1	84.6437	-66.419	18.2247
40.12	84.9553	-66.7292	18.2261
40.14	85.7669	-67.5454	18.2215
40.16	87.6742	-69.4488	18.2254
40.18	88.3529	-70.1321	18.2208
40.2	88.1936	-69.9833	18.2103
40.22	87.7707	-69.5446	18.2261
40.24	86.3691	-68.1553	18.2138
40.26	83.3137	-65.1029	18.2107
40.28	82.213	-63.9962	18.2168
40.3	83.9668	-65.7471	18.2197
40.32	85.1429	-66.9392	18.2037
40.34	85.2757	-67.0721	18.2037
40.36	84.4485	-66.2438	18.2047
40.38	84.0377	-65.8319	18.2058
40.4	85.2075	-67.0031	18.2045
40.42	86.2284	-68.0254	18.203
40.44	85.1013	-66.9096	18.1917
40.46	82.1251	-63.958	18.1671
40.48	81.6163	-63.4215	18.1947
40.5	83.728	-65.5541	18.1739
40.52	83.2151	-65.0502	18.1649
40.54	81.537	-63.3707	18.1663
40.56	80.966	-62.7935	18.1725
40.58	82.4315	-64.2428	18.1887
40.6	85.1047	-66.912	18.1926
40.62	86.5271	-68.3506	18.1764
40.64	86.3929	-68.2108	18.1821
40.66	84.8229	-66.6192	18.2036
40.68	81.6672	-63.4802	18.187
40.7	77.7374	-59.5538	18.1836
40.72	76.4184	-58.2234	18.195
40.74	78.3977	-60.2328	18.165
40.76	80.2711	-62.1115	18.1596
40.78	81.4524	-63.2866	18.1659
40.8	82.467	-64.3242	18.1428
40.82	82.3323	-64.1986	18.1336
40.84	83.058	-64.9303	18.1277
40.86	83.8759	-65.756	18.1199
40.88	81.7032	-63.5877	18.1155
40.9	78.8384	-60.7131	18.1254
40.92	80.2847	-62.1736	18.1111
40.94	82.5832	-64.4619	18.1213
40.96	83.3716	-65.2551	18.1165
40.98	83.1903	-65.0731	18.1172
41	82.9819	-64.8696	18.1123
41.02	83.4628	-65.34	18.1228
41.04	84.1823	-66.0491	18.1332
41.06	84.3544	-66.2045	18.1498
41.08	84.2049	-66.0493	18.1556
41.1	84.1736	-66.0127	18.1609
41.12	84.1446	-65.9673	18.1773
41.14	84.2357	-66.0474	18.1883
41.16	84.4856	-66.2866	18.1989
41.18	84.5406	-66.3311	18.2094
41.2	83.8173	-65.6084	18.2089
41.22	82.1614	-63.9455	18.2159
41.24	82.0265	-63.8038	18.2227
41.26	84.8924	-66.6667	18.2257
41.28	87.536	-69.311	18.225
41.3	88.1148	-69.8837	18.2312
41.32	87.2415	-69.015	18.2265
41.34	85.9921	-67.7872	18.205
41.36	85.0012	-66.791	18.2102
41.38	84.254	-66.0386	18.2153
41.4	83.3997	-65.1853	18.2144
41.42	81.5916	-63.3723	18.2193
41.44	78.982	-60.7721	18.21
41.46	78.068	-59.8743	18.1936
41.48	79.559	-61.3824	18.1766
41.5	82.3102	-64.1126	18.1976
41.52	84.5198	-66.3172	18.2026
41.54	85.025	-66.8222	18.2028
41.56	83.8927	-65.6883	18.2044
41.58	83.5742	-65.3737	18.2004
41.6	85.3705	-67.1838	18.1867
41.62	86.0216	-67.8014	18.2202
41.64	85.6514	-67.4351	18.2162
41.66	85.906	-67.685	18.2211
41.68	86.1125	-67.8924	18.22
41.7	84.7531	-66.5348	18.2183
41.72	80.5141	-62.2829	18.2312
41.74	77.7316	-59.4982	18.2334
41.76	79.319	-61.0719	18.2472
41.78	81.3006	-63.0593	18.2413
41.8	82.047	-63.8056	18.2415
41.82	81.442	-63.2099	18.2321
41.84	81.4069	-63.1907	18.2163
41.86	82.6293	-64.42	18.2093
41.88	83.2945	-65.0906	18.204
41.9	83.3397	-65.1344	18.2054
41.92	84.2674	-66.0568	18.2105
41.94	85.5829	-67.384	18.1989
41.96	86.1867	-67.9934	18.1933
41.98	85.6818	-67.4777	18.2041
42	83.8908	-65.6759	18.215
42.02	81.0828	-62.8836	18.1992
42.04	78.7105	-60.5099	18.2006
42.06	78.8963	-60.6848	18.2114
42.08	81.4958	-63.2914	18.2044
42.1	84.2014	-65.9864	18.215
42.12	85.9609	-67.7621	18.1988
42.14	86.791	-68.6031	18.1879
42.16	86.6775	-68.5004	18.1772
42.18	85.9723	-67.7784	18.1939
42.2	85.1747	-66.9862	18.1885
42.22	84.6448	-66.4452	18.1996
42.24	84.6009	-66.4019	18.199
42.26	84.4225	-66.2239	18.1985
42.28	83.6377	-65.4603	18.1774
42.3	83.4483	-65.2705	18.1778
42.32	84.3945	-66.2013	18.1932
42.34	85.1212	-66.9333	18.1879
42.36	85.3628	-67.1804	18.1824
42.38	85.1676	-66.9851	18.1824
42.4	84.6879	-66.511	18.1769
42.42	83.8784	-65.7074	18.171
42.44	82.7596	-64.6033	18.1563
42.46	83.2562	-65.0892	18.167
42.48	84.96	-66.8051	18.1549
42.5	86.1862	-68.031	18.1552
42.52	86.7565	-68.6066	18.15
42.54	86.9482	-68.7981	18.1501
42.56	86.8503	-68.7002	18.1501
42.58	86.6062	-68.4396	18.1666
42.6	86.3067	-68.1516	18.1551
42.62	85.315	-67.15	18.165
42.64	82.8184	-64.6364	18.182
42.66	80.3529	-62.1691	18.1838
42.68	80.6237	-62.4236	18.2001
42.7	83.5335	-65.3404	18.1931
42.72	86.5071	-68.3045	18.2027
42.74	87.1466	-68.9387	18.208
42.76	85.1903	-66.9809	18.2094
42.78	82.8995	-64.6832	18.2164
42.8	82.5745	-64.3535	18.221
42.82	83.6535	-65.4327	18.2208
42.84	85.3886	-67.1685	18.2201
42.86	86.6044	-68.3906	18.2138
42.88	85.9231	-67.6983	18.2248
42.9	84.3444	-66.1162	18.2283
42.92	85.5923	-67.3669	18.2253
42.94	86.4833	-68.2423	18.241
42.96	84.9177	-66.6862	18.2316
42.98	82.8715	-64.6383	18.2332
43	82.4667	-64.229	18.2376
43.02	82.4808	-64.2552	18.2256
43.04	81.3317	-63.1276	18.2041
43.06	79.8107	-61.5939	18.2169
43.08	80.4329	-62.2219	18.211
43.1	82.7258	-64.4891	18.2366
43.12	84.2041	-65.9672	18.2369
43.14	84.6352	-66.4033	18.232
43.16	84.6773	-66.4233	18.254
43.18	84.5349	-66.2647	18.2702
43.2	84.2159	-65.9398	18.2761
43.22	84.1302	-65.8604	18.2699
43.24	83.4542	-65.1739	18.2803
43.26	81.5947	-63.3353	18.2594
43.28	80.1181	-61.8248	18.2933
43.3	80.5377	-62.24	18.2978
43.32	81.6436	-63.3415	18.3021
43.34	82.1268	-63.8232	18.3035
43.36	83.5039	-65.2061	18.2979
43.38	85.4239	-67.1107	18.3132
43.4	85.9708	-67.6523	18.3186
43.42	84.6455	-66.3378	18.3077
43.44	81.8901	-63.5924	18.2978
43.46	79.5627	-61.2529	18.3097
43.48	79.6806	-61.3598	18.3208
43.5	81.9738	-63.6608	18.3131
43.52	83.512	-65.193	18.319
43.54	84.0897	-65.7487	18.341
43.56	83.968	-65.6271	18.3409
43.58	83.4678	-65.1368	18.3309
43.6	83.6716	-65.3368	18.3348
43.62	82.8729	-64.5276	18.3453
43.64	80.741	-62.3933	18.3477
43.66	80.5179	-62.1974	18.3205
43.68	82.4275	-64.1093	18.3182
43.7	83.6101	-65.2798	18.3302
43.72	84.5136	-66.1888	18.3247
43.74	84.9305	-66.6121	18.3184
43.76	84.0855	-65.7659	18.3196
43.78	83.3416	-65.05	18.2916
43.8	82.3803	-64.0942	18.2862
43.82	81.2165	-62.9294	18.2871
43.84	81.1139	-62.8212	18.2927
43.86	82.2614	-63.9696	18.2918
43.88	83.4613	-65.1756	18.2857
43.9	83.7208	-65.4408	18.28
43.92	82.8306	-64.5443	18.2863
43.94	81.9525	-63.6761	18.2765
43.96	82.5154	-64.2503	18.2651
43.98	83.8656	-65.5906	18.2749
44	84.3995	-66.1188	18.2808
44.02	84.2911	-66.0155	18.2757
44.04	83.9356	-65.666	18.2696
44.06	82.7397	-64.4809	18.2588
44.08	81.379	-63.1129	18.2661
44.1	82.0778	-63.8072	18.2706
44.12	83.63	-65.3498	18.2802
44.14	83.8613	-65.5639	18.2974
44.16	83.3734	-65.0751	18.2983
44.18	83.2041	-64.9167	18.2874
44.2	83.4488	-65.1562	18.2927
44.22	83.7621	-65.4697	18.2924
44.24	83.7991	-65.4959	18.3033
44.26	83.3932	-65.1011	18.2921
44.28	82.4487	-64.1569	18.2918
44.3	80.9014	-62.5988	18.3026
44.32	79.0641	-60.7778	18.2863
44.34	77.8465	-59.5595	18.287
44.36	78.6211	-60.3335	18.2876
44.38	81.7167	-63.4309	18.2858
44.4	84.3627	-66.0882	18.2745
44.42	85.1048	-66.8294	18.2754
44.44	84.7132	-66.4208	18.2924
44.46	83.8478	-65.55	18.2978
44.48	82.6783	-64.3803	18.2981
44.5	81.9822	-63.6887	18.2934
44.52	82.8162	-64.5401	18.276
44.54	84.1287	-65.8421	18.2866
44.56	85.2456	-66.9587	18.2869
44.58	86.1878	-67.891	18.2968
44.6	85.5819	-67.2964	18.2854
44.62	83.2736	-64.9754	18.2981
44.64	81.9514	-63.6527	18.2987
44.66	82.3801	-64.0948	18.2852
44.68	81.6908	-63.4106	18.2802
44.7	80.2564	-62.002	18.2544
44.72	80.1376	-61.8724	18.2652
44.74	81.3711	-63.101	18.2701
44.76	82.8791	-64.6203	18.2589
44.78	84.0135	-65.7599	18.2536
44.8	84.7105	-66.4621	18.2483
44.82	85.0646	-66.8163	18.2483
44.84	84.9447	-66.6855	18.2592
44.86	84.3283	-66.0578	18.2705
44.88	83.8162	-65.5505	18.2656
44.9	84.2649	-66.0048	18.26
44.92	85.4181	-67.148	18.2701
44.94	86.0981	-67.8332	18.2649
44.96	86.295	-68.0138	18.2812
44.98	86.0954	-67.8029	18.2925
45	86.336	-68.0534	18.2826
45.02	88.2361	-69.9654	18.2706
45.04	90.5596	-72.273	18.2866
45.06	92.2339	-73.9471	18.2867
45.08	93.1667	-74.8747	18.292
45.1	93.1207	-74.8297	18.2911
45.12	91.0577	-72.7736	18.2841
45.14	85.9762	-67.691	18.2852
45.16	80.4709	-62.1775	18.2933
45.18	79.2043	-60.9153	18.289
45.2	83.3868	-65.1068	18.28
45.22	87.8112	-69.5279	18.2832
45.24	88.283	-70.005	18.278
45.26	85.1918	-66.9272	18.2646
45.28	83.6052	-65.3326	18.2726
45.3	86.1209	-67.8748	18.2461
45.32	87.1451	-68.8876	18.2575
45.34	86.0031	-67.7598	18.2433
45.36	85.2956	-67.0519	18.2437
45.38	85.5929	-67.3284	18.2645
45.4	85.5237	-67.2753	18.2484
45.42	85.2606	-66.9951	18.2655
45.44	85.3594	-67.0833	18.2761
45.46	85.2836	-67.0133	18.2704
45.48	84.5671	-66.2966	18.2704
45.5	83.3006	-65.0299	18.2708
45.52	82.0306	-63.7537	18.2769
45.54	81.6602	-63.3997	18.2605
45.56	82.1198	-63.844	18.2759
45.58	82.1134	-63.8486	18.2648
45.6	81.3485	-63.083	18.2655
45.62	80.7594	-62.4935	18.2659
45.64	80.797	-62.526	18.271
45.66	80.8767	-62.6059	18.2708
45.68	80.6768	-62.4167	18.2601
45.7	80.4847	-62.2191	18.2657
45.72	80.5503	-62.2791	18.2712
45.74	80.8602	-62.59	18.2702
45.76	80.2705	-62.0015	18.269
45.78	78.2498	-59.9611	18.2888
45.8	78.9583	-60.6598	18.2985
45.82	81.2734	-62.9714	18.302
45.84	81.7789	-63.4766	18.3023
45.86	80.4876	-62.1794	18.3082
45.88	78.2891	-59.9854	18.3037
45.9	77.0814	-58.7822	18.2992
45.92	78.3461	-60.0424	18.3037
45.94	80.5169	-62.2368	18.2801
45.96	81.0409	-62.7492	18.2917
45.98	80.1149	-61.8168	18.2981
46	79.0423	-60.7214	18.3208
46.02	78.8707	-60.5445	18.3262
46.04	79.4996	-61.1851	18.3146
46.06	80.0441	-61.7408	18.3033
46.08	79.933	-61.6408	18.2921
46.1	78.8952	-60.6087	18.2865
46.12	76.9155	-58.6233	18.2922
46.14	74.6478	-56.3443	18.3035
46.16	72.7907	-54.4761	18.3146
46.18	72.014	-53.7094	18.3046
46.2	73.3636	-55.0543	18.3093
46.22	75.7213	-57.3801	18.3412
46.24	77.2718	-58.9306	18.3412
46.26	77.5881	-59.2411	18.347
46.28	76.9622	-58.6258	18.3365
46.3	76.057	-57.7254	18.3316
46.32	75.6898	-57.3252	18.3646
46.34	76.0666	-57.697	18.3696
46.36	76.5766	-58.2294	18.3472
46.38	76.4706	-58.1292	18.3414
46.4	75.323	-56.9761	18.3469
46.42	73.509	-55.1776	18.3314
46.44	72.4623	-54.1358	18.3264
46.46	73.0264	-54.6953	18.3311
46.48	74.2573	-55.9265	18.3308
46.5	75.6184	-57.2816	18.3368
46.52	77.4436	-59.1073	18.3363
46.54	79.0416	-60.7113	18.3303
46.56	79.5572	-61.2266	18.3306
46.58	79.306	-60.9966	18.3094
46.6	79.1864	-60.8823	18.304
46.62	79.3778	-61.0806	18.2972
46.64	78.3174	-60.0171	18.3003
46.66	75.0878	-56.7869	18.3009
46.68	77.4596	-59.1636	18.2959
46.7	80.9857	-62.6958	18.2899
46.72	81.8574	-63.5648	18.2927
46.74	82.82	-64.528	18.2921
46.76	83.2992	-65.0133	18.286
46.78	82.3909	-64.1043	18.2866
46.8	80.9578	-62.6813	18.2764
46.82	80.1405	-61.8586	18.2819
46.84	80.1311	-61.8546	18.2765
46.86	81.1396	-62.8738	18.2658
46.88	83.2776	-65.007	18.2706
46.9	85.5253	-67.2721	18.2532
46.92	86.585	-68.3266	18.2584
46.94	86.0372	-67.7842	18.253
46.96	84.276	-66.0119	18.2642
46.98	82.2093	-63.944	18.2652
47	81.6915	-63.4264	18.2652
47.02	82.8346	-64.5809	18.2538
47.04	84.7306	-66.4818	18.2488
47.06	87.3105	-69.073	18.2375
47.08	89.7368	-71.4942	18.2426
47.1	91.2274	-73.0123	18.2151
47.12	91.4855	-73.2816	18.204
47.14	90.3711	-72.1947	18.1764
47.16	88.3571	-70.1903	18.1668
47.18	87.6829	-69.5162	18.1667
47.2	88.5066	-70.3259	18.1807
47.22	88.1092	-69.9126	18.1966
47.24	86.2324	-68.0556	18.1768
47.26	85.7781	-67.606	18.1721
47.28	87.7659	-69.5958	18.1701
47.3	89.497	-71.3268	18.1702
47.32	90.1137	-71.9427	18.171
47.34	90.414	-72.2482	18.1658
47.36	90.6961	-72.5584	18.1378
47.38	90.0459	-71.9091	18.1368
47.4	88.6213	-70.4813	18.14
47.42	89.65	-71.513	18.137
47.44	90.225	-72.0818	18.1431
47.46	89.9775	-71.8449	18.1327
47.48	89.7469	-71.6188	18.1281
47.5	90.9445	-72.827	18.1175
47.52	93.5898	-75.4796	18.1101
47.54	94.9399	-76.8134	18.1265
47.56	94.2963	-76.1633	18.133
47.58	92.8607	-74.7383	18.1223
47.6	91.2235	-73.1137	18.1098
47.62	88.0392	-69.9241	18.1151
47.64	84.4611	-66.3372	18.1239
47.66	84.6742	-66.5692	18.105
47.68	86.0043	-67.8976	18.1067
47.7	84.3486	-66.2426	18.106
47.72	86.7437	-68.6304	18.1132
47.74	94.3316	-76.2196	18.112
47.76	97.3059	-79.1875	18.1184
47.78	94.6691	-76.5453	18.1238
47.8	88.0202	-69.885	18.1351
47.82	85.7501	-67.6175	18.1326
47.84	86.4756	-68.3439	18.1317
47.86	86.8787	-68.7514	18.1274
47.88	87.7375	-69.5992	18.1384
47.9	88.877	-70.7333	18.1437
47.92	89.6137	-71.4655	18.1482
47.94	88.888	-70.7376	18.1503
47.96	88.9648	-70.8415	18.1233
47.98	90.2744	-72.1416	18.1328
48	90.7098	-72.5774	18.1324
48.02	89.3254	-71.1987	18.1267
48.04	86.3004	-68.1723	18.128
48.06	83.8629	-65.7282	18.1346
48.08	83.534	-65.3959	18.1381
48.1	83.4239	-65.2735	18.1503
48.12	84.882	-66.7421	18.1399
48.14	88.056	-69.9237	18.1323
48.16	89.8087	-71.6762	18.1325
48.18	89.6066	-71.4955	18.1112
48.2	88.3076	-70.2065	18.101
48.22	87.0382	-68.9262	18.112
48.24	86.1178	-68.0059	18.1119
48.26	85.7152	-67.5811	18.134
48.28	86.297	-68.1684	18.1287
48.3	87.8258	-69.6872	18.1386
48.32	88.9286	-70.7962	18.1325
48.34	88.6508	-70.5015	18.1493
48.36	87.9298	-69.7742	18.1556
48.38	87.6351	-69.4595	18.1756
48.4	85.8623	-67.6858	18.1764
48.42	83.6354	-65.4631	18.1723
48.44	83.1469	-64.9741	18.1729
48.46	85.1424	-66.9598	18.1826
48.48	87.8539	-69.6836	18.1703
48.5	89.126	-70.9498	18.1762
48.52	89.0981	-70.9269	18.1712
48.54	88.3849	-70.1864	18.1986
48.56	87.1689	-68.9648	18.2041
48.58	85.8359	-67.6146	18.2213
48.6	85.7369	-67.5155	18.2214
48.62	86.9087	-68.6953	18.2134
48.64	86.8694	-68.6498	18.2196
48.66	86.0835	-67.8714	18.2121
48.68	84.454	-66.2363	18.2177
48.7	86.9259	-68.6959	18.23
48.72	89.1845	-70.949	18.2356
48.74	88.7998	-70.5635	18.2364
48.76	86.4257	-68.2052	18.2205
48.78	83.3915	-65.169	18.2225
48.8	82.3462	-64.1247	18.2215
48.82	82.4515	-64.2039	18.2477
48.84	81.919	-63.6822	18.2368
48.86	80.6299	-62.3823	18.2476
48.88	78.9144	-60.6759	18.2384
48.9	79.0536	-60.8097	18.2438
48.92	80.967	-62.7297	18.2372
48.94	82.7874	-64.5445	18.2429
48.96	84.0687	-65.8312	18.2375
48.98	84.5562	-66.3294	18.2267
49	84.2623	-66.0301	18.2322
49.02	83.0733	-64.8365	18.2369
49.04	80.1775	-61.9523	18.2252
49.06	75.9105	-57.6716	18.2389
49.08	74.4158	-56.1762	18.2396
49.1	76.8683	-58.6367	18.2316
49.12	79.8057	-61.5638	18.2418
49.14	81.3003	-63.0308	18.2695
49.16	81.2464	-62.9653	18.281
49.18	80.4383	-62.1565	18.2818
49.2	79.8942	-61.6073	18.2869
49.22	79.4663	-61.2014	18.2649
49.24	79.3783	-61.1127	18.2656
49.26	80.4616	-62.1914	18.2702
49.28	81.7552	-63.4802	18.2751
49.3	82.5677	-64.2861	18.2816
49.32	83.7112	-65.4255	18.2857
49.34	83.5452	-65.2551	18.2901
49.36	80.6968	-62.4275	18.2693
49.38	77.1315	-58.8772	18.2543
49.4	75.041	-56.7824	18.2586
49.42	74.4801	-56.2028	18.2773
49.44	77.374	-59.1108	18.2632
49.46	80.3599	-62.0907	18.2692
49.48	82.762	-64.498	18.2639
49.5	84.3489	-66.0962	18.2528
49.52	84.3877	-66.1288	18.2589
49.54	83.5158	-65.2565	18.2593
49.56	82.5467	-64.3086	18.2381
49.58	82.4337	-64.1974	18.2364
49.6	81.8937	-63.6509	18.2428
49.62	82.3303	-64.1049	18.2255
49.64	82.3482	-64.1419	18.2063
49.66	78.4064	-60.1978	18.2085
49.68	74.7495	-56.5248	18.2246
49.7	77.2944	-59.0636	18.2308
49.72	80.6685	-62.4547	18.2138
49.74	82.2492	-64.0393	18.2099
49.76	83.2933	-65.0998	18.1935
49.78	83.8158	-65.6114	18.2044
49.8	83.6917	-65.487	18.2046
49.82	83.1569	-64.9473	18.2096
49.84	81.7777	-63.563	18.2147
49.86	79.5691	-61.3475	18.2216
49.88	78.7383	-60.5329	18.2055
49.9	79.5698	-61.3608	18.209
49.92	79.6979	-61.4824	18.2155
49.94	79.7838	-61.5508	18.233
49.96	81.0433	-62.8051	18.2382
49.98	82.9959	-64.7531	18.2428
50	84.2555	-66.0191	18.2364
50.02	83.5823	-65.3516	18.2307
50.04	81.5436	-63.3105	18.2332
50.06	81.1265	-62.8893	18.2372
50.08	80.9745	-62.7494	18.2251
50.1	79.3188	-61.0926	18.2262
50.12	77.5087	-59.2977	18.211
50.14	77.2088	-58.9978	18.211
50.16	78.3148	-60.0936	18.2212
50.18	79.6927	-61.483	18.2097
50.2	80.2449	-62.036	18.2089
50.22	79.1599	-60.9394	18.2205
50.24	77.6337	-59.4129	18.2208
50.26	77.1275	-58.9161	18.2114
50.28	79.3004	-61.0967	18.2037
50.3	81.4796	-63.2657	18.2139
50.32	81.572	-63.3516	18.2204
50.34	80.7576	-62.5307	18.227
50.36	80.6602	-62.434	18.2262
50.38	80.5277	-62.3026	18.2251
50.4	79.1535	-60.9276	18.2259
50.42	77.6174	-59.3966	18.2208
50.44	77.2375	-59.0051	18.2324
50.46	78.7437	-60.5174	18.2263
50.48	81.1679	-62.9319	18.236
50.5	82.2835	-64.0494	18.2341
50.52	80.5844	-62.3572	18.2272
50.54	80.829	-62.6146	18.2144
50.56	81.5833	-63.3586	18.2247
50.58	80.8088	-62.5824	18.2264
50.6	80.4075	-62.1804	18.2271
50.62	81.2855	-63.0697	18.2158
50.64	82.9676	-64.7528	18.2148
50.66	83.9449	-65.7374	18.2075
50.68	81.9631	-63.7508	18.2124
50.7	78.1883	-59.9765	18.2119
50.72	78.1174	-59.9104	18.2071
50.74	77.614	-59.4105	18.2035
50.76	77.5155	-59.2941	18.2214
50.78	79.3672	-61.1531	18.2141
50.8	80.6072	-62.3883	18.2189
50.82	79.8377	-61.6077	18.2299
50.84	78.6931	-60.4481	18.2451
50.86	81.2699	-63.0351	18.2348
50.88	82.5955	-64.3437	18.2518
50.9	81.6897	-63.4093	18.2804
50.92	80.1497	-61.8631	18.2866
50.94	79.4924	-61.1935	18.2989
50.96	81.3457	-63.0315	18.3142
50.98	84.0878	-65.7858	18.302
51	85.5054	-67.2089	18.2965
51.02	85.0024	-66.7175	18.2849
51.04	81.9571	-63.6779	18.2793
51.06	77.3394	-59.0731	18.2663
51.08	76.0823	-57.7999	18.2825
51.1	78.3139	-60.0337	18.2802
51.12	80.7237	-62.4429	18.2808
51.14	83.022	-64.747	18.275
51.16	84.4087	-66.1396	18.269
51.18	84.0979	-65.8232	18.2748
51.2	82.3428	-64.0733	18.2695
51.22	79.8196	-61.5441	18.2755
51.24	77.8848	-59.6078	18.2769
51.26	78.473	-60.1858	18.2872
51.28	80.5916	-62.2895	18.3021
51.3	81.9181	-63.5832	18.3349
51.32	82.0512	-63.7153	18.3359
51.34	82.1546	-63.8134	18.3412
51.36	82.0345	-63.6999	18.3346
51.38	80.6172	-62.2815	18.3357
51.4	79.3629	-61.0264	18.3365
51.42	79.1356	-60.8013	18.3343
51.44	77.646	-59.2943	18.3517
51.46	76.6223	-58.2625	18.3598
51.48	78.9548	-60.6033	18.3515
51.5	81.1165	-62.771	18.3455
51.52	81.328	-62.9815	18.3465
51.54	80.5029	-62.1556	18.3472
51.56	79.6151	-61.2679	18.3471
51.58	78.6279	-60.2702	18.3577
51.6	77.2342	-58.8708	18.3634
51.62	75.9693	-57.5996	18.3697
51.64	75.8206	-57.457	18.3636
51.66	76.1547	-57.8083	18.3464
51.68	76.0304	-57.6941	18.3363
51.7	76.4327	-58.0957	18.337
51.72	78.0593	-59.7234	18.3359
51.74	79.457	-61.1275	18.3296
51.76	79.5182	-61.1771	18.3411
51.78	79.1728	-60.8306	18.3422
51.8	79.7469	-61.3948	18.352
51.82	80.0225	-61.6939	18.3286
51.84	78.0942	-59.7603	18.3339
51.86	74.8379	-56.4895	18.3484
51.88	74.7944	-56.4469	18.3475
51.9	77.2523	-58.9172	18.3352
51.92	79.5681	-61.2656	18.3025
51.94	81.1887	-62.8914	18.2974
51.96	82.1012	-63.7928	18.3085
51.98	82.374	-64.0598	18.3142
52	82.2794	-63.9758	18.3036
52.02	82.2224	-63.9243	18.298
52.04	82.1769	-63.8848	18.2921
52.06	81.7156	-63.4179	18.2977
52.08	81.1724	-62.8629	18.3095
52.1	81.6197	-63.3162	18.3034
52.12	82.3937	-64.0916	18.3021
52.14	81.8719	-63.5591	18.3129
52.16	80.0505	-61.748	18.3025
52.18	78.6174	-60.2853	18.3321
52.2	80.4256	-62.0736	18.352
52.22	82.971	-64.6103	18.3607
52.24	82.6598	-64.2876	18.3722
52.26	79.8815	-61.5193	18.3623
52.28	76.9885	-58.6188	18.3697
52.3	76.81	-58.4515	18.3585
52.32	79.14	-60.7768	18.3633
52.34	82.1851	-63.8067	18.3784
52.36	83.4769	-65.0988	18.3781
52.38	82.2854	-63.9287	18.3567
52.4	79.6646	-61.3061	18.3584
52.42	78.0921	-59.7334	18.3587
52.44	78.2289	-59.8651	18.3639
52.46	79.5034	-61.1399	18.3635
52.48	81.0416	-62.695	18.3466
52.5	81.9733	-63.6209	18.3523
52.52	82.3571	-64.0047	18.3523
52.54	82.0739	-63.7387	18.3351
52.56	80.6001	-62.2643	18.3358
52.58	79.5927	-61.2334	18.3593
52.6	80.6994	-62.3594	18.34
52.62	80.6324	-62.2925	18.3399
52.64	78.7991	-60.4578	18.3412
52.66	77.1343	-58.7979	18.3364
52.68	76.9697	-58.6388	18.331
52.7	78.4727	-60.1368	18.3359
52.72	80.7397	-62.3938	18.3459
52.74	82.2112	-63.8818	18.3295
52.76	82.4342	-64.0936	18.3406
52.78	81.6269	-63.3077	18.3191
52.8	80.4307	-62.1163	18.3144
52.82	79.8159	-61.5017	18.3142
52.84	79.65	-61.3148	18.3352
52.86	78.8787	-60.549	18.3297
52.88	77.7019	-59.3933	18.3086
52.9	77.1183	-58.7989	18.3194
52.92	77.0593	-58.7344	18.3249
52.94	77.2845	-58.9544	18.3301
52.96	77.5496	-59.2298	18.3198
52.98	78.2966	-59.9772	18.3193
53	78.8386	-60.5364	18.3022
53.02	78.2299	-59.9219	18.308
53.04	77.2971	-58.9653	18.3317
53.06	78.0876	-59.7627	18.325
53.08	79.157	-60.8491	18.3079
53.1	79.1683	-60.8653	18.3029
53.12	78.4599	-60.1626	18.2974
53.14	77.1564	-58.8755	18.2809
53.16	75.6633	-57.393	18.2703
53.18	74.5948	-56.314	18.2808
53.2	74.0302	-55.7484	18.2818
53.22	74.9009	-56.6091	18.2917
53.24	75.9871	-57.6845	18.3027
53.26	76.7587	-58.4395	18.3192
53.28	77.1286	-58.8206	18.308
53.3	76.6545	-58.3627	18.2917
53.32	75.6454	-57.3255	18.3199
53.34	75.1763	-56.8614	18.3149
53.36	75.8239	-57.504	18.3199
53.38	77.0736	-58.7703	18.3033
53.4	78.4755	-60.189	18.2865
53.42	79.3561	-61.0919	18.2643
53.44	79.195	-60.9252	18.2699
53.46	78.2338	-59.9581	18.2757
53.48	77.1159	-58.829	18.2869
53.5	76.4277	-58.1409	18.2868
53.52	76.1075	-57.8216	18.2859
53.54	75.4664	-57.1795	18.2869
53.56	75.6703	-57.3611	18.3092
53.58	77.1244	-58.8272	18.2972
53.6	78.3206	-60.0402	18.2804
53.62	78.5235	-60.2261	18.2974
53.64	78.5141	-60.2157	18.2984
53.66	79.5265	-61.2341	18.2924
53.68	80.9828	-62.6914	18.2914
53.7	81.4267	-63.1084	18.3184
53.72	80.2447	-61.9433	18.3014
53.74	77.278	-58.9817	18.2963
53.76	74.3236	-56.0353	18.2883
53.78	75.7124	-57.4365	18.2758
53.8	79.5561	-61.294	18.2621
53.82	81.8205	-63.551	18.2695
53.84	83.5551	-65.2748	18.2804
53.86	84.4863	-66.2169	18.2694
53.88	84.2869	-66.0337	18.2532
53.9	83.3475	-65.1105	18.2369
53.92	82.1998	-63.9515	18.2484
53.94	81.7724	-63.5242	18.2482
53.96	81.9946	-63.7529	18.2417
53.98	81.4609	-63.2089	18.252
54	79.5801	-61.3323	18.2477
54.02	78.4614	-60.2011	18.2603
54.04	80.0833	-61.803	18.2803
54.06	81.9628	-63.6945	18.2683
54.08	81.9941	-63.7031	18.2909
54.1	80.94	-62.6416	18.2984
54.12	81.2275	-62.9291	18.2984
54.14	82.847	-64.5498	18.2972
54.16	83.9658	-65.6579	18.308
54.18	84.1103	-65.8131	18.2972
54.2	83.777	-65.4785	18.2985
54.22	84.728	-66.4513	18.2767
54.24	87.0954	-68.8367	18.2586
54.26	88.7695	-70.5442	18.2253
54.28	88.947	-70.7269	18.2202
54.3	88.0533	-69.8385	18.2148
54.32	86.433	-68.219	18.214
54.34	83.6292	-65.4044	18.2249
54.36	80.1169	-61.8919	18.225
54.38	77.4395	-59.1953	18.2443
54.4	79.1483	-60.9009	18.2474
54.42	82.4382	-64.1815	18.2567
54.44	83.9836	-65.7252	18.2584
54.46	84.9192	-66.6603	18.2589
54.48	85.6816	-67.4231	18.2585
54.5	85.6099	-67.3515	18.2584
54.52	84.4002	-66.1359	18.2643
54.54	82.6362	-64.3821	18.254
54.56	81.3411	-63.0868	18.2543
54.58	81.0623	-62.7973	18.265
54.6	81.4018	-63.1596	18.2422
54.62	81.1382	-62.9017	18.2365
54.64	80.0018	-61.7808	18.221
54.66	79.3276	-61.1222	18.2054
54.68	80.1409	-61.9587	18.1823
54.7	80.9016	-62.7371	18.1646
54.72	79.8985	-61.717	18.1815
54.74	78.0999	-59.9391	18.1609
54.76	77.0841	-58.9253	18.1588
54.78	75.3406	-57.1801	18.1605
54.8	75.6236	-57.4401	18.1834
54.82	78.8557	-60.6586	18.1971
54.84	80.9067	-62.7201	18.1866
54.86	81.014	-62.8337	18.1803
54.88	78.3385	-60.1742	18.1643
54.9	74.375	-56.1864	18.1886
54.92	73.0522	-54.8687	18.1835
54.94	74.779	-56.5648	18.2142
54.96	76.5203	-58.3108	18.2095
54.98	77.9802	-59.7873	18.1929
55	78.7861	-60.5988	18.1873
55.02	78.7209	-60.5328	18.1881
55.04	78.764	-60.5703	18.1938
55.06	79.1521	-60.9648	18.1873
55.08	78.5534	-60.3667	18.1866
55.1	76.3905	-58.197	18.1935
55.12	74.8557	-56.6554	18.2002
55.14	75.3894	-57.1803	18.2091
55.16	75.7073	-57.4979	18.2094
55.18	75.8478	-57.6429	18.2049
55.2	76.8329	-58.629	18.204
55.22	77.5935	-59.3955	18.198
55.24	77.4394	-59.2406	18.1988
55.26	77.4252	-59.2366	18.1887
55.28	78.5546	-60.3501	18.2045
55.3	80.0227	-61.8135	18.2091
55.32	80.8232	-62.6083	18.2149
55.34	81.1114	-62.9022	18.2091
55.36	80.6231	-62.4082	18.215
55.38	79.7709	-61.5444	18.2265
55.4	79.3853	-61.1534	18.2319
55.42	79.5019	-61.2652	18.2367
55.44	79.2387	-61.0036	18.2352
55.46	77.0097	-58.7466	18.263
55.48	74.1325	-55.8612	18.2713
55.5	74.4193	-56.1488	18.2704
55.52	77.2655	-58.9963	18.2692
55.54	80.6514	-62.3712	18.2802
55.56	83.7291	-65.4549	18.2742
55.58	85.2957	-67.0434	18.2524
55.6	85.0033	-66.7565	18.2468
55.62	82.8441	-64.5972	18.2468
55.64	79.9657	-61.7273	18.2385
55.66	79.6433	-61.4233	18.22
55.68	80.0758	-61.8565	18.2193
55.7	79.9716	-61.7566	18.215
55.72	80.4806	-62.2717	18.2089
55.74	81.0406	-62.8533	18.1873
55.76	81.8123	-63.6304	18.1819
55.78	82.6629	-64.4978	18.1651
55.8	82.877	-64.7009	18.1761
55.82	82.313	-64.1255	18.1875
55.84	81.7117	-63.5233	18.1884
55.86	82.199	-64.0107	18.1883
55.88	83.6628	-65.4697	18.1931
55.9	85.0321	-66.8451	18.187
55.92	85.1953	-66.9868	18.2085
55.94	83.7472	-65.4942	18.2529
55.96	81.8464	-63.5868	18.2596
55.98	81.5038	-63.2494	18.2544
56	83.0798	-64.8276	18.2522
56.02	83.7433	-65.4973	18.246
56.04	82.3691	-64.1321	18.2369
56.06	81.2757	-63.038	18.2377
56.08	81.6714	-63.4505	18.2208
56.1	82.7927	-64.5563	18.2363
56.12	83.1367	-64.906	18.2307
56.14	82.4092	-64.1775	18.2317
56.16	81.8305	-63.5933	18.2372
56.18	81.4635	-63.2215	18.242
56.2	80.961	-62.7231	18.2379
56.22	81.9151	-63.6775	18.2375
56.24	83.9363	-65.7106	18.2257
56.26	85.5792	-67.3533	18.2259
56.28	86.7528	-68.554	18.1987
56.3	87.4867	-69.3054	18.1813
56.32	86.5241	-68.3442	18.1799
56.34	82.6768	-64.4801	18.1967
56.36	77.5045	-59.3344	18.1701
56.38	75.3127	-57.121	18.1917
56.4	80.7062	-62.5277	18.1785
56.42	84.9181	-66.7495	18.1686
56.44	86.1471	-67.9726	18.1745
56.46	84.7139	-66.5623	18.1516
56.48	80.9655	-62.8427	18.1228
56.5	80.0033	-61.8826	18.1206
56.52	80.3013	-62.1703	18.131
56.54	80.3553	-62.2222	18.1331
56.56	82.0616	-63.9239	18.1377
56.58	84.1203	-65.9834	18.1369
56.6	84.7996	-66.6844	18.1152
56.62	84.0966	-65.9753	18.1213
56.64	83.2641	-65.1575	18.1066
56.66	84.1534	-66.0598	18.0936
56.68	84.528	-66.4299	18.0981
56.7	82.9182	-64.8186	18.0996
56.72	81.5962	-63.5058	18.0904
56.74	82.6257	-64.5371	18.0885
56.76	83.7891	-65.6959	18.0932
56.78	83.8792	-65.795	18.0842
56.8	84.8453	-66.7452	18.1001
56.82	85.9907	-67.8925	18.0981
56.84	84.6318	-66.5344	18.0975
56.86	81.0158	-62.9151	18.1007
56.88	80.1671	-62.0764	18.0907
56.9	83.3662	-65.2794	18.0867
56.92	85.3244	-67.2478	18.0767
56.94	85.3425	-67.2588	18.0837
56.96	85.0478	-66.975	18.0728
56.98	84.6162	-66.5432	18.073
57	84.2906	-66.2226	18.068
57.02	84.6648	-66.6026	18.0622
57.04	85.3675	-67.3061	18.0614
57.06	85.3977	-67.326	18.0717
57.08	83.9256	-65.8491	18.0765
57.1	80.8327	-62.7376	18.0951
57.12	79.5707	-61.4907	18.08
57.14	82.0797	-64.0075	18.0722
57.16	85.1427	-67.072	18.0707
57.18	86.2599	-68.1556	18.1042
57.2	86.3284	-68.212	18.1164
57.22	86.5679	-68.4369	18.131
57.24	85.6917	-67.564	18.1277
57.26	85.7896	-67.6637	18.1259
57.28	85.2133	-67.0821	18.1312
57.3	83.4105	-65.2774	18.1331
57.32	82.9165	-64.783	18.1336
57.34	84.283	-66.162	18.121
57.36	85.3075	-67.1987	18.1088
57.38	84.0161	-65.8911	18.125
57.4	80.9729	-62.8289	18.144
57.42	79.3671	-61.214	18.1531
57.44	78.6593	-60.5035	18.1558
57.46	81.0956	-62.9315	18.164
57.48	83.6158	-65.4466	18.1692
57.5	84.5855	-66.4249	18.1606
57.52	86.0951	-67.9239	18.1711
57.54	87.5308	-69.3436	18.1873
57.56	88.1943	-69.9902	18.2041
57.58	88.2815	-70.0775	18.204
57.6	87.8205	-69.6165	18.204
57.62	86.9928	-68.7996	18.1932
57.64	86.1035	-67.9219	18.1816
57.66	84.9519	-66.743	18.2089
57.68	83.7402	-65.5587	18.1815
57.7	82.7755	-64.6048	18.1707
57.72	82.3615	-64.1692	18.1923
57.74	81.8934	-63.6967	18.1967
57.76	80.3942	-62.179	18.2152
57.78	80.2074	-61.9869	18.2205
57.8	81.1659	-62.9577	18.2082
57.82	81.4665	-63.2624	18.2041
57.84	82.394	-64.184	18.2101
57.86	84.3175	-66.1031	18.2144
57.88	85.5376	-67.329	18.2086
57.9	85.2526	-67.0601	18.1924
57.92	83.666	-65.468	18.198
57.94	81.1128	-62.9151	18.1978
57.96	77.8764	-59.6775	18.1989
57.98	75.948	-57.7529	18.1951
58	77.4165	-59.1954	18.2211
58.02	80.3937	-62.1739	18.2197
58.04	82.3844	-64.1647	18.2197
58.06	82.7695	-64.5603	18.2092
58.08	81.9721	-63.7572	18.2149
58.1	80.3566	-62.1257	18.2309
58.12	77.7934	-59.5456	18.2478
58.14	75.8756	-57.6426	18.233
58.16	76.3897	-58.1592	18.2304
58.18	76.8321	-58.5958	18.2363
58.2	76.637	-58.4242	18.2128
58.22	74.9746	-56.7586	18.216
58.24	75.4473	-57.2221	18.2253
58.26	76.4591	-58.257	18.202
58.28	75.9115	-57.7012	18.2103
58.3	76.6056	-58.3912	18.2144
58.32	77.2207	-59.0018	18.2189
58.34	76.6618	-58.4296	18.2322
58.36	77.7226	-59.5013	18.2213
58.38	80.3801	-62.1552	18.2249
58.4	81.8973	-63.6887	18.2086
58.42	81.7413	-63.5433	18.198
58.44	80.46	-62.2502	18.2097
58.46	79.4398	-61.2237	18.2161
58.48	80.0102	-61.7729	18.2373
58.5	81.3416	-63.0997	18.2419
58.52	82.1144	-63.8726	18.2418
58.54	82.0468	-63.8052	18.2416
58.56	80.9718	-62.7413	18.2305
58.58	79.1451	-60.8969	18.2483
58.6	78.7332	-60.4729	18.2604
58.62	81.0292	-62.7763	18.2529
58.64	83.4326	-65.1915	18.2411
58.66	84.3663	-66.1135	18.2528
58.68	84.5248	-66.2711	18.2537
58.7	84.9694	-66.7157	18.2537
58.72	85.6469	-67.4104	18.2366
58.74	85.6739	-67.4431	18.2308
58.76	84.6963	-66.4707	18.2256
58.78	83.2814	-65.055	18.2264
58.8	82.8261	-64.6043	18.2218
58.82	84.3803	-66.1542	18.226
58.84	86.3183	-68.0933	18.225
58.86	86.8786	-68.6591	18.2195
58.88	85.9408	-67.7095	18.2313
58.9	84.9191	-66.6872	18.2319
58.92	84.4949	-66.2537	18.2412
58.94	82.8882	-64.6581	18.2301
58.96	80.2676	-62.0353	18.2324
58.98	79.5616	-61.3296	18.2319
59	80.5868	-62.3394	18.2474
59.02	81.6849	-63.4376	18.2474
59.04	82.4512	-64.2035	18.2477
59.06	83.0583	-64.7831	18.2752
59.08	83.3549	-65.0915	18.2635
59.1	82.3259	-64.0743	18.2515
59.12	79.7628	-61.5137	18.2491
59.14	79.7621	-61.5086	18.2535
59.16	81.4313	-63.1797	18.2516
59.18	81.5701	-63.3283	18.2418
59.2	81.0942	-62.857	18.2372
59.22	81.0041	-62.7673	18.2368
59.24	80.8842	-62.6421	18.2421
59.26	80.6616	-62.4189	18.2427
59.28	80.9422	-62.7166	18.2256
59.3	81.0039	-62.7843	18.2195
59.32	80.1324	-61.9129	18.2194
59.34	78.3892	-60.1589	18.2303
59.36	76.6073	-58.3646	18.2427
59.38	76.7602	-58.5176	18.2426
59.4	78.9393	-60.6916	18.2477
59.42	81.8411	-63.6059	18.2353
59.44	83.167	-64.9151	18.2519
59.46	82.8811	-64.6112	18.2699
59.48	82.8153	-64.5287	18.2866
59.5	83.3397	-65.0535	18.2862
59.52	83.6792	-65.3931	18.2861
59.54	83.5569	-65.287	18.2699
59.56	83.1193	-64.8491	18.2702
59.58	82.7197	-64.444	18.2757
59.6	82.402	-64.1266	18.2754
59.62	81.8567	-63.5816	18.2751
59.64	80.7655	-62.4964	18.2692
59.66	78.9322	-60.6621	18.2701
59.68	77.9447	-59.6733	18.2713
59.7	79.3898	-61.1199	18.2699
59.72	81.4143	-63.1565	18.2578
59.74	82.1852	-63.9271	18.2581
59.76	81.742	-63.4888	18.2532
59.78	80.9884	-62.7182	18.2703
59.8	80.7711	-62.5011	18.27
59.82	80.9276	-62.6526	18.275
59.84	80.7019	-62.4221	18.2799
59.86	79.3026	-61.0227	18.2799
59.88	77.1693	-58.8933	18.276
59.9	76.6219	-58.3395	18.2825
59.92	78.9441	-60.6576	18.2865
59.94	82.1844	-63.8937	18.2907
59.96	84.1694	-65.8842	18.2851
59.98	84.4105	-66.1412	18.2694
60	83.7721	-65.491	18.2812
60.02	83.4799	-65.1933	18.2866
60.04	83.5888	-65.2976	18.2912
60.06	83.5787	-65.2864	18.2923
60.08	84.6095	-66.318	18.2915
60.1	85.9667	-67.6865	18.2802
60.12	86.8611	-68.575	18.2861
60.14	87.5516	-69.2603	18.2913
60.16	87.624	-69.3275	18.2965
60.18	86.6835	-68.3929	18.2906
60.2	84.3502	-66.0759	18.2742
60.22	81.2589	-62.9726	18.2864
60.24	79.6262	-61.3273	18.2989
60.26	81.5536	-63.2777	18.2759
60.28	85.4122	-67.1276	18.2846
60.3	87.7687	-69.5012	18.2674
60.32	87.2353	-68.9565	18.2788
60.34	84.619	-66.3383	18.2807
60.36	82.9875	-64.6886	18.2989
60.38	84.4532	-66.1725	18.2806
60.4	86.7942	-68.4978	18.2965
60.42	88.3933	-70.0972	18.296
60.44	88.2763	-69.97	18.3063
60.46	85.7059	-67.3992	18.3067
60.48	82.0522	-63.7595	18.2927
60.5	81.0127	-62.7255	18.2872
60.52	82.9327	-64.6368	18.2959
60.54	84.7578	-66.4683	18.2895
60.56	85.0133	-66.751	18.2622
60.58	83.4604	-65.1989	18.2615
60.6	80.0085	-61.7555	18.253
60.62	77.9331	-59.6845	18.2486
60.64	79.1367	-60.8721	18.2646
60.66	82.5478	-64.2738	18.274
60.68	85.3791	-67.1056	18.2734
60.7	85.9028	-67.6341	18.2687
60.72	84.5934	-66.3238	18.2697
60.74	82.6407	-64.3649	18.2758
60.76	81.0395	-62.7635	18.276
60.78	80.17	-61.8833	18.2868
60.8	79.8419	-61.5772	18.2647
60.82	79.8508	-61.5695	18.2813
60.84	80.3871	-62.0948	18.2923
60.86	81.3747	-63.0885	18.2862
60.88	81.9394	-63.6537	18.2857
60.9	81.3964	-63.1104	18.2859
60.92	80.1255	-61.817	18.3086
60.94	79.199	-60.9176	18.2814
60.96	79.04	-60.7593	18.2807
60.98	78.8209	-60.5348	18.286
61	78.4165	-60.1296	18.2869
61.02	78.8214	-60.5291	18.2922
61.04	79.8247	-61.5228	18.3019
61.06	79.7894	-61.5043	18.2851
61.08	78.5529	-60.2719	18.281
61.1	77.8605	-59.575	18.2856
61.12	76.9129	-58.6231	18.2898
61.14	74.7322	-56.44	18.2923
61.16	74.8193	-56.5155	18.3038
61.18	77.5791	-59.2835	18.2955
61.2	79.1993	-60.9079	18.2914
61.22	80.1161	-61.8412	18.2749
61.24	80.1046	-61.8197	18.2849
61.26	78.2616	-59.9645	18.2971
61.28	76.6594	-58.3664	18.293
61.3	76.8357	-58.5499	18.2857
61.32	76.6909	-58.3942	18.2966
61.34	75.6732	-57.376	18.2973
61.36	74.6738	-56.3592	18.3146
61.38	74.8432	-56.5341	18.3091
61.4	76.0665	-57.7746	18.2919
61.42	77.1994	-58.9134	18.286
61.44	77.3974	-59.117	18.2803
61.46	76.3207	-58.0513	18.2695
61.48	74.424	-56.1424	18.2816
61.5	73.443	-55.1446	18.2984
61.52	73.9146	-55.6119	18.3027
61.54	74.3378	-56.0515	18.2864
61.56	74.5416	-56.2491	18.2925
61.58	75.1665	-56.8739	18.2926
61.6	76.2334	-57.9467	18.2867
61.62	77.1914	-58.894	18.2974
61.64	77.4665	-59.1638	18.3027
61.66	76.7883	-58.4855	18.3027
61.68	75.3564	-57.0477	18.3087
61.7	73.9253	-55.6053	18.32
61.72	73.1374	-54.8177	18.3197
61.74	72.8182	-54.5098	18.3084
61.76	72.6111	-54.3134	18.2977
61.78	73.01	-54.7119	18.2982
61.8	74.5139	-56.2164	18.2976
61.82	76.2874	-57.9959	18.2915
61.84	77.363	-59.0663	18.2967
61.86	77.2038	-58.9186	18.2852
61.88	75.37	-57.0733	18.2967
61.9	73.0833	-54.7908	18.2925
61.92	72.5305	-54.2324	18.2982
61.94	74.337	-56.0398	18.2972
61.96	76.9456	-58.6335	18.3121
61.98	78.0318	-59.7249	18.3069
62	77.7372	-59.4289	18.3084
62.02	77.9858	-59.6884	18.2974
62.04	78.8455	-60.5548	18.2907
62.06	78.6428	-60.3304	18.3124
62.08	77.1378	-58.8404	18.2974
62.1	76.5016	-58.1864	18.3152
62.12	78.5057	-60.1918	18.3139
62.14	81.4294	-63.1115	18.3179
62.16	82.8106	-64.4879	18.3227
62.18	81.5369	-63.2092	18.3277
62.2	77.6661	-59.3205	18.3456
62.22	74.2541	-55.8944	18.3597
62.24	75.6459	-57.2938	18.3521
62.26	79.1034	-60.754	18.3493
62.28	80.2481	-61.9028	18.3453
62.3	80.0154	-61.663	18.3524
62.32	80.0576	-61.7057	18.3519
62.34	79.7122	-61.3656	18.3466
62.36	79.1395	-60.7807	18.3588
62.38	79.6052	-61.2527	18.3526
62.4	80.2355	-61.878	18.3574
62.42	79.9879	-61.6305	18.3574
62.44	78.7134	-60.3613	18.3521
62.46	76.802	-58.4602	18.3418
62.48	75.416	-57.0574	18.3586
62.5	75.1439	-56.7967	18.3472
62.52	75.6613	-57.325	18.3363
62.54	76.7081	-58.367	18.3411
62.56	77.3321	-58.964	18.3681
62.58	76.9076	-58.5338	18.3738
62.6	75.7688	-57.3833	18.3855
62.62	74.9836	-56.5976	18.3859
62.64	75.207	-56.8271	18.3799
62.66	75.736	-57.3516	18.3844
62.68	75.2913	-56.9181	18.3732
62.7	73.976	-55.5955	18.3805
62.72	74.1782	-55.7922	18.3861
62.74	75.9259	-57.5636	18.3623
62.76	76.8033	-58.4408	18.3625
62.78	76.4781	-58.1042	18.3738
62.8	75.3691	-56.9896	18.3795
62.82	73.8868	-55.5067	18.3801
62.84	72.916	-54.5356	18.3804
62.86	73.0561	-54.6704	18.3857
62.88	74.1052	-55.7257	18.3795
62.9	74.9864	-56.6029	18.3835
62.92	73.9572	-55.5845	18.3727
62.94	72.1581	-53.7716	18.3864
62.96	72.874	-54.4893	18.3847
62.98	74.3306	-55.9516	18.379
63	75.5293	-57.1496	18.3797
63.02	76.9928	-58.6352	18.3576
63.04	78.4356	-60.0674	18.3681
63.06	79.1026	-60.7242	18.3783
63.08	77.9295	-59.5681	18.3614
63.1	74.9355	-56.5828	18.3527
63.12	73.5765	-55.2283	18.3482
63.14	75.1129	-56.7781	18.3348
63.16	76.4387	-58.1152	18.3236
63.18	76.4973	-58.1787	18.3186
63.2	75.9492	-57.6403	18.3089
63.22	76.1958	-57.9089	18.287
63.24	77.1443	-58.8527	18.2916
63.26	77.4954	-59.1985	18.2969
63.28	76.8747	-58.5828	18.2919
63.3	76.0039	-57.7166	18.2873
63.32	76.082	-57.7785	18.3035
63.34	76.8693	-58.5719	18.2974
63.36	77.3614	-59.0642	18.2972
63.38	77.2241	-58.91	18.314
63.4	76.9592	-58.6282	18.331
63.42	77.2794	-58.965	18.3145
63.44	78.0242	-59.7158	18.3084
63.46	78.3811	-60.0679	18.3132
63.48	77.4342	-59.1219	18.3123
63.5	74.4822	-56.1747	18.3074
63.52	72.4062	-54.1107	18.2955
63.54	75.8012	-57.5167	18.2845
63.56	78.5988	-60.3195	18.2793
63.58	79.1636	-60.8665	18.2971
63.6	78.9714	-60.6684	18.303
63.62	78.669	-60.3664	18.3026
63.64	77.9655	-59.6575	18.308
63.66	77.2971	-58.9929	18.3042
63.68	78.6006	-60.292	18.3086
63.7	80.6599	-62.3525	18.3074
63.72	81.4244	-63.1061	18.3183
63.74	80.4883	-62.1702	18.3181
63.76	78.0208	-59.6966	18.3242
63.78	75.3254	-56.9951	18.3304
63.8	74.141	-55.8317	18.3093
63.82	75.4173	-57.1043	18.313
63.84	76.9122	-58.6	18.3122
63.86	77.3191	-59.0104	18.3087
63.88	78.4238	-60.1264	18.2975
63.9	79.7949	-61.5089	18.2861
63.92	80.4303	-62.1437	18.2866
63.94	80.6239	-62.3429	18.281
63.96	80.3185	-62.0489	18.2696
63.98	79.0703	-60.8064	18.2639
64	77.151	-58.8856	18.2653
64.02	76.5824	-58.3285	18.2539
64.04	77.097	-58.8331	18.2638
64.06	77.5348	-59.2696	18.2652
64.08	79.1272	-60.8355	18.2917
64.1	80.7274	-62.4426	18.2848
64.12	80.3055	-62.0094	18.2961
64.14	78.6729	-60.3908	18.2821
64.16	78.9119	-60.6361	18.2758
64.18	80.2558	-61.9815	18.2743
64.2	80.3299	-62.0667	18.2632
64.22	78.9118	-60.6364	18.2754
64.24	78.0504	-59.7735	18.2769
64.26	79.4844	-61.2036	18.2808
64.28	81.2407	-62.9769	18.2639
64.3	82.0323	-63.7683	18.264
64.32	81.8553	-63.5909	18.2644
64.34	81.3239	-63.0644	18.2595
64.36	81.1331	-62.8739	18.2592
64.38	81.139	-62.8631	18.2759
64.4	81.5781	-63.3022	18.2759
64.42	82.482	-64.1952	18.2868
64.44	83.6551	-65.3469	18.3082
64.46	84.3912	-66.0559	18.3353
64.48	84.2882	-65.936	18.3523
64.5	84.1352	-65.7825	18.3528
64.52	84.7245	-66.3664	18.358
64.54	85.9502	-67.6036	18.3466
64.56	87.1618	-68.811	18.3508
64.58	86.7414	-68.3924	18.3491
64.6	83.6172	-65.2668	18.3504
64.62	80.5513	-62.1885	18.3628
64.64	81.0863	-62.7229	18.3634
64.66	84.8782	-66.5245	18.3537
64.68	86.6248	-68.2739	18.3509
64.7	88.0053	-69.6645	18.3408
64.72	89.6517	-71.3015	18.3503
64.74	89.4013	-71.0567	18.3446
64.76	87.1877	-68.8572	18.3305
64.78	86.0922	-67.7778	18.3144
64.8	86.5868	-68.2689	18.318
64.82	86.337	-68.0237	18.3133
64.84	86.0207	-67.7066	18.3141
64.86	86.5231	-68.2048	18.3183
64.88	86.3399	-68.0272	18.3127
64.9	85.3923	-67.0942	18.2982
64.92	85.9173	-67.6469	18.2705
64.94	87.5575	-69.2885	18.269
64.96	88.2908	-70.0163	18.2745
64.98	87.769	-69.4885	18.2805
65	86.7003	-68.4246	18.2757
65.02	85.9658	-67.6844	18.2813
65.04	85.8857	-67.6045	18.2812
65.06	86.3229	-68.0308	18.2921
65.08	87.1224	-68.8194	18.303
65.1	88.1057	-69.7977	18.308
65.12	88.4233	-70.1057	18.3177
65.14	86.5053	-68.194	18.3114
65.16	82.161	-63.8307	18.3304
65.18	79.2414	-60.9155	18.3259
65.2	79.5671	-61.2428	18.3242
65.22	80.6613	-62.333	18.3283
65.24	80.3703	-62.0406	18.3296
65.26	80.2303	-61.9045	18.3258
65.28	82.012	-63.6713	18.3407
65.3	83.6013	-65.2504	18.3509
65.32	83.3777	-65.0208	18.3568
65.34	81.6139	-63.2456	18.3683
65.36	79.166	-60.7803	18.3857
65.38	77.6453	-59.2696	18.3757
65.4	78.2708	-59.8962	18.3746
65.42	79.6511	-61.2939	18.3572
65.44	80.2079	-61.8505	18.3574
65.46	79.8999	-61.5476	18.3523
65.48	79.233	-60.875	18.358
65.5	78.5351	-60.1662	18.3689
65.52	77.9162	-59.5471	18.3691
65.54	77.7423	-59.3952	18.3472
65.56	78.162	-59.8207	18.3413
65.58	78.7511	-60.4155	18.3356
65.6	79.1645	-60.8291	18.3353
65.62	79.1299	-60.7999	18.33
65.64	79.0168	-60.6643	18.3525
65.66	79.516	-61.1637	18.3523
65.68	80.4127	-62.0665	18.3462
65.7	80.971	-62.6305	18.3405
65.72	80.9367	-62.6228	18.3138
65.74	81.2319	-62.9232	18.3087
65.76	82.2806	-63.9727	18.3079
65.78	83.0186	-64.7061	18.3125
65.8	82.212	-63.8888	18.3233
65.82	79.8362	-61.5123	18.324
65.84	77.238	-58.8972	18.3408
65.86	75.6336	-57.2926	18.341
65.88	75.9225	-57.5992	18.3233
65.9	76.7578	-58.4345	18.3233
65.92	77.7391	-59.4149	18.3242
65.94	79.367	-61.0495	18.3174
65.96	79.8302	-61.5342	18.2961
65.98	79.4475	-61.15	18.2975
66	79.7926	-61.4842	18.3084
66.02	80.6682	-62.3769	18.2912
66.04	80.9323	-62.6188	18.3135
66.06	80.7485	-62.4452	18.3033
66.08	80.9471	-62.6546	18.2925
66.1	81.6388	-63.3522	18.2866
66.12	82.1016	-63.8263	18.2753
66.14	81.8242	-63.5326	18.2916
66.16	80.6943	-62.3804	18.3139
66.18	79.4951	-61.1475	18.3476
66.2	79.3462	-60.9992	18.347
66.22	79.7159	-61.3855	18.3304
66.24	80.2378	-61.9015	18.3363
66.26	81.3461	-62.9988	18.3473
66.28	83.0368	-64.6849	18.352
66.3	84.366	-66.02	18.346
66.32	84.9152	-66.5793	18.3359
66.34	85.8596	-67.5235	18.3361
66.36	87.3413	-69.0066	18.3347
66.38	87.6671	-69.338	18.3291
66.4	86.7122	-68.3823	18.3299
66.42	85.7725	-67.4368	18.3357
66.44	85.6924	-67.3566	18.3358
66.46	86.7316	-68.3805	18.3511
66.48	87.3399	-69.0174	18.3225
66.5	86.4288	-68.104	18.3249
66.52	86.7622	-68.4319	18.3304
66.54	88.5505	-70.2211	18.3294
66.56	90.0652	-71.7251	18.3401
66.58	90.3242	-71.9683	18.3559
66.6	88.5927	-70.236	18.3567
66.62	86.0896	-67.7322	18.3575
66.64	84.3218	-65.9687	18.353
66.66	84.7161	-66.3463	18.3698
66.68	87.2006	-68.8271	18.3735
66.7	89.2218	-70.8485	18.3733
66.72	89.7946	-71.4208	18.3738
66.74	89.2439	-70.8699	18.374
66.76	87.7473	-69.3788	18.3685
66.78	85.4401	-67.0603	18.3797
66.8	83.0211	-64.6462	18.3749
66.82	81.6596	-63.2845	18.3752
66.84	81.7723	-63.3925	18.3798
66.86	82.2936	-63.9093	18.3843
66.88	81.8434	-63.4817	18.3617
66.9	79.7735	-61.4113	18.3622
66.92	77.5386	-59.1686	18.37
66.94	78.2495	-59.8974	18.3521
66.96	80.3619	-62.0002	18.3617
66.98	81.5928	-63.2361	18.3567
67	82.1319	-63.7917	18.3402
67.02	81.8798	-63.5509	18.3289
67.04	80.7302	-62.4054	18.3248
67.06	80.4439	-62.1241	18.3198
67.08	81.6335	-63.3202	18.3134
67.1	82.6099	-64.2865	18.3234
67.12	81.804	-63.4746	18.3295
67.14	79.9347	-61.5872	18.3475
67.16	79.0316	-60.6841	18.3476
67.18	79.3117	-60.9812	18.3305
67.2	79.9138	-61.5831	18.3307
67.22	80.7761	-62.4565	18.3197
67.24	81.6696	-63.3612	18.3085
67.26	82.2285	-63.898	18.3304
67.28	82.3805	-64.0335	18.3469
67.3	82.3339	-63.9813	18.3526
67.32	82.3946	-64.0475	18.3471
67.34	82.5249	-64.1565	18.3684
67.36	82.1318	-63.7748	18.357
67.38	80.9165	-62.5426	18.3739
67.4	79.9812	-61.6278	18.3534
67.42	81.6272	-63.2795	18.3476
67.44	85.3117	-66.9668	18.3449
67.46	87.3284	-68.9783	18.35
67.48	86.4342	-68.0787	18.3555
67.5	83.0738	-64.7169	18.357
67.52	80.4287	-62.0635	18.3652
67.54	81.9257	-63.5631	18.3626
67.56	84.7459	-66.3787	18.3672
67.58	86.6339	-68.2888	18.3452
67.6	86.9004	-68.5442	18.3562
67.62	85.5463	-67.173	18.3732
67.64	83.598	-65.2181	18.38
67.66	82.904	-64.5294	18.3746
67.68	83.6828	-65.2982	18.3846
67.7	84.6939	-66.2931	18.4008
67.72	85.1362	-66.7478	18.3884
67.74	83.1997	-64.8064	18.3933
67.76	78.9239	-60.538	18.386
67.78	77.6102	-59.2171	18.3931
67.8	81.1868	-62.8087	18.3781
67.82	84.4346	-66.0402	18.3943
67.84	85.5892	-67.1883	18.4009
67.86	85.4266	-67.0421	18.3845
67.88	84.1342	-65.7493	18.3849
67.9	82.4456	-64.0539	18.3917
67.92	82.1503	-63.7755	18.3748
67.94	82.7412	-64.3623	18.3789
67.96	82.3568	-64.0002	18.3566
67.98	80.5246	-62.1674	18.3572
68	78.5952	-60.2426	18.3526
68.02	78.0492	-59.7085	18.3407
68.04	78.7393	-60.3973	18.3419
68.06	81.102	-62.746	18.356
68.08	82.1548	-63.7929	18.3619
68.1	81.5334	-63.1754	18.3579
68.12	80.9382	-62.5745	18.3637
68.14	80.9875	-62.6239	18.3636
68.16	81.6489	-63.2803	18.3686
68.18	81.9953	-63.6119	18.3834
68.2	79.9233	-61.5291	18.3942
68.22	75.8216	-57.4306	18.3911
68.24	73.5655	-55.1561	18.4094
68.26	75.8176	-57.4217	18.396
68.28	79.1615	-60.7731	18.3884
68.3	80.1276	-61.7434	18.3842
68.32	79.9828	-61.5915	18.3913
68.34	80.6759	-62.2852	18.3907
68.36	81.5383	-63.1643	18.374
68.38	82.0242	-63.6336	18.3906
68.4	82.2315	-63.8303	18.4012
68.42	81.7915	-63.3745	18.417
68.44	80.1321	-61.7263	18.4058
68.46	77.3714	-58.9647	18.4067
68.48	75.967	-57.5417	18.4252
68.5	78.078	-59.6606	18.4174
68.52	80.6615	-62.2388	18.4227
68.54	82.3705	-63.9477	18.4228
68.56	82.9031	-64.4691	18.434
68.58	82.5763	-64.1527	18.4236
68.6	82.1982	-63.7688	18.4295
68.62	82.3054	-63.8761	18.4294
68.64	82.8312	-64.4074	18.4238
68.66	83.653	-65.2244	18.4286
68.68	83.8478	-65.4202	18.4276
68.7	82.4561	-64.0549	18.4012
68.72	80.8562	-62.46	18.3962
68.74	80.0719	-61.6758	18.3961
68.76	80.2093	-61.8077	18.4016
68.78	81.0192	-62.6132	18.406
68.8	81.0802	-62.6743	18.4059
68.82	80.3525	-61.9175	18.435
68.84	81.0341	-62.5933	18.4407
68.86	83.2452	-64.8173	18.4278
68.88	84.1561	-65.7351	18.4211
68.9	81.7811	-63.3542	18.4269
68.92	77.6399	-59.2033	18.4366
68.94	76.7998	-58.3587	18.4411
68.96	78.6921	-60.2685	18.4236
68.98	80.8521	-62.429	18.4231
69	81.9999	-63.5601	18.4398
69.02	82.1011	-63.6665	18.4346
69.04	81.4912	-63.0619	18.4293
69.06	80.5481	-62.1185	18.4296
69.08	79.7593	-61.3461	18.4132
69.1	79.264	-60.8345	18.4295
69.12	78.9784	-60.5379	18.4405
69.14	78.8924	-60.4631	18.4293
69.16	78.7306	-60.3069	18.4237
69.18	78.6098	-60.1861	18.4237
69.2	78.5242	-60.1014	18.4228
69.22	77.6097	-59.1915	18.4182
69.24	77.0714	-58.6577	18.4138
69.26	78.1405	-59.7444	18.3962
69.28	79.3764	-60.9862	18.3903
69.3	79.8629	-61.4775	18.3853
69.32	80.0331	-61.6255	18.4076
69.34	80.3001	-61.9091	18.3911
69.36	80.492	-62.0902	18.4018
69.38	80.3624	-61.9551	18.4073
69.4	79.8483	-61.4355	18.4128
69.42	78.9994	-60.5864	18.413
69.44	78.1915	-59.7782	18.4133
69.46	77.9488	-59.5411	18.4077
69.48	78.0936	-59.6755	18.4181
69.5	77.9756	-59.5682	18.4074
69.52	78.0487	-59.6519	18.3968
69.54	78.5569	-60.1671	18.3898
69.56	77.8736	-59.4838	18.3898
69.58	76.3329	-57.9414	18.3916
69.6	76.1436	-57.7582	18.3854
69.62	76.7718	-58.3758	18.396
69.64	77.3251	-58.9292	18.3959
69.66	77.6017	-59.2059	18.3958
69.68	77.7082	-59.2952	18.413
69.7	78.4994	-60.0765	18.4229
69.72	78.6813	-60.2643	18.417
69.74	77.6223	-59.2145	18.4078
69.76	77.2438	-58.8357	18.4081
69.78	78.1401	-59.7486	18.3916
69.8	79.8549	-61.4641	18.3908
69.82	81.1678	-62.772	18.3958
69.84	81.2295	-62.8283	18.4012
69.86	79.9572	-61.5505	18.4067
69.88	77.6052	-59.2201	18.385
69.9	75.5006	-57.1186	18.382
69.92	76.504	-58.124	18.38
69.94	78.3226	-59.9444	18.3782
69.96	77.9722	-59.5992	18.373
69.98	75.9424	-57.5896	18.3528
70	74.7725	-56.4131	18.3594
70.02	76.3466	-57.971	18.3756
70.04	79.9919	-61.6184	18.3735
70.06	82.5925	-64.2082	18.3843
70.08	83.1546	-64.7641	18.3905
70.1	82.3424	-63.9459	18.3965
70.12	80.9526	-62.572	18.3805
70.14	79.8127	-61.4262	18.3865
70.16	79.659	-61.3	18.359
70.18	80.3601	-62.0183	18.3418
70.2	80.9663	-62.6302	18.3361
70.22	81.1238	-62.7819	18.342
70.24	81.2616	-62.9199	18.3417
70.26	81.1339	-62.809	18.3249
70.28	80.426	-62.0953	18.3307
70.3	79.6557	-61.3466	18.3091
70.32	79.3901	-61.0866	18.3035
70.34	79.494	-61.1748	18.3192
70.36	79.176	-60.8624	18.3136
70.38	78.5494	-60.2344	18.315
70.4	79.167	-60.8583	18.3086
70.42	80.0135	-61.7163	18.2971
70.44	80.0608	-61.7631	18.2977
70.46	79.8849	-61.5923	18.2926
70.48	79.9462	-61.6816	18.2646
70.5	79.6204	-61.3508	18.2696
70.52	78.3302	-60.0615	18.2687
70.54	75.4024	-57.1283	18.2741
70.56	72.4717	-54.2101	18.2617
70.58	73.989	-55.7469	18.2421
70.6	76.7187	-58.4986	18.2202
70.62	78.9192	-60.7043	18.2149
70.64	80.2582	-62.0213	18.2369
70.66	80.6469	-62.4041	18.2428
70.68	80.4635	-62.2153	18.2483
70.7	79.9541	-61.6999	18.2542
70.72	79.8526	-61.6092	18.2434
70.74	80.3804	-62.132	18.2484
70.76	80.9176	-62.6801	18.2375
70.78	81.4254	-63.2044	18.2211
70.8	81.8748	-63.6429	18.2319
70.82	82.023	-63.7697	18.2533
70.84	81.4596	-63.2013	18.2583
70.86	80.1989	-61.9393	18.2596
70.88	80.7304	-62.47	18.2603
70.9	83.6021	-65.3504	18.2517
70.92	84.8546	-66.6075	18.2471
70.94	84.7948	-66.547	18.2478
70.96	84.4465	-66.204	18.2426
70.98	84.2586	-66.0106	18.248
71	84.1056	-65.8689	18.2367
71.02	83.4927	-65.2396	18.2531
71.04	82.4048	-64.1629	18.2419
71.06	81.4474	-63.1976	18.2498
71.08	83.4223	-65.1795	18.2428
71.1	86.6719	-68.4192	18.2527
71.12	88.8773	-70.6134	18.2639
71.14	89.8455	-71.5871	18.2585
71.16	89.4854	-71.2166	18.2689
71.18	87.2972	-69.0455	18.2517
71.2	84.5583	-66.2848	18.2735
71.22	86.8631	-68.5898	18.2733
71.24	88.7892	-70.526	18.2632
71.26	89.1249	-70.8659	18.259
71.28	89.4885	-71.2405	18.248
71.3	89.8225	-71.5695	18.253
71.32	89.6419	-71.388	18.2538
71.34	89.8311	-71.566	18.2651
71.36	90.7577	-72.4991	18.2585
71.38	90.9681	-72.7162	18.2519
71.4	89.021	-70.7635	18.2576
71.42	85.8592	-67.5992	18.2599
71.44	84.6588	-66.3993	18.2594
71.46	85.4746	-67.2263	18.2483
71.48	87.4156	-69.1628	18.2527
71.5	88.7256	-70.4677	18.2579
71.52	88.6576	-70.3985	18.259
71.54	88.421	-70.156	18.265
71.56	88.6862	-70.4158	18.2704
71.58	89.2448	-70.9747	18.27
71.6	89.5346	-71.281	18.2536
71.62	89.5328	-71.2897	18.2432
71.64	89.7565	-71.5024	18.2541
71.66	90.14	-71.8533	18.2867
71.68	90.2321	-71.9513	18.2808
71.7	89.582	-71.3071	18.2749
71.72	88.0085	-69.7331	18.2754
71.74	86.9894	-68.7238	18.2657
71.76	87.7733	-69.5056	18.2677
71.78	86.7671	-68.504	18.2631
71.8	85.1111	-66.8342	18.2769
71.82	85.7561	-67.4821	18.2739
71.84	85.3944	-67.1093	18.2851
71.86	83.6387	-65.3678	18.2709
71.88	83.2086	-64.927	18.2817
71.9	83.9855	-65.6939	18.2916
71.92	84.5649	-66.2727	18.2922
71.94	85.2703	-66.9617	18.3086
71.96	85.9331	-67.6301	18.303
71.98	86.2413	-67.9548	18.2865
72	86.0858	-67.7938	18.2921
72.02	85.7229	-67.4305	18.2924
72.04	85.4746	-67.1886	18.286
72.06	84.5465	-66.255	18.2915
72.08	83.1296	-64.8423	18.2873
72.1	82.979	-64.6695	18.3095
72.12	84.6037	-66.2951	18.3086
72.14	86.5575	-68.2504	18.3071
72.16	86.6421	-68.3515	18.2906
72.18	85.2203	-66.9379	18.2824
72.2	85.5741	-67.2657	18.3084
72.22	86.4616	-68.1653	18.2963
72.24	85.97	-67.6674	18.3026
72.26	85.504	-67.189	18.3151
72.28	86.6269	-68.3139	18.313
72.3	87.094	-68.7803	18.3137
72.32	87.1218	-68.8019	18.3199
72.34	87.4807	-69.1559	18.3248
72.36	87.4276	-69.1194	18.3082
72.38	86.6204	-68.3064	18.314
72.4	85.6045	-67.2791	18.3254
72.42	84.9781	-66.6694	18.3088
72.44	84.6098	-66.3183	18.2916
72.46	83.6302	-65.324	18.3062
72.48	81.8042	-63.4815	18.3227
72.5	85.5844	-67.2614	18.323
72.52	89.8545	-71.5432	18.3112
72.54	90.5424	-72.2401	18.3022
72.56	89.5689	-71.2767	18.2922
72.58	88.3744	-70.098	18.2764
72.6	87.9007	-69.6248	18.2759
72.62	87.718	-69.4259	18.2921
72.64	87.5542	-69.2615	18.2927
72.66	88.0786	-69.7858	18.2928
72.68	89.2943	-70.9912	18.3031
72.7	90.3756	-72.0781	18.2975
72.72	90.8483	-72.5618	18.2865
72.74	90.6447	-72.3528	18.2919
72.76	89.7318	-71.4399	18.2919
72.78	88.3151	-70.0116	18.3035
72.8	87.468	-69.1584	18.3096
72.82	87.8641	-69.55	18.3141
72.84	88.3464	-70.0381	18.3083
72.86	88.3177	-70.0143	18.3034
72.88	88.3086	-70.0051	18.3035
72.9	88.3982	-70.0952	18.3031
72.92	87.9195	-69.6119	18.3076
72.94	86.1381	-67.8343	18.3038
72.96	85.8522	-67.5474	18.3049
72.98	88.0228	-69.6988	18.324
73	89.092	-70.7893	18.3027
73.02	89.0566	-70.754	18.3025
73.04	87.9982	-69.7066	18.2916
73.06	86.186	-67.8945	18.2916
73.08	83.9368	-65.6737	18.2631
73.1	81.7535	-63.4759	18.2777
73.12	83.656	-65.3717	18.2843
73.14	85.61	-67.3254	18.2846
73.16	85.8721	-67.5986	18.2735
73.18	84.2132	-65.9183	18.295
73.2	81.268	-62.9581	18.3099
73.22	81.6845	-63.3991	18.2854
73.24	83.0114	-64.7152	18.2961
73.26	83.7704	-65.4783	18.292
73.28	85.0479	-66.7565	18.2915
73.3	85.6929	-67.3968	18.2961
73.32	84.2363	-65.9463	18.2899
73.34	80.4297	-62.1155	18.3142
73.36	78.2304	-59.9248	18.3056
73.38	80.2947	-61.9813	18.3134
73.4	82.7369	-64.4347	18.3022
73.42	83.9468	-65.6494	18.2974
73.44	84.3287	-66.0089	18.3197
73.46	84.3111	-66.0022	18.3089
73.48	84.0216	-65.7072	18.3144
73.5	83.473	-65.1531	18.32
73.52	82.9576	-64.6592	18.2984
73.54	82.9137	-64.6266	18.2871
73.56	82.9931	-64.707	18.2862
73.58	82.2396	-63.975	18.2646
73.6	81.6229	-63.3567	18.2662
73.62	82.941	-64.693	18.248
73.64	84.1507	-65.8981	18.2525
73.66	83.5744	-65.3332	18.2413
73.68	81.4445	-63.1953	18.2492
73.7	81.37	-63.1367	18.2333
73.72	83.9764	-65.7512	18.2253
73.74	85.6908	-67.4602	18.2306
73.76	85.6728	-67.4469	18.2259
73.78	84.9178	-66.669	18.2489
73.8	84.8912	-66.6643	18.2268
73.82	85.572	-67.3414	18.2305
73.84	85.371	-67.1341	18.2369
73.86	86.2248	-67.9812	18.2436
73.88	89.318	-71.0827	18.2352
73.9	90.834	-72.583	18.251
73.92	89.4456	-71.2043	18.2413
73.94	87.948	-69.6876	18.2605
73.96	89.3287	-71.077	18.2516
73.98	89.8629	-71.6006	18.2623
74	88.2806	-70.0188	18.2619
74.02	85.0044	-66.7449	18.2595
74.04	84.6664	-66.4126	18.2538
74.06	86.7403	-68.4956	18.2446
74.08	86.5103	-68.2625	18.2477
74.1	86.7091	-68.461	18.248
74.12	87.7844	-69.5537	18.2307
74.14	88.1786	-69.9583	18.2202
74.16	88.0277	-69.8014	18.2263
74.18	87.747	-69.5208	18.2262
74.2	87.2877	-69.0723	18.2155
74.22	86.9751	-68.7486	18.2264
74.24	86.751	-68.5415	18.2095
74.26	86.1543	-67.95	18.2043
74.28	85.4833	-67.2571	18.2262
74.3	84.8353	-66.6093	18.226
74.32	83.9976	-65.7716	18.226
74.34	83.1089	-64.8659	18.243
74.36	83.1473	-64.9253	18.222
74.38	85.0606	-66.8343	18.2263
74.4	87.2371	-69.0228	18.2144
74.42	88.0051	-69.7965	18.2086
74.44	86.7421	-68.5231	18.2189
74.46	83.1021	-64.877	18.2251
74.48	79.8098	-61.592	18.2178
74.5	80.9499	-62.7357	18.2142
74.52	82.7085	-64.5104	18.198
74.54	83.7769	-65.5677	18.2092
74.56	84.1088	-65.8936	18.2152
74.58	84.1936	-65.9724	18.2212
74.6	84.497	-66.2983	18.1987
74.62	84.2956	-66.0867	18.2089
74.64	82.8557	-64.646	18.2096
74.66	81.4515	-63.2292	18.2223
74.68	82.2166	-63.9951	18.2215
74.7	84.1918	-65.9826	18.2092
74.72	85.2998	-67.0853	18.2145
74.74	84.9629	-66.7592	18.2036
74.76	83.3674	-65.1745	18.1929
74.78	81.2438	-63.0279	18.2159
74.8	80.4863	-62.264	18.2223
74.82	82.4342	-64.2241	18.2101
74.84	85.3398	-67.1202	18.2196
74.86	86.6748	-68.4671	18.2077
74.88	85.1242	-66.9164	18.2077
74.9	81.4673	-63.247	18.2203
74.92	79.7958	-61.5721	18.2237
74.94	83.4651	-65.2585	18.2066
74.96	85.6232	-67.4434	18.1799
74.98	85.0693	-66.8826	18.1867
75	83.8425	-65.6491	18.1934
75.02	83.4849	-65.3088	18.1761
75.04	83.2517	-65.0697	18.182
75.06	83.6589	-65.4651	18.1938
75.08	85.3724	-67.1796	18.1929
75.1	87.0151	-68.8216	18.1936
75.12	88.6518	-70.4527	18.1991
75.14	90.1884	-71.9897	18.1987
75.16	90.9693	-72.7874	18.182
75.18	90.6514	-72.4858	18.1656
75.2	89.6267	-71.4663	18.1604
75.22	88.5811	-70.4321	18.1491
75.24	87.3622	-69.2029	18.1593
75.26	85.9155	-67.7427	18.1727
75.28	86.8666	-68.6892	18.1774
75.3	89.3027	-71.1264	18.1762
75.32	91.1235	-72.936	18.1875
75.34	92.1842	-73.9915	18.1928
75.36	92.0608	-73.8688	18.192
75.38	90.1655	-71.9839	18.1817
75.4	88.0441	-69.8547	18.1894
75.42	88.7963	-70.6141	18.1821
75.44	90.3369	-72.1631	18.1737
75.46	89.1747	-71.0158	18.1588
75.48	87.0836	-68.9621	18.1216
75.5	86.422	-68.2993	18.1228
75.52	88.2785	-70.1961	18.0824
75.54	89.8915	-71.7984	18.0931
75.56	90.4708	-72.3867	18.0841
75.58	91.6806	-73.6033	18.0774
75.6	92.0296	-73.9579	18.0717
75.62	91.0905	-73.023	18.0675
75.64	90.3906	-72.3288	18.0618
75.66	89.9307	-71.8532	18.0775
75.68	89.2028	-71.1245	18.0783
75.7	89.4749	-71.407	18.0679
75.72	91.2028	-73.1255	18.0773
75.74	92.3184	-74.2527	18.0657
75.76	91.6415	-73.5978	18.0436
75.78	89.2974	-71.2424	18.055
75.8	86.2947	-68.2342	18.0605
75.82	83.6652	-65.5815	18.0837
75.84	83.4886	-65.3941	18.0945
75.86	86.5516	-68.4518	18.0999
75.88	91.1824	-73.0804	18.102
75.9	92.5681	-74.4702	18.0979
75.92	91.3942	-73.2776	18.1166
75.94	90.7185	-72.5902	18.1283
75.96	91.5604	-73.4281	18.1323
75.98	92.0186	-73.8593	18.1593
76	91.2936	-73.1334	18.1602
76.02	90.4864	-72.3145	18.1719
76.04	90.5854	-72.3976	18.1878
76.06	90.9168	-72.7299	18.1869
76.08	90.2884	-72.1237	18.1647
76.1	88.4256	-70.266	18.1596
76.12	86.2673	-68.1011	18.1662
76.14	85.6127	-67.4461	18.1666
76.16	87.0514	-68.8966	18.1548
76.18	89.1878	-71.0336	18.1541
76.2	90.781	-72.6155	18.1654
76.22	91.7847	-73.6302	18.1545
76.24	92.1435	-73.9999	18.1436
76.26	91.8636	-73.7145	18.149
76.28	91.0362	-72.8873	18.1489
76.3	89.8831	-71.7284	18.1547
76.32	88.8424	-70.6885	18.1539
76.34	87.2768	-69.1176	18.1592
76.36	85.1516	-67.0093	18.1423
76.38	83.041	-64.8965	18.1445
76.4	84.4071	-66.2627	18.1444
76.42	88.8729	-70.7149	18.158
76.44	91.8366	-73.6786	18.1581
76.46	92.5111	-74.3461	18.1651
76.48	92.5053	-74.3395	18.1658
76.5	92.6611	-74.4853	18.1759
76.52	91.8344	-73.6482	18.1862
76.54	89.2519	-71.0656	18.1863
76.56	85.831	-67.6432	18.1877
76.58	84.1157	-65.9165	18.1992
76.6	85.3395	-67.1348	18.2047
76.62	89.063	-70.8769	18.1861
76.64	91.9926	-73.807	18.1855
76.66	92.2923	-74.0948	18.1975
76.68	90.721	-72.5235	18.1975
76.7	87.8328	-69.6287	18.2041
76.72	85.4016	-67.1918	18.2098
76.74	83.9544	-65.745	18.2094
76.76	83.149	-64.9334	18.2156
76.78	83.6629	-65.4369	18.2259
76.8	85.0083	-66.7715	18.2368
76.82	87.1562	-68.9135	18.2427
76.84	90.0069	-71.7548	18.2522
76.86	91.4167	-73.1595	18.2571
76.88	90.4691	-72.2161	18.253
76.9	89.5066	-71.257	18.2496
76.92	90.7066	-72.4541	18.2525
76.94	91.1287	-72.8706	18.2581
76.96	90.2162	-71.9572	18.259
76.98	89.1441	-70.896	18.2481
77	88.3994	-70.162	18.2374
77.02	88.3926	-70.1555	18.2371
77.04	88.707	-70.482	18.2251
77.06	88.087	-69.8669	18.2202
77.08	87.7163	-69.4948	18.2216
77.1	88.9259	-70.6846	18.2413
77.12	89.2305	-70.9885	18.242
77.14	88.6995	-70.4567	18.2427
77.16	88.2171	-69.9744	18.2427
77.18	87.7675	-69.5471	18.2205
77.2	87.1357	-68.8879	18.2478
77.22	86.5311	-68.2937	18.2373
77.24	87.2188	-68.987	18.2318
77.26	88.714	-70.5071	18.2069
77.28	87.6388	-69.4472	18.1916
77.3	85.1557	-66.9628	18.1929
77.32	83.4892	-65.3021	18.1871
77.34	82.6398	-64.453	18.1868
77.36	82.3423	-64.1496	18.1927
77.38	82.6339	-64.4414	18.1925
77.4	83.0713	-64.8671	18.2042
77.42	84.1589	-65.9547	18.2042
77.44	85.631	-67.4271	18.2039
77.46	86.9621	-68.7522	18.2099
77.48	88.244	-70.0294	18.2146
77.5	88.3545	-70.1569	18.1976
77.52	86.493	-68.2892	18.2038
77.54	84.0468	-65.8419	18.2049
77.56	82.6879	-64.4778	18.2101
77.58	82.7345	-64.5295	18.205
77.6	84.315	-66.1	18.215
77.62	85.9682	-67.7536	18.2146
77.64	86.5766	-68.3293	18.2474
77.66	85.7468	-67.5166	18.2302
77.68	82.9391	-64.7141	18.2251
77.7	80.2751	-62.0571	18.2181
77.72	82.4034	-64.1827	18.2207
77.74	86.1048	-67.88	18.2248
77.76	88.1733	-69.9538	18.2195
77.78	88.1835	-69.9798	18.2037
77.8	86.7937	-68.5842	18.2095
77.82	84.6005	-66.3965	18.204
77.84	82.1919	-63.9928	18.1991
77.86	81.0127	-62.8075	18.2052
77.88	81.8812	-63.6848	18.1964
77.9	81.3263	-63.1243	18.202
77.92	80.5325	-62.3365	18.196
77.94	84.407	-66.2318	18.1752
77.96	87.7703	-69.5957	18.1746
77.98	88.1141	-69.9326	18.1815
78	86.8194	-68.6535	18.1659
78.02	85.2202	-67.0592	18.161
78.04	84.1156	-65.9549	18.1607
78.06	83.4217	-65.2771	18.1446
78.08	83.6723	-65.5326	18.1397
78.1	85.4366	-67.2923	18.1443
78.12	87.5558	-69.4123	18.1435
78.14	88.6174	-70.4743	18.1431
78.16	88.0548	-69.8891	18.1657
78.18	87.0757	-68.92	18.1557
78.2	86.9373	-68.794	18.1433
78.22	86.2246	-68.0867	18.1379
78.24	85.0296	-66.8848	18.1448
78.26	85.137	-66.9975	18.1395
78.28	86.7119	-68.5734	18.1385
78.3	88.3244	-70.2029	18.1215
78.32	88.9728	-70.8566	18.1162
78.34	88.7177	-70.6011	18.1166
78.36	88.2529	-70.1302	18.1227
78.38	88.3188	-70.2127	18.1061
78.4	88.7857	-70.6691	18.1167
78.42	88.9725	-70.8453	18.1272
78.44	88.2678	-70.1245	18.1433
78.46	86.7136	-68.5581	18.1555
78.48	86.0709	-67.9042	18.1667
78.5	86.8315	-68.6769	18.1547
78.52	87.4524	-69.2987	18.1537
78.54	86.4965	-68.3386	18.158
78.56	83.1934	-65.0349	18.1586
78.58	80.8751	-62.702	18.1731
78.6	83.127	-64.9537	18.1732
78.62	85.1219	-66.9446	18.1774
78.64	88.9666	-70.8026	18.1641
78.66	91.454	-73.2903	18.1637
78.68	90.6258	-72.4671	18.1586
78.7	86.9404	-68.7758	18.1646
78.72	82.4137	-64.251	18.1627
78.74	81.6987	-63.5545	18.1442
78.76	83.0457	-64.8915	18.1541
78.78	84.0262	-65.8666	18.1595
78.8	84.1783	-66.0073	18.171
78.82	84.0727	-65.8849	18.1877
78.84	83.994	-65.8129	18.1811
78.86	83.1856	-65.0081	18.1775
78.88	84.091	-65.9189	18.1722
78.9	86.6671	-68.4917	18.1754
78.92	87.5837	-69.4084	18.1754
78.94	86.2459	-68.0695	18.1764
78.96	84.1891	-66.0055	18.1836
78.98	83.8313	-65.6424	18.1889
79	85.0429	-66.8391	18.2039
79.02	85.8834	-67.6959	18.1875
79.04	86.1161	-67.9116	18.2045
79.06	86.1803	-67.9714	18.209
79.08	85.0465	-66.8266	18.2199
79.1	82.8184	-64.5916	18.2268
79.12	81.3251	-63.0869	18.2382
79.14	81.3103	-63.078	18.2323
79.16	82.1032	-63.877	18.2262
79.18	82.635	-64.3927	18.2423
79.2	82.2406	-63.9926	18.248
79.22	81.2021	-62.97	18.2321
79.24	80.4488	-62.1997	18.2491
79.26	80.8539	-62.5997	18.2542
79.28	81.8115	-63.5472	18.2643
79.3	82.2277	-63.9521	18.2756
79.32	82.2475	-63.9826	18.265
79.34	82.1834	-63.924	18.2594
79.36	81.9201	-63.6606	18.2594
79.38	81.4677	-63.2028	18.2649
79.4	80.8615	-62.5967	18.2648
79.42	80.2542	-61.9781	18.2762
79.44	80.4458	-62.1751	18.2706
79.46	81.5058	-63.2414	18.2644
79.48	82.3995	-64.153	18.2465
79.5	81.2485	-62.9859	18.2625
79.52	78.4161	-60.1448	18.2713
79.54	78.1628	-59.8859	18.2769
79.56	80.8445	-62.5694	18.2751
79.58	83.4654	-65.1968	18.2686
79.6	83.8978	-65.6399	18.2578
79.62	82.2384	-63.9848	18.2536
79.64	80.3851	-62.1411	18.244
79.66	80.2166	-61.9784	18.2381
79.68	81.3691	-63.1478	18.2212
79.7	82.9461	-64.7195	18.2266
79.72	84.4249	-66.1823	18.2427
79.74	85.2179	-66.992	18.2258
79.76	84.7774	-66.5519	18.2254
79.78	82.8703	-64.6502	18.2201
79.8	80.3913	-62.1639	18.2273
79.82	80.1047	-61.8772	18.2275
79.84	82.3565	-64.1307	18.2258
79.86	84.6671	-66.447	18.2201
79.88	85.9862	-67.7715	18.2147
79.9	86.2264	-68.0114	18.2151
79.92	85.8549	-67.6396	18.2153
79.94	85.3424	-67.127	18.2154
79.96	85.1182	-66.897	18.2212
79.98	85.5465	-67.3206	18.2259
80	85.7353	-67.4935	18.2419
80.02	84.9114	-66.6692	18.2422
80.04	83.5091	-65.2495	18.2596
80.06	82.857	-64.6029	18.2541
80.08	83.1244	-64.8814	18.243
80.1	84.2021	-65.9641	18.2379
80.12	86.3501	-68.1404	18.2097
80.14	88.2968	-70.088	18.2087
80.16	88.4347	-70.2436	18.1911
80.18	85.5024	-67.2883	18.2141
80.2	82.1863	-63.9742	18.2121
80.22	83.0326	-64.8284	18.2042
80.24	85.4338	-67.2368	18.197
80.26	86.2794	-68.0986	18.1808
80.28	85.5047	-67.339	18.1657
80.3	84.8556	-66.6844	18.1712
80.32	84.9568	-66.7912	18.1655
80.34	85.6036	-67.435	18.1686
80.36	84.3947	-66.2363	18.1584
80.38	82.3592	-64.1986	18.1606
80.4	82.4137	-64.2592	18.1545
80.42	83.7286	-65.5692	18.1593
80.44	84.7342	-66.5749	18.1593
80.46	84.7958	-66.6372	18.1586
80.48	82.9746	-64.811	18.1636
80.5	79.7945	-61.6216	18.1729
80.52	79.9343	-61.7685	18.1658
80.54	82.0626	-63.8867	18.1759
80.56	84.1212	-65.9339	18.1873
80.58	85.9092	-67.7278	18.1814
80.6	86.4799	-68.2994	18.1805
80.62	84.9179	-66.7536	18.1643
80.64	82.9498	-64.7883	18.1615
80.66	84.2681	-66.1021	18.1659
80.68	87.1889	-69.0033	18.1856
80.7	88.1658	-69.9733	18.1924
80.72	87.8547	-69.6555	18.1992
80.74	87.6896	-69.4856	18.2041
80.76	86.9961	-68.7922	18.2039
80.78	85.6909	-67.4805	18.2104
80.8	85.0842	-66.8793	18.2048
80.82	85.1044	-66.9011	18.2033
80.84	84.1456	-65.9474	18.1982
80.86	82.8233	-64.6188	18.2045
80.88	82.304	-64.0888	18.2152
80.9	82.3888	-64.1902	18.1986
80.92	82.6256	-64.4056	18.22
80.94	82.6958	-64.4856	18.2102
80.96	83.7332	-65.5344	18.1988
80.98	85.2444	-67.0459	18.1985
81	86.4396	-68.2517	18.188
81.02	87.5472	-69.3531	18.1941
81.04	89.1018	-70.8973	18.2045
81.06	90.2189	-72.0265	18.1925
81.08	89.3919	-71.2004	18.1916
81.1	86.1426	-67.9378	18.2048
81.12	84.4016	-66.1673	18.2343
81.14	86.698	-68.4504	18.2477
81.16	89.0586	-70.8174	18.2412
81.18	89.2314	-70.9962	18.2353
81.2	86.7034	-68.4561	18.2472
81.22	83.8157	-65.5488	18.2668
81.24	84.4538	-66.1835	18.2703
81.26	86.5539	-68.2794	18.2745
81.28	87.7629	-69.4826	18.2803
81.3	88.0811	-69.8063	18.2748
81.32	87.4952	-69.2208	18.2744
81.34	86.2898	-68.0195	18.2703
81.36	86.6755	-68.3995	18.276
81.38	88.789	-70.5267	18.2623
81.4	89.0925	-70.83	18.2626
81.42	87.3902	-69.1366	18.2536
81.44	86.2543	-67.9892	18.2651
81.46	86.6671	-68.4082	18.2589
81.48	87.676	-69.4177	18.2583
81.5	88.2194	-69.9551	18.2643
81.52	88.5129	-70.2655	18.2474
81.54	88.0051	-69.7581	18.2469
81.56	86.3565	-68.1248	18.2317
81.58	84.9843	-66.7473	18.237
81.6	84.3096	-66.0774	18.2322
81.62	84.865	-66.6341	18.2309
81.64	85.0933	-66.8682	18.2251
81.66	84.621	-66.4107	18.2103
81.68	85.1848	-66.9751	18.2097
81.7	85.9983	-67.7785	18.2199
81.72	85.6217	-67.4188	18.2029
81.74	83.4758	-65.2778	18.198
81.76	81.1799	-62.9637	18.2162
81.78	80.8303	-62.5992	18.2311
81.8	80.7783	-62.5522	18.2261
81.82	80.9499	-62.7288	18.2211
81.84	81.5864	-63.3603	18.2261
81.86	82.1458	-63.9087	18.2371
81.88	82.6191	-64.3816	18.2375
81.9	83.2451	-65.0192	18.2259
81.92	83.3097	-65.0617	18.2479
81.94	83.0046	-64.7939	18.2107
81.96	83.5788	-65.3739	18.2049
81.98	84.6725	-66.4737	18.1988
82	85.3003	-67.1125	18.1879
82.02	85.3013	-67.1021	18.1992
82.04	85.0665	-66.8781	18.1884
82.06	84.8913	-66.6921	18.1992
82.08	84.6318	-66.422	18.2098
82.1	83.9864	-65.7713	18.2152
82.12	82.9352	-64.72	18.2151
82.14	81.962	-63.7404	18.2216
82.16	82.4732	-64.2634	18.2098
82.18	83.4507	-65.265	18.1857
82.2	82.0314	-63.8356	18.1958
82.22	78.4986	-60.2818	18.2168
82.24	79.2261	-61.01	18.2161
82.26	83.5657	-65.358	18.2076
82.28	86.6592	-68.4397	18.2195
82.3	88.1417	-69.933	18.2088
82.32	87.9599	-69.7447	18.2152
82.34	87.1737	-68.969	18.2047
82.36	86.4369	-68.2159	18.221
82.38	85.7579	-67.5479	18.2101
82.4	85.2026	-66.9874	18.2152
82.42	84.3366	-66.1273	18.2092
82.44	82.6658	-64.4666	18.1992
82.46	81.4283	-63.228	18.2003
82.48	82.0772	-63.8773	18.1999
82.5	83.9516	-65.7528	18.1988
82.52	85.4238	-67.2144	18.2094
82.54	85.7475	-67.5376	18.2099
82.56	85.4064	-67.2068	18.1995
82.58	85.1312	-66.9318	18.1995
82.6	84.9179	-66.7075	18.2103
82.62	84.5589	-66.3595	18.1993
82.64	83.9801	-65.7754	18.2047
82.66	83.1155	-64.9218	18.1937
82.68	82.093	-63.9098	18.1832
82.7	81.728	-63.5498	18.1782
82.72	82.7111	-64.5169	18.1941
82.74	84.3257	-66.1216	18.2041
82.76	85.1018	-66.8925	18.2092
82.78	84.4954	-66.2748	18.2207
82.8	83.3696	-65.159	18.2106
82.82	83.1732	-64.9575	18.2157
82.84	83.8792	-65.6744	18.2048
82.86	85.497	-67.2761	18.2209
82.88	87.3657	-69.129	18.2367
82.9	88.339	-70.1074	18.2316
82.92	88.3993	-70.1732	18.2261
82.94	87.4417	-69.2157	18.226
82.96	85.5647	-67.3215	18.2432
82.98	84.1353	-65.891	18.2443
83	84.5279	-66.2903	18.2375
83.02	85.2914	-67.0488	18.2426
83.04	85.8763	-67.6331	18.2432
83.06	86.643	-68.3907	18.2522
83.08	85.9734	-67.7304	18.243
83.1	85.9034	-67.6765	18.2269
83.12	86.6923	-68.4784	18.2139
83.14	85.7739	-67.5536	18.2202
83.16	83.7969	-65.5597	18.2372
83.18	81.7453	-63.5079	18.2374
83.2	80.3534	-62.1044	18.249
83.22	80.4748	-62.2266	18.2482
83.24	81.1726	-62.9191	18.2535
83.26	82.195	-63.9347	18.2603
83.28	84.6007	-66.3691	18.2317
83.3	86.7152	-68.4949	18.2203
83.32	87.437	-69.2326	18.2044
83.34	87.2208	-69.0107	18.2101
83.36	86.4031	-68.2092	18.1939
83.38	85.4393	-67.2509	18.1885
83.4	84.5443	-66.3453	18.199
83.42	83.4979	-65.3036	18.1943
83.44	83.3071	-65.1232	18.1839
83.46	84.5796	-66.3694	18.2101
83.48	85.8425	-67.6107	18.2318
83.5	86.4481	-68.2211	18.227
83.52	87.0623	-68.8352	18.2271
83.54	87.8958	-69.68	18.2158
83.56	88.467	-70.2352	18.2318
83.58	88.1445	-69.9079	18.2366
83.6	86.306	-68.07	18.236
83.62	83.0396	-64.78	18.2596
83.64	81.9445	-63.6886	18.2559
83.66	84.7426	-66.4803	18.2623
83.68	86.2858	-68.0277	18.2581
83.7	86.7562	-68.5081	18.248
83.72	87.1345	-68.8817	18.2529
83.74	86.8515	-68.603	18.2485
83.76	87.1248	-68.8763	18.2484
83.78	87.8039	-69.5615	18.2424
83.8	87.9379	-69.7004	18.2376
83.82	88.2086	-69.987	18.2217
83.84	89.2101	-70.9997	18.2104
83.86	90.3367	-72.1278	18.2089
83.88	89.7662	-71.5362	18.2299
83.9	86.9608	-68.7345	18.2263
83.92	84.8673	-66.6291	18.2382
83.94	85.3966	-67.1759	18.2207
83.96	86.7353	-68.5215	18.2137
83.98	86.7909	-68.5637	18.2272
84	87.8317	-69.6045	18.2273
84.02	89.841	-71.6261	18.2149
84.04	90.6905	-72.4814	18.2091
84.06	89.5816	-71.3833	18.1983
84.08	87.1005	-68.9116	18.1889
84.1	85.6443	-67.4379	18.2064
84.12	86.7025	-68.4923	18.2102
84.14	88.0583	-69.8493	18.209
84.16	87.872	-69.6623	18.2096
84.18	87.2868	-69.0643	18.2225
84.2	88.9103	-70.6946	18.2157
84.22	91.0584	-72.8456	18.2128
84.24	89.7887	-71.5703	18.2184
84.26	85.6962	-67.4694	18.2268
84.28	83.8862	-65.6453	18.2408
84.3	88.0014	-69.7601	18.2413
84.32	91.9301	-73.6839	18.2462
84.34	92.7232	-74.4703	18.2528
84.36	91.3537	-73.1116	18.2421
84.38	88.5421	-70.2992	18.2429
84.4	85.9602	-67.733	18.2271
84.42	84.5937	-66.3792	18.2145
84.44	83.2904	-65.0846	18.2058
84.46	84.5683	-66.3517	18.2166
84.48	88.1924	-69.9782	18.2142
84.5	90.6481	-72.4119	18.2362
84.52	91.1777	-72.9246	18.2531
84.54	90.3466	-72.0821	18.2645
84.56	88.8589	-70.5775	18.2813
84.58	87.5438	-69.2622	18.2816
84.6	87.266	-68.9674	18.2986
84.62	88.4226	-70.1095	18.3131
84.64	88.484	-70.1777	18.3063
84.66	85.9098	-67.602	18.3078
84.68	83.2401	-64.9301	18.31
84.7	83.4228	-65.1041	18.3187
84.72	84.1354	-65.8159	18.3195
84.74	85.616	-67.3011	18.3149
84.76	88.1302	-69.795	18.3352
84.78	89.2253	-70.8948	18.3306
84.8	89.1688	-70.8266	18.3422
84.82	88.6958	-70.3589	18.3369
84.84	88.0624	-69.7256	18.3368
84.86	87.2422	-68.9163	18.3258
84.88	86.272	-67.9626	18.3095
84.9	85.4206	-67.1217	18.2989
84.92	85.2834	-66.979	18.3044
84.94	85.8609	-67.5576	18.3032
84.96	85.7297	-67.4161	18.3136
84.98	84.113	-65.7938	18.3192
85	81.7018	-63.3922	18.3096
85.02	80.9957	-62.6908	18.3048
85.04	82.8356	-64.5497	18.2859
85.06	84.377	-66.1015	18.2756
85.08	85.3959	-67.1152	18.2807
85.1	85.4041	-67.1453	18.2588
85.12	84.5006	-66.2514	18.2492
85.14	84.0302	-65.7765	18.2537
85.16	83.2548	-64.9893	18.2655
85.18	83.1389	-64.8669	18.272
85.2	84.7205	-66.4333	18.2872
85.22	86.3264	-68.0399	18.2865
85.24	86.6477	-68.3551	18.2926
85.26	86.31	-68.0166	18.2934
85.28	86.3601	-68.0777	18.2824
85.3	86.7082	-68.4208	18.2873
85.32	86.6508	-68.3693	18.2815
85.34	85.7957	-67.503	18.2926
85.36	84.6563	-66.3626	18.2937
85.38	84.8584	-66.5701	18.2883
85.4	86.4965	-68.2047	18.2918
85.42	86.9974	-68.701	18.2964
85.44	85.1064	-66.8093	18.2971
85.46	82.4243	-64.1353	18.289
85.48	82.7612	-64.4841	18.2771
85.5	85.2178	-66.9425	18.2753
85.52	86.9829	-68.7071	18.2759
85.54	87.9594	-69.6888	18.2706
85.56	88.252	-69.9698	18.2822
85.58	88.6278	-70.3506	18.2772
85.6	89.5708	-71.267	18.3037
85.62	90.0968	-71.7938	18.303
85.64	89.6463	-71.3154	18.3309
85.66	88.8486	-70.52	18.3286
85.68	86.356	-68.0246	18.3314
85.7	86.0216	-67.6861	18.3355
85.72	86.8445	-68.5209	18.3236
85.74	86.6714	-68.3506	18.3209
85.76	87.9584	-69.6438	18.3146
85.78	89.7068	-71.4094	18.2974
85.8	90.5851	-72.293	18.2921
85.82	90.5571	-72.2712	18.286
85.84	89.0363	-70.7338	18.3025
85.86	86.9662	-68.661	18.3051
85.88	87.511	-69.2075	18.3035
85.9	88.8002	-70.4984	18.3018
85.92	88.2768	-69.9572	18.3197
85.94	87.3548	-69.0396	18.3152
85.96	87.2501	-68.9464	18.3037
85.98	87.3514	-69.0584	18.293
86	87.641	-69.3591	18.2819
86.02	88.0364	-69.7268	18.3097
86.04	88.7503	-70.4411	18.3091
86.06	89.0655	-70.7627	18.3027
86.08	87.7042	-69.4079	18.2963
86.1	84.4838	-66.1847	18.2991
86.12	83.2333	-64.9461	18.2872
86.14	83.3283	-65.0311	18.2972
86.16	82.625	-64.3221	18.3028
86.18	80.9129	-62.6101	18.3028
86.2	78.6052	-60.3114	18.2938
86.22	78.4835	-60.1778	18.3056
86.24	81.599	-63.3011	18.2979
86.26	84.8398	-66.5378	18.302
86.28	85.8899	-67.587	18.3029
86.3	85.383	-67.0792	18.3038
86.32	84.5298	-66.2201	18.3097
86.34	83.9606	-65.6669	18.2937
86.36	84.1567	-65.8632	18.2935
86.38	84.7781	-66.4909	18.2872
86.4	84.6714	-66.3741	18.2973
86.42	83.0029	-64.7053	18.2975
86.44	80.7331	-62.4336	18.2995
86.46	80.6935	-62.4111	18.2824
86.48	82.2424	-63.9396	18.3028
86.5	83.0773	-64.7904	18.2868
86.52	83.1777	-64.891	18.2867
86.54	82.5848	-64.2969	18.2879
86.56	82.8901	-64.607	18.2831
86.58	84.7149	-66.423	18.292
86.6	85.4347	-67.1433	18.2914
86.62	84.4656	-66.1775	18.2881
86.64	84.3141	-66.027	18.2871
86.66	83.9569	-65.6651	18.2918
86.68	82.1357	-63.843	18.2928
86.7	79.9267	-61.6122	18.3145
86.72	77.604	-59.2833	18.3207
86.74	76.6579	-58.3464	18.3115
86.76	79.1089	-60.788	18.3209
86.78	82.9589	-64.6123	18.3466
86.8	85.349	-66.9973	18.3518
86.82	85.475	-67.1168	18.3582
86.84	84.6981	-66.3549	18.3432
86.86	84.7155	-66.3676	18.3479
86.88	84.7494	-66.408	18.3414
86.9	83.2908	-64.9449	18.3459
86.92	79.7833	-61.4463	18.337
86.94	77.8156	-59.4877	18.3279
86.96	79.5758	-61.2402	18.3356
86.98	81.138	-62.7964	18.3417
87	82.0084	-63.6882	18.3202
87.02	82.5433	-64.2067	18.3365
87.04	82.5806	-64.2603	18.3202
87.06	82.3215	-64.0063	18.3152
87.08	82.2554	-63.9293	18.326
87.1	82.3437	-63.9957	18.3479
87.12	82.6305	-64.2876	18.3429
87.14	83.4841	-65.1307	18.3534
87.16	84.4204	-66.078	18.3424
87.18	85.0947	-66.7523	18.3424
87.2	85.3439	-67.0075	18.3364
87.22	84.6187	-66.2879	18.3308
87.24	83.0883	-64.7509	18.3374
87.26	82.2621	-63.9358	18.3263
87.28	82.2128	-63.8813	18.3315
87.3	82.5872	-64.2828	18.3045
87.32	83.6497	-65.3511	18.2986
87.34	84.7948	-66.5021	18.2926
87.36	85.2749	-66.999	18.2759
87.38	84.5688	-66.3045	18.2643
87.4	82.2636	-63.9774	18.2862
87.42	79.02	-60.7382	18.2818
87.44	77.4235	-59.1458	18.2777
87.46	79.0662	-60.7816	18.2846
87.48	79.9312	-61.6391	18.2921
87.5	81.583	-63.2853	18.2977
87.52	83.8804	-65.568	18.3124
87.54	83.9456	-65.6486	18.297
87.56	82.9752	-64.6712	18.304
87.58	82.7026	-64.405	18.2976
87.6	82.262	-63.9757	18.2863
87.62	81.5385	-63.2336	18.3049
87.64	82.8533	-64.5333	18.32
87.66	84.6936	-66.3966	18.297
87.68	84.9713	-66.6847	18.2866
87.7	83.9827	-65.6955	18.2872
87.72	82.4735	-64.1752	18.2982
87.74	80.7766	-62.4618	18.3149
87.76	79.4758	-61.1711	18.3047
87.78	79.5447	-61.2627	18.282
87.8	80.0883	-61.7914	18.2969
87.82	79.277	-60.9744	18.3026
87.84	77.695	-59.3962	18.2988
87.86	77.8607	-59.55	18.3107
87.88	80.809	-62.506	18.303
87.9	83.3751	-65.0898	18.2853
87.92	83.1084	-64.8285	18.2799
87.94	80.2241	-61.9479	18.2762
87.96	77.9319	-59.642	18.2899
87.98	79.4221	-61.1241	18.298
88	81.4275	-63.1356	18.2919
88.02	82.1671	-63.8744	18.2927
88.04	82.2759	-63.9774	18.2984
88.06	81.9709	-63.678	18.2929
88.08	81.269	-62.9431	18.3259
88.1	80.4251	-62.1099	18.3152
88.12	79.895	-61.569	18.326
88.14	79.5751	-61.261	18.3141
88.16	78.3342	-60.0096	18.3245
88.18	75.9964	-57.692	18.3044
88.2	75.1717	-56.8664	18.3053
88.22	76.8945	-58.5698	18.3247
88.24	78.4491	-60.1181	18.3309
88.26	80.3805	-62.0386	18.3418
88.28	82.2007	-63.867	18.3337
88.3	80.4395	-62.1119	18.3276
88.32	75.4752	-57.1653	18.3099
88.34	73.2975	-54.9925	18.3049
88.36	75.2442	-56.9361	18.308
88.38	77.6452	-59.3646	18.2806
88.4	79.1215	-60.8346	18.2868
88.42	79.8514	-61.5541	18.2973
88.44	79.1039	-60.818	18.2859
88.46	76.7947	-58.5066	18.2881
88.48	76.4738	-58.196	18.2778
88.5	78.5734	-60.304	18.2694
88.52	79.2101	-60.9445	18.2656
88.54	79.4906	-61.2086	18.282
88.56	79.5704	-61.2995	18.2709
88.58	79.3761	-61.0989	18.2772
88.6	79.7643	-61.4768	18.2874
88.62	79.9512	-61.6808	18.2705
88.64	79.1211	-60.8506	18.2706
88.66	77.6169	-59.3569	18.26
88.68	76.4926	-58.2376	18.2551
88.7	76.6615	-58.4179	18.2437
88.72	77.8548	-59.6005	18.2544
88.74	79.2453	-60.9921	18.2533
88.76	79.1761	-60.9174	18.2586
88.78	77.4532	-59.1986	18.2546
88.8	76.0779	-57.8165	18.2614
88.82	76.843	-58.5991	18.2438
88.84	78.2537	-59.9899	18.2638
88.86	77.9354	-59.6646	18.2708
88.88	78.2057	-59.9275	18.2782
88.9	80.8698	-62.5999	18.2699
88.92	82.3053	-64.0296	18.2757
88.94	81.893	-63.6171	18.2759
88.96	80.0569	-61.7861	18.2708
88.98	77.8127	-59.5459	18.2667
89	77.168	-58.9071	18.2609
89.02	77.8103	-59.556	18.2543
89.04	78.3746	-60.1087	18.2659
89.06	79.3235	-61.0684	18.255
89.08	80.5873	-62.3386	18.2487
89.1	80.9394	-62.702	18.2375
89.12	79.9851	-61.7688	18.2163
89.14	78.874	-60.6678	18.2063
89.16	78.91	-60.7038	18.2062
89.18	80.0939	-61.8827	18.2112
89.2	81.7104	-63.4945	18.2158
89.22	82.6023	-64.3977	18.2046
89.24	82.4629	-64.2634	18.1995
89.26	81.7524	-63.57	18.1824
89.28	79.949	-61.7779	18.1711
89.3	77.355	-59.1656	18.1893
89.32	76.8332	-58.6487	18.1844
89.34	79.118	-60.93	18.1879
89.36	81.6526	-63.4588	18.1938
89.38	84.1174	-65.9127	18.2048
89.4	86.1952	-67.9907	18.2045
89.42	87.1922	-69.0095	18.1827
89.44	86.9376	-68.7447	18.1929
89.46	84.7027	-66.4986	18.2042
89.48	82.5072	-64.3103	18.1969
89.5	84.1092	-65.9274	18.1817
89.52	84.9807	-66.8042	18.1765
89.54	84.1025	-65.9193	18.1832
89.56	82.9363	-64.7416	18.1947
89.58	82.5943	-64.4159	18.1784
89.6	83.3391	-65.1391	18.1999
89.62	84.6172	-66.4229	18.1942
89.64	85.7898	-67.6019	18.188
89.66	85.7036	-67.5217	18.182
89.68	83.8823	-65.6945	18.1879
89.7	81.3658	-63.1826	18.1832
89.72	79.8728	-61.6952	18.1776
89.74	79.2328	-61.0475	18.1853
89.76	76.1183	-57.9311	18.1872
89.78	74.689	-56.4982	18.1909
89.8	78.3118	-60.1257	18.1861
89.82	80.5825	-62.3894	18.1931
89.84	81.7274	-63.5114	18.216
89.86	82.645	-64.424	18.221
89.88	82.6675	-64.4632	18.2043
89.9	81.3928	-63.1773	18.2155
89.92	79.2848	-61.0636	18.2212
89.94	77.222	-59.0003	18.2217
89.96	75.9868	-57.7603	18.2265
89.98	75.6774	-57.4493	18.2281
90	77.6009	-59.3632	18.2376
90.02	80.0156	-61.7781	18.2375
90.04	81.8686	-63.6309	18.2377
90.06	82.9576	-64.7308	18.2268
90.08	83.2613	-65.0234	18.238
90.1	82.924	-64.6916	18.2324
90.12	81.8872	-63.6772	18.21
90.14	79.9605	-61.7553	18.2052
90.16	78.6825	-60.4865	18.196
90.18	80.2771	-62.0771	18.2
90.2	82.8259	-64.6329	18.193
90.22	83.9104	-65.7008	18.2096
90.24	83.2912	-65.0756	18.2155
90.26	81.6383	-63.4279	18.2104
90.28	79.7921	-61.5755	18.2167
90.3	79.1681	-60.9621	18.206
90.32	80.28	-62.0856	18.1945
90.34	82.2314	-64.0211	18.2103
90.36	83.8688	-65.6648	18.204
90.38	83.844	-65.6296	18.2144
90.4	81.505	-63.29	18.2149
90.42	78.6876	-60.4587	18.2289
90.44	79.1245	-60.9027	18.2218
90.46	81.0807	-62.8437	18.237
90.48	82.0799	-63.8431	18.2369
90.5	81.5893	-63.3296	18.2597
90.52	80.953	-62.7029	18.2501
90.54	81.847	-63.6087	18.2383
90.56	83.3095	-65.0665	18.243
90.58	84.0332	-65.8009	18.2323
90.6	84.045	-65.8177	18.2273
90.62	83.8545	-65.6161	18.2384
90.64	83.742	-65.5038	18.2381
90.66	83.5785	-65.3406	18.2379
90.68	83.3964	-65.1524	18.244
90.7	84.0851	-65.8196	18.2655
90.72	85.09	-66.8155	18.2745
90.74	84.1193	-65.8393	18.28
90.76	81.3962	-63.1147	18.2815
90.78	79.4394	-61.1844	18.2551
90.8	80.2574	-62.0242	18.2333
90.82	83.6123	-65.3868	18.2255
90.84	86.111	-67.8805	18.2305
90.86	86.305	-68.0789	18.2261
90.88	85.2813	-67.0655	18.2159
90.9	84.1818	-65.9659	18.2159
90.92	83.4109	-65.1785	18.2324
90.94	82.9582	-64.7321	18.226
90.96	81.8815	-63.6491	18.2324
90.98	81.1081	-62.886	18.2221
91	81.4425	-63.2263	18.2162
91.02	82.4015	-64.1849	18.2165
91.04	84.0798	-65.8689	18.2109
91.06	85.948	-67.7433	18.2047
91.08	86.843	-68.6331	18.2099
91.1	86.0365	-67.8272	18.2093
91.12	83.0708	-64.8827	18.1881
91.14	80.0537	-61.8677	18.1859
91.16	81.0027	-62.8193	18.1833
91.18	83.1495	-64.9673	18.1822
91.2	84.0513	-65.8956	18.1557
91.22	84.4622	-66.2892	18.173
91.24	85.2518	-67.0847	18.1671
91.26	85.856	-67.6838	18.1722
91.28	85.682	-67.5155	18.1665
91.3	84.4643	-66.3035	18.1608
91.32	82.373	-64.2167	18.1563
91.34	81.4408	-63.2779	18.1628
91.36	82.8661	-64.733	18.1331
91.38	84.0693	-65.9415	18.1279
91.4	84.6929	-66.5647	18.1282
91.42	85.1068	-66.9949	18.1118
91.44	85.3556	-67.2545	18.1011
91.46	85.5027	-67.3802	18.1225
91.48	85.0059	-66.8723	18.1336
91.5	84.3029	-66.163	18.1399
91.52	84.4857	-66.3514	18.1343
91.54	85.5245	-67.3965	18.128
91.56	86.7987	-68.6805	18.1181
91.58	89.3584	-71.2251	18.1333
91.6	91.451	-73.3026	18.1484
91.62	90.8553	-72.6953	18.1599
91.64	88.2674	-70.1065	18.1609
91.66	85.2408	-67.0748	18.1659
91.68	82.2327	-64.0667	18.166
91.7	80.0397	-61.886	18.1537
91.72	79.0696	-60.8969	18.1727
91.74	81.8741	-63.7307	18.1433
91.76	86.4818	-68.3217	18.1601
91.78	90.8515	-72.7032	18.1483
91.8	92.8073	-74.6523	18.1549
91.82	92.8598	-74.6877	18.1721
91.84	91.7783	-73.5952	18.1831
91.86	89.8705	-71.6982	18.1723
91.88	87.7789	-69.6059	18.173
91.9	86.6833	-68.5155	18.1677
91.92	87.1663	-68.9999	18.1664
91.94	87.4027	-69.2392	18.1636
91.96	85.1663	-66.9925	18.1738
91.98	86.1031	-67.9216	18.1815
92	87.2671	-69.0754	18.1917
92.02	85.741	-67.5628	18.1782
92.04	84.6399	-66.4453	18.1946
92.06	84.3426	-66.1432	18.1995
92.08	83.9702	-65.7603	18.2098
92.1	83.0094	-64.8043	18.2051
92.12	82.6836	-64.4719	18.2117
92.14	84.2686	-66.0476	18.221
92.16	85.7509	-67.5369	18.214
92.18	84.8657	-66.6515	18.2142
92.2	83.4321	-65.208	18.2241
92.22	85.9773	-67.752	18.2253
92.24	88.0075	-69.7705	18.237
92.26	88.7724	-70.5396	18.2328
92.28	89.4787	-71.268	18.2107
92.3	89.8551	-71.6507	18.2044
92.32	89.1165	-70.9062	18.2103
92.34	87.7928	-69.5946	18.1981
92.36	85.2909	-67.0809	18.21
92.38	83.6174	-65.4232	18.1942
92.4	83.7521	-65.5591	18.1929
92.42	84.0134	-65.8256	18.1878
92.44	84.0881	-65.9009	18.1872
92.46	83.588	-65.3877	18.2004
92.48	84.7061	-66.4957	18.2104
92.5	86.2151	-68.0063	18.2089
92.52	85.881	-67.6604	18.2205
92.54	84.661	-66.4386	18.2224
92.56	84.6907	-66.4531	18.2377
92.58	84.7907	-66.565	18.2258
92.6	83.5992	-65.3616	18.2376
92.62	82.6316	-64.3981	18.2335
92.64	83.3886	-65.151	18.2376
92.66	84.2828	-66.0343	18.2486
92.68	84.5272	-66.2849	18.2423
92.7	82.994	-64.7629	18.2311
92.72	80.32	-62.0747	18.2453
92.74	80.3011	-62.0577	18.2435
92.76	81.2574	-63.0369	18.2205
92.78	81.1667	-62.9343	18.2324
92.8	80.9634	-62.73	18.2334
92.82	81.7197	-63.4982	18.2216
92.84	82.4892	-64.2622	18.227
92.86	82.906	-64.6898	18.2162
92.88	83.0769	-64.8391	18.2379
92.9	82.7399	-64.5075	18.2324
92.92	81.9291	-63.7075	18.2216
92.94	81.1187	-62.897	18.2217
92.96	80.6781	-62.4455	18.2326
92.98	81.0762	-62.8266	18.2496
93	82.6428	-64.3944	18.2484
93.02	83.8941	-65.6288	18.2652
93.04	84.7148	-66.4658	18.2491
93.06	85.2678	-67.0135	18.2544
93.08	85.2431	-66.9835	18.2596
93.1	84.389	-66.1243	18.2647
93.12	82.414	-64.1503	18.2637
93.14	79.9374	-61.669	18.2684
93.16	82.3086	-64.0331	18.2754
93.18	85.6077	-67.3383	18.2694
93.2	86.8172	-68.563	18.2542
93.22	86.9195	-68.6814	18.2381
93.24	86.2243	-67.9866	18.2376
93.26	84.4517	-66.203	18.2487
93.28	82.2891	-64.0557	18.2333
93.3	81.1227	-62.8737	18.249
93.32	80.4249	-62.192	18.2329
93.34	80.5583	-62.3247	18.2336
93.36	82.1061	-63.8624	18.2437
93.38	83.8277	-65.5845	18.2432
93.4	84.5666	-66.3178	18.2488
93.42	84.1298	-65.8807	18.2491
93.44	82.8882	-64.6168	18.2714
93.46	81.544	-63.2833	18.2608
93.48	80.5107	-62.2562	18.2545
93.5	78.9377	-60.673	18.2648
93.52	76.4918	-58.2196	18.2722
93.54	75.9863	-57.6867	18.2995
93.56	77.4269	-59.1351	18.2918
93.58	78.0867	-59.7932	18.2934
93.6	79.4366	-61.1426	18.2939
93.62	81.888	-63.6009	18.2871
93.64	83.5535	-65.2934	18.26
93.66	84.1968	-65.9418	18.255
93.68	84.3305	-66.0864	18.2441
93.7	84.0524	-65.7979	18.2545
93.72	82.85	-64.6018	18.2482
93.74	80.1822	-61.9387	18.2434
93.76	77.7606	-59.5367	18.2238
93.78	78.7224	-60.505	18.2173
93.8	81.8613	-63.6518	18.2095
93.82	83.8096	-65.59	18.2196
93.84	83.2652	-65.0452	18.22
93.86	81.3133	-63.0919	18.2213
93.88	80.3832	-62.1563	18.2269
93.9	80.734	-62.5134	18.2205
93.92	81.2993	-63.0776	18.2217
93.94	82.7258	-64.5224	18.2035
93.96	83.2467	-65.0693	18.1774
93.98	84.6436	-66.4709	18.1727
94	87.2466	-69.0652	18.1814
94.02	87.6509	-69.4628	18.188
94.04	86.3974	-68.2141	18.1833
94.06	84.62	-66.4255	18.1945
94.08	82.9076	-64.7245	18.1831
94.1	81.6522	-63.4679	18.1843
94.12	82.4843	-64.2961	18.1883
94.14	83.9443	-65.7563	18.188
94.16	85.0322	-66.849	18.1831
94.18	86.0451	-67.8513	18.1938
94.2	86.3718	-68.1777	18.1941
94.22	86.1711	-67.9816	18.1896
94.24	86.6172	-68.449	18.1682
94.26	88.3129	-70.1455	18.1674
94.28	90.1162	-71.9659	18.1502
94.3	90.8822	-72.7489	18.1333
94.32	90.0234	-71.8955	18.1279
94.34	88.1785	-70.0601	18.1184
94.36	87.9973	-69.8665	18.1308
94.38	90.8488	-72.7156	18.1332
94.4	92.9157	-74.7774	18.1383
94.42	92.6153	-74.4926	18.1227
94.44	90.9838	-72.8711	18.1127
94.46	89.4728	-71.3484	18.1244
94.48	89.2084	-71.0953	18.1131
94.5	89.9361	-71.8238	18.1123
94.52	90.5534	-72.4416	18.1117
94.54	90.5717	-72.4538	18.1179
94.56	91.0418	-72.9354	18.1064
94.58	91.2012	-73.093	18.1082
94.6	87.8401	-69.729	18.1111
94.62	85.8614	-67.7633	18.098
94.64	89.2454	-71.1574	18.0879
94.66	91.8692	-73.7977	18.0715
94.68	91.9428	-73.8642	18.0786
94.7	91.3869	-73.2844	18.1025
94.72	92.6194	-74.5453	18.0741
94.74	94.3491	-76.2822	18.0668
94.76	93.9412	-75.8795	18.0617
94.78	91.6782	-73.6261	18.0521
94.8	89.6852	-71.6158	18.0694
94.82	89.3992	-71.3302	18.069
94.84	90.2896	-72.2217	18.0679
94.86	90.7895	-72.7277	18.0618
94.88	90.2305	-72.1786	18.052
94.9	89.9764	-71.9192	18.0571
94.92	89.8813	-71.8134	18.0679
94.94	89.6574	-71.5886	18.0688
94.96	90.1806	-72.1174	18.0631
94.98	91.1217	-73.0534	18.0683
95	91.7365	-73.6629	18.0736
95.02	91.6168	-73.5322	18.0845
95.04	90.6264	-72.5587	18.0677
95.06	88.9015	-70.8266	18.0748
95.08	89.0402	-70.9654	18.0748
95.1	91.0591	-72.9918	18.0673
95.12	92.2678	-74.2164	18.0514
95.14	92.6374	-74.5753	18.0621
95.16	91.8345	-73.767	18.0675
95.18	90.2389	-72.1807	18.0582
95.2	89.9802	-71.9438	18.0365
95.22	91.4051	-73.353	18.0521
95.24	93.2379	-75.1915	18.0464
95.26	94.7692	-76.7283	18.041
95.28	95.6852	-77.6391	18.046
95.3	95.3435	-77.3035	18.0399
95.32	93.1175	-75.0554	18.062
95.34	90.047	-71.9831	18.0639
95.36	88.977	-70.9082	18.0689
95.38	89.7955	-71.7277	18.0677
95.4	91.0992	-73.0253	18.0739
95.42	93.0518	-74.9844	18.0674
95.44	94.2025	-76.13	18.0725
95.46	93.8878	-75.82	18.0678
95.48	93.2916	-75.2279	18.0637
95.5	94.6686	-76.6045	18.0641
95.52	98.0889	-80.0391	18.0497
95.54	99.1226	-81.0578	18.0648
95.56	95.6786	-77.5912	18.0874
95.58	90.5677	-72.4685	18.0993
95.6	91.8586	-73.7577	18.1008
95.62	95.7937	-77.6786	18.1151
95.64	97.4133	-79.3243	18.0889
95.66	97.3095	-79.2192	18.0903
95.68	96.8703	-78.7743	18.096
95.7	96.3563	-78.2444	18.1119
95.72	95.2049	-77.1034	18.1015
95.74	94.2406	-76.1438	18.0968
95.76	94.34	-76.2493	18.0907
95.78	94.8752	-76.7685	18.1067
95.8	95.0332	-76.9326	18.1007
95.82	94.0354	-75.9189	18.1165
95.84	91.3106	-73.1941	18.1165
95.86	88.3616	-70.2577	18.1039
95.88	89.589	-71.5157	18.0733
95.9	91.6832	-73.6109	18.0723
95.92	91.9521	-73.8956	18.0565
95.94	90.7695	-72.7352	18.0343
95.96	88.2254	-70.1901	18.0353
95.98	86.3913	-68.3372	18.054
96	88.0986	-70.0524	18.0463
96.02	90.703	-72.6584	18.0446
96.04	91.3106	-73.2771	18.0335
96.06	89.6668	-71.6269	18.0399
96.08	87.0961	-69.0561	18.04
96.1	85.2427	-67.1828	18.06
96.12	87.578	-69.5108	18.0671
96.14	89.8749	-71.7809	18.094
96.16	89.8364	-71.7355	18.1009
96.18	89.0533	-70.9404	18.1129
96.2	88.8796	-70.778	18.1015
96.22	89.0898	-70.9992	18.0907
96.24	89.5695	-71.4901	18.0794
96.26	89.8414	-71.7735	18.0679
96.28	89.1516	-71.0784	18.0732
96.3	87.4096	-69.3308	18.0787
96.32	85.2392	-67.1598	18.0794
96.34	84.1774	-66.0817	18.0957
96.36	84.518	-66.4113	18.1067
96.38	86.4781	-68.3661	18.112
96.4	89.0897	-70.9735	18.1162
96.42	90.0229	-71.9167	18.1062
96.44	89.9911	-71.8839	18.1072
96.46	90.0908	-71.9673	18.1234
96.48	90.2131	-72.1012	18.1119
96.5	89.6784	-71.5727	18.1057
96.52	87.5906	-69.4807	18.1099
96.54	83.6483	-65.5406	18.1077
96.56	82.8358	-64.7214	18.1144
96.58	86.6492	-68.5387	18.1105
96.6	89.6274	-71.5225	18.105
96.62	90.2382	-72.1429	18.0954
96.64	89.8039	-71.7079	18.0959
96.66	89.061	-70.9544	18.1066
96.68	87.7186	-69.6015	18.1172
96.7	85.7774	-67.6592	18.1182
96.72	84.884	-66.7542	18.1298
96.74	85.8494	-67.721	18.1284
96.76	86.8417	-68.7031	18.1386
96.78	86.7187	-68.5625	18.1562
96.8	86.904	-68.7412	18.1628
96.82	88.6034	-70.4363	18.1671
96.84	90.4095	-72.2481	18.1614
96.86	91.4948	-73.3277	18.1671
96.88	92.0131	-73.835	18.1781
96.9	91.992	-73.8034	18.1885
96.92	90.8746	-72.7036	18.171
96.94	87.7547	-69.5732	18.1814
96.96	83.7241	-65.5443	18.1797
96.98	84.3499	-66.1666	18.1833
97	87.6145	-69.4291	18.1855
97.02	88.4864	-70.2989	18.1876
97.04	88.5891	-70.4015	18.1876
97.06	88.1327	-69.9462	18.1865
97.08	86.6903	-68.4897	18.2006
97.1	87.8257	-69.6205	18.2052
97.12	90.5244	-72.3152	18.2092
97.14	91.8923	-73.699	18.1933
97.16	91.7521	-73.5534	18.1988
97.18	90.1334	-71.9337	18.1997
97.2	88.4088	-70.2079	18.2009
97.22	88.0908	-69.8962	18.1946
97.24	88.3371	-70.1597	18.1774
97.26	87.9271	-69.7499	18.1773
97.28	86.5002	-68.3229	18.1773
97.3	84.4597	-66.2701	18.1897
97.32	83.9029	-65.7239	18.179
97.34	85.1792	-67.0073	18.1719
97.36	86.0773	-67.9053	18.172
97.38	86.0637	-67.8806	18.1831
97.4	85.1719	-66.9886	18.1833
97.42	83.8077	-65.613	18.1947
97.44	82.7483	-64.5476	18.2007
97.46	82.9078	-64.696	18.2118
97.48	84.3113	-66.1114	18.1998
97.5	85.6155	-67.4267	18.1888
97.52	86.3295	-68.1405	18.189
97.54	86.5196	-68.2978	18.2218
97.56	86.008	-67.7755	18.2326
97.58	84.8141	-66.5863	18.2278
97.6	84.2316	-65.9974	18.2342
97.62	85.3651	-67.1429	18.2222
97.64	86.904	-68.6827	18.2214
97.66	87.5303	-69.3036	18.2268
97.68	87.056	-68.8397	18.2163
97.7	86.2815	-68.0757	18.2058
97.72	86.0136	-67.8131	18.2005
97.74	86.5089	-68.3031	18.2058
97.76	87.4468	-69.247	18.1999
97.78	88.3103	-70.1157	18.1946
97.8	89.2032	-71.0198	18.1835
97.82	89.835	-71.6796	18.1554
97.84	89.4069	-71.257	18.1498
97.86	87.977	-69.8374	18.1397
97.88	87.1118	-68.9873	18.1244
97.9	88.3843	-70.272	18.1123
97.92	90.3478	-72.242	18.1058
97.94	91.3841	-73.2727	18.1114
97.96	91.4721	-73.3602	18.1119
97.98	91.374	-73.2676	18.1064
98	91.2078	-73.0912	18.1166
98.02	90.256	-72.1341	18.1218
98.04	88.8536	-70.7408	18.1128
98.06	89.5552	-71.4321	18.123
98.08	91.667	-73.5455	18.1215
98.1	92.7697	-74.6479	18.1218
98.12	93.0627	-74.918	18.1446
98.14	93.4568	-75.3017	18.155
98.16	93.2274	-75.0619	18.1655
98.18	91.9209	-73.7653	18.1556
98.2	91.0496	-72.8871	18.1625
98.22	92.5618	-74.4108	18.151
98.24	95.4974	-77.332	18.1654
98.26	96.8311	-78.6772	18.1539
98.28	95.4975	-77.3317	18.1658
98.3	92.8599	-74.6932	18.1667
98.32	90.6927	-72.5477	18.145
98.34	89.713	-71.5854	18.1277
98.36	88.9889	-70.8669	18.122
98.38	88.5008	-70.4043	18.0966
98.4	90.013	-71.9236	18.0894
98.42	91.3435	-73.2547	18.0888
98.44	91.1488	-73.0644	18.0845
98.46	90.7151	-72.6573	18.0578
98.48	91.0705	-73.0079	18.0626
98.5	91.1775	-73.1118	18.0658
98.52	88.7973	-70.7246	18.0728
98.54	86.8962	-68.8267	18.0695
98.56	87.8819	-69.8275	18.0544
98.58	86.9623	-68.9022	18.0601
98.6	84.492	-66.4607	18.0313
98.62	85.5605	-67.5354	18.0251
98.64	89.3106	-71.282	18.0286
98.66	92.0586	-74.0079	18.0507
98.68	93.0008	-74.9385	18.0622
98.7	92.5302	-74.473	18.0572
98.72	91.2176	-73.1438	18.0738
98.74	89.4928	-71.4134	18.0793
98.76	87.6671	-69.5879	18.0791
98.78	85.9923	-67.9069	18.0853
98.8	85.7005	-67.6204	18.0802
98.82	87.2768	-69.2304	18.0464
98.84	89.3395	-71.294	18.0455
98.86	90.3005	-72.2772	18.0233
98.88	89.606	-71.5762	18.0298
98.9	88.8693	-70.8378	18.0314
98.92	90.0514	-72.0271	18.0243
98.94	91.1744	-73.1468	18.0276
98.96	89.6054	-71.5663	18.0391
98.98	86.5374	-68.5086	18.0288
99	84.7852	-66.7473	18.038
99.02	88.344	-70.3176	18.0264
99.04	90.6388	-72.601	18.0378
99.06	89.9503	-71.9144	18.0359
99.08	90.3863	-72.3295	18.0568
99.1	90.8506	-72.7909	18.0597
99.12	88.2344	-70.1835	18.0509
99.14	85.6098	-67.583	18.0268
99.16	86.9581	-68.9121	18.046
99.18	89.2609	-71.2216	18.0393
99.2	89.9575	-71.9079	18.0496
99.22	88.3708	-70.3246	18.0462
99.24	87.6555	-69.5971	18.0584
99.26	88.9754	-70.9038	18.0717
99.28	88.4565	-70.3777	18.0787
99.3	87.5111	-69.4746	18.0365
99.32	88.2506	-70.2091	18.0415
99.34	89.8803	-71.8401	18.0402
99.36	90.3524	-72.3172	18.0352
99.38	89.7366	-71.7006	18.0361
99.4	89.2436	-71.1961	18.0475
99.42	89.5307	-71.4781	18.0526
99.44	90.0894	-72.0373	18.0521
99.46	90.1543	-72.1027	18.0517
99.48	89.2778	-71.2259	18.0519
99.5	88.1793	-70.1263	18.053
99.52	88.3297	-70.2725	18.0573
99.54	88.743	-70.6529	18.0901
99.56	89.2419	-71.1456	18.0963
99.58	90.6387	-72.5431	18.0955
99.6	91.7861	-73.6974	18.0887
99.62	90.939	-72.839	18.1
99.64	88.6198	-70.5182	18.1016
99.66	87.226	-69.1243	18.1017
99.68	87.3073	-69.2058	18.1014
99.7	88.4131	-70.3221	18.091
99.72	90.4674	-72.3831	18.0843
99.74	91.7936	-73.72	18.0736
99.76	92.2676	-74.1984	18.0692
99.78	93.0315	-74.9511	18.0804
99.8	94.2407	-76.1664	18.0743
99.82	95.1523	-77.0947	18.0576
99.84	95.2749	-77.2234	18.0515
99.86	93.8187	-75.7859	18.0328
99.88	89.5023	-71.4615	18.0408
99.9	88.1734	-70.1401	18.0334
99.92	93.262	-75.2263	18.0357
99.94	94.2222	-76.1782	18.044
99.96	92.2778	-74.2186	18.0592
99.98	92.5246	-74.4786	18.046
100	92.758	-74.7077	18.0503
100.02	90.9595	-72.9032	18.0563
100.04	88.5922	-70.5165	18.0757
100.06	89.8765	-71.7906	18.086
100.08	93.9203	-75.8536	18.0668
100.1	96.5191	-78.4573	18.0618
100.12	97.3402	-79.2947	18.0456
100.14	96.6028	-78.5682	18.0346
100.16	95.637	-77.6049	18.032
100.18	97.4768	-79.4543	18.0225
100.2	98.1955	-80.1885	18.007
100.22	98.1781	-80.1475	18.0306
100.24	99.1575	-81.1293	18.0282
100.26	98.4618	-80.4121	18.0497
100.28	96.0776	-78.0308	18.0468
100.3	95.4444	-77.4097	18.0347
100.32	96.2509	-78.2055	18.0454
100.34	97.3161	-79.2826	18.0335
100.36	97.6788	-79.6431	18.0357
100.38	98.9885	-80.9323	18.0562
100.4	99.5656	-81.4995	18.0661
100.42	98.7626	-80.6988	18.0638
100.44	99.6902	-81.6186	18.0716
100.46	99.3141	-81.237	18.0771
100.48	96.9386	-78.8604	18.0781
100.5	94.8431	-76.7682	18.0748
100.52	95.8292	-77.7508	18.0784
100.54	97.6761	-79.6053	18.0709
100.56	97.306	-79.2336	18.0724
100.58	96.0974	-78.0308	18.0666
100.6	94.1818	-76.1092	18.0725
100.62	93.2646	-75.1842	18.0804
100.64	95.8303	-77.7251	18.1052
100.66	98.193	-80.0828	18.1102
100.68	98.6321	-80.5207	18.1114
100.7	97.8885	-79.7716	18.1169
100.72	96.1396	-78.0166	18.123
100.74	94.2605	-76.1426	18.1179
100.76	92.7991	-74.6757	18.1234
100.78	92.0091	-73.8741	18.135
100.8	92.2718	-74.1222	18.1497
100.82	91.3717	-73.229	18.1427
100.84	89.5221	-71.3732	18.1489
100.86	92.7586	-74.6104	18.1482
100.88	94.8979	-76.738	18.1599
100.9	94.1499	-75.9944	18.1556
100.92	91.8308	-73.6587	18.1721
100.94	88.769	-70.5842	18.1847
100.96	87.2295	-69.0396	18.1899
100.98	87.172	-68.9828	18.1892
101	87.4788	-69.2893	18.1895
101.02	88.2011	-70.0282	18.1728
101.04	88.8415	-70.6473	18.1942
101.06	88.69	-70.49	18.2001
101.08	88.1269	-69.9159	18.211
101.1	87.3643	-69.1476	18.2166
101.12	86.795	-68.5834	18.2116
101.14	87.1047	-68.893	18.2117
101.16	88.4762	-70.2479	18.2283
101.18	90.8521	-72.6136	18.2386
101.2	93.0373	-74.7887	18.2486
101.22	93.5568	-75.3141	18.2427
101.24	91.8632	-73.6145	18.2487
101.26	89.0517	-70.7911	18.2606
101.28	86.8606	-68.5996	18.261
101.3	86.3704	-68.1095	18.2609
101.32	87.3881	-69.1282	18.2599
101.34	88.3949	-70.1299	18.265
101.36	88.5874	-70.3112	18.2762
101.38	88.1888	-69.9179	18.2709
101.4	87.4245	-69.1651	18.2594
101.42	86.1175	-67.8516	18.2659
101.44	85.6856	-67.4084	18.2771
101.46	86.5108	-68.2234	18.2874
101.48	87.6054	-69.3126	18.2928
101.5	88.3751	-70.0718	18.3033
101.52	88.0885	-69.7846	18.3039
101.54	87.3122	-69.0136	18.2986
101.56	86.0635	-67.778	18.2855
101.58	82.2411	-63.9501	18.291
101.6	79.3415	-61.0444	18.297
101.62	82.7947	-64.5162	18.2784
101.64	83.9536	-65.6784	18.2752
101.66	83.209	-64.9377	18.2714
101.68	82.4792	-64.2079	18.2713
101.7	81.9089	-63.632	18.2769
101.72	81.5633	-63.2862	18.2771
101.74	81.76	-63.4827	18.2773
101.76	82.6969	-64.4039	18.293
101.78	83.3274	-65.0355	18.2919
101.8	82.3047	-64.0119	18.2928
101.82	81.0735	-62.7734	18.3
101.84	81.7656	-63.4724	18.2932
101.86	82.8362	-64.5439	18.2923
101.88	82.7711	-64.4947	18.2764
101.9	82.0694	-63.787	18.2824
101.92	81.5012	-63.2299	18.2713
101.94	81.0221	-62.7512	18.2709
101.96	80.297	-62.0097	18.2873
101.98	79.5747	-61.2867	18.288
102	79.8646	-61.582	18.2826
102.02	81.2438	-62.9618	18.282
102.04	82.7522	-64.4542	18.2979
102.06	83.5594	-65.2613	18.2981
102.08	83.724	-65.4255	18.2985
102.1	83.788	-65.495	18.293
102.12	83.7768	-65.4736	18.3033
102.14	83.1195	-64.8107	18.3089
102.16	82.3553	-64.0401	18.3152
102.18	83.1078	-64.8033	18.3045
102.2	85.3145	-66.9905	18.3239
102.22	85.7291	-67.4109	18.3183
102.24	84.1041	-65.7773	18.3268
102.26	84.3382	-66.0062	18.332
102.28	86.1143	-67.7964	18.3179
102.3	85.7684	-67.4545	18.3139
102.32	84.6586	-66.3497	18.3089
102.34	83.749	-65.4294	18.3196
102.36	83.0069	-64.6971	18.3098
102.38	83.6527	-65.332	18.3207
102.4	85.3891	-67.0753	18.3138
102.42	86.2716	-67.9745	18.2972
102.44	86.0465	-67.7588	18.2877
102.46	86.5163	-68.2283	18.288
102.48	87.9799	-69.6929	18.287
102.5	89.072	-70.7851	18.2869
102.52	89.2447	-70.963	18.2818
102.54	88.8135	-70.5259	18.2876
102.56	88.2828	-70.0115	18.2712
102.58	87.8668	-69.6013	18.2655
102.6	87.3196	-69.0548	18.2648
102.62	86.046	-67.8025	18.2435
102.64	85.0603	-66.7992	18.2611
102.66	85.7306	-67.4813	18.2493
102.68	87.027	-68.7673	18.2597
102.7	87.9509	-69.68	18.2709
102.72	88.5158	-70.2228	18.293
102.74	88.8872	-70.5776	18.3096
102.76	89.1869	-70.8775	18.3094
102.78	89.0969	-70.7825	18.3144
102.8	88.0702	-69.7556	18.3146
102.82	86.4789	-68.1473	18.3316
102.84	85.2122	-66.8809	18.3314
102.86	84.1502	-65.8191	18.3312
102.88	83.1896	-64.8526	18.337
102.9	82.833	-64.4849	18.3481
102.92	83.355	-65.0068	18.3482
102.94	84.5556	-66.2136	18.342
102.96	85.2727	-66.9309	18.3418
102.98	84.9317	-66.5677	18.364
103	83.7642	-65.4107	18.3535
103.02	82.4354	-64.0598	18.3756
103.04	81.2426	-62.8783	18.3643
103.06	79.9859	-61.621	18.3648
103.08	79.407	-61.042	18.365
103.1	79.6733	-61.3256	18.3476
103.12	79.6289	-61.2706	18.3584
103.14	78.9983	-60.6502	18.3481
103.16	78.5195	-60.1716	18.348
103.18	78.1411	-59.7991	18.342
103.2	77.1505	-58.8201	18.3304
103.22	75.1254	-56.8044	18.321
103.24	74.6148	-56.2876	18.3272
103.26	76.4477	-58.1224	18.3252
103.28	77.9387	-59.6129	18.3258
103.3	78.8984	-60.578	18.3204
103.32	79.3685	-61.0425	18.3259
103.34	79.3309	-61.0048	18.3262
103.36	79.0598	-60.7555	18.3043
103.38	78.6934	-60.3839	18.3095
103.4	78.0485	-59.7441	18.3044
103.42	77.6941	-59.3893	18.3048
103.44	78.1563	-59.8634	18.2929
103.46	78.2962	-59.9982	18.2979
103.48	77.7116	-59.3854	18.3263
103.5	77.5532	-59.2324	18.3207
103.52	77.83	-59.5377	18.2923
103.54	77.5269	-59.2065	18.3203
103.56	77.7735	-59.4526	18.3209
103.58	79.0614	-60.7483	18.3131
103.6	78.9112	-60.5968	18.3143
103.62	78.501	-60.1746	18.3264
103.64	79.1656	-60.8455	18.3201
103.66	79.8978	-61.5827	18.3151
103.68	81.0403	-62.7356	18.3047
103.7	82.9939	-64.6899	18.304
103.72	84.8128	-66.5144	18.2983
103.74	85.9096	-67.6274	18.2821
103.76	86.3435	-68.0502	18.2932
103.78	86.3224	-68.018	18.3044
103.8	86.1361	-67.8315	18.3046
103.82	86.1114	-67.8013	18.31
103.84	86.302	-68.0087	18.2932
103.86	86.3268	-68.0561	18.2707
103.88	85.576	-67.3059	18.2701
103.9	83.8006	-65.5298	18.2708
103.92	82.6399	-64.3627	18.2772
103.94	83.4987	-65.2119	18.2868
103.96	85.1876	-66.8948	18.2927
103.98	87.5377	-69.246	18.2917
104	88.8693	-70.5904	18.2788
104.02	86.7466	-68.4846	18.262
104.04	81.6805	-63.4206	18.2599
104.06	79.3564	-61.1001	18.2563
104.08	82.2645	-64.0122	18.2523
104.1	85.573	-67.3089	18.264
104.12	88.2247	-69.977	18.2477
104.14	89.7117	-71.464	18.2477
104.16	89.5072	-71.2488	18.2584
104.18	87.4048	-69.151	18.2538
104.2	85.014	-66.7588	18.2552
104.22	84.2394	-65.9858	18.2536
104.24	83.6243	-65.3872	18.2371
104.26	83.1709	-64.9269	18.244
104.28	84.6032	-66.3649	18.2384
104.3	87.4706	-69.228	18.2426
104.32	89.5904	-71.3534	18.237
104.34	90.1965	-71.9695	18.227
104.36	90.1605	-71.9388	18.2217
104.38	89.7132	-71.4976	18.2156
104.4	88.2459	-70.0304	18.2155
104.42	85.7449	-67.5346	18.2103
104.44	83.1056	-64.8944	18.2112
104.46	82.4093	-64.1754	18.2339
104.48	84.3327	-66.0962	18.2365
104.5	85.3937	-67.1626	18.2311
104.52	84.9641	-66.721	18.2431
104.54	84.3052	-66.0561	18.2491
104.56	84.2172	-65.9689	18.2483
104.58	83.9711	-65.7282	18.2429
104.6	83.7945	-65.5344	18.2602
104.62	84.4659	-66.2125	18.2535
104.64	84.9155	-66.667	18.2485
104.66	85.2817	-67.0287	18.2529
104.68	84.7335	-66.4633	18.2702
104.7	84.3764	-66.106	18.2704
104.72	84.5681	-66.3151	18.253
104.74	84.4299	-66.1661	18.2638
104.76	84.4014	-66.1355	18.2659
104.78	86.3358	-68.0619	18.274
104.8	86.9305	-68.6565	18.274
104.82	85.1088	-66.8375	18.2713
104.84	84.132	-65.8441	18.2879
104.86	84.4517	-66.1651	18.2865
104.88	84.3361	-66.023	18.3132
104.9	82.8075	-64.5157	18.2918
104.92	81.0771	-62.7833	18.2938
104.94	81.6107	-63.3181	18.2926
104.96	83.0868	-64.8006	18.2862
104.98	83.7881	-65.5072	18.2809
105	83.6792	-65.4034	18.2758
105.02	83.2905	-65.0088	18.2817
105.04	83.3124	-65.0248	18.2876
105.06	84.102	-65.815	18.2869
105.08	84.6633	-66.3931	18.2702
105.1	84.4178	-66.158	18.2597
105.12	83.8454	-65.5962	18.2492
105.14	83.5047	-65.2666	18.2381
105.16	83.232	-64.9723	18.2597
105.18	82.6476	-64.4041	18.2435
105.2	82.1501	-63.9115	18.2386
105.22	82.4845	-64.257	18.2275
105.24	83.3232	-65.0966	18.2266
105.26	83.4453	-65.2084	18.2369
105.28	82.0588	-63.8105	18.2483
105.3	80.259	-62.0145	18.2445
105.32	80.1008	-61.8572	18.2437
105.34	80.8275	-62.5902	18.2373
105.36	81.0836	-62.8409	18.2427
105.38	80.6117	-62.3802	18.2315
105.4	79.3246	-61.0776	18.247
105.42	77.0878	-58.8173	18.2706
105.44	78.4447	-60.1505	18.2941
105.46	84.135	-65.8459	18.2891
105.48	86.6171	-68.2988	18.3183
105.5	86.4436	-68.1295	18.3141
105.52	85.4715	-67.1673	18.3042
105.54	85.0795	-66.7645	18.315
105.56	85.284	-66.9859	18.2981
105.58	85.5557	-67.2529	18.3028
105.6	84.9117	-66.6048	18.3069
105.62	82.3114	-63.9814	18.33
105.64	80.2656	-61.9498	18.3158
105.66	81.8822	-63.5734	18.3088
105.68	84.913	-66.6065	18.3065
105.7	85.8112	-67.5037	18.3074
105.72	85.1051	-66.8122	18.2929
105.74	85.0506	-66.7638	18.2867
105.76	84.9215	-66.6411	18.2804
105.78	83.703	-65.4265	18.2765
105.8	83.3226	-65.0341	18.2885
105.82	84.8362	-66.5489	18.2873
105.84	86.5485	-68.2509	18.2975
105.86	87.1327	-68.8351	18.2976
105.88	86.4183	-68.1208	18.2975
105.9	84.3355	-66.0273	18.3081
105.92	81.0389	-62.7188	18.32
105.94	78.2653	-59.9443	18.3211
105.96	77.6625	-59.3311	18.3313
105.98	78.4468	-60.1058	18.341
106	78.998	-60.6406	18.3574
106.02	79.0424	-60.679	18.3635
106.04	79.4178	-61.0807	18.3371
106.06	80.9651	-62.6287	18.3365
106.08	82.5956	-64.2594	18.3362
106.1	83.4408	-65.0988	18.3419
106.12	83.4265	-65.0899	18.3366
106.14	82.6462	-64.3203	18.3258
106.16	81.4395	-63.1133	18.3262
106.18	80.2962	-61.9754	18.3208
106.2	79.4259	-61.1051	18.3208
106.22	78.976	-60.6385	18.3375
106.24	79.3482	-61.033	18.3152
106.26	80.0269	-61.7126	18.3143
106.28	79.9204	-61.6175	18.3029
106.3	78.4584	-60.1508	18.3076
106.32	75.3089	-57.0004	18.3085
106.34	73.0866	-54.7757	18.3109
106.36	74.6857	-56.3667	18.319
106.38	77.109	-58.8056	18.3035
106.4	79.9074	-61.5989	18.3086
106.42	81.9511	-63.6427	18.3084
106.44	82.3989	-64.0902	18.3087
106.46	81.3436	-63.0127	18.3308
106.48	79.3418	-61.0208	18.3211
106.5	78.2379	-59.9162	18.3217
106.52	78.7559	-60.4466	18.3093
106.54	79.2041	-60.8786	18.3255
106.56	79.0861	-60.7599	18.3261
106.58	79.0309	-60.7213	18.3097
106.6	79.0469	-60.7432	18.3037
106.62	78.6812	-60.3827	18.2985
106.64	78.2636	-59.9705	18.2931
106.66	77.9311	-59.6381	18.293
106.68	77.6121	-59.3079	18.3043
106.7	77.6319	-59.3057	18.3262
106.72	78.0366	-59.6996	18.337
106.74	78.5211	-60.1896	18.3315
106.76	78.9267	-60.5897	18.337
106.78	79.1937	-60.8567	18.337
106.8	79.3689	-61.0428	18.3261
106.82	79.4818	-61.134	18.3478
106.84	79.1945	-60.8471	18.3474
106.86	78.0396	-59.6867	18.3529
106.88	76.2433	-57.8954	18.3478
106.9	74.5855	-56.2322	18.3533
106.92	73.7732	-55.4188	18.3545
106.94	75.1645	-56.8055	18.359
106.96	77.5343	-59.1761	18.3582
106.98	79.2508	-60.8979	18.3529
107	80.0972	-61.7444	18.3529
107.02	79.8222	-61.4588	18.3635
107.04	78.1293	-59.7766	18.3527
107.06	75.7896	-57.4353	18.3543
107.08	75.1269	-56.7675	18.3593
107.1	75.7539	-57.3855	18.3684
107.12	75.4756	-57.1064	18.3692
107.14	75.1078	-56.7375	18.3704
107.16	76.0252	-57.6501	18.3751
107.18	77.1954	-58.838	18.3574
107.2	76.8143	-58.4626	18.3517
107.22	74.559	-56.2013	18.3577
107.24	71.9095	-53.5825	18.327
107.26	72.0033	-53.6601	18.3432
107.28	74.5126	-56.1549	18.3577
107.3	76.4885	-58.1418	18.3467
107.32	77.1526	-58.8051	18.3475
107.34	77.1565	-58.8032	18.3533
107.36	76.9744	-58.621	18.3534
107.38	76.8515	-58.5035	18.3481
107.4	77.0379	-58.6843	18.3535
107.42	77.5297	-59.1929	18.3368
107.44	77.9517	-59.6045	18.3472
107.46	77.7321	-59.4014	18.3308
107.48	77.1832	-58.8732	18.31
107.5	77.7465	-59.4534	18.293
107.52	78.7643	-60.4779	18.2864
107.54	78.6751	-60.3828	18.2923
107.56	77.8462	-59.5481	18.298
107.58	76.9049	-58.6175	18.2875
107.6	76.6628	-58.3908	18.272
107.62	78.2725	-59.9956	18.2769
107.64	80.802	-62.5316	18.2704
107.66	82.6578	-64.3765	18.2813
107.68	83.3966	-65.1098	18.2868
107.7	83.1076	-64.8048	18.3029
107.72	81.4419	-63.1454	18.2964
107.74	78.1864	-59.899	18.2874
107.76	76.4927	-58.1882	18.3045
107.78	77.644	-59.3354	18.3086
107.8	79.5914	-61.2772	18.3142
107.82	81.9045	-63.5952	18.3094
107.84	84.6252	-66.3063	18.3189
107.86	85.7198	-67.4071	18.3127
107.88	84.003	-65.6959	18.3072
107.9	80.3409	-62.0416	18.2993
107.92	79.6663	-61.3772	18.2891
107.94	82.9867	-64.6958	18.291
107.96	85.4916	-67.1836	18.308
107.98	86.7919	-68.4886	18.3033
108	87.4831	-69.1966	18.2865
108.02	87.1279	-68.8358	18.2921
108.04	86.0351	-67.7476	18.2875
108.06	85.3431	-67.0667	18.2764
108.08	84.9305	-66.6605	18.27
108.1	83.8143	-65.5441	18.2701
108.12	82.697	-64.42	18.277
108.14	83.3017	-65.0318	18.2699
108.16	83.8706	-65.6068	18.2638
108.18	83.2947	-65.0356	18.2592
108.2	82.5881	-64.3393	18.2488
108.22	82.8364	-64.5868	18.2495
108.24	84.7139	-66.476	18.2379
108.26	86.9675	-68.7198	18.2477
108.28	87.6428	-69.3952	18.2476
108.3	86.2634	-68.0095	18.2538
108.32	83.8405	-65.5803	18.2602
108.34	81.6922	-63.4314	18.2608
108.36	80.8659	-62.6158	18.2501
108.38	81.587	-63.3327	18.2543
108.4	82.2594	-64.0116	18.2478
108.42	81.3294	-63.087	18.2424
108.44	79.1218	-60.8721	18.2497
108.46	78.3332	-60.0825	18.2507
108.48	80.1758	-61.9322	18.2436
108.5	82.3816	-64.1223	18.2594
108.52	83.537	-65.2609	18.2761
108.54	83.7477	-65.4493	18.2984
108.56	83.3904	-65.0867	18.3037
108.58	82.482	-64.1837	18.2983
108.6	81.5635	-63.253	18.3105
108.62	82.167	-63.8577	18.3094
108.64	83.1161	-64.8131	18.303
108.66	82.985	-64.6815	18.3035
108.68	82.2719	-63.9788	18.2931
108.7	81.898	-63.5997	18.2984
108.72	81.6622	-63.3706	18.2916
108.74	80.4278	-62.1409	18.2869
108.76	79.4316	-61.1327	18.2988
108.78	80.0291	-61.7314	18.2977
108.8	81.1585	-62.8717	18.2868
108.82	82.2302	-63.9445	18.2856
108.84	81.681	-63.3959	18.2851
108.86	79.0115	-60.7193	18.2922
108.88	77.3836	-59.0881	18.2954
108.9	80.3095	-62.0235	18.286
108.92	83.2324	-64.9195	18.3129
108.94	84.0065	-65.7085	18.298
108.96	84.0313	-65.7272	18.3041
108.98	83.9995	-65.6956	18.3039
109	83.6614	-65.352	18.3094
109.02	83.0298	-64.7201	18.3096
109.04	82.2976	-63.9826	18.315
109.06	81.3376	-63.017	18.3206
109.08	80.3547	-62.0281	18.3266
109.1	80.0554	-61.7346	18.3208
109.12	80.1314	-61.8226	18.3088
109.14	79.7492	-61.4342	18.315
109.16	79.8696	-61.5771	18.2925
109.18	79.9765	-61.6846	18.2919
109.2	79.1608	-60.874	18.2868
109.22	77.9829	-59.6846	18.2983
109.24	77.4147	-59.1103	18.3043
109.26	78.1304	-59.8218	18.3086
109.28	78.6798	-60.3826	18.2972
109.3	78.6779	-60.368	18.3099
109.32	79.7387	-61.4192	18.3195
109.34	80.2303	-61.8997	18.3306
109.36	79.7217	-61.3791	18.3425
109.38	79.1453	-60.792	18.3533
109.4	78.4533	-60.1112	18.3421
109.42	77.4543	-59.1119	18.3424
109.44	76.764	-58.4267	18.3373
109.46	77.0707	-58.7282	18.3424
109.48	77.8273	-59.4692	18.3581
109.5	78.0136	-59.6492	18.3644
109.52	78.2735	-59.9201	18.3534
109.54	78.5466	-60.1828	18.3638
109.56	78.2726	-59.9134	18.3591
109.58	78.4137	-60.049	18.3646
109.6	78.9701	-60.6063	18.3638
109.62	78.8795	-60.51	18.3695
109.64	78.2438	-59.8627	18.381
109.66	78.0196	-59.6328	18.3867
109.68	78.4211	-60.0352	18.3859
109.7	78.4294	-60.0325	18.3968
109.72	77.8698	-59.4729	18.3969
109.74	76.9696	-58.5673	18.4022
109.76	76.0029	-57.6055	18.3974
109.78	76.0697	-57.684	18.3857
109.8	76.159	-57.7695	18.3895
109.82	74.8229	-56.4195	18.4034
109.84	75.0123	-56.6046	18.4077
109.86	75.8302	-57.4224	18.4078
109.88	76.4977	-58.1006	18.3971
109.9	77.1063	-58.7146	18.3918
109.92	77.5663	-59.1634	18.4029
109.94	77.8826	-59.4961	18.3865
109.96	78.0503	-59.6527	18.3976
109.98	78.2004	-59.7974	18.4031
110	78.3289	-59.9478	18.3811
110.02	78.3199	-59.9337	18.3862
110.04	77.7058	-59.3046	18.4011
110.06	75.0538	-56.6473	18.4065
110.08	72.5957	-54.19	18.4057
110.1	74.8644	-56.4535	18.411
110.12	75.8269	-57.4371	18.3899
110.14	74.7577	-56.3499	18.4078
110.16	73.7248	-55.3	18.4248
110.18	73.518	-55.0939	18.4242
110.2	73.4712	-55.0516	18.4197
110.22	74.2763	-55.8401	18.4362
110.24	75.8647	-57.4182	18.4465
110.26	77.1788	-58.7327	18.4462
110.28	77.5067	-59.0552	18.4515
110.3	76.671	-58.2192	18.4519
110.32	75.3988	-56.9403	18.4585
110.34	75.2495	-56.7909	18.4585
110.36	76.321	-57.869	18.452
110.38	77.18	-58.7338	18.4463
110.4	77.3477	-58.9067	18.4411
110.42	77.1018	-58.6663	18.4355
110.44	76.4367	-58.0069	18.4298
110.46	75.1254	-56.6793	18.446
110.48	73.3284	-54.8925	18.4359
110.5	72.3937	-53.9627	18.431
110.52	73.3486	-54.9288	18.4198
110.54	75.5358	-57.1172	18.4187
110.56	77.2788	-58.8656	18.4132
110.58	78.2058	-59.7815	18.4243
110.6	78.4381	-60.0198	18.4183
110.62	77.5813	-59.1683	18.413
110.64	76.2665	-57.8196	18.447
110.66	75.9338	-57.4818	18.4519
110.68	76.2124	-57.7776	18.4348
110.7	76.172	-57.743	18.429
110.72	75.4095	-56.9855	18.4239
110.74	74.7747	-56.3548	18.4199
110.76	76.0955	-57.6757	18.4198
110.78	79.0555	-60.6317	18.4238
110.8	81.4338	-63.0053	18.4285
110.82	81.7983	-63.3694	18.4289
110.84	80.5675	-62.132	18.4355
110.86	79.215	-60.7902	18.4248
110.88	78.2798	-59.8497	18.4301
110.9	77.6953	-59.254	18.4413
110.92	77.6612	-59.2322	18.4289
110.94	76.9396	-58.5158	18.4238
110.96	76.4421	-57.9999	18.4422
110.98	78.3314	-59.891	18.4404
111	80.2148	-61.7916	18.4232
111.02	80.3748	-61.9512	18.4236
111.04	78.988	-60.5477	18.4403
111.06	76.6279	-58.1818	18.4461
111.08	74.0356	-55.6222	18.4134
111.1	72.0633	-53.6431	18.4203
111.12	72.4725	-54.0528	18.4196
111.14	74.3982	-55.9803	18.418
111.16	75.2043	-56.787	18.4173
111.18	74.1443	-55.7309	18.4135
111.2	73.4776	-55.0697	18.4079
111.22	73.5833	-55.1811	18.4022
111.24	74.2402	-55.8539	18.3863
111.26	75.4221	-57.0373	18.3848
111.28	75.0132	-56.6218	18.3914
111.3	74.1836	-55.8072	18.3764
111.32	74.5369	-56.1613	18.3756
111.34	75.2048	-56.8404	18.3644
111.36	75.6174	-57.2525	18.3649
111.38	76.3185	-57.9481	18.3704
111.4	77.2382	-58.8901	18.348
111.42	77.9055	-59.5411	18.3644
111.44	78.1783	-59.8142	18.3641
111.46	77.7626	-59.3988	18.3639
111.48	77.1038	-58.7605	18.3433
111.5	77.8591	-59.5119	18.3472
111.52	78.7868	-60.4445	18.3423
111.54	79.9896	-61.6478	18.3418
111.56	80.8085	-62.4845	18.3241
111.58	79.5433	-61.2195	18.3238
111.6	76.0958	-57.7829	18.3129
111.62	72.6388	-54.3206	18.3182
111.64	75.8934	-57.5803	18.3131
111.66	80.4238	-62.1068	18.317
111.68	81.4736	-63.1596	18.314
111.7	81.3225	-63.0133	18.3092
111.72	80.9745	-62.6601	18.3144
111.74	80.3663	-62.058	18.3083
111.76	79.2044	-60.8964	18.308
111.78	78.816	-60.4986	18.3174
111.8	82.9844	-64.6718	18.3126
111.82	86.2132	-67.9017	18.3116
111.84	85.1591	-66.8306	18.3285
111.86	81.2945	-62.9684	18.3261
111.88	79.029	-60.7087	18.3203
111.9	79.0289	-60.7036	18.3253
111.92	80.013	-61.6995	18.3135
111.94	80.4427	-62.1449	18.2978
111.96	80.7582	-62.459	18.2991
111.98	82.1797	-63.8761	18.3036
112	83.3517	-65.0606	18.2911
112.02	82.4781	-64.2019	18.2762
112.04	81.8467	-63.5747	18.272
112.06	82.8392	-64.586	18.2532
112.08	82.5148	-64.2556	18.2591
112.1	81.037	-62.7709	18.2661
112.12	80.3956	-62.1343	18.2613
112.14	81.4572	-63.2073	18.2499
112.16	83.379	-65.1187	18.2602
112.18	85.0301	-66.7757	18.2544
112.2	85.5593	-67.3217	18.2376
112.22	84.4987	-66.2558	18.2429
112.24	82.0516	-63.8134	18.2382
112.26	79.6664	-61.4441	18.2223
112.28	78.8006	-60.5665	18.234
112.3	80.4786	-62.2455	18.2331
112.32	83.3295	-65.0923	18.2372
112.34	84.929	-66.6976	18.2314
112.36	84.4497	-66.2179	18.2318
112.38	82.4309	-64.2038	18.2272
112.4	80.7633	-62.5505	18.2128
112.42	82.1519	-63.9295	18.2224
112.44	84.9795	-66.7649	18.2146
112.46	85.7706	-67.5513	18.2193
112.48	83.9385	-65.7054	18.233
112.5	83.376	-65.126	18.25
112.52	85.0118	-66.7583	18.2535
112.54	85.9772	-67.7188	18.2584
112.56	84.9709	-66.7011	18.2698
112.58	82.8585	-64.5865	18.272
112.6	82.1767	-63.9054	18.2713
112.62	82.5097	-64.2105	18.2992
112.64	83.7944	-65.4902	18.3042
112.66	85.177	-66.8679	18.3091
112.68	85.4877	-67.1624	18.3253
112.7	84.3176	-65.9974	18.3202
112.72	82.3123	-63.9915	18.3209
112.74	80.5196	-62.2095	18.3101
112.76	79.4155	-61.0943	18.3212
112.78	79.2632	-60.9526	18.3106
112.8	80.4175	-62.1126	18.3049
112.82	82.5217	-64.2176	18.3042
112.84	84.3588	-66.0551	18.3037
112.86	85.1623	-66.8418	18.3205
112.88	85.3355	-67.0199	18.3155
112.9	85.4876	-67.1836	18.3039
112.92	84.866	-66.5687	18.2973
112.94	82.3105	-64.0072	18.3033
112.96	79.5981	-61.2971	18.301
112.98	80.3923	-62.0889	18.3034
113	81.394	-63.0977	18.2963
113.02	80.04	-61.7478	18.2922
113.04	78.1393	-59.8406	18.2987
113.06	77.7023	-59.4198	18.2825
113.08	78.6577	-60.3784	18.2794
113.1	77.5325	-59.257	18.2754
113.12	76.6757	-58.3967	18.2789
113.14	79.938	-61.657	18.281
113.16	83.2571	-64.9818	18.2753
113.18	84.9555	-66.6795	18.2761
113.2	85.4548	-67.1785	18.2763
113.22	84.9753	-66.7044	18.2708
113.24	83.6244	-65.3422	18.2822
113.26	82.0252	-63.7487	18.2765
113.28	80.107	-61.848	18.259
113.3	77.3237	-59.0853	18.2384
113.32	75.7609	-57.5543	18.2066
113.34	77.1174	-58.884	18.2334
113.36	79.9596	-61.7443	18.2152
113.38	81.5388	-63.3068	18.232
113.4	81.4966	-63.2745	18.2221
113.42	81.0066	-62.7892	18.2173
113.44	80.9456	-62.7172	18.2283
113.46	81.3328	-63.0993	18.2335
113.48	81.7006	-63.4838	18.2168
113.5	81.6464	-63.4352	18.2112
113.52	81.1463	-62.9458	18.2005
113.54	80.7324	-62.526	18.2064
113.56	80.9693	-62.7849	18.1844
113.58	81.8551	-63.6433	18.2117
113.6	83.2621	-65.0727	18.1895
113.62	84.6314	-66.4481	18.1832
113.64	84.9524	-66.7697	18.1827
113.66	83.6595	-65.4767	18.1828
113.68	81.5052	-63.3153	18.1898
113.7	80.9236	-62.7276	18.1959
113.72	82.9015	-64.7125	18.189
113.74	85.6618	-67.4788	18.183
113.76	88.0422	-69.8538	18.1884
113.78	89.5615	-71.3788	18.1827
113.8	89.9674	-71.7791	18.1883
113.82	89.3954	-71.2129	18.1825
113.84	87.7507	-69.5565	18.1941
113.86	86.3609	-68.193	18.1679
113.88	86.875	-68.6975	18.1776
113.9	87.8454	-69.6796	18.1657
113.92	88.7336	-70.5547	18.1789
113.94	91.4872	-73.3107	18.1765
113.96	93.3402	-75.1751	18.1651
113.98	92.9739	-74.8239	18.1501
114	91.8219	-73.6557	18.1662
114.02	89.8578	-71.697	18.1608
114.04	87.5648	-69.4025	18.1623
114.06	86.8202	-68.6637	18.1565
114.08	87.3831	-69.2269	18.1562
114.1	88.7046	-70.5645	18.1401
114.12	90.788	-72.6321	18.156
114.14	92.6622	-74.5012	18.161
114.16	93.4202	-75.2705	18.1496
114.18	92.4208	-74.2665	18.1544
114.2	89.0961	-70.9419	18.1542
114.22	85.0909	-66.9262	18.1647
114.24	86.9801	-68.8347	18.1453
114.26	91.6321	-73.4737	18.1584
114.28	92.9125	-74.7482	18.1643
114.3	91.5016	-73.3389	18.1626
114.32	91.7942	-73.6392	18.155
114.34	92.031	-73.8542	18.1768
114.36	91.5035	-73.3304	18.1731
114.38	92.2352	-74.057	18.1781
114.4	93.6945	-75.5446	18.1498
114.42	94.4341	-76.2953	18.1388
114.44	94.322	-76.1772	18.1448
114.46	93.8253	-75.692	18.1333
114.48	92.8201	-74.6915	18.1286
114.5	92.2965	-74.1683	18.1282
114.52	91.8026	-73.6813	18.1213
114.54	90.3357	-72.2116	18.1241
114.56	91.0319	-72.9139	18.118
114.58	92.9699	-74.8489	18.121
114.6	92.5889	-74.4615	18.1274
114.62	90.6609	-72.5381	18.1229
114.64	88.943	-70.8197	18.1233
114.66	88.9471	-70.8447	18.1024
114.68	91.6613	-73.5448	18.1165
114.7	94.0466	-75.9257	18.1209
114.72	93.9298	-75.7862	18.1435
114.74	92.0269	-73.8655	18.1614
114.76	90.3138	-72.1523	18.1615
114.78	89.2312	-71.0599	18.1714
114.8	87.9452	-69.7726	18.1726
114.82	88.2515	-70.0785	18.173
114.84	90.4266	-72.2717	18.1549
114.86	91.9639	-73.8307	18.1333
114.88	92.5345	-74.3948	18.1397
114.9	92.9463	-74.8226	18.1237
114.92	93.6831	-75.5539	18.1292
114.94	94.4509	-76.3276	18.1234
114.96	94.6713	-76.5644	18.107
114.98	94.3132	-76.1949	18.1183
115	93.8354	-75.7224	18.113
115.02	93.514	-75.3901	18.1238
115.04	93.305	-75.1484	18.1566
115.06	93.1317	-74.9535	18.1782
115.08	92.6978	-74.5202	18.1776
115.1	91.3728	-73.1848	18.1881
115.12	88.9381	-70.744	18.1941
115.14	86.7365	-68.5301	18.2065
115.16	86.8746	-68.6685	18.206
115.18	88.9189	-70.7093	18.2096
115.2	90.2724	-72.0689	18.2034
115.22	89.9164	-71.7115	18.2049
115.24	89.5268	-71.3268	18.2
115.26	89.952	-71.7414	18.2106
115.28	90.3755	-72.182	18.1935
115.3	89.7598	-71.5606	18.1992
115.32	88.3747	-70.1692	18.2055
115.34	87.5085	-69.3133	18.1953
115.36	88.0353	-69.8462	18.1891
115.38	89.1552	-70.955	18.2002
115.4	90.5123	-72.3069	18.2054
115.42	91.4118	-73.1848	18.2269
115.44	91.0723	-72.8231	18.2492
115.46	89.8065	-71.5457	18.2608
115.48	88.5733	-70.2963	18.277
115.5	87.2029	-68.9165	18.2864
115.52	84.719	-66.4413	18.2777
115.54	84.7533	-66.4756	18.2777
115.56	87.268	-68.977	18.291
115.58	87.7348	-69.4429	18.2918
115.6	86.5078	-68.2092	18.2986
115.62	85.4303	-67.1425	18.2877
115.64	84.7735	-66.4973	18.2762
115.66	84.0374	-65.76	18.2774
115.68	84.4498	-66.1724	18.2774
115.7	85.8035	-67.5327	18.2708
115.72	86.5945	-68.3399	18.2546
115.74	86.8588	-68.6088	18.25
115.76	87.5255	-69.3033	18.2223
115.78	88.0908	-69.8693	18.2215
115.8	87.526	-69.3044	18.2216
115.82	86.1705	-67.9645	18.2061
115.84	85.1701	-66.9651	18.2051
115.86	84.0349	-65.8177	18.2172
115.88	84.2143	-65.9964	18.2179
115.9	86.4664	-68.2496	18.2168
115.92	89.1061	-70.8958	18.2103
115.94	90.4427	-72.216	18.2267
115.96	90.1471	-71.9039	18.2433
115.98	88.4784	-70.2307	18.2477
116	84.8439	-66.5905	18.2534
116.02	81.2301	-62.9796	18.2505
116.04	81.0802	-62.8258	18.2544
116.06	82.4515	-64.1982	18.2533
116.08	83.1967	-64.9372	18.2594
116.1	83.5482	-65.2767	18.2715
116.12	84.6508	-66.374	18.2768
116.14	86.2644	-68.0047	18.2596
116.16	87.1398	-68.8755	18.2643
116.18	86.1152	-67.856	18.2592
116.2	83.9765	-65.7047	18.2719
116.22	83.1264	-64.8489	18.2775
116.24	84.1157	-65.833	18.2827
116.26	86.3126	-68.0308	18.2818
116.28	88.1435	-69.8733	18.2702
116.3	88.42	-70.1492	18.2708
116.32	87.715	-69.438	18.277
116.34	86.9693	-68.6921	18.2772
116.36	86.509	-68.2484	18.2606
116.38	86.249	-67.9722	18.2768
116.4	86.076	-67.8105	18.2655
116.42	85.8665	-67.5953	18.2712
116.44	86.1144	-67.8483	18.2661
116.46	87.2968	-69.0258	18.2711
116.48	88.6793	-70.4193	18.26
116.5	89.822	-71.5622	18.2598
116.52	90.2367	-71.9719	18.2647
116.54	89.1962	-70.9314	18.2648
116.56	87.0597	-68.7884	18.2712
116.58	85.5869	-67.3255	18.2614
116.6	86.3474	-68.0761	18.2713
116.62	87.9082	-69.6327	18.2755
116.64	88.3279	-70.0631	18.2647
116.66	87.4878	-69.2284	18.2594
116.68	85.7654	-67.5163	18.249
116.7	84.3086	-66.0585	18.2501
116.72	84.5774	-66.3223	18.2551
116.74	85.955	-67.7062	18.2488
116.76	87.2655	-69.0056	18.26
116.78	88.3903	-70.1525	18.2378
116.8	88.8772	-70.6341	18.2431
116.82	88.4914	-70.2482	18.2432
116.84	87.3018	-69.0642	18.2376
116.86	85.4302	-67.1975	18.2327
116.88	83.8895	-65.6451	18.2444
116.9	83.7715	-65.5218	18.2498
116.92	84.9461	-66.7132	18.233
116.94	86.6997	-68.4728	18.2269
116.96	88.0637	-69.8478	18.2159
116.98	88.6373	-70.4268	18.2105
117	88.4309	-70.2203	18.2106
117.02	87.5521	-69.3195	18.2326
117.04	86.4193	-68.1917	18.2276
117.06	85.9197	-67.7084	18.2113
117.08	86.2705	-68.0549	18.2157
117.1	86.1589	-67.949	18.21
117.12	85.2768	-67.0497	18.2271
117.14	84.4561	-66.2239	18.2322
117.16	83.5607	-65.3336	18.2271
117.18	83.439	-65.178	18.261
117.2	85.1134	-66.8705	18.2429
117.22	86.4348	-68.1924	18.2424
117.24	86.5708	-68.3271	18.2437
117.26	87.1411	-68.9025	18.2386
117.28	88.6667	-70.4291	18.2376
117.3	89.6796	-71.438	18.2416
117.32	88.2679	-70.0148	18.2531
117.34	85.4121	-67.1296	18.2825
117.36	84.0776	-65.7782	18.2994
117.38	85.2035	-66.8995	18.304
117.4	87.1254	-68.823	18.3024
117.42	87.4416	-69.144	18.2976
117.44	86.5594	-68.2555	18.3039
117.46	85.5561	-67.2585	18.2976
117.48	84.0529	-65.7597	18.2932
117.5	84.4816	-66.1598	18.3218
117.52	87.5876	-69.2585	18.3291
117.54	88.5511	-70.2264	18.3247
117.56	87.5044	-69.1737	18.3308
117.58	85.3722	-67.0577	18.3145
117.6	82.875	-64.5648	18.3101
117.62	81.6351	-63.3245	18.3106
117.64	82.262	-63.936	18.326
117.66	83.3269	-64.9961	18.3308
117.68	83.5208	-65.2009	18.3199
117.7	82.8213	-64.5117	18.3097
117.72	82.0449	-63.7405	18.3044
117.74	81.4828	-63.1625	18.3204
117.76	80.8263	-62.5	18.3264
117.78	80.6805	-62.3651	18.3154
117.8	80.9969	-62.6715	18.3254
117.82	80.6274	-62.3071	18.3203
117.84	79.8269	-61.5116	18.3153
117.86	79.3362	-61.0258	18.3105
117.88	79.9351	-61.5756	18.3595
117.9	81.128	-62.7636	18.3644
117.92	81.8703	-63.5112	18.3591
117.94	82.1273	-63.7681	18.3592
117.96	81.953	-63.5943	18.3587
117.98	80.8718	-62.5081	18.3637
118	78.8185	-60.4645	18.3539
118.02	77.5761	-59.2276	18.3485
118.04	77.5459	-59.1924	18.3535
118.06	78.3839	-59.9966	18.3874
118.08	80.768	-62.3875	18.3804
118.1	82.7364	-64.3572	18.3792
118.12	82.5652	-64.185	18.3802
118.14	81.805	-63.4284	18.3766
118.16	82.8438	-64.4743	18.3695
118.18	83.857	-65.4949	18.362
118.2	82.4801	-64.1278	18.3523
118.22	80.6029	-62.2599	18.343
118.24	81.2937	-62.9554	18.3384
118.26	84.8868	-66.541	18.3459
118.28	86.9392	-68.593	18.3463
118.3	86.7972	-68.4553	18.3418
118.32	85.7071	-67.3757	18.3315
118.34	84.6402	-66.2973	18.3429
118.36	84.3627	-66.0143	18.3484
118.38	84.861	-66.5352	18.3258
118.4	85.1705	-66.8343	18.3362
118.42	84.3766	-66.0411	18.3355
118.44	81.9775	-63.663	18.3144
118.46	79.9237	-61.6074	18.3163
118.48	80.5018	-62.1827	18.3191
118.5	80.8128	-62.4996	18.3131
118.52	80.3548	-62.0393	18.3155
118.54	81.3733	-63.0593	18.314
118.56	82.1218	-63.8182	18.3036
118.58	82.4499	-64.1293	18.3206
118.6	82.8685	-64.5533	18.3152
118.62	83.245	-64.9245	18.3205
118.64	83.1316	-64.8116	18.32
118.66	81.8241	-63.5159	18.3082
118.68	78.8845	-60.5745	18.31
118.7	77.34	-59.0067	18.3333
118.72	78.7699	-60.4445	18.3254
118.74	80.1154	-61.7841	18.3313
118.76	80.8804	-62.5543	18.3261
118.78	81.2054	-62.8791	18.3263
118.8	81.245	-62.9131	18.3319
118.82	81.1681	-62.8525	18.3156
118.84	81.0759	-62.7713	18.3046
118.86	80.9698	-62.6491	18.3206
118.88	80.3772	-62.0683	18.3088
118.9	78.8741	-60.5804	18.2937
118.92	78.4151	-60.1213	18.2937
118.94	79.3939	-61.0954	18.2985
118.96	80.6459	-62.3581	18.2877
118.98	81.8888	-63.607	18.2818
119	82.4277	-64.1455	18.2822
119.02	82.5082	-64.2424	18.2658
119.04	82.2876	-64.0275	18.2601
119.06	81.6794	-63.4185	18.2609
119.08	81.8916	-63.6353	18.2563
119.1	83.8386	-65.5673	18.2713
119.12	85.6758	-67.4057	18.2701
119.14	85.6276	-67.3409	18.2867
119.16	84.0356	-65.7533	18.2823
119.18	82.7876	-64.515	18.2725
119.2	83.7767	-65.4992	18.2775
119.22	86.2689	-67.9824	18.2864
119.24	87.4528	-69.1719	18.281
119.26	86.869	-68.6032	18.2658
119.28	86.1198	-67.8534	18.2664
119.3	86.059	-67.7989	18.2601
119.32	85.7699	-67.4997	18.2702
119.34	84.4837	-66.2015	18.2822
119.36	83.7042	-65.4538	18.2504
119.38	84.8289	-66.5959	18.2331
119.4	86.7178	-68.5127	18.205
119.42	88.1003	-69.9008	18.1994
119.44	88.4865	-70.2985	18.188
119.46	87.488	-69.2884	18.1996
119.48	86.1517	-67.9569	18.1948
119.5	85.5239	-67.3294	18.1945
119.52	85.5011	-67.3116	18.1895
119.54	86.4796	-68.2849	18.1946
119.56	87.8654	-69.6712	18.1943
119.58	88.9	-70.7114	18.1885
119.6	88.9603	-70.7726	18.1877
119.62	87.0874	-68.9056	18.1818
119.64	83.7209	-65.5468	18.1741
119.66	83.498	-65.3239	18.174
119.68	86.5755	-68.4157	18.1598
119.7	88.7405	-70.5801	18.1604
119.72	89.6336	-71.4738	18.1599
119.74	89.0474	-70.8866	18.1608
119.76	87.8174	-69.6636	18.1538
119.78	85.64	-67.5049	18.1351
119.8	85.5806	-67.4369	18.1437
119.82	85.5674	-67.4118	18.1556
119.84	85.5253	-67.3741	18.1513
119.86	86.6265	-68.4645	18.1619
119.88	88.3499	-70.2053	18.1446
119.9	89.3121	-71.1634	18.1487
119.92	87.5444	-69.3918	18.1526
119.94	82.1565	-64.0059	18.1507
119.96	79.4516	-61.2815	18.1701
119.98	82.9041	-64.7553	18.1488
120	86.5307	-68.3861	18.1446
120.02	89.9331	-71.778	18.1551
120.04	92.2232	-74.0681	18.1551
120.06	92.9643	-74.8193	18.145
120.08	93.0073	-74.8624	18.145
120.1	92.3906	-74.2355	18.155
120.12	90.3624	-72.2126	18.1498
120.14	87.9166	-69.7601	18.1565
120.16	87.0946	-68.9497	18.1449
120.18	87.6707	-69.5375	18.1332
120.2	88.1066	-69.9816	18.125
120.22	85.6685	-67.5253	18.1432
120.24	83.7097	-65.5579	18.1518
120.26	85.5384	-67.3907	18.1476
120.28	86.9654	-68.7994	18.166
120.3	88.1836	-70.0193	18.1642
120.32	87.2481	-69.0817	18.1664
120.34	86.6858	-68.5273	18.1584
120.36	89.6174	-71.4565	18.1609
120.38	92.2387	-74.0852	18.1536
120.4	91.2023	-73.0377	18.1646
120.42	86.6776	-68.5277	18.1499
120.44	82.0761	-63.9008	18.1753
120.46	82.3841	-64.2039	18.1802
120.48	86.7203	-68.5328	18.1876
120.5	89.7795	-71.5923	18.1872
120.52	89.8965	-71.6974	18.199
120.54	88.0878	-69.9039	18.1839
120.56	86.26	-68.0645	18.1955
120.58	85.6052	-67.4151	18.19
120.6	86.3459	-68.1562	18.1897
120.62	87.736	-69.5422	18.1938
120.64	87.8678	-69.6464	18.2214
120.66	86.8176	-68.5841	18.2336
120.68	86.1296	-67.8907	18.239
120.7	85.7848	-67.5526	18.2322
120.72	84.4257	-66.1936	18.2322
120.74	82.1719	-63.9279	18.244
120.76	80.6514	-62.4066	18.2448
120.78	81.0584	-62.7927	18.2657
120.8	82.4349	-64.1741	18.2607
120.82	84.5485	-66.2887	18.2598
120.84	85.8887	-67.6129	18.2758
120.86	85.4176	-67.152	18.2656
120.88	83.837	-65.5874	18.2495
120.9	81.6583	-63.3818	18.2766
120.92	78.924	-60.6363	18.2877
120.94	76.2683	-57.9775	18.2908
120.96	72.2653	-53.9615	18.3037
120.98	71.318	-52.9952	18.3228
121	75.9257	-57.6088	18.3169
121.02	78.2035	-59.8952	18.3084
121.04	78.9873	-60.6824	18.3049
121.06	80.2479	-61.977	18.2709
121.08	80.5075	-62.2314	18.2761
121.1	79.0217	-60.7236	18.2981
121.12	76.1008	-57.8069	18.2939
121.14	73.8077	-55.5177	18.29
121.16	74.2041	-55.9045	18.2996
121.18	75.6321	-57.3396	18.2925
121.2	75.7012	-57.3987	18.3026
121.22	73.5259	-55.2112	18.3147
121.24	71.595	-53.2827	18.3124
121.26	73.6139	-55.3094	18.3045
121.28	76.7988	-58.4955	18.3033
121.3	78.5611	-60.2514	18.3097
121.32	79.4177	-61.0964	18.3213
121.34	80.1152	-61.7883	18.3269
121.36	80.7478	-62.4265	18.3213
121.38	81.1041	-62.7885	18.3157
121.4	81.0231	-62.7018	18.3212
121.42	80.7443	-62.4226	18.3217
121.44	80.9975	-62.681	18.3165
121.46	82.0922	-63.7765	18.3157
121.48	83.1761	-64.8557	18.3204
121.5	83.2448	-64.9246	18.3202
121.52	82.1353	-63.8094	18.3259
121.54	80.4352	-62.1202	18.315
121.56	78.7701	-60.4493	18.3208
121.58	77.9409	-59.6306	18.3102
121.6	78.734	-60.4194	18.3146
121.62	80.0303	-61.7104	18.3199
121.64	81.8265	-63.5108	18.3157
121.66	84.7354	-66.4114	18.324
121.68	85.4263	-67.0907	18.3357
121.7	83.9727	-65.6407	18.332
121.72	82.6839	-64.3512	18.3328
121.74	82.6018	-64.2584	18.3433
121.76	83.3319	-64.9996	18.3323
121.78	84.5754	-66.2432	18.3322
121.8	85.9324	-67.5896	18.3427
121.82	86.722	-68.3958	18.3262
121.84	86.5741	-68.2591	18.315
121.86	85.2216	-66.9123	18.3093
121.88	82.9156	-64.6104	18.3052
121.9	81.8472	-63.5464	18.3008
121.92	83.2543	-64.9336	18.3207
121.94	84.7937	-66.462	18.3317
121.96	85.8461	-67.5083	18.3378
121.98	86.95	-68.6071	18.3429
122	87.5054	-69.1799	18.3255
122.02	86.4548	-68.1348	18.3199
122.04	84.4332	-66.1222	18.311
122.06	84.1883	-65.8722	18.3161
122.08	85.5875	-67.2774	18.3101
122.1	87.5898	-69.2692	18.3206
122.12	89.2873	-70.9675	18.3198
122.14	89.8917	-71.5657	18.3261
122.16	90.3973	-72.0768	18.3205
122.18	90.5863	-72.2522	18.3342
122.2	87.3099	-68.977	18.3329
122.22	81.5101	-63.1746	18.3355
122.24	82.9186	-64.5876	18.331
122.26	87.4185	-69.1007	18.3178
122.28	89.6052	-71.2864	18.3187
122.3	89.791	-71.4768	18.3142
122.32	89.022	-70.7014	18.3206
122.34	88.3056	-69.969	18.3366
122.36	87.4391	-69.1079	18.3312
122.38	86.6832	-68.3456	18.3375
122.4	87.2175	-68.8743	18.3432
122.42	88.968	-70.6265	18.3415
122.44	89.7717	-71.4354	18.3364
122.46	89.95	-71.6117	18.3383
122.48	91.4203	-73.0617	18.3587
122.5	92.1643	-73.8232	18.3412
122.52	90.272	-71.9267	18.3452
122.54	84.6942	-66.3467	18.3475
122.56	81.7419	-63.3848	18.3571
122.58	85.3069	-66.9665	18.3404
122.6	87.4443	-69.1072	18.337
122.62	88.6249	-70.2984	18.3264
122.64	89.1082	-70.7652	18.343
122.66	88.8695	-70.5153	18.3542
122.68	88.2874	-69.9438	18.3436
122.7	87.7975	-69.476	18.3215
122.72	87.3238	-69.0189	18.3049
122.74	86.9104	-68.6106	18.2998
122.76	86.9202	-68.621	18.2992
122.78	86.8913	-68.5867	18.3047
122.8	86.74	-68.4239	18.3161
122.82	87.027	-68.7114	18.3156
122.84	87.1733	-68.8591	18.3142
122.86	85.6573	-67.3265	18.3308
122.88	83.5323	-65.205	18.3274
122.9	83.6337	-65.3127	18.321
122.92	85.0151	-66.7178	18.2973
122.94	85.0483	-66.7505	18.2978
122.96	84.1861	-65.8802	18.3058
122.98	85.2415	-66.9259	18.3156
123	86.9395	-68.6024	18.337
123.02	88.1025	-69.7649	18.3376
123.04	89.0225	-70.6909	18.3316
123.06	88.8199	-70.4732	18.3467
123.08	86.0717	-67.7144	18.3574
123.1	81.9258	-63.5641	18.3617
123.12	81.8146	-63.4446	18.37
123.14	83.6602	-65.3019	18.3582
123.16	84.8629	-66.5155	18.3474
123.18	85.1154	-66.784	18.3314
123.2	84.8253	-66.477	18.3483
123.22	84.6634	-66.3094	18.354
123.24	84.823	-66.4751	18.3479
123.26	84.5206	-66.1671	18.3535
123.28	83.9073	-65.5475	18.3599
123.3	84.0217	-65.6729	18.3488
123.32	84.7411	-66.3984	18.3427
123.34	85.2811	-66.9492	18.3319
123.36	85.6273	-67.3009	18.3264
123.38	85.73	-67.3982	18.3317
123.4	85.3908	-67.0537	18.3371
123.42	84.4507	-66.1195	18.3313
123.44	82.5837	-64.2587	18.325
123.46	79.1885	-60.8801	18.3084
123.48	75.6814	-57.3852	18.2963
123.5	77.1066	-58.8024	18.3043
123.52	80.3207	-62.029	18.2917
123.54	81.8005	-63.475	18.3255
123.56	81.988	-63.6562	18.3318
123.58	81.7995	-63.4565	18.343
123.6	81.4635	-63.1049	18.3586
123.62	80.0136	-61.673	18.3406
123.64	76.6583	-58.3146	18.3437
123.66	75.9562	-57.6185	18.3378
123.68	77.727	-59.3856	18.3414
123.7	78.5289	-60.1648	18.3641
123.72	78.6684	-60.293	18.3754
123.74	78.5096	-60.1555	18.3541
123.76	78.7725	-60.4235	18.349
123.78	79.786	-61.4429	18.3431
123.8	81.0117	-62.6691	18.3426
123.82	81.6511	-63.3253	18.3258
123.84	81.1461	-62.8151	18.331
123.86	79.537	-61.216	18.321
123.88	78.3555	-60.0341	18.3214
123.9	78.3213	-60.0175	18.3039
123.92	78.3472	-60.0261	18.3211
123.94	79.1835	-60.8624	18.3211
123.96	80.6992	-62.4013	18.298
123.98	81.3311	-63.0329	18.2982
124	81.2489	-62.9281	18.3208
124.02	81.2576	-62.9428	18.3148
124.04	80.9336	-62.6136	18.32
124.06	80.389	-62.0733	18.3157
124.08	81.0507	-62.7357	18.315
124.1	82.2963	-63.9815	18.3148
124.12	83.4403	-65.1258	18.3145
124.14	83.8308	-65.5328	18.298
124.16	83.4408	-65.158	18.2828
124.18	83.6833	-65.3891	18.2942
124.2	85.0637	-66.7759	18.2878
124.22	86.3634	-68.0764	18.287
124.24	86.3687	-68.0654	18.3033
124.26	85.0066	-66.7027	18.3039
124.28	83.3148	-65.0157	18.2991
124.3	82.6227	-64.3345	18.2882
124.32	83.3388	-65.0506	18.2882
124.34	85.3132	-67.0204	18.2928
124.36	87.0344	-68.7484	18.2861
124.38	86.6	-68.3357	18.2643
124.4	84.3047	-66.0275	18.2772
124.42	83.0794	-64.801	18.2784
124.44	84.4227	-66.1578	18.2649
124.46	85.3541	-67.0847	18.2694
124.48	84.5476	-66.2768	18.2708
124.5	84.4744	-66.2073	18.2671
124.52	87.0144	-68.7612	18.2532
124.54	88.5009	-70.2312	18.2697
124.56	87.7742	-69.5088	18.2654
124.58	86.1827	-67.9111	18.2716
124.6	85.1808	-66.9028	18.2781
124.62	86.1164	-67.8336	18.2828
124.64	88.0179	-69.7478	18.2701
124.66	88.5195	-70.2552	18.2643
124.68	87.3984	-69.1379	18.2605
124.7	87.1978	-68.9428	18.255
124.72	87.9312	-69.6629	18.2683
124.74	86.2803	-68.0218	18.2585
124.76	84.4176	-66.1632	18.2543
124.78	84.8282	-66.5948	18.2334
124.8	87.8712	-69.6338	18.2374
124.82	91.1559	-72.9251	18.2308
124.84	92.1785	-73.9361	18.2424
124.86	91.2879	-73.0449	18.243
124.88	89.628	-71.384	18.244
124.9	88.837	-70.5983	18.2387
124.92	89.1275	-70.8799	18.2476
124.94	88.3227	-70.0685	18.2542
124.96	87.7305	-69.4708	18.2597
124.98	87.5881	-69.3291	18.259
125	86.8929	-68.639	18.254
125.02	86.0342	-67.775	18.2592
125.04	85.8467	-67.5906	18.2561
125.06	88.4355	-70.1719	18.2636
125.08	90.0881	-71.8121	18.276
125.1	91.4033	-73.1207	18.2827
125.12	93.3553	-75.0639	18.2914
125.14	93.0859	-74.8007	18.2852
125.16	89.5981	-71.3171	18.281
125.18	85.7226	-67.45	18.2726
125.2	85.116	-66.839	18.277
125.22	87.4401	-69.1791	18.261
125.24	91.6946	-73.4417	18.2529
125.26	93.9599	-75.7068	18.2532
125.28	93.5371	-75.2776	18.2595
125.3	91.5302	-73.2753	18.2549
125.32	89.301	-71.0457	18.2553
125.34	87.7273	-69.4721	18.2552
125.36	87.141	-68.8745	18.2666
125.38	87.9255	-69.6659	18.2596
125.4	88.3051	-70.0572	18.2479
125.42	87.5066	-69.2678	18.2388
125.44	87.4913	-69.2365	18.2548
125.46	87.953	-69.6985	18.2545
125.48	88.3043	-70.0442	18.2601
125.5	88.4651	-70.1998	18.2654
125.52	88.1695	-69.915	18.2545
125.54	87.5675	-69.3288	18.2387
125.56	87.4413	-69.2078	18.2335
125.58	88.1852	-69.941	18.2442
125.6	89.2735	-71.0297	18.2438
125.62	90.0187	-71.7967	18.222
125.64	90.5349	-72.3235	18.2113
125.66	91.1157	-72.8936	18.2221
125.68	91.5732	-73.3349	18.2383
125.7	91.5775	-73.3233	18.2542
125.72	90.6763	-72.4276	18.2488
125.74	89.2973	-71.0641	18.2332
125.76	88.7967	-70.5858	18.2109
125.78	89.1968	-70.9805	18.2163
125.8	90.1273	-71.9115	18.2158
125.82	90.7493	-72.5334	18.216
125.84	90.819	-72.6029	18.216
125.86	90.4134	-72.1971	18.2163
125.88	90.0316	-71.8146	18.217
125.9	90.5916	-72.3695	18.2221
125.92	91.5239	-73.3025	18.2214
125.94	91.7964	-73.5583	18.2381
125.96	91.6943	-73.4612	18.2331
125.98	91.8364	-73.6035	18.2329
126	92.1072	-73.8803	18.2269
126.02	91.9674	-73.7518	18.2156
126.04	91.0862	-72.8814	18.2048
126.06	90.1821	-71.9869	18.1952
126.08	90.9223	-72.7284	18.1939
126.1	91.7891	-73.5964	18.1926
126.12	91.0335	-72.8452	18.1883
126.14	89.9681	-71.7782	18.1899
126.16	90.5554	-72.3711	18.1843
126.18	92.6694	-74.4693	18.2
126.2	95.046	-76.8356	18.2104
126.22	96.6403	-78.4191	18.2212
126.24	97.0288	-78.7966	18.2322
126.26	96.3796	-78.1636	18.216
126.28	95.1613	-76.9398	18.2215
126.3	93.8645	-75.6807	18.1839
126.32	93.859	-75.6856	18.1734
126.34	95.507	-77.336	18.171
126.36	96.0207	-77.8448	18.1759
126.38	94.5005	-76.2959	18.2046
126.4	92.7878	-74.5883	18.1995
126.42	92.0515	-73.8352	18.2163
126.44	93.3168	-75.1116	18.2052
126.46	95.9523	-77.7384	18.2139
126.48	96.8434	-78.6178	18.2255
126.5	96.2111	-77.9843	18.2267
126.52	95.398	-77.1716	18.2263
126.54	94.0363	-75.7938	18.2426
126.56	92.304	-74.0704	18.2335
126.58	92.4455	-74.2235	18.2221
126.6	93.87	-75.6495	18.2205
126.62	94.2582	-76.0438	18.2145
126.64	93.0996	-74.8775	18.2221
126.66	93.0345	-74.8347	18.1998
126.68	93.5411	-75.3486	18.1925
126.7	92.3535	-74.1866	18.1669
126.72	91.524	-73.3451	18.1789
126.74	92.3848	-74.2127	18.1721
126.76	93.5615	-75.389	18.1725
126.78	94.9801	-76.7918	18.1883
126.8	95.7991	-77.6008	18.1983
126.82	94.6794	-76.4764	18.203
126.84	90.9446	-72.7631	18.1814
126.86	86.6403	-68.4713	18.169
126.88	87.1379	-68.9714	18.1664
126.9	90.2752	-72.1164	18.1589
126.92	92.2067	-74.053	18.1538
126.94	92.6067	-74.4572	18.1495
126.96	92.5919	-74.431	18.1609
126.98	92.6431	-74.4653	18.1778
127	93.1771	-74.9938	18.1833
127.02	94.0808	-75.8976	18.1831
127.04	95.0432	-76.8708	18.1724
127.06	95.9884	-77.8167	18.1717
127.08	96.001	-77.8303	18.1707
127.1	94.3778	-76.2053	18.1725
127.12	93.7437	-75.5719	18.1718
127.14	93.6281	-75.4632	18.165
127.16	92.8314	-74.6685	18.1629
127.18	94.6331	-76.4778	18.1553
127.2	96.7145	-78.5658	18.1487
127.22	97.0429	-78.8933	18.1495
127.24	96.2624	-78.0916	18.1708
127.26	93.9817	-75.8277	18.154
127.28	90.7408	-72.5895	18.1513
127.3	90.8031	-72.6517	18.1514
127.32	93.929	-75.7715	18.1575
127.34	94.059	-75.9105	18.1485
127.36	93.0343	-74.904	18.1303
127.38	95.0601	-76.9317	18.1283
127.4	97.8016	-79.6581	18.1435
127.42	98.8036	-80.6656	18.1379
127.44	97.7912	-79.6572	18.134
127.46	96.9967	-78.8508	18.146
127.48	97.6229	-79.4946	18.1283
127.5	98.1487	-80.0146	18.1341
127.52	98.3258	-80.1922	18.1337
127.54	97.5856	-79.4465	18.139
127.56	95.8964	-77.7621	18.1344
127.58	94.354	-76.2037	18.1504
127.6	92.6594	-74.5161	18.1433
127.62	89.7773	-71.6209	18.1564
127.64	88.8122	-70.6609	18.1513
127.66	90.6307	-72.4808	18.1498
127.68	92.5874	-74.4274	18.16
127.7	92.8908	-74.7367	18.1541
127.72	91.0763	-72.9154	18.161
127.74	89.4514	-71.2949	18.1565
127.76	89.3297	-71.1746	18.155
127.78	89.5085	-71.3458	18.1627
127.8	91.8762	-73.7037	18.1725
127.82	94.8455	-76.658	18.1874
127.84	95.8334	-77.6239	18.2094
127.86	94.6447	-76.4348	18.2099
127.88	92.1676	-73.9626	18.205
127.9	90.3132	-72.1003	18.2128
127.92	91.7658	-73.5504	18.2154
127.94	93.1599	-74.9513	18.2086
127.96	92.1118	-73.9175	18.1943
127.98	91.584	-73.3882	18.1957
128	93.1754	-75.0001	18.1753
128.02	91.8801	-73.6983	18.1818
128.04	85.9432	-67.7545	18.1888
128.06	89.3751	-71.1996	18.1755
128.08	95.2731	-77.1047	18.1685
128.1	97.1743	-79.0031	18.1711
128.12	97.1883	-79.0167	18.1716
128.14	96.5559	-78.3839	18.172
128.16	95.7067	-77.5202	18.1865
128.18	92.8978	-74.705	18.1928
128.2	90.0471	-71.8458	18.2014
128.22	91.0213	-72.8452	18.1761
128.24	91.9932	-73.8251	18.1681
128.26	89.8122	-71.6348	18.1774
128.28	89.0234	-70.8501	18.1733
128.3	91.3066	-73.1193	18.1873
128.32	93.413	-75.2308	18.1823
128.34	94.8156	-76.6268	18.1887
128.36	96.3506	-78.156	18.1946
128.38	98.086	-79.8979	18.1881
128.4	98.5055	-80.3128	18.1927
128.42	96.3271	-78.1292	18.1979
128.44	91.8117	-73.6025	18.2093
128.46	86.8766	-68.6707	18.206
128.48	85.5681	-67.3672	18.2009
128.5	88.5389	-70.3301	18.2088
128.52	90.8978	-72.7019	18.1959
128.54	89.6922	-71.4772	18.215
128.56	87.9984	-69.7645	18.2339
128.58	88.9248	-70.6978	18.227
128.6	90.6983	-72.4499	18.2484
128.62	91.8016	-73.5471	18.2545
128.64	92.3508	-74.113	18.2378
128.66	91.8306	-73.6039	18.2267
128.68	90.0284	-71.7794	18.249
128.7	87.7319	-69.4871	18.2448
128.72	86.9207	-68.67	18.2507
128.74	88.0928	-69.849	18.2438
128.76	89.3111	-71.068	18.2431
128.78	89.2946	-71.0408	18.2538
128.8	87.6737	-69.4201	18.2536
128.82	84.795	-66.5402	18.2549
128.84	83.0379	-64.7982	18.2397
128.86	84.1426	-65.9044	18.2382
128.88	86.137	-67.905	18.2319
128.9	87.3779	-69.1401	18.2378
128.92	87.9832	-69.7341	18.2491
128.94	88.2257	-69.9711	18.2546
128.96	88.1426	-69.8769	18.2658
128.98	87.9575	-69.6973	18.2602
129	87.5866	-69.3266	18.26
129.02	86.901	-68.6242	18.2768
129.04	86.3946	-68.1174	18.2772
129.06	86.6515	-68.3635	18.288
129.08	87.4548	-69.162	18.2928
129.1	88.002	-69.7149	18.2872
129.12	87.9819	-69.6893	18.2926
129.14	87.3464	-69.0267	18.3197
129.16	85.9972	-67.6765	18.3207
129.18	85.4147	-67.0983	18.3163
129.2	86.9971	-68.6761	18.321
129.22	89.6272	-71.2907	18.3365
129.24	91.6283	-73.2925	18.3358
129.26	91.923	-73.5874	18.3356
129.28	90.3295	-71.9935	18.336
129.3	87.7524	-69.4266	18.3258
129.32	85.7223	-67.4118	18.3105
129.34	86.0423	-67.7153	18.3269
129.36	88.6567	-70.3257	18.331
129.38	91.4363	-73.1221	18.3142
129.4	93.3615	-75.0308	18.3307
129.42	94.2629	-75.9322	18.3307
129.44	94.0869	-75.7455	18.3414
129.46	92.763	-74.4268	18.3361
129.48	90.8281	-72.4975	18.3306
129.5	88.7096	-70.3682	18.3413
129.52	87.1284	-68.7692	18.3593
129.54	87.8238	-69.4771	18.3466
129.56	88.897	-70.5291	18.3679
129.58	89.2211	-70.8461	18.375
129.6	90.4187	-72.044	18.3747
129.62	92.0424	-73.6686	18.3738
129.64	92.5167	-74.1425	18.3741
129.66	92.0069	-73.6263	18.3806
129.68	91.5978	-73.2453	18.3525
129.7	90.6375	-72.2576	18.3799
129.72	89.2305	-70.878	18.3526
129.74	87.3784	-69.0163	18.362
129.76	83.9148	-65.545	18.3698
129.78	82.2513	-63.8795	18.3717
129.8	84.3802	-66.0005	18.3797
129.82	86.4733	-68.0882	18.3851
129.84	87.37	-69.0008	18.3692
129.86	87.4442	-69.0856	18.3587
129.88	87.203	-68.844	18.359
129.9	87.0133	-68.6818	18.3316
129.92	86.8863	-68.5219	18.3643
129.94	86.6416	-68.2773	18.3643
129.96	86.2215	-67.8406	18.3809
129.98	85.834	-67.4694	18.3646
130	85.7435	-67.3845	18.359
130.02	85.8618	-67.5087	18.3531
130.04	85.866	-67.5075	18.3585
130.06	85.6978	-67.3447	18.3531
130.08	85.6487	-67.2737	18.375
130.1	85.9116	-67.5422	18.3695
130.12	86.6411	-68.2773	18.3639
130.14	87.7363	-69.3785	18.3578
130.16	88.3428	-69.9802	18.3626
130.18	87.7529	-69.4004	18.3525
130.2	87.2468	-68.9043	18.3426
130.22	88.2315	-69.8892	18.3423
130.24	90.2933	-71.9518	18.3415
130.26	92.0484	-73.7022	18.3462
130.28	92.4223	-74.0811	18.3412
130.3	91.8319	-73.4965	18.3354
130.32	90.4975	-72.1549	18.3425
130.34	90.7135	-72.3491	18.3644
130.36	92.2693	-73.923	18.3464
130.38	92.808	-74.461	18.347
130.4	92.6322	-74.2903	18.342
130.42	92.2871	-73.9507	18.3364
130.44	91.9749	-73.6325	18.3424
130.46	92.55	-74.2021	18.3479
130.48	94.0003	-75.6425	18.3578
130.5	94.9217	-76.5694	18.3523
130.52	95.043	-76.7014	18.3416
130.54	94.8157	-76.48	18.3357
130.56	93.6731	-75.3281	18.3449
130.58	90.5146	-72.1682	18.3463
130.6	87.7716	-69.4194	18.3521
130.62	86.5845	-68.2503	18.3342
130.64	86.9781	-68.6402	18.3378
130.66	91.1685	-72.8368	18.3318
130.68	92.8032	-74.4623	18.3409
130.7	93.3907	-75.0664	18.3242
130.72	92.9893	-74.6597	18.3296
130.74	91.4215	-73.08	18.3416
130.76	91.0335	-72.6742	18.3593
130.78	92.764	-74.4137	18.3502
130.8	92.1719	-73.8107	18.3613
130.82	88.3541	-69.9947	18.3594
130.84	81.4935	-63.1425	18.351
130.86	83.5685	-65.2186	18.3499
130.88	88.7101	-70.361	18.3491
130.9	89.7534	-71.4011	18.3523
130.92	89.6481	-71.2898	18.3583
130.94	89.2262	-70.8735	18.3527
130.96	88.4422	-70.0783	18.3639
130.98	87.6175	-69.2532	18.3642
131	87.1452	-68.7865	18.3586
131.02	86.7917	-68.4498	18.3419
131.04	86.152	-67.8154	18.3366
131.06	85.3352	-66.9928	18.3424
131.08	84.8527	-66.4882	18.3645
131.1	85.0444	-66.68	18.3643
131.12	85.7188	-67.3493	18.3695
131.14	86.4134	-68.0441	18.3693
131.16	86.77	-68.3896	18.3804
131.18	86.9606	-68.5855	18.3751
131.2	87.1937	-68.8243	18.3694
131.22	87.24	-68.8761	18.3639
131.24	87.1695	-68.8109	18.3587
131.26	87.4115	-69.0645	18.347
131.28	87.2329	-68.8813	18.3516
131.3	86.2458	-67.8925	18.3533
131.32	86.3112	-67.9488	18.3625
131.34	85.599	-67.2485	18.3505
131.36	82.7966	-64.439	18.3576
131.38	80.7023	-62.3366	18.3657
131.4	82.4851	-64.1049	18.3802
131.42	85.8646	-67.491	18.3736
131.44	88.3581	-69.9955	18.3626
131.46	89.2294	-70.8613	18.3681
131.48	88.2958	-69.9389	18.357
131.5	85.6498	-67.2976	18.3522
131.52	82.8681	-64.5146	18.3534
131.54	81.8842	-63.5432	18.341
131.56	81.3448	-62.9883	18.3565
131.58	80.8635	-62.4883	18.3752
131.6	82.3642	-63.9744	18.3898
131.62	83.6191	-65.2231	18.396
131.64	84.5313	-66.1516	18.3797
131.66	84.9934	-66.6305	18.3629
131.68	84.7541	-66.4176	18.3365
131.7	85.1898	-66.8529	18.3368
131.72	86.4407	-68.122	18.3186
131.74	86.3165	-67.9866	18.3299
131.76	85.0095	-66.6674	18.3421
131.78	84.1315	-65.7892	18.3423
131.8	84.0824	-65.7464	18.336
131.82	83.9794	-65.6434	18.336
131.84	83.6524	-65.3435	18.3089
131.86	83.2912	-64.9657	18.3255
131.88	83.0065	-64.6808	18.3257
131.9	83.0154	-64.6843	18.3312
131.92	83.2502	-64.93	18.3203
131.94	83.6956	-65.3863	18.3093
131.96	84.245	-65.9304	18.3146
131.98	84.6285	-66.3139	18.3147
132	84.9188	-66.6095	18.3092
132.02	85.1477	-66.8332	18.3145
132.04	85.0675	-66.7695	18.298
132.06	84.4656	-66.1898	18.2757
132.08	83.1041	-64.8228	18.2813
132.1	81.5448	-63.2513	18.2936
132.12	81.7454	-63.4568	18.2886
132.14	84.1353	-65.8543	18.281
132.16	86.0036	-67.7066	18.297
132.18	86.2481	-67.9399	18.3082
132.2	84.9298	-66.6188	18.3111
132.22	79.5589	-61.2433	18.3156
132.24	75.8003	-57.4818	18.3185
132.26	81.5199	-63.2213	18.2987
132.28	84.6086	-66.3134	18.2952
132.3	84.5517	-66.2598	18.2919
132.32	83.7853	-65.4708	18.3145
132.34	83.6092	-65.2944	18.3147
132.36	84.6091	-66.3225	18.2866
132.38	85.5594	-67.2691	18.2903
132.4	84.3179	-66.0205	18.2974
132.42	83.0978	-64.8205	18.2773
132.44	83.9924	-65.7286	18.2637
132.46	84.1746	-65.8943	18.2804
132.48	83.3722	-65.1026	18.2695
132.5	82.1221	-63.863	18.2591
132.52	81.767	-63.5075	18.2595
132.54	82.4092	-64.1458	18.2634
132.56	81.9122	-63.6589	18.2534
132.58	80.9367	-62.6721	18.2646
132.6	80.3534	-62.0884	18.265
132.62	80.8923	-62.6279	18.2644
132.64	82.1883	-63.9302	18.2581
132.66	83.138	-64.8904	18.2476
132.68	84.2783	-66.0572	18.2211
132.7	86.2883	-68.0524	18.2359
132.72	86.6367	-68.3955	18.2412
132.74	85.6722	-67.4223	18.2499
132.76	86.8486	-68.6013	18.2474
132.78	87.6444	-69.3917	18.2527
132.8	87.015	-68.7772	18.2378
132.82	86.7605	-68.5066	18.2539
132.84	86.6282	-68.37	18.2582
132.86	85.7086	-67.4539	18.2547
132.88	86.7353	-68.4747	18.2606
132.9	89.8739	-71.6332	18.2407
132.92	90.6949	-72.4544	18.2405
132.94	88.6861	-70.4543	18.2319
132.96	87.0741	-68.836	18.2381
132.98	87.2626	-69.0196	18.243
133	88.4197	-70.1712	18.2485
133.02	89.9646	-71.7057	18.2589
133.04	90.9403	-72.6654	18.2749
133.06	90.4476	-72.1675	18.2801
133.08	88.6266	-70.3448	18.2818
133.1	87.8081	-69.5152	18.2929
133.12	88.3543	-70.0737	18.2806
133.14	88.546	-70.2708	18.2752
133.16	88.27	-70.0057	18.2643
133.18	87.8036	-69.5333	18.2703
133.2	88.3653	-70.0834	18.2819
133.22	90.2333	-71.9554	18.2779
133.24	89.1253	-70.8517	18.2737
133.26	88.2855	-70.0105	18.2751
133.28	89.6479	-71.3744	18.2735
133.3	90.3061	-72.0317	18.2744
133.32	90.4653	-72.1965	18.2687
133.34	89.5827	-71.3065	18.2762
133.36	89.8387	-71.5681	18.2706
133.38	90.9581	-72.7057	18.2524
133.4	90.7707	-72.5064	18.2643
133.42	90.2097	-71.9722	18.2375
133.44	90.0435	-71.8069	18.2366
133.46	89.1113	-70.8751	18.2362
133.48	87.3274	-69.0671	18.2602
133.5	87.4868	-69.2153	18.2715
133.52	89.7107	-71.4527	18.2581
133.54	90.4955	-72.2378	18.2577
133.56	88.8256	-70.589	18.2366
133.58	85.9098	-67.6777	18.2321
133.6	83.5436	-65.3332	18.2104
133.62	82.7215	-64.5213	18.2002
133.64	84.2185	-66.0195	18.199
133.66	86.3334	-68.1352	18.1982
133.68	87.4496	-69.2451	18.2044
133.7	88.0899	-69.874	18.2159
133.72	88.7904	-70.569	18.2214
133.74	89.3913	-71.1757	18.2155
133.76	89.2864	-71.0439	18.2425
133.78	87.8552	-69.6074	18.2477
133.8	85.1456	-66.8912	18.2544
133.82	83.3012	-65.0562	18.245
133.84	84.2442	-65.9901	18.2541
133.86	85.7653	-67.5178	18.2475
133.88	85.9405	-67.6929	18.2476
133.9	84.833	-66.5736	18.2594
133.92	83.7029	-65.471	18.232
133.94	82.6485	-64.4512	18.1973
133.96	80.333	-62.1391	18.1938
133.98	79.6156	-61.4319	18.1838
134	81.6868	-63.5322	18.1546
134.02	83.8392	-65.6851	18.1541
134.04	84.6968	-66.5536	18.1433
134.06	84.3214	-66.1827	18.1387
134.08	84.0857	-65.9517	18.134
134.1	84.9128	-66.7743	18.1385
134.12	85.559	-67.4214	18.1376
134.14	84.9953	-66.8564	18.139
134.16	85.1261	-66.9972	18.1289
134.18	86.8069	-68.7025	18.1044
134.2	87.0173	-68.9075	18.1097
134.22	85.621	-67.5156	18.1054
134.24	84.0749	-65.9931	18.0818
134.26	82.2549	-64.1587	18.0962
134.28	83.6375	-65.5486	18.0889
134.3	86.0294	-67.9364	18.093
134.32	86.6111	-68.5114	18.0997
134.34	86.1037	-67.9924	18.1113
134.36	85.361	-67.2442	18.1167
134.38	84.727	-66.5984	18.1286
134.4	85.3329	-67.1943	18.1386
134.42	86.0904	-67.9634	18.127
134.44	86.1393	-68.0117	18.1276
134.46	85.7344	-67.6213	18.1131
134.48	81.6353	-63.5201	18.1152
134.5	79.7787	-61.6592	18.1195
134.52	84.243	-66.1346	18.1084
134.54	86.8961	-68.7799	18.1163
134.56	88.5862	-70.4531	18.1331
134.58	89.5596	-71.4323	18.1274
134.6	89.3781	-71.2842	18.0939
134.62	87.4292	-69.3144	18.1147
134.64	83.1477	-65.0435	18.1041
134.66	79.278	-61.1522	18.1258
134.68	82.7789	-64.6573	18.1216
134.7	88.6818	-70.5634	18.1184
134.72	90.6734	-72.5531	18.1204
134.74	90.0478	-71.9097	18.1381
134.76	88.4212	-70.2726	18.1486
134.78	85.9368	-67.7762	18.1606
134.8	84.3039	-66.1425	18.1614
134.82	84.6525	-66.4813	18.1712
134.84	85.6472	-67.4758	18.1714
134.86	87.2349	-69.0631	18.1718
134.88	89.5045	-71.323	18.1815
134.9	90.5017	-72.327	18.1746
134.92	88.4204	-70.2561	18.1643
134.94	84.7321	-66.5658	18.1662
134.96	82.521	-64.3498	18.1712
134.98	82.3282	-64.1556	18.1725
135	85.065	-66.8947	18.1704
135.02	87.6247	-69.4387	18.186
135.04	87.8257	-69.6217	18.204
135.06	87.1303	-68.9312	18.1991
135.08	86.4228	-68.2406	18.1823
135.1	85.4191	-67.2642	18.1549
135.12	84.4481	-66.3036	18.1444
135.14	84.2296	-66.1242	18.1053
135.16	84.0576	-65.941	18.1166
135.18	83.8994	-65.7776	18.1218
135.2	83.2956	-65.1689	18.1267
135.22	81.7487	-63.6145	18.1342
135.24	81.7615	-63.6264	18.135
135.26	84.1679	-66.0133	18.1546
135.28	85.9037	-67.7332	18.1705
135.3	85.8157	-67.6437	18.172
135.32	85.4927	-67.3371	18.1556
135.34	85.0501	-66.89	18.16
135.36	83.3494	-65.1723	18.1771
135.38	81.3107	-63.1271	18.1836
135.4	80.4606	-62.2716	18.189
135.42	80.7446	-62.556	18.1886
135.44	81.4078	-63.2252	18.1826
135.46	81.6402	-63.4464	18.1938
135.48	81.5506	-63.3403	18.2103
135.5	81.2609	-63.0286	18.2323
135.52	80.9088	-62.6758	18.233
135.54	81.252	-63.0027	18.2493
135.56	82.0246	-63.776	18.2486
135.58	82.3267	-64.0727	18.254
135.6	82.0597	-63.7995	18.2601
135.62	82.1896	-63.9292	18.2604
135.64	83.1225	-64.8687	18.2538
135.66	83.5205	-65.2568	18.2638
135.68	82.289	-64.0191	18.2699
135.7	80.7404	-62.4469	18.2935
135.72	81.0643	-62.7826	18.2817
135.74	82.5382	-64.2844	18.2538
135.76	84.0943	-65.8516	18.2427
135.78	85.156	-66.9354	18.2206
135.8	85.42	-67.2045	18.2155
135.82	85.284	-67.0681	18.2159
135.84	85.2624	-67.0246	18.2378
135.86	85.3948	-67.1791	18.2157
135.88	85.4112	-67.1902	18.221
135.9	85.1256	-66.8938	18.2318
135.92	84.3662	-66.1408	18.2255
135.94	82.6055	-64.363	18.2425
135.96	81.4333	-63.1619	18.2714
135.98	82.4619	-64.1931	18.2688
136	82.588	-64.3029	18.2851
136.02	81.4613	-63.168	18.2933
136.04	82.5874	-64.2946	18.2928
136.06	85.2758	-66.9957	18.2801
136.08	86.5211	-68.2295	18.2916
136.1	86.2585	-67.9613	18.2972
136.12	84.614	-66.3171	18.2969
136.14	81.5667	-63.253	18.3137
136.16	79.0189	-60.702	18.3169
136.18	80.5514	-62.2321	18.3193
136.2	82.8397	-64.5319	18.3079
136.22	83.78	-65.4667	18.3134
136.24	83.0883	-64.7852	18.3031
136.26	81.7332	-63.4236	18.3096
136.28	81.1013	-62.7975	18.3038
136.3	80.9533	-62.6392	18.3141
136.32	80.4011	-62.082	18.3191
136.34	79.2583	-60.9264	18.3319
136.36	79.7484	-61.4225	18.3259
136.38	81.2711	-62.9629	18.3082
136.4	81.8757	-63.5668	18.3089
136.42	81.9643	-63.6552	18.3091
136.44	81.8616	-63.5414	18.3202
136.46	81.827	-63.5229	18.3041
136.48	82.3473	-64.0383	18.309
136.5	82.7805	-64.4668	18.3138
136.52	82.454	-64.1448	18.3092
136.54	82.514	-64.2213	18.2927
136.56	82.8314	-64.546	18.2854
136.58	81.4743	-63.183	18.2913
136.6	79.5514	-61.2691	18.2823
136.62	79.6833	-61.4125	18.2708
136.64	81.6703	-63.3831	18.2871
136.66	84.5809	-66.2838	18.2971
136.68	86.6195	-68.3284	18.2911
136.7	86.7382	-68.4358	18.3024
136.72	85.5586	-67.2447	18.3139
136.74	84.0709	-65.7627	18.3082
136.76	82.6727	-64.3525	18.3202
136.78	82.8106	-64.4961	18.3144
136.8	84.1251	-65.8172	18.308
136.82	85.0929	-66.7904	18.3025
136.84	85.2965	-66.9944	18.302
136.86	84.2228	-65.9098	18.313
136.88	82.8619	-64.5353	18.3266
136.9	84.1968	-65.8784	18.3184
136.92	85.4604	-67.1308	18.3295
136.94	85.9226	-67.5976	18.325
136.96	86.5254	-68.1899	18.3355
136.98	86.6776	-68.3366	18.3409
137	86.2266	-67.8746	18.352
137.02	85.417	-67.0701	18.3469
137.04	85.0384	-66.6912	18.3472
137.06	85.3371	-67.0022	18.3349
137.08	85.1138	-66.7832	18.3306
137.1	85.3222	-66.9643	18.3579
137.12	85.8783	-67.4986	18.3797
137.14	86.2666	-67.8865	18.3802
137.16	86.6381	-68.258	18.3802
137.18	86.8186	-68.4272	18.3914
137.2	86.7869	-68.3846	18.4023
137.22	86.3402	-67.9489	18.3912
137.24	85.3319	-66.9514	18.3805
137.26	84.1654	-65.8066	18.3589
137.28	83.2668	-64.9032	18.3636
137.3	82.0501	-63.6865	18.3635
137.32	80.6411	-62.2659	18.3752
137.34	80.0193	-61.6222	18.3971
137.36	80.2008	-61.8041	18.3968
137.38	80.4893	-62.0932	18.3961
137.4	79.8223	-61.4264	18.3959
137.42	78.7464	-60.3479	18.3985
137.44	80.1317	-61.7465	18.3852
137.46	81.5481	-63.158	18.3901
137.48	81.3535	-62.9786	18.3748
137.5	80.8468	-62.4659	18.3809
137.52	80.7869	-62.401	18.3859
137.54	80.8037	-62.4176	18.3861
137.56	81.0147	-62.634	18.3807
137.58	81.33	-62.9501	18.38
137.6	80.9416	-62.5619	18.3798
137.62	79.6963	-61.3268	18.3695
137.64	78.8093	-60.4277	18.3816
137.66	79.7597	-61.3679	18.3918
137.68	81.608	-63.2226	18.3854
137.7	82.9296	-64.5386	18.391
137.72	83.5275	-65.1474	18.3801
137.74	83.5042	-65.1184	18.3858
137.76	83.2485	-64.879	18.3696
137.78	83.1684	-64.7989	18.3695
137.8	83.266	-64.897	18.369
137.82	82.911	-64.5432	18.3678
137.84	80.8585	-62.4964	18.3621
137.86	77.6214	-59.2621	18.3594
137.88	77.2424	-58.9041	18.3383
137.9	80.6569	-62.3108	18.3461
137.92	83.5507	-65.1998	18.3509
137.94	84.1237	-65.7718	18.3519
137.96	83.4428	-65.1006	18.3423
137.98	83.2831	-64.9462	18.337
138	83.8683	-65.5265	18.3418
138.02	84.2732	-65.926	18.3472
138.04	84.0785	-65.737	18.3416
138.06	83.0587	-64.7339	18.3248
138.08	80.8184	-62.5008	18.3176
138.1	76.1911	-57.8775	18.3136
138.12	74.0522	-55.7178	18.3344
138.14	78.6535	-60.3084	18.3451
138.16	82.5458	-64.1944	18.3514
138.18	84.5832	-66.2316	18.3516
138.2	84.6696	-66.334	18.3356
138.22	83.4969	-65.1492	18.3477
138.24	82.5396	-64.2138	18.3258
138.26	81.9894	-63.6695	18.3199
138.28	81.4386	-63.1293	18.3093
138.3	81.1737	-62.8643	18.3094
138.32	81.37	-63.0663	18.3037
138.34	81.8448	-63.5522	18.2926
138.36	82.3489	-64.0616	18.2874
138.38	83.0561	-64.7797	18.2764
138.4	83.8098	-65.5177	18.2921
138.42	83.5153	-65.2349	18.2805
138.44	81.2854	-63.0103	18.2751
138.46	77.9742	-59.7131	18.2611
138.48	76.8843	-58.6069	18.2774
138.5	78.0321	-59.7619	18.2702
138.52	79.0569	-60.7753	18.2816
138.54	80.098	-61.8157	18.2823
138.56	81.7346	-63.442	18.2926
138.58	83.0963	-64.7983	18.298
138.6	83.8654	-65.5561	18.3093
138.62	84.331	-66.0163	18.3147
138.64	84.4228	-66.119	18.3038
138.66	84.2235	-65.9305	18.2929
138.68	83.9053	-65.6295	18.2758
138.7	82.9296	-64.6592	18.2704
138.72	81.6393	-63.3735	18.2658
138.74	81.269	-62.992	18.2769
138.76	82.0298	-63.7701	18.2597
138.78	82.87	-64.605	18.265
138.8	83.3427	-65.0771	18.2655
138.82	83.8456	-65.5799	18.2657
138.84	84.4776	-66.1959	18.2817
138.86	84.6808	-66.4108	18.27
138.88	83.4973	-65.228	18.2693
138.9	80.4557	-62.1639	18.2918
138.92	77.1796	-58.8965	18.2831
138.94	77.1296	-58.8464	18.2832
138.96	80.3419	-62.0723	18.2696
138.98	83.1058	-64.842	18.2638
139	84.2126	-65.9422	18.2704
139.02	84.6812	-66.4055	18.2757
139.04	84.3404	-66.0703	18.2702
139.06	83.4325	-65.1446	18.2878
139.08	83.348	-65.0826	18.2654
139.1	83.6623	-65.3807	18.2816
139.12	83.8137	-65.5268	18.287
139.14	83.5619	-65.2752	18.2867
139.16	82.6459	-64.354	18.2919
139.18	80.6935	-62.392	18.3015
139.2	77.0102	-58.7067	18.3035
139.22	75.3501	-57.049	18.3011
139.24	79.2945	-61.0079	18.2866
139.26	84.2195	-65.9345	18.2851
139.28	86.6675	-68.3822	18.2852
139.3	86.1111	-67.8313	18.2798
139.32	83.0504	-64.7691	18.2814
139.34	80.3793	-62.0955	18.2839
139.36	81.1749	-62.8935	18.2814
139.38	82.733	-64.4413	18.2918
139.4	83.4335	-65.1406	18.2929
139.42	84.277	-65.9679	18.3091
139.44	84.9352	-66.638	18.2972
139.46	84.2825	-65.9852	18.2973
139.48	82.752	-64.4477	18.3043
139.5	82.4791	-64.1747	18.3044
139.52	83.6325	-65.3189	18.3136
139.54	84.1693	-65.8552	18.3141
139.56	84.293	-65.9676	18.3254
139.58	84.4177	-66.0762	18.3415
139.6	84.2516	-65.9041	18.3475
139.62	84.2511	-65.9098	18.3413
139.64	83.3746	-65.0403	18.3343
139.66	80.3424	-62.0115	18.3308
139.68	78.3328	-59.9995	18.3333
139.7	80.231	-61.8955	18.3355
139.72	82.121	-63.7759	18.3451
139.74	81.6436	-63.2915	18.3521
139.76	80.6455	-62.303	18.3425
139.78	81.1187	-62.7649	18.3538
139.8	83.2848	-64.9267	18.3581
139.82	85.306	-66.9595	18.3466
139.84	85.8526	-67.5055	18.3471
139.86	85.3044	-66.9567	18.3476
139.88	84.2924	-65.9447	18.3478
139.9	83.0088	-64.6669	18.3419
139.92	81.1864	-62.8339	18.3526
139.94	78.9423	-60.5886	18.3537
139.96	78.3826	-60.0277	18.3549
139.98	80.8097	-62.4462	18.3635
140	83.2523	-64.9003	18.352
140.02	84.2232	-65.8812	18.3419
140.04	84.461	-66.1297	18.3313
140.06	84.3938	-66.0739	18.3199
140.08	83.573	-65.2645	18.3085
140.1	81.6167	-63.3025	18.3142
140.12	79.4024	-61.0868	18.3156
140.14	79.0769	-60.7393	18.3377
140.16	80.9677	-62.6367	18.3309
140.18	83.2139	-64.8835	18.3304
140.2	84.5412	-66.2329	18.3082
140.22	84.437	-66.134	18.3031
140.24	83.2605	-64.9568	18.3037
140.26	81.9775	-63.6733	18.3042
140.28	81.4675	-63.1633	18.3042
140.3	81.7766	-63.4731	18.3035
140.32	82.1449	-63.8413	18.3036
140.34	82.7957	-64.5082	18.2875
140.36	83.859	-65.567	18.2919
140.38	84.0251	-65.7274	18.2976
140.4	83.2526	-64.9599	18.2927
140.42	82.2115	-63.9076	18.3038
140.44	81.2967	-62.9984	18.2983
140.46	80.5189	-62.2262	18.2927
140.48	79.9088	-61.6156	18.2932
140.5	80.068	-61.7637	18.3044
140.52	81.3047	-62.9844	18.3204
140.54	82.9401	-64.6147	18.3254
140.56	84.0802	-65.7659	18.3143
140.58	84.3918	-66.0772	18.3145
140.6	84.0858	-65.7656	18.3202
140.62	83.4491	-65.1178	18.3313
140.64	82.7347	-64.4088	18.326
140.66	82.2076	-63.8926	18.315
140.68	81.9522	-63.6268	18.3254
140.7	81.3402	-63.0105	18.3298
140.72	79.2941	-60.9754	18.3187
140.74	76.3157	-57.9902	18.3255
140.76	74.6857	-56.3538	18.3319
140.78	76.2176	-57.8752	18.3424
140.8	79.7928	-61.4431	18.3497
140.82	80.87	-62.5199	18.35
140.84	79.1079	-60.7683	18.3396
140.86	76.0981	-57.7449	18.3531
140.88	75.3203	-56.9829	18.3374
140.9	77.823	-59.4871	18.3359
140.92	81.2977	-62.9735	18.3242
140.94	83.7586	-65.4349	18.3237
140.96	83.9818	-65.6631	18.3186
140.98	82.2669	-63.9364	18.3305
141	80.2281	-61.9238	18.3043
141.02	79.5726	-61.2794	18.2933
141.04	80.2899	-61.9977	18.2921
141.06	80.7943	-62.5029	18.2914
141.08	80.0721	-61.7856	18.2864
141.1	78.8149	-60.5057	18.3091
141.12	78.3863	-60.0656	18.3208
141.14	79.6893	-61.3475	18.3418
141.16	81.5931	-63.2579	18.3352
141.18	82.6637	-64.344	18.3198
141.2	84.0032	-65.683	18.3202
141.22	85.7307	-67.4125	18.3183
141.24	85.4025	-67.1055	18.297
141.26	83.471	-65.1836	18.2874
141.28	81.7844	-63.4803	18.3041
141.3	81.193	-62.8828	18.3102
141.32	82.2983	-63.9836	18.3147
141.34	83.6848	-65.3659	18.3189
141.36	83.5912	-65.2666	18.3246
141.38	82.2204	-63.8897	18.3307
141.4	80.6139	-62.2775	18.3364
141.42	79.5498	-61.2184	18.3314
141.44	79.9477	-61.6216	18.3261
141.46	81.8706	-63.5405	18.3301
141.48	83.3485	-65.0297	18.3188
141.5	84.0632	-65.7426	18.3206
141.52	85.8034	-67.4736	18.3298
141.54	86.4695	-68.1467	18.3228
141.56	83.9852	-65.6608	18.3244
141.58	81.0253	-62.7037	18.3216
141.6	81.0888	-62.7739	18.3149
141.62	82.8503	-64.5253	18.325
141.64	84.5303	-66.2	18.3303
141.66	85.4646	-67.1338	18.3308
141.68	86.1038	-67.7727	18.3311
141.7	86.6654	-68.3296	18.3358
141.72	86.2061	-67.8819	18.3242
141.74	84.3854	-66.0433	18.3421
141.76	83.3754	-65.0282	18.3472
141.78	83.0385	-64.6871	18.3514
141.8	82.0216	-63.6694	18.3522
141.82	80.9298	-62.5892	18.3406
141.84	79.8269	-61.4954	18.3315
141.86	80.4116	-62.0761	18.3355
141.88	81.0554	-62.714	18.3413
141.9	81.4157	-63.085	18.3307
141.92	81.7376	-63.4015	18.336
141.94	81.8187	-63.4716	18.3471
141.96	81.8377	-63.4964	18.3413
141.98	81.3128	-62.9887	18.3242
142	79.8971	-61.582	18.3151
142.02	79.9095	-61.5996	18.3099
142.04	81.8267	-63.5016	18.3251
142.06	83.6554	-65.3362	18.3192
142.08	84.3534	-66.0282	18.3252
142.1	84.2997	-65.9741	18.3256
142.12	83.9888	-65.6741	18.3147
142.14	83.542	-65.2332	18.3088
142.16	82.5059	-64.1927	18.3132
142.18	79.9326	-61.6302	18.3024
142.2	77.194	-58.8895	18.3044
142.22	76.8623	-58.5435	18.3188
142.24	77.2414	-58.922	18.3194
142.26	78.2867	-59.9673	18.3194
142.28	79.6677	-61.3554	18.3124
142.3	79.6827	-61.3634	18.3193
142.32	80.047	-61.7326	18.3143
142.34	81.397	-63.0887	18.3083
142.36	82.6115	-64.308	18.3035
142.38	83.9931	-65.6952	18.2979
142.4	85.1227	-66.8143	18.3085
142.42	85.2785	-66.9645	18.314
142.44	84.5241	-66.2099	18.3142
142.46	83.1624	-64.8483	18.3142
142.48	81.6476	-63.3381	18.3095
142.5	81.4309	-63.1155	18.3154
142.52	83.0584	-64.7281	18.3304
142.54	84.6016	-66.2663	18.3353
142.56	84.9085	-66.5841	18.3244
142.58	84.0942	-65.7636	18.3306
142.6	83.3381	-65.0008	18.3373
142.62	84.2449	-65.9026	18.3423
142.64	86.2682	-67.9279	18.3403
142.66	86.8378	-68.4932	18.3446
142.68	85.7178	-67.3687	18.3491
142.7	87.7826	-69.4422	18.3404
142.72	89.9562	-71.6053	18.3509
142.74	90.1079	-71.7554	18.3525
142.76	89.9354	-71.5713	18.3642
142.78	90.2773	-71.9087	18.3686
142.8	90.0414	-71.684	18.3574
142.82	89.1731	-70.8087	18.3644
142.84	89.4217	-71.0583	18.3634
142.86	89.7714	-71.409	18.3625
142.88	89.1209	-70.7298	18.3911
142.9	88.8437	-70.4533	18.3904
142.92	88.3432	-69.9643	18.379
142.94	87.4126	-69.0424	18.3702
142.96	88.1674	-69.8044	18.363
142.98	88.7712	-70.4193	18.3519
143	88.5671	-70.2141	18.353
143.02	89.0099	-70.6674	18.3426
143.04	90.7759	-72.4449	18.331
143.06	92.9922	-74.6672	18.325
143.08	94.6328	-76.2913	18.3414
143.1	95.3685	-77.0269	18.3416
143.12	95.1946	-76.8529	18.3418
143.14	94.3579	-76.0102	18.3476
143.16	93.5029	-75.1658	18.3371
143.18	93.3041	-74.9839	18.3202
143.2	93.289	-74.9753	18.3137
143.22	92.4621	-74.1482	18.314
143.24	91.4133	-73.105	18.3083
143.26	90.0956	-71.7843	18.3113
143.28	85.8113	-67.4915	18.3198
143.3	79.8337	-61.4985	18.3352
143.32	82.9685	-64.6415	18.3269
143.34	87.2387	-68.9005	18.3382
143.36	89.1037	-70.7627	18.341
143.38	90.823	-72.4983	18.3248
143.4	92.2827	-73.9527	18.33
143.42	92.8234	-74.4876	18.3358
143.44	92.5359	-74.1999	18.336
143.46	91.8262	-73.5002	18.326
143.48	91.7939	-73.4902	18.3037
143.5	91.9489	-73.6572	18.2917
143.52	90.7891	-72.4916	18.2976
143.54	88.7354	-70.4204	18.3151
143.56	87.2857	-68.9701	18.3156
143.58	87.1737	-68.8643	18.3095
143.6	87.5524	-69.2436	18.3088
143.62	87.4208	-69.1009	18.3199
143.64	86.8746	-68.5488	18.3258
143.66	86.4821	-68.1564	18.3257
143.68	86.3117	-67.9987	18.313
143.7	84.854	-66.5625	18.2915
143.72	85.6981	-67.4145	18.2835
143.74	90.9364	-72.6641	18.2723
143.76	92.6551	-74.4023	18.2527
143.78	92.031	-73.7773	18.2537
143.8	90.6028	-72.3326	18.2702
143.82	88.7186	-70.4596	18.259
143.84	86.7315	-68.4658	18.2656
143.86	86.0701	-67.8115	18.2586
143.88	85.2919	-67.0286	18.2633
143.9	83.6181	-65.3538	18.2643
143.92	83.0221	-64.7392	18.2829
143.94	86.1555	-67.8745	18.281
143.96	90.2433	-71.9763	18.2669
143.98	90.5795	-72.3231	18.2565
144	87.6033	-69.3435	18.2598
144.02	86.1922	-67.9151	18.2771
144.04	87.8043	-69.5139	18.2904
144.06	88.2419	-69.9431	18.2987
144.08	84.7792	-66.487	18.2922
144.1	84.3493	-66.0388	18.3105
144.12	88.9272	-70.6213	18.3058
144.14	91.6905	-73.3944	18.2961
144.16	92.2451	-73.9494	18.2957
144.18	90.406	-72.1244	18.2815
144.2	88.9478	-70.6603	18.2874
144.22	88.6166	-70.3359	18.2807
144.24	88.2201	-69.9547	18.2655
144.26	88.6262	-70.3507	18.2755
144.28	88.7701	-70.4777	18.2924
144.3	88.7558	-70.4627	18.2931
144.32	89.203	-70.9159	18.2871
144.34	89.3845	-71.1092	18.2753
144.36	88.2217	-69.9519	18.2698
144.38	85.9649	-67.6827	18.2822
144.4	84.5872	-66.2931	18.2941
144.42	85.4624	-67.1694	18.293
144.44	87.1669	-68.8748	18.292
144.46	88.0962	-69.8096	18.2866
144.48	88.0794	-69.7925	18.2869
144.5	87.5088	-69.2105	18.2983
144.52	86.893	-68.5894	18.3037
144.54	86.1601	-67.8509	18.3092
144.56	85.4847	-67.1638	18.3209
144.58	85.861	-67.535	18.3261
144.6	86.7814	-68.473	18.3084
144.62	86.6358	-68.344	18.2918
144.64	85.1785	-66.8868	18.2917
144.66	82.5827	-64.2977	18.285
144.68	80.1151	-61.8352	18.2798
144.7	83.2067	-64.9392	18.2674
144.72	84.853	-66.5784	18.2746
144.74	84.2852	-65.981	18.3042
144.76	84.0994	-65.795	18.3044
144.78	84.677	-66.3511	18.3258
144.8	85.3274	-67.0071	18.3203
144.82	85.7266	-67.4061	18.3205
144.84	86.0243	-67.7312	18.2931
144.86	86.1626	-67.8753	18.2873
144.88	85.714	-67.4216	18.2924
144.9	84.3768	-66.0677	18.3091
144.92	82.803	-64.5093	18.2937
144.94	82.5351	-64.2249	18.3102
144.96	83.6979	-65.4105	18.2873
144.98	84.925	-66.6325	18.2925
145	85.4906	-67.1925	18.2981
145.02	85.4336	-67.1243	18.3093
145.04	85.1471	-66.854	18.2931
145.06	84.9119	-66.6187	18.2932
145.08	84.9525	-66.6427	18.3097
145.1	85.4253	-67.1001	18.3252
145.12	85.5282	-67.2135	18.3147
145.14	86.7115	-68.3845	18.327
145.16	89.9591	-71.652	18.3072
145.18	91.0436	-72.7471	18.2965
145.2	89.3701	-71.0674	18.3027
145.22	86.491	-68.1809	18.3101
145.24	85.3603	-67.0664	18.2939
145.26	86.473	-68.1758	18.2972
145.28	86.9769	-68.6914	18.2854
145.3	86.1413	-67.8534	18.2879
145.32	86.7711	-68.4784	18.2928
145.34	88.3048	-70.0185	18.2863
145.36	89.0505	-70.7803	18.2702
145.38	89.1914	-70.9369	18.2545
145.4	89.4915	-71.2367	18.2548
145.42	90.2938	-72.0226	18.2712
145.44	91.4043	-73.139	18.2654
145.46	92.2374	-73.9728	18.2646
145.48	91.7979	-73.5226	18.2753
145.5	90.0736	-71.8079	18.2657
145.52	88.9195	-70.6643	18.2552
145.54	89.1676	-70.908	18.2596
145.56	89.4742	-71.2263	18.2479
145.58	88.7044	-70.4895	18.2149
145.6	86.8423	-68.6156	18.2268
145.62	85.2488	-67.0154	18.2334
145.64	85.4706	-67.2703	18.2003
145.66	87.2738	-69.0745	18.1993
145.68	89.078	-70.8795	18.1984
145.7	89.5003	-71.3184	18.1819
145.72	88.5515	-70.3685	18.183
145.74	87.5346	-69.3458	18.1887
145.76	87.1371	-68.9424	18.1946
145.78	87.9226	-69.7496	18.173
145.8	89.8967	-71.7246	18.1721
145.82	91.718	-73.5353	18.1827
145.84	92.5631	-74.3694	18.1937
145.86	92.4	-74.2121	18.1879
145.88	90.8863	-72.7104	18.1759
145.9	87.4059	-69.2191	18.1868
145.92	83.1452	-64.9398	18.2053
145.94	82.2794	-64.0774	18.202
145.96	86.9085	-68.7001	18.2084
145.98	91.0428	-72.8461	18.1967
146	92.1668	-73.9847	18.1821
146.02	92.0673	-73.8949	18.1724
146.04	92.3224	-74.1446	18.1778
146.06	92.9265	-74.7542	18.1722
146.08	93.5627	-75.391	18.1717
146.1	93.4987	-75.3223	18.1764
146.12	91.9637	-73.7979	18.1658
146.14	90.0694	-71.9291	18.1403
146.16	90.244	-72.1104	18.1337
146.18	91.3028	-73.1599	18.143
146.2	91.0307	-72.8814	18.1493
146.22	90.5979	-72.4465	18.1515
146.24	92.4353	-74.3015	18.1338
146.26	94.9278	-76.8007	18.1272
146.28	96.0618	-77.9236	18.1382
146.3	95.5813	-77.4435	18.1379
146.32	93.2496	-75.1178	18.1318
146.34	89.5245	-71.4012	18.1233
146.36	88.2396	-70.1051	18.1345
146.38	89.7685	-71.6334	18.1351
146.4	88.4682	-70.3384	18.1298
146.42	86.1847	-68.0418	18.1429
146.44	90.9298	-72.8048	18.1249
146.46	95.0168	-76.8976	18.1192
146.48	95.1493	-77.0216	18.1278
146.5	94.5541	-76.4253	18.1288
146.52	94.644	-76.5206	18.1234
146.54	95.3544	-77.2481	18.1063
146.56	95.8444	-77.7273	18.1171
146.58	95.9939	-77.8814	18.1125
146.6	96.6899	-78.5892	18.1007
146.62	96.9427	-78.8646	18.0781
146.64	95.8193	-77.7466	18.0726
146.66	93.7787	-75.6831	18.0957
146.68	92.5123	-74.4125	18.0998
146.7	91.2072	-73.1178	18.0893
146.72	90.7555	-72.6647	18.0908
146.74	92.6413	-74.5641	18.0772
146.76	93.4931	-75.4343	18.0588
146.78	91.841	-73.7718	18.0693
146.8	93.4699	-75.3978	18.0721
146.82	95.7942	-77.7235	18.0707
146.84	95.2425	-77.1645	18.078
146.86	93.5134	-75.4287	18.0846
146.88	92.2923	-74.2126	18.0796
146.9	92.1912	-74.1286	18.0626
146.92	92.4276	-74.3652	18.0625
146.94	92.5944	-74.5206	18.0738
146.96	92.9403	-74.872	18.0683
146.98	93.4399	-75.3662	18.0737
147	93.7779	-75.7052	18.0728
147.02	92.8729	-74.7788	18.0941
147.04	90.7855	-72.6893	18.0962
147.06	90.0805	-71.9919	18.0887
147.08	88.8696	-70.7926	18.077
147.1	86.1837	-68.0992	18.0845
147.12	85.2214	-67.129	18.0924
147.14	88.6748	-70.6021	18.0728
147.16	92.4971	-74.4258	18.0713
147.18	93.5218	-75.4552	18.0666
147.2	92.174	-74.1342	18.0398
147.22	89.5781	-71.5424	18.0357
147.24	88.0389	-69.9912	18.0476
147.26	88.8818	-70.8413	18.0405
147.28	90.193	-72.1644	18.0286
147.3	90.6471	-72.6232	18.0239
147.32	91.3108	-73.2864	18.0244
147.34	92.7172	-74.6722	18.045
147.36	93.3078	-75.2581	18.0497
147.38	92.2379	-74.1934	18.0445
147.4	90.0885	-72.05	18.0385
147.42	87.5745	-69.5329	18.0415
147.44	89.3672	-71.3321	18.0351
147.46	93.9909	-75.9538	18.037
147.48	95.9231	-77.8566	18.0665
147.5	96.4034	-78.3147	18.0886
147.52	95.9601	-77.8977	18.0624
147.54	96.5022	-78.4444	18.0579
147.56	98.5571	-80.5193	18.0377
147.58	97.6464	-79.598	18.0485
147.6	94.1323	-76.0583	18.0741
147.62	92.606	-74.5347	18.0713
147.64	91.1842	-73.1129	18.0713
147.66	89.421	-71.3603	18.0607
147.68	89.0732	-71.0103	18.063
147.7	91.8152	-73.7665	18.0487
147.72	93.5444	-75.4785	18.0659
147.74	93.6775	-75.6208	18.0566
147.76	93.8683	-75.8175	18.0508
147.78	93.6945	-75.65	18.0445
147.8	92.5898	-74.5502	18.0396
147.82	91.199	-73.1833	18.0157
147.84	88.5906	-70.5686	18.022
147.86	86.6246	-68.5999	18.0247
147.88	88.9201	-70.9029	18.0173
147.9	92.6038	-74.5834	18.0204
147.92	93.2533	-75.204	18.0493
147.94	92.4095	-74.3573	18.0522
147.96	93.5514	-75.5104	18.041
147.98	96.1388	-78.095	18.0438
148	96.3009	-78.2581	18.0428
148.02	92.9961	-74.9663	18.0298
148.04	91.0462	-73.0097	18.0364
148.06	91.9939	-73.9771	18.0167
148.08	91.7147	-73.6698	18.0448
148.1	90.414	-72.3787	18.0353
148.12	89.8566	-71.8215	18.0351
148.14	89.917	-71.8662	18.0507
148.16	89.5246	-71.4793	18.0453
148.18	89.0817	-71.035	18.0467
148.2	90.0017	-71.9571	18.0446
148.22	89.7057	-71.6684	18.0373
148.24	86.094	-68.0385	18.0554
148.26	82.6012	-64.5411	18.0601
148.28	84.7473	-66.6964	18.0509
148.3	88.3092	-70.2718	18.0374
148.32	88.9244	-70.8968	18.0276
148.34	87.7237	-69.6831	18.0406
148.36	87.6219	-69.5749	18.0471
148.38	89.7495	-71.7096	18.0399
148.4	91.7933	-73.7428	18.0505
148.42	92.5145	-74.4523	18.0622
148.44	92.4516	-74.3946	18.057
148.46	91.8791	-73.8169	18.0622
148.48	90.7026	-72.6294	18.0733
148.5	89.3285	-71.2332	18.0954
148.52	88.3056	-70.205	18.1006
148.54	87.3885	-69.2833	18.1052
148.56	85.8472	-67.7416	18.1056
148.58	84.1995	-66.0944	18.1051
148.6	82.7824	-64.6698	18.1126
148.62	84.5195	-66.4029	18.1166
148.64	87.2139	-69.0955	18.1185
148.66	85.6311	-67.5161	18.115
148.68	83.3612	-65.2352	18.126
148.7	86.4392	-68.3342	18.105
148.72	89.6918	-71.5767	18.1151
148.74	90.2054	-72.0725	18.1329
148.76	89.1461	-71.0067	18.1394
148.78	87.9436	-69.7986	18.145
148.8	86.8823	-68.7276	18.1547
148.82	84.768	-66.6137	18.1542
148.84	81.9701	-63.8134	18.1567
148.86	81.311	-63.1624	18.1485
148.88	80.5471	-62.3921	18.155
148.9	80.5347	-62.3612	18.1736
148.92	83.5355	-65.3475	18.1879
148.94	86.6953	-68.5094	18.1859
148.96	86.5534	-68.375	18.1784
148.98	82.3841	-64.187	18.1971
149	83.693	-65.4954	18.1977
149.02	86.4459	-68.2598	18.1861
149.04	86.3367	-68.1544	18.1822
149.06	85.0629	-66.8691	18.1938
149.08	83.86	-65.6655	18.1945
149.1	83.9374	-65.743	18.1944
149.12	85.0536	-66.8659	18.1877
149.14	85.7435	-67.572	18.1716
149.16	85.9514	-67.7853	18.1661
149.18	85.7348	-67.5908	18.144
149.2	84.9318	-66.7991	18.1327
149.22	83.6817	-65.5424	18.1394
149.24	84.0853	-65.9294	18.1559
149.26	86.1041	-67.9561	18.148
149.28	86.8347	-68.6853	18.1494
149.3	87.2967	-69.1248	18.1719
149.32	88.2523	-70.0749	18.1774
149.34	89.4966	-71.3083	18.1882
149.36	90.5423	-72.3655	18.1768
149.38	90.7026	-72.5256	18.177
149.4	90.2007	-72.0123	18.1884
149.42	89.6623	-71.4632	18.1991
149.44	88.8474	-70.6491	18.1982
149.46	86.9348	-68.7201	18.2147
149.48	84.4529	-66.2205	18.2324
149.5	83.263	-65.0306	18.2325
149.52	83.7727	-65.5569	18.2158
149.54	85.2248	-66.9989	18.2259
149.56	86.191	-67.9762	18.2149
149.58	86.2736	-68.0579	18.2157
149.6	86.4195	-68.2141	18.2054
149.62	87.3842	-69.179	18.2052
149.64	88.7163	-70.4952	18.2211
149.66	89.5487	-71.3333	18.2154
149.68	89.4999	-71.2735	18.2264
149.7	88.6407	-70.4197	18.221
149.72	87.3378	-69.1111	18.2267
149.74	86.0796	-67.8584	18.2212
149.76	85.1527	-66.9258	18.2269
149.78	85.0163	-66.7894	18.2269
149.8	85.8052	-67.5786	18.2266
149.82	86.9695	-68.7432	18.2263
149.84	87.9842	-69.7576	18.2266
149.86	88.9965	-70.7485	18.248
149.88	89.1783	-70.9312	18.247
149.9	87.6192	-69.3546	18.2647
149.92	86.0147	-67.7551	18.2595
149.94	85.1665	-66.8969	18.2696
149.96	84.0445	-65.7639	18.2806
149.98	83.141	-64.8697	18.2713
150	84.0824	-65.8296	18.2528
150.02	84.4102	-66.1528	18.2574
150.04	82.8565	-64.597	18.2594
150.06	82.6959	-64.4234	18.2725
150.08	85.8813	-67.6234	18.2579
150.1	87.9633	-69.6886	18.2748
150.12	88.3055	-70.0294	18.2761
150.14	88.286	-69.9994	18.2866
150.16	87.5032	-69.2225	18.2807
150.18	85.602	-67.3321	18.2699
150.2	83.207	-64.9311	18.2759
150.22	81.8755	-63.5922	18.2833
150.24	83.8487	-65.5726	18.2761
150.26	86.9309	-68.6622	18.2687
150.28	88.2458	-69.9758	18.27
150.3	88.837	-70.5605	18.2765
150.32	89.8415	-71.5656	18.2759
150.34	90.3722	-72.0967	18.2755
150.36	89.7517	-71.4926	18.2591
150.38	88.087	-69.8275	18.2596
150.4	86.1517	-67.8862	18.2655
150.42	84.7668	-66.5011	18.2657
150.44	84.3571	-66.064	18.2931
150.46	84.8856	-66.604	18.2817
150.48	85.6196	-67.3161	18.3035
150.5	86.1737	-67.8647	18.309
150.52	86.3981	-68.095	18.3031
150.54	85.6761	-67.3682	18.3079
150.56	83.3116	-64.9928	18.3188
150.58	79.7947	-61.4743	18.3204
150.6	77.9593	-59.643	18.3163
150.62	79.297	-60.9721	18.3249
150.64	80.9595	-62.6241	18.3354
150.66	81.513	-63.1884	18.3246
150.68	81.0911	-62.7767	18.3145
150.7	80.6458	-62.326	18.3197
150.72	80.3246	-62.0041	18.3205
150.74	80.598	-62.2565	18.3415
150.76	80.3783	-62.0369	18.3414
150.78	79.1918	-60.8444	18.3474
150.8	78.0146	-59.6551	18.3595
150.82	78.3011	-59.9641	18.337
150.84	79.3244	-60.9996	18.3249
150.86	79.3726	-61.0589	18.3137
150.88	77.9542	-59.6406	18.3136
150.9	75.7875	-57.4608	18.3267
150.92	75.6002	-57.2801	18.3201
150.94	76.3726	-58.0527	18.3199
150.96	77.0794	-58.7482	18.3311
150.98	77.7471	-59.4159	18.3312
151	78.3294	-59.987	18.3424
151.02	78.9665	-60.6024	18.3641
151.04	79.2558	-60.8922	18.3636
151.06	78.6877	-60.324	18.3637
151.08	77.5477	-59.2058	18.3419
151.1	76.3486	-57.9952	18.3534
151.12	75.9711	-57.6006	18.3705
151.14	76.9984	-58.6616	18.3368
151.16	78.3687	-60.027	18.3416
151.18	79.052	-60.6994	18.3527
151.2	78.9628	-60.6097	18.3531
151.22	78.6471	-60.2882	18.3589
151.24	78.5325	-60.1848	18.3477
151.26	78.4673	-60.136	18.3313
151.28	78.4805	-60.138	18.3426
151.3	78.9182	-60.5703	18.3479
151.32	79.4928	-61.1618	18.331
151.34	79.5054	-61.1692	18.3363
151.36	78.6091	-60.2672	18.3419
151.38	77.2432	-58.8949	18.3483
151.4	76.7891	-58.4296	18.3595
151.42	77.5705	-59.2173	18.3531
151.44	78.3611	-60.0138	18.3473
151.46	78.4346	-60.0762	18.3584
151.48	77.9206	-59.5725	18.348
151.5	77.7464	-59.4086	18.3378
151.52	78.8288	-60.4805	18.3483
151.54	80.5134	-62.1715	18.3419
151.56	81.4382	-63.0912	18.3469
151.58	81.0138	-62.6776	18.3362
151.6	79.7297	-61.3983	18.3314
151.62	78.597	-60.2656	18.3314
151.64	78.1137	-59.7709	18.3428
151.66	78.8326	-60.49	18.3426
151.68	80.2836	-61.9368	18.3468
151.7	80.7814	-62.4294	18.352
151.72	80.1466	-61.7987	18.3479
151.74	80.1803	-61.8377	18.3426
151.76	81.1876	-62.846	18.3416
151.78	81.7651	-63.4131	18.3521
151.8	81.0665	-62.7087	18.3578
151.82	79.5803	-61.2377	18.3426
151.84	79.1147	-60.7603	18.3544
151.86	80.7618	-62.4083	18.3535
151.88	83.2968	-64.9331	18.3637
151.9	85.3954	-67.0207	18.3747
151.92	86.7401	-68.36	18.3801
151.94	87.1114	-68.7313	18.3801
151.96	86.4882	-68.1078	18.3804
151.98	85.2526	-66.867	18.3856
152	83.2988	-64.9192	18.3796
152.02	80.4514	-62.0491	18.4023
152.04	78.2076	-59.8201	18.3874
152.06	79.066	-60.6733	18.3927
152.08	82.4861	-64.112	18.3741
152.1	85.2658	-66.9081	18.3577
152.12	86.6018	-68.2543	18.3475
152.14	87.2127	-68.8647	18.348
152.16	87.7614	-69.4078	18.3536
152.18	88.3393	-69.986	18.3533
152.2	88.5293	-70.1656	18.3637
152.22	87.7165	-69.3477	18.3688
152.24	85.7687	-67.3939	18.3748
152.26	83.6913	-65.3276	18.3637
152.28	81.8734	-63.5259	18.3476
152.3	81.1787	-62.83	18.3487
152.32	82.9566	-64.6031	18.3535
152.34	86.1624	-67.821	18.3415
152.36	88.891	-70.5446	18.3464
152.38	90.0233	-71.666	18.3573
152.4	89.4011	-71.0376	18.3635
152.42	88.0756	-69.7002	18.3755
152.44	87.4213	-69.0406	18.3807
152.46	87.3032	-68.9172	18.3859
152.48	87.4077	-69.01	18.3976
152.5	88.3749	-69.9612	18.4137
152.52	89.6294	-71.2109	18.4185
152.54	90.0593	-71.6354	18.4239
152.56	89.43	-71.0278	18.4022
152.58	88.2159	-69.8078	18.4081
152.6	86.992	-68.5789	18.4131
152.62	85.4703	-67.0629	18.4074
152.64	83.598	-65.1845	18.4135
152.66	82.3914	-63.9668	18.4247
152.68	82.2687	-63.839	18.4296
152.7	82.628	-64.1825	18.4455
152.72	82.8594	-64.4252	18.4342
152.74	82.5642	-64.136	18.4281
152.76	81.8862	-63.4612	18.425
152.78	83.4961	-65.0779	18.4183
152.8	85.7947	-67.405	18.3897
152.82	86.6727	-68.2709	18.4018
152.84	86.7561	-68.3551	18.401
152.86	85.3956	-67.0104	18.3852
152.88	83.5126	-65.1216	18.391
152.9	81.9568	-63.5656	18.3912
152.92	81.2196	-62.8219	18.3976
152.94	82.1631	-63.7769	18.3862
152.96	83.889	-65.4921	18.3969
152.98	85.459	-67.0623	18.3967
153	86.2998	-67.9084	18.3914
153.02	86.3106	-67.9246	18.3861
153.04	85.6428	-67.2677	18.3751
153.06	84.3698	-66.0003	18.3695
153.08	82.5385	-64.1796	18.3589
153.1	80.925	-62.5596	18.3654
153.12	80.9777	-62.6126	18.3651
153.14	82.3127	-63.9489	18.3638
153.16	83.1633	-64.7945	18.3688
153.18	82.7365	-64.373	18.3635
153.2	81.5849	-63.2203	18.3645
153.22	81.2289	-62.8703	18.3586
153.24	81.5735	-63.2043	18.3692
153.26	81.8421	-63.4795	18.3626
153.28	80.8514	-62.4766	18.3747
153.3	80.0755	-61.7047	18.3709
153.32	81.2982	-62.9398	18.3584
153.34	82.6477	-64.295	18.3527
153.36	83.1961	-64.8372	18.3588
153.38	83.3916	-65.0382	18.3534
153.4	83.2344	-64.8812	18.3532
153.42	82.448	-64.0839	18.364
153.44	81.1469	-62.7766	18.3703
153.46	80.531	-62.1657	18.3653
153.48	81.2325	-62.8737	18.3587
153.5	82.0114	-63.6583	18.3531
153.52	82.5558	-64.2076	18.3482
153.54	83.4263	-65.0948	18.3315
153.56	84.3226	-65.986	18.3366
153.58	84.7285	-66.4026	18.3259
153.6	84.9244	-66.5932	18.3312
153.62	84.7683	-66.4268	18.3416
153.64	83.731	-65.3838	18.3473
153.66	82.4563	-64.1189	18.3374
153.68	82.7005	-64.3574	18.3431
153.7	84.6053	-66.2588	18.3466
153.72	85.5239	-67.162	18.3619
153.74	83.9376	-65.5694	18.3682
153.76	82.1575	-63.7695	18.3881
153.78	83.9995	-65.6095	18.39
153.8	85.7942	-67.4037	18.3905
153.82	86.5893	-68.2039	18.3855
153.84	86.7978	-68.429	18.3689
153.86	86.4069	-68.0374	18.3694
153.88	86.0948	-67.7149	18.3799
153.9	85.3595	-66.9799	18.3796
153.92	83.9504	-65.5646	18.3858
153.94	83.072	-64.6852	18.3868
153.96	84.2996	-65.9128	18.3868
153.98	87.2858	-68.8955	18.3902
154	89.2065	-70.8104	18.3961
154.02	89.7522	-71.3662	18.386
154.04	89.8742	-71.499	18.3752
154.06	89.7951	-71.4257	18.3694
154.08	89.0539	-70.6685	18.3854
154.1	87.1599	-68.7799	18.38
154.12	84.6714	-66.2843	18.3871
154.14	83.9682	-65.5913	18.3769
154.16	85.9044	-67.5236	18.3808
154.18	88.3117	-69.9318	18.3799
154.2	89.5632	-71.1947	18.3685
154.22	88.9678	-70.5939	18.3739
154.24	87.5155	-69.1438	18.3717
154.26	88.9496	-70.5861	18.3635
154.28	90.4631	-72.1005	18.3625
154.3	89.6766	-71.3187	18.3579
154.32	87.4175	-69.0647	18.3528
154.34	84.5922	-66.2386	18.3535
154.36	82.8113	-64.4459	18.3655
154.38	83.3643	-65.0005	18.3638
154.4	84.1621	-65.7996	18.3625
154.42	83.4469	-65.0777	18.3692
154.44	82.5184	-64.1601	18.3583
154.46	81.6245	-63.2729	18.3516
154.48	80.183	-61.8229	18.3602
154.5	81.5253	-63.1667	18.3586
154.52	83.901	-65.5598	18.3412
154.54	85.0011	-66.6643	18.3368
154.56	85.5119	-67.1803	18.3317
154.58	85.8963	-67.57	18.3263
154.6	86.2638	-67.9542	18.3097
154.62	86.2716	-67.963	18.3086
154.64	84.8383	-66.5412	18.2971
154.66	82.2013	-63.9019	18.2994
154.68	81.6161	-63.3222	18.2939
154.7	83.3545	-65.0514	18.3031
154.72	84.8997	-66.6024	18.2972
154.74	85.2543	-66.9673	18.2869
154.76	85.0545	-66.7677	18.2869
154.78	84.5809	-66.2878	18.2931
154.8	84.8722	-66.5678	18.3044
154.82	86.1014	-67.8097	18.2917
154.84	86.0637	-67.7726	18.2911
154.86	84.1271	-65.8294	18.2977
154.88	82.4213	-64.1223	18.2991
154.9	82.7446	-64.4422	18.3025
154.92	82.7764	-64.4685	18.3079
154.94	82.2205	-63.9052	18.3153
154.96	83.423	-65.1027	18.3203
154.98	85.5003	-67.1877	18.3126
155	85.4571	-67.1382	18.3189
155.02	83.8987	-65.5953	18.3035
155.04	82.4234	-64.1137	18.3096
155.06	82.0611	-63.7735	18.2876
155.08	82.513	-64.2099	18.3031
155.1	82.5252	-64.2048	18.3204
155.12	82.8856	-64.5649	18.3207
155.14	83.9462	-65.6207	18.3254
155.16	84.5245	-66.2048	18.3197
155.18	83.987	-65.6617	18.3253
155.2	82.5374	-64.2171	18.3203
155.22	81.0089	-62.6879	18.321
155.24	80.5585	-62.2429	18.3156
155.26	81.2952	-62.9697	18.3256
155.28	81.8658	-63.5409	18.3249
155.3	81.3544	-63.0341	18.3203
155.32	80.6449	-62.3511	18.2937
155.34	80.8463	-62.5526	18.2937
155.36	81.871	-63.5723	18.2987
155.38	82.9837	-64.6856	18.2981
155.4	83.2457	-64.9315	18.3142
155.42	82.2106	-63.896	18.3146
155.44	80.6601	-62.3609	18.2992
155.46	80.0288	-61.7131	18.3156
155.48	80.4043	-62.0951	18.3093
155.5	80.7028	-62.3934	18.3094
155.52	80.9147	-62.5994	18.3152
155.54	81.2805	-62.9768	18.3037
155.56	81.1108	-62.8128	18.298
155.58	80.0921	-61.7881	18.304
155.6	79.1901	-60.8905	18.2996
155.62	79.7451	-61.4466	18.2985
155.64	80.4896	-62.1919	18.2977
155.66	80.0463	-61.7592	18.2871
155.68	78.7998	-60.512	18.2878
155.7	77.6341	-59.3515	18.2826
155.72	77.1893	-58.89	18.2993
155.74	77.8433	-59.5496	18.2937
155.76	79.2426	-60.966	18.2767
155.78	80.3889	-62.1073	18.2816
155.8	80.4405	-62.1647	18.2758
155.82	79.0322	-60.7616	18.2706
155.84	77.0027	-58.703	18.2997
155.86	76.522	-58.2121	18.3098
155.88	76.9238	-58.6148	18.3089
155.9	77.0202	-58.7326	18.2876
155.92	77.3926	-59.0995	18.2931
155.94	78.2778	-59.9896	18.2883
155.96	80.0231	-61.7194	18.3037
155.98	81.2726	-62.986	18.2866
156	80.8768	-62.6067	18.2701
156.02	78.9534	-60.6661	18.2874
156.04	77.1132	-58.8301	18.2832
156.06	77.2336	-58.951	18.2826
156.08	78.5306	-60.2439	18.2866
156.1	78.927	-60.6401	18.2869
156.12	78.5259	-60.238	18.2879
156.14	78.4917	-60.2096	18.2821
156.16	78.6151	-60.3274	18.2876
156.18	79.1889	-60.906	18.2829
156.2	80.7895	-62.5078	18.2816
156.22	81.7153	-63.4502	18.2651
156.24	81.4181	-63.1526	18.2655
156.26	80.3443	-62.0842	18.2601
156.28	78.7665	-60.512	18.2545
156.3	76.77	-58.5157	18.2543
156.32	74.4531	-56.1986	18.2544
156.34	72.7551	-54.5047	18.2504
156.36	73.7719	-55.5169	18.255
156.38	76.3301	-58.0823	18.2479
156.4	78.0614	-59.8288	18.2326
156.42	79.6208	-61.3939	18.2269
156.44	80.5699	-62.3325	18.2374
156.46	80.3015	-62.069	18.2326
156.48	79.5816	-61.371	18.2106
156.5	78.6191	-60.4144	18.2047
156.52	77.1292	-58.9189	18.2103
156.54	75.4157	-57.2115	18.2042
156.56	73.1692	-54.9645	18.2047
156.58	71.6368	-53.4355	18.2012
156.6	73.0985	-54.888	18.2105
156.62	75.5794	-57.3748	18.2046
156.64	77.7706	-59.5596	18.211
156.66	80.0918	-61.8759	18.216
156.68	81.6692	-63.4533	18.2159
156.7	82.1191	-63.9251	18.1941
156.72	81.4262	-63.2212	18.2051
156.74	79.8733	-61.6731	18.2003
156.76	78.6727	-60.4718	18.2009
156.78	78.8117	-60.6059	18.2057
156.8	79.7778	-61.5887	18.1891
156.82	81.0474	-62.8481	18.1993
156.84	81.5417	-63.3369	18.2048
156.86	81.3398	-63.1231	18.2167
156.88	81.5556	-63.3395	18.2162
156.9	81.8043	-63.5887	18.2155
156.92	81.4151	-63.2107	18.2044
156.94	80.7092	-62.5032	18.206
156.96	81.7981	-63.588	18.2102
156.98	83.1002	-64.8756	18.2246
157	81.8272	-63.607	18.2202
157.02	79.8776	-61.6596	18.218
157.04	81.306	-63.09	18.216
157.06	83.875	-65.6444	18.2306
157.08	84.3028	-66.0665	18.2363
157.1	83.0467	-64.8075	18.2392
157.12	83.9777	-65.734	18.2437
157.14	86.0132	-67.7776	18.2357
157.16	85.5848	-67.3259	18.2589
157.18	83.9889	-65.7235	18.2654
157.2	82.7128	-64.4419	18.2709
157.22	82.2595	-63.9822	18.2773
157.24	83.4263	-65.1662	18.26
157.26	85.0158	-66.7562	18.2596
157.28	86.0736	-67.8137	18.2598
157.3	86.6209	-68.3825	18.2383
157.32	87.0734	-68.8351	18.2383
157.34	87.2862	-69.048	18.2382
157.36	87.1008	-68.8623	18.2386
157.38	87.0497	-68.8053	18.2444
157.4	87.528	-69.2786	18.2493
157.42	87.7921	-69.5381	18.254
157.44	86.7706	-68.5281	18.2425
157.46	84.0188	-65.7707	18.248
157.48	80.5195	-62.2859	18.2336
157.5	79.4292	-61.2012	18.2281
157.52	81.0983	-62.8611	18.2371
157.54	83.0997	-64.8736	18.2261
157.56	85.0507	-66.8129	18.2378
157.58	87.1491	-68.9075	18.2416
157.6	87.1946	-68.9525	18.242
157.62	85.5398	-67.295	18.2447
157.64	85.2827	-67.044	18.2387
157.66	85.8406	-67.5982	18.2425
157.68	84.823	-66.5971	18.2259
157.7	82.0767	-63.8441	18.2326
157.72	79.7463	-61.5069	18.2394
157.74	80.0265	-61.8147	18.2118
157.76	82.6096	-64.3831	18.2266
157.78	85.0491	-66.8233	18.2258
157.8	85.8955	-67.6799	18.2156
157.82	85.7236	-67.5138	18.2098
157.84	84.1598	-65.9461	18.2137
157.86	80.2659	-62.0553	18.2106
157.88	78.5194	-60.3019	18.2175
157.9	80.4997	-62.2582	18.2414
157.92	81.3291	-63.0926	18.2365
157.94	80.7197	-62.4708	18.2488
157.96	80.5494	-62.2999	18.2496
157.98	81.4976	-63.2554	18.2423
158	81.3468	-63.1043	18.2425
158.02	80.1991	-61.9499	18.2492
158.04	79.5966	-61.3422	18.2545
158.06	79.5462	-61.2864	18.2597
158.08	79.755	-61.489	18.266
158.1	80.8939	-62.6504	18.2435
158.12	82.0687	-63.8428	18.2259
158.14	81.7265	-63.4996	18.227
158.16	81.0088	-62.7921	18.2167
158.18	80.7905	-62.5852	18.2053
158.2	80.6387	-62.4386	18.2001
158.22	80.7224	-62.5166	18.2057
158.24	81.1476	-62.9474	18.2002
158.26	81.7966	-63.6183	18.1783
158.28	82.5505	-64.3778	18.1727
158.3	83.139	-64.9665	18.1725
158.32	83.3506	-65.1889	18.1616
158.34	83.3195	-65.1689	18.1505
158.36	82.9702	-64.8315	18.1387
158.38	81.5879	-63.4602	18.1277
158.4	80.0935	-61.9635	18.1301
158.42	81.9186	-63.7783	18.1403
158.44	86.019	-67.8703	18.1487
158.46	88.4195	-70.2541	18.1655
158.48	88.5118	-70.3363	18.1754
158.5	85.4645	-67.2886	18.1759
158.52	82.4209	-64.2296	18.1913
158.54	83.63	-65.4442	18.1858
158.56	83.3822	-65.2051	18.1771
158.58	82.747	-64.5803	18.1667
158.6	82.7346	-64.568	18.1666
158.62	83.3349	-65.1734	18.1615
158.64	84.8793	-66.7235	18.1558
158.66	86.9189	-68.7691	18.1498
158.68	88.4753	-70.3367	18.1385
158.7	88.8692	-70.7363	18.133
158.72	88.0168	-69.8888	18.128
158.74	86.6758	-68.5364	18.1393
158.76	85.5811	-67.463	18.1181
158.78	85.6338	-67.4882	18.1456
158.8	86.7482	-68.5979	18.1503
158.82	87.8315	-69.6755	18.156
158.84	88.7732	-70.6116	18.1617
158.86	89.6004	-71.4394	18.161
158.88	89.4747	-71.2975	18.1772
158.9	88.1277	-69.9611	18.1666
158.92	86.192	-68.0084	18.1835
158.94	84.6518	-66.4627	18.1891
158.96	83.8975	-65.7034	18.1941
158.98	83.567	-65.3839	18.1831
159	83.6502	-65.456	18.1942
159.02	84.3087	-66.1254	18.1833
159.04	85.2827	-67.1112	18.1715
159.06	85.5052	-67.3389	18.1663
159.08	85.3131	-67.1454	18.1677
159.1	86.1411	-67.9688	18.1724
159.12	87.0113	-68.856	18.1553
159.14	86.8283	-68.6671	18.1612
159.16	85.8704	-67.7199	18.1505
159.18	84.6619	-66.5111	18.1508
159.2	83.71	-65.5424	18.1676
159.22	83.5271	-65.3595	18.1677
159.24	84.1334	-65.9605	18.1729
159.26	85.0583	-66.8967	18.1616
159.28	85.7205	-67.5534	18.1671
159.3	86.0273	-67.8653	18.162
159.32	86.3223	-68.1383	18.184
159.34	86.6383	-68.433	18.2053
159.36	86.2482	-68.0435	18.2047
159.38	84.5292	-66.3131	18.2161
159.4	82.5612	-64.3274	18.2338
159.42	81.9968	-63.7816	18.2152
159.44	80.9342	-62.7299	18.2043
159.46	80.2255	-62.0179	18.2075
159.48	83.0417	-64.8494	18.1924
159.5	84.461	-66.2762	18.1848
159.52	82.0406	-63.8569	18.1837
159.54	81.0717	-62.8781	18.1936
159.56	82.3248	-64.1405	18.1843
159.58	85.8742	-67.7095	18.1647
159.6	87.4449	-69.2658	18.1791
159.62	83.7968	-65.6115	18.1853
159.64	77.6638	-59.4733	18.1905
159.66	76.6521	-58.4554	18.1967
159.68	81.9654	-63.7788	18.1867
159.7	87.203	-69.034	18.169
159.72	88.7255	-70.5507	18.1748
159.74	86.9104	-68.7283	18.1821
159.76	84.3934	-66.1941	18.1992
159.78	83.3643	-65.1529	18.2114
159.8	84.8702	-66.656	18.2142
159.82	85.6643	-67.4609	18.2035
159.84	85.5599	-67.3645	18.1954
159.86	87.8769	-69.6936	18.1833
159.88	91.0081	-72.8157	18.1924
159.9	91.6029	-73.4156	18.1873
159.92	89.6881	-71.489	18.1991
159.94	86.8252	-68.6249	18.2004
159.96	85.2506	-67.033	18.2176
159.98	86.2501	-68.0506	18.1995
160	87.6714	-69.4574	18.214
160.02	87.2206	-69.0101	18.2105
160.04	87.4856	-69.2849	18.2008
160.06	89.6442	-71.4739	18.1703
160.08	89.8525	-71.6715	18.181
160.1	87.331	-69.1374	18.1936
160.12	84.7839	-66.5888	18.1951
160.14	84.5198	-66.32	18.1999
160.16	85.8965	-67.6865	18.21
160.18	87.3148	-69.1166	18.1982
160.2	87.4918	-69.3045	18.1872
160.22	86.1533	-67.9608	18.1925
160.24	84.9638	-66.7728	18.1909
160.26	87.2025	-69.0005	18.202
160.28	86.8402	-68.6263	18.214
160.3	84.2501	-66.0217	18.2284
160.32	83.7179	-65.4852	18.2327
160.34	84.4043	-66.156	18.2483
160.36	85.0489	-66.8101	18.2387
160.38	86.8432	-68.594	18.2492
160.4	88.8247	-70.5822	18.2425
160.42	89.1213	-70.8731	18.2482
160.44	87.5812	-69.3331	18.2481
160.46	84.6228	-66.3565	18.2663
160.48	82.8974	-64.6304	18.267
160.5	83.2678	-64.9861	18.2816
160.52	83.6111	-65.3341	18.277
160.54	84.3328	-66.0555	18.2773
160.56	85.5066	-67.2467	18.2599
160.58	85.7536	-67.4938	18.2598
160.6	84.6502	-66.3954	18.2547
160.62	82.7723	-64.4952	18.2771
160.64	80.985	-62.7077	18.2773
160.66	80.0429	-61.7485	18.2943
160.68	80.5433	-62.2335	18.3098
160.7	81.3363	-63.0377	18.2986
160.72	81.8424	-63.5324	18.31
160.74	82.4046	-64.0898	18.3148
160.76	82.3031	-63.9888	18.3143
160.78	80.9752	-62.6721	18.3031
160.8	78.8597	-60.5604	18.2993
160.82	78.8449	-60.5558	18.2891
160.84	81.5857	-63.3048	18.2809
160.86	83.5787	-65.2915	18.2872
160.88	84.8102	-66.5223	18.2879
160.9	85.9644	-67.66	18.3044
160.92	86.9456	-68.6303	18.3154
160.94	87.5859	-69.2762	18.3098
160.96	87.6279	-69.3073	18.3206
160.98	87.0406	-68.7197	18.3209
161	86.2216	-67.8957	18.326
161.02	85.0125	-66.6814	18.3311
161.04	83.7821	-65.4498	18.3323
161.06	84.1239	-65.7978	18.326
161.08	85.3868	-67.0669	18.3199
161.1	86.4668	-68.1467	18.3201
161.12	87.1228	-68.8025	18.3203
161.14	87.6774	-69.3455	18.332
161.16	88.6994	-70.3738	18.3256
161.18	89.0161	-70.6854	18.3307
161.2	87.8532	-69.5113	18.3418
161.22	85.5983	-67.2667	18.3316
161.24	83.5637	-65.2311	18.3326
161.26	83.2953	-64.9463	18.349
161.28	84.7185	-66.3702	18.3483
161.3	86.5675	-68.2096	18.3579
161.32	86.7679	-68.4331	18.3348
161.34	84.1553	-65.8188	18.3365
161.36	81.7027	-63.3641	18.3386
161.38	81.9171	-63.5757	18.3415
161.4	81.8577	-63.516	18.3417
161.42	81.3443	-62.9899	18.3543
161.44	82.1113	-63.7469	18.3644
161.46	82.9418	-64.5736	18.3682
161.48	81.8895	-63.5196	18.3699
161.5	80.9229	-62.5579	18.365
161.52	80.8807	-62.5216	18.359
161.54	80.8811	-62.5325	18.3486
161.56	81.1746	-62.8314	18.3432
161.58	81.579	-63.2415	18.3376
161.6	81.7494	-63.4173	18.3321
161.62	81.6266	-63.2998	18.3269
161.64	81.5034	-63.1817	18.3217
161.66	81.6675	-63.3349	18.3326
161.68	82.0698	-63.7265	18.3433
161.7	82.3697	-64.0211	18.3485
161.72	82.2558	-63.9075	18.3484
161.74	81.6552	-63.3179	18.3374
161.76	80.6401	-62.2971	18.343
161.78	79.7587	-61.437	18.3216
161.8	79.864	-61.537	18.3269
161.82	80.8239	-62.503	18.3209
161.84	81.8019	-63.4651	18.3368
161.86	82.0186	-63.6818	18.3368
161.88	81.3752	-63.0329	18.3423
161.9	80.1099	-61.7892	18.3207
161.92	79.0039	-60.6767	18.3272
161.94	79.4486	-61.111	18.3376
161.96	80.7386	-62.3912	18.3473
161.98	81.2425	-62.9003	18.3422
162	81.3399	-62.9913	18.3486
162.02	81.964	-63.6274	18.3366
162.04	81.778	-63.4415	18.3365
162.06	80.5642	-62.2156	18.3486
162.08	79.8702	-61.5269	18.3434
162.1	80.0947	-61.7523	18.3424
162.12	80.1143	-61.7776	18.3368
162.14	79.7134	-61.3873	18.3261
162.16	79.2548	-60.9345	18.3203
162.18	78.6867	-60.3599	18.3269
162.2	79.0765	-60.7392	18.3373
162.22	79.6504	-61.3142	18.3362
162.24	78.9312	-60.5942	18.3369
162.26	78.0515	-59.7239	18.3277
162.28	79.2425	-60.9047	18.3378
162.3	81.4444	-63.0973	18.3471
162.32	82.1607	-63.8245	18.3362
162.34	81.2447	-62.9128	18.3319
162.36	80.389	-62.0676	18.3214
162.38	80.3084	-61.9933	18.3151
162.4	80.1074	-61.7862	18.3212
162.42	80.3434	-62.0324	18.3109
162.44	81.7994	-63.4833	18.316
162.46	83.8368	-65.5215	18.3153
162.48	85.2252	-66.9049	18.3203
162.5	85.234	-66.9193	18.3147
162.52	83.7132	-65.4092	18.3039
162.54	81.19	-62.8908	18.2992
162.56	79.0316	-60.7263	18.3053
162.58	78.2906	-60.0133	18.2773
162.6	78.1619	-59.8853	18.2766
162.62	77.7261	-59.4488	18.2773
162.64	77.7361	-59.464	18.2722
162.66	78.7776	-60.5109	18.2667
162.68	80.7407	-62.4526	18.2881
162.7	82.6283	-64.3466	18.2817
162.72	83.0433	-64.7736	18.2697
162.74	80.8137	-62.5439	18.2698
162.76	77.3895	-59.1213	18.2681
162.78	77.7006	-59.4449	18.2558
162.8	80.3585	-62.0995	18.259
162.82	81.8121	-63.5469	18.2652
162.84	82.2781	-64.0123	18.2658
162.86	82.446	-64.1804	18.2656
162.88	82.1197	-63.849	18.2706
162.9	80.8843	-62.6193	18.265
162.92	79.0349	-60.7743	18.2605
162.94	78.356	-60.1	18.2561
162.96	80.0548	-61.8063	18.2485
162.98	81.4651	-63.2013	18.2638
163	80.7943	-62.5124	18.2819
163.02	80.1173	-61.8395	18.2779
163.04	81.0866	-62.8217	18.2649
163.06	81.5392	-63.2804	18.2589
163.08	80.4606	-62.2022	18.2585
163.1	78.255	-59.9891	18.2659
163.12	77.6175	-59.3403	18.2772
163.14	79.3359	-61.0706	18.2654
163.16	81.6145	-63.3504	18.2642
163.18	82.2387	-63.9853	18.2534
163.2	81.0686	-62.803	18.2656
163.22	79.6794	-61.4354	18.2441
163.24	78.7513	-60.5083	18.2429
163.26	77.6026	-59.3695	18.2331
163.28	78.0422	-59.8037	18.2385
163.3	79.9795	-61.7425	18.2371
163.32	81.2194	-62.9653	18.2541
163.34	81.914	-63.6544	18.2596
163.36	81.9406	-63.6706	18.27
163.38	80.9674	-62.6966	18.2709
163.4	80.3634	-62.1036	18.2599
163.42	80.2931	-62.0342	18.259
163.44	80.0322	-61.7614	18.2708
163.46	80.0963	-61.8153	18.281
163.48	79.6318	-61.3442	18.2876
163.5	79.6523	-61.3752	18.2771
163.52	80.666	-62.3892	18.2768
163.54	81.9662	-63.7012	18.265
163.56	82.2963	-64.0203	18.276
163.58	81.4598	-63.1994	18.2604
163.6	80.6613	-62.4002	18.2611
163.62	80.86	-62.583	18.2769
163.64	81.323	-63.0575	18.2655
163.66	81.2864	-63.0154	18.271
163.68	80.6694	-62.3983	18.2712
163.7	79.6597	-61.3723	18.2874
163.72	78.3687	-60.0808	18.2879
163.74	77.7563	-59.4732	18.2832
163.76	78.8452	-60.5575	18.2877
163.78	80.3885	-62.0851	18.3034
163.8	81.0944	-62.8019	18.2925
163.82	80.577	-62.285	18.292
163.84	78.4783	-60.1799	18.2985
163.86	76.371	-58.0655	18.3055
163.88	76.3798	-58.0798	18.2999
163.9	78.3709	-60.0665	18.3044
163.92	80.6043	-62.3117	18.2926
163.94	81.5574	-63.254	18.3034
163.96	80.8254	-62.5216	18.3038
163.98	79.0444	-60.7398	18.3046
164	77.3454	-59.0518	18.2937
164.02	76.2812	-57.9922	18.2889
164.04	76.9436	-58.6493	18.2944
164.06	79.1249	-60.8265	18.2984
164.08	80.8743	-62.5648	18.3095
164.1	81.9168	-63.6014	18.3154
164.12	82.7413	-64.4092	18.3321
164.14	83.5889	-65.2459	18.343
164.16	84.4183	-66.0864	18.3319
164.18	85.1156	-66.7947	18.3209
164.2	85.6736	-67.3748	18.2988
164.22	85.9595	-67.661	18.2985
164.24	85.845	-67.5626	18.2825
164.26	85.9164	-67.6453	18.2711
164.28	85.7965	-67.548	18.2485
164.3	85.0394	-66.7843	18.2551
164.32	84.9533	-66.6982	18.2552
164.34	85.8809	-67.6313	18.2496
164.36	87.552	-69.2752	18.2768
164.38	89.4924	-71.244	18.2484
164.4	90.2574	-72.0154	18.242
164.42	88.7434	-70.5007	18.2427
164.44	86.3604	-68.121	18.2394
164.46	85.8868	-67.6435	18.2433
164.48	85.6651	-67.4236	18.2415
164.5	84.1429	-65.9042	18.2387
164.52	84.2054	-65.973	18.2324
164.54	85.0259	-66.7997	18.2262
164.56	85.353	-67.1252	18.2278
164.58	86.4749	-68.253	18.2219
164.6	87.6879	-69.4668	18.2212
164.62	87.7208	-69.4938	18.2271
164.64	86.7806	-68.5478	18.2328
164.66	85.2443	-67.0112	18.2331
164.68	83.6055	-65.3666	18.2388
164.7	82.3597	-64.1317	18.228
164.72	81.859	-63.6414	18.2175
164.74	82.7599	-64.57	18.1899
164.76	84.6805	-66.4862	18.1942
164.78	85.9308	-67.7378	18.193
164.8	84.6123	-66.3993	18.213
164.82	79.6423	-61.4157	18.2266
164.84	75.438	-57.2392	18.1988
164.86	73.338	-55.1232	18.2148
164.88	73.0934	-54.8658	18.2276
164.9	78.4693	-60.2264	18.2429
164.92	86.0599	-67.8427	18.2172
164.94	88.5559	-70.3578	18.1981
164.96	87.726	-69.5436	18.1825
164.98	84.9177	-66.7073	18.2105
165	81.7034	-63.4801	18.2233
165.02	80.9717	-62.7426	18.229
165.04	83.2449	-65.0391	18.2058
165.06	86.5583	-68.3585	18.1998
165.08	89.4197	-71.2311	18.1886
165.1	91.0808	-72.9031	18.1777
165.12	91.3538	-73.1653	18.1885
165.14	90.0584	-71.8647	18.1937
165.16	87.359	-69.1644	18.1946
165.18	85.089	-66.9044	18.1846
165.2	84.9444	-66.7712	18.1732
165.22	86.4663	-68.2779	18.1885
165.24	88.0633	-69.8918	18.1715
165.26	88.7546	-70.5781	18.1765
165.28	88.2225	-70.0396	18.1829
165.3	87.652	-69.4369	18.2151
165.32	86.4466	-68.238	18.2086
165.34	84.2435	-66.0205	18.223
165.36	85.1985	-67.0035	18.1949
165.38	88.5304	-70.3327	18.1977
165.4	90.1233	-71.9044	18.2189
165.42	88.293	-70.0742	18.2187
165.44	84.0074	-65.7675	18.2399
165.46	83.5133	-65.2954	18.2179
165.48	86.9983	-68.7671	18.2312
165.5	89.6667	-71.4299	18.2368
165.52	90.5793	-72.352	18.2274
165.54	91.0963	-72.8741	18.2222
165.56	91.5675	-73.3455	18.222
165.58	91.5813	-73.3593	18.2219
165.6	90.9376	-72.7048	18.2328
165.62	89.6293	-71.4021	18.2272
165.64	87.6013	-69.3468	18.2545
165.66	85.3084	-67.0584	18.25
165.68	84.3915	-66.1419	18.2496
165.7	84.8448	-66.5962	18.2486
165.72	85.4925	-67.2499	18.2426
165.74	85.5958	-67.3499	18.2459
165.76	83.9936	-65.7546	18.2389
165.78	85.8853	-67.6423	18.243
165.8	89.6995	-71.448	18.2516
165.82	90.7046	-72.4403	18.2643
165.84	90.036	-71.7655	18.2705
165.86	88.6629	-70.4031	18.2598
165.88	86.8898	-68.6256	18.2643
165.9	84.6197	-66.3414	18.2783
165.92	86.2523	-67.9706	18.2817
165.94	89.4093	-71.1575	18.2517
165.96	89.3028	-71.0332	18.2697
165.98	87.1928	-68.9389	18.2539
166	85.1653	-66.915	18.2503
166.02	85.3946	-67.1629	18.2317
166.04	85.6907	-67.4588	18.232
166.06	85.522	-67.2896	18.2325
166.08	85.4341	-67.1848	18.2494
166.1	85.8392	-67.585	18.2542
166.12	86.1264	-67.8661	18.2603
166.14	86.7741	-68.5028	18.2713
166.16	87.6498	-69.3625	18.2873
166.18	88.0109	-69.7176	18.2932
166.2	88.0679	-69.764	18.3039
166.22	87.5126	-69.2145	18.2981
166.24	86.2154	-67.9165	18.2988
166.26	85.1649	-66.8605	18.3044
166.28	84.5715	-66.2625	18.3091
166.3	83.5584	-65.2548	18.3035
166.32	82.0715	-63.7783	18.2933
166.34	81.2095	-62.91	18.2995
166.36	81.889	-63.6068	18.2822
166.38	83.0391	-64.7574	18.2817
166.4	83.7376	-65.4503	18.2873
166.42	83.7547	-65.462	18.2927
166.44	82.9663	-64.6735	18.2928
166.46	81.5239	-63.2366	18.2873
166.48	79.7922	-61.5097	18.2825
166.5	78.943	-60.6713	18.2716
166.52	79.1654	-60.8943	18.2711
166.54	79.8656	-61.5941	18.2715
166.56	81.2164	-62.9455	18.2709
166.58	82.269	-63.9882	18.2808
166.6	81.5721	-63.2866	18.2855
166.62	78.6416	-60.3705	18.2711
166.64	77.5073	-59.2391	18.2683
166.66	80.6924	-62.4233	18.2691
166.68	82.4331	-64.1851	18.248
166.7	82.181	-63.9266	18.2544
166.72	81.2217	-62.9555	18.2662
166.74	80.734	-62.4621	18.272
166.76	81.0853	-62.8193	18.2661
166.78	81.6975	-63.4646	18.2328
166.8	81.9768	-63.7442	18.2326
166.82	81.7487	-63.5211	18.2276
166.84	81.5421	-63.2876	18.2545
166.86	80.8277	-62.558	18.2697
166.88	78.7299	-60.4584	18.2715
166.9	77.8969	-59.6135	18.2833
166.92	79.4018	-61.1094	18.2923
166.94	80.6295	-62.3427	18.2868
166.96	80.9423	-62.6438	18.2985
166.98	81.2106	-62.9115	18.299
167	81.9476	-63.6546	18.293
167.02	82.4204	-64.1334	18.2869
167.04	81.8484	-63.5779	18.2706
167.06	80.6433	-62.3495	18.2938
167.08	80.6918	-62.3815	18.3103
167.1	82.0516	-63.7482	18.3034
167.12	82.9781	-64.6797	18.2983
167.14	83.4936	-65.1901	18.3034
167.16	83.0204	-64.7183	18.3022
167.18	80.3344	-62.0313	18.3031
167.2	77.3347	-59.0399	18.2948
167.22	77.6004	-59.3071	18.2933
167.24	79.4846	-61.1933	18.2913
167.26	80.0435	-61.7353	18.3082
167.28	80.0162	-61.6956	18.3206
167.3	81.1496	-62.8241	18.3255
167.32	83.0084	-64.699	18.3094
167.34	85.4056	-67.075	18.3306
167.36	86.9872	-68.6627	18.3245
167.38	86.6677	-68.3266	18.3411
167.4	84.6666	-66.336	18.3307
167.42	82.1302	-63.7989	18.3313
167.44	80.6711	-62.3446	18.3265
167.46	81.0427	-62.7291	18.3135
167.48	81.2599	-62.9568	18.3031
167.5	81.524	-63.2162	18.3078
167.52	81.0237	-62.6938	18.3299
167.54	80.4922	-62.1549	18.3373
167.56	81.6531	-63.3295	18.3236
167.58	81.6116	-63.2863	18.3253
167.6	81.7062	-63.3799	18.3263
167.62	82.899	-64.5748	18.3243
167.64	82.7471	-64.4338	18.3133
167.66	81.2115	-62.8857	18.3258
167.68	80.3229	-61.9858	18.3371
167.7	81.0429	-62.7106	18.3323
167.72	83.5646	-65.2502	18.3144
167.74	85.7271	-67.4077	18.3194
167.76	86.3311	-68.0164	18.3147
167.78	86.0507	-67.7355	18.3152
167.8	85.5327	-67.2399	18.2928
167.82	84.325	-66.0217	18.3033
167.84	82.1757	-63.8935	18.2822
167.86	80.5719	-62.2935	18.2784
167.88	81.6327	-63.3658	18.2669
167.9	84.5559	-66.2961	18.2598
167.92	86.9272	-68.6512	18.276
167.94	87.9902	-69.7031	18.2872
167.96	87.7654	-69.4621	18.3033
167.98	86.1608	-67.857	18.3038
168	84.4671	-66.1506	18.3165
168.02	84.9234	-66.6246	18.2988
168.04	86.1763	-67.8727	18.3036
168.06	86.9049	-68.6068	18.298
168.08	86.7825	-68.49	18.2925
168.1	85.8999	-67.5907	18.3092
168.12	84.999	-66.7056	18.2934
168.14	85.1012	-66.8133	18.288
168.16	86.4932	-68.2001	18.2932
168.18	88.5061	-70.2085	18.2976
168.2	89.5489	-71.2794	18.2695
168.22	88.7054	-70.4183	18.2871
168.24	87.557	-69.2742	18.2828
168.26	87.7368	-69.4436	18.2932
168.28	88.6605	-70.3515	18.309
168.3	89.265	-70.9674	18.2976
168.32	88.9364	-70.6441	18.2924
168.34	88.145	-69.8627	18.2823
168.36	88.2619	-69.9846	18.2773
168.38	89.7515	-71.4809	18.2706
168.4	90.9076	-72.6264	18.2812
168.42	91.2599	-72.972	18.2879
168.44	91.9992	-73.7067	18.2925
168.46	92.0364	-73.7675	18.2689
168.48	89.6694	-71.4104	18.259
168.5	86.7105	-68.4498	18.2607
168.52	86.3249	-68.0415	18.2834
168.54	88.9997	-70.7139	18.2858
168.56	90.6789	-72.3823	18.2965
168.58	90.2127	-71.9148	18.2979
168.6	89.2905	-70.9971	18.2934
168.62	89.2829	-70.9899	18.293
168.64	89.9541	-71.6559	18.2982
168.66	90.8777	-72.5958	18.2819
168.68	91.9383	-73.6461	18.2922
168.7	92.1887	-73.9082	18.2804
168.72	90.6909	-72.4274	18.2634
168.74	87.548	-69.2933	18.2548
168.76	86.5867	-68.3319	18.2548
168.78	87.9128	-69.649	18.2637
168.8	88.4046	-70.1335	18.271
168.82	89.2964	-71.0312	18.2652
168.84	90.0273	-71.7523	18.2749
168.86	88.9346	-70.6709	18.2637
168.88	86.1797	-67.8972	18.2825
168.9	85.0522	-66.7692	18.2831
168.92	86.4944	-68.2238	18.2706
168.94	88.2148	-69.9449	18.2699
168.96	88.7314	-70.4721	18.2593
168.98	88.3358	-70.0755	18.2603
169	88.2405	-69.9853	18.2552
169.02	88.7948	-70.5346	18.2602
169.04	89.2568	-70.9863	18.2706
169.06	88.7573	-70.4981	18.2592
169.08	86.8802	-68.6207	18.2595
169.1	84.483	-66.2165	18.2665
169.12	83.7962	-65.5242	18.272
169.14	84.94	-66.6699	18.2702
169.16	85.454	-67.1797	18.2743
169.18	83.6611	-65.3807	18.2804
169.2	81.1813	-62.8981	18.2832
169.22	81.5605	-63.2729	18.2875
169.24	83.8807	-65.5937	18.2869
169.26	86.5569	-68.2648	18.292
169.28	88.4195	-70.1277	18.2918
169.3	88.7528	-70.4551	18.2977
169.32	87.9991	-69.7004	18.2987
169.34	87.4727	-69.1736	18.2991
169.36	87.6862	-69.4097	18.2765
169.38	87.7844	-69.5085	18.2758
169.4	86.9139	-68.6436	18.2703
169.42	85.2672	-66.9958	18.2715
169.44	84.6416	-66.3752	18.2665
169.46	85.7302	-67.4651	18.2651
169.48	86.7966	-68.5432	18.2534
169.5	86.5925	-68.3335	18.259
169.52	85.3029	-67.0432	18.2597
169.54	84.1057	-65.8565	18.2492
169.56	83.8875	-65.6491	18.2384
169.58	85.23	-66.9964	18.2335
169.6	88.4795	-70.2314	18.2481
169.62	91.0341	-72.7929	18.2412
169.64	90.555	-72.3081	18.2469
169.66	88.2113	-69.9602	18.251
169.68	88.9852	-70.7476	18.2377
169.7	90.614	-72.3887	18.2253
169.72	90.2908	-72.0588	18.232
169.74	89.2118	-70.9901	18.2218
169.76	88.5652	-70.3269	18.2383
169.78	88.7376	-70.4939	18.2437
169.8	89.5807	-71.3433	18.2374
169.82	89.9776	-71.7353	18.2423
169.84	89.4031	-71.1654	18.2377
169.86	89.1556	-70.9126	18.2431
169.88	89.2258	-70.9779	18.2479
169.9	89.1912	-70.9199	18.2713
169.92	90.2678	-71.9921	18.2757
169.94	91.0606	-72.7744	18.2862
169.96	90.4577	-72.166	18.2917
169.98	88.4616	-70.1533	18.3084
170	85.8444	-67.5515	18.2929
170.02	84.1306	-65.8495	18.281
170.04	83.328	-65.0727	18.2553
170.06	86.1262	-67.8937	18.2325
170.08	90.749	-72.5251	18.2239
170.1	92.0327	-73.8014	18.2312
170.12	91.2255	-72.9874	18.2381
170.14	90.1199	-71.8601	18.2598
170.16	88.6742	-70.3988	18.2754
170.18	86.121	-67.8344	18.2866
170.2	83.5069	-65.2074	18.2995
170.22	83.727	-65.4279	18.2991
170.24	86.272	-67.9806	18.2914
170.26	87.8898	-69.5662	18.3236
170.28	87.1993	-68.8967	18.3025
170.3	85.7701	-67.4608	18.3093
170.32	85.0073	-66.6891	18.3182
170.34	83.0758	-64.7391	18.3366
170.36	82.1327	-63.7902	18.3424
170.38	82.59	-64.2544	18.3356
170.4	82.7492	-64.418	18.3312
170.42	83.2129	-64.8822	18.3307
170.44	83.3206	-64.985	18.3356
170.46	82.2701	-63.9504	18.3197
170.48	80.8389	-62.5129	18.3259
170.5	80.0971	-61.7654	18.3316
170.52	80.4916	-62.1651	18.3265
170.54	82.1325	-63.8012	18.3313
170.56	83.9119	-65.5866	18.3253
170.58	84.7899	-66.4591	18.3308
170.6	84.4898	-66.17	18.3198
170.62	82.8865	-64.5615	18.325
170.64	80.1762	-61.85	18.3262
170.66	78.5473	-60.2305	18.3169
170.68	80.0128	-61.6921	18.3207
170.7	82.4696	-64.1554	18.3142
170.72	84.0105	-65.6962	18.3143
170.74	84.365	-66.0449	18.3201
170.76	83.7968	-65.4709	18.3258
170.78	82.7568	-64.4363	18.3205
170.8	81.6827	-63.3623	18.3204
170.82	80.537	-62.223	18.3139
170.84	78.6109	-60.2967	18.3142
170.86	77.2702	-58.9384	18.3318
170.88	78.0209	-59.6687	18.3521
170.9	79.0507	-60.7097	18.341
170.92	79.2872	-60.9407	18.3465
170.94	78.6405	-60.2869	18.3537
170.96	78.8047	-60.4623	18.3424
170.98	79.3629	-61.0155	18.3475
171	79.4217	-61.0631	18.3585
171.02	78.8182	-60.4654	18.3528
171.04	77.232	-58.8907	18.3412
171.06	74.5126	-56.1588	18.3539
171.08	73.5506	-55.2007	18.3498
171.1	75.8644	-57.5339	18.3305
171.12	77.8405	-59.5152	18.3253
171.14	78.8401	-60.5084	18.3316
171.16	79.6579	-61.3372	18.3207
171.18	80.2326	-61.929	18.3037
171.2	79.7755	-61.467	18.3085
171.22	78.0029	-59.7149	18.288
171.24	76.9294	-58.625	18.3044
171.26	76.7795	-58.4594	18.32
171.28	76.6157	-58.2838	18.3319
171.3	77.2852	-58.9427	18.3425
171.32	78.1923	-59.8578	18.3345
171.34	76.2095	-57.8767	18.3328
171.36	72.3843	-54.049	18.3353
171.38	74.4917	-56.1484	18.3433
171.4	74.2703	-55.9137	18.3567
171.42	74.0797	-55.7244	18.3553
171.44	78.0746	-59.7343	18.3403
171.46	80.7135	-62.3721	18.3415
171.48	81.8768	-63.5349	18.342
171.5	82.0397	-63.7028	18.3368
171.52	81.6976	-63.3602	18.3375
171.54	81.8046	-63.4668	18.3378
171.56	82.7167	-64.3633	18.3534
171.58	83.4579	-65.1159	18.342
171.6	83.2722	-64.9357	18.3365
171.62	82.3913	-64.0267	18.3646
171.64	81.9196	-63.5656	18.354
171.66	82.4817	-64.1337	18.348
171.68	83.4387	-65.0752	18.3636
171.7	83.6076	-65.256	18.3515
171.72	82.0367	-63.6844	18.3523
171.74	80.7046	-62.3665	18.338
171.76	82.1963	-63.8716	18.3247
171.78	83.7609	-65.4363	18.3246
171.8	84.4552	-66.1299	18.3254
171.82	84.8649	-66.5395	18.3254
171.84	84.9625	-66.642	18.3205
171.86	85.2498	-66.9401	18.3097
171.88	85.8412	-67.5318	18.3094
171.9	86.3229	-68.019	18.3039
171.92	86.6131	-68.3036	18.3095
171.94	86.8266	-68.512	18.3147
171.96	86.4934	-68.1856	18.3078
171.98	83.9539	-65.6538	18.3001
172	78.448	-60.1416	18.3064
172.02	78.9817	-60.672	18.3097
172.04	83.8912	-65.5738	18.3174
172.06	86.2365	-67.9177	18.3189
172.08	86.4933	-68.1789	18.3144
172.1	85.8489	-67.5229	18.326
172.12	85.3295	-67.003	18.3265
172.14	85.6826	-67.3618	18.3208
172.16	86.6844	-68.3749	18.3095
172.18	87.6552	-69.3405	18.3147
172.2	88.1181	-69.8207	18.2974
172.22	86.9503	-68.6542	18.2962
172.24	84.0477	-65.7422	18.3054
172.26	84.3335	-66.0188	18.3147
172.28	86.6203	-68.3179	18.3024
172.3	87.7764	-69.4802	18.2962
172.32	86.4969	-68.2054	18.2914
172.34	84.1689	-65.864	18.3049
172.36	83.9849	-65.6923	18.2926
172.38	84.8928	-66.6066	18.2862
172.4	85.2841	-66.9976	18.2865
172.42	85.6069	-67.3196	18.2873
172.44	86.609	-68.3226	18.2864
172.46	87.1597	-68.873	18.2867
172.48	87.28	-68.9817	18.2983
172.5	87.6108	-69.3016	18.3092
172.52	88.0177	-69.7251	18.2927
172.54	88.2502	-69.9685	18.2817
172.56	88.134	-69.8746	18.2595
172.58	87.4583	-69.1986	18.2596
172.6	86.7664	-68.4895	18.2768
172.62	87.0487	-68.7724	18.2764
172.64	87.9036	-69.6224	18.2812
172.66	88.1435	-69.8578	18.2857
172.68	86.6698	-68.394	18.2757
172.7	84.8775	-66.5891	18.2884
172.72	84.9439	-66.6562	18.2877
172.74	86.0858	-67.7937	18.2921
172.76	86.7404	-68.4591	18.2813
172.78	86.9729	-68.691	18.2819
172.8	87.3909	-69.1036	18.2873
172.82	87.9134	-69.6209	18.2926
172.84	88.2919	-69.9994	18.2925
172.86	88.3657	-70.0791	18.2866
172.88	87.7778	-69.4969	18.2808
172.9	86.581	-68.2989	18.2821
172.92	86.8127	-68.5576	18.255
172.94	88.6187	-70.3833	18.2355
172.96	88.3342	-70.0979	18.2362
172.98	87.0463	-68.8184	18.228
173	87.6564	-69.4146	18.2419
173.02	87.6181	-69.3816	18.2365
173.04	86.4716	-68.223	18.2486
173.06	85.6813	-67.4371	18.2442
173.08	86.648	-68.3983	18.2498
173.1	89.2085	-70.9492	18.2592
173.12	91.182	-72.94	18.242
173.14	91.139	-72.9077	18.2312
173.16	89.1864	-70.9379	18.2486
173.18	86.894	-68.6275	18.2665
173.2	86.5165	-68.2663	18.2503
173.22	88.3641	-70.1097	18.2544
173.24	90.6362	-72.3824	18.2538
173.26	92.2014	-73.9364	18.265
173.28	93.0575	-74.7924	18.2651
173.3	93.2279	-74.9631	18.2648
173.32	92.4615	-74.2025	18.2591
173.34	90.5109	-72.2524	18.2585
173.36	87.1077	-68.849	18.2587
173.38	84.0441	-65.7822	18.2619
173.4	85.1775	-66.9465	18.2311
173.42	87.0761	-68.8396	18.2365
173.44	88.2863	-70.0489	18.2374
173.46	89.3673	-71.1197	18.2476
173.48	89.2518	-71.0204	18.2313
173.5	88.1121	-69.8795	18.2326
173.52	87.5109	-69.2846	18.2264
173.54	86.5886	-68.3535	18.2351
173.56	83.5084	-65.2814	18.227
173.58	81.9647	-63.7277	18.237
173.6	81.4956	-63.2423	18.2533
173.62	82.4221	-64.1613	18.2608
173.64	85.9247	-67.663	18.2618
173.66	86.0724	-67.8041	18.2684
173.68	83.068	-64.8038	18.2642
173.7	79.5468	-61.2852	18.2616
173.72	79.3784	-61.1125	18.2659
173.74	81.5459	-63.3033	18.2426
173.76	83.563	-65.3205	18.2425
173.78	84.5278	-66.2694	18.2585
173.8	83.6033	-65.3666	18.2367
173.82	81.0885	-62.8398	18.2487
173.84	78.8566	-60.6121	18.2445
173.86	78.7291	-60.4582	18.2709
173.88	79.4804	-61.2104	18.27
173.9	79.7152	-61.4338	18.2813
173.92	79.5724	-61.2966	18.2758
173.94	78.9692	-60.6986	18.2706
173.96	78.2707	-59.9994	18.2714
173.98	78.3751	-60.12	18.2551
174	79.426	-61.1604	18.2657
174.02	80.8033	-62.5437	18.2596
174.04	81.564	-63.3052	18.2588
174.06	80.8649	-62.6004	18.2645
174.08	79.4772	-61.2218	18.2554
174.1	79.9973	-61.7364	18.2609
174.12	82.3617	-64.1026	18.259
174.14	83.9392	-65.6863	18.2529
174.16	83.3689	-65.1214	18.2475
174.18	80.8513	-62.5976	18.2538
174.2	78.0543	-59.8042	18.2501
174.22	77.7718	-59.4998	18.272
174.24	80.1086	-61.8388	18.2698
174.26	82.0928	-63.8177	18.2751
174.28	82.9606	-64.679	18.2816
174.3	83.8249	-65.5322	18.2927
174.32	84.778	-66.5024	18.2757
174.34	84.9512	-66.6808	18.2704
174.36	84.4409	-66.1594	18.2815
174.38	83.4276	-65.1242	18.3034
174.4	82.4115	-64.1069	18.3046
174.42	82.7652	-64.4615	18.3037
174.44	83.5691	-65.2716	18.2975
174.46	83.58	-65.2821	18.2978
174.48	83.1662	-64.8621	18.3041
174.5	83.2941	-64.9903	18.3038
174.52	83.6674	-65.3862	18.2812
174.54	83.5205	-65.2284	18.2921
174.56	82.7916	-64.4828	18.3087
174.58	82.0265	-63.7177	18.3088
174.6	81.4623	-63.1653	18.297
174.62	80.6029	-62.2999	18.3031
174.64	80.1072	-61.7878	18.3194
174.66	80.2521	-61.9316	18.3205
174.68	82.0816	-63.7558	18.3258
174.7	84.9545	-66.6195	18.3349
174.72	86.0878	-67.7582	18.3295
174.74	84.979	-66.6376	18.3414
174.76	82.8986	-64.5561	18.3425
174.78	81.328	-62.9753	18.3527
174.8	79.7131	-61.3616	18.3515
174.82	77.1027	-58.7391	18.3636
174.84	75.3859	-57	18.3858
174.86	75.1336	-56.7543	18.3793
174.88	75.2255	-56.8665	18.359
174.9	76.9346	-58.5872	18.3475
174.92	79.2755	-60.923	18.3525
174.94	81.0008	-62.6482	18.3526
174.96	81.8111	-63.4419	18.3692
174.98	81.6364	-63.2617	18.3747
175	80.4521	-62.0884	18.3637
175.02	78.4033	-60.0558	18.3475
175.04	76.0714	-57.7398	18.3317
175.06	74.5773	-56.256	18.3212
175.08	74.8652	-56.5606	18.3046
175.1	76.6154	-58.3228	18.2926
175.12	78.2323	-59.9515	18.2808
175.14	78.4	-60.119	18.281
175.16	77.3876	-59.089	18.2986
175.18	76.9416	-58.6476	18.294
175.2	78.098	-59.816	18.2819
175.22	79.4423	-61.1777	18.2646
175.24	79.5122	-61.2645	18.2477
175.26	77.9627	-59.7087	18.254
175.28	76.5249	-58.275	18.2499
175.3	76.6759	-58.4345	18.2414
175.32	75.3315	-57.0847	18.2469
175.34	72.4911	-54.2148	18.2763
175.36	71.0426	-52.7716	18.2711
175.38	71.6153	-53.3507	18.2646
175.4	73.2153	-54.9336	18.2817
175.42	76.0194	-57.7549	18.2645
175.44	78.8148	-60.5616	18.2532
175.46	80.4331	-62.1745	18.2586
175.48	80.497	-62.2328	18.2642
175.5	79.1339	-60.8592	18.2748
175.52	76.3788	-58.1198	18.2589
175.54	74.959	-56.6856	18.2734
175.56	78.2485	-59.9635	18.285
175.58	80.6531	-62.362	18.2911
175.6	81.1707	-62.8781	18.2926
175.62	81.2752	-62.9659	18.3092
175.64	81.2332	-62.9081	18.3251
175.66	80.4163	-62.0913	18.325
175.68	78.8833	-60.5574	18.3258
175.7	78.0076	-59.6867	18.3209
175.72	78.6484	-60.328	18.3204
175.74	80.2081	-61.8994	18.3087
175.76	81.4891	-63.1811	18.308
175.78	81.6306	-63.3223	18.3083
175.8	81.1222	-62.824	18.2982
175.82	81.2858	-62.9983	18.2875
175.84	82.6008	-64.3194	18.2814
175.86	84.3393	-66.0421	18.2972
175.88	85.2425	-66.9301	18.3124
175.9	84.0494	-65.7521	18.2973
175.92	83.0729	-64.7792	18.2937
175.94	84.4135	-66.1226	18.2909
175.96	84.6876	-66.4087	18.2789
175.98	82.1994	-63.903	18.2964
176	79.1551	-60.8562	18.2989
176.02	78.7685	-60.4659	18.3026
176.04	79.3956	-61.0712	18.3244
176.06	80.3865	-62.0661	18.3204
176.08	82.9093	-64.5734	18.3359
176.1	85.394	-67.0535	18.3405
176.12	86.2925	-67.9515	18.341
176.14	85.8453	-67.5037	18.3416
176.16	84.879	-66.5154	18.3636
176.18	83.6531	-65.2903	18.3629
176.2	81.572	-63.2205	18.3515
176.22	78.782	-60.4238	18.3582
176.24	77.7048	-59.3398	18.365
176.26	80.1734	-61.8211	18.3524
176.28	83.7251	-65.3689	18.3562
176.3	85.3285	-66.972	18.3565
176.32	84.816	-66.4525	18.3635
176.34	84.0106	-65.6577	18.3529
176.36	83.5709	-65.2352	18.3357
176.38	82.6354	-64.2998	18.3356
176.4	81.2774	-62.9356	18.3419
176.42	80.6386	-62.2853	18.3533
176.44	81.4995	-63.1627	18.3368
176.46	83.4853	-65.1497	18.3356
176.48	84.8226	-66.4932	18.3294
176.5	84.2512	-65.9216	18.3295
176.52	82.048	-63.7231	18.325
176.54	79.7187	-61.3709	18.3478
176.56	78.7359	-60.366	18.3699
176.58	79.4333	-61.0586	18.3747
176.6	80.7461	-62.372	18.3741
176.62	81.6943	-63.3254	18.3689
176.64	82.3676	-63.9984	18.3692
176.66	82.986	-64.6116	18.3744
176.68	83.1017	-64.7278	18.3739
176.7	82.0577	-63.6947	18.363
176.72	80.1396	-61.7975	18.3421
176.74	78.778	-60.4249	18.3531
176.76	78.1922	-59.8174	18.3748
176.78	78.0367	-59.6781	18.3586
176.8	78.4838	-60.1416	18.3421
176.82	79.2964	-60.9491	18.3473
176.84	79.9424	-61.5953	18.3471
176.86	80.0723	-61.7252	18.347
176.88	79.5816	-61.2509	18.3308
176.9	78.7321	-60.4119	18.3202
176.92	78.1475	-59.8271	18.3204
176.94	78.0977	-59.7777	18.32
176.96	78.0779	-59.7749	18.303
176.98	77.4244	-59.1217	18.3027
177	75.9792	-57.6704	18.3089
177.02	74.8726	-56.5627	18.3098
177.04	75.3926	-57.0777	18.3149
177.06	77.0099	-58.6849	18.325
177.08	78.3931	-60.0572	18.3359
177.1	79.3193	-60.9829	18.3363
177.12	80.1501	-61.7981	18.352
177.14	80.016	-61.6808	18.3352
177.16	78.8928	-60.5667	18.3261
177.18	79.1352	-60.8151	18.3201
177.2	80.3771	-62.0471	18.3301
177.22	81.0943	-62.7748	18.3195
177.24	81.4585	-63.1283	18.3302
177.26	81.3802	-63.039	18.3412
177.28	81.0272	-62.6867	18.3405
177.3	80.149	-61.8019	18.3472
177.32	80.4634	-62.1271	18.3363
177.34	82.0831	-63.7316	18.3515
177.36	83.0769	-64.7415	18.3354
177.38	83.2558	-64.9093	18.3465
177.4	82.7013	-64.3607	18.3406
177.42	81.3578	-63.027	18.3308
177.44	81.1726	-62.8301	18.3425
177.46	82.7328	-64.3994	18.3334
177.48	81.6718	-63.3282	18.3436
177.5	77.0017	-58.6718	18.3298
177.52	73.1467	-54.8146	18.3321
177.54	73.4821	-55.1628	18.3192
177.56	76.4411	-58.1278	18.3133
177.58	80.0174	-61.7061	18.3113
177.6	81.1361	-62.8184	18.3177
177.62	80.172	-61.8649	18.3071
177.64	78.3006	-59.9803	18.3203
177.66	78.5683	-60.2483	18.32
177.68	80.5495	-62.2204	18.329
177.7	81.4876	-63.1522	18.3354
177.72	81.688	-63.364	18.324
177.74	80.4966	-62.1679	18.3287
177.76	77.3834	-59.0478	18.3356
177.78	74.7079	-56.36	18.3479
177.8	74.7459	-56.4094	18.3365
177.82	76.6539	-58.3305	18.3234
177.84	77.5105	-59.1756	18.335
177.86	77.4512	-59.1206	18.3306
177.88	77.6041	-59.263	18.3411
177.9	77.1994	-58.8808	18.3187
177.92	75.319	-57.0004	18.3186
177.94	72.2704	-53.9718	18.2987
177.96	70.9954	-52.69	18.3054
177.98	72.8732	-54.5646	18.3085
178	74.9776	-56.6589	18.3188
178.02	75.7349	-57.4211	18.3138
178.04	75.4448	-57.1417	18.3031
178.06	74.5625	-56.2648	18.2977
178.08	73.4121	-55.1083	18.3038
178.1	72.8023	-54.4937	18.3086
178.12	72.0185	-53.7003	18.3182
178.14	69.724	-51.3992	18.3249
178.16	67.9159	-49.5785	18.3374
178.18	68.5354	-50.2049	18.3305
178.2	69.7544	-51.4136	18.3408
178.22	70.3154	-51.9688	18.3466
178.24	70.4779	-52.1416	18.3362
178.26	71.1247	-52.7882	18.3365
178.28	72.3794	-54.0488	18.3305
178.3	73.4752	-55.1554	18.3197
178.32	74.1978	-55.8617	18.3361
178.34	74.3801	-56.0442	18.3359
178.36	73.7793	-55.4325	18.3468
178.38	72.4228	-54.0814	18.3414
178.4	70.8235	-52.465	18.3585
178.42	70.5385	-52.179	18.3595
178.44	72.6247	-54.2727	18.3519
178.46	74.5734	-56.2274	18.346
178.48	75.208	-56.8558	18.3523
178.5	75.2355	-56.9054	18.3301
178.52	74.5829	-56.2587	18.3242
178.54	73.4294	-55.0814	18.348
178.56	73.8759	-55.5349	18.3409
178.58	74.6413	-56.3002	18.3412
178.6	75.447	-57.1219	18.325
178.62	76.4532	-58.1238	18.3295
178.64	76.3262	-57.9912	18.335
178.66	75.2042	-56.8679	18.3362
178.68	74.5498	-56.2192	18.3305
178.7	74.2156	-55.8744	18.3411
178.72	73.7487	-55.407	18.3416
178.74	73.6688	-55.3324	18.3365
178.76	74.4452	-56.1141	18.3311
178.78	75.9874	-57.684	18.3033
178.8	77.6705	-59.3728	18.2978
178.82	79.0651	-60.7729	18.2922
178.84	79.9196	-61.6275	18.2921
178.86	80.0311	-61.7445	18.2866
178.88	79.3838	-61.0917	18.2921
178.9	78.1129	-59.8156	18.2973
178.92	76.1256	-57.8233	18.3023
178.94	73.6533	-55.3547	18.2986
178.96	73.7039	-55.4045	18.2994
178.98	77.4163	-59.1195	18.2968
179	81.0633	-62.7786	18.2847
179.02	82.198	-63.9132	18.2849
179.04	80.6962	-62.3943	18.3019
179.06	77.7081	-59.3999	18.3082
179.08	74.9149	-56.5955	18.3195
179.1	73.584	-55.2529	18.3311
179.12	74.4726	-56.131	18.3416
179.14	76.9014	-58.5543	18.3471
179.16	80.148	-61.7906	18.3573
179.18	82.8377	-64.4806	18.3571
179.2	84.2505	-65.8988	18.3518
179.22	84.3995	-66.0529	18.3467
179.24	83.8131	-65.466	18.3471
179.26	83.2136	-64.8772	18.3364
179.28	83.0548	-64.7133	18.3415
179.3	82.8865	-64.5572	18.3294
179.32	81.3827	-63.0647	18.318
179.34	78.3525	-60.0333	18.3192
179.36	75.8747	-57.5542	18.3205
179.38	75.9287	-57.625	18.3037
179.4	78.1076	-59.8045	18.3031
179.42	81.0665	-62.7807	18.2858
179.44	83.1675	-64.8873	18.2801
179.46	83.6733	-65.4255	18.2479
179.48	83.1102	-64.8729	18.2373
179.5	82.0211	-63.7893	18.2319
179.52	80.7691	-62.5312	18.2379
179.54	80.2371	-61.9881	18.249
179.56	80.5493	-62.2957	18.2536
179.58	80.6334	-62.3688	18.2646
179.6	80.3726	-62.1077	18.2649
179.62	80.3213	-62.0453	18.276
179.64	80.6572	-62.4098	18.2474
179.66	80.0035	-61.7512	18.2523
179.68	78.7721	-60.5279	18.2442
179.7	80.272	-62.0404	18.2315
179.72	82.5863	-64.3503	18.2361
179.74	83.7032	-65.4723	18.2309
179.76	83.6689	-65.443	18.2259
179.78	83.508	-65.281	18.227
179.8	84.3373	-66.1174	18.2199
179.82	84.3109	-66.0968	18.2141
179.84	82.8082	-64.5881	18.2201
179.86	80.909	-62.6885	18.2206
179.88	80.2843	-62.0675	18.2168
179.9	82.5845	-64.371	18.2135
179.92	84.1639	-65.9555	18.2084
179.94	84.4346	-66.2356	18.1989
179.96	85.2121	-67.0127	18.1994
179.98	87.0442	-68.8564	18.1878
180	88.9591	-70.7889	18.1702
180.02	89.2856	-71.1275	18.1581
180.04	86.7413	-68.5835	18.1578
180.06	82.4781	-64.3053	18.1728
180.08	82.3395	-64.1722	18.1673
180.1	86.5062	-68.3475	18.1586
180.12	90.029	-71.8702	18.1587
180.14	91.6613	-73.4963	18.1649
180.16	91.9182	-73.7416	18.1766
180.18	91.5489	-73.3781	18.1708
180.2	90.5931	-72.4163	18.1767
180.22	89.9747	-71.7977	18.177
180.24	90.0514	-71.8591	18.1923
180.26	89.8536	-71.6548	18.1988
180.28	90.1432	-71.9509	18.1924
180.3	89.8228	-71.6311	18.1917
180.32	88.2236	-70.0358	18.1878
180.34	87.7041	-69.5103	18.1938
180.36	88.8955	-70.7151	18.1804
180.38	89.0347	-70.8596	18.1751
180.4	88.4076	-70.2256	18.1821
180.42	88.7542	-70.5851	18.1691
180.44	88.5753	-70.4098	18.1655
180.46	90.3715	-72.2003	18.1712
180.48	93.8699	-75.7011	18.1688
180.5	95.0677	-76.9083	18.1594
180.52	95.0088	-76.8537	18.1551
180.54	95.0892	-76.9561	18.1332
180.56	95.3192	-77.1758	18.1434
180.58	94.843	-76.7051	18.1379
180.6	93.7542	-75.5991	18.1551
180.62	93.103	-74.9419	18.1611
180.64	93.5111	-75.3456	18.1655
180.66	93.7411	-75.5813	18.1598
180.68	93.4317	-75.2491	18.1826
180.7	93.7428	-75.577	18.1658
180.72	94.3857	-76.2314	18.1543
180.74	94.9872	-76.8318	18.1554
180.76	96.528	-78.3682	18.1598
180.78	97.7489	-79.568	18.181
180.8	97.386	-79.2	18.186
180.82	95.158	-76.9774	18.1806
180.84	92.1087	-73.9266	18.1821
180.86	90.4291	-72.2367	18.1923
180.88	89.9783	-71.7903	18.188
180.9	91.4723	-73.301	18.1714
180.92	94.2486	-76.0783	18.1702
180.94	96.1242	-77.9654	18.1587
180.96	95.9217	-77.7733	18.1484
180.98	94.4668	-76.3229	18.1439
181	93.0662	-74.907	18.1592
181.02	90.7579	-72.5878	18.1701
181.04	88.0857	-69.9135	18.1722
181.06	87.4872	-69.316	18.1712
181.08	87.9115	-69.7458	18.1658
181.1	88.5936	-70.4499	18.1437
181.12	88.8972	-70.7372	18.16
181.14	88.4628	-70.3129	18.1499
181.16	88.1552	-69.9885	18.1668
181.18	88.4714	-70.316	18.1555
181.2	88.9616	-70.801	18.1606
181.22	89.0227	-70.8462	18.1765
181.24	87.8467	-69.6767	18.1701
181.26	84.5699	-66.3887	18.1812
181.28	80.435	-62.2618	18.1732
181.3	79.6729	-61.4997	18.1732
181.32	82.5447	-64.3629	18.1818
181.34	85.4987	-67.323	18.1757
181.36	86.9862	-68.8153	18.1709
181.38	87.5437	-69.3886	18.1551
181.4	87.8937	-69.7387	18.155
181.42	87.9952	-69.8241	18.1711
181.44	87.5486	-69.383	18.1656
181.46	86.8399	-68.6627	18.1772
181.48	87.0322	-68.8545	18.1777
181.5	88.8008	-70.6297	18.171
181.52	90.47	-72.3007	18.1692
181.54	89.585	-71.4276	18.1574
181.56	85.8991	-67.7329	18.1662
181.58	84.2513	-66.0805	18.1708
181.6	84.7235	-66.5521	18.1714
181.62	87.0385	-68.8676	18.1709
181.64	89.8763	-71.7178	18.1585
181.66	90.4328	-72.2734	18.1594
181.68	89.3714	-71.2114	18.1601
181.7	87.8273	-69.6614	18.1658
181.72	86.5	-68.334	18.166
181.74	86.0426	-67.876	18.1666
181.76	87.0983	-68.9383	18.16
181.78	88.3244	-70.1642	18.1601
181.8	89.2997	-71.1504	18.1493
181.82	89.9205	-71.7831	18.1374
181.84	88.9375	-70.801	18.1365
181.86	85.7074	-67.5747	18.1327
181.88	82.9548	-64.8271	18.1277
181.9	81.9391	-63.8284	18.1107
181.92	82.2052	-64.077	18.1282
181.94	84.3638	-66.2315	18.1323
181.96	86.4319	-68.2944	18.1375
181.98	87.3948	-69.2293	18.1655
182	87.809	-69.6485	18.1605
182.02	88.0439	-69.8783	18.1655
182.04	87.8379	-69.6713	18.1665
182.06	88.2859	-70.1358	18.1501
182.08	89.5216	-71.3609	18.1607
182.1	90.8723	-72.7062	18.1661
182.12	91.8667	-73.7015	18.1652
182.14	91.3196	-73.1607	18.1588
182.16	88.3456	-70.1871	18.1585
182.18	83.6457	-65.4901	18.1556
182.2	81.8026	-63.6452	18.1574
182.22	85.0582	-66.8947	18.1636
182.24	87.6982	-69.5627	18.1354
182.26	88.4325	-70.3163	18.1162
182.28	89.8931	-71.767	18.1261
182.3	91.0838	-72.9564	18.1274
182.32	92.555	-74.428	18.127
182.34	93.4164	-75.2797	18.1367
182.36	91.9107	-73.7576	18.1531
182.38	88.4058	-70.2508	18.1551
182.4	86.022	-67.8544	18.1676
182.42	87.1205	-68.9379	18.1826
182.44	89.876	-71.6948	18.1812
182.46	91.8281	-73.6524	18.1758
182.48	92.3068	-74.0982	18.2086
182.5	91.1105	-72.8962	18.2143
182.52	88.8618	-70.6517	18.2101
182.54	87.3718	-69.1341	18.2377
182.56	87.1195	-68.8771	18.2424
182.58	87.0529	-68.8222	18.2307
182.6	86.4512	-68.2196	18.2316
182.62	86.2438	-68.035	18.2088
182.64	85.419	-67.2227	18.1962
182.66	82.9943	-64.7721	18.2222
182.68	84.4457	-66.2194	18.2263
182.7	88.3919	-70.1681	18.2237
182.72	89.9811	-71.756	18.2251
182.74	90.0325	-71.8122	18.2203
182.76	89.3584	-71.1216	18.2367
182.78	87.827	-69.5868	18.2402
182.8	84.0732	-65.8245	18.2487
182.82	83.9326	-65.6834	18.2492
182.84	87.6369	-69.4034	18.2335
182.86	87.9901	-69.7709	18.2192
182.88	86.6281	-68.4184	18.2097
182.9	86.2715	-68.0765	18.195
182.92	88.7482	-70.5397	18.2085
182.94	90.4583	-72.2672	18.191
182.96	89.666	-71.4894	18.1766
182.98	88.6836	-70.4907	18.1929
183	87.7436	-69.557	18.1867
183.02	86.3326	-68.1332	18.1994
183.04	86.7572	-68.552	18.2052
183.06	89.1967	-70.9999	18.1969
183.08	90.0695	-71.8667	18.2028
183.1	89.819	-71.5867	18.2323
183.12	90.7233	-72.4922	18.2311
183.14	91.4623	-73.2153	18.247
183.16	90.9332	-72.6854	18.2477
183.18	89.9669	-71.7453	18.2216
183.2	90.2679	-72.0515	18.2164
183.22	92.023	-73.8186	18.2044
183.24	93.7841	-75.5693	18.2148
183.26	94.6159	-76.3952	18.2207
183.28	94.9807	-76.7537	18.2269
183.3	95.8853	-77.6588	18.2265
183.32	96.7718	-78.5582	18.2135
183.34	94.967	-76.7568	18.2102
183.36	88.087	-69.8672	18.2198
183.38	83.6304	-65.4401	18.1903
183.4	86.7893	-68.5917	18.1977
183.42	91.4649	-73.2641	18.2007
183.44	92.7739	-74.5783	18.1956
183.46	91.2168	-73.0109	18.2059
183.48	92.3774	-74.1786	18.1988
183.5	94.7093	-76.5123	18.197
183.52	94.726	-76.5175	18.2085
183.54	92.7086	-74.5046	18.204
183.56	90.4366	-72.242	18.1946
183.58	90.0703	-71.8603	18.2101
183.6	90.7864	-72.5723	18.214
183.62	90.6179	-72.3986	18.2193
183.64	89.2321	-71.0281	18.204
183.66	88.3795	-70.1741	18.2054
183.68	89.566	-71.3514	18.2146
183.7	90.722	-72.5135	18.2085
183.72	90.6415	-72.438	18.2035
183.74	89.88	-71.6652	18.2148
183.76	89.1294	-70.9136	18.2158
183.78	89.9691	-71.7419	18.2272
183.8	92.485	-74.2654	18.2196
183.82	93.7515	-75.5423	18.2092
183.84	93.6299	-75.4088	18.2211
183.86	93.1513	-74.9302	18.2211
183.88	92.3496	-74.1292	18.2204
183.9	90.6318	-72.4116	18.2201
183.92	88.3171	-70.1015	18.2157
183.94	87.2481	-69.0374	18.2107
183.96	88.6477	-70.4431	18.2046
183.98	91.4389	-73.2368	18.202
184	92.4703	-74.2782	18.1921
184.02	92.816	-74.6116	18.2045
184.04	93.9911	-75.7767	18.2144
184.06	94.6568	-76.4475	18.2093
184.08	94.7752	-76.5659	18.2093
184.1	94.2391	-76.0297	18.2095
184.12	93.0817	-74.8889	18.1928
184.14	91.1714	-72.9783	18.193
184.16	89.1617	-70.9783	18.1833
184.18	88.9247	-70.7247	18.1999
184.2	90.5668	-72.3641	18.2027
184.22	90.5885	-72.3821	18.2064
184.24	88.7717	-70.5642	18.2075
184.26	91.2609	-73.0541	18.2068
184.28	92.4301	-74.2102	18.22
184.3	93.0115	-74.801	18.2105
184.32	94.4144	-76.2142	18.2002
184.34	91.6211	-73.4142	18.2068
184.36	89.7361	-71.5257	18.2104
184.38	92.202	-73.9795	18.2225
184.4	91.9842	-73.7475	18.2367
184.42	91.752	-73.52	18.232
184.44	92.4949	-74.2576	18.2373
184.46	93.5753	-75.3284	18.2469
184.48	93.1905	-74.9274	18.2631
184.5	91.1765	-72.9175	18.259
184.52	89.6733	-71.3916	18.2816
184.54	89.6487	-71.3697	18.279
184.56	89.0378	-70.7397	18.2981
184.58	91.0627	-72.794	18.2687
184.6	93.4073	-75.1187	18.2887
184.62	92.5912	-74.3048	18.2864
184.64	92.1919	-73.9044	18.2875
184.66	93.5807	-75.29	18.2907
184.68	93.7054	-75.4272	18.2782
184.7	90.9127	-72.6478	18.2649
184.72	89.7928	-71.5428	18.25
184.74	92.2655	-74.0183	18.2472
184.76	94.369	-76.1436	18.2254
184.78	95.137	-76.9058	18.2312
184.8	94.7013	-76.4483	18.253
184.82	92.947	-74.6994	18.2476
184.84	90.4832	-72.2341	18.2491
184.86	89.3582	-71.1088	18.2494
184.88	90.0309	-71.778	18.2529
184.9	90.1712	-71.9244	18.2469
184.92	90.1828	-71.927	18.2558
184.94	93.237	-74.9798	18.2572
184.96	94.7627	-76.4894	18.2733
184.98	93.0704	-74.8013	18.2691
185	90.2078	-71.942	18.2658
185.02	89.0562	-70.7853	18.2708
185.04	89.3856	-71.1212	18.2645
185.06	89.7065	-71.4595	18.247
185.08	89.0121	-70.7632	18.2489
185.1	89.8375	-71.5828	18.2547
185.12	92.3659	-74.0968	18.269
185.14	93.4365	-75.1727	18.2637
185.16	92.5353	-74.2937	18.2415
185.18	89.8289	-71.5969	18.2321
185.2	88.2173	-69.9886	18.2287
185.22	90.1774	-71.9518	18.2256
185.24	91.9794	-73.7325	18.2469
185.26	91.7182	-73.4816	18.2366
185.28	90.0205	-71.7889	18.2315
185.3	87.85	-69.6119	18.2381
185.32	86.9897	-68.7564	18.2333
185.34	88.3711	-70.1448	18.2263
185.36	89.9798	-71.7385	18.2413
185.38	89.8279	-71.5813	18.2466
185.4	87.831	-69.5779	18.2531
185.42	85.9189	-67.659	18.26
185.44	86.2262	-67.9721	18.2541
185.46	88.5615	-70.3188	18.2427
185.48	91.8467	-73.6104	18.2364
185.5	94.3177	-76.0817	18.236
185.52	94.8678	-76.6264	18.2414
185.54	93.4056	-75.1742	18.2314
185.56	91.4904	-73.2472	18.2431
185.58	90.5137	-72.2702	18.2434
185.6	90.8403	-72.6036	18.2367
185.62	90.7263	-72.4969	18.2294
185.64	87.9274	-69.7421	18.1854
185.66	84.1229	-65.9264	18.1965
185.68	86.6116	-68.4243	18.1873
185.7	91.7754	-73.5844	18.191
185.72	94.7799	-76.583	18.1969
185.74	95.1075	-76.9209	18.1866
185.76	93.3095	-75.1165	18.193
185.78	90.8758	-72.6601	18.2157
185.8	89.4634	-71.2362	18.2273
185.82	90.5728	-72.3563	18.2165
185.84	94.3002	-76.0802	18.2201
185.86	97.8407	-79.6217	18.219
185.88	98.9717	-80.7523	18.2193
185.9	97.8514	-79.642	18.2093
185.92	95.8716	-77.662	18.2097
185.94	93.8442	-75.6357	18.2084
185.96	91.4836	-73.2729	18.2107
185.98	92.783	-74.5384	18.2446
186	98.1749	-79.9464	18.2285
186.02	100.714	-82.4841	18.2297
186.04	100.037	-81.7958	18.2416
186.06	97.6472	-79.4046	18.2426
186.08	95.2188	-76.9709	18.248
186.1	93.0089	-74.7628	18.2461
186.12	91.105	-72.8602	18.2448
186.14	93.6606	-75.4367	18.2239
186.16	95.997	-77.7631	18.2339
186.18	94.9676	-76.7074	18.2602
186.2	89.8916	-71.6223	18.2692
186.22	88.3741	-70.107	18.2671
186.24	93.3461	-75.0859	18.2601
186.26	95.1324	-76.8761	18.2562
186.28	95.1656	-76.9053	18.2602
186.3	97.1637	-78.908	18.2557
186.32	96.3991	-78.1417	18.2574
186.34	94.0355	-75.7804	18.2551
186.36	93.8715	-75.6014	18.2701
186.38	94.512	-76.2316	18.2804
186.4	94.4933	-76.207	18.2863
186.42	94.0412	-75.7659	18.2754
186.44	93.2415	-74.955	18.2865
186.46	92.6107	-74.335	18.2757
186.48	92.3109	-74.0365	18.2745
186.5	91.2193	-72.9388	18.2805
186.52	90.2583	-72.0045	18.2538
186.54	90.2967	-72.0228	18.2739
186.56	89.6059	-71.3365	18.2694
186.58	89.4006	-71.1417	18.2589
186.6	90.054	-71.7973	18.2566
186.62	88.9895	-70.7319	18.2576
186.64	87.7004	-69.4344	18.2659
186.66	89.3623	-71.0937	18.2686
186.68	90.8851	-72.6003	18.2848
186.7	91.1632	-72.8605	18.3028
186.72	91.4363	-73.1407	18.2957
186.74	89.8017	-71.5063	18.2953
186.76	85.9526	-67.6495	18.3031
186.78	83.5602	-65.2545	18.3058
186.8	85.867	-67.5697	18.2973
186.82	89.2544	-70.9367	18.3176
186.84	90.6667	-72.3538	18.3129
186.86	90.4865	-72.1785	18.308
186.88	89.6562	-71.364	18.2922
186.9	89.0825	-70.807	18.2755
186.92	88.73	-70.4548	18.2752
186.94	88.1707	-69.8681	18.3026
186.96	87.4264	-69.1341	18.2923
186.98	87.3506	-69.0469	18.3036
187	88.246	-69.9483	18.2977
187.02	89.3369	-71.0503	18.2867
187.04	90.2571	-71.9597	18.2974
187.06	90.6366	-72.3558	18.2808
187.08	90.2735	-71.987	18.2865
187.1	89.7115	-71.4246	18.2868
187.12	89.6026	-71.2994	18.3032
187.14	89.7998	-71.4592	18.3406
187.16	89.074	-70.7227	18.3514
187.18	87.2164	-68.8806	18.3358
187.2	85.8021	-67.4757	18.3264
187.22	86.6436	-68.313	18.3306
187.24	88.2968	-69.9616	18.3351
187.26	89.1383	-70.7971	18.3412
187.28	89.5564	-71.2533	18.3031
187.3	89.8513	-71.5648	18.2864
187.32	89.7787	-71.5198	18.2589
187.34	89.1995	-70.9405	18.259
187.36	88.3516	-70.092	18.2596
187.38	88.1985	-69.9551	18.2434
187.4	89.03	-70.7768	18.2532
187.42	89.4541	-71.212	18.2421
187.44	89.1745	-70.9263	18.2482
187.46	88.981	-70.7271	18.2539
187.48	89.0724	-70.8245	18.2479
187.5	88.9265	-70.6731	18.2534
187.52	88.5785	-70.3303	18.2482
187.54	88.3864	-70.1442	18.2422
187.56	87.6305	-69.3731	18.2574
187.58	85.4357	-67.1706	18.2651
187.6	85.2428	-66.966	18.2768
187.62	87.8194	-69.5453	18.2741
187.64	89.2727	-71.0037	18.2689
187.66	89.2003	-70.9471	18.2532
187.68	88.6802	-70.4261	18.2541
187.7	88.7624	-70.5086	18.2539
187.72	89.2404	-71.0085	18.2319
187.74	89.7689	-71.5374	18.2315
187.76	89.7875	-71.5342	18.2533
187.78	89.0025	-70.744	18.2584
187.8	87.1007	-68.8591	18.2416
187.82	84.4709	-66.2272	18.2437
187.84	83.8798	-65.6371	18.2427
187.86	84.5387	-66.3019	18.2368
187.88	85.3773	-67.14	18.2373
187.9	86.6143	-68.3719	18.2424
187.92	87.6464	-69.4152	18.2312
187.94	88.1169	-69.891	18.2258
187.96	88.1283	-69.897	18.2313
187.98	87.8658	-69.6342	18.2316
188	87.751	-69.5197	18.2313
188.02	87.386	-69.1663	18.2197
188.04	86.3079	-68.082	18.2259
188.06	85.4134	-67.1769	18.2365
188.08	84.6282	-66.3858	18.2424
188.1	84.4743	-66.2367	18.2376
188.12	85.604	-67.3676	18.2364
188.14	86.5534	-68.3167	18.2367
188.16	87.3554	-69.1181	18.2372
188.18	88.3345	-70.0978	18.2366
188.2	88.8061	-70.5745	18.2315
188.22	89.1194	-70.8829	18.2365
188.24	89.0388	-70.7743	18.2645
188.26	89.7155	-71.4561	18.2593
188.28	91.2164	-72.965	18.2514
188.3	90.6141	-72.367	18.2471
188.32	89.1271	-70.9124	18.2148
188.34	87.6232	-69.4149	18.2083
188.36	86.3734	-68.156	18.2174
188.38	88.7963	-70.5824	18.2138
188.4	90.8857	-72.6617	18.224
188.42	90.2169	-72.0039	18.213
188.44	86.8746	-68.6608	18.2138
188.46	83.8726	-65.6601	18.2125
188.48	85.3748	-67.1679	18.207
188.5	85.9503	-67.73	18.2204
188.52	86.9965	-68.7712	18.2252
188.54	87.8847	-69.6562	18.2285
188.56	86.2061	-67.9693	18.2368
188.58	85.5782	-67.3292	18.249
188.6	87.7592	-69.5285	18.2307
188.62	90.0269	-71.7969	18.23
188.64	90.6844	-72.4378	18.2466
188.66	89.6768	-71.4131	18.2637
188.68	87.9344	-69.6643	18.2702
188.7	86.9081	-68.6269	18.2812
188.72	87.0393	-68.7579	18.2814
188.74	88.4521	-70.1766	18.2755
188.76	90.2529	-71.9951	18.2578
188.78	90.3919	-72.1619	18.23
188.8	88.0914	-69.8835	18.2078
188.82	83.6643	-65.4548	18.2095
188.84	80.1889	-61.9722	18.2167
188.86	80.4247	-62.2092	18.2155
188.88	83.1674	-64.9529	18.2145
188.9	86.0901	-67.8715	18.2186
188.92	86.8932	-68.6682	18.2251
188.94	86.2935	-68.0671	18.2263
188.96	85.806	-67.5745	18.2315
188.98	85.1129	-66.8715	18.2414
189	83.2626	-65.0155	18.2472
189.02	80.797	-62.5616	18.2354
189.04	78.029	-59.7912	18.2378
189.06	78.4444	-60.2011	18.2433
189.08	81.9133	-63.6785	18.2348
189.1	83.9401	-65.6994	18.2408
189.12	84.493	-66.2502	18.2428
189.14	85.5865	-67.3668	18.2197
189.16	85.8778	-67.675	18.2029
189.18	84.6229	-66.4351	18.1879
189.2	83.7639	-65.5806	18.1832
189.22	84.2813	-66.0944	18.1869
189.24	84.0949	-65.9191	18.1758
189.26	82.7521	-64.5586	18.1934
189.28	81.8543	-63.6488	18.2054
189.3	82.7939	-64.578	18.216
189.32	84.9082	-66.6715	18.2367
189.34	86.4757	-68.2283	18.2474
189.36	86.7824	-68.5512	18.2312
189.38	86.057	-67.8254	18.2316
189.4	84.9397	-66.6967	18.243
189.42	84.2266	-65.9671	18.2596
189.44	84.2012	-65.9259	18.2753
189.46	84.0026	-65.7335	18.269
189.48	82.6431	-64.3853	18.2578
189.5	80.3233	-62.0635	18.2598
189.52	79.9875	-61.7106	18.2769
189.54	82.3744	-64.0999	18.2745
189.56	84.4293	-66.1272	18.3021
189.58	85.5604	-67.2902	18.2702
189.6	86.7322	-68.4507	18.2815
189.62	88.1501	-69.8798	18.2702
189.64	89.1532	-70.8775	18.2757
189.66	89.5203	-71.239	18.2813
189.68	89.3685	-71.0818	18.2867
189.7	88.6569	-70.3704	18.2866
189.72	87.3375	-69.0616	18.2758
189.74	85.9615	-67.6797	18.2819
189.76	85.426	-67.1551	18.2709
189.78	85.8724	-67.613	18.2594
189.8	86.5406	-68.2816	18.259
189.82	86.7467	-68.5041	18.2426
189.84	86.4431	-68.2004	18.2427
189.86	85.8371	-67.6218	18.2154
189.88	85.2304	-67.0256	18.2049
189.9	85.2367	-67.0485	18.1881
189.92	85.4839	-67.2853	18.1986
189.94	85.3876	-67.1773	18.2104
189.96	85.833	-67.6278	18.2053
189.98	87.2388	-69.0507	18.1882
190	88.6424	-70.4439	18.1986
190.02	89.0892	-70.8964	18.1929
190.04	88.2134	-70.0148	18.1986
190.06	86.4993	-68.2999	18.1994
190.08	85.2484	-67.0487	18.1998
190.1	85.2758	-67.0598	18.216
190.12	86.4814	-68.2656	18.2158
190.14	88.2562	-70.0361	18.2201
190.16	88.9551	-70.7363	18.2188
190.18	86.8715	-68.6584	18.2131
190.2	82.7459	-64.5299	18.216
190.22	80.6883	-62.4672	18.2211
190.24	81.5085	-63.3147	18.1938
190.26	84.5288	-66.3312	18.1977
190.28	87.2537	-69.0619	18.1919
190.3	88.2678	-70.0759	18.1919
190.32	87.4572	-69.2701	18.187
190.34	86.0603	-67.8769	18.1834
190.36	86.6623	-68.4738	18.1885
190.38	88.732	-70.5288	18.2032
190.4	89.7023	-71.4879	18.2144
190.42	89.3837	-71.1682	18.2154
190.44	89.0493	-70.8336	18.2157
190.46	89.1353	-70.9367	18.1986
190.48	88.9956	-70.7803	18.2153
190.5	88.9771	-70.7615	18.2156
190.52	89.5329	-71.334	18.199
190.54	90.4282	-72.2021	18.2261
190.56	91.169	-72.949	18.22
190.58	91.0142	-72.7997	18.2145
190.6	89.9698	-71.761	18.2088
190.62	88.1221	-69.9237	18.1984
190.64	86.7536	-68.5595	18.1941
190.66	87.4815	-69.2827	18.1988
190.68	89.3999	-71.2019	18.198
190.7	90.9808	-72.7776	18.2032
190.72	91.4378	-73.2453	18.1925
190.74	91.2755	-73.0764	18.1991
190.76	91.6002	-73.4137	18.1865
190.78	90.7898	-72.603	18.1868
190.8	89.3009	-71.112	18.1889
190.82	89.6583	-71.4762	18.1822
190.84	90.4182	-72.2323	18.1859
190.86	89.5862	-71.3987	18.1875
190.88	88.6292	-70.4314	18.1977
190.9	87.3919	-69.1928	18.1991
190.92	87.1157	-68.9222	18.1935
190.94	87.4984	-69.3063	18.1922
190.96	87.3144	-69.131	18.1834
190.98	88.8305	-70.6589	18.1716
191	91.0617	-72.8802	18.1815
191.02	91.9882	-73.8064	18.1819
191.04	91.6158	-73.4342	18.1816
191.06	89.8649	-71.7102	18.1547
191.08	87.7729	-69.6166	18.1563
191.1	87.6331	-69.4711	18.162
191.12	89.8606	-71.6888	18.1718
191.14	92.6852	-74.5086	18.1766
191.16	94.6699	-76.4826	18.1873
191.18	95.0937	-76.9017	18.192
191.2	93.0191	-74.8386	18.1805
191.22	88.8058	-70.6164	18.1894
191.24	87.3516	-69.1616	18.19
191.26	89.8407	-71.6365	18.2041
191.28	92.7663	-74.5525	18.2139
191.3	94.0993	-75.8909	18.2084
191.32	93.8834	-75.6528	18.2307
191.34	92.8792	-74.6376	18.2416
191.36	91.2888	-73.0536	18.2352
191.38	88.488	-70.2633	18.2248
191.4	85.2571	-67.0258	18.2314
191.42	83.7075	-65.4539	18.2536
191.44	83.9065	-65.6715	18.2351
191.46	84.1265	-65.8838	18.2427
191.48	86.4132	-68.1758	18.2374
191.5	90.6485	-72.4239	18.2247
191.52	93.4914	-75.2615	18.2299
191.54	93.2907	-75.0757	18.2151
191.56	91.5763	-73.355	18.2213
191.58	89.4727	-71.2457	18.227
191.6	87.6164	-69.4	18.2164
191.62	86.5778	-68.3287	18.2491
191.64	86.4097	-68.1441	18.2657
191.66	87.2179	-68.9583	18.2596
191.68	88.2899	-70.0362	18.2537
191.7	89.0088	-70.7548	18.254
191.72	89.461	-71.191	18.27
191.74	89.1233	-70.8484	18.2749
191.76	87.5167	-69.2248	18.2919
191.78	85.9653	-67.6721	18.2931
191.8	86.307	-68.021	18.2861
191.82	86.9076	-68.6392	18.2684
191.84	85.9798	-67.7111	18.2686
191.86	83.9914	-65.7425	18.2489
191.88	83.9613	-65.7113	18.2501
191.9	86.7867	-68.5336	18.2531
191.92	89.1818	-70.9503	18.2314
191.94	90.5336	-72.3012	18.2324
191.96	91.7451	-73.5072	18.2379
191.98	92.7587	-74.5051	18.2536
192	92.3551	-74.0979	18.2572
192.02	88.4311	-70.1702	18.2609
192.04	81.1283	-62.8553	18.273
192.06	79.4672	-61.2007	18.2665
192.08	83.0433	-64.7756	18.2678
192.1	84.9651	-66.7086	18.2566
192.12	84.0857	-65.8371	18.2486
192.14	84.161	-65.9011	18.2599
192.16	85.5747	-67.3275	18.2472
192.18	85.605	-67.3512	18.2538
192.2	85.1521	-66.9025	18.2496
192.22	85.6885	-67.4666	18.2219
192.24	86.7279	-68.5017	18.2262
192.26	86.7131	-68.4876	18.2255
192.28	84.8928	-66.6683	18.2245
192.3	81.3828	-63.1384	18.2444
192.32	82.7037	-64.4659	18.2378
192.34	87.1392	-68.9063	18.233
192.36	86.6103	-68.3639	18.2463
192.38	83.5689	-65.3302	18.2387
192.4	83.2878	-65.0589	18.2289
192.42	86.9515	-68.721	18.2305
192.44	89.5276	-71.2964	18.2311
192.46	90.3645	-72.1327	18.2318
192.48	90.1406	-71.9087	18.2318
192.5	88.9269	-70.6787	18.2482
192.52	86.9239	-68.6589	18.265
192.54	84.9903	-66.7354	18.2549
192.56	84.6512	-66.3905	18.2608
192.58	86.4695	-68.2043	18.2652
192.6	89.0312	-70.7832	18.248
192.62	91.0709	-72.8229	18.248
192.64	92.1704	-73.9226	18.2478
192.66	92.1229	-73.8747	18.2482
192.68	91.6086	-73.3484	18.2602
192.7	92.0344	-73.7689	18.2655
192.72	93.1909	-74.9103	18.2805
192.74	93.2852	-75.0054	18.2798
192.76	91.4737	-73.193	18.2807
192.78	89.419	-71.131	18.2879
192.8	89.5943	-71.3019	18.2923
192.82	90.7915	-72.49	18.3015
192.84	90.8639	-72.5667	18.2972
192.86	91.075	-72.7774	18.2975
192.88	91.9703	-73.6796	18.2907
192.9	91.9045	-73.6314	18.2731
192.92	89.9833	-71.7145	18.2688
192.94	88.3952	-70.1203	18.2749
192.96	88.6045	-70.3463	18.2583
192.98	90.3298	-72.0879	18.242
193	92.8694	-74.6011	18.2684
193.02	94.0968	-75.8282	18.2686
193.04	93.7591	-75.4723	18.2868
193.06	93.5963	-75.3094	18.2869
193.08	93.5762	-75.2734	18.3028
193.1	92.8305	-74.539	18.2915
193.12	90.8692	-72.5777	18.2915
193.14	88.0125	-69.7307	18.2818
193.16	86.2901	-68.0072	18.2828
193.18	87.1584	-68.8875	18.2709
193.2	89.2123	-70.9375	18.2748
193.22	90.0033	-71.7239	18.2794
193.24	88.2431	-69.9463	18.2968
193.26	85.6816	-67.3712	18.3104
193.28	85.4867	-67.1837	18.3031
193.3	85.8137	-67.5166	18.2971
193.32	85.3669	-67.0803	18.2866
193.34	84.4967	-66.1884	18.3084
193.36	83.0881	-64.7849	18.3032
193.38	81.8952	-63.5853	18.3098
193.4	82.1902	-63.8652	18.325
193.42	82.5723	-64.253	18.3192
193.44	82.3572	-64.0424	18.3148
193.46	82.7245	-64.4151	18.3095
193.48	83.6742	-65.3655	18.3086
193.5	83.9636	-65.6603	18.3033
193.52	83.4813	-65.1776	18.3037
193.54	82.7297	-64.4093	18.3205
193.56	82.1716	-63.8401	18.3314
193.58	81.8533	-63.5278	18.3255
193.6	81.2222	-62.9082	18.314
193.62	79.8959	-61.5816	18.3143
193.64	78.5045	-60.2062	18.2982
193.66	78.0136	-59.7095	18.3041
193.68	78.8979	-60.5783	18.3195
193.7	79.9012	-61.5767	18.3245
193.72	80.1968	-61.8664	18.3304
193.74	80.4109	-62.1017	18.3091
193.76	81.1438	-62.8137	18.3301
193.78	81.1752	-62.8623	18.3129
193.8	79.8351	-61.5312	18.3039
193.82	79.4558	-61.1519	18.304
193.84	80.2104	-61.9186	18.2918
193.86	80.3657	-62.0899	18.2757
193.88	80.0369	-61.766	18.271
193.9	80.0183	-61.7527	18.2656
193.92	80.4505	-62.1962	18.2543
193.94	80.8519	-62.5978	18.2541
193.96	80.9391	-62.6904	18.2487
193.98	80.8469	-62.5764	18.2704
194	80.428	-62.1634	18.2646
194.02	79.6382	-61.3562	18.282
194.04	79.7864	-61.4938	18.2927
194.06	80.6678	-62.3811	18.2866
194.08	81.4398	-63.1584	18.2814
194.1	82.1888	-63.9074	18.2813
194.12	82.8387	-64.5518	18.2869
194.14	83.4228	-65.136	18.2867
194.16	83.7103	-65.4242	18.2862
194.18	82.9868	-64.7008	18.286
194.2	81.5238	-63.2255	18.2983
194.22	81.2991	-63.0281	18.2711
194.24	82.6138	-64.3498	18.264
194.26	83.4138	-65.1396	18.2742
194.28	82.4765	-64.2133	18.2632
194.3	80.2127	-61.9589	18.2538
194.32	79.2265	-60.9768	18.2497
194.34	81.5296	-63.2809	18.2487
194.36	85.2665	-67.0089	18.2577
194.38	87.066	-68.7813	18.2848
194.4	85.8521	-67.5783	18.2738
194.42	81.9721	-63.7023	18.2698
194.44	78.7612	-60.4823	18.2789
194.46	80.6275	-62.3575	18.27
194.48	83.6933	-65.4249	18.2685
194.5	84.6344	-66.36	18.2745
194.52	83.6449	-65.3649	18.28
194.54	81.2723	-62.9862	18.2862
194.56	79.5008	-61.2016	18.2992
194.58	80.5998	-62.3039	18.296
194.6	80.8869	-62.5807	18.3062
194.62	78.9618	-60.6418	18.32
194.64	78.8896	-60.5571	18.3325
194.66	82.143	-63.7972	18.3458
194.68	84.4523	-66.1115	18.3407
194.7	85.1086	-66.8056	18.3031
194.72	84.775	-66.4719	18.3031
194.74	83.578	-65.2644	18.3136
194.76	81.1392	-62.8091	18.3301
194.78	78.3163	-59.996	18.3203
194.8	76.7328	-58.3914	18.3413
194.82	76.1938	-57.8402	18.3536
194.84	77.7832	-59.436	18.3472
194.86	80.0918	-61.7513	18.3405
194.88	80.995	-62.6431	18.3518
194.9	80.7184	-62.376	18.3424
194.92	81.0568	-62.7254	18.3314
194.94	81.8976	-63.5559	18.3417
194.96	82.2036	-63.8672	18.3364
194.98	81.951	-63.62	18.331
195	81.3075	-62.9877	18.3198
195.02	80.1875	-61.8405	18.347
195.04	78.6761	-60.3236	18.3525
195.06	77.1726	-58.8146	18.358
195.08	76.5199	-58.172	18.3478
195.1	77.5907	-59.2606	18.3301
195.12	78.7893	-60.4646	18.3247
195.14	79.5082	-61.189	18.3192
195.16	79.5936	-61.2848	18.3088
195.18	79.5293	-61.2088	18.3204
195.2	79.9965	-61.6815	18.315
195.22	80.9915	-62.6986	18.2929
195.24	82.0633	-63.7819	18.2814
195.26	82.3732	-64.1199	18.2533
195.28	81.0275	-62.7804	18.2471
195.3	77.7733	-59.5251	18.2482
195.32	75.1279	-56.8603	18.2676
195.34	76.9005	-58.6353	18.2652
195.36	80.1549	-61.8915	18.2634
195.38	81.5984	-63.3232	18.2751
195.4	81.5409	-63.2654	18.2755
195.42	80.4814	-62.1837	18.2977
195.44	79.144	-60.8618	18.2822
195.46	79.1907	-60.9134	18.2772
195.48	81.0346	-62.7431	18.2916
195.5	81.9482	-63.6574	18.2908
195.52	80.6546	-62.3795	18.2751
195.54	78.4212	-60.1336	18.2876
195.56	78.1191	-59.8464	18.2727
195.58	81.3757	-63.117	18.2587
195.6	84.4009	-66.1539	18.2471
195.62	85.2995	-67.057	18.2424
195.64	84.7885	-66.5237	18.2648
195.66	83.6484	-65.361	18.2874
195.68	82.8669	-64.5628	18.3042
195.7	82.8534	-64.5667	18.2867
195.72	82.3611	-64.0753	18.2858
195.74	80.4725	-62.1751	18.2974
195.76	78.5363	-60.2268	18.3095
195.78	78.6133	-60.2985	18.3148
195.8	80.4076	-62.0942	18.3134
195.82	81.8645	-63.5557	18.3088
195.84	83.3824	-65.0729	18.3095
195.86	85.4355	-67.1266	18.3089
195.88	86.9294	-68.6269	18.3025
195.9	86.5555	-68.2536	18.3018
195.92	84.045	-65.7356	18.3093
195.94	82.1696	-63.8666	18.303
195.96	80.3197	-62.013	18.3068
195.98	78.8757	-60.5629	18.3128
196	83.2031	-64.8972	18.306
196.02	85.9662	-67.6646	18.3016
196.04	85.9717	-67.6862	18.2854
196.06	83.6351	-65.3388	18.2963
196.08	79.8872	-61.6039	18.2833
196.1	79.7283	-61.455	18.2732
196.12	83.9749	-65.706	18.2689
196.14	87.0076	-68.7503	18.2573
196.16	86.9259	-68.6691	18.2568
196.18	84.1209	-65.8608	18.2601
196.2	83.206	-64.9296	18.2764
196.22	84.809	-66.5401	18.269
196.24	85.7197	-67.4679	18.2518
196.26	85.0919	-66.8268	18.2652
196.28	85.4679	-67.1934	18.2745
196.3	84.9889	-66.7062	18.2827
196.32	81.5728	-63.283	18.2898
196.34	84.058	-65.7553	18.3027
196.36	88.9959	-70.707	18.2888
196.38	89.7741	-71.4775	18.2966
196.4	88.2145	-69.9113	18.3032
196.42	86.1438	-67.8561	18.2877
196.44	84.9782	-66.6906	18.2877
196.46	84.9745	-66.7037	18.2709
196.48	85.7239	-67.4584	18.2655
196.5	86.871	-68.6116	18.2594
196.52	87.497	-69.2208	18.2762
196.54	87.7847	-69.5133	18.2714
196.56	88.2931	-70.022	18.271
196.58	88.588	-70.3066	18.2814
196.6	88.0418	-69.749	18.2928
196.62	87.3497	-69.045	18.3047
196.64	87.7527	-69.4485	18.3041
196.66	88.5986	-70.2839	18.3147
196.68	89.2405	-70.9199	18.3206
196.7	90.0059	-71.6743	18.3315
196.72	90.7899	-72.4757	18.3142
196.74	90.507	-72.177	18.33
196.76	88.7232	-70.3867	18.3366
196.78	87.159	-68.8276	18.3314
196.8	86.7242	-68.4041	18.3201
196.82	86.9292	-68.6042	18.325
196.84	86.8023	-68.4883	18.314
196.86	86.233	-67.9287	18.3043
196.88	86.6525	-68.3534	18.2991
196.9	88.3377	-70.0233	18.3145
196.92	89.739	-71.4362	18.3028
196.94	89.7248	-71.4166	18.3083
196.96	88.2639	-69.9605	18.3035
196.98	86.5256	-68.2265	18.2991
197	86.0462	-67.7416	18.3046
197.02	86.8886	-68.5907	18.2979
197.04	87.4482	-69.1621	18.2861
197.06	86.4691	-68.1827	18.2865
197.08	84.9159	-66.6328	18.2831
197.1	85.5055	-67.2181	18.2875
197.12	87.0322	-68.7573	18.2749
197.14	87.1089	-68.8281	18.2808
197.16	85.9791	-67.6919	18.2872
197.18	84.8542	-66.5502	18.3039
197.2	84.4399	-66.1517	18.2882
197.22	85.6348	-67.3301	18.3046
197.24	88.1824	-69.8898	18.2926
197.26	90.4185	-72.1208	18.2977
197.28	91.314	-73.0274	18.2866
197.3	90.533	-72.2246	18.3084
197.32	87.9739	-69.6817	18.2922
197.34	84.6995	-66.4056	18.2939
197.36	83.1843	-64.8907	18.2936
197.38	83.4431	-65.1666	18.2765
197.4	84.4898	-66.2135	18.2763
197.42	85.726	-67.4608	18.2652
197.44	86.8522	-68.6029	18.2493
197.46	88.197	-69.9535	18.2436
197.48	89.2272	-70.9948	18.2325
197.5	89.4507	-71.229	18.2217
197.52	88.9595	-70.7269	18.2326
197.54	87.7087	-69.4873	18.2214
197.56	85.7004	-67.4733	18.2272
197.58	83.6761	-65.4431	18.2331
197.6	82.5188	-64.2855	18.2332
197.62	82.7177	-64.4955	18.2222
197.64	84.0925	-65.8931	18.1994
197.66	85.4105	-67.2166	18.194
197.68	86.3343	-68.1347	18.1996
197.7	86.8812	-68.6924	18.1888
197.72	87.141	-68.9628	18.1782
197.74	87.4507	-69.2729	18.1778
197.76	87.2178	-69.0299	18.1879
197.78	85.9984	-67.8197	18.1787
197.8	86.2694	-68.0851	18.1844
197.82	88.3076	-70.1248	18.1828
197.84	89.7652	-71.5936	18.1716
197.86	89.9994	-71.822	18.1774
197.88	89.3564	-71.1788	18.1776
197.9	88.3017	-70.1457	18.1559
197.92	87.3414	-69.202	18.1394
197.94	86.7178	-68.5676	18.1502
197.96	86.6073	-68.442	18.1652
197.98	85.7857	-67.6199	18.1658
198	86.111	-67.9372	18.1738
198.02	89.6859	-71.5104	18.1754
198.04	91.716	-73.5398	18.1762
198.06	91.8353	-73.6581	18.1773
198.08	91.4037	-73.2423	18.1614
198.1	91.1022	-72.9359	18.1664
198.12	90.609	-72.447	18.162
198.14	91.4976	-73.3296	18.1679
198.16	94.2405	-76.0747	18.1658
198.18	96.194	-78.0178	18.1761
198.2	96.2454	-78.0632	18.1822
198.22	95.3517	-77.1687	18.183
198.24	95.337	-77.1476	18.1894
198.26	97.1454	-78.9532	18.1922
198.28	97.7563	-79.5476	18.2087
198.3	96.9848	-78.7686	18.2161
198.32	97.0997	-78.8894	18.2103
198.34	97.4793	-79.2754	18.2039
198.36	96.7263	-78.5109	18.2154
198.38	95.3799	-77.1695	18.2104
198.4	94.1563	-75.9461	18.2101
198.42	92.9098	-74.727	18.1828
198.44	91.5999	-73.4227	18.1772
198.46	90.2116	-72.0393	18.1724
198.48	89.7925	-71.5915	18.201
198.5	91.395	-73.2013	18.1937
198.52	92.5679	-74.3856	18.1823
198.54	92.1608	-73.9831	18.1777
198.56	91.0908	-72.8959	18.1949
198.58	90.2657	-72.0762	18.1896
198.6	89.8987	-71.7038	18.1949
198.62	89.629	-71.4289	18.2001
198.64	89.0696	-70.8641	18.2055
198.66	88.1549	-69.9659	18.189
198.68	86.7461	-68.5523	18.1938
198.7	84.2465	-66.0584	18.1881
198.72	80.9627	-62.7783	18.1843
198.74	79.3622	-61.1886	18.1735
198.76	79.939	-61.7556	18.1834
198.78	81.2707	-63.0875	18.1831
198.8	82.4283	-64.2457	18.1826
198.82	82.5585	-64.3699	18.1886
198.84	82.3328	-64.1543	18.1785
198.86	82.8153	-64.6313	18.1839
198.88	83.8566	-65.6679	18.1887
198.9	84.531	-66.3478	18.1832
198.92	84.8028	-66.6303	18.1725
198.94	84.9256	-66.7483	18.1773
198.96	84.079	-65.903	18.1761
198.98	81.1866	-62.9876	18.199
199	78.6039	-60.4069	18.197
199.02	80.4771	-62.3152	18.1619
199.04	84.1547	-65.9891	18.1657
199.06	86.4749	-68.3142	18.1606
199.08	87.3049	-69.122	18.1829
199.1	86.9129	-68.7142	18.1988
199.12	84.884	-66.6799	18.2041
199.14	81.7227	-63.5276	18.1951
199.16	80.7091	-62.4799	18.2292
199.18	83.5036	-65.277	18.2266
199.2	86.6854	-68.4545	18.2309
199.22	88.0513	-69.8193	18.232
199.24	88.5323	-70.3112	18.2211
199.26	88.1735	-69.9265	18.247
199.28	85.2842	-67.0498	18.2344
199.3	79.521	-61.2809	18.2401
199.32	79.533	-61.2658	18.2672
199.34	85.1441	-66.8763	18.2678
199.36	88.0963	-69.8279	18.2684
199.38	87.7282	-69.4748	18.2534
199.4	85.9139	-67.6771	18.2368
199.42	83.3422	-65.0942	18.2481
199.44	81.3778	-63.1298	18.248
199.46	80.4627	-62.2098	18.253
199.48	80.4038	-62.1505	18.2533
199.5	81.7995	-63.5621	18.2374
199.52	84.1545	-65.9237	18.2308
199.54	85.5823	-67.3451	18.2371
199.56	85.9401	-67.7023	18.2377
199.58	85.7362	-67.4926	18.2436
199.6	85.5763	-67.3373	18.239
199.62	86.3977	-68.1651	18.2326
199.64	87.0489	-68.8171	18.2318
199.66	86.3066	-68.0746	18.232
199.68	84.7072	-66.4793	18.2279
199.7	84.0584	-65.8088	18.2496
199.72	84.4114	-66.1513	18.26
199.74	84.8424	-66.5996	18.2428
199.76	84.3161	-66.0848	18.2312
199.78	82.421	-64.1888	18.2323
199.8	80.7801	-62.5476	18.2325
199.82	80.3584	-62.1311	18.2273
199.84	81.6043	-63.3879	18.2164
199.86	84.2339	-66.0243	18.2096
199.88	86.0534	-67.8446	18.2088
199.9	85.4893	-67.2908	18.1985
199.92	83.5151	-65.3088	18.2063
199.94	83.2425	-65.0355	18.207
199.96	85.5269	-67.3382	18.1886
199.98	87.7424	-69.5435	18.199
200	88.5084	-70.2982	18.2101
200.02	87.8091	-69.5939	18.2152
200.04	85.39	-67.1911	18.1988
200.06	82.1643	-63.9527	18.2115
200.08	81.2803	-63.0674	18.2129
200.1	84.2234	-65.9918	18.2316
200.12	86.8777	-68.6302	18.2475
200.14	87.4053	-69.1621	18.2432
200.16	86.8796	-68.6468	18.2328
200.18	86.1349	-67.8911	18.2438
200.2	85.495	-67.2564	18.2386
200.22	85.4231	-67.1788	18.2443
200.24	86.2954	-68.0353	18.2601
200.26	87.2438	-68.9851	18.2587
200.28	86.6083	-68.3545	18.2539
200.3	85.362	-67.0957	18.2663
200.32	85.4463	-67.1863	18.26
200.34	86.1389	-67.8848	18.2542
200.36	86.7065	-68.452	18.2545
200.38	87.4412	-69.192	18.2491
200.4	88.2788	-70.0579	18.2209
200.42	88.1539	-69.9223	18.2316
200.44	86.8168	-68.5899	18.2269
200.46	85.4789	-67.2458	18.2331
200.48	85.305	-67.0449	18.2601
200.5	85.9944	-67.7355	18.2589
200.52	85.8431	-67.585	18.2581
200.54	84.2251	-65.9592	18.2659
200.56	83.9164	-65.6668	18.2496
200.58	85.2461	-67.0034	18.2427
200.6	86.233	-67.9903	18.2428
200.62	86.7139	-68.4643	18.2496
200.64	87.9335	-69.6738	18.2596
200.66	88.6887	-70.4249	18.2638
200.68	87.5035	-69.2493	18.2543
200.7	86.3728	-68.1284	18.2444
200.72	86.6824	-68.4564	18.226
200.74	86.2985	-68.0775	18.2211
200.76	85.4466	-67.2194	18.2272
200.78	85.0088	-66.7761	18.2326
200.8	84.9954	-66.7575	18.238
200.82	85.0149	-66.7833	18.2316
200.84	83.8454	-65.5921	18.2532
200.86	81.5432	-63.2933	18.2499
200.88	80.8051	-62.5499	18.2552
200.9	81.5394	-63.2855	18.2539
200.92	81.9246	-63.6811	18.2435
200.94	82.2956	-64.0568	18.2387
200.96	83.3738	-65.1351	18.2387
200.98	84.8426	-66.6155	18.2271
201	85.6136	-67.3758	18.2378
201.02	85.0862	-66.8869	18.1993
201.04	83.0302	-64.8363	18.1938
201.06	80.0907	-61.9006	18.1901
201.08	78.8941	-60.6922	18.2019
201.1	80.7265	-62.5041	18.2224
201.12	83.605	-65.3728	18.2322
201.14	85.4981	-67.2604	18.2377
201.16	85.9594	-67.7327	18.2267
201.18	85.0064	-66.7803	18.2261
201.2	82.2643	-64.0333	18.2311
201.22	79.0452	-60.8043	18.2409
201.24	80.911	-62.6725	18.2385
201.26	85.3065	-67.083	18.2236
201.28	85.8005	-67.5834	18.2171
201.3	83.3488	-65.1293	18.2195
201.32	85.6126	-67.4111	18.2015
201.34	85.9586	-67.738	18.2205
201.36	84.8622	-66.624	18.2383
201.38	84.1471	-65.8978	18.2494
201.4	83.9639	-65.726	18.238
201.42	83.8535	-65.6098	18.2438
201.44	84.2215	-65.9662	18.2553
201.46	85.5608	-67.3063	18.2545
201.48	86.7928	-68.5277	18.2651
201.5	87.0832	-68.8125	18.2707
201.52	86.4631	-68.1978	18.2654
201.54	85.2807	-67.0313	18.2494
201.56	84.3154	-66.0222	18.2932
201.58	83.6232	-65.3366	18.2867
201.6	82.3362	-64.0491	18.2871
201.62	81.2145	-62.9375	18.277
201.64	81.4752	-63.1992	18.276
201.66	81.8709	-63.6115	18.2594
201.68	81.9888	-63.7225	18.2663
201.7	83.0913	-64.8202	18.2711
201.72	84.2135	-65.9425	18.271
201.74	84.6751	-66.3928	18.2822
201.76	84.5871	-66.2993	18.2878
201.78	84.1277	-65.8287	18.299
201.8	83.6761	-65.3988	18.2773
201.82	83.5148	-65.238	18.2768
201.84	83.3552	-65.0566	18.2985
201.86	82.969	-64.671	18.298
201.88	82.2094	-63.9106	18.2989
201.9	82.5793	-64.2963	18.2831
201.92	84.6791	-66.4042	18.2749
201.94	85.2327	-66.9536	18.2791
201.96	82.6359	-64.35	18.2859
201.98	79.565	-61.26	18.305
202	79.8727	-61.5794	18.2934
202.02	82.6974	-64.4056	18.2918
202.04	84.9328	-66.6412	18.2916
202.06	85.3591	-67.0615	18.2976
202.08	84.1664	-65.8736	18.2928
202.1	82.1621	-63.8687	18.2933
202.12	80.1972	-61.9146	18.2826
202.14	78.8386	-60.561	18.2776
202.16	78.7456	-60.4681	18.2775
202.18	79.6947	-61.4126	18.282
202.2	80.2759	-61.9887	18.2872
202.22	79.8359	-61.5538	18.2821
202.24	78.7966	-60.5196	18.2771
202.26	77.7794	-59.5023	18.2772
202.28	77.0452	-58.757	18.2882
202.3	76.7554	-58.467	18.2884
202.32	77.1254	-58.8263	18.2991
202.34	77.7901	-59.5024	18.2877
202.36	78.0681	-59.7751	18.2929
202.38	77.638	-59.3449	18.2931
202.4	76.8025	-58.5143	18.2882
202.42	76.4032	-58.1202	18.283
202.44	76.7864	-58.5146	18.2717
202.46	77.5707	-59.3155	18.2552
202.48	78.4929	-60.2323	18.2606
202.5	79.3934	-61.122	18.2714
202.52	79.9976	-61.7483	18.2492
202.54	79.9644	-61.6934	18.271
202.56	79.2386	-60.9726	18.266
202.58	78.6794	-60.4069	18.2724
202.6	79.5446	-61.2561	18.2885
202.62	81.2712	-62.9896	18.2815
202.64	81.9086	-63.6118	18.2968
202.66	80.1398	-61.8536	18.2861
202.68	77.4072	-59.1175	18.2896
202.7	78.1643	-59.8875	18.2768
202.72	80.4366	-62.1507	18.2859
202.74	81.1157	-62.8343	18.2814
202.76	80.845	-62.5577	18.2873
202.78	80.3301	-62.042	18.288
202.8	80.6053	-62.3114	18.294
202.82	82.08	-63.7924	18.2876
202.84	83.5332	-65.2406	18.2927
202.86	84.061	-65.7848	18.2762
202.88	83.4991	-65.2281	18.271
202.9	82.3836	-64.1171	18.2664
202.92	81.838	-63.5556	18.2824
202.94	81.4604	-63.1787	18.2816
202.96	80.382	-62.0893	18.2928
202.98	78.8352	-60.5367	18.2985
203	77.3687	-59.1029	18.2658
203.02	76.5098	-58.2655	18.2442
203.04	76.7585	-58.5366	18.2219
203.06	77.7786	-59.5508	18.2278
203.08	79.6766	-61.4547	18.2219
203.1	81.6926	-63.4717	18.2209
203.12	82.1039	-63.8785	18.2255
203.14	79.8846	-61.6637	18.2208
203.16	77.2578	-59.0393	18.2186
203.18	77.9281	-59.7013	18.2268
203.2	79.0523	-60.815	18.2372
203.22	79.0421	-60.8043	18.2378
203.24	78.4875	-60.2604	18.2271
203.26	77.9998	-59.7555	18.2443
203.28	78.5591	-60.326	18.2332
203.3	79.8402	-61.6302	18.21
203.32	80.1568	-61.9685	18.1884
203.34	79.5342	-61.3507	18.1835
203.36	78.6469	-60.4475	18.1994
203.38	77.1769	-58.9718	18.2051
203.4	75.8074	-57.5954	18.212
203.42	76.2484	-58.026	18.2225
203.44	77.8637	-59.6531	18.2107
203.46	79.2233	-61.0181	18.2051
203.48	79.8899	-61.6845	18.2054
203.5	80.1604	-61.9602	18.2003
203.52	80.5604	-62.3765	18.184
203.54	81.289	-63.0944	18.1946
203.56	81.9901	-63.8011	18.189
203.58	82.2823	-64.121	18.1613
203.6	81.9068	-63.751	18.1557
203.62	80.9088	-62.7532	18.1556
203.64	79.3578	-61.1915	18.1663
203.66	77.5033	-59.3199	18.1834
203.68	76.8349	-58.6284	18.2065
203.7	78.65	-60.4346	18.2154
203.72	80.4834	-62.28	18.2035
203.74	80.7535	-62.5323	18.2212
203.76	80.8274	-62.6008	18.2266
203.78	80.6067	-62.3814	18.2252
203.8	78.6796	-60.4536	18.226
203.82	76.5996	-58.3656	18.234
203.84	77.6234	-59.3797	18.2436
203.86	80.2952	-62.0528	18.2424
203.88	82.3748	-64.1261	18.2487
203.9	84.0464	-65.765	18.2815
203.92	84.838	-66.5621	18.2759
203.94	84.4316	-66.1714	18.2603
203.96	83.686	-65.4201	18.2659
203.98	82.9953	-64.7293	18.266
204	82.5596	-64.299	18.2606
204.02	82.4415	-64.1976	18.2439
204.04	82.3107	-64.0397	18.271
204.06	81.8892	-63.6182	18.271
204.08	81.2392	-62.9905	18.2487
204.1	80.3103	-62.0614	18.2489
204.12	79.971	-61.7264	18.2446
204.14	81.3755	-63.1272	18.2483
204.16	82.6251	-64.398	18.2271
204.18	83.9	-65.6835	18.2164
204.2	85.3378	-67.1276	18.2102
204.22	85.7683	-67.5531	18.2152
204.24	84.457	-66.2312	18.2258
204.26	81.6775	-63.4388	18.2386
204.28	80.3168	-62.067	18.2498
204.3	80.9435	-62.6962	18.2473
204.32	80.2865	-62.0407	18.2458
204.34	77.752	-59.4892	18.2628
204.36	80.1607	-61.8958	18.2649
204.38	84.2197	-65.94	18.2797
204.4	85.3927	-67.1174	18.2753
204.42	84.1821	-65.9172	18.2649
204.44	81.5222	-63.2455	18.2767
204.46	79	-60.7275	18.2725
204.48	78.27	-59.9987	18.2713
204.5	78.3711	-60.1054	18.2657
204.52	78.8461	-60.5804	18.2658
204.54	79.5545	-61.2889	18.2656
204.56	80.0784	-61.8286	18.2498
204.58	80.9856	-62.7246	18.2609
204.6	82.2928	-64.0379	18.2549
204.62	83.0817	-64.8217	18.26
204.64	82.808	-64.5368	18.2711
204.66	81.8413	-63.5809	18.2604
204.68	80.6189	-62.3592	18.2597
204.7	78.8021	-60.5474	18.2547
204.72	77.4164	-59.161	18.2554
204.74	77.4635	-59.1979	18.2655
204.76	77.9489	-59.6836	18.2653
204.78	78.1837	-59.9133	18.2704
204.8	77.8845	-59.6294	18.255
204.82	78.3568	-60.0958	18.261
204.84	80.1129	-61.8582	18.2547
204.86	81.9307	-63.6868	18.2439
204.88	83.4768	-65.2436	18.2332
204.9	84.6193	-66.381	18.2384
204.92	84.8122	-66.5851	18.2271
204.94	83.6304	-65.4144	18.2159
204.96	81.2436	-63.032	18.2117
204.98	79.6321	-61.4142	18.2179
205	79.8414	-61.6084	18.2329
205.02	80.3397	-62.1065	18.2332
205.04	81.0189	-62.7915	18.2275
205.06	81.5757	-63.3435	18.2323
205.08	81.195	-62.968	18.227
205.1	80.1269	-61.9056	18.2213
205.12	78.9833	-60.7491	18.2342
205.14	80.4889	-62.25	18.2389
205.16	83.5199	-65.2737	18.2462
205.18	83.1762	-64.9517	18.2244
205.2	79.605	-61.3906	18.2144
205.22	74.8739	-56.664	18.2099
205.24	72.7839	-54.5701	18.2138
205.26	76.6321	-58.4138	18.2182
205.28	78.6482	-60.4178	18.2304
205.3	78.3891	-60.1504	18.2387
205.32	78.9559	-60.7176	18.2383
205.34	79.8995	-61.6397	18.2598
205.36	80.2366	-61.9713	18.2652
205.38	79.7313	-61.4653	18.266
205.4	79.29	-61.0287	18.2613
205.42	79.7199	-61.4702	18.2498
205.44	80.2793	-62.0461	18.2331
205.46	80.4448	-62.2115	18.2333
205.48	80.293	-62.0541	18.2388
205.5	79.8456	-61.6015	18.2442
205.52	78.9296	-60.6692	18.2604
205.54	77.4248	-59.1697	18.2551
205.56	75.8835	-57.6112	18.2723
205.58	75.4868	-57.2037	18.2831
205.6	76.1203	-57.8324	18.2879
205.62	76.7975	-58.515	18.2825
205.64	77.4077	-59.1252	18.2825
205.66	77.9086	-59.6324	18.2763
205.68	77.3485	-59.1005	18.2481
205.7	75.4121	-57.1784	18.2337
205.72	75.0159	-56.7766	18.2393
205.74	76.5769	-58.345	18.232
205.76	77.5686	-59.3197	18.2488
205.78	78.1606	-59.9212	18.2394
205.8	79.8767	-61.6327	18.244
205.82	81.5164	-63.2845	18.2319
205.84	81.4227	-63.1633	18.2594
205.86	80.1849	-61.929	18.2559
205.88	80.1821	-61.9272	18.2549
205.9	80.5702	-62.3158	18.2543
205.92	80.1502	-61.8851	18.2651
205.94	78.7068	-60.4465	18.2603
205.96	77.305	-59.049	18.256
205.98	77.3466	-59.0744	18.2721
206	78.4456	-60.1631	18.2826
206.02	79.6246	-61.348	18.2766
206.04	80.0405	-61.7753	18.2651
206.06	79.0291	-60.7477	18.2814
206.08	77.0032	-58.7197	18.2835
206.1	76.823	-58.5456	18.2774
206.12	77.8989	-59.6287	18.2702
206.14	77.9422	-59.6763	18.266
206.16	78.0855	-59.8139	18.2716
206.18	78.588	-60.3113	18.2766
206.2	79.1916	-60.9137	18.2778
206.22	81.0564	-62.7793	18.2771
206.24	83.1835	-64.9237	18.2598
206.26	84.0095	-65.7606	18.2489
206.28	83.3484	-65.0945	18.2539
206.3	80.92	-62.6612	18.2588
206.32	76.9724	-58.7169	18.2555
206.34	75.3801	-57.1119	18.2682
206.36	78.3748	-60.0991	18.2757
206.38	81.4138	-63.1504	18.2634
206.4	82.0562	-63.8018	18.2543
206.42	82.1612	-63.9119	18.2494
206.44	82.8482	-64.6088	18.2394
206.46	85.0434	-66.805	18.2385
206.48	87.2871	-69.0498	18.2373
206.5	87.6838	-69.4681	18.2157
206.52	86.4152	-68.199	18.2163
206.54	84.51	-66.2986	18.2114
206.56	83.0565	-64.8506	18.2059
206.58	82.5816	-64.3811	18.2005
206.6	83.3468	-65.1411	18.2056
206.62	84.8141	-66.6093	18.2048
206.64	85.6935	-67.4947	18.1989
206.66	85.3154	-67.1104	18.205
206.68	84.7042	-66.5033	18.2008
206.7	85.5303	-67.3248	18.2055
206.72	86.9871	-68.7933	18.1938
206.74	87.7934	-69.5945	18.199
206.76	87.5268	-69.316	18.2108
206.78	87.043	-68.827	18.216
206.8	86.1177	-67.9246	18.1931
206.82	83.7554	-65.5732	18.1823
206.84	80.8808	-62.6692	18.2117
206.86	80.3612	-62.1661	18.1951
206.88	82.0877	-63.8831	18.2046
206.9	83.8553	-65.6395	18.2158
206.92	85.1768	-66.9609	18.2159
206.94	85.9024	-67.6919	18.2105
206.96	85.8495	-67.6283	18.2212
206.98	84.5399	-66.3353	18.2045
207	81.9788	-63.7731	18.2057
207.02	80.5581	-62.3447	18.2134
207.04	82.4317	-64.216	18.2157
207.06	83.7477	-65.5048	18.2429
207.08	83.1908	-64.9469	18.2439
207.1	81.7992	-63.5777	18.2215
207.12	79.6941	-61.4606	18.2335
207.14	79.0422	-60.7916	18.2506
207.16	80.26	-62.0292	18.2308
207.18	79.2609	-61.0397	18.2212
207.2	77.1061	-58.867	18.2391
207.22	75.8078	-57.5692	18.2385
207.24	74.9257	-56.6826	18.2431
207.26	73.8224	-55.5834	18.239
207.28	74.6413	-56.396	18.2453
207.3	78.0134	-59.7542	18.2591
207.32	80.5239	-62.2646	18.2593
207.34	81.3212	-63.0672	18.254
207.36	80.472	-62.2179	18.2541
207.38	78.5156	-60.2599	18.2558
207.4	77.609	-59.3646	18.2444
207.42	77.4384	-59.1733	18.2652
207.44	76.702	-58.4462	18.2557
207.46	76.9858	-58.7137	18.2722
207.48	78.3707	-60.1046	18.2662
207.5	79.9742	-61.7188	18.2554
207.52	81.6583	-63.3923	18.266
207.54	82.8356	-64.5753	18.2603
207.56	83.0952	-64.8182	18.2771
207.58	82.738	-64.4555	18.2825
207.6	81.8087	-63.5267	18.2819
207.62	79.8729	-61.591	18.2819
207.64	77.2224	-58.9403	18.2821
207.66	74.5438	-56.2788	18.265
207.68	72.089	-53.8223	18.2667
207.7	73.9467	-55.6677	18.2789
207.72	80.4286	-62.1555	18.2731
207.74	83.3397	-65.0708	18.269
207.76	82.7692	-64.5089	18.2603
207.78	81.7225	-63.4616	18.2609
207.8	81.1751	-62.9094	18.2657
207.82	80.1818	-61.9053	18.2765
207.84	78.4908	-60.2136	18.2772
207.86	77.365	-59.0757	18.2893
207.88	78.0305	-59.7536	18.2769
207.9	78.6724	-60.3963	18.2761
207.92	77.7232	-59.4748	18.2485
207.94	75.1134	-56.8695	18.2439
207.96	72.884	-54.6379	18.2461
207.98	73.98	-55.7575	18.2225
208	76.3066	-58.0908	18.2158
208.02	77.5709	-59.3654	18.2055
208.04	77.911	-59.7054	18.2056
208.06	77.4109	-59.1993	18.2116
208.08	76.6857	-58.4847	18.201
208.1	76.2693	-58.063	18.2063
208.12	75.9836	-57.7941	18.1895
208.14	75.4286	-57.2504	18.1782
208.16	74.4599	-56.281	18.1788
208.18	74.0942	-55.9146	18.1796
208.2	75.2966	-57.1017	18.1949
208.22	76.6804	-58.4812	18.1992
208.24	76.6275	-58.4165	18.211
208.26	76.3386	-58.1367	18.202
208.28	78.0898	-59.8835	18.2063
208.3	80.4439	-62.2333	18.2106
208.32	81.5006	-63.2732	18.2274
208.34	81.3256	-63.0977	18.2278
208.36	80.5076	-62.285	18.2226
208.38	79.5167	-61.2992	18.2175
208.4	78.9889	-60.7654	18.2235
208.42	79.6242	-61.4012	18.2231
208.44	80.9097	-62.6709	18.2388
208.46	81.7879	-63.5553	18.2326
208.48	81.2797	-63.0363	18.2434
208.5	79.4637	-61.2245	18.2392
208.52	78.1653	-59.9368	18.2285
208.54	77.8793	-59.6631	18.2163
208.56	77.2823	-59.0601	18.2222
208.58	76.903	-58.6804	18.2227
208.6	77.351	-59.1235	18.2275
208.62	77.9899	-59.7514	18.2384
208.64	78.5477	-60.3046	18.2431
208.66	78.6004	-60.3669	18.2335
208.68	79.2865	-61.0599	18.2267
208.7	79.3053	-61.0565	18.2488
208.72	78.3667	-60.1173	18.2494
208.74	77.2179	-58.952	18.266
208.76	76.2472	-57.9697	18.2776
208.78	76.1178	-57.8239	18.2938
208.8	76.6799	-58.3969	18.283
208.82	77.8864	-59.5869	18.2995
208.84	79.5078	-61.2034	18.3044
208.86	80.6452	-62.3465	18.2988
208.88	80.8584	-62.5594	18.299
208.9	80.4113	-62.134	18.2773
208.92	79.6387	-61.3669	18.2718
208.94	78.6372	-60.3599	18.2772
208.96	77.6282	-59.3504	18.2778
208.98	77.6639	-59.4021	18.2618
209	79.2351	-60.9694	18.2657
209.02	80.2817	-62.0279	18.2538
209.04	79.3352	-61.0647	18.2706
209.06	77.1193	-58.8529	18.2664
209.08	75.7662	-57.5044	18.2618
209.1	76.7629	-58.4959	18.267
209.12	79.4334	-61.1629	18.2705
209.14	81.3674	-63.0959	18.2715
209.16	83.2007	-64.9345	18.2662
209.18	85.0263	-66.7549	18.2714
209.2	86.073	-67.7903	18.2827
209.22	86.4248	-68.1587	18.2661
209.24	85.9474	-67.6922	18.2552
209.26	85.0442	-66.7995	18.2448
209.28	84.3876	-66.1337	18.2539
209.3	82.2646	-64.0054	18.2592
209.32	79.3162	-61.0539	18.2623
209.34	79.1668	-60.8955	18.2714
209.36	80.0696	-61.7879	18.2816
209.38	80.4459	-62.1473	18.2985
209.4	80.7793	-62.5022	18.2771
209.42	81.5707	-63.3106	18.2601
209.44	82.0136	-63.754	18.2596
209.46	81.4268	-63.1725	18.2542
209.48	80.2759	-62.0036	18.2723
209.5	80.6913	-62.4246	18.2668
209.52	82.5765	-64.3113	18.2652
209.54	83.6955	-65.4189	18.2766
209.56	83.9595	-65.677	18.2826
209.58	83.8027	-65.5033	18.2994
209.6	83.631	-65.3314	18.2996
209.62	83.6021	-65.3084	18.2936
209.64	83.0296	-64.7258	18.3038
209.66	80.9839	-62.6801	18.3037
209.68	78.1591	-59.8638	18.2953
209.7	77.7617	-59.4675	18.2942
209.72	78.7935	-60.5117	18.2819
209.74	78.9829	-60.6784	18.3044
209.76	78.6647	-60.3598	18.305
209.78	78.4449	-60.1562	18.2887
209.8	78.437	-60.154	18.283
209.82	78.4189	-60.1305	18.2884
209.84	78.4069	-60.1071	18.2998
209.86	78.9498	-60.6555	18.2944
209.88	79.9654	-61.6606	18.3048
209.9	80.6223	-62.3395	18.2828
209.92	80.567	-62.2839	18.283
209.94	80.0398	-61.7676	18.2721
209.96	79.1128	-60.8363	18.2764
209.98	76.7154	-58.4337	18.2817
210	74.6752	-56.3898	18.2854
210.02	76.5474	-58.2562	18.2911
210.04	77.2377	-58.9549	18.2828
210.06	78.2035	-59.9098	18.2937
210.08	79.6255	-61.3433	18.2822
210.1	80.4898	-62.2239	18.2658
210.12	80.6279	-62.3523	18.2757
210.14	78.8357	-60.5656	18.2701
210.16	75.938	-57.67	18.268
210.18	76.3068	-58.0294	18.2774
210.2	78.4977	-60.2117	18.2859
210.22	79.1586	-60.8719	18.2867
210.24	79.7641	-61.4746	18.2895
210.26	83.0122	-64.7269	18.2853
210.28	84.2246	-65.945	18.2795
210.3	82.5857	-64.3241	18.2616
210.32	82.9484	-64.6983	18.2501
210.34	85.0499	-66.7968	18.2531
210.36	85.2796	-67.0156	18.264
210.38	83.6112	-65.3556	18.2555
210.4	83.0141	-64.765	18.2491
210.42	82.9307	-64.6984	18.2323
210.44	82.606	-64.362	18.244
210.46	82.8661	-64.6279	18.2382
210.48	83.1479	-64.9057	18.2421
210.5	81.5919	-63.3551	18.2368
210.52	80.2958	-62.054	18.2418
210.54	83.9934	-65.7464	18.2469
210.56	86.0795	-67.8438	18.2357
210.58	85.0835	-66.8436	18.2399
210.6	86.0817	-67.8542	18.2275
210.62	87.5736	-69.3605	18.2131
210.64	84.4542	-66.2415	18.2127
210.66	80.1005	-61.867	18.2335
210.68	83.7678	-65.5494	18.2184
210.7	85.7428	-67.5106	18.2322
210.72	86.0903	-67.8455	18.2448
210.74	86.7093	-68.481	18.2282
210.76	87.3321	-69.0665	18.2655
210.78	86.5489	-68.2946	18.2542
210.8	84.6408	-66.3948	18.246
210.82	84.9295	-66.6959	18.2336
210.84	86.0959	-67.863	18.2329
210.86	86.4608	-68.2218	18.2391
210.88	86.5705	-68.3312	18.2392
210.9	86.6084	-68.375	18.2334
210.92	86.2083	-67.9699	18.2384
210.94	84.9925	-66.7482	18.2443
210.96	83.9515	-65.7007	18.2508
210.98	84.5848	-66.34	18.2449
211	86.301	-68.0685	18.2326
211.02	87.1599	-68.9336	18.2262
211.04	86.0794	-67.863	18.2165
211.06	84.8246	-66.6175	18.2071
211.08	85.3757	-67.1585	18.2171
211.1	86.645	-68.4231	18.2219
211.12	87.4017	-69.1685	18.2332
211.14	87.7969	-69.5524	18.2445
211.16	88.1314	-69.8928	18.2386
211.18	87.8846	-69.6413	18.2433
211.2	86.1543	-67.9166	18.2378
211.22	84.043	-65.8129	18.2302
211.24	85.4261	-67.1874	18.2387
211.26	87.8468	-69.6092	18.2377
211.28	89.0267	-70.8048	18.2219
211.3	89.3859	-71.1526	18.2333
211.32	89.5158	-71.2769	18.2389
211.34	89.5383	-71.2947	18.2437
211.36	88.697	-70.4488	18.2482
211.38	86.3322	-68.0835	18.2487
211.4	83.9203	-65.6808	18.2395
211.42	84.2269	-65.9892	18.2377
211.44	85.3859	-67.154	18.2319
211.46	86.4636	-68.2363	18.2273
211.48	87.8509	-69.619	18.2319
211.5	88.1376	-69.9095	18.2281
211.52	88.7973	-70.5631	18.2342
211.54	90.4218	-72.1723	18.2495
211.56	91.4674	-73.2237	18.2437
211.58	91.1799	-72.9306	18.2493
211.6	89.7084	-71.4593	18.2492
211.62	87.467	-69.2274	18.2396
211.64	86.7473	-68.4852	18.2621
211.66	88.4747	-70.2303	18.2444
211.68	90.7741	-72.5247	18.2494
211.7	92.4951	-74.224	18.2711
211.72	93.1762	-74.9104	18.2657
211.74	92.8979	-74.6375	18.2605
211.76	92.107	-73.83	18.277
211.78	91.0496	-72.7788	18.2708
211.8	89.3724	-71.1009	18.2715
211.82	88.2987	-70.0268	18.2718
211.84	88.4029	-70.1375	18.2654
211.86	88.649	-70.3882	18.2609
211.88	89.7345	-71.4739	18.2606
211.9	91.2671	-73.0068	18.2603
211.92	92.6301	-74.3642	18.2659
211.94	93.6191	-75.3477	18.2715
211.96	94.2088	-75.9483	18.2605
211.98	94.0471	-75.7821	18.265
212	92.1686	-73.9033	18.2654
212.02	89.5784	-71.3159	18.2624
212.04	89.4525	-71.2018	18.2507
212.06	90.9963	-72.7414	18.2549
212.08	91.9772	-73.728	18.2492
212.1	91.6981	-73.4382	18.2599
212.12	89.9838	-71.7179	18.2658
212.14	87.7701	-69.5307	18.2394
212.16	86.4828	-68.2661	18.2167
212.18	85.5218	-67.3168	18.205
212.2	84.2839	-66.0612	18.2227
212.22	84.3209	-66.0812	18.2396
212.24	86.1925	-67.9483	18.2442
212.26	88.3818	-70.1497	18.2321
212.28	89.0369	-70.7944	18.2425
212.3	87.5572	-69.2919	18.2654
212.32	85.3743	-67.1081	18.2662
212.34	84.2163	-65.9603	18.2559
212.36	84.6677	-66.4131	18.2546
212.38	85.0685	-66.8132	18.2553
212.4	85.6485	-67.387	18.2615
212.42	87.0804	-68.8248	18.2556
212.44	88.7675	-70.501	18.2665
212.46	90.2532	-71.9812	18.272
212.48	91.4307	-73.1589	18.2718
212.5	91.9771	-73.7002	18.2769
212.52	91.468	-73.2021	18.2658
212.54	90.1638	-71.8972	18.2665
212.56	89.2222	-70.9724	18.2497
212.58	88.5419	-70.293	18.2489
212.6	87.4373	-69.1661	18.2711
212.62	86.3983	-68.1437	18.2546
212.64	85.7222	-67.4561	18.2661
212.66	86.2273	-67.9609	18.2664
212.68	88.2733	-70.0132	18.2602
212.7	90.6533	-72.3992	18.2541
212.72	92.1479	-73.8994	18.2485
212.74	92.2472	-73.9825	18.2646
212.76	90.6885	-72.4178	18.2706
212.78	88.5417	-70.2701	18.2716
212.8	87.609	-69.3372	18.2718
212.82	88.1568	-69.881	18.2758
212.84	88.9128	-70.6351	18.2777
212.86	91.0556	-72.7743	18.2813
212.88	92.2298	-73.9615	18.2683
212.9	89.9198	-71.6495	18.2703
212.92	87.3452	-69.0779	18.2673
212.94	87.6507	-69.3903	18.2603
212.96	89.0976	-70.8595	18.2381
212.98	90.4296	-72.1924	18.2372
213	90.2231	-71.9851	18.2379
213.02	89.2754	-71.0305	18.2449
213.04	89.2894	-71.045	18.2444
213.06	89.6069	-71.375	18.2319
213.08	88.3195	-70.0878	18.2317
213.1	85.7585	-67.5238	18.2347
213.12	85.7198	-67.4911	18.2287
213.14	87.7675	-69.5408	18.2267
213.16	88.8902	-70.6742	18.216
213.18	88.8302	-70.6245	18.2057
213.2	88.3132	-70.1019	18.2113
213.22	87.5941	-69.3773	18.2168
213.24	86.836	-68.6405	18.1955
213.26	86.8913	-68.69	18.2014
213.28	88.0754	-69.8696	18.2058
213.3	88.965	-70.7709	18.1941
213.32	88.5474	-70.3416	18.2058
213.34	87.7247	-69.518	18.2067
213.36	87.6993	-69.4712	18.2281
213.38	87.9568	-69.7343	18.2224
213.4	88.0516	-69.8291	18.2226
213.42	88.0501	-69.8168	18.2333
213.44	87.742	-69.509	18.2329
213.46	86.8198	-68.5705	18.2492
213.48	85.6208	-67.3649	18.2559
213.5	85.8179	-67.5566	18.2612
213.52	87.1958	-68.9197	18.2761
213.54	87.647	-69.3825	18.2645
213.56	86.2771	-68.0123	18.2648
213.58	83.69	-65.4306	18.2594
213.6	81.0268	-62.76	18.2668
213.62	81.0435	-62.7608	18.2827
213.64	83.0638	-64.7941	18.2697
213.66	84.0918	-65.811	18.2808
213.68	83.5366	-65.2604	18.2762
213.7	82.6485	-64.3758	18.2726
213.72	83.5101	-65.238	18.2721
213.74	85.3563	-67.0852	18.2711
213.76	86.4028	-68.143	18.2598
213.78	85.8936	-67.6226	18.271
213.8	84.0816	-65.8048	18.2768
213.82	81.8312	-63.5479	18.2832
213.84	80.5693	-62.2917	18.2776
213.86	80.6092	-62.3368	18.2725
213.88	82.0965	-63.8246	18.2719
213.9	83.9056	-65.64	18.2656
213.92	84.5632	-66.2919	18.2713
213.94	83.9094	-65.6328	18.2766
213.96	81.9162	-63.6448	18.2714
213.98	79.7185	-61.4502	18.2683
214	80.2464	-61.9576	18.2888
214.02	82.02	-63.7057	18.3144
214.04	82.2997	-63.9908	18.3089
214.06	81.007	-62.7034	18.3036
214.08	78.8916	-60.5989	18.2928
214.1	77.8207	-59.5195	18.3013
214.12	80.5367	-62.2398	18.2969
214.14	82.215	-63.9228	18.2922
214.16	82.5842	-64.2897	18.2945
214.18	84.0878	-65.7941	18.2938
214.2	85.7162	-67.4125	18.3037
214.22	85.6658	-67.3568	18.309
214.24	83.6194	-65.3157	18.3036
214.26	80.2875	-61.9931	18.2944
214.28	78.6185	-60.3284	18.2902
214.3	80.2183	-61.9356	18.2826
214.32	82.4003	-64.1241	18.2762
214.34	83.1818	-64.9112	18.2706
214.36	82.2062	-63.9292	18.277
214.38	80.6416	-62.369	18.2726
214.4	80.0088	-61.72	18.2888
214.42	80.2697	-61.9814	18.2884
214.44	80.8152	-62.5431	18.2721
214.46	81.5949	-63.312	18.2829
214.48	82.21	-63.9162	18.2937
214.5	82.2758	-63.9762	18.2995
214.52	82.0035	-63.7092	18.2943
214.54	81.7418	-63.4639	18.278
214.56	81.5559	-63.2835	18.2724
214.58	81.2639	-62.9917	18.2722
214.6	80.7743	-62.491	18.2832
214.62	80.2957	-61.9961	18.2996
214.64	79.8725	-61.5787	18.2938
214.66	79.2449	-60.9346	18.3103
214.68	78.6137	-60.3138	18.2998
214.7	78.6855	-60.3911	18.2944
214.72	79.5564	-61.2627	18.2937
214.74	80.4003	-62.1228	18.2775
214.76	81.3891	-63.1001	18.289
214.78	82.9634	-64.6695	18.2939
214.8	84.2576	-65.9805	18.2772
214.82	84.6702	-66.3984	18.2718
214.84	84.3196	-66.0421	18.2775
214.86	83.5739	-65.2854	18.2885
214.88	82.4941	-64.2338	18.2603
214.9	80.562	-62.3123	18.2497
214.92	79.2188	-60.9721	18.2467
214.94	81.23	-62.9915	18.2385
214.96	83.4674	-65.2463	18.2211
214.98	84.0169	-65.7892	18.2277
215	83.9951	-65.7946	18.2004
215.02	83.6583	-65.4642	18.1941
215.04	82.2165	-64.0386	18.1779
215.06	80.3763	-62.2026	18.1737
215.08	80.1947	-62.0204	18.1743
215.1	82.6758	-64.5135	18.1623
215.12	86.0371	-67.8766	18.1605
215.14	87.5395	-69.379	18.1605
215.16	86.6103	-68.4385	18.1718
215.18	84.3389	-66.1702	18.1688
215.2	84.1707	-65.9968	18.1739
215.22	85.8506	-67.6902	18.1603
215.24	86.7695	-68.6009	18.1685
215.26	89.244	-71.0719	18.1721
215.28	91.0551	-72.8785	18.1767
215.3	90.0638	-71.8971	18.1667
215.32	87.2701	-69.1085	18.1616
215.34	83.739	-65.5715	18.1674
215.36	80.7733	-62.6046	18.1687
215.38	80.5698	-62.3957	18.1741
215.4	83.0744	-64.9027	18.1717
215.42	84.9035	-66.7274	18.1761
215.44	84.4756	-66.2921	18.1834
215.46	84.0823	-65.8923	18.1901
215.48	85.5348	-67.3561	18.1787
215.5	87.9079	-69.7314	18.1765
215.52	88.2997	-70.1123	18.1874
215.54	86.4567	-68.2838	18.1729
215.56	85.231	-67.0728	18.1582
215.58	87.1117	-68.9652	18.1464
215.6	90.5534	-72.4037	18.1497
215.62	92.0845	-73.9345	18.15
215.64	91.3765	-73.2309	18.1456
215.66	90.0288	-71.8817	18.1471
215.68	89.9803	-71.8395	18.1408
215.7	90.3237	-72.1735	18.1502
215.72	88.8679	-70.713	18.1548
215.74	85.3103	-67.1472	18.1631
215.76	83.5201	-65.362	18.1581
215.78	84.5691	-66.4177	18.1514
215.8	86.452	-68.3066	18.1454
215.82	87.8255	-69.6864	18.1391
215.84	87.6808	-69.53	18.1508
215.86	86.9978	-68.8461	18.1517
215.88	86.9815	-68.8475	18.134
215.9	86.5366	-68.4083	18.1283
215.92	86.4778	-68.3526	18.1252
215.94	88.7094	-70.5715	18.1379
215.96	89.1156	-70.9822	18.1335
215.98	88.0562	-69.9371	18.119
216	88.1457	-70.0153	18.1304
216.02	90.0432	-71.8919	18.1513
216.04	92.1243	-73.9581	18.1662
216.06	92.1516	-73.9801	18.1715
216.08	89.8397	-71.6513	18.1884
216.1	86.0651	-67.8937	18.1713
216.12	81.157	-62.975	18.182
216.14	77.4459	-59.2595	18.1864
216.16	80.4928	-62.3216	18.1711
216.18	85.4017	-67.237	18.1647
216.2	88.2155	-70.0327	18.1827
216.22	89.4041	-71.194	18.2102
216.24	88.6891	-70.4949	18.1942
216.26	86.6975	-68.4854	18.2121
216.28	85.2991	-67.1088	18.1902
216.3	84.671	-66.4817	18.1893
216.32	83.7215	-65.5265	18.195
216.34	82.712	-64.4999	18.2122
216.36	82.6021	-64.3846	18.2174
216.38	83.1437	-64.9213	18.2224
216.4	83.5777	-65.3389	18.2388
216.42	83.5982	-65.3542	18.2441
216.44	82.7757	-64.5426	18.2331
216.46	81.3732	-63.1443	18.2289
216.48	81.0553	-62.8208	18.2345
216.5	81.9568	-63.7236	18.2332
216.52	82.3449	-64.1228	18.222
216.54	81.7217	-63.505	18.2167
216.56	80.481	-62.253	18.228
216.58	79.5415	-61.2966	18.2449
216.6	79.7859	-61.5527	18.2331
216.62	80.5631	-62.3243	18.2388
216.64	81.7225	-63.4847	18.2379
216.66	81.8531	-63.5999	18.2532
216.68	79.6943	-61.4453	18.249
216.7	76.9394	-58.6847	18.2546
216.72	74.7608	-56.4995	18.2613
216.74	74.9165	-56.6606	18.2559
216.76	77.1124	-58.8697	18.2426
216.78	78.1846	-59.9353	18.2493
216.8	78.6046	-60.3545	18.2501
216.82	79.0628	-60.8238	18.239
216.84	79.2516	-61.0072	18.2444
216.86	78.8828	-60.6384	18.2443
216.88	77.8911	-59.6577	18.2334
216.9	76.8606	-58.631	18.2296
216.92	78.1664	-59.9375	18.2289
216.94	80.8848	-62.6468	18.238
216.96	82.1305	-63.9085	18.222
216.98	81.8463	-63.6348	18.2115
217	80.8526	-62.6568	18.1958
217.02	80.2726	-62.0654	18.2072
217.04	80.7199	-62.5296	18.1903
217.06	81.638	-63.443	18.195
217.08	82.0088	-63.803	18.2058
217.1	81.7433	-63.5092	18.2341
217.12	81.9866	-63.7473	18.2393
217.14	82.5781	-64.3179	18.2602
217.16	82.3398	-64.0736	18.2661
217.18	82.116	-63.8538	18.2622
217.2	83.6344	-65.3734	18.261
217.22	85.3384	-67.095	18.2434
217.24	85.4738	-67.2134	18.2604
217.26	84.7189	-66.4299	18.289
217.28	84.5011	-66.2234	18.2777
217.3	84.6559	-66.3677	18.2882
217.32	84.557	-66.2741	18.2828
217.34	84.3342	-66.0566	18.2776
217.36	84.4425	-66.1867	18.2558
217.38	85.109	-66.8643	18.2447
217.4	86.0362	-67.7979	18.2384
217.42	86.0501	-67.8133	18.2368
217.44	83.6526	-65.4093	18.2433
217.46	81.1784	-62.9225	18.2559
217.48	80.7596	-62.5002	18.2594
217.5	80.6098	-62.3323	18.2776
217.52	81.6958	-63.4307	18.2651
217.54	82.021	-63.7459	18.275
217.56	80.2961	-62.0294	18.2667
217.58	79.8076	-61.5291	18.2785
217.6	81.5373	-63.2665	18.2707
217.62	83.0052	-64.733	18.2722
217.64	85.027	-66.7611	18.2659
217.66	86.3372	-68.0775	18.2597
217.68	85.4348	-67.1693	18.2655
217.7	82.9986	-64.7259	18.2727
217.72	81.3349	-63.0622	18.2727
217.74	80.738	-62.4937	18.2443
217.76	79.8375	-61.6047	18.2329
217.78	78.2826	-60.0429	18.2397
217.8	78.2407	-60.0053	18.2354
217.82	80.9588	-62.7311	18.2277
217.84	83.4358	-65.2199	18.2159
217.86	83.8689	-65.6525	18.2164
217.88	82.7432	-64.5202	18.223
217.9	81.623	-63.3881	18.2349
217.92	81.8715	-63.6097	18.2618
217.94	82.9376	-64.6716	18.2661
217.96	83.3676	-65.0849	18.2827
217.98	83.551	-65.2672	18.2838
218	84.7272	-66.4384	18.2888
218.02	86.119	-67.842	18.277
218.04	86.4538	-68.1764	18.2774
218.06	86.2625	-68.0003	18.2622
218.08	87.0259	-68.7479	18.278
218.1	88.0036	-69.7209	18.2827
218.12	88.0045	-69.7491	18.2553
218.14	87.1065	-68.8558	18.2507
218.16	86.5684	-68.3064	18.2621
218.18	86.9902	-68.746	18.2442
218.2	86.7628	-68.5306	18.2323
218.22	84.8707	-66.6374	18.2333
218.24	83.2383	-65.0032	18.2351
218.26	84.1956	-65.9735	18.2221
218.28	85.4332	-67.2132	18.22
218.3	84.4138	-66.1712	18.2427
218.32	82.7156	-64.4656	18.25
218.34	82.7059	-64.4578	18.2482
218.36	82.6771	-64.4344	18.2427
218.38	82.3167	-64.0565	18.2603
218.4	82.9872	-64.7373	18.2499
218.42	85.1058	-66.8461	18.2598
218.44	86.8288	-68.5904	18.2384
218.46	88.2003	-69.9444	18.2559
218.48	89.8329	-71.5726	18.2603
218.5	90.0519	-71.7919	18.26
218.52	88.3652	-70.1042	18.261
218.54	86.3196	-68.058	18.2615
218.56	84.8863	-66.631	18.2553
218.58	83.5002	-65.2454	18.2548
218.6	81.6868	-63.427	18.2598
218.62	79.5095	-61.2489	18.2606
218.64	78.4641	-60.1917	18.2723
218.66	79.7724	-61.5174	18.255
218.68	82.1194	-63.8543	18.2651
218.7	83.7338	-65.4804	18.2534
218.72	82.9948	-64.728	18.2668
218.74	78.3465	-60.0826	18.2639
218.76	80.153	-61.9049	18.2481
218.78	84.5595	-66.318	18.2415
218.8	85.8815	-67.6388	18.2427
218.82	84.8481	-66.61	18.2381
218.84	82.4905	-64.2455	18.2449
218.86	80.7631	-62.523	18.2401
218.88	80.6238	-62.3958	18.2281
218.9	80.8581	-62.6362	18.2219
218.92	80.705	-62.4877	18.2173
218.94	81.0138	-62.7743	18.2395
218.96	81.9765	-63.7318	18.2447
218.98	82.9499	-64.7055	18.2445
219	83.2355	-64.9797	18.2557
219.02	82.9837	-64.7113	18.2725
219.04	82.4207	-64.1482	18.2725
219.06	81.6664	-63.41	18.2564
219.08	81.2297	-62.9729	18.2567
219.1	81.5127	-63.2675	18.2452
219.12	81.9	-63.6497	18.2502
219.14	81.828	-63.5557	18.2723
219.16	81.6185	-63.3405	18.278
219.18	81.8361	-63.5634	18.2727
219.2	82.8918	-64.614	18.2778
219.22	84.3455	-66.0737	18.2719
219.24	85.5671	-67.29	18.2771
219.26	86.0658	-67.8001	18.2656
219.28	85.221	-66.9448	18.2762
219.3	82.9475	-64.6653	18.2822
219.32	80.5132	-62.2252	18.288
219.34	79.2367	-60.9363	18.3003
219.36	81.1012	-62.7958	18.3054
219.38	85.082	-66.7843	18.2977
219.4	87.5823	-69.3004	18.282
219.42	88.5035	-70.2101	18.2934
219.44	88.1934	-69.9062	18.2872
219.46	85.9142	-67.6327	18.2815
219.48	82.8842	-64.61	18.2743
219.5	83.4249	-65.1592	18.2657
219.52	84.4619	-66.2087	18.2532
219.54	83.2773	-65.0056	18.2717
219.56	82.1872	-63.9145	18.2727
219.58	82.5563	-64.3013	18.255
219.6	83.0905	-64.8128	18.2777
219.62	84.1775	-65.8999	18.2776
219.64	85.4255	-67.1489	18.2767
219.66	85.5562	-67.2841	18.2721
219.68	85.4953	-67.2171	18.2782
219.7	85.983	-67.7214	18.2615
219.72	86.715	-68.4425	18.2725
219.74	87.3948	-69.1173	18.2775
219.76	87.4149	-69.1428	18.2721
219.78	86.9497	-68.6713	18.2784
219.8	87.1471	-68.858	18.2892
219.82	87.7093	-69.4217	18.2876
219.84	86.859	-68.5606	18.2984
219.86	84.5866	-66.3032	18.2834
219.88	83.2359	-64.9411	18.2948
219.9	83.4043	-65.1179	18.2865
219.92	82.2	-63.9176	18.2825
219.94	81.5166	-63.2315	18.285
219.96	84.226	-65.9486	18.2774
219.98	87.4836	-69.2074	18.2762
220	88.8331	-70.5731	18.26
220.02	88.0955	-69.824	18.2715
220.04	86.1113	-67.8389	18.2724
220.06	84.4151	-66.1584	18.2567
220.08	84.2623	-66.0109	18.2514
220.1	85.9427	-67.6808	18.2618
220.12	88.4121	-70.1681	18.2441
220.14	89.6161	-71.3675	18.2486
220.16	88.0514	-69.8089	18.2425
220.18	83.611	-65.3721	18.239
220.2	80.2398	-61.9971	18.2427
220.22	82.5485	-64.3043	18.2442
220.24	85.853	-67.6	18.253
220.26	86.0386	-67.7735	18.2651
220.28	84.6471	-66.3789	18.2681
220.3	85.2284	-66.956	18.2724
220.32	86.5336	-68.2681	18.2655
220.34	86.3544	-68.083	18.2714
220.36	84.9038	-66.6317	18.2721
220.38	83.225	-64.9747	18.2503
220.4	82.1593	-63.9189	18.2403
220.42	83.1698	-64.9353	18.2344
220.44	85.4799	-67.2634	18.2164
220.46	86.7347	-68.5179	18.2168
220.48	86.8196	-68.6024	18.2172
220.5	86.2084	-67.9911	18.2173
220.52	85.3678	-67.1393	18.2285
220.54	84.8895	-66.672	18.2176
220.56	84.789	-66.5782	18.2107
220.58	83.6567	-65.4459	18.2108
220.6	82.1159	-63.8808	18.2351
220.62	82.9515	-64.7232	18.2283
220.64	84.7223	-66.501	18.2213
220.66	85.0439	-66.8113	18.2326
220.68	83.9244	-65.7078	18.2167
220.7	82.1989	-63.965	18.2339
220.72	81.0791	-62.8394	18.2397
220.74	81.2451	-63.0105	18.2345
220.76	83.2165	-64.9931	18.2234
220.78	86.3203	-68.1093	18.211
220.8	88.4348	-70.2346	18.2002
220.82	89.1504	-70.9443	18.2061
220.84	88.9374	-70.742	18.1954
220.86	88.1069	-69.9062	18.2007
220.88	86.5417	-68.347	18.1946
220.9	84.1308	-65.9403	18.1905
220.92	83.2646	-65.073	18.1916
220.94	85.3151	-67.1367	18.1785
220.96	87.3649	-69.1872	18.1777
220.98	87.7614	-69.5997	18.1617
221	86.7865	-68.6078	18.1788
221.02	85.4336	-67.2708	18.1629
221.04	84.7825	-66.6521	18.1304
221.06	85.4493	-67.3038	18.1456
221.08	85.8502	-67.7057	18.1445
221.1	84.726	-66.5859	18.1401
221.12	83.811	-65.6644	18.1466
221.14	84.1762	-66.0422	18.134
221.16	84.3353	-66.2217	18.1135
221.18	85.4632	-67.3459	18.1173
221.2	85.7268	-67.5943	18.1325
221.22	84.0366	-65.8952	18.1415
221.24	84.7039	-66.5565	18.1474
221.26	88.1776	-70.0229	18.1547
221.28	89.5402	-71.3974	18.1428
221.3	88.2049	-70.0528	18.1521
221.32	88.2315	-70.0764	18.1551
221.34	87.7728	-69.616	18.1569
221.36	87.9976	-69.857	18.1406
221.38	89.0267	-70.8936	18.1331
221.4	88.327	-70.1833	18.1437
221.42	86.3417	-68.1835	18.1582
221.44	87.0663	-68.8995	18.1668
221.46	88.117	-69.9561	18.1609
221.48	88.2291	-70.0496	18.1795
221.5	89.7745	-71.5785	18.196
221.52	92.6737	-74.4796	18.1941
221.54	94.2516	-76.0528	18.1988
221.56	93.0972	-74.893	18.2042
221.58	89.655	-71.4549	18.2001
221.6	86.5141	-68.3236	18.1905
221.62	86.2344	-68.0489	18.1854
221.64	89.0764	-70.888	18.1885
221.66	91.5268	-73.345	18.1818
221.68	91.0985	-72.9387	18.1598
221.7	88.1103	-69.9534	18.157
221.72	86.3909	-68.2271	18.1638
221.74	87.5349	-69.3629	18.172
221.76	88.301	-70.1452	18.1558
221.78	88.2121	-70.0612	18.1509
221.8	87.896	-69.7613	18.1346
221.82	87.5315	-69.397	18.1345
221.84	86.9029	-68.7573	18.1456
221.86	86.2335	-68.0986	18.1349
221.88	85.9479	-67.8072	18.1407
221.9	86.2523	-68.1119	18.1403
221.92	86.6636	-68.5232	18.1403
221.94	87.0743	-68.9282	18.1461
221.96	87.6945	-69.5433	18.1513
221.98	88.1661	-70.0041	18.162
222	88.2307	-70.0742	18.1565
222.02	87.7962	-69.6353	18.161
222.04	86.0494	-67.866	18.1834
222.06	84.529	-66.3658	18.1632
222.08	85.1858	-67.0355	18.1503
222.1	85.7971	-67.6417	18.1554
222.12	85.2162	-67.0666	18.1496
222.14	83.3027	-65.1412	18.1615
222.16	81.6858	-63.5282	18.1576
222.18	82.4409	-64.2784	18.1624
222.2	84.5495	-66.3834	18.1661
222.22	85.3235	-67.1521	18.1714
222.24	84.2892	-66.1437	18.1455
222.26	83.4425	-65.2795	18.163
222.28	84.1359	-65.9736	18.1623
222.3	85.4469	-67.285	18.1619
222.32	86.3528	-68.1749	18.1779
222.34	86.1375	-67.9485	18.189
222.36	84.9231	-66.7333	18.1899
222.38	83.8718	-65.6922	18.1796
222.4	83.9308	-65.7568	18.1739
222.42	84.8481	-66.664	18.1842
222.44	85.606	-67.4282	18.1778
222.46	84.9671	-66.7791	18.1881
222.48	82.3748	-64.208	18.1668
222.5	79.5111	-61.3424	18.1687
222.52	79.1749	-61.0065	18.1684
222.54	81.106	-62.9503	18.1557
222.56	82.7599	-64.6101	18.1498
222.58	83.0398	-64.8626	18.1772
222.6	81.9033	-63.7048	18.1985
222.62	79.9384	-61.7365	18.202
222.64	81.3322	-63.1164	18.2158
222.66	83.6764	-65.4664	18.2101
222.68	84.8352	-66.6465	18.1887
222.7	84.9247	-66.7249	18.1998
222.72	84.0194	-65.8077	18.2117
222.74	83.2909	-65.0843	18.2065
222.76	83.2336	-65.0386	18.195
222.78	83.383	-65.1822	18.2008
222.8	83.9179	-65.7124	18.2055
222.82	83.8483	-65.671	18.1773
222.84	82.3878	-64.1929	18.1949
222.86	81.0072	-62.8177	18.1896
222.88	80.3977	-62.2078	18.1899
222.9	80.9346	-62.7449	18.1897
222.92	82.2888	-64.1106	18.1782
222.94	83.3323	-65.1606	18.1717
222.96	82.7457	-64.5465	18.1992
222.98	81.2341	-63.0268	18.2073
223	81.9878	-63.7922	18.1955
223.02	84.1523	-65.9634	18.1889
223.04	85.61	-67.4428	18.1672
223.06	86.1641	-68.0022	18.1619
223.08	86.0247	-67.8513	18.1734
223.1	86.1977	-68.0344	18.1633
223.12	87.6411	-69.4956	18.1455
223.14	88.7931	-70.6537	18.1394
223.16	88.7864	-70.6461	18.1403
223.18	88.786	-70.6514	18.1346
223.2	88.6778	-70.5231	18.1547
223.22	86.7234	-68.5735	18.1499
223.24	85.2115	-67.0471	18.1644
223.26	87.7149	-69.5611	18.1538
223.28	88.559	-70.4161	18.1429
223.3	86.8976	-68.7535	18.1441
223.32	85.1305	-66.9681	18.1624
223.34	86.4592	-68.314	18.1452
223.36	89.8351	-71.6759	18.1592
223.38	91.322	-73.1618	18.1602
223.4	91.3942	-73.2432	18.151
223.42	92.308	-74.1614	18.1466
223.44	94.9787	-76.8177	18.161
223.46	96.6058	-78.4569	18.1489
223.48	95.3089	-77.154	18.1548
223.5	92.0231	-73.8665	18.1567
223.52	90.151	-71.9814	18.1696
223.54	91.9914	-73.8202	18.1712
223.56	93.0596	-74.9002	18.1594
223.58	91.6025	-73.4308	18.1716
223.6	89.3221	-71.1608	18.1613
223.62	87.7261	-69.5645	18.1617
223.64	87.4731	-69.3012	18.1719
223.66	87.7885	-69.5998	18.1887
223.68	88.6949	-70.5057	18.1892
223.7	90.3919	-72.1971	18.1948
223.72	92.3716	-74.1717	18.1999
223.74	93.5545	-75.3491	18.2054
223.76	93.4459	-75.2406	18.2053
223.78	91.8195	-73.6201	18.1994
223.8	88.9239	-70.7112	18.2126
223.82	87.9137	-69.6853	18.2284
223.84	88.2094	-69.9826	18.2268
223.86	87.5803	-69.341	18.2393
223.88	87.4402	-69.1953	18.2449
223.9	87.9787	-69.7287	18.2501
223.92	88.6147	-70.354	18.2607
223.94	88.7442	-70.4948	18.2493
223.96	87.9102	-69.6602	18.25
223.98	87.2065	-68.9775	18.229
224	87.9764	-69.7318	18.2446
224.02	89.2516	-70.9804	18.2712
224.04	89.8091	-71.5328	18.2763
224.06	89.0693	-70.7821	18.2871
224.08	87.3672	-69.0952	18.2719
224.1	86.8344	-68.573	18.2614
224.12	88.2588	-69.9829	18.2759
224.14	89.382	-71.112	18.27
224.16	89.411	-71.1404	18.2706
224.18	89.1904	-70.919	18.2714
224.2	89.6572	-71.3864	18.2708
224.22	89.8452	-71.5804	18.2649
224.24	88.8648	-70.6102	18.2546
224.26	87.5397	-69.2843	18.2554
224.28	87.1601	-68.9203	18.2398
224.3	88.6002	-70.3559	18.2442
224.32	90.3335	-72.1014	18.2321
224.34	90.5739	-72.3412	18.2328
224.36	89.9101	-71.6764	18.2338
224.38	89.611	-71.3828	18.2282
224.4	89.7022	-71.4797	18.2224
224.42	89.8128	-71.5901	18.2227
224.44	90.2341	-72.0168	18.2173
224.46	91.04	-72.8231	18.2169
224.48	91.6443	-73.4283	18.2159
224.5	90.8085	-72.5944	18.2141
224.52	86.9811	-68.7555	18.2256
224.54	82.7669	-64.5308	18.2361
224.56	84.275	-66.0484	18.2266
224.58	87.429	-69.2034	18.2257
224.6	89.42	-71.182	18.238
224.62	91.1414	-72.8872	18.2541
224.64	92.0758	-73.8161	18.2598
224.66	92.148	-73.8824	18.2655
224.68	91.6172	-73.3523	18.2648
224.7	90.2878	-72.0158	18.2719
224.72	90.8012	-72.5344	18.2668
224.74	93.2726	-75.0082	18.2643
224.76	94.1288	-75.8577	18.271
224.78	93.9037	-75.6431	18.2606
224.8	93.1405	-74.9021	18.2385
224.82	91.7304	-73.492	18.2384
224.84	89.7773	-71.5331	18.2443
224.86	88.096	-69.851	18.2451
224.88	87.9333	-69.6608	18.2725
224.9	89.3565	-71.0849	18.2716
224.92	91.1924	-72.9159	18.2765
224.94	92.5642	-74.2877	18.2765
224.96	93.2333	-74.9675	18.2658
224.98	93.4198	-75.1427	18.2771
225	93.5746	-75.308	18.2666
225.02	94.2004	-75.9448	18.2556
225.04	95.1862	-76.9199	18.2663
225.06	96.0544	-77.8102	18.2442
225.08	96.5113	-78.2618	18.2495
225.1	96.4027	-78.1483	18.2544
225.12	95.0702	-76.8228	18.2475
225.14	91.5616	-73.3078	18.2538
225.16	88.9357	-70.6788	18.2569
225.18	90.8897	-72.6466	18.2432
225.2	94.33	-76.0872	18.2429
225.22	97.3229	-79.0755	18.2473
225.24	98.0782	-79.8301	18.2481
225.26	97.3325	-79.0828	18.2497
225.28	97.0606	-78.8223	18.2383
225.3	96.9548	-78.7121	18.2428
225.32	95.6925	-77.4559	18.2366
225.34	92.8305	-74.5878	18.2427
225.36	90.4706	-72.2191	18.2515
225.38	92.527	-74.2733	18.2537
225.4	95.2793	-77.0209	18.2585
225.42	96.0496	-77.7899	18.2597
225.44	95.7864	-77.5213	18.265
225.46	94.3623	-76.0977	18.2647
225.48	92.2511	-73.9784	18.2727
225.5	92.2912	-74.0263	18.2649
225.52	92.2299	-73.9655	18.2645
225.54	90.8562	-72.5791	18.2771
225.56	90.186	-71.9026	18.2834
225.58	91.3084	-73.0258	18.2826
225.6	92.9895	-74.7187	18.2708
225.62	93.6348	-75.3805	18.2543
225.64	92.6928	-74.4489	18.2439
225.66	90.8056	-72.5719	18.2337
225.68	89.0466	-70.8183	18.2283
225.7	87.7415	-69.5136	18.2279
225.72	86.7107	-68.493	18.2177
225.74	86.8094	-68.5918	18.2176
225.76	87.9608	-69.7439	18.217
225.78	89.1443	-70.9335	18.2108
225.8	89.1919	-70.9659	18.2261
225.82	86.7167	-68.4801	18.2365
225.84	81.9518	-63.7239	18.2278
225.86	78.9096	-60.6794	18.2302
225.88	81.2833	-63.0496	18.2337
225.9	86.0763	-67.8568	18.2195
225.92	88.1687	-69.9596	18.2091
225.94	87.2074	-68.9917	18.2157
225.96	84.7801	-66.574	18.2061
225.98	83.0436	-64.8422	18.2014
226	83.3713	-65.1755	18.1958
226.02	85.3718	-67.1777	18.1942
226.04	86.6339	-68.4243	18.2096
226.06	85.6549	-67.4717	18.1832
226.08	83.851	-65.6498	18.2011
226.1	83.214	-65.0133	18.2007
226.12	83.5369	-65.3199	18.2171
226.14	84.3972	-66.1915	18.2057
226.16	85.1073	-66.8965	18.2107
226.18	85.088	-66.8822	18.2058
226.2	85.0186	-66.8011	18.2175
226.22	85.7916	-67.5636	18.228
226.24	86.7865	-68.5593	18.2272
226.26	86.9547	-68.711	18.2437
226.28	86.5063	-68.2451	18.2613
226.3	86.9565	-68.6898	18.2667
226.32	88.3289	-70.0576	18.2713
226.34	89.3621	-71.0854	18.2767
226.36	89.7732	-71.4962	18.277
226.38	89.8657	-71.5942	18.2715
226.4	89.6805	-71.4366	18.2439
226.42	89.208	-70.9751	18.233
226.44	88.5889	-70.3567	18.2322
226.46	87.2585	-69.0206	18.2379
226.48	86.0381	-67.7985	18.2396
226.5	86.8966	-68.6529	18.2437
226.52	88.4916	-70.243	18.2486
226.54	90.4047	-72.1434	18.2614
226.56	93.9715	-75.7237	18.2478
226.58	95.8423	-77.5785	18.2638
226.6	94.4738	-76.2041	18.2697
226.62	90.7733	-72.5017	18.2716
226.64	87.8378	-69.5539	18.2839
226.66	87.6111	-69.3344	18.2766
226.68	88.1976	-69.9321	18.2656
226.7	89.0764	-70.8381	18.2384
226.72	90.0923	-71.8556	18.2368
226.74	89.6321	-71.417	18.2151
226.76	88.332	-70.1204	18.2116
226.78	89.1501	-70.9434	18.2067
226.8	92.256	-74.0797	18.1763
226.82	93.4826	-75.3062	18.1764
226.84	92.2369	-74.0532	18.1837
226.86	90.6999	-72.5105	18.1894
226.88	89.4026	-71.1965	18.2061
226.9	88.7522	-70.5455	18.2068
226.92	89.3413	-71.1299	18.2114
226.94	90.0297	-71.8295	18.2002
226.96	90.2274	-72.0159	18.2115
226.98	90.1554	-71.9552	18.2002
227	89.4075	-71.2078	18.1997
227.02	87.7229	-69.5276	18.1953
227.04	86.9186	-68.7331	18.1855
227.06	88.2964	-70.1069	18.1894
227.08	89.9235	-71.7237	18.1998
227.1	90.4873	-72.3095	18.1778
227.12	89.7274	-71.5331	18.1943
227.14	88.1064	-69.911	18.1953
227.16	87.3196	-69.1347	18.1849
227.18	88.1049	-69.9434	18.1615
227.2	88.9503	-70.7889	18.1614
227.22	89.6516	-71.4789	18.1727
227.24	90.6559	-72.4775	18.1784
227.26	92.0789	-73.9005	18.1783
227.28	93.6285	-75.4175	18.211
227.3	94.8497	-76.6497	18.2
227.32	95.4376	-77.2377	18.1999
227.34	95.3761	-77.1597	18.2164
227.36	94.7011	-76.4963	18.2048
227.38	92.7939	-74.5848	18.2091
227.4	89.0997	-70.8946	18.2051
227.42	86.8381	-68.6268	18.2113
227.44	86.713	-68.5052	18.2077
227.46	85.3547	-67.1422	18.2125
227.48	87.513	-69.3011	18.212
227.5	92.4752	-74.2657	18.2095
227.52	96.1184	-77.8872	18.2312
227.54	97.283	-79.0624	18.2207
227.56	96.3779	-78.1403	18.2376
227.58	94.0653	-75.8132	18.2521
227.6	89.2961	-71.0408	18.2552
227.62	89.1277	-70.8721	18.2556
227.64	93.3883	-75.1328	18.2556
227.66	93.0202	-74.7559	18.2643
227.68	90.8118	-72.5679	18.2439
227.7	89.1392	-70.8849	18.2543
227.72	87.9447	-69.701	18.2438
227.74	88.0976	-69.8376	18.26
227.76	89.1425	-70.9001	18.2424
227.78	89.5034	-71.2539	18.2495
227.8	90.4127	-72.1634	18.2493
227.82	91.3361	-73.0715	18.2646
227.84	90.6994	-72.4508	18.2486
227.86	89.3403	-71.0728	18.2674
227.88	89.9516	-71.7022	18.2495
227.9	90.9954	-72.7459	18.2495
227.92	91.8279	-73.5722	18.2557
227.94	93.1067	-74.8297	18.277
227.96	93.9487	-75.6891	18.2596
227.98	93.338	-75.067	18.2709
228	92.19	-73.9174	18.2726
228.02	92.6196	-74.3433	18.2763
228.04	92.6202	-74.3356	18.2846
228.06	89.0503	-70.7605	18.2898
228.08	82.9741	-64.6924	18.2817
228.1	80.582	-62.308	18.274
228.12	84.8728	-66.6182	18.2546
228.14	86.9296	-68.6698	18.2597
228.16	89.4825	-71.2455	18.2371
228.18	91.832	-73.6007	18.2312
228.2	92.0534	-73.8264	18.227
228.22	91.0404	-72.8085	18.2319
228.24	88.2004	-69.9694	18.231
228.26	83.8667	-65.6259	18.2409
228.28	83.6861	-65.4459	18.2402
228.3	86.9646	-68.7276	18.237
228.32	88.7865	-70.5432	18.2433
228.34	89.0596	-70.8263	18.2333
228.36	88.697	-70.4855	18.2115
228.38	87.944	-69.7544	18.1896
228.4	86.8747	-68.6795	18.1951
228.42	85.7118	-67.5277	18.1841
228.44	84.5905	-66.3849	18.2056
228.46	83.1535	-64.9436	18.2099
228.48	81.058	-62.8508	18.2072
228.5	81.9693	-63.7686	18.2007
228.52	84.7487	-66.5227	18.226
228.54	85.8521	-67.6143	18.2377
228.56	85.6794	-67.446	18.2334
228.58	85.8481	-67.6196	18.2286
228.6	87.0437	-68.8278	18.2159
228.62	87.259	-69.0439	18.2152
228.64	85.4212	-67.1999	18.2213
228.66	82.8068	-64.5788	18.2281
228.68	81.559	-63.3308	18.2283
228.7	82.3757	-64.1588	18.2168
228.72	84.4409	-66.2356	18.2052
228.74	86.7285	-68.5229	18.2057
228.76	89.046	-70.8357	18.2103
228.78	90.0555	-71.8235	18.2319
228.8	89.1491	-70.9054	18.2437
228.82	87.5081	-69.274	18.2341
228.84	87.0824	-68.8319	18.2505
228.86	88.1359	-69.8808	18.2551
228.88	89.6754	-71.4209	18.2545
228.9	90.5683	-72.3046	18.2637
228.92	89.2831	-71.0013	18.2818
228.94	88.0575	-69.7702	18.2873
228.96	87.6965	-69.4199	18.2766
228.98	88.6839	-70.4072	18.2766
229	90.4433	-72.1702	18.2731
229.02	88.7377	-70.4584	18.2793
229.04	85.2466	-66.9591	18.2875
229.06	83.2328	-64.9364	18.2964
229.08	81.8813	-63.5806	18.3007
229.1	85.5393	-67.225	18.3143
229.12	90.3721	-72.0557	18.3164
229.14	90.8447	-72.5209	18.3238
229.16	88.7381	-70.4171	18.321
229.18	87.5624	-69.225	18.3374
229.2	87.5605	-69.2182	18.3423
229.22	87.6818	-69.3401	18.3418
229.24	86.9563	-68.6311	18.3252
229.26	85.2175	-66.8854	18.3321
229.28	84.3896	-66.0676	18.3219
229.3	85.2379	-66.9282	18.3096
229.32	85.9194	-67.6206	18.2988
229.34	85.9835	-67.6732	18.3103
229.36	85.9787	-67.6901	18.2885
229.38	85.9852	-67.686	18.2992
229.4	85.5897	-67.3019	18.2877
229.42	84.1312	-65.8332	18.2981
229.44	81.2127	-62.925	18.2877
229.46	78.3655	-60.0813	18.2842
229.48	78.2773	-59.9998	18.2775
229.5	79.6492	-61.3785	18.2707
229.52	80.5165	-62.2505	18.2659
229.54	81.2579	-62.9863	18.2716
229.56	82.0557	-63.7842	18.2715
229.58	82.687	-64.41	18.277
229.6	83.0054	-64.734	18.2715
229.62	82.8608	-64.6001	18.2607
229.64	82.5244	-64.2577	18.2667
229.66	82.7424	-64.4646	18.2778
229.68	83.7326	-65.4608	18.2718
229.7	84.8341	-66.568	18.2661
229.72	85.7766	-67.494	18.2826
229.74	86.5147	-68.2548	18.2599
229.76	86.1837	-67.9189	18.2648
229.78	84.4745	-66.2303	18.2442
229.8	83.4613	-65.2105	18.2508
229.82	84.7799	-66.5412	18.2387
229.84	87.0053	-68.7788	18.2265
229.86	88.1149	-69.8562	18.2587
229.88	87.3263	-69.0663	18.26
229.9	86.1451	-67.8739	18.2712
229.92	85.3383	-67.0723	18.266
229.94	85.1892	-66.9453	18.2439
229.96	85.4456	-67.1968	18.2487
229.98	85.0296	-66.7924	18.2372
230	83.4215	-65.1776	18.2439
230.02	82.2654	-64.026	18.2394
230.04	82.82	-64.5812	18.2388
230.06	84.418	-66.1738	18.2442
230.08	86.4402	-68.2296	18.2106
230.1	87.7871	-69.5713	18.2158
230.12	87.9396	-69.7398	18.1998
230.14	87.4548	-69.2655	18.1893
230.16	87.1134	-68.9401	18.1734
230.18	87.5702	-69.4023	18.1678
230.2	88.6864	-70.5245	18.1619
230.22	89.6048	-71.4436	18.1613
230.24	89.4907	-71.3075	18.1832
230.26	88.6243	-70.4404	18.1839
230.28	87.9624	-69.7866	18.1758
230.3	84.8792	-66.711	18.1682
230.32	82.4002	-64.2173	18.1829
230.34	87.7881	-69.5939	18.1942
230.36	89.1035	-70.9094	18.1941
230.38	89.4852	-71.2903	18.1948
230.4	90.0796	-71.8634	18.2162
230.42	89.9164	-71.7006	18.2158
230.44	88.3795	-70.1698	18.2097
230.46	85.3956	-67.1897	18.206
230.48	83.9011	-65.6839	18.2172
230.5	84.69	-66.4742	18.2158
230.52	86.2099	-67.9928	18.2171
230.54	88.8643	-70.6373	18.227
230.56	90.9329	-72.7007	18.2322
230.58	91.4879	-73.2339	18.254
230.6	90.4082	-72.1372	18.271
230.62	88.7728	-70.5222	18.2507
230.64	88.8421	-70.6024	18.2398
230.66	90.7083	-72.4753	18.233
230.68	92.5342	-74.3022	18.232
230.7	92.6863	-74.4492	18.2371
230.72	90.959	-72.704	18.2551
230.74	89.5978	-71.337	18.2608
230.76	89.2794	-71.0196	18.2598
230.78	88.9346	-70.6745	18.2601
230.8	89.0181	-70.7744	18.2437
230.82	89.4169	-71.175	18.2419
230.84	88.4601	-70.2228	18.2373
230.86	87.2909	-69.0804	18.2105
230.88	87.1379	-68.939	18.1989
230.9	87.117	-68.9195	18.1975
230.92	85.7548	-67.5555	18.1993
230.94	85.4628	-67.2511	18.2117
230.96	87.848	-69.6322	18.2158
230.98	90.4943	-72.2795	18.2148
231	91.3049	-73.0948	18.2101
231.02	90.7605	-72.5598	18.2006
231.04	90.6317	-72.4197	18.212
231.06	91.395	-73.1785	18.2165
231.08	91.9879	-73.7658	18.2221
231.1	92.363	-74.1244	18.2386
231.12	92.3342	-74.1027	18.2314
231.14	90.041	-71.8323	18.2087
231.16	85.466	-67.2649	18.2011
231.18	83.8431	-65.6345	18.2086
231.2	87.9119	-69.7127	18.1993
231.22	92.3973	-74.2167	18.1806
231.24	93.1475	-74.9669	18.1806
231.26	89.8985	-71.706	18.1925
231.28	85.2233	-67.0169	18.2064
231.3	83.8075	-65.6064	18.2012
231.32	86.0509	-67.8473	18.2036
231.34	87.7007	-69.502	18.1987
231.36	88.1509	-69.9511	18.1999
231.38	88.2749	-70.0764	18.1985
231.4	86.6693	-68.4598	18.2095
231.42	84.57	-66.368	18.202
231.44	86.0257	-67.8268	18.1989
231.46	87.592	-69.3996	18.1924
231.48	86.9499	-68.7497	18.2001
231.5	86.3365	-68.1255	18.2111
231.52	85.8086	-67.5988	18.2098
231.54	84.0059	-65.7951	18.2108
231.56	82.4212	-64.1922	18.2289
231.58	83.0642	-64.8581	18.206
231.6	84.775	-66.5862	18.1888
231.62	86.0235	-67.8293	18.1942
231.64	86.4612	-68.2558	18.2054
231.66	86.2015	-68.0014	18.2001
231.68	85.4617	-67.2397	18.222
231.7	84.349	-66.1378	18.2112
231.72	83.1495	-64.9268	18.2227
231.74	82.5894	-64.3609	18.2285
231.76	83.0566	-64.8177	18.2389
231.78	83.8701	-65.6317	18.2384
231.8	84.3452	-66.1066	18.2386
231.82	84.6281	-66.4003	18.2278
231.84	84.9229	-66.701	18.2219
231.86	84.7854	-66.5691	18.2163
231.88	84.016	-65.7995	18.2164
231.9	82.9619	-64.7342	18.2277
231.92	82.3768	-64.1482	18.2286
231.94	83.3699	-65.1368	18.2331
231.96	84.7299	-66.4877	18.2421
231.98	84.111	-65.8851	18.2259
232	82.8774	-64.6646	18.2128
232.02	84.5524	-66.3321	18.2203
232.04	85.3894	-67.175	18.2144
232.06	83.6942	-65.4787	18.2155
232.08	81.1644	-62.942	18.2225
232.1	80.0855	-61.863	18.2226
232.12	80.7151	-62.4824	18.2327
232.14	81.6804	-63.4641	18.2162
232.16	82.4522	-64.2192	18.233
232.18	83.2752	-65.0472	18.228
232.2	84.5271	-66.2885	18.2386
232.22	85.6366	-67.3983	18.2383
232.24	86.005	-67.7556	18.2493
232.26	85.6668	-67.4119	18.2549
232.28	84.8498	-66.5947	18.255
232.3	83.9618	-65.6954	18.2665
232.32	83.75	-65.4944	18.2555
232.34	84.3502	-66.0899	18.2603
232.36	85.0651	-66.7994	18.2657
232.38	85.5822	-67.3281	18.2541
232.4	85.3898	-67.1354	18.2544
232.42	85.4579	-67.2245	18.2333
232.44	86.6891	-68.4576	18.2315
232.46	86.9823	-68.7452	18.2371
232.48	85.9004	-67.6582	18.2422
232.5	83.3382	-65.0848	18.2534
232.52	80.4177	-62.1677	18.25
232.54	80.0905	-61.8408	18.2497
232.56	82.0977	-63.8224	18.2752
232.58	83.8392	-65.5584	18.2808
232.6	85.0067	-66.7195	18.2873
232.62	86.616	-68.3287	18.2873
232.64	88.5378	-70.251	18.2867
232.66	89.7819	-71.5112	18.2707
232.68	90.4833	-72.2176	18.2657
232.7	91.079	-72.8241	18.2549
232.72	91.6368	-73.3931	18.2438
232.74	91.7025	-73.448	18.2544
232.76	90.7854	-72.5253	18.26
232.78	89.1915	-70.9307	18.2608
232.8	88.2022	-69.9357	18.2664
232.82	88.0895	-69.8024	18.2871
232.84	87.3553	-69.0578	18.2976
232.86	85.4588	-67.1556	18.3031
232.88	82.8491	-64.5569	18.2923
232.9	80.5527	-62.2484	18.3043
232.92	80.479	-62.1802	18.2988
232.94	83.3785	-65.0803	18.2982
232.96	87.3406	-69.0625	18.2781
232.98	87.2835	-68.9992	18.2844
233	84.3722	-66.0824	18.2898
233.02	85.3397	-67.0574	18.2823
233.04	88.0325	-69.7424	18.2901
233.06	87.4344	-69.1371	18.2973
233.08	85.3925	-67.1092	18.2832
233.1	84.7965	-66.5084	18.288
233.12	85.1656	-66.872	18.2936
233.14	86.0509	-67.7523	18.2986
233.16	86.7171	-68.4132	18.3039
233.18	86.7121	-68.4081	18.3041
233.2	86.1588	-67.8602	18.2986
233.22	85.1989	-66.9165	18.2824
233.24	84.3535	-66.0764	18.2771
233.26	84.1025	-65.8088	18.2937
233.28	84.5582	-66.2652	18.2931
233.3	84.9707	-66.6779	18.2927
233.32	85.0115	-66.7289	18.2826
233.34	85.5234	-67.241	18.2824
233.36	86.2692	-68.0042	18.265
233.38	86.017	-67.7303	18.2867
233.4	84.8729	-66.6008	18.2721
233.42	85.3064	-67.0351	18.2713
233.44	86.4635	-68.1883	18.2752
233.46	86.3487	-68.0713	18.2774
233.48	87.1273	-68.8666	18.2607
233.5	88.5984	-70.3281	18.2703
233.52	88.7904	-70.5144	18.276
233.54	87.5846	-69.3141	18.2705
233.56	85.1998	-66.9351	18.2647
233.58	82.1051	-63.8275	18.2776
233.6	81.4427	-63.1482	18.2945
233.62	84.0316	-65.7445	18.2871
233.64	86.8595	-68.5731	18.2863
233.66	88.0161	-69.7346	18.2815
233.68	87.8148	-69.5273	18.2875
233.7	86.8095	-68.5221	18.2874
233.72	85.1411	-66.8482	18.2929
233.74	83.5968	-65.3021	18.2946
233.76	84.312	-66.0187	18.2932
233.78	85.7907	-67.4929	18.2978
233.8	86.3806	-68.0763	18.3043
233.82	86.9681	-68.6803	18.2879
233.84	87.488	-69.1897	18.2983
233.86	87.2144	-68.9103	18.3041
233.88	86.445	-68.1516	18.2935
233.9	85.7018	-67.4084	18.2934
233.92	85.149	-66.8555	18.2935
233.94	84.9001	-66.6239	18.2762
233.96	84.1116	-65.8301	18.2815
233.98	82.7025	-64.4255	18.277
234	81.8417	-63.5593	18.2824
234.02	81.608	-63.3261	18.2819
234.04	81.5219	-63.2341	18.2878
234.06	81.9887	-63.6951	18.2935
234.08	83.1785	-64.8967	18.2819
234.1	84.1678	-65.8748	18.293
234.12	84.9756	-66.6766	18.2989
234.14	85.9201	-67.622	18.2982
234.16	85.8951	-67.6138	18.2813
234.18	84.2604	-65.9839	18.2765
234.2	82.0346	-63.7462	18.2884
234.22	80.6013	-62.3242	18.2771
234.24	79.8799	-61.5977	18.2822
234.26	79.7473	-61.464	18.2833
234.28	81.2939	-63.0278	18.2661
234.3	83.4947	-65.2077	18.2871
234.32	84.7138	-66.4155	18.2983
234.34	85.0481	-66.749	18.2991
234.36	85.2885	-66.9896	18.2989
234.38	85.1579	-66.8649	18.293
234.4	84.1528	-65.8595	18.2933
234.42	82.8657	-64.5607	18.305
234.44	82.3123	-64.0127	18.2995
234.46	82.5226	-64.2074	18.3152
234.48	82.5017	-64.1821	18.3196
234.5	81.1098	-62.7907	18.3191
234.52	78.4471	-60.0986	18.3485
234.54	78.3582	-60.0129	18.3454
234.56	83.0711	-64.7195	18.3516
234.58	86.6465	-68.2836	18.3629
234.6	87.6469	-69.2718	18.3751
234.62	87.1949	-68.8305	18.3644
234.64	85.8132	-67.4488	18.3644
234.66	84.0498	-65.6951	18.3547
234.68	83.8739	-65.519	18.3548
234.7	85.372	-67.025	18.347
234.72	85.5595	-67.2234	18.336
234.74	84.1344	-65.8192	18.3152
234.76	82.787	-64.4599	18.327
234.78	82.997	-64.6489	18.3481
234.8	84.0023	-65.6493	18.353
234.82	85.0452	-66.6978	18.3473
234.84	85.7966	-67.4495	18.3471
234.86	86.645	-68.2908	18.3542
234.88	88.8939	-70.5254	18.3684
234.9	89.771	-71.392	18.3791
234.92	88.145	-69.7655	18.3794
234.94	84.7467	-66.3606	18.3862
234.96	81.9713	-63.5665	18.4048
234.98	82.7309	-64.3328	18.3981
235	85.4996	-67.1198	18.3798
235.02	87.2876	-68.9078	18.3798
235.04	87.3862	-69.0181	18.3682
235.06	84.9889	-66.6161	18.3728
235.08	80.4473	-62.0865	18.3609
235.1	79.723	-61.3578	18.3652
235.12	81.9741	-63.6167	18.3574
235.14	82.9993	-64.6583	18.341
235.16	82.2127	-63.8874	18.3253
235.18	80.8337	-62.4966	18.3371
235.2	80.1464	-61.8203	18.3261
235.22	80.6766	-62.3553	18.3214
235.24	82.6495	-64.3406	18.3089
235.26	84.0083	-65.699	18.3093
235.28	84.4828	-66.162	18.3208
235.3	84.5077	-66.1926	18.3151
235.32	83.8994	-65.5792	18.3202
235.34	82.3088	-63.994	18.3148
235.36	80.4128	-62.1023	18.3105
235.38	79.9752	-61.6714	18.3038
235.4	79.7228	-61.422	18.3008
235.42	77.1071	-58.7867	18.3204
235.44	77.1247	-58.8132	18.3115
235.46	82.2407	-63.9448	18.2959
235.48	85.9367	-67.663	18.2736
235.5	86.2547	-67.9744	18.2803
235.52	84.253	-65.9839	18.2691
235.54	80.7103	-62.4218	18.2885
235.56	79.7801	-61.4636	18.3164
235.58	82.387	-64.0731	18.3139
235.6	84.771	-66.4474	18.3236
235.62	84.6003	-66.2758	18.3245
235.64	82.9169	-64.5904	18.3265
235.66	82.3943	-64.0621	18.3322
235.68	83.4396	-65.1249	18.3147
235.7	84.2076	-65.8772	18.3304
235.72	83.4709	-65.1234	18.3475
235.74	82.0771	-63.7284	18.3487
235.76	81.5311	-63.1937	18.3373
235.78	81.4361	-63.0991	18.337
235.8	81.1707	-62.8392	18.3316
235.82	80.7049	-62.3736	18.3313
235.84	79.8637	-61.5269	18.3368
235.86	79.228	-60.8842	18.3438
235.88	80.3623	-62.015	18.3473
235.9	81.1053	-62.7529	18.3524
235.92	80.4652	-62.1006	18.3646
235.94	80.0606	-61.6896	18.371
235.96	81.0688	-62.7039	18.3649
235.98	82.674	-64.3209	18.3531
236	83.5353	-65.1884	18.3469
236.02	82.7578	-64.4222	18.3355
236.04	80.0853	-61.7387	18.3467
236.06	77.0984	-58.7438	18.3546
236.08	76.8228	-58.4699	18.3529
236.1	77.616	-59.2747	18.3413
236.12	77.8674	-59.5203	18.3471
236.14	77.8006	-59.4579	18.3427
236.16	78.5921	-60.2495	18.3426
236.18	80.0515	-61.7201	18.3313
236.2	81.4786	-63.1421	18.3364
236.22	82.1379	-63.8131	18.3249
236.24	81.3017	-62.9603	18.3414
236.26	79.3965	-61.0379	18.3587
236.28	78.138	-59.7733	18.3647
236.3	78.575	-60.2266	18.3484
236.32	80.6878	-62.3349	18.3529
236.34	82.7817	-64.4244	18.3574
236.36	83.0289	-64.6764	18.3525
236.38	81.954	-63.6167	18.3372
236.4	81.042	-62.71	18.332
236.42	80.7501	-62.4184	18.3318
236.44	80.7215	-62.39	18.3316
236.46	80.6656	-62.3227	18.3429
236.48	80.8528	-62.5047	18.3481
236.5	80.8547	-62.5127	18.342
236.52	80.0189	-61.6603	18.3586
236.54	78.6702	-60.3056	18.3646
236.56	77.6622	-59.3247	18.3375
236.58	77.392	-59.0606	18.3314
236.6	77.3003	-58.9579	18.3423
236.62	77.5096	-59.1612	18.3483
236.64	78.4235	-60.0874	18.3361
236.66	78.4238	-60.0718	18.352
236.68	76.7627	-58.4042	18.3585
236.7	75.1669	-56.8283	18.3386
236.72	76.2509	-57.8915	18.3594
236.74	78.6211	-60.2797	18.3415
236.76	79.79	-61.4431	18.347
236.78	79.3211	-60.9575	18.3635
236.8	77.5363	-59.1665	18.3698
236.82	75.9479	-57.5765	18.3713
236.84	76.4744	-58.1046	18.3698
236.86	77.3534	-58.9733	18.38
236.88	77.1991	-58.8076	18.3915
236.9	76.5064	-58.1145	18.3919
236.92	75.8621	-57.4594	18.4027
236.94	75.2371	-56.8237	18.4134
236.96	74.568	-56.154	18.4141
236.98	74.6746	-56.2603	18.4144
237	75.8936	-57.4854	18.4082
237.02	77.213	-58.8056	18.4075
237.04	77.5548	-59.1418	18.413
237.06	77.146	-58.7427	18.4033
237.08	77.6414	-59.2493	18.3922
237.1	78.9822	-60.5912	18.391
237.12	79.6574	-61.2555	18.4019
237.14	79.3204	-60.9076	18.4129
237.16	78.1331	-59.7425	18.3906
237.18	76.2617	-57.881	18.3807
237.2	76.0185	-57.6419	18.3766
237.22	78.727	-60.359	18.3681
237.24	80.539	-62.1814	18.3575
237.26	80.9019	-62.5433	18.3586
237.28	80.9349	-62.5758	18.359
237.3	81.1413	-62.7825	18.3588
237.32	81.2166	-62.8524	18.3641
237.34	80.9053	-62.5301	18.3752
237.36	80.4099	-62.04	18.3699
237.38	80.0572	-61.6764	18.3807
237.4	79.7254	-61.3344	18.391
237.42	78.5687	-60.1893	18.3795
237.44	76.1899	-57.7985	18.3914
237.46	74.6442	-56.2671	18.3771
237.48	76.2961	-57.9158	18.3803
237.5	78.503	-60.1232	18.3798
237.52	79.663	-61.2826	18.3804
237.54	80.3244	-61.9544	18.37
237.56	81.0641	-62.6943	18.3698
237.58	81.4989	-63.1239	18.375
237.6	81.1933	-62.8182	18.375
237.62	80.1912	-61.8108	18.3804
237.64	78.4748	-60.0779	18.3968
237.66	76.4457	-58.0425	18.4032
237.68	75.5157	-57.1118	18.4039
237.7	76.5863	-58.194	18.3923
237.72	78.6889	-60.2976	18.3913
237.74	80.3925	-62.0014	18.3911
237.76	81.1815	-62.779	18.4025
237.78	81.4981	-63.1117	18.3864
237.8	81.7017	-63.3267	18.375
237.82	81.3804	-62.9946	18.3858
237.84	80.3042	-61.913	18.3912
237.86	78.5602	-60.1689	18.3914
237.88	76.9668	-58.5905	18.3763
237.9	77.2104	-58.8461	18.3643
237.92	78.1374	-59.7631	18.3743
237.94	78.2179	-59.8484	18.3695
237.96	77.9269	-59.557	18.3699
237.98	77.7563	-59.3865	18.3698
238	77.6583	-59.3048	18.3535
238.02	77.8911	-59.5481	18.343
238.04	78.8898	-60.5528	18.3371
238.06	80.0152	-61.6733	18.3419
238.08	80.2958	-61.9429	18.3529
238.1	79.6854	-61.3429	18.3424
238.12	78.9005	-60.5466	18.3539
238.14	78.6371	-60.278	18.3591
238.16	78.7201	-60.3505	18.3696
238.18	78.707	-60.3376	18.3695
238.2	78.5406	-60.1711	18.3695
238.22	78.8157	-60.4511	18.3646
238.24	80.0344	-61.6721	18.3623
238.26	79.8443	-61.4752	18.369
238.28	79.665	-61.2833	18.3818
238.3	81.2929	-62.9128	18.38
238.32	82.5081	-64.1552	18.3529
238.34	82.9174	-64.5696	18.3478
238.36	82.8491	-64.5069	18.3422
238.38	82.1675	-63.8309	18.3366
238.4	80.8893	-62.5524	18.3369
238.42	79.5885	-61.2516	18.3369
238.44	78.5872	-60.2506	18.3366
238.46	78.0852	-59.7535	18.3317
238.48	78.7442	-60.4187	18.3255
238.5	79.6901	-61.3652	18.3249
238.52	79.9082	-61.589	18.3193
238.54	79.2068	-60.8703	18.3364
238.56	78.7579	-60.4261	18.3318
238.58	79.7478	-61.4164	18.3313
238.6	81.3239	-62.994	18.3299
238.62	81.3273	-63.0032	18.3241
238.64	79.1705	-60.8345	18.336
238.66	76.4956	-58.1522	18.3434
238.68	76.1486	-57.805	18.3436
238.7	78.3402	-59.9878	18.3524
238.72	80.0923	-61.7519	18.3403
238.74	79.6249	-61.278	18.3469
238.76	78.9411	-60.5862	18.3549
238.78	80.5582	-62.2013	18.3569
238.8	80.6293	-62.2619	18.3674
238.82	78.5887	-60.2229	18.3658
238.84	79.0252	-60.6721	18.353
238.86	80.234	-61.8874	18.3466
238.88	79.9445	-61.624	18.3205
238.9	79.441	-61.1198	18.3212
238.92	79.6661	-61.3452	18.3209
238.94	80.331	-62.0109	18.32
238.96	80.3479	-62.0501	18.2978
238.98	79.9294	-61.6351	18.2943
239	81.3613	-63.0737	18.2876
239.02	83.3635	-65.0768	18.2867
239.04	84.2178	-65.9309	18.287
239.06	83.9423	-65.6501	18.2922
239.08	82.4684	-64.1707	18.2977
239.1	80.1818	-61.8887	18.2931
239.12	78.6348	-60.3573	18.2774
239.14	79.1819	-60.9049	18.277
239.16	81.1271	-62.8624	18.2647
239.18	82.5261	-64.2393	18.2867
239.2	83.0023	-64.7149	18.2874
239.22	83.148	-64.8495	18.2985
239.24	83.2486	-64.9448	18.3039
239.26	83.1679	-64.8475	18.3205
239.28	83.2063	-64.9018	18.3045
239.3	83.9854	-65.681	18.3043
239.32	85.29	-66.9752	18.3148
239.34	86.2579	-67.9382	18.3197
239.36	86.1901	-67.8593	18.3308
239.38	85.3119	-66.992	18.3199
239.4	83.8314	-65.5066	18.3248
239.42	81.6308	-63.2998	18.331
239.44	79.9976	-61.672	18.3256
239.46	79.6893	-61.3581	18.3313
239.48	80.6026	-62.278	18.3246
239.5	81.0663	-62.7587	18.3076
239.52	80.3217	-62.0397	18.282
239.54	80.4306	-62.1536	18.277
239.56	81.9103	-63.6346	18.2757
239.58	82.8661	-64.5966	18.2695
239.6	82.2227	-63.9574	18.2653
239.62	81.6072	-63.3462	18.261
239.64	82.4015	-64.1525	18.249
239.66	83.177	-64.9175	18.2595
239.68	82.9288	-64.6634	18.2654
239.7	81.9803	-63.7205	18.2598
239.72	80.5843	-62.3183	18.266
239.74	80.1065	-61.8449	18.2616
239.76	81.7195	-63.46	18.2595
239.78	82.9618	-64.6865	18.2753
239.8	82.5666	-64.2904	18.2762
239.82	81.5727	-63.2957	18.277
239.84	81.2008	-62.9236	18.2773
239.86	81.9371	-63.6491	18.288
239.88	83.3394	-65.0575	18.2819
239.9	84.5659	-66.2785	18.2874
239.92	85.556	-67.2737	18.2823
239.94	86.7271	-68.4501	18.2769
239.96	88.1331	-69.8623	18.2708
239.98	88.9479	-70.6781	18.2698
240	87.9285	-69.6756	18.2529
240.02	85.0203	-66.7667	18.2536
240.04	81.5423	-63.2951	18.2471
240.06	77.5009	-59.2582	18.2427
240.08	76.4538	-58.2076	18.2463
240.1	81.6749	-63.4404	18.2345
240.12	85.8273	-67.5962	18.231
240.14	88.7283	-70.4914	18.237
240.16	90.4599	-72.2235	18.2364
240.18	89.9178	-71.6808	18.237
240.2	87.7597	-69.5163	18.2433
240.22	85.5019	-67.2691	18.2328
240.24	84.4217	-66.194	18.2278
240.26	85.3982	-67.167	18.2312
240.28	85.931	-67.7067	18.2243
240.3	84.2566	-66.0247	18.2319
240.32	82.8126	-64.5744	18.2382
240.34	83.0634	-64.8251	18.2383
240.36	84.8877	-66.6284	18.2593
240.38	86.8495	-68.6124	18.2371
240.4	88.0655	-69.8065	18.259
240.42	88.1451	-69.8811	18.264
240.44	86.6958	-68.4361	18.2597
240.46	85.4468	-67.1804	18.2665
240.48	85.9236	-67.6583	18.2654
240.5	86.7356	-68.4877	18.2479
240.52	86.2651	-68.0059	18.2592
240.54	84.9679	-66.7292	18.2387
240.56	84.5603	-66.3225	18.2379
240.58	84.1934	-65.9621	18.2313
240.6	82.7659	-64.5274	18.2384
240.62	82.2329	-63.9941	18.2388
240.64	83.0284	-64.7748	18.2536
240.66	83.1554	-64.8906	18.2647
240.68	82.6595	-64.4045	18.2551
240.7	83.2608	-64.9945	18.2664
240.72	85.1208	-66.845	18.2758
240.74	86.1069	-67.8364	18.2705
240.76	85.9299	-67.6532	18.2767
240.78	85.3655	-67.094	18.2715
240.8	84.8599	-66.5886	18.2713
240.82	84.3023	-66.0423	18.2601
240.84	83.4571	-65.197	18.2601
240.86	82.5207	-64.2712	18.2495
240.88	82.13	-63.8862	18.2437
240.9	81.9882	-63.7455	18.2426
240.92	80.9404	-62.7195	18.2209
240.94	79.3766	-61.1386	18.238
240.96	78.7469	-60.5024	18.2445
240.98	80.4785	-62.2458	18.2327
241	83.1781	-64.9524	18.2257
241.02	84.3476	-66.1215	18.2261
241.04	84.0438	-65.8055	18.2383
241.06	83.7215	-65.4774	18.2441
241.08	83.868	-65.6187	18.2493
241.1	84.0241	-65.7637	18.2604
241.12	84.1947	-65.9341	18.2606
241.14	84.5268	-66.2663	18.2606
241.16	84.902	-66.647	18.255
241.18	85.1576	-66.9081	18.2496
241.2	85.3215	-67.0718	18.2497
241.22	85.5832	-67.328	18.2551
241.24	86.0033	-67.7539	18.2494
241.26	86.4085	-68.1648	18.2438
241.28	86.6439	-68.4114	18.2325
241.3	86.485	-68.2581	18.2269
241.32	86.5406	-68.3066	18.2339
241.34	88.5758	-70.349	18.2268
241.36	90.6454	-72.4041	18.2413
241.38	89.8408	-71.6278	18.213
241.4	86.3492	-68.1319	18.2173
241.42	85.7308	-67.5097	18.2211
241.44	87.0579	-68.838	18.2199
241.46	88.0128	-69.7701	18.2427
241.48	89.2113	-70.9639	18.2475
241.5	89.7111	-71.4639	18.2473
241.52	89.0599	-70.8058	18.2541
241.54	88.965	-70.7156	18.2494
241.56	90.2401	-72.0087	18.2313
241.58	90.8179	-72.5872	18.2307
241.6	89.6866	-71.4653	18.2212
241.62	88.9804	-70.752	18.2284
241.64	90.6487	-72.4382	18.2105
241.66	92.7576	-74.5694	18.1883
241.68	94.1757	-75.9981	18.1776
241.7	94.8913	-76.7136	18.1776
241.72	94.8826	-76.6995	18.1831
241.74	94.1554	-75.9723	18.1831
241.76	92.9709	-74.7818	18.1891
241.78	92.2434	-74.0536	18.1898
241.8	93.1601	-74.9818	18.1783
241.82	95.0217	-76.8396	18.1821
241.84	95.496	-77.3206	18.1754
241.86	93.1941	-75.0184	18.1756
241.88	89.1873	-70.994	18.1933
241.9	86.1934	-68.0098	18.1836
241.92	86.3416	-68.1479	18.1937
241.94	88.8263	-70.6382	18.1881
241.96	92.8191	-74.6597	18.1593
241.98	95.7792	-77.6328	18.1465
242	95.3131	-77.153	18.1601
242.02	94.3237	-76.1525	18.1712
242.04	93.4039	-75.222	18.182
242.06	92.1649	-73.998	18.1669
242.08	92.0377	-73.8605	18.1772
242.1	92.2644	-74.071	18.1934
242.12	92.464	-74.2696	18.1943
242.14	93.4962	-75.3301	18.1661
242.16	94.3001	-76.1412	18.1589
242.18	93.102	-74.9522	18.1498
242.2	93.1745	-75.0333	18.1413
242.22	96.6572	-78.52	18.1372
242.24	98.423	-80.2686	18.1544
242.26	98.1007	-79.9402	18.1605
242.28	96.4945	-78.3394	18.1551
242.3	93.9575	-75.8077	18.1498
242.32	91.2779	-73.0891	18.1887
242.34	89.5197	-71.3486	18.1711
242.36	88.2137	-70.0473	18.1664
242.38	88.1447	-69.9812	18.1635
242.4	86.3551	-68.1826	18.1725
242.42	82.8716	-64.6916	18.18
242.44	86.4712	-68.2899	18.1813
242.46	91.9724	-73.7783	18.1941
242.48	92.626	-74.4346	18.1914
242.5	90.3479	-72.1503	18.1976
242.52	87.5487	-69.3471	18.2017
242.54	89.311	-71.1405	18.1705
242.56	91.5869	-73.4131	18.1739
242.58	90.2416	-72.0759	18.1657
242.6	88.6165	-70.4386	18.1779
242.62	88.4295	-70.2268	18.2026
242.64	87.3602	-69.1564	18.2038
242.66	86.3168	-68.1198	18.197
242.68	84.7961	-66.6135	18.1826
242.7	85.1147	-66.9146	18.2
242.72	88.2169	-70.0076	18.2093
242.74	91.0964	-72.8877	18.2087
242.76	92.0236	-73.826	18.1977
242.78	90.7383	-72.5342	18.2041
242.8	89.1212	-70.9206	18.2006
242.82	89.5113	-71.3069	18.2044
242.84	90.1782	-71.957	18.2211
242.86	90.7158	-72.5	18.2159
242.88	91.2133	-72.9981	18.2152
242.9	90.7395	-72.4977	18.2419
242.92	88.4276	-70.1748	18.2528
242.94	84.9971	-66.7537	18.2434
242.96	82.9394	-64.7072	18.2322
242.98	83.3981	-65.1593	18.2389
243	86.9908	-68.7447	18.246
243.02	89.051	-70.7888	18.2623
243.04	88.0974	-69.822	18.2755
243.06	87.1925	-68.9263	18.2662
243.08	88.3245	-70.0715	18.253
243.1	89.0486	-70.8059	18.2427
243.12	89.5813	-71.3542	18.2271
243.14	90.7012	-72.47	18.2312
243.16	90.6484	-72.4177	18.2307
243.18	88.6556	-70.4246	18.2309
243.2	85.4202	-67.1882	18.2319
243.22	83.6462	-65.4221	18.2241
243.24	86.6639	-68.4489	18.215
243.26	90.2187	-72.0157	18.203
243.28	91.4542	-73.2455	18.2087
243.3	90.2123	-71.998	18.2143
243.32	87.0499	-68.8234	18.2265
243.34	84.2763	-66.0366	18.2397
243.36	84.9498	-66.7056	18.2442
243.38	87.8781	-69.636	18.2421
243.4	89.8713	-71.6454	18.2259
243.42	90.4203	-72.1938	18.2265
243.44	90.154	-71.9328	18.2213
243.46	89.3582	-71.126	18.2322
243.48	88.2397	-70.0017	18.238
243.5	87.3026	-69.0754	18.2272
243.52	86.8539	-68.6266	18.2273
243.54	87.0777	-68.8557	18.222
243.56	87.9827	-69.7611	18.2217
243.58	89.0735	-70.8685	18.205
243.6	89.8926	-71.6767	18.2159
243.62	90.3044	-72.0885	18.2159
243.64	90.3109	-72.084	18.2268
243.66	90.0156	-71.7777	18.2379
243.68	89.7091	-71.4876	18.2214
243.7	89.4573	-71.2582	18.1991
243.72	88.887	-70.6824	18.2046
243.74	88.2555	-70.0666	18.1889
243.76	88.4407	-70.2575	18.1832
243.78	89.1571	-70.9688	18.1883
243.8	89.8033	-71.6207	18.1825
243.82	89.9301	-71.753	18.1771
243.84	89.5582	-71.3972	18.161
243.86	89.212	-71.0507	18.1613
243.88	89.4022	-71.241	18.1612
243.9	90.1883	-72.0054	18.1829
243.92	91.4092	-73.2378	18.1714
243.94	92.2862	-74.128	18.1583
243.96	90.6628	-72.5047	18.1581
243.98	88.035	-69.8668	18.1682
244	89.6405	-71.4832	18.1573
244.02	90.4121	-72.2531	18.159
244.04	90.2131	-72.0463	18.1669
244.06	91.9327	-73.7494	18.1832
244.08	95.1352	-76.9423	18.1928
244.1	97.6254	-79.4278	18.1976
244.12	98.0243	-79.8157	18.2087
244.14	96.3388	-78.1241	18.2147
244.16	93.8354	-75.6244	18.2109
244.18	92.9075	-74.6918	18.2157
244.2	92.9379	-74.7347	18.2032
244.22	92.1321	-73.9337	18.1984
244.24	91.2185	-73.0252	18.1934
244.26	90.8435	-72.6682	18.1754
244.28	89.5226	-71.3638	18.1588
244.3	87.6662	-69.4999	18.1663
244.32	88.1855	-69.9977	18.1878
244.34	90.5092	-72.3171	18.1922
244.36	92.4546	-74.2675	18.187
244.38	93.6048	-75.4071	18.1978
244.4	93.3617	-75.1707	18.191
244.42	90.2732	-72.0876	18.1856
244.44	86.3296	-68.1278	18.2018
244.46	87.1744	-68.9658	18.2086
244.48	88.4931	-70.268	18.2251
244.5	88.5106	-70.2904	18.2202
244.52	87.6791	-69.4531	18.226
244.54	86.656	-68.4343	18.2217
244.56	87.0722	-68.8721	18.2001
244.58	88.9645	-70.7545	18.21
244.6	90.7323	-72.5221	18.2102
244.62	92.0329	-73.8336	18.1993
244.64	92.7354	-74.5257	18.2097
244.66	92.2279	-74.008	18.2199
244.68	89.9366	-71.6998	18.2368
244.7	87.2027	-68.9547	18.248
244.72	85.101	-66.8362	18.2649
244.74	84.6501	-66.3799	18.2702
244.76	85.3952	-67.1423	18.2529
244.78	85.6604	-67.4013	18.259
244.8	85.7864	-67.5274	18.259
244.82	85.9272	-67.6784	18.2488
244.84	86.951	-68.6971	18.2539
244.86	88.3631	-70.0934	18.2698
244.88	89.0329	-70.7525	18.2804
244.9	88.1937	-69.9137	18.28
244.92	85.6408	-67.3376	18.3032
244.94	83.8611	-65.5558	18.3052
244.96	85.3129	-67.0313	18.2816
244.98	87.7503	-69.4584	18.2919
245	89.4252	-71.1333	18.2918
245.02	89.8256	-71.528	18.2976
245.04	89.1646	-70.8775	18.2871
245.06	88.098	-69.8106	18.2874
245.08	87.0787	-68.7917	18.2869
245.1	85.6396	-67.3538	18.2858
245.12	82.7432	-64.4409	18.3023
245.14	79.6118	-61.3061	18.3057
245.16	80.4994	-62.1956	18.3038
245.18	83.2812	-64.9738	18.3074
245.2	84.6131	-66.3103	18.3028
245.22	84.9524	-66.6491	18.3034
245.24	84.9514	-66.6424	18.309
245.26	84.8083	-66.4938	18.3145
245.28	84.6142	-66.2892	18.325
245.3	83.7549	-65.4197	18.3352
245.32	81.776	-63.4449	18.3311
245.34	80.573	-62.226	18.347
245.36	79.8592	-61.5238	18.3354
245.38	79.3514	-61.0083	18.3431
245.4	80.996	-62.6605	18.3356
245.42	82.4423	-64.1069	18.3354
245.44	82.7172	-64.3757	18.3415
245.46	82.3599	-64.0237	18.3362
245.48	81.653	-63.3054	18.3475
245.5	81.0393	-62.6918	18.3475
245.52	80.5791	-62.2263	18.3527
245.54	80.1333	-61.78	18.3533
245.56	80.3229	-61.9643	18.3586
245.58	80.9006	-62.5368	18.3638
245.6	81.3239	-62.9762	18.3477
245.62	81.804	-63.4673	18.3367
245.64	82.1859	-63.8548	18.3311
245.66	82.149	-63.807	18.342
245.68	81.6051	-63.2575	18.3476
245.7	80.7562	-62.4083	18.3479
245.72	80.086	-61.7325	18.3534
245.74	79.7223	-61.3698	18.3525
245.76	78.6821	-60.2978	18.3843
245.78	76.2164	-57.8197	18.3967
245.8	74.8332	-56.4344	18.3988
245.82	77.1311	-58.7349	18.3962
245.84	79.8423	-61.4478	18.3945
245.86	79.8972	-61.5196	18.3776
245.88	76.6678	-58.2673	18.4006
245.9	73.1779	-54.7835	18.3944
245.92	74.8151	-56.425	18.3901
245.94	77.2703	-58.8858	18.3846
245.96	78.6039	-60.224	18.3799
245.98	79.3767	-60.9917	18.385
246	79.0954	-60.7052	18.3902
246.02	77.5931	-59.2017	18.3914
246.04	76.6653	-58.2621	18.4032
246.06	77.3798	-58.9562	18.4236
246.08	78.0019	-59.5673	18.4345
246.1	78.1935	-59.7526	18.4409
246.12	78.9531	-60.512	18.441
246.14	80.3753	-61.9297	18.4456
246.16	81.162	-62.7176	18.4445
246.18	79.7518	-61.3029	18.4489
246.2	75.9803	-57.5116	18.4686
246.22	75.0045	-56.5459	18.4586
246.24	77.8161	-59.362	18.4541
246.26	78.5893	-60.1284	18.4609
246.28	77.5615	-59.1044	18.4571
246.3	76.8867	-58.44	18.4467
246.32	77.4103	-58.9585	18.4518
246.34	78.3977	-59.9194	18.4783
246.36	78.433	-59.9657	18.4673
246.38	77.3408	-58.8671	18.4738
246.4	76.5231	-58.0539	18.4692
246.42	77.1005	-58.6431	18.4574
246.44	78.0632	-59.6061	18.4571
246.46	78.613	-60.1668	18.4462
246.48	78.7004	-60.2541	18.4463
246.5	78.3999	-59.959	18.4409
246.52	77.7704	-59.3296	18.4408
246.54	76.8117	-58.3656	18.4461
246.56	75.5917	-57.1509	18.4407
246.58	74.5477	-56.1065	18.4412
246.6	74.5542	-56.1181	18.4361
246.62	76.1477	-57.7122	18.4355
246.64	78.5072	-60.0667	18.4405
246.66	80.7534	-62.3023	18.4511
246.68	82.1835	-63.7439	18.4396
246.7	82.0305	-63.5799	18.4506
246.72	80.5504	-62.1104	18.44
246.74	78.4807	-60.0626	18.4181
246.76	76.4391	-58.0201	18.4189
246.78	75.5695	-57.1615	18.408
246.8	76.2748	-57.8774	18.3974
246.82	78.7941	-60.3976	18.3964
246.84	81.5965	-63.1957	18.4008
246.86	82.7983	-64.4029	18.3954
246.88	82.1574	-63.7504	18.407
246.9	80.7579	-62.3439	18.4139
246.92	80.4784	-62.0651	18.4133
246.94	80.6358	-62.2293	18.4065
246.96	79.596	-61.1835	18.4124
246.98	77.8461	-59.4327	18.4134
247	76.7985	-58.3847	18.4138
247.02	77.2738	-58.8545	18.4193
247.04	79.1825	-60.7805	18.402
247.06	81.172	-62.76	18.4121
247.08	81.8954	-63.4943	18.4011
247.1	81.3581	-62.9671	18.391
247.12	80.9166	-62.5247	18.3919
247.14	81.7014	-63.3161	18.3853
247.16	82.2963	-63.9121	18.3842
247.18	81.2592	-62.8905	18.3687
247.2	79.991	-61.6317	18.3592
247.22	80.4562	-62.1033	18.3529
247.24	81.6519	-63.2895	18.3624
247.26	81.6633	-63.3069	18.3564
247.28	79.9462	-61.5995	18.3467
247.3	78.6614	-60.3021	18.3593
247.32	79.6239	-61.2722	18.3517
247.34	80.2992	-61.9584	18.3409
247.36	80.2777	-61.93	18.3476
247.38	80.8476	-62.5276	18.32
247.4	81.738	-63.4125	18.3256
247.42	82.7925	-64.4724	18.3201
247.44	83.7805	-65.4553	18.3252
247.46	84.0825	-65.7356	18.3469
247.48	83.4276	-65.0915	18.3361
247.5	82.1195	-63.7836	18.3359
247.52	80.1387	-61.7927	18.346
247.54	77.4574	-59.1088	18.3486
247.56	77.4499	-59.124	18.3259
247.58	79.4782	-61.1644	18.3138
247.6	81.14	-62.8202	18.3198
247.62	82.3827	-64.0846	18.2981
247.64	83.2047	-64.9012	18.3035
247.66	83.4899	-65.1808	18.3092
247.68	83.4145	-65.1049	18.3096
247.7	83.4485	-65.1278	18.3207
247.72	83.8279	-65.5184	18.3095
247.74	84.2594	-65.9447	18.3146
247.76	84.3027	-65.9883	18.3144
247.78	83.8107	-65.4907	18.32
247.8	83.0416	-64.7378	18.3038
247.82	82.3839	-64.0748	18.3092
247.84	81.8886	-63.5742	18.3144
247.86	81.3674	-63.0529	18.3144
247.88	81.0936	-62.79	18.3036
247.9	81.4988	-63.2063	18.2925
247.92	82.527	-64.2515	18.2754
247.94	83.4453	-65.1595	18.2858
247.96	83.7857	-65.4993	18.2864
247.98	84.2597	-65.9732	18.2866
248	85.4386	-67.1625	18.2761
248.02	87.3618	-69.0815	18.2803
248.04	88.4117	-70.1255	18.2861
248.06	88.6665	-70.3792	18.2873
248.08	89.4056	-71.0964	18.3093
248.1	90.5184	-72.2208	18.2976
248.12	90.9761	-72.6785	18.2976
248.14	90.6255	-72.344	18.2815
248.16	89.8666	-71.5796	18.287
248.18	88.816	-70.5182	18.2978
248.2	87.6016	-69.3092	18.2924
248.22	86.5117	-68.2146	18.2971
248.24	85.0012	-66.6942	18.3071
248.26	82.8045	-64.5146	18.2899
248.28	80.3946	-62.1013	18.2933
248.3	82.1607	-63.8589	18.3018
248.32	85.72	-67.4184	18.3016
248.34	88.0949	-69.8035	18.2914
248.36	89.408	-71.1218	18.2862
248.38	89.7961	-71.4987	18.2974
248.4	89.5334	-71.2253	18.3082
248.42	88.5606	-70.2357	18.3249
248.44	87.3323	-69.0184	18.3139
248.46	86.2387	-67.9246	18.3142
248.48	85.8277	-67.5134	18.3142
248.5	86.2847	-67.9657	18.3191
248.52	86.7407	-68.4051	18.3356
248.54	87.1087	-68.7726	18.336
248.56	87.6835	-69.3536	18.3298
248.58	87.5709	-69.2412	18.3297
248.6	86.5586	-68.2173	18.3413
248.62	85.5533	-67.1895	18.3638
248.64	85.3537	-67.0129	18.3408
248.66	84.9175	-66.5828	18.3347
248.68	84.5358	-66.1991	18.3368
248.7	86.126	-67.8085	18.3175
248.72	87.1102	-68.8069	18.3033
248.74	88.9432	-70.6513	18.2919
248.76	91.0476	-72.7617	18.2859
248.78	92.0068	-73.7209	18.2859
248.8	91.3913	-73.1275	18.2638
248.82	89.262	-70.997	18.265
248.84	87.6385	-69.3834	18.2551
248.86	87.7549	-69.5025	18.2524
248.88	86.5649	-68.3134	18.2515
248.9	83.4296	-65.1584	18.2711
248.92	82.9138	-64.642	18.2718
248.94	86.0701	-67.795	18.2751
248.96	89.6433	-71.3631	18.2802
248.98	92.1143	-73.8393	18.275
249	93.3114	-75.0139	18.2975
249.02	93.6414	-75.3221	18.3193
249.04	92.9172	-74.6095	18.3077
249.06	90.6228	-72.3095	18.3132
249.08	87.2028	-68.8886	18.3142
249.1	84.4488	-66.1282	18.3206
249.12	84.041	-65.7147	18.3262
249.14	86.2192	-67.9049	18.3143
249.16	89.327	-71.0141	18.3129
249.18	90.9919	-72.6742	18.3178
249.2	90.1845	-71.8661	18.3184
249.22	87.8188	-69.4993	18.3195
249.24	85.8181	-67.4977	18.3204
249.26	85.5337	-67.2137	18.32
249.28	86.2136	-67.8952	18.3184
249.3	85.6373	-67.3527	18.2845
249.32	82.964	-64.6605	18.3035
249.34	81.8948	-63.5951	18.2996
249.36	84.1229	-65.843	18.2799
249.38	85.5764	-67.2796	18.2968
249.4	85.8261	-67.528	18.2981
249.42	86.3727	-68.0746	18.2982
249.44	87.239	-68.9195	18.3195
249.46	87.527	-69.2137	18.3133
249.48	86.4047	-68.0859	18.3188
249.5	84.2724	-65.9521	18.3203
249.52	83.4082	-65.0985	18.3097
249.54	84.395	-66.0977	18.2973
249.56	85.3003	-66.9924	18.3079
249.58	85.3594	-67.0508	18.3086
249.6	85.2401	-66.9372	18.3029
249.62	84.7273	-66.4304	18.2969
249.64	83.4266	-65.1126	18.314
249.66	82.2844	-63.9758	18.3086
249.68	81.6311	-63.334	18.2971
249.7	80.7475	-62.468	18.2795
249.72	78.9197	-60.6433	18.2764
249.74	79.8506	-61.5676	18.283
249.76	84.2539	-65.9746	18.2794
249.78	87.0673	-68.7927	18.2746
249.8	87.9286	-69.6474	18.2811
249.82	88.0579	-69.7761	18.2818
249.84	88.2711	-70.0223	18.2488
249.86	88.5231	-70.2965	18.2265
249.88	88.4477	-70.2156	18.232
249.9	88.2002	-69.9791	18.2212
249.92	87.9301	-69.7153	18.2148
249.94	86.9415	-68.7262	18.2153
249.96	86.3613	-68.1337	18.2276
249.98	87.7794	-69.57	18.2094
