0	200	-21.5221	178.478
0.02	215.309	-36.8339	178.475
0.04	223.199	-44.7056	178.493
0.06	223.691	-45.1779	178.513
0.08	216.534	-38.0284	178.505
0.1	214.306	-35.7917	178.514
0.12	221.731	-43.2201	178.511
0.14	226.719	-48.2018	178.517
0.16	226.517	-47.981	178.536
0.18	224.467	-45.9179	178.549
0.2	222.999	-44.4433	178.555
0.22	218.554	-40.0084	178.546
0.24	214.1	-35.5479	178.552
0.26	211.803	-33.2605	178.542
0.28	209.101	-30.5476	178.553
0.3	213.506	-34.948	178.558
0.32	222.798	-44.2456	178.552
0.34	225.708	-47.1688	178.539
0.36	219.278	-40.7376	178.54
0.38	218.825	-40.3179	178.507
0.4	220.688	-42.199	178.489
0.42	218.467	-39.9671	178.5
0.44	217.397	-38.884	178.513
0.46	214.623	-36.1252	178.498
0.48	212.452	-33.9768	178.475
0.5	215.263	-36.7806	178.483
0.52	214.939	-36.4277	178.511
0.54	218.647	-40.1433	178.504
0.56	220.474	-41.9723	178.502
0.58	219.133	-40.6361	178.497
0.6	215.499	-36.9844	178.515
0.62	208.706	-30.1736	178.532
0.64	212.486	-33.9456	178.54
0.66	218.688	-40.1555	178.532
0.68	219.26	-40.7017	178.558
0.7	218.246	-39.6862	178.56
0.72	217.971	-39.4185	178.552
0.74	215.635	-37.0889	178.546
0.76	211.353	-32.8178	178.535
0.78	211.995	-33.4554	178.539
0.8	216.763	-38.2099	178.553
0.82	220.658	-42.0943	178.563
0.84	221.758	-43.2176	178.541
0.86	219.766	-41.1893	178.577
0.88	219.236	-40.6318	178.604
0.9	220.509	-41.9089	178.6
0.92	218.712	-40.0997	178.612
0.94	215.981	-37.3885	178.592
0.96	216.596	-38.0045	178.591
0.98	218.251	-39.6598	178.591
1	215.046	-36.4621	178.584
1.02	213.644	-35.0561	178.588
1.04	218.047	-39.4383	178.609
1.06	220.87	-42.2472	178.623
1.08	222.654	-44.0299	178.624
1.1	218.269	-39.6598	178.609
1.12	214.147	-35.5428	178.605
1.14	216.486	-37.8884	178.598
1.16	212.581	-33.963	178.618
1.18	212.03	-33.425	178.605
1.2	214.369	-35.7473	178.622
1.22	214.678	-36.0513	178.626
1.24	221.443	-42.817	178.626
1.26	227.913	-49.2948	178.619
1.28	226.97	-48.3392	178.631
1.3	221.292	-42.6367	178.655
1.32	221.471	-42.832	178.639
1.34	223.132	-44.5081	178.624
1.36	218.189	-39.5549	178.634
1.38	215.166	-36.5199	178.646
1.4	220.259	-41.6158	178.643
1.42	224.001	-45.3559	178.645
1.44	226.009	-47.3589	178.65
1.46	225.805	-47.1424	178.663
1.48	225.312	-46.6662	178.645
1.5	223.962	-45.3129	178.649
1.52	220.908	-42.2446	178.663
1.54	221.474	-42.8162	178.657
1.56	224.583	-45.9488	178.634
1.58	222.188	-43.5625	178.625
1.6	216.524	-37.89	178.634
1.62	214.752	-36.1049	178.647
1.64	220.35	-41.7161	178.634
1.66	227.388	-48.7623	178.625
1.68	229.503	-50.8689	178.634
1.7	228.459	-49.8333	178.626
1.72	228.674	-50.0638	178.61
1.74	230.309	-51.7402	178.569
1.76	230.435	-51.8388	178.596
1.78	228.382	-49.8042	178.578
1.8	223.28	-44.6996	178.58
1.82	219.531	-40.9719	178.559
1.84	220.817	-42.2734	178.544
1.86	226.055	-47.5165	178.538
1.88	228.041	-49.5139	178.527
1.9	229.839	-51.2909	178.548
1.92	230.41	-51.8756	178.534
1.94	227.869	-49.3649	178.504
1.96	224.744	-46.2362	178.508
1.98	220.257	-41.7429	178.514
2	218.102	-39.6002	178.502
2.02	213.646	-35.1314	178.515
2.04	215.103	-36.5755	178.527
2.06	217.942	-39.3914	178.551
2.08	220.993	-42.4491	178.544
2.1	222.674	-44.1316	178.543
2.12	220.991	-42.4811	178.51
2.14	222.882	-44.3674	178.515
2.16	227.713	-49.2118	178.501
2.18	230.086	-51.598	178.488
2.2	226.444	-47.9454	178.499
2.22	220.351	-41.8545	178.496
2.24	221.606	-43.0965	178.509
2.26	221.387	-42.8702	178.516
2.28	217.692	-39.1643	178.528
2.3	213.256	-34.7179	178.538
2.32	213.854	-35.3174	178.536
2.34	219.021	-40.4961	178.525
2.36	224.699	-46.1811	178.518
2.38	226.742	-48.2287	178.514
2.4	225.714	-47.2056	178.509
2.42	221.884	-43.3677	178.517
2.44	215.797	-37.2752	178.522
2.46	218.2	-39.7012	178.499
2.48	218.562	-40.065	178.497
2.5	216.991	-38.4849	178.506
2.52	217.116	-38.6075	178.509
2.54	217.639	-39.1062	178.533
2.56	219.693	-41.1625	178.53
2.58	220.191	-41.65	178.541
2.6	218.186	-39.6401	178.546
2.62	214.444	-35.8966	178.548
2.64	211.649	-33.1006	178.549
2.66	213.541	-35.0199	178.521
2.68	218.494	-39.9743	178.52
2.7	218.03	-39.5208	178.509
2.72	217.237	-38.7305	178.507
2.74	216.774	-38.2625	178.511
2.76	219.166	-40.641	178.525
2.78	221.383	-42.8584	178.525
2.8	221.901	-43.3793	178.521
2.82	216.248	-37.7326	178.515
2.84	213.617	-35.06	178.557
2.86	220.116	-41.5549	178.562
2.88	219.45	-40.8951	178.555
2.9	216.312	-37.7552	178.557
2.92	215.926	-37.3672	178.559
2.94	220.65	-42.0825	178.567
2.96	223.645	-45.0536	178.591
2.98	225.941	-47.3447	178.596
3	226.504	-47.9266	178.577
3.02	222.062	-43.4901	178.572
3.04	216.036	-37.4454	178.591
3.06	218.627	-40.0355	178.592
3.08	224.681	-46.0979	178.583
3.1	227.257	-48.6945	178.562
3.12	226.528	-47.9588	178.569
3.14	223.379	-44.8074	178.572
3.16	216.831	-38.2713	178.559
3.18	216.28	-37.7143	178.565
3.2	221.301	-42.7689	178.532
3.22	220.856	-42.3292	178.527
3.24	215.781	-37.2415	178.54
3.26	212.838	-34.2971	178.541
3.28	216.634	-38.1003	178.534
3.3	220.956	-42.4068	178.549
3.32	220.066	-41.5347	178.531
3.34	214.686	-36.1543	178.532
3.36	219.004	-40.4921	178.512
3.38	224.712	-46.1908	178.521
3.4	224.035	-45.5101	178.525
3.42	221.109	-42.5924	178.517
3.44	219.918	-41.3951	178.523
3.46	220.464	-41.9637	178.5
3.48	216.951	-38.447	178.504
3.5	216.336	-37.8424	178.494
3.52	219.827	-41.3396	178.488
3.54	218.486	-39.9734	178.513
3.56	216.081	-37.5624	178.519
3.58	219.545	-41.0468	178.498
3.6	223.537	-45.0405	178.497
3.62	224.741	-46.2316	178.51
3.64	225.513	-46.9917	178.521
3.66	226.256	-47.7435	178.513
3.68	224.482	-45.9555	178.527
3.7	223.799	-45.2828	178.516
3.72	224.868	-46.3543	178.513
3.74	224.754	-46.2574	178.496
3.76	222.747	-44.2394	178.507
3.78	221.358	-42.821	178.537
3.8	223.534	-44.9821	178.552
3.82	225.852	-47.3015	178.551
3.84	226.184	-47.6162	178.568
3.86	224.888	-46.3375	178.551
3.88	222.388	-43.8378	178.55
3.9	223.97	-45.4169	178.553
3.92	226.506	-47.943	178.563
3.94	228.145	-49.5811	178.564
3.96	228.848	-50.2689	178.579
3.98	225.934	-47.337	178.597
4	214.974	-36.4129	178.561
4.02	201.322	-22.7142	178.607
4.04	219.674	-41.1051	178.569
4.06	224.762	-46.2154	178.546
4.08	226.271	-47.7407	178.53
4.1	225.347	-46.8206	178.527
4.12	219.375	-40.8389	178.536
4.14	217.995	-39.4639	178.532
4.16	221.729	-43.198	178.531
4.18	219.257	-40.7084	178.549
4.2	208.556	-29.9754	178.58
4.22	208.535	-29.9561	178.579
4.24	208.642	-30.0662	178.576
4.26	218.412	-39.8338	178.578
4.28	225.792	-47.2264	178.566
4.3	226.759	-48.2013	178.558
4.32	224.908	-46.3329	178.575
4.34	221.827	-43.2609	178.566
4.36	220.615	-42.0485	178.566
4.38	221.524	-42.9662	178.557
4.4	220.472	-41.8925	178.58
4.42	217.664	-39.0774	178.587
4.44	216.467	-37.8692	178.598
4.46	217.012	-38.4347	178.577
4.48	217.382	-38.7873	178.595
4.5	222.623	-44.0499	178.573
4.52	226.947	-48.3734	178.573
4.54	227.869	-49.2994	178.57
4.56	221.638	-43.0813	178.557
4.58	215.431	-36.8549	178.576
4.6	220.659	-42.1089	178.55
4.62	219.79	-41.2381	178.552
4.64	216.967	-38.4047	178.562
4.66	221.793	-43.2422	178.551
4.68	226.537	-47.9801	178.557
4.7	229.314	-50.7562	178.557
4.72	229.327	-50.7685	178.558
4.74	227.052	-48.4946	178.557
4.76	223.631	-45.0578	178.574
4.78	225.553	-46.9797	178.573
4.8	227.208	-48.6426	178.565
4.82	223.651	-45.1108	178.54
4.84	217.992	-39.4916	178.5
4.86	212.964	-34.4278	178.536
4.88	214.189	-35.6527	178.537
4.9	220.913	-42.3905	178.523
4.92	227.257	-48.7505	178.507
4.94	231.034	-52.5333	178.501
4.96	230.446	-51.9178	178.528
4.98	225.65	-47.1187	178.531
5	223.255	-44.7445	178.511
5.02	225.302	-46.8112	178.491
5.04	226.89	-48.4158	178.474
5.06	226.189	-47.7225	178.467
5.08	223.503	-45.0342	178.469
5.1	220.264	-41.8047	178.459
5.12	207.46	-29.0061	178.454
5.14	201.563	-23.0857	178.477
5.16	221.516	-43.0868	178.429
5.18	227.928	-49.4983	178.429
5.2	225.641	-47.2056	178.436
5.22	228.46	-50.0234	178.437
5.24	232.111	-53.6775	178.433
5.26	229.398	-50.9425	178.455
5.28	220.98	-42.5091	178.471
5.3	214.901	-36.418	178.483
5.32	217.32	-38.8408	178.479
5.34	227.427	-48.9483	178.479
5.36	229.884	-51.4089	178.475
5.38	219.928	-41.4733	178.455
5.4	217.538	-39.074	178.464
5.42	222.71	-44.2425	178.468
5.44	224.273	-45.8053	178.468
5.46	225.496	-47.0362	178.46
5.48	222.375	-43.9114	178.464
5.5	212.514	-34.0362	178.478
5.52	210.369	-31.8686	178.5
5.54	219.61	-41.0991	178.511
5.56	227.751	-49.2427	178.509
5.58	224.819	-46.3249	178.494
5.6	218.958	-40.4652	178.493
5.62	216.755	-38.2822	178.473
5.64	216.737	-38.275	178.462
5.66	221.941	-43.4684	178.473
5.68	224.559	-46.0902	178.469
5.7	224.95	-46.4743	178.476
5.72	224.628	-46.1374	178.491
5.74	221.944	-43.435	178.509
5.76	219.553	-41.0306	178.522
5.78	220.605	-42.0627	178.542
5.8	222.199	-43.6652	178.534
5.82	219.796	-41.2495	178.546
5.84	212.118	-33.5824	178.536
5.86	213.691	-35.1873	178.504
5.88	219.86	-41.3537	178.506
5.9	218.052	-39.533	178.519
5.92	218.641	-40.1371	178.503
5.94	219.272	-40.756	178.516
5.96	218.347	-39.8151	178.532
5.98	221.096	-42.5765	178.52
6	220.762	-42.2262	178.536
6.02	220.934	-42.3993	178.535
6.04	221.036	-42.4968	178.539
6.06	218.991	-40.4414	178.549
6.08	216.029	-37.4666	178.562
6.1	215.279	-36.7389	178.54
6.12	216.727	-38.1906	178.537
6.14	216.266	-37.7125	178.553
6.16	215.548	-36.9959	178.553
6.18	220.195	-41.6322	178.563
6.2	226.603	-48.0423	178.561
6.22	230.261	-51.7038	178.557
6.24	231.369	-52.8214	178.547
6.26	231	-52.4478	178.552
6.28	228.688	-50.1473	178.541
6.3	224.844	-46.2919	178.553
6.32	221.561	-43.0138	178.547
6.34	220.743	-42.1968	178.546
6.36	220.544	-42.0359	178.508
6.38	216.029	-37.5051	178.524
6.4	213.643	-35.1127	178.531
6.42	215.586	-37.0587	178.527
6.44	216.845	-38.2999	178.545
6.46	217.79	-39.2555	178.535
6.48	219.441	-40.9003	178.541
6.5	221.721	-43.1983	178.522
6.52	221.783	-43.2466	178.536
6.54	222.083	-43.5342	178.549
6.56	224.611	-46.0865	178.525
6.58	226.031	-47.545	178.486
6.6	225.518	-47.0517	178.466
6.62	225.785	-47.3086	178.476
6.64	225.647	-47.1676	178.479
6.66	222.739	-44.2509	178.488
6.68	221.32	-42.8498	178.47
6.7	220.933	-42.4357	178.498
6.72	221.468	-42.9942	178.474
6.74	221.01	-42.5496	178.461
6.76	216.828	-38.372	178.456
6.78	215.579	-37.1133	178.466
6.8	224.693	-46.2343	178.458
6.82	229.16	-50.7018	178.458
6.84	230.471	-52.0088	178.462
6.86	227.217	-48.7418	178.475
6.88	218.966	-40.4784	178.488
6.9	221.454	-42.977	178.477
6.92	225.62	-47.1391	178.481
6.94	224.532	-46.0629	178.469
6.96	222.78	-44.3094	178.471
6.98	218.069	-39.5952	178.474
7	214.163	-35.685	178.478
7.02	210.594	-32.1222	178.472
7.04	219.216	-40.7579	178.458
7.06	225.983	-47.5223	178.461
7.08	227.935	-49.4718	178.464
7.1	226.694	-48.2179	178.476
7.12	224.073	-45.5848	178.488
7.14	222.392	-43.9076	178.484
7.16	223.221	-44.738	178.483
7.18	224.931	-46.4494	178.482
7.2	225.29	-46.8259	178.464
7.22	223.619	-45.1416	178.477
7.24	223.174	-44.7127	178.462
7.26	224.845	-46.3694	178.475
7.28	225.17	-46.6874	178.482
7.3	224.996	-46.4825	178.514
7.32	223.179	-44.6726	178.507
7.34	218.44	-39.9481	178.492
7.36	214.69	-36.1917	178.498
7.38	214.907	-36.4197	178.487
7.4	218.901	-40.4265	178.475
7.42	220.984	-42.508	178.476
7.44	223.521	-45.0409	178.48
7.46	221.941	-43.4294	178.511
7.48	223.782	-45.2608	178.521
7.5	223.618	-45.1014	178.516
7.52	220.141	-41.6133	178.528
7.54	215.387	-36.8582	178.529
7.56	216.626	-38.1042	178.522
7.58	220.11	-41.5937	178.516
7.6	217.341	-38.8172	178.524
7.62	221.158	-42.6365	178.522
7.64	223.976	-45.446	178.53
7.66	225.077	-46.5399	178.537
7.68	225.986	-47.4457	178.54
7.7	224.084	-45.5444	178.54
7.72	219.546	-41.0161	178.53
7.74	216.969	-38.4361	178.533
7.76	220.527	-41.9936	178.533
7.78	217.171	-38.6327	178.538
7.8	214.148	-35.612	178.536
7.82	217.361	-38.839	178.522
7.84	218.932	-40.4246	178.507
7.86	220.676	-42.1496	178.527
7.88	223.916	-45.3917	178.524
7.9	225.735	-47.1925	178.543
7.92	226.764	-48.2234	178.54
7.94	223.719	-45.1882	178.531
7.96	212.224	-33.6653	178.559
7.98	216.845	-38.3078	178.537
8	220.912	-42.3722	178.54
8.02	218.936	-40.3897	178.546
8.04	220.751	-42.1912	178.56
8.06	226.769	-48.2104	178.559
8.08	227.724	-49.1338	178.59
8.1	227.021	-48.4221	178.599
8.12	227.923	-49.3205	178.602
8.14	228.471	-49.8708	178.6
8.16	226.548	-47.9445	178.603
8.18	225.966	-47.4022	178.564
8.2	225.549	-47.0127	178.537
8.22	221.819	-43.2908	178.529
8.24	223.084	-44.5572	178.527
8.26	223.603	-45.0798	178.523
8.28	222.958	-44.4405	178.517
8.3	226.227	-47.7145	178.513
8.32	228.22	-49.7344	178.485
8.34	226.922	-48.4299	178.492
8.36	219.652	-41.149	178.503
8.38	222.398	-43.8948	178.503
8.4	226.837	-48.3092	178.528
8.42	225.478	-46.9257	178.552
8.44	222.074	-43.5266	178.547
8.46	219.201	-40.6332	178.568
8.48	218.181	-39.6039	178.577
8.5	222.563	-43.9721	178.591
8.52	222.341	-43.7834	178.558
8.54	213.392	-34.8273	178.564
8.56	219.093	-40.5746	178.518
8.58	224.805	-46.2993	178.506
8.6	225.838	-47.3569	178.481
8.62	220.515	-42.0356	178.48
8.64	214.601	-36.1124	178.489
8.66	211.9	-33.3936	178.506
8.68	221.782	-43.2954	178.487
8.7	223.504	-45.0098	178.494
8.72	220.658	-42.1704	178.488
8.74	219.421	-40.9113	178.509
8.76	224.999	-46.5144	178.485
8.78	229.398	-50.9068	178.491
8.8	225.493	-47.0212	178.472
8.82	219.075	-40.5879	178.487
8.84	223.323	-44.8635	178.46
8.86	224.509	-46.0563	178.453
8.88	223.63	-45.1882	178.442
8.9	216.647	-38.2093	178.437
8.92	213.308	-34.8453	178.462
8.94	217.82	-39.3423	178.478
8.96	221.706	-43.2257	178.481
8.98	225.217	-46.7594	178.458
9	226.608	-48.1577	178.45
9.02	222.994	-44.5535	178.441
9.04	218.361	-39.93	178.431
9.06	219.939	-41.5147	178.424
9.08	221.989	-43.5732	178.416
9.1	224.841	-46.4369	178.404
9.12	227.696	-49.2885	178.408
9.14	226.712	-48.3236	178.388
9.16	213.626	-35.2322	178.393
9.18	212.419	-34.0289	178.39
9.2	212.692	-34.2745	178.418
9.22	222.117	-43.6942	178.423
9.24	228.9	-50.4437	178.457
9.26	225.128	-46.6584	178.47
9.28	221.675	-43.198	178.477
9.3	221.337	-42.8453	178.492
9.32	219.133	-40.6235	178.509
9.34	224.957	-46.4807	178.477
9.36	228.98	-50.4852	178.495
9.38	228.367	-49.8751	178.491
9.4	226.82	-48.3185	178.501
9.42	229.598	-51.1	178.498
9.44	232.497	-54.0186	178.479
9.46	225.588	-47.0923	178.495
9.48	221.134	-42.6368	178.497
9.5	225.252	-46.7592	178.493
9.52	225.266	-46.7904	178.475
9.54	228.83	-50.3673	178.462
9.56	226.979	-48.4998	178.479
9.58	225.465	-46.9998	178.466
9.6	227.512	-49.0481	178.464
9.62	218.906	-40.4247	178.482
9.64	207.941	-29.4469	178.494
9.66	219.822	-41.3496	178.472
9.68	223.449	-44.9734	178.475
9.7	227.626	-49.169	178.457
9.72	230.632	-52.1812	178.45
9.74	228.661	-50.1879	178.474
9.76	222.272	-43.8106	178.462
9.78	212.031	-33.5313	178.5
9.8	219.842	-41.3715	178.471
9.82	223.852	-45.3652	178.487
9.84	220.378	-41.8786	178.499
9.86	219.12	-40.6206	178.499
9.88	221.37	-42.8669	178.503
9.9	223.956	-45.4335	178.523
9.92	223.626	-45.1168	178.509
9.94	222.373	-43.8954	178.477
9.96	222.181	-43.6716	178.509
9.98	221.793	-43.2743	178.519
10	219.799	-41.269	178.53
10.02	217.243	-38.7223	178.521
10.04	216.555	-38.0407	178.514
10.06	217.226	-38.6944	178.532
10.08	219.645	-41.1311	178.514
10.1	221.231	-42.7174	178.514
10.12	221.217	-42.7122	178.504
10.14	221.245	-42.7176	178.527
10.16	221.939	-43.4133	178.526
10.18	221.918	-43.3888	178.53
10.2	219.013	-40.4908	178.522
10.22	211.329	-32.8155	178.514
10.24	208.703	-30.1826	178.52
10.26	213.999	-35.4785	178.52
10.28	211.391	-32.8139	178.577
10.3	213.427	-34.866	178.561
10.32	215.915	-37.3451	178.57
10.34	220.004	-41.4319	178.573
10.36	221.514	-42.9319	178.582
10.38	218.318	-39.7285	178.59
10.4	217.178	-38.5829	178.595
10.42	222.563	-43.9695	178.593
10.44	224.157	-45.5461	178.611
10.46	221.991	-43.3667	178.624
10.48	220.4	-41.8007	178.599
10.5	221.861	-43.2775	178.583
10.52	220.978	-42.4032	178.575
10.54	220.308	-41.721	178.587
10.56	220.896	-42.3161	178.58
10.58	222.44	-43.8329	178.608
10.6	223.722	-45.1361	178.585
10.62	218.943	-40.331	178.612
10.64	214.115	-35.5146	178.601
10.66	211.583	-33	178.583
10.68	215.524	-36.9499	178.574
10.7	221.487	-42.9126	178.574
10.72	221.362	-42.7819	178.58
10.74	221.43	-42.8488	178.581
10.76	222.884	-44.3049	178.579
10.78	223.011	-44.4191	178.592
10.8	222.719	-44.1343	178.585
10.82	220.945	-42.3761	178.569
10.84	220.791	-42.2188	178.572
10.86	224.463	-45.9104	178.553
10.88	222.132	-43.6023	178.529
10.9	218.646	-40.093	178.553
10.92	216.83	-38.2952	178.535
10.94	215.253	-36.6952	178.558
10.96	216.364	-37.8223	178.542
10.98	220.233	-41.7206	178.512
11	223.621	-45.1239	178.497
11.02	226.51	-48.0034	178.507
11.04	227.362	-48.8581	178.504
11.06	227.716	-49.2133	178.503
11.08	225.956	-47.4589	178.497
11.1	214.941	-36.4325	178.508
11.12	199.237	-20.7091	178.528
11.14	206.364	-27.8466	178.517
11.16	216.147	-37.6336	178.514
11.18	220.432	-41.8972	178.535
11.2	223.029	-44.5075	178.521
11.22	220.881	-42.3767	178.505
11.24	217.898	-39.3763	178.522
11.26	219.981	-41.4634	178.517
11.28	220.271	-41.7334	178.537
11.3	221.538	-42.9906	178.547
11.32	222.556	-44.0041	178.552
11.34	222.116	-43.5634	178.552
11.36	220.652	-42.077	178.575
11.38	221.306	-42.749	178.557
11.4	227.111	-48.5822	178.529
11.42	230.639	-52.1313	178.508
11.44	230.523	-52.0162	178.507
11.46	226.1	-47.6159	178.484
11.48	220.78	-42.2811	178.499
11.5	224.003	-45.5198	178.483
11.52	226.329	-47.8758	178.453
11.54	228.208	-49.7221	178.486
11.56	230.16	-51.682	178.478
11.58	229.174	-50.724	178.45
11.6	225.152	-46.7001	178.452
11.62	220.327	-41.8817	178.445
11.64	216.438	-37.9757	178.462
11.66	220.244	-41.8059	178.438
11.68	227.869	-49.431	178.438
11.7	230.491	-52.0504	178.44
11.72	229.668	-51.2463	178.421
11.74	229.487	-51.0476	178.439
11.76	231.005	-52.5744	178.431
11.78	231.197	-52.7437	178.453
11.8	228.848	-50.4053	178.443
11.82	222.094	-43.6321	178.462
11.84	220.593	-42.1139	178.479
11.86	221.216	-42.7227	178.493
11.88	220.266	-41.7833	178.483
11.9	223.504	-45.0076	178.496
11.92	226.813	-48.3289	178.484
11.94	226.484	-48.0138	178.47
11.96	225.136	-46.6656	178.471
11.98	224.274	-45.7889	178.485
12	221.73	-43.2601	178.47
12.02	221.767	-43.2957	178.471
12.04	224.853	-46.397	178.456
12.06	220.467	-42.0011	178.466
12.08	220.691	-42.2192	178.471
12.1	225.739	-47.2779	178.461
12.12	222.026	-43.5558	178.47
12.14	213.671	-35.1553	178.516
12.16	211.674	-33.1615	178.513
12.18	215.104	-36.6128	178.491
12.2	220.991	-42.5194	178.472
12.22	223.942	-45.4914	178.45
12.24	221.83	-43.3878	178.442
12.26	214.372	-35.9144	178.457
12.28	215.012	-36.5502	178.462
12.3	221.059	-42.5856	178.474
12.32	225.802	-47.3394	178.463
12.34	226.98	-48.5422	178.438
12.36	226.055	-47.601	178.454
12.38	223.824	-45.3412	178.483
12.4	222.085	-43.5868	178.499
12.42	220.152	-41.6738	178.478
12.44	216.056	-37.5628	178.493
12.46	219.613	-41.1237	178.489
12.48	222.422	-43.9429	178.479
12.5	222.132	-43.6327	178.499
12.52	223.162	-44.6587	178.503
12.54	224.501	-46.0147	178.486
12.56	225.165	-46.6615	178.504
12.58	225.231	-46.7255	178.506
12.6	222.112	-43.6093	178.502
12.62	219.925	-41.4109	178.514
12.64	223.239	-44.7373	178.502
12.66	226.835	-48.3337	178.501
12.68	220.341	-41.8355	178.505
12.7	216.837	-38.3114	178.525
12.72	220.954	-42.4305	178.524
12.74	223.506	-45.0026	178.503
12.76	225.755	-47.2652	178.49
12.78	223.956	-45.4574	178.498
12.8	216.937	-38.4228	178.514
12.82	214.06	-35.5527	178.508
12.84	222.402	-43.9105	178.491
12.86	227.089	-48.5947	178.494
12.88	223.387	-44.8704	178.516
12.9	222.941	-44.4194	178.522
12.92	221.656	-43.1241	178.532
12.94	215.991	-37.4673	178.523
12.96	210.217	-31.691	178.527
12.98	211.187	-32.6642	178.523
13	216.203	-37.7102	178.493
13.02	225.23	-46.7517	178.478
13.04	224.836	-46.3477	178.489
13.06	221.153	-42.6462	178.507
13.08	222.282	-43.7735	178.509
13.1	224.595	-46.0875	178.508
13.12	224.996	-46.483	178.513
13.14	223.338	-44.834	178.504
13.16	221.386	-42.8872	178.499
13.18	220.726	-42.2325	178.494
13.2	222.546	-44.0481	178.498
13.22	223.928	-45.4455	178.482
13.24	220.388	-41.9184	178.47
13.26	216.826	-38.3514	178.474
13.28	215.151	-36.6448	178.506
13.3	219.03	-40.5297	178.5
13.32	222.161	-43.6434	178.518
13.34	222.277	-43.7485	178.528
13.36	219.419	-40.8507	178.569
13.38	217.776	-39.2046	178.571
13.4	218.204	-39.643	178.561
13.42	213.646	-35.0726	178.573
13.44	211.153	-32.5616	178.591
13.46	220.902	-42.3651	178.537
13.48	222.272	-43.7145	178.557
13.5	221.286	-42.7213	178.565
13.52	221.387	-42.8276	178.559
13.54	222.045	-43.4935	178.552
13.56	220.825	-42.2999	178.525
13.58	219.395	-40.8728	178.522
13.6	220.877	-42.3566	178.52
13.62	223.292	-44.7733	178.519
13.64	223.481	-44.9703	178.51
13.66	218.416	-39.8873	178.529
13.68	213.654	-35.1176	178.536
13.7	217.701	-39.1615	178.539
13.72	221.297	-42.7693	178.528
13.74	220.706	-42.1734	178.533
13.76	221.476	-42.9483	178.527
13.78	223.827	-45.3195	178.507
13.8	223.352	-44.8608	178.491
13.82	221.374	-42.8697	178.505
13.84	220.278	-41.7677	178.51
13.86	215.975	-37.4725	178.503
13.88	211.401	-32.8997	178.502
13.9	211.224	-32.7255	178.499
13.92	219.382	-40.8868	178.495
13.94	220.9	-42.4155	178.484
13.96	222.678	-44.1764	178.501
13.98	222.165	-43.6821	178.483
14	212.552	-34.0388	178.514
14.02	218.488	-39.9999	178.488
14.04	221.574	-43.0853	178.489
14.06	219.313	-40.7948	178.518
14.08	228.189	-49.7009	178.488
14.1	228.742	-50.2701	178.472
14.12	223.155	-44.6548	178.5
14.14	225.656	-47.1873	178.469
14.16	216.822	-38.317	178.505
14.18	221.671	-43.1885	178.482
14.2	222.618	-44.1231	178.495
14.22	218.148	-39.6377	178.51
14.24	219.673	-41.1491	178.524
14.26	222.121	-43.591	178.53
14.28	226.503	-47.9937	178.51
14.3	228.507	-50.0092	178.498
14.32	227.114	-48.5979	178.516
14.34	230.513	-52.0004	178.512
14.36	233.819	-55.313	178.506
14.38	226.286	-47.7722	178.514
14.4	212.203	-33.6584	178.544
14.42	213.145	-34.6064	178.539
14.44	223.041	-44.5006	178.541
14.46	231.142	-52.6057	178.536
14.48	232.158	-53.6274	178.531
14.5	231.769	-53.2314	178.537
14.52	231.095	-52.5428	178.552
14.54	227.485	-48.9265	178.559
14.56	219.381	-40.7991	178.582
14.58	221.275	-42.6943	178.581
14.6	223.357	-44.7594	178.598
14.62	220.318	-41.7083	178.61
14.64	220.508	-41.9202	178.588
14.66	223.896	-45.2997	178.596
14.68	225.493	-46.9019	178.591
14.7	224.923	-46.3531	178.57
14.72	223.651	-45.0754	178.576
14.74	221.673	-43.128	178.545
14.76	216.328	-37.7622	178.566
14.78	209.982	-31.4138	178.568
14.8	209.994	-31.4079	178.586
14.82	219.03	-40.491	178.54
14.84	222.259	-43.7063	178.552
14.86	222.931	-44.3633	178.568
14.88	221.342	-42.7672	178.575
14.9	219.123	-40.5321	178.591
14.92	216.684	-38.0876	178.596
14.94	215.41	-36.7886	178.621
14.96	218.729	-40.1107	178.619
14.98	223.006	-44.3988	178.607
15	225.405	-46.7864	178.619
15.02	225.823	-47.2094	178.613
15.04	224.707	-46.0873	178.62
15.06	223.471	-44.8556	178.616
15.08	224.248	-45.6387	178.609
15.1	225.509	-46.909	178.6
15.12	222.441	-43.8321	178.609
15.14	216.639	-38.0099	178.629
15.16	218.168	-39.5747	178.593
15.18	214.986	-36.4065	178.579
15.2	215.415	-36.8377	178.577
15.22	223.843	-45.285	178.558
15.24	227.389	-48.8181	178.571
15.26	224.188	-45.6077	178.581
15.28	211.506	-32.9009	178.605
15.3	219.019	-40.4414	178.578
15.32	225.559	-46.9779	178.581
15.34	224.192	-45.6164	178.576
15.36	218.984	-40.4034	178.58
15.38	222.178	-43.6082	178.57
15.4	225.294	-46.7327	178.561
15.42	224.706	-46.1645	178.542
15.44	222.895	-44.354	178.541
15.46	215.059	-36.5123	178.546
15.48	211.957	-33.3898	178.567
15.5	219.124	-40.5645	178.559
15.52	223.357	-44.8233	178.533
15.54	223.533	-44.9958	178.537
15.56	224.142	-45.6266	178.515
15.58	225.146	-46.6532	178.493
15.6	225.567	-47.0799	178.487
15.62	225.194	-46.701	178.493
15.64	224.382	-45.8989	178.483
15.66	224.538	-46.0678	178.47
15.68	222.962	-44.4828	178.479
15.7	215.516	-37.0205	178.496
15.72	213.494	-35.0082	178.486
15.74	209.994	-31.4855	178.509
15.76	218.419	-39.9292	178.49
15.78	224.853	-46.3689	178.484
15.8	222.618	-44.1218	178.496
15.82	219.238	-40.7351	178.503
15.84	219.927	-41.4106	178.516
15.86	224.901	-46.4083	178.492
15.88	225.727	-47.2694	178.458
15.9	224.544	-46.0864	178.458
15.92	222.263	-43.7814	178.482
15.94	220.942	-42.4601	178.482
15.96	221.039	-42.5857	178.453
15.98	220.83	-42.3869	178.444
16	221.549	-43.1008	178.448
16.02	221.964	-43.5393	178.424
16.04	220.153	-41.726	178.427
16.06	220.538	-42.0949	178.443
16.08	222.962	-44.5215	178.441
16.1	225.19	-46.7584	178.432
16.12	227.724	-49.2604	178.463
16.14	223.429	-44.9812	178.448
16.16	214.162	-35.7474	178.415
16.18	208.022	-29.6009	178.421
16.2	216.581	-38.1683	178.413
16.22	221.585	-43.1754	178.41
16.24	217.399	-38.9625	178.436
16.26	215.71	-37.2763	178.434
16.28	209.154	-30.7109	178.444
16.3	215.355	-36.9319	178.423
16.32	223.12	-44.685	178.435
16.34	228.24	-49.7871	178.453
16.36	231.203	-52.7343	178.469
16.38	230.841	-52.3611	178.48
16.4	227.399	-48.896	178.503
16.42	223.918	-45.4322	178.486
16.44	220.699	-42.2186	178.48
16.46	218.915	-40.4364	178.478
16.48	222.662	-44.199	178.463
16.5	225.368	-46.9217	178.446
16.52	219.903	-41.4583	178.445
16.54	219.652	-41.1955	178.456
16.56	227.686	-49.2315	178.454
16.58	225.323	-46.858	178.465
16.6	223.586	-45.129	178.457
16.62	221.951	-43.5018	178.449
16.64	222.542	-44.091	178.451
16.66	226.833	-48.3906	178.442
16.68	230.099	-51.6628	178.436
16.7	230.558	-52.1392	178.419
16.72	227.523	-49.1098	178.413
16.74	222.819	-44.3953	178.424
16.76	225.647	-47.214	178.433
16.78	233.646	-55.215	178.431
16.8	235.576	-57.1331	178.443
16.82	232.015	-53.5457	178.469
16.84	228.948	-50.4764	178.472
16.86	224.399	-45.9242	178.475
16.88	220.631	-42.1295	178.502
16.9	228.169	-49.6674	178.502
16.92	233.753	-55.2536	178.5
16.94	229.803	-51.2962	178.507
16.96	225.658	-47.1455	178.513
16.98	227.908	-49.3995	178.509
17	229.752	-51.2489	178.503
17.02	229.413	-50.9116	178.502
17.04	228.776	-50.2843	178.492
17.06	233.105	-54.6121	178.493
17.08	233.005	-54.5003	178.505
17.1	228.885	-50.3917	178.493
17.12	222.929	-44.4255	178.503
17.14	220.804	-42.3091	178.494
17.16	219.943	-41.4233	178.519
17.18	228.601	-50.1037	178.497
17.2	233.198	-54.7075	178.49
17.22	234.18	-55.6768	178.503
17.24	233.233	-54.7305	178.503
17.26	230.483	-52.0352	178.448
17.28	226.663	-48.212	178.451
17.3	225.806	-47.3253	178.481
17.32	225.032	-46.5643	178.468
17.34	221.002	-42.5346	178.468
17.36	216.102	-37.6267	178.475
17.38	214.112	-35.6355	178.477
17.4	217.442	-38.9737	178.469
17.42	222.218	-43.7299	178.488
17.44	223.117	-44.6319	178.485
17.46	223.362	-44.881	178.481
17.48	223.941	-45.4855	178.455
17.5	216.433	-37.9799	178.453
17.52	214.845	-36.3896	178.456
17.54	228.163	-49.7268	178.436
17.56	229.277	-50.8595	178.417
17.58	219.57	-41.1369	178.434
17.6	216.152	-37.7001	178.452
17.62	225.013	-46.5737	178.439
17.64	225.981	-47.5424	178.439
17.66	222.927	-44.4635	178.463
17.68	220.375	-41.9091	178.466
17.7	222.051	-43.5796	178.472
17.72	221.416	-42.9369	178.479
17.74	217.279	-38.7734	178.506
17.76	225.918	-47.4295	178.489
17.78	225.587	-47.0854	178.502
17.8	225.868	-47.3653	178.503
17.82	228.231	-49.7311	178.5
17.84	224.359	-45.8398	178.52
17.86	223.783	-45.2725	178.511
17.88	224.938	-46.4538	178.484
17.9	226.895	-48.4217	178.473
17.92	228.21	-49.7504	178.46
17.94	228.119	-49.6443	178.475
17.96	229.738	-51.2493	178.489
17.98	228.691	-50.1941	178.497
18	227.26	-48.7626	178.497
18.02	227.155	-48.6507	178.504
18.04	228.659	-50.1438	178.515
18.06	226.659	-48.1282	178.531
18.08	226.311	-47.7734	178.537
18.1	228.959	-50.4583	178.501
18.12	229.256	-50.7692	178.487
18.14	224.859	-46.3718	178.487
18.16	223.15	-44.6564	178.494
18.18	226.401	-47.898	178.503
18.2	231.018	-52.5113	178.507
18.22	233.203	-54.7237	178.48
18.24	232.225	-53.7457	178.48
18.26	228.919	-50.4473	178.471
18.28	226.513	-48.0467	178.466
18.3	226.254	-47.7833	178.471
18.32	226.468	-48.0055	178.463
18.34	224.403	-45.9491	178.454
18.36	223.046	-44.5842	178.462
18.38	224.886	-46.4218	178.464
18.4	225.804	-47.3417	178.462
18.42	223.896	-45.436	178.46
18.44	222.783	-44.3162	178.466
18.46	217.564	-39.119	178.445
18.48	211.229	-32.7717	178.457
18.5	218.818	-40.3909	178.427
18.52	220.426	-41.9849	178.441
18.54	219.612	-41.1665	178.445
18.56	218.179	-39.71	178.469
18.58	222.922	-44.4487	178.473
18.6	225.689	-47.2282	178.461
18.62	223.366	-44.8937	178.473
18.64	223.796	-45.3395	178.457
18.66	227.721	-49.2589	178.462
18.68	227.871	-49.405	178.465
18.7	221.096	-42.6418	178.454
18.72	211.636	-33.1682	178.468
18.74	216.582	-38.1087	178.473
18.76	224.842	-46.3642	178.477
18.78	228.881	-50.3703	178.511
18.8	227.752	-49.2429	178.509
18.82	219.926	-41.39	178.536
18.84	226.506	-47.9835	178.522
18.86	230.506	-51.9916	178.515
18.88	227.961	-49.4168	178.544
18.9	224.259	-45.7129	178.546
18.92	222.921	-44.3736	178.547
18.94	225.677	-47.1545	178.523
18.96	224.411	-45.8998	178.512
18.98	222.031	-43.5129	178.518
19	221.807	-43.303	178.504
19.02	224.517	-46.0423	178.475
19.04	227.753	-49.295	178.458
19.06	229.283	-50.8251	178.458
19.08	228.973	-50.5352	178.438
19.1	228.816	-50.3769	178.439
19.12	230.203	-51.7318	178.471
19.14	231.45	-52.988	178.462
19.16	228.156	-49.696	178.46
19.18	222.928	-44.4798	178.448
19.2	225.267	-46.7743	178.492
19.22	223.944	-45.4467	178.497
19.24	218.532	-40.0238	178.509
19.26	221.824	-43.3439	178.48
19.28	228.185	-49.7343	178.451
19.3	230.378	-51.942	178.436
19.32	230.103	-51.6752	178.427
19.34	229.924	-51.5209	178.403
19.36	227.336	-48.9339	178.402
19.38	224.261	-45.8563	178.405
19.4	228.644	-50.2433	178.401
19.42	231.215	-52.8031	178.412
19.44	228.705	-50.2814	178.424
19.46	223.525	-45.109	178.416
19.48	221.021	-42.6048	178.416
19.5	222.436	-44.0303	178.406
19.52	227.338	-48.9304	178.407
19.54	229.769	-51.3676	178.402
19.56	222.898	-44.4953	178.402
19.58	223.228	-44.8343	178.394
19.6	227.51	-49.0836	178.426
19.62	227.959	-49.5336	178.426
19.64	227.019	-48.5956	178.424
19.66	226.572	-48.1343	178.438
19.68	226.925	-48.4947	178.43
19.7	226.629	-48.232	178.397
19.72	226.031	-47.6284	178.403
19.74	231.703	-53.313	178.39
19.76	229.615	-51.2014	178.413
19.78	225.188	-46.7874	178.401
19.8	218.804	-40.4056	178.399
19.82	213.694	-35.2921	178.402
19.84	217.737	-39.3328	178.404
19.86	222.67	-44.2607	178.409
19.88	228.801	-50.3765	178.425
19.9	227.18	-48.7402	178.439
19.92	224.313	-45.838	178.475
19.94	227.854	-49.4083	178.446
19.96	229.149	-50.6959	178.453
19.98	228.798	-50.3266	178.471
20	228.951	-50.4808	178.47
20.02	228.501	-50.0423	178.458
20.04	226.698	-48.2107	178.487
20.06	226.024	-47.5238	178.5
20.08	228.581	-50.0841	178.497
20.1	230.793	-52.2867	178.506
20.12	229.532	-51.0209	178.511
20.14	224.122	-45.6163	178.506
20.16	218.132	-39.619	178.513
20.18	220.454	-41.9506	178.503
20.2	226.446	-47.9515	178.494
20.22	229.756	-51.2435	178.513
20.24	231.08	-52.5676	178.513
20.26	230.329	-51.8325	178.496
20.28	227.708	-49.2237	178.484
20.3	224.283	-45.8001	178.483
20.32	226.125	-47.6297	178.495
20.34	229.585	-51.091	178.494
20.36	231.127	-52.6144	178.513
20.38	232.81	-54.2854	178.524
20.4	234.95	-56.4361	178.514
20.42	236.406	-57.8987	178.508
20.44	230.443	-51.935	178.508
20.46	223.091	-44.5742	178.517
20.48	224.832	-46.3221	178.51
20.5	226.586	-48.0932	178.493
20.52	222.072	-43.5679	178.504
20.54	223.036	-44.5498	178.486
20.56	225.884	-47.406	178.478
20.58	229.717	-51.2437	178.473
20.6	233.802	-55.3353	178.466
20.62	229.194	-50.7322	178.462
20.64	223.642	-45.2043	178.438
20.66	226.634	-48.2038	178.431
20.68	228.66	-50.2257	178.435
20.7	229.814	-51.38	178.434
20.72	223.139	-44.6978	178.441
20.74	219.575	-41.1378	178.437
20.76	225.873	-47.459	178.414
20.78	228.242	-49.8181	178.424
20.8	228.608	-50.1947	178.413
20.82	228.167	-49.7863	178.38
20.84	227.143	-48.7681	178.375
20.86	226.992	-48.6199	178.372
20.88	229.838	-51.4656	178.372
20.9	229.831	-51.4491	178.381
20.92	223.927	-45.5462	178.38
20.94	220.145	-41.7606	178.384
20.96	218.919	-40.5299	178.389
20.98	218.425	-40.0508	178.374
21	223.838	-45.4619	178.376
21.02	225.546	-47.1659	178.38
21.04	221.325	-42.9354	178.39
21.06	223.889	-45.5	178.389
21.08	227.309	-48.8754	178.434
21.1	228.202	-49.7647	178.437
21.12	224.63	-46.1999	178.43
21.14	218.271	-39.8394	178.431
21.16	216.9	-38.4696	178.431
21.18	217.41	-38.9648	178.445
21.2	221.341	-42.9044	178.437
21.22	223.85	-45.4414	178.409
21.24	223.966	-45.5345	178.432
21.26	226.605	-48.1411	178.464
21.28	230.364	-51.909	178.455
21.3	229.978	-51.5125	178.466
21.32	224.893	-46.3953	178.497
21.34	221.882	-43.3822	178.5
21.36	223.991	-45.4858	178.506
21.38	225.109	-46.5746	178.534
21.4	224.267	-45.7371	178.529
21.42	220.447	-41.9015	178.546
21.44	223.32	-44.762	178.558
21.46	224.22	-45.6458	178.574
21.48	219.026	-40.4607	178.565
21.5	210.023	-31.4323	178.591
21.52	217.797	-39.2281	178.569
21.54	222.305	-43.7523	178.553
21.56	222.906	-44.3389	178.568
21.58	223.963	-45.4046	178.558
21.6	221.827	-43.2664	178.56
21.62	218.945	-40.386	178.559
21.64	222.875	-44.3381	178.537
21.66	227.603	-49.0736	178.529
21.68	225.597	-47.0521	178.545
21.7	222.13	-43.6095	178.52
21.72	217.839	-39.3123	178.527
21.74	217.443	-38.9147	178.528
21.76	224.522	-45.9933	178.529
21.78	226.299	-47.7562	178.543
21.8	223.084	-44.531	178.553
21.82	216.149	-37.6062	178.542
21.84	215.47	-36.8937	178.577
21.86	222.155	-43.5974	178.557
21.88	224.469	-45.9085	178.561
21.9	223.916	-45.3683	178.548
21.92	224.407	-45.8591	178.547
21.94	225.518	-46.9662	178.552
21.96	225.46	-46.9414	178.518
21.98	223.845	-45.3317	178.513
22	221.878	-43.3588	178.519
22.02	220.242	-41.721	178.521
22.04	217.04	-38.5099	178.531
22.06	216.896	-38.3592	178.536
22.08	220.478	-41.9569	178.521
22.1	221.365	-42.8671	178.498
22.12	216.976	-38.475	178.501
22.14	212.923	-34.4176	178.505
22.16	215.656	-37.1651	178.491
22.18	220.583	-42.0679	178.515
22.2	222.594	-44.0914	178.502
22.22	224.199	-45.6903	178.509
22.24	226.305	-47.8143	178.491
22.26	226.652	-48.1746	178.477
22.28	221.87	-43.416	178.454
22.3	215.8	-37.3327	178.467
22.32	220.724	-42.2733	178.45
22.34	220.803	-42.3414	178.461
22.36	219.097	-40.63	178.467
22.38	222.326	-43.8531	178.473
22.4	223.921	-45.4617	178.459
22.42	221.471	-43.0173	178.454
22.44	220.385	-41.9415	178.444
22.46	218.271	-39.818	178.453
22.48	221.428	-42.981	178.447
22.5	223.78	-45.3235	178.456
22.52	224.135	-45.674	178.461
22.54	222.785	-44.3361	178.449
22.56	220.418	-41.9796	178.439
22.58	222.393	-43.9535	178.439
22.6	223.745	-45.3078	178.437
22.62	218.893	-40.4449	178.448
22.64	225.285	-46.8404	178.444
22.66	230.462	-52.0094	178.452
22.68	228.876	-50.4169	178.459
22.7	222.665	-44.1877	178.478
22.72	219.669	-41.1758	178.493
22.74	223.614	-45.1229	178.491
22.76	225.794	-47.3106	178.484
22.78	227.825	-49.3593	178.466
22.8	228.176	-49.6971	178.479
22.82	228.817	-50.3527	178.464
22.84	231.06	-52.597	178.463
22.86	232.773	-54.3398	178.433
22.88	230.755	-52.3207	178.435
22.9	227.242	-48.8242	178.418
22.92	226.588	-48.1313	178.457
22.94	233.641	-55.1874	178.454
22.96	237.099	-58.642	178.457
22.98	236.765	-58.296	178.469
23	234.417	-55.9371	178.48
23.02	231.708	-53.2363	178.472
23.04	231.481	-53.0325	178.449
23.06	228.247	-49.7895	178.457
23.08	225.509	-47.0329	178.476
23.1	226.751	-48.2882	178.463
23.12	229.289	-50.8261	178.462
23.14	227.519	-49.0537	178.466
23.16	229.27	-50.8076	178.462
23.18	231.99	-53.5308	178.459
23.2	229.957	-51.4834	178.474
23.22	228.112	-49.6311	178.481
23.24	228.909	-50.4357	178.473
23.26	228.889	-50.4071	178.482
23.28	227.665	-49.1658	178.5
23.3	230.938	-52.4435	178.495
23.32	232.857	-54.3702	178.487
23.34	229	-50.4981	178.502
23.36	225.518	-47.0303	178.488
23.38	226.102	-47.5948	178.507
23.4	226.334	-47.8429	178.491
23.42	221.022	-42.5226	178.5
23.44	217.825	-39.3216	178.503
23.46	225.842	-47.3581	178.484
23.48	228.562	-50.0811	178.481
23.5	220.125	-41.6246	178.5
23.52	220.907	-42.4171	178.49
23.54	223.674	-45.1875	178.487
23.56	217.881	-39.3916	178.489
23.58	218.268	-39.7872	178.481
23.6	219.817	-41.3159	178.501
23.62	220.714	-42.2033	178.51
23.64	218.318	-39.8167	178.501
23.66	213.166	-34.6607	178.505
23.68	217.682	-39.1862	178.496
23.7	218.417	-39.8933	178.524
23.72	218.796	-40.2729	178.523
23.74	218.255	-39.727	178.528
23.76	218.498	-39.9768	178.521
23.78	222.439	-43.9024	178.537
23.8	221.404	-42.8687	178.535
23.82	215.298	-36.7451	178.553
23.84	217.265	-38.7122	178.553
23.86	219.269	-40.7122	178.557
23.88	220.83	-42.2751	178.555
23.9	219.753	-41.1994	178.553
23.92	211.335	-32.766	178.569
23.94	202.514	-23.9494	178.565
23.96	203.271	-24.7062	178.565
23.98	214.764	-36.2068	178.558
24	213.785	-35.2208	178.564
24.02	212.106	-33.5427	178.563
24.04	215.694	-37.1455	178.548
24.06	220.093	-41.5422	178.551
24.08	225.685	-47.1212	178.564
24.1	226.23	-47.6535	178.577
24.12	223.406	-44.8293	178.576
24.14	223.789	-45.2312	178.558
24.16	225.497	-46.9464	178.551
24.18	225.254	-46.7146	178.54
24.2	222.637	-44.0936	178.543
24.22	216.957	-38.3833	178.573
24.24	216.068	-37.4923	178.576
24.26	221.64	-43.0551	178.585
24.28	223.249	-44.6875	178.561
24.3	223.456	-44.8766	178.579
24.32	224.002	-45.4177	178.584
24.34	224.729	-46.1235	178.606
24.36	224.701	-46.142	178.559
24.38	222.492	-43.921	178.571
24.4	224.692	-46.1372	178.555
24.42	226.98	-48.43	178.55
24.44	227.065	-48.5126	178.552
24.46	227.401	-48.8503	178.551
24.48	226.121	-47.5889	178.532
24.5	221.903	-43.3601	178.543
24.52	217.154	-38.6103	178.543
24.54	220.948	-42.4088	178.539
24.56	227.503	-48.9673	178.536
24.58	228.824	-50.2888	178.535
24.6	229.42	-50.8745	178.546
24.62	229.38	-50.8654	178.514
24.64	229.871	-51.3696	178.502
24.66	229.134	-50.6161	178.518
24.68	226.729	-48.2106	178.519
24.7	224.218	-45.7005	178.517
24.72	220.67	-42.1598	178.51
24.74	215.834	-37.3211	178.513
24.76	214.601	-36.0996	178.501
24.78	217.556	-39.0555	178.501
24.8	221.377	-42.8976	178.479
24.82	219.397	-40.9426	178.454
24.84	215.17	-36.7107	178.459
24.86	213.628	-35.1769	178.451
24.88	216.681	-38.2288	178.452
24.9	221.845	-43.3979	178.448
24.92	223.418	-44.9676	178.45
24.94	221.221	-42.7602	178.461
24.96	217.545	-39.068	178.477
24.98	218.75	-40.281	178.469
25	221.424	-42.9807	178.443
25.02	220.419	-41.965	178.454
25.04	219.902	-41.4454	178.456
25.06	212.662	-34.2153	178.447
25.08	205.675	-27.2165	178.458
25.1	210.864	-32.4251	178.439
25.12	215.234	-36.7832	178.45
25.14	218.363	-39.9093	178.454
25.16	214.673	-36.2163	178.456
25.18	216.463	-38.0254	178.438
25.2	218.088	-39.6436	178.445
25.22	218.428	-39.9838	178.444
25.24	221.561	-43.1162	178.445
25.26	223.098	-44.6472	178.451
25.28	221.276	-42.8081	178.468
25.3	217.934	-39.491	178.443
25.32	216.575	-38.1409	178.434
25.34	214.34	-35.9117	178.429
25.36	212.926	-34.4917	178.434
25.38	217.69	-39.2776	178.412
25.4	222.598	-44.201	178.397
25.42	226.401	-47.9558	178.445
25.44	227.562	-49.1304	178.432
25.46	223.767	-45.347	178.42
25.48	217.745	-39.3144	178.43
25.5	221.747	-43.2996	178.447
25.52	224.87	-46.4335	178.436
25.54	217.81	-39.3665	178.443
25.56	211.834	-33.4015	178.433
25.58	212.883	-34.43	178.453
25.6	220.597	-42.1468	178.45
25.62	222.551	-44.078	178.473
25.64	226.15	-47.6971	178.453
25.66	224.629	-46.1592	178.47
25.68	221.811	-43.3526	178.458
25.7	224.799	-46.3381	178.461
25.72	229.479	-51.0142	178.465
25.74	232.038	-53.5646	178.473
25.76	233.899	-55.4326	178.467
25.78	233.595	-55.1446	178.451
25.8	231.892	-53.4457	178.447
25.82	230.761	-52.3326	178.428
25.84	228.271	-49.8343	178.437
25.86	224.095	-45.6559	178.44
25.88	222.751	-44.3324	178.418
25.9	224.853	-46.4759	178.377
25.92	227.521	-49.1341	178.387
25.94	232.847	-54.4483	178.399
25.96	235.392	-56.9702	178.422
25.98	234.017	-55.5763	178.441
26	231.213	-52.7825	178.431
26.02	228.639	-50.2145	178.425
26.04	226.736	-48.3041	178.432
26.06	228.512	-50.0807	178.431
26.08	232.469	-54.047	178.423
26.1	233.489	-55.0836	178.406
26.12	230.107	-51.7111	178.396
26.14	222.128	-43.7263	178.401
26.16	226.602	-48.1996	178.402
26.18	231.069	-52.6618	178.407
26.2	233.67	-55.2632	178.407
26.22	234.144	-55.7332	178.411
26.24	231.564	-53.1573	178.407
26.26	230.057	-51.6316	178.426
26.28	230.73	-52.3291	178.401
26.3	220.3	-41.8965	178.404
26.32	215.011	-36.5848	178.426
26.34	223.162	-44.7397	178.422
26.36	227.735	-49.3322	178.403
26.38	228.563	-50.1513	178.412
26.4	227.494	-49.0477	178.446
26.42	225.528	-47.0709	178.457
26.44	230.914	-52.4651	178.449
26.46	229.15	-50.717	178.433
26.48	221.32	-42.8962	178.424
26.5	216.699	-38.2649	178.435
26.52	219.625	-41.1945	178.431
26.54	225.506	-47.0711	178.435
26.56	226.885	-48.4679	178.417
26.58	227.062	-48.6443	178.417
26.6	226.007	-47.5892	178.418
26.62	220.739	-42.308	178.431
26.64	220.032	-41.6152	178.417
26.66	222.758	-44.3449	178.413
26.68	224.041	-45.6375	178.403
26.7	222.685	-44.2663	178.419
26.72	216.913	-38.5254	178.388
26.74	211.172	-32.7524	178.419
26.76	223.621	-45.2271	178.394
26.78	224.691	-46.2935	178.397
26.8	220.59	-42.178	178.412
26.82	218.683	-40.268	178.415
26.84	221.999	-43.5823	178.417
26.86	225.443	-47.0164	178.427
26.88	225.16	-46.7221	178.438
26.9	220.813	-42.3668	178.446
26.92	218.382	-39.9254	178.457
26.94	223.05	-44.5883	178.462
26.96	227.491	-49.0189	178.472
26.98	228.269	-49.7938	178.475
27	223.112	-44.6606	178.451
27.02	217.447	-38.9824	178.465
27.04	223.729	-45.2876	178.441
27.06	227.462	-49.0301	178.432
27.08	226.907	-48.4651	178.442
27.1	220.832	-42.3847	178.448
27.12	212.947	-34.496	178.451
27.14	215.899	-37.438	178.461
27.16	224.071	-45.6323	178.438
27.18	226.251	-47.8129	178.438
27.2	228.366	-49.9393	178.427
27.22	231.062	-52.6138	178.448
27.24	230.787	-52.3277	178.459
27.26	227.441	-49.0127	178.428
27.28	224.266	-45.8323	178.434
27.3	220.284	-41.836	178.448
27.32	227.088	-48.6353	178.453
27.34	229.776	-51.3096	178.467
27.36	229.854	-51.3758	178.478
27.38	229.591	-51.1115	178.48
27.4	229.719	-51.2765	178.443
27.42	226.085	-47.6406	178.445
27.44	217.477	-39.0156	178.461
27.46	218.483	-40.0225	178.461
27.48	226.202	-47.7498	178.452
27.5	230.773	-52.2982	178.475
27.52	229.305	-50.7992	178.506
27.54	225.275	-46.7544	178.521
27.56	217.817	-39.2932	178.524
27.58	216.147	-37.6266	178.521
27.6	224.313	-45.8131	178.5
27.62	223.062	-44.5403	178.521
27.64	225.737	-47.2407	178.496
27.66	224.946	-46.4283	178.518
27.68	223.227	-44.7061	178.521
27.7	220.587	-42.0614	178.526
27.72	222.298	-43.7528	178.545
27.74	225.402	-46.8535	178.548
27.76	225.369	-46.7957	178.573
27.78	224.954	-46.3688	178.585
27.8	225.647	-47.0458	178.601
27.82	226.438	-47.8485	178.589
27.84	226.028	-47.4499	178.578
27.86	224.426	-45.8353	178.591
27.88	224.139	-45.5371	178.602
27.9	225.71	-47.1209	178.589
27.92	225.916	-47.322	178.594
27.94	224.117	-45.527	178.59
27.96	222.27	-43.7006	178.569
27.98	222.784	-44.221	178.563
28	224.461	-45.8789	178.582
28.02	224.51	-45.9216	178.588
28.04	223.21	-44.6433	178.567
28.06	223.793	-45.1971	178.596
28.08	226.465	-47.8726	178.592
28.1	222.177	-43.5799	178.597
28.12	223.429	-44.877	178.552
28.14	224.926	-46.384	178.542
28.16	219.148	-40.6034	178.544
28.18	220.802	-42.2477	178.555
28.2	221.007	-42.4502	178.557
28.22	219.008	-40.4507	178.557
28.24	221.812	-43.2841	178.528
28.26	225.52	-46.9949	178.525
28.28	226.292	-47.7533	178.539
28.3	227.328	-48.7914	178.536
28.32	231.257	-52.7323	178.525
28.34	230.747	-52.2249	178.522
28.36	225.172	-46.6457	178.526
28.38	220.981	-42.4392	178.542
28.4	219.974	-41.4531	178.521
28.42	223.282	-44.7669	178.515
28.44	220.798	-42.2703	178.528
28.46	220.258	-41.7514	178.507
28.48	220.807	-42.3015	178.506
28.5	223.64	-45.1495	178.491
28.52	220.841	-42.3246	178.517
28.54	227.996	-49.4923	178.503
28.56	231.909	-53.4063	178.503
28.58	221.862	-43.3321	178.53
28.6	222.213	-43.6998	178.514
28.62	226.28	-47.7883	178.492
28.64	226.792	-48.3018	178.49
28.66	226.576	-48.0807	178.495
28.68	226.073	-47.5765	178.497
28.7	226.71	-48.2028	178.508
28.72	228.022	-49.5068	178.515
28.74	224.486	-45.9888	178.497
28.76	217.426	-38.885	178.541
28.78	226.497	-47.9435	178.553
28.8	224.509	-45.9302	178.579
28.82	225.332	-46.7616	178.571
28.84	227.337	-48.772	178.565
28.86	228.254	-49.6969	178.557
28.88	230.534	-51.9595	178.575
28.9	228.93	-50.3488	178.581
28.92	224.728	-46.1683	178.56
28.94	220.163	-41.6032	178.56
28.96	216.683	-38.1084	178.575
28.98	219.684	-41.1058	178.578
29	225.314	-46.7449	178.569
29.02	227.712	-49.1471	178.565
29.04	227.75	-49.1731	178.577
29.06	226.774	-48.203	178.571
29.08	223.583	-44.9927	178.591
29.1	218.714	-40.1209	178.593
29.12	216.099	-37.5203	178.579
29.14	216.735	-38.1464	178.588
29.16	221.396	-42.8198	178.576
29.18	221.429	-42.8459	178.583
29.2	223.04	-44.4524	178.588
29.22	225.067	-46.4919	178.575
29.24	224.681	-46.0963	178.585
29.26	226.478	-47.8833	178.594
29.28	228.451	-49.8771	178.574
29.3	224.959	-46.3938	178.565
29.32	217.277	-38.7031	178.574
29.34	218.702	-40.1567	178.545
29.36	219.141	-40.5997	178.541
29.38	222.105	-43.5765	178.529
29.4	225.957	-47.4356	178.521
29.42	226.688	-48.1733	178.514
29.44	222.779	-44.2691	178.51
29.46	217.579	-39.0673	178.511
29.48	219.294	-40.7931	178.501
29.5	222.743	-44.2388	178.504
29.52	223.655	-45.1436	178.512
29.54	223.51	-45.0028	178.507
29.56	223.079	-44.5717	178.507
29.58	222.307	-43.8134	178.494
29.6	219.584	-41.0836	178.5
29.62	218.046	-39.5442	178.502
29.64	218.804	-40.318	178.486
29.66	214.428	-35.9207	178.508
29.68	218.182	-39.7014	178.481
29.7	215.826	-37.3235	178.502
29.72	212.409	-33.8964	178.513
29.74	218.589	-40.0754	178.513
29.76	222.558	-44.0602	178.498
29.78	221.85	-43.3497	178.501
29.8	220.268	-41.7494	178.519
29.82	220.467	-41.9204	178.547
29.84	222.923	-44.3797	178.543
29.86	222.995	-44.4478	178.547
29.88	218.488	-39.9531	178.535
29.9	216.859	-38.2838	178.575
29.92	220.384	-41.8053	178.578
29.94	220.31	-41.7509	178.56
29.96	219.963	-41.4143	178.548
29.98	220.862	-42.3105	178.552
30	218.729	-40.1764	178.552
30.02	212.185	-33.6116	178.573
30.04	217.477	-38.9121	178.565
30.06	221.741	-43.1737	178.567
30.08	220.76	-42.1944	178.566
30.1	220.951	-42.3938	178.557
30.12	220.004	-41.4416	178.562
30.14	222.734	-44.1781	178.556
30.16	223.642	-45.0759	178.566
30.18	220.847	-42.2812	178.566
30.2	219.268	-40.7074	178.561
30.22	213.341	-34.8009	178.54
30.24	208.191	-29.6338	178.557
30.26	213.044	-34.4832	178.561
30.28	222.011	-43.4451	178.566
30.3	224.943	-46.3878	178.555
30.32	225.468	-46.9004	178.567
30.34	225.088	-46.5157	178.573
30.36	223.779	-45.1945	178.584
30.38	222.387	-43.8073	178.579
30.4	221.74	-43.139	178.601
30.42	221.023	-42.4311	178.592
30.44	218.252	-39.6503	178.602
30.46	220.119	-41.5016	178.617
30.48	225.852	-47.2519	178.6
30.5	225.279	-46.6929	178.586
30.52	214.375	-35.7586	178.616
30.54	205.242	-26.6356	178.607
30.56	217.226	-38.643	178.583
30.58	224.463	-45.8556	178.607
30.6	220.576	-41.9862	178.59
30.62	214.098	-35.4945	178.603
30.64	215.724	-37.1314	178.592
30.66	213.197	-34.6141	178.582
30.68	213.356	-34.7767	178.579
30.7	218.41	-39.8213	178.589
30.72	224.099	-45.4955	178.603
30.74	222.739	-44.1287	178.61
30.76	220.488	-41.8947	178.594
30.78	218.626	-40.0435	178.583
30.8	216.048	-37.4515	178.597
30.82	223.568	-44.9899	178.578
30.84	221.846	-43.224	178.622
30.86	211.65	-33.0041	178.646
30.88	212.544	-33.9331	178.611
30.9	213.59	-34.9638	178.626
30.92	216.342	-37.7034	178.639
30.94	221.721	-43.0847	178.636
30.96	224.926	-46.3101	178.616
30.98	226.734	-48.1185	178.615
31	225.952	-47.3374	178.614
31.02	222.172	-43.5626	178.61
31.04	218.062	-39.4729	178.589
31.06	215.681	-37.0976	178.583
31.08	211.456	-32.8767	178.579
31.1	214.434	-35.822	178.612
31.12	224.228	-45.6399	178.588
31.14	228.723	-50.1092	178.614
31.16	227.99	-49.3905	178.599
31.18	225.307	-46.717	178.59
31.2	224.087	-45.5051	178.581
31.22	226.52	-47.9415	178.578
31.24	228.368	-49.7917	178.576
31.26	226.565	-47.9933	178.571
31.28	223.716	-45.1475	178.568
31.3	222.314	-43.7288	178.585
31.32	218.771	-40.1869	178.584
31.34	220.909	-42.3184	178.59
31.36	227.856	-49.2824	178.573
31.38	229.62	-51.0608	178.559
31.4	226.925	-48.3703	178.554
31.42	222.382	-43.8225	178.559
31.44	222.552	-44.0003	178.551
31.46	225.285	-46.7311	178.554
31.48	225.555	-47.0136	178.541
31.5	220.753	-42.2116	178.541
31.52	216.463	-37.9206	178.542
31.54	223.881	-45.3524	178.529
31.56	228.453	-49.9241	178.529
31.58	226.421	-47.89	178.531
31.6	221.664	-43.1169	178.547
31.62	220.622	-42.079	178.543
31.64	221.34	-42.7944	178.546
31.66	224.423	-45.879	178.544
31.68	227.17	-48.6088	178.561
31.7	228.238	-49.6767	178.561
31.72	227.63	-49.052	178.578
31.74	225.979	-47.4048	178.574
31.76	225.359	-46.7891	178.57
31.78	226.955	-48.3861	178.569
31.8	229.418	-50.8889	178.529
31.82	230.794	-52.2619	178.532
31.84	227.413	-48.895	178.518
31.86	218.353	-39.8293	178.523
31.88	218.256	-39.7556	178.501
31.9	222.629	-44.1339	178.496
31.92	221.782	-43.2974	178.485
31.94	224.151	-45.6686	178.482
31.96	227.361	-48.8763	178.485
31.98	223.53	-45.0647	178.466
32	216.07	-37.5848	178.485
32.02	224.79	-46.3288	178.461
32.04	231.941	-53.4984	178.443
32.06	232.485	-54.0507	178.434
32.08	229.019	-50.5846	178.435
32.1	224.744	-46.3047	178.439
32.12	224.524	-46.0962	178.427
32.14	219.248	-40.7995	178.449
32.16	224.532	-46.1022	178.43
32.18	224.791	-46.356	178.435
32.2	221.813	-43.3555	178.458
32.22	227.68	-49.2262	178.454
32.24	230.72	-52.2691	178.451
32.26	230.503	-52.0587	178.445
32.28	227.17	-48.724	178.446
32.3	223.696	-45.225	178.471
32.32	224.681	-46.2198	178.461
32.34	225.381	-46.9087	178.472
32.36	225.827	-47.3693	178.457
32.38	227.376	-48.9257	178.451
32.4	227.412	-48.9659	178.446
32.42	226.622	-48.1711	178.451
32.44	224.892	-46.4563	178.436
32.46	224.021	-45.5797	178.441
32.48	224.723	-46.2935	178.43
32.5	225.469	-47.0636	178.406
32.52	224.086	-45.6978	178.388
32.54	225.342	-46.9332	178.409
32.56	228.017	-49.6033	178.414
32.58	224.153	-45.7517	178.401
32.6	222.432	-44.0297	178.402
32.62	226.522	-48.1041	178.418
32.64	229.84	-51.4123	178.428
32.66	230.29	-51.8477	178.442
32.68	230.898	-52.4544	178.443
32.7	232.596	-54.1339	178.462
32.72	232.004	-53.5549	178.449
32.74	227.26	-48.8108	178.449
32.76	219.735	-41.2953	178.44
32.78	219.188	-40.7301	178.458
32.8	225.3	-46.8394	178.461
32.82	225.998	-47.5234	178.475
32.84	228.033	-49.5761	178.457
32.86	225.715	-47.2645	178.45
32.88	223.497	-45.0454	178.452
32.9	225.11	-46.6599	178.45
32.92	227.419	-48.9754	178.444
32.94	227.951	-49.4738	178.477
32.96	226.996	-48.5179	178.478
32.98	225.324	-46.8886	178.435
33	224.218	-45.7895	178.429
33.02	223.133	-44.6916	178.442
33.04	223.909	-45.4801	178.429
33.06	224.914	-46.481	178.433
33.08	225.12	-46.688	178.432
33.1	227.964	-49.5321	178.432
33.12	228.103	-49.6725	178.431
33.14	229.104	-50.6443	178.46
33.16	233.075	-54.6244	178.45
33.18	233.935	-55.4804	178.454
33.2	229.614	-51.1522	178.462
33.22	224.445	-45.9948	178.45
33.24	224.675	-46.2241	178.451
33.26	225.784	-47.3261	178.458
33.28	224.518	-46.0492	178.469
33.3	224.378	-45.9205	178.458
33.32	216.855	-38.3763	178.479
33.34	216.249	-37.7859	178.463
33.36	223.518	-45.0589	178.46
33.38	224.31	-45.8536	178.456
33.4	224.407	-45.9371	178.47
33.42	227.631	-49.1676	178.463
33.44	231.278	-52.8387	178.439
33.46	231.839	-53.4145	178.425
33.48	230.461	-52.0269	178.434
33.5	226.536	-48.089	178.447
33.52	224.26	-45.8151	178.445
33.54	221.92	-43.4717	178.448
33.56	218.08	-39.6401	178.44
33.58	220.69	-42.2635	178.426
33.6	221.122	-42.7027	178.419
33.62	218.881	-40.4185	178.462
33.64	223.192	-44.7199	178.472
33.66	222.448	-43.9817	178.467
33.68	224.436	-45.9666	178.469
33.7	226.269	-47.8037	178.466
33.72	219.574	-41.0922	178.482
33.74	218.702	-40.2211	178.481
33.76	222.509	-44.0529	178.456
33.78	220.193	-41.7052	178.488
33.8	216.785	-38.3056	178.48
33.82	216.601	-38.1342	178.467
33.84	218.22	-39.7545	178.465
33.86	223.456	-44.9725	178.484
33.88	227.29	-48.7965	178.494
33.9	227.279	-48.7942	178.485
33.92	225.851	-47.3649	178.486
33.94	224.813	-46.3388	178.474
33.96	223.048	-44.5635	178.484
33.98	221.947	-43.4857	178.461
34	224.854	-46.412	178.442
34.02	224.068	-45.6029	178.465
34.04	220.133	-41.6636	178.469
34.06	217.257	-38.7667	178.49
34.08	222.985	-44.4987	178.487
34.1	221.678	-43.1729	178.505
34.12	218.938	-40.4273	178.511
34.14	222.016	-43.5208	178.496
34.16	225.276	-46.7913	178.484
34.18	226.854	-48.3846	178.469
34.2	227.333	-48.8583	178.475
34.22	227.57	-49.0994	178.47
34.24	228.337	-49.844	178.493
34.26	230.195	-51.7094	178.485
34.28	230.208	-51.6793	178.529
34.3	223.407	-44.8696	178.538
34.32	215.971	-37.409	178.562
34.34	209.907	-31.3372	178.57
34.36	218.26	-39.7174	178.543
34.38	222.699	-44.1737	178.526
34.4	218.827	-40.2884	178.538
34.42	220.974	-42.4356	178.538
34.44	222.826	-44.2872	178.539
34.46	223.738	-45.2049	178.533
34.48	221.65	-43.1106	178.54
34.5	222.881	-44.3458	178.535
34.52	226.733	-48.2055	178.528
34.54	229.377	-50.8435	178.533
34.56	229.378	-50.849	178.529
34.58	228.587	-50.0232	178.563
34.6	228.362	-49.7839	178.578
34.62	227.125	-48.5695	178.555
34.64	224.252	-45.7008	178.551
34.66	221.826	-43.2759	178.55
34.68	220.706	-42.173	178.533
34.7	219.268	-40.7461	178.521
34.72	214.04	-35.5052	178.535
34.74	218.782	-40.2824	178.5
34.76	226.295	-47.8088	178.486
34.78	227.977	-49.4799	178.497
34.8	223.169	-44.6561	178.513
34.82	220.706	-42.2072	178.499
34.84	223.827	-45.3512	178.476
34.86	224.02	-45.5282	178.492
34.88	224.609	-46.1123	178.497
34.9	225.65	-47.1656	178.484
34.92	224.112	-45.5958	178.516
34.94	218.786	-40.2664	178.52
34.96	211.027	-32.5069	178.52
34.98	209.351	-30.83	178.521
35	216.255	-37.7511	178.504
35.02	222.501	-44.0149	178.486
35.04	222.736	-44.252	178.484
35.06	221.184	-42.6684	178.515
35.08	222.102	-43.6176	178.485
35.1	221.906	-43.454	178.452
35.12	214.631	-36.1945	178.437
35.14	209.491	-31.0326	178.458
35.16	211.861	-33.3926	178.468
35.18	212.774	-34.2796	178.494
35.2	216.264	-37.7401	178.524
35.22	221.095	-42.5633	178.531
35.24	221.879	-43.3664	178.513
35.26	216.557	-38.032	178.525
35.28	214.329	-35.8174	178.511
35.3	216.851	-38.3455	178.505
35.32	220.161	-41.6246	178.536
35.34	220.221	-41.6857	178.535
35.36	221.862	-43.3385	178.523
35.38	223.63	-45.1089	178.521
35.4	223.096	-44.5829	178.513
35.42	223.04	-44.5147	178.525
35.44	225.267	-46.7593	178.508
35.46	227.935	-49.4412	178.494
35.48	226.99	-48.4962	178.494
35.5	217.177	-38.6808	178.497
35.52	215.515	-37.0391	178.476
35.54	217.747	-39.2834	178.463
35.56	217.232	-38.7547	178.477
35.58	218.081	-39.5945	178.486
35.6	223.066	-44.5811	178.485
35.62	222.357	-43.8786	178.478
35.64	206.734	-28.2279	178.506
35.66	215.087	-36.6273	178.46
35.68	222.281	-43.8138	178.467
35.7	226.261	-47.7887	178.472
35.72	228.052	-49.5902	178.462
35.74	227.392	-48.9177	178.474
35.76	224.839	-46.3752	178.463
35.78	217.786	-39.2949	178.492
35.8	219.911	-41.4123	178.499
35.82	224.242	-45.7534	178.489
35.84	225.174	-46.6839	178.491
35.86	224.552	-46.0335	178.518
35.88	223.59	-45.0866	178.504
35.9	225.276	-46.7627	178.514
35.92	227.9	-49.3959	178.504
35.94	225.534	-47.055	178.479
35.96	217.299	-38.8117	178.487
35.98	215.534	-37.0491	178.485
36	216.713	-38.2317	178.481
36.02	225.426	-46.9526	178.474
36.04	233.253	-54.7859	178.467
36.06	231.563	-53.1042	178.459
36.08	224.664	-46.1996	178.464
36.1	220.328	-41.8647	178.463
36.12	220.711	-42.2492	178.462
36.14	223.274	-44.7976	178.477
36.16	224.2	-45.7194	178.481
36.18	222.211	-43.6896	178.521
36.2	230.763	-52.2775	178.486
36.22	231.55	-53.0532	178.497
36.24	226.994	-48.5074	178.486
36.26	225.498	-47.0135	178.485
36.28	226.166	-47.6613	178.505
36.3	226.241	-47.7521	178.489
36.32	224.934	-46.4425	178.492
36.34	222.164	-43.6678	178.496
36.36	227.453	-48.9661	178.487
36.38	231.456	-52.9623	178.494
36.4	231.373	-52.8442	178.529
36.42	229.652	-51.1233	178.529
36.44	227.033	-48.4956	178.538
36.46	227.379	-48.8585	178.52
36.48	229.598	-51.0806	178.517
36.5	229.522	-50.995	178.527
36.52	226.468	-47.9411	178.526
36.54	226.322	-47.8204	178.501
36.56	226.82	-48.3189	178.501
36.58	225.181	-46.6816	178.499
36.6	218.957	-40.4456	178.512
36.62	224.295	-45.8003	178.495
36.64	227.137	-48.6206	178.517
36.66	226.748	-48.2089	178.539
36.68	224.872	-46.324	178.548
36.7	225.076	-46.5285	178.547
36.72	226.591	-48.0523	178.539
36.74	226.036	-47.5009	178.535
36.76	225.45	-46.9188	178.532
36.78	226.846	-48.3024	178.544
36.8	225.163	-46.6523	178.511
36.82	217.107	-38.583	178.524
36.84	221.497	-42.9752	178.521
36.86	229.806	-51.3009	178.505
36.88	222.801	-44.3011	178.5
36.9	214.06	-35.5239	178.536
36.92	215.019	-36.4962	178.523
36.94	219.638	-41.1232	178.515
36.96	223.644	-45.1347	178.509
36.98	223.281	-44.7635	178.517
37	221.575	-43.0666	178.508
37.02	220.725	-42.2241	178.501
37.04	219.919	-41.3878	178.531
37.06	221.707	-43.1834	178.524
37.08	224.244	-45.7268	178.518
37.1	225.375	-46.8835	178.491
37.12	225.658	-47.1717	178.486
37.14	225.444	-46.9867	178.458
37.16	223.917	-45.4302	178.487
37.18	223.373	-44.9018	178.471
37.2	224.401	-45.9291	178.472
37.22	221.353	-42.8838	178.47
37.24	210.087	-31.612	178.475
37.26	209.935	-31.4605	178.474
37.28	218.237	-39.7563	178.481
37.3	223.617	-45.1368	178.48
37.32	221.991	-43.5065	178.484
37.34	220.052	-41.5672	178.484
37.36	223.431	-44.9497	178.481
37.38	223.175	-44.6645	178.51
37.4	219.021	-40.5139	178.507
37.42	212.975	-34.4278	178.547
37.44	216.247	-37.7358	178.511
37.46	212.913	-34.4174	178.496
37.48	214.367	-35.8542	178.513
37.5	221.808	-43.3129	178.496
37.52	220.581	-42.0859	178.495
37.54	224.305	-45.7963	178.509
37.56	227.431	-48.9143	178.517
37.58	226.695	-48.1663	178.529
37.6	214.803	-36.2608	178.543
37.62	225.715	-47.2185	178.497
37.64	227.383	-48.875	178.508
37.66	217.548	-39.0271	178.521
37.68	219.983	-41.4598	178.524
37.7	227.051	-48.5218	178.529
37.72	227.937	-49.4156	178.521
37.74	224.185	-45.6643	178.521
37.76	215.34	-36.8027	178.537
37.78	222.461	-43.9411	178.52
37.8	226.812	-48.2802	178.532
37.82	226.388	-47.852	178.536
37.84	226.671	-48.1564	178.514
37.86	228.228	-49.7145	178.513
37.88	229.014	-50.489	178.525
37.9	229.227	-50.6914	178.535
37.92	228.567	-50.0364	178.53
37.94	228.139	-49.6075	178.531
37.96	228.431	-49.8649	178.566
37.98	226.384	-47.8218	178.562
38	224.179	-45.6306	178.548
38.02	224.886	-46.3359	178.55
38.04	224.304	-45.7619	178.542
38.06	222.811	-44.272	178.539
38.08	225.915	-47.3929	178.522
38.1	224.228	-45.7011	178.527
38.12	225.863	-47.3411	178.521
38.14	220.813	-42.2934	178.52
38.16	211.387	-32.8525	178.534
38.18	213.243	-34.7094	178.533
38.2	217.629	-39.0949	178.534
38.22	220.976	-42.4669	178.509
38.24	224.73	-46.2291	178.501
38.26	230.25	-51.7369	178.513
38.28	229.278	-50.7688	178.509
38.3	223.072	-44.5453	178.527
38.32	219.588	-41.0669	178.521
38.34	227.512	-49.0046	178.507
38.36	230.996	-52.4804	178.516
38.38	229.225	-50.7483	178.477
38.4	224.356	-45.8781	178.478
38.42	224.01	-45.5336	178.477
38.44	222.849	-44.3705	178.479
38.46	223.962	-45.4923	178.47
38.48	228.709	-50.2571	178.451
38.5	226.884	-48.4397	178.444
38.52	222.866	-44.4121	178.454
38.54	223.653	-45.1953	178.458
38.56	227.338	-48.8773	178.461
38.58	229.279	-50.8468	178.433
38.6	227.783	-49.347	178.436
38.62	221.73	-43.2833	178.446
38.64	219.734	-41.2498	178.485
38.66	227.491	-49.0154	178.475
38.68	233.6	-55.1338	178.466
38.7	235.744	-57.2894	178.455
38.72	232.896	-54.4339	178.462
38.74	227.68	-49.2119	178.468
38.76	222.973	-44.5012	178.471
38.78	217.57	-39.091	178.479
38.8	221.309	-42.8015	178.507
38.82	227.554	-49.0671	178.487
38.84	220.902	-42.3945	178.507
38.86	222.189	-43.665	178.524
38.88	224.731	-46.2014	178.53
38.9	224.487	-45.9523	178.535
38.92	226.054	-47.5268	178.527
38.94	228.018	-49.4839	178.534
38.96	229.61	-51.0988	178.512
38.98	229.366	-50.8645	178.501
39	227.642	-49.1448	178.498
39.02	227.32	-48.8318	178.488
39.04	229.77	-51.2735	178.496
39.06	231.547	-53.0557	178.492
39.08	226.341	-47.8695	178.472
39.1	224.236	-45.75	178.486
39.12	231.071	-52.6134	178.458
39.14	225.59	-47.1255	178.464
39.16	223.59	-45.1063	178.484
39.18	227.401	-48.901	178.5
39.2	225.428	-46.9478	178.48
39.22	225.525	-47.041	178.484
39.24	227.539	-49.0712	178.468
39.26	229.057	-50.5982	178.459
39.28	223.024	-44.5689	178.456
39.3	222.479	-44.0449	178.434
39.32	226.032	-47.5811	178.451
39.34	229.522	-51.0663	178.456
39.36	228.172	-49.7145	178.457
39.38	227.396	-48.9395	178.457
39.4	226.938	-48.464	178.474
39.42	227.208	-48.7415	178.467
39.44	225.479	-46.9992	178.48
39.46	224.896	-46.419	178.476
39.48	227.395	-48.9288	178.466
39.5	227.405	-48.9064	178.499
39.52	224.863	-46.3738	178.489
39.54	221.506	-43.0286	178.478
39.56	222.573	-44.1028	178.47
39.58	228.876	-50.4142	178.461
39.6	228.69	-50.2278	178.463
39.62	227.225	-48.7518	178.473
39.64	221.305	-42.8139	178.491
39.66	220.551	-42.1007	178.45
39.68	217.309	-38.861	178.448
39.7	213.422	-34.9572	178.465
39.72	214.929	-36.4517	178.477
39.74	221.184	-42.7181	178.466
39.76	226.581	-48.1247	178.457
39.78	223.535	-45.0555	178.479
39.8	220.111	-41.6091	178.501
39.82	224.383	-45.8923	178.491
39.84	221.564	-43.0628	178.501
39.86	217.078	-38.6043	178.474
39.88	201.563	-23.0513	178.512
39.9	212.631	-34.1419	178.49
39.92	222.135	-43.6131	178.522
39.94	224.525	-46.0157	178.51
39.96	221.592	-43.0883	178.504
39.98	216.654	-38.1637	178.491
40	219.815	-41.3257	178.49
40.02	224.354	-45.8672	178.487
40.04	224.099	-45.5857	178.513
40.06	223.632	-45.0971	178.535
40.08	216.445	-37.9316	178.513
40.1	219.12	-40.6052	178.514
40.12	224.647	-46.105	178.542
40.14	224.795	-46.2377	178.557
40.16	225.656	-47.095	178.561
40.18	225.153	-46.6027	178.55
40.2	222.325	-43.7622	178.563
40.22	215.122	-36.5757	178.546
40.24	212.964	-34.395	178.569
40.26	222.835	-44.2604	178.574
40.28	230.089	-51.5245	178.565
40.3	225.479	-46.9192	178.56
40.32	215.567	-36.9834	178.583
40.34	225.662	-47.1056	178.557
40.36	228.804	-50.2488	178.555
40.38	227.98	-49.4328	178.547
40.4	226.982	-48.4357	178.547
40.42	225.432	-46.8885	178.543
40.44	220.559	-42.0297	178.53
40.46	219.278	-40.7446	178.533
40.48	224.64	-46.1239	178.516
40.5	227.414	-48.9119	178.502
40.52	228.321	-49.8283	178.492
40.54	228.619	-50.1212	178.498
40.56	228.754	-50.2454	178.509
40.58	228.666	-50.1577	178.509
40.6	227.873	-49.3539	178.519
40.62	226.619	-48.0818	178.537
40.64	226.869	-48.3264	178.543
40.66	228.688	-50.1416	178.546
40.68	229.646	-51.0964	178.549
40.7	226.948	-48.3848	178.563
40.72	221.356	-42.7882	178.567
40.74	217.851	-39.3206	178.531
40.76	211.208	-32.6589	178.549
40.78	216.022	-37.4717	178.55
40.8	222.338	-43.8009	178.537
40.82	221.7	-43.1505	178.55
40.84	227.359	-48.8154	178.543
40.86	232.296	-53.7573	178.539
40.88	228.809	-50.2805	178.529
40.9	226.552	-48.0348	178.517
40.92	225.966	-47.4686	178.497
40.94	221.519	-43.0165	178.503
40.96	220.56	-42.0352	178.525
40.98	223.67	-45.1611	178.509
41	225.183	-46.6598	178.523
41.02	227.04	-48.517	178.523
41.04	229.002	-50.463	178.539
41.06	229.256	-50.704	178.552
41.08	229.022	-50.4787	178.543
41.1	225.444	-46.8951	178.549
41.12	222.818	-44.2902	178.528
41.14	226.503	-47.9771	178.526
41.16	226.698	-48.164	178.534
41.18	224.813	-46.2824	178.53
41.2	223.502	-44.9722	178.53
41.22	223.544	-45.0073	178.536
41.24	225.319	-46.8024	178.517
41.26	225.878	-47.3654	178.513
41.28	225.614	-47.1063	178.507
41.3	225.419	-46.8987	178.52
41.32	226.758	-48.2339	178.524
41.34	228.098	-49.586	178.512
41.36	227.466	-48.9441	178.522
41.38	225.916	-47.3907	178.526
41.4	226.488	-47.9742	178.513
41.42	223.162	-44.6494	178.513
41.44	223.053	-44.5347	178.518
41.46	226.126	-47.6123	178.513
41.48	225.118	-46.6059	178.512
41.5	224.106	-45.5893	178.517
41.52	224.139	-45.6467	178.492
41.54	223.442	-44.9498	178.493
41.56	228.634	-50.1541	178.48
41.58	232.342	-53.8618	178.48
41.6	230.519	-52.0445	178.474
41.62	230.586	-52.1089	178.477
41.64	234.704	-56.2395	178.465
41.66	234.817	-56.3748	178.442
41.68	230.106	-51.6596	178.447
41.7	226.527	-48.0977	178.429
41.72	224.838	-46.3923	178.445
41.74	224.495	-46.0465	178.448
41.76	223.522	-45.0623	178.46
41.78	226.569	-48.1254	178.444
41.8	231.383	-52.9424	178.44
41.82	228.608	-50.1629	178.445
41.84	225.511	-47.0759	178.435
41.86	228.356	-49.9331	178.423
41.88	229.278	-50.8717	178.406
41.9	226.995	-48.5844	178.411
41.92	227.524	-49.1305	178.393
41.94	229.306	-50.9289	178.377
41.96	225.397	-47.0272	178.37
41.98	221.33	-42.9443	178.385
42	223.389	-44.9921	178.397
42.02	226.233	-47.8387	178.395
42.04	226.263	-47.8705	178.393
42.06	227.21	-48.8381	178.372
42.08	229.765	-51.3926	178.372
42.1	228.028	-49.6663	178.362
42.12	223.599	-45.231	178.368
42.14	224.254	-45.9155	178.339
42.16	228.693	-50.357	178.336
42.18	232.082	-53.7616	178.32
42.2	232.972	-54.6706	178.302
42.22	229.422	-51.1213	178.301
42.24	222.858	-44.5292	178.329
42.26	222.205	-43.8744	178.33
42.28	225.396	-47.0587	178.337
42.3	230.191	-51.8428	178.349
42.32	231.171	-52.8104	178.36
42.34	227.825	-49.4657	178.36
42.36	223.221	-44.8529	178.368
42.38	225.999	-47.6524	178.347
42.4	230.843	-52.5006	178.342
42.42	230.768	-52.4372	178.331
42.44	230.622	-52.3066	178.315
42.46	232.169	-53.8727	178.296
42.48	232.524	-54.2247	178.299
42.5	232.245	-53.975	178.27
42.52	217.862	-39.5452	178.317
42.54	218.804	-40.4813	178.322
42.56	228.395	-50.0668	178.328
42.58	235.156	-56.8256	178.331
42.6	235.093	-56.7614	178.332
42.62	229.253	-50.9342	178.319
42.64	223.244	-44.9104	178.334
42.66	218.784	-40.4505	178.334
42.68	221.395	-43.0724	178.323
42.7	226.99	-48.668	178.322
42.72	229.447	-51.1263	178.321
42.74	221.846	-43.5174	178.329
42.76	209.971	-31.643	178.328
42.78	206.21	-27.8778	178.333
42.8	216.703	-38.3669	178.336
42.82	226.872	-48.5187	178.354
42.84	227.687	-49.3283	178.359
42.86	229.055	-50.7024	178.352
42.88	230.67	-52.297	178.373
42.9	229.239	-50.8694	178.37
42.92	226.785	-48.4126	178.373
42.94	227.447	-49.0862	178.361
42.96	230.384	-52.0263	178.358
42.98	231.313	-52.9721	178.341
43	229.177	-50.8184	178.359
43.02	221.71	-43.3475	178.363
43.04	224.065	-45.7028	178.363
43.06	218.166	-39.7766	178.389
43.08	213.852	-35.4356	178.416
43.1	220.238	-41.8192	178.419
43.12	224.812	-46.3958	178.416
43.14	228.854	-50.4416	178.413
43.16	232.394	-53.9875	178.406
43.18	232.615	-54.2074	178.408
43.2	230.428	-52.0033	178.425
43.22	226.865	-48.4598	178.405
43.24	225.291	-46.8801	178.411
43.26	226.941	-48.5496	178.392
43.28	228.59	-50.193	178.397
43.3	228.399	-50	178.399
43.32	223.681	-45.2519	178.429
43.34	220.219	-41.795	178.424
43.36	220.552	-42.1294	178.423
43.38	222.402	-43.985	178.417
43.4	225.269	-46.8559	178.413
43.42	227.596	-49.1973	178.398
43.44	225.168	-46.7753	178.393
43.46	219.289	-40.9093	178.38
43.48	216.562	-38.1941	178.368
43.5	222.438	-44.0654	178.373
43.52	228.514	-50.1433	178.37
43.54	228.392	-50.0176	178.374
43.56	226.013	-47.6251	178.388
43.58	225.094	-46.7085	178.385
43.6	222.807	-44.4205	178.386
43.62	218.421	-40.0039	178.417
43.64	226.233	-47.8475	178.386
43.66	232.179	-53.8043	178.375
43.68	229.9	-51.5078	178.392
43.7	228.781	-50.3822	178.399
43.72	230.279	-51.8753	178.404
43.74	226.775	-48.3772	178.398
43.76	224.626	-46.2036	178.422
43.78	227.581	-49.1514	178.43
43.8	230.777	-52.3502	178.427
43.82	230.681	-52.2563	178.424
43.84	229.974	-51.5454	178.429
43.86	227.761	-49.3331	178.428
43.88	227.752	-49.3145	178.438
43.9	232.108	-53.6885	178.42
43.92	226.84	-48.4185	178.422
43.94	226.355	-47.929	178.426
43.96	227.393	-48.9775	178.416
43.98	226.693	-48.2861	178.407
44	226.387	-47.9958	178.392
44.02	221.292	-42.9007	178.392
44.04	214.373	-35.9797	178.393
44.06	214.437	-36.0467	178.391
44.08	219.829	-41.4211	178.407
44.1	227.963	-49.5387	178.424
44.12	230.529	-52.1086	178.421
44.14	229.721	-51.2658	178.455
44.16	232.144	-53.7049	178.439
44.18	233.136	-54.6839	178.452
44.2	232.446	-53.9998	178.446
44.22	230.189	-51.7499	178.439
44.24	224.95	-46.5155	178.435
44.26	222.397	-43.9227	178.474
44.28	228.418	-49.9421	178.476
44.3	231.07	-52.6087	178.462
44.32	224.921	-46.4619	178.459
44.34	218.399	-39.9279	178.472
44.36	224.049	-45.6079	178.441
44.38	226.447	-47.9928	178.455
44.4	224.12	-45.6697	178.45
44.42	221.581	-43.1297	178.452
44.44	225.271	-46.8276	178.443
44.46	225.825	-47.3783	178.446
44.48	222.137	-43.6895	178.447
44.5	224.61	-46.1873	178.423
44.52	220.576	-42.1494	178.426
44.54	214.316	-35.893	178.423
44.56	214.564	-36.1613	178.403
44.58	215.005	-36.5751	178.43
44.6	222.318	-43.8947	178.423
44.62	224.969	-46.5398	178.429
44.64	225.64	-47.2047	178.435
44.66	225.146	-46.6795	178.466
44.68	222.54	-44.0676	178.473
44.7	218.307	-39.8652	178.442
44.72	207.484	-28.9695	178.515
44.74	218.717	-40.2377	178.479
44.76	221.287	-42.7973	178.49
44.78	217.932	-39.416	178.516
44.8	221.235	-42.7396	178.495
44.82	226.58	-48.0915	178.488
44.84	229.261	-50.7761	178.485
44.86	230.791	-52.2858	178.505
44.88	228.732	-50.2178	178.514
44.9	223.024	-44.5057	178.518
44.92	224.605	-46.0967	178.509
44.94	225.112	-46.6046	178.507
44.96	221.994	-43.4609	178.534
44.98	224.613	-46.0942	178.519
45	224.68	-46.1518	178.528
45.02	223.46	-44.9133	178.547
45.04	223.772	-45.2376	178.534
45.06	224.787	-46.2581	178.529
45.08	225.232	-46.7021	178.529
45.1	221.262	-42.7561	178.506
45.12	219.308	-40.799	178.509
45.14	224.772	-46.2826	178.489
45.16	230.269	-51.7806	178.488
45.18	231.385	-52.8895	178.496
45.2	229.73	-51.2166	178.513
45.22	226.986	-48.4781	178.508
45.24	224.853	-46.3176	178.536
45.26	224.097	-45.5453	178.552
45.28	224.069	-45.5027	178.567
45.3	223.212	-44.667	178.545
45.32	222.682	-44.1526	178.529
45.34	223.643	-45.1119	178.531
45.36	226.673	-48.1506	178.523
45.38	228.34	-49.8284	178.512
45.4	227.685	-49.1557	178.529
45.42	225.229	-46.7083	178.521
45.44	218.761	-40.2364	178.525
45.46	215.429	-36.9003	178.528
45.48	219.543	-40.9921	178.551
45.5	226.01	-47.4695	178.541
45.52	229.307	-50.7611	178.546
45.54	224.143	-45.6138	178.53
45.56	219.007	-40.4674	178.539
45.58	222.832	-44.3061	178.526
45.6	224.334	-45.8093	178.524
45.62	225.686	-47.1414	178.545
45.64	225.314	-46.7584	178.556
45.66	222.882	-44.3033	178.578
45.68	221.112	-42.5234	178.589
45.7	225.307	-46.7195	178.588
45.72	228.114	-49.5134	178.6
45.74	224.528	-45.9348	178.593
45.76	218.655	-40.077	178.578
45.78	208.714	-30.1195	178.594
45.8	212.011	-33.4319	178.579
45.82	219.197	-40.6259	178.571
45.84	220.36	-41.7681	178.592
45.86	219.102	-40.5169	178.585
45.88	220.65	-42.0731	178.577
45.9	222.01	-43.458	178.552
45.92	220.364	-41.8062	178.558
45.94	220.612	-42.0629	178.549
45.96	220.773	-42.2354	178.537
45.98	224.36	-45.8401	178.52
46	224.965	-46.4439	178.521
46.02	222.837	-44.3285	178.509
46.04	223.598	-45.0902	178.508
46.06	225.441	-46.939	178.502
46.08	217.845	-39.3356	178.509
46.1	219.003	-40.4989	178.504
46.12	224.833	-46.3038	178.53
46.14	225.169	-46.64	178.529
46.16	223.497	-44.9884	178.509
46.18	213.681	-35.1613	178.519
46.2	215.324	-36.8259	178.498
46.22	218.029	-39.5062	178.523
46.24	219.053	-40.5178	178.536
46.26	223.499	-44.9689	178.53
46.28	223.996	-45.445	178.551
46.3	223.495	-44.9276	178.568
46.32	222.811	-44.2398	178.572
46.34	221.267	-42.7028	178.564
46.36	221.943	-43.3922	178.55
46.38	221.795	-43.2522	178.542
46.4	218.517	-39.9589	178.558
46.42	218.179	-39.6161	178.563
46.44	220.687	-42.1338	178.553
46.46	220.354	-41.7969	178.557
46.48	221.174	-42.6074	178.566
46.5	220.889	-42.3028	178.586
46.52	217.121	-38.5198	178.601
46.54	215.625	-37.0498	178.575
46.56	218.633	-40.06	178.573
46.58	223.309	-44.7373	178.571
46.6	225.931	-47.3543	178.577
46.62	225.572	-46.9893	178.582
46.64	222.191	-43.6188	178.572
46.66	217.979	-39.3869	178.592
46.68	217.555	-38.9749	178.58
46.7	220.198	-41.5993	178.599
46.72	221.497	-42.9147	178.582
46.74	219.699	-41.1342	178.564
46.76	216.304	-37.7316	178.573
46.78	220.263	-41.7032	178.56
46.8	224.473	-45.9471	178.526
46.82	223.816	-45.2964	178.519
46.84	217.817	-39.2836	178.533
46.86	214	-35.4645	178.535
46.88	217.682	-39.1211	178.561
46.9	222.467	-43.8883	178.579
46.92	221.33	-42.7261	178.604
46.94	217.878	-39.2701	178.608
46.96	217.063	-38.4741	178.589
46.98	217.463	-38.8688	178.594
47	218.88	-40.2835	178.596
47.02	221.94	-43.3638	178.576
47.04	221.232	-42.6474	178.585
47.06	215.612	-37.0353	178.577
47.08	216.47	-37.9134	178.557
47.1	220.831	-42.2801	178.55
47.12	217.999	-39.4629	178.536
47.14	213.737	-35.164	178.573
47.16	218.284	-39.7142	178.57
47.18	221.539	-42.9858	178.553
47.2	221.052	-42.4775	178.574
47.22	221.894	-43.3278	178.567
47.24	222.185	-43.6344	178.55
47.26	220.965	-42.4104	178.554
47.28	217.07	-38.5206	178.549
47.3	212.321	-33.7788	178.542
47.32	212.539	-34.0032	178.536
47.34	217.873	-39.3216	178.551
47.36	224.933	-46.3685	178.565
47.38	228.385	-49.8245	178.56
47.4	228.424	-49.8512	178.573
47.42	226.783	-48.1881	178.595
47.44	224.159	-45.5739	178.585
47.46	217.52	-38.9448	178.575
47.48	212.728	-34.1523	178.576
47.5	218.534	-39.9726	178.561
47.52	222.078	-43.5222	178.555
47.54	213.989	-35.4336	178.555
47.56	205.382	-26.7998	178.582
47.58	215.277	-36.7109	178.566
47.6	221.867	-43.2924	178.575
47.62	223.756	-45.1829	178.573
47.64	225.2	-46.6166	178.583
47.66	224.593	-46.0114	178.581
47.68	218.982	-40.3869	178.595
47.7	212.724	-34.0976	178.626
47.72	218.566	-39.9533	178.613
47.74	222.324	-43.718	178.606
47.76	224.473	-45.8504	178.622
47.78	224.895	-46.2799	178.616
47.8	222.351	-43.7287	178.622
47.82	219.807	-41.1755	178.631
47.84	216.325	-37.7275	178.597
47.86	212.434	-33.8388	178.595
47.88	211.752	-33.1474	178.605
47.9	215.721	-37.1317	178.589
47.92	221.623	-43.0195	178.603
47.94	225.376	-46.7839	178.592
47.96	224.429	-45.8393	178.59
47.98	222.835	-44.2605	178.575
48	222.879	-44.3007	178.578
48.02	221.978	-43.4004	178.578
48.04	220.203	-41.6307	178.572
48.06	217.684	-39.1055	178.578
48.08	217.099	-38.507	178.592
48.1	221.225	-42.6543	178.571
48.12	223.417	-44.819	178.598
48.14	221.638	-43.047	178.591
48.16	214.99	-36.3967	178.593
48.18	213.948	-35.3531	178.595
48.2	220.342	-41.7335	178.609
48.22	223.582	-44.9876	178.594
48.24	224.501	-45.9072	178.594
48.26	222.04	-43.4674	178.573
48.28	214.775	-36.1804	178.595
48.3	214.893	-36.3304	178.563
48.32	215.633	-37.0611	178.572
48.34	216.968	-38.3726	178.595
48.36	219.484	-40.8825	178.601
48.38	217.532	-38.9305	178.602
48.4	214.22	-35.6237	178.596
48.42	215.553	-36.9612	178.592
48.44	219.869	-41.2893	178.579
48.46	222.791	-44.1976	178.593
48.48	223.137	-44.5594	178.578
48.5	221.67	-43.1327	178.538
48.52	211.45	-32.9121	178.538
48.54	207.263	-28.7089	178.554
48.56	219.011	-40.4832	178.528
48.58	220.623	-42.0976	178.525
48.6	219.391	-40.8567	178.534
48.62	220.257	-41.7236	178.533
48.64	220.402	-41.8663	178.536
48.66	222.549	-44.019	178.53
48.68	224.85	-46.3137	178.537
48.7	221.963	-43.4001	178.563
48.72	215.964	-37.3955	178.568
48.74	218.674	-40.0923	178.581
48.76	221.786	-43.1895	178.597
48.78	221.515	-42.9083	178.607
48.8	222.652	-44.0541	178.598
48.82	221.818	-43.2201	178.598
48.84	217.796	-39.201	178.595
48.86	211.805	-33.205	178.6
48.88	215.932	-37.3293	178.602
48.9	222.563	-43.9597	178.603
48.92	225.812	-47.2192	178.593
48.94	220.489	-41.8973	178.591
48.96	215.488	-36.9053	178.583
48.98	220.951	-42.3869	178.564
49	224.74	-46.1769	178.563
49.02	222.654	-44.1156	178.539
49.04	219.571	-41.0504	178.521
49.06	220.665	-42.1176	178.548
49.08	221.493	-42.9349	178.558
49.1	223.76	-45.2295	178.53
49.12	222.187	-43.6648	178.522
49.14	219.646	-41.1343	178.512
49.16	223.099	-44.5922	178.506
49.18	226.08	-47.5837	178.497
49.2	222.399	-43.891	178.508
49.22	213.662	-35.166	178.496
49.24	206.147	-27.6169	178.53
49.26	221.8	-43.3051	178.495
49.28	224.921	-46.4138	178.508
49.3	220.915	-42.3891	178.526
49.32	217.071	-38.5258	178.546
49.34	221.471	-42.9377	178.533
49.36	221.356	-42.8455	178.511
49.38	214.709	-36.2081	178.501
49.4	215.752	-37.2557	178.496
49.42	221.319	-42.8136	178.505
49.44	224.986	-46.4891	178.496
49.46	221.978	-43.4713	178.507
49.48	213.947	-35.4651	178.482
49.5	214.837	-36.3716	178.466
49.52	219.282	-40.8228	178.459
49.54	222.334	-43.8656	178.468
49.56	225.697	-47.2222	178.475
49.58	222.504	-44.0189	178.485
49.6	215.954	-37.4315	178.522
49.62	221.88	-43.395	178.485
49.64	225.309	-46.8139	178.496
49.66	222.818	-44.3153	178.502
49.68	221.105	-42.5937	178.511
49.7	217.983	-39.4615	178.521
49.72	215.636	-37.113	178.523
49.74	210.643	-32.1074	178.536
49.76	213.147	-34.621	178.526
49.78	221.854	-43.3195	178.534
49.8	225.984	-47.4397	178.544
49.82	227.214	-48.6826	178.532
49.84	224.674	-46.1472	178.527
49.86	222.272	-43.7247	178.547
49.88	228.291	-49.7604	178.531
49.9	231.175	-52.6302	178.545
49.92	230.457	-51.9122	178.545
49.94	227.542	-48.9844	178.558
49.96	226.437	-47.8825	178.554
49.98	228.867	-50.3055	178.561
50	229.83	-51.2562	178.574
50.02	229.865	-51.2634	178.602
50.04	229.944	-51.3478	178.597
50.06	230.737	-52.1399	178.597
50.08	232.911	-54.315	178.596
50.1	234.222	-55.6182	178.604
50.12	231.396	-52.8	178.596
50.14	223.169	-44.5558	178.613
50.16	220.321	-41.7015	178.619
50.18	224.496	-45.8992	178.597
50.2	227.918	-49.3294	178.589
50.22	231.06	-52.486	178.574
50.24	229.071	-50.4962	178.574
50.26	223.632	-45.0611	178.571
50.28	223.461	-44.8913	178.569
50.3	222.917	-44.348	178.569
50.32	221.272	-42.7031	178.569
50.34	223.744	-45.1561	178.588
50.36	227.133	-48.5504	178.583
50.38	229.178	-50.6174	178.56
50.4	228.681	-50.1092	178.572
50.42	226.15	-47.5715	178.578
50.44	223.064	-44.5007	178.563
50.46	222.04	-43.4824	178.557
50.48	222.219	-43.6644	178.554
50.5	220.792	-42.2267	178.565
50.52	222.961	-44.4046	178.557
50.54	225.973	-47.4394	178.533
50.56	226.454	-47.92	178.534
50.58	225.49	-46.981	178.509
50.6	226.154	-47.6292	178.525
50.62	227.468	-48.9387	178.529
50.64	227.362	-48.837	178.525
50.66	226.71	-48.1848	178.525
50.68	226.254	-47.709	178.545
50.7	224.256	-45.7068	178.549
50.72	220.976	-42.4144	178.562
50.74	219.204	-40.6831	178.521
50.76	218.924	-40.3926	178.531
50.78	223.142	-44.6305	178.512
50.8	221.462	-42.9499	178.513
50.82	210.198	-31.6507	178.548
50.84	221.49	-42.9833	178.507
50.86	224.027	-45.51	178.516
50.88	223.138	-44.6189	178.519
50.9	223.763	-45.2618	178.501
50.92	224.116	-45.6142	178.502
50.94	225.392	-46.8783	178.514
50.96	227.887	-49.4028	178.484
50.98	228.407	-49.929	178.478
51	225.967	-47.4822	178.485
51.02	222.68	-44.1795	178.5
51.04	220.312	-41.8104	178.502
51.06	225.634	-47.1456	178.489
51.08	230.883	-52.4122	178.471
51.1	231.07	-52.6299	178.44
51.12	229.385	-50.9213	178.464
51.14	227.717	-49.246	178.471
51.16	222.919	-44.4492	178.47
51.18	217.302	-38.8403	178.462
51.2	219.69	-41.2406	178.449
51.22	223.615	-45.1636	178.451
51.24	226.843	-48.3997	178.443
51.26	226.573	-48.1424	178.43
51.28	226.38	-47.9579	178.422
51.3	229.539	-51.1186	178.42
51.32	232.651	-54.2061	178.445
51.34	232.144	-53.6827	178.461
51.36	228.25	-49.8018	178.448
51.38	225.82	-47.3988	178.421
51.4	226.338	-47.9235	178.414
51.42	227.688	-49.2754	178.413
51.44	227.591	-49.1776	178.413
51.46	226.675	-48.2788	178.396
51.48	224.657	-46.2742	178.383
51.5	219.782	-41.3923	178.39
51.52	216.096	-37.6856	178.41
51.54	226.545	-48.1823	178.363
51.56	225.204	-46.8314	178.372
51.58	226.564	-48.1943	178.37
51.6	229.07	-50.7161	178.354
51.62	221.399	-43.0167	178.383
51.64	219.083	-40.7174	178.366
51.66	222.467	-44.1051	178.362
51.68	221.204	-42.8406	178.363
51.7	223.466	-45.1043	178.362
51.72	227.191	-48.8297	178.361
51.74	221.463	-43.0819	178.381
51.76	213.836	-35.4321	178.404
51.78	224.904	-46.4821	178.422
51.8	222.161	-43.7219	178.439
51.82	216.798	-38.3381	178.459
51.84	222.419	-43.961	178.458
51.86	225.562	-47.0971	178.465
51.88	224.167	-45.6909	178.476
51.9	223.254	-44.7765	178.478
51.92	227.133	-48.6674	178.466
51.94	228.424	-49.9435	178.481
51.96	231.362	-52.9163	178.446
51.98	224.56	-46.1301	178.43
52	225.053	-46.6215	178.431
52.02	227.038	-48.6081	178.43
52.04	230.395	-51.9653	178.43
52.06	233.988	-55.549	178.439
52.08	233.458	-55.0339	178.424
52.1	230.518	-52.1015	178.417
52.12	230.689	-52.2744	178.415
52.14	231.606	-53.1984	178.407
52.16	225.696	-47.2885	178.407
52.18	220.716	-42.3323	178.384
52.2	213.099	-34.6665	178.433
52.22	209.133	-30.6715	178.461
52.24	218.485	-40.029	178.456
52.26	230.708	-52.2849	178.423
52.28	235.127	-56.7202	178.406
52.3	235.096	-56.6822	178.414
52.32	232.846	-54.4226	178.424
52.34	228.319	-49.894	178.425
52.36	225.934	-47.5257	178.408
52.38	230.436	-52.025	178.411
52.4	232.45	-54.0441	178.406
52.42	230.155	-51.7542	178.401
52.44	225.088	-46.6851	178.403
52.46	222.334	-43.9068	178.427
52.48	225.368	-46.9523	178.416
52.5	226.838	-48.4272	178.411
52.52	225.228	-46.8065	178.422
52.54	220.845	-42.4296	178.415
52.56	219.266	-40.8394	178.426
52.58	225.682	-47.246	178.436
52.6	229.438	-51.0055	178.433
52.62	229.705	-51.2657	178.44
52.64	228.666	-50.2225	178.443
52.66	230.804	-52.3854	178.419
52.68	233.388	-55.0159	178.372
52.7	230.973	-52.602	178.371
52.72	221.468	-43.0597	178.409
52.74	226.558	-48.1619	178.396
52.76	231.799	-53.3981	178.401
52.78	233.307	-54.8837	178.423
52.8	231.732	-53.296	178.436
52.82	230.661	-52.2277	178.433
52.84	233.07	-54.6256	178.444
52.86	232.986	-54.5462	178.439
52.88	231.699	-53.2658	178.434
52.9	233.963	-55.5407	178.423
52.92	225.6	-47.1758	178.424
52.94	224.048	-45.6364	178.412
52.96	230.814	-52.365	178.449
52.98	232.159	-53.7027	178.456
53	232.801	-54.355	178.446
53.02	232.343	-53.9089	178.434
53.04	230.787	-52.3629	178.424
53.06	229.255	-50.8245	178.431
53.08	229.39	-50.9649	178.425
53.1	230.697	-52.2634	178.434
53.12	230.398	-51.9691	178.429
53.14	229.329	-50.9085	178.42
53.16	231.899	-53.4926	178.406
53.18	233.938	-55.5512	178.386
53.2	229.113	-50.7301	178.383
53.22	220.507	-42.0959	178.412
53.24	215.633	-37.1921	178.441
53.26	222.188	-43.7392	178.449
53.28	229.556	-51.107	178.448
53.3	232.714	-54.2661	178.448
53.32	230.736	-52.2963	178.439
53.34	227.65	-49.1959	178.454
53.36	227.658	-49.1872	178.471
53.38	226.923	-48.4597	178.463
53.4	226.986	-48.5084	178.477
53.42	225.989	-47.5059	178.483
53.44	224.501	-46.0253	178.476
53.46	226.068	-47.5854	178.482
53.48	224.923	-46.4575	178.465
53.5	218.183	-39.7018	178.481
53.52	221.433	-42.9595	178.473
53.54	223.404	-44.9459	178.458
53.56	225.927	-47.4731	178.454
53.58	224.181	-45.7397	178.441
53.6	215.478	-37.0259	178.452
53.62	220.578	-42.1538	178.424
53.64	224.568	-46.1507	178.417
53.66	225.551	-47.1492	178.402
53.68	225.317	-46.9251	178.392
53.7	224.321	-45.9197	178.401
53.72	221.331	-42.911	178.42
53.74	219.727	-41.3127	178.414
53.76	220.34	-41.9325	178.408
53.78	222.23	-43.8391	178.391
53.8	224.975	-46.5671	178.408
53.82	227.346	-48.9389	178.407
53.84	227.517	-49.1108	178.406
53.86	224.694	-46.2771	178.417
53.88	220.444	-42.0216	178.423
53.9	220.902	-42.4947	178.407
53.92	221.601	-43.1978	178.403
53.94	217.256	-38.8289	178.427
53.96	217.949	-39.5285	178.421
53.98	223.821	-45.3943	178.427
54	226.224	-47.7959	178.428
54.02	226.488	-48.0287	178.459
54.04	227.562	-49.1117	178.45
54.06	225.76	-47.2945	178.466
54.08	220.103	-41.6218	178.481
54.1	212.163	-33.7001	178.463
54.12	209.591	-31.1041	178.487
54.14	215.041	-36.5225	178.519
54.16	219.938	-41.4156	178.523
54.18	221.07	-42.5855	178.484
54.2	224.79	-46.3131	178.477
54.22	227.729	-49.2643	178.465
54.24	226.098	-47.6401	178.458
54.26	224.188	-45.7166	178.471
54.28	220.264	-41.7838	178.48
54.3	218.637	-40.1355	178.501
54.32	219.588	-41.084	178.504
54.34	218.793	-40.3059	178.487
54.36	217.004	-38.51	178.494
54.38	216.472	-37.966	178.506
54.4	218.994	-40.5011	178.493
54.42	225.825	-47.3493	178.476
54.44	229.052	-50.5914	178.46
54.46	227.11	-48.6313	178.479
54.48	220.142	-41.628	178.514
54.5	220.95	-42.4459	178.504
54.52	218.465	-39.9332	178.532
54.54	221.371	-42.8636	178.507
54.56	222.708	-44.1932	178.515
54.58	215.736	-37.1985	178.537
54.6	212.587	-34.0563	178.531
54.62	218.221	-39.7004	178.521
54.64	215.174	-36.6508	178.523
54.66	216.496	-37.9533	178.543
54.68	224.242	-45.7272	178.515
54.7	221.179	-42.6672	178.512
54.72	221.874	-43.3566	178.518
54.74	224.379	-45.8413	178.537
54.76	226.606	-48.1075	178.499
54.78	223.685	-45.1924	178.493
54.8	219.553	-41.0451	178.508
54.82	219.232	-40.7311	178.501
54.84	220.78	-42.2776	178.502
54.86	218.894	-40.4139	178.48
54.88	215.861	-37.3594	178.502
54.9	223.236	-44.7482	178.488
54.92	227.212	-48.7213	178.491
54.94	225.187	-46.7014	178.486
54.96	224.077	-45.6018	178.475
54.98	224.903	-46.4196	178.483
55	224.26	-45.7767	178.484
55.02	223.071	-44.5711	178.5
55.04	222.062	-43.5443	178.518
55.06	223.329	-44.8289	178.5
55.08	224.566	-46.0792	178.487
55.1	221.98	-43.4622	178.518
55.12	220.744	-42.2227	178.521
55.14	223.929	-45.4019	178.527
55.16	225.976	-47.4634	178.513
55.18	226.981	-48.4798	178.501
55.2	226.542	-48.0255	178.516
55.22	223.219	-44.7064	178.512
55.24	220.367	-41.8482	178.519
55.26	219.732	-41.2156	178.517
55.28	219.721	-41.1574	178.564
55.3	222.446	-43.8868	178.559
55.32	223.173	-44.6071	178.566
55.34	221.779	-43.1987	178.58
55.36	219.758	-41.1772	178.581
55.38	222.214	-43.6504	178.564
55.4	222.563	-44.0125	178.551
55.42	223.423	-44.8651	178.558
55.44	225.845	-47.2676	178.577
55.46	225.934	-47.3784	178.556
55.48	223.719	-45.1622	178.556
55.5	220.326	-41.7723	178.553
55.52	213.282	-34.6896	178.593
55.54	210.927	-32.3337	178.594
55.56	215.077	-36.4722	178.605
55.58	219.637	-41.0443	178.593
55.6	222.724	-44.1487	178.575
55.62	221.123	-42.5799	178.543
55.64	217.794	-39.2522	178.542
55.66	217.325	-38.8094	178.515
55.68	216.008	-37.4808	178.528
55.7	215.557	-37.0359	178.521
55.72	220.522	-41.9945	178.528
55.74	225.398	-46.893	178.505
55.76	227.022	-48.5208	178.501
55.78	226.193	-47.6969	178.496
55.8	223.552	-45.055	178.497
55.82	220.785	-42.2919	178.493
55.84	219.593	-41.0974	178.496
55.86	218.414	-39.9114	178.502
55.88	219.42	-40.9124	178.507
55.9	221.802	-43.3091	178.493
55.92	220.288	-41.8014	178.487
55.94	215.017	-36.5525	178.464
55.96	213.319	-34.8516	178.467
55.98	219.112	-40.6567	178.455
56	224.102	-45.64	178.462
56.02	226.611	-48.1639	178.447
56.04	227.918	-49.4447	178.473
56.06	225.913	-47.4465	178.467
56.08	219.323	-40.8493	178.473
56.1	223.796	-45.3478	178.448
56.12	222.465	-44.0021	178.463
56.14	218.033	-39.564	178.469
56.16	221.914	-43.452	178.462
56.18	221.949	-43.459	178.49
56.2	216.313	-37.7977	178.515
56.22	212.058	-33.5284	178.529
56.24	215.419	-36.8794	178.539
56.26	219.723	-41.1944	178.529
56.28	222.016	-43.4685	178.548
56.3	215.679	-37.129	178.55
56.32	213.378	-34.8287	178.55
56.34	219.69	-41.1268	178.563
56.36	219.399	-40.8176	178.581
56.38	224.379	-45.8186	178.56
56.4	224.634	-46.0678	178.566
56.42	223.467	-44.9138	178.553
56.44	225.036	-46.5005	178.536
56.46	227.457	-48.9228	178.534
56.48	228.446	-49.9076	178.539
56.5	226.131	-47.5952	178.536
56.52	219.152	-40.6055	178.547
56.54	215.869	-37.3226	178.547
56.56	217.667	-39.1244	178.543
56.58	218.642	-40.0918	178.55
56.6	219.57	-41.0247	178.545
56.62	220.756	-42.201	178.555
56.64	220.351	-41.8138	178.537
56.66	217.849	-39.3006	178.548
56.68	220.26	-41.6997	178.56
56.7	223.374	-44.842	178.532
56.72	222.963	-44.4403	178.523
56.74	221.136	-42.5966	178.54
56.76	220.901	-42.3538	178.547
56.78	223.745	-45.2244	178.52
56.8	223.395	-44.8785	178.517
56.82	221.498	-42.9781	178.52
56.84	221.985	-43.5023	178.483
56.86	220.656	-42.1752	178.481
56.88	215.801	-37.3118	178.489
56.9	214.666	-36.1717	178.494
56.92	220.763	-42.2432	178.52
56.94	224.55	-46.0286	178.521
56.96	225.123	-46.5777	178.545
56.98	224.512	-45.9713	178.541
57	224.264	-45.7245	178.539
57.02	223.481	-44.9367	178.544
57.04	221.102	-42.5765	178.525
57.06	219.259	-40.7305	178.528
57.08	224.447	-45.9345	178.512
57.1	225.858	-47.3235	178.534
57.12	227.206	-48.6772	178.529
57.14	228.72	-50.1866	178.533
57.16	228.267	-49.7375	178.529
57.18	227.416	-48.91	178.506
57.2	225.461	-46.989	178.472
57.22	222.932	-44.4541	178.478
57.24	225.952	-47.4861	178.466
57.26	227.77	-49.3094	178.46
57.28	225.795	-47.3395	178.456
57.3	223.268	-44.8177	178.45
57.32	226.55	-48.1211	178.429
57.34	230.797	-52.3642	178.433
57.36	231.682	-53.2519	178.43
57.38	231.943	-53.5384	178.404
57.4	232.744	-54.348	178.396
57.42	231.029	-52.6236	178.406
57.44	225.374	-46.9874	178.387
57.46	221.65	-43.2649	178.385
57.48	224.136	-45.77	178.366
57.5	223.759	-45.3818	178.377
57.52	221.72	-43.3396	178.38
57.54	226.667	-48.293	178.374
57.56	232.08	-53.6962	178.384
57.58	233.519	-55.1328	178.386
57.6	232.933	-54.5453	178.388
57.62	232.374	-54.0026	178.372
57.64	231.965	-53.6009	178.364
57.66	229.062	-50.6796	178.383
57.68	222.624	-44.2256	178.398
57.7	220.259	-41.8708	178.389
57.72	223.755	-45.3793	178.376
57.74	221.353	-42.9669	178.386
57.76	227.946	-49.5725	178.374
57.78	234.294	-55.9249	178.369
57.8	233.146	-54.786	178.36
57.82	228.478	-50.1046	178.374
57.84	224.132	-45.7676	178.364
57.86	223.02	-44.6755	178.345
57.88	230.192	-51.8568	178.335
57.9	232.172	-53.8397	178.333
57.92	230.185	-51.8572	178.327
57.94	226.213	-47.8694	178.344
57.96	223.691	-45.3212	178.37
57.98	224.919	-46.5576	178.362
58	225.724	-47.3109	178.413
58.02	234.328	-55.9112	178.417
58.04	237.139	-58.7139	178.425
58.06	233.704	-55.2962	178.408
58.08	231.362	-52.9562	178.406
58.1	228.522	-50.1483	178.374
58.12	223.889	-45.505	178.384
58.14	225.135	-46.7522	178.382
58.16	227.229	-48.8448	178.384
58.18	227.61	-49.2358	178.375
58.2	227.84	-49.4593	178.381
58.22	227.398	-48.9987	178.399
58.24	224.323	-45.8891	178.434
58.26	226.286	-47.851	178.435
58.28	229.517	-51.0912	178.426
58.3	226.76	-48.337	178.423
58.32	221.868	-43.4298	178.439
58.34	220.722	-42.2814	178.441
58.36	221.583	-43.1195	178.464
58.38	222.898	-44.4369	178.461
58.4	218.805	-40.3288	178.477
58.42	219.363	-40.8914	178.472
58.44	222.076	-43.5891	178.487
58.46	219.436	-40.9536	178.483
58.48	221.679	-43.2	178.479
58.5	222.609	-44.1263	178.483
58.52	221.069	-42.5819	178.487
58.54	222.251	-43.7752	178.475
58.56	225.127	-46.6814	178.446
58.58	226.157	-47.6903	178.466
58.6	223.932	-45.4692	178.463
58.62	221.817	-43.3633	178.454
58.64	224.154	-45.708	178.446
58.66	227.133	-48.6957	178.437
58.68	226.276	-47.8195	178.457
58.7	224.672	-46.2224	178.45
58.72	222.933	-44.4753	178.458
58.74	224.892	-46.4241	178.468
58.76	229.095	-50.628	178.467
58.78	231.174	-52.7117	178.462
58.8	231.193	-52.7518	178.441
58.82	230.038	-51.6178	178.42
58.84	228.782	-50.3317	178.451
58.86	225.796	-47.3442	178.452
58.88	224.19	-45.735	178.455
58.9	227.32	-48.8416	178.478
58.92	229.478	-50.9988	178.479
58.94	229.895	-51.3871	178.508
58.96	230.386	-51.8896	178.497
58.98	230.342	-51.8586	178.483
59	226.137	-47.6665	178.47
59.02	213.915	-35.4338	178.481
59.04	214.111	-35.6381	178.473
59.06	223.027	-44.5712	178.456
59.08	226.612	-48.1626	178.45
59.1	226.095	-47.6409	178.454
59.12	226.396	-47.9436	178.452
59.14	226.192	-47.7386	178.454
59.16	226.284	-47.8302	178.454
59.18	226.885	-48.4326	178.452
59.2	225.395	-46.9302	178.465
59.22	218.556	-40.0684	178.488
59.24	211.795	-33.296	178.499
59.26	217.93	-39.4358	178.494
59.28	225.761	-47.2571	178.504
59.3	228.627	-50.0985	178.529
59.32	228.931	-50.3959	178.535
59.34	228.038	-49.4973	178.54
59.36	225.778	-47.2285	178.55
59.38	221.243	-42.6869	178.556
59.4	218.017	-39.4343	178.583
59.42	221.541	-42.969	178.572
59.44	225.015	-46.4466	178.569
59.46	223.882	-45.3104	178.572
59.48	222.96	-44.3879	178.572
59.5	222.894	-44.3163	178.577
59.52	222.365	-43.7747	178.59
59.54	223.509	-44.9246	178.585
59.56	225.896	-47.327	178.569
59.58	223.917	-45.3775	178.539
59.6	219.68	-41.1081	178.572
59.62	221.933	-43.3649	178.569
59.64	219.924	-41.3496	178.575
59.66	221.627	-43.0583	178.569
59.68	222.453	-43.8749	178.578
59.7	223.955	-45.3884	178.567
59.72	225.733	-47.158	178.575
59.74	224.274	-45.7088	178.565
59.76	221.207	-42.6369	178.57
59.78	216.911	-38.3469	178.564
59.8	213.539	-34.9622	178.576
59.82	219.575	-40.9961	178.579
59.84	224.319	-45.7681	178.551
59.86	218.996	-40.4412	178.555
59.88	220.174	-41.6317	178.542
59.9	221.87	-43.3211	178.549
59.92	215.892	-37.3416	178.551
59.94	212.231	-33.6612	178.57
59.96	215.352	-36.7851	178.567
59.98	219.563	-41.0131	178.55
60	216.921	-38.36	178.561
60.02	216.097	-37.5456	178.551
60.04	219.417	-40.8795	178.538
60.06	220.057	-41.5219	178.535
60.08	220.106	-41.5723	178.533
60.1	218.386	-39.8385	178.547
60.12	218.61	-40.068	178.542
60.14	220.563	-42.0297	178.533
60.16	220.277	-41.7432	178.534
60.18	218.032	-39.4881	178.544
60.2	214.677	-36.1441	178.533
60.22	216.46	-37.9301	178.53
60.24	215.386	-36.858	178.528
60.26	208.877	-30.3604	178.517
60.28	209.687	-31.1596	178.527
60.3	213.2	-34.6664	178.533
60.32	216.131	-37.6096	178.522
60.34	216.658	-38.1313	178.527
60.36	215.05	-36.5066	178.543
60.38	217.051	-38.502	178.549
60.4	218.262	-39.7027	178.56
60.42	215.686	-37.1482	178.538
60.44	211.241	-32.7071	178.534
60.46	214.305	-35.7789	178.526
60.48	217.095	-38.5709	178.524
60.5	213.494	-34.958	178.536
60.52	213.269	-34.7097	178.559
60.54	216.888	-38.3376	178.55
60.56	215.391	-36.8262	178.565
60.58	216.5	-37.9575	178.542
60.6	216.016	-37.4726	178.544
60.62	212.916	-34.3684	178.548
60.64	208.407	-29.8608	178.546
60.66	209.867	-31.3188	178.548
60.68	217.067	-38.5056	178.561
60.7	217.919	-39.3509	178.568
60.72	214.358	-35.7662	178.591
60.74	214.571	-36.0066	178.564
60.76	214.479	-35.9122	178.567
60.78	215.757	-37.2012	178.556
60.8	217.915	-39.3555	178.56
60.82	218	-39.4502	178.55
60.84	216.043	-37.508	178.535
60.86	212.934	-34.4128	178.521
60.88	215.165	-36.6587	178.507
60.9	215.225	-36.7062	178.519
60.92	216.991	-38.46	178.531
60.94	215.106	-36.582	178.524
60.96	209.437	-30.891	178.546
60.98	214.215	-35.6849	178.53
61	220.059	-41.5617	178.497
61.02	219.689	-41.1932	178.496
61.04	219.876	-41.403	178.473
61.06	218.26	-39.7784	178.481
61.08	209.113	-30.6201	178.493
61.1	212.5	-34.0187	178.481
61.12	218.734	-40.2423	178.491
61.14	218.821	-40.3019	178.519
61.16	219.228	-40.6911	178.537
61.18	221.68	-43.1673	178.513
61.2	223.224	-44.7234	178.501
61.22	222.162	-43.671	178.491
61.24	220.438	-41.9387	178.499
61.26	221.217	-42.7101	178.507
61.28	220.769	-42.2599	178.509
61.3	216.748	-38.2386	178.509
61.32	215.493	-36.9879	178.505
61.34	214.979	-36.4493	178.53
61.36	216.466	-37.9495	178.516
61.38	217.302	-38.7764	178.525
61.4	216.417	-37.8903	178.527
61.42	221.333	-42.8068	178.527
61.44	225.927	-47.4396	178.488
61.46	225.665	-47.1787	178.486
61.48	219.073	-40.5786	178.494
61.5	212.887	-34.3839	178.503
61.52	217.6	-39.1336	178.466
61.54	222.687	-44.2587	178.428
61.56	221.071	-42.6215	178.449
61.58	222.793	-44.3427	178.45
61.6	224.322	-45.8773	178.444
61.62	223.518	-45.0763	178.442
61.64	223.493	-45.0441	178.449
61.66	221.827	-43.3816	178.445
61.68	220.959	-42.5205	178.439
61.7	216.869	-38.4184	178.45
61.72	216.735	-38.29	178.446
61.74	220.504	-42.0631	178.44
61.76	221.518	-43.0662	178.452
61.78	224.404	-45.9331	178.471
61.8	226.241	-47.7494	178.492
61.82	223.906	-45.4024	178.504
61.84	221.131	-42.6213	178.51
61.86	223.042	-44.5495	178.493
61.88	222.155	-43.6725	178.483
61.9	220.063	-41.5688	178.494
61.92	222.552	-44.07	178.482
61.94	222.511	-44.0292	178.482
61.96	214.399	-35.9021	178.497
61.98	217.946	-39.4687	178.478
62	226.38	-47.9332	178.446
62.02	227.075	-48.6416	178.433
62.04	222.535	-44.0965	178.439
62.06	215.995	-37.5453	178.45
62.08	216.433	-37.9899	178.443
62.1	218.277	-39.8193	178.457
62.12	221.424	-42.9521	178.472
62.14	223.8	-45.3393	178.46
62.16	222	-43.512	178.488
62.18	217.048	-38.5529	178.495
62.2	212.017	-33.5069	178.51
62.22	212.495	-33.9983	178.496
62.24	215.455	-36.9581	178.497
62.26	215.58	-37.0715	178.509
62.28	218.683	-40.1748	178.509
62.3	218.619	-40.1159	178.503
62.32	217.124	-38.609	178.515
62.34	223.631	-45.1014	178.53
62.36	224.457	-45.9326	178.524
62.38	218.38	-39.8408	178.539
62.4	219.349	-40.8163	178.533
62.42	222.55	-44.0244	178.525
62.44	219.742	-41.2252	178.517
62.46	213.574	-35.0649	178.509
62.48	203.993	-25.4963	178.497
62.5	208.603	-30.1433	178.46
62.52	211.077	-32.6061	178.471
62.54	216.479	-38.0217	178.457
62.56	221.162	-42.7202	178.442
62.58	217.821	-39.3775	178.444
62.6	206.686	-28.2222	178.464
62.62	206.365	-27.9077	178.457
62.64	211.683	-33.2236	178.459
62.66	214.547	-36.0836	178.463
62.68	217.302	-38.8345	178.467
62.7	218.534	-40.0477	178.486
62.72	219.207	-40.7221	178.485
62.74	218.439	-39.9384	178.501
62.76	215.048	-36.544	178.504
62.78	210.446	-31.915	178.531
62.8	215.035	-36.5121	178.523
62.82	215.272	-36.7585	178.514
62.84	213.861	-35.3478	178.513
62.86	214.869	-36.3553	178.514
62.88	207.933	-29.4209	178.512
62.9	210.603	-32.0866	178.516
62.92	213.366	-34.8185	178.547
62.94	213.96	-35.4013	178.559
62.96	218.069	-39.5475	178.521
62.98	219.85	-41.3114	178.539
63	219.608	-41.0738	178.534
63.02	219.014	-40.4629	178.551
63.04	219.105	-40.539	178.566
63.06	218.291	-39.7301	178.561
63.08	217.112	-38.5614	178.55
63.1	216.789	-38.2408	178.549
63.12	215.958	-37.3733	178.585
63.14	213.488	-34.9092	178.578
63.16	215.912	-37.3467	178.565
63.18	220.05	-41.5042	178.545
63.2	220.015	-41.4671	178.548
63.22	218.349	-39.8269	178.522
63.24	218.701	-40.1777	178.523
63.26	217.211	-38.7073	178.504
63.28	215.967	-37.4774	178.489
63.3	219.543	-41.0315	178.512
63.32	219.859	-41.3336	178.525
63.34	216.142	-37.6076	178.534
63.36	214.892	-36.3525	178.539
63.38	215.922	-37.3617	178.56
63.4	217.445	-38.8892	178.556
63.42	219.658	-41.1163	178.542
63.44	219.373	-40.8442	178.529
63.46	219.599	-41.0852	178.514
63.48	221.406	-42.8766	178.529
63.5	223.51	-44.9695	178.541
63.52	225.005	-46.4801	178.525
63.54	220.666	-42.1426	178.524
63.56	211.879	-33.3242	178.555
63.58	211.231	-32.6796	178.551
63.6	215.136	-36.6106	178.525
63.62	217.034	-38.4709	178.563
63.64	219.864	-41.3152	178.549
63.66	220.843	-42.2868	178.556
63.68	220.052	-41.482	178.57
63.7	215.541	-36.9698	178.572
63.72	211.424	-32.8467	178.578
63.74	215.664	-37.1064	178.558
63.76	223.085	-44.5487	178.537
63.78	225.18	-46.6526	178.528
63.8	223.197	-44.6875	178.509
63.82	221.765	-43.2489	178.516
63.84	215.106	-36.6308	178.475
63.86	198.258	-19.7455	178.512
63.88	209.58	-31.1091	178.471
63.9	218.449	-39.9653	178.484
63.92	217.734	-39.2516	178.482
63.94	218.162	-39.67	178.492
63.96	219.072	-40.5807	178.492
63.98	218.908	-40.4305	178.477
64	219.526	-41.0438	178.482
64.02	220.445	-41.9489	178.496
64.04	219.231	-40.7238	178.507
64.06	216.84	-38.3311	178.508
64.08	213.571	-35.0732	178.497
64.1	209.547	-31.0061	178.541
64.12	222.409	-43.8891	178.52
64.14	224.325	-45.7903	178.535
64.16	222.943	-44.4144	178.529
64.18	218.432	-39.8897	178.542
64.2	210.461	-31.8943	178.567
64.22	211.925	-33.3451	178.58
64.24	219.141	-40.5753	178.566
64.26	218.495	-39.9171	178.577
64.28	217.436	-38.8772	178.558
64.3	219.624	-41.0592	178.565
64.32	220.374	-41.8063	178.568
64.34	221.218	-42.6642	178.554
64.36	220.447	-41.9045	178.542
64.38	222.623	-44.0846	178.538
64.4	223.915	-45.3562	178.559
64.42	221.515	-42.9582	178.557
64.44	219.748	-41.2036	178.544
64.46	217.077	-38.5506	178.526
64.48	212.951	-34.4298	178.522
64.5	216.015	-37.5012	178.514
64.52	223.505	-44.9858	178.519
64.54	225.129	-46.6293	178.5
64.56	221.143	-42.6145	178.528
64.58	221.947	-43.407	178.54
64.6	218.756	-40.2053	178.551
64.62	216.613	-38.0494	178.564
64.64	217.909	-39.3675	178.541
64.66	217.858	-39.3385	178.519
64.68	219.95	-41.4329	178.517
64.7	221.588	-43.0737	178.514
64.72	223.686	-45.1911	178.495
64.74	223.273	-44.7799	178.493
64.76	217.805	-39.3154	178.49
64.78	214.039	-35.5427	178.497
64.8	219.074	-40.5986	178.475
64.82	222.089	-43.6196	178.469
64.84	223.985	-45.5157	178.469
64.86	219.818	-41.3446	178.473
64.88	216.239	-37.7666	178.472
64.9	217.905	-39.4293	178.475
64.92	216.096	-37.6212	178.475
64.94	215.876	-37.4131	178.463
64.96	216.34	-37.8895	178.45
64.98	215.899	-37.4531	178.446
65	220.324	-41.8484	178.475
65.02	225.657	-47.2018	178.456
65.04	226.401	-47.9422	178.459
65.06	219.598	-41.1337	178.464
65.08	210.342	-31.8577	178.485
65.1	208.956	-30.4766	178.479
65.12	208.249	-29.7499	178.499
65.14	213.664	-35.181	178.483
65.16	210.441	-31.9268	178.514
65.18	214.396	-35.8846	178.512
65.2	214.573	-36.0649	178.508
65.22	210.625	-32.106	178.52
65.24	217.736	-39.2201	178.516
65.26	218.912	-40.3641	178.548
65.28	217.245	-38.6934	178.552
65.3	216.395	-37.8398	178.555
65.32	210.502	-31.9182	178.583
65.34	209.217	-30.6107	178.606
65.36	213.38	-34.775	178.605
65.38	213.681	-35.0587	178.622
65.4	213.984	-35.3575	178.627
65.42	214.416	-35.797	178.619
65.44	218.18	-39.5519	178.629
65.46	222.944	-44.3132	178.631
65.48	223.289	-44.659	178.63
65.5	218.224	-39.6159	178.608
65.52	210.695	-32.074	178.621
65.54	211.679	-33.0839	178.595
65.56	208.168	-29.5796	178.589
65.58	205.83	-27.2562	178.574
65.6	212.607	-34.058	178.549
65.62	216.6	-38.0286	178.571
65.64	219.469	-40.8897	178.58
65.66	218.833	-40.2912	178.542
65.68	219.856	-41.2949	178.561
65.7	220.409	-41.8462	178.563
65.72	220.996	-42.439	178.557
65.74	220.766	-42.24	178.526
65.76	215.303	-36.7793	178.523
65.78	206.665	-28.1101	178.554
65.8	211.542	-32.9841	178.558
65.82	217.587	-39.0466	178.541
65.84	211.534	-32.9782	178.555
65.86	212.654	-34.1228	178.531
65.88	215.762	-37.2341	178.528
65.9	213.975	-35.4453	178.53
65.92	219.19	-40.6595	178.53
65.94	221.03	-42.4954	178.534
65.96	220.603	-42.0234	178.58
65.98	219.445	-40.8517	178.593
66	215.26	-36.642	178.618
66.02	213.057	-34.4643	178.593
66.04	215.619	-37.0133	178.606
66.06	217.86	-39.2557	178.604
66.08	218.102	-39.4888	178.613
66.1	219.109	-40.5036	178.605
66.12	218.784	-40.2093	178.575
66.14	213.523	-34.9547	178.569
66.16	210.416	-31.8393	178.577
66.18	215.81	-37.2646	178.545
66.2	216.977	-38.4283	178.548
66.22	220.391	-41.8446	178.546
66.24	223.397	-44.8619	178.535
66.26	224.753	-46.2122	178.541
66.28	224.754	-46.2124	178.542
66.3	223.822	-45.2831	178.539
66.32	219.464	-40.9257	178.538
66.34	214.73	-36.1776	178.552
66.36	217.981	-39.4205	178.561
66.38	220.842	-42.3042	178.538
66.4	220.037	-41.4892	178.548
66.42	214.866	-36.29	178.576
66.44	217.462	-38.9026	178.56
66.46	226.633	-48.081	178.552
66.48	229.304	-50.7492	178.555
66.5	227.733	-49.1924	178.541
66.52	225.098	-46.5675	178.531
66.54	222.92	-44.3865	178.534
66.56	219.947	-41.3978	178.549
66.58	221.208	-42.6347	178.573
66.6	223.346	-44.8068	178.54
66.62	219.451	-40.8982	178.552
66.64	218.295	-39.7492	178.546
66.66	222.376	-43.8363	178.54
66.68	227.241	-48.6807	178.561
66.7	228.6	-50.0631	178.537
66.72	223.626	-45.1041	178.521
66.74	215.375	-36.8281	178.547
66.76	216.274	-37.753	178.521
66.78	213.16	-34.6391	178.521
66.8	215.45	-36.9491	178.5
66.82	219.107	-40.6016	178.506
66.84	222.197	-43.6872	178.51
66.86	227.203	-48.7091	178.494
66.88	227.995	-49.5139	178.482
66.9	222.556	-44.0608	178.495
66.92	216.912	-38.4057	178.506
66.94	219.147	-40.6498	178.497
66.96	224.099	-45.6101	178.489
66.98	225.411	-46.9136	178.497
67	224.794	-46.2785	178.515
67.02	224.381	-45.8566	178.525
67.04	223.005	-44.4823	178.523
67.06	219.746	-41.2297	178.516
67.08	213.493	-34.9798	178.513
67.1	207.699	-29.1659	178.533
67.12	217.704	-39.2072	178.497
67.14	226.626	-48.1094	178.516
67.16	224.562	-46.0398	178.522
67.18	221.446	-42.9133	178.533
67.2	223.006	-44.4625	178.544
67.22	221.732	-43.1695	178.563
67.24	220.291	-41.7207	178.571
67.26	221.345	-42.7787	178.567
67.28	220.346	-41.7824	178.564
67.3	215.151	-36.578	178.573
67.32	216.024	-37.462	178.562
67.34	219.887	-41.3127	178.575
67.36	224.323	-45.766	178.557
67.38	221.294	-42.7272	178.566
67.4	217.193	-38.605	178.588
67.42	217.07	-38.4933	178.577
67.44	218.292	-39.7247	178.567
67.46	221.718	-43.1387	178.579
67.48	219.7	-41.1063	178.594
67.5	221.641	-43.0515	178.59
67.52	223.476	-44.9057	178.57
67.54	221.092	-42.5161	178.576
67.56	220.979	-42.3992	178.58
67.58	221.82	-43.2538	178.566
67.6	219.335	-40.7391	178.596
67.62	218.647	-40.0704	178.577
67.64	222.616	-44.0261	178.589
67.66	225.008	-46.4406	178.568
67.68	224.168	-45.5961	178.572
67.7	219.516	-40.9179	178.598
67.72	217.554	-38.9602	178.594
67.74	219.823	-41.2227	178.601
67.76	220.487	-41.8681	178.619
67.78	220.729	-42.1086	178.62
67.8	222.175	-43.5717	178.604
67.82	224.526	-45.929	178.597
67.84	226.253	-47.6686	178.585
67.86	224.686	-46.1074	178.579
67.88	218.623	-40.034	178.589
67.9	221.542	-42.9893	178.553
67.92	212.978	-34.4115	178.567
67.94	222.559	-44.0111	178.548
67.96	224.856	-46.3085	178.548
67.98	226.269	-47.7397	178.529
68	225.872	-47.3372	178.535
68.02	224.978	-46.4438	178.534
68.04	227.661	-49.1326	178.528
68.06	228.08	-49.5473	178.533
68.08	225.485	-46.9599	178.525
68.1	224.144	-45.6109	178.533
68.12	221.25	-42.7154	178.534
68.14	218.452	-39.9521	178.499
68.16	220.614	-42.1164	178.498
68.18	225.547	-47.04	178.507
68.2	229.364	-50.8725	178.492
68.22	232.273	-53.7725	178.501
68.24	231.428	-52.9511	178.477
68.26	228.298	-49.8	178.498
68.28	231.672	-53.1888	178.483
68.3	232.683	-54.247	178.436
68.32	231.587	-53.1604	178.426
68.34	230.82	-52.4145	178.405
68.36	231.068	-52.662	178.407
68.38	227.96	-49.5554	178.405
68.4	222.28	-43.8674	178.413
68.42	223.788	-45.3676	178.42
68.44	229.775	-51.361	178.414
68.46	236.703	-58.3112	178.391
68.48	240.862	-62.4958	178.367
68.5	233.023	-54.6489	178.374
68.52	226.827	-48.4695	178.358
68.54	220.451	-42.0808	178.371
68.56	211.166	-32.7797	178.386
68.58	207.174	-28.8053	178.368
68.6	212.107	-33.752	178.355
68.62	229.102	-50.7561	178.346
68.64	236.131	-57.7858	178.345
68.66	236.743	-58.424	178.319
68.68	226.632	-48.2992	178.333
68.7	222.813	-44.4799	178.333
68.72	224.409	-46.0642	178.345
68.74	226.635	-48.2866	178.348
68.76	226.952	-48.5824	178.369
68.78	223.462	-45.074	178.388
68.8	220.031	-41.6289	178.402
68.82	220.719	-42.309	178.41
68.84	221.399	-42.9811	178.418
68.86	218.642	-40.1992	178.443
68.88	216.836	-38.3853	178.451
68.9	219.185	-40.7477	178.437
68.92	221.401	-42.9693	178.432
68.94	217.345	-38.9104	178.435
68.96	211.609	-33.1855	178.423
68.98	207.075	-28.6566	178.419
69	208.988	-30.5549	178.433
69.02	207.488	-29.0516	178.437
69.04	210.544	-32.0903	178.453
69.06	218.631	-40.1619	178.469
69.08	221.141	-42.665	178.476
69.1	222.092	-43.5924	178.499
69.12	223.408	-44.9097	178.498
69.14	224.003	-45.4949	178.508
69.16	222.223	-43.7048	178.518
69.18	219.058	-40.5302	178.528
69.2	219.307	-40.7704	178.537
69.22	221.923	-43.3928	178.53
69.24	223.476	-44.9573	178.519
69.26	217.907	-39.3744	178.533
69.28	213.595	-35.0526	178.542
69.3	215.883	-37.3672	178.516
69.32	212.479	-33.9824	178.497
69.34	208.585	-30.0747	178.51
69.36	213.037	-34.5427	178.495
69.38	218.048	-39.5586	178.489
69.4	220.527	-42.0463	178.481
69.42	222.187	-43.7213	178.466
69.44	217.979	-39.515	178.464
69.46	208.258	-29.7927	178.465
69.48	211.927	-33.4603	178.466
69.5	217.376	-38.9132	178.463
69.52	216.451	-37.99	178.461
69.54	212.449	-33.9866	178.463
69.56	212.152	-33.6929	178.459
69.58	216.937	-38.4796	178.457
69.6	221.981	-43.5192	178.462
69.62	224.342	-45.8955	178.446
69.64	222.39	-43.9603	178.43
69.66	216.762	-38.3162	178.446
69.68	210.814	-32.3614	178.453
69.7	213.006	-34.5674	178.439
69.72	215.499	-37.0424	178.457
69.74	216.134	-37.6717	178.462
69.76	217.05	-38.5669	178.484
69.78	221.973	-43.5016	178.471
69.8	223.551	-45.0485	178.502
69.82	223.763	-45.2711	178.492
69.84	220.169	-41.6545	178.515
69.86	220.245	-41.7663	178.478
69.88	223.874	-45.3933	178.48
69.9	227.068	-48.5991	178.469
69.92	223.655	-45.1762	178.478
69.94	218.156	-39.6743	178.482
69.96	215.98	-37.4955	178.484
69.98	214.475	-35.9994	178.476
70	211.134	-32.6408	178.493
70.02	210.365	-31.8741	178.491
70.04	216.835	-38.3467	178.488
70.06	224.59	-46.0995	178.491
70.08	227.036	-48.5467	178.49
70.1	226.67	-48.1794	178.491
70.12	224.69	-46.1951	178.495
70.14	220.734	-42.2279	178.506
70.16	219.422	-40.9024	178.52
70.18	226.744	-48.2303	178.514
70.2	229.272	-50.7667	178.506
70.22	226.45	-47.9732	178.477
70.24	218.585	-40.1027	178.482
70.26	215.866	-37.3906	178.475
70.28	218.619	-40.1286	178.49
70.3	220.473	-41.9694	178.504
70.32	223.323	-44.8432	178.48
70.34	224.169	-45.6901	178.479
70.36	221.794	-43.3389	178.455
70.38	220.768	-42.3018	178.466
70.4	222.07	-43.5766	178.493
70.42	223.991	-45.483	178.508
70.44	224.368	-45.8534	178.514
70.46	223.448	-44.9234	178.525
70.48	221.191	-42.6742	178.517
70.5	217.138	-38.6202	178.518
70.52	219.341	-40.8405	178.501
70.54	222.501	-43.9936	178.508
70.56	224.81	-46.3079	178.502
70.58	225.832	-47.3086	178.523
70.6	225.129	-46.6021	178.527
70.62	226.675	-48.1552	178.52
70.64	228.24	-49.7209	178.519
70.66	222.012	-43.4842	178.528
70.68	207.158	-28.6175	178.541
70.7	208.807	-30.2788	178.528
70.72	216.996	-38.4601	178.536
70.74	224.45	-45.8975	178.552
70.76	226.013	-47.4604	178.553
70.78	228.096	-49.5329	178.563
70.8	229.604	-51.0447	178.56
70.82	225.889	-47.3336	178.555
70.84	219.745	-41.196	178.549
70.86	217.819	-39.2827	178.536
70.88	218.984	-40.4331	178.551
70.9	220.872	-42.3203	178.551
70.92	222.271	-43.7151	178.556
70.94	221.871	-43.3235	178.547
70.96	222.161	-43.6142	178.547
70.98	222.411	-43.8755	178.535
71	221.558	-43.0226	178.535
71.02	219.593	-41.0506	178.542
71.04	218.631	-40.1045	178.526
71.06	219.324	-40.8145	178.509
71.08	221.103	-42.5939	178.509
71.1	223.277	-44.775	178.502
71.12	222.68	-44.1736	178.506
71.14	218.551	-40.0263	178.525
71.16	215.907	-37.4061	178.501
71.18	217.705	-39.2111	178.494
71.2	217.841	-39.3439	178.497
71.22	218.379	-39.8695	178.509
71.24	220.378	-41.8718	178.506
71.26	220.291	-41.7571	178.534
71.28	220.051	-41.5186	178.533
71.3	222.904	-44.3817	178.522
71.32	222.817	-44.2757	178.541
71.34	221.926	-43.3891	178.537
71.36	221.661	-43.1381	178.523
71.38	220.154	-41.6106	178.543
71.4	221.066	-42.5357	178.531
71.42	223.133	-44.6126	178.52
71.44	225.036	-46.4955	178.54
71.46	224.016	-45.4843	178.531
71.48	218.842	-40.3177	178.524
71.5	219.511	-40.9949	178.516
71.52	219.885	-41.3438	178.541
71.54	220.181	-41.6339	178.547
71.56	221.432	-42.9028	178.529
71.58	221.799	-43.265	178.534
71.6	220.413	-41.8929	178.52
71.62	220.374	-41.8359	178.538
71.64	217.142	-38.5845	178.558
71.66	214.716	-36.1666	178.549
71.68	220.903	-42.3724	178.53
71.7	222.816	-44.283	178.533
71.72	221.877	-43.3377	178.539
71.74	224.176	-45.6578	178.518
71.76	225.335	-46.7993	178.536
71.78	224.602	-46.0539	178.548
71.8	223.784	-45.2517	178.532
71.82	223.469	-44.9388	178.53
71.84	221.575	-43.0619	178.513
71.86	219.106	-40.5899	178.516
71.88	219.276	-40.7455	178.531
71.9	217.557	-39.0102	178.547
71.92	223.107	-44.58	178.527
71.94	227.569	-49.0462	178.523
71.96	228.663	-50.1495	178.513
71.98	227.62	-49.1078	178.512
72	224.538	-46.0013	178.536
72.02	222.714	-44.1851	178.529
72.04	222.005	-43.4712	178.534
72.06	221.645	-43.0943	178.55
72.08	222.075	-43.5185	178.556
72.1	224.437	-45.902	178.535
72.12	228.268	-49.7465	178.522
72.14	229.356	-50.8321	178.524
72.16	225.569	-47.0434	178.526
72.18	225.23	-46.7343	178.496
72.2	227.08	-48.6024	178.477
72.22	226.618	-48.1384	178.48
72.24	221.886	-43.4114	178.475
72.26	220.306	-41.811	178.495
72.28	217.438	-38.9794	178.458
72.3	212.181	-33.7009	178.48
72.32	215.461	-37.0029	178.458
72.34	224.318	-45.8938	178.425
72.36	222.552	-44.1048	178.447
72.38	223.073	-44.6174	178.455
72.4	224.671	-46.2098	178.461
72.42	224.767	-46.2944	178.472
72.44	228.147	-49.6952	178.451
72.46	229.306	-50.8669	178.439
72.48	225.337	-46.9025	178.434
72.5	213.005	-34.5822	178.423
72.52	205.459	-27.0262	178.433
72.54	213.037	-34.6124	178.424
72.56	218.568	-40.1181	178.45
72.58	221.204	-42.7474	178.456
72.6	220.64	-42.1724	178.468
72.62	217.124	-38.6658	178.458
72.64	215.002	-36.5265	178.475
72.66	220.539	-42.0933	178.445
72.68	224.535	-46.0666	178.469
72.7	225.678	-47.213	178.465
72.72	225.516	-47.0451	178.471
72.74	224.679	-46.23	178.449
72.76	223.236	-44.7995	178.437
72.78	219.862	-41.4434	178.418
72.8	214.413	-36.0076	178.406
72.82	212.881	-34.4583	178.423
72.84	210.898	-32.4791	178.419
72.86	208.127	-29.6871	178.439
72.88	211.33	-32.8773	178.453
72.9	217.982	-39.5207	178.461
72.92	218.81	-40.3403	178.47
72.94	220.965	-42.5062	178.459
72.96	224.778	-46.3097	178.469
72.98	226.316	-47.8507	178.466
73	221.394	-42.9091	178.485
73.02	214.792	-36.2876	178.505
73.04	219.925	-41.4319	178.493
73.06	218.908	-40.4096	178.498
73.08	212.616	-34.1101	178.506
73.1	202.489	-23.9542	178.534
73.12	207.929	-29.4268	178.502
73.14	212.259	-33.735	178.524
73.16	219.448	-40.9602	178.488
73.18	220.285	-41.8123	178.473
73.2	219.965	-41.4918	178.473
73.22	220.183	-41.7153	178.468
73.24	219.82	-41.3471	178.473
73.26	219.482	-41.0053	178.476
73.28	221.293	-42.807	178.486
73.3	224.174	-45.6661	178.508
73.32	226.731	-48.2351	178.496
73.34	226.381	-47.8796	178.502
73.36	224.17	-45.6762	178.494
73.38	223.974	-45.4713	178.503
73.4	224.137	-45.6189	178.518
73.42	224.193	-45.6896	178.503
73.44	225.576	-47.0887	178.487
73.46	227.53	-49.0466	178.483
73.48	225.566	-47.0897	178.476
73.5	218.504	-40.0388	178.465
73.52	216.488	-38.0303	178.457
73.54	222.511	-44.0391	178.472
73.56	221.593	-43.1241	178.469
73.58	220.888	-42.3912	178.497
73.6	222.476	-43.9785	178.497
73.62	225.761	-47.2413	178.52
73.64	230.051	-51.5203	178.531
73.66	228.734	-50.1915	178.543
73.68	223.013	-44.4871	178.526
73.7	219.437	-40.921	178.516
73.72	221.371	-42.8435	178.527
73.74	228.39	-49.8633	178.527
73.76	232.672	-54.1447	178.527
73.78	232.273	-53.7454	178.528
73.8	228.672	-50.148	178.524
73.82	224.447	-45.9443	178.502
73.84	220.962	-42.4652	178.496
73.86	218.843	-40.3667	178.477
73.88	222.35	-43.8739	178.476
73.9	228.901	-50.4158	178.485
73.92	228.863	-50.3685	178.494
73.94	225.955	-47.449	178.506
73.96	227.091	-48.5994	178.492
73.98	228.796	-50.3123	178.483
74	226.496	-48.0021	178.494
74.02	220.614	-42.0934	178.521
74.04	217.985	-39.4649	178.52
74.06	218.953	-40.4577	178.496
74.08	219.71	-41.2067	178.503
74.1	221.299	-42.8026	178.497
74.12	222.308	-43.8277	178.48
74.14	222.626	-44.1542	178.472
74.16	224.218	-45.743	178.475
74.18	224.33	-45.8434	178.487
74.2	218.706	-40.2075	178.498
74.22	217.114	-38.6177	178.497
74.24	219.037	-40.5369	178.501
74.26	218.683	-40.186	178.497
74.28	218.076	-39.5721	178.504
74.3	219.497	-40.9992	178.497
74.32	221.372	-42.8881	178.484
74.34	221.507	-43.008	178.499
74.36	223.552	-45.0547	178.497
74.38	225.34	-46.8401	178.5
74.4	222.753	-44.2588	178.494
74.42	211.258	-32.7447	178.513
74.44	209.288	-30.765	178.523
74.46	220.821	-42.3311	178.49
74.48	226.174	-47.701	178.473
74.5	228.306	-49.8265	178.479
74.52	227.491	-49.0148	178.476
74.54	220.429	-41.973	178.456
74.56	211.088	-32.6178	178.471
74.58	216.093	-37.6218	178.471
74.6	222.772	-44.2812	178.491
74.62	224.175	-45.689	178.486
74.64	218.926	-40.4228	178.503
74.66	211.03	-32.5109	178.519
74.68	217.469	-38.9906	178.478
74.7	218.498	-40.0045	178.493
74.72	229.207	-50.7322	178.474
74.74	228.97	-50.4767	178.493
74.76	223.465	-44.9953	178.47
74.78	220.544	-42.0712	178.473
74.8	223.701	-45.2445	178.456
74.82	226.948	-48.4842	178.463
74.84	229.273	-50.7948	178.478
74.86	228.445	-49.9642	178.48
74.88	226.259	-47.7833	178.475
74.9	224.345	-45.8588	178.486
74.92	224.057	-45.5794	178.478
74.94	228.012	-49.5547	178.457
74.96	231.342	-52.8494	178.493
74.98	229.664	-51.1568	178.507
75	226.72	-48.2098	178.51
75.02	221.898	-43.363	178.535
75.04	215.486	-36.9636	178.523
75.06	212.007	-33.4894	178.518
75.08	213.445	-34.9031	178.542
75.1	227.506	-48.9866	178.52
75.12	233.778	-55.2575	178.521
75.14	233.789	-55.2665	178.523
75.16	230.773	-52.2308	178.543
75.18	229.443	-50.9216	178.521
75.2	230.433	-51.921	178.512
75.22	229.58	-51.0604	178.519
75.24	227.705	-49.1904	178.514
75.26	226.19	-47.6861	178.504
75.28	226.437	-47.9336	178.503
75.3	227.635	-49.1216	178.513
75.32	228.444	-49.9371	178.507
75.34	227.052	-48.5543	178.497
75.36	220.728	-42.2238	178.504
75.38	221.884	-43.3929	178.491
75.4	228.375	-49.8812	178.494
75.42	231.197	-52.7108	178.486
75.44	232.773	-54.2829	178.49
75.46	231.049	-52.5684	178.481
75.48	223.517	-45.0127	178.504
75.5	222.034	-43.5292	178.504
75.52	227.194	-48.6963	178.498
75.54	227.195	-48.7011	178.494
75.56	224.681	-46.1861	178.495
75.58	227.517	-49.0318	178.485
75.6	230.494	-51.9952	178.499
75.62	223.846	-45.3445	178.502
75.64	222.391	-43.9077	178.483
75.66	230.205	-51.7307	178.474
75.68	231.936	-53.4631	178.473
75.7	226.806	-48.3382	178.468
75.72	227.777	-49.3242	178.453
75.74	232.723	-54.2834	178.44
75.76	235.662	-57.2434	178.419
75.78	235.994	-57.5623	178.432
75.8	235.458	-57.0275	178.431
75.82	233.168	-54.7558	178.413
75.84	229.053	-50.6441	178.409
75.86	226.324	-47.901	178.423
75.88	227.474	-49.0435	178.43
75.9	232.205	-53.7705	178.434
75.92	235.274	-56.8258	178.448
75.94	238.229	-59.7883	178.44
75.96	237.852	-59.4106	178.442
75.98	228.118	-49.6986	178.419
76	214.51	-36.0609	178.45
76.02	224.462	-46.0251	178.437
76.04	230.535	-52.0994	178.435
76.06	231.773	-53.3041	178.469
76.08	232.634	-54.1601	178.474
76.1	232.954	-54.4845	178.469
76.12	232.8	-54.3536	178.446
76.14	230.62	-52.1688	178.451
76.16	227.161	-48.7137	178.447
76.18	225.98	-47.5352	178.445
76.2	230.777	-52.3432	178.434
76.22	235.198	-56.757	178.441
76.24	237.606	-59.1482	178.458
76.26	238.218	-59.789	178.429
76.28	235.326	-56.8805	178.445
76.3	230.312	-51.8535	178.458
76.32	226.586	-48.1362	178.45
76.34	225.332	-46.8693	178.462
76.36	226.709	-48.2455	178.463
76.38	224.328	-45.8788	178.45
76.4	225.08	-46.6551	178.424
76.42	229.389	-50.9697	178.42
76.44	230.42	-52.0055	178.415
76.46	232.751	-54.3174	178.434
76.48	233.03	-54.6104	178.419
76.5	232.142	-53.73	178.412
76.52	228.714	-50.2988	178.415
76.54	229.262	-50.837	178.425
76.56	233.116	-54.6973	178.419
76.58	235.307	-56.9165	178.391
76.6	234.386	-55.9846	178.401
76.62	230.724	-52.2953	178.429
76.64	230.657	-52.2114	178.446
76.66	230.275	-51.8545	178.421
76.68	229.943	-51.5269	178.416
76.7	230.836	-52.3942	178.442
76.72	230.903	-52.4725	178.43
76.74	229.618	-51.1814	178.436
76.76	228.382	-49.9447	178.438
76.78	228.474	-50.0378	178.436
76.8	228.107	-49.6809	178.426
76.82	227.338	-48.9358	178.403
76.84	225.003	-46.6038	178.399
76.86	225.362	-46.9721	178.39
76.88	229.63	-51.2363	178.394
76.9	228.286	-49.8965	178.389
76.92	223.875	-45.4768	178.398
76.94	225.737	-47.3722	178.365
76.96	228.412	-50.0328	178.38
76.98	227.301	-48.9225	178.379
77	221.475	-43.1188	178.356
77.02	216.275	-37.9029	178.372
77.04	220.493	-42.1005	178.392
77.06	226.421	-48.0316	178.389
77.08	231.959	-53.5761	178.383
77.1	230.485	-52.11	178.375
77.12	218.087	-39.7315	178.355
77.14	221.001	-42.6402	178.361
77.16	231.783	-53.4073	178.376
77.18	232.325	-53.9613	178.363
77.2	223.346	-44.9671	178.378
77.22	219.946	-41.5794	178.367
77.24	226.889	-48.5507	178.338
77.26	224.034	-45.6709	178.363
77.28	222.081	-43.7174	178.364
77.3	230.18	-51.8209	178.359
77.32	229.289	-50.9291	178.36
77.34	226.271	-47.9071	178.364
77.36	231.668	-53.2989	178.369
77.38	234.318	-55.9501	178.368
77.4	227.637	-49.2903	178.347
77.42	214.221	-35.8265	178.395
77.44	225.179	-46.807	178.373
77.46	238.871	-60.4937	178.377
77.48	240.48	-62.1099	178.37
77.5	238.891	-60.5378	178.354
77.52	234.46	-56.127	178.333
77.54	225.344	-46.9792	178.365
77.56	233.881	-55.5496	178.332
77.58	236.088	-57.7472	178.341
77.6	233.232	-54.8941	178.338
77.62	226.286	-47.9188	178.367
77.64	225.091	-46.7194	178.371
77.66	228.947	-50.5937	178.354
77.68	228.279	-49.9096	178.37
77.7	229.097	-50.7238	178.374
77.72	234.659	-56.2744	178.385
77.74	237.707	-59.3261	178.381
77.76	237.548	-59.179	178.369
77.78	234.198	-55.8597	178.338
77.8	231.816	-53.4862	178.33
77.82	233.423	-55.0811	178.342
77.84	233.889	-55.5649	178.325
77.86	230.918	-52.5933	178.324
77.88	225.407	-47.0733	178.334
77.9	225.036	-46.703	178.333
77.92	230.187	-51.8777	178.309
77.94	234.446	-56.1162	178.329
77.96	234.637	-56.2846	178.352
77.98	231.541	-53.1653	178.376
78	227.854	-49.4544	178.4
78.02	226.398	-48.0044	178.394
78.04	226.792	-48.3851	178.407
78.06	225.822	-47.4227	178.4
78.08	220.9	-42.4862	178.414
78.1	218.547	-40.1254	178.422
78.12	222.564	-44.1382	178.426
78.14	225.406	-46.9501	178.456
78.16	227.682	-49.2517	178.43
78.18	224.404	-45.9718	178.432
78.2	215.386	-36.9479	178.438
78.22	223.837	-45.425	178.412
78.24	226.955	-48.5475	178.408
78.26	221.998	-43.6076	178.39
78.28	209.126	-30.6847	178.441
78.3	219.189	-40.8171	178.372
78.32	216.024	-37.6269	178.397
78.34	221.396	-42.9877	178.408
78.36	227.994	-49.5951	178.399
78.38	228.895	-50.4944	178.401
78.4	226.594	-48.1997	178.394
78.42	227.179	-48.77	178.409
78.44	229.061	-50.6329	178.428
78.46	227.639	-49.2105	178.428
78.48	223.594	-45.1567	178.438
78.5	223.347	-44.8904	178.457
78.52	223.216	-44.7497	178.466
78.54	218.092	-39.6305	178.461
78.56	219.565	-41.106	178.459
78.58	221.951	-43.4744	178.476
78.6	222.288	-43.8038	178.484
78.62	223.354	-44.8633	178.491
78.64	224.877	-46.392	178.485
78.66	215.628	-37.1315	178.497
78.68	218.154	-39.6521	178.502
78.7	226.903	-48.4029	178.5
78.72	224.676	-46.1921	178.484
78.74	218.838	-40.3329	178.505
78.76	216.391	-37.8858	178.505
78.78	218.281	-39.773	178.508
78.8	220.543	-42.0522	178.491
78.82	220.725	-42.2133	178.512
78.84	218.791	-40.2956	178.495
78.86	220.381	-41.9268	178.454
78.88	223.173	-44.721	178.452
78.9	223.261	-44.804	178.457
78.92	220.249	-41.7741	178.475
78.94	216.638	-38.1518	178.486
78.96	214.737	-36.2437	178.493
78.98	215.416	-36.9292	178.487
79	213.429	-34.9306	178.498
79.02	215.497	-37.0276	178.469
79.04	219.415	-40.955	178.46
79.06	219.518	-41.024	178.494
79.08	221.177	-42.6915	178.485
79.1	221.146	-42.6395	178.507
79.12	218.403	-39.8874	178.516
79.14	217.213	-38.7149	178.498
79.16	217.398	-38.8878	178.51
79.18	219.233	-40.7122	178.521
79.2	222.534	-44.0225	178.512
79.22	222.722	-44.2223	178.5
79.24	219.527	-41.0115	178.516
79.26	219.387	-40.878	178.509
79.28	222.26	-43.7807	178.48
79.3	222.849	-44.3856	178.463
79.32	214.483	-36.0083	178.475
79.34	218.689	-40.2252	178.464
79.36	223.781	-45.3071	178.474
79.38	225.18	-46.7006	178.48
79.4	231.066	-52.6183	178.448
79.42	228.649	-50.1852	178.464
79.44	227.161	-48.6995	178.462
79.46	228.248	-49.7724	178.475
79.48	230.123	-51.6719	178.451
79.5	230.455	-52.0025	178.452
79.52	228.529	-50.0745	178.455
79.54	224.729	-46.2474	178.481
79.56	229.205	-50.7338	178.471
79.58	227.695	-49.2175	178.478
79.6	229.905	-51.4115	178.494
79.62	229.569	-51.0599	178.509
79.64	223.861	-45.349	178.512
79.66	219.554	-41.0336	178.52
79.68	225.384	-46.8542	178.529
79.7	232.759	-54.2373	178.521
79.72	235.263	-56.7327	178.53
79.74	235.137	-56.5728	178.564
79.76	234.639	-56.0738	178.565
79.78	234.349	-55.796	178.553
79.8	233.196	-54.6436	178.552
79.82	230.831	-52.2728	178.559
79.84	228.69	-50.1467	178.543
79.86	228.685	-50.1467	178.538
79.88	231.049	-52.5205	178.529
79.9	231.125	-52.5739	178.551
79.92	229.554	-51.0063	178.548
79.94	229.413	-50.8725	178.54
79.96	227.675	-49.129	178.546
79.98	220.682	-42.1266	178.555
80	220.451	-41.9102	178.541
80.02	225.95	-47.418	178.532
80.04	228.697	-50.1716	178.526
80.06	225.543	-47.0238	178.519
80.08	218.41	-39.9005	178.509
80.1	220.598	-42.086	178.512
80.12	227.342	-48.832	178.509
80.14	229.044	-50.5459	178.498
80.16	229.542	-51.0547	178.487
80.18	228.939	-50.4463	178.493
80.2	227.137	-48.6613	178.475
80.22	224.047	-45.5795	178.467
80.24	224.545	-46.0894	178.456
80.26	227.701	-49.2621	178.439
80.28	225.634	-47.1782	178.456
80.3	221.271	-42.8026	178.468
80.32	220.147	-41.7103	178.436
80.34	217.811	-39.3761	178.435
80.36	223.042	-44.6214	178.421
80.38	219.312	-40.877	178.435
80.4	218.99	-40.5475	178.442
80.42	218.654	-40.2074	178.446
80.44	218.036	-39.5749	178.461
80.46	227.151	-48.7043	178.447
80.48	228.318	-49.8819	178.436
80.5	225.244	-46.8278	178.416
80.52	221.544	-43.1042	178.44
80.54	220.411	-41.9376	178.473
80.56	223.143	-44.6715	178.471
80.58	226.741	-48.2759	178.465
80.6	228.694	-50.2236	178.471
80.62	229.134	-50.6761	178.458
80.64	227.485	-49.02	178.465
80.66	225.649	-47.1984	178.451
80.68	221.212	-42.7606	178.452
80.7	214.413	-35.9292	178.484
80.72	219.841	-41.3884	178.453
80.74	221.626	-43.1538	178.472
80.76	226.307	-47.8388	178.468
80.78	230.169	-51.7129	178.457
80.8	229.243	-50.7747	178.468
80.82	220.737	-42.2629	178.474
80.84	220.733	-42.2644	178.469
80.86	225.741	-47.2592	178.482
80.88	226.473	-48.0066	178.467
80.9	228.352	-49.8951	178.457
80.92	226.822	-48.3678	178.454
80.94	219.805	-41.3432	178.462
80.96	221.61	-43.1486	178.462
80.98	231.468	-53.0165	178.452
81	232.903	-54.4571	178.445
81.02	229.094	-50.6274	178.467
81.04	222.948	-44.4969	178.451
81.06	222.621	-44.1646	178.456
81.08	228.335	-49.8911	178.444
81.1	229.948	-51.4989	178.449
81.12	225.471	-47.0255	178.446
81.14	222.03	-43.5747	178.455
81.16	227.523	-49.0791	178.444
81.18	227.962	-49.5374	178.424
81.2	230.894	-52.4829	178.411
81.22	229.199	-50.8023	178.397
81.24	225.826	-47.4147	178.411
81.26	228.966	-50.5467	178.419
81.28	229.969	-51.5616	178.407
81.3	225.168	-46.7601	178.408
81.32	218.785	-40.3645	178.421
81.34	222.306	-43.8852	178.421
81.36	229.039	-50.6118	178.428
81.38	229.125	-50.684	178.441
81.4	223.999	-45.5441	178.455
81.42	214.822	-36.3625	178.459
81.44	217.786	-39.339	178.447
81.46	224.96	-46.4839	178.476
81.48	222.715	-44.2428	178.472
81.5	226.972	-48.5056	178.467
81.52	228.419	-49.9214	178.497
81.54	225.835	-47.348	178.487
81.56	221.697	-43.2112	178.485
81.58	221.013	-42.4993	178.513
81.6	218.05	-39.555	178.495
81.62	215.538	-37.0569	178.481
81.64	223.011	-44.5178	178.493
81.66	224.667	-46.1865	178.48
81.68	222.889	-44.3977	178.491
81.7	219.809	-41.3248	178.484
81.72	220.769	-42.2704	178.499
81.74	219.366	-40.8345	178.531
81.76	226.806	-48.3105	178.495
81.78	231.551	-53.0461	178.505
81.8	228.783	-50.2528	178.53
81.82	223.465	-44.9181	178.547
81.84	218.3	-39.7399	178.56
81.86	216.792	-38.2217	178.57
81.88	218.386	-39.7936	178.592
81.9	221.543	-42.9685	178.575
81.92	224.95	-46.3862	178.564
81.94	227.065	-48.5268	178.538
81.96	223.742	-45.2253	178.517
81.98	219.501	-40.9792	178.522
82	219.73	-41.2223	178.508
82.02	217.112	-38.5869	178.525
82.04	216.806	-38.2849	178.521
82.06	220.131	-41.6218	178.509
82.08	224.123	-45.6036	178.519
82.1	226.086	-47.5921	178.494
82.12	227.48	-48.9964	178.483
82.14	228.636	-50.1767	178.459
82.16	226.879	-48.4042	178.475
82.18	223.759	-45.2794	178.48
82.2	224.255	-45.7904	178.465
82.22	224.149	-45.682	178.467
82.24	219.261	-40.8152	178.446
82.26	215.727	-37.2542	178.473
82.28	223.217	-44.7581	178.459
82.3	226.715	-48.2692	178.446
82.32	224.795	-46.3609	178.435
82.34	219.555	-41.119	178.436
82.36	220.491	-42.0355	178.455
82.38	225.372	-46.8993	178.473
82.4	226.011	-47.5438	178.468
82.42	222.427	-43.9567	178.47
82.44	219.314	-40.8255	178.489
82.46	219.904	-41.4196	178.484
82.48	221.05	-42.557	178.493
82.5	224.994	-46.5324	178.462
82.52	227.58	-49.0894	178.491
82.54	228.056	-49.5533	178.503
82.56	226.836	-48.3339	178.502
82.58	223.574	-45.077	178.497
82.6	220.736	-42.2141	178.522
82.62	222.614	-44.0926	178.521
82.64	227.655	-49.1555	178.499
82.66	228.092	-49.5822	178.509
82.68	218.487	-39.9492	178.537
82.7	215.745	-37.2163	178.529
82.72	220.362	-41.8333	178.529
82.74	221.553	-42.9973	178.556
82.76	223.577	-45.0242	178.553
82.78	227.625	-49.087	178.538
82.8	227.952	-49.4079	178.544
82.82	229.124	-50.6094	178.515
82.84	229.513	-50.9834	178.53
82.86	227.053	-48.5266	178.527
82.88	224.813	-46.3012	178.511
82.9	224.605	-46.1012	178.504
82.92	224.738	-46.2343	178.504
82.94	224.517	-46.0082	178.508
82.96	223.719	-45.2176	178.502
82.98	226.672	-48.1633	178.509
83	229.018	-50.4952	178.523
83.02	225.966	-47.4317	178.534
83.04	222.596	-44.059	178.537
83.06	226.32	-47.7864	178.534
83.08	227.229	-48.6761	178.553
83.1	225.747	-47.1858	178.562
83.12	221.057	-42.5028	178.554
83.14	218.875	-40.331	178.544
83.16	221.299	-42.7585	178.54
83.18	222.095	-43.5442	178.551
83.2	220.511	-41.9492	178.562
83.22	223.044	-44.4727	178.571
83.24	227.779	-49.225	178.554
83.26	226.456	-47.9034	178.553
83.28	217.894	-39.3258	178.568
83.3	210.907	-32.3341	178.573
83.32	213.01	-34.4497	178.56
83.34	221.928	-43.3531	178.575
83.36	227.319	-48.7414	178.577
83.38	226.69	-48.1094	178.58
83.4	224.286	-45.6861	178.6
83.42	224.059	-45.4489	178.61
83.44	225.64	-47.0433	178.597
83.46	225.83	-47.2237	178.607
83.48	223.006	-44.4041	178.602
83.5	219.733	-41.1272	178.605
83.52	220.042	-41.4512	178.591
83.54	220.65	-42.0593	178.591
83.56	221.871	-43.2839	178.587
83.58	224.668	-46.101	178.567
83.6	224.199	-45.6424	178.557
83.62	220.914	-42.3724	178.542
83.64	214.138	-35.5767	178.561
83.66	212.796	-34.2494	178.546
83.68	211.416	-32.8726	178.543
83.7	215.479	-36.9431	178.536
83.72	221.988	-43.4502	178.538
83.74	224.678	-46.1572	178.521
83.76	227.087	-48.5618	178.525
83.78	226.852	-48.3519	178.5
83.8	215.906	-37.3715	178.534
83.82	216.735	-38.2331	178.502
83.84	208.45	-29.9083	178.541
83.86	214.147	-35.6148	178.532
83.88	213.057	-34.5418	178.516
83.9	214.396	-35.8777	178.518
83.92	222.821	-44.3062	178.515
83.94	225.141	-46.6152	178.526
83.96	225.509	-46.9983	178.51
83.98	224.942	-46.4102	178.531
84	222.344	-43.8345	178.509
84.02	219.872	-41.3529	178.52
84.04	222.014	-43.5022	178.512
84.06	221.156	-42.6591	178.497
84.08	218.257	-39.7666	178.49
84.1	218.361	-39.8771	178.483
84.12	216.618	-38.1291	178.489
84.14	218.731	-40.1989	178.532
84.16	223.417	-44.9104	178.506
84.18	224.105	-45.602	178.503
84.2	222.455	-43.9618	178.493
84.22	220.282	-41.7769	178.505
84.24	219.053	-40.5423	178.51
84.26	218.606	-40.0772	178.529
84.28	216.695	-38.1609	178.534
84.3	218.427	-39.8906	178.537
84.32	220.815	-42.3008	178.514
84.34	215.314	-36.7799	178.534
84.36	208.97	-30.4282	178.542
84.38	213.575	-35.0595	178.515
84.4	217.854	-39.3622	178.491
84.42	222.343	-43.8579	178.485
84.44	223.004	-44.5328	178.471
84.46	221.929	-43.446	178.483
84.48	220.018	-41.5072	178.51
84.5	218.022	-39.4992	178.523
84.52	217.869	-39.3786	178.49
84.54	220.493	-41.993	178.5
84.56	224.249	-45.7441	178.505
84.58	227.07	-48.5607	178.509
84.6	227.485	-48.9874	178.497
84.62	224.594	-46.1014	178.492
84.64	220.589	-42.0776	178.512
84.66	220.544	-42.0471	178.497
84.68	221.426	-42.9504	178.475
84.7	222.052	-43.5724	178.479
84.72	220.551	-42.0777	178.473
84.74	218.084	-39.619	178.465
84.76	222.576	-44.1309	178.445
84.78	224.838	-46.3976	178.441
84.8	224.176	-45.7435	178.432
84.82	222.458	-44.0116	178.447
84.84	217.788	-39.3192	178.469
84.86	222.997	-44.5422	178.455
84.88	218.374	-39.8985	178.475
84.9	208.503	-30.0197	178.484
84.92	216.042	-37.6047	178.438
84.94	222.323	-43.8952	178.428
84.96	223.574	-45.1592	178.415
84.98	217.574	-39.1638	178.41
85	212.435	-34.029	178.406
85.02	209.095	-30.7078	178.387
85.04	215.56	-37.189	178.371
85.06	223.083	-44.71	178.373
85.08	224.726	-46.3452	178.381
85.1	223.3	-44.9077	178.392
85.12	220.082	-41.6883	178.394
85.14	219.318	-40.9119	178.407
85.16	222.356	-43.9489	178.407
85.18	223.181	-44.7713	178.41
85.2	222.269	-43.8458	178.423
85.22	222.284	-43.8345	178.45
85.24	222.826	-44.3771	178.449
85.26	225.265	-46.8021	178.463
85.28	230.385	-51.9186	178.466
85.3	229.854	-51.365	178.489
85.32	225.292	-46.7948	178.497
85.34	219.929	-41.4348	178.494
85.36	214.715	-36.2086	178.506
85.38	219.465	-40.9837	178.482
85.4	225.192	-46.7064	178.485
85.42	226.892	-48.3972	178.495
85.44	221.615	-43.0952	178.52
85.46	226.264	-47.7282	178.536
85.48	230.958	-52.4203	178.537
85.5	228.733	-50.2083	178.525
85.52	216.311	-37.7798	178.531
85.54	219.773	-41.2684	178.505
85.56	224.598	-46.1006	178.498
85.58	229.916	-51.4249	178.492
85.6	234.578	-56.0827	178.496
85.62	234.108	-55.611	178.497
85.64	229.852	-51.3426	178.509
85.66	225.293	-46.7701	178.522
85.68	224.142	-45.6272	178.515
85.7	224.968	-46.4736	178.494
85.72	221.874	-43.3771	178.497
85.74	213.741	-35.2235	178.517
85.76	215.403	-36.8697	178.533
85.78	226.788	-48.2773	178.511
85.8	224.389	-45.8728	178.516
85.82	225.678	-47.173	178.505
85.84	231.572	-53.0659	178.506
85.86	232.213	-53.6926	178.52
85.88	230.589	-52.0718	178.517
85.9	229.834	-51.3369	178.497
85.92	226.752	-48.244	178.508
85.94	223.952	-45.4296	178.522
85.96	224.913	-46.3758	178.537
85.98	226.965	-48.4492	178.515
86	229.306	-50.7936	178.513
86.02	227.767	-49.261	178.506
86.04	221.033	-42.5379	178.495
86.06	211.76	-33.28	178.48
86.08	212.939	-34.4603	178.479
86.1	222.394	-43.9117	178.482
86.12	226.304	-47.8024	178.502
86.14	226.641	-48.1227	178.518
86.16	223.648	-45.1338	178.514
86.18	221.32	-42.7867	178.533
86.2	222.419	-43.8995	178.519
86.22	223.251	-44.7262	178.525
86.24	222.592	-44.0805	178.512
86.26	219.127	-40.5999	178.527
86.28	218.589	-40.057	178.532
86.3	220.112	-41.5911	178.52
86.32	219.837	-41.3155	178.522
86.34	221.982	-43.4488	178.533
86.36	221.319	-42.7855	178.534
86.38	222.129	-43.5895	178.539
86.4	218.657	-40.0969	178.56
86.42	207.822	-29.2776	178.544
86.44	211.978	-33.4528	178.525
86.46	222.346	-43.8398	178.507
86.48	223.043	-44.5269	178.517
86.5	217.277	-38.7466	178.53
86.52	210.878	-32.3201	178.558
86.54	212.493	-33.9244	178.568
86.56	216.101	-37.5328	178.568
86.58	217.855	-39.2917	178.563
86.6	218.009	-39.4691	178.539
86.62	214.038	-35.5097	178.528
86.64	209.511	-30.9514	178.559
86.66	213.651	-35.092	178.559
86.68	214.53	-35.97	178.56
86.7	214.194	-35.6249	178.569
86.72	221.05	-42.4872	178.563
86.74	221.756	-43.1879	178.568
86.76	219.402	-40.8508	178.551
86.78	214.405	-35.8522	178.553
86.8	216.582	-37.9962	178.586
86.82	219.717	-41.1263	178.591
86.84	217.922	-39.3448	178.577
86.86	220.022	-41.4372	178.585
86.88	221.117	-42.5005	178.616
86.9	218.499	-39.9005	178.598
86.92	212.304	-33.6881	178.616
86.94	211.283	-32.6756	178.607
86.96	210.818	-32.2143	178.603
86.98	220.294	-41.7234	178.571
87	224.326	-45.7443	178.582
87.02	221.121	-42.5278	178.593
87.04	219.687	-41.0892	178.598
87.06	219.994	-41.418	178.576
87.08	215.241	-36.6696	178.571
87.1	213.823	-35.245	178.578
87.12	213.108	-34.5306	178.577
87.14	210.794	-32.1819	178.613
87.16	215.892	-37.2728	178.619
87.18	222.414	-43.8025	178.611
87.2	224.623	-46.0266	178.596
87.22	223.016	-44.4487	178.567
87.24	217.717	-39.1544	178.563
87.26	210.994	-32.4493	178.544
87.28	205.798	-27.2281	178.57
87.3	217.726	-39.1938	178.533
87.32	224.773	-46.2343	178.538
87.34	226.129	-47.6003	178.529
87.36	223.137	-44.6212	178.516
87.38	214.927	-36.4152	178.511
87.4	207.083	-28.5726	178.51
87.42	211.887	-33.3595	178.527
87.44	218.677	-40.1623	178.514
87.46	219.841	-41.3434	178.498
87.48	216.592	-38.0836	178.508
87.5	222	-43.4691	178.531
87.52	226.164	-47.6219	178.542
87.54	222.347	-43.8125	178.534
87.56	217.522	-38.9931	178.529
87.58	217.95	-39.45	178.5
87.6	217.778	-39.2678	178.51
87.62	219.455	-40.9381	178.517
87.64	219.251	-40.7313	178.519
87.66	219.661	-41.1505	178.511
87.68	222.591	-44.0803	178.511
87.7	221.702	-43.1828	178.519
87.72	218.74	-40.2256	178.515
87.74	216.652	-38.1375	178.514
87.76	216.738	-38.2329	178.505
87.78	220.091	-41.5782	178.513
87.8	221.945	-43.4482	178.497
87.82	216.358	-37.8484	178.509
87.84	209.013	-30.4905	178.523
87.86	210.435	-31.9318	178.503
87.88	216.105	-37.6051	178.5
87.9	219.525	-41.0433	178.481
87.92	216.812	-38.3399	178.473
87.94	212.443	-33.9428	178.5
87.96	214.442	-35.9508	178.491
87.98	217.224	-38.7269	178.497
88	214.638	-36.0898	178.548
88.02	220.219	-41.6832	178.536
88.04	221.289	-42.7444	178.544
88.06	219.006	-40.4666	178.539
88.08	219.839	-41.2984	178.54
88.1	219.113	-40.5802	178.533
88.12	217.094	-38.5605	178.534
88.14	218.94	-40.4075	178.533
88.16	218.253	-39.7344	178.519
88.18	216.693	-38.177	178.516
88.2	219.336	-40.8278	178.508
88.22	222.934	-44.4207	178.513
88.24	217.843	-39.3207	178.522
88.26	210.641	-32.0939	178.548
88.28	211.758	-33.2115	178.546
88.3	215.33	-36.7553	178.574
88.32	219.151	-40.5606	178.591
88.34	222.403	-43.8113	178.591
88.36	224.457	-45.8632	178.594
88.38	221.562	-42.9839	178.578
88.4	217.216	-38.622	178.594
88.42	217.569	-38.9973	178.572
88.44	220.627	-42.0626	178.564
88.46	226.46	-47.8947	178.565
88.48	227.026	-48.4795	178.546
88.5	224.554	-45.9841	178.57
88.52	221.506	-42.9601	178.546
88.54	217.552	-38.9953	178.557
88.56	215.588	-37.0363	178.552
88.58	218.629	-40.0827	178.546
88.6	223.499	-44.9487	178.551
88.62	217.975	-39.4299	178.545
88.64	215.507	-36.9496	178.557
88.66	218.421	-39.8727	178.548
88.68	215.428	-36.8693	178.559
88.7	217.909	-39.3475	178.562
88.72	223.777	-45.195	178.582
88.74	225.695	-47.1272	178.568
88.76	225.591	-47.0324	178.559
88.78	225.744	-47.1851	178.559
88.8	226.289	-47.7518	178.537
88.82	227.19	-48.6472	178.543
88.84	228.368	-49.845	178.523
88.86	226.532	-48.0023	178.529
88.88	222.908	-44.3969	178.511
88.9	218.316	-39.8041	178.512
88.92	219.748	-41.2523	178.495
88.94	222.604	-44.0911	178.513
88.96	224.513	-45.998	178.515
88.98	226.422	-47.9129	178.509
89	222.351	-43.8326	178.518
89.02	220.647	-42.135	178.512
89.04	221.053	-42.5489	178.504
89.06	218.642	-40.1456	178.497
89.08	222.273	-43.7839	178.49
89.1	223.701	-45.2081	178.493
89.12	215.677	-37.1717	178.505
89.14	213.938	-35.4337	178.504
89.16	220.251	-41.7486	178.502
89.18	223.309	-44.8032	178.505
89.2	222.543	-44.0236	178.519
89.22	221.375	-42.8616	178.513
89.24	219.311	-40.8011	178.51
89.26	214.616	-36.0858	178.53
89.28	213.549	-34.9891	178.56
89.3	219.027	-40.4736	178.553
89.32	221.174	-42.6187	178.555
89.34	215.144	-36.5705	178.574
89.36	218.324	-39.766	178.558
89.38	223.01	-44.4348	178.575
89.4	221.378	-42.8195	178.558
89.42	220.792	-42.234	178.558
89.44	221.761	-43.2231	178.538
89.46	218.908	-40.3981	178.509
89.48	212.233	-33.6998	178.533
89.5	212.159	-33.6355	178.524
89.52	220.571	-42.0673	178.504
89.54	224.963	-46.4645	178.499
89.56	223.106	-44.6063	178.5
89.58	217.688	-39.1728	178.515
89.6	214.152	-35.643	178.509
89.62	215.5	-36.9944	178.505
89.64	221.442	-42.9335	178.508
89.66	222.406	-43.8855	178.52
89.68	218.576	-40.0568	178.519
89.7	216.313	-37.8099	178.503
89.72	217.584	-39.0438	178.54
89.74	219.889	-41.3504	178.538
89.76	219.393	-40.8762	178.517
89.78	214.359	-35.831	178.528
89.8	216.103	-37.5734	178.53
89.82	217.819	-39.2835	178.536
89.84	221.148	-42.6234	178.524
89.86	221.943	-43.3956	178.548
89.88	223.939	-45.3784	178.561
89.9	225.068	-46.5094	178.558
89.92	226.378	-47.8257	178.553
89.94	222.868	-44.3107	178.557
89.96	215.933	-37.3687	178.564
89.98	216.293	-37.7258	178.567
90	220.727	-42.1803	178.546
90.02	221.462	-42.9051	178.557
90.04	217.986	-39.4265	178.559
90.06	220.576	-42.035	178.541
90.08	227.39	-48.86	178.53
90.1	227.811	-49.2767	178.534
90.12	221.747	-43.2138	178.533
90.14	220.861	-42.3279	178.533
90.16	221.813	-43.289	178.524
90.18	224.742	-46.1961	178.546
90.2	228.947	-50.3917	178.555
90.22	230.006	-51.4442	178.561
90.24	228.47	-49.9128	178.557
90.26	226.292	-47.7387	178.553
90.28	225.36	-46.8072	178.553
90.3	225.749	-47.2073	178.542
90.32	228.335	-49.8172	178.517
90.34	228.924	-50.3944	178.53
90.36	222.758	-44.2044	178.553
90.38	219.523	-40.9821	178.541
90.4	219.649	-41.1254	178.524
90.42	221.38	-42.86	178.52
90.44	224.771	-46.2635	178.507
90.46	222.389	-43.8952	178.494
90.48	223.457	-44.9664	178.49
90.5	226.291	-47.7718	178.519
90.52	228.241	-49.7207	178.52
90.54	230.127	-51.6193	178.508
90.56	229.71	-51.1888	178.522
90.58	224.211	-45.6881	178.523
90.6	218.779	-40.2604	178.519
90.62	220.535	-42.0208	178.514
90.64	220.869	-42.3484	178.521
90.66	224.439	-45.9045	178.535
90.68	228.287	-49.7644	178.522
90.7	228.681	-50.1575	178.524
90.72	226.881	-48.3502	178.53
90.74	224.619	-46.0961	178.523
90.76	223.157	-44.6464	178.51
90.78	224.373	-45.8714	178.502
90.8	220.173	-41.6696	178.503
90.82	219.735	-41.2306	178.504
90.84	225.422	-46.8931	178.529
90.86	229.973	-51.4525	178.52
90.88	228.512	-50.0008	178.511
90.9	223.166	-44.666	178.5
90.92	219.362	-40.8427	178.519
90.94	225.521	-47.0194	178.502
90.96	228.354	-49.8455	178.509
90.98	225.722	-47.228	178.494
91	225.724	-47.2207	178.503
91.02	226.92	-48.4196	178.501
91.04	227.765	-49.2514	178.514
91.06	229.396	-50.8903	178.505
91.08	227.864	-49.3697	178.495
91.1	224.052	-45.5496	178.502
91.12	224.626	-46.1221	178.504
91.14	229.736	-51.2423	178.494
91.16	230.556	-52.0482	178.508
91.18	229.365	-50.8792	178.486
91.2	226.623	-48.1519	178.471
91.22	227.289	-48.789	178.5
91.24	231.595	-53.0933	178.501
91.26	232.755	-54.2626	178.493
91.28	232.457	-53.9637	178.493
91.3	231.449	-52.9583	178.491
91.32	226.638	-48.1684	178.47
91.34	220.1	-41.6117	178.488
91.36	222.621	-44.1486	178.472
91.38	219.741	-41.2631	178.477
91.4	220.847	-42.3675	178.479
91.42	224.077	-45.5814	178.496
91.44	226.364	-47.8547	178.51
91.46	229.545	-51.0531	178.491
91.48	230.798	-52.3032	178.494
91.5	226.87	-48.3627	178.508
91.52	224.325	-45.83	178.495
91.54	226.904	-48.3922	178.512
91.56	226.904	-48.3887	178.515
91.58	226.623	-48.1232	178.499
91.6	226.952	-48.4638	178.488
91.62	227.374	-48.8869	178.488
91.64	227.184	-48.6797	178.504
91.66	226.856	-48.3534	178.503
91.68	224.536	-46.0287	178.507
91.7	221.704	-43.1719	178.532
91.72	221.417	-42.8947	178.523
91.74	219.614	-41.0893	178.525
91.76	218.424	-39.9096	178.514
91.78	218.78	-40.2342	178.546
91.8	220.289	-41.7267	178.562
91.82	221.695	-43.1506	178.544
91.84	221.091	-42.5397	178.551
91.86	221.173	-42.6415	178.532
91.88	223.539	-45.0216	178.517
91.9	222.766	-44.2571	178.509
91.92	219.661	-41.1447	178.517
91.94	225.461	-46.9633	178.498
91.96	227.22	-48.7188	178.501
91.98	224.26	-45.7529	178.507
92	218.34	-39.8549	178.486
92.02	212.409	-33.9375	178.471
92.04	211.57	-33.0867	178.483
92.06	215.873	-37.395	178.478
92.08	218.849	-40.3697	178.48
92.1	219.391	-40.9223	178.468
92.12	216.001	-37.5219	178.479
92.14	223.511	-45.0405	178.471
92.16	229.845	-51.3715	178.474
92.18	231.716	-53.23	178.486
92.2	230.923	-52.4538	178.469
92.22	227.434	-48.9636	178.47
92.24	223.693	-45.2225	178.471
92.26	222.123	-43.6613	178.462
92.28	223.968	-45.5055	178.463
92.3	223.967	-45.5099	178.457
92.32	217.989	-39.4847	178.504
92.34	222.621	-44.1184	178.503
92.36	222.44	-43.9274	178.512
92.38	216.133	-37.5878	178.545
92.4	217.346	-38.8104	178.535
92.42	221.39	-42.8721	178.518
92.44	220.882	-42.3442	178.538
92.46	222.82	-44.2672	178.553
92.48	225.753	-47.2143	178.539
92.5	224.805	-46.2605	178.544
92.52	221.855	-43.3044	178.551
92.54	222.984	-44.4446	178.539
92.56	222.172	-43.6353	178.536
92.58	220.806	-42.2899	178.516
92.6	220.915	-42.3829	178.532
92.62	222.412	-43.8804	178.531
92.64	223.353	-44.8416	178.511
92.66	219.669	-41.1525	178.516
92.68	214.431	-35.8866	178.544
92.7	215.468	-36.9217	178.546
92.72	220.072	-41.5171	178.554
92.74	222.569	-44.0313	178.538
92.76	221.322	-42.7725	178.549
92.78	222.238	-43.6686	178.57
92.8	224.494	-45.919	178.575
92.82	226.079	-47.507	178.572
92.84	223.77	-45.1999	178.57
92.86	217.7	-39.1401	178.56
92.88	215.896	-37.3376	178.558
92.9	217.875	-39.3178	178.557
92.92	219.721	-41.1834	178.538
92.94	218.051	-39.4974	178.554
92.96	219.463	-40.9109	178.552
92.98	222.72	-44.1806	178.539
93	222.571	-44.019	178.552
93.02	221.028	-42.4753	178.552
93.04	219.481	-40.9446	178.537
93.06	219.48	-40.9601	178.519
93.08	220.62	-42.1014	178.519
93.1	222.282	-43.748	178.534
93.12	222.556	-44.0218	178.534
93.14	221.292	-42.7316	178.561
93.16	222.921	-44.3791	178.542
93.18	224.783	-46.2472	178.536
93.2	224.692	-46.1341	178.558
93.22	222.441	-43.8886	178.552
93.24	218.299	-39.7462	178.552
93.26	214.251	-35.6961	178.555
93.28	215.081	-36.5312	178.55
93.3	220.268	-41.7287	178.539
93.32	218.751	-40.197	178.554
93.34	213.877	-35.3379	178.539
93.36	206.594	-28.0599	178.534
93.38	209.32	-30.7783	178.542
93.4	215.71	-37.1842	178.526
93.42	216.96	-38.4182	178.542
93.44	218.454	-39.9304	178.524
93.46	212.886	-34.3741	178.512
93.48	214.588	-36.0526	178.535
93.5	218.946	-40.4071	178.539
93.52	215.88	-37.3183	178.562
93.54	212.178	-33.6149	178.563
93.56	214.426	-35.8563	178.569
93.58	220.645	-42.0957	178.549
93.6	223.103	-44.5743	178.529
93.62	222.467	-43.9902	178.476
93.64	221.491	-43.002	178.489
93.66	222.198	-43.7269	178.472
93.68	223.604	-45.1401	178.464
93.7	223.932	-45.4614	178.471
93.72	224.345	-45.8769	178.468
93.74	223.184	-44.7489	178.435
93.76	219.956	-41.5313	178.424
93.78	217.704	-39.2602	178.443
93.8	217.375	-38.9512	178.424
93.82	209.151	-30.693	178.458
93.84	220.605	-42.1771	178.428
93.86	227.506	-49.0525	178.453
93.88	227.586	-49.1261	178.459
93.9	228.755	-50.3044	178.45
93.92	226.663	-48.1938	178.469
93.94	218.765	-40.2926	178.472
93.96	216.013	-37.5468	178.467
93.98	219.864	-41.4024	178.462
94	224.33	-45.8667	178.463
94.02	228.228	-49.7732	178.454
94.04	227.99	-49.5246	178.465
94.06	228.078	-49.6061	178.472
94.08	225.337	-46.8692	178.468
94.1	222.303	-43.836	178.467
94.12	214.311	-35.8079	178.504
94.14	220.455	-41.9955	178.46
94.16	221.849	-43.3755	178.474
94.18	220.996	-42.5157	178.48
94.2	221.309	-42.8265	178.482
94.22	224.95	-46.4804	178.469
94.24	228.484	-50.0123	178.471
94.26	227.603	-49.1112	178.492
94.28	226.683	-48.1848	178.499
94.3	228.128	-49.5978	178.53
94.32	229.703	-51.1824	178.521
94.34	226.365	-47.8507	178.514
94.36	218.836	-40.3133	178.523
94.38	214.045	-35.5282	178.517
94.4	221.285	-42.7866	178.498
94.42	229.784	-51.3021	178.482
94.44	227.224	-48.7505	178.474
94.46	222.513	-44.038	178.475
94.48	220.758	-42.291	178.467
94.5	223.858	-45.4	178.458
94.52	228.133	-49.6964	178.437
94.54	231.876	-53.446	178.43
94.56	232.707	-54.2482	178.459
94.58	231.418	-52.9626	178.455
94.6	230.155	-51.6842	178.471
94.62	228.603	-50.1308	178.472
94.64	222.672	-44.1927	178.48
94.66	220.39	-41.9305	178.46
94.68	220.008	-41.5451	178.463
94.7	220.653	-42.1984	178.454
94.72	224.204	-45.7435	178.46
94.74	225.496	-47.0148	178.481
94.76	226.933	-48.4358	178.497
94.78	224.46	-45.9763	178.483
94.8	224.752	-46.2674	178.485
94.82	225.426	-46.9376	178.488
94.84	227.943	-49.4725	178.471
94.86	230.531	-52.0711	178.46
94.88	232.079	-53.6145	178.464
94.9	231.52	-53.0406	178.479
94.92	227.229	-48.7332	178.496
94.94	222.308	-43.8118	178.496
94.96	223.672	-45.1954	178.476
94.98	227.31	-48.8537	178.456
95	227.716	-49.2742	178.442
95.02	227.677	-49.2277	178.449
95.04	229.507	-51.0592	178.448
95.06	230.18	-51.7251	178.455
95.08	227.972	-49.5148	178.457
95.1	229.161	-50.712	178.449
95.12	227.477	-49.0277	178.45
95.14	222.466	-44.0219	178.444
95.16	219.895	-41.4417	178.453
95.18	226.325	-47.8667	178.459
95.2	229.059	-50.5734	178.486
95.22	229.841	-51.3557	178.485
95.24	227.881	-49.3694	178.512
95.26	224.799	-46.2656	178.534
95.28	226.421	-47.893	178.527
95.3	226.695	-48.1797	178.515
95.32	221.908	-43.4023	178.505
95.34	217.525	-39.0291	178.496
95.36	219.649	-41.1524	178.496
95.38	212.82	-34.3296	178.491
95.4	203.849	-25.3201	178.529
95.42	219.683	-41.203	178.48
95.44	227.76	-49.2419	178.518
95.46	228.089	-49.5687	178.52
95.48	229.125	-50.6119	178.513
95.5	228.92	-50.4223	178.497
95.52	227.507	-49.0101	178.497
95.54	225.368	-46.8642	178.504
95.56	224.133	-45.6132	178.519
95.58	223.29	-44.7709	178.519
95.6	221.775	-43.2471	178.528
95.62	219.289	-40.7597	178.529
95.64	216.701	-38.1829	178.518
95.66	212.898	-34.3569	178.541
95.68	218.061	-39.5379	178.523
95.7	220.881	-42.3707	178.511
95.72	221.048	-42.5346	178.514
95.74	221.835	-43.3132	178.522
95.76	220.255	-41.7286	178.527
95.78	217.012	-38.4768	178.535
95.8	220.44	-41.9213	178.519
95.82	224.776	-46.2697	178.507
95.84	225.998	-47.48	178.518
95.86	224.321	-45.8119	178.509
95.88	223.07	-44.5475	178.522
95.9	224.715	-46.196	178.519
95.92	225.281	-46.777	178.504
95.94	225.577	-47.0786	178.498
95.96	225.804	-47.2905	178.514
95.98	225.088	-46.5801	178.508
96	223.996	-45.4867	178.509
96.02	224.513	-46.0107	178.502
96.04	225.653	-47.1448	178.508
96.06	226.988	-48.4972	178.49
96.08	226.939	-48.4537	178.486
96.1	226.605	-48.1337	178.472
96.12	228.221	-49.7511	178.47
96.14	229.489	-51.02	178.469
96.16	229.409	-50.9237	178.485
96.18	228.429	-49.9317	178.497
96.2	227.146	-48.6406	178.505
96.22	223.69	-45.1779	178.512
96.24	220.892	-42.3836	178.508
96.26	222.247	-43.745	178.502
96.28	226.692	-48.2069	178.486
96.3	227.7	-49.2087	178.491
96.32	229.039	-50.5485	178.491
96.34	230.298	-51.8332	178.464
96.36	231.326	-52.8578	178.469
96.38	229.443	-50.9942	178.448
96.4	214.478	-36.0165	178.462
96.42	217.811	-39.4022	178.409
96.44	222.163	-43.722	178.441
96.46	223.007	-44.5479	178.459
96.48	224.83	-46.3659	178.464
96.5	225.569	-47.1101	178.459
96.52	224.486	-46.0308	178.455
96.54	223.363	-44.9137	178.45
96.56	222.812	-44.3642	178.448
96.58	220.608	-42.1633	178.444
96.6	217.242	-38.7863	178.456
96.62	222.007	-43.5828	178.425
96.64	221.052	-42.6237	178.429
96.66	217.52	-39.0782	178.441
96.68	220.281	-41.8293	178.452
96.7	222.519	-44.074	178.445
96.72	221.561	-43.1087	178.452
96.74	219.092	-40.6319	178.46
96.76	219.874	-41.4133	178.461
96.78	223.422	-44.9727	178.449
96.8	222.14	-43.6983	178.442
96.82	220.342	-41.8898	178.452
96.84	222.98	-44.5442	178.436
96.86	224.682	-46.2459	178.436
96.88	223.804	-45.3565	178.447
96.9	222.067	-43.5945	178.473
96.92	222.775	-44.318	178.457
96.94	221.177	-42.7145	178.462
96.96	216.812	-38.3371	178.475
96.98	214.666	-36.1923	178.474
97	220.497	-42.0178	178.479
97.02	226.64	-48.1536	178.487
97.04	225.718	-47.2355	178.483
97.06	220.016	-41.5064	178.509
97.08	216.866	-38.3832	178.482
97.1	219.341	-40.871	178.47
97.12	223.329	-44.8702	178.459
97.14	221.772	-43.3114	178.46
97.16	217.602	-39.1451	178.457
97.18	221.206	-42.7814	178.424
97.2	226.765	-48.3203	178.444
97.22	228.128	-49.6817	178.446
97.24	226.598	-48.1654	178.433
97.26	220.693	-42.2684	178.424
97.28	216.629	-38.1897	178.439
97.3	219.716	-41.2729	178.443
97.32	221.961	-43.4986	178.462
97.34	223.99	-45.582	178.408
97.36	225.568	-47.1476	178.421
97.38	223.335	-44.873	178.462
97.4	225.273	-46.8179	178.455
97.42	225.77	-47.3051	178.465
97.44	227.937	-49.4845	178.452
97.46	230.83	-52.3574	178.473
97.48	230.253	-51.7847	178.468
97.5	227.1	-48.6178	178.482
97.52	225.211	-46.7283	178.482
97.54	219.358	-40.8738	178.484
97.56	216.808	-38.3304	178.478
97.58	225.842	-47.3787	178.463
97.6	228.659	-50.1957	178.464
97.62	225.447	-46.9694	178.477
97.64	225.972	-47.5229	178.449
97.66	225.435	-47.0024	178.433
97.68	224.536	-46.1014	178.434
97.7	229.599	-51.171	178.428
97.72	231.568	-53.1442	178.424
97.74	230.196	-51.7813	178.415
97.76	227.448	-49.0456	178.402
97.78	223.699	-45.2986	178.4
97.8	223.17	-44.7784	178.392
97.82	223.628	-45.2061	178.421
97.84	225.916	-47.4928	178.423
97.86	225.472	-47.0399	178.432
97.88	221.869	-43.4258	178.443
97.9	225.653	-47.2083	178.445
97.92	227.241	-48.7993	178.442
97.94	220.657	-42.2228	178.434
97.96	217.989	-39.5313	178.458
97.98	228.663	-50.2061	178.457
98	231.601	-53.1283	178.473
98.02	229.301	-50.8333	178.468
98.04	220.639	-42.1539	178.485
98.06	223.586	-45.1389	178.447
98.08	228.525	-50.0759	178.449
98.1	227.299	-48.8428	178.457
98.12	223.353	-44.909	178.444
98.14	217.878	-39.4063	178.472
98.16	219.366	-40.8908	178.476
98.18	225.78	-47.3245	178.456
98.2	229.855	-51.4144	178.441
98.22	230.943	-52.502	178.441
98.24	229.571	-51.1424	178.429
98.26	224.543	-46.1114	178.431
98.28	224.349	-45.9204	178.429
98.3	231.043	-52.6278	178.415
98.32	230.542	-52.1499	178.393
98.34	222.914	-44.5012	178.412
98.36	222.638	-44.2281	178.41
98.38	228.619	-50.2028	178.416
98.4	230.075	-51.6533	178.422
98.42	227.986	-49.5557	178.431
98.44	226.188	-47.7797	178.408
98.46	223.648	-45.218	178.43
98.48	227.372	-48.9223	178.45
98.5	228.799	-50.336	178.463
98.52	228.137	-49.6661	178.471
98.54	228.368	-49.8982	178.47
98.56	228.717	-50.2478	178.469
98.58	227.682	-49.2119	178.47
98.6	226.679	-48.2303	178.448
98.62	225.688	-47.2535	178.435
98.64	224.676	-46.2409	178.435
98.66	228.091	-49.6358	178.455
98.68	227.988	-49.5195	178.469
98.7	225.957	-47.4901	178.467
98.72	226.034	-47.5917	178.442
98.74	225.886	-47.4647	178.422
98.76	221.616	-43.1888	178.428
98.78	224.146	-45.7222	178.424
98.8	229.229	-50.834	178.395
98.82	223.773	-45.3911	178.381
98.84	214.88	-36.4738	178.407
98.86	216.572	-38.1738	178.398
98.88	222.692	-44.2723	178.42
98.9	226.554	-48.1464	178.408
98.92	224.556	-46.1418	178.414
98.94	223.275	-44.8537	178.422
98.96	225.047	-46.6231	178.424
98.98	224.441	-46.0089	178.432
99	223.513	-45.0843	178.428
99.02	224.405	-45.9662	178.439
99.04	226.501	-48.0578	178.444
99.06	228.153	-49.7329	178.42
99.08	227.187	-48.7586	178.429
99.1	221.683	-43.2403	178.443
99.12	218.093	-39.6181	178.475
99.14	222.411	-43.9382	178.473
99.16	225.532	-47.0678	178.465
99.18	222.171	-43.7104	178.461
99.2	214.232	-35.7821	178.45
99.22	206.934	-28.4435	178.49
99.24	215.104	-36.6425	178.462
99.26	220.802	-42.3207	178.482
99.28	227.48	-48.991	178.489
99.3	230.707	-52.2115	178.495
99.32	228.7	-50.1932	178.507
99.34	223.499	-45.0009	178.498
99.36	219.39	-40.9017	178.488
99.38	217.56	-39.0626	178.497
99.4	218.935	-40.4115	178.523
99.42	225.564	-47.0655	178.499
99.44	227.103	-48.6011	178.502
99.46	225.122	-46.606	178.516
99.48	223.676	-45.1378	178.539
99.5	223.894	-45.3683	178.525
99.52	223.532	-45.006	178.526
99.54	224.301	-45.7636	178.537
99.56	225.554	-47.0204	178.534
99.58	223.492	-44.9506	178.542
99.6	221.066	-42.537	178.529
99.62	217.965	-39.419	178.546
99.64	218.082	-39.5127	178.569
99.66	220.973	-42.4395	178.534
99.68	217.861	-39.3055	178.555
99.7	219.638	-41.0852	178.553
99.72	224.701	-46.1616	178.539
99.74	226.476	-47.8919	178.584
99.76	225.415	-46.8277	178.587
99.78	225.234	-46.6423	178.592
99.8	226.636	-48.0663	178.57
99.82	228.607	-50.0455	178.561
99.84	226.867	-48.3227	178.545
99.86	222.064	-43.5031	178.561
99.88	221.249	-42.664	178.586
99.9	222.879	-44.2947	178.584
99.92	224.22	-45.6406	178.58
99.94	219.911	-41.3456	178.566
99.96	212.199	-33.6398	178.559
99.98	216.609	-38.08	178.529
100	221.574	-43.0523	178.522
100.02	224.923	-46.4159	178.507
100.04	226.946	-48.4332	178.513
100.06	226.684	-48.1619	178.522
100.08	221.922	-43.3895	178.532
100.1	213.307	-34.7685	178.539
100.12	212.265	-33.7466	178.518
100.14	216.599	-38.0909	178.508
100.16	222.472	-43.9956	178.476
100.18	223.689	-45.199	178.49
100.2	216.296	-37.8033	178.493
100.22	213.298	-34.8158	178.482
100.24	214.934	-36.4702	178.463
100.26	208.239	-29.7624	178.476
100.28	211.065	-32.5975	178.467
100.3	218.923	-40.4512	178.471
100.32	223.649	-45.1764	178.472
100.34	222.722	-44.2461	178.476
100.36	220.752	-42.2632	178.488
100.38	219.951	-41.4464	178.505
100.4	220.367	-41.8678	178.499
100.42	221.777	-43.2843	178.493
100.44	222.52	-44.0258	178.495
100.46	219.314	-40.8146	178.5
100.48	218.146	-39.653	178.493
100.5	218.895	-40.3854	178.51
100.52	221.502	-42.9913	178.51
100.54	225.523	-47.0435	178.479
100.56	225.779	-47.2948	178.484
100.58	220.849	-42.3499	178.499
100.6	212.922	-34.4355	178.487
100.62	207.596	-29.0891	178.507
100.64	207.435	-28.9163	178.519
100.66	217.392	-38.8959	178.496
100.68	223.521	-45.011	178.51
100.7	224.404	-45.8872	178.517
100.72	222.728	-44.191	178.537
100.74	222.709	-44.174	178.535
100.76	223.041	-44.4967	178.545
100.78	221.551	-43.0026	178.548
100.8	222.21	-43.7014	178.509
100.82	224.737	-46.229	178.508
100.84	226.036	-47.5303	178.505
100.86	223.295	-44.7944	178.501
100.88	218.668	-40.1473	178.521
100.9	218.74	-40.2289	178.511
100.92	224.731	-46.202	178.529
100.94	225.297	-46.7411	178.556
100.96	217.191	-38.6297	178.562
100.98	215.471	-36.8794	178.592
101	219	-40.4135	178.587
101.02	218.525	-39.9293	178.595
101.04	219.288	-40.6849	178.603
101.06	222.515	-43.9253	178.589
101.08	223.875	-45.2794	178.595
101.1	223.118	-44.5272	178.591
101.12	221.977	-43.3633	178.614
101.14	222.736	-44.143	178.593
101.16	225.714	-47.1338	178.58
101.18	227.266	-48.6586	178.607
101.2	226.187	-47.5805	178.607
101.22	222.337	-43.7135	178.623
101.24	216.019	-37.4104	178.608
101.26	207.596	-28.9824	178.613
101.28	210.277	-31.6469	178.63
101.3	218.154	-39.5236	178.63
101.32	220.175	-41.5371	178.638
101.34	218.366	-39.7342	178.632
101.36	218.586	-39.9388	178.648
101.38	220.3	-41.6496	178.65
101.4	219.046	-40.3943	178.652
101.42	212.101	-33.4504	178.651
101.44	208.92	-30.2601	178.66
101.46	215.867	-37.221	178.646
101.48	220.128	-41.5043	178.624
101.5	217.088	-38.4588	178.629
101.52	214.266	-35.6412	178.625
101.54	213.602	-35.0045	178.597
101.56	210.336	-31.7297	178.606
101.58	215.203	-36.6097	178.594
101.6	220.991	-42.3988	178.592
101.62	220.585	-41.9772	178.608
101.64	218.854	-40.2677	178.587
101.66	217.46	-38.8744	178.586
101.68	216.532	-37.9446	178.587
101.7	216.41	-37.8427	178.567
101.72	208.577	-30.009	178.568
101.74	202.539	-23.9508	178.588
101.76	217.013	-38.4702	178.542
101.78	225.672	-47.1196	178.552
101.8	225.19	-46.6341	178.556
101.82	220.63	-42.0639	178.567
101.84	219.948	-41.3987	178.549
101.86	222.37	-43.8126	178.557
101.88	222.917	-44.3489	178.568
101.9	221.577	-42.9918	178.585
101.92	219.799	-41.2373	178.561
101.94	215.3	-36.7341	178.566
101.96	207.704	-29.1095	178.594
101.98	211.151	-32.5321	178.619
102	222.109	-43.5272	178.582
102.02	225.72	-47.1522	178.567
102.04	221.879	-43.3021	178.577
102.06	221.811	-43.2423	178.568
102.08	223.639	-45.0668	178.572
102.1	222.159	-43.6016	178.557
102.12	215.754	-37.2169	178.537
102.14	218.34	-39.8144	178.526
102.16	222.117	-43.5705	178.546
102.18	225.164	-46.6218	178.542
102.2	223.531	-44.9741	178.557
102.22	221.397	-42.8739	178.523
102.24	223.982	-45.4596	178.523
102.26	224.31	-45.8008	178.509
102.28	219.345	-40.8089	178.536
102.3	217.708	-39.1755	178.533
102.32	222.208	-43.676	178.532
102.34	224.848	-46.3099	178.538
102.36	224.043	-45.5096	178.534
102.38	221.147	-42.617	178.53
102.4	218.59	-40.0628	178.527
102.42	217.014	-38.4736	178.54
102.44	222.913	-44.3889	178.524
102.46	224.677	-46.1874	178.489
102.48	217.437	-38.9552	178.481
102.5	215.843	-37.3519	178.491
102.52	223.025	-44.5455	178.48
102.54	223.804	-45.34	178.464
102.56	222.843	-44.3707	178.473
102.58	224.119	-45.6442	178.475
102.6	223.559	-45.0894	178.469
102.62	221.607	-43.1491	178.458
102.64	223.351	-44.8912	178.46
102.66	225.535	-47.0713	178.464
102.68	224.777	-46.2996	178.478
102.7	217.971	-39.4972	178.473
102.72	209.886	-31.4008	178.485
102.74	213.208	-34.7173	178.491
102.76	219.634	-41.1403	178.494
102.78	223.643	-45.1449	178.498
102.8	222.336	-43.8129	178.524
102.82	219.429	-40.9385	178.491
102.84	214.606	-36.1005	178.506
102.86	215.711	-37.2163	178.495
102.88	214.998	-36.4652	178.533
102.9	214.134	-35.6022	178.531
102.92	213.811	-35.2778	178.534
102.94	220.219	-41.6923	178.527
102.96	224.651	-46.1255	178.526
102.98	222.599	-44.0496	178.55
103	218.07	-39.4985	178.571
103.02	217.302	-38.7384	178.563
103.04	217.804	-39.2378	178.567
103.06	216.41	-37.8638	178.546
103.08	215.309	-36.7709	178.539
103.1	217.786	-39.2518	178.535
103.12	219.578	-41.0427	178.536
103.14	220.197	-41.6683	178.529
103.16	219.914	-41.3846	178.529
103.18	223.511	-44.9996	178.512
103.2	224.272	-45.7574	178.515
103.22	217.155	-38.6208	178.534
103.24	207.587	-29.0396	178.547
103.26	213.917	-35.382	178.535
103.28	218.856	-40.3396	178.516
103.3	218.99	-40.469	178.521
103.32	214.613	-36.0716	178.542
103.34	212.143	-33.5977	178.545
103.36	209.747	-31.1961	178.551
103.38	208.293	-29.7291	178.564
103.4	216.44	-37.8918	178.548
103.42	215.574	-37.0192	178.554
103.44	211.962	-33.3822	178.58
103.46	215.946	-37.3777	178.568
103.48	220.901	-42.3455	178.556
103.5	221.678	-43.1308	178.548
103.52	216.044	-37.5042	178.54
103.54	217.507	-38.9475	178.56
103.56	219.643	-41.0949	178.549
103.58	210.178	-31.6274	178.551
103.6	205.457	-26.9245	178.533
103.62	212.173	-33.609	178.564
103.64	215.953	-37.4223	178.531
103.66	214.363	-35.8534	178.51
103.68	215.977	-37.4606	178.516
103.7	221.079	-42.5572	178.522
103.72	222.174	-43.6228	178.551
103.74	220.178	-41.6198	178.558
103.76	218.287	-39.7487	178.538
103.78	218.512	-39.9858	178.526
103.8	214.328	-35.8019	178.526
103.82	212.758	-34.2263	178.532
103.84	215.454	-36.9096	178.544
103.86	218.03	-39.4838	178.546
103.88	222.064	-43.5194	178.544
103.9	223.581	-45.0369	178.544
103.92	219.894	-41.3357	178.559
103.94	207.776	-29.2108	178.565
103.96	209.211	-30.6555	178.556
103.98	217.033	-38.4628	178.57
104	215.761	-37.183	178.578
104.02	215.675	-37.0814	178.593
104.04	220.675	-42.0909	178.584
104.06	219.403	-40.8413	178.562
104.08	217.166	-38.5967	178.569
104.1	217.968	-39.4263	178.542
104.12	220.9	-42.3665	178.533
104.14	220.886	-42.3315	178.555
104.16	217.403	-38.8542	178.549
104.18	213.014	-34.4247	178.59
104.2	216.918	-38.3436	178.575
104.22	221.072	-42.5174	178.554
104.24	221.443	-42.8909	178.552
104.26	222.733	-44.1904	178.543
104.28	225.356	-46.8077	178.548
104.3	224.006	-45.4093	178.596
104.32	223.072	-44.4801	178.591
104.34	224.643	-46.055	178.588
104.36	224.942	-46.376	178.566
104.38	223.608	-45.063	178.545
104.4	222.819	-44.2661	178.553
104.42	224.084	-45.5347	178.549
104.44	223.066	-44.5332	178.532
104.46	218.855	-40.3295	178.525
104.48	216.03	-37.5029	178.527
104.5	211.883	-33.3541	178.528
104.52	214.335	-35.8402	178.494
104.54	225.338	-46.8525	178.485
104.56	229.403	-50.9228	178.48
104.58	229.99	-51.4959	178.494
104.6	224.409	-45.8964	178.512
104.62	218.31	-39.8003	178.51
104.64	223.196	-44.6831	178.513
104.66	223.024	-44.5087	178.515
104.68	224.163	-45.6426	178.52
104.7	225.558	-47.0598	178.498
104.72	220.917	-42.4429	178.474
104.74	216.092	-37.6019	178.491
104.76	218.148	-39.6772	178.47
104.78	218.363	-39.8981	178.465
104.8	220.969	-42.4825	178.487
104.82	225.252	-46.7639	178.488
104.84	223.949	-45.4633	178.486
104.86	221.671	-43.1864	178.485
104.88	223.307	-44.8337	178.473
104.9	222.224	-43.75	178.474
104.92	221.267	-42.8063	178.461
104.94	222.757	-44.2955	178.462
104.96	221.26	-42.7979	178.463
104.98	222.512	-44.0779	178.434
105	225.167	-46.7383	178.429
105.02	223.577	-45.1528	178.424
105.04	220.512	-42.0709	178.442
105.06	220.361	-41.9158	178.445
105.08	224.579	-46.1227	178.456
105.1	226.477	-48.0296	178.447
105.12	226.696	-48.266	178.43
105.14	224.521	-46.079	178.442
105.16	215.708	-37.282	178.426
105.18	206.524	-28.0926	178.432
105.2	213.976	-35.5617	178.414
105.22	227.886	-49.4781	178.408
105.24	233.275	-54.8527	178.422
105.26	231.28	-52.8724	178.408
105.28	225.438	-47.0591	178.379
105.3	222.168	-43.7496	178.418
105.32	223.151	-44.7413	178.41
105.34	224.704	-46.2933	178.411
105.36	221.982	-43.5419	178.44
105.38	218.897	-40.4262	178.471
105.4	219.189	-40.7279	178.461
105.42	214.369	-35.8741	178.495
105.44	221.485	-43.0154	178.47
105.46	223.932	-45.468	178.464
105.48	217.947	-39.4861	178.46
105.5	216.033	-37.5618	178.471
105.52	219.089	-40.6389	178.45
105.54	217.347	-38.9079	178.439
105.56	214.851	-36.3867	178.465
105.58	219.622	-41.175	178.446
105.6	222.434	-43.9815	178.452
105.62	221.765	-43.2832	178.481
105.64	220.77	-42.2609	178.509
105.66	219.455	-40.946	178.509
105.68	218.343	-39.8171	178.526
105.7	224.615	-46.0925	178.523
105.72	222.808	-44.2595	178.548
105.74	221.45	-42.8898	178.56
105.76	222.937	-44.3851	178.552
105.78	223.13	-44.5827	178.547
105.8	222.421	-43.8669	178.554
105.82	222.135	-43.5893	178.546
105.84	221.14	-42.6027	178.537
105.86	221.377	-42.8526	178.525
105.88	221.847	-43.3391	178.508
105.9	221.406	-42.8951	178.511
105.92	217.134	-38.6186	178.516
105.94	216.415	-37.8759	178.539
105.96	220.975	-42.4184	178.557
105.98	223.282	-44.7284	178.554
106	224.302	-45.7363	178.566
106.02	224.825	-46.2486	178.577
106.04	224.698	-46.1216	178.577
106.06	223.954	-45.3711	178.583
106.08	223.2	-44.6168	178.583
106.1	222.991	-44.4248	178.567
106.12	223.038	-44.483	178.555
106.14	222.712	-44.1626	178.549
106.16	221.914	-43.3428	178.571
106.18	221.097	-42.5257	178.571
106.2	220.887	-42.3315	178.555
106.22	222.005	-43.4454	178.559
106.24	222.786	-44.2332	178.552
106.26	222.539	-43.9847	178.554
106.28	223.247	-44.6957	178.551
106.3	224.098	-45.5641	178.534
106.32	227.14	-48.619	178.521
106.34	224.458	-45.9351	178.523
106.36	218.468	-39.9532	178.515
106.38	219.928	-41.4117	178.516
106.4	225.023	-46.5003	178.523
106.42	226.953	-48.4392	178.514
106.44	226.788	-48.2935	178.495
106.46	222.102	-43.6195	178.482
106.48	215.811	-37.3112	178.5
106.5	219.94	-41.452	178.488
106.52	223.22	-44.7189	178.501
106.54	223.899	-45.4008	178.498
106.56	224.691	-46.1728	178.518
106.58	223.575	-45.0611	178.514
106.6	222.396	-43.8871	178.509
106.62	221.912	-43.3953	178.517
106.64	218.625	-40.1026	178.523
106.66	215.531	-36.9934	178.537
106.68	221.83	-43.314	178.516
106.7	225.691	-47.175	178.516
106.72	222.344	-43.8144	178.529
106.74	217.694	-39.1624	178.532
106.76	220.473	-41.9566	178.517
106.78	221.222	-42.699	178.523
106.8	219.08	-40.5656	178.515
106.82	218.174	-39.6595	178.515
106.84	222.623	-44.1338	178.489
106.86	226.498	-48.0201	178.478
106.88	223.866	-45.3931	178.473
106.9	222.475	-43.9903	178.485
106.92	223.473	-44.9856	178.487
106.94	222.722	-44.2494	178.472
106.96	216.106	-37.6368	178.469
106.98	212.154	-33.6925	178.462
107	220.059	-41.6122	178.447
107.02	226.538	-48.1254	178.413
107.04	227.138	-48.7141	178.424
107.06	223.151	-44.7077	178.444
107.08	224.92	-46.4549	178.466
107.1	227.849	-49.3733	178.476
107.12	227.58	-49.0921	178.488
107.14	225.004	-46.5056	178.498
107.16	220.783	-42.2769	178.506
107.18	219.7	-41.2031	178.497
107.2	223.274	-44.7823	178.491
107.22	224.685	-46.2057	178.48
107.24	222.576	-44.0925	178.484
107.26	221.881	-43.3813	178.5
107.28	223.847	-45.3415	178.505
107.3	226.895	-48.3877	178.507
107.32	225.988	-47.4979	178.49
107.34	222.466	-43.9777	178.489
107.36	219.476	-41.0139	178.462
107.38	211.378	-32.8997	178.479
107.4	214.094	-35.624	178.47
107.42	219.834	-41.3659	178.468
107.44	222.224	-43.7526	178.471
107.46	223.006	-44.5277	178.478
107.48	224.215	-45.7534	178.461
107.5	225.893	-47.4497	178.444
107.52	226.186	-47.7541	178.432
107.54	223.929	-45.5298	178.399
107.56	220.084	-41.6734	178.41
107.58	216.492	-38.0867	178.406
107.6	216.895	-38.4892	178.406
107.62	219.766	-41.384	178.382
107.64	219.791	-41.4144	178.376
107.66	224.919	-46.5344	178.385
107.68	226.731	-48.3067	178.424
107.7	225.324	-46.881	178.443
107.72	222.79	-44.3348	178.455
107.74	219.284	-40.8164	178.468
107.76	220.451	-42.0245	178.426
107.78	219.38	-40.9599	178.42
107.8	223.669	-45.2594	178.41
107.82	228.551	-50.1531	178.398
107.84	230.046	-51.6314	178.414
107.86	227.742	-49.3653	178.377
107.88	223.868	-45.4826	178.385
107.9	222.301	-43.9019	178.399
107.92	221.119	-42.7431	178.376
107.94	219.336	-40.935	178.401
107.96	221.729	-43.3162	178.413
107.98	228.423	-50.0373	178.386
108	231.703	-53.3344	178.369
108.02	229.091	-50.7283	178.362
108.04	223.335	-44.9708	178.364
108.06	225.391	-47.0417	178.349
108.08	229.44	-51.0879	178.352
108.1	228.777	-50.4164	178.361
108.12	226.323	-47.9472	178.376
108.14	222.663	-44.2826	178.38
108.16	224.063	-45.6723	178.39
108.18	228.527	-50.1443	178.382
108.2	227.894	-49.5202	178.374
108.22	228.673	-50.3037	178.369
108.24	227.742	-49.3855	178.356
108.26	226.465	-48.0847	178.38
108.28	222.336	-43.9365	178.4
108.3	220.085	-41.6961	178.389
108.32	221.142	-42.7577	178.384
108.34	218.128	-39.7278	178.401
108.36	216.36	-37.957	178.403
108.38	223.255	-44.8748	178.38
108.4	228.034	-49.647	178.387
108.42	230.503	-52.1164	178.387
108.44	229.337	-50.9622	178.375
108.46	224.393	-46.0348	178.358
108.48	223.531	-45.1955	178.336
108.5	226.676	-48.3394	178.337
108.52	227.468	-49.1451	178.323
108.54	227.904	-49.5897	178.314
108.56	223.513	-45.2151	178.297
108.58	221.965	-43.6468	178.319
108.6	228.087	-49.7503	178.336
108.62	230.169	-51.8433	178.326
108.64	227.229	-48.893	178.336
108.66	220.64	-42.2839	178.356
108.68	216.272	-37.9214	178.351
108.7	217.142	-38.7812	178.361
108.72	222.14	-43.7781	178.361
108.74	220.89	-42.5239	178.366
108.76	226.318	-47.9244	178.394
108.78	228.138	-49.7259	178.412
108.8	230.24	-51.8463	178.393
108.82	230.704	-52.3183	178.386
108.84	226.307	-47.9255	178.381
108.86	219.627	-41.233	178.394
108.88	215.514	-37.114	178.4
108.9	217.051	-38.6578	178.393
108.92	220.997	-42.6078	178.39
108.94	223.693	-45.305	178.388
108.96	227.073	-48.6786	178.395
108.98	224.075	-45.6726	178.402
109	222.946	-44.5312	178.415
109.02	229.327	-50.93	178.397
109.04	231.167	-52.7618	178.406
109.06	231.071	-52.6554	178.416
109.08	228.748	-50.3337	178.414
109.1	222.71	-44.2719	178.438
109.12	215.396	-36.9491	178.447
109.14	220.264	-41.8318	178.432
109.16	225.059	-46.6146	178.444
109.18	230.616	-52.1864	178.43
109.2	232.857	-54.424	178.433
109.22	228.275	-49.8312	178.444
109.24	226.355	-47.9031	178.452
109.26	225.758	-47.3192	178.439
109.28	220.684	-42.2428	178.441
109.3	213.619	-35.1763	178.442
109.32	205.424	-26.9669	178.457
109.34	205.091	-26.6504	178.441
109.36	211.696	-33.2694	178.427
109.38	227.783	-49.3662	178.417
109.4	230.512	-52.0958	178.416
109.42	226.604	-48.1675	178.436
109.44	227.231	-48.7767	178.454
109.46	229.705	-51.2671	178.438
109.48	229.841	-51.4084	178.432
109.5	217.389	-38.8933	178.496
109.52	232.639	-54.1998	178.439
109.54	236.456	-57.9879	178.468
109.56	233.055	-54.5843	178.471
109.58	222.929	-44.444	178.485
109.6	216.839	-38.3769	178.462
109.62	225.04	-46.5697	178.47
109.64	230.615	-52.1223	178.493
109.66	229.437	-50.9623	178.475
109.68	221.324	-42.8139	178.51
109.7	217.836	-39.3377	178.498
109.72	220.464	-41.979	178.485
109.74	223.904	-45.4342	178.47
109.76	223.385	-44.8797	178.505
109.78	223.211	-44.694	178.517
109.8	228.36	-49.8429	178.517
109.82	230.161	-51.6276	178.534
109.84	227.052	-48.5126	178.539
109.86	225.21	-46.6795	178.531
109.88	231.105	-52.6177	178.488
109.9	231.271	-52.7824	178.489
109.92	225.606	-47.0875	178.519
109.94	220.797	-42.2995	178.497
109.96	215.104	-36.6111	178.493
109.98	214.706	-36.2068	178.499
110	218.935	-40.4484	178.486
110.02	225.333	-46.8531	178.48
110.04	229.734	-51.2754	178.458
110.06	230.821	-52.3675	178.453
110.08	228.918	-50.4584	178.459
110.1	225.069	-46.5999	178.469
110.12	220.209	-41.7735	178.436
110.14	221.386	-42.9863	178.4
110.16	225.369	-46.9518	178.417
110.18	225.235	-46.8414	178.394
110.2	225.251	-46.8511	178.4
110.22	226.626	-48.241	178.385
110.24	224.901	-46.4969	178.404
110.26	222.535	-44.108	178.427
110.28	223.036	-44.5967	178.439
110.3	226.374	-47.9273	178.447
110.32	228.333	-49.8917	178.441
110.34	227.116	-48.6924	178.423
110.36	224.316	-45.8857	178.431
110.38	227.585	-49.1577	178.427
110.4	226.75	-48.332	178.418
110.42	219.485	-41.0666	178.419
110.44	218.074	-39.6538	178.42
110.46	221.144	-42.728	178.416
110.48	226.141	-47.7286	178.412
110.5	228.181	-49.7641	178.417
110.52	230.522	-52.1195	178.403
110.54	229.081	-50.7015	178.379
110.56	221.959	-43.5778	178.381
110.58	217.206	-38.819	178.387
110.6	224.942	-46.5707	178.371
110.62	228.114	-49.7394	178.374
110.64	224.651	-46.2663	178.385
110.66	214.113	-35.7035	178.409
110.68	216.014	-37.6187	178.396
110.7	217.038	-38.6145	178.423
110.72	221.179	-42.7609	178.418
110.74	220.534	-42.1265	178.407
110.76	210.318	-31.8929	178.425
110.78	217.66	-39.2255	178.435
110.8	225.247	-46.8254	178.422
110.82	222.692	-44.2541	178.438
110.84	220.474	-42.0006	178.474
110.86	218.283	-39.8003	178.483
110.88	218.42	-39.9215	178.499
110.9	220.635	-42.1269	178.509
110.92	222.277	-43.7674	178.51
110.94	223.398	-44.8877	178.51
110.96	224.132	-45.6217	178.51
110.98	224.348	-45.8228	178.525
111	222.112	-43.5798	178.532
111.02	217.602	-39.0398	178.562
111.04	222.678	-44.1305	178.548
111.06	224.103	-45.5326	178.57
111.08	217.328	-38.7929	178.535
111.1	206.554	-27.9968	178.557
111.12	211.335	-32.7936	178.541
111.14	221.437	-42.8913	178.546
111.16	224.36	-45.8083	178.552
111.18	225.024	-46.4764	178.548
111.2	225.391	-46.8602	178.531
111.22	223.771	-45.246	178.525
111.24	220.174	-41.6387	178.535
111.26	215.336	-36.8104	178.526
111.28	211.832	-33.3006	178.532
111.3	208.672	-30.1249	178.548
111.32	216.064	-37.53	178.534
111.34	224.95	-46.3843	178.565
111.36	228.522	-49.9477	178.574
111.38	229.325	-50.7664	178.559
111.4	228.16	-49.6134	178.546
111.42	223.569	-45.0342	178.535
111.44	217.802	-39.2572	178.544
111.46	216.223	-37.6934	178.53
111.48	217.22	-38.6656	178.554
111.5	221.054	-42.497	178.557
111.52	223.279	-44.7391	178.54
111.54	222.394	-43.8463	178.548
111.56	221.826	-43.2869	178.539
111.58	224.265	-45.7491	178.516
111.6	227.016	-48.4964	178.52
111.62	227.449	-48.9241	178.525
111.64	224.877	-46.3676	178.509
111.66	221.287	-42.7723	178.515
111.68	217.51	-39.0267	178.484
111.7	212.024	-33.5541	178.47
111.72	212.458	-33.9742	178.483
111.74	215.697	-37.2084	178.489
111.76	217.681	-39.1775	178.504
111.78	219.96	-41.4665	178.493
111.8	214.365	-35.8554	178.51
111.82	216.771	-38.273	178.498
111.84	217.912	-39.4027	178.51
111.86	215.89	-37.37	178.52
111.88	216.862	-38.3418	178.52
111.9	218.809	-40.2798	178.529
111.92	218.575	-40.061	178.514
111.94	216.563	-38.0423	178.521
111.96	216.256	-37.7212	178.534
111.98	219.461	-40.915	178.546
112	220.846	-42.3043	178.542
112.02	220.758	-42.219	178.539
112.04	222.187	-43.6329	178.554
112.06	223.861	-45.2977	178.563
112.08	222.924	-44.3581	178.566
112.1	217.535	-38.9862	178.549
112.12	209.748	-31.1903	178.558
112.14	207.584	-29.0296	178.554
112.16	213.059	-34.5073	178.552
112.18	215.415	-36.8484	178.567
112.2	215.692	-37.1539	178.538
112.22	218.543	-40.012	178.531
112.24	221.774	-43.2563	178.518
112.26	221.444	-42.9378	178.506
112.28	217.039	-38.5534	178.486
112.3	212.397	-33.8973	178.5
112.32	213.602	-35.1001	178.502
112.34	221.259	-42.7662	178.493
112.36	224.001	-45.5117	178.489
112.38	221.298	-42.8104	178.488
112.4	219.046	-40.5471	178.499
112.42	218.178	-39.6861	178.492
112.44	217.587	-39.0996	178.487
112.46	217.854	-39.3743	178.48
112.48	217.347	-38.8605	178.486
112.5	216.553	-38.0444	178.508
112.52	215.896	-37.3968	178.499
112.54	217.67	-39.1708	178.499
112.56	221.884	-43.3823	178.502
112.58	223.504	-45.0313	178.472
112.6	221.217	-42.7417	178.476
112.62	223.731	-45.2331	178.498
112.64	225.915	-47.4118	178.503
112.66	225.04	-46.5323	178.508
112.68	220.265	-41.7762	178.489
112.7	211.774	-33.2917	178.482
112.72	208.45	-29.9654	178.485
112.74	208.209	-29.7201	178.489
112.76	216.699	-38.1941	178.505
112.78	223.071	-44.5323	178.539
112.8	223.975	-45.4491	178.526
112.82	223.615	-45.0948	178.521
112.84	223.154	-44.6316	178.523
112.86	224.623	-46.0946	178.528
112.88	221.498	-42.9736	178.524
112.9	214.14	-35.5748	178.565
112.92	222.749	-44.2073	178.542
112.94	222.856	-44.3085	178.548
112.96	216.653	-38.111	178.542
112.98	212.311	-33.7449	178.566
113	220.288	-41.7278	178.561
113.02	222.368	-43.8044	178.563
113.04	222.773	-44.205	178.568
113.06	221.702	-43.1565	178.545
113.08	217.787	-39.2496	178.538
113.1	211.197	-32.6693	178.528
113.12	214.836	-36.2946	178.541
113.14	220.025	-41.4833	178.542
113.16	219.545	-41.0002	178.544
113.18	221.313	-42.7793	178.534
113.2	219.516	-40.9851	178.531
113.22	215.556	-37.0324	178.524
113.24	222.248	-43.701	178.547
113.26	224.924	-46.3719	178.552
113.28	223.402	-44.8385	178.564
113.3	219.467	-40.9143	178.553
113.32	215.668	-37.1146	178.553
113.34	218.197	-39.6507	178.547
113.36	219.744	-41.1823	178.561
113.38	215.716	-37.1293	178.587
113.4	220.747	-42.1756	178.571
113.42	224.203	-45.6464	178.557
113.44	220.185	-41.6176	178.567
113.46	220.502	-41.9314	178.571
113.48	224.71	-46.1318	178.578
113.5	225.564	-47.0011	178.563
113.52	224.276	-45.7099	178.566
113.54	224.19	-45.6419	178.549
113.56	224.491	-45.9609	178.53
113.58	223.134	-44.6072	178.527
113.6	223.596	-45.03	178.566
113.62	226.734	-48.1707	178.563
113.64	227.876	-49.326	178.55
113.66	224.495	-45.9386	178.556
113.68	219.222	-40.6534	178.569
113.7	220.654	-42.0785	178.576
113.72	225.105	-46.548	178.557
113.74	227.019	-48.4404	178.579
113.76	226.254	-47.6645	178.59
113.78	224.499	-45.9037	178.596
113.8	227.883	-49.3194	178.563
113.82	231.269	-52.6795	178.59
113.84	231.372	-52.7706	178.602
113.86	228.95	-50.3605	178.589
113.88	222.89	-44.3222	178.568
113.9	216.208	-37.6396	178.568
113.92	216.649	-38.0565	178.593
113.94	222.131	-43.5523	178.578
113.96	226.741	-48.1633	178.578
113.98	228.257	-49.6662	178.591
114	228.381	-49.7964	178.585
114.02	225.84	-47.2748	178.566
114.04	219.8	-41.2251	178.575
114.06	215.752	-37.1984	178.553
114.08	216.729	-38.1674	178.562
114.1	218.755	-40.1895	178.566
114.12	219.08	-40.5188	178.561
114.14	218.738	-40.2016	178.536
114.16	218.136	-39.602	178.534
114.18	215.56	-37.0081	178.552
114.2	213.916	-35.3485	178.567
114.22	216.518	-37.9702	178.548
114.24	217.441	-38.8849	178.556
114.26	221.986	-43.4445	178.541
114.28	219.28	-40.7509	178.53
114.3	207.478	-28.9423	178.536
114.32	215.72	-37.2057	178.514
114.34	220.947	-42.4092	178.538
114.36	216.022	-37.4811	178.54
114.38	216.736	-38.2216	178.514
114.4	216.379	-37.8651	178.514
114.42	217.07	-38.5515	178.519
114.44	218.913	-40.3794	178.534
114.46	219.188	-40.6235	178.565
114.48	221.237	-42.6791	178.558
114.5	223.391	-44.8377	178.553
114.52	225.07	-46.5177	178.553
114.54	226.029	-47.4951	178.534
114.56	223.849	-45.3294	178.52
114.58	216.15	-37.6299	178.52
114.6	213.479	-34.9643	178.515
114.62	217.04	-38.5338	178.506
114.64	215.563	-37.0699	178.493
114.66	212.977	-34.4804	178.496
114.68	217.144	-38.6461	178.498
114.7	226.021	-47.4963	178.525
114.72	225.125	-46.5896	178.535
114.74	224.024	-45.46	178.564
114.76	224.349	-45.7846	178.565
114.78	221.046	-42.4848	178.561
114.8	220.933	-42.3749	178.558
114.82	221.563	-43.0117	178.551
114.84	220.964	-42.4042	178.56
114.86	222.69	-44.1133	178.576
114.88	226.408	-47.847	178.561
114.9	226.147	-47.6089	178.538
114.92	219.711	-41.1892	178.522
114.94	215.048	-36.5282	178.52
114.96	219.66	-41.1404	178.52
114.98	219.9	-41.3981	178.502
115	217.806	-39.3231	178.483
115.02	212.884	-34.3779	178.506
115.04	211.846	-33.3421	178.504
115.06	218.177	-39.6733	178.504
115.08	223.267	-44.7496	178.518
115.1	225.918	-47.4008	178.517
115.12	223.949	-45.4116	178.537
115.14	222.007	-43.4726	178.534
115.16	222.734	-44.2212	178.513
115.18	220.959	-42.4388	178.52
115.2	213.347	-34.8321	178.515
115.22	209.05	-30.535	178.515
115.24	211.982	-33.4735	178.508
115.26	217.119	-38.6441	178.475
115.28	215.711	-37.2205	178.49
115.3	213.637	-35.1477	178.489
115.32	216.51	-37.9851	178.525
115.34	220.869	-42.3555	178.513
115.36	223.474	-44.9664	178.508
115.38	223.1	-44.5844	178.515
115.4	221.716	-43.1827	178.533
115.42	221.052	-42.5189	178.533
115.44	221.581	-43.0487	178.533
115.46	222.249	-43.7119	178.537
115.48	222.2	-43.6354	178.565
115.5	221.709	-43.1508	178.558
115.52	219.813	-41.2517	178.561
115.54	214.307	-35.7696	178.537
115.56	211.966	-33.417	178.549
115.58	215.557	-37.0104	178.546
115.6	219.936	-41.3734	178.562
115.62	223.178	-44.598	178.58
115.64	225.469	-46.8991	178.569
115.66	226.581	-48.011	178.57
115.68	226.77	-48.201	178.569
115.7	224.551	-45.9908	178.56
115.72	218.776	-40.1755	178.601
115.74	219.227	-40.6433	178.584
115.76	222.143	-43.5639	178.579
115.78	224.018	-45.4417	178.576
115.8	222.863	-44.2599	178.603
115.82	222.596	-43.9986	178.598
115.84	223.825	-45.2367	178.589
115.86	222.211	-43.6067	178.604
115.88	217.74	-39.122	178.618
115.9	215.522	-36.9068	178.616
115.92	220.289	-41.6668	178.622
115.94	225.675	-47.081	178.594
115.96	226.309	-47.7079	178.601
115.98	224.395	-45.7957	178.599
116	224.386	-45.7989	178.587
116.02	225.641	-47.0849	178.556
116.04	224.022	-45.4708	178.551
116.06	220.494	-41.9488	178.545
116.08	221.374	-42.8486	178.526
116.1	223.751	-45.242	178.509
116.12	220.066	-41.5573	178.509
116.14	212.914	-34.3991	178.515
116.16	209.656	-31.1311	178.525
116.18	215.48	-36.9889	178.491
116.2	210.33	-31.8302	178.5
116.22	221.115	-42.6582	178.457
116.24	223.566	-45.0718	178.494
116.26	221.665	-43.1657	178.5
116.28	222.749	-44.253	178.496
116.3	223.356	-44.8423	178.513
116.32	222.563	-44.0873	178.475
116.34	217.445	-38.961	178.484
116.36	218.204	-39.7444	178.459
116.38	223.306	-44.8439	178.462
116.4	225.892	-47.4474	178.445
116.42	223.571	-45.1268	178.444
116.44	218.009	-39.5656	178.443
116.46	221.313	-42.8861	178.427
116.48	223.656	-45.2187	178.437
116.5	219.95	-41.5053	178.445
116.52	220.969	-42.4957	178.473
116.54	227.508	-49.0309	178.478
116.56	230.05	-51.572	178.478
116.58	227.623	-49.1484	178.475
116.6	224.189	-45.7174	178.472
116.62	221.858	-43.3811	178.477
116.64	212.12	-33.5925	178.527
116.66	225.25	-46.728	178.522
116.68	226.325	-47.7918	178.533
116.7	223.426	-44.9244	178.501
116.72	220.479	-41.968	178.512
116.74	219.401	-40.9019	178.499
116.76	223.009	-44.5278	178.481
116.78	223.915	-45.4574	178.458
116.8	219.4	-40.9589	178.441
116.82	217.209	-38.7687	178.44
116.84	222.445	-44.0243	178.42
116.86	223.941	-45.5068	178.434
116.88	223.055	-44.6085	178.446
116.9	226.791	-48.349	178.442
116.92	230.629	-52.1883	178.441
116.94	231.287	-52.8302	178.457
116.96	227.071	-48.6124	178.458
116.98	215.875	-37.3877	178.487
117	206.207	-27.7147	178.492
117.02	211.397	-32.9075	178.49
117.04	217.804	-39.2961	178.508
117.06	221.215	-42.7231	178.492
117.08	220.342	-41.8561	178.485
117.1	214.45	-35.9685	178.482
117.12	214.401	-35.9122	178.489
117.14	222.418	-43.9209	178.497
117.16	226.12	-47.6364	178.483
117.18	225.195	-46.7431	178.452
117.2	221.37	-42.9198	178.45
117.22	216.286	-37.8326	178.453
117.24	219.088	-40.6368	178.451
117.26	221.349	-42.8949	178.454
117.28	220.091	-41.6297	178.461
117.3	220.882	-42.408	178.475
117.32	217.221	-38.7051	178.515
117.34	217.392	-38.8967	178.496
117.36	219.057	-40.5438	178.513
117.38	217.827	-39.3116	178.515
117.4	213.859	-35.355	178.504
117.42	218.877	-40.3854	178.491
117.44	225.634	-47.1204	178.514
117.46	223.948	-45.4219	178.526
117.48	221.861	-43.3246	178.537
117.5	221.193	-42.6495	178.544
117.52	223.199	-44.6644	178.534
117.54	223.406	-44.8817	178.525
117.56	222.635	-44.1189	178.516
117.58	223.273	-44.7533	178.52
117.6	223.456	-44.9591	178.497
117.62	222.181	-43.6788	178.503
117.64	219.983	-41.4714	178.511
117.66	216.425	-37.9248	178.501
117.68	218.876	-40.396	178.48
117.7	223.195	-44.7095	178.485
117.72	225.619	-47.1427	178.476
117.74	227.119	-48.6383	178.48
117.76	226.084	-47.6062	178.478
117.78	221.077	-42.6297	178.447
117.8	222.844	-44.4186	178.425
117.82	227.169	-48.7452	178.424
117.84	227.863	-49.4306	178.432
117.86	227.316	-48.9013	178.415
117.88	225.163	-46.7665	178.397
117.9	221.004	-42.6032	178.401
117.92	221.156	-42.7507	178.406
117.94	224.446	-46.0301	178.416
117.96	223.361	-44.9575	178.403
117.98	222.11	-43.7163	178.394
118	222.136	-43.7371	178.399
118.02	218.259	-39.8389	178.42
118.04	227.139	-48.7171	178.422
118.06	230.943	-52.5227	178.42
118.08	225.922	-47.5198	178.403
118.1	213.943	-35.5111	178.432
118.12	226.19	-47.7976	178.392
118.14	233.345	-54.9527	178.393
118.16	233.007	-54.6039	178.403
118.18	231.521	-53.1251	178.396
118.2	228.614	-50.1978	178.416
118.22	227.993	-49.5787	178.414
118.24	222.597	-44.1751	178.422
118.26	217.364	-38.9117	178.452
118.28	217.936	-39.4863	178.449
118.3	225.002	-46.5719	178.43
118.32	229.085	-50.6616	178.423
118.34	229.795	-51.3709	178.424
118.36	229.334	-50.9133	178.421
118.38	229.735	-51.3316	178.403
118.4	229.372	-50.9721	178.399
118.42	224.476	-46.0656	178.41
118.44	222.087	-43.6582	178.429
118.46	225.287	-46.8812	178.406
118.48	226.24	-47.8218	178.418
118.5	225.812	-47.3904	178.421
118.52	227.029	-48.6102	178.418
118.54	226.306	-47.8759	178.431
118.56	224.576	-46.145	178.431
118.58	223.426	-44.9823	178.444
118.6	224.161	-45.7028	178.459
118.62	224.387	-45.9138	178.473
118.64	222.111	-43.6283	178.483
118.66	221.86	-43.3948	178.465
118.68	222.683	-44.2299	178.453
118.7	222.593	-44.149	178.444
118.72	222.881	-44.4258	178.456
118.74	224.424	-45.9472	178.477
118.76	225.976	-47.494	178.482
118.78	226.871	-48.3939	178.477
118.8	227.512	-49.019	178.493
118.82	226.967	-48.4737	178.494
118.84	221.415	-42.9194	178.496
118.86	216.685	-38.1876	178.497
118.88	216.867	-38.3817	178.485
118.9	218.589	-40.1048	178.484
118.92	220.087	-41.6071	178.48
118.94	221.251	-42.7755	178.476
118.96	220.305	-41.8056	178.499
118.98	222.719	-44.2198	178.499
119	223.662	-45.1848	178.477
119.02	226.158	-47.6615	178.496
119.04	226.959	-48.4839	178.475
119.06	225.698	-47.2175	178.48
119.08	222.95	-44.4761	178.474
119.1	219.747	-41.2568	178.491
119.12	222.805	-44.2971	178.508
119.14	226.648	-48.1474	178.5
119.16	222.015	-43.5083	178.507
119.18	221.812	-43.3327	178.48
119.2	224.013	-45.5415	178.472
119.22	223.02	-44.5506	178.469
119.24	218.2	-39.7279	178.473
119.26	217.051	-38.582	178.469
119.28	225.895	-47.4324	178.462
119.3	230.081	-51.623	178.458
119.32	226.191	-47.7326	178.459
119.34	216.553	-38.0768	178.477
119.36	209.237	-30.74	178.497
119.38	213.426	-34.9299	178.496
119.4	220.468	-41.9808	178.487
119.42	226.988	-48.4793	178.509
119.44	228.594	-50.1029	178.491
119.46	228.544	-50.0708	178.473
119.48	225.288	-46.8385	178.45
119.5	219.74	-41.249	178.491
119.52	221.464	-42.9744	178.489
119.54	223.804	-45.3148	178.489
119.56	223.325	-44.8067	178.518
119.58	222.089	-43.5644	178.525
119.6	221.007	-42.4951	178.512
119.62	218.335	-39.8071	178.528
119.64	214.74	-36.2143	178.526
119.66	218.621	-40.0985	178.523
119.68	225.087	-46.554	178.533
119.7	224.661	-46.0994	178.562
119.72	228.122	-49.5859	178.536
119.74	226.653	-48.1152	178.538
119.76	220.02	-41.496	178.524
119.78	213.607	-35.087	178.52
119.8	209.992	-31.4791	178.513
119.82	210.709	-32.1912	178.518
119.84	220.75	-42.2288	178.521
119.86	230.011	-51.4877	178.524
119.88	230.931	-52.4094	178.521
119.9	227.089	-48.5791	178.51
119.92	226.137	-47.623	178.514
119.94	226.662	-48.1759	178.486
119.96	221.466	-42.9795	178.486
119.98	213.525	-35.0195	178.506
120	214.974	-36.4762	178.498
120.02	223.451	-44.9542	178.497
120.04	226.622	-48.1349	178.487
120.06	224.73	-46.2581	178.472
120.08	226.113	-47.631	178.482
120.1	230.061	-51.5815	178.479
120.12	231.654	-53.1815	178.473
120.14	228.782	-50.3048	178.477
120.16	221.564	-43.0865	178.477
120.18	212.542	-34.0665	178.475
120.2	206.365	-27.8827	178.483
120.22	216.47	-38.0172	178.453
120.24	217.58	-39.1236	178.456
120.26	217.772	-39.3232	178.449
120.28	223.489	-45.0555	178.433
120.3	225.804	-47.3673	178.437
120.32	226.932	-48.4687	178.463
120.34	225.416	-46.9593	178.457
120.36	220.581	-42.1051	178.476
120.38	217.473	-38.995	178.478
120.4	219.031	-40.5545	178.477
120.42	217.199	-38.7208	178.478
120.44	215.16	-36.6468	178.513
120.46	220.425	-41.9768	178.448
120.48	214.817	-36.3387	178.478
120.5	220.776	-42.3167	178.459
120.52	226.785	-48.3079	178.477
120.54	227.812	-49.3372	178.475
120.56	227.275	-48.7991	178.475
120.58	226.108	-47.6355	178.472
120.6	221.918	-43.4356	178.482
120.62	221.178	-42.6975	178.481
120.64	223.659	-45.1763	178.482
120.66	223.01	-44.5104	178.499
120.68	217.539	-39.0267	178.512
120.7	222.025	-43.5363	178.489
120.72	229.717	-51.2356	178.481
120.74	226.421	-47.9426	178.478
120.76	215.106	-36.6128	178.493
120.78	213.69	-35.216	178.474
120.8	218.807	-40.3318	178.476
120.82	223.15	-44.6878	178.462
120.84	226.274	-47.8015	178.473
120.86	227.076	-48.5967	178.479
120.88	226.559	-48.0847	178.475
120.9	225.396	-46.8959	178.5
120.92	224.18	-45.6848	178.495
120.94	227.796	-49.3013	178.494
120.96	229.285	-50.7984	178.486
120.98	223.83	-45.3561	178.474
121	214.601	-36.1151	178.486
121.02	216.556	-38.0824	178.473
121.04	222.418	-43.9324	178.485
121.06	223.349	-44.8641	178.485
121.08	223.847	-45.362	178.485
121.1	224.33	-45.8297	178.5
121.12	222.108	-43.613	178.495
121.14	219.13	-40.631	178.499
121.16	220.305	-41.8023	178.503
121.18	223.032	-44.5322	178.5
121.2	222.759	-44.2642	178.495
121.22	220.116	-41.6073	178.509
121.24	219.569	-41.0617	178.507
121.26	219.707	-41.1836	178.524
121.28	219.258	-40.738	178.52
121.3	219.614	-41.0839	178.53
121.32	219.39	-40.8547	178.536
121.34	219.106	-40.5481	178.558
121.36	219.69	-41.1219	178.568
121.38	220.482	-41.9067	178.576
121.4	223.103	-44.5183	178.584
121.42	224.931	-46.3744	178.556
121.44	224.091	-45.5401	178.551
121.46	221.874	-43.331	178.543
121.48	221.488	-42.9519	178.536
121.5	221.97	-43.4294	178.541
121.52	222.41	-43.8698	178.54
121.54	221.654	-43.094	178.559
121.56	217.379	-38.8037	178.575
121.58	213.518	-34.9363	178.582
121.6	217.036	-38.4543	178.581
121.62	220.309	-41.7368	178.572
121.64	225.431	-46.8847	178.546
121.66	225.151	-46.6022	178.549
121.68	222.287	-43.7342	178.553
121.7	222.29	-43.7383	178.552
121.72	223.851	-45.2878	178.564
121.74	220.607	-42.0249	178.582
121.76	227.521	-48.9384	178.582
121.78	229.878	-51.2842	178.593
121.8	228.502	-49.9333	178.569
121.82	227.533	-49.004	178.529
121.84	226.252	-47.7451	178.507
121.86	224.715	-46.2342	178.48
121.88	224.627	-46.118	178.509
121.9	227.084	-48.6007	178.483
121.92	226.232	-47.7691	178.463
121.94	208.238	-29.7317	178.506
121.96	215.76	-37.2966	178.463
121.98	222.117	-43.6457	178.471
122	225.444	-46.9381	178.506
122.02	227.189	-48.6988	178.49
122.04	227.815	-49.3317	178.484
122.06	225.514	-47.0671	178.447
122.08	223.123	-44.6887	178.434
122.1	225.066	-46.6341	178.432
122.12	229.106	-50.6763	178.43
122.14	231.159	-52.739	178.42
122.16	230.869	-52.4489	178.42
122.18	229.006	-50.5907	178.415
122.2	226.898	-48.4759	178.422
122.22	226.849	-48.4279	178.421
122.24	227.74	-49.3044	178.435
122.26	226.476	-48.0346	178.441
122.28	223.897	-45.4359	178.461
122.3	223.872	-45.407	178.465
122.32	225.988	-47.5345	178.453
122.34	228.012	-49.5645	178.448
122.36	229.067	-50.6201	178.447
122.38	227.462	-49.0104	178.451
122.4	217.347	-38.8752	178.472
122.42	212.826	-34.3487	178.477
122.44	213.427	-34.9541	178.473
122.46	216.047	-37.5885	178.458
122.48	221.108	-42.6504	178.457
122.5	223.465	-45.0029	178.462
122.52	225.747	-47.3028	178.444
122.54	224.885	-46.4445	178.441
122.56	222.857	-44.4269	178.431
122.58	221.29	-42.8695	178.42
122.6	221.465	-43.0571	178.408
122.62	221.783	-43.3539	178.429
122.64	221.905	-43.4749	178.43
122.66	222.249	-43.8083	178.441
122.68	223.165	-44.732	178.433
122.7	222.208	-43.7853	178.423
122.72	219.52	-41.1052	178.415
122.74	218.401	-39.9878	178.413
122.76	216.159	-37.7353	178.424
122.78	211.642	-33.21	178.432
122.8	217.917	-39.4674	178.449
122.82	224.213	-45.7598	178.453
122.84	224.076	-45.6491	178.427
122.86	219.463	-41.0305	178.433
122.88	218.555	-40.1213	178.433
122.9	222.007	-43.5742	178.433
122.92	223.896	-45.4473	178.449
122.94	226.947	-48.5066	178.44
122.96	227.555	-49.0924	178.462
122.98	224.985	-46.5433	178.442
123	222.139	-43.6904	178.448
123.02	220.853	-42.4118	178.441
123.04	221.068	-42.6089	178.459
123.06	222.995	-44.5267	178.468
123.08	224.833	-46.3908	178.442
123.1	226.724	-48.2835	178.44
123.12	226.388	-47.9565	178.431
123.14	225.886	-47.4496	178.436
123.16	224.733	-46.309	178.424
123.18	222.395	-43.9673	178.427
123.2	222.665	-44.2242	178.441
123.22	222.683	-44.2512	178.432
123.24	218.977	-40.5108	178.466
123.26	215.295	-36.8255	178.469
123.28	217.106	-38.6658	178.44
123.3	219.637	-41.203	178.434
123.32	221.779	-43.309	178.47
123.34	219.172	-40.6867	178.486
123.36	218.698	-40.2299	178.468
123.38	214.335	-35.8507	178.484
123.4	216.792	-38.3231	178.469
123.42	221.903	-43.457	178.446
123.44	225.079	-46.6271	178.452
123.46	226.164	-47.7376	178.427
123.48	226.642	-48.2317	178.411
123.5	226.782	-48.4175	178.365
123.52	224.344	-45.9812	178.363
123.54	218.757	-40.3879	178.369
123.56	218.757	-40.3951	178.362
123.58	222.884	-44.5136	178.37
123.6	225.147	-46.7871	178.36
123.62	225.486	-47.0933	178.392
123.64	223.923	-45.5184	178.405
123.66	222.755	-44.3486	178.406
123.68	223.867	-45.4622	178.405
123.7	220.532	-42.1341	178.398
123.72	212.744	-34.3222	178.422
123.74	209.982	-31.5509	178.431
123.76	218.697	-40.2679	178.429
123.78	223.178	-44.765	178.413
123.8	224.902	-46.4889	178.414
123.82	225.028	-46.6171	178.411
123.84	225.82	-47.3846	178.436
123.86	224.721	-46.3028	178.418
123.88	220.637	-42.2209	178.416
123.9	214.327	-35.9142	178.413
123.92	216.017	-37.5984	178.419
123.94	220.785	-42.3671	178.418
123.96	218.421	-39.9795	178.441
123.98	216.297	-37.8654	178.432
124	216.662	-38.2395	178.422
124.02	215.642	-37.2017	178.44
124.04	215.714	-37.2683	178.445
124.06	216.041	-37.6094	178.431
124.08	214.767	-36.3286	178.438
124.1	218.489	-40.0589	178.43
124.12	223.165	-44.6929	178.472
124.14	224.206	-45.7353	178.471
124.16	225.013	-46.5388	178.474
124.18	224.33	-45.8612	178.469
124.2	222.243	-43.7561	178.486
124.22	220.799	-42.2978	178.501
124.24	220.876	-42.3905	178.486
124.26	221.744	-43.249	178.495
124.28	218.374	-39.8669	178.507
124.3	222.251	-43.7466	178.505
124.32	225.652	-47.1647	178.487
124.34	224.279	-45.7779	178.501
124.36	221.668	-43.1883	178.479
124.38	219.074	-40.5901	178.484
124.4	216.224	-37.7495	178.475
124.42	215.997	-37.5308	178.466
124.44	220.985	-42.4995	178.485
124.46	226.974	-48.4801	178.494
124.48	229.334	-50.8539	178.48
124.5	229.365	-50.9129	178.452
124.52	226.726	-48.2815	178.445
124.54	222.963	-44.4901	178.473
124.56	224.812	-46.3325	178.479
124.58	227.369	-48.8949	178.474
124.6	229	-50.5256	178.475
124.62	229.554	-51.081	178.473
124.64	226.399	-47.9449	178.454
124.66	220.218	-41.7736	178.445
124.68	219.49	-41.0341	178.456
124.7	222.249	-43.7786	178.47
124.72	227.92	-49.4544	178.466
124.74	229.659	-51.197	178.462
124.76	227.444	-48.9699	178.474
124.78	223.465	-44.9896	178.476
124.8	220.742	-42.2803	178.462
124.82	217.349	-38.8843	178.465
124.84	216.005	-37.5257	178.479
124.86	222.739	-44.2674	178.471
124.88	221.775	-43.2714	178.503
124.9	217.457	-38.9409	178.516
124.92	219.527	-41.0083	178.518
124.94	224.908	-46.3763	178.532
124.96	225.332	-46.8015	178.53
124.98	215.626	-37.0538	178.572
125	225.428	-46.9173	178.511
125.02	226.902	-48.374	178.528
125.04	223.867	-45.3274	178.54
125.06	219.142	-40.6119	178.53
125.08	216.406	-37.8535	178.553
125.1	217.201	-38.6598	178.542
125.12	215.623	-37.0861	178.537
125.14	213.109	-34.554	178.555
125.16	214.557	-35.9926	178.564
125.18	221.861	-43.3218	178.54
125.2	219.003	-40.4681	178.535
125.22	216.289	-37.7422	178.547
125.24	221.715	-43.1771	178.538
125.26	225.608	-47.0927	178.516
125.28	225.779	-47.2343	178.545
125.3	224.246	-45.6833	178.563
125.32	222.354	-43.7827	178.571
125.34	219.03	-40.459	178.571
125.36	220.011	-41.4546	178.556
125.38	222.05	-43.4776	178.573
125.4	222.766	-44.1928	178.573
125.42	221.797	-43.2335	178.563
125.44	220.942	-42.373	178.569
125.46	220.248	-41.6596	178.588
125.48	216.965	-38.379	178.586
125.5	210.078	-31.4882	178.589
125.52	207.191	-28.6025	178.589
125.54	213.775	-35.194	178.582
125.56	219.532	-40.9557	178.576
125.58	220.952	-42.4075	178.545
125.6	218.961	-40.415	178.546
125.62	215.388	-36.8465	178.542
125.64	212.447	-33.905	178.542
125.66	212.261	-33.7115	178.55
125.68	216.648	-38.0819	178.566
125.7	218.973	-40.4082	178.565
125.72	216.261	-37.6793	178.582
125.74	211.515	-32.9399	178.575
125.76	212.576	-34.0013	178.575
125.78	218.123	-39.5535	178.57
125.8	220.018	-41.4766	178.542
125.82	222.045	-43.5035	178.542
125.84	224.115	-45.564	178.551
125.86	223.427	-44.8905	178.537
125.88	218.242	-39.6976	178.544
125.9	214.025	-35.4615	178.563
125.92	219.806	-41.2385	178.567
125.94	223.467	-44.9135	178.554
125.96	222.26	-43.7167	178.544
125.98	218.682	-40.1401	178.542
126	218.172	-39.6195	178.552
126.02	220.544	-41.9963	178.547
126.04	224.685	-46.1346	178.55
126.06	226.636	-48.0987	178.538
126.08	223.656	-45.1142	178.542
126.1	217.364	-38.8029	178.562
126.12	218.476	-39.9154	178.561
126.14	222.362	-43.7864	178.575
126.16	223.055	-44.4735	178.581
126.18	221.829	-43.2422	178.586
126.2	218.195	-39.6123	178.583
126.22	213.853	-35.2626	178.59
126.24	222.317	-43.719	178.598
126.26	227.529	-48.9248	178.605
126.28	229.17	-50.5638	178.606
126.3	229.05	-50.4344	178.615
126.32	226.07	-47.447	178.623
126.34	223.013	-44.3952	178.618
126.36	221.597	-42.991	178.606
126.38	220.959	-42.3651	178.594
126.4	221.047	-42.4839	178.563
126.42	218.702	-40.1283	178.574
126.44	224.097	-45.5753	178.521
126.46	219.976	-41.4416	178.534
126.48	222.107	-43.5865	178.52
126.5	222.232	-43.7185	178.514
126.52	223.053	-44.5205	178.533
126.54	226.649	-48.0823	178.567
126.56	227.561	-48.9889	178.572
126.58	224.396	-45.812	178.584
126.6	219.45	-40.8509	178.599
126.62	218.977	-40.3816	178.595
126.64	220.795	-42.204	178.591
126.66	224.1	-45.5137	178.586
126.68	223.475	-44.8936	178.582
126.7	219.746	-41.1615	178.584
126.72	216.492	-37.8763	178.616
126.74	216.385	-37.8061	178.579
126.76	216.229	-37.6647	178.565
126.78	215.172	-36.6103	178.562
126.8	216.216	-37.679	178.537
126.82	216.92	-38.3864	178.534
126.84	223.268	-44.747	178.521
126.86	226.212	-47.6996	178.513
126.88	221.448	-42.9426	178.505
126.9	220.386	-41.8676	178.519
126.92	221.016	-42.4669	178.549
126.94	217.441	-38.8624	178.579
126.96	221.385	-42.8189	178.566
126.98	225.619	-47.0948	178.525
127	223.865	-45.3125	178.553
127.02	217.556	-38.9994	178.557
127.04	217.29	-38.7361	178.554
127.06	215.482	-36.9272	178.555
127.08	214.85	-36.305	178.545
127.1	221.506	-42.9454	178.561
127.12	226.372	-47.8319	178.54
127.14	228.564	-50.0294	178.535
127.16	227.569	-49.0246	178.545
127.18	223.63	-45.0983	178.532
127.2	221.206	-42.6846	178.521
127.22	217.579	-39.0747	178.505
127.24	217.407	-38.8972	178.51
127.26	221.136	-42.6103	178.525
127.28	225.677	-47.153	178.524
127.3	227.649	-49.1146	178.534
127.32	222.217	-43.6854	178.532
127.34	220.611	-42.0952	178.516
127.36	218.427	-39.9029	178.525
127.38	219.518	-40.9876	178.53
127.4	223.186	-44.6703	178.515
127.42	222.977	-44.4441	178.532
127.44	214.746	-36.1974	178.549
127.46	211.942	-33.399	178.543
127.48	213.462	-34.9306	178.531
127.5	218.993	-40.4646	178.528
127.52	224.015	-45.4963	178.519
127.54	222.868	-44.3458	178.522
127.56	218.55	-40.032	178.518
127.58	214.471	-35.9293	178.541
127.6	213.765	-35.245	178.52
127.62	216.796	-38.281	178.515
127.64	219.041	-40.514	178.527
127.66	224.163	-45.6573	178.506
127.68	227.107	-48.6226	178.485
127.7	226.322	-47.8348	178.487
127.72	225.595	-47.0938	178.501
127.74	228.011	-49.5081	178.503
127.76	229.627	-51.1565	178.47
127.78	229.485	-50.9925	178.492
127.8	227.788	-49.2754	178.512
127.82	222.782	-44.29	178.492
127.84	212.585	-34.0904	178.494
127.86	211.243	-32.7445	178.498
127.88	217.683	-39.1927	178.491
127.9	220.142	-41.664	178.478
127.92	226.27	-47.8131	178.457
127.94	231.232	-52.7867	178.445
127.96	231.682	-53.2292	178.453
127.98	229.771	-51.3183	178.453
128	226.902	-48.4316	178.471
128.02	226.112	-47.6296	178.483
128.04	227.829	-49.3565	178.473
128.06	220.491	-42.0242	178.467
128.08	213.789	-35.3307	178.459
128.1	224.846	-46.4026	178.443
128.12	228.708	-50.2465	178.461
128.14	229.382	-50.9151	178.467
128.16	232.245	-53.7872	178.457
128.18	232.831	-54.346	178.485
128.2	230.599	-52.1171	178.482
128.22	228.895	-50.4071	178.488
128.24	228.565	-50.0526	178.512
128.26	226.052	-47.546	178.506
128.28	220.99	-42.4868	178.504
128.3	218.956	-40.4391	178.517
128.32	223.097	-44.5846	178.512
128.34	226.401	-47.8835	178.517
128.36	226.777	-48.2625	178.515
128.38	227.064	-48.5388	178.525
128.4	226.563	-48.0448	178.518
128.42	223.74	-45.2301	178.51
128.44	222.655	-44.1325	178.522
128.46	224.781	-46.2643	178.516
128.48	223.939	-45.4105	178.529
128.5	222.05	-43.517	178.533
128.52	224.286	-45.7606	178.525
128.54	227.441	-48.908	178.533
128.56	226.836	-48.286	178.55
128.58	223.125	-44.5815	178.543
128.6	221.944	-43.3854	178.559
128.62	223.224	-44.6715	178.552
128.64	224.347	-45.8077	178.54
128.66	222.896	-44.3646	178.532
128.68	218.72	-40.1594	178.561
128.7	219.487	-40.9434	178.543
128.72	220.298	-41.737	178.562
128.74	221.144	-42.5976	178.546
128.76	222.846	-44.2811	178.565
128.78	221.374	-42.8093	178.565
128.8	216.724	-38.1852	178.539
128.82	214.601	-36.0657	178.535
128.84	219.161	-40.6313	178.53
128.86	225.786	-47.2728	178.514
128.88	225.646	-47.1441	178.502
128.9	218.462	-39.9368	178.525
128.92	214.693	-36.1751	178.517
128.94	218.155	-39.6314	178.523
128.96	221.306	-42.7877	178.519
128.98	222.883	-44.3697	178.513
129	221.427	-42.9239	178.503
129.02	214.302	-35.7969	178.505
129.04	214.109	-35.6136	178.495
129.06	222.014	-43.5173	178.497
129.08	223.125	-44.6337	178.491
129.1	217.178	-38.6528	178.525
129.12	219.003	-40.4883	178.515
129.14	221.294	-42.7983	178.496
129.16	220.516	-42.0128	178.503
129.18	219.134	-40.6677	178.466
129.2	215.98	-37.4887	178.492
129.22	218.727	-40.2736	178.453
129.24	215.286	-36.8344	178.452
129.26	218.472	-40.0232	178.449
129.28	221.273	-42.8279	178.445
129.3	217.454	-38.9996	178.454
129.32	216.895	-38.4286	178.466
129.34	216.389	-37.9134	178.476
129.36	218.79	-40.3143	178.476
129.38	223.679	-45.1838	178.495
129.4	226.583	-48.0863	178.497
129.42	227.768	-49.2753	178.492
129.44	228.266	-49.7735	178.493
129.46	228.534	-50.0352	178.499
129.48	229.305	-50.8226	178.482
129.5	230.621	-52.1452	178.476
129.52	231.196	-52.7311	178.465
129.54	232.29	-53.8342	178.456
129.56	235.238	-56.8198	178.419
129.58	235.117	-56.7012	178.416
129.6	229.338	-50.8915	178.446
129.62	229.049	-50.6158	178.433
129.64	229.437	-51.0718	178.366
129.66	216.679	-38.2824	178.396
129.68	219.866	-41.4776	178.389
129.7	230.277	-51.9052	178.372
129.72	236.442	-58.072	178.37
129.74	231.058	-52.6622	178.395
129.76	234.23	-55.856	178.375
129.78	243.035	-64.6756	178.359
129.8	243.813	-65.4598	178.353
129.82	241.302	-62.9529	178.349
129.84	237.182	-58.8136	178.368
129.86	230.709	-52.3425	178.367
129.88	228.727	-50.3658	178.361
129.9	232.92	-54.5627	178.358
129.92	236.868	-58.5082	178.36
129.94	233.664	-55.2894	178.375
129.96	233.992	-55.6138	178.378
129.98	240.6	-62.2438	178.356
130	240.104	-61.7379	178.367
130.02	234.992	-56.6275	178.365
130.04	231.103	-52.7093	178.393
130.06	233.682	-55.2803	178.402
130.08	238.16	-59.7694	178.391
130.1	235.455	-57.0709	178.385
130.12	232.446	-54.0774	178.369
130.14	235	-56.6579	178.342
130.16	232.263	-53.9195	178.344
130.18	226.194	-47.8231	178.371
130.2	223.444	-45.0554	178.388
130.22	228.887	-50.4739	178.413
130.24	236.382	-57.989	178.393
130.26	236.646	-58.2379	178.408
130.28	234.881	-56.4724	178.409
130.3	232.086	-53.6814	178.405
130.32	229.947	-51.5365	178.411
130.34	223.982	-45.5321	178.45
130.36	224.867	-46.4353	178.432
130.38	223.483	-45.0495	178.433
130.4	228.264	-49.8327	178.431
130.42	234.431	-55.9976	178.434
130.44	235.373	-56.9313	178.442
130.46	234.086	-55.6345	178.451
130.48	228.028	-49.596	178.432
130.5	217.683	-39.2277	178.456
130.52	222.968	-44.5195	178.449
130.54	232.242	-53.7846	178.458
130.56	233.837	-55.3672	178.469
130.58	233.542	-55.0562	178.486
130.6	232.39	-53.9024	178.488
130.62	233.084	-54.6042	178.48
130.64	232.27	-53.784	178.486
130.66	225.787	-47.2885	178.498
130.68	223.425	-44.9219	178.503
130.7	227.684	-49.1686	178.515
130.72	231.584	-53.0892	178.495
130.74	233.856	-55.3691	178.487
130.76	231.438	-52.9674	178.471
130.78	227.001	-48.5251	178.476
130.8	230.86	-52.3995	178.461
130.82	233.06	-54.5655	178.495
130.84	232.486	-53.9563	178.53
130.86	232.278	-53.7648	178.513
130.88	232.284	-53.8056	178.478
130.9	229.158	-50.6779	178.48
130.92	220.412	-41.9461	178.466
130.94	221.633	-43.1817	178.451
130.96	229.692	-51.2404	178.451
130.98	230.789	-52.3496	178.44
131	229.842	-51.4094	178.433
131.02	232.719	-54.2873	178.432
131.04	237.273	-58.835	178.438
131.06	236.687	-58.2334	178.453
131.08	228.307	-49.8531	178.454
131.1	214.738	-36.2627	178.476
131.12	222.468	-44.0475	178.42
131.14	222.592	-44.1572	178.435
131.16	216.902	-38.4597	178.442
131.18	222.141	-43.7019	178.439
131.2	228.783	-50.3583	178.424
131.22	228.504	-50.0558	178.448
131.24	228.562	-50.1138	178.449
131.26	230.642	-52.2055	178.436
131.28	232.113	-53.6876	178.426
131.3	232.502	-54.0601	178.442
131.32	231.651	-53.2163	178.435
131.34	227.109	-48.6658	178.444
131.36	221.295	-42.8366	178.458
131.38	222.583	-44.1097	178.474
131.4	221.132	-42.6541	178.477
131.42	223.822	-45.3414	178.481
131.44	225.028	-46.5479	178.48
131.46	226.824	-48.3555	178.468
131.48	228.249	-49.7802	178.469
131.5	222.73	-44.2917	178.438
131.52	206.323	-27.8765	178.447
131.54	208.942	-30.4868	178.455
131.56	224.399	-45.9406	178.458
131.58	225.877	-47.4348	178.443
131.6	218.606	-40.148	178.458
131.62	224.361	-45.9174	178.443
131.64	225.747	-47.2752	178.471
131.66	222.735	-44.2599	178.475
131.68	220.081	-41.6257	178.455
131.7	217.323	-38.8337	178.489
131.72	219.863	-41.3938	178.469
131.74	221.165	-42.6961	178.469
131.76	222.672	-44.1755	178.497
131.78	221.167	-42.6772	178.49
131.8	224.615	-46.1247	178.49
131.82	227.081	-48.5915	178.49
131.84	226.014	-47.5074	178.507
131.86	223.829	-45.3124	178.517
131.88	224.686	-46.1471	178.539
131.9	223.309	-44.7798	178.529
131.92	220.991	-42.4799	178.511
131.94	222.176	-43.6677	178.509
131.96	224.371	-45.8643	178.507
131.98	224.456	-45.9438	178.513
132	223.247	-44.7485	178.499
132.02	223.727	-45.2424	178.485
132.04	223.382	-44.9033	178.479
132.06	221.586	-43.1111	178.475
132.08	220.745	-42.2791	178.466
132.1	213.814	-35.3474	178.467
132.12	215.536	-37.0506	178.486
132.14	221.698	-43.2148	178.483
132.16	226.353	-47.8533	178.499
132.18	227.157	-48.663	178.494
132.2	224.121	-45.6241	178.497
132.22	222.769	-44.2683	178.501
132.24	226.105	-47.6069	178.498
132.26	226.287	-47.7866	178.5
132.28	223.009	-44.5567	178.453
132.3	212.196	-33.709	178.487
132.32	219.76	-41.2858	178.474
132.34	226.778	-48.2717	178.506
132.36	224.963	-46.4665	178.496
132.38	221.875	-43.388	178.487
132.4	218.147	-39.6523	178.495
132.42	220.222	-41.7281	178.494
132.44	222.467	-43.9773	178.489
132.46	223.628	-45.153	178.475
132.48	225.659	-47.1958	178.464
132.5	226.956	-48.5021	178.454
132.52	224.587	-46.143	178.444
132.54	225.45	-46.9989	178.451
132.56	226.815	-48.3282	178.487
132.58	230.447	-51.9344	178.513
132.6	233.294	-54.7802	178.514
132.62	230.962	-52.447	178.515
132.64	231.801	-53.2828	178.519
132.66	234.201	-55.686	178.515
132.68	231.749	-53.2214	178.527
132.7	226.843	-48.3125	178.53
132.72	225.76	-47.2314	178.529
132.74	227.05	-48.5465	178.503
132.76	229.012	-50.4961	178.516
132.78	236.182	-57.6755	178.506
132.8	236.314	-57.8136	178.501
132.82	230.951	-52.43	178.521
132.84	229.351	-50.8481	178.503
132.86	221.517	-42.9954	178.521
132.88	226	-47.4973	178.503
132.9	229.331	-50.8102	178.521
132.92	221.523	-42.9976	178.526
132.94	213.173	-34.6734	178.5
132.96	214.627	-36.1505	178.477
132.98	220.209	-41.7637	178.445
133	226.396	-47.9554	178.44
133.02	232.153	-53.7317	178.422
133.04	233.211	-54.7981	178.412
133.06	230.571	-52.1581	178.413
133.08	226.123	-47.6843	178.439
133.1	224.943	-46.493	178.45
133.12	227.33	-48.8826	178.447
133.14	229.296	-50.8437	178.452
133.16	229.436	-50.99	178.446
133.18	226.388	-47.9319	178.456
133.2	221.809	-43.3427	178.467
133.22	221.036	-42.5708	178.465
133.24	217.823	-39.3762	178.447
133.26	216.193	-37.7642	178.429
133.28	220.202	-41.768	178.434
133.3	223.076	-44.6314	178.445
133.32	222.445	-44.0127	178.432
133.34	216.742	-38.3251	178.416
133.36	217.477	-39.0662	178.411
133.38	227.868	-49.4553	178.412
133.4	229.347	-50.9193	178.427
133.42	224.592	-46.1555	178.436
133.44	214.506	-36.0714	178.435
133.46	214.619	-36.2052	178.414
133.48	223.113	-44.7024	178.41
133.5	229.087	-50.6879	178.399
133.52	229.483	-51.0876	178.395
133.54	225.956	-47.575	178.381
133.56	223.357	-44.957	178.4
133.58	225.155	-46.7642	178.391
133.6	227.044	-48.6576	178.387
133.62	228.569	-50.1757	178.393
133.64	230.288	-51.9135	178.375
133.66	229.517	-51.1398	178.377
133.68	222.787	-44.4089	178.378
133.7	214.637	-36.2631	178.374
133.72	210.801	-32.4201	178.381
133.74	218.621	-40.2444	178.377
133.76	226.523	-48.1442	178.379
133.78	225.542	-47.1622	178.38
133.8	218.546	-40.1566	178.39
133.82	218.207	-39.817	178.39
133.84	223.036	-44.6444	178.391
133.86	229.189	-50.8351	178.354
133.88	228.696	-50.34	178.356
133.9	221.056	-42.685	178.371
133.92	222.723	-44.3567	178.367
133.94	221.105	-42.7256	178.38
133.96	221.17	-42.8085	178.362
133.98	218.536	-40.1564	178.379
134	212.414	-34.027	178.387
134.02	215.82	-37.432	178.388
134.04	227.651	-49.267	178.384
134.06	233.069	-54.6723	178.397
134.08	230.475	-52.1053	178.37
134.1	227.887	-49.53	178.357
134.12	229.614	-51.2381	178.376
134.14	226.054	-47.6573	178.397
134.16	217.117	-38.7183	178.399
134.18	215.127	-36.7185	178.408
134.2	223.606	-45.2283	178.378
134.22	224.503	-46.1201	178.383
134.24	215.748	-37.3358	178.412
134.26	219.216	-40.8346	178.381
134.28	218.063	-39.678	178.385
134.3	222.938	-44.5548	178.383
134.32	224.434	-46.0227	178.412
134.34	223.555	-45.1517	178.403
134.36	224.788	-46.4118	178.376
134.38	227.074	-48.7019	178.372
134.4	225.073	-46.6973	178.376
134.42	218.293	-39.9149	178.378
134.44	218.484	-40.0885	178.396
134.46	226.556	-48.1656	178.39
134.48	227.613	-49.214	178.399
134.5	216.62	-38.2215	178.398
134.52	208.852	-30.4165	178.436
134.54	217.69	-39.2945	178.396
134.56	217.96	-39.5462	178.414
134.58	219.118	-40.6839	178.434
134.6	221.751	-43.299	178.452
134.62	223.546	-45.1144	178.431
134.64	213.882	-35.4319	178.45
134.66	208.274	-29.8143	178.459
134.68	220.15	-41.6891	178.461
134.7	222.682	-44.2337	178.448
134.72	225.51	-47.0686	178.441
134.74	227.734	-49.2883	178.446
134.76	227.095	-48.6649	178.43
134.78	225.129	-46.675	178.454
134.8	224.648	-46.2116	178.436
134.82	224.995	-46.5702	178.425
134.84	225.342	-46.908	178.434
134.86	225.493	-47.0673	178.425
134.88	226.553	-48.1464	178.406
134.9	220.922	-42.4979	178.424
134.92	216.02	-37.5958	178.424
134.94	220.683	-42.2765	178.407
134.96	219.27	-40.8435	178.427
134.98	222.991	-44.5853	178.405
135	227.899	-49.4826	178.417
135.02	229.927	-51.4984	178.429
135.04	229.551	-51.1404	178.41
135.06	230.275	-51.8647	178.411
135.08	232.431	-54.0275	178.403
135.1	233.212	-54.7738	178.438
135.12	228.577	-50.1174	178.46
135.14	224.181	-45.709	178.472
135.16	226.478	-48.0126	178.466
135.18	228.499	-50.0416	178.457
135.2	229.778	-51.3251	178.453
135.22	219.224	-40.782	178.442
135.24	204.84	-26.3476	178.493
135.26	213.107	-34.6397	178.468
135.28	224.25	-45.7639	178.486
135.3	227.516	-49.0238	178.492
135.32	227.541	-49.0308	178.51
135.34	226.436	-47.9299	178.506
135.36	224.842	-46.3487	178.493
135.38	222.317	-43.8024	178.515
135.4	223.996	-45.5033	178.493
135.42	225.232	-46.7295	178.503
135.44	228.157	-49.6681	178.489
135.46	229.187	-50.7197	178.468
135.48	227.953	-49.4882	178.465
135.5	227.553	-49.0769	178.477
135.52	229.061	-50.5736	178.487
135.54	232.005	-53.5241	178.481
135.56	234.28	-55.8181	178.462
135.58	232.161	-53.7003	178.461
135.6	222.383	-43.8833	178.5
135.62	223.382	-44.8883	178.494
135.64	224.107	-45.594	178.513
135.66	224.447	-45.9623	178.485
135.68	224.622	-46.1412	178.48
135.7	225.316	-46.8211	178.495
135.72	224.332	-45.8411	178.491
135.74	214.873	-36.3738	178.499
135.76	213.259	-34.7504	178.508
135.78	214.928	-36.42	178.508
135.8	221.628	-43.1247	178.503
135.82	226.274	-47.7473	178.527
135.84	227.463	-48.9489	178.514
135.86	223.27	-44.7404	178.529
135.88	219.632	-41.0867	178.545
135.9	218.777	-40.2732	178.503
135.92	220.501	-42.0191	178.482
135.94	221.102	-42.608	178.494
135.96	224.391	-45.9019	178.489
135.98	224.586	-46.0909	178.495
136	221.647	-43.136	178.511
136.02	221.03	-42.5351	178.495
136.04	219.106	-40.6057	178.501
136.06	218.838	-40.3269	178.511
136.08	223.738	-45.2247	178.513
136.1	223.692	-45.1687	178.524
136.12	222.064	-43.5742	178.489
136.14	213.596	-35.1245	178.472
136.16	209.054	-30.5941	178.46
136.18	212.266	-33.7844	178.482
136.2	217.812	-39.3317	178.48
136.22	226.436	-47.9409	178.496
136.24	228.356	-49.8697	178.487
136.26	217.883	-39.3882	178.495
136.28	207.907	-29.3974	178.51
136.3	212.885	-34.3907	178.495
136.32	219.983	-41.4745	178.508
136.34	224.13	-45.613	178.517
136.36	220.343	-41.8229	178.52
136.38	215.785	-37.247	178.538
136.4	213.301	-34.7684	178.532
136.42	213.941	-35.3968	178.544
136.44	216.196	-37.6617	178.534
136.46	224.365	-45.8655	178.5
136.48	227	-48.5047	178.495
136.5	225.062	-46.5722	178.49
136.52	219.535	-41.0526	178.483
136.54	213.051	-34.5627	178.488
136.56	218.039	-39.5663	178.472
136.58	223.801	-45.3242	178.477
136.6	224.435	-45.9551	178.48
136.62	223.335	-44.8294	178.506
136.64	220.336	-41.8139	178.522
136.66	221.791	-43.2514	178.54
136.68	223.935	-45.4011	178.534
136.7	223.778	-45.2313	178.547
136.72	223.298	-44.757	178.541
136.74	221.658	-43.1234	178.535
136.76	218.993	-40.4446	178.548
136.78	218.278	-39.757	178.521
136.8	220.243	-41.7276	178.515
136.82	223.839	-45.3381	178.501
136.84	224.422	-45.914	178.508
136.86	220.456	-41.9337	178.522
136.88	221.046	-42.5082	178.538
136.9	222.051	-43.5228	178.528
136.92	222.863	-44.3467	178.516
136.94	223.327	-44.8024	178.525
136.96	225.752	-47.2586	178.493
136.98	224.995	-46.5112	178.484
137	216.929	-38.4324	178.496
137.02	215.065	-36.5537	178.512
137.04	223.136	-44.6427	178.494
137.06	224.216	-45.7146	178.501
137.08	224.763	-46.2385	178.524
137.1	226.662	-48.1455	178.517
137.12	226.219	-47.7045	178.515
137.14	222.773	-44.2425	178.531
137.16	221.05	-42.5485	178.501
137.18	219.23	-40.7351	178.495
137.2	218.945	-40.4413	178.504
137.22	216.561	-38.0333	178.528
137.24	219.622	-41.103	178.519
137.26	224.676	-46.1591	178.517
137.28	227.129	-48.619	178.51
137.3	225.931	-47.4219	178.509
137.32	226.265	-47.7667	178.498
137.34	228.739	-50.2256	178.514
137.36	231	-52.499	178.501
137.38	230.682	-52.1694	178.513
137.4	228.085	-49.5494	178.535
137.42	224.145	-45.6034	178.542
137.44	221.459	-42.9327	178.526
137.46	221.402	-42.8825	178.52
137.48	222.497	-43.9959	178.501
137.5	222.415	-43.9033	178.511
137.52	220.448	-41.9267	178.521
137.54	221.918	-43.3701	178.548
137.56	225.796	-47.2294	178.567
137.58	227.849	-49.308	178.541
137.6	228.294	-49.7538	178.54
137.62	227.425	-48.8841	178.541
137.64	226.252	-47.7275	178.524
137.66	226.028	-47.5082	178.52
137.68	226.8	-48.2947	178.505
137.7	225.714	-47.2116	178.503
137.72	225.457	-46.9513	178.506
137.74	225.689	-47.1837	178.505
137.76	230.063	-51.5732	178.49
137.78	233.164	-54.6584	178.506
137.8	232.334	-53.8016	178.533
137.82	227.602	-49.066	178.536
137.84	219.882	-41.3677	178.515
137.86	219.203	-40.695	178.508
137.88	224.244	-45.7349	178.509
137.9	227.049	-48.5656	178.483
137.92	224.025	-45.5614	178.464
137.94	223.32	-44.8485	178.471
137.96	224.965	-46.4741	178.491
137.98	228.257	-49.79	178.467
138	229.895	-51.4306	178.465
138.02	226.485	-48.0217	178.463
138.04	223.174	-44.7033	178.471
138.06	224.283	-45.8237	178.459
138.08	227.19	-48.7496	178.44
138.1	228.067	-49.6397	178.428
138.12	224.839	-46.3986	178.441
138.14	222.202	-43.7589	178.443
138.16	222.31	-43.8881	178.421
138.18	220.209	-41.7775	178.432
138.2	221.301	-42.8825	178.419
138.22	223.276	-44.8676	178.409
138.24	224.461	-46.0627	178.398
138.26	224.667	-46.2812	178.386
138.28	222.697	-44.2985	178.398
138.3	221.006	-42.5931	178.413
138.32	218.296	-39.8794	178.417
138.34	218.024	-39.5908	178.434
138.36	219.63	-41.2058	178.424
138.38	221.985	-43.5117	178.473
138.4	225.367	-46.8791	178.488
138.42	224.083	-45.5823	178.501
138.44	221.152	-42.6482	178.504
138.46	221.464	-42.9727	178.491
138.48	223.057	-44.5615	178.496
138.5	220.59	-42.1019	178.488
138.52	221.762	-43.2791	178.482
138.54	221.73	-43.2532	178.477
138.56	218.318	-39.8505	178.467
138.58	215.034	-36.5508	178.483
138.6	217.33	-38.8528	178.477
138.62	219.599	-41.1126	178.487
138.64	225.51	-47.021	178.489
138.66	231.552	-53.059	178.493
138.68	231.867	-53.3827	178.485
138.7	228.544	-50.0742	178.469
138.72	224.755	-46.2872	178.467
138.74	224.453	-46.0245	178.429
138.76	222.127	-43.704	178.423
138.78	220.781	-42.3292	178.452
138.8	226.169	-47.7314	178.437
138.82	226.989	-48.5627	178.426
138.84	222.04	-43.5874	178.453
138.86	213.489	-35.031	178.458
138.88	213.979	-35.5053	178.474
138.9	221	-42.5183	178.482
138.92	220.153	-41.6837	178.47
138.94	221.307	-42.8411	178.466
138.96	226.058	-47.5976	178.46
138.98	227.478	-49.0156	178.462
139	226.709	-48.2278	178.481
139.02	226.583	-48.1151	178.468
139.04	224.87	-46.3889	178.481
139.06	219.626	-41.1389	178.487
139.08	220.53	-42.0371	178.493
139.1	227.236	-48.7604	178.476
139.12	229.889	-51.4265	178.462
139.14	229.695	-51.2426	178.452
139.16	227.583	-49.1371	178.446
139.18	225.329	-46.8843	178.445
139.2	226.662	-48.2156	178.446
139.22	227.443	-48.9882	178.455
139.24	224.522	-46.061	178.461
139.26	223.328	-44.8742	178.454
139.28	227.681	-49.2319	178.449
139.3	223.085	-44.6368	178.448
139.32	215.629	-37.1869	178.443
139.34	218.23	-39.815	178.415
139.36	214.799	-36.3649	178.434
139.38	222.694	-44.2742	178.42
139.4	224.295	-45.8544	178.44
139.42	225.394	-46.9561	178.438
139.44	224.703	-46.2604	178.443
139.46	225.634	-47.1877	178.447
139.48	226.984	-48.5528	178.431
139.5	228.106	-49.6877	178.418
139.52	226.797	-48.3762	178.421
139.54	226.154	-47.7533	178.4
139.56	227.822	-49.4191	178.402
139.58	227.496	-49.0748	178.421
139.6	222.828	-44.4	178.428
139.62	222.609	-44.184	178.425
139.64	226.591	-48.1547	178.436
139.66	230.896	-52.4568	178.44
139.68	226.843	-48.3955	178.448
139.7	221.772	-43.3024	178.47
139.72	228.199	-49.7274	178.472
139.74	228.723	-50.261	178.462
139.76	224.298	-45.83	178.468
139.78	227.028	-48.5432	178.485
139.8	230.917	-52.4377	178.48
139.82	233.958	-55.4734	178.484
139.84	234.424	-55.9273	178.496
139.86	233.455	-54.9691	178.486
139.88	231.502	-53.0196	178.482
139.9	224.977	-46.4884	178.489
139.92	213.444	-34.9492	178.495
139.94	218.162	-39.7075	178.455
139.96	228.938	-50.4868	178.451
139.98	232.805	-54.363	178.442
140	228.95	-50.4779	178.472
140.02	222.857	-44.3964	178.461
140.04	221.545	-43.078	178.467
140.06	221.122	-42.6214	178.501
140.08	214.199	-35.6892	178.51
140.1	216.142	-37.6492	178.493
140.12	222.962	-44.4664	178.495
140.14	226.062	-47.5663	178.496
140.16	227.224	-48.7321	178.492
140.18	227.022	-48.5185	178.504
140.2	226.138	-47.6394	178.498
140.22	224.852	-46.3705	178.482
140.24	222.846	-44.3767	178.469
140.26	218.888	-40.4006	178.488
140.28	217.886	-39.3796	178.506
140.3	221.871	-43.3637	178.507
140.32	224.721	-46.2087	178.513
140.34	225.204	-46.6689	178.535
140.36	223.494	-44.9479	178.547
140.38	221.551	-43.0131	178.538
140.4	221.983	-43.4473	178.536
140.42	222.756	-44.2485	178.507
140.44	222.382	-43.8689	178.513
140.46	221.163	-42.6446	178.518
140.48	220.507	-42.013	178.494
140.5	223.627	-45.1263	178.501
140.52	225.563	-47.061	178.502
140.54	221.111	-42.6185	178.492
140.56	221.247	-42.7461	178.501
140.58	223.58	-45.0786	178.501
140.6	216.387	-37.8974	178.49
140.62	212.213	-33.7629	178.451
140.64	201.024	-22.5188	178.506
140.66	221.958	-43.496	178.462
140.68	226.63	-48.1294	178.5
140.7	222.17	-43.6669	178.503
140.72	226.084	-47.586	178.498
140.74	229.92	-51.4208	178.499
140.76	228.143	-49.6311	178.512
140.78	224.128	-45.6474	178.481
140.8	220.999	-42.5064	178.493
140.82	222.075	-43.598	178.477
140.84	228.095	-49.6196	178.476
140.86	229.912	-51.4486	178.464
140.88	222.934	-44.4545	178.479
140.9	209.193	-30.6871	178.506
140.92	218.082	-39.6035	178.478
140.94	223.037	-44.546	178.491
140.96	226.774	-48.29	178.484
140.98	228.03	-49.5571	178.473
141	220.653	-42.1709	178.482
141.02	216.927	-38.4186	178.508
141.04	227.049	-48.5771	178.472
141.06	230.934	-52.4617	178.472
141.08	229.86	-51.3954	178.465
141.1	228.022	-49.5581	178.464
141.12	226.071	-47.6218	178.449
141.14	225.126	-46.6902	178.436
141.16	216.815	-38.3641	178.451
141.18	220.08	-41.6676	178.412
141.2	223.82	-45.373	178.447
141.22	226.707	-48.2442	178.463
141.24	229.914	-51.4586	178.455
141.26	228.385	-49.927	178.458
141.28	225.685	-47.2152	178.47
141.3	224.335	-45.8908	178.444
141.32	225.647	-47.1961	178.451
141.34	225.379	-46.9093	178.47
141.36	220.038	-41.5452	178.493
141.38	219.573	-41.0892	178.484
141.4	221.15	-42.6816	178.469
141.42	222.472	-43.983	178.489
141.44	222.336	-43.835	178.501
141.46	219.751	-41.2476	178.503
141.48	219.306	-40.7998	178.506
141.5	224.026	-45.5198	178.506
141.52	227.019	-48.5232	178.495
141.54	226.708	-48.2167	178.491
141.56	224.026	-45.5432	178.483
141.58	218.828	-40.3421	178.486
141.6	220.191	-41.7403	178.45
141.62	215.762	-37.3067	178.455
141.64	210.253	-31.759	178.494
141.66	219.634	-41.1498	178.484
141.68	223.876	-45.3783	178.497
141.7	222.674	-44.1766	178.497
141.72	222.458	-43.9847	178.473
141.74	222.194	-43.713	178.481
141.76	222.918	-44.4101	178.508
141.78	224.129	-45.6292	178.5
141.8	222.232	-43.7331	178.499
141.82	216.38	-37.8794	178.501
141.84	212.513	-34.0193	178.494
141.86	214.196	-35.7091	178.487
141.88	214.773	-36.2805	178.493
141.9	218.367	-39.882	178.485
141.92	222.28	-43.7796	178.5
141.94	223.635	-45.1476	178.488
141.96	220.826	-42.3409	178.486
141.98	219.021	-40.561	178.46
142	221.603	-43.1567	178.446
142.02	224.667	-46.2103	178.457
142.04	225.26	-46.8013	178.459
142.06	219.214	-40.7362	178.478
142.08	210.558	-32.0496	178.508
142.1	218.232	-39.7606	178.471
142.12	222.363	-43.8958	178.468
142.14	217.616	-39.1505	178.465
142.16	207.291	-28.8078	178.483
142.18	220.566	-42.1101	178.456
142.2	229.608	-51.1433	178.465
142.22	230.362	-51.9032	178.458
142.24	228.929	-50.4654	178.464
142.26	226.204	-47.7118	178.493
142.28	224.408	-45.9261	178.481
142.3	223.774	-45.3282	178.446
142.32	222.101	-43.6152	178.486
142.34	221.593	-43.1242	178.469
142.36	222.226	-43.7493	178.476
142.38	225.233	-46.7527	178.48
142.4	227.995	-49.505	178.49
142.42	228.015	-49.5191	178.496
142.44	225.383	-46.8999	178.483
142.46	217.974	-39.5063	178.468
142.48	215.5	-37.0268	178.473
142.5	225.319	-46.8598	178.459
142.52	224.296	-45.8241	178.472
142.54	220.739	-42.2502	178.488
142.56	217.468	-38.9693	178.498
142.58	215.155	-36.6505	178.504
142.6	218.588	-40.1003	178.488
142.62	221.151	-42.6588	178.492
142.64	220.775	-42.2761	178.499
142.66	223.242	-44.7541	178.488
142.68	223.053	-44.5528	178.5
142.7	220.721	-42.2105	178.511
142.72	222.192	-43.6892	178.503
142.74	224.696	-46.1934	178.502
142.76	226.528	-48.037	178.491
142.78	226.665	-48.1701	178.495
142.8	223.864	-45.3577	178.507
142.82	219.697	-41.1992	178.497
142.84	217.461	-38.962	178.499
142.86	219.55	-41.0308	178.519
142.88	222.879	-44.3724	178.506
142.9	224.371	-45.8646	178.506
142.92	223.989	-45.4748	178.514
142.94	224.295	-45.7486	178.546
142.96	224.566	-46.0273	178.539
142.98	223.208	-44.6934	178.515
143	223.862	-45.3325	178.529
143.02	224.584	-46.061	178.523
143.04	223.187	-44.676	178.511
143.06	219.991	-41.4644	178.526
143.08	220.99	-42.4758	178.514
143.1	224.925	-46.4089	178.516
143.12	226.209	-47.6915	178.517
143.14	225.142	-46.6347	178.507
143.16	223.275	-44.7673	178.508
143.18	221.756	-43.2319	178.524
143.2	220.965	-42.4482	178.517
143.22	218.627	-40.1175	178.51
143.24	216.172	-37.6522	178.519
143.26	222.589	-44.0737	178.516
143.28	221.698	-43.1965	178.502
143.3	214.541	-36.029	178.513
143.32	219.925	-41.4283	178.497
143.34	222.687	-44.2116	178.475
143.36	226.406	-47.9417	178.465
143.38	224.777	-46.3278	178.449
143.4	222.68	-44.2227	178.458
143.42	227.832	-49.3622	178.47
143.44	227.904	-49.4231	178.481
143.46	222.296	-43.7937	178.502
143.48	217.961	-39.4509	178.51
143.5	214.742	-36.2467	178.495
143.52	213.753	-35.2671	178.486
143.54	216.847	-38.3895	178.458
143.56	222.249	-43.7975	178.451
143.58	226.167	-47.6938	178.473
143.6	226.769	-48.3055	178.463
143.62	225.571	-47.0955	178.476
143.64	224.353	-45.8733	178.479
143.66	221.228	-42.7602	178.468
143.68	217.778	-39.3063	178.472
143.7	217.476	-38.9859	178.49
143.72	211.576	-33.0859	178.49
143.74	210.958	-32.4705	178.488
143.76	218.977	-40.486	178.491
143.78	222.312	-43.8324	178.479
143.8	223.173	-44.6931	178.48
143.82	222.547	-44.0686	178.479
143.84	218.863	-40.3835	178.479
143.86	214.345	-35.8479	178.497
143.88	212.07	-33.5873	178.483
143.9	214.334	-35.8469	178.487
143.92	219.071	-40.5927	178.478
143.94	220.996	-42.5173	178.479
143.96	219.67	-41.1845	178.486
143.98	217.45	-38.9643	178.486
144	215.376	-36.8675	178.508
144.02	214.327	-35.8086	178.519
144.04	208.036	-29.5219	178.514
144.06	204.365	-25.8363	178.529
144.08	211.594	-33.0648	178.529
144.1	213.322	-34.7543	178.567
144.12	223.486	-44.949	178.537
144.14	225.517	-46.968	178.549
144.16	223.176	-44.6293	178.547
144.18	221.064	-42.5358	178.528
144.2	217.056	-38.538	178.518
144.22	213.495	-34.9793	178.516
144.24	214.821	-36.2861	178.535
144.26	218.627	-40.087	178.54
144.28	221.966	-43.4218	178.544
144.3	222.902	-44.3723	178.53
144.32	223.47	-44.9856	178.484
144.34	221.908	-43.4297	178.478
144.36	218.961	-40.4954	178.465
144.38	220.777	-42.3401	178.437
144.4	225.298	-46.8604	178.438
144.42	225.254	-46.8073	178.447
144.44	223.443	-44.9802	178.463
144.46	221.183	-42.7067	178.476
144.48	215.314	-36.8287	178.485
144.5	209.137	-30.6181	178.519
144.52	214.305	-35.8079	178.497
144.54	219.613	-41.1071	178.506
144.56	222.573	-44.0804	178.492
144.58	222.394	-43.9251	178.469
144.6	217.793	-39.3228	178.471
144.62	218.132	-39.6378	178.494
144.64	224.567	-46.0965	178.471
144.66	227.442	-48.9453	178.496
144.68	223.385	-44.8772	178.508
144.7	221.018	-42.5228	178.495
144.72	221.025	-42.5214	178.503
144.74	219.943	-41.4324	178.511
144.76	223.888	-45.3684	178.52
144.78	224.996	-46.4783	178.518
144.8	217.434	-38.9381	178.496
144.82	209.709	-31.1832	178.526
144.84	216.867	-38.3394	178.527
144.86	218.774	-40.2489	178.525
144.88	222.41	-43.8759	178.534
144.9	225.363	-46.8341	178.529
144.92	226.333	-47.8198	178.513
144.94	224.637	-46.0973	178.539
144.96	216.388	-37.8266	178.562
144.98	222.705	-44.1684	178.537
145	228.38	-49.8371	178.543
145.02	227.838	-49.3153	178.523
145.04	224.649	-46.1263	178.523
145.06	219.457	-40.944	178.513
145.08	214.353	-35.8368	178.516
145.1	221.753	-43.2437	178.509
145.12	225.124	-46.6034	178.52
145.14	225.066	-46.5327	178.534
145.16	225.186	-46.6268	178.559
145.18	224.2	-45.6469	178.553
145.2	225.45	-46.9112	178.539
145.22	226.053	-47.5354	178.518
145.24	225.3	-46.7861	178.514
145.26	224.373	-45.8539	178.519
145.28	223.31	-44.7912	178.519
145.3	222.318	-43.81	178.508
145.32	222.299	-43.8	178.499
145.34	224.513	-46.017	178.496
145.36	225.533	-47.041	178.492
145.38	226.122	-47.6085	178.514
145.4	226.185	-47.6673	178.517
145.42	224.401	-45.9042	178.496
145.44	222.671	-44.1614	178.51
145.46	225.14	-46.65	178.49
145.48	226.251	-47.7786	178.472
145.5	214.707	-36.2055	178.501
145.52	214.89	-36.3647	178.526
145.54	221.727	-43.1996	178.528
145.56	221.167	-42.636	178.531
145.58	217.555	-39.0331	178.521
145.6	213.101	-34.5695	178.531
145.62	213.133	-34.6165	178.516
145.64	220.821	-42.3112	178.51
145.66	216.061	-37.5374	178.523
145.68	218.228	-39.6898	178.538
145.7	226.206	-47.6833	178.523
145.72	224.906	-46.4029	178.503
145.74	217.217	-38.7298	178.487
145.76	214.496	-35.9981	178.498
145.78	218.246	-39.7705	178.475
145.8	218.461	-39.977	178.484
145.82	218.934	-40.4316	178.503
145.84	221.081	-42.5947	178.486
145.86	219.353	-40.8444	178.509
145.88	219.733	-41.2272	178.506
145.9	221.436	-42.9008	178.535
145.92	224.144	-45.6224	178.522
145.94	223.967	-45.4183	178.549
145.96	217.293	-38.7413	178.551
145.98	213.98	-35.4316	178.548
146	216.517	-37.9747	178.542
146.02	219.82	-41.262	178.558
146.04	219.574	-41.0112	178.563
146.06	220.357	-41.8056	178.552
146.08	221.282	-42.707	178.575
146.1	222.714	-44.1615	178.552
146.12	223.66	-45.0976	178.562
146.14	222.753	-44.1911	178.562
146.16	219.512	-40.96	178.552
146.18	216.933	-38.374	178.559
146.2	216.849	-38.2741	178.574
146.22	217.863	-39.2935	178.57
146.24	220.063	-41.5044	178.559
146.26	222.745	-44.1925	178.552
146.28	224.476	-45.9299	178.546
146.3	223.544	-45.0017	178.543
146.32	216.708	-38.1518	178.556
146.34	205.904	-27.3436	178.56
146.36	208.572	-29.9996	178.572
146.38	215.802	-37.2428	178.559
146.4	219.056	-40.5101	178.546
146.42	220.822	-42.2749	178.547
146.44	222.545	-43.9765	178.569
146.46	223.629	-45.0614	178.568
146.48	222.755	-44.1936	178.561
146.5	218.65	-40.091	178.559
146.52	211.408	-32.8437	178.564
146.54	209.882	-31.3086	178.573
146.56	213.131	-34.5666	178.564
146.58	215.358	-36.807	178.551
146.6	218.49	-39.9121	178.578
146.62	221.694	-43.1175	178.577
146.64	222	-43.4181	178.582
146.66	218.822	-40.2435	178.579
146.68	214.998	-36.4126	178.585
146.7	213.333	-34.7509	178.582
146.72	216.003	-37.4491	178.554
146.74	216.644	-38.0897	178.555
146.76	215.895	-37.3345	178.56
146.78	219.999	-41.4445	178.555
146.8	223.099	-44.5461	178.553
146.82	220.746	-42.1945	178.552
146.84	213.986	-35.4068	178.579
146.86	217.198	-38.6068	178.592
146.88	222.251	-43.6923	178.559
146.9	222.966	-44.4134	178.552
146.92	224.037	-45.4858	178.551
146.94	224.22	-45.6747	178.545
146.96	223.265	-44.7176	178.548
146.98	223.665	-45.1194	178.545
147	223.65	-45.0988	178.552
147.02	223.769	-45.2116	178.558
147.04	224.807	-46.2663	178.54
147.06	225.213	-46.6506	178.562
147.08	224.459	-45.9238	178.535
147.1	222.51	-43.9481	178.562
147.12	219.485	-40.9242	178.56
147.14	214.905	-36.3404	178.565
147.16	214.66	-36.0943	178.566
147.18	219.507	-40.9675	178.54
147.2	223.255	-44.7254	178.529
147.22	224.72	-46.1954	178.525
147.24	224.644	-46.1132	178.53
147.26	223.509	-44.9791	178.53
147.28	221.719	-43.1882	178.531
147.3	220.16	-41.614	178.546
147.32	218.152	-39.6169	178.536
147.34	216.801	-38.2725	178.528
147.36	215.789	-37.2529	178.536
147.38	217.41	-38.8855	178.525
147.4	215.645	-37.1217	178.523
147.42	216.723	-38.1966	178.527
147.44	223.486	-44.961	178.525
147.46	224.201	-45.7023	178.499
147.48	219.954	-41.4391	178.515
147.5	219.544	-41.0465	178.498
147.52	221.732	-43.2621	178.47
147.54	219.289	-40.8061	178.482
147.56	219.829	-41.3491	178.48
147.58	222.279	-43.7937	178.485
147.6	223.562	-45.0962	178.466
147.62	221.802	-43.3531	178.449
147.64	222.296	-43.8398	178.456
147.66	221.502	-43.0214	178.481
147.68	218.473	-39.9907	178.482
147.7	219.615	-41.1584	178.456
147.72	215.94	-37.4706	178.47
147.74	213.468	-34.9962	178.472
147.76	219.854	-41.3613	178.493
147.78	226.095	-47.5966	178.498
147.8	227.897	-49.4019	178.495
147.82	226.341	-47.8658	178.475
147.84	224.009	-45.4995	178.51
147.86	223.527	-45.0185	178.509
147.88	224.031	-45.5025	178.529
147.9	223.419	-44.9001	178.519
147.92	222.736	-44.2297	178.506
147.94	221.655	-43.1546	178.5
147.96	219.586	-41.1021	178.484
147.98	219.076	-40.5707	178.506
148	225.424	-46.9191	178.505
148.02	230.753	-52.2446	178.509
148.04	230.245	-51.7344	178.511
148.06	226	-47.5148	178.485
148.08	222.09	-43.5942	178.496
148.1	220.197	-41.6895	178.507
148.12	221.15	-42.638	178.512
148.14	219.353	-40.8481	178.504
148.16	223.836	-45.3272	178.509
148.18	231.643	-53.1227	178.52
148.2	229.202	-50.6514	178.55
148.22	225.611	-47.0803	178.531
148.24	224.462	-45.9416	178.52
148.26	221.119	-42.5916	178.527
148.28	217.765	-39.2366	178.528
148.3	218.29	-39.7762	178.514
148.32	223.71	-45.1896	178.52
148.34	227.205	-48.7212	178.484
148.36	228.5	-50.0056	178.495
148.38	226.569	-48.0976	178.471
148.4	221.63	-43.1701	178.46
148.42	219.334	-40.886	178.448
148.44	216.648	-38.1826	178.466
148.46	218.74	-40.2843	178.456
148.48	222.565	-44.1057	178.459
148.5	227.142	-48.6829	178.459
148.52	225.951	-47.4914	178.46
148.54	220.476	-42.0148	178.462
148.56	219.635	-41.1765	178.458
148.58	220.519	-42.0436	178.476
148.6	217.162	-38.6857	178.477
148.62	214.425	-35.9452	178.48
148.64	214.879	-36.3939	178.485
148.66	216.259	-37.7577	178.501
148.68	227.517	-49.0309	178.486
148.7	228.038	-49.5621	178.476
148.72	223.326	-44.8441	178.482
148.74	220.705	-42.2322	178.473
148.76	221.544	-43.0799	178.465
148.78	225.442	-46.9848	178.458
148.8	223.721	-45.2628	178.458
148.82	222.782	-44.3377	178.444
148.84	225.43	-46.9809	178.449
148.86	225.612	-47.1473	178.464
148.88	221.007	-42.5297	178.477
148.9	217.293	-38.8022	178.491
148.92	222.515	-44.041	178.474
148.94	224.384	-45.8925	178.492
148.96	223.081	-44.5802	178.501
148.98	223.4	-44.872	178.528
149	225.068	-46.556	178.512
149.02	227.156	-48.6389	178.517
149.04	228.479	-49.9661	178.513
149.06	228.906	-50.4035	178.503
149.08	224.244	-45.7546	178.49
149.1	220.813	-42.3307	178.483
149.12	219.215	-40.7465	178.469
149.14	219.659	-41.1641	178.495
149.16	221.217	-42.7399	178.477
149.18	221.163	-42.6907	178.472
149.2	219.422	-40.9551	178.466
149.22	219.168	-40.7294	178.439
149.24	224.744	-46.2949	178.449
149.26	227.792	-49.3413	178.451
149.28	227.403	-48.9646	178.438
149.3	221.849	-43.4112	178.438
149.32	216.312	-37.8528	178.46
149.34	217.675	-39.2296	178.445
149.36	220.584	-42.1389	178.445
149.38	223.415	-44.9595	178.456
149.4	224.787	-46.326	178.461
149.42	224.189	-45.7342	178.455
149.44	220.141	-41.6719	178.469
149.46	215.751	-37.2759	178.475
149.48	221.418	-42.9577	178.46
149.5	226.084	-47.6071	178.477
149.52	226.626	-48.1497	178.476
149.54	222.855	-44.3609	178.494
149.56	222.862	-44.3789	178.483
149.58	222.997	-44.528	178.469
149.6	222.801	-44.3092	178.492
149.62	224.026	-45.5294	178.496
149.64	224.614	-46.1412	178.473
149.66	222.462	-43.9929	178.469
149.68	215.226	-36.7321	178.494
149.7	215.51	-37.0185	178.491
149.72	216.757	-38.2489	178.508
149.74	215.13	-36.618	178.513
149.76	219.965	-41.4808	178.484
149.78	224.141	-45.6343	178.507
149.8	225.694	-47.1963	178.498
149.82	226.542	-48.0606	178.481
149.84	226.689	-48.224	178.465
149.86	226.464	-48.0034	178.46
149.88	226.353	-47.8774	178.476
149.9	225.026	-46.552	178.474
149.92	221.389	-42.8844	178.505
149.94	220.838	-42.3167	178.522
149.96	224.224	-45.7008	178.523
149.98	225.885	-47.3438	178.541
150	226.312	-47.7754	178.537
150.02	226.935	-48.3931	178.542
150.04	227.807	-49.2593	178.547
150.06	228.179	-49.6376	178.541
150.08	227.737	-49.1677	178.569
150.1	227.082	-48.5072	178.575
150.12	227.098	-48.542	178.556
150.14	225.829	-47.3064	178.522
150.16	219.247	-40.7185	178.528
150.18	220.838	-42.3374	178.5
150.2	223.964	-45.4601	178.504
150.22	225.905	-47.3994	178.505
150.24	226.926	-48.4429	178.483
150.26	225.006	-46.5236	178.482
150.28	226.755	-48.2763	178.478
150.3	223.533	-45.0595	178.473
150.32	223.071	-44.5833	178.488
150.34	229.032	-50.5349	178.497
150.36	230.204	-51.7161	178.487
150.38	225.933	-47.4526	178.48
150.4	222.673	-44.2053	178.467
150.42	224.292	-45.8366	178.456
150.44	224.028	-45.5664	178.462
150.46	222.603	-44.1283	178.474
150.48	221.909	-43.4479	178.461
150.5	221.311	-42.8372	178.474
150.52	227.171	-48.6885	178.482
150.54	230.489	-52.0043	178.484
150.56	230.505	-52.0407	178.465
150.58	229.613	-51.161	178.452
150.6	225.825	-47.3775	178.447
150.62	216.562	-38.107	178.455
150.64	208.661	-30.2092	178.451
150.66	213.476	-35.0312	178.445
150.68	223.144	-44.6846	178.459
150.7	229.431	-50.9701	178.461
150.72	231.677	-53.2211	178.456
150.74	224.989	-46.5434	178.446
150.76	221.764	-43.3375	178.426
150.78	222.13	-43.704	178.426
150.8	220.274	-41.8274	178.446
150.82	219.413	-40.9632	178.45
150.84	220.323	-41.8941	178.429
150.86	227.327	-48.9073	178.419
150.88	229.066	-50.656	178.41
150.9	225.905	-47.4741	178.431
150.92	224.155	-45.7152	178.44
150.94	224.41	-45.9605	178.45
150.96	225.955	-47.4905	178.465
150.98	231.362	-52.9253	178.437
151	233.291	-54.8522	178.439
151.02	231.644	-53.228	178.416
151.04	232.038	-53.6348	178.403
151.06	233.109	-54.7061	178.403
151.08	232.609	-54.2122	178.397
151.1	230.381	-51.9724	178.408
151.12	227.91	-49.5011	178.409
151.14	226.35	-47.9533	178.397
151.16	224.85	-46.4536	178.397
151.18	224.303	-45.8831	178.42
151.2	226.175	-47.7871	178.388
151.22	221.724	-43.3172	178.407
151.24	224.281	-45.8711	178.409
151.26	230.646	-52.2324	178.413
151.28	225.712	-47.2932	178.419
151.3	221.358	-42.9407	178.417
151.32	224.104	-45.699	178.405
151.34	230.492	-52.0864	178.406
151.36	233.68	-55.2516	178.428
151.38	232.315	-53.8968	178.418
151.4	228.167	-49.7451	178.422
151.42	227.018	-48.6071	178.411
151.44	229.525	-51.1222	178.402
151.46	231.371	-52.9358	178.435
151.48	231.621	-53.1839	178.438
151.5	227.238	-48.784	178.454
151.52	226.738	-48.2617	178.476
151.54	229.288	-50.7996	178.488
151.56	225.984	-47.5066	178.478
151.58	228.776	-50.3169	178.459
151.6	230.226	-51.8039	178.422
151.62	229.241	-50.8305	178.41
151.64	230.881	-52.4659	178.415
151.66	233.977	-55.5744	178.402
151.68	235.058	-56.6736	178.385
151.7	232.621	-54.2397	178.382
151.72	231.366	-52.9911	178.375
151.74	235.262	-56.9088	178.353
151.76	237.951	-59.6188	178.332
151.78	238.415	-60.0616	178.353
151.8	235.458	-57.1028	178.355
151.82	228.979	-50.6008	178.378
151.84	230.652	-52.2814	178.37
151.86	229.205	-50.8265	178.379
151.88	224.048	-45.6748	178.373
151.9	224.753	-46.3624	178.39
151.92	231.275	-52.892	178.383
151.94	233.007	-54.617	178.39
151.96	230.779	-52.3823	178.396
151.98	226.225	-47.824	178.401
152	220.756	-42.3386	178.418
152.02	221.208	-42.788	178.42
152.04	224.768	-46.3555	178.412
152.06	226.325	-47.9247	178.4
152.08	225.088	-46.6998	178.388
152.1	225.149	-46.7552	178.394
152.12	222.759	-44.3684	178.39
152.14	217.536	-39.1418	178.394
152.16	217.356	-38.9792	178.377
152.18	216.167	-37.7868	178.38
152.2	222.553	-44.1751	178.378
152.22	224.082	-45.6825	178.4
152.24	226.535	-48.143	178.392
152.26	222.937	-44.5396	178.397
152.28	219.281	-40.8835	178.397
152.3	217.896	-39.4637	178.433
152.32	220.126	-41.6845	178.441
152.34	222.893	-44.442	178.451
152.36	223.03	-44.5754	178.454
152.38	224.562	-46.1026	178.46
152.4	227.033	-48.5918	178.441
152.42	226.692	-48.2634	178.428
152.44	221.236	-42.7943	178.441
152.46	210.53	-32.0618	178.468
152.48	210.939	-32.4498	178.489
152.5	221.255	-42.7753	178.48
152.52	226.003	-47.5082	178.495
152.54	226.73	-48.2177	178.512
152.56	225.223	-46.7314	178.492
152.58	223.651	-45.1751	178.476
152.6	223.41	-44.9516	178.458
152.62	223.454	-44.9822	178.472
152.64	226.151	-47.6818	178.469
152.66	228.967	-50.4999	178.467
152.68	227.558	-49.0796	178.478
152.7	224.117	-45.617	178.5
152.72	224.278	-45.7607	178.518
152.74	224.483	-45.9812	178.502
152.76	224.644	-46.1246	178.52
152.78	225.598	-47.0661	178.532
152.8	223.32	-44.7994	178.52
152.82	219.105	-40.5696	178.536
152.84	217.646	-39.1067	178.539
152.86	220.054	-41.5331	178.521
152.88	226.415	-47.895	178.52
152.9	227.946	-49.4264	178.52
152.92	229.452	-50.9559	178.496
152.94	228.858	-50.4116	178.446
152.96	226.509	-48.052	178.457
152.98	223.605	-45.1722	178.433
153	218.49	-40.0619	178.428
153.02	212.514	-34.0594	178.455
153.04	223.726	-45.315	178.411
153.06	227.418	-48.9995	178.419
153.08	229.1	-50.6737	178.426
153.1	231.605	-53.1851	178.42
153.12	233.251	-54.8254	178.426
153.14	234.375	-55.9332	178.442
153.16	234.426	-55.9754	178.451
153.18	232.177	-53.7032	178.474
153.2	229.005	-50.5363	178.469
153.22	219.139	-40.6796	178.459
153.24	212.042	-33.565	178.477
153.26	221.744	-43.2566	178.488
153.28	223.735	-45.2465	178.488
153.3	224.118	-45.6152	178.503
153.32	227.042	-48.5417	178.5
153.34	228.413	-49.9114	178.501
153.36	228.772	-50.2708	178.501
153.38	228.366	-49.8701	178.496
153.4	226.808	-48.3284	178.479
153.42	225.541	-47.0262	178.515
153.44	226.765	-48.2709	178.494
153.46	226.389	-47.8975	178.491
153.48	225.526	-47.0422	178.484
153.5	222.902	-44.4083	178.494
153.52	220.59	-42.0897	178.5
153.54	220.639	-42.1405	178.498
153.56	220.151	-41.664	178.487
153.58	221.145	-42.6516	178.494
153.6	226.23	-47.722	178.508
153.62	226.577	-48.073	178.504
153.64	224.425	-45.922	178.503
153.66	224.811	-46.319	178.493
153.68	227.873	-49.402	178.471
153.7	227.076	-48.5887	178.487
153.72	221.282	-42.7944	178.487
153.74	210.489	-31.9934	178.496
153.76	216.092	-37.6119	178.48
153.78	225.395	-46.9176	178.477
153.8	223.635	-45.1679	178.467
153.82	217.15	-38.6394	178.51
153.84	225.884	-47.358	178.526
153.86	224.849	-46.3297	178.519
153.88	224.528	-45.9774	178.55
153.9	223.339	-44.786	178.553
153.92	223.251	-44.7038	178.547
153.94	223.985	-45.4496	178.535
153.96	224.24	-45.7201	178.52
153.98	224.851	-46.3257	178.526
154	226.174	-47.6877	178.487
154.02	227.379	-48.8872	178.492
154.04	228.126	-49.6503	178.476
154.06	228.224	-49.7657	178.458
154.08	225.931	-47.4845	178.447
154.1	218.688	-40.2052	178.483
154.12	221.851	-43.3724	178.478
154.14	223.154	-44.6665	178.488
154.16	220.775	-42.2787	178.496
154.18	218.438	-39.977	178.461
154.2	215.409	-36.9276	178.482
154.22	217.142	-38.6676	178.475
154.24	221.848	-43.4164	178.432
154.26	221.922	-43.4965	178.425
154.28	216.76	-38.3063	178.454
154.3	222.216	-43.7603	178.456
154.32	222.703	-44.2482	178.455
154.34	217.574	-39.104	178.47
154.36	221.035	-42.5503	178.484
154.38	222.976	-44.4709	178.505
154.4	222.844	-44.356	178.488
154.42	215.728	-37.2268	178.501
154.44	213.171	-34.6736	178.498
154.46	222.841	-44.3694	178.472
154.48	226.632	-48.1762	178.455
154.5	225.831	-47.3677	178.463
154.52	223.707	-45.2659	178.442
154.54	221.307	-42.8566	178.45
154.56	216.709	-38.232	178.477
154.58	211.468	-32.9906	178.478
154.6	214.581	-36.1173	178.463
154.62	221.045	-42.5994	178.445
154.64	220.263	-41.8076	178.456
154.66	217.605	-39.1009	178.504
154.68	218.522	-40.004	178.518
154.7	219.813	-41.3146	178.499
154.72	216.823	-38.3329	178.49
154.74	207.1	-28.6085	178.492
154.76	215.475	-36.9928	178.483
154.78	223.568	-45.0898	178.478
154.8	223.31	-44.8117	178.498
154.82	224.083	-45.5852	178.498
154.84	226.515	-48.0145	178.501
154.86	225.858	-47.3718	178.486
154.88	218.04	-39.5578	178.482
154.9	213.712	-35.2184	178.494
154.92	223.482	-45.0045	178.478
154.94	227.757	-49.2732	178.484
154.96	229.363	-50.8612	178.502
154.98	229.701	-51.2086	178.492
155	225.383	-46.8718	178.511
155.02	219.783	-41.2635	178.52
155.04	220.316	-41.8124	178.504
155.06	226.309	-47.8051	178.504
155.08	228.645	-50.1276	178.518
155.1	228.729	-50.1987	178.531
155.12	228.729	-50.1878	178.541
155.14	228.463	-49.9382	178.525
155.16	227.771	-49.2567	178.514
155.18	227.352	-48.8381	178.514
155.2	226.953	-48.428	178.525
155.22	226.626	-48.0996	178.526
155.24	228.127	-49.6003	178.526
155.26	231.096	-52.5987	178.497
155.28	232.67	-54.1684	178.501
155.3	230.735	-52.2371	178.498
155.32	222.803	-44.2963	178.507
155.34	217.73	-39.2337	178.496
155.36	221.565	-43.0626	178.502
155.38	221.473	-42.9556	178.518
155.4	222.772	-44.2525	178.52
155.42	226.381	-47.8625	178.518
155.44	222.209	-43.6849	178.524
155.46	215.373	-36.8361	178.537
155.48	218.155	-39.6293	178.526
155.5	219.556	-41.0114	178.544
155.52	219.211	-40.6476	178.564
155.54	220.464	-41.8946	178.569
155.56	222.889	-44.3325	178.556
155.58	223.977	-45.4083	178.568
155.6	224.046	-45.5063	178.539
155.62	222.075	-43.5337	178.541
155.64	220.807	-42.263	178.544
155.66	218.387	-39.8637	178.523
155.68	218.271	-39.7488	178.522
155.7	224.136	-45.6205	178.516
155.72	226.467	-47.9438	178.523
155.74	225.223	-46.6833	178.54
155.76	221.478	-42.9398	178.538
155.78	220.072	-41.5456	178.526
155.8	220.836	-42.3118	178.524
155.82	220.71	-42.1893	178.52
155.84	221.83	-43.321	178.509
155.86	223.297	-44.7657	178.532
155.88	219.714	-41.1562	178.558
155.9	213.122	-34.5854	178.536
155.92	216.833	-38.3099	178.523
155.94	222.488	-43.9992	178.489
155.96	220.613	-42.125	178.488
155.98	221.976	-43.4956	178.48
156	225.212	-46.6876	178.525
156.02	222.9	-44.3712	178.529
156.04	221.292	-42.7542	178.538
156.06	219.654	-41.1095	178.544
156.08	219.983	-41.4364	178.546
156.1	224.474	-45.936	178.538
156.12	226.31	-47.7598	178.55
156.14	225.579	-47.0274	178.552
156.16	223.581	-45.0352	178.546
156.18	221.3	-42.7526	178.548
156.2	220.421	-41.8751	178.546
156.22	220.04	-41.4914	178.548
156.24	221.861	-43.3299	178.531
156.26	218.996	-40.4719	178.524
156.28	212.164	-33.6266	178.537
156.3	213.385	-34.8631	178.522
156.32	221.014	-42.5168	178.497
156.34	223.007	-44.5243	178.483
156.36	220.54	-42.0693	178.47
156.38	217.759	-39.3047	178.454
156.4	209.352	-30.8716	178.48
156.42	211.378	-32.8938	178.485
156.44	219.07	-40.6056	178.465
156.46	223.583	-45.0973	178.486
156.48	226.318	-47.8549	178.463
156.5	226.469	-47.9954	178.473
156.52	223.084	-44.5935	178.49
156.54	218.378	-39.8774	178.501
156.56	212.974	-34.4658	178.509
156.58	210.473	-31.9618	178.511
156.6	220.769	-42.2779	178.491
156.62	223.295	-44.777	178.518
156.64	224.136	-45.5939	178.542
156.66	226.446	-47.9351	178.511
156.68	224.532	-46.0099	178.522
156.7	217.202	-38.6776	178.524
156.72	215.38	-36.8624	178.518
156.74	223.07	-44.5707	178.5
156.76	226.323	-47.8037	178.519
156.78	223.153	-44.6313	178.522
156.8	212.369	-33.8571	178.512
156.82	205.818	-27.2853	178.533
156.84	219.685	-41.1781	178.507
156.86	227.272	-48.7485	178.524
156.88	226.308	-47.7749	178.533
156.9	223.144	-44.6265	178.518
156.92	225.298	-46.7903	178.507
156.94	222.548	-44.0403	178.507
156.96	217.148	-38.6184	178.529
156.98	221.068	-42.5464	178.522
157	224.739	-46.2231	178.516
157.02	224.697	-46.1964	178.5
157.04	221.749	-43.2532	178.496
157.06	218.054	-39.5574	178.496
157.08	216.094	-37.5716	178.522
157.1	220.181	-41.6676	178.514
157.12	226.224	-47.7074	178.517
157.14	228.429	-49.8836	178.545
157.16	226.701	-48.1617	178.539
157.18	220.869	-42.3349	178.534
157.2	214.049	-35.4918	178.557
157.22	216.426	-37.8738	178.553
157.24	222.432	-43.8723	178.559
157.26	223.587	-45.0089	178.579
157.28	221.92	-43.3559	178.564
157.3	220.106	-41.5567	178.549
157.32	220.947	-42.3972	178.549
157.34	224.175	-45.6387	178.536
157.36	226.616	-48.0746	178.541
157.38	227.175	-48.6277	178.547
157.4	225.943	-47.3903	178.553
157.42	223.505	-44.9465	178.559
157.44	221.58	-43.0322	178.548
157.46	220.486	-41.9223	178.564
157.48	220.42	-41.8292	178.591
157.5	221.189	-42.6042	178.584
157.52	220.277	-41.6856	178.591
157.54	215.473	-36.8903	178.583
157.56	216.743	-38.1777	178.566
157.58	218.373	-39.8159	178.558
157.6	214.871	-36.3093	178.562
157.62	213.608	-35.0374	178.571
157.64	217.086	-38.5324	178.553
157.66	218.421	-39.8785	178.543
157.68	221.822	-43.2979	178.524
157.7	224.951	-46.439	178.512
157.72	224.871	-46.3694	178.502
157.74	222.365	-43.8536	178.512
157.76	223.192	-44.6757	178.517
157.78	226.711	-48.2162	178.495
157.8	225.705	-47.2047	178.501
157.82	214.984	-36.4853	178.499
157.84	206.313	-27.7987	178.514
157.86	211.02	-32.5359	178.484
157.88	213.585	-35.097	178.488
157.9	217.049	-38.5686	178.48
157.92	222.414	-43.9331	178.481
157.94	223.284	-44.7958	178.488
157.96	224.455	-45.9794	178.476
157.98	225.765	-47.3043	178.46
158	226.666	-48.1967	178.47
158.02	225.156	-46.7032	178.453
158.04	220.883	-42.4562	178.427
158.06	218.026	-39.6224	178.404
158.08	221.509	-43.1173	178.392
158.1	224.478	-46.0968	178.381
158.12	225.178	-46.8022	178.376
158.14	224.552	-46.1654	178.386
158.16	222.522	-44.1444	178.378
158.18	218.456	-40.075	178.381
158.2	222.15	-43.7624	178.388
158.22	225.706	-47.3222	178.384
158.24	225.992	-47.6015	178.39
158.26	221.386	-42.9947	178.391
158.28	218.517	-40.1364	178.381
158.3	223.415	-45.0275	178.388
158.32	229.157	-50.7517	178.405
158.34	231.54	-53.1309	178.409
158.36	233.074	-54.6636	178.411
158.38	229.336	-50.9392	178.397
158.4	225.584	-47.1713	178.412
158.42	226.578	-48.1772	178.401
158.44	226.957	-48.5524	178.404
158.46	228.588	-50.2021	178.386
158.48	230.124	-51.7198	178.404
158.5	231.872	-53.4622	178.41
158.52	234.149	-55.717	178.432
158.54	235.526	-57.0738	178.452
158.56	233.285	-54.8354	178.449
158.58	225.814	-47.3601	178.454
158.6	223.194	-44.7386	178.455
158.62	221.412	-42.9817	178.431
158.64	217.339	-38.8882	178.451
158.66	220.968	-42.5321	178.435
158.68	226.569	-48.1397	178.429
158.7	230.543	-52.1009	178.442
158.72	232.157	-53.7323	178.425
158.74	230.094	-51.6642	178.43
158.76	224.04	-45.586	178.454
158.78	219.339	-40.8799	178.459
158.8	221.876	-43.446	178.43
158.82	223.602	-45.1616	178.44
158.84	220.987	-42.5608	178.426
158.86	218.306	-39.8766	178.43
158.88	219.368	-40.919	178.449
158.9	221.222	-42.7406	178.481
158.92	222.512	-44.0198	178.492
158.94	223.191	-44.7022	178.488
158.96	224.484	-45.958	178.526
158.98	225.222	-46.6964	178.525
159	224.911	-46.3892	178.521
159.02	225.242	-46.739	178.503
159.04	224.136	-45.6259	178.51
159.06	218.205	-39.6755	178.53
159.08	214.665	-36.1533	178.511
159.1	217.976	-39.4592	178.517
159.12	220.46	-41.9623	178.497
159.14	222.701	-44.2075	178.493
159.16	225.759	-47.2723	178.486
159.18	227.853	-49.3499	178.504
159.2	228.829	-50.3226	178.507
159.22	226.228	-47.7382	178.49
159.24	221.664	-43.1602	178.504
159.26	219.208	-40.7179	178.49
159.28	219.664	-41.1655	178.499
159.3	224.424	-45.9234	178.5
159.32	227.389	-48.9046	178.485
159.34	227.785	-49.3102	178.475
159.36	226.334	-47.8755	178.459
159.38	223.291	-44.8522	178.439
159.4	217.087	-38.6475	178.44
159.42	217.521	-39.0887	178.432
159.44	223.225	-44.8077	178.417
159.46	226.318	-47.9157	178.402
159.48	225.934	-47.5504	178.383
159.5	223.425	-45.0285	178.396
159.52	224.689	-46.3216	178.367
159.54	222.099	-43.7082	178.391
159.56	218.074	-39.6762	178.397
159.58	220.631	-42.2341	178.396
159.6	223.757	-45.3509	178.406
159.62	222.419	-44.0331	178.386
159.64	222.891	-44.507	178.384
159.66	229.681	-51.2949	178.386
159.68	230.338	-51.9534	178.385
159.7	233.218	-54.8494	178.369
159.72	232.545	-54.1772	178.368
159.74	231.884	-53.5107	178.373
159.76	231.881	-53.5114	178.369
159.78	227.394	-49.0219	178.372
159.8	214.817	-36.4417	178.375
159.82	211.335	-32.97	178.365
159.84	218.052	-39.6802	178.371
159.86	225.319	-46.9663	178.353
159.88	228.156	-49.7902	178.365
159.9	231.507	-53.133	178.374
159.92	232.534	-54.1397	178.394
159.94	233.478	-55.0914	178.386
159.96	232.402	-54.0087	178.393
159.98	230.391	-51.9953	178.396
160	225.052	-46.6609	178.391
160.02	217.523	-39.1286	178.395
160.04	223.565	-45.1954	178.37
160.06	228.166	-49.7943	178.372
160.08	223.849	-45.4759	178.373
160.1	224.337	-45.9764	178.36
160.12	228.532	-50.1765	178.356
160.14	228.488	-50.1299	178.358
160.16	224.532	-46.1715	178.36
160.18	221.408	-43.0346	178.374
160.2	222.981	-44.6193	178.362
160.22	227.791	-49.4489	178.342
160.24	230.327	-51.9772	178.349
160.26	231.23	-52.8469	178.383
160.28	231.1	-52.7232	178.377
160.3	228.844	-50.478	178.366
160.32	224.332	-45.9835	178.349
160.34	219.445	-41.0806	178.364
160.36	220.12	-41.7534	178.366
160.38	223.575	-45.2271	178.348
160.4	226.133	-47.7677	178.366
160.42	228.243	-49.8815	178.362
160.44	229.968	-51.6074	178.361
160.46	223.184	-44.829	178.355
160.48	218.171	-39.7958	178.375
160.5	227.029	-48.6563	178.372
160.52	229.261	-50.8895	178.371
160.54	228.158	-49.7911	178.367
160.56	220.664	-42.2853	178.379
160.58	218.31	-39.941	178.369
160.6	223.444	-45.0576	178.386
160.62	226.359	-47.9613	178.398
160.64	226.645	-48.2354	178.409
160.66	225.228	-46.8297	178.398
160.68	223.497	-45.0731	178.424
160.7	225.636	-47.1987	178.437
160.72	227.706	-49.2474	178.459
160.74	227.522	-49.0639	178.458
160.76	224.389	-45.9512	178.437
160.78	222.274	-43.8364	178.437
160.8	226.801	-48.3836	178.418
160.82	228.957	-50.5424	178.415
160.84	228.953	-50.547	178.406
160.86	230.02	-51.6122	178.408
160.88	228.048	-49.6741	178.374
160.9	222.629	-44.2722	178.357
160.92	217.23	-38.8501	178.38
160.94	218.837	-40.4567	178.38
160.96	222.764	-44.3892	178.375
160.98	225.869	-47.492	178.377
161	224.617	-46.2247	178.392
161.02	229.506	-51.1224	178.384
161.04	232.976	-54.5843	178.392
161.06	232.179	-53.7724	178.407
161.08	231.637	-53.2204	178.416
161.1	230.191	-51.7812	178.41
161.12	227.42	-49.0475	178.372
161.14	224.959	-46.6033	178.356
161.16	224.751	-46.3878	178.363
161.18	227.821	-49.4476	178.373
161.2	227.268	-48.8833	178.385
161.22	228.639	-50.2593	178.379
161.24	232.142	-53.7817	178.36
161.26	232.984	-54.6169	178.367
161.28	232.293	-53.9408	178.352
161.3	232.104	-53.7595	178.344
161.32	230.476	-52.1269	178.35
161.34	228.06	-49.6867	178.374
161.36	229.547	-51.1612	178.386
161.38	234.92	-56.532	178.388
161.4	234.335	-55.9494	178.385
161.42	230.27	-51.8672	178.403
161.44	230.802	-52.3994	178.402
161.46	229.835	-51.457	178.378
161.48	225.959	-47.5718	178.387
161.5	229.483	-51.0948	178.388
161.52	234.877	-56.4813	178.396
161.54	236.138	-57.7678	178.37
161.56	234.63	-56.2646	178.366
161.58	232.398	-54.0315	178.366
161.6	232.222	-53.8219	178.4
161.62	236.156	-57.7629	178.393
161.64	239.087	-60.7061	178.381
161.66	233.869	-55.4706	178.398
161.68	228.881	-50.4834	178.398
161.7	230.688	-52.2862	178.402
161.72	230.8	-52.3709	178.429
161.74	227.557	-49.1146	178.442
161.76	224.166	-45.7339	178.432
161.78	223.704	-45.2391	178.465
161.8	232.486	-54.0367	178.449
161.82	231.895	-53.4408	178.454
161.84	230.316	-51.8325	178.484
161.86	231.258	-52.7824	178.475
161.88	230.484	-52.0275	178.456
161.9	225.774	-47.3212	178.453
161.92	222.193	-43.7289	178.464
161.94	225.75	-47.2605	178.489
161.96	227.012	-48.532	178.48
161.98	221.954	-43.4512	178.503
162	222.628	-44.118	178.51
162.02	221.763	-43.2401	178.523
162.04	221.396	-42.91	178.486
162.06	226.655	-48.1968	178.458
162.08	225.348	-46.8852	178.462
162.1	221.936	-43.4741	178.462
162.12	222.173	-43.7052	178.468
162.14	221.444	-42.9761	178.468
162.16	224.117	-45.6423	178.475
162.18	226.018	-47.5546	178.463
162.2	224.705	-46.2292	178.476
162.22	224.186	-45.6797	178.506
162.24	226.729	-48.2325	178.496
162.26	226.796	-48.3097	178.486
162.28	224.798	-46.2966	178.501
162.3	220.215	-41.7263	178.488
162.32	215.078	-36.5834	178.495
162.34	217.878	-39.3804	178.497
162.36	225.075	-46.5602	178.515
162.38	228.954	-50.4839	178.47
162.4	224.86	-46.3851	178.475
162.42	215.992	-37.5224	178.469
162.44	217.336	-38.8645	178.471
162.46	220.967	-42.4814	178.485
162.48	223.61	-45.1387	178.472
162.5	221.614	-43.1649	178.449
162.52	217.347	-38.8647	178.482
162.54	221.74	-43.2629	178.477
162.56	223.138	-44.6648	178.474
162.58	215.046	-36.5748	178.471
162.6	208.7	-30.2213	178.479
162.62	211.941	-33.4865	178.455
162.64	217.873	-39.4279	178.445
162.66	221.719	-43.2858	178.433
162.68	220.203	-41.7573	178.445
162.7	218.299	-39.8446	178.455
162.72	217.66	-39.219	178.441
162.74	213.724	-35.2756	178.449
162.76	220.338	-41.9144	178.423
162.78	218.765	-40.346	178.419
162.8	209.732	-31.2733	178.459
162.82	218.714	-40.2752	178.439
162.84	223.293	-44.8641	178.429
162.86	222.369	-43.9197	178.449
162.88	221.995	-43.5491	178.446
162.9	224.876	-46.4493	178.426
162.92	220.291	-41.8529	178.438
162.94	216.048	-37.6076	178.44
162.96	221.976	-43.5415	178.434
162.98	218.605	-40.1816	178.424
163	214.556	-36.1084	178.447
163.02	218.234	-39.7908	178.443
163.04	224.268	-45.8392	178.429
163.06	226.198	-47.7624	178.436
163.08	224.733	-46.3061	178.427
163.1	223.192	-44.7586	178.434
163.12	224.202	-45.7474	178.455
163.14	225.855	-47.43	178.425
163.16	220.672	-42.228	178.444
163.18	219.102	-40.6494	178.453
163.2	226.097	-47.6419	178.456
163.22	229.486	-51.0563	178.43
163.24	223.257	-44.8169	178.44
163.26	217.043	-38.5941	178.449
163.28	222.083	-43.619	178.464
163.3	224.023	-45.5704	178.452
163.32	219.317	-40.8519	178.465
163.34	218.191	-39.7285	178.463
163.36	215.349	-36.8867	178.463
163.38	215.091	-36.6399	178.451
163.4	222.202	-43.7472	178.455
163.42	226.896	-48.4196	178.476
163.44	230.821	-52.3513	178.469
163.46	231.906	-53.4211	178.485
163.48	228.418	-49.938	178.48
163.5	221.75	-43.2688	178.481
163.52	216.917	-38.4365	178.481
163.54	219.909	-41.421	178.488
163.56	221.34	-42.8376	178.502
163.58	222.807	-44.321	178.486
163.6	222.923	-44.4607	178.462
163.62	216.203	-37.7371	178.466
163.64	218.447	-39.9911	178.456
163.66	222.251	-43.8093	178.442
163.68	224.308	-45.8684	178.439
163.7	223.341	-44.8809	178.46
163.72	222.592	-44.1468	178.446
163.74	220.367	-41.9285	178.439
163.76	219.564	-41.1151	178.449
163.78	213.592	-35.1489	178.443
163.8	204.964	-26.4871	178.477
163.82	219.151	-40.7082	178.443
163.84	220.912	-42.4206	178.492
163.86	225.922	-47.4393	178.482
163.88	226.322	-47.8453	178.476
163.9	224.149	-45.6433	178.506
163.92	222.515	-43.9808	178.534
163.94	222.202	-43.6797	178.523
163.96	222.867	-44.3172	178.55
163.98	223.678	-45.1126	178.565
164	223.962	-45.3805	178.582
164.02	223.827	-45.2444	178.582
164.04	223.768	-45.2078	178.561
164.06	224.235	-45.6756	178.56
164.08	224.405	-45.8412	178.563
164.1	222.783	-44.2209	178.562
164.12	218.813	-40.2488	178.564
164.14	216.551	-37.9648	178.586
164.16	217.984	-39.3931	178.591
164.18	214.908	-36.3261	178.582
164.2	207.535	-28.9394	178.595
164.22	214.701	-36.1372	178.564
164.24	221.587	-43.016	178.571
164.26	222.434	-43.8611	178.573
164.28	220.06	-41.4902	178.57
164.3	216.88	-38.3235	178.557
164.32	215.512	-36.9482	178.564
164.34	220.14	-41.5939	178.547
164.36	216.74	-38.1804	178.56
164.38	211.062	-32.5122	178.55
164.4	214.567	-36.0559	178.511
164.42	215.724	-37.192	178.532
164.44	216.836	-38.3204	178.516
164.46	218.053	-39.5319	178.521
164.48	218.448	-39.911	178.537
164.5	217.263	-38.7377	178.525
164.52	214.009	-35.4928	178.517
164.54	212.393	-33.8927	178.5
164.56	213.333	-34.8277	178.505
164.58	215.654	-37.149	178.505
164.6	218.691	-40.1981	178.493
164.62	219.976	-41.4665	178.509
164.64	219.14	-40.6391	178.501
164.66	219.311	-40.8323	178.479
164.68	221.227	-42.7378	178.49
164.7	223.853	-45.3826	178.471
164.72	223.48	-45.0362	178.444
164.74	216.888	-38.4268	178.461
164.76	215.174	-36.7119	178.462
164.78	216.172	-37.6758	178.496
164.8	215.41	-36.9405	178.47
164.82	214.637	-36.171	178.466
164.84	215.329	-36.8468	178.482
164.86	216.713	-38.2255	178.487
164.88	218.373	-39.8894	178.484
164.9	221.536	-43.0728	178.463
164.92	221.642	-43.1819	178.46
164.94	217.427	-38.9639	178.463
164.96	216.818	-38.3492	178.469
164.98	220.289	-41.807	178.482
165	224.563	-46.0904	178.472
165.02	226.275	-47.8092	178.466
165.04	227.102	-48.6573	178.444
165.06	222.274	-43.8071	178.467
165.08	221.586	-43.1027	178.483
165.1	226.685	-48.2294	178.455
165.12	226.49	-48.0369	178.453
165.14	218.006	-39.5344	178.471
165.16	214.3	-35.8207	178.48
165.18	223.747	-45.2862	178.461
165.2	230.159	-51.6959	178.463
165.22	231.118	-52.6375	178.48
165.24	226.45	-47.9693	178.481
165.26	211.965	-33.5009	178.464
165.28	197.334	-18.8199	178.514
165.3	216.031	-37.5913	178.44
165.32	222.401	-43.9337	178.468
165.34	216.976	-38.4952	178.481
165.36	211.503	-33.005	178.498
165.38	211.742	-33.2722	178.47
165.4	219.458	-40.9979	178.46
165.42	221.426	-42.9423	178.483
165.44	217.185	-38.6469	178.538
165.46	215.563	-37.0124	178.551
165.48	218.427	-39.8923	178.535
165.5	217.891	-39.3682	178.523
165.52	215.32	-36.7816	178.539
165.54	220.112	-41.5997	178.513
165.56	222.961	-44.4412	178.52
165.58	221.962	-43.4344	178.527
165.6	219.935	-41.403	178.531
165.62	217.845	-39.2971	178.547
165.64	220.309	-41.785	178.524
165.66	221.662	-43.1134	178.549
165.68	222.619	-44.0525	178.567
165.7	224.604	-46.0392	178.565
165.72	224.626	-46.0597	178.566
165.74	219.282	-40.7348	178.547
165.76	214.821	-36.2974	178.524
165.78	218.004	-39.4764	178.528
165.8	225.344	-46.8158	178.528
165.82	228.779	-50.2383	178.541
165.84	227.65	-49.1245	178.525
165.86	224.135	-45.5956	178.539
165.88	222.837	-44.2881	178.549
165.9	222.505	-43.9577	178.547
165.92	222.426	-43.8794	178.546
165.94	226.148	-47.5977	178.55
165.96	226.103	-47.5346	178.568
165.98	223.233	-44.6614	178.572
166	220.576	-41.9606	178.615
166.02	225.784	-47.1681	178.616
166.04	228.389	-49.7921	178.597
166.06	227.176	-48.592	178.584
166.08	221.8	-43.2068	178.593
166.1	220.162	-41.5998	178.563
166.12	219.237	-40.6707	178.567
166.14	220.624	-42.0711	178.553
166.16	225.083	-46.5398	178.543
166.18	223.345	-44.7991	178.546
166.2	223.173	-44.6291	178.544
166.22	223.812	-45.2842	178.528
166.24	224.585	-46.0696	178.516
166.26	223.717	-45.2152	178.502
166.28	218.43	-39.9121	178.518
166.3	214.957	-36.4173	178.54
166.32	218.445	-39.9295	178.516
166.34	219.141	-40.6298	178.512
166.36	221.378	-42.8771	178.501
166.38	220.675	-42.1887	178.486
166.4	218.35	-39.8612	178.489
166.42	218.303	-39.846	178.457
166.44	216.743	-38.2658	178.477
166.46	215.88	-37.3941	178.486
166.48	217.288	-38.8005	178.488
166.5	224.854	-46.3896	178.465
166.52	226.038	-47.5692	178.469
166.54	223.346	-44.8699	178.476
166.56	224.753	-46.2655	178.487
166.58	225.276	-46.791	178.485
166.6	221.743	-43.2616	178.482
166.62	217.348	-38.86	178.488
166.64	215.744	-37.2536	178.491
166.66	220.206	-41.7283	178.478
166.68	224.1	-45.6223	178.478
166.7	224.192	-45.7051	178.487
166.72	223.655	-45.1653	178.49
166.74	224.109	-45.6079	178.501
166.76	227.178	-48.6852	178.493
166.78	228.499	-50.0205	178.478
166.8	229.393	-50.9196	178.473
166.82	230.326	-51.8531	178.473
166.84	231.037	-52.548	178.49
166.86	231.053	-52.5694	178.483
166.88	229.369	-50.8829	178.486
166.9	223.553	-45.0784	178.475
166.92	216.946	-38.4497	178.496
166.94	221.867	-43.414	178.453
166.96	227.75	-49.2931	178.456
166.98	229.118	-50.6293	178.489
167	230.223	-51.7307	178.492
167.02	229.217	-50.7124	178.505
167.04	227.687	-49.1724	178.515
167.06	224.776	-46.2762	178.5
167.08	223.704	-45.1915	178.513
167.1	225.985	-47.4587	178.527
167.12	227.362	-48.8172	178.544
167.14	228.113	-49.5898	178.523
167.16	228.345	-49.8447	178.501
167.18	227.616	-49.1046	178.511
167.2	225.961	-47.4542	178.507
167.22	225.403	-46.8729	178.53
167.24	226.874	-48.3748	178.499
167.26	226.238	-47.7688	178.469
167.28	221.094	-42.6441	178.45
167.3	216.677	-38.211	178.466
167.32	218.901	-40.4475	178.454
167.34	220.714	-42.2698	178.444
167.36	221.289	-42.8237	178.466
167.38	220.445	-41.9614	178.484
167.4	222.819	-44.333	178.486
167.42	229.11	-50.6372	178.473
167.44	228.111	-49.635	178.476
167.46	216.839	-38.3286	178.51
167.48	221.387	-42.9006	178.486
167.5	219.666	-41.1415	178.525
167.52	227.175	-48.688	178.487
167.54	223.586	-45.0942	178.491
167.56	210.523	-32.0379	178.485
167.58	216.759	-38.2922	178.466
167.6	223.17	-44.7078	178.462
167.62	220.687	-42.226	178.461
167.64	215.604	-37.1474	178.457
167.66	215.607	-37.1691	178.438
167.68	218.226	-39.7889	178.437
167.7	225.43	-46.9773	178.452
167.72	228.486	-50.0396	178.447
167.74	226.501	-48.0624	178.439
167.76	223.484	-45.0311	178.453
167.78	223.843	-45.3969	178.446
167.8	225.516	-47.0526	178.464
167.82	223.56	-45.0962	178.463
167.84	218.654	-40.2001	178.454
167.86	216.358	-37.877	178.481
167.88	221.026	-42.5254	178.501
167.9	223.66	-45.1596	178.501
167.92	223.884	-45.3898	178.494
167.94	230.657	-52.169	178.488
167.96	232.906	-54.416	178.49
167.98	228.296	-49.8033	178.493
168	222.461	-43.9646	178.497
168.02	221.081	-42.5732	178.508
168.04	224.073	-45.582	178.491
168.06	224.809	-46.3162	178.492
168.08	225.406	-46.9057	178.5
168.1	227.67	-49.1777	178.492
168.12	226.794	-48.307	178.487
168.14	223.396	-44.9299	178.466
168.16	221.731	-43.2574	178.474
168.18	222.972	-44.5019	178.47
168.2	217.453	-38.987	178.466
168.22	216.137	-37.6715	178.466
168.24	219.548	-41.0949	178.453
168.26	221.501	-43.0713	178.43
168.28	225.038	-46.6216	178.417
168.3	227.488	-49.0722	178.416
168.32	226.737	-48.3051	178.432
168.34	221.597	-43.191	178.406
168.36	210.387	-31.9553	178.432
168.38	218.479	-40.0531	178.426
168.4	228.535	-50.1238	178.411
168.42	227.1	-48.663	178.437
168.44	229.818	-51.3715	178.447
168.46	231.651	-53.2159	178.435
168.48	226.569	-48.1472	178.422
168.5	215.487	-37.0436	178.443
168.52	211.654	-33.2459	178.408
168.54	205.084	-26.6674	178.417
168.56	217.603	-39.1896	178.414
168.58	223.662	-45.257	178.405
168.6	216.447	-38.0139	178.433
168.62	212.712	-34.2784	178.433
168.64	223.336	-44.9489	178.387
168.66	228.75	-50.3537	178.397
168.68	228.334	-49.9347	178.399
168.7	225.721	-47.2972	178.424
168.72	224.264	-45.8413	178.422
168.74	224.117	-45.6708	178.446
168.76	226.491	-47.9928	178.498
168.78	228.591	-50.0891	178.502
168.8	228.905	-50.3819	178.523
168.82	231.951	-53.4529	178.498
168.84	233.643	-55.1586	178.485
168.86	230.654	-52.1691	178.485
168.88	223.664	-45.1634	178.501
168.9	215.423	-36.9243	178.498
168.92	212.893	-34.3785	178.515
168.94	222.126	-43.6395	178.486
168.96	229.093	-50.6055	178.488
168.98	230.051	-51.5719	178.479
169	232.653	-54.1616	178.492
169.02	233.055	-54.5603	178.495
169.04	226.418	-47.9347	178.484
169.06	214.905	-36.371	178.534
169.08	220.761	-42.2275	178.533
169.1	224.994	-46.4473	178.547
169.12	227.232	-48.6937	178.538
169.14	224.24	-45.7152	178.525
169.16	216.948	-38.3987	178.549
169.18	220.506	-41.9551	178.551
169.2	225.412	-46.8619	178.55
169.22	226.515	-47.9605	178.554
169.24	227.204	-48.6575	178.547
169.26	225.438	-46.9046	178.534
169.28	222.122	-43.6024	178.519
169.3	224.649	-46.1406	178.509
169.32	227.271	-48.7461	178.525
169.34	222.09	-43.5536	178.536
169.36	220.168	-41.639	178.529
169.38	223.663	-45.145	178.518
169.4	225.543	-47.0253	178.518
169.42	224.694	-46.1716	178.523
169.44	225.675	-47.1594	178.516
169.46	227.184	-48.6866	178.497
169.48	226.002	-47.5004	178.502
169.5	221.539	-43.0329	178.506
169.52	214.462	-35.948	178.514
169.54	211.035	-32.5245	178.51
169.56	219.54	-41.0292	178.511
169.58	226.98	-48.4807	178.499
169.6	227.668	-49.1872	178.481
169.62	225.347	-46.8545	178.493
169.64	222.427	-43.9437	178.483
169.66	219.803	-41.337	178.466
169.68	215.574	-37.0994	178.475
169.7	220.331	-41.8657	178.466
169.72	223.343	-44.8783	178.464
169.74	220.273	-41.8307	178.442
169.76	212.897	-34.4036	178.493
169.78	221.99	-43.545	178.445
169.8	222.199	-43.7531	178.446
169.82	223.149	-44.7055	178.444
169.84	224.437	-45.978	178.459
169.86	223.045	-44.594	178.451
169.88	221.866	-43.3986	178.467
169.9	221.406	-42.9277	178.479
169.92	222.43	-43.9572	178.473
169.94	224.732	-46.2496	178.482
169.96	225.256	-46.7761	178.48
169.98	221.996	-43.5096	178.486
170	218.14	-39.6511	178.489
170.02	216.124	-37.6405	178.484
170.04	219.571	-41.0907	178.48
170.06	223.653	-45.1801	178.473
170.08	222.082	-43.616	178.466
170.1	221.867	-43.379	178.488
170.12	222.972	-44.4952	178.476
170.14	221.694	-43.2376	178.457
170.16	217.669	-39.2031	178.465
170.18	216.121	-37.6782	178.443
170.2	222.59	-44.1277	178.463
170.22	227.106	-48.638	178.468
170.24	226.766	-48.3133	178.452
170.26	222.244	-43.78	178.464
170.28	223.293	-44.8375	178.455
170.3	222.202	-43.7413	178.461
170.32	225.69	-47.2346	178.456
170.34	228.356	-49.8906	178.466
170.36	231.657	-53.2021	178.455
170.38	229.698	-51.2371	178.461
170.4	229.192	-50.7101	178.482
170.42	230.929	-52.4261	178.503
170.44	230.78	-52.2947	178.485
170.46	218.432	-39.951	178.481
170.48	219.787	-41.3407	178.446
170.5	221.871	-43.4108	178.46
170.52	226.736	-48.2791	178.457
170.54	221.601	-43.1482	178.452
170.56	226.843	-48.4057	178.437
170.58	233.134	-54.6931	178.441
170.6	223.643	-45.1851	178.458
170.62	227.085	-48.6608	178.424
170.64	234.042	-55.6195	178.423
170.66	233.687	-55.2748	178.412
170.68	227.309	-48.9038	178.405
170.7	223.574	-45.1241	178.45
170.72	228.076	-49.6369	178.44
170.74	223.968	-45.5494	178.418
170.76	220.44	-42.0143	178.425
170.78	226.052	-47.6461	178.406
170.8	228.503	-50.0971	178.406
170.82	224.79	-46.3846	178.405
170.84	215.526	-37.0973	178.429
170.86	213.804	-35.3572	178.447
170.88	223.546	-45.0855	178.461
170.9	230.47	-52.0098	178.46
170.92	228.448	-49.9513	178.496
170.94	223.464	-44.9447	178.519
170.96	229.803	-51.2993	178.504
170.98	231.047	-52.5213	178.526
171	229.813	-51.297	178.516
171.02	228.652	-50.1076	178.544
171.04	228.483	-49.9553	178.528
171.06	224.271	-45.7284	178.543
171.08	217.592	-39.0455	178.547
171.1	220.815	-42.2803	178.535
171.12	221.947	-43.4396	178.507
171.14	222.615	-44.0748	178.54
171.16	228.353	-49.8361	178.517
171.18	230.367	-51.8382	178.529
171.2	228.798	-50.2626	178.535
171.22	224.561	-46.0429	178.518
171.24	220.131	-41.6278	178.504
171.26	218.575	-40.102	178.473
171.28	219.191	-40.6973	178.494
171.3	223.73	-45.2235	178.507
171.32	226.865	-48.353	178.512
171.34	226.26	-47.7461	178.514
171.36	224.766	-46.2413	178.524
171.38	222.378	-43.8479	178.53
171.4	220.573	-42.0276	178.546
171.42	223.894	-45.3719	178.523
171.44	225.356	-46.8401	178.516
171.46	221.389	-42.8874	178.501
171.48	214.073	-35.5634	178.509
171.5	222.474	-43.9944	178.48
171.52	228.868	-50.392	178.476
171.54	228.413	-49.95	178.463
171.56	224.38	-45.917	178.463
171.58	215.186	-36.6876	178.498
171.6	220.973	-42.5096	178.464
171.62	226.189	-47.7293	178.459
171.64	224.362	-45.8807	178.481
171.66	224.737	-46.22	178.517
171.68	230.063	-51.5584	178.505
171.7	231.076	-52.554	178.522
171.72	226.981	-48.468	178.513
171.74	221.176	-42.6715	178.505
171.76	222.255	-43.7202	178.534
171.78	230.096	-51.6089	178.487
171.8	231.367	-52.8645	178.503
171.82	229.625	-51.1087	178.516
171.84	228.482	-49.9766	178.506
171.86	228.709	-50.2093	178.5
171.88	229.58	-51.0746	178.505
171.9	230.993	-52.4879	178.505
171.92	231.813	-53.3058	178.507
171.94	228.659	-50.1654	178.494
171.96	221.778	-43.2743	178.503
171.98	222.664	-44.1717	178.492
172	226.266	-47.7775	178.489
172.02	226.048	-47.5604	178.487
172.04	226.105	-47.6203	178.485
172.06	229.801	-51.3251	178.476
172.08	232.237	-53.7518	178.485
172.1	230.585	-52.1068	178.478
172.12	224.983	-46.504	178.479
172.14	223.941	-45.4811	178.46
172.16	225.558	-47.1142	178.444
172.18	222.628	-44.1699	178.458
172.2	219.841	-41.3883	178.452
172.22	222.958	-44.5213	178.437
172.24	226.126	-47.6732	178.452
172.26	226.165	-47.7	178.465
172.28	224.567	-46.0677	178.499
172.3	223.742	-45.2424	178.499
172.32	224.121	-45.6395	178.482
172.34	224.183	-45.6749	178.508
172.36	222.94	-44.4375	178.503
172.38	220.615	-42.1266	178.489
172.4	216.46	-37.9704	178.489
172.42	218.958	-40.4652	178.493
172.44	225.313	-46.8305	178.482
172.46	226.613	-48.1264	178.487
172.48	226.058	-47.5678	178.491
172.5	222.81	-44.2981	178.512
172.52	222.385	-43.907	178.478
172.54	223.716	-45.2358	178.48
172.56	222.765	-44.2759	178.489
172.58	223.216	-44.711	178.505
172.6	224.727	-46.2239	178.503
172.62	224.848	-46.3344	178.513
172.64	223.052	-44.5294	178.522
172.66	223.992	-45.4831	178.509
172.68	225.962	-47.4541	178.508
172.7	224.719	-46.2243	178.495
172.72	220.588	-42.0739	178.515
172.74	222.21	-43.6908	178.52
172.76	219.464	-40.9526	178.512
172.78	218.713	-40.1905	178.523
172.8	225.967	-47.4673	178.5
172.82	229.502	-51.0059	178.496
172.84	228.478	-49.9667	178.511
172.86	223.084	-44.563	178.521
172.88	221.043	-42.5216	178.521
172.9	223.579	-45.0647	178.514
172.92	227.189	-48.692	178.497
172.94	230.44	-51.931	178.509
172.96	232.472	-53.9803	178.492
172.98	232.833	-54.3556	178.477
173	233.403	-54.9258	178.477
173.02	233.673	-55.1988	178.475
173.04	230.198	-51.7261	178.472
173.06	221.639	-43.1375	178.502
173.08	221.28	-42.7788	178.501
173.1	228.515	-50.0437	178.471
173.12	229.929	-51.4645	178.464
173.14	227.862	-49.4075	178.454
173.16	224.877	-46.4312	178.446
173.18	224.37	-45.9026	178.468
173.2	226.09	-47.6418	178.448
173.22	225.839	-47.3923	178.447
173.24	223.072	-44.5977	178.474
173.26	223.823	-45.3469	178.476
173.28	224.553	-46.0741	178.479
173.3	222.758	-44.2899	178.468
173.32	224.153	-45.6919	178.461
173.34	227.53	-49.0815	178.449
173.36	228.777	-50.3464	178.431
173.38	221.092	-42.6693	178.423
173.4	220.942	-42.5171	178.425
173.42	227.236	-48.8133	178.423
173.44	227.893	-49.4949	178.398
173.46	226.904	-48.4903	178.414
173.48	228.86	-50.4623	178.398
173.5	229.145	-50.7398	178.405
173.52	228.226	-49.8154	178.41
173.54	225.932	-47.5006	178.431
173.56	218.634	-40.1734	178.461
173.58	221.707	-43.2545	178.453
173.6	223.623	-45.1728	178.45
173.62	221.621	-43.1789	178.442
173.64	225.099	-46.6692	178.429
173.66	226.333	-47.9064	178.427
173.68	222.177	-43.743	178.434
173.7	221.887	-43.4402	178.447
173.72	227.111	-48.6706	178.441
173.74	229.265	-50.8216	178.443
173.76	223.582	-45.1382	178.443
173.78	214.222	-35.7657	178.456
173.8	217.131	-38.6888	178.442
173.82	224.916	-46.4761	178.44
173.84	228.745	-50.3083	178.437
173.86	229.543	-51.126	178.417
173.88	228.816	-50.4023	178.413
173.9	223.233	-44.8305	178.403
173.92	218.812	-40.402	178.41
173.94	223.182	-44.7845	178.397
173.96	226.559	-48.1444	178.415
173.98	227.481	-49.0598	178.421
174	226.783	-48.317	178.466
174.02	225.786	-47.3085	178.478
174.04	225.217	-46.7509	178.466
174.06	224.039	-45.5749	178.464
174.08	221.843	-43.3523	178.491
174.1	223.99	-45.5102	178.48
174.12	225.568	-47.0834	178.485
174.14	223.722	-45.2424	178.48
174.16	219.34	-40.8365	178.503
174.18	218.426	-39.9298	178.496
174.2	224.947	-46.4503	178.496
174.22	224.743	-46.2633	178.479
174.24	217.742	-39.247	178.495
174.26	217.53	-39.0491	178.481
174.28	220.394	-41.922	178.472
174.3	216.544	-38.0413	178.503
174.32	227.729	-49.2444	178.484
174.34	227.435	-48.9432	178.492
174.36	224.08	-45.5618	178.519
174.38	223.729	-45.2151	178.514
174.4	221.648	-43.1321	178.516
174.42	221.237	-42.7586	178.479
174.44	223.466	-44.9791	178.487
174.46	224.445	-45.9563	178.489
174.48	224.791	-46.3042	178.487
174.5	222.671	-44.1777	178.494
174.52	221.31	-42.8104	178.5
174.54	220.903	-42.409	178.494
174.56	218.101	-39.5966	178.504
174.58	221.825	-43.3177	178.508
174.6	224.953	-46.4554	178.498
174.62	225.682	-47.172	178.51
174.64	225.05	-46.534	178.516
174.66	224.56	-46.0588	178.501
174.68	225.988	-47.5213	178.466
174.7	226.998	-48.5484	178.45
174.72	221.459	-43.0038	178.455
174.74	216.643	-38.1786	178.464
174.76	222.932	-44.4877	178.444
174.78	227.198	-48.7351	178.463
174.8	228.021	-49.5572	178.464
174.82	227.54	-49.0675	178.472
174.84	227.784	-49.2997	178.485
174.86	225.455	-46.9798	178.475
174.88	221.719	-43.2494	178.47
174.9	218.441	-39.9784	178.463
174.92	211.94	-33.4706	178.47
174.94	210.464	-31.9646	178.5
174.96	223.101	-44.6162	178.485
174.98	227.355	-48.8837	178.471
175	230.631	-52.1512	178.48
175.02	230.662	-52.1743	178.487
175.04	229.198	-50.7252	178.473
175.06	229.005	-50.5268	178.478
175.08	229.271	-50.7991	178.472
175.1	228.663	-50.1971	178.465
175.12	225.956	-47.4955	178.46
175.14	222.77	-44.2951	178.475
175.16	223.681	-45.219	178.462
175.18	226.131	-47.6559	178.475
175.2	226.705	-48.2112	178.494
175.22	227.2	-48.7189	178.481
175.24	226.139	-47.6697	178.469
175.26	223.146	-44.6891	178.456
175.28	223.257	-44.8245	178.432
175.3	224.51	-46.073	178.438
175.32	225.308	-46.8471	178.461
175.34	226.231	-47.7566	178.474
175.36	224.496	-46.0406	178.455
175.38	223.384	-44.9083	178.476
175.4	222.133	-43.6819	178.451
175.42	217.384	-38.9245	178.46
175.44	213.24	-34.7813	178.458
175.46	222.698	-44.2829	178.415
175.48	228.185	-49.7786	178.407
175.5	227.133	-48.7196	178.413
175.52	221.589	-43.1816	178.407
175.54	219.375	-40.9707	178.405
175.56	223.622	-45.2296	178.392
175.58	225.199	-46.8253	178.373
175.6	221.614	-43.2314	178.382
175.62	223.517	-45.1539	178.363
175.64	224.006	-45.613	178.393
175.66	222.622	-44.2229	178.399
175.68	220.575	-42.1687	178.406
175.7	217.119	-38.7335	178.386
175.72	219.281	-40.9047	178.377
175.74	221.823	-43.4517	178.371
175.76	224.003	-45.6135	178.389
175.78	226.348	-47.9566	178.391
175.8	223.871	-45.4593	178.412
175.82	210.678	-32.2376	178.44
175.84	205.313	-26.8759	178.437
175.86	215.964	-37.5566	178.408
175.88	222.304	-43.9004	178.404
175.9	227.382	-48.9944	178.387
175.92	230.247	-51.8745	178.372
175.94	230.728	-52.3572	178.371
175.96	226.695	-48.3091	178.386
175.98	217.24	-38.8389	178.401
176	222.535	-44.1185	178.416
176.02	227.532	-49.0904	178.442
176.04	228.956	-50.5203	178.436
176.06	225.803	-47.3895	178.413
176.08	219.749	-41.3288	178.42
176.1	219.87	-41.4493	178.42
176.12	221.956	-43.5149	178.441
176.14	222.833	-44.4068	178.427
176.16	223.53	-45.1257	178.405
176.18	218.763	-40.359	178.404
176.2	218.1	-39.7023	178.397
176.22	225.556	-47.1722	178.384
176.24	228.801	-50.4551	178.346
176.26	225.574	-47.2158	178.358
176.28	219.969	-41.6066	178.363
176.3	218.673	-40.3202	178.352
176.32	221.687	-43.3283	178.358
176.34	222.266	-43.8925	178.374
176.36	220.39	-42.0099	178.38
176.38	222.399	-44.0274	178.372
176.4	225.793	-47.4059	178.387
176.42	226.978	-48.5848	178.393
176.44	219.575	-41.1894	178.385
176.46	208.651	-30.2229	178.428
176.48	213.716	-35.3042	178.412
176.5	222.093	-43.6831	178.41
176.52	225.378	-46.9796	178.398
176.54	226.841	-48.4191	178.422
176.56	227.169	-48.7374	178.431
176.58	225.953	-47.518	178.435
176.6	226.478	-48.0567	178.421
176.62	225.852	-47.4156	178.436
176.64	222.626	-44.2023	178.424
176.66	222.377	-43.9537	178.424
176.68	224.675	-46.2609	178.414
176.7	223.339	-44.9056	178.433
176.72	221.071	-42.6421	178.429
176.74	220.534	-42.0899	178.444
176.76	219.697	-41.2589	178.438
176.78	220.017	-41.567	178.45
176.8	222.044	-43.5867	178.458
176.82	221.022	-42.5709	178.451
176.84	217.612	-39.1252	178.487
176.86	221.18	-42.714	178.466
176.88	227.022	-48.5334	178.489
176.9	226.212	-47.7048	178.507
176.92	216.564	-38.0615	178.502
176.94	213.675	-35.1811	178.494
176.96	214.803	-36.3002	178.503
176.98	217.735	-39.247	178.488
177	222.443	-43.9617	178.482
177.02	226.389	-47.9193	178.47
177.04	227.305	-48.8459	178.459
177.06	224.823	-46.3575	178.465
177.08	220.599	-42.0935	178.506
177.1	218.226	-39.7293	178.496
177.12	219.638	-41.1387	178.5
177.14	222.01	-43.5007	178.509
177.16	222.71	-44.2058	178.505
177.18	223.077	-44.5548	178.522
177.2	224.263	-45.7664	178.496
177.22	221.121	-42.6187	178.503
177.24	210.755	-32.241	178.514
177.26	210.004	-31.4724	178.531
177.28	220.324	-41.799	178.525
177.3	223.791	-45.2747	178.516
177.32	220.74	-42.1913	178.549
177.34	218.821	-40.2532	178.567
177.36	220.613	-42.0403	178.572
177.38	219.744	-41.1669	178.577
177.4	222.059	-43.5003	178.559
177.42	225.946	-47.3845	178.561
177.44	225.395	-46.8407	178.554
177.46	223.98	-45.424	178.556
177.48	219.517	-40.9481	178.569
177.5	215.694	-37.1196	178.575
177.52	214.644	-36.0542	178.59
177.54	215.023	-36.4415	178.581
177.56	218.965	-40.3785	178.586
177.58	224.298	-45.7039	178.594
177.6	225.836	-47.2507	178.585
177.62	224.547	-45.9763	178.57
177.64	222.884	-44.302	178.582
177.66	221.578	-43.0005	178.578
177.68	216.241	-37.6697	178.571
177.7	208.173	-29.5797	178.593
177.72	217.638	-39.0768	178.561
177.74	225.306	-46.7148	178.591
177.76	223.75	-45.1576	178.592
177.78	220.651	-42.042	178.609
177.8	218.499	-39.8925	178.607
177.82	220.951	-42.342	178.609
177.84	224.78	-46.1676	178.612
177.86	225.2	-46.5866	178.613
177.88	223.454	-44.8497	178.604
177.9	223.047	-44.426	178.621
177.92	224.597	-45.9964	178.601
177.94	224.356	-45.7509	178.605
177.96	221.094	-42.4987	178.595
177.98	218.418	-39.8204	178.597
178	220.825	-42.201	178.624
178.02	225.337	-46.7211	178.616
178.04	226.535	-47.9439	178.591
178.06	225.857	-47.2554	178.602
178.08	224.001	-45.4016	178.6
178.1	224.221	-45.5898	178.631
178.12	224.948	-46.3362	178.612
178.14	222.499	-43.8855	178.614
178.16	219.241	-40.6377	178.604
178.18	217.487	-38.8891	178.598
178.2	216.52	-37.928	178.592
178.22	214.253	-35.6646	178.589
178.24	220.859	-42.3107	178.548
178.26	223.262	-44.7034	178.559
178.28	223.096	-44.541	178.555
178.3	222.893	-44.3257	178.567
178.32	223.647	-45.086	178.562
178.34	225.27	-46.7043	178.566
178.36	225.884	-47.3205	178.563
178.38	222.941	-44.3847	178.556
178.4	217.537	-38.9675	178.57
178.42	218.032	-39.4428	178.589
178.44	213.332	-34.747	178.585
178.46	211.712	-33.1437	178.569
178.48	218.34	-39.7783	178.562
178.5	218.973	-40.3886	178.584
178.52	217.093	-38.5171	178.576
178.54	217.712	-39.139	178.573
178.56	223.08	-44.5235	178.556
178.58	225.688	-47.1429	178.545
178.6	223.952	-45.3855	178.566
178.62	223.236	-44.6533	178.583
178.64	224.133	-45.5393	178.594
178.66	220.049	-41.464	178.585
178.68	212.835	-34.2358	178.599
178.7	215.812	-37.2184	178.593
178.72	217.88	-39.2835	178.597
178.74	219.536	-40.9484	178.588
178.76	222.086	-43.4971	178.589
178.78	221.187	-42.5977	178.59
178.8	218.873	-40.276	178.597
178.82	222.907	-44.3271	178.58
178.84	226.036	-47.4588	178.577
178.86	216.915	-38.3112	178.604
178.88	221.39	-42.7951	178.595
178.9	229.462	-50.8459	178.616
178.92	229.88	-51.268	178.612
178.94	226.049	-47.4829	178.566
178.96	217.426	-38.8609	178.565
178.98	212.584	-34.0027	178.581
179	217.727	-39.1495	178.578
179.02	222.288	-43.7033	178.585
179.04	224.622	-46.055	178.567
179.06	224.516	-45.9486	178.567
179.08	227.778	-49.2252	178.553
179.1	230.876	-52.3506	178.525
179.12	230.569	-52.0524	178.516
179.14	228.997	-50.4422	178.554
179.16	226.25	-47.6856	178.565
179.18	222.891	-44.3285	178.562
179.2	223.17	-44.6524	178.517
179.22	225.851	-47.3251	178.526
179.24	227.502	-48.9587	178.544
179.26	229.052	-50.5141	178.538
179.28	229.973	-51.4594	178.514
179.3	227.306	-48.7711	178.534
179.32	220.875	-42.3403	178.535
179.34	214.049	-35.5156	178.534
179.36	215.744	-37.2157	178.528
179.38	224.255	-45.7308	178.525
179.4	225.696	-47.1695	178.526
179.42	220.987	-42.4524	178.535
179.44	220.791	-42.2638	178.527
179.46	224.372	-45.8398	178.532
179.48	227.664	-49.1655	178.498
179.5	228.736	-50.2506	178.486
179.52	225.013	-46.5529	178.461
179.54	219.153	-40.6841	178.469
179.56	219.733	-41.2557	178.477
179.58	224.044	-45.5737	178.47
179.6	228.434	-49.9639	178.47
179.62	228.34	-49.8622	178.478
179.64	220.708	-42.243	178.465
179.66	213.5	-35.0224	178.478
179.68	219.43	-40.9755	178.454
179.7	223.762	-45.3019	178.46
179.72	228.374	-49.9185	178.456
179.74	227.247	-48.7976	178.45
179.76	219.166	-40.6913	178.475
179.78	213.658	-35.2171	178.441
179.8	215.496	-37.0706	178.425
179.82	215.687	-37.2612	178.426
179.84	228.294	-49.8926	178.401
179.86	231.942	-53.5212	178.42
179.88	230.073	-51.6676	178.406
179.9	225.666	-47.243	178.423
179.92	221.058	-42.618	178.44
179.94	218.291	-39.8241	178.467
179.96	217.706	-39.2607	178.445
179.98	220.203	-41.7251	178.478
180	223.923	-45.4449	178.478
180.02	222.117	-43.6145	178.503
180.04	219.657	-41.1533	178.503
180.06	218.017	-39.5168	178.5
180.08	216.662	-38.1488	178.513
180.1	221.815	-43.3144	178.5
180.12	223.193	-44.6612	178.531
180.14	222.394	-43.8495	178.544
180.16	222.222	-43.6772	178.545
180.18	223.385	-44.845	178.54
180.2	225.816	-47.2781	178.538
180.22	227.022	-48.5016	178.52
180.24	224.777	-46.2557	178.521
180.26	216.634	-38.0998	178.534
180.28	213.266	-34.7413	178.524
180.3	212.987	-34.4769	178.51
180.32	209.499	-30.9667	178.532
180.34	210.846	-32.3	178.546
180.36	218.713	-40.1766	178.536
180.38	220.375	-41.8405	178.534
180.4	217.797	-39.2841	178.513
180.42	219.036	-40.5618	178.474
180.44	222.951	-44.5025	178.449
180.46	224.439	-45.996	178.443
180.48	222.972	-44.5215	178.45
180.5	220.683	-42.2048	178.479
180.52	219.452	-40.9573	178.495
180.54	220.06	-41.5361	178.524
180.56	222.844	-44.3184	178.525
180.58	223.027	-44.513	178.514
180.6	219.953	-41.4407	178.512
180.62	218.8	-40.3156	178.485
180.64	219.797	-41.3061	178.491
180.66	219.21	-40.689	178.521
180.68	224.009	-45.5147	178.494
180.7	223.861	-45.3658	178.495
180.72	220.516	-42.0283	178.488
180.74	224.753	-46.2836	178.469
180.76	218.678	-40.2164	178.461
180.78	220.946	-42.4861	178.46
180.8	221.058	-42.5892	178.468
180.82	215.741	-37.2547	178.486
180.84	219.38	-40.9231	178.456
180.86	225.317	-46.8515	178.465
180.88	225.642	-47.1761	178.466
180.9	216.657	-38.1789	178.478
180.92	216.148	-37.6819	178.466
180.94	218.274	-39.8141	178.46
180.96	212.402	-33.9374	178.464
180.98	220.583	-42.1403	178.443
181	225.05	-46.5967	178.454
181.02	224.144	-45.6826	178.462
181.04	226.134	-47.691	178.443
181.06	227.828	-49.3799	178.449
181.08	228.454	-49.9831	178.471
181.1	227.932	-49.465	178.468
181.12	222.959	-44.5024	178.457
181.14	216.876	-38.4224	178.454
181.16	218.787	-40.3469	178.44
181.18	221.751	-43.3162	178.435
181.2	222.626	-44.1844	178.441
181.22	222.338	-43.884	178.454
181.24	221.898	-43.4305	178.467
181.26	220.538	-42.0514	178.487
181.28	225.189	-46.7153	178.473
181.3	226.852	-48.3561	178.496
181.32	223.869	-45.3765	178.492
181.34	219.406	-40.8945	178.511
181.36	218.661	-40.1711	178.49
181.38	221.899	-43.4303	178.469
181.4	223.186	-44.7138	178.472
181.42	223.82	-45.3708	178.449
181.44	223.058	-44.6154	178.442
181.46	221.221	-42.7896	178.431
181.48	223.564	-45.1273	178.437
181.5	224.821	-46.3722	178.449
181.52	223.545	-45.0902	178.455
181.54	216.163	-37.7	178.463
181.56	215.031	-36.5586	178.472
181.58	219.72	-41.2685	178.451
181.6	214.088	-35.6234	178.465
181.62	211.505	-33.0493	178.456
181.64	219.296	-40.8465	178.45
181.66	222.619	-44.1796	178.439
181.68	225.63	-47.1979	178.432
181.7	226.439	-48.0277	178.412
181.72	220.094	-41.6803	178.414
181.74	214.817	-36.3871	178.43
181.76	217.095	-38.6658	178.429
181.78	218.202	-39.7426	178.459
181.8	219.454	-40.9979	178.456
181.82	217.529	-39.0754	178.453
181.84	210.346	-31.9012	178.444
181.86	205.907	-27.4534	178.454
181.88	210.161	-31.7145	178.447
181.9	216.206	-37.7231	178.483
181.92	225.422	-46.949	178.473
181.94	226.487	-47.9892	178.498
181.96	225.749	-47.2639	178.485
181.98	227.006	-48.5186	178.488
182	226.773	-48.2895	178.483
182.02	218.759	-40.2743	178.485
182.04	210.505	-32.0137	178.491
182.06	219.639	-41.1614	178.478
182.08	219.71	-41.2181	178.492
182.1	218.301	-39.8117	178.489
182.12	219.367	-40.8852	178.482
182.14	221.066	-42.5808	178.485
182.16	220.688	-42.2263	178.461
182.18	216.456	-37.9901	178.466
182.2	210.265	-31.7819	178.483
182.22	214.017	-35.5247	178.492
182.24	222.319	-43.856	178.463
182.26	221.974	-43.4802	178.494
182.28	216.886	-38.4199	178.466
182.3	219.808	-41.3233	178.485
182.32	223.2	-44.7264	178.474
182.34	221.885	-43.3963	178.488
182.36	220.464	-41.9584	178.505
182.38	219.883	-41.3746	178.509
182.4	218.146	-39.6306	178.515
182.42	217.278	-38.7823	178.496
182.44	220.376	-41.8717	178.504
182.46	224.288	-45.7844	178.503
182.48	226.383	-47.8634	178.52
182.5	226.233	-47.7012	178.532
182.52	225.484	-46.952	178.532
182.54	224.048	-45.521	178.527
182.56	223.612	-45.0959	178.516
182.58	224.016	-45.5211	178.495
182.6	220.494	-41.9751	178.518
182.62	216.836	-38.3105	178.525
182.64	220.89	-42.3758	178.514
182.66	226.29	-47.7672	178.523
182.68	227.405	-48.9161	178.489
182.7	224.719	-46.2143	178.505
182.72	223.289	-44.8017	178.487
182.74	219.218	-40.7171	178.501
182.76	221.949	-43.4513	178.498
182.78	227.982	-49.4648	178.518
182.8	225.365	-46.8356	178.529
182.82	221.754	-43.2395	178.514
182.84	225.647	-47.1547	178.492
182.86	230.668	-52.1769	178.491
182.88	232.556	-54.0771	178.479
182.9	229.464	-50.9629	178.501
182.92	224.004	-45.5095	178.495
182.94	220.905	-42.4266	178.479
182.96	213.58	-35.0802	178.499
182.98	218.547	-40.0462	178.501
183	228.232	-49.7488	178.483
183.02	232.843	-54.3545	178.489
183.04	230.702	-52.1935	178.508
183.06	220.391	-41.8707	178.52
183.08	215.102	-36.5734	178.528
183.1	222.823	-44.3111	178.512
183.12	225.076	-46.559	178.517
183.14	224.474	-45.9564	178.517
183.16	227.878	-49.3645	178.514
183.18	230.594	-52.0613	178.533
183.2	227.322	-48.7911	178.53
183.22	217.116	-38.5734	178.543
183.24	213.785	-35.2357	178.549
183.26	223.066	-44.5251	178.54
183.28	226.599	-48.0541	178.544
183.3	225.813	-47.2594	178.553
183.32	224.979	-46.46	178.519
183.34	223.269	-44.7679	178.502
183.36	219.789	-41.3088	178.48
183.38	218.236	-39.7683	178.467
183.4	220.167	-41.7176	178.449
183.42	213.981	-35.5139	178.467
183.44	214.284	-35.8113	178.473
183.46	222.161	-43.7064	178.455
183.48	225.522	-47.0531	178.469
183.5	225.085	-46.6001	178.485
183.52	220.307	-41.8121	178.495
183.54	216.928	-38.3998	178.528
183.56	224.093	-45.5835	178.51
183.58	227.092	-48.6007	178.492
183.6	226.541	-48.0376	178.504
183.62	223.931	-45.4382	178.493
183.64	221.412	-42.9357	178.477
183.66	219.777	-41.2792	178.498
183.68	218.547	-40.0441	178.502
183.7	217.006	-38.5036	178.503
183.72	216.104	-37.5999	178.504
183.74	215.312	-36.7878	178.524
183.76	216.968	-38.4293	178.539
183.78	217.416	-38.879	178.537
183.8	212.875	-34.3312	178.543
183.82	218.984	-40.4583	178.525
183.84	223.337	-44.8118	178.526
183.86	221.909	-43.3755	178.534
183.88	222.737	-44.2227	178.514
183.9	223.897	-45.3662	178.531
183.92	224.739	-46.2182	178.521
183.94	226.112	-47.5908	178.521
183.96	227.575	-49.0619	178.514
183.98	226.788	-48.28	178.508
184	226.026	-47.5174	178.508
184.02	229.726	-51.228	178.498
184.04	224.635	-46.1717	178.464
184.06	212.772	-34.2758	178.496
184.08	216.941	-38.4619	178.479
184.1	214.704	-36.2224	178.481
184.12	210.32	-31.8262	178.494
184.14	211.742	-33.2599	178.482
184.16	215.314	-36.8394	178.475
184.18	222.858	-44.3677	178.491
184.2	229.698	-51.2169	178.481
184.22	228.51	-50.0363	178.474
184.24	223.29	-44.8141	178.476
184.26	217.014	-38.5475	178.467
184.28	213.467	-35.0008	178.466
184.3	224.131	-45.6522	178.479
184.32	228.537	-50.0463	178.491
184.34	227.785	-49.2843	178.5
184.36	226.901	-48.3782	178.522
184.38	226.289	-47.7686	178.521
184.4	224.525	-46.0045	178.52
184.42	221.635	-43.1382	178.497
184.44	218.459	-39.9619	178.497
184.46	221.764	-43.2398	178.524
184.48	225.101	-46.569	178.532
184.5	222.261	-43.754	178.507
184.52	219.425	-40.9342	178.491
184.54	222.255	-43.7787	178.476
184.56	225.789	-47.3024	178.487
184.58	227.95	-49.4259	178.524
184.6	226.841	-48.3108	178.53
184.62	224.904	-46.3753	178.529
184.64	226.197	-47.6633	178.533
184.66	224.722	-46.1928	178.529
184.68	221.618	-43.0642	178.554
184.7	222.154	-43.59	178.564
184.72	224.273	-45.6934	178.579
184.74	221.704	-43.1344	178.569
184.76	222.739	-44.1595	178.58
184.78	225.685	-47.1099	178.576
184.8	224.29	-45.706	178.583
184.82	225.73	-47.1561	178.574
184.84	226.204	-47.6198	178.584
184.86	224.517	-45.9332	178.583
184.88	225.858	-47.2991	178.559
184.9	226.956	-48.4162	178.539
184.92	223.406	-44.8836	178.522
184.94	215.216	-36.6868	178.53
184.96	211.541	-32.9903	178.551
184.98	216.725	-38.1748	178.55
185	218.249	-39.689	178.56
185.02	221.679	-43.1092	178.57
185.04	221.932	-43.3441	178.588
185.06	223.175	-44.5997	178.576
185.08	224.625	-46.0377	178.587
185.1	225.524	-46.9359	178.588
185.12	227.132	-48.5554	178.577
185.14	228.018	-49.4312	178.586
185.16	226.308	-47.7218	178.586
185.18	222.385	-43.7912	178.594
185.2	219.941	-41.3516	178.589
185.22	221.249	-42.6485	178.6
185.24	225.218	-46.6377	178.581
185.26	227.441	-48.879	178.562
185.28	223.857	-45.3043	178.553
185.3	215.989	-37.3942	178.594
185.32	218.125	-39.552	178.573
185.34	218.362	-39.811	178.551
185.36	223.523	-44.9976	178.525
185.38	229.456	-50.9354	178.521
185.4	228.659	-50.1077	178.552
185.42	224.627	-46.0654	178.561
185.44	218.396	-39.8219	178.574
185.46	214.934	-36.3636	178.57
185.48	223.176	-44.5996	178.576
185.5	233.306	-54.7343	178.572
185.52	231.529	-52.9587	178.571
185.54	222.648	-44.0926	178.555
185.56	212.389	-33.8296	178.56
185.58	216.049	-37.4888	178.56
185.6	228.718	-50.1652	178.553
185.62	236.497	-57.9585	178.538
185.64	237.311	-58.7495	178.561
185.66	232.055	-53.4997	178.556
185.68	223.792	-45.2395	178.553
185.7	223.246	-44.7155	178.531
185.72	225.601	-47.0843	178.517
185.74	223.504	-44.9889	178.515
185.76	220.002	-41.4606	178.541
185.78	228.175	-49.6513	178.523
185.8	230.195	-51.6634	178.532
185.82	224.996	-46.4559	178.54
185.84	223.757	-45.2196	178.537
185.86	224.907	-46.3635	178.544
185.88	222.196	-43.6633	178.532
185.9	222.746	-44.2179	178.528
185.92	227.509	-48.986	178.523
185.94	229.32	-50.7903	178.529
185.96	227.464	-48.9188	178.545
185.98	222.342	-43.8106	178.531
186	219.08	-40.5459	178.534
186.02	221.532	-43.005	178.527
186.04	227.057	-48.5237	178.533
186.06	228.1	-49.5631	178.537
186.08	222.191	-43.6423	178.549
186.1	219.807	-41.2607	178.547
186.12	224.317	-45.7893	178.527
186.14	224.983	-46.4534	178.53
186.16	223.103	-44.5744	178.528
186.18	223.33	-44.7996	178.53
186.2	222.245	-43.7019	178.543
186.22	222.09	-43.5462	178.544
186.24	223.292	-44.7624	178.529
186.26	220.934	-42.4159	178.518
186.28	218.429	-39.9177	178.511
186.3	223.989	-45.4573	178.532
186.32	226.163	-47.6596	178.504
186.34	225.805	-47.285	178.52
186.36	223.611	-45.0681	178.543
186.38	222.226	-43.6763	178.55
186.4	223.664	-45.1114	178.553
186.42	224.386	-45.8246	178.561
186.44	220.659	-42.0664	178.592
186.46	217.64	-39.0443	178.596
186.48	219.848	-41.2658	178.582
186.5	223.961	-45.3919	178.569
186.52	225.632	-47.0813	178.551
186.54	222.95	-44.4069	178.543
186.56	221.297	-42.7348	178.562
186.58	223.995	-45.4383	178.557
186.6	224.284	-45.7269	178.557
186.62	221.176	-42.6444	178.531
186.64	217.132	-38.5839	178.548
186.66	215.3	-36.7637	178.536
186.68	219.882	-41.3589	178.523
186.7	222.709	-44.1991	178.51
186.72	219.359	-40.8196	178.54
186.74	218.744	-40.216	178.528
186.76	223.786	-45.2863	178.5
186.78	221.146	-42.6328	178.513
186.8	222.13	-43.6456	178.484
186.82	221.526	-43.0469	178.479
186.84	218.826	-40.3103	178.516
186.86	217.893	-39.374	178.519
186.88	217.129	-38.6123	178.517
186.9	216.38	-37.8374	178.543
186.92	223.635	-45.1	178.534
186.94	224.693	-46.1376	178.555
186.96	220.477	-41.9114	178.565
186.98	219.186	-40.6234	178.563
187	223.097	-44.5597	178.538
187.02	223.177	-44.6366	178.54
187.04	222.831	-44.2921	178.539
187.06	225.615	-47.0827	178.532
187.08	223.482	-44.9552	178.527
187.1	218.31	-39.7983	178.512
187.12	218.625	-40.1191	178.505
187.14	224.035	-45.5449	178.491
187.16	227.599	-49.1307	178.468
187.18	226.51	-48.0604	178.45
187.2	224.792	-46.3522	178.44
187.22	224.564	-46.109	178.455
187.24	223.912	-45.4493	178.463
187.26	218.519	-40.0394	178.479
187.28	222.643	-44.1979	178.445
187.3	221.411	-42.9648	178.446
187.32	219.02	-40.571	178.449
187.34	224.688	-46.2555	178.433
187.36	226.961	-48.5296	178.431
187.38	226.9	-48.4337	178.466
187.4	226.555	-48.0921	178.463
187.42	224.09	-45.6224	178.468
187.44	224.427	-45.9387	178.489
187.46	222.471	-43.9666	178.504
187.48	222.636	-44.1341	178.502
187.5	222.577	-44.0866	178.491
187.52	215.414	-36.8828	178.532
187.54	213.857	-35.3173	178.54
187.56	221.297	-42.7826	178.515
187.58	225.15	-46.6327	178.518
187.6	225.98	-47.4551	178.524
187.62	225.008	-46.5	178.508
187.64	223.279	-44.7556	178.523
187.66	224.668	-46.1468	178.522
187.68	226.914	-48.4112	178.503
187.7	226.149	-47.6253	178.523
187.72	222.125	-43.5901	178.534
187.74	221.342	-42.7829	178.559
187.76	221.914	-43.3437	178.57
187.78	223.122	-44.5613	178.56
187.8	225.707	-47.1275	178.579
187.82	225.673	-47.0911	178.582
187.84	220.627	-42.0507	178.577
187.86	218.272	-39.7037	178.568
187.88	221.446	-42.8906	178.555
187.9	220.865	-42.3059	178.559
187.92	215.557	-36.9946	178.562
187.94	215.891	-37.342	178.549
187.96	216.976	-38.399	178.577
187.98	221.74	-43.1878	178.552
188	226.478	-47.9388	178.539
188.02	226.037	-47.5035	178.534
188.04	220.656	-42.1155	178.541
188.06	215.696	-37.147	178.549
188.08	219.979	-41.4465	178.533
188.1	222.101	-43.565	178.536
188.12	220.027	-41.4801	178.546
188.14	224.26	-45.7053	178.555
188.16	226.451	-47.8907	178.561
188.18	224.254	-45.6695	178.585
188.2	222.09	-43.5062	178.584
188.22	224.251	-45.6511	178.6
188.24	224.536	-45.9519	178.584
188.26	222.619	-44.0375	178.582
188.28	224.069	-45.5013	178.568
188.3	225.605	-47.0387	178.566
188.32	222.992	-44.4267	178.565
188.34	220.583	-42.035	178.548
188.36	218.778	-40.2398	178.538
188.38	219.297	-40.7349	178.562
188.4	223.9	-45.3145	178.586
188.42	228.072	-49.4816	178.591
188.44	229.033	-50.4452	178.587
188.46	223.557	-44.98	178.577
188.48	217.9	-39.2976	178.602
188.5	215.96	-37.3374	178.623
188.52	218.016	-39.3797	178.636
188.54	224.174	-45.5403	178.634
188.56	222.969	-44.3357	178.634
188.58	219.755	-41.1162	178.639
188.6	220.624	-41.9841	178.64
188.62	220.811	-42.2082	178.603
188.64	220.626	-42.0333	178.593
188.66	221.971	-43.3836	178.587
188.68	224.469	-45.8613	178.607
188.7	225.394	-46.7724	178.621
188.72	220.798	-42.1801	178.618
188.74	212.475	-33.8668	178.608
188.76	219.938	-41.34	178.598
188.78	228.394	-49.7902	178.604
188.8	229.467	-50.8714	178.596
188.82	226.404	-47.8243	178.58
188.84	221.57	-42.9886	178.582
188.86	218.412	-39.8535	178.559
188.88	213.449	-34.9145	178.535
188.9	215.358	-36.8452	178.513
188.92	210.332	-31.8091	178.523
188.94	213.985	-35.4565	178.529
188.96	224.389	-45.8619	178.527
188.98	222.929	-44.3847	178.544
189	223.627	-45.083	178.544
189.02	226.216	-47.6577	178.559
189.04	228.011	-49.4576	178.554
189.06	228.913	-50.3643	178.548
189.08	228.547	-50.0049	178.542
189.1	225.379	-46.836	178.543
189.12	216.478	-37.9275	178.551
189.14	216.05	-37.5234	178.526
189.16	222.707	-44.1974	178.51
189.18	224.195	-45.6842	178.511
189.2	220.632	-42.1162	178.516
189.22	221.178	-42.6568	178.521
189.24	225.753	-47.2353	178.518
189.26	226.706	-48.2078	178.498
189.28	225.865	-47.3561	178.509
189.3	223.475	-44.9706	178.504
189.32	220.528	-42.0035	178.524
189.34	216	-37.4597	178.54
189.36	217.302	-38.7531	178.549
189.38	225.14	-46.6142	178.526
189.4	227.1	-48.5852	178.515
189.42	227.538	-49.0179	178.52
189.44	226.356	-47.8225	178.533
189.46	226.366	-47.817	178.549
189.48	227.283	-48.7346	178.548
189.5	228.038	-49.5282	178.51
189.52	228.487	-49.9838	178.503
189.54	228.159	-49.6594	178.499
189.56	228.287	-49.7873	178.5
189.58	224.209	-45.7319	178.478
189.6	216.289	-37.8172	178.471
189.62	208.623	-30.1194	178.503
189.64	217.357	-38.8634	178.494
189.66	231.108	-52.6128	178.495
189.68	234.864	-56.3805	178.483
189.7	231.082	-52.5892	178.493
189.72	222.594	-44.083	178.511
189.74	220.695	-42.1928	178.502
189.76	227.932	-49.4457	178.486
189.78	230.786	-52.3002	178.485
189.8	229.973	-51.4857	178.488
189.82	228.68	-50.2044	178.476
189.84	226.81	-48.3412	178.469
189.86	223.898	-45.4174	178.481
189.88	221.941	-43.4733	178.467
189.9	219.367	-40.9134	178.453
189.92	218.825	-40.3853	178.44
189.94	223.762	-45.3248	178.437
189.96	229.363	-50.9585	178.405
189.98	228.417	-50.0109	178.406
190	222.877	-44.4561	178.421
190.02	220.147	-41.7236	178.423
190.04	223.467	-45.0298	178.437
190.06	229.146	-50.6793	178.467
190.08	231.793	-53.3346	178.458
190.1	232.123	-53.6915	178.432
190.12	231.327	-52.9328	178.394
190.14	224.847	-46.4529	178.394
190.16	217.317	-38.9093	178.407
190.18	221.865	-43.4488	178.416
190.2	224.279	-45.8815	178.397
190.22	218.54	-40.1347	178.405
190.24	211.631	-33.213	178.418
190.26	218.284	-39.8844	178.4
190.28	226.277	-47.8778	178.399
190.3	228.15	-49.769	178.381
190.32	227.67	-49.2732	178.396
190.34	229.521	-51.1046	178.417
190.36	231.478	-53.0727	178.406
190.38	232.036	-53.62	178.416
190.4	230.154	-51.7455	178.408
190.42	224.853	-46.4335	178.419
190.44	217.708	-39.2913	178.417
190.46	219.382	-40.9616	178.42
190.48	226.822	-48.4118	178.41
190.5	227.393	-48.9671	178.426
190.52	226.474	-48.0621	178.412
190.54	227.175	-48.771	178.404
190.56	227.556	-49.1571	178.399
190.58	226.933	-48.5293	178.404
190.6	224.853	-46.4522	178.401
190.62	223.916	-45.5256	178.391
190.64	225.392	-47.0029	178.389
190.66	227.027	-48.6461	178.381
190.68	225.674	-47.2979	178.376
190.7	224.071	-45.6669	178.404
190.72	229.027	-50.6228	178.404
190.74	234.535	-56.1109	178.424
190.76	235.215	-56.7889	178.427
190.78	233.692	-55.2848	178.407
190.8	233.259	-54.8472	178.412
190.82	233.721	-55.2985	178.422
190.84	233.596	-55.1911	178.405
190.86	231.891	-53.4761	178.415
190.88	228.527	-50.1148	178.412
190.9	222.3	-43.8756	178.424
190.92	218.452	-40.0387	178.413
190.94	224.617	-46.2439	178.373
190.96	231.275	-52.9184	178.356
190.98	233.725	-55.3619	178.363
191	232.15	-53.8189	178.331
191.02	224.411	-46.0794	178.332
191.04	224.699	-46.3445	178.355
191.06	229.365	-51.0204	178.344
191.08	230.173	-51.8255	178.348
191.1	229.092	-50.7213	178.371
191.12	227.827	-49.4757	178.351
191.14	228.827	-50.4879	178.34
191.16	231.039	-52.7006	178.338
191.18	232.247	-53.9098	178.337
191.2	231.528	-53.1906	178.337
191.22	229.093	-50.7615	178.331
191.24	226.157	-47.8408	178.316
191.26	226.055	-47.7425	178.312
191.28	225.88	-47.5704	178.31
191.3	229.113	-50.7751	178.338
191.32	235.153	-56.8122	178.341
191.34	237.901	-59.5791	178.322
191.36	238.299	-59.9944	178.305
191.38	236.155	-57.8383	178.317
191.4	232.808	-54.4968	178.311
191.42	229.223	-50.9399	178.283
191.44	226.512	-48.2469	178.265
191.46	225.701	-47.4218	178.279
191.48	229.265	-50.9893	178.275
191.5	232.557	-54.2893	178.267
191.52	235.147	-56.9007	178.247
191.54	232.702	-54.4847	178.217
191.56	231.182	-52.9122	178.27
191.58	234.541	-56.2965	178.245
191.6	237.221	-58.9491	178.272
191.62	236.734	-58.4488	178.286
191.64	230.015	-51.7297	178.285
191.66	225.481	-47.1844	178.296
191.68	232.437	-54.1492	178.288
191.7	233.073	-54.7967	178.276
191.72	231.405	-53.1224	178.283
191.74	234.563	-56.2632	178.299
191.76	236.796	-58.5156	178.28
191.78	233.653	-55.3648	178.288
191.8	228.607	-50.3267	178.281
191.82	227.4	-49.1049	178.295
191.84	228.859	-50.5758	178.283
191.86	230.461	-52.1782	178.283
191.88	231.04	-52.778	178.262
191.9	231.527	-53.2589	178.268
191.92	232.217	-53.9542	178.263
191.94	233.446	-55.1889	178.257
191.96	234.625	-56.3809	178.245
191.98	234.391	-56.1651	178.225
192	234.981	-56.7428	178.239
192.02	232.865	-54.6345	178.23
192.04	225.18	-46.9467	178.234
192.06	221.121	-42.8744	178.247
192.08	227.796	-49.5352	178.261
192.1	230.273	-52.0071	178.266
192.12	231.982	-53.7074	178.274
192.14	234.638	-56.3891	178.249
192.16	229.497	-51.2601	178.237
192.18	222.973	-44.7114	178.262
192.2	223.967	-45.732	178.235
192.22	226.241	-47.9801	178.261
192.24	224.24	-45.979	178.261
192.26	227.043	-48.8076	178.235
192.28	234.19	-55.9442	178.246
192.3	230.779	-52.5181	178.26
192.32	231.754	-53.486	178.268
192.34	232.245	-53.9565	178.289
192.36	232.211	-53.9242	178.287
192.38	232.724	-54.4481	178.276
192.4	230.589	-52.3012	178.288
192.42	228.243	-49.95	178.293
192.44	231.255	-52.9554	178.299
192.46	233.966	-55.6917	178.275
192.48	231.737	-53.4438	178.293
192.5	228.7	-50.3913	178.308
192.52	229.361	-51.0205	178.34
192.54	227.485	-49.1208	178.365
192.56	224.742	-46.392	178.35
192.58	224.577	-46.2277	178.349
192.6	224.996	-46.6366	178.36
192.62	223.531	-45.1475	178.384
192.64	230.498	-52.132	178.366
192.66	233.413	-55.0266	178.386
192.68	232.189	-53.8019	178.387
192.7	228.123	-49.7366	178.386
192.72	223.265	-44.8532	178.412
192.74	227.123	-48.6599	178.463
192.76	231.063	-52.611	178.452
192.78	231.416	-52.9658	178.45
192.8	231.406	-52.9777	178.428
192.82	231.05	-52.6178	178.432
192.84	228.026	-49.6196	178.406
192.86	220.61	-42.1844	178.426
192.88	221.976	-43.5638	178.412
192.9	230.211	-51.8037	178.407
192.92	234.541	-56.1218	178.42
192.94	234.698	-56.2795	178.418
192.96	230.005	-51.5624	178.443
192.98	226.318	-47.8586	178.459
193	229.665	-51.2234	178.441
193.02	233.003	-54.5724	178.431
193.04	234.003	-55.5802	178.423
193.06	231.273	-52.8544	178.419
193.08	231.744	-53.3455	178.399
193.1	225.094	-46.7064	178.388
193.12	214.339	-35.9241	178.415
193.14	223.992	-45.5988	178.393
193.16	219.536	-41.1216	178.415
193.18	228.735	-50.3249	178.411
193.2	234.953	-56.5521	178.401
193.22	234.968	-56.5855	178.383
193.24	232.945	-54.5637	178.382
193.26	228.891	-50.49	178.4
193.28	225.959	-47.5804	178.379
193.3	225.652	-47.2672	178.385
193.32	228.393	-50.0156	178.378
193.34	231.318	-52.9292	178.389
193.36	228.662	-50.2593	178.403
193.38	224.273	-45.8676	178.405
193.4	222.813	-44.4071	178.405
193.42	223.71	-45.3412	178.369
193.44	222.677	-44.3051	178.372
193.46	222.316	-43.954	178.362
193.48	225.065	-46.688	178.377
193.5	227.828	-49.4491	178.379
193.52	225.232	-46.8465	178.386
193.54	220.31	-41.9045	178.405
193.56	223.662	-45.274	178.388
193.58	228.542	-50.1796	178.362
193.6	227.441	-49.0824	178.359
193.62	223.001	-44.622	178.379
193.64	221.162	-42.7576	178.405
193.66	221.492	-43.0649	178.427
193.68	223.326	-44.8901	178.436
193.7	223.855	-45.4302	178.425
193.72	222.729	-44.3225	178.407
193.74	223.828	-45.4161	178.412
193.76	226.677	-48.2609	178.416
193.78	228.331	-49.9004	178.431
193.8	227.169	-48.7474	178.421
193.82	224.946	-46.5199	178.426
193.84	221.017	-42.5992	178.418
193.86	213.715	-35.2942	178.421
193.88	211.721	-33.2928	178.428
193.9	213.047	-34.6285	178.419
193.92	219.306	-40.8809	178.425
193.94	221.737	-43.3163	178.421
193.96	219.893	-41.4715	178.421
193.98	224.758	-46.3288	178.429
194	228.326	-49.8668	178.459
194.02	229.062	-50.597	178.465
194.04	228.328	-49.8897	178.438
194.06	226.436	-47.9929	178.443
194.08	224.04	-45.5877	178.453
194.1	219.954	-41.5186	178.435
194.12	216.064	-37.6282	178.435
194.14	218.751	-40.3222	178.429
194.16	220.346	-41.924	178.422
194.18	215.232	-36.7945	178.438
194.2	220.155	-41.7317	178.423
194.22	222.819	-44.373	178.446
194.24	223.784	-45.3329	178.451
194.26	228.419	-49.9755	178.444
194.28	228.683	-50.263	178.42
194.3	228.401	-49.9689	178.432
194.32	229.258	-50.8169	178.441
194.34	227.035	-48.585	178.45
194.36	221.698	-43.251	178.447
194.38	222.719	-44.2818	178.437
194.4	226.299	-47.8197	178.479
194.42	227.946	-49.4483	178.498
194.44	228.808	-50.3065	178.502
194.46	227.271	-48.7766	178.494
194.48	222.248	-43.7274	178.52
194.5	220.936	-42.4166	178.519
194.52	227.536	-49.0245	178.511
194.54	231.974	-53.4626	178.511
194.56	231.225	-52.6972	178.528
194.58	226.732	-48.2055	178.527
194.6	225.238	-46.7044	178.533
194.62	227.915	-49.3962	178.519
194.64	229.661	-51.1256	178.536
194.66	229.557	-51.0166	178.54
194.68	226.346	-47.8042	178.541
194.7	222.261	-43.7107	178.551
194.72	222.292	-43.7432	178.549
194.74	225.404	-46.8669	178.537
194.76	228.377	-49.8416	178.535
194.78	228.971	-50.4349	178.536
194.8	228.06	-49.5275	178.532
194.82	227.746	-49.2152	178.531
194.84	225.984	-47.4475	178.537
194.86	218.104	-39.5833	178.521
194.88	209.769	-31.2103	178.559
194.9	222.287	-43.7654	178.522
194.92	225.847	-47.326	178.521
194.94	223.821	-45.3021	178.519
194.96	222.234	-43.7244	178.51
194.98	223.098	-44.6035	178.495
195	221.755	-43.2561	178.499
195.02	216.804	-38.2908	178.513
195.04	213.159	-34.6522	178.507
195.06	216.543	-38.0191	178.524
195.08	221.476	-42.9628	178.513
195.1	225.055	-46.5326	178.522
195.12	224.391	-45.8572	178.534
195.14	221.747	-43.2014	178.546
195.16	223.606	-45.0656	178.541
195.18	224.376	-45.8236	178.552
195.2	222.741	-44.1803	178.56
195.22	217.814	-39.2441	178.57
195.24	221.141	-42.598	178.543
195.26	224.19	-45.6364	178.554
195.28	219.657	-41.097	178.56
195.3	210.967	-32.4091	178.558
195.32	205.162	-26.6073	178.555
195.34	208.816	-30.2451	178.571
195.36	218.611	-40.0589	178.552
195.38	221.146	-42.6056	178.541
195.4	217.532	-38.9626	178.569
195.42	220.218	-41.6515	178.567
195.44	223.414	-44.8409	178.573
195.46	223.627	-45.068	178.559
195.48	218.611	-40.0497	178.561
195.5	217.717	-39.1647	178.552
195.52	218.513	-39.9469	178.567
195.54	216.576	-37.9964	178.579
195.56	215.569	-36.9976	178.572
195.58	216.884	-38.3412	178.543
195.6	203.368	-24.7732	178.594
195.62	218.023	-39.4734	178.55
195.64	224.168	-45.6016	178.566
195.66	223.812	-45.2317	178.581
195.68	221.993	-43.4211	178.572
195.7	221.203	-42.6391	178.564
195.72	219.657	-41.0919	178.565
195.74	218.259	-39.716	178.543
195.76	216.755	-38.2265	178.528
195.78	216.243	-37.7031	178.54
195.8	220.371	-41.8462	178.525
195.82	218.099	-39.5578	178.542
195.84	215.607	-37.0609	178.546
195.86	219.06	-40.5016	178.559
195.88	223.667	-45.082	178.585
195.9	225.952	-47.3727	178.58
195.92	224.885	-46.3249	178.56
195.94	218.877	-40.3089	178.568
195.96	218.238	-39.6998	178.538
195.98	219.419	-40.8766	178.543
196	221.903	-43.3588	178.544
196.02	222.888	-44.3411	178.547
196.04	223.682	-45.1652	178.517
196.06	220.669	-42.1604	178.508
196.08	214.193	-35.662	178.531
196.1	222.759	-44.2709	178.488
196.12	221.589	-43.0837	178.505
196.14	223.324	-44.8251	178.499
196.16	220.966	-42.4711	178.495
196.18	224.603	-46.0925	178.51
196.2	227.262	-48.7562	178.506
196.22	227.268	-48.7646	178.503
196.24	227.233	-48.7386	178.495
196.26	229.464	-50.9725	178.492
196.28	230.047	-51.5712	178.476
196.3	224.101	-45.6083	178.492
196.32	222.085	-43.6048	178.48
196.34	223.694	-45.2178	178.476
196.36	221.733	-43.271	178.461
196.38	224.009	-45.5508	178.459
196.4	228.328	-49.8715	178.457
196.42	230.379	-51.9214	178.458
196.44	230.405	-51.945	178.46
196.46	230.514	-52.0484	178.466
196.48	230.563	-52.0953	178.467
196.5	226.882	-48.3851	178.497
196.52	217.654	-39.1365	178.517
196.54	221.846	-43.3253	178.521
196.56	227.434	-48.9252	178.508
196.58	218.656	-40.1368	178.519
196.6	222.529	-44.0246	178.504
196.62	227.531	-49.0392	178.492
196.64	225.371	-46.8689	178.502
196.66	227.726	-49.2075	178.519
196.68	229.338	-50.8079	178.53
196.7	228.228	-49.6969	178.531
196.72	226.157	-47.6346	178.523
196.74	226.257	-47.7206	178.537
196.76	226.143	-47.6133	178.53
196.78	223.823	-45.2793	178.544
196.8	222.861	-44.3289	178.532
196.82	223.271	-44.7453	178.525
196.84	223.048	-44.5078	178.54
196.86	219.495	-40.9389	178.556
196.88	211.875	-33.308	178.567
196.9	216.799	-38.2454	178.554
196.92	222.902	-44.3407	178.562
196.94	225.799	-47.2213	178.578
196.96	223.299	-44.7257	178.573
196.98	208.429	-29.838	178.591
197	215.625	-37.0604	178.565
197.02	221.93	-43.3409	178.589
197.04	222.875	-44.2961	178.579
197.06	219.28	-40.7333	178.547
197.08	210.914	-32.3152	178.598
197.1	222.715	-44.176	178.539
197.12	222.963	-44.4344	178.528
197.14	224.367	-45.8264	178.541
197.16	223.505	-44.9472	178.558
197.18	213.855	-35.3175	178.538
197.2	209.298	-30.736	178.562
197.22	217.478	-38.9135	178.564
197.24	220.704	-42.1192	178.584
197.26	220.418	-41.8537	178.564
197.28	212.314	-33.7456	178.569
197.3	210.791	-32.2337	178.557
197.32	214.179	-35.6195	178.56
197.34	210.807	-32.2522	178.554
197.36	216.625	-38.1043	178.521
197.38	219.888	-41.3599	178.528
197.4	217.94	-39.4199	178.52
197.42	209.891	-31.3567	178.535
197.44	216.026	-37.502	178.524
197.46	220.99	-42.4532	178.537
197.48	216.234	-37.7098	178.524
197.5	207.266	-28.7355	178.531
197.52	201.74	-23.1547	178.585
197.54	214.447	-35.9071	178.54
197.56	209.449	-30.878	178.571
197.58	217.346	-38.7842	178.562
197.6	223.903	-45.3613	178.542
197.62	224.151	-45.593	178.558
197.64	223.561	-44.9933	178.568
197.66	221.887	-43.3127	178.574
197.68	220.591	-42.0022	178.589
197.7	223.251	-44.6603	178.591
197.72	225.139	-46.5347	178.604
197.74	223.301	-44.6857	178.615
197.76	223.801	-45.1836	178.617
197.78	222.958	-44.3339	178.624
197.8	212.54	-33.9094	178.631
197.82	220.662	-42.0674	178.595
197.84	227.566	-48.9656	178.601
197.86	225.101	-46.5074	178.594
197.88	219.844	-41.2461	178.598
197.9	212.869	-34.2577	178.612
197.92	211.845	-33.2179	178.627
197.94	219.039	-40.4028	178.636
197.96	218.974	-40.3401	178.633
197.98	218.211	-39.58	178.631
198	221.473	-42.8543	178.618
198.02	225.289	-46.6783	178.611
198.04	226.185	-47.5523	178.633
198.06	224.108	-45.4661	178.642
198.08	222.878	-44.2405	178.638
198.1	218.43	-39.8178	178.612
198.12	210.131	-31.496	178.635
198.14	220.772	-42.1542	178.617
198.16	223.735	-45.1082	178.626
198.18	220.176	-41.5664	178.61
198.2	212.374	-33.7493	178.625
198.22	218.177	-39.5707	178.606
198.24	220.487	-41.8803	178.607
198.26	220.109	-41.5106	178.598
198.28	219.991	-41.3701	178.621
198.3	220.94	-42.3052	178.635
198.32	219.94	-41.3022	178.638
198.34	215.53	-36.8815	178.648
198.36	215.406	-36.7629	178.643
198.38	220.068	-41.4508	178.617
198.4	223.288	-44.6641	178.624
198.42	224.515	-45.8977	178.618
198.44	222.694	-44.083	178.611
198.46	217.305	-38.6864	178.619
198.48	214.065	-35.4373	178.628
198.5	217.544	-38.904	178.64
198.52	222.512	-43.8895	178.622
198.54	225.448	-46.8191	178.628
198.56	225.676	-47.0352	178.641
198.58	224.805	-46.1575	178.647
198.6	223.952	-45.3183	178.633
198.62	221.522	-42.8803	178.642
198.64	222.629	-43.9821	178.647
198.66	226.293	-47.6643	178.629
198.68	223.287	-44.6807	178.606
198.7	219.102	-40.4972	178.604
198.72	219.458	-40.849	178.609
198.74	222.888	-44.2809	178.607
198.76	225.908	-47.2909	178.617
198.78	227.328	-48.7326	178.596
198.8	227.043	-48.4546	178.589
198.82	224.636	-46.0608	178.575
198.84	223.906	-45.3415	178.564
198.86	225.751	-47.1955	178.555
198.88	225.365	-46.8231	178.542
198.9	221.495	-42.9559	178.539
198.92	223.157	-44.6306	178.526
198.94	228.208	-49.6852	178.523
198.96	230.68	-52.1667	178.513
198.98	229.879	-51.3486	178.531
199	227.246	-48.7219	178.524
199.02	221.832	-43.3224	178.509
199.04	214.187	-35.6591	178.528
199.06	216.436	-37.8963	178.54
199.08	222.288	-43.757	178.531
199.1	222.948	-44.4153	178.533
199.12	225.401	-46.8681	178.532
199.14	229.283	-50.7362	178.547
199.16	231.635	-53.072	178.563
199.18	231.016	-52.4489	178.567
199.2	225.503	-46.9495	178.554
199.22	217.8	-39.2144	178.586
199.24	218.635	-40.0482	178.587
199.26	218.241	-39.7029	178.538
199.28	210.401	-31.8427	178.558
199.3	209.729	-31.1729	178.556
199.32	219.92	-41.3869	178.533
199.34	223.068	-44.5273	178.541
199.36	218.702	-40.1643	178.538
199.38	216.629	-38.096	178.533
199.4	217.765	-39.2404	178.524
199.42	217.95	-39.4209	178.529
199.44	216.214	-37.6915	178.523
199.46	213.966	-35.4177	178.549
199.48	214.849	-36.3224	178.526
199.5	218.616	-40.0927	178.523
199.52	223.955	-45.4242	178.531
199.54	222.733	-44.1845	178.548
199.56	222.188	-43.6339	178.554
199.58	222.441	-43.9078	178.533
199.6	219.13	-40.5729	178.557
199.62	215.702	-37.1454	178.556
199.64	218.268	-39.7109	178.558
199.66	221.47	-42.9274	178.543
199.68	219.096	-40.5501	178.546
199.7	217.294	-38.7875	178.507
199.72	220.535	-42.0602	178.475
199.74	223.384	-44.9034	178.481
199.76	224.945	-46.4428	178.502
199.78	224.453	-45.9332	178.519
199.8	223.148	-44.6011	178.547
199.82	222.961	-44.4028	178.558
199.84	224.265	-45.7031	178.562
199.86	225.916	-47.3349	178.581
199.88	229.352	-50.7765	178.576
199.9	228.05	-49.4793	178.571
199.92	222.9	-44.3354	178.565
199.94	221.569	-43.0215	178.548
199.96	223.133	-44.6036	178.529
199.98	219.357	-40.8084	178.548
200	220.015	-41.4745	178.54
200.02	228	-49.4945	178.505
200.04	233.015	-54.5093	178.506
200.06	233.461	-54.9647	178.497
200.08	231.175	-52.6779	178.497
200.1	226.858	-48.3535	178.504
200.12	218.872	-40.3578	178.514
200.14	214.559	-36.0543	178.505
200.16	219.871	-41.3601	178.51
200.18	225.781	-47.263	178.518
200.2	223.092	-44.5618	178.53
200.22	216.336	-37.8146	178.522
200.24	221.812	-43.3042	178.508
200.26	225.196	-46.6671	178.529
200.28	219.038	-40.4859	178.552
200.3	215.061	-36.5185	178.543
200.32	216.414	-37.86	178.554
200.34	215.158	-36.6236	178.534
200.36	214.176	-35.6607	178.515
200.38	213.823	-35.3047	178.518
200.4	220.016	-41.5062	178.51
200.42	224.312	-45.7965	178.516
200.44	223.148	-44.6398	178.508
200.46	220.656	-42.1288	178.527
200.48	219.97	-41.4389	178.531
200.5	219.493	-40.9649	178.528
200.52	217.355	-38.8011	178.554
200.54	218.333	-39.782	178.551
200.56	218.463	-39.9051	178.558
200.58	212.631	-34.0716	178.56
200.6	215.264	-36.7292	178.535
200.62	215.247	-36.6655	178.581
200.64	224.482	-45.9328	178.55
200.66	227.02	-48.4826	178.537
200.68	223.29	-44.7562	178.534
200.7	217.852	-39.2962	178.555
200.72	218.057	-39.4734	178.583
200.74	224.49	-45.9228	178.568
200.76	229.9	-51.3333	178.566
200.78	231.013	-52.4528	178.56
200.8	226.728	-48.1899	178.538
200.82	220.367	-41.8126	178.554
200.84	223.804	-45.2701	178.534
200.86	228.469	-49.9455	178.523
200.88	230.208	-51.6614	178.547
200.9	229.938	-51.3871	178.551
200.92	226.765	-48.21	178.555
200.94	220.891	-42.3551	178.536
200.96	217.271	-38.726	178.545
200.98	220.066	-41.5202	178.545
201	223.643	-45.0811	178.562
201.02	225.534	-46.9721	178.562
201.04	225.176	-46.6072	178.569
201.06	224.682	-46.111	178.571
201.08	226.571	-48.0038	178.567
201.1	226.226	-47.6753	178.551
201.12	223.202	-44.6762	178.526
201.14	220.95	-42.4316	178.519
201.16	218.894	-40.3718	178.522
201.18	219.8	-41.2894	178.51
201.2	217.544	-39.042	178.502
201.22	206.68	-28.1458	178.535
201.24	213.068	-34.5657	178.502
201.26	223.394	-44.9089	178.485
201.28	225.699	-47.2038	178.495
201.3	223.459	-44.9668	178.492
201.32	219.907	-41.4337	178.473
201.34	214.082	-35.5885	178.494
201.36	214.202	-35.7293	178.473
201.38	212.902	-34.416	178.486
201.4	210.088	-31.5835	178.505
201.42	218.821	-40.3256	178.495
201.44	223.551	-45.0348	178.516
201.46	222.702	-44.1652	178.537
201.48	222.305	-43.7607	178.544
201.5	224.515	-45.9849	178.53
201.52	225.525	-47.0149	178.51
201.54	221.767	-43.2664	178.501
201.56	216.335	-37.8197	178.515
201.58	215.644	-37.1338	178.51
201.6	219.481	-40.9728	178.508
201.62	220.15	-41.6251	178.525
201.64	222.061	-43.534	178.527
201.66	223.277	-44.7693	178.508
201.68	224.911	-46.4077	178.504
201.7	228.021	-49.5257	178.495
201.72	228.012	-49.5239	178.488
201.74	216.073	-37.5761	178.496
201.76	203.123	-24.608	178.515
201.78	217.371	-38.9011	178.469
201.8	228.153	-49.6824	178.471
201.82	232.454	-53.9857	178.468
201.84	232.583	-54.109	178.474
201.86	229.29	-50.8317	178.458
201.88	224.289	-45.8578	178.431
201.9	219.847	-41.421	178.426
201.92	218.575	-40.1148	178.46
201.94	221.372	-42.9239	178.448
201.96	221.145	-42.7054	178.44
201.98	219.617	-41.1677	178.449
202	221.636	-43.1993	178.437
202.02	226.135	-47.6885	178.446
202.04	228.943	-50.507	178.436
202.06	224.855	-46.4087	178.446
202.08	223.461	-45.0266	178.434
202.1	225.019	-46.5844	178.434
202.12	225.182	-46.7623	178.42
202.14	225.748	-47.3125	178.435
202.16	225.403	-46.9763	178.427
202.18	225.447	-47.039	178.408
202.2	223.457	-45.0244	178.432
202.22	223.428	-44.9778	178.451
202.24	226.776	-48.3331	178.443
202.26	224.402	-45.9593	178.443
202.28	218.115	-39.6826	178.433
202.3	220.909	-42.4828	178.427
202.32	222.868	-44.4425	178.425
202.34	224.87	-46.4276	178.443
202.36	228.357	-49.9323	178.425
202.38	229.837	-51.4189	178.418
202.4	227.276	-48.8639	178.412
202.42	221.309	-42.8877	178.421
202.44	219.073	-40.6226	178.45
202.46	221.685	-43.2547	178.43
202.48	215.15	-36.6982	178.452
202.5	218.109	-39.668	178.441
202.52	218.484	-40.0296	178.454
202.54	215.59	-37.1218	178.468
202.56	219.816	-41.3695	178.447
202.58	225.829	-47.4053	178.424
202.6	228.633	-50.1865	178.446
202.62	227.647	-49.2175	178.429
202.64	223.151	-44.702	178.449
202.66	219.841	-41.3992	178.442
202.68	218.259	-39.8036	178.456
202.7	221.737	-43.2763	178.461
202.72	223.61	-45.143	178.467
202.74	221.026	-42.5765	178.449
202.76	219.075	-40.6083	178.467
202.78	219.305	-40.8403	178.465
202.8	219.822	-41.3791	178.443
202.82	220.427	-41.9904	178.436
202.84	219.119	-40.6782	178.44
202.86	215.993	-37.5405	178.452
202.88	218.238	-39.7891	178.449
202.9	222.524	-44.0771	178.447
202.92	224.606	-46.1635	178.442
202.94	224.244	-45.7681	178.476
202.96	222.151	-43.6755	178.476
202.98	218.677	-40.1982	178.479
203	214.333	-35.8313	178.502
203.02	215.35	-36.8691	178.481
203.04	210.627	-32.1096	178.517
203.06	217.461	-38.9576	178.504
203.08	221.94	-43.4275	178.513
203.1	222.929	-44.3923	178.537
203.12	223.598	-45.0716	178.526
203.14	224.054	-45.5118	178.542
203.16	223.475	-44.9497	178.525
203.18	221.761	-43.2286	178.532
203.2	220.926	-42.4071	178.519
203.22	218.495	-39.9628	178.532
203.24	213.922	-35.3988	178.524
203.26	216.321	-37.8237	178.497
203.28	221.414	-42.909	178.505
203.3	222.353	-43.8434	178.51
203.32	217.977	-39.4568	178.52
203.34	210.944	-32.4186	178.525
203.36	213.771	-35.2391	178.532
203.38	221.963	-43.4418	178.521
203.4	226.159	-47.6303	178.529
203.42	226.681	-48.1694	178.512
203.44	222.237	-43.7101	178.527
203.46	210.149	-31.6234	178.525
203.48	206.093	-27.5851	178.508
203.5	215.936	-37.4123	178.523
203.52	222.484	-43.97	178.514
203.54	221.644	-43.1417	178.502
203.56	221.109	-42.5973	178.512
203.58	224.925	-46.4394	178.485
203.6	227.211	-48.714	178.497
203.62	227.578	-49.0801	178.497
203.64	226.276	-47.7914	178.485
203.66	221.882	-43.3934	178.489
203.68	215.438	-36.9471	178.491
203.7	217.26	-38.7497	178.51
203.72	224.003	-45.5052	178.498
203.74	225.132	-46.6383	178.494
203.76	223.593	-45.0968	178.496
203.78	227.115	-48.6349	178.48
203.8	229.91	-51.4305	178.479
203.82	229.636	-51.1508	178.485
203.84	226.617	-48.1551	178.462
203.86	220.852	-42.396	178.456
203.88	219.95	-41.5132	178.437
203.9	222.191	-43.7365	178.455
203.92	221.826	-43.3658	178.46
203.94	223.941	-45.5055	178.435
203.96	225.74	-47.3094	178.431
203.98	226.412	-47.9754	178.436
204	225.703	-47.2733	178.43
204.02	223.703	-45.2763	178.427
204.04	223.821	-45.4049	178.416
204.06	227.008	-48.5773	178.431
204.08	229.263	-50.8245	178.439
204.1	222.97	-44.5117	178.458
204.12	223.582	-45.1448	178.437
204.14	224.319	-45.8727	178.446
204.16	223.167	-44.7098	178.457
204.18	220.352	-41.8997	178.452
204.2	213.979	-35.5148	178.464
204.22	219.534	-41.087	178.447
204.24	230.478	-52.0423	178.436
204.26	233.653	-55.226	178.427
204.28	229.312	-50.882	178.43
204.3	220.073	-41.6236	178.45
204.32	220.787	-42.369	178.418
204.34	210.252	-31.8162	178.435
204.36	208.031	-29.5923	178.439
204.38	221.001	-42.577	178.424
204.4	229.338	-50.9051	178.433
204.42	232.405	-53.9642	178.441
204.44	232.433	-53.9918	178.441
204.46	229.569	-51.1017	178.468
204.48	224.083	-45.6182	178.465
204.5	220.418	-41.9674	178.45
204.52	221.911	-43.4685	178.443
204.54	220.466	-42.0339	178.432
204.56	218.86	-40.4503	178.41
204.58	218.418	-39.9841	178.434
204.6	224.964	-46.5569	178.407
204.62	230.477	-52.0491	178.428
204.64	230.694	-52.2607	178.433
204.66	225.518	-47.0926	178.425
204.68	222.202	-43.7666	178.436
204.7	226.327	-47.9104	178.416
204.72	227.456	-49.0311	178.425
204.74	223.523	-45.0859	178.437
204.76	227.325	-48.8798	178.445
204.78	231.54	-53.0892	178.451
204.8	231.085	-52.6327	178.452
204.82	221.443	-42.9908	178.453
204.84	210.715	-32.2576	178.457
204.86	215.047	-36.5806	178.466
204.88	220.827	-42.3802	178.447
204.9	226.984	-48.5506	178.433
204.92	229.165	-50.7416	178.423
204.94	227.209	-48.7845	178.424
204.96	223.734	-45.2817	178.452
204.98	225.537	-47.0614	178.476
205	229.105	-50.6201	178.485
205.02	230.24	-51.7498	178.491
205.04	228.113	-49.6131	178.5
205.06	224.323	-45.792	178.531
205.08	228.198	-49.6669	178.531
205.1	229.188	-50.673	178.515
205.12	224.227	-45.706	178.521
205.14	217.254	-38.7328	178.521
205.16	217.301	-38.7904	178.511
205.18	223.812	-45.3314	178.481
205.2	226.239	-47.7554	178.484
205.22	225.58	-47.0931	178.486
205.24	225.167	-46.675	178.492
205.26	225.353	-46.8619	178.491
205.28	225.847	-47.3598	178.487
205.3	228.032	-49.5575	178.474
205.32	229.306	-50.8653	178.441
205.34	228.549	-50.1279	178.421
205.36	228.721	-50.3013	178.42
205.38	228.87	-50.4569	178.413
205.4	227.226	-48.8359	178.39
205.42	223.277	-44.9065	178.371
205.44	224.471	-46.1273	178.344
205.46	229.48	-51.1421	178.338
205.48	227.453	-49.11	178.343
205.5	233.019	-54.6868	178.332
205.52	236.6	-58.2535	178.346
205.54	237.023	-58.6714	178.351
205.56	234.974	-56.6077	178.366
205.58	229.724	-51.4005	178.324
205.6	224.238	-45.902	178.336
205.62	218.984	-40.6381	178.346
205.64	228.351	-50.0381	178.313
205.66	232.119	-53.7888	178.33
205.68	228.961	-50.6324	178.328
205.7	230.809	-52.4785	178.331
205.72	234.676	-56.3424	178.334
205.74	235.304	-56.9519	178.353
205.76	234.625	-56.2712	178.354
205.78	234.318	-55.9755	178.342
205.8	233.46	-55.1141	178.346
205.82	231.279	-52.9188	178.361
205.84	231.449	-53.0765	178.373
205.86	229.848	-51.4731	178.375
205.88	229.009	-50.6179	178.391
205.9	236.236	-57.8342	178.402
205.92	237.558	-59.1554	178.402
205.94	236.451	-58.0493	178.401
205.96	232.43	-54.0147	178.415
205.98	227.817	-49.4017	178.416
206	231.689	-53.2719	178.417
206.02	225.986	-47.5515	178.434
206.04	222.32	-43.8728	178.447
206.06	226.707	-48.2451	178.462
206.08	234.702	-56.2343	178.467
206.1	235.052	-56.6073	178.445
206.12	232.024	-53.6051	178.419
206.14	228.818	-50.3863	178.432
206.16	229.637	-51.1934	178.443
206.18	234.036	-55.571	178.465
206.2	233.65	-55.2021	178.448
206.22	229.646	-51.1836	178.462
206.24	230.62	-52.139	178.481
206.26	229.419	-50.9796	178.439
206.28	225.885	-47.4838	178.401
206.3	223.212	-44.7866	178.425
206.32	223.445	-45.0287	178.416
206.34	222.857	-44.452	178.405
206.36	221.336	-42.9257	178.41
206.38	220.267	-41.8514	178.415
206.4	225.614	-47.2082	178.406
206.42	231.131	-52.7559	178.375
206.44	230.486	-52.0671	178.419
206.46	228.112	-49.6765	178.436
206.48	221.23	-42.7746	178.455
206.5	225.288	-46.8472	178.441
206.52	225.397	-46.9437	178.454
206.54	227.088	-48.6305	178.458
206.56	230.534	-52.0791	178.455
206.58	227.853	-49.3853	178.468
206.6	218.538	-40.0543	178.484
206.62	221.543	-43.0735	178.47
206.64	225.487	-47.0237	178.463
206.66	221.719	-43.274	178.445
206.68	216.638	-38.2013	178.437
206.7	215.566	-37.123	178.443
206.72	220.821	-42.3617	178.46
206.74	229.617	-51.1515	178.465
206.76	232.982	-54.5087	178.473
206.78	231.472	-52.9819	178.49
206.8	226.203	-47.7379	178.465
206.82	217.804	-39.3361	178.468
206.84	217.195	-38.7318	178.463
206.86	222.373	-43.9275	178.445
206.88	226.645	-48.2072	178.437
206.9	224.883	-46.4219	178.461
206.92	219.915	-41.4481	178.467
206.94	219.398	-40.9376	178.46
206.96	223.501	-45.026	178.475
206.98	227.779	-49.3291	178.45
207	226.817	-48.362	178.455
207.02	220.848	-42.393	178.455
207.04	218.429	-39.9685	178.461
207.06	221.026	-42.5652	178.461
207.08	220.894	-42.4507	178.444
207.1	217.726	-39.255	178.471
207.12	217.564	-39.089	178.475
207.14	219.711	-41.2233	178.488
207.16	224.28	-45.8238	178.456
207.18	225.694	-47.2299	178.464
207.2	220.254	-41.761	178.493
207.22	213.019	-34.4928	178.526
207.24	213.991	-35.4765	178.514
207.26	213.667	-35.144	178.523
207.28	220.964	-42.4449	178.519
207.3	224.667	-46.1509	178.516
207.32	223.804	-45.2915	178.513
207.34	221.106	-42.6286	178.478
207.36	216.48	-37.9804	178.499
207.38	217.943	-39.4619	178.481
207.4	224.124	-45.6402	178.484
207.42	228.112	-49.6166	178.495
207.44	228.138	-49.6466	178.491
207.46	219.786	-41.2914	178.494
207.48	210.402	-31.8919	178.51
207.5	207.995	-29.4742	178.521
207.52	217.346	-38.8458	178.501
207.54	227.727	-49.2375	178.489
207.56	228.343	-49.8437	178.499
207.58	224.374	-45.8832	178.491
207.6	220.492	-41.9875	178.505
207.62	221.479	-42.9923	178.487
207.64	225.144	-46.6768	178.468
207.66	226.332	-47.8467	178.485
207.68	225.098	-46.6012	178.497
207.7	222.999	-44.4907	178.509
207.72	221.36	-42.8353	178.524
207.74	219.654	-41.1207	178.534
207.76	217.001	-38.471	178.53
207.78	217.973	-39.4412	178.531
207.8	223.453	-44.9367	178.516
207.82	226.58	-48.0731	178.507
207.84	227.486	-48.9741	178.512
207.86	225.755	-47.2629	178.492
207.88	224.537	-46.0769	178.46
207.9	224.052	-45.6013	178.45
207.92	214.888	-36.4263	178.462
207.94	212.196	-33.7434	178.453
207.96	211.482	-33.0383	178.444
207.98	211.019	-32.5654	178.454
208	221.781	-43.3353	178.446
208.02	223.246	-44.808	178.438
208.04	225.004	-46.5578	178.446
208.06	224.765	-46.3257	178.439
208.08	220.098	-41.6434	178.455
208.1	213.732	-35.2766	178.455
208.12	213.937	-35.4854	178.452
208.14	210.193	-31.757	178.436
208.16	205.962	-27.5027	178.46
208.18	216.193	-37.747	178.446
208.2	222.775	-44.3371	178.438
208.22	220.333	-41.893	178.44
208.24	224.045	-45.6067	178.438
208.26	226.219	-47.7977	178.421
208.28	230	-51.5894	178.41
208.3	230.536	-52.1518	178.384
208.32	226.256	-47.8612	178.395
208.34	224.454	-46.0514	178.402
208.36	227.632	-49.2405	178.391
208.38	229.202	-50.7895	178.412
208.4	226.918	-48.4828	178.435
208.42	223.088	-44.6345	178.453
208.44	220.835	-42.3847	178.45
208.46	218.544	-40.0849	178.459
208.48	220.247	-41.7874	178.46
208.5	225.736	-47.2876	178.449
208.52	226.041	-47.5793	178.461
208.54	218.525	-40.0123	178.513
208.56	220.19	-41.676	178.514
208.58	227.62	-49.1215	178.498
208.6	230.345	-51.8532	178.491
208.62	230.793	-52.3	178.493
208.64	230.588	-52.0787	178.509
208.66	229.38	-50.8665	178.513
208.68	226.191	-47.6671	178.524
208.7	221.916	-43.3687	178.547
208.72	219.636	-41.0705	178.565
208.74	221.471	-42.9182	178.553
208.76	220.413	-41.8719	178.541
208.78	216.292	-37.7642	178.528
208.8	218.861	-40.3288	178.532
208.82	226.629	-48.0838	178.545
208.84	232.378	-53.8196	178.558
208.86	230.745	-52.1845	178.56
208.88	221.99	-43.425	178.565
208.9	222.511	-43.9712	178.54
208.92	223.236	-44.6873	178.549
208.94	226.871	-48.3383	178.533
208.96	227.614	-49.0966	178.517
208.98	224.623	-46.1409	178.482
209	222.365	-43.9039	178.461
209.02	222.241	-43.7842	178.457
209.04	219.899	-41.4425	178.456
209.06	216.891	-38.4242	178.467
209.08	218.17	-39.6911	178.479
209.1	219.385	-40.8855	178.5
209.12	223.508	-44.9941	178.514
209.14	227.453	-48.9361	178.517
209.16	227.177	-48.6918	178.485
209.18	224.607	-46.1448	178.462
209.2	225.025	-46.5595	178.466
209.22	226.782	-48.2845	178.497
209.24	227.722	-49.2353	178.487
209.26	227.902	-49.3957	178.506
209.28	224.646	-46.1262	178.519
209.3	222.542	-44.0328	178.509
209.32	222.122	-43.6302	178.492
209.34	220.582	-42.0845	178.497
209.36	226.526	-48.0178	178.509
209.38	228.878	-50.3794	178.499
209.4	225.862	-47.3773	178.484
209.42	223.481	-45.0052	178.476
209.44	228.055	-49.6225	178.433
209.46	211.354	-32.8746	178.479
209.48	217.208	-38.7503	178.458
209.5	224.668	-46.1906	178.477
209.52	229.512	-51.0327	178.479
209.54	230.457	-51.9654	178.491
209.56	236.553	-58.0569	178.496
209.58	237.138	-58.6265	178.512
209.6	234.193	-55.6772	178.516
209.62	233.152	-54.6624	178.49
209.64	230.557	-52.0804	178.477
209.66	224.845	-46.3602	178.485
209.68	221.149	-42.6574	178.491
209.7	222.153	-43.6934	178.459
209.72	222.446	-43.9825	178.464
209.74	225.52	-47.0848	178.435
209.76	229.95	-51.5107	178.439
209.78	231.502	-53.0531	178.449
209.8	233.865	-55.4063	178.458
209.82	235.627	-57.1964	178.431
209.84	235.259	-56.8089	178.45
209.86	230.523	-52.0831	178.44
209.88	224.434	-46.0284	178.406
209.9	223.181	-44.7538	178.427
209.92	227.506	-49.0976	178.409
209.94	233.084	-54.6923	178.392
209.96	236.915	-58.5278	178.387
209.98	238.833	-60.4312	178.402
210	236.802	-58.3886	178.414
210.02	233.038	-54.6193	178.418
210.04	232.746	-54.3445	178.402
210.06	229.981	-51.5929	178.388
210.08	218.609	-40.215	178.394
210.1	217.802	-39.432	178.37
210.12	224.221	-45.8546	178.366
210.14	226.024	-47.6593	178.365
210.16	217.325	-38.9227	178.402
210.18	224.233	-45.8587	178.375
210.2	224.769	-46.3678	178.401
210.22	229.512	-51.1202	178.392
210.24	229.225	-50.8266	178.398
210.26	230.137	-51.7435	178.394
210.28	232.539	-54.1426	178.396
210.3	228.091	-49.6749	178.416
210.32	227.514	-49.0949	178.419
210.34	228.568	-50.1565	178.412
210.36	223.271	-44.8383	178.432
210.38	222.116	-43.6662	178.45
210.4	224.603	-46.1391	178.464
210.42	229.874	-51.4347	178.439
210.44	231.842	-53.3861	178.455
210.46	228.868	-50.4242	178.444
210.48	223.315	-44.8797	178.435
210.5	224.697	-46.2585	178.438
210.52	229.992	-51.5599	178.433
210.54	230.491	-52.0482	178.443
210.56	225.841	-47.3919	178.449
210.58	223.638	-45.1966	178.441
210.6	224.112	-45.6534	178.458
210.62	226.359	-47.9061	178.453
210.64	228.993	-50.5622	178.431
210.66	230.519	-52.0841	178.435
210.68	228.86	-50.4193	178.441
210.7	226.07	-47.6341	178.436
210.72	224.542	-46.1104	178.431
210.74	223.668	-45.247	178.421
210.76	215.256	-36.8283	178.428
210.78	212.103	-33.7107	178.392
210.8	211.638	-33.2238	178.414
210.82	219.996	-41.5709	178.425
210.84	226.194	-47.7591	178.435
210.86	228.673	-50.2354	178.438
210.88	230.239	-51.8014	178.438
210.9	230.42	-52.0004	178.419
210.92	226.992	-48.5927	178.4
210.94	218.548	-40.1405	178.407
210.96	216.234	-37.8272	178.406
210.98	220.235	-41.8696	178.365
211	220.892	-42.5291	178.363
211.02	224.767	-46.388	178.379
211.04	227.357	-48.9749	178.382
211.06	227.951	-49.5614	178.389
211.08	224.452	-46.0586	178.393
211.1	222.191	-43.7918	178.399
211.12	218.444	-40.0471	178.397
211.14	215.874	-37.4716	178.402
211.16	221.46	-43.079	178.381
211.18	228.446	-50.0538	178.393
211.2	229.397	-50.9989	178.398
211.22	231.081	-52.6879	178.393
211.24	230.063	-51.6548	178.408
211.26	224.087	-45.6582	178.429
211.28	225.398	-47.0084	178.39
211.3	222.638	-44.2485	178.389
211.32	213.836	-35.464	178.372
211.34	219.077	-40.7351	178.342
211.36	224.477	-46.1203	178.357
211.38	230.73	-52.38	178.35
211.4	230.625	-52.2627	178.363
211.42	229.223	-50.8679	178.355
211.44	225.467	-47.1129	178.354
211.46	226.481	-48.1522	178.329
211.48	232.976	-54.6354	178.341
211.5	231.873	-53.5239	178.349
211.52	227.339	-48.9922	178.347
211.54	224.715	-46.3716	178.344
211.56	228.619	-50.2906	178.328
211.58	234.299	-55.959	178.34
211.6	237.268	-58.9271	178.34
211.62	236.384	-58.0467	178.337
211.64	230.113	-51.7889	178.324
211.66	227.921	-49.6155	178.305
211.68	219.978	-41.6828	178.296
211.7	213.806	-35.496	178.31
211.72	221.068	-42.7758	178.292
211.74	228.224	-49.9256	178.299
211.76	225.473	-47.1786	178.294
211.78	223.51	-45.201	178.309
211.8	228.508	-50.2255	178.283
211.82	232.438	-54.1559	178.282
211.84	235.892	-57.586	178.306
211.86	233.937	-55.6281	178.309
211.88	226.084	-47.7819	178.302
211.9	225.172	-46.8704	178.302
211.92	233.041	-54.7438	178.297
211.94	240.032	-61.7146	178.317
211.96	240.172	-61.8611	178.311
211.98	233.94	-55.6311	178.309
212	228.171	-49.8731	178.298
212.02	225.391	-47.0984	178.292
212.04	226.521	-48.2006	178.321
212.06	230.865	-52.5615	178.304
212.08	229.748	-51.4526	178.296
212.1	220.854	-42.5599	178.294
212.12	215.835	-37.5197	178.315
212.14	226.17	-47.8599	178.31
212.16	229.86	-51.5396	178.321
212.18	233.191	-54.8717	178.319
212.2	234.084	-55.7525	178.331
212.22	233.428	-55.0827	178.345
212.24	234.204	-55.8775	178.327
212.26	234.463	-56.1466	178.317
212.28	230.938	-52.6196	178.319
212.3	231.273	-52.9205	178.352
212.32	232.254	-53.8901	178.364
212.34	232.734	-54.3745	178.36
212.36	233.428	-55.0769	178.351
212.38	231.855	-53.4767	178.378
212.4	234.084	-55.7137	178.37
212.42	237.288	-58.911	178.377
212.44	234.827	-56.4549	178.372
212.46	228.574	-50.1994	178.375
212.48	229.999	-51.6012	178.397
212.5	234.508	-56.1108	178.397
212.52	233.959	-55.5462	178.413
212.54	231.133	-52.6889	178.444
212.56	222.935	-44.4935	178.441
212.58	222.03	-43.6098	178.42
212.6	229.261	-50.8055	178.455
212.62	235.201	-56.7295	178.471
212.64	236.42	-57.9458	178.474
212.66	235.291	-56.8369	178.454
212.68	234.424	-55.9756	178.448
212.7	233.08	-54.6264	178.453
212.72	230.726	-52.2785	178.447
212.74	228.997	-50.5281	178.468
212.76	232.144	-53.6598	178.484
212.78	233.99	-55.5275	178.462
212.8	232.346	-53.8817	178.464
212.82	229.902	-51.4296	178.472
212.84	229.781	-51.3162	178.464
212.86	230.272	-51.8086	178.464
212.88	230.688	-52.2182	178.47
212.9	231.327	-52.8742	178.453
212.92	231.172	-52.7367	178.436
212.94	229.737	-51.2996	178.437
212.96	229.254	-50.8213	178.433
212.98	230.95	-52.5038	178.446
213	231.133	-52.6488	178.484
213.02	229.255	-50.7642	178.491
213.04	227.139	-48.6584	178.481
213.06	226.423	-47.9591	178.463
213.08	226.375	-47.883	178.492
213.1	228.231	-49.7382	178.493
213.12	232.004	-53.5019	178.502
213.14	234.701	-56.2055	178.495
213.16	233.64	-55.1436	178.496
213.18	222.741	-44.2443	178.497
213.2	210.673	-32.1319	178.542
213.22	224.847	-46.3576	178.489
213.24	232.011	-53.5131	178.498
213.26	232.124	-53.6112	178.513
213.28	229.654	-51.1355	178.518
213.3	225.481	-46.9196	178.562
213.32	220.939	-42.3868	178.553
213.34	219.949	-41.4215	178.528
213.36	224.687	-46.1469	178.541
213.38	230.021	-51.4925	178.528
213.4	232.45	-53.9318	178.518
213.42	232.604	-54.0948	178.509
213.44	232.83	-54.3156	178.514
213.46	232.508	-53.9927	178.515
213.48	220.238	-41.7256	178.513
213.5	211.365	-32.8485	178.516
213.52	221.129	-42.605	178.524
213.54	223.98	-45.4526	178.527
213.56	224.701	-46.1659	178.535
213.58	226.837	-48.3005	178.536
213.6	231.264	-52.6986	178.566
213.62	233.219	-54.6546	178.564
213.64	229.466	-50.9265	178.54
213.66	222.604	-44.0298	178.575
213.68	224.327	-45.7608	178.566
213.7	222.826	-44.2569	178.57
213.72	224.573	-46.0141	178.558
213.74	229.793	-51.2761	178.517
213.76	232.538	-54.0323	178.506
213.78	232.07	-53.5552	178.514
213.8	231.858	-53.3423	178.515
213.82	233.174	-54.6926	178.481
213.84	234.159	-55.6893	178.47
213.86	234.154	-55.7056	178.448
213.88	233.387	-54.9395	178.448
213.9	231.773	-53.3146	178.458
213.92	230.504	-52.0288	178.475
213.94	231.22	-52.7445	178.475
213.96	233.825	-55.3684	178.457
213.98	235.001	-56.5482	178.452
214	230.073	-51.6478	178.425
214.02	228.939	-50.5313	178.408
214.04	229.839	-51.4498	178.39
214.06	218.744	-40.3529	178.392
214.08	206.755	-28.3581	178.397
214.1	216.108	-37.7376	178.371
214.12	229.02	-50.6765	178.343
214.14	230.659	-52.288	178.371
214.16	225.518	-47.1356	178.382
214.18	226.525	-48.1419	178.383
214.2	228.876	-50.4819	178.394
214.22	230.396	-52.0068	178.389
214.24	224.09	-45.6897	178.4
214.26	233.665	-55.2864	178.379
214.28	237.557	-59.1874	178.369
214.3	238.157	-59.7748	178.382
214.32	237.568	-59.1758	178.392
214.34	234.56	-56.1563	178.404
214.36	230.73	-52.3076	178.422
214.38	228.91	-50.4991	178.411
214.4	228.737	-50.3398	178.398
214.42	227.54	-49.131	178.409
214.44	226.045	-47.6465	178.399
214.46	225.477	-47.0736	178.404
214.48	225.608	-47.192	178.416
214.5	227.114	-48.6834	178.43
214.52	227.27	-48.8297	178.44
214.54	225.435	-46.9803	178.455
214.56	225.336	-46.8885	178.447
214.58	225.703	-47.2417	178.461
214.6	227.851	-49.3698	178.481
214.62	230.06	-51.5801	178.48
214.64	229.643	-51.1315	178.512
214.66	225.881	-47.3833	178.498
214.68	222.849	-44.3511	178.498
214.7	221.658	-43.153	178.505
214.72	218.601	-40.1132	178.487
214.74	218.679	-40.1801	178.499
214.76	221.812	-43.3017	178.51
214.78	222.591	-44.0926	178.498
214.8	224.04	-45.5214	178.519
214.82	225.605	-47.1007	178.504
214.84	227.55	-49.0363	178.514
214.86	228.302	-49.7722	178.53
214.88	226.953	-48.4513	178.502
214.9	222.961	-44.4831	178.478
214.92	217.12	-38.6495	178.47
214.94	219.44	-41.0102	178.43
214.96	223.148	-44.714	178.434
214.98	223.132	-44.6953	178.437
215	223.09	-44.6643	178.425
215.02	222.728	-44.3	178.428
215.04	218.027	-39.5995	178.427
215.06	212.386	-33.932	178.454
215.08	218.174	-39.6888	178.485
215.1	227.183	-48.6886	178.494
215.12	227.044	-48.527	178.517
215.14	224.726	-46.2014	178.524
215.16	223.729	-45.1978	178.531
215.18	224.664	-46.1551	178.508
215.2	221.277	-42.7519	178.525
215.22	215.683	-37.1516	178.532
215.24	221.098	-42.5989	178.5
215.26	226.359	-47.877	178.482
215.28	222.741	-44.2609	178.48
215.3	223.838	-45.366	178.472
215.32	231.513	-53.0511	178.462
215.34	230.67	-52.1973	178.473
215.36	225.261	-46.7949	178.466
215.38	221.806	-43.3238	178.482
215.4	221.172	-42.6844	178.488
215.42	220.525	-42.0421	178.483
215.44	223.907	-45.4268	178.48
215.46	224.083	-45.5985	178.485
215.48	224.969	-46.4785	178.491
215.5	226.313	-47.8273	178.486
215.52	223.821	-45.3213	178.5
215.54	226.769	-48.2567	178.513
215.56	230.615	-52.1024	178.512
215.58	227.043	-48.5458	178.497
215.6	225.98	-47.4611	178.518
215.62	231.958	-53.4454	178.512
215.64	230.926	-52.4052	178.521
215.66	219.457	-40.9284	178.528
215.68	216.597	-38.082	178.515
215.7	221.037	-42.5255	178.511
215.72	222.035	-43.5087	178.526
215.74	227.493	-48.9682	178.525
215.76	229.569	-51.0668	178.502
215.78	230.838	-52.3352	178.503
215.8	231.989	-53.4633	178.526
215.82	232.678	-54.1635	178.514
215.84	232.235	-53.7498	178.485
215.86	227.888	-49.4182	178.47
215.88	220.475	-42.0179	178.457
215.9	224.641	-46.1766	178.464
215.92	227.914	-49.4668	178.447
215.94	230.051	-51.5745	178.476
215.96	232.459	-53.9756	178.484
215.98	230.494	-52.026	178.468
216	219.522	-41.057	178.465
216.02	211.517	-33.0482	178.469
216.04	222.47	-44.0109	178.459
216.06	226.727	-48.2547	178.472
216.08	228.028	-49.5546	178.473
216.1	222.387	-43.916	178.471
216.12	220.397	-41.9384	178.459
216.14	221.612	-43.157	178.455
216.16	220.846	-42.4041	178.442
216.18	221.944	-43.529	178.415
216.2	225.723	-47.3162	178.407
216.22	227.794	-49.3791	178.415
216.24	228.775	-50.3815	178.394
216.26	222.658	-44.267	178.391
216.28	207.892	-29.4583	178.434
216.3	212.73	-34.3033	178.427
216.32	219.477	-41.0547	178.423
216.34	224.669	-46.2394	178.429
216.36	226.961	-48.5466	178.415
216.38	227.598	-49.1731	178.425
216.4	225.77	-47.3565	178.413
216.42	222.205	-43.7881	178.417
216.44	222.179	-43.7541	178.425
216.46	222.423	-44.0039	178.419
216.48	219.831	-41.4037	178.427
216.5	226.109	-47.6739	178.435
216.52	226.871	-48.421	178.45
216.54	223.539	-45.0943	178.444
216.56	224.025	-45.5798	178.445
216.58	229.225	-50.7787	178.446
216.6	232.754	-54.2707	178.483
216.62	231.406	-52.9133	178.493
216.64	226.047	-47.5412	178.506
216.66	225.048	-46.5552	178.493
216.68	222.027	-43.5507	178.476
216.7	217.179	-38.7033	178.476
216.72	217.054	-38.5853	178.469
216.74	218.409	-39.9298	178.479
216.76	219.784	-41.3027	178.481
216.78	222.325	-43.8271	178.498
216.8	225.696	-47.1935	178.502
216.82	227.873	-49.3704	178.502
216.84	228.038	-49.504	178.534
216.86	225.239	-46.7004	178.538
216.88	220.31	-41.7637	178.546
216.9	222.554	-44.013	178.54
216.92	226.335	-47.8167	178.518
216.94	223.206	-44.7042	178.502
216.96	220.304	-41.7938	178.511
216.98	216.817	-38.2886	178.528
217	214.448	-35.9368	178.511
217.02	218.075	-39.5646	178.511
217.04	220.443	-41.9094	178.534
217.06	221.243	-42.6949	178.548
217.08	224.35	-45.8194	178.531
217.1	228.266	-49.7423	178.524
217.12	229.593	-51.0707	178.522
217.14	226.602	-48.0686	178.533
217.16	221.234	-42.7135	178.52
217.18	218.811	-40.2971	178.514
217.2	220.112	-41.5944	178.518
217.22	222.289	-43.7659	178.523
217.24	219.234	-40.6854	178.549
217.26	214.581	-36.031	178.55
217.28	213.147	-34.6115	178.535
217.3	218.492	-39.9896	178.502
217.32	221.013	-42.5151	178.498
217.34	216.91	-38.3803	178.53
217.36	223.174	-44.6714	178.503
217.38	228.021	-49.5168	178.504
217.4	226.626	-48.1163	178.509
217.42	225.063	-46.5495	178.514
217.44	222.898	-44.3907	178.507
217.46	220.357	-41.874	178.483
217.48	221.281	-42.7987	178.483
217.5	217.652	-39.1879	178.464
217.52	212.286	-33.7984	178.488
217.54	216.818	-38.3453	178.473
217.56	212.231	-33.7433	178.487
217.58	219.373	-40.8914	178.482
217.6	226.113	-47.6224	178.49
217.62	225.402	-46.9273	178.475
217.64	223.914	-45.4596	178.455
217.66	219.305	-40.8582	178.447
217.68	208.95	-30.4631	178.487
217.7	226.713	-48.2698	178.443
217.72	228.701	-50.2384	178.462
217.74	221.559	-43.0758	178.484
217.76	221.791	-43.3033	178.487
217.78	226.139	-47.6734	178.466
217.8	222.86	-44.3889	178.471
217.82	227.151	-48.686	178.465
217.84	229.805	-51.3678	178.438
217.86	226.866	-48.4042	178.462
217.88	221.998	-43.544	178.454
217.9	217.916	-39.4714	178.444
217.92	221.668	-43.2111	178.457
217.94	229.317	-50.8719	178.445
217.96	235.599	-57.1555	178.444
217.98	235.762	-57.294	178.468
218	231.512	-53.0554	178.457
218.02	224.129	-45.6939	178.435
218.04	218.168	-39.7243	178.443
218.06	219.445	-41.0355	178.41
218.08	225.884	-47.4664	178.418
218.1	231.277	-52.8713	178.406
218.12	231.674	-53.2559	178.418
218.14	228.303	-49.9149	178.388
218.16	225.358	-46.9894	178.368
218.18	219.072	-40.7057	178.367
218.2	218.584	-40.1808	178.403
218.22	232.276	-53.9044	178.372
218.24	232.98	-54.5913	178.389
218.26	226.378	-48.0026	178.375
218.28	226.763	-48.3974	178.365
218.3	230.629	-52.2557	178.373
218.32	228.901	-50.5238	178.377
218.34	226.575	-48.196	178.379
218.36	225.444	-47.0569	178.387
218.38	222.224	-43.8435	178.38
218.4	217.82	-39.4336	178.387
218.42	219.488	-41.1031	178.385
218.44	219.795	-41.4259	178.369
218.46	217.589	-39.1688	178.42
218.48	228.381	-49.9944	178.386
218.5	226.866	-48.4986	178.367
218.52	218.671	-40.303	178.368
218.54	210.872	-32.5044	178.368
218.56	219.591	-41.226	178.365
218.58	228.981	-50.6227	178.359
218.6	223.992	-45.5755	178.417
218.62	217.304	-38.878	178.426
218.64	215.926	-37.5081	178.418
218.66	215.483	-37.0716	178.411
218.68	220.879	-42.4424	178.436
218.7	223.735	-45.2982	178.437
218.72	227.307	-48.8936	178.414
218.74	229.6	-51.2018	178.398
218.76	225.478	-47.0751	178.403
218.78	226.013	-47.607	178.406
218.8	229.541	-51.1438	178.397
218.82	225.592	-47.184	178.408
218.84	221.729	-43.3192	178.41
218.86	221.113	-42.6984	178.414
218.88	222.461	-44.0521	178.409
218.9	224.662	-46.2444	178.418
218.92	224.822	-46.4078	178.414
218.94	224.559	-46.1367	178.423
218.96	226.85	-48.4348	178.415
218.98	229.561	-51.144	178.417
219	228.466	-50.0565	178.409
219.02	228.541	-50.1467	178.394
219.04	231.299	-52.9023	178.397
219.06	232.195	-53.7996	178.395
219.08	229.553	-51.1397	178.414
219.1	226.906	-48.4696	178.436
219.12	229.044	-50.5863	178.458
219.14	232.715	-54.2435	178.472
219.16	232.431	-53.9593	178.471
219.18	232.975	-54.5101	178.465
219.2	232.955	-54.5044	178.45
219.22	228.764	-50.3462	178.418
219.24	222.382	-43.9513	178.431
219.26	218.528	-40.0826	178.446
219.28	222.777	-44.3372	178.44
219.3	227.007	-48.5741	178.433
219.32	222.602	-44.146	178.456
219.34	223.544	-45.0957	178.448
219.36	228.661	-50.2057	178.455
219.38	230.477	-52.0147	178.462
219.4	229.939	-51.4527	178.486
219.42	228.753	-50.2935	178.46
219.44	224.741	-46.2545	178.487
219.46	222.59	-44.1243	178.466
219.48	219.744	-41.2511	178.493
219.5	222.151	-43.6812	178.47
219.52	228.039	-49.5555	178.483
219.54	230.987	-52.4873	178.5
219.56	229.516	-51.0002	178.516
219.58	223.686	-45.1639	178.522
219.6	215.61	-37.0932	178.517
219.62	212.796	-34.2309	178.565
219.64	223.563	-45.0111	178.552
219.66	231.212	-52.6807	178.531
219.68	232.04	-53.5177	178.523
219.7	229.246	-50.731	178.515
219.72	226.912	-48.3981	178.514
219.74	224.836	-46.3097	178.526
219.76	224.408	-45.8599	178.548
219.78	225.072	-46.5253	178.547
219.8	225.295	-46.7786	178.516
219.82	226.932	-48.4287	178.503
219.84	227.916	-49.4188	178.497
219.86	227.239	-48.7521	178.487
219.88	226.698	-48.1936	178.504
219.9	227.428	-48.9197	178.508
219.92	227.573	-49.083	178.49
219.94	224.352	-45.8731	178.479
219.96	219.161	-40.6767	178.484
219.98	219.283	-40.7816	178.502
220	220.101	-41.6118	178.489
220.02	214.249	-35.7415	178.508
220.04	213.13	-34.602	178.528
220.06	220.906	-42.4041	178.502
220.08	225.631	-47.1209	178.51
220.1	227.079	-48.5739	178.505
220.12	225.489	-46.9727	178.517
220.14	221.744	-43.2327	178.512
220.16	218.134	-39.623	178.511
220.18	220.234	-41.7169	178.517
220.2	222.73	-44.2307	178.5
220.22	221.428	-42.9424	178.486
220.24	215.966	-37.4644	178.501
220.26	218.83	-40.3304	178.5
220.28	223.077	-44.5558	178.521
220.3	222.884	-44.3693	178.515
220.32	223.811	-45.3077	178.503
220.34	225.362	-46.8593	178.503
220.36	225.533	-47.0126	178.521
220.38	221.361	-42.8301	178.531
220.4	219.835	-41.2937	178.541
220.42	221.941	-43.4182	178.523
220.44	221.81	-43.2844	178.525
220.46	218.818	-40.2688	178.549
220.48	219.404	-40.8694	178.535
220.5	216.801	-38.2564	178.544
220.52	218.806	-40.291	178.515
220.54	223.524	-45.0175	178.507
220.56	225.828	-47.3262	178.502
220.58	225.439	-46.9215	178.517
220.6	221.591	-43.0616	178.529
220.62	218.432	-39.8888	178.543
220.64	224.385	-45.8411	178.544
220.66	229.008	-50.4793	178.528
220.68	229.303	-50.7751	178.528
220.7	224.762	-46.2362	178.526
220.72	216.783	-38.2605	178.523
220.74	209.578	-31.0221	178.556
220.76	217.488	-38.9372	178.551
220.78	225.32	-46.7825	178.538
220.8	229.969	-51.4252	178.544
220.82	230.418	-51.8795	178.539
220.84	227.266	-48.728	178.538
220.86	221.451	-42.9407	178.51
220.88	220.857	-42.3513	178.506
220.9	222.235	-43.7181	178.516
220.92	224.639	-46.1244	178.515
220.94	230.156	-51.6649	178.491
220.96	230.432	-51.9298	178.502
220.98	229.607	-51.1092	178.498
221	225.729	-47.2558	178.473
221.02	221.569	-43.1014	178.468
221.04	220.107	-41.647	178.46
221.06	223.873	-45.4351	178.438
221.08	225.574	-47.1362	178.438
221.1	226.679	-48.241	178.438
221.12	231.519	-53.1029	178.416
221.14	231.059	-52.6624	178.396
221.16	227.636	-49.2247	178.412
221.18	227.044	-48.6393	178.404
221.2	228.808	-50.4144	178.394
221.22	232.091	-53.6938	178.397
221.24	233.52	-55.13	178.39
221.26	229.663	-51.277	178.386
221.28	221.811	-43.4142	178.397
221.3	225.624	-47.2389	178.385
221.32	227.242	-48.8203	178.421
221.34	229.529	-51.133	178.396
221.36	229.672	-51.2758	178.397
221.38	226.6	-48.1967	178.403
221.4	222.601	-44.2021	178.399
221.42	222.017	-43.6419	178.375
221.44	227.585	-49.2409	178.344
221.46	228.8	-50.4372	178.363
221.48	227.057	-48.7008	178.356
221.5	227.554	-49.1778	178.377
221.52	228.046	-49.6647	178.381
221.54	227.026	-48.666	178.36
221.56	225.068	-46.6963	178.372
221.58	225.048	-46.6684	178.38
221.6	228.485	-50.1142	178.37
221.62	225.569	-47.1976	178.371
221.64	221.61	-43.2266	178.384
221.66	222.822	-44.4416	178.38
221.68	223.867	-45.4756	178.391
221.7	232.082	-53.6832	178.399
221.72	234.276	-55.8869	178.389
221.74	230.256	-51.8583	178.397
221.76	224.823	-46.4184	178.404
221.78	226.181	-47.7969	178.384
221.8	230.451	-52.081	178.37
221.82	232.578	-54.1846	178.394
221.84	233.471	-55.0888	178.382
221.86	232.34	-53.9597	178.381
221.88	228.144	-49.7723	178.372
221.9	224.713	-46.3055	178.408
221.92	226.355	-47.9332	178.422
221.94	230.157	-51.734	178.423
221.96	229.339	-50.8731	178.466
221.98	224.404	-45.9291	178.475
222	217.452	-38.9867	178.466
222.02	214.814	-36.3492	178.465
222.04	225.932	-47.4763	178.456
222.06	232.756	-54.2647	178.491
222.08	230.356	-51.883	178.473
222.1	225.672	-47.2206	178.452
222.12	226.477	-48.0242	178.453
222.14	228.677	-50.246	178.431
222.16	230.731	-52.3104	178.42
222.18	232.178	-53.7695	178.409
222.2	231.582	-53.1823	178.4
222.22	230.995	-52.5972	178.398
222.24	228.334	-49.9536	178.38
222.26	223.934	-45.5497	178.385
222.28	220.271	-41.8533	178.418
222.3	224.665	-46.229	178.436
222.32	231.53	-53.091	178.439
222.34	233.481	-55.0544	178.426
222.36	233.227	-54.8168	178.41
222.38	231.673	-53.2633	178.41
222.4	228.836	-50.4255	178.41
222.42	226.561	-48.1553	178.406
222.44	226.152	-47.7375	178.415
222.46	227.754	-49.3466	178.407
222.48	233.096	-54.6951	178.401
222.5	234.368	-55.9819	178.386
222.52	228.099	-49.7063	178.392
222.54	220.692	-42.2937	178.399
222.56	212.776	-34.3387	178.437
222.58	228.067	-49.6701	178.397
222.6	231.149	-52.7583	178.391
222.62	226.5	-48.0986	178.401
222.64	226.749	-48.3603	178.389
222.66	227.616	-49.2201	178.396
222.68	227.625	-49.2476	178.377
222.7	230.013	-51.6053	178.407
222.72	230.822	-52.406	178.416
222.74	229.411	-50.9721	178.439
222.76	231.132	-52.6947	178.437
222.78	228.122	-49.6737	178.449
222.8	227.378	-48.9175	178.461
222.82	230.053	-51.5905	178.463
222.84	228.224	-49.7642	178.46
222.86	228.293	-49.8496	178.443
222.88	227.205	-48.7931	178.412
222.9	225.174	-46.7817	178.392
222.92	226.027	-47.6215	178.406
222.94	231.409	-53.0149	178.394
222.96	232.305	-53.9321	178.373
222.98	228.044	-49.6431	178.4
223	225.938	-47.5266	178.411
223.02	226.492	-48.0638	178.428
223.04	224.68	-46.2413	178.439
223.06	226.323	-47.8809	178.442
223.08	229.645	-51.2329	178.412
223.1	229.381	-50.9486	178.433
223.12	229.702	-51.2696	178.432
223.14	229.968	-51.5641	178.404
223.16	222.215	-43.8111	178.404
223.18	217.801	-39.3779	178.423
223.2	224.871	-46.4426	178.428
223.22	228.567	-50.1375	178.429
223.24	230.474	-52.0553	178.418
223.26	230.172	-51.7615	178.411
223.28	229.95	-51.5401	178.41
223.3	224.92	-46.5047	178.415
223.32	221.749	-43.35	178.399
223.34	223.135	-44.7434	178.391
223.36	224.645	-46.2731	178.372
223.38	227.453	-49.0754	178.377
223.4	230.928	-52.5519	178.376
223.42	232.02	-53.6282	178.392
223.44	230.161	-51.7747	178.386
223.46	225.535	-47.1472	178.388
223.48	222.209	-43.7988	178.41
223.5	226.299	-47.8854	178.414
223.52	229.732	-51.3151	178.417
223.54	227.698	-49.2725	178.425
223.56	225.252	-46.8227	178.429
223.58	226.352	-47.9094	178.443
223.6	221.261	-42.8141	178.447
223.62	219.5	-41.0416	178.459
223.64	225.686	-47.2285	178.457
223.66	223.807	-45.3116	178.495
223.68	225.454	-46.9541	178.5
223.7	230.175	-51.6735	178.501
223.72	231.979	-53.4835	178.495
223.74	229.442	-50.961	178.481
223.76	220.34	-41.8373	178.503
223.78	219.302	-40.7949	178.507
223.8	222.408	-43.8952	178.513
223.82	225.636	-47.1171	178.519
223.84	229.789	-51.2534	178.536
223.86	226.882	-48.3412	178.541
223.88	221.578	-43.0345	178.543
223.9	226.636	-48.0944	178.541
223.92	228.544	-50.0126	178.531
223.94	224.571	-46.0562	178.514
223.96	218.542	-40.0224	178.52
223.98	221.404	-42.8827	178.522
224	224.36	-45.8378	178.522
224.02	224.815	-46.286	178.529
224.04	224.528	-45.9934	178.535
224.06	223.528	-44.9989	178.529
224.08	222.344	-43.8235	178.52
224.1	223.537	-45.023	178.514
224.12	226.601	-48.1037	178.498
224.14	230.351	-51.8608	178.491
224.16	231.55	-53.054	178.496
224.18	229.583	-51.0633	178.52
224.2	227.832	-49.3302	178.501
224.22	224.373	-45.8639	178.509
224.24	219.504	-40.9901	178.514
224.26	223.323	-44.8128	178.51
224.28	226.629	-48.1394	178.49
224.3	227.141	-48.6684	178.473
224.32	224.171	-45.7149	178.456
224.34	217.641	-39.1978	178.443
224.36	209.696	-31.227	178.469
224.38	212.383	-33.9206	178.462
224.4	218.295	-39.8355	178.46
224.42	220.65	-42.1737	178.476
224.44	223.831	-45.3562	178.474
224.46	225.597	-47.1009	178.496
224.48	224.947	-46.4433	178.504
224.5	224.308	-45.7979	178.51
224.52	224.474	-45.9479	178.526
224.54	224.902	-46.4033	178.499
224.56	225.199	-46.7118	178.487
224.58	224.352	-45.8714	178.48
224.6	221.645	-43.1695	178.475
224.62	218.703	-40.2152	178.488
224.64	217.533	-39.0361	178.497
224.66	217.132	-38.6299	178.502
224.68	216.858	-38.3544	178.504
224.7	215.552	-37.042	178.51
224.72	217.914	-39.4116	178.503
224.74	218.289	-39.7635	178.526
224.76	220.355	-41.8425	178.513
224.78	222.029	-43.493	178.536
224.8	223.436	-44.9013	178.535
224.82	222.557	-44.0147	178.543
224.84	216.452	-37.8929	178.559
224.86	215.977	-37.4409	178.536
224.88	220.941	-42.3767	178.565
224.9	221.209	-42.6303	178.579
224.92	219.939	-41.3861	178.553
224.94	219.011	-40.4431	178.568
224.96	217.806	-39.2416	178.564
224.98	219.033	-40.4592	178.574
225	221.257	-42.7015	178.555
225.02	220.806	-42.2374	178.569
225.04	220.505	-41.9346	178.57
225.06	221.976	-43.3968	178.58
225.08	223.352	-44.7621	178.59
225.1	223.579	-44.9836	178.595
225.12	222.451	-43.8795	178.571
225.14	217.169	-38.6211	178.548
225.16	205.9	-27.3306	178.569
225.18	215.949	-37.4189	178.53
225.2	221.318	-42.7647	178.553
225.22	222.375	-43.8198	178.555
225.24	221.777	-43.2304	178.547
225.26	223.204	-44.6904	178.514
225.28	226.147	-47.6358	178.511
225.3	225.469	-46.9796	178.489
225.32	222	-43.5231	178.477
225.34	221.418	-42.9561	178.462
225.36	225.304	-46.8467	178.458
225.38	228.301	-49.8381	178.463
225.4	228.918	-50.46	178.458
225.42	227.449	-48.9953	178.454
225.44	226.283	-47.8166	178.466
225.46	227.176	-48.7293	178.446
225.48	226.091	-47.653	178.438
225.5	220.611	-42.1796	178.432
225.52	219.338	-40.8995	178.439
225.54	224.49	-46.0533	178.437
225.56	228.098	-49.6585	178.439
225.58	229.44	-51.0114	178.429
225.6	224.506	-46.0683	178.438
225.62	226.059	-47.5954	178.464
225.64	232.128	-53.6646	178.464
225.66	232.027	-53.5562	178.471
225.68	226.488	-48.0417	178.447
225.7	216.554	-38.1208	178.433
225.72	213.195	-34.7594	178.435
225.74	222.06	-43.625	178.435
225.76	223.052	-44.6103	178.442
225.78	222.712	-44.2881	178.424
225.8	225.68	-47.2422	178.437
225.82	225.627	-47.1672	178.46
225.84	222.735	-44.291	178.444
225.86	219.043	-40.5949	178.448
225.88	214.169	-35.7095	178.46
225.9	214.438	-35.959	178.479
225.92	221.911	-43.4393	178.471
225.94	226.081	-47.6188	178.462
225.96	226.5	-48.0347	178.465
225.98	226.244	-47.7734	178.471
226	225.172	-46.7082	178.464
226.02	221.982	-43.4974	178.484
226.04	215.809	-37.3365	178.472
226.06	216.025	-37.5541	178.471
226.08	220.879	-42.428	178.451
226.1	219.338	-40.9069	178.431
226.12	222.614	-44.2004	178.414
226.14	213.43	-34.9821	178.448
226.16	220.941	-42.5197	178.421
226.18	217.798	-39.381	178.417
226.2	206.075	-27.6458	178.43
226.22	206.371	-27.9485	178.422
226.24	216.695	-38.2934	178.401
226.26	221.717	-43.2899	178.428
226.28	221.631	-43.1988	178.432
226.3	213.69	-35.2462	178.444
226.32	217.969	-39.5264	178.443
226.34	224.279	-45.8206	178.459
226.36	222.97	-44.5001	178.47
226.38	215.16	-36.689	178.471
226.4	207.284	-28.8128	178.471
226.42	210.952	-32.5049	178.447
226.44	219.092	-40.6488	178.443
226.46	217.887	-39.4261	178.461
226.48	219.364	-40.8813	178.482
226.5	224.144	-45.6815	178.463
226.52	225.981	-47.5185	178.462
226.54	224.069	-45.5936	178.476
226.56	222.328	-43.8558	178.472
226.58	223.409	-44.9291	178.48
226.6	223.506	-45.0379	178.468
226.62	220.861	-42.3681	178.493
226.64	219.305	-40.796	178.509
226.66	219.566	-41.0484	178.517
226.68	218.722	-40.1801	178.542
226.7	220.055	-41.5176	178.538
226.72	224.542	-46.0127	178.529
226.74	227.443	-48.9119	178.531
226.76	223.47	-44.952	178.518
226.78	217.918	-39.3866	178.532
226.8	223.613	-45.0766	178.536
226.82	226.975	-48.4307	178.545
226.84	228.184	-49.6373	178.547
226.86	229.333	-50.7845	178.549
226.88	226.648	-48.0898	178.558
226.9	220.666	-42.0881	178.578
226.92	216.076	-37.514	178.562
226.94	211.215	-32.6561	178.559
226.96	213.621	-35.0731	178.548
226.98	218.686	-40.1621	178.524
227	225.502	-46.9921	178.51
227.02	229.946	-51.4011	178.545
227.04	231.908	-53.3782	178.53
227.06	232.25	-53.7367	178.513
227.08	230.45	-51.9526	178.498
227.1	228.49	-50.0033	178.486
227.12	226.119	-47.6412	178.478
227.14	220.79	-42.2797	178.51
227.16	218.817	-40.2905	178.527
227.18	220.867	-42.3601	178.507
227.2	221.833	-43.3113	178.522
227.22	219.181	-40.6513	178.53
227.24	212.168	-33.6263	178.542
227.26	211.453	-32.8865	178.567
227.28	215.969	-37.408	178.561
227.3	221.607	-43.0195	178.587
227.32	225.892	-47.308	178.584
227.34	227.985	-49.4328	178.552
227.36	228.197	-49.6564	178.54
227.38	225.6	-47.0722	178.528
227.4	219.822	-41.2907	178.532
227.42	217.119	-38.5771	178.542
227.44	218.262	-39.7433	178.519
227.46	220.736	-42.2304	178.506
227.48	220.953	-42.4219	178.531
227.5	216.86	-38.3245	178.536
227.52	214.903	-36.3777	178.525
227.54	216.004	-37.4932	178.511
227.56	215.989	-37.4836	178.505
227.58	214.936	-36.4324	178.504
227.6	217.585	-39.0921	178.493
227.62	222.478	-43.9949	178.483
227.64	223.916	-45.4351	178.481
227.66	223.923	-45.4223	178.5
227.68	219.833	-41.3366	178.497
227.7	211.246	-32.7101	178.536
227.72	217.28	-38.758	178.522
227.74	219.867	-41.2996	178.567
227.76	221.202	-42.6087	178.594
227.78	221.134	-42.539	178.595
227.8	220.784	-42.1637	178.621
227.82	219.493	-40.8967	178.597
227.84	217.335	-38.7585	178.576
227.86	219.537	-40.9657	178.572
227.88	221.413	-42.8592	178.553
227.9	218.286	-39.7344	178.552
227.92	211.184	-32.6491	178.535
227.94	212.985	-34.4663	178.519
227.96	219.751	-41.2451	178.506
227.98	224.666	-46.1324	178.533
228	225.658	-47.1394	178.519
228.02	223.913	-45.3885	178.524
228.04	220.485	-41.9557	178.53
228.06	216.907	-38.3743	178.532
228.08	218.037	-39.5174	178.52
228.1	221.42	-42.8929	178.527
228.12	220.764	-42.2573	178.507
228.14	218.064	-39.5525	178.512
228.16	214.312	-35.8029	178.509
228.18	214.945	-36.4312	178.514
228.2	218.917	-40.4395	178.477
228.22	219.769	-41.289	178.48
228.24	219.159	-40.6846	178.475
228.26	218.743	-40.2545	178.488
228.28	220.079	-41.5983	178.48
228.3	216.293	-37.8078	178.486
228.32	214.865	-36.3644	178.501
228.34	218.015	-39.5265	178.489
228.36	219.37	-40.8754	178.494
228.38	210.046	-31.5294	178.516
228.4	217.183	-38.6668	178.516
228.42	223.972	-45.4477	178.525
228.44	224.735	-46.2533	178.481
228.46	220.937	-42.4544	178.482
228.48	216.738	-38.2948	178.443
228.5	214.487	-36.0317	178.456
228.52	220.442	-42.0043	178.438
228.54	226.357	-47.9275	178.429
228.56	224.927	-46.4727	178.455
228.58	225.035	-46.5713	178.464
228.6	225.843	-47.3739	178.469
228.62	225.075	-46.6204	178.455
228.64	225.195	-46.7316	178.463
228.66	223.007	-44.5604	178.446
228.68	218.022	-39.5503	178.472
228.7	228.614	-50.1738	178.44
228.72	227.061	-48.5954	178.465
228.74	218.111	-39.658	178.453
228.76	207.542	-29.052	178.49
228.78	219.603	-41.1268	178.476
228.8	225.334	-46.862	178.472
228.82	226.718	-48.2748	178.444
228.84	228.811	-50.3572	178.454
228.86	230.748	-52.3028	178.446
228.88	228.53	-50.068	178.462
228.9	223.491	-45.039	178.452
228.92	224.139	-45.6781	178.461
228.94	228.071	-49.6027	178.469
228.96	224.451	-46.0027	178.448
228.98	219.05	-40.5904	178.46
229	221.806	-43.3638	178.442
229.02	222.509	-44.0811	178.428
229.04	222.667	-44.2272	178.44
229.06	227.91	-49.4603	178.45
229.08	228.503	-50.0396	178.463
229.1	226.295	-47.8308	178.464
229.12	223.282	-44.8182	178.464
229.14	220.411	-41.9668	178.445
229.16	221.234	-42.7903	178.444
229.18	224.89	-46.4439	178.446
229.2	226.228	-47.8212	178.407
229.22	224.521	-46.098	178.423
229.24	224.831	-46.3958	178.436
229.26	224.401	-45.9922	178.408
229.28	223.71	-45.2977	178.412
229.3	225.905	-47.4656	178.439
229.32	225.435	-47.0042	178.43
229.34	219.265	-40.8316	178.433
229.36	219.052	-40.6126	178.44
229.38	226.376	-47.9212	178.455
229.4	229.651	-51.201	178.45
229.42	228.065	-49.6177	178.448
229.44	225.39	-46.9411	178.449
229.46	223.266	-44.8131	178.453
229.48	227.582	-49.143	178.439
229.5	224.241	-45.7953	178.446
229.52	219.811	-41.3606	178.451
229.54	220.725	-42.2848	178.44
229.56	221.816	-43.3657	178.45
229.58	221.168	-42.7242	178.444
229.6	219.181	-40.7331	178.448
229.62	220.166	-41.7357	178.43
229.64	214.901	-36.4761	178.425
229.66	220.582	-42.167	178.415
229.68	229.176	-50.7551	178.421
229.7	230.557	-52.1489	178.409
229.72	228.49	-50.1081	178.382
229.74	225.44	-47.0503	178.389
229.76	223.292	-44.9302	178.362
229.78	218.061	-39.6683	178.393
229.8	215.245	-36.8611	178.383
229.82	217.542	-39.1498	178.393
229.84	221.278	-42.8755	178.402
229.86	223.173	-44.7824	178.39
229.88	222.303	-43.9018	178.401
229.9	223.305	-44.9064	178.399
229.92	224.511	-46.1158	178.395
229.94	226.862	-48.459	178.403
229.96	226.034	-47.6677	178.367
229.98	221.51	-43.1211	178.388
230	225.106	-46.7356	178.371
230.02	229.74	-51.3571	178.383
230.04	228.34	-49.9479	178.392
230.06	224.79	-46.4096	178.38
230.08	220.052	-41.6488	178.403
230.1	215.974	-37.5702	178.403
230.12	213.837	-35.4304	178.406
230.14	213.514	-35.1007	178.413
230.16	222.385	-43.978	178.407
230.18	226.121	-47.6991	178.422
230.2	230.867	-52.4361	178.431
230.22	234.235	-55.8044	178.431
230.24	234.155	-55.7445	178.41
230.26	231.982	-53.5929	178.389
230.28	228.594	-50.2232	178.371
230.3	222.791	-44.4323	178.358
230.32	216.2	-37.8271	178.373
230.34	218.007	-39.6569	178.35
230.36	218.287	-39.9184	178.368
230.38	220.039	-41.6608	178.378
230.4	227.525	-49.1256	178.399
230.42	230.041	-51.6059	178.436
230.44	228.4	-49.9872	178.412
230.46	227.741	-49.3128	178.428
230.48	227.404	-48.9683	178.436
230.5	224.432	-45.9836	178.448
230.52	221.931	-43.4912	178.44
230.54	223.55	-45.0974	178.453
230.56	225.13	-46.6835	178.447
230.58	226.623	-48.1887	178.434
230.6	225.819	-47.4009	178.418
230.62	222.981	-44.5653	178.416
230.64	223.026	-44.6053	178.421
230.66	225.97	-47.5536	178.416
230.68	226.989	-48.5755	178.414
230.7	226.693	-48.2789	178.414
230.72	226.26	-47.8365	178.424
230.74	224.23	-45.8226	178.407
230.76	223.521	-45.1413	178.38
230.78	230.287	-51.9081	178.379
230.8	234.24	-55.8648	178.375
230.82	229.219	-50.8474	178.372
230.84	224.15	-45.7637	178.387
230.86	221.331	-42.9599	178.371
230.88	220.642	-42.2477	178.394
230.9	224.155	-45.7856	178.37
230.92	223.804	-45.4311	178.373
230.94	225.63	-47.2622	178.368
230.96	225.156	-46.8064	178.349
230.98	219.682	-41.3184	178.363
231	223.892	-45.5685	178.323
231.02	226.904	-48.5711	178.333
231.04	227.14	-48.7927	178.347
231.06	228.408	-50.0682	178.34
231.08	228.436	-50.0969	178.339
231.1	225.689	-47.3502	178.339
231.12	221.837	-43.4557	178.382
231.14	222.052	-43.6337	178.418
231.16	224.49	-46.0519	178.438
231.18	226.378	-47.9448	178.434
231.2	227.639	-49.2156	178.424
231.22	225	-46.569	178.431
231.24	226.809	-48.3999	178.409
231.26	228.542	-50.1118	178.43
231.28	225.8	-47.3627	178.438
231.3	221.805	-43.3723	178.433
231.32	218.7	-40.2661	178.434
231.34	215.122	-36.7043	178.418
231.36	211.584	-33.1489	178.435
231.38	213.965	-35.524	178.441
231.4	226.176	-47.7245	178.451
231.42	231.176	-52.7151	178.461
231.44	228.788	-50.2966	178.491
231.46	222.582	-44.083	178.499
231.48	210.727	-32.2219	178.506
231.5	216.102	-37.5921	178.51
231.52	227.241	-48.7501	178.491
231.54	230.773	-52.2904	178.482
231.56	232.602	-54.0869	178.515
231.58	232.918	-54.4052	178.513
231.6	229.581	-51.0459	178.535
231.62	223.661	-45.14	178.521
231.64	220.96	-42.4302	178.53
231.66	225.12	-46.5791	178.541
231.68	230.021	-51.4758	178.545
231.7	231.062	-52.5326	178.529
231.72	229.458	-50.9458	178.512
231.74	225.318	-46.7935	178.524
231.76	222.801	-44.2675	178.534
231.78	226.059	-47.5457	178.513
231.8	229.055	-50.5358	178.519
231.82	230.08	-51.5567	178.523
231.84	226.532	-48.0004	178.532
231.86	214.785	-36.2113	178.574
231.88	218.659	-40.1121	178.547
231.9	226.433	-47.8844	178.549
231.92	228.991	-50.4466	178.544
231.94	226.682	-48.157	178.525
231.96	224.763	-46.2178	178.545
231.98	226.337	-47.7823	178.555
232	224.056	-45.5028	178.553
232.02	221.276	-42.7212	178.554
232.04	222.287	-43.7477	178.539
232.06	226.836	-48.2903	178.545
232.08	227.503	-48.9682	178.535
232.1	223.599	-45.0521	178.547
232.12	220.421	-41.8676	178.554
232.14	224.274	-45.7236	178.55
232.16	225.489	-46.9304	178.559
232.18	225.007	-46.4522	178.555
232.2	224.94	-46.3724	178.568
232.22	222.355	-43.7972	178.557
232.24	218.828	-40.2542	178.574
232.26	218.741	-40.1634	178.578
232.28	224.101	-45.5642	178.537
232.3	226.644	-48.1027	178.541
232.32	226.958	-48.4135	178.545
232.34	218.712	-40.1652	178.547
232.36	213.718	-35.1491	178.568
232.38	220.186	-41.6125	178.573
232.4	227.836	-49.2879	178.548
232.42	228.789	-50.2319	178.557
232.44	226.172	-47.628	178.544
232.46	225.117	-46.5797	178.538
232.48	224.671	-46.143	178.528
232.5	222.777	-44.2715	178.506
232.52	224.222	-45.7413	178.48
232.54	225.541	-47.0527	178.488
232.56	220.321	-41.8525	178.469
232.58	210.195	-31.6863	178.508
232.6	221.513	-43.0357	178.478
232.62	224.71	-46.2021	178.508
232.64	225.374	-46.8707	178.503
232.66	225.245	-46.7338	178.511
232.68	227.075	-48.5437	178.531
232.7	228.104	-49.5668	178.538
232.72	223.592	-45.0539	178.538
232.74	223.594	-45.0461	178.548
232.76	226.701	-48.1816	178.519
232.78	221.83	-43.3235	178.506
232.8	214.434	-35.9085	178.525
232.82	216.353	-37.8489	178.504
232.84	223.022	-44.5205	178.501
232.86	226.605	-48.1234	178.482
232.88	227.832	-49.3184	178.514
232.9	225.298	-46.7771	178.521
232.92	217.168	-38.6497	178.518
232.94	216.039	-37.4941	178.545
232.96	222.016	-43.4571	178.559
232.98	221.812	-43.2629	178.549
233	211.311	-32.7399	178.571
233.02	216.094	-37.5446	178.55
233.04	224.198	-45.6337	178.564
233.06	224.63	-46.0696	178.561
233.08	220.512	-41.9475	178.564
233.1	218.229	-39.6506	178.578
233.12	221.009	-42.4549	178.554
233.14	217.591	-39.0263	178.565
233.16	218.183	-39.6167	178.567
233.18	222.261	-43.7191	178.542
233.2	222.825	-44.2855	178.539
233.22	220.786	-42.2402	178.546
233.24	214.552	-35.9968	178.555
233.26	220.486	-41.9483	178.538
233.28	227.106	-48.5733	178.532
233.3	226.868	-48.3471	178.521
233.32	225.746	-47.2157	178.53
233.34	221.966	-43.4369	178.529
233.36	215.718	-37.1898	178.528
233.38	213.788	-35.2619	178.526
233.4	215.654	-37.1172	178.537
233.42	219.321	-40.7904	178.531
233.44	222.367	-43.8591	178.508
233.46	222.558	-44.0437	178.514
233.48	220.318	-41.7818	178.537
233.5	217.53	-38.9836	178.546
233.52	214.868	-36.3056	178.562
233.54	218.54	-39.9908	178.549
233.56	221.239	-42.6731	178.566
233.58	219.09	-40.5053	178.585
233.6	215.923	-37.3454	178.577
233.62	216.209	-37.6324	178.576
233.64	218.325	-39.7522	178.572
233.66	217.102	-38.5407	178.561
233.68	212.729	-34.169	178.56
233.7	212.833	-34.2823	178.551
233.72	219.134	-40.5984	178.536
233.74	220.748	-42.2116	178.536
233.76	221.736	-43.1953	178.541
233.78	221.982	-43.4346	178.547
233.8	220.66	-42.1359	178.524
233.82	216.038	-37.5178	178.52
233.84	209.053	-30.5291	178.523
233.86	214.579	-36.0789	178.5
233.88	220.348	-41.8575	178.491
233.9	222.348	-43.8485	178.499
233.92	223.335	-44.8242	178.511
233.94	223.993	-45.4765	178.516
233.96	224.296	-45.7852	178.511
233.98	224.422	-45.9168	178.505
234	224.286	-45.7593	178.527
234.02	223.983	-45.4459	178.537
234.04	222.237	-43.6944	178.542
234.06	215.02	-36.4658	178.554
234.08	212.813	-34.2663	178.546
234.1	216.263	-37.7177	178.545
234.12	219.734	-41.1974	178.536
234.14	223.171	-44.6128	178.558
234.16	224.95	-46.3873	178.563
234.18	223.56	-45.0034	178.557
234.2	219.621	-41.0559	178.565
234.22	217.696	-39.1351	178.561
234.24	219.726	-41.1779	178.548
234.26	222.373	-43.8106	178.562
234.28	222.394	-43.8139	178.58
234.3	221.955	-43.3771	178.578
234.32	224.558	-45.9681	178.59
234.34	225.267	-46.6829	178.584
234.36	223.049	-44.4676	178.581
234.38	220.5	-41.9099	178.59
234.4	217.521	-38.9332	178.588
234.42	217.231	-38.6406	178.591
234.44	217.723	-39.1247	178.598
234.46	220.417	-41.8405	178.577
234.48	225.079	-46.5162	178.563
234.5	227.315	-48.7462	178.569
234.52	226.687	-48.1072	178.58
234.54	223.022	-44.4309	178.591
234.56	217.784	-39.2059	178.578
234.58	215.887	-37.2928	178.594
234.6	217.85	-39.2594	178.591
234.62	219.324	-40.7289	178.595
234.64	217.852	-39.2349	178.617
234.66	213.729	-35.1324	178.597
234.68	211.083	-32.4909	178.592
234.7	214.662	-36.0693	178.593
234.72	222.488	-43.9012	178.587
234.74	224.98	-46.4063	178.574
234.76	223.51	-44.9468	178.563
234.78	219.466	-40.9027	178.563
234.8	214.382	-35.7987	178.584
234.82	214.298	-35.7362	178.562
234.84	218.774	-40.1954	178.578
234.86	220.431	-41.8566	178.574
234.88	220.078	-41.5109	178.567
234.9	221.458	-42.8992	178.559
234.92	222.394	-43.8302	178.563
234.94	221.013	-42.4476	178.565
234.96	220.495	-41.9115	178.583
234.98	222.386	-43.7957	178.591
235	222.543	-43.9626	178.581
235.02	221.584	-43.0007	178.584
235.04	217.742	-39.1324	178.61
235.06	214.693	-36.0992	178.594
235.08	217.014	-38.4397	178.574
235.1	217.125	-38.5326	178.593
235.12	220.825	-42.2413	178.583
235.14	223.595	-45.0323	178.562
235.16	224.413	-45.8514	178.562
235.18	223.078	-44.5235	178.554
235.2	223.416	-44.8678	178.548
235.22	225.02	-46.4843	178.535
235.24	224.995	-46.4608	178.534
235.26	222.208	-43.6719	178.536
235.28	220.237	-41.6727	178.565
235.3	222.523	-43.958	178.565
235.32	228.6	-50.0435	178.556
235.34	232.934	-54.3846	178.549
235.36	231.941	-53.3863	178.555
235.38	226.081	-47.524	178.557
235.4	220.558	-41.9978	178.56
235.42	220.548	-41.9725	178.575
235.44	224.266	-45.695	178.571
235.46	227.242	-48.6841	178.558
235.48	231.387	-52.8414	178.545
235.5	233.646	-55.1028	178.543
235.52	230.364	-51.814	178.55
235.54	224.861	-46.3064	178.555
235.56	223.712	-45.1732	178.539
235.58	222.424	-43.9023	178.522
235.6	214.588	-36.0592	178.529
235.62	217.177	-38.6368	178.54
235.64	229.436	-50.9036	178.532
235.66	231.101	-52.5529	178.548
235.68	226.37	-47.7905	178.579
235.7	221.499	-42.9218	178.577
235.72	222.45	-43.8839	178.566
235.74	223.588	-45.0389	178.549
235.76	222.434	-43.8645	178.57
235.78	223.786	-45.2281	178.558
235.8	224.994	-46.4378	178.556
235.82	219.957	-41.3856	178.572
235.84	225.422	-46.8826	178.539
235.86	228.378	-49.8446	178.533
235.88	225.261	-46.7453	178.515
235.9	222.079	-43.5668	178.512
235.92	222.067	-43.5566	178.511
235.94	223.572	-45.0619	178.51
235.96	224.937	-46.4155	178.521
235.98	226.152	-47.6427	178.509
236	225.217	-46.7155	178.501
236.02	220.232	-41.7505	178.482
236.04	217.979	-39.4892	178.49
236.06	220.546	-42.0581	178.488
236.08	216.617	-38.1501	178.467
236.1	213.254	-34.7516	178.503
236.12	218.439	-39.9445	178.494
236.14	220.394	-41.8796	178.514
236.16	221.178	-42.6563	178.522
236.18	221.479	-42.957	178.522
236.2	224.014	-45.5	178.514
236.22	221.505	-42.9902	178.515
236.24	221.322	-42.8171	178.505
236.26	224.932	-46.4313	178.501
236.28	225.584	-47.1008	178.483
236.3	222.126	-43.6244	178.501
236.32	223.029	-44.5319	178.497
236.34	224.291	-45.793	178.498
236.36	219.482	-40.9739	178.508
236.38	218.083	-39.5643	178.519
236.4	224.347	-45.8323	178.515
236.42	226.192	-47.6608	178.531
236.44	226.831	-48.2946	178.537
236.46	226.974	-48.4278	178.546
236.48	223.776	-45.2225	178.553
236.5	221.624	-43.0532	178.571
236.52	229.814	-51.2452	178.568
236.54	231.62	-53.0643	178.556
236.56	226.994	-48.4569	178.537
236.58	213.64	-35.0869	178.553
236.6	211.839	-33.3034	178.536
236.62	217.645	-39.1163	178.529
236.64	218.387	-39.8733	178.514
236.66	219.957	-41.4617	178.495
236.68	226.074	-47.6149	178.459
236.7	231.983	-53.5321	178.451
236.72	232.631	-54.1606	178.47
236.74	230.064	-51.5864	178.477
236.76	226.964	-48.4754	178.488
236.78	225.192	-46.717	178.475
236.8	227.523	-49.0672	178.456
236.82	230.419	-51.9473	178.472
236.84	231.933	-53.456	178.477
236.86	231.088	-52.5906	178.497
236.88	226.734	-48.2255	178.509
236.9	221.691	-43.1676	178.523
236.92	220.843	-42.3474	178.496
236.94	220.034	-41.5455	178.488
236.96	222.38	-43.8993	178.481
236.98	225.781	-47.2835	178.498
237	227.853	-49.3862	178.466
237.02	229.754	-51.3048	178.45
237.04	230.676	-52.2328	178.443
237.06	229.31	-50.8551	178.454
237.08	226.44	-48.0002	178.44
237.1	225.152	-46.7127	178.44
237.12	225.886	-47.4456	178.44
237.14	228.328	-49.8843	178.443
237.16	229.735	-51.304	178.432
237.18	227.862	-49.4137	178.448
237.2	218.12	-39.6727	178.447
237.22	213.557	-35.1044	178.452
237.24	220.498	-42.0409	178.457
237.26	221.98	-43.5251	178.455
237.28	222.843	-44.4044	178.438
237.3	224.559	-46.132	178.427
237.32	227.043	-48.6162	178.426
237.34	228.091	-49.6761	178.415
237.36	222.553	-44.146	178.407
237.38	221.165	-42.7658	178.399
237.4	222.714	-44.2988	178.415
237.42	214.278	-35.8589	178.419
237.44	210.636	-32.2196	178.417
237.46	218.607	-40.2115	178.396
237.48	228.104	-49.7172	178.386
237.5	227.806	-49.4307	178.375
237.52	222.791	-44.3913	178.399
237.54	220.334	-41.9328	178.401
237.56	226.066	-47.6612	178.405
237.58	225.153	-46.7754	178.377
237.6	216.067	-37.659	178.408
237.62	221.369	-42.9558	178.413
237.64	222.986	-44.5687	178.417
237.66	224.698	-46.287	178.411
237.68	226.285	-47.8647	178.42
237.7	225.269	-46.8409	178.428
237.72	223.809	-45.3738	178.435
237.74	224.006	-45.5735	178.433
237.76	223.696	-45.2641	178.432
237.78	222.057	-43.6294	178.428
237.8	221.16	-42.7214	178.439
237.82	222.132	-43.6709	178.461
237.84	224.823	-46.3806	178.443
237.86	226.544	-48.0957	178.449
237.88	227.468	-49.0123	178.456
237.9	229.42	-50.9602	178.46
237.92	230.603	-52.1567	178.446
237.94	228.304	-49.8543	178.45
237.96	226.949	-48.4983	178.451
237.98	228.27	-49.8498	178.42
238	228.037	-49.6072	178.43
238.02	225.015	-46.612	178.403
238.04	221.332	-42.9389	178.393
238.06	217.482	-39.0998	178.382
238.08	224.097	-45.7179	178.379
238.1	232.793	-54.4207	178.372
238.12	237.165	-58.8138	178.352
238.14	235.876	-57.5487	178.327
238.16	227.949	-49.6151	178.334
238.18	224.147	-45.8248	178.322
238.2	223.282	-44.9825	178.299
238.22	215.205	-36.88	178.325
238.24	216.885	-38.571	178.314
238.26	223.568	-45.2381	178.33
238.28	224.005	-45.6583	178.346
238.3	216.868	-38.4796	178.388
238.32	221.428	-43.0689	178.359
238.34	227.451	-49.0568	178.394
238.36	233.04	-54.6427	178.397
238.38	231.967	-53.5542	178.413
238.4	234.523	-56.1188	178.404
238.42	237.346	-58.9437	178.402
238.44	235.407	-57.0034	178.404
238.46	230.267	-51.8648	178.402
238.48	222.808	-44.4085	178.4
238.5	220.034	-41.6407	178.393
238.52	221.845	-43.4374	178.408
238.54	224.24	-45.8055	178.434
238.56	226.994	-48.5634	178.431
238.58	229.22	-50.8087	178.411
238.6	226.141	-47.7269	178.414
238.62	225.03	-46.632	178.398
238.64	230.492	-52.0858	178.406
238.66	230.978	-52.5573	178.421
238.68	229.428	-50.9921	178.436
238.7	224.891	-46.4226	178.468
238.72	221.002	-42.5397	178.462
238.74	220.756	-42.345	178.411
238.76	208.713	-30.2502	178.462
238.78	219.113	-40.6756	178.437
238.8	227.225	-48.758	178.467
238.82	229.608	-51.1506	178.457
238.84	227.351	-48.9025	178.448
238.86	224.316	-45.8538	178.463
238.88	223.964	-45.5225	178.441
238.9	221.793	-43.3474	178.446
238.92	221.898	-43.4612	178.436
238.94	221.662	-43.2132	178.449
238.96	220.596	-42.1426	178.453
238.98	217.835	-39.3849	178.45
239	212.716	-34.2627	178.454
239.02	211.591	-33.1276	178.464
239.04	219.106	-40.638	178.468
239.06	225.874	-47.3992	178.474
239.08	222.246	-43.7767	178.469
239.1	215.72	-37.2451	178.475
239.12	215.688	-37.2089	178.479
239.14	209.778	-31.2811	178.497
239.16	210.889	-32.4322	178.457
239.18	217.978	-39.537	178.441
239.2	222.351	-43.9176	178.434
239.22	220.538	-42.087	178.451
239.24	214.994	-36.542	178.452
239.26	214.515	-36.0536	178.461
239.28	217.046	-38.5834	178.462
239.3	216.788	-38.312	178.476
239.32	215.801	-37.3118	178.489
239.34	217.694	-39.2052	178.489
239.36	221.422	-42.9251	178.497
239.38	222.071	-43.5684	178.502
239.4	219.533	-41.0447	178.488
239.42	218.37	-39.8668	178.503
239.44	222.539	-44.0427	178.496
239.46	224.539	-46.0473	178.491
239.48	223.382	-44.8662	178.516
239.5	222.832	-44.3104	178.522
239.52	222.713	-44.1969	178.516
239.54	217.427	-38.8936	178.534
239.56	213.568	-35.026	178.542
239.58	218.921	-40.3785	178.543
239.6	221.805	-43.2401	178.564
239.62	224.79	-46.2437	178.546
239.64	226.17	-47.6223	178.548
239.66	226.695	-48.1354	178.56
239.68	227.34	-48.7609	178.579
239.7	225.019	-46.4369	178.582
239.72	219.069	-40.4806	178.588
239.74	219.173	-40.6231	178.55
239.76	224.476	-45.9394	178.536
239.78	225.032	-46.4806	178.552
239.8	224.259	-45.7082	178.55
239.82	222.293	-43.7279	178.565
239.84	225.808	-47.2615	178.547
239.86	231.818	-53.2648	178.554
239.88	231.028	-52.4798	178.548
239.9	223.564	-45.0286	178.536
239.92	211.434	-32.9017	178.532
239.94	209.53	-30.9843	178.546
239.96	223.576	-45.0352	178.541
239.98	227.811	-49.2699	178.541
240	224.048	-45.5183	178.53
240.02	220.948	-42.4116	178.536
240.04	225.597	-47.063	178.534
240.06	229.106	-50.5827	178.524
240.08	229.373	-50.8472	178.526
240.1	228.874	-50.3319	178.542
240.12	227.799	-49.2622	178.537
240.14	226.293	-47.734	178.559
240.16	224.997	-46.4318	178.565
240.18	225.408	-46.8566	178.552
240.2	224.046	-45.5272	178.519
240.22	216.737	-38.2074	178.529
240.24	216.711	-38.18	178.531
240.26	222.159	-43.6258	178.533
240.28	224.673	-46.1226	178.55
240.3	223.377	-44.8144	178.562
240.32	220.612	-42.0548	178.557
240.34	217.209	-38.6659	178.543
240.36	213.562	-35.0473	178.514
240.38	215.096	-36.5599	178.536
240.4	216.605	-38.0752	178.53
240.42	209.103	-30.5446	178.558
240.44	211.743	-33.2247	178.518
240.46	212.126	-33.5838	178.543
240.48	216.363	-37.8247	178.539
240.5	220.261	-41.7233	178.538
240.52	220.619	-42.0776	178.542
240.54	221.375	-42.8211	178.554
240.56	223.361	-44.8155	178.546
240.58	223.37	-44.8248	178.545
240.6	221.152	-42.6087	178.543
240.62	220.922	-42.3937	178.528
240.64	224.153	-45.6239	178.529
240.66	225.986	-47.436	178.55
240.68	224.228	-45.6924	178.535
240.7	221.297	-42.7518	178.545
240.72	218.065	-39.5071	178.558
240.74	217.046	-38.4701	178.576
240.76	219.906	-41.3452	178.561
240.78	221.968	-43.4259	178.542
240.8	216.722	-38.177	178.545
240.82	207.605	-29.0329	178.572
240.84	217.862	-39.3112	178.551
240.86	223.5	-44.9363	178.564
240.88	223.776	-45.222	178.554
240.9	225.334	-46.7892	178.545
240.92	225.312	-46.7943	178.518
240.94	224.163	-45.6243	178.538
240.96	225.684	-47.1784	178.506
240.98	223.813	-45.2849	178.528
241	214.497	-35.968	178.529
241.02	208.893	-30.352	178.541
241.04	214.892	-36.3934	178.499
241.06	220.749	-42.2617	178.487
241.08	221.982	-43.5008	178.481
241.1	223.396	-44.9139	178.483
241.12	225.967	-47.4974	178.469
241.14	226.313	-47.8447	178.468
241.16	223.343	-44.8552	178.488
241.18	222.353	-43.8353	178.518
241.2	225.199	-46.6818	178.517
241.22	224.731	-46.2208	178.51
241.24	218.927	-40.4237	178.503
241.26	216.017	-37.4925	178.525
241.28	221.301	-42.7963	178.505
241.3	224.328	-45.8197	178.508
241.32	225.075	-46.5545	178.52
241.34	225.086	-46.5458	178.54
241.36	221.967	-43.4105	178.556
241.38	218.013	-39.4327	178.58
241.4	220.71	-42.1167	178.593
241.42	221.668	-43.0907	178.577
241.44	220.131	-41.5665	178.565
241.46	219.663	-41.1223	178.541
241.48	212.954	-34.384	178.57
241.5	216.851	-38.2798	178.571
241.52	222.29	-43.7489	178.541
241.54	220.756	-42.2167	178.539
241.56	216.563	-38.0297	178.534
241.58	217.053	-38.5056	178.548
241.6	219.908	-41.3568	178.551
241.62	221.022	-42.4542	178.568
241.64	220.308	-41.7448	178.563
241.66	218.545	-39.9868	178.558
241.68	216.541	-37.9846	178.556
241.7	209.806	-31.2336	178.572
241.72	216.231	-37.6863	178.545
241.74	222.548	-44.0037	178.544
241.76	223.155	-44.631	178.524
241.78	219.867	-41.3453	178.522
241.8	213.608	-35.086	178.522
241.82	216.879	-38.401	178.477
241.84	219.226	-40.7624	178.463
241.86	218.688	-40.2319	178.457
241.88	219.986	-41.5312	178.454
241.9	220.84	-42.3759	178.464
241.92	219.559	-41.1158	178.443
241.94	218.611	-40.1772	178.434
241.96	219.288	-40.8581	178.43
241.98	219.206	-40.7498	178.456
242	221.088	-42.6205	178.468
242.02	221.201	-42.7356	178.466
242.04	221.655	-43.2122	178.443
242.06	222.397	-43.953	178.444
242.08	223.25	-44.7971	178.453
242.1	222.691	-44.2312	178.46
242.12	221.497	-43.064	178.433
242.14	221.259	-42.8047	178.455
242.16	221.895	-43.4343	178.461
242.18	223.854	-45.3847	178.469
242.2	224.432	-45.9746	178.457
242.22	222.357	-43.9086	178.449
242.24	214.973	-36.5242	178.449
242.26	212.714	-34.2156	178.499
242.28	224.176	-45.6829	178.493
242.3	225.623	-47.1172	178.506
242.32	218.171	-39.6565	178.514
242.34	213.224	-34.7042	178.52
242.36	213.891	-35.3535	178.537
242.38	219.686	-41.1688	178.517
242.4	224.755	-46.2461	178.509
242.42	223.385	-44.8791	178.506
242.44	218.795	-40.3022	178.493
242.46	217.257	-38.7731	178.484
242.48	220.352	-41.8825	178.47
242.5	217.9	-39.4347	178.465
242.52	218.842	-40.3698	178.472
242.54	223.557	-45.0854	178.472
242.56	218.858	-40.3699	178.488
242.58	216.279	-37.8063	178.473
242.6	214.866	-36.3764	178.489
242.62	219.924	-41.4658	178.458
242.64	226.389	-47.9349	178.454
242.66	226.148	-47.6936	178.455
242.68	222.214	-43.7595	178.454
242.7	220.006	-41.5566	178.449
242.72	218.424	-39.959	178.465
242.74	221.092	-42.6484	178.443
242.76	221.725	-43.2942	178.43
242.78	218.669	-40.2531	178.416
242.8	220.384	-41.976	178.408
242.82	223.911	-45.5276	178.383
242.84	224.21	-45.8299	178.38
242.86	223.329	-44.9278	178.402
242.88	221.868	-43.4529	178.415
242.9	221.708	-43.2944	178.413
242.92	222.91	-44.4642	178.446
242.94	228.338	-49.8903	178.447
242.96	226.646	-48.2005	178.445
242.98	218.401	-39.9394	178.461
243	222.001	-43.5297	178.472
243.02	232.301	-53.8372	178.464
243.04	234.029	-55.5499	178.479
243.06	231.61	-53.1361	178.474
243.08	226.624	-48.156	178.468
243.1	219.942	-41.4811	178.46
243.12	213.678	-35.2035	178.474
243.14	220.48	-42.0273	178.453
243.16	232.569	-54.1303	178.439
243.18	234.132	-55.6759	178.456
243.2	231.025	-52.5852	178.44
243.22	230.09	-51.6508	178.439
243.24	226.602	-48.1594	178.443
243.26	224.501	-46.0315	178.47
243.28	226.191	-47.7161	178.475
243.3	229.094	-50.6416	178.453
243.32	230.132	-51.687	178.445
243.34	230.006	-51.5766	178.43
243.36	233.651	-55.2272	178.424
243.38	234.647	-56.2378	178.409
243.4	233.098	-54.7096	178.389
243.42	232.319	-53.919	178.4
243.44	231.644	-53.2309	178.413
243.46	229.185	-50.7587	178.426
243.48	233.019	-54.6173	178.402
243.5	225.148	-46.7274	178.421
243.52	226.416	-48.0154	178.401
243.54	232.012	-53.6146	178.397
243.56	234.784	-56.3895	178.395
243.58	231.168	-52.7549	178.413
243.6	221.101	-42.6749	178.426
243.62	221.588	-43.1959	178.392
243.64	227.955	-49.5727	178.383
243.66	230.001	-51.6324	178.368
243.68	230.193	-51.8252	178.368
243.7	233.745	-55.3654	178.38
243.72	234.897	-56.5031	178.394
243.74	228.788	-50.401	178.387
243.76	222.663	-44.2731	178.389
243.78	228.719	-50.3419	178.377
243.8	232.27	-53.8924	178.378
243.82	235.915	-57.5401	178.375
243.84	236.14	-57.7541	178.386
243.86	232.258	-53.8878	178.37
243.88	226.207	-47.8477	178.359
243.9	221.296	-42.9288	178.367
243.92	226.821	-48.4653	178.356
243.94	230.309	-51.9328	178.376
243.96	220.513	-42.1423	178.371
243.98	220.016	-41.624	178.392
244	227.842	-49.4591	178.382
244.02	225.616	-47.2316	178.384
244.04	226.07	-47.6934	178.377
244.06	227.342	-48.9655	178.376
244.08	223.214	-44.8114	178.402
244.1	224.691	-46.3006	178.391
244.12	227.006	-48.6042	178.401
244.14	225.541	-47.1261	178.415
244.16	224.093	-45.674	178.419
244.18	221.896	-43.4926	178.404
244.2	216.448	-38.042	178.406
244.22	210.289	-31.8605	178.429
244.24	220.808	-42.3989	178.409
244.26	228.005	-49.5883	178.417
244.28	228.766	-50.3452	178.421
244.3	228.326	-49.8911	178.435
244.32	225.651	-47.2013	178.45
244.34	225.318	-46.8721	178.446
244.36	224.632	-46.1674	178.464
244.38	223.829	-45.3806	178.448
244.4	223.88	-45.4206	178.46
244.42	224.619	-46.1744	178.445
244.44	224.199	-45.7636	178.436
244.46	227.955	-49.5279	178.427
244.48	228.597	-50.1743	178.423
244.5	229.366	-50.9318	178.434
244.52	225.663	-47.2143	178.449
244.54	219.041	-40.5729	178.468
244.56	220.954	-42.5257	178.428
244.58	223.951	-45.5	178.451
244.6	224.234	-45.7907	178.443
244.62	224.962	-46.5291	178.433
244.64	226.212	-47.7801	178.432
244.66	226.331	-47.894	178.437
244.68	225.605	-47.1597	178.445
244.7	226.925	-48.4847	178.44
244.72	224.94	-46.4841	178.456
244.74	221.844	-43.4005	178.443
244.76	221.508	-43.073	178.435
244.78	220.305	-41.8556	178.45
244.8	221.485	-43.0218	178.464
244.82	222.138	-43.6787	178.46
244.84	217.929	-39.4576	178.471
244.86	218.154	-39.6757	178.478
244.88	224.134	-45.6567	178.478
244.9	225.416	-46.9399	178.476
244.92	219.925	-41.4607	178.464
244.94	215.755	-37.2951	178.459
244.96	221.065	-42.6061	178.459
244.98	228.143	-49.6869	178.456
245	230.199	-51.7308	178.468
245.02	227.715	-49.2288	178.486
245.04	223.189	-44.7012	178.488
245.06	220.002	-41.5095	178.493
245.08	218.916	-40.4285	178.488
245.1	220.933	-42.423	178.51
245.12	225.542	-47.0455	178.496
245.14	228.105	-49.6094	178.496
245.16	227.401	-48.9026	178.498
245.18	225.866	-47.3656	178.5
245.2	226.234	-47.7247	178.509
245.22	225.427	-46.9507	178.476
245.24	218.211	-39.7173	178.493
245.26	217.369	-38.8976	178.471
245.28	223.168	-44.6908	178.478
245.3	223.623	-45.1616	178.462
245.32	219.248	-40.7824	178.465
245.34	217.33	-38.8718	178.458
245.36	221.788	-43.3531	178.435
245.38	223.764	-45.3228	178.441
245.4	222.419	-43.959	178.46
245.42	221.192	-42.732	178.46
245.44	220.337	-41.8731	178.464
245.46	215.051	-36.5489	178.502
245.48	219.083	-40.5921	178.491
245.5	226.563	-48.0862	178.477
245.52	227.327	-48.8346	178.493
245.54	226.391	-47.8962	178.495
245.56	226.583	-48.0804	178.503
245.58	224.853	-46.3476	178.505
245.6	219.441	-40.9445	178.497
245.62	212.395	-33.8821	178.513
245.64	212.625	-34.101	178.524
245.66	211.629	-33.1088	178.521
245.68	217.103	-38.5898	178.513
245.7	218.111	-39.6067	178.505
245.72	211.869	-33.3553	178.514
245.74	218.264	-39.7384	178.525
245.76	227.255	-48.7163	178.539
245.78	225.206	-46.6579	178.548
245.8	218.441	-39.8723	178.569
245.82	218.912	-40.3601	178.552
245.84	222.685	-44.1138	178.572
245.86	223.453	-44.8844	178.568
245.88	217.331	-38.7551	178.576
245.9	210.738	-32.1683	178.569
245.92	215.464	-36.9153	178.549
245.94	219.99	-41.4496	178.54
245.96	213.226	-34.6658	178.56
245.98	208.848	-30.2993	178.549
246	212.91	-34.3824	178.528
246.02	211.988	-33.4409	178.547
246.04	209.164	-30.587	178.576
246.06	217.93	-39.3755	178.554
246.08	221.5	-42.9335	178.567
246.1	217.706	-39.1299	178.577
246.12	219.849	-41.2581	178.591
246.14	224.461	-45.8737	178.587
246.16	219.198	-40.626	178.572
246.18	214.208	-35.6379	178.57
246.2	219.512	-40.959	178.553
246.22	221.158	-42.6316	178.526
246.24	212.573	-34.0405	178.532
246.26	199.022	-20.4657	178.557
246.28	203.18	-24.6354	178.545
246.3	216.558	-38.0127	178.545
246.32	224.112	-45.5582	178.553
246.34	224.683	-46.1311	178.552
246.36	221.569	-43.0075	178.562
246.38	216.269	-37.6979	178.571
246.4	213.723	-35.1467	178.576
246.42	209.941	-31.3726	178.568
246.44	210.855	-32.2577	178.597
246.46	216.314	-37.7296	178.585
246.48	215.942	-37.3507	178.592
246.5	210.723	-32.1273	178.596
246.52	211.35	-32.756	178.594
246.54	220.083	-41.4914	178.592
246.56	224.128	-45.538	178.59
246.58	225.313	-46.7375	178.575
246.6	225.099	-46.5349	178.564
246.62	223.58	-45.0117	178.568
246.64	219.261	-40.7141	178.547
246.66	216.304	-37.7581	178.546
246.68	219.33	-40.8021	178.528
246.7	220.712	-42.1935	178.518
246.72	219.505	-40.9707	178.535
246.74	218.566	-40.026	178.54
246.76	222.667	-44.1239	178.544
246.78	223.543	-45.0034	178.54
246.8	221.507	-42.9683	178.539
246.82	215.534	-36.995	178.539
246.84	211.229	-32.6621	178.567
246.86	220.637	-42.1059	178.531
246.88	220.849	-42.298	178.551
246.9	218.427	-39.8724	178.555
246.92	219.236	-40.6868	178.549
246.94	223.073	-44.5271	178.546
246.96	225.032	-46.4857	178.546
246.98	224.282	-45.7511	178.531
247	221.517	-43.0088	178.508
247.02	217.667	-39.1604	178.507
247.04	218.21	-39.7149	178.495
247.06	222.523	-44.0217	178.502
247.08	223.972	-45.4874	178.485
247.1	221.397	-42.9267	178.471
247.12	218.815	-40.343	178.472
247.14	218.787	-40.3156	178.471
247.16	219.72	-41.2499	178.47
247.18	221.047	-42.5746	178.472
247.2	223.919	-45.4455	178.474
247.22	224.257	-45.7776	178.48
247.24	222.543	-44.0595	178.483
247.26	223.74	-45.2743	178.466
247.28	226.624	-48.1516	178.472
247.3	225.08	-46.6042	178.476
247.32	218.975	-40.5227	178.452
247.34	216.77	-38.3005	178.469
247.36	213.136	-34.6543	178.482
247.38	224.552	-46.0792	178.473
247.4	231.375	-52.9073	178.468
247.42	232.872	-54.4093	178.463
247.44	230.943	-52.4869	178.456
247.46	226.388	-47.9088	178.479
247.48	227.173	-48.6953	178.478
247.5	228.126	-49.6475	178.478
247.52	228.196	-49.7118	178.484
247.54	226.933	-48.4654	178.468
247.56	220.64	-42.1447	178.496
247.58	221.862	-43.3698	178.492
247.6	227.349	-48.8696	178.479
247.62	228.245	-49.7503	178.495
247.64	227.308	-48.8145	178.494
247.66	225.326	-46.8471	178.479
247.68	223.094	-44.6118	178.483
247.7	226.401	-47.9282	178.473
247.72	230.763	-52.2913	178.472
247.74	232.155	-53.6733	178.482
247.76	236.064	-57.5699	178.494
247.78	236.307	-57.8246	178.482
247.8	230.913	-52.4228	178.49
247.82	225.157	-46.6615	178.495
247.84	225.107	-46.5992	178.508
247.86	226.47	-47.964	178.506
247.88	226.233	-47.7193	178.513
247.9	226.799	-48.2906	178.508
247.92	227.461	-48.9392	178.522
247.94	226.058	-47.5195	178.539
247.96	228.496	-49.9721	178.524
247.98	231.007	-52.4822	178.525
248	225.658	-47.1342	178.524
248.02	219.159	-40.6211	178.538
248.04	227.574	-49.0621	178.512
248.06	229.809	-51.2988	178.51
248.08	226.749	-48.2558	178.493
248.1	220.092	-41.5689	178.523
248.12	221.147	-42.6348	178.512
248.14	229.014	-50.5152	178.498
248.16	232.218	-53.7018	178.516
248.18	229.445	-50.9331	178.512
248.2	224.724	-46.2014	178.522
248.22	224.411	-45.8633	178.548
248.24	227.288	-48.7261	178.562
248.26	229.487	-50.925	178.562
248.28	228.918	-50.3617	178.556
248.3	227.126	-48.5925	178.533
248.32	228.837	-50.319	178.518
248.34	231.261	-52.7507	178.511
248.36	235.483	-56.9863	178.496
248.38	237.714	-59.2184	178.496
248.4	236.224	-57.7226	178.501
248.42	231.511	-52.9968	178.514
248.44	226.74	-48.2376	178.503
248.46	222.964	-44.4407	178.523
248.48	222.103	-43.5877	178.516
248.5	227.607	-49.1288	178.478
248.52	233.139	-54.6632	178.476
248.54	232.956	-54.4616	178.495
248.56	226.022	-47.5153	178.507
248.58	230.657	-52.1797	178.477
248.6	235.596	-57.1296	178.466
248.62	234.292	-55.8404	178.451
248.64	230.14	-51.6953	178.444
248.66	227.468	-49.0133	178.455
248.68	222.222	-43.7523	178.47
248.7	219.753	-41.3122	178.44
248.72	219.928	-41.5015	178.426
248.74	226.806	-48.4026	178.403
248.76	233.892	-55.4858	178.406
248.78	230.095	-51.6775	178.418
248.8	225.852	-47.4234	178.428
248.82	227.71	-49.2786	178.431
248.84	229.237	-50.8084	178.428
248.86	227.886	-49.4834	178.403
248.88	219.802	-41.3983	178.404
248.9	215.47	-37.0383	178.431
248.92	227.386	-48.9906	178.396
248.94	229.8	-51.386	178.414
248.96	230.299	-51.8788	178.42
248.98	230.361	-51.9268	178.434
249	226.65	-48.2322	178.418
249.02	216.658	-38.2349	178.423
249.04	213.441	-35.0197	178.421
249.06	217.058	-38.6238	178.434
249.08	226.188	-47.7672	178.421
249.1	224.894	-46.4714	178.422
249.12	222.287	-43.8778	178.409
249.14	227.707	-49.3083	178.399
249.16	228.543	-50.1316	178.411
249.18	224.654	-46.2206	178.433
249.2	223.754	-45.3242	178.43
249.22	222.402	-43.9679	178.434
249.24	219.197	-40.7387	178.458
249.26	221.242	-42.7837	178.459
249.28	223.381	-44.9269	178.454
249.3	224.943	-46.4559	178.487
249.32	225.258	-46.8005	178.458
249.34	222.541	-44.0547	178.486
249.36	219.761	-41.2704	178.491
249.38	222.583	-44.0898	178.493
249.4	227.009	-48.5072	178.502
249.42	229.038	-50.5355	178.503
249.44	228.82	-50.3265	178.494
249.46	228.622	-50.1116	178.51
249.48	228.271	-49.7782	178.493
249.5	226.822	-48.3231	178.498
249.52	224.695	-46.2089	178.486
249.54	221.169	-42.6673	178.501
249.56	218.133	-39.6611	178.472
249.58	220.237	-41.7547	178.482
249.6	226.072	-47.5877	178.484
249.62	230.473	-51.982	178.491
249.64	232.137	-53.639	178.498
249.66	232.585	-54.103	178.482
249.68	232.117	-53.6092	178.508
249.7	229.506	-50.9876	178.518
249.72	226.031	-47.4931	178.538
249.74	225.443	-46.9179	178.525
249.76	222.8	-44.2717	178.528
249.78	221.175	-42.6431	178.532
249.8	223.658	-45.1514	178.507
249.82	227.51	-48.9909	178.519
249.84	231.665	-53.1641	178.501
249.86	232.436	-53.9389	178.497
249.88	231.499	-53.0279	178.471
249.9	230.656	-52.1645	178.491
249.92	228.774	-50.2856	178.488
249.94	229.553	-51.0822	178.471
249.96	231.01	-52.5515	178.458
249.98	226.517	-48.0431	178.474
