0	800	-30.9416	769.058
0.02	790.909	-21.8774	769.031
0.04	772.401	-3.38105	769.02
0.06	769.125	-0.0525233	769.072
0.08	804.254	-35.228	769.026
0.1	797.221	-28.1761	769.045
0.12	770.865	-1.81102	769.053
0.14	788.311	-19.2896	769.021
0.16	796.926	-27.8723	769.053
0.18	789.434	-20.3973	769.036
0.2	785.921	-16.8873	769.033
0.22	789.592	-20.5503	769.042
0.24	793.06	-24.0903	768.97
0.26	763.432	5.59969	769.032
0.28	781.958	-12.9657	768.992
0.3	784.134	-15.097	769.037
0.32	798.31	-29.2696	769.04
0.34	815.532	-46.4908	769.041
0.36	806.933	-37.9251	769.008
0.38	762.746	6.31943	769.065
0.4	768.879	0.146949	769.026
0.42	794.079	-25.1161	768.963
0.44	766.465	2.59752	769.062
0.46	778.199	-9.1945	769.004
0.48	781.756	-12.7069	769.049
0.5	804.193	-35.1796	769.014
0.52	808.113	-39.1037	769.01
0.54	790.545	-21.5116	769.033
0.56	784.805	-15.8346	768.971
0.58	766.899	2.15667	769.056
0.6	795.193	-26.2171	768.976
0.62	811.509	-42.5322	768.977
0.64	801.743	-32.7745	768.969
0.66	792.837	-23.8823	768.954
0.68	778.998	-9.99489	769.003
0.7	773.756	-4.77957	768.976
0.72	773.886	-4.87572	769.01
0.74	787.25	-18.1862	769.063
0.76	800.964	-31.9183	769.046
0.78	784.106	-15.0855	769.021
0.8	743.1	25.9761	769.076
0.82	778.764	-9.73834	769.026
0.84	799.005	-29.9206	769.084
0.86	791.147	-22.0877	769.06
0.88	789.435	-20.3651	769.07
0.9	806.659	-37.6024	769.056
0.92	805.999	-36.9226	769.077
0.94	773.402	-4.31081	769.091
0.96	762.502	6.56532	769.068
0.98	776.517	-7.45626	769.061
1	786.059	-16.9816	769.077
1.02	791.373	-22.2812	769.092
1.04	779.525	-10.481	769.044
1.06	780.521	-11.5132	769.008
1.08	757.534	11.4694	769.004
1.1	755.826	13.2367	769.063
1.12	797.628	-28.5819	769.047
1.14	795.192	-26.1548	769.037
1.16	786.561	-17.4873	769.074
1.18	810.053	-40.9812	769.071
1.2	803.447	-34.3981	769.049
1.22	780.924	-11.8717	769.052
1.24	787.142	-18.1384	769.004
1.26	791.389	-22.3771	769.011
1.28	784.086	-15.0645	769.021
1.3	766.382	2.63082	769.013
1.32	775.874	-6.86087	769.013
1.34	803.464	-34.4571	769.007
1.36	804.972	-35.9747	768.998
1.38	795.85	-26.9128	768.937
1.4	744.64	24.4995	769.139
1.42	802.79	-33.8708	768.919
1.44	784.257	-15.3258	768.932
1.46	729.365	39.704	769.07
1.48	765.065	3.90748	768.973
1.5	750.886	18.0405	768.926
1.52	774.106	-5.15564	768.95
1.54	814.155	-45.133	769.022
1.56	816.626	-47.6034	769.022
1.58	815.779	-46.7792	769
1.6	808.547	-39.6109	768.936
1.62	785.217	-16.2335	768.983
1.64	790.04	-21.0681	768.972
1.66	747.704	21.4507	769.154
1.68	787.064	-18.0846	768.979
1.7	800.712	-31.7007	769.012
1.72	809.153	-40.1279	769.025
1.74	805.648	-36.6088	769.039
1.76	788.562	-19.501	769.061
1.78	784.124	-15.1147	769.009
1.8	766.596	2.43613	769.032
1.82	774.314	-5.26553	769.048
1.84	798.338	-29.2952	769.043
1.86	811.47	-42.4468	769.023
1.88	814.275	-45.2367	769.039
1.9	800.927	-31.886	769.042
1.92	793.749	-24.7171	769.032
1.94	795.999	-27.0126	768.987
1.96	762.53	6.48462	769.014
1.98	756.326	12.7508	769.076
2	791.872	-22.8652	769.007
2.02	801.187	-32.1487	769.038
2.04	797.648	-28.5772	769.071
2.06	807.895	-38.8673	769.028
2.08	810.666	-41.6463	769.02
2.1	804.004	-35.043	768.961
2.12	770.3	-1.29461	769.005
2.14	781.796	-12.8205	768.976
2.16	790.462	-21.4504	769.012
2.18	794.265	-25.2521	769.013
2.2	790.982	-22.0217	768.96
2.22	773.56	-4.47871	769.081
2.24	804.049	-35.0074	769.041
2.26	792.606	-23.5632	769.042
2.28	793.669	-24.7006	768.968
2.3	789.55	-20.5048	769.046
2.32	796.489	-27.4199	769.069
2.34	805.631	-36.5969	769.034
2.36	785.475	-16.4301	769.045
2.38	774.094	-5.08693	769.007
2.4	751.23	17.8915	769.122
2.42	777.6	-8.64862	768.952
2.44	735.295	33.7447	769.04
2.46	755.417	13.6514	769.069
2.48	794.724	-25.6553	769.069
2.5	800.662	-31.5878	769.074
2.52	801.99	-32.8724	769.117
2.54	802.663	-33.5832	769.08
2.56	761.738	7.35	769.088
2.58	786.718	-17.7743	768.944
2.6	782.754	-13.7403	769.013
2.62	777.227	-8.19736	769.029
2.64	770.448	-1.38251	769.066
2.66	788.854	-19.8866	768.967
2.68	790.844	-21.7708	769.073
2.7	796.799	-27.747	769.052
2.72	792.428	-23.3349	769.093
2.74	807.571	-38.5354	769.036
2.76	787.356	-18.3101	769.046
2.78	765.939	3.14732	769.087
2.8	786.781	-17.7716	769.01
2.82	770.398	-1.39487	769.003
2.84	755.091	13.9549	769.046
2.86	803.942	-34.8847	769.058
2.88	792.201	-23.0963	769.104
2.9	795.169	-26.0655	769.103
2.92	799.383	-30.3059	769.077
2.94	782.16	-13.0881	769.072
2.96	762.951	6.20897	769.16
2.98	797.138	-28.0756	769.063
3	802.614	-33.5283	769.086
3.02	799.452	-30.3629	769.089
3.04	790.905	-21.8122	769.093
3.06	781.691	-12.7086	768.983
3.08	721.693	47.4559	769.149
3.1	774.826	-5.84708	768.979
3.12	803.841	-34.8171	769.024
3.14	778.836	-9.77434	769.062
3.16	759.58	9.42398	769.004
3.18	778.732	-9.68043	769.052
3.2	780.455	-11.3162	769.139
3.22	798.932	-29.8577	769.074
3.24	782.753	-13.6624	769.09
3.26	793.394	-24.2893	769.104
3.28	794.948	-25.7968	769.152
3.3	785.149	-16.0298	769.12
3.32	769.952	-0.768166	769.183
3.34	787.774	-18.6653	769.108
3.36	784.805	-15.685	769.12
3.38	790.227	-21.0996	769.127
3.4	805.391	-36.2766	769.115
3.42	806.291	-37.1934	769.098
3.44	773.9	-4.84252	769.057
3.46	761.171	7.86965	769.041
3.48	776.099	-7.00701	769.092
3.5	786.583	-17.51	769.073
3.52	777.417	-8.30435	769.113
3.54	787.728	-18.6458	769.082
3.56	801.055	-31.9821	769.073
3.58	799.447	-30.3966	769.051
3.6	779.649	-10.5809	769.068
3.62	771.816	-2.7099	769.106
3.64	788.592	-19.5313	769.061
3.66	771.268	-2.14215	769.126
3.68	779.606	-10.6055	769.001
3.7	766.184	2.92174	769.105
3.72	796.606	-27.569	769.037
3.74	770.748	-1.68604	769.062
3.76	769.512	-0.493602	769.018
3.78	774.031	-4.921	769.11
3.8	784.508	-15.436	769.072
3.82	794.786	-25.6661	769.12
3.84	788.431	-19.2704	769.16
3.86	782.022	-12.912	769.11
3.88	780.329	-11.2135	769.116
3.9	770.333	-1.22647	769.107
3.92	777.227	-8.15359	769.073
3.94	791.757	-22.6513	769.106
3.96	781.199	-12.0182	769.18
3.98	796.255	-27.1612	769.094
4	789.042	-19.9096	769.132
4.02	786.122	-17.014	769.108
4.04	785.259	-16.1879	769.071
4.06	778.031	-8.93849	769.093
4.08	782.252	-13.2025	769.05
4.1	771.969	-2.87726	769.091
4.12	789.67	-20.6261	769.044
4.14	784.786	-15.6763	769.11
4.16	781.414	-12.3494	769.064
4.18	770.868	-1.76403	769.104
4.2	791.553	-22.4817	769.071
4.22	772.602	-3.54889	769.053
4.24	755.52	13.4825	769.002
4.26	768.8	0.319053	769.12
4.28	802.064	-32.9858	769.078
4.3	801.368	-32.2761	769.092
4.32	773.103	-3.91653	769.187
4.34	782.422	-13.3509	769.071
4.36	771.836	-2.71713	769.119
4.38	785.212	-16.1475	769.064
4.4	786.782	-17.7033	769.079
4.42	791.862	-22.7821	769.08
4.44	801.697	-32.6319	769.065
4.46	794.172	-25.0622	769.11
4.48	798.137	-29.0774	769.06
4.5	790.855	-21.8027	769.052
4.52	783.638	-14.5736	769.065
4.54	795.364	-26.3199	769.044
4.56	785.883	-16.7757	769.107
4.58	796.283	-27.2176	769.065
4.6	779.073	-9.89281	769.181
4.62	796.924	-27.8726	769.051
4.64	757.933	11.2519	769.184
4.66	763.13	6.01066	769.141
4.68	782.003	-12.9265	769.076
4.7	792.98	-23.8878	769.092
4.72	782.475	-13.3235	769.151
4.74	785.827	-16.7752	769.052
4.76	757.781	11.3136	769.094
4.78	762.59	6.52966	769.12
4.8	788.22	-19.127	769.093
4.82	793.055	-23.954	769.101
4.84	789.953	-20.8299	769.123
4.86	797.593	-28.4985	769.094
4.88	807.772	-38.6904	769.082
4.9	808.881	-39.8316	769.049
4.92	795.897	-26.8246	769.073
4.94	795.233	-26.1523	769.08
4.96	805.323	-36.2839	769.039
4.98	789.05	-20.112	768.938
5	748.452	20.4902	768.943
5.02	733.579	35.361	768.94
5.04	766.454	2.62477	769.078
5.06	794.252	-25.238	769.014
5.08	778.736	-9.66993	769.066
5.1	781.321	-12.2626	769.059
5.12	803.067	-34.0171	769.05
5.14	813.053	-43.9878	769.065
5.16	794.512	-25.4048	769.107
5.18	779.777	-10.6936	769.084
5.2	770.336	-1.27605	769.06
5.22	766.073	3.02144	769.094
5.24	800.85	-31.8144	769.036
5.26	802.25	-33.1902	769.06
5.28	793.649	-24.5935	769.055
5.3	787.504	-18.4099	769.094
5.32	798.202	-29.1595	769.042
5.34	781.284	-12.1902	769.094
5.36	767.304	1.70489	769.009
5.38	781.631	-12.6404	768.991
5.4	807.037	-37.9877	769.05
5.42	805.54	-36.4896	769.051
5.44	798.478	-29.4316	769.047
5.46	783.792	-14.7635	769.029
5.48	780.772	-11.7576	769.015
5.5	780.996	-12.0836	768.912
5.52	765.241	3.74973	768.991
5.54	792.019	-22.9823	769.037
5.56	803.994	-34.9459	769.048
5.58	809.482	-40.4392	769.043
5.6	790.374	-21.3775	768.997
5.62	727.451	41.6464	769.098
5.64	767.365	1.57441	768.94
5.66	795.459	-26.4839	768.975
5.68	746.761	22.3548	769.116
5.7	749.601	19.3845	768.986
5.72	786.786	-17.8145	768.971
5.74	801.399	-32.3013	769.098
5.76	797.395	-28.3296	769.065
5.78	778.737	-9.65031	769.087
5.8	796.478	-27.4274	769.051
5.82	799.15	-30.0659	769.084
5.84	789.722	-20.6699	769.052
5.86	766.101	3.02282	769.124
5.88	775.849	-6.84802	769.001
5.9	767.411	1.69081	769.102
5.92	798.787	-29.7164	769.071
5.94	791.997	-22.9158	769.081
5.96	789.4	-20.269	769.131
5.98	799.286	-30.1702	769.116
6	777.573	-8.38628	769.187
6.02	783.072	-13.9157	769.156
6.04	790.291	-21.1632	769.128
6.06	781.81	-12.6669	769.143
6.08	772.988	-3.84293	769.145
6.1	786.674	-17.5309	769.143
6.12	790.284	-21.159	769.125
6.14	800.108	-31.0071	769.101
6.16	802.468	-33.3043	769.163
6.18	802.119	-33.0323	769.086
6.2	783.119	-13.992	769.127
6.22	794.337	-25.2424	769.094
6.24	787.54	-18.4534	769.086
6.26	781.65	-12.5594	769.091
6.28	783.856	-14.8267	769.029
6.3	756.655	12.4707	769.126
6.32	783.93	-14.8605	769.07
6.34	777.794	-8.66505	769.129
6.36	789.126	-20.1038	769.022
6.38	774.478	-5.42314	769.055
6.4	782.673	-13.6142	769.059
6.42	794.971	-25.9304	769.04
6.44	780.054	-10.944	769.111
6.46	791.532	-22.4639	769.068
6.48	808.853	-39.8069	769.046
6.5	816.137	-47.108	769.029
6.52	806.719	-37.695	769.024
6.54	791.815	-22.7212	769.094
6.56	797.541	-28.4677	769.073
6.58	797.397	-28.3422	769.055
6.6	792.493	-23.4982	768.994
6.62	752.1	17.0872	769.187
6.64	796.372	-27.3608	769.011
6.66	787.648	-18.6345	769.013
6.68	770.827	-1.83693	768.99
6.7	769.196	-0.225588	768.97
6.72	743.643	25.4086	769.051
6.74	783.066	-14.1525	768.913
6.76	790.766	-21.8303	768.936
6.78	784.696	-15.7468	768.949
6.8	790.962	-21.9021	769.06
6.82	795.317	-26.2551	769.062
6.84	800.879	-31.8149	769.064
6.86	806.653	-37.6663	768.987
6.88	787.281	-18.2415	769.039
6.9	792.798	-23.8447	768.954
6.92	774.015	-4.98364	769.031
6.94	784.091	-15.095	768.996
6.96	796.307	-27.3427	768.965
6.98	780.769	-11.7573	769.012
7	779.511	-10.4927	769.018
7.02	789.186	-20.1754	769.011
7.04	786.777	-17.8375	768.939
7.06	776.075	-7.08766	768.987
7.08	804.403	-35.388	769.015
7.1	800.1	-31.0685	769.032
7.12	778.394	-9.31495	769.079
7.14	782.139	-13.1804	768.959
7.16	790.14	-21.1819	768.958
7.18	795.102	-26.0862	769.016
7.2	801.628	-32.6259	769.002
7.22	792.752	-23.7762	768.976
7.24	771.897	-2.86607	769.03
7.26	787.791	-18.8014	768.99
7.28	781.603	-12.6076	768.996
7.3	760.9	8.16598	769.066
7.32	791.651	-22.6282	769.023
7.34	786.891	-17.8694	769.022
7.36	790.373	-21.3364	769.036
7.38	799.91	-30.8779	769.032
7.4	784.016	-14.998	769.018
7.42	790.766	-21.7626	769.003
7.44	808.302	-39.264	769.038
7.46	804.417	-35.3538	769.063
7.48	801.869	-32.8538	769.015
7.5	793.225	-24.2062	769.019
7.52	784.462	-15.4228	769.04
7.54	796.899	-27.8847	769.014
7.56	795.703	-26.6936	769.01
7.58	798.949	-29.9946	768.954
7.6	775.297	-6.25618	769.041
7.62	787.994	-18.9985	768.996
7.64	800.184	-31.1638	769.02
7.66	800.392	-31.3852	769.007
7.68	786.984	-18.0245	768.96
7.7	788.109	-19.1779	768.931
7.72	809.516	-40.535	768.981
7.74	791.455	-22.6155	768.84
7.76	805.882	-36.9838	768.898
7.78	820.47	-51.4854	768.985
7.8	788.408	-19.4419	768.966
7.82	790.575	-21.68	768.895
7.84	746.994	22.0434	769.038
7.86	770.408	-1.45746	768.951
7.88	803.998	-35.0616	768.937
7.9	787.036	-18.067	768.969
7.92	765.695	3.2483	768.943
7.94	772.747	-3.76288	768.984
7.96	797.473	-28.4939	768.979
7.98	791.222	-22.2425	768.979
8	794.496	-25.5378	768.958
8.02	770.383	-1.27991	769.103
8.04	778.489	-9.43471	769.054
8.06	795.962	-26.9117	769.05
8.08	806.978	-37.9761	769.002
8.1	797.911	-28.8929	769.018
8.12	797.159	-28.164	768.995
8.14	800.936	-31.9194	769.017
8.16	806.081	-37.0814	769
8.18	807.304	-38.305	768.999
8.2	791.928	-22.9029	769.025
8.22	795.782	-26.7794	769.003
8.24	787.56	-18.4886	769.071
8.26	786.918	-17.8333	769.085
8.28	790.48	-21.3861	769.093
8.3	782.197	-13.0852	769.111
8.32	804.196	-35.0866	769.109
8.34	812.21	-43.0772	769.133
8.36	808.123	-39.0086	769.114
8.38	798.502	-29.3736	769.129
8.4	788.738	-19.5607	769.177
8.42	806.026	-36.9076	769.118
8.44	796.773	-27.7301	769.043
8.46	779.539	-10.4821	769.057
8.48	771.639	-2.59887	769.04
8.5	775.315	-6.27314	769.042
8.52	793.568	-24.5529	769.015
8.54	784.326	-15.378	768.948
8.56	785.478	-16.4866	768.992
8.58	807.59	-38.5389	769.051
8.6	809.399	-40.3197	769.079
8.62	795.641	-26.5378	769.103
8.64	777.062	-7.94522	769.116
8.66	780.937	-11.8482	769.088
8.68	786.833	-17.7278	769.105
8.7	806.03	-36.9911	769.039
8.72	793.846	-24.7563	769.089
8.74	783.087	-13.9734	769.113
8.76	793.769	-24.6929	769.076
8.78	794.488	-25.4149	769.073
8.8	796.056	-26.9793	769.077
8.82	791.875	-22.8512	769.024
8.84	794.628	-25.6591	768.969
8.86	785.1	-16.0495	769.051
8.88	793.552	-24.5188	769.033
8.9	797.546	-28.5155	769.031
8.92	787.444	-18.4153	769.029
8.94	786.442	-17.4258	769.016
8.96	803.649	-34.6485	769
8.98	797.026	-28.0066	769.019
9	782.394	-13.3371	769.057
9.02	803.806	-34.8097	768.997
9.04	774.553	-5.45537	769.098
9.06	774.871	-5.86635	769.005
9.08	768.919	0.132101	769.051
9.1	799	-29.9667	769.033
9.12	807.798	-38.7534	769.045
9.14	785.049	-15.9849	769.064
9.16	778.358	-9.36121	768.997
9.18	788.418	-19.3936	769.024
9.2	791.09	-22.0394	769.05
9.22	789.737	-20.6655	769.071
9.24	797.876	-28.7751	769.101
9.26	805.063	-35.9883	769.075
9.28	809.772	-40.7176	769.054
9.3	791.289	-22.2004	769.089
9.32	809.671	-40.6971	768.974
9.34	809.986	-41.0528	768.933
9.36	778.869	-9.86214	769.007
9.38	776.295	-7.27257	769.022
9.4	794.123	-25.1689	768.954
9.42	786.3	-17.3286	768.972
9.44	798.044	-29.0938	768.95
9.46	808.358	-39.3866	768.972
9.48	803.794	-34.8115	768.982
9.5	780.668	-11.8013	768.867
9.52	781.611	-12.7388	768.872
9.54	790.831	-21.8191	769.012
9.56	805.287	-36.3168	768.971
9.58	806.979	-37.9997	768.979
9.6	801.449	-32.4901	768.959
9.62	780.12	-11.082	769.038
9.64	795.85	-26.8737	768.976
9.66	812.496	-43.5236	768.973
9.68	806.592	-37.6331	768.959
9.7	782.818	-13.791	769.027
9.72	801.682	-32.7214	768.961
9.74	806.25	-37.2721	768.978
9.76	792.392	-23.4239	768.968
9.78	781.687	-12.726	768.961
9.8	776.21	-7.28294	768.927
9.82	789.548	-20.6239	768.924
9.84	796.776	-27.8184	768.958
9.86	790.215	-21.2265	768.988
9.88	801.011	-32.0499	768.961
9.9	806.949	-38.0095	768.939
9.92	806.186	-37.2537	768.932
9.94	800.042	-31.1634	768.878
9.96	774.903	-6.00367	768.899
9.98	763.342	5.60641	768.949
10	783.921	-15.022	768.899
10.02	794.4	-25.4596	768.94
10.04	803.848	-34.95	768.897
10.06	788.858	-19.8921	768.966
10.08	801.412	-32.5318	768.881
10.1	791.571	-22.6371	768.934
10.12	797.422	-28.4744	768.948
10.14	797.259	-28.321	768.938
10.16	766.429	2.62054	769.05
10.18	794.151	-25.1705	768.981
10.2	807.644	-38.6221	769.022
10.22	800.65	-31.6	769.05
10.24	780.632	-11.5555	769.077
10.26	790.444	-21.3854	769.059
10.28	791.96	-22.9265	769.033
10.3	783.752	-14.686	769.066
10.32	787.387	-18.3687	769.019
10.34	778.821	-9.75508	769.065
10.36	805.735	-36.7417	768.994
10.38	806.285	-37.2865	768.999
10.4	779.519	-10.4753	769.044
10.42	784.926	-15.9041	769.022
10.44	801.447	-32.4761	768.971
10.46	783.688	-14.7637	768.924
10.48	787.816	-18.8564	768.96
10.5	814.403	-45.3593	769.043
10.52	814.552	-45.5217	769.031
10.54	809.805	-40.767	769.038
10.56	792.955	-23.9534	769.002
10.58	773.697	-4.62709	769.07
10.6	790.308	-21.3039	769.004
10.62	794.916	-25.8948	769.021
10.64	797.694	-28.6956	768.998
10.66	791.852	-22.955	768.897
10.68	766.635	2.25078	768.886
10.7	741.762	27.3044	769.066
10.72	809.024	-40.191	768.833
10.74	798.46	-29.5665	768.894
10.76	792.951	-24.0262	768.925
10.78	803.052	-34.1902	768.861
10.8	800.21	-31.3465	768.863
10.82	788.214	-19.3437	768.871
10.84	797.517	-28.6457	768.871
10.86	806.28	-37.4035	768.877
10.88	797.108	-28.2129	768.895
10.9	802.123	-33.2576	768.866
10.92	785.621	-16.7398	768.882
10.94	777.698	-8.86629	768.831
10.96	774.815	-5.95209	768.863
10.98	793.381	-24.5315	768.849
11	804.222	-35.4118	768.81
11.02	791.282	-22.3779	768.904
11.04	805.371	-36.4938	768.877
11.06	793.633	-24.7382	768.895
11.08	781.981	-13.1029	768.878
11.1	791.226	-22.3784	768.848
11.12	796.729	-27.8474	768.882
11.14	804.031	-35.11	768.921
11.16	809.424	-40.4934	768.93
11.18	793.012	-24.0201	768.992
11.2	794.521	-25.6174	768.903
11.22	784.682	-15.701	768.981
11.24	796.222	-27.2923	768.929
11.26	797.459	-28.4967	768.963
11.28	798.865	-29.9349	768.93
11.3	777.785	-8.79334	768.991
11.32	799.472	-30.5244	768.948
11.34	800.501	-31.5253	768.976
11.36	797.838	-28.8327	769.005
11.38	802.593	-33.5755	769.017
11.4	790.496	-21.4946	769.002
11.42	772.708	-3.62569	769.082
11.44	787.166	-18.1676	768.999
11.46	774.174	-5.16072	769.013
11.48	787.938	-19.0044	768.934
11.5	787.884	-18.8915	768.992
11.52	815.728	-46.7578	768.97
11.54	804.379	-35.4341	768.945
11.56	768.526	0.408772	768.935
11.58	784.812	-15.9105	768.902
11.6	808.969	-40.0271	768.942
11.62	803.778	-34.8879	768.89
11.64	775.847	-7.05796	768.789
11.66	801.942	-33.106	768.836
11.68	810.763	-41.9011	768.862
11.7	774.825	-5.88028	768.944
11.72	787.028	-18.117	768.911
11.74	796.642	-27.7087	768.934
11.76	799.724	-30.859	768.865
11.78	795.153	-26.2859	768.867
11.8	786.795	-17.8972	768.897
11.82	804.936	-36.0875	768.848
11.84	778.591	-9.74807	768.843
11.86	736.095	32.9296	769.024
11.88	794.598	-25.7313	768.867
11.9	795.647	-26.7477	768.899
11.92	780.242	-11.31	768.932
11.94	793.21	-24.331	768.879
11.96	778.706	-9.83261	768.874
11.98	776.324	-7.3994	768.925
12	795.232	-26.4273	768.804
12.02	772.436	-3.57301	768.863
12.04	803.379	-34.5308	768.849
12.06	771.328	-2.38738	768.941
12.08	791.538	-22.7198	768.818
12.1	780.918	-12.0364	768.882
12.12	778.142	-9.31757	768.824
12.14	788.118	-19.3022	768.816
12.16	788.022	-19.1465	768.876
12.18	790.657	-21.7872	768.87
12.2	780.598	-11.6732	768.924
12.22	784.654	-15.7705	768.883
12.24	795.752	-26.9291	768.823
12.26	773.856	-4.98781	768.868
12.28	774.204	-5.29456	768.909
12.3	806.725	-37.9004	768.824
12.32	802.86	-33.9791	768.881
12.34	800.616	-31.7695	768.847
12.36	794.881	-25.9985	768.882
12.38	787.397	-18.5301	768.867
12.4	778.956	-10.0791	768.877
12.42	794.991	-26.1155	768.876
12.44	804.129	-35.2535	768.875
12.46	774.106	-5.13626	768.969
12.48	790.647	-21.7776	768.869
12.5	802.26	-33.3509	768.909
12.52	816.45	-47.592	768.858
12.54	796.949	-28.1343	768.815
12.56	753.425	15.4381	768.863
12.58	763.668	5.15053	768.819
12.6	769.199	-0.375559	768.823
12.62	794.915	-26.1249	768.79
12.64	800.578	-31.7071	768.871
12.66	800.94	-32.0765	768.864
12.68	785.241	-16.4878	768.753
12.7	699.2	69.7893	768.989
12.72	780.58	-11.8173	768.763
12.74	786.263	-17.4784	768.785
12.76	780.4	-11.5899	768.81
12.78	795.424	-26.5822	768.842
12.8	802.626	-33.7843	768.842
12.82	776.576	-7.73902	768.837
12.84	783.023	-14.2402	768.783
12.86	788.672	-19.8413	768.831
12.88	787.544	-18.7164	768.827
12.9	770.571	-1.73696	768.834
12.92	792.712	-23.9214	768.791
12.94	786.128	-17.1968	768.932
12.96	798.517	-29.6544	768.862
12.98	787.584	-18.7442	768.839
13	784.872	-16.0525	768.82
13.02	791.405	-22.5614	768.843
13.04	782.265	-13.3604	768.904
13.06	802.961	-34.1123	768.849
13.08	788.581	-19.6552	768.925
13.1	783.7	-14.8646	768.835
13.12	753.93	14.9988	768.929
13.14	767.512	1.33187	768.844
13.16	765.683	3.28035	768.963
13.18	804.151	-35.2613	768.89
13.2	787.982	-19.0318	768.95
13.22	783.838	-14.9029	768.935
13.24	793.319	-24.4205	768.899
13.26	795.334	-26.382	768.952
13.28	786.555	-17.5672	768.987
13.3	793.995	-24.9767	769.019
13.32	802.723	-33.7272	768.996
13.34	782.019	-12.9645	769.055
13.36	780.037	-11.0038	769.033
13.38	789.884	-20.8715	769.013
13.4	787.343	-18.2641	769.079
13.42	811.823	-42.8123	769.011
13.44	810.332	-41.304	769.028
13.46	805.185	-36.1945	768.99
13.48	760.159	9.01198	769.171
13.5	787.926	-18.9102	769.016
13.52	806.637	-37.6642	768.972
13.54	802.113	-33.1268	768.986
13.56	784.888	-15.8889	768.999
13.58	778.884	-9.88859	768.995
13.6	772.735	-3.69079	769.044
13.62	800.821	-31.8349	768.986
13.64	796.411	-27.3448	769.066
13.66	808.447	-39.3841	769.063
13.68	803.716	-34.6282	769.087
13.7	800.197	-31.0853	769.112
13.72	813.108	-44.0639	769.044
13.74	785.847	-16.7627	769.084
13.76	767.064	2.06901	769.133
13.78	800.909	-31.8938	769.015
13.8	809.152	-40.1439	769.008
13.82	793.803	-24.7633	769.039
13.84	784.423	-15.379	769.044
13.86	788.953	-19.9068	769.046
13.88	784.908	-15.8496	769.058
13.9	775.462	-6.3471	769.115
13.92	774.212	-5.09331	769.119
13.94	773.833	-4.70037	769.132
13.96	805.979	-36.9077	769.072
13.98	784.497	-15.4072	769.09
14	767.549	1.52069	769.07
14.02	758.419	10.5709	768.99
14.04	765.46	3.54564	769.006
14.06	791.995	-22.9941	769.001
14.08	781.106	-12.0709	769.035
14.1	783.228	-14.2412	768.987
14.12	789.439	-20.4317	769.007
14.14	793.9	-24.9289	768.971
14.16	763.177	5.81676	768.994
14.18	768.741	0.337278	769.079
14.2	804.181	-35.2203	768.96
14.22	767.873	1.19797	769.071
14.24	788.221	-19.2291	768.992
14.26	797.235	-28.2279	769.007
14.28	789.361	-20.2799	769.081
14.3	794.213	-25.1492	769.064
14.32	787.316	-18.2565	769.059
14.34	782.09	-13.036	769.054
14.36	793.786	-24.7471	769.039
14.38	797.889	-28.8451	769.044
14.4	800.131	-31.0981	769.033
14.42	798.684	-29.6455	769.038
14.44	794.817	-25.8	769.017
14.46	774.321	-5.28872	769.032
14.48	771.001	-1.9655	769.035
14.5	789.662	-20.6616	769.001
14.52	790.259	-21.2023	769.057
14.54	801.052	-32.078	768.974
14.56	767.972	1.09995	769.072
14.58	771.063	-2.07647	768.987
14.6	767.401	1.77804	769.179
14.62	811.072	-42.0369	769.035
14.64	804.644	-35.6028	769.041
14.66	776.868	-7.83002	769.038
14.68	743.186	25.9975	769.184
14.7	781.109	-12.1419	768.968
14.72	795.679	-26.7006	768.978
14.74	764.808	4.1053	768.914
14.76	769.14	-0.262565	768.878
14.78	776.8	-7.85421	768.946
14.8	775.21	-6.16824	769.042
14.82	794.658	-25.7318	768.926
14.84	779.05	-10.0585	768.992
14.86	785.759	-16.7583	769.001
14.88	792.237	-23.249	768.988
14.9	797.48	-28.4678	769.012
14.92	798.454	-29.3981	769.055
14.94	791.314	-22.2963	769.018
14.96	765.053	4.03144	769.084
14.98	784.932	-15.9422	768.99
15	771.026	-1.95693	769.069
15.02	788.968	-19.9846	768.983
15.04	782.334	-13.2955	769.039
15.06	794.664	-25.6992	768.965
15.08	791.066	-22.0793	768.986
15.1	761.721	7.28979	769.011
15.12	785.871	-16.9944	768.876
15.14	784.869	-15.8777	768.991
15.16	794.486	-25.5082	768.978
15.18	804.799	-35.8388	768.96
15.2	778.814	-9.85889	768.955
15.22	764.488	4.47879	768.967
15.24	782.405	-13.4032	769.002
15.26	798.618	-29.6049	769.013
15.28	806.915	-37.9435	768.971
15.3	771.387	-2.40922	768.977
15.32	791.691	-22.7763	768.914
15.34	802.801	-33.8173	768.984
15.36	790.371	-21.3526	769.019
15.38	798.522	-29.5209	769.001
15.4	787.804	-18.8618	768.942
15.42	755.282	13.7365	769.019
15.44	792.615	-23.6934	768.922
15.46	805.206	-36.2424	768.964
15.48	780.814	-11.8778	768.937
15.5	786.724	-17.7885	768.935
15.52	806.885	-37.916	768.969
15.54	796.069	-27.0649	769.004
15.56	803.433	-34.511	768.921
15.58	769.4	-0.323435	769.077
15.6	788.488	-19.4943	768.993
15.62	784.724	-15.7382	768.986
15.64	773.046	-4.26129	768.785
15.66	769.127	-0.271598	768.855
15.68	775.248	-6.32923	768.919
15.7	775.976	-7.03563	768.941
15.72	787.48	-18.5024	768.977
15.74	786.458	-17.5079	768.95
15.76	792.429	-23.4737	768.955
15.78	803.56	-34.588	768.972
15.8	799.981	-30.9759	769.005
15.82	790.514	-21.5611	768.953
15.84	785.793	-16.788	769.005
15.86	793.45	-24.5382	768.912
15.88	770.131	-1.1922	768.939
15.9	785.191	-16.1995	768.991
15.92	803.009	-34.0469	768.962
15.94	797.56	-28.5558	769.004
15.96	792.313	-23.3795	768.934
15.98	774.076	-5.07557	769.001
16	790.809	-21.9459	768.863
16.02	743.819	25.1974	769.016
16.04	776.626	-7.75735	768.868
16.06	754.123	14.8276	768.951
16.08	791.034	-22.2341	768.8
16.1	779.989	-11.0113	768.978
16.12	778.884	-9.90223	768.982
16.14	792.362	-23.4337	768.928
16.16	792.429	-23.4677	768.961
16.18	789.877	-20.9107	768.966
16.2	775.732	-6.71968	769.012
16.22	781.858	-12.8565	769.002
16.24	791.472	-22.4611	769.01
16.26	794.124	-25.1205	769.003
16.28	774.228	-5.16228	769.065
16.3	787.609	-18.5878	769.021
16.32	765.504	3.75605	769.26
16.34	800.243	-31.2008	769.042
16.36	775.469	-6.36729	769.101
16.38	781.975	-12.8837	769.091
16.4	802.721	-33.6787	769.042
16.42	798.262	-29.1951	769.067
16.44	770.197	-1.20581	768.991
16.46	751.164	17.823	768.987
16.48	774.272	-5.25173	769.02
16.5	780.91	-11.8599	769.05
16.52	781.794	-12.7297	769.065
16.54	761.544	7.51783	769.062
16.56	796.904	-27.8968	769.007
16.58	802.354	-33.2808	769.073
16.6	797.659	-28.6083	769.05
16.62	764.339	4.64949	768.988
16.64	773.533	-4.57963	768.953
16.66	798.295	-29.2964	768.999
16.68	793.457	-24.4246	769.033
16.7	802.108	-33.1134	768.995
16.72	786.773	-17.773	769
16.74	787.715	-18.6762	769.039
16.76	803.054	-33.9983	769.055
16.78	801.639	-32.5787	769.06
16.8	790.045	-21.0312	769.013
16.82	774.672	-5.65744	769.015
16.84	773.838	-4.80782	769.03
16.86	784.509	-15.6031	768.906
16.88	775.719	-6.73993	768.979
16.9	792.718	-23.73	768.988
16.92	769.779	-0.761714	769.017
16.94	771.738	-2.75614	768.982
16.96	776.919	-7.881	769.038
16.98	769.439	-0.377322	769.062
17	772.582	-3.57212	769.01
17.02	781.379	-12.3603	769.019
17.04	805.097	-36.0924	769.005
17.06	806.237	-37.2574	768.98
17.08	779.582	-10.5298	769.052
17.1	790.227	-21.2228	769.005
17.12	783.818	-14.7695	769.049
17.14	768.83	0.218023	769.048
17.16	774.423	-5.40006	769.023
17.18	776.92	-7.90258	769.017
17.2	770.538	-1.50706	769.031
17.22	785.908	-16.8936	769.015
17.24	790.47	-21.4247	769.046
17.26	790.679	-21.6331	769.045
17.28	794.956	-25.909	769.047
17.3	803.969	-34.9158	769.053
17.32	775.486	-6.42201	769.064
17.34	782.672	-13.6568	769.015
17.36	772.045	-2.96493	769.08
17.38	753.111	15.9774	769.088
17.4	760.04	9.06799	769.108
17.42	785.026	-15.9589	769.067
17.44	795.274	-26.2077	769.066
17.46	797.131	-28.047	769.084
17.48	797.492	-28.4171	769.075
17.5	786.909	-17.8096	769.1
17.52	784.847	-15.718	769.129
17.54	799.715	-30.661	769.054
17.56	765.212	3.90622	769.118
17.58	752.13	17.0062	769.136
17.6	788.782	-19.7297	769.052
17.62	793.542	-24.4476	769.095
17.64	777.144	-7.9949	769.149
17.66	790.07	-21.0786	768.991
17.68	766.444	2.65367	769.098
17.7	789.153	-20.0931	769.06
17.72	795.476	-26.4374	769.038
17.74	785.782	-16.7621	769.02
17.76	763.004	5.92859	768.933
17.78	752.183	16.8249	769.008
17.8	800.732	-31.7286	769.003
17.82	787.03	-18.0333	768.997
17.84	778.527	-9.56098	768.966
17.86	789.332	-20.3498	768.983
17.88	806.211	-37.2235	768.988
17.9	802.194	-33.2149	768.979
17.92	788.313	-19.2941	769.018
17.94	792.444	-23.4659	768.978
17.96	788.408	-19.3909	769.017
17.98	791.125	-22.126	768.999
18	790.504	-21.5041	769
18.02	775.441	-6.50544	768.936
18.04	757.272	11.7971	769.069
18.06	804.765	-35.7976	768.967
18.08	797.819	-28.9298	768.89
18.1	752.76	16.1685	768.929
18.12	797.349	-28.3618	768.987
18.14	810.291	-41.2894	769.002
18.16	808.148	-39.1513	768.997
18.18	784.448	-15.3831	769.065
18.2	798.473	-29.4896	768.984
18.22	782.52	-13.4893	769.03
18.24	765.98	2.96013	768.94
18.26	774.287	-5.35664	768.931
18.28	802.643	-33.6651	768.978
18.3	798.854	-29.8384	769.016
18.32	790.367	-21.3631	769.004
18.34	785.185	-16.1595	769.026
18.36	795.878	-26.9501	768.928
18.38	759.742	9.27088	769.013
18.4	773.082	-4.19853	768.884
18.42	772.65	-3.61818	769.032
18.44	780.51	-11.55	768.96
18.46	792.462	-23.5442	768.918
18.48	800.71	-31.6641	769.046
18.5	811.335	-42.3183	769.017
18.52	791.601	-22.5971	769.004
18.54	790.728	-21.76	768.968
18.56	789.482	-20.4903	768.991
18.58	790.532	-21.5021	769.03
18.6	813.142	-44.1389	769.004
18.62	796.867	-27.8515	769.016
18.64	786.188	-17.1327	769.055
18.66	781.358	-12.2804	769.078
18.68	783.836	-14.7915	769.045
18.7	770.815	-1.74464	769.07
18.72	782.87	-13.8454	769.024
18.74	796.513	-27.5069	769.006
18.76	798.024	-29.0011	769.023
18.78	799.968	-30.9125	769.056
18.8	797.132	-28.0822	769.049
18.82	748.666	20.4011	769.067
18.84	754.204	14.8068	769.011
18.86	770.303	-1.36743	768.936
18.88	767.747	1.26592	769.012
18.9	796.016	-27.0107	769.006
18.92	799.807	-30.7766	769.03
18.94	790.759	-21.6875	769.072
18.96	798.662	-29.6761	768.986
18.98	768.996	-0.00180128	768.994
19	776.304	-7.33572	768.968
19.02	793.477	-24.4675	769.01
19.04	794.251	-25.246	769.005
19.06	788.425	-19.415	769.01
19.08	794.304	-25.3039	769
19.1	794.236	-25.2152	769.02
19.12	797.307	-28.3218	768.985
19.14	777.212	-8.2375	768.975
19.16	767.04	1.99064	769.031
19.18	797.543	-28.5394	769.004
19.2	800.08	-31.0935	768.986
19.22	788.106	-19.0706	769.035
19.24	788.319	-19.3565	768.962
19.26	751.935	17.2067	769.142
19.28	805.439	-36.451	768.988
19.3	815.188	-46.1512	769.037
19.32	801.44	-32.4051	769.035
19.34	775.714	-6.65382	769.06
19.36	786.576	-17.6063	768.969
19.38	794.543	-25.5149	769.028
19.4	806.001	-36.9989	769.002
19.42	797.626	-28.6368	768.99
19.44	773.018	-4.03757	768.98
19.46	756.739	12.1827	768.921
19.48	761.97	7.03062	769.001
19.5	789.179	-20.1793	769
19.52	804.05	-35.041	769.009
19.54	807.44	-38.4646	768.975
19.56	798.907	-29.8969	769.01
19.58	806.014	-36.9874	769.026
19.6	806.078	-37.0771	769.001
19.62	793.166	-24.1463	769.019
19.64	785.131	-16.158	768.973
19.66	763.56	5.51129	769.071
19.68	789.381	-20.4442	768.937
19.7	788.134	-19.1713	768.963
19.72	793.685	-24.6721	769.012
19.74	805.492	-36.4885	769.003
19.76	801.967	-32.9776	768.99
19.78	787.957	-18.9725	768.985
19.8	796.273	-27.2814	768.992
19.82	791.031	-22.0633	768.967
19.84	748.845	20.1532	768.998
19.86	760.643	8.25067	768.894
19.88	783.66	-14.7445	768.915
19.9	778.862	-9.95812	768.904
19.92	765.987	2.86355	768.851
19.94	804.847	-35.9825	768.864
19.96	810.975	-42.0567	768.919
19.98	779.916	-10.9035	769.012
20	790.818	-21.8808	768.937
20.02	784.157	-15.1579	768.999
20.04	793.87	-24.8491	769.021
20.06	794.664	-25.6761	768.988
20.08	769.469	-0.451927	769.018
20.1	788.268	-19.267	769.001
20.12	790.668	-21.6594	769.009
20.14	768.787	0.276869	769.064
20.16	792.969	-23.9174	769.052
20.18	790.647	-21.537	769.11
20.2	813.046	-43.9586	769.087
20.22	811.321	-42.2243	769.096
20.24	804.833	-35.7407	769.092
20.26	798.903	-29.7684	769.135
20.28	807.209	-38.0615	769.148
20.3	810.831	-41.7306	769.1
20.32	794.187	-25.0098	769.178
20.34	794.231	-25.0491	769.181
20.36	805.91	-36.736	769.174
20.38	811.109	-41.9596	769.149
20.4	791.719	-22.6443	769.074
20.42	766.144	2.99804	769.142
20.44	800.161	-31.0396	769.121
20.46	809.995	-40.8653	769.13
20.48	810.836	-41.6817	769.155
20.5	810.107	-40.9759	769.132
20.52	807.404	-38.2977	769.106
20.54	805.421	-36.2794	769.141
20.56	806.399	-37.2539	769.145
20.58	808.2	-39.0707	769.129
20.6	796.825	-27.7944	769.03
20.62	786.477	-17.4619	769.015
20.64	793.601	-24.4799	769.121
20.66	799.55	-30.5138	769.036
20.68	779.9	-10.7674	769.133
20.7	797.175	-28.1349	769.041
20.72	800.618	-31.5676	769.05
20.74	802.019	-32.9561	769.063
20.76	799.986	-30.9288	769.057
20.78	805.026	-36.0187	769.007
20.8	798.102	-29.0899	769.012
20.82	775.46	-6.47375	768.986
20.84	768.153	0.817093	768.97
20.86	782.01	-13.0695	768.941
20.88	778.974	-10.0059	768.968
20.9	794.726	-25.7883	768.938
20.92	804.054	-35.0531	769.001
20.94	809.312	-40.313	768.999
20.96	797.426	-28.4237	769.002
20.98	793.246	-24.2698	768.977
21	774.979	-5.95005	769.029
21.02	795.449	-26.5231	768.926
21.04	791.609	-22.6044	769.005
21.06	777.952	-8.96095	768.991
21.08	781.363	-12.349	769.014
21.1	801.206	-32.2396	768.967
21.12	787.684	-18.6624	769.022
21.14	781.705	-12.7253	768.979
21.16	773.363	-4.3063	769.057
21.18	807.441	-38.4492	768.992
21.2	786.098	-17.0881	769.01
21.22	768.35	0.678619	769.029
21.24	782.583	-13.5971	768.986
21.26	758.639	10.4436	769.082
21.28	780.808	-11.7759	769.032
21.3	799.213	-30.2254	768.987
21.32	774.358	-5.27959	769.078
21.34	780.303	-11.2851	769.018
21.36	788.083	-18.9994	769.083
21.38	812.342	-43.252	769.09
21.4	810.751	-41.6572	769.094
21.42	792.272	-23.1877	769.084
21.44	800.231	-31.1649	769.066
21.46	793.936	-24.9051	769.031
21.48	757.036	12.0514	769.087
21.5	791.669	-22.6489	769.02
21.52	805.002	-35.9062	769.095
21.54	800.943	-31.8488	769.094
21.56	778.47	-9.29353	769.176
21.58	798.136	-29.0726	769.063
21.6	807.013	-37.9051	769.108
21.62	810.168	-41.0466	769.121
21.64	795.678	-26.5533	769.125
21.66	778.058	-8.91784	769.14
21.68	788.09	-18.9849	769.105
21.7	810.385	-41.2784	769.106
21.72	794.065	-24.9507	769.114
21.74	770.007	-0.823803	769.184
21.76	791.624	-22.4935	769.131
21.78	794.888	-25.7764	769.112
21.8	768.646	0.506039	769.152
21.82	777.284	-8.21495	769.069
21.84	782.23	-13.1838	769.046
21.86	785.652	-16.5582	769.093
21.88	791.879	-22.8672	769.011
21.9	778.608	-9.57197	769.036
21.92	777.808	-8.69141	769.117
21.94	781.752	-12.6797	769.072
21.96	792.211	-23.2647	768.947
21.98	772.497	-3.54495	768.952
22	762.269	6.7317	769.001
22.02	768.514	0.44051	768.955
22.04	801.95	-32.9367	769.013
22.06	794.748	-25.7182	769.029
22.08	787.69	-18.6274	769.063
22.1	801.515	-32.4648	769.05
22.12	799.751	-30.6649	769.086
22.14	805.136	-36.0657	769.07
22.16	792.454	-23.3637	769.091
22.18	784.189	-15.1299	769.059
22.2	788.259	-19.2334	769.026
22.22	800.413	-31.452	768.961
22.24	800.261	-31.2268	769.034
22.26	804.213	-35.22	768.993
22.28	802.149	-33.1445	769.004
22.3	786.315	-17.409	768.906
22.32	734.492	34.5878	769.08
22.34	760.74	8.20711	768.947
22.36	762.795	6.1711	768.966
22.38	784.97	-16.0246	768.945
22.4	796.13	-27.1477	768.982
22.42	775.6	-6.61857	768.982
22.44	756.857	12.1862	769.043
22.46	803.958	-35.0343	768.924
22.48	811.716	-42.7357	768.98
22.5	797.144	-28.184	768.96
22.52	774.595	-5.55081	769.044
22.54	795.137	-26.1996	768.938
22.56	793.892	-24.9271	768.965
22.58	796.473	-27.539	768.934
22.6	773.516	-4.46802	769.048
22.62	789.282	-20.3153	768.967
22.64	787.247	-18.1845	769.063
22.66	802.01	-32.9584	769.052
22.68	815.049	-46.0115	769.038
22.7	797.036	-27.9797	769.056
22.72	794.026	-24.9902	769.035
22.74	794.66	-25.6252	769.035
22.76	772.474	-3.38205	769.092
22.78	754.484	14.7322	769.216
22.8	770.665	-1.46855	769.197
22.82	802.869	-33.806	769.063
22.84	801.377	-32.3414	769.035
22.86	785.837	-16.8111	769.026
22.88	794.084	-25.0688	769.016
22.9	773.808	-4.77777	769.03
22.92	776.072	-7.09792	768.974
22.94	788.095	-19.0705	769.025
22.96	787.986	-18.9453	769.04
22.98	797.608	-28.5444	769.064
23	808.742	-39.6949	769.047
23.02	788.788	-19.7939	768.994
23.04	769.168	-0.153169	769.015
23.06	770.423	-1.38986	769.033
23.08	777.175	-8.19207	768.983
23.1	772.642	-3.60346	769.038
23.12	765.515	3.58405	769.099
23.14	796.886	-27.8659	769.02
23.16	793.67	-24.6479	769.022
23.18	767.103	1.96708	769.07
23.2	785.075	-16.0805	768.994
23.22	777.807	-8.83904	768.968
23.24	760.326	8.66155	768.988
23.26	771.89	-2.91585	768.974
23.28	779.458	-10.4047	769.053
23.3	800.653	-31.6172	769.036
23.32	795.458	-26.4934	768.965
23.34	749.338	19.8053	769.143
23.36	785.494	-16.4812	769.012
23.38	783.726	-14.6788	769.047
23.4	785	-15.9459	769.054
23.42	798.884	-29.842	769.042
23.44	791.16	-22.1543	769.006
23.46	763.248	5.84176	769.089
23.48	783.797	-14.7896	769.008
23.5	791.996	-22.9727	769.024
23.52	799.057	-30.0351	769.022
23.54	785.949	-16.9874	768.961
23.56	781.679	-12.7407	768.938
23.58	800.352	-31.3745	768.978
23.6	762.004	6.95261	768.957
23.62	754.735	14.2425	768.977
23.64	787.257	-18.2797	768.977
23.66	795.868	-26.8214	769.047
23.68	805.434	-36.4103	769.024
23.7	787.674	-18.5891	769.085
23.72	773.281	-4.22732	769.054
23.74	757.876	11.2444	769.12
23.76	778.439	-9.35501	769.084
23.78	790.99	-21.8913	769.099
23.8	802.058	-32.919	769.139
23.82	812.796	-43.6757	769.12
23.84	806.357	-37.2838	769.073
23.86	794.502	-25.4323	769.07
23.88	793.685	-24.5847	769.101
23.9	796.087	-26.985	769.102
23.92	792.986	-23.8946	769.092
23.94	788.501	-19.414	769.087
23.96	785.228	-16.1837	769.044
23.98	791.522	-22.4287	769.093
24	809.517	-40.4929	769.024
24.02	804.955	-35.9514	769.003
24.04	766.45	2.61467	769.065
24.06	755.582	13.5327	769.114
24.08	804.114	-35.1168	768.997
24.1	794.809	-25.7916	769.017
24.12	772.674	-3.5825	769.091
24.14	780.775	-11.7944	768.98
24.16	761.705	7.27815	768.984
24.18	759.686	9.35145	769.037
24.2	780.773	-11.8531	768.919
24.22	765.876	3.12707	769.003
24.24	791.301	-22.3507	768.95
24.26	774.477	-5.41733	769.059
24.28	789.44	-20.4715	768.969
24.3	783.871	-14.9847	768.886
24.32	744.811	24.2366	769.048
24.34	797.935	-29.016	768.919
24.36	803.035	-34.0396	768.995
24.38	806.133	-37.1397	768.993
24.4	793.7	-24.6935	769.006
24.42	788.251	-19.249	769.002
24.44	799.771	-30.793	768.978
24.46	802.626	-33.5992	769.027
24.48	812.493	-43.5043	768.989
24.5	757.92	10.9599	768.88
24.52	781.468	-12.6171	768.85
24.54	755.442	13.6318	769.074
24.56	777.57	-8.55699	769.013
24.58	798.262	-29.266	768.996
24.6	779.647	-10.6885	768.958
24.62	766.403	2.56276	768.966
24.64	778.97	-9.92223	769.048
24.66	797.103	-28.109	768.994
24.68	792.77	-23.7091	769.061
24.7	806.967	-37.9285	769.038
24.72	800.692	-31.7103	768.982
24.74	765.962	3.12847	769.09
24.76	795.208	-26.1855	769.022
24.78	806.244	-37.2052	769.038
24.8	802.432	-33.3926	769.039
24.82	782.867	-13.8184	769.049
24.84	776.071	-7.03591	769.035
24.86	783.952	-14.8903	769.062
24.88	800.555	-31.536	769.019
24.9	807.343	-38.3972	768.946
24.92	775.076	-5.98445	769.092
24.94	806.698	-37.7139	768.984
24.96	804.95	-35.9127	769.037
24.98	797.59	-28.5587	769.032
25	780.178	-11.2337	768.944
25.02	751.175	17.9408	769.116
25.04	815.329	-46.3867	768.943
25.06	805.468	-36.5117	768.956
25.08	780.308	-11.3736	768.934
25.1	760.689	8.34976	769.039
25.12	805.223	-36.3046	768.918
25.14	796.329	-27.3969	768.932
25.16	764.252	4.77423	769.026
25.18	788.405	-19.5141	768.891
25.2	784.317	-15.3663	768.951
25.22	801.899	-32.9161	768.983
25.24	806.264	-37.2848	768.979
25.26	803.556	-34.5863	768.97
25.28	791.001	-22.0108	768.99
25.3	798.126	-29.1553	768.971
25.32	801.489	-32.5276	768.961
25.34	784.111	-15.1878	768.923
25.36	735.755	33.2786	769.034
25.38	759.704	9.21722	768.921
25.4	781.196	-12.2159	768.98
25.42	797.904	-28.9438	768.96
25.44	795.799	-26.8296	768.97
25.46	788.268	-19.2938	768.974
25.48	794.6	-25.631	768.969
25.5	814.04	-45.0407	769
25.52	807.734	-38.713	769.021
25.54	789.314	-20.2562	769.058
25.56	803.246	-34.2117	769.034
25.58	809.574	-40.5245	769.049
25.6	778.021	-8.95985	769.061
25.62	768.906	0.0466977	768.953
25.64	774.986	-5.99292	768.993
25.66	794.068	-25.0338	769.034
25.68	794.368	-25.3663	769.002
25.7	792.882	-23.8566	769.026
25.72	797.608	-28.6262	768.982
25.74	768.416	0.428346	768.844
25.76	772.624	-3.82134	768.803
25.78	781.619	-12.6555	768.964
25.8	789.133	-20.1638	768.969
25.82	770.903	-1.97027	768.932
25.84	767.482	1.47584	768.958
25.86	786.048	-17.0086	769.04
25.88	787.566	-18.4966	769.069
25.9	788.757	-19.7238	769.033
25.92	766.851	2.28276	769.134
25.94	801.043	-31.9991	769.044
25.96	804.118	-35.0654	769.053
25.98	790.265	-21.2303	769.035
26	769.995	-0.905975	769.089
26.02	795.549	-26.5688	768.98
26.04	778.498	-9.41275	769.085
26.06	799.925	-30.9268	768.998
26.08	801.194	-32.1761	769.018
26.1	799.647	-30.5812	769.066
26.12	794.353	-25.2598	769.093
26.14	791.777	-22.6703	769.107
26.16	797.645	-28.5395	769.106
26.18	781.447	-12.273	769.174
26.2	790.959	-21.8742	769.085
26.22	776.813	-7.64449	769.168
26.24	798.974	-29.8897	769.084
26.26	797.041	-27.9226	769.118
26.28	806.636	-37.5865	769.049
26.3	793.772	-24.71	769.062
26.32	770.35	-1.33258	769.017
26.34	774.56	-5.59085	768.969
26.36	794.382	-25.3752	769.007
26.38	798.341	-29.3104	769.031
26.4	808.169	-39.2048	768.964
26.42	793.891	-24.8795	769.011
26.44	798.306	-29.3307	768.975
26.46	788.58	-19.5585	769.021
26.48	783.637	-14.6015	769.035
26.5	773.583	-4.49202	769.091
26.52	793.65	-24.6589	768.991
26.54	791.675	-22.6287	769.046
26.56	803.276	-34.2584	769.018
26.58	801.959	-32.9764	768.983
26.6	768.226	0.893869	769.12
26.62	804.239	-35.2854	768.953
26.64	804.506	-35.5269	768.979
26.66	783.143	-14.2016	768.941
26.68	778.085	-9.12517	768.96
26.7	803.4	-34.4484	768.951
26.72	784.476	-15.4619	769.014
26.74	746.988	22.0559	769.044
26.76	754.285	14.7253	769.011
26.78	780.628	-11.6102	769.018
26.8	797.644	-28.6347	769.009
26.82	787.005	-17.9753	769.03
26.84	789.154	-20.0854	769.068
26.86	808.99	-39.9296	769.061
26.88	794.818	-25.7446	769.073
26.9	799.642	-30.5918	769.05
26.92	800.829	-31.769	769.06
26.94	788.946	-19.8467	769.099
26.96	792.712	-23.6464	769.066
26.98	803.345	-34.2773	769.068
27	797.338	-28.254	769.084
27.02	769.1	0.0412014	769.141
27.04	777.562	-8.49438	769.068
27.06	770.536	-1.34438	769.191
27.08	791.49	-22.4028	769.087
27.1	796.752	-27.6603	769.092
27.12	787.391	-18.3014	769.089
27.14	791.375	-22.3003	769.074
27.16	797.577	-28.4787	769.098
27.18	776.776	-7.7282	769.048
27.2	726.008	43.1926	769.2
27.22	784.65	-15.5965	769.053
27.24	775.257	-6.14974	769.107
27.26	796.796	-27.7546	769.041
27.28	801.164	-32.1616	769.003
27.3	766.861	2.26397	769.125
27.32	794.519	-25.498	769.021
27.34	777.554	-8.56744	768.987
27.36	746.967	22.0706	769.037
27.38	775.089	-6.12608	768.963
27.4	796.141	-27.1622	768.979
27.42	808.35	-39.3453	769.004
27.44	786.997	-17.9334	769.064
27.46	803.53	-34.5048	769.025
27.48	803.43	-34.3918	769.038
27.5	784.908	-15.8595	769.048
27.52	781.154	-12.1443	769.01
27.54	763.094	5.94239	769.037
27.56	783.718	-14.722	768.996
27.58	800.433	-31.3511	769.082
27.6	809.309	-40.252	769.057
27.62	797.675	-28.6243	769.05
27.64	772.24	-3.16596	769.074
27.66	790.447	-21.4209	769.026
27.68	789.601	-20.6052	768.996
27.7	774.695	-5.66404	769.031
27.72	788.966	-19.9981	768.968
27.74	775.79	-6.72306	769.067
27.76	788.872	-19.9423	768.929
27.78	781.042	-12.0593	768.983
27.8	805.872	-36.8064	769.065
27.82	808.729	-39.6435	769.086
27.84	804.724	-35.6309	769.093
27.86	796.598	-27.5542	769.044
27.88	763.153	5.99988	769.153
27.9	777.455	-8.42372	769.031
27.92	785.935	-16.8909	769.044
27.94	798.552	-29.5077	769.045
27.96	796.2	-27.1751	769.025
27.98	781.18	-12.1278	769.052
28	779.483	-10.4301	769.053
28.02	793.31	-24.2703	769.04
28.04	799.627	-30.5579	769.069
28.06	802.246	-33.2269	769.019
28.08	789.189	-20.155	769.034
28.1	775.629	-6.54347	769.086
28.12	802.366	-33.3812	768.985
28.14	780.331	-11.2413	769.089
28.16	792.657	-23.6681	768.989
28.18	773.158	-4.11685	769.042
28.2	772.804	-3.74638	769.058
28.22	789.383	-20.3174	769.065
28.24	792.127	-23.0081	769.119
28.26	812.998	-43.9331	769.065
28.28	804.525	-35.4341	769.091
28.3	794.968	-25.8959	769.072
28.32	797.731	-28.6661	769.065
28.34	803.603	-34.5406	769.063
28.36	807.112	-38.0615	769.051
28.38	811.229	-42.2046	769.025
28.4	806.649	-37.6314	769.018
28.42	799.522	-30.5013	769.021
28.44	801.327	-32.3231	769.004
28.46	806.168	-37.1737	768.994
28.48	775.036	-6.06967	768.966
28.5	790.434	-21.4741	768.96
28.52	797.795	-28.7925	769.003
28.54	784.626	-15.5342	769.091
28.56	796.385	-27.3709	769.014
28.58	767.45	1.64829	769.098
28.6	785.17	-16.2059	768.964
28.62	778.536	-9.527	769.009
28.64	790.956	-21.9418	769.014
28.66	801.257	-32.2912	768.966
28.68	794.448	-25.4012	769.047
28.7	789.628	-20.6324	768.996
28.72	786.934	-17.8919	769.042
28.74	798.279	-29.2153	769.063
28.76	797.372	-28.3165	769.055
28.78	783.102	-14.0575	769.045
28.8	781.761	-12.7176	769.043
28.82	805.087	-36.0685	769.019
28.84	809.398	-40.3467	769.052
28.86	807.268	-38.2299	769.038
28.88	802.03	-33.0076	769.022
28.9	783.047	-13.9795	769.067
28.92	787.24	-18.1903	769.05
28.94	799.141	-30.0593	769.082
28.96	801.584	-32.4958	769.089
28.98	810.687	-41.6461	769.041
29	791.671	-22.7886	768.882
29.02	785.525	-16.6403	768.885
29.04	783.814	-14.7552	769.059
29.06	785.667	-16.6284	769.039
29.08	788.693	-19.6067	769.087
29.1	785.784	-16.6552	769.129
29.12	801.11	-32.0497	769.061
29.14	808.268	-39.1946	769.073
29.16	810.381	-41.3384	769.043
29.18	810.332	-41.2769	769.056
29.2	802.459	-33.4216	769.038
29.22	791.803	-22.788	769.015
29.24	795.376	-26.3822	768.994
29.26	796.723	-27.6954	769.028
29.28	796.885	-27.8572	769.027
29.3	800.48	-31.4412	769.039
29.32	805.427	-36.3723	769.055
29.34	796.229	-27.174	769.055
29.36	784.929	-15.8708	769.058
29.38	791.708	-22.6916	769.016
29.4	801.32	-32.3181	769.002
29.42	792.311	-23.2537	769.058
29.44	792.894	-23.8371	769.057
29.46	802.671	-33.5884	769.083
29.48	803.561	-34.6325	768.929
29.5	779.122	-10.2164	768.905
29.52	794.037	-24.9613	769.076
29.54	806.67	-37.6171	769.053
29.56	799.01	-29.9516	769.059
29.58	785.428	-16.3811	769.047
29.6	785.6	-16.5666	769.034
29.62	795.572	-26.538	769.034
29.64	787.158	-18.0686	769.089
29.66	793.271	-24.2815	768.99
29.68	779.094	-10.1204	768.974
29.7	745.002	24.1035	769.105
29.72	798.029	-29.0237	769.005
29.74	802.878	-33.8573	769.02
29.76	777.168	-8.14166	769.026
29.78	762.109	6.9404	769.05
29.8	792.809	-23.8224	768.986
29.82	799.234	-30.1458	769.088
29.84	811.892	-42.853	769.039
29.86	788.754	-19.6377	769.117
29.88	797.791	-28.7449	769.046
29.9	800.256	-31.231	769.025
29.92	794.408	-25.3815	769.026
29.94	804.642	-35.628	769.014
29.96	788.557	-19.5606	768.996
29.98	761.307	7.71594	769.023
30	782.097	-13.1573	768.94
30.02	791.661	-22.6398	769.021
30.04	800.619	-31.6445	768.975
30.06	787.857	-18.967	768.89
30.08	775.779	-6.86852	768.91
30.1	805.885	-36.8938	768.991
30.12	810.015	-41.0176	768.998
30.14	790.375	-21.3644	769.011
30.16	768.093	0.861175	768.954
30.18	780.781	-11.8758	768.905
30.2	789.917	-20.9812	768.936
30.22	795.157	-26.1759	768.981
30.24	795.298	-26.3723	768.925
30.26	789.405	-20.5039	768.901
30.28	787.756	-18.8487	768.908
30.3	789.538	-20.6901	768.848
30.32	793.405	-24.5009	768.904
30.34	790.073	-21.0964	768.976
30.36	794.438	-25.4862	768.952
30.38	793.611	-24.6707	768.94
30.4	767.495	1.42591	768.921
30.42	770.074	-1.22339	768.85
30.44	726.52	42.4108	768.931
30.46	762.7	6.10191	768.802
30.48	794.89	-25.9821	768.908
30.5	783.332	-14.3781	768.954
30.52	786.742	-17.7686	768.974
30.54	797.462	-28.5218	768.941
30.56	772.851	-3.84138	769.01
30.58	788.862	-19.8511	769.01
30.6	778.304	-9.28408	769.02
30.62	770.564	-1.56238	769.002
30.64	781.763	-12.7553	769.008
30.66	793.983	-24.9085	769.075
30.68	805.804	-36.7611	769.043
30.7	807.314	-38.2681	769.046
30.72	799.685	-30.6669	769.018
30.74	787.224	-18.1552	769.069
30.76	788.903	-19.8269	769.077
30.78	794.274	-25.2462	769.028
30.8	740.273	28.7845	769.057
30.82	731.157	37.7079	768.865
30.84	776.974	-7.97772	768.996
30.86	781.293	-12.2655	769.028
30.88	785.572	-16.5561	769.016
30.9	784.014	-14.9665	769.047
30.92	784.789	-15.748	769.041
30.94	787.416	-18.3478	769.068
30.96	781.589	-12.4966	769.092
30.98	786.566	-17.4735	769.092
31	791.124	-22.0714	769.053
31.02	785.59	-16.5051	769.085
31.04	788.683	-19.6728	769.01
31.06	763.634	5.37288	769.007
31.08	790.112	-21.0302	769.081
31.1	783.574	-14.5131	769.061
31.12	773.794	-4.704	769.09
31.14	780.068	-10.9966	769.072
31.16	796.796	-27.7085	769.088
31.18	800.914	-31.8178	769.096
31.2	809.736	-40.6177	769.118
31.22	808.163	-39.0794	769.084
31.24	795.53	-26.435	769.095
31.26	760.692	8.43194	769.124
31.28	783.263	-14.1996	769.063
31.3	767.682	1.3736	769.055
31.32	753.067	15.9716	769.038
31.34	761.121	7.93811	769.059
31.36	779.556	-10.5098	769.046
31.38	803.942	-34.9199	769.022
31.4	805.104	-36.0594	769.045
31.42	807.439	-38.4469	768.992
31.44	791.155	-22.1471	769.008
31.46	796.016	-27.0148	769.002
31.48	805.449	-36.4715	768.977
31.5	792.97	-23.9299	769.041
31.52	793.235	-24.2572	768.978
31.54	784.31	-15.2885	769.022
31.56	777.428	-8.44119	768.987
31.58	794.367	-25.4364	768.93
31.6	783.338	-14.341	768.997
31.62	772.959	-3.96486	768.994
31.64	795.014	-26.0932	768.921
31.66	763.776	5.05465	768.831
31.68	781.01	-12.1576	768.852
31.7	799.713	-30.7547	768.958
31.72	780.38	-11.3642	769.015
31.74	791.775	-22.7723	769.002
31.76	815.739	-46.6839	769.055
31.78	808.683	-39.6246	769.058
31.8	794.198	-25.1586	769.04
31.82	790.098	-21.0672	769.03
31.84	801.108	-32.0913	769.017
31.86	797.106	-28.0927	769.014
31.88	798.518	-29.5103	769.007
31.9	809.97	-40.9407	769.029
31.92	810.769	-41.7344	769.035
31.94	791.5	-22.4795	769.02
31.96	768.983	0.0213018	769.004
31.98	772.888	-3.91097	768.977
32	771.943	-2.8223	769.121
32.02	787.217	-18.1706	769.047
32.04	775.069	-6.02455	769.044
32.06	791.053	-22.0021	769.051
32.08	802.462	-33.4509	769.011
32.1	773.559	-4.45119	769.108
32.12	763.346	5.76561	769.112
32.14	769.831	-0.810607	769.021
32.16	761.868	7.25507	769.123
32.18	798.669	-29.6605	769.009
32.2	806.269	-37.2228	769.046
32.22	798.863	-29.8903	768.973
32.24	787.19	-18.1931	768.996
32.26	800.286	-31.267	769.019
32.28	794.374	-25.3356	769.038
32.3	789.856	-20.7904	769.065
32.32	795.371	-26.3691	769.002
32.34	797.013	-28.0361	768.977
32.36	777.727	-8.6592	769.068
32.38	803.09	-34.0794	769.011
32.4	805.289	-36.2646	769.025
32.42	793.065	-24.027	769.038
32.44	776.136	-7.01158	769.125
32.46	796.178	-27.1971	768.981
32.48	777.474	-8.4634	769.01
32.5	790.021	-21.051	768.971
32.52	814.367	-45.4048	768.962
32.54	794.383	-25.5527	768.83
32.56	764.745	4.17415	768.919
32.58	800.959	-32.0518	768.908
32.6	806.249	-37.2991	768.95
32.62	802.67	-33.7114	768.958
32.64	797.688	-28.7188	768.969
32.66	797.847	-28.9249	768.922
32.68	789.476	-20.5467	768.93
32.7	798.231	-29.3332	768.898
32.72	800.506	-31.5627	768.943
32.74	790.793	-21.8501	768.943
32.76	803.872	-34.9668	768.905
32.78	807.702	-38.7436	768.959
32.8	798.753	-29.7702	768.983
32.82	784.276	-15.3532	768.923
32.84	778.191	-9.22883	768.963
32.86	800.56	-31.6112	768.948
32.88	802.834	-33.8842	768.95
32.9	791.95	-22.9702	768.98
32.92	804.95	-35.9934	768.957
32.94	802.313	-33.3592	768.954
32.96	789.018	-20.0186	769
32.98	800.964	-32.0108	768.953
33	794.329	-25.4112	768.918
33.02	795.607	-26.7169	768.89
33.04	774.733	-5.71815	769.015
33.06	777.258	-8.32212	768.936
33.08	773.952	-5.00628	768.946
33.1	796.257	-27.3951	768.862
33.12	777.548	-8.65687	768.891
33.14	779.444	-10.5972	768.847
33.16	809.123	-40.1512	768.971
33.18	811.782	-42.7973	768.984
33.2	803.832	-34.8744	768.957
33.22	779.71	-10.7012	769.009
33.24	798.598	-29.5797	769.019
33.26	812.985	-44.0188	768.966
33.28	783.12	-14.1523	768.968
33.3	754.237	14.7762	769.013
33.32	787.061	-18.1522	768.909
33.34	767.236	1.68666	768.923
33.36	785.626	-16.7448	768.881
33.38	795.475	-26.5127	768.962
33.4	761.553	7.5081	769.061
33.42	784.003	-15.0236	768.98
33.44	808.717	-39.6939	769.023
33.46	813.766	-44.7353	769.031
33.48	805.507	-36.4636	769.044
33.5	795.074	-26.0872	768.986
33.52	772.413	-3.42006	768.993
33.54	783.373	-14.4033	768.97
33.56	796.197	-27.2175	768.979
33.58	808.062	-39.1456	768.916
33.6	811.246	-42.332	768.914
33.62	791.329	-22.3335	768.995
33.64	791.141	-22.2234	768.918
33.66	768.381	0.613338	768.994
33.68	774.338	-5.37668	768.961
33.7	757.508	11.4634	768.971
33.72	779.745	-10.9065	768.838
33.74	767.352	1.61596	768.968
33.76	786.967	-18.0068	768.96
33.78	786.662	-17.7532	768.909
33.8	796.733	-27.8411	768.892
33.82	801.22	-32.2783	768.942
33.84	770.418	-1.41745	769.001
33.86	789.752	-20.8222	768.93
33.88	797.285	-28.2594	769.025
33.9	800.02	-31.017	769.003
33.92	798.359	-29.3533	769.005
33.94	796.113	-27.1462	768.967
33.96	785.711	-16.7224	768.989
33.98	783.985	-15.0288	768.956
34	791.417	-22.5054	768.912
34.02	771.763	-2.73939	769.023
34.04	777.397	-8.43355	768.964
34.06	791.03	-22.085	768.945
34.08	797.422	-28.4234	768.999
34.1	785.264	-16.2085	769.056
34.12	796.205	-27.1927	769.013
34.14	789.921	-20.9446	768.977
34.16	756.521	12.5354	769.056
34.18	776.295	-7.28317	769.012
34.2	800.701	-31.7482	768.953
34.22	781.743	-12.6678	769.075
34.24	806.862	-37.855	769.007
34.26	809.97	-40.9622	769.008
34.28	771.978	-2.97026	769.007
34.3	758.888	10.1046	768.992
34.32	793.344	-24.3311	769.013
34.34	817.419	-48.3754	769.044
34.36	819.091	-50.0477	769.044
34.38	796.067	-27.0377	769.03
34.4	776.222	-7.19946	769.023
34.42	790.761	-21.7231	769.038
34.44	801.311	-32.3342	768.977
34.46	800.916	-31.9212	768.995
34.48	806.271	-37.2404	769.03
34.5	771.166	-2.13597	769.03
34.52	761.875	7.16204	769.037
34.54	788.131	-19.1026	769.028
34.56	791.29	-22.2729	769.017
34.58	797.822	-28.8224	768.999
34.6	758.284	10.8185	769.102
34.62	789.831	-20.8727	768.959
34.64	803.046	-34.0509	768.995
34.66	788.431	-19.4003	769.031
34.68	796.215	-27.279	768.936
34.7	776.998	-8.00729	768.99
34.72	753.928	14.9067	768.835
34.74	780.113	-11.3359	768.777
34.76	803.917	-34.9716	768.945
34.78	793.638	-24.6647	768.973
34.8	788.418	-19.4847	768.934
34.82	788.21	-19.3204	768.889
34.84	779.874	-10.9311	768.943
34.86	795.9	-26.9827	768.917
34.88	787.431	-18.543	768.888
34.9	764.947	4	768.947
34.92	776.576	-7.65757	768.918
34.94	769.799	-0.805465	768.994
34.96	799.742	-30.8342	768.908
34.98	791.355	-22.5215	768.833
35	756.65	12.3794	769.03
35.02	794.11	-25.1639	768.946
35.04	770.643	-1.70529	768.938
35.06	740.662	28.205	768.867
35.08	780.59	-11.6893	768.901
35.1	810.953	-41.9677	768.986
35.12	802.601	-33.6123	768.988
35.14	792.78	-23.8037	768.976
35.16	772.968	-4.03118	768.937
35.18	742.963	26.0379	769.001
35.2	772.643	-3.64069	769.002
35.22	806.667	-37.7045	768.962
35.24	796.4	-27.4236	768.977
35.26	795.683	-26.7758	768.907
35.28	782.468	-13.506	768.962
35.3	801.519	-32.6204	768.899
35.32	806.144	-37.2154	768.928
35.34	803.444	-34.5003	768.944
35.36	795.403	-26.4523	768.951
35.38	773.759	-4.80567	768.953
35.4	782.355	-13.3892	768.966
35.42	808.284	-39.3498	768.934
35.44	807.752	-38.7753	768.977
35.46	810.067	-41.0933	768.974
35.48	813.55	-44.5797	768.97
35.5	802.731	-33.768	768.963
35.52	777.143	-8.13757	769.005
35.54	784.683	-15.7272	768.956
35.56	781.719	-12.7507	768.968
35.58	782.582	-13.5605	769.021
35.6	802.148	-33.192	768.956
35.62	788.683	-19.6392	769.044
35.64	796.303	-27.3223	768.981
35.66	784.481	-15.4852	768.995
35.68	785.866	-16.9018	768.964
35.7	778.255	-9.25599	768.999
35.72	789.011	-20.0507	768.96
35.74	805.779	-36.8496	768.929
35.76	810.497	-41.5439	768.953
35.78	811.595	-42.6671	768.928
35.8	796.028	-27.0226	769.005
35.82	798.928	-29.9684	768.96
35.84	798.244	-29.3	768.944
35.86	774.823	-5.79669	769.026
35.88	784.152	-15.1978	768.954
35.9	778.504	-9.45778	769.046
35.92	803.381	-34.4152	768.965
35.94	790.383	-21.3631	769.02
35.96	780.173	-11.2662	768.907
35.98	747.691	21.2164	768.907
36	734.776	34.2836	769.06
36.02	807.748	-38.8091	768.939
36.04	792.896	-23.899	768.997
36.06	784.873	-15.8674	769.006
36.08	795.448	-26.4607	768.987
36.1	800.841	-31.8541	768.987
36.12	798.148	-29.1541	768.994
36.14	791.576	-22.5441	769.032
36.16	790.207	-21.1952	769.012
36.18	786.132	-17.0725	769.06
36.2	807.777	-38.7854	768.992
36.22	799.831	-30.812	769.019
36.24	790.126	-21.1322	768.994
36.26	775.451	-6.44407	769.007
36.28	780.107	-11.0616	769.046
36.3	802.197	-33.2016	768.996
36.32	779.13	-10.0848	769.045
36.34	787.862	-18.8175	769.044
36.36	796.202	-27.1509	769.051
36.38	802.722	-33.6432	769.079
36.4	805.205	-36.1642	769.041
36.42	770.025	-0.954764	769.071
36.44	790.601	-21.6072	768.994
36.46	802.194	-33.092	769.102
36.48	803.5	-34.441	769.059
36.5	800.22	-31.1293	769.09
36.52	802.486	-33.4022	769.084
36.54	810.517	-41.4535	769.063
36.56	799.805	-30.771	769.034
36.58	768.826	0.276221	769.102
36.6	771.186	-2.12149	769.065
36.62	788.774	-19.7929	768.981
36.64	790.418	-21.3865	769.032
36.66	796.655	-27.6519	769.003
36.68	793.261	-24.2292	769.032
36.7	784.383	-15.3545	769.028
36.72	778.229	-9.26104	768.968
36.74	778.276	-9.26325	769.012
36.76	819.271	-50.27	769.001
36.78	822.584	-53.5758	769.008
36.8	817.405	-48.3998	769.005
36.82	814.893	-45.9021	768.991
36.84	802.746	-33.7678	768.978
36.86	785.308	-16.2852	769.023
36.88	796.82	-27.8168	769.003
36.9	786.123	-17.0884	769.034
36.92	788.336	-19.3386	768.998
36.94	794.254	-25.2464	769.007
36.96	790.963	-21.9101	769.053
36.98	798.593	-29.5331	769.06
37	807.928	-38.901	769.027
37.02	816.22	-47.2083	769.012
37.04	812.906	-43.9145	768.992
37.06	799.609	-30.5577	769.051
37.08	810.336	-41.3139	769.022
37.1	818.711	-49.6988	769.012
37.12	816.307	-47.3021	769.005
37.14	800.21	-31.1789	769.031
37.16	786.045	-17.0518	768.993
37.18	780.02	-11.0442	768.976
37.2	802.916	-33.9638	768.952
37.22	799.729	-30.7433	768.985
37.24	800.609	-31.6637	768.945
37.26	786.064	-17.0564	769.008
37.28	795.992	-27.0139	768.978
37.3	794.471	-25.4697	769.002
37.32	792.986	-24.0002	768.985
37.34	779.648	-10.5879	769.06
37.36	793.566	-24.5906	768.975
37.38	773.536	-4.50874	769.027
37.4	784.691	-15.8477	768.843
37.42	732.433	36.5874	769.02
37.44	788.884	-19.9479	768.936
37.46	791.101	-22.1066	768.994
37.48	791.236	-22.2149	769.021
37.5	796.625	-27.5901	769.035
37.52	806.291	-37.2911	769
37.54	790.905	-21.8984	769.007
37.56	797.827	-28.9245	768.902
37.58	795.344	-26.3753	768.969
37.6	782.864	-13.9719	768.892
37.62	749.363	19.5849	768.948
37.64	777.772	-8.93672	768.836
37.66	778.821	-9.90127	768.919
37.68	797.809	-28.9192	768.89
37.7	777.005	-8.0654	768.94
37.72	769.322	-0.384972	768.937
37.74	791.748	-22.8402	768.907
37.76	778.836	-9.84854	768.987
37.78	724.558	44.5427	769.101
37.8	783.6	-14.6517	768.948
37.82	781.348	-12.2666	769.082
37.84	796.537	-27.4912	769.046
37.86	788.046	-18.966	769.08
37.88	791.757	-22.6882	769.069
37.9	803.392	-34.3666	769.026
37.92	797.01	-27.9806	769.029
37.94	799.271	-30.2574	769.013
37.96	797.825	-28.8862	768.939
37.98	769.928	-0.89383	769.034
38	793.313	-24.2803	769.033
38.02	796.615	-27.5707	769.044
38.04	795.601	-26.5903	769.011
38.06	776.598	-7.57171	769.027
38.08	780.143	-11.1367	769.006
38.1	793.305	-24.294	769.011
38.12	788.864	-19.8503	769.014
38.14	779.244	-10.3699	768.874
38.16	767.524	1.33832	768.863
38.18	772.214	-3.27297	768.941
38.2	776.575	-7.59325	768.982
38.22	780.362	-11.4206	768.941
38.24	783.396	-14.4584	768.938
38.26	793.314	-24.4503	768.863
38.28	766.046	2.94732	768.993
38.3	804.343	-35.4066	768.937
38.32	802.579	-33.6075	768.971
38.34	795.132	-26.3935	768.739
38.36	770.188	-1.44881	768.739
38.38	773.542	-4.62756	768.915
38.4	751.916	16.9618	768.878
38.42	732.601	36.4027	769.004
38.44	781.434	-12.5775	768.857
38.46	779.752	-10.7915	768.96
38.48	787.795	-18.8706	768.924
38.5	780.289	-11.3865	768.902
38.52	756.206	12.8397	769.045
38.54	804.459	-35.5444	768.915
38.56	813.684	-44.741	768.943
38.58	802.493	-33.5667	768.926
38.6	789.114	-20.2165	768.897
38.62	765.949	3.02872	768.978
38.64	777.413	-8.4943	768.919
38.66	793.06	-24.139	768.921
38.68	780.445	-11.5564	768.889
38.7	739.682	29.2491	768.931
38.72	783.554	-14.6721	768.882
38.74	773.306	-4.42346	768.883
38.76	761.864	7.04317	768.908
38.78	756.91	12.1447	769.055
38.8	798.51	-29.5865	768.924
38.82	798.912	-29.9084	769.004
38.84	800.54	-31.5775	768.962
38.86	769.199	-0.0782335	769.121
38.88	800.492	-31.4987	768.994
38.9	802.973	-33.9288	769.044
38.92	801.264	-32.2133	769.051
38.94	793.699	-24.6472	769.052
38.96	799.846	-30.8326	769.013
38.98	793.626	-24.5603	769.066
39	797.257	-28.2248	769.032
39.02	789.674	-20.5971	769.076
39.04	773.297	-4.24274	769.054
39.06	779.052	-10.0489	769.003
39.08	787.769	-18.7166	769.052
39.1	781.157	-12.1012	769.056
39.12	792.985	-23.9668	769.018
39.14	795.659	-26.6356	769.024
39.16	788.975	-19.9056	769.07
39.18	788.39	-19.2842	769.106
39.2	811.778	-42.712	769.066
39.22	813.467	-44.4336	769.034
39.24	797.494	-28.4536	769.04
39.26	789.858	-20.7908	769.067
39.28	791.276	-22.2577	769.019
39.3	786.822	-17.748	769.074
39.32	802.934	-33.9172	769.017
39.34	795.928	-26.8649	769.064
39.36	802.173	-33.1892	768.983
39.38	765.491	3.61595	769.107
39.4	787.526	-18.5735	768.952
39.42	785.887	-16.8813	769.005
39.44	797.054	-28.0956	768.958
39.46	792.27	-23.2886	768.981
39.48	788.594	-19.6318	768.962
39.5	790.953	-22.0255	768.927
39.52	787.839	-18.9047	768.934
39.54	778.401	-9.38905	769.012
39.56	798.044	-29.0783	768.966
39.58	817.438	-48.4805	768.957
39.6	806.655	-37.6842	768.97
39.62	789.307	-20.3431	768.964
39.64	774.362	-5.33776	769.025
39.66	786.082	-17.0707	769.011
39.68	792.051	-22.9833	769.067
39.7	808.398	-39.3477	769.05
39.72	800.632	-31.6414	768.991
39.74	768.595	0.461107	769.056
39.76	794.504	-25.4709	769.034
39.78	798.642	-29.57	769.072
39.8	799.671	-30.6194	769.052
39.82	798.166	-29.1054	769.061
39.84	800.364	-31.3206	769.044
39.86	800.372	-31.3551	769.017
39.88	797.061	-28.008	769.053
39.9	802.277	-33.2585	769.019
39.92	798.364	-29.3491	769.014
39.94	786.5	-17.4335	769.067
39.96	796.757	-27.7397	769.017
39.98	802.636	-33.678	768.958
40	778.853	-9.84422	769.009
40.02	764.354	4.55588	768.909
40.04	778.45	-9.52524	768.924
40.06	807.374	-38.3532	769.02
40.08	800.602	-31.5768	769.025
40.1	782.794	-13.7541	769.04
40.12	789.055	-20.0352	769.02
40.14	794.359	-25.3877	768.972
40.16	779.683	-10.6819	769.002
40.18	776.672	-7.68382	768.988
40.2	772.637	-3.6375	768.999
40.22	793.61	-24.6239	768.986
40.24	816.702	-47.6929	769.009
40.26	818.508	-49.5019	769.006
40.28	818.513	-49.5094	769.004
40.3	812.306	-43.2757	769.03
40.32	783.197	-14.114	769.083
40.34	784.452	-15.4637	768.989
40.36	777.864	-8.82773	769.036
40.38	798.988	-29.9947	768.993
40.4	799.841	-30.8473	768.993
40.42	778.132	-9.15916	768.972
40.44	762.408	6.58141	768.989
40.46	777.854	-8.85649	768.998
40.48	811.27	-42.3202	768.95
40.5	812.221	-43.2555	768.965
40.52	781.579	-12.7852	768.794
40.54	760.123	8.67632	768.799
40.56	794.511	-25.5396	768.971
40.58	805.489	-36.5465	768.943
40.6	801.433	-32.5207	768.913
40.62	771.637	-2.59805	769.039
40.64	779.648	-10.7008	768.947
40.66	787.686	-18.72	768.966
40.68	817.133	-48.2135	768.919
40.7	798.334	-29.4022	768.931
40.72	774.842	-5.81281	769.03
40.74	790.775	-21.8936	768.881
40.76	757.483	11.5013	768.984
40.78	766.692	2.23841	768.93
40.8	791.232	-22.3247	768.908
40.82	772.948	-4.0192	768.929
40.84	746.837	22.1016	768.938
40.86	784.688	-15.7958	768.892
40.88	792.866	-23.8869	768.979
40.9	800.23	-31.3037	768.927
40.92	773.462	-4.40976	769.052
40.94	775.301	-6.2885	769.013
40.96	779.762	-10.8036	768.958
40.98	788.702	-19.7229	768.979
41	804.751	-35.756	768.995
41.02	804.463	-35.4426	769.021
41.04	804.508	-35.5192	768.989
41.06	785.812	-16.8042	769.008
41.08	794.361	-25.3985	768.963
41.1	789.16	-20.2261	768.934
41.12	758.963	10.0834	769.047
41.14	788.188	-19.202	768.986
41.16	808.714	-39.7497	768.964
41.18	801.533	-32.4978	769.036
41.2	802.367	-33.3704	768.997
41.22	794.295	-25.254	769.041
41.24	796.214	-27.1963	769.018
41.26	770.995	-2.0056	768.989
41.28	784.184	-15.2065	768.978
41.3	793.522	-24.4962	769.025
41.32	788.474	-19.4182	769.056
41.34	801.35	-32.3576	768.993
41.36	779.612	-10.544	769.067
41.38	795.77	-26.8046	768.965
41.4	783.743	-14.7157	769.027
41.42	795.15	-26.1374	769.013
41.44	790.791	-21.7642	769.027
41.46	791.784	-22.744	769.04
41.48	795.674	-26.618	769.056
41.5	792.389	-23.3664	769.023
41.52	797.225	-28.26	768.965
41.54	791.621	-22.659	768.962
41.56	759.396	9.61934	769.015
41.58	779.823	-10.878	768.946
41.6	804.274	-35.3438	768.93
41.62	805.844	-36.8718	768.972
41.64	800.586	-31.613	768.973
41.66	802.568	-33.6126	768.955
41.68	786.525	-17.5472	768.978
41.7	794.009	-25.0697	768.94
41.72	789.454	-20.4684	768.986
41.74	778.131	-9.16018	768.971
41.76	780.557	-11.5854	768.972
41.78	777.062	-8.11956	768.942
41.8	755.922	13.0622	768.985
41.82	766.904	2.04085	768.945
41.84	788.656	-19.7264	768.929
41.86	799.942	-30.9977	768.944
41.88	800.831	-31.8675	768.964
41.9	804.433	-35.4571	768.976
41.92	769.441	-0.510909	768.93
41.94	751.548	17.4177	768.966
41.96	792.874	-23.9214	768.953
41.98	805.741	-36.7681	768.973
42	793.869	-24.8632	769.006
42.02	785.906	-16.9212	768.984
42.04	772.292	-3.29929	768.993
42.06	784.322	-15.3428	768.979
42.08	792.593	-23.6142	768.979
42.1	792.15	-23.2017	768.948
42.12	756.749	12.2792	769.028
42.14	774.654	-5.75176	768.902
42.16	773.288	-4.35877	768.929
42.18	780.98	-12.083	768.897
42.2	795.31	-26.3589	768.952
42.22	802.64	-33.6524	768.988
42.24	798.575	-29.5536	769.021
42.26	804.053	-35.0791	768.973
42.28	795.52	-26.5055	769.014
42.3	781.225	-12.1492	769.075
42.32	789.429	-20.3378	769.092
42.34	803.447	-34.3898	769.057
42.36	803.797	-34.7508	769.046
42.38	788.627	-19.549	769.078
42.4	788.545	-19.5118	769.033
42.42	790.735	-21.7126	769.022
42.44	776.7	-7.71833	768.981
42.46	769.494	-0.496997	768.997
42.48	786.616	-17.5902	769.026
42.5	791.426	-22.3989	769.027
42.52	776.26	-7.21246	769.048
42.54	776.755	-7.91109	768.844
42.56	795.593	-26.7389	768.854
42.58	810.179	-41.1795	769
42.6	793.693	-24.7064	768.987
42.62	778.33	-9.32685	769.004
42.64	782.493	-13.4995	768.993
42.66	773.53	-4.47526	769.054
42.68	788.434	-19.4963	768.937
42.7	757.251	11.6641	768.915
42.72	769.485	-0.457271	769.027
42.74	797.871	-28.8533	769.018
42.76	790.538	-21.4688	769.07
42.78	798.494	-29.4498	769.044
42.8	782.319	-13.2628	769.057
42.82	778.907	-9.87285	769.034
42.84	786.842	-17.8001	769.042
42.86	803.027	-34.0173	769.01
42.88	801.675	-32.6164	769.058
42.9	795.176	-26.1085	769.067
42.92	799.762	-30.7179	769.044
42.94	805.354	-36.308	769.046
42.96	798.044	-29.0089	769.035
42.98	761.317	7.77136	769.088
43	774.609	-5.57573	769.034
43.02	784.398	-15.3575	769.04
43.04	800.769	-31.76	769.009
43.06	788.109	-19.0596	769.049
43.08	771.423	-2.43647	768.986
43.1	771.69	-2.68789	769.002
43.12	798.877	-29.9156	768.961
43.14	786.493	-17.4441	769.049
43.16	795.529	-26.5026	769.026
43.18	798.741	-29.7472	768.994
43.2	770.83	-1.76968	769.061
43.22	779.803	-10.8295	768.974
43.24	772.482	-3.46768	769.014
43.26	790.714	-21.7156	768.998
43.28	796.08	-27.0739	769.006
43.3	761.643	7.52985	769.173
43.32	803.953	-34.9197	769.033
43.34	803.498	-34.402	769.096
43.36	785.11	-15.9494	769.161
43.38	798.539	-29.4226	769.116
43.4	807.433	-38.3316	769.101
43.42	799.388	-30.2864	769.102
43.44	767.595	1.56765	769.163
43.46	799.239	-30.1912	769.048
43.48	795.257	-26.1822	769.074
43.5	795.429	-26.3975	769.032
43.52	777.186	-8.08756	769.099
43.54	784.935	-15.8965	769.038
43.56	795.664	-26.6057	769.058
43.58	803.081	-34.0618	769.019
43.6	798.543	-29.5249	769.018
43.62	809.116	-40.1207	768.996
43.64	798.847	-29.9011	768.946
43.66	764.334	4.72537	769.059
43.68	792.737	-23.7849	768.952
43.7	787.118	-18.1753	768.943
43.72	758.818	10.1356	768.954
43.74	771.827	-2.88395	768.943
43.76	800.225	-31.2444	768.98
43.78	807.447	-38.4483	768.999
43.8	791.587	-22.6067	768.98
43.82	782.448	-13.5079	768.94
43.84	793.442	-24.4984	768.943
43.86	788.276	-19.2554	769.02
43.88	792.986	-24.0647	768.922
43.9	792.787	-23.8336	768.953
43.92	795.773	-26.8396	768.933
43.94	778.121	-9.16561	768.955
43.96	776.779	-7.8399	768.939
43.98	779.947	-10.9947	768.952
44	800.254	-31.3203	768.934
44.02	806.8	-37.8343	768.966
44.04	791.919	-22.9576	768.962
44.06	765.384	3.51744	768.901
44.08	725.896	43.1772	769.073
44.1	790.194	-21.2835	768.91
44.12	793.995	-25.009	768.986
44.14	791.319	-22.3674	768.951
44.16	769.826	-0.742798	769.083
44.18	796.069	-27.1024	768.966
44.2	783.723	-14.7047	769.018
44.22	789.001	-20.047	768.954
44.24	792.772	-23.8009	768.971
44.26	788.229	-19.226	769.003
44.28	788.691	-19.7191	768.972
44.3	787.378	-18.375	769.003
44.32	800.215	-31.2392	768.976
44.34	788.309	-19.325	768.984
44.36	788.338	-19.3337	769.004
44.38	811.679	-42.6735	769.006
44.4	816.721	-47.7048	769.016
44.42	810.359	-41.3749	768.984
44.44	790.674	-21.6572	769.017
44.46	772.085	-3.02645	769.058
44.48	780.515	-11.4731	769.041
44.5	789.425	-20.3992	769.026
44.52	791.973	-23.0214	768.952
44.54	788.027	-19.035	768.992
44.56	815.43	-46.4191	769.011
44.58	787.379	-18.3981	768.981
44.6	757.982	11.0773	769.059
44.62	789.73	-20.7181	769.012
44.64	783.162	-14.136	769.026
44.66	795.625	-26.5989	769.026
44.68	798.85	-29.7493	769.101
44.7	797.595	-28.4735	769.121
44.72	802.08	-32.9672	769.113
44.74	806.938	-37.8596	769.078
44.76	781.452	-12.3964	769.056
44.78	774.074	-5.03391	769.04
44.8	786.498	-17.4211	769.077
44.82	789.351	-20.2571	769.094
44.84	789.483	-20.3728	769.111
44.86	793.796	-24.6899	769.106
44.88	806.249	-37.1235	769.126
44.9	809.102	-39.9722	769.13
44.92	809.777	-40.6455	769.132
44.94	796.113	-27.0316	769.081
44.96	751.955	17.2147	769.169
44.98	757.62	11.5146	769.134
45	783.002	-13.9282	769.074
45.02	790.787	-21.6354	769.152
45.04	811.018	-41.8737	769.145
45.06	813.218	-44.0745	769.144
45.08	788.92	-19.7844	769.135
45.1	758.783	10.3758	769.159
45.12	762.875	6.18931	769.065
45.14	767.315	1.82331	769.138
45.16	796.531	-27.3931	769.138
45.18	804.124	-34.9942	769.13
45.2	790.199	-21.0723	769.127
45.22	763.019	6.12784	769.147
45.24	776.273	-7.15364	769.12
45.26	786.062	-16.8967	769.165
45.28	790.2	-21.069	769.131
45.3	789.132	-20.0088	769.124
45.32	781.377	-12.2133	769.164
45.34	801.771	-32.6463	769.124
45.36	794.433	-25.3705	769.063
45.38	762.31	6.81048	769.121
45.4	793.688	-24.594	769.094
45.42	792.491	-23.3437	769.147
45.44	790.919	-21.8074	769.111
45.46	793.19	-24.1171	769.073
45.48	779.117	-10.0976	769.02
45.5	770.887	-1.85591	769.032
45.52	768.242	0.665878	768.908
45.54	784.181	-15.2593	768.922
45.56	761.638	7.41086	769.049
45.58	753.238	15.8657	769.104
45.6	789.95	-20.8819	769.068
45.62	796.031	-26.9863	769.045
45.64	794.736	-25.6389	769.097
45.66	802.906	-33.8705	769.036
45.68	784.636	-15.5434	769.092
45.7	792.274	-23.1872	769.087
45.72	801.012	-31.9635	769.048
45.74	789.671	-20.5479	769.123
45.76	787.542	-18.4201	769.122
45.78	785.314	-16.2048	769.109
45.8	798.868	-29.7236	769.145
45.82	798.054	-28.9045	769.15
45.84	792.893	-23.7655	769.127
45.86	797.807	-28.7215	769.086
45.88	796.459	-27.3706	769.089
45.9	799.146	-30.0312	769.115
45.92	809.768	-40.7036	769.064
45.94	807.512	-38.4567	769.056
45.96	785.935	-16.8874	769.047
45.98	768.665	0.400861	769.066
46	791.339	-22.3212	769.018
46.02	784.437	-15.3217	769.116
46.04	797.041	-27.9753	769.066
46.06	810.134	-41.0939	769.04
46.08	808.766	-39.7154	769.051
46.1	796.193	-27.1767	769.016
46.12	781.241	-12.308	768.933
46.14	771.422	-2.49906	768.923
46.16	780.973	-12.0586	768.915
46.18	769.177	-0.262057	768.915
46.2	773.299	-4.38506	768.914
46.22	761.608	7.29452	768.903
46.24	796.084	-27.2354	768.848
46.26	805.366	-36.4195	768.947
46.28	781.367	-12.4041	768.963
46.3	767.694	1.31554	769.01
46.32	775.133	-6.25053	768.882
46.34	780.9	-12.0049	768.895
46.36	785.364	-16.3691	768.995
46.38	795.535	-26.5444	768.991
46.4	805.298	-36.3267	768.971
46.42	778.612	-9.70151	768.91
46.44	762.961	5.90917	768.87
46.46	769.478	-0.531659	768.946
46.48	799.997	-31.0599	768.937
46.5	782.912	-13.9351	768.977
46.52	782.788	-13.8659	768.922
46.54	791.735	-22.7521	768.983
46.56	792.698	-23.7172	768.981
46.58	795.647	-26.6804	768.966
46.6	762.639	6.4406	769.08
46.62	778.024	-9.02475	769
46.64	788.141	-19.1298	769.011
46.66	777.401	-8.34243	769.058
46.68	789.53	-20.5185	769.012
46.7	802.148	-33.1396	769.009
46.72	803.402	-34.3676	769.034
46.74	799.692	-30.7358	768.956
46.76	795.864	-26.9055	768.959
46.78	794.5	-25.4939	769.006
46.8	786.792	-17.7609	769.031
46.82	797.139	-28.1646	768.975
46.84	783.791	-14.7197	769.071
46.86	777.124	-8.08739	769.036
46.88	791.148	-22.1547	768.994
46.9	804.109	-35.1084	769.001
46.92	786.912	-17.8461	769.066
46.94	805.845	-36.82	769.025
46.96	810.197	-41.1713	769.026
46.98	794.399	-25.4294	768.969
47	753.723	15.4002	769.124
47.02	798.806	-29.8196	768.987
47.04	811.73	-42.6998	769.03
47.06	810.59	-41.5619	769.029
47.08	809.735	-40.6888	769.046
47.1	813.566	-44.5397	769.026
47.12	802.975	-33.9861	768.989
47.14	756.972	12.0029	768.975
47.16	750.793	18.1873	768.98
47.18	777.955	-8.99786	768.957
47.2	768.243	0.731365	768.975
47.22	754.151	14.8361	768.987
47.24	783.631	-14.728	768.903
47.26	790.942	-21.9617	768.98
47.28	793.954	-24.9919	768.962
47.3	781.16	-12.197	768.963
47.32	787.413	-18.448	768.965
47.34	799.424	-30.4421	768.982
47.36	797.366	-28.4241	768.942
47.38	762.41	6.68826	769.098
47.4	802.817	-33.8392	768.978
47.42	802.657	-33.6488	769.008
47.44	776.119	-7.02451	769.095
47.46	786.258	-17.2297	769.028
47.48	799.268	-30.241	769.027
47.5	793.574	-24.6259	768.948
47.52	750.208	18.7818	768.99
47.54	780.166	-11.212	768.954
47.56	765.418	3.60751	769.025
47.58	781.423	-12.4436	768.98
47.6	797.603	-28.5514	769.052
47.62	803.927	-34.8482	769.079
47.64	809.138	-40.0593	769.079
47.66	805.217	-36.1608	769.056
47.68	790.559	-21.4749	769.084
47.7	795.081	-25.9965	769.085
47.72	808.18	-39.1158	769.064
47.74	795.103	-26.0836	769.019
47.76	780.788	-11.7393	769.049
47.78	794.738	-25.6828	769.055
47.8	796.482	-27.4288	769.053
47.82	774.373	-5.36348	769.01
47.84	754.691	14.3594	769.05
47.86	782.738	-13.7099	769.028
47.88	791.351	-22.3158	769.035
47.9	792.06	-22.9861	769.074
47.92	806.053	-37.0225	769.03
47.94	803.902	-34.8851	769.017
47.96	792.758	-23.7091	769.049
47.98	801.829	-32.8361	768.993
48	804.584	-35.6118	768.972
48.02	774.758	-5.71461	769.044
48.04	763.783	5.14683	768.929
48.06	749.361	19.6419	769.003
48.08	757.566	11.5605	769.127
48.1	775.107	-6.14505	768.962
48.12	752.369	16.7266	769.095
48.14	797.071	-28.06	769.011
48.16	805.631	-36.6177	769.013
48.18	792.792	-23.8487	768.943
48.2	781.885	-12.9015	768.983
48.22	786.588	-17.5775	769.01
48.24	792.546	-23.543	769.003
48.26	806.735	-37.7558	768.979
48.28	782.614	-13.5804	769.034
48.3	772.27	-3.17435	769.096
48.32	801.785	-32.7897	768.995
48.34	803.888	-34.8614	769.026
48.36	793.659	-24.6368	769.022
48.38	788.595	-19.5633	769.031
48.4	794.887	-25.9818	768.906
48.42	776.905	-7.87079	769.034
48.44	812.84	-43.8212	769.019
48.46	812.128	-43.0349	769.093
48.48	806.347	-37.2522	769.094
48.5	795.208	-26.0677	769.14
48.52	787.775	-18.7061	769.069
48.54	769.479	-0.409942	769.069
48.56	773.5	-4.47297	769.027
48.58	783.154	-14.0964	769.058
48.6	809.203	-40.1602	769.043
48.62	798.234	-29.1957	769.039
48.64	777.317	-8.20354	769.113
48.66	806.487	-37.4841	769.003
48.68	810.393	-41.3525	769.04
48.7	779.637	-10.6556	768.981
48.72	791.382	-22.4208	768.961
48.74	803.755	-34.6919	769.063
48.76	807.594	-38.5595	769.034
48.78	791.772	-22.7294	769.043
48.8	792.678	-23.6647	769.013
48.82	803.676	-34.6894	768.987
48.84	794.786	-25.883	768.903
48.86	772.063	-3.0733	768.99
48.88	795.256	-26.2594	768.996
48.9	807.15	-38.1609	768.989
48.92	788.003	-19.0167	768.986
48.94	774.057	-5.03715	769.02
48.96	803.093	-34.1246	768.968
48.98	805.675	-36.6756	769
49	798.685	-29.7087	768.976
49.02	799.445	-30.4971	768.948
49.04	779.123	-10.1688	768.954
49.06	789.32	-20.4389	768.881
49.08	793.348	-24.4371	768.911
49.1	807.379	-38.5002	768.878
49.12	786.195	-17.2542	768.941
49.14	788.055	-19.1347	768.92
49.16	799.088	-30.187	768.901
49.18	799.042	-30.1066	768.936
49.2	811.646	-42.7543	768.892
49.22	776.338	-7.44636	768.891
49.24	760.725	8.12334	768.848
49.26	796.006	-27.1973	768.809
49.28	793.326	-24.4798	768.846
49.3	771.048	-2.15549	768.893
49.32	788.691	-19.8135	768.877
49.34	814.109	-45.1965	768.913
49.36	817.094	-48.1854	768.909
49.38	808.438	-39.5092	768.929
49.4	802.923	-34.0247	768.898
49.42	780.471	-11.5946	768.876
49.44	794.431	-25.5869	768.844
49.46	814.47	-45.5812	768.889
49.48	820.505	-51.5818	768.923
49.5	822.703	-53.8012	768.902
49.52	821.958	-53.0208	768.938
49.54	816.371	-47.4306	768.941
49.56	796.655	-27.6272	769.027
49.58	813.088	-44.1734	768.915
49.6	797.974	-29.0094	768.964
49.62	785.872	-16.8894	768.983
49.64	793.979	-25.0744	768.905
49.66	799.218	-30.3204	768.898
49.68	791.278	-22.3625	768.915
49.7	799.777	-30.8675	768.91
49.72	802.912	-33.9456	768.966
49.74	800.597	-31.6638	768.933
49.76	775.34	-6.32396	769.016
49.78	791.538	-22.5421	768.996
49.8	811.691	-42.6913	768.999
49.82	818.13	-49.166	768.964
49.84	807.093	-38.1208	768.972
49.86	795.41	-26.4246	768.986
49.88	804.709	-35.7617	768.947
49.9	806.997	-38.0233	768.974
49.92	801.319	-32.4048	768.914
49.94	763.072	5.9406	769.013
49.96	777.828	-8.85046	768.977
49.98	804.968	-35.9932	768.975
50	797.843	-28.8567	768.986
50.02	784.644	-15.6463	768.997
50.04	807.133	-38.1491	768.984
50.06	800.319	-31.3267	768.992
50.08	787.457	-18.5053	768.952
50.1	763.695	5.25148	768.946
50.12	749.713	19.1563	768.87
50.14	765.118	3.80056	768.918
50.16	782.452	-13.4352	769.017
50.18	797.394	-28.3823	769.012
50.2	804.762	-35.7687	768.993
50.22	795.131	-26.0584	769.072
50.24	808.117	-39.0552	769.062
50.26	805.426	-36.3556	769.07
50.28	803.799	-34.7573	769.042
50.3	791.318	-22.2593	769.059
50.32	788.423	-19.3587	769.065
50.34	804.26	-35.2469	769.013
50.36	798.667	-29.6321	769.034
50.38	779.045	-9.99709	769.048
50.4	773.54	-4.48376	769.056
50.42	753.455	15.6322	769.087
50.44	775.687	-6.6589	769.028
50.46	798.892	-29.8102	769.082
50.48	794.278	-25.1591	769.119
50.5	796.967	-27.849	769.118
50.52	801.086	-31.984	769.102
50.54	795.977	-26.9222	769.054
50.56	752.089	17.1946	769.283
50.58	796.878	-27.8371	769.041
50.6	798.469	-29.3715	769.097
50.62	807.653	-38.5321	769.121
50.64	800.675	-31.5623	769.113
50.66	795.039	-25.9743	769.065
50.68	772.158	-3.01114	769.147
50.7	767.704	1.42173	769.126
50.72	780.838	-11.7753	769.063
50.74	792.894	-23.7652	769.129
50.76	811.112	-42.0021	769.11
50.78	809.345	-40.2686	769.076
50.8	791.398	-22.4115	768.987
50.82	764.741	4.27308	769.014
50.84	755.283	13.7666	769.05
50.86	776.794	-7.76286	769.031
50.88	804.911	-35.8412	769.07
50.9	814.857	-45.7933	769.064
50.92	804.365	-35.3036	769.061
50.94	777.297	-8.22605	769.071
50.96	765.125	3.83674	768.962
50.98	755.923	13.0996	769.022
51	786.056	-17.073	768.983
51.02	778.786	-9.7099	769.076
51.04	799.888	-30.864	769.024
51.06	789.798	-20.7218	769.077
51.08	779.812	-10.6994	769.112
51.1	793.22	-24.1658	769.054
51.12	774.527	-5.37013	769.157
51.14	789.001	-19.9381	769.063
51.16	801.906	-32.8342	769.072
51.18	801.268	-32.1525	769.116
51.2	789.016	-19.9152	769.101
51.22	758.589	10.5503	769.139
51.24	769.757	-0.710905	769.046
51.26	798.928	-29.9188	769.009
51.28	782.024	-12.9834	769.04
51.3	774.603	-5.65245	768.95
51.32	768.737	0.296577	769.033
51.34	791.739	-22.7314	769.008
51.36	777.908	-8.83402	769.074
51.38	777.83	-8.81059	769.019
51.4	770.634	-1.65259	768.981
51.42	761.152	7.87375	769.025
51.44	783.664	-14.6773	768.987
51.46	796.122	-27.0731	769.049
51.48	798.627	-29.5887	769.039
51.5	790.117	-21.068	769.049
51.52	786.583	-17.5118	769.072
51.54	771.645	-2.58373	769.061
51.56	797.016	-27.9968	769.019
51.58	799.863	-30.8115	769.051
51.6	782.913	-13.8754	769.037
51.62	762.389	6.70139	769.09
51.64	788.356	-19.3604	768.995
51.66	792.724	-23.7103	769.014
51.68	778.151	-9.06019	769.091
51.7	789.249	-20.2154	769.033
51.72	793.731	-24.6674	769.064
51.74	787.942	-18.9434	768.999
51.76	769.302	-0.280538	769.022
51.78	779.011	-9.96799	769.043
51.8	791.15	-22.1343	769.016
51.82	795.833	-26.8059	769.028
51.84	797.325	-28.2477	769.077
51.86	802.494	-33.4693	769.025
51.88	776.698	-7.68323	769.015
51.9	781.953	-13.0547	768.898
51.92	781.948	-12.9712	768.977
51.94	774.418	-5.46326	768.955
51.96	768.146	0.83795	768.984
51.98	767.099	1.68931	768.788
52	760.908	7.87962	768.787
52.02	748.289	20.6993	768.988
52.04	767.841	1.12425	768.965
52.06	774.097	-5.04604	769.051
52.08	794.491	-25.4368	769.054
52.1	809.914	-40.8534	769.061
52.12	795.988	-26.9591	769.029
52.14	749.809	19.2588	769.067
52.16	762.759	6.24031	769
52.18	785.955	-16.8913	769.064
52.2	794.51	-25.4262	769.084
52.22	795.208	-26.1335	769.074
52.24	781.529	-12.4126	769.116
52.26	787.95	-18.9379	769.012
52.28	771.26	-2.24372	769.016
52.3	776.565	-7.55152	769.013
52.32	783.759	-14.7499	769.009
52.34	789.425	-20.4045	769.021
52.36	784.434	-15.394	769.04
52.38	788.601	-19.581	769.02
52.4	790.168	-21.1139	769.054
52.42	779.11	-10.0088	769.101
52.44	797.614	-28.5487	769.065
52.46	801.298	-32.2092	769.089
52.48	794.2	-25.1432	769.057
52.5	762.99	6.07994	769.07
52.52	761.584	7.55254	769.136
52.54	802.861	-33.8019	769.059
52.56	795.781	-26.6965	769.084
52.58	799.57	-30.4813	769.088
52.6	812.233	-43.147	769.086
52.62	803.213	-34.1311	769.082
52.64	798.484	-29.4154	769.069
52.66	801.207	-32.1731	769.034
52.68	781.95	-12.8169	769.133
52.7	798.141	-29.1816	768.959
52.72	771.932	-2.87573	769.056
52.74	781.23	-12.1828	769.047
52.76	809.253	-40.2536	768.999
52.78	787.216	-18.4545	768.762
52.8	790.392	-21.5107	768.881
52.82	798.886	-29.8244	769.062
52.84	787.483	-18.4482	769.035
52.86	784.898	-15.9355	768.963
52.88	785.547	-16.5494	768.998
52.9	789.902	-20.8691	769.033
52.92	786.563	-17.5416	769.022
52.94	786.185	-17.1797	769.005
52.96	772.541	-3.56807	768.973
52.98	733.904	34.9125	768.817
53	779.118	-10.1244	768.994
53.02	778.869	-9.81382	769.055
53.04	797.989	-28.9945	768.994
53.06	806.609	-37.5823	769.027
53.08	798.423	-29.4154	769.008
53.1	786.864	-17.8267	769.037
53.12	790.338	-21.3774	768.961
53.14	786.535	-17.5064	769.028
53.16	800.848	-31.9295	768.919
53.18	784.262	-15.3342	768.927
53.2	802.615	-33.5834	769.032
53.22	811.43	-42.4157	769.015
53.24	786.234	-17.1673	769.066
53.26	761.287	7.81959	769.107
53.28	772.889	-3.91492	768.975
53.3	783.985	-14.9937	768.991
53.32	777.766	-8.67111	769.095
53.34	794.881	-25.853	769.028
53.36	810.465	-41.4244	769.041
53.38	796.342	-27.3115	769.03
53.4	782.668	-13.679	768.989
53.42	784.503	-15.5349	768.969
53.44	775.222	-6.24092	768.981
53.46	798.899	-29.9458	768.953
53.48	793.899	-24.8982	769.001
53.5	793.568	-24.6049	768.963
53.52	774.609	-5.70021	768.909
53.54	776.482	-7.60126	768.881
53.56	796.719	-27.7743	768.944
53.58	793.058	-24.2247	768.833
53.6	806.283	-37.4288	768.854
53.62	799.715	-30.7369	768.978
53.64	782.036	-13.0617	768.975
53.66	793.847	-24.9498	768.897
53.68	779.088	-10.1123	768.976
53.7	801.789	-32.9033	768.886
53.72	802.005	-33.0627	768.943
53.74	807.165	-38.2472	768.918
53.76	793.939	-25.0385	768.901
53.78	786.24	-17.3189	768.921
53.8	792.69	-23.7815	768.909
53.82	801.036	-32.1856	768.85
53.84	776.951	-8.01495	768.936
53.86	753.225	15.7093	768.934
53.88	760.021	8.95475	768.976
53.9	801.558	-32.6263	768.932
53.92	785.284	-16.3008	768.983
53.94	790.512	-21.5453	768.967
53.96	796.532	-27.6622	768.87
53.98	780.594	-11.6217	768.972
54	808.041	-39.1592	768.882
54.02	803.379	-34.4677	768.912
54.04	773.913	-4.86633	769.046
54.06	795.833	-26.9132	768.92
54.08	794.726	-25.7853	768.94
54.1	798.972	-30.0227	768.949
54.12	795.535	-26.594	768.941
54.14	797.862	-28.9166	768.945
54.16	788.005	-19.1612	768.844
54.18	769.736	-0.767623	768.969
54.2	803.005	-34.0276	768.977
54.22	798.832	-29.8106	769.021
54.24	783.935	-14.952	768.983
54.26	787.608	-18.5886	769.02
54.28	802.225	-33.1885	769.036
54.3	797.807	-28.7598	769.047
54.32	801.563	-32.5362	769.027
54.34	800.987	-31.9528	769.034
54.36	798.502	-29.4482	769.054
54.38	792.772	-23.6634	769.109
54.4	797.858	-28.7566	769.101
54.42	790.264	-21.1309	769.133
54.44	789.676	-20.5492	769.126
54.46	796.87	-27.7455	769.124
54.48	811.528	-42.4667	769.061
54.5	798.39	-29.286	769.104
54.52	783.915	-14.8673	769.047
54.54	780.763	-11.7621	769.001
54.56	768.929	0.110325	769.039
54.58	769.46	-0.441126	769.019
54.6	779.875	-10.8566	769.019
54.62	807.591	-38.5945	768.997
54.64	805.18	-36.1579	769.022
54.66	753.063	16.1635	769.226
54.68	797.702	-28.7097	768.992
54.7	791.922	-22.8953	769.027
54.72	799.441	-30.446	768.995
54.74	807.837	-38.8273	769.01
54.76	801.877	-32.8615	769.016
54.78	803.166	-34.1357	769.031
54.8	806.28	-37.2503	769.029
54.82	776.967	-7.94529	769.022
54.84	759.843	9.13167	768.974
54.86	772.765	-3.77647	768.988
54.88	787.326	-18.3857	768.94
54.9	772.877	-3.87104	769.006
54.92	803.858	-34.9298	768.928
54.94	807.212	-38.2469	768.966
54.96	801.073	-32.1114	768.961
54.98	783.65	-14.6916	768.958
55	780.692	-11.7202	768.972
55.02	793.828	-24.8775	768.951
55.04	803.826	-34.8698	768.956
55.06	782.879	-13.9155	768.964
55.08	781.067	-12.1855	768.881
55.1	786.577	-17.7174	768.86
55.12	779.468	-10.5224	768.946
55.14	786.697	-17.7656	768.932
55.16	769.849	-0.832697	769.016
55.18	789.439	-20.4381	769.001
55.2	809.679	-40.7333	768.946
55.22	784.425	-15.5772	768.848
55.24	782.265	-13.4227	768.842
55.26	779.66	-10.7345	768.925
55.28	776.887	-7.88968	768.997
55.3	797.649	-28.7324	768.917
55.32	786.552	-17.6722	768.88
55.34	783.704	-14.7834	768.92
55.36	780.117	-11.1779	768.939
55.38	806.15	-37.2212	768.928
55.4	812.473	-43.4616	769.011
55.42	785.627	-16.5978	769.029
55.44	757.233	11.8173	769.05
55.46	781.683	-12.6882	768.995
55.48	781.408	-12.3812	769.027
55.5	787.845	-18.8891	768.955
55.52	767.487	1.56498	769.052
55.54	788.148	-19.1103	769.037
55.56	790.569	-21.493	769.075
55.58	783.121	-14.0479	769.073
55.6	794.168	-25.0861	769.082
55.62	804.059	-35.0061	769.052
55.64	803.319	-34.2833	769.036
55.66	798.651	-29.605	769.045
55.68	797.582	-28.5498	769.032
55.7	794.071	-25.0533	769.018
55.72	785.438	-16.4057	769.032
55.74	802.97	-33.9775	768.993
55.76	790.789	-21.796	768.993
55.78	764.059	4.99797	769.057
55.8	779.844	-10.9135	768.93
55.82	768.92	0.105061	769.025
55.84	780.727	-11.7474	768.979
55.86	787.18	-18.2669	768.914
55.88	804.395	-35.4576	768.937
55.9	814.254	-45.2739	768.98
55.92	810.095	-41.1322	768.962
55.94	792.81	-23.8658	768.944
55.96	784.245	-15.2637	768.982
55.98	793.863	-24.9553	768.907
56	767.823	1.15099	768.974
56.02	785.361	-16.4124	768.949
56.04	802.345	-33.3799	768.965
56.06	799.586	-30.6667	768.92
56.08	767.698	1.30822	769.007
56.1	789.326	-20.4013	768.925
56.12	804.606	-35.6317	768.975
56.14	803.515	-34.5745	768.94
56.16	771.137	-2.15435	768.983
56.18	772.502	-3.61785	768.884
56.2	776.732	-7.81286	768.919
56.22	791.794	-22.852	768.942
56.24	802.63	-33.6871	768.943
56.26	784.675	-15.6954	768.98
56.28	778.679	-9.67185	769.007
56.3	786.193	-17.1839	769.009
56.32	757.713	11.3457	769.059
56.34	777.877	-8.86649	769.01
56.36	789.693	-20.6508	769.043
56.38	794.452	-25.3872	769.064
56.4	800.987	-31.9304	769.056
56.42	807.256	-38.1907	769.066
56.44	809.078	-40.0719	769.007
56.46	797.411	-28.4226	768.989
56.48	782.834	-13.851	768.983
56.5	784.769	-15.7798	768.99
56.52	793.05	-24.0699	768.98
56.54	797.405	-28.4476	768.958
56.56	790.924	-21.9353	768.989
56.58	794.783	-25.8273	768.956
56.6	788.159	-19.2005	768.959
56.62	786.835	-17.9218	768.913
56.64	777.485	-8.49805	768.987
56.66	798.853	-29.9401	768.913
56.68	782.709	-13.7593	768.95
56.7	784.924	-15.9875	768.936
56.72	787.803	-18.8771	768.926
56.74	759.165	9.86035	769.025
56.76	774.994	-6.0304	768.964
56.78	796.53	-27.5535	768.977
56.8	799.361	-30.3997	768.961
56.82	788.492	-19.4733	769.018
56.84	775.115	-6.13692	768.978
56.86	774.188	-5.19472	768.993
56.88	799.572	-30.5402	769.032
56.9	805.868	-36.8423	769.026
56.92	789.613	-20.5688	769.044
56.94	783.447	-14.406	769.041
56.96	795.63	-26.6457	768.984
56.98	770.651	-1.63971	769.012
57	766.301	2.74214	769.043
57.02	796.121	-27.1357	768.986
57.04	795.949	-26.9446	769.004
57.06	793.242	-24.2301	769.012
57.08	795.6	-26.6002	768.999
57.1	803.625	-34.6085	769.017
57.12	806.574	-37.5899	768.984
57.14	750.707	18.4001	769.107
57.16	785.774	-16.8382	768.935
57.18	799.783	-30.7819	769.001
57.2	793.765	-24.7475	769.017
57.22	808.23	-39.2733	768.956
57.24	796.884	-27.8926	768.992
57.26	793.997	-25.0249	768.972
57.28	804.298	-35.3278	768.971
57.3	780.773	-11.7639	769.01
57.32	788.125	-19.14	768.985
57.34	812.126	-43.1338	768.992
57.36	778.122	-9.06504	769.057
57.38	795.673	-26.7298	768.943
57.4	792.842	-23.7939	769.048
57.42	807.365	-38.3289	769.036
57.44	789.581	-20.5535	769.027
57.46	779.904	-10.8382	769.066
57.48	800.183	-31.1116	769.072
57.5	798.268	-29.1933	769.074
57.52	786.736	-17.6761	769.06
57.54	774.732	-5.69276	769.039
57.56	774.08	-5.08679	768.993
57.58	786.001	-16.9883	769.013
57.6	801.488	-32.5008	768.987
57.62	790.642	-21.6216	769.02
57.64	797.105	-28.1692	768.936
57.66	792.85	-23.8775	768.972
57.68	804.602	-35.6365	768.966
57.7	803.482	-34.5198	768.962
57.72	785.327	-16.4264	768.901
57.74	770.798	-1.92951	768.868
57.76	754.942	14.0321	768.974
57.78	743.355	25.6523	769.007
57.8	771.197	-2.25361	768.944
57.82	796.685	-27.7199	768.965
57.84	781.989	-12.868	769.121
57.86	805.003	-35.9985	769.004
57.88	809.221	-40.1663	769.055
57.9	809.368	-40.3233	769.045
57.92	798.934	-29.8924	769.041
57.94	784.711	-15.6562	769.055
57.96	802.979	-33.9685	769.01
57.98	812.598	-43.6397	768.958
58	797.091	-28.0899	769.001
58.02	782.387	-13.4553	768.932
58.04	741.728	27.2831	769.011
58.06	768.225	0.696795	768.922
58.08	772.965	-3.97211	768.993
58.1	788.759	-19.7955	768.964
58.12	784.679	-15.6269	769.052
58.14	807.593	-38.6297	768.964
58.16	795.376	-26.3885	768.988
58.18	796.257	-27.279	768.978
58.2	790.013	-21.0444	768.969
58.22	796.409	-27.4482	768.96
58.24	810.718	-41.7188	768.999
58.26	811.771	-42.7473	769.023
58.28	810.941	-41.9282	769.013
58.3	797.45	-28.4794	768.97
58.32	776.516	-7.56671	768.949
58.34	734.907	34.1963	769.104
58.36	779.654	-10.7385	768.915
58.38	782.927	-13.9014	769.025
58.4	788.657	-19.6276	769.029
58.42	806.77	-37.7714	768.998
58.44	807.192	-38.1545	769.037
58.46	792.654	-23.6521	769.002
58.48	759.422	9.65825	769.08
58.5	756.763	12.2992	769.063
58.52	778.873	-9.87115	769.002
58.54	799.396	-30.351	769.045
58.56	809.004	-39.9681	769.036
58.58	812.02	-42.9817	769.038
58.6	805.768	-36.6962	769.072
58.62	797.562	-28.5153	769.047
58.64	777.202	-8.19206	769.01
58.66	773.796	-4.78905	769.007
58.68	771.043	-2.05643	768.987
58.7	774.079	-5.13589	768.943
58.72	796.03	-26.9856	769.044
58.74	795.242	-26.2048	769.037
58.76	795.249	-26.2284	769.02
58.78	785.72	-16.6755	769.045
58.8	792.8	-23.7888	769.011
58.82	800.208	-31.2102	768.998
58.84	791.54	-22.5174	769.022
58.86	802.85	-33.874	768.976
58.88	779.557	-10.5776	768.979
58.9	788.111	-19.1586	768.952
58.92	801.779	-32.7954	768.984
58.94	798.164	-29.2969	768.867
58.96	777.183	-8.29711	768.886
58.98	774.106	-5.09827	769.008
59	778.025	-8.98532	769.04
59.02	786.293	-17.2633	769.03
59.04	779.702	-10.5759	769.126
59.06	803.281	-34.2221	769.059
59.08	788.754	-19.6729	769.081
59.1	773.059	-3.96683	769.092
59.12	785.274	-16.19	769.084
59.14	799.911	-30.9111	769
59.16	778.421	-9.35842	769.062
59.18	791.728	-22.7498	768.979
59.2	780.81	-11.8001	769.01
59.22	790.581	-21.6393	768.941
59.24	779.873	-10.8659	769.007
59.26	779.649	-10.6644	768.984
59.28	799.275	-30.3148	768.96
59.3	807.406	-38.4588	768.948
59.32	791.095	-22.2071	768.888
59.34	767.437	1.53711	768.974
59.36	789.828	-20.989	768.839
59.38	769.559	-0.577103	768.982
59.4	806.426	-37.567	768.859
59.42	782.197	-13.2667	768.93
59.44	774.354	-5.36107	768.993
59.46	801.757	-32.9149	768.842
59.48	789.698	-20.8003	768.898
59.5	780.833	-11.9519	768.881
59.52	785.376	-16.5195	768.856
59.54	785.022	-16.0896	768.933
59.56	786.347	-17.3911	768.956
59.58	771.319	-2.40426	768.915
59.6	792.099	-23.2697	768.829
59.62	780.371	-11.4495	768.922
59.64	783.593	-14.6209	768.972
59.66	804.303	-35.3947	768.908
59.68	795.27	-26.2665	769.003
59.7	802.981	-34.0262	768.954
59.72	803.467	-34.4829	768.984
59.74	807.146	-38.215	768.931
59.76	796.739	-27.8024	768.937
59.78	784.121	-15.1731	768.948
59.8	741.607	27.5113	769.119
59.82	778.898	-9.99563	768.903
59.84	782.808	-13.83	768.978
59.86	801.261	-32.2785	768.983
59.88	805.073	-36.0354	769.038
59.9	800.352	-31.3247	769.027
59.92	797.245	-28.2251	769.02
59.94	793.493	-24.4876	769.005
59.96	792.289	-23.3054	768.983
59.98	766.877	2.21851	769.096
60	800.573	-31.6571	768.916
60.02	793.667	-24.6497	769.017
60.04	807.371	-38.3648	769.006
60.06	813.048	-44.0441	769.004
60.08	788.695	-19.6907	769.004
60.1	751.035	17.9781	769.014
60.12	762.258	6.73418	768.992
60.14	786.111	-17.1024	769.009
60.16	794.911	-25.868	769.043
60.18	804.525	-35.5326	768.993
60.2	788.27	-19.335	768.935
60.22	756.587	12.4799	769.067
60.24	794.264	-25.2526	769.011
60.26	806.779	-37.7361	769.043
60.28	810.086	-41.082	769.004
60.3	791.96	-22.9308	769.03
60.32	794.323	-25.311	769.012
60.34	802.907	-33.8813	769.025
60.36	770.779	-1.72842	769.051
60.38	769.453	-0.429503	769.024
60.4	803.567	-34.5657	769.002
60.42	773.758	-4.74977	769.008
60.44	772.166	-3.21131	768.955
60.46	793.626	-24.6414	768.984
60.48	791.459	-22.4358	769.023
60.5	796.709	-27.6997	769.009
60.52	789.375	-20.3151	769.06
60.54	804.535	-35.5481	768.987
60.56	807.662	-38.6622	768.999
60.58	790.024	-20.9693	769.055
60.6	807.046	-38.0213	769.025
60.62	795.464	-26.4776	768.986
60.64	744.027	25.0878	769.115
60.66	778.236	-9.27725	768.959
60.68	785.636	-16.5372	769.098
60.7	802.594	-33.5081	769.086
60.72	807.772	-38.6984	769.073
60.74	795.898	-26.8676	769.03
60.76	775.926	-6.83023	769.096
60.78	780.794	-11.8056	768.989
60.8	727.745	41.449	769.194
60.82	783.611	-14.5754	769.036
60.84	793.537	-24.4513	769.086
60.86	803.435	-34.4057	769.029
60.88	786.185	-17.1208	769.064
60.9	780.51	-11.4666	769.043
60.92	782.926	-13.9314	768.995
60.94	779.763	-10.7259	769.037
60.96	796.421	-27.3882	769.033
60.98	804.428	-35.3743	769.053
61	802.144	-33.0869	769.057
61.02	796.387	-27.3327	769.054
61.04	782.88	-13.7512	769.129
61.06	794.996	-25.9197	769.077
61.08	794.467	-25.3456	769.121
61.1	796.596	-27.5268	769.069
61.12	794.316	-25.2528	769.063
61.14	796.909	-27.8301	769.079
61.16	791.099	-22.0307	769.068
61.18	789.426	-20.3469	769.079
61.2	801.777	-32.6994	769.077
61.22	803.091	-33.998	769.093
61.24	793.811	-24.683	769.128
61.26	800.173	-31.0781	769.094
61.28	800.164	-31.0622	769.102
61.3	793.953	-24.933	769.02
61.32	777.49	-8.39794	769.092
61.34	806.188	-37.2182	768.97
61.36	728.457	40.7009	769.158
61.38	783.888	-14.8778	769.01
61.4	799.855	-30.751	769.104
61.42	792.582	-23.4871	769.095
61.44	787.642	-18.4877	769.154
61.46	796.591	-27.4741	769.117
61.48	799.476	-30.3264	769.15
61.5	802.604	-33.4603	769.144
61.52	804.36	-35.2217	769.139
61.54	808.668	-39.512	769.156
61.56	808.659	-39.4906	769.168
61.58	803.933	-34.7854	769.148
61.6	792.253	-23.0983	769.154
61.62	796.183	-27.0674	769.115
61.64	798.281	-29.1644	769.117
61.66	800.412	-31.2735	769.138
61.68	805.332	-36.2078	769.124
61.7	800.354	-31.2692	769.085
61.72	780.065	-11.0014	769.063
61.74	778.237	-9.12003	769.117
61.76	805.033	-35.9799	769.053
61.78	788.964	-19.9063	769.057
61.8	771.903	-2.78139	769.121
61.82	790.585	-21.595	768.99
61.84	746.818	22.2201	769.038
61.86	769.66	-0.690044	768.97
61.88	775.363	-6.29624	769.067
61.9	785.058	-15.9826	769.075
61.92	794.295	-25.2367	769.058
61.94	783.082	-13.9798	769.102
61.96	783.083	-13.9854	769.097
61.98	806.743	-37.6788	769.064
62	809.489	-40.4121	769.077
62.02	806.925	-37.8139	769.111
62.04	793.32	-24.2817	769.038
62.06	770.242	-1.18765	769.054
62.08	794.18	-25.1096	769.071
62.1	796.743	-27.7214	769.022
62.12	792.007	-22.9746	769.033
62.14	795.567	-26.4742	769.093
62.16	804.837	-35.7464	769.09
62.18	801.682	-32.6272	769.054
62.2	766.44	2.63521	769.075
62.22	768.22	0.793198	769.013
62.24	780.327	-11.341	768.986
62.26	780.823	-11.8227	769.001
62.28	808.984	-40.0036	768.98
62.3	802.717	-33.7638	768.953
62.32	792.03	-23.1078	768.922
62.34	802.886	-33.8529	769.033
62.36	800.534	-31.5765	768.957
62.38	770.81	-1.79153	769.019
62.4	781.753	-12.8232	768.93
62.42	788.358	-19.4394	768.918
62.44	799.759	-30.8737	768.885
62.46	802.901	-34.0321	768.869
62.48	794.011	-25.1003	768.91
62.5	797.21	-28.3159	768.894
62.52	804.022	-35.1345	768.888
62.54	802.895	-33.9306	768.965
62.56	803.992	-35.0312	768.96
62.58	801.459	-32.5293	768.93
62.6	785.409	-16.392	769.017
62.62	798.202	-29.2492	768.953
62.64	783.81	-14.8212	768.989
62.66	781.891	-12.9126	768.979
62.68	798.477	-29.5316	768.945
62.7	812.451	-43.5223	768.928
62.72	818.018	-49.0701	768.948
62.74	812.156	-43.2148	768.941
62.76	803.132	-34.1843	768.948
62.78	797.151	-28.1876	768.964
62.8	807.26	-38.3591	768.901
62.82	793.957	-25.0476	768.91
62.84	766.389	2.52942	768.919
62.86	781.788	-12.8481	768.94
62.88	806.468	-37.4999	768.968
62.9	790.231	-21.2588	768.972
62.92	779.661	-10.7349	768.926
62.94	775.909	-6.93406	768.975
62.96	813.165	-44.254	768.912
62.98	807.741	-38.7997	768.941
63	796.171	-27.2291	768.942
63.02	796.29	-27.3117	768.979
63.04	810.977	-41.9889	768.988
63.06	813.778	-44.7844	768.993
63.08	809.534	-40.5707	768.964
63.1	794.491	-25.5426	768.948
63.12	793.572	-24.6018	768.97
63.14	805.662	-36.6998	768.962
63.16	806.025	-37.0663	768.958
63.18	805.171	-36.2971	768.874
63.2	789.942	-21.0764	768.865
63.22	775.479	-6.59834	768.881
63.24	735.559	33.4009	768.96
63.26	769.589	-0.752088	768.836
63.28	794.166	-25.2807	768.885
63.3	787.257	-18.326	768.931
63.32	777.346	-8.56862	768.778
63.34	748.112	20.7644	768.876
63.36	788.902	-20.001	768.901
63.38	796.849	-27.9328	768.917
63.4	798.751	-29.8223	768.929
63.42	792.153	-23.1855	768.967
63.44	801.169	-32.2118	768.957
63.46	803.188	-34.1971	768.991
63.48	800.958	-31.992	768.966
63.5	784.371	-15.4518	768.919
63.52	768.833	0.144007	768.977
63.54	766.046	2.9242	768.97
63.56	783.238	-14.3896	768.848
63.58	771.826	-2.80164	769.024
63.6	775.382	-6.40157	768.98
63.62	780.405	-11.4295	768.976
63.64	807.257	-38.2014	769.056
63.66	815.404	-46.3954	769.009
63.68	797.386	-28.3903	768.996
63.7	769.944	-0.932985	769.011
63.72	777.772	-8.76314	769.009
63.74	786.87	-17.8368	769.033
63.76	789.446	-20.4609	768.985
63.78	797.195	-28.1771	769.018
63.8	780.063	-11.061	769.002
63.82	780.035	-11.0201	769.014
63.84	791.169	-22.1805	768.988
63.86	784.878	-15.8542	769.024
63.88	800.495	-31.4749	769.02
63.9	796.759	-27.7216	769.038
63.92	800.521	-31.5091	769.012
63.94	784.958	-15.9635	768.994
63.96	739.253	29.999	769.252
63.98	790.197	-21.1623	769.035
64	801.981	-32.9398	769.041
64.02	804.745	-35.7053	769.039
64.04	799.706	-30.68	769.026
64.06	798.472	-29.4562	769.015
64.08	795.574	-26.5342	769.04
64.1	791.366	-22.3386	769.027
64.12	798.727	-29.7096	769.017
64.14	793.473	-24.4539	769.02
64.16	793.244	-24.2899	768.954
64.18	788.32	-19.3374	768.983
64.2	787.262	-18.3254	768.936
64.22	779.151	-10.1828	768.968
64.24	787.5	-18.5922	768.908
64.26	772.208	-3.27109	768.937
64.28	777.999	-9.09193	768.908
64.3	787.323	-18.5199	768.803
64.32	734.628	34.3519	768.98
64.34	754.164	14.7981	768.962
64.36	773.176	-4.29484	768.881
64.38	777.195	-8.31288	768.882
64.4	787.525	-18.5838	768.941
64.42	799.755	-30.8201	768.935
64.44	809.29	-40.3814	768.909
64.46	793.203	-24.2765	768.927
64.48	780.189	-11.3086	768.881
64.5	747.795	21.2063	769.002
64.52	797.712	-28.9252	768.787
64.54	782.207	-13.206	769.001
64.56	796.1	-27.164	768.936
64.58	788.648	-19.6552	768.993
64.6	802.962	-34.0684	768.893
64.62	782.351	-13.3824	768.969
64.64	790.002	-21.0747	768.927
64.66	799.272	-30.3043	768.967
64.68	810.219	-41.2567	768.962
64.7	800.389	-31.3898	769
64.72	802.704	-33.7073	768.997
64.74	804.5	-35.4909	769.009
64.76	770.75	-1.68783	769.062
64.78	778.642	-9.64323	768.999
64.8	789.232	-20.2101	769.022
64.82	794.27	-25.2345	769.036
64.84	803.214	-34.186	769.028
64.86	809.357	-40.3324	769.025
64.88	794.474	-25.4156	769.058
64.9	791.659	-22.6396	769.02
64.92	798.5	-29.476	769.024
64.94	810.789	-41.7732	769.015
64.96	799.231	-30.2639	768.968
64.98	743.382	25.619	769.001
65	737.487	31.4937	768.98
65.02	795.788	-26.831	768.957
65.04	808.006	-39.0151	768.991
65.06	808.023	-39.0391	768.984
65.08	795.686	-26.6971	768.989
65.1	793.446	-24.4752	768.97
65.12	798.034	-29.0736	768.96
65.14	795.71	-26.7347	768.975
65.16	799.789	-30.8094	768.98
65.18	788.615	-19.6517	768.964
65.2	777.117	-8.10917	769.008
65.22	798.151	-29.137	769.014
65.24	798.615	-29.5957	769.019
65.26	773.524	-4.41511	769.109
65.28	784.526	-15.4881	769.038
65.3	780.855	-11.8064	769.048
65.32	782.088	-13.0145	769.073
65.34	772.95	-4.03994	768.91
65.36	781.673	-12.7561	768.917
65.38	787.441	-18.4309	769.01
65.4	772.709	-3.66915	769.04
65.42	770.468	-1.41189	769.056
65.44	768.671	0.378244	769.049
65.46	769.331	-0.285154	769.046
65.48	781.206	-12.1175	769.089
65.5	803.615	-34.5697	769.046
65.52	800.078	-31.0649	769.013
65.54	777.533	-8.4964	769.037
65.56	776.712	-7.69335	769.019
65.58	794.952	-25.9563	768.996
65.6	788.699	-19.6928	769.006
65.62	785.607	-16.588	769.019
65.64	798.279	-29.2602	769.019
65.66	803.992	-34.986	769.006
65.68	788.347	-19.3223	769.025
65.7	778.39	-9.37059	769.019
65.72	769.905	-0.795187	769.11
65.74	795.943	-26.8884	769.055
65.76	808.369	-39.319	769.05
65.78	807.648	-38.5823	769.066
65.8	799.359	-30.336	769.023
65.82	769.209	-0.151335	769.057
65.84	771.087	-2.07306	769.014
65.86	780.879	-11.8916	768.987
65.88	788.907	-19.9184	768.989
65.9	797.93	-28.9505	768.98
65.92	791.73	-22.7536	768.977
65.94	764.26	4.80086	769.061
65.96	774.156	-5.16056	768.995
65.98	792.575	-23.5846	768.99
66	781.679	-12.6243	769.055
66.02	773.199	-4.12746	769.072
66.04	767.593	1.45504	769.048
66.06	751.043	18.2155	769.258
66.08	814.52	-45.5136	769.007
66.1	780.796	-11.7659	769.03
66.12	753.592	15.4076	769
66.14	774.863	-5.83975	769.023
66.16	798.982	-29.9579	769.024
66.18	773.545	-4.55337	768.992
66.2	790.429	-21.4748	768.954
66.22	804.075	-35.1111	768.964
66.24	771.504	-2.46648	769.038
66.26	780.677	-11.7491	768.928
66.28	783.881	-14.9452	768.936
66.3	767.589	1.44843	769.038
66.32	798.185	-29.2322	768.953
66.34	783.156	-14.1134	769.042
66.36	778.352	-9.34328	769.009
66.38	787.293	-18.2511	769.042
66.4	789.901	-20.8518	769.049
66.42	779.296	-10.199	769.097
66.44	794.415	-25.3561	769.059
66.46	803.269	-34.1861	769.083
66.48	807.42	-38.3555	769.065
66.5	793.569	-24.55	769.019
66.52	772.434	-3.36343	769.071
66.54	793.262	-24.2349	769.027
66.56	783.011	-13.8866	769.125
66.58	788.812	-19.7562	769.056
66.6	781.609	-12.5003	769.109
66.62	801.956	-32.8814	769.075
66.64	804.063	-34.9556	769.107
66.66	803.998	-34.8891	769.109
66.68	802.465	-33.3739	769.091
66.7	781.291	-12.124	769.167
66.72	806.166	-37.0783	769.088
66.74	812.322	-43.2053	769.116
66.76	798.687	-29.587	769.1
66.78	795.204	-26.1524	769.052
66.8	785.528	-16.4791	769.049
66.82	782.595	-13.56	769.035
66.84	782.755	-13.6968	769.058
66.86	785.317	-16.3007	769.017
66.88	784.631	-15.5997	769.031
66.9	803.813	-34.8118	769.001
66.92	798.151	-29.1485	769.002
66.94	792.675	-23.6462	769.029
66.96	801.093	-32.096	768.997
66.98	799.404	-30.4207	768.983
67	787.057	-18.0079	769.049
67.02	788.175	-19.165	769.01
67.04	778.627	-9.64659	768.98
67.06	774.043	-5.06832	768.975
67.08	790.025	-21.0464	768.979
67.1	802.096	-33.1082	768.988
67.12	807.485	-38.4965	768.988
67.14	797.505	-28.5504	768.955
67.16	769.317	-0.255014	769.062
67.18	800.329	-31.3628	768.966
67.2	807.989	-39.0289	768.96
67.22	785.077	-16.1236	768.954
67.24	793.901	-24.9845	768.917
67.26	779.92	-10.8832	769.037
67.28	809.037	-40.0821	768.955
67.3	805.617	-36.6551	768.962
67.32	787.367	-18.3909	768.976
67.34	805.679	-36.7374	768.942
67.36	798.89	-29.9297	768.96
67.38	792.862	-23.9023	768.96
67.4	791.035	-22.1112	768.924
67.42	766.976	1.94099	768.917
67.44	769.844	-0.97454	768.869
67.46	782.01	-13.1605	768.85
67.48	783.15	-14.234	768.916
67.5	806.991	-38.0899	768.901
67.52	808.114	-39.2044	768.91
67.54	791.951	-23.0295	768.921
67.56	772.013	-3.04803	768.965
67.58	767.864	1.11395	768.978
67.6	778.555	-9.57406	768.981
67.62	793.186	-24.1989	768.987
67.64	789.154	-20.1802	768.974
67.66	786.701	-17.7146	768.986
67.68	792.013	-22.9936	769.019
67.7	798.391	-29.3924	768.999
67.72	799.265	-30.2523	769.012
67.74	803.038	-34.033	769.005
67.76	797.091	-28.0476	769.043
67.78	788.769	-19.7441	769.025
67.8	774.417	-5.46029	768.957
67.82	747.096	21.917	769.013
67.84	780.92	-11.9719	768.948
67.86	779.354	-10.3503	769.004
67.88	801.757	-32.8206	768.937
67.9	801.899	-32.9267	768.972
67.92	798.456	-29.5321	768.924
67.94	764.595	4.31505	768.91
67.96	749.993	18.9378	768.93
67.98	790.461	-21.537	768.924
68	813.174	-44.2557	768.918
68.02	816.859	-47.9298	768.929
68.04	803.597	-34.689	768.908
68.06	774.036	-5.09846	768.938
68.08	783.803	-14.9494	768.853
68.1	783.627	-14.6978	768.93
68.12	790.056	-21.1248	768.931
68.14	790.752	-21.8007	768.951
68.16	786.337	-17.3567	768.981
68.18	788.329	-19.3348	768.994
68.2	798.506	-29.4779	769.028
68.22	787.812	-18.756	769.056
68.24	777.174	-8.22171	768.953
68.26	755.325	13.7468	769.072
68.28	787.072	-18.0507	769.021
68.3	795.728	-26.6759	769.052
68.32	789.977	-20.986	768.991
68.34	788.029	-19.0316	768.997
68.36	792.345	-23.3402	769.005
68.38	782.243	-13.2647	768.978
68.4	781.635	-12.6465	768.989
68.42	777.365	-8.34438	769.021
68.44	793.883	-24.9146	768.968
68.46	795.968	-26.9805	768.988
68.48	787.296	-18.2662	769.03
68.5	797.557	-28.5744	768.983
68.52	802.296	-33.326	768.969
68.54	800.711	-31.7239	768.987
68.56	805.179	-36.1759	769.003
68.58	804.025	-35.035	768.99
68.6	793.543	-24.5335	769.009
68.62	779.156	-10.1675	768.989
68.64	774.882	-5.84671	769.035
68.66	795.441	-26.3945	769.046
68.68	797.312	-28.2782	769.033
68.7	787.865	-18.792	769.073
68.72	777.403	-8.39114	769.012
68.74	746.492	22.6264	769.119
68.76	785.734	-16.7065	769.028
68.78	800.618	-31.5973	769.021
68.8	797.335	-28.2965	769.038
68.82	800.356	-31.3463	769.01
68.84	793.059	-24.0628	768.996
68.86	788.531	-19.5106	769.02
68.88	795.968	-26.9661	769.002
68.9	798.136	-29.1189	769.018
68.92	796.287	-27.3261	768.961
68.94	776.168	-7.13596	769.032
68.96	791.706	-22.7101	768.996
68.98	794.569	-25.5543	769.015
69	779.96	-10.9112	769.049
69.02	773.951	-4.97107	768.98
69.04	788.953	-20.0079	768.945
69.06	783.149	-14.1381	769.011
69.08	769.417	-0.442252	768.975
69.1	763.53	5.49656	769.027
69.12	769.319	-0.253597	769.065
69.14	790.211	-21.1704	769.041
69.16	799.652	-30.6405	769.012
69.18	787.984	-19.0049	768.979
69.2	770.811	-1.81007	769.001
69.22	786.482	-17.4902	768.992
69.24	791.232	-22.2147	769.017
69.26	798.217	-29.1758	769.042
69.28	804.744	-35.7432	769
69.3	796.203	-27.2464	768.957
69.32	781.889	-12.8478	769.041
69.34	794.341	-25.2804	769.06
69.36	801.475	-32.4682	769.007
69.38	778.734	-9.63673	769.097
69.4	785.282	-16.2361	769.046
69.42	790.704	-21.64	769.064
69.44	804.386	-35.3724	769.014
69.46	799.309	-30.3008	769.008
69.48	783.032	-13.9416	769.09
69.5	783.566	-14.4724	769.094
69.52	794.064	-25.0229	769.042
69.54	786.896	-17.8961	769
69.56	770.232	-1.21716	769.015
69.58	786.49	-17.4456	769.045
69.6	789.281	-20.4247	768.856
69.62	770.232	-1.27163	768.96
69.64	785.178	-16.1358	769.042
69.66	776.659	-7.59623	769.063
69.68	784.397	-15.319	769.078
69.7	787.082	-18.0107	769.071
69.72	791.34	-22.283	769.057
69.74	780.568	-11.4857	769.082
69.76	775.82	-6.69319	769.127
69.78	782.236	-13.0963	769.14
69.8	798.673	-29.5705	769.102
69.82	799.681	-30.5719	769.109
69.84	786.153	-17.0148	769.138
69.86	774.248	-5.21376	769.035
69.88	770.713	-1.70627	769.007
69.9	772.988	-3.88282	769.106
69.92	786.155	-17.0853	769.07
69.94	798.833	-29.7884	769.045
69.96	800.065	-31.0089	769.056
69.98	802.25	-33.1666	769.084
70	803.895	-34.814	769.081
70.02	799.536	-30.4906	769.045
70.04	779.926	-10.7991	769.127
70.06	789.601	-20.484	769.117
70.08	800.736	-31.6516	769.084
70.1	796.784	-27.7456	769.038
70.12	760.562	8.53354	769.095
70.14	771.628	-2.54786	769.08
70.16	785.904	-16.8387	769.065
70.18	778.977	-9.88068	769.096
70.2	774.529	-5.43061	769.098
70.22	791.391	-22.3045	769.086
70.24	809.551	-40.4756	769.075
70.26	784.428	-15.3129	769.115
70.28	804.782	-35.7211	769.061
70.3	803.726	-34.633	769.092
70.32	752.812	16.1967	769.009
70.34	766.454	2.45559	768.91
70.36	791.788	-22.7031	769.085
70.38	799.622	-30.5351	769.087
70.4	793.002	-23.9963	769.006
70.42	726.949	42.2938	769.243
70.44	775.533	-6.47818	769.055
70.46	801.625	-32.5497	769.075
70.48	803.691	-34.5481	769.143
70.5	806.457	-37.3821	769.075
70.52	785.272	-16.2441	769.027
70.54	791.176	-22.1711	769.005
70.56	791.443	-22.3197	769.123
70.58	801.573	-32.5058	769.067
70.6	783.428	-14.3298	769.098
70.62	788.376	-19.3368	769.039
70.64	777.192	-8.08062	769.111
70.66	790.101	-21.0276	769.073
70.68	802.418	-33.3787	769.039
70.7	791.716	-22.5555	769.16
70.72	807.834	-38.7639	769.07
70.74	800.55	-31.4646	769.086
70.76	780.111	-11.0406	769.07
70.78	774.661	-5.61357	769.048
70.8	764.474	4.55856	769.032
70.82	773.564	-4.51564	769.048
70.84	796.994	-27.881	769.113
70.86	799.044	-29.9428	769.102
70.88	793.808	-24.6725	769.135
70.9	796.871	-27.7721	769.099
70.92	775.623	-6.50528	769.118
70.94	792.334	-23.2431	769.091
70.96	807.865	-38.7768	769.088
70.98	793.472	-24.3679	769.104
71	772.817	-3.70058	769.116
71.02	778.19	-9.10275	769.087
71.04	782.359	-13.277	769.082
71.06	777.536	-8.46093	769.075
71.08	770.48	-1.3826	769.098
71.1	794.674	-25.6066	769.067
71.12	785.437	-16.327	769.11
71.14	781.073	-12.0666	769.007
71.16	711.22	58.0698	769.29
71.18	785.324	-16.2965	769.027
71.2	800.675	-31.5661	769.109
71.22	771.006	-1.89931	769.106
71.24	781.178	-12.0964	769.082
71.26	799.877	-30.8329	769.045
71.28	770.267	-1.16251	769.105
71.3	787.48	-18.4255	769.054
71.32	804.671	-35.6001	769.071
71.34	797.719	-28.5761	769.143
71.36	793.183	-24.05	769.134
71.38	795.88	-26.8352	769.045
71.4	793.359	-24.3116	769.047
71.42	788.825	-19.7533	769.071
71.44	775.863	-6.82118	769.042
71.46	770.179	-1.09321	769.086
71.48	802.587	-33.5368	769.051
71.5	795.329	-26.2477	769.081
71.52	788.97	-19.9144	769.056
71.54	777.856	-8.72597	769.13
71.56	792.244	-23.1936	769.051
71.58	772.282	-3.20408	769.078
71.6	777.857	-8.85378	769.003
71.62	772.491	-3.41377	769.077
71.64	757.13	11.9615	769.091
71.66	775.386	-6.35766	769.028
71.68	782.631	-13.5698	769.062
71.7	783.88	-14.8488	769.031
71.72	795.785	-26.7341	769.051
71.74	809.996	-40.9431	769.053
71.76	798.823	-29.7156	769.107
71.78	795.419	-26.3634	769.056
71.8	778.122	-9.02535	769.096
71.82	764.769	4.26013	769.029
71.84	763.774	5.28822	769.062
71.86	772.299	-3.28824	769.011
71.88	780.471	-11.4242	769.047
71.9	794.691	-25.6503	769.041
71.92	790.125	-21.0373	769.088
71.94	795.891	-26.77	769.121
71.96	797.576	-28.4564	769.12
71.98	795.388	-26.2653	769.122
72	795.855	-26.7218	769.133
72.02	782.155	-13.1078	769.047
72.04	755.476	13.6618	769.138
72.06	800.215	-31.1304	769.085
72.08	804.106	-34.9608	769.145
72.1	799.094	-29.9386	769.156
72.12	796.059	-26.9049	769.154
72.14	804.64	-35.4772	769.163
72.16	810.888	-41.7134	769.174
72.18	808.968	-39.8026	769.165
72.2	789.903	-20.8246	769.079
72.22	777.251	-8.17692	769.074
72.24	778.894	-9.72481	769.169
72.26	791.92	-22.816	769.104
72.28	803.072	-33.9726	769.099
72.3	781.436	-12.4354	769
72.32	758.497	10.5322	769.029
72.34	797.799	-28.7924	769.007
72.36	785.448	-16.3376	769.11
72.38	779.986	-10.8913	769.095
72.4	791.909	-22.8257	769.083
72.42	805.303	-36.2337	769.07
72.44	801.102	-32.0975	769.004
72.46	768.192	0.844976	769.037
72.48	776.724	-7.72311	769.001
72.5	792.383	-23.3784	769.004
72.52	800.382	-31.3157	769.067
72.54	783.809	-14.7374	769.072
72.56	798.183	-29.1627	769.02
72.58	809.295	-40.2668	769.028
72.6	796.421	-27.3725	769.049
72.62	756.103	12.9942	769.097
72.64	798.452	-29.4189	769.034
72.66	798.976	-29.8973	769.079
72.68	779.398	-10.2918	769.107
72.7	779.994	-10.9034	769.091
72.72	790.41	-21.383	769.027
72.74	785.311	-16.2437	769.068
72.76	790.989	-21.9111	769.078
72.78	795.108	-25.9903	769.117
72.8	796.862	-27.7574	769.104
72.82	792.078	-22.9667	769.112
72.84	790.925	-21.8001	769.125
72.86	801.429	-32.3224	769.107
72.88	783.29	-14.1422	769.148
72.9	783.078	-13.9947	769.083
72.92	740.955	28.2725	769.227
72.94	792.792	-23.7012	769.091
72.96	797.789	-28.6815	769.108
72.98	788.158	-19.0789	769.079
73	775.507	-6.43912	769.068
73.02	785.7	-16.6749	769.025
73.04	798.408	-29.3793	769.029
73.06	782.587	-13.46	769.127
73.08	795.057	-25.9818	769.075
73.1	801.636	-32.5377	769.098
73.12	800.877	-31.7243	769.152
73.14	807.18	-38.056	769.124
73.16	798.03	-28.8849	769.145
73.18	807.807	-38.7081	769.098
73.2	796.229	-27.1957	769.034
73.22	733.787	35.3386	769.125
73.24	799.558	-30.5085	769.049
73.26	791.635	-22.5598	769.076
73.28	768.885	0.17401	769.059
73.3	777.774	-8.72404	769.05
73.32	803.466	-34.4398	769.026
73.34	803.786	-34.7284	769.058
73.36	796.598	-27.5243	769.073
73.38	794.909	-25.8388	769.07
73.4	808.857	-39.7865	769.071
73.42	803.048	-33.9839	769.065
73.44	754.548	14.4647	769.012
73.46	693.653	75.4729	769.126
73.48	778.351	-9.49237	768.858
73.5	768.352	0.776109	769.128
73.52	810.093	-41.105	768.988
73.54	794.546	-25.505	769.041
73.56	789.869	-20.8199	769.049
73.58	796.377	-27.3763	769.001
73.6	782.781	-13.7612	769.019
73.62	786.636	-17.6093	769.026
73.64	800.582	-31.6143	768.968
73.66	790.245	-21.2624	768.982
73.68	777.543	-8.58405	768.959
73.7	790.307	-21.3298	768.977
73.72	785.158	-16.1547	769.003
73.74	742.956	26.0424	768.998
73.76	750.759	18.1742	768.933
73.78	777.48	-8.50865	768.971
73.8	789.339	-20.2883	769.05
73.82	788.849	-19.7859	769.063
73.84	786.99	-17.9421	769.047
73.86	784.44	-15.3466	769.093
73.88	790.629	-21.5343	769.095
73.9	804.206	-35.1067	769.099
73.92	811.129	-42.0519	769.077
73.94	810.778	-41.6726	769.106
73.96	811.331	-42.2263	769.105
73.98	811.742	-42.6403	769.102
74	807.215	-38.1166	769.098
74.02	775.637	-6.50334	769.134
74.04	783.706	-14.5869	769.119
74.06	797.748	-28.6338	769.114
74.08	800.238	-31.1247	769.114
74.1	789.597	-20.4726	769.125
74.12	775.565	-6.41418	769.15
74.14	782.197	-13.0766	769.12
74.16	788.852	-19.7996	769.053
74.18	776.559	-7.42012	769.139
74.2	801.261	-32.1629	769.098
74.22	790.082	-20.9472	769.135
74.24	780.081	-10.9224	769.158
74.26	783.857	-14.6913	769.166
74.28	779.502	-10.358	769.144
74.3	777.6	-8.40708	769.193
74.32	807.01	-37.8725	769.138
74.34	803.661	-34.5018	769.159
74.36	796.642	-27.502	769.14
74.38	780.248	-11.1077	769.14
74.4	776.768	-7.60658	769.161
74.42	783.24	-14.1047	769.135
74.44	791.324	-22.2109	769.113
74.46	797.822	-28.6855	769.137
74.48	804.51	-35.3663	769.143
74.5	782.764	-13.7916	768.972
74.52	768.806	0.116746	768.923
74.54	759.992	9.07937	769.071
74.56	777.647	-8.63682	769.01
74.58	771.913	-2.84821	769.065
74.6	789.518	-20.4639	769.054
74.62	810.448	-41.3805	769.067
74.64	814.58	-45.5015	769.078
74.66	805.129	-36.0324	769.097
74.68	780.18	-11.0276	769.153
74.7	786.668	-17.6727	768.995
74.72	793.003	-24.0023	769.001
74.74	797.144	-28.0827	769.061
74.76	786.975	-17.9098	769.065
74.78	785.212	-16.1769	769.035
74.8	789.312	-20.2568	769.055
74.82	792.895	-23.7981	769.097
74.84	796.813	-27.7045	769.109
74.86	806.468	-37.3816	769.086
74.88	804.344	-35.2658	769.078
74.9	799.61	-30.5449	769.065
74.92	791.177	-22.0322	769.145
74.94	802.433	-33.3238	769.109
74.96	782.141	-12.9827	769.158
74.98	798.265	-29.1916	769.073
75	803.388	-34.2558	769.133
75.02	788.002	-18.8492	769.153
75.04	790.313	-21.2068	769.107
75.06	794.798	-25.6517	769.146
75.08	806.354	-37.3007	769.053
75.1	778.825	-9.73763	769.088
75.12	778.619	-9.52314	769.096
75.14	751.845	17.2852	769.13
75.16	765.719	3.36893	769.088
75.18	805.705	-36.6914	769.014
75.2	810.907	-41.8523	769.055
75.22	789.301	-20.2148	769.086
75.24	783.415	-14.3472	769.068
75.26	795.521	-26.5207	769
75.28	779.612	-10.6315	768.98
75.3	754.164	14.918	769.082
75.32	791.624	-22.6247	768.999
75.34	789.498	-20.4116	769.086
75.36	795.603	-26.5463	769.056
75.38	791.828	-22.7551	769.073
75.4	792.824	-23.7748	769.049
75.42	774.411	-5.30932	769.102
75.44	788.559	-19.5086	769.05
75.46	805.639	-36.607	769.032
75.48	806.643	-37.6444	768.999
75.5	796.762	-27.7428	769.02
75.52	799.103	-30.1678	768.935
75.54	780.836	-11.9145	768.922
75.56	746.034	22.9857	769.02
75.58	776.863	-7.94952	768.914
75.6	787.363	-18.4181	768.945
75.62	788.537	-19.5814	768.955
75.64	790.292	-21.3307	768.961
75.66	791.789	-22.815	768.974
75.68	804.411	-35.4403	768.971
75.7	814.985	-46.0109	768.974
75.72	808.281	-39.3253	768.956
75.74	781.203	-12.2701	768.933
75.76	753.553	15.3795	768.932
75.78	759.515	9.45116	768.966
75.8	792.878	-23.9776	768.901
75.82	779.967	-10.982	768.985
75.84	804.888	-35.9843	768.903
75.86	811.877	-42.9166	768.961
75.88	814.055	-45.1043	768.951
75.9	813.395	-44.4474	768.947
75.92	797.266	-28.3344	768.932
75.94	767.461	1.49278	768.954
75.96	748.006	20.9596	768.966
75.98	767.899	1.04943	768.948
76	802.265	-33.3329	768.932
76.02	795.989	-27.0769	768.912
76.04	772.491	-3.59454	768.897
76.06	781.193	-12.2904	768.903
76.08	802.001	-33.0514	768.95
76.1	811.528	-42.6605	768.868
76.12	779.439	-10.5113	768.927
76.14	783.121	-14.2123	768.909
76.16	777.925	-9.01083	768.914
76.18	771.75	-2.81079	768.939
76.2	790.575	-21.6486	768.927
76.22	769.09	-0.112914	768.978
76.24	794.958	-26.0428	768.915
76.26	800.944	-31.953	768.991
76.28	804.979	-36.0169	768.962
76.3	799.821	-30.8678	768.954
76.32	782.376	-13.4556	768.921
76.34	756.501	12.4276	768.929
76.36	780.021	-11.1066	768.914
76.38	801.297	-32.339	768.958
76.4	803.149	-34.1365	769.012
76.42	804.439	-35.455	768.984
76.44	790.736	-21.8057	768.93
76.46	770.364	-1.35537	769.009
76.48	789.652	-20.6441	769.008
76.5	796.905	-27.9174	768.988
76.52	795.512	-26.4963	769.016
76.54	794.858	-25.8059	769.052
76.56	780.541	-11.5231	769.018
76.58	766.387	2.70671	769.094
76.6	771.24	-2.29514	768.945
76.62	774.156	-5.16784	768.988
76.64	790.144	-21.0878	769.056
76.66	791.174	-22.0726	769.102
76.68	788.116	-18.9858	769.13
76.7	793.157	-24.0199	769.138
76.72	793.19	-24.0859	769.104
76.74	772.016	-2.89505	769.121
76.76	786.893	-17.8636	769.03
76.78	785.922	-16.8471	769.075
76.8	788.854	-19.8138	769.04
76.82	747.595	21.5567	769.152
76.84	780.96	-11.922	769.038
76.86	802.877	-33.7748	769.103
76.88	789.807	-20.6933	769.114
76.9	758.51	10.6574	769.168
76.92	787.647	-18.5678	769.079
76.94	785.101	-15.9462	769.155
76.96	796.162	-27.0354	769.126
76.98	807.958	-38.8553	769.102
77	794.771	-25.6895	769.081
77.02	780.767	-11.7197	769.047
77.04	777.921	-8.85697	769.064
77.06	789.202	-20.1164	769.086
77.08	804.907	-35.8419	769.065
77.1	789.819	-20.7085	769.11
77.12	786.386	-17.3931	768.992
77.14	772.12	-3.04137	769.078
77.16	801.551	-32.5393	769.012
77.18	795.682	-26.6462	769.036
77.2	803.372	-34.3174	769.055
77.22	808.787	-39.7467	769.04
77.24	808.967	-39.9739	768.993
77.26	798.343	-29.3158	769.027
77.28	780.249	-11.232	769.017
77.3	775.231	-6.24347	768.987
77.32	782.435	-13.398	769.037
77.34	797.254	-28.2472	769.007
77.36	805.251	-36.2691	768.982
77.38	801.252	-32.247	769.005
77.4	786.829	-17.8333	768.995
77.42	777.465	-8.46039	769.004
77.44	809.346	-40.4419	768.905
77.46	789.346	-20.3845	768.961
77.48	772.829	-3.90611	768.923
77.5	755.239	13.7456	768.985
77.52	766.877	2.07143	768.948
77.54	783.99	-15.1325	768.857
77.56	794.598	-25.7048	768.893
77.58	806.737	-37.7402	768.997
77.6	805.44	-36.4642	768.975
77.62	783.656	-14.6516	769.005
77.64	791.772	-22.7921	768.98
77.66	799.587	-30.5886	768.998
77.68	796.247	-27.1989	769.048
77.7	800.844	-31.7945	769.049
77.72	792.736	-23.6895	769.047
77.74	776.719	-7.67161	769.047
77.76	783.219	-14.1765	769.042
77.78	785.656	-16.6327	769.024
77.8	754.675	14.562	769.237
77.82	797.004	-27.935	769.07
77.84	788.163	-19.0129	769.15
77.86	794.058	-24.9306	769.128
77.88	799.713	-30.5562	769.157
77.9	799.442	-30.2955	769.147
77.92	781.206	-12.1126	769.094
77.94	788.715	-19.6545	769.061
77.96	803.251	-34.1663	769.085
77.98	788.401	-19.3303	769.071
78	763.77	5.36997	769.14
78.02	775.151	-6.03845	769.112
78.04	779.508	-10.3324	769.176
78.06	797.033	-27.9139	769.119
78.08	781.39	-12.3721	769.017
78.1	794.249	-25.2232	769.026
78.12	798.046	-28.876	769.17
78.14	777.016	-7.79775	769.219
78.16	796.453	-27.2988	769.154
78.18	805.502	-36.3441	769.158
78.2	806.069	-36.9259	769.143
78.22	801.783	-32.6752	769.108
78.24	788.251	-19.3466	768.905
78.26	789.609	-20.6995	768.91
78.28	796.412	-27.3312	769.081
78.3	782.832	-13.7424	769.089
78.32	770.458	-1.45713	769.001
78.34	747.785	21.3315	769.116
78.36	780.845	-11.8296	769.015
78.38	757.92	11.1535	769.073
78.4	775.653	-6.67985	768.973
78.42	772.128	-3.10134	769.026
78.44	772.412	-3.35358	769.058
78.46	790.416	-21.3698	769.046
78.48	807.248	-38.2451	769.003
78.5	789.341	-20.3201	769.021
78.52	778.085	-9.07952	769.006
78.54	768.362	0.740554	769.102
78.56	800.165	-31.1809	768.984
78.58	792.834	-23.82	769.014
78.6	776.53	-7.45754	769.072
78.62	787.254	-18.319	768.935
78.64	767.924	1.15447	769.078
78.66	805.735	-36.8067	768.928
78.68	796.427	-27.3986	769.029
78.7	797.638	-28.6545	768.984
78.72	784.421	-15.4381	768.983
78.74	783.479	-14.536	768.943
78.76	770.778	-1.90264	768.875
78.78	778.978	-10.1127	768.865
78.8	792.837	-23.9052	768.932
78.82	804.367	-35.4765	768.891
78.84	781.552	-12.5928	768.959
78.86	783.724	-14.8018	768.922
78.88	786.787	-17.8278	768.959
78.9	797.645	-28.7152	768.929
78.92	791.713	-22.8929	768.82
78.94	800.721	-31.9098	768.811
78.96	755.285	13.8345	769.119
78.98	774.277	-5.38438	768.892
79	799.036	-30.1375	768.899
79.02	817.677	-48.7554	768.922
79.04	811.763	-42.7912	768.971
79.06	801.6	-32.5785	769.021
79.08	797.665	-28.6692	768.996
79.1	794.387	-25.3567	769.03
79.12	803.746	-34.7449	769.001
79.14	793.053	-24.0194	769.033
79.16	772.719	-3.62544	769.093
79.18	788.665	-19.6882	768.977
79.2	758.863	10.0151	768.879
79.22	746.771	22.1294	768.9
79.24	777.915	-8.90374	769.011
79.26	793.999	-25.0269	768.972
79.28	786.919	-17.8304	769.089
79.3	795.146	-26.0657	769.08
79.32	796.94	-27.8616	769.078
79.34	790.805	-21.7162	769.089
79.36	774.994	-5.85308	769.141
79.38	797.81	-28.7031	769.107
79.4	803.664	-34.5522	769.111
79.42	795.625	-26.5035	769.122
79.44	787.665	-18.6356	769.029
79.46	733.373	35.9976	769.371
79.48	809.735	-40.6855	769.049
79.5	802.515	-33.4279	769.087
79.52	789.136	-20.0284	769.108
79.54	793	-23.9144	769.086
79.56	788.561	-19.5039	769.057
79.58	778.836	-9.71426	769.122
79.6	800.181	-31.1691	769.011
79.62	785.815	-16.7204	769.095
79.64	800.284	-31.293	768.991
79.66	764.7	4.3668	769.067
79.68	773.281	-4.22713	769.054
79.7	793.765	-24.7492	769.016
79.72	789.349	-20.2675	769.082
79.74	809.226	-40.2381	768.988
79.76	777.983	-8.94091	769.042
79.78	761.196	7.75722	768.954
79.8	766.401	2.65105	769.052
79.82	790.888	-21.9807	768.908
79.84	744.533	24.4432	768.977
79.86	778.197	-9.24323	768.953
79.88	802.874	-33.85	769.024
79.9	789.515	-20.4507	769.064
79.92	772.133	-3.06186	769.071
79.94	791.002	-21.9237	769.078
79.96	805.031	-35.989	769.042
79.98	798.629	-29.5641	769.065
80	804.554	-35.5067	769.047
80.02	806.41	-37.3477	769.062
80.04	788.527	-19.5637	768.963
80.06	780.11	-11.1063	769.004
80.08	791.256	-22.2094	769.046
80.1	783.968	-14.8581	769.11
80.12	802.374	-33.3179	769.056
80.14	801.306	-32.2373	769.069
80.16	803.396	-34.3863	769.01
80.18	763.938	5.10103	769.039
80.2	758.982	10.036	769.018
80.22	790.056	-21.0954	768.961
80.24	798.972	-29.983	768.989
80.26	807.95	-38.9703	768.98
80.28	784.045	-15.0682	768.977
80.3	768.436	0.567936	769.004
80.32	768.407	0.610751	769.017
80.34	796.402	-27.4421	768.96
80.36	810.003	-41.0065	768.996
80.38	809.151	-40.1202	769.031
80.4	806.819	-37.7587	769.06
80.42	799.513	-30.5924	768.921
80.44	794.965	-26.0438	768.922
80.46	814.873	-45.826	769.047
80.48	794.718	-25.7273	768.991
80.5	751.311	17.736	769.047
80.52	775.755	-6.78408	768.971
80.54	757.402	11.5626	768.965
80.56	780.209	-11.2339	768.975
80.58	809.905	-40.9302	768.974
80.6	779.239	-10.1025	769.136
80.62	791.014	-22.0202	768.993
80.64	763.818	5.24226	769.06
80.66	791.837	-22.8415	768.996
80.68	794.492	-25.4798	769.012
80.7	764.498	4.65609	769.154
80.72	799.975	-30.9889	768.986
80.74	790.476	-21.3785	769.098
80.76	811.082	-42.0175	769.064
80.78	806.306	-37.2367	769.069
80.8	798.134	-29.1023	769.031
80.82	793.885	-24.8487	769.036
80.84	797.956	-28.9125	769.044
80.86	795.656	-26.5695	769.087
80.88	794.578	-25.4686	769.109
80.9	799.106	-30.0099	769.097
80.92	802.324	-33.236	769.088
80.94	796.007	-26.9062	769.101
80.96	787.253	-18.1463	769.106
80.98	786.476	-17.3751	769.101
81	789.066	-19.9564	769.11
81.02	782.933	-13.8333	769.1
81.04	778.825	-9.68487	769.14
81.06	771.379	-2.27955	769.099
81.08	777.549	-8.44343	769.106
81.1	783.001	-13.9067	769.094
81.12	788.66	-19.5598	769.1
81.14	779.025	-9.89073	769.134
81.16	800.324	-31.2611	769.063
81.18	810.863	-41.7983	769.065
81.2	791.474	-22.4432	769.03
81.22	747.387	21.7787	769.166
81.24	776.505	-7.52692	768.978
81.26	789.698	-20.7088	768.989
81.28	758.913	10.1874	769.101
81.3	777.647	-8.62577	769.022
81.32	798.942	-29.862	769.08
81.34	792.317	-23.2843	769.033
81.36	786.322	-17.2308	769.092
81.38	804.538	-35.4435	769.095
81.4	806.238	-37.159	769.079
81.42	794.437	-25.3243	769.113
81.44	805.367	-36.2906	769.077
81.46	796.899	-27.8421	769.057
81.48	783.818	-14.7563	769.061
81.5	785.991	-16.933	769.058
81.52	775.468	-6.41727	769.051
81.54	785.229	-16.2154	769.013
81.56	768.09	1.00588	769.096
81.58	783.324	-14.2968	769.027
81.6	795.729	-26.6604	769.068
81.62	791.916	-22.8959	769.02
81.64	748.474	20.554	769.028
81.66	757.326	11.725	769.051
81.68	783.49	-14.5481	768.942
81.7	768.481	0.571174	769.052
81.72	794.42	-25.4202	769
81.74	793.489	-24.4594	769.03
81.76	794.367	-25.3306	769.037
81.78	800.534	-31.5502	768.984
81.8	761.986	7.07248	769.058
81.82	784.729	-15.7387	768.99
81.84	807.16	-38.1125	769.048
81.86	796.618	-27.5642	769.054
81.88	782.378	-13.3265	769.052
81.9	785.727	-16.7134	769.013
81.92	789.23	-20.1745	769.056
81.94	802.322	-33.265	769.057
81.96	790.978	-21.8628	769.115
81.98	807.24	-38.158	769.082
82	790.352	-21.2843	769.067
82.02	761.676	7.36159	769.037
82.04	757.85	11.2006	769.051
82.06	771.752	-2.67481	769.077
82.08	794.148	-25.0873	769.061
82.1	793.703	-24.5971	769.106
82.12	805.315	-36.2107	769.105
82.14	811.993	-42.9141	769.079
82.16	810.169	-41.1264	769.043
82.18	785.535	-16.4585	769.076
82.2	781.949	-12.9088	769.04
82.22	789.093	-20.0134	769.08
82.24	796.305	-27.2312	769.074
82.26	789.596	-20.5219	769.074
82.28	788.447	-19.4014	769.045
82.3	774.454	-5.38044	769.074
82.32	796.319	-27.3108	769.008
82.34	792.781	-23.7687	769.012
82.36	782.796	-13.7804	769.016
82.38	790.054	-20.9834	769.071
82.4	798.366	-29.3206	769.045
82.42	791.456	-22.4169	769.039
82.44	774.377	-5.44178	768.935
82.46	795.751	-26.8358	768.915
82.48	781.903	-12.8203	769.083
82.5	794.928	-25.9692	768.959
82.52	796.675	-27.6673	769.008
82.54	802.459	-33.5075	768.951
82.56	799.453	-30.4659	768.987
82.58	810.9	-42.0006	768.9
82.6	786.127	-17.1499	768.977
82.62	802.186	-33.2197	768.966
82.64	788.76	-19.8414	768.919
82.66	740.462	28.6371	769.1
82.68	790.008	-21.0436	768.964
82.7	815.481	-46.5515	768.929
82.72	807.493	-38.5207	768.972
82.74	807.046	-38.155	768.891
82.76	784.101	-15.1142	768.987
82.78	795.941	-27.0267	768.914
82.8	792.942	-24.0267	768.916
82.82	787.184	-18.2094	768.974
82.84	797.925	-28.9928	768.932
82.86	795.586	-26.6192	768.966
82.88	789.151	-20.1568	768.994
82.9	788.757	-19.7949	768.962
82.92	790.694	-21.7703	768.923
82.94	762.347	6.6413	768.988
82.96	780.667	-11.7633	768.904
82.98	801.274	-32.3668	768.908
83	783.505	-14.5628	768.942
83.02	779.855	-10.905	768.95
83.04	799.41	-30.4406	768.969
83.06	801.167	-32.1901	768.976
83.08	807.112	-38.1218	768.99
83.1	800.066	-31.0634	769.003
83.12	784.982	-15.9533	769.028
83.14	796.552	-27.5589	768.993
83.16	784.276	-15.2985	768.978
83.18	751.15	17.8076	768.957
83.2	742.634	26.4033	769.037
83.22	810.642	-41.6909	768.951
83.24	800.071	-31.0905	768.98
83.26	787.359	-18.3425	769.017
83.28	797.149	-28.2505	768.899
83.3	736.165	33.016	769.181
83.32	793.765	-24.8467	768.918
83.34	811.383	-42.4205	768.962
83.36	805.025	-36.0215	769.003
83.38	801.411	-32.4673	768.943
83.4	792.591	-23.6195	768.971
83.42	782.308	-13.2333	769.074
83.44	794.645	-25.6219	769.023
83.46	799.218	-30.156	769.062
83.48	801.172	-32.1589	769.013
83.5	770.304	-1.21376	769.091
83.52	781.111	-12.058	769.053
83.54	788.111	-19.0174	769.093
83.56	786.87	-17.8583	769.011
83.58	755.886	13.2327	769.119
83.6	772.109	-3.04012	769.068
83.62	789.785	-20.6874	769.098
83.64	785.23	-16.1525	769.077
83.66	796.155	-27.0903	769.064
83.68	804.504	-35.3805	769.124
83.7	802.7	-33.6091	769.091
83.72	791.866	-22.7991	769.066
83.74	746.906	22.3837	769.289
83.76	793.607	-24.5156	769.091
83.78	801.194	-32.0766	769.117
83.8	795.912	-26.8061	769.106
83.82	776.619	-7.47881	769.14
83.84	782.028	-12.8877	769.14
83.86	794.081	-24.916	769.165
83.88	795.646	-26.5452	769.101
83.9	761.77	7.41179	769.182
83.92	780.93	-11.7996	769.13
83.94	783.506	-14.3615	769.145
83.96	785.876	-16.7612	769.115
83.98	781.371	-12.1559	769.215
84	807.352	-38.2546	769.098
84.02	809.284	-40.169	769.115
84.04	805.477	-36.361	769.116
84.06	790.039	-20.9296	769.109
84.08	784.676	-15.6045	769.072
84.1	792.746	-23.6352	769.111
84.12	802.806	-33.7371	769.069
84.14	782.419	-13.3048	769.114
84.16	751.001	18.2806	769.282
84.18	793.953	-24.8887	769.065
84.2	771.376	-2.32777	769.049
84.22	765.24	3.81984	769.06
84.24	802.717	-33.6297	769.087
84.26	799.62	-30.5035	769.116
84.28	788.318	-19.217	769.101
84.3	791.834	-22.7895	769.044
84.32	789.262	-20.1823	769.079
84.34	793.802	-24.7217	769.081
84.36	805.914	-36.8775	769.037
84.38	809.186	-40.162	769.025
84.4	795.891	-26.8571	769.034
84.42	788.021	-18.9796	769.041
84.44	788.665	-19.5952	769.07
84.46	802.81	-33.7292	769.08
84.48	797.549	-28.4868	769.063
84.5	788.401	-19.3375	769.064
84.52	800.274	-31.2504	769.024
84.54	770.955	-1.92448	769.03
84.56	763.026	5.97346	768.999
84.58	775.603	-6.52913	769.073
84.6	795.721	-26.6558	769.066
84.62	810.934	-41.9034	769.031
84.64	805.435	-36.4208	769.014
84.66	777.985	-8.9309	769.054
84.68	789.448	-20.4927	768.956
84.7	784.989	-16.0018	768.987
84.72	778.121	-9.11968	769.001
84.74	792.233	-23.2553	768.978
84.76	795.103	-26.1765	768.927
84.78	772.545	-3.57817	768.967
84.8	747.34	21.634	768.974
84.82	774.661	-5.75996	768.901
84.84	801.279	-32.3595	768.919
84.86	794.703	-25.7998	768.903
84.88	743.917	25.0284	768.945
84.9	773.982	-5.09468	768.887
84.92	777.755	-8.80191	768.953
84.94	780.733	-11.7305	769.003
84.96	794.185	-25.174	769.011
84.98	784.622	-15.7477	768.874
85	770.102	-1.25367	768.848
85.02	788.976	-19.9808	768.995
85.04	797.248	-28.254	768.994
85.06	793.326	-24.276	769.05
85.08	802.423	-33.3751	769.048
85.1	794.798	-25.7527	769.045
85.12	776.242	-7.12422	769.117
85.14	800.429	-31.4028	769.026
85.16	801.477	-32.4476	769.03
85.18	783.742	-14.7597	768.983
85.2	778.145	-9.14057	769.005
85.22	801.549	-32.542	769.008
85.24	781.44	-12.4167	769.024
85.26	784.011	-14.9976	769.013
85.28	804.737	-35.7155	769.022
85.3	795.709	-26.6533	769.055
85.32	792.443	-23.3628	769.08
85.34	794.594	-25.5563	769.038
85.36	788.965	-19.8906	769.074
85.38	804.893	-35.8507	769.042
85.4	803.557	-34.4985	769.059
85.42	796.443	-27.4265	769.016
85.44	782.287	-13.2179	769.069
85.46	795.617	-26.562	769.055
85.48	790.562	-21.5174	769.044
85.5	775.755	-6.63905	769.115
85.52	808.994	-39.9517	769.042
85.54	801.055	-31.9641	769.091
85.56	788.592	-19.4635	769.129
85.58	792.48	-23.3864	769.093
85.6	756.184	12.9984	769.183
85.62	791.688	-22.6487	769.039
85.64	799.341	-30.245	769.096
85.66	784.88	-15.8614	769.018
85.68	778.84	-9.85967	768.98
85.7	789.489	-20.419	769.071
85.72	795.457	-26.4455	769.011
85.74	777.934	-8.86795	769.066
85.76	783.339	-14.3039	769.035
85.78	791.173	-22.1785	768.994
85.8	787.774	-18.7096	769.065
85.82	799.18	-30.1972	768.982
85.84	759.85	9.22501	769.075
85.86	765.219	3.88196	769.101
85.88	772.729	-3.67718	769.052
85.9	792.426	-23.3698	769.056
85.92	794.324	-25.294	769.03
85.94	762.931	6.05715	768.988
85.96	756.88	12.0236	768.903
85.98	785.775	-16.7442	769.031
86	787.226	-18.161	769.065
86.02	807.641	-38.6274	769.013
86.04	808.671	-39.6451	769.026
86.06	802.52	-33.4907	769.03
86.08	815.565	-46.5399	769.025
86.1	815.166	-46.1652	769.001
86.12	799.982	-31.0131	768.969
86.14	784.568	-15.5397	769.028
86.16	800.162	-31.2788	768.884
86.18	767.373	1.54933	768.923
86.2	793.705	-24.7123	768.993
86.22	790.683	-21.6853	768.997
86.24	790.303	-21.2954	769.008
86.26	792.701	-23.7177	768.984
86.28	803.928	-34.9474	768.981
86.3	812.084	-43.0733	769.01
86.32	806.354	-37.3906	768.963
86.34	765.704	3.36154	769.065
86.36	789.986	-21.0727	768.913
86.38	777.717	-8.69482	769.022
86.4	781.143	-12.1147	769.028
86.42	792.12	-23.1117	769.008
86.44	791.981	-22.9859	768.995
86.46	792.019	-22.9638	769.055
86.48	810.986	-41.9315	769.054
86.5	804.881	-35.8308	769.05
86.52	772.435	-3.41869	769.016
86.54	783.678	-14.7073	768.971
86.56	807.43	-38.3874	769.043
86.58	809.023	-39.9792	769.044
86.6	793.881	-24.8007	769.08
86.62	799.687	-30.664	769.023
86.64	794.494	-25.4763	769.018
86.66	790.991	-21.9647	769.026
86.68	797.491	-28.4569	769.034
86.7	802.101	-33.1013	768.999
86.72	805.136	-36.1194	769.017
86.74	792.97	-23.902	769.068
86.76	804.962	-35.9223	769.04
86.78	804.34	-35.3058	769.034
86.8	802.427	-33.3993	769.028
86.82	801.348	-32.3149	769.033
86.84	798.947	-29.9168	769.03
86.86	797.162	-28.1334	769.029
86.88	784.051	-15.0559	768.995
86.9	761.074	7.91666	768.991
86.92	771.032	-2.04142	768.99
86.94	790.976	-22.004	768.972
86.96	790.746	-21.7762	768.969
86.98	792.961	-24.0289	768.932
87	791.316	-22.3276	768.989
87.02	797.455	-28.5115	768.943
87.04	790.645	-21.68	768.965
87.06	801.187	-32.2402	768.946
87.08	794.683	-25.7191	768.964
87.1	783.027	-14.0914	768.936
87.12	774.474	-5.52089	768.953
87.14	787.62	-18.6622	768.958
87.16	807.333	-38.3753	768.958
87.18	798.351	-29.4634	768.887
87.2	786.92	-17.9759	768.944
87.22	806.096	-37.1345	768.961
87.24	796.365	-27.3751	768.99
87.26	773.053	-4.02364	769.029
87.28	781.729	-12.8195	768.91
87.3	763.016	5.97232	768.988
87.32	781.573	-12.5839	768.989
87.34	803.362	-34.3756	768.987
87.36	805.883	-36.8759	769.007
87.38	805.354	-36.3794	768.975
87.4	779.91	-10.915	768.995
87.42	797.437	-28.5736	768.864
87.44	791.205	-22.2282	768.977
87.46	804.534	-35.6135	768.92
87.48	793.918	-24.948	768.97
87.5	795.855	-26.9163	768.939
87.52	797.116	-28.1904	768.926
87.54	732.686	36.4821	769.168
87.56	761.279	7.70497	768.984
87.58	793.019	-24.0874	768.932
87.6	798.52	-29.5472	768.973
87.62	805.613	-36.6597	768.953
87.64	808.813	-39.8622	768.951
87.66	808.259	-39.2866	768.972
87.68	810.291	-41.3127	768.979
87.7	803.901	-34.9134	768.988
87.72	798.723	-29.807	768.916
87.74	791.906	-22.9527	768.953
87.76	803.518	-34.6029	768.915
87.78	795.524	-26.6311	768.893
87.8	779.918	-10.992	768.926
87.82	795.509	-26.6065	768.902
87.84	783.361	-14.3996	768.961
87.86	799.662	-30.784	768.878
87.88	798.671	-29.7875	768.884
87.9	772.886	-3.94332	768.943
87.92	776.275	-7.35376	768.921
87.94	787.823	-18.9199	768.903
87.96	787.708	-18.7571	768.951
87.98	789.795	-20.866	768.929
88	768.242	0.676234	768.918
88.02	767.258	1.61337	768.872
88.04	774.765	-5.87444	768.89
88.06	782.917	-13.9872	768.93
88.08	799.91	-30.9924	768.918
88.1	781.872	-12.9279	768.944
88.12	788.994	-20.1249	768.869
88.14	796.255	-27.3776	768.877
88.16	792.697	-23.7838	768.913
88.18	775.454	-6.52512	768.929
88.2	784.559	-15.6875	768.872
88.22	804.51	-35.5983	768.912
88.24	799.493	-30.5568	768.936
88.26	799.81	-30.8527	768.957
88.28	799.043	-30.0943	768.949
88.3	774.022	-5.1044	768.918
88.32	771.403	-2.49298	768.91
88.34	786.691	-17.7469	768.944
88.36	792.116	-23.1263	768.99
88.38	800.432	-31.4582	768.974
88.4	795.915	-26.9429	768.972
88.42	782.795	-13.8129	768.982
88.44	786.261	-17.2386	769.023
88.46	783.267	-14.2147	769.053
88.48	780.167	-11.1547	769.012
88.5	760.397	8.72496	769.122
88.52	789.537	-20.5441	768.993
88.54	776.73	-7.61846	769.111
88.56	799.488	-30.4059	769.082
88.58	801.181	-32.0924	769.089
88.6	806.025	-36.9678	769.057
88.62	798.798	-29.695	769.103
88.64	797.953	-28.87	769.083
88.66	799.763	-30.7421	769.021
88.68	773.76	-4.66797	769.092
88.7	781.412	-12.3544	769.058
88.72	783.964	-14.871	769.093
88.74	798.165	-29.1081	769.057
88.76	799.572	-30.4976	769.074
88.78	810.263	-41.1872	769.076
88.8	813.818	-44.7493	769.068
88.82	767.608	1.42036	769.028
88.84	780.373	-11.4176	768.956
88.86	812.256	-43.247	769.009
88.88	811.84	-42.8021	769.037
88.9	797.018	-28.0322	768.986
88.92	775.823	-6.75041	769.072
88.94	796.541	-27.4674	769.074
88.96	805.701	-36.5959	769.106
88.98	802.534	-33.4719	769.062
89	760.319	8.901	769.22
89.02	777.119	-8.03409	769.085
89.04	774.754	-5.68806	769.066
89.06	777.114	-8.0285	769.085
89.08	783.782	-14.6844	769.098
89.1	801.813	-32.7412	769.071
89.12	808.677	-39.5824	769.094
89.14	805.877	-36.8107	769.066
89.16	794.143	-25.0402	769.103
89.18	789.722	-20.6167	769.105
89.2	790.614	-21.5296	769.085
89.22	788.818	-19.7694	769.049
89.24	769.551	-0.411096	769.14
89.26	788.012	-18.9371	769.075
89.28	803.498	-34.4078	769.09
89.3	810.937	-41.8724	769.065
89.32	808.738	-39.732	769.006
89.34	795.95	-26.9247	769.026
89.36	791.745	-22.7253	769.02
89.38	784.673	-15.6628	769.01
89.4	772.292	-3.31836	768.974
89.42	772.854	-3.86823	768.986
89.44	792.022	-23.045	768.977
89.46	792.921	-23.9558	768.965
89.48	776.782	-7.76225	769.019
89.5	786.955	-17.9271	769.028
89.52	799.413	-30.4146	768.999
89.54	798.3	-29.3675	768.933
89.56	753.702	15.3877	769.09
89.58	795.219	-26.2765	768.943
89.6	804.594	-35.6405	768.953
89.62	771.734	-2.73519	768.998
89.64	754.185	14.7343	768.919
89.66	740.752	28.2541	769.007
89.68	777.731	-8.81364	768.917
89.7	777.054	-8.13921	768.914
89.72	798.903	-29.9892	768.913
89.74	806.238	-37.274	768.964
89.76	774.664	-5.74897	768.915
89.78	780.005	-11.1149	768.89
89.8	804.993	-36.0638	768.929
89.82	787.279	-18.3416	768.937
89.84	770.631	-1.62566	769.006
89.86	787.736	-18.7997	768.936
89.88	777.149	-8.17347	768.975
89.9	782.631	-13.6617	768.969
89.92	786.983	-17.9588	769.024
89.94	809.271	-40.25	769.021
89.96	817.371	-48.3434	769.027
89.98	813.082	-44.0636	769.018
90	808.74	-39.7156	769.025
90.02	797.65	-28.6134	769.036
90.04	778.325	-9.28241	769.042
90.06	770.358	-1.32408	769.034
90.08	774.287	-5.32855	768.959
90.1	753.878	15.2263	769.104
90.12	790.294	-21.2611	769.033
90.14	807.545	-38.497	769.048
90.16	806.344	-37.2723	769.071
90.18	802.3	-33.234	769.066
90.2	805.008	-35.9284	769.08
90.22	807.623	-38.5561	769.067
90.24	802.787	-33.6759	769.111
90.26	801.706	-32.6307	769.075
90.28	799.815	-30.6934	769.122
90.3	805.617	-36.5023	769.115
90.32	806.794	-37.7328	769.061
90.34	771.028	-2.00191	769.027
90.36	766.434	2.54449	768.979
90.38	790.566	-21.4954	769.071
90.4	776.506	-7.39034	769.115
90.42	779.529	-10.4524	769.076
90.44	782.251	-13.1856	769.065
90.46	774.639	-5.54536	769.094
90.48	804.962	-35.886	769.076
90.5	793.249	-24.1288	769.12
90.52	786.523	-17.3767	769.146
90.54	801.392	-32.321	769.071
90.56	782.717	-13.639	769.078
90.58	744.748	24.3957	769.144
90.6	782.742	-13.6856	769.056
90.62	792.431	-23.3073	769.124
90.64	796.65	-27.6324	769.018
90.66	761.768	7.37787	769.146
90.68	792.202	-23.2012	769.001
90.7	787.069	-18.0838	768.985
90.72	774.806	-5.94615	768.86
90.74	772.993	-4.05373	768.939
90.76	796.525	-27.5431	768.982
90.78	757.098	12.0866	769.185
90.8	797.434	-28.4853	768.948
90.82	776.309	-7.34796	768.961
90.84	775.267	-6.25864	769.009
90.86	794.189	-25.1573	769.032
90.88	806.525	-37.5178	769.007
90.9	806.646	-37.6431	769.003
90.92	781.641	-12.6016	769.04
90.94	790.354	-21.3595	768.994
90.96	792.682	-23.6639	769.018
90.98	784.013	-15.006	769.007
91	758.002	11.0377	769.039
91.02	781.787	-12.7862	769.001
91.04	784.628	-15.5931	769.035
91.06	788.823	-19.8028	769.02
91.08	779.942	-10.9372	769.004
91.1	767.849	1.22512	769.074
91.12	809.522	-40.52	769.002
91.14	812.722	-43.7114	769.011
91.16	806.064	-37.0691	768.995
91.18	793.315	-24.2877	769.027
91.2	800.462	-31.481	768.981
91.22	786.975	-17.993	768.982
91.24	784.286	-15.3042	768.981
91.26	798.378	-29.406	768.972
91.28	792.291	-23.3443	768.947
91.3	778.584	-9.55877	769.025
91.32	801.379	-32.3955	768.984
91.34	792.364	-23.3689	768.995
91.36	781.538	-12.5261	769.012
91.38	770.867	-1.80519	769.062
91.4	800.775	-31.7685	769.006
91.42	808.614	-39.6088	769.005
91.44	792.207	-23.1872	769.02
91.46	786.639	-17.6533	768.986
91.48	783.467	-14.4849	768.982
91.5	773.818	-4.81314	769.005
91.52	784.812	-15.7936	769.018
91.54	800.244	-31.1858	769.058
91.56	814.81	-45.7734	769.037
91.58	802.291	-33.1866	769.105
91.6	796.534	-27.5154	769.018
91.62	781.06	-12.0048	769.055
91.64	787.278	-18.2659	769.012
91.66	774.862	-5.90991	768.952
91.68	768.473	0.517043	768.99
91.7	785.971	-16.9306	769.041
91.72	803.519	-34.4525	769.067
91.74	804.507	-35.4224	769.084
91.76	799.585	-30.4886	769.096
91.78	806.159	-37.0818	769.078
91.8	798.666	-29.5851	769.08
91.82	791.904	-22.8323	769.071
91.84	779.956	-10.853	769.103
91.86	794.481	-25.4204	769.06
91.88	796.812	-27.6628	769.149
91.9	796.476	-27.324	769.152
91.92	799.156	-29.9941	769.162
91.94	797.319	-28.207	769.112
91.96	769.483	-0.295785	769.187
91.98	769.108	0.0176684	769.125
92	763.851	5.36748	769.218
92.02	798.55	-29.4539	769.096
92.04	777.132	-8.10806	769.024
92.06	765.021	3.98951	769.01
92.08	776.075	-6.98304	769.092
92.1	794.582	-25.5335	769.049
92.12	800.276	-31.2102	769.066
92.14	801.984	-32.927	769.057
92.16	770.069	-0.998323	769.07
92.18	781.108	-12.0853	769.022
92.2	791.176	-22.129	769.047
92.22	797.95	-28.8725	769.078
92.24	801.042	-31.9559	769.086
92.26	801.91	-32.8277	769.082
92.28	802.344	-33.2666	769.078
92.3	786.613	-17.483	769.13
92.32	803.936	-34.8326	769.103
92.34	807.873	-38.7669	769.106
92.36	783.864	-14.7907	769.073
92.38	759.15	9.93413	769.085
92.4	766.156	2.9367	769.093
92.42	787.117	-18.0203	769.097
92.44	790.445	-21.3099	769.135
92.46	789.82	-20.7306	769.09
92.48	764.398	4.71338	769.111
92.5	783.33	-14.2817	769.048
92.52	791.709	-22.6047	769.104
92.54	773.325	-4.22737	769.098
92.56	779.855	-10.7602	769.095
92.58	777.663	-8.55286	769.111
92.6	771.695	-2.54874	769.146
92.62	785.626	-16.5019	769.124
92.64	796.655	-27.5294	769.125
92.66	796.224	-27.1049	769.119
92.68	785.716	-16.6184	769.098
92.7	769.999	-0.871537	769.128
92.72	776.115	-6.97793	769.137
92.74	796.495	-27.3876	769.107
92.76	803.585	-34.4436	769.141
92.78	802.686	-33.562	769.124
92.8	778.623	-9.4841	769.139
92.82	781.149	-12.0332	769.116
92.84	768.39	0.873255	769.264
92.86	785.315	-16.2262	769.089
92.88	782.984	-13.8792	769.105
92.9	784.528	-15.4774	769.05
92.92	770.89	-1.84459	769.045
92.94	751.438	17.7229	769.16
92.96	782.587	-13.6076	768.98
92.98	783.705	-14.6801	769.025
93	785.195	-16.2234	768.971
93.02	751.851	17.2421	769.093
93.04	789.877	-20.8979	768.979
93.06	800.943	-31.9329	769.01
93.08	791.996	-22.9907	769.006
93.1	751.701	17.3755	769.076
93.12	783.147	-14.1206	769.026
93.14	803.126	-34.1086	769.017
93.16	796.563	-27.57	768.993
93.18	784.034	-15.0109	769.023
93.2	773.082	-4.05792	769.024
93.22	761.579	7.43542	769.015
93.24	768.771	0.238007	769.009
93.26	765.137	3.92006	769.057
93.28	795.721	-26.7094	769.011
93.3	809.31	-40.2312	769.079
93.32	810.251	-41.1583	769.092
93.34	808.567	-39.4511	769.116
93.36	805.497	-36.3546	769.142
93.38	800.059	-30.9383	769.121
93.4	767.331	1.74023	769.071
93.42	763.964	5.16508	769.13
93.44	810.523	-41.4466	769.077
93.46	813.11	-44.0007	769.109
93.48	814.739	-45.6326	769.107
93.5	808.109	-39.0423	769.067
93.52	792.911	-23.8136	769.098
93.54	788.984	-19.9691	769.015
93.56	772.283	-3.17613	769.107
93.58	784.592	-15.5332	769.059
93.6	801.208	-32.1656	769.042
93.62	808.918	-39.8555	769.063
93.64	801.41	-32.3808	769.029
93.66	784.661	-15.6581	769.003
93.68	770.984	-1.93213	769.052
93.7	784.851	-15.8871	768.964
93.72	765.39	3.65086	769.041
93.74	774.757	-5.79311	768.963
93.76	756.409	12.6322	769.042
93.78	784.445	-15.4894	768.956
93.8	767.366	1.70343	769.07
93.82	800.288	-31.3529	768.935
93.84	811.481	-42.5094	768.971
93.86	810.052	-41.0669	768.985
93.88	810.656	-41.6718	768.984
93.9	782.803	-13.9469	768.856
93.92	790.92	-22.0121	768.908
93.94	801.37	-32.4156	768.954
93.96	765.134	3.83125	768.965
93.98	756.281	12.625	768.906
94	775.207	-6.22087	768.986
94.02	802.111	-33.1368	768.974
94.04	802.918	-33.9408	768.977
94.06	782.472	-13.4387	769.033
94.08	783.75	-14.7482	769.002
94.1	783.318	-14.4024	768.916
94.12	773.497	-4.53231	768.965
94.14	787.481	-18.4705	769.011
94.16	800.423	-31.4512	768.972
94.18	794.19	-25.2262	768.964
94.2	794.449	-25.5164	768.933
94.22	802.283	-33.3126	768.97
94.24	816.505	-47.5662	768.939
94.26	794.079	-25.1898	768.889
94.28	766.792	2.20134	768.994
94.3	805.47	-36.5484	768.922
94.32	788.076	-19.1305	768.945
94.34	780.239	-11.3485	768.89
94.36	763.22	5.70389	768.924
94.38	766.035	2.91512	768.95
94.4	803.218	-34.338	768.88
94.42	797.032	-28.0742	768.957
94.44	794.617	-25.6611	768.956
94.46	795.347	-26.3645	768.983
94.48	801.368	-32.402	768.966
94.5	796.506	-27.516	768.99
94.52	798.754	-29.7623	768.991
94.54	790.129	-21.09	769.039
94.56	800.566	-31.6121	768.954
94.58	797.241	-28.2809	768.96
94.6	761.093	7.88015	768.973
94.62	790.606	-21.6932	768.913
94.64	797.895	-28.8901	769.004
94.66	795.141	-26.0896	769.052
94.68	798.002	-28.9546	769.047
94.7	793.237	-24.22	769.017
94.72	791.654	-22.6459	769.008
94.74	783.379	-14.3917	768.987
94.76	775.67	-6.65372	769.016
94.78	796.658	-27.5968	769.061
94.8	809.2	-40.2201	768.98
94.82	765.917	3.15565	769.073
94.84	759.579	9.46201	769.041
94.86	780.501	-11.4958	769.005
94.88	780.877	-11.8424	769.035
94.9	789.561	-20.5704	768.991
94.92	792.452	-23.4401	769.012
94.94	800.618	-31.6025	769.016
94.96	802.596	-33.5531	769.043
94.98	806.971	-37.9482	769.022
95	785.239	-16.2093	769.03
95.02	773.493	-4.47164	769.021
95.04	786.785	-17.8366	768.948
95.06	782.748	-13.7249	769.024
95.08	804.475	-35.49	768.985
95.1	806.086	-37.0618	769.024
95.12	795.956	-27.0257	768.93
95.14	756.828	12.1979	769.026
95.16	785.262	-16.2563	769.005
95.18	809.925	-40.918	769.007
95.2	796.048	-27.0368	769.011
95.22	806.309	-37.347	768.962
95.24	795.152	-26.1342	769.018
95.26	763.393	5.70535	769.099
95.28	798.966	-29.9512	769.015
95.3	802.07	-33.0717	768.999
95.32	797.457	-28.4523	769.005
95.34	795.475	-26.4452	769.03
95.36	789.335	-20.2859	769.049
95.38	802.922	-33.874	769.048
95.4	793.504	-24.4314	769.072
95.42	782.877	-13.8194	769.058
95.44	792.786	-23.7475	769.039
95.46	798.993	-29.9313	769.062
95.48	800.453	-31.3968	769.057
95.5	795.618	-26.5704	769.048
95.52	783.847	-14.8468	769
95.54	746.813	22.2776	769.091
95.56	790.395	-21.3328	769.062
95.58	801.205	-32.1301	769.075
95.6	799.277	-30.1644	769.112
95.62	787.306	-18.203	769.103
95.64	780.54	-11.4587	769.081
95.66	785.844	-16.7983	769.046
95.68	796.975	-27.9383	769.037
95.7	777.229	-8.1656	769.063
95.72	781.741	-12.7734	768.967
95.74	790.94	-21.9095	769.03
95.76	801.984	-32.989	768.995
95.78	790.823	-21.8424	768.981
95.8	777.42	-8.4627	768.957
95.82	777.854	-8.91327	768.941
95.84	791.654	-22.645	769.009
95.86	802.608	-33.5912	769.017
95.88	803.873	-34.8666	769.006
95.9	787.699	-18.7025	768.997
95.92	784.002	-15.0065	768.995
95.94	782.425	-13.3376	769.087
95.96	794.4	-25.3681	769.031
95.98	744.327	24.8556	769.182
96	769.89	-0.820534	769.07
96.02	808.438	-39.3797	769.058
96.04	803.37	-34.3047	769.065
96.06	791.147	-22.0919	769.055
96.08	791.91	-22.7787	769.131
96.1	810.617	-41.5301	769.087
96.12	798.21	-29.0671	769.143
96.14	784.146	-14.9962	769.15
96.16	793.523	-24.4277	769.095
96.18	781.564	-12.488	769.076
96.2	803.895	-34.8654	769.03
96.22	805.319	-36.2251	769.094
96.24	799.706	-30.6043	769.102
96.26	777.451	-8.33867	769.113
96.28	784.845	-15.8318	769.014
96.3	754.384	14.7531	769.137
96.32	805.351	-36.3133	769.037
96.34	809.407	-40.3232	769.084
96.36	800.616	-31.5161	769.1
96.38	799.471	-30.3876	769.083
96.4	795.801	-26.6859	769.115
96.42	778.717	-9.62238	769.094
96.44	775.361	-6.24368	769.117
96.46	795.668	-26.5968	769.071
96.48	781.601	-12.5708	769.03
96.5	776.736	-7.67152	769.064
96.52	793.68	-24.6355	769.045
96.54	797.177	-28.0913	769.086
96.56	804.609	-35.5249	769.084
96.58	802.063	-32.9774	769.085
96.6	794.866	-25.8216	769.045
96.62	754.383	14.7088	769.092
96.64	774.845	-5.82193	769.023
96.66	800.01	-30.9746	769.035
96.68	793.396	-24.3853	769.01
96.7	777.959	-9.05484	768.904
96.72	755.496	13.4989	768.995
96.74	781.99	-12.9665	769.024
96.76	803.66	-34.686	768.974
96.78	805.457	-36.4589	768.998
96.8	786.415	-17.3901	769.025
96.82	776.976	-7.96611	769.01
96.84	791.206	-22.2106	768.995
96.86	792.255	-23.212	769.043
96.88	801.83	-32.7777	769.053
96.9	805.102	-36.0133	769.089
96.92	805.135	-36.069	769.066
96.94	781.908	-12.8167	769.091
96.96	774.665	-5.60645	769.059
96.98	790.845	-21.7958	769.049
97	792.941	-23.9376	769.004
97.02	748.145	20.9582	769.103
97.04	774.121	-5.1379	768.983
97.06	791.283	-22.2645	769.019
97.08	796.034	-26.9685	769.065
97.1	794.147	-25.0878	769.06
97.12	789.874	-20.8145	769.06
97.14	789.365	-20.2734	769.091
97.16	795.624	-26.5489	769.076
97.18	801.177	-32.1551	769.022
97.2	784.118	-15.0542	769.064
97.22	783.009	-13.9624	769.046
97.24	786.15	-17.1105	769.04
97.26	774.142	-5.1005	769.041
97.28	765.051	4.04178	769.092
97.3	798.933	-29.9421	768.991
97.32	797.291	-28.251	769.04
97.34	783.162	-14.1054	769.057
97.36	784.735	-15.7003	769.035
97.38	778.328	-9.39679	768.931
97.4	752.881	16.1189	769
97.42	797.889	-28.8493	769.039
97.44	799.006	-29.9207	769.085
97.46	790.85	-21.7633	769.086
97.48	780.131	-11.0155	769.115
97.5	796.781	-27.6963	769.085
97.52	798.767	-29.6812	769.086
97.54	783.321	-14.2421	769.079
97.56	777.356	-8.29322	769.063
97.58	777.944	-8.87546	769.068
97.6	784.13	-15.0553	769.075
97.62	787.496	-18.4178	769.079
97.64	782.317	-13.191	769.126
97.66	797.101	-28.0987	769.003
97.68	780.899	-11.881	769.018
97.7	783.549	-14.4702	769.079
97.72	787.664	-18.5682	769.095
97.74	802.465	-33.3994	769.066
97.76	795.244	-26.2079	769.036
97.78	774.436	-5.33374	769.103
97.8	793.725	-24.7261	768.999
97.82	790.999	-21.9409	769.058
97.84	779.138	-10.0326	769.105
97.86	783.001	-13.95	769.051
97.88	768.715	0.411598	769.126
97.9	792.991	-23.9669	769.024
97.92	784.947	-15.8802	769.067
97.94	793.441	-24.3806	769.06
97.96	797.304	-28.1806	769.123
97.98	797.769	-28.6661	769.103
98	775.389	-6.26638	769.122
98.02	770.826	-1.7467	769.079
98.04	775.08	-5.97049	769.109
98.06	792.755	-23.628	769.127
98.08	806.326	-37.2053	769.12
98.1	805.573	-36.4382	769.134
98.12	796.669	-27.5378	769.132
98.14	784.773	-15.6404	769.133
98.16	784.919	-15.7969	769.122
98.18	780.27	-11.1264	769.143
98.2	786.481	-17.3297	769.151
98.22	799.327	-30.1723	769.155
98.24	791.105	-21.9569	769.148
98.26	783.985	-14.8499	769.135
98.28	792.734	-23.5768	769.157
98.3	807.352	-38.2375	769.115
98.32	787.463	-18.5082	768.955
98.34	751.512	17.5058	769.018
98.36	787.634	-18.5551	769.079
98.38	791.754	-22.6425	769.111
98.4	788.707	-19.586	769.121
98.42	791.801	-22.7081	769.093
98.44	783.331	-14.2869	769.044
98.46	764.3	4.73633	769.036
98.48	776.819	-7.79299	769.026
98.5	803.731	-34.6816	769.05
98.52	802.934	-33.9014	769.033
98.54	783.695	-14.6716	769.023
98.56	765.952	3.05121	769.003
98.58	748.606	20.4336	769.039
98.6	777.66	-8.63986	769.02
98.62	793.059	-23.9725	769.086
98.64	799.164	-30.1085	769.056
98.66	788.746	-19.6616	769.084
98.68	794.237	-25.1714	769.066
98.7	792.683	-23.6352	769.048
98.72	791.223	-22.2042	769.018
98.74	782.801	-13.7668	769.034
98.76	781.188	-12.2012	768.987
98.78	784.198	-15.1905	769.007
98.8	793.069	-24.0604	769.009
98.82	805.56	-36.5514	769.009
98.84	807.695	-38.6908	769.004
98.86	798.314	-29.2994	769.015
98.88	795.279	-26.2744	769.004
98.9	804.325	-35.3592	768.966
98.92	769.748	-0.822303	768.926
98.94	776.298	-7.39052	768.908
98.96	815.066	-46.1218	768.944
98.98	817.43	-48.4543	768.976
99	798.898	-29.8887	769.009
99.02	797.168	-28.2785	768.89
99.04	795.674	-26.7844	768.889
99.06	791.214	-22.2975	768.917
99.08	771.836	-2.88191	768.954
99.1	770.463	-1.47487	768.988
99.12	791.544	-22.6772	768.867
99.14	774.17	-5.20888	768.961
99.16	774.799	-5.90661	768.893
99.18	787.401	-18.5396	768.861
99.2	799.354	-30.4206	768.934
99.22	793.123	-24.201	768.922
99.24	769.077	-0.0244328	769.053
99.26	807.072	-38.1193	768.953
99.28	796.838	-27.8493	768.989
99.3	797.384	-28.4374	768.947
99.32	790.369	-21.3888	768.98
99.34	780.944	-12.0088	768.935
99.36	778.303	-9.34959	768.953
99.38	786.887	-17.872	769.015
99.4	809.53	-40.5533	768.977
99.42	811.924	-42.9499	768.974
99.44	782.287	-13.196	769.091
99.46	800.459	-31.5068	768.952
99.48	765.407	3.574	768.981
99.5	783.397	-14.4588	768.939
99.52	814.963	-45.9592	769.003
99.54	808.966	-39.8788	769.087
99.56	799.893	-30.7922	769.101
99.58	775.666	-6.71126	768.955
99.6	766.612	2.30431	768.916
99.62	767.961	1.08464	769.045
99.64	763.633	5.36052	768.994
99.66	772.56	-3.55495	769.005
99.68	794.249	-25.2711	768.978
99.7	797.205	-28.1958	769.009
99.72	785.891	-16.86	769.03
99.74	802.099	-33.1544	768.945
99.76	774.358	-5.26753	769.091
99.78	794.704	-25.6914	769.013
99.8	806.031	-37.0155	769.015
99.82	795.901	-26.8605	769.04
99.84	782.731	-13.6873	769.044
99.86	792.151	-23.1212	769.029
99.88	794.268	-25.2319	769.036
99.9	806.266	-37.2551	769.011
99.92	798.624	-29.6201	769.004
99.94	783.115	-14.0922	769.023
99.96	794.65	-25.6505	769
99.98	799.912	-30.9096	769.002
100	785.236	-16.1691	769.067
100.02	791.138	-22.1499	768.988
100.04	781.258	-12.2906	768.967
100.06	767.22	1.79601	769.016
100.08	778.206	-9.13827	769.067
100.1	800.393	-31.3618	769.031
100.12	796.103	-27.0582	769.045
100.14	788.937	-19.8655	769.072
100.16	793.197	-24.1085	769.088
100.18	807.55	-38.4611	769.089
100.2	810.158	-41.0734	769.084
100.22	804.956	-35.8708	769.085
100.24	795.64	-26.5652	769.075
100.26	783.955	-14.8546	769.1
100.28	786.831	-17.7003	769.131
100.3	799.955	-30.8594	769.096
100.32	795.738	-26.6117	769.127
100.34	794.562	-25.4626	769.099
100.36	784.772	-15.6233	769.149
100.38	791.504	-22.425	769.079
100.4	778.472	-9.36953	769.103
100.42	785.733	-16.6571	769.076
100.44	808.964	-39.933	769.031
100.46	810.828	-41.7851	769.042
100.48	783.231	-14.1743	769.057
100.5	777.399	-8.42896	768.97
100.52	761.276	7.68191	768.958
100.54	769.225	-0.237573	768.988
100.56	794.651	-25.6582	768.993
100.58	802.879	-33.896	768.983
100.6	795.269	-26.2785	768.99
100.62	780.417	-11.4131	769.004
100.64	778.365	-9.36128	769.004
100.66	792.873	-23.9013	768.972
100.68	789.842	-20.8545	768.988
100.7	788.728	-19.9198	768.808
100.72	755.026	13.8154	768.841
100.74	795.497	-26.5296	768.968
100.76	795.168	-26.1266	769.041
100.78	783.662	-14.5962	769.066
100.8	793.617	-24.6003	769.016
100.82	795.662	-26.6535	769.009
100.84	765.958	3.07971	769.038
100.86	775.552	-6.52682	769.025
100.88	785.382	-16.3162	769.066
100.9	798.496	-29.4954	769
100.92	776.337	-7.24344	769.093
100.94	797.76	-28.7679	768.992
100.96	799.746	-30.6813	769.065
100.98	770.971	-1.99526	768.976
101	785.023	-16.0391	768.983
101.02	798.122	-29.0271	769.095
101.04	789.033	-19.9273	769.106
101.06	781.848	-12.7216	769.127
101.08	798.833	-29.7664	769.066
101.1	805.2	-36.121	769.079
101.12	790.321	-21.2261	769.095
101.14	780.079	-11.0154	769.063
101.16	776.558	-7.48122	769.077
101.18	795.034	-25.9695	769.064
101.2	799.108	-30.0307	769.078
101.22	792.98	-23.9132	769.066
101.24	778.014	-8.8502	769.164
101.26	804.243	-35.1668	769.076
101.28	806.818	-37.7273	769.091
101.3	788.669	-19.5604	769.109
101.32	773.932	-4.83679	769.095
101.34	760.997	8.10125	769.098
101.36	776.118	-7.06286	769.055
101.38	766.851	2.2592	769.11
101.4	803.225	-34.2014	769.023
101.42	794.358	-25.2448	769.113
101.44	789.453	-20.3835	769.07
101.46	779.106	-10.0543	769.051
101.48	762.915	6.16404	769.079
101.5	803.068	-34.0948	768.973
101.52	791.073	-22.0382	769.035
101.54	742.071	27.0034	769.074
101.56	768.516	0.472727	768.989
101.58	797.9	-28.8849	769.016
101.6	778.126	-9.05423	769.072
101.62	782.801	-13.7469	769.055
101.64	802.83	-33.7879	769.043
101.66	801.184	-32.0861	769.098
101.68	789.721	-20.5989	769.123
101.7	778.649	-9.55679	769.092
101.72	770.133	-1.01004	769.123
101.74	788.105	-19.0014	769.103
101.76	790.966	-21.8694	769.097
101.78	755.233	13.9621	769.195
101.8	769.689	-0.582459	769.107
101.82	780.983	-11.8365	769.147
101.84	798.511	-29.3637	769.147
101.86	796.228	-27.2045	769.023
101.88	802.671	-33.6404	769.03
101.9	814.724	-45.6088	769.116
101.92	775.335	-6.15903	769.176
101.94	789.335	-20.3058	769.03
101.96	776.104	-6.95826	769.146
101.98	786.796	-17.6974	769.099
102	782.182	-13.0751	769.107
102.02	792.076	-22.9754	769.101
102.04	772.7	-3.57982	769.12
102.06	773.482	-4.3781	769.104
102.08	793.925	-24.8257	769.099
102.1	785.371	-16.3618	769.009
102.12	755.543	13.6108	769.154
102.14	794.066	-25.0172	769.048
102.16	786.634	-17.5236	769.11
102.18	803.321	-34.2208	769.1
102.2	805.406	-36.3193	769.086
102.22	796.986	-27.9143	769.072
102.24	792.368	-23.3006	769.068
102.26	803.456	-34.4225	769.033
102.28	800.217	-31.1802	769.037
102.3	781.013	-11.9315	769.081
102.32	780.955	-11.885	769.07
102.34	796.367	-27.361	769.006
102.36	762.738	6.42433	769.162
102.38	793.073	-23.9813	769.092
102.4	794.325	-25.2075	769.117
102.42	790.959	-21.8586	769.1
102.44	774.73	-5.59631	769.134
102.46	780.176	-11.0887	769.088
102.48	789.229	-20.1087	769.12
102.5	803.71	-34.605	769.105
102.52	810.495	-41.3865	769.108
102.54	800.637	-31.5612	769.076
102.56	789.373	-20.3124	769.06
102.58	781.367	-12.3431	769.023
102.6	775.713	-6.69826	769.015
102.62	781.12	-12.1224	768.997
102.64	773.033	-3.95424	769.078
102.66	796.475	-27.4672	769.007
102.68	804.253	-35.2359	769.017
102.7	802.336	-33.3228	769.014
102.72	787.985	-18.9586	769.026
102.74	774.175	-5.29061	768.884
102.76	763.921	5.00245	768.924
102.78	789.481	-20.5216	768.959
102.8	755.994	12.961	768.955
102.82	760.095	8.88802	768.983
102.84	795.949	-26.9666	768.983
102.86	795.097	-26.0906	769.007
102.88	801.651	-32.7014	768.95
102.9	792.35	-23.3369	769.013
102.92	788.45	-19.5121	768.938
102.94	785.075	-16.0643	769.011
102.96	805.667	-36.6516	769.015
102.98	804.407	-35.4157	768.992
103	804.892	-35.9103	768.982
103.02	809.863	-40.8947	768.969
103.04	794.285	-25.291	768.994
103.06	773.252	-4.28399	768.968
103.08	773.191	-4.21343	768.977
103.1	797.523	-28.5123	769.01
103.12	799.736	-30.7355	769
103.14	794.539	-25.5084	769.031
103.16	802.5	-33.4889	769.011
103.18	815.365	-46.3428	769.022
103.2	814.555	-45.5656	768.989
103.22	789.177	-20.1815	768.995
103.24	759.165	9.86154	769.026
103.26	791.135	-22.1779	768.958
103.28	809.173	-40.1467	769.026
103.3	802.278	-33.2434	769.035
103.32	792.963	-23.9021	769.06
103.34	801.572	-32.5471	769.024
103.36	788.667	-19.5681	769.099
103.38	803.413	-34.3459	769.067
103.4	793.707	-24.6352	769.072
103.42	774.822	-5.82754	768.994
103.44	753.918	15.0404	768.958
103.46	765.512	3.50448	769.017
103.48	770.037	-0.988611	769.048
103.5	798.557	-29.5707	768.986
103.52	794.81	-25.8154	768.995
103.54	773.907	-4.90874	768.999
103.56	794.39	-25.4537	768.936
103.58	787.586	-18.6079	768.978
103.6	785.652	-16.7063	768.946
103.62	791.652	-22.6987	768.953
103.64	789.251	-20.278	768.973
103.66	784.599	-15.6419	768.957
103.68	775.699	-6.70433	768.995
103.7	803.857	-34.8696	768.987
103.72	795.07	-26.1047	768.966
103.74	757.857	11.1389	768.996
103.76	765.648	3.35708	769.005
103.78	792.554	-23.5638	768.99
103.8	797.859	-28.8275	769.031
103.82	792.121	-23.1337	768.987
103.84	780.076	-11.0683	769.007
103.86	793.212	-24.1765	769.036
103.88	811.06	-42.0614	768.999
103.9	788.193	-19.2007	768.992
103.92	787.123	-18.1723	768.951
103.94	789.1	-20.1374	768.963
103.96	774.302	-5.23236	769.07
103.98	803.976	-34.989	768.987
104	808.634	-39.6281	769.006
104.02	794.636	-25.6489	768.987
104.04	772.785	-3.74551	769.039
104.06	749.607	19.3454	768.953
104.08	784.591	-15.6886	768.903
104.1	783.803	-14.7382	769.065
104.12	803.242	-34.2613	768.981
104.14	799.509	-30.4754	769.034
104.16	809.199	-40.1982	769.001
104.18	802.13	-33.1547	768.976
104.2	772.657	-3.69327	768.964
104.22	774.037	-5.11352	768.923
104.24	787.274	-18.2442	769.03
104.26	800.925	-32	768.925
104.28	777.944	-8.92385	769.02
104.3	764.113	4.80693	768.92
104.32	785.2	-16.3415	768.858
104.34	788.806	-19.8146	768.991
104.36	780.645	-11.6837	768.961
104.38	772.349	-3.36999	768.979
104.4	764.063	4.91432	768.978
104.42	782.405	-13.4351	768.97
104.44	800.02	-31.0032	769.016
104.46	800.203	-31.1919	769.011
104.48	796.256	-27.2514	769.004
104.5	782.767	-13.7509	769.016
104.52	778.533	-9.51563	769.017
104.54	773.949	-4.99145	768.957
104.56	778.629	-9.74316	768.886
104.58	775.85	-7.0734	768.777
104.6	763.768	5.0819	768.85
104.62	803.188	-34.1756	769.013
104.64	811.932	-42.9112	769.021
104.66	808.453	-39.4186	769.035
104.68	800.999	-31.9444	769.055
104.7	795.309	-26.2132	769.096
104.72	796.971	-27.864	769.107
104.74	806.789	-37.7075	769.081
104.76	801.23	-32.1377	769.093
104.78	796.298	-27.2195	769.078
104.8	786.764	-17.6458	769.118
104.82	795.436	-26.2974	769.139
104.84	790.168	-21.1543	769.014
104.86	768.796	0.26509	769.061
104.88	799.614	-30.4666	769.147
104.9	804.9	-35.7424	769.158
104.92	808.797	-39.6564	769.14
104.94	806.805	-37.6793	769.125
104.96	804.076	-34.9754	769.101
104.98	791.664	-22.6076	769.056
105	767.777	1.35534	769.132
105.02	798.376	-29.3604	769.016
105.04	794.408	-25.306	769.102
105.06	800.052	-30.9782	769.074
105.08	802.102	-33.0134	769.088
105.1	804.465	-35.3807	769.085
105.12	796.48	-27.4116	769.069
105.14	788.78	-19.7734	769.006
105.16	774.093	-5.05781	769.035
105.18	759.983	9.2916	769.275
105.2	782.525	-13.3971	769.128
105.22	776.567	-7.41531	769.152
105.24	791.745	-22.6751	769.07
105.26	783.748	-14.6754	769.073
105.28	786.19	-17.1267	769.063
105.3	785.899	-16.8996	768.999
105.32	760.009	9.08458	769.094
105.34	766.428	2.56062	768.989
105.36	775.504	-6.51907	768.985
105.38	808.06	-38.9929	769.067
105.4	811.913	-42.8971	769.016
105.42	767.926	1.19236	769.119
105.44	795.919	-26.8955	769.024
105.46	799.567	-30.496	769.071
105.48	782.119	-13.0541	769.065
105.5	779.174	-10.1135	769.06
105.52	789.78	-20.706	769.074
105.54	796.872	-27.7766	769.095
105.56	799.868	-30.7708	769.097
105.58	800.202	-31.0854	769.117
105.6	790.786	-21.742	769.044
105.62	747.652	21.4727	769.124
105.64	773.473	-4.41308	769.059
105.66	774.463	-5.4156	769.047
105.68	803.118	-34.1139	769.004
105.7	797.361	-28.33	769.031
105.72	792.998	-24.0044	768.993
105.74	779.011	-9.94933	769.062
105.76	784.034	-15.0394	768.994
105.78	801.426	-32.5117	768.915
105.8	795.569	-26.6299	768.939
105.82	753.328	15.7022	769.03
105.84	789.514	-20.6125	768.902
105.86	805.465	-36.5213	768.943
105.88	787.415	-18.4329	768.982
105.9	791.084	-22.1043	768.98
105.92	806.788	-37.7818	769.006
105.94	814.213	-45.2839	768.929
105.96	764.631	4.22693	768.858
105.98	745.457	23.3531	768.81
106	786.608	-17.7281	768.88
106.02	794.087	-25.119	768.968
106.04	792.302	-23.3798	768.922
106.06	769.253	-0.260139	768.993
106.08	778.974	-10.0225	768.951
106.1	802.628	-33.6743	768.954
106.12	792.594	-23.7011	768.893
106.14	778.779	-9.94563	768.833
106.16	775.008	-6.09789	768.91
106.18	793.316	-24.3991	768.916
106.2	794.631	-25.6443	768.986
106.22	794.495	-25.5465	768.949
106.24	793.514	-24.6062	768.908
106.26	754.064	15.0792	769.143
106.28	802.777	-33.8542	768.922
106.3	806.673	-37.7553	768.918
106.32	789.34	-20.5472	768.793
106.34	785.44	-16.7449	768.695
106.36	809.313	-40.3397	768.974
106.38	799.478	-30.483	768.995
106.4	799.481	-30.5079	768.974
106.42	782.259	-13.2799	768.979
106.44	779.874	-10.8798	768.995
106.46	787.428	-18.5253	768.902
106.48	776.661	-7.74463	768.917
106.5	775.84	-6.86723	768.972
106.52	775.402	-6.5332	768.869
106.54	757.768	11.2532	769.022
106.56	794.24	-25.303	768.937
106.58	773.678	-4.72761	768.95
106.6	756.376	12.6188	768.995
106.62	792.529	-23.5939	768.935
106.64	815.537	-46.579	768.958
106.66	793.865	-24.9247	768.941
106.68	781.012	-12.0595	768.953
106.7	805.377	-36.457	768.92
106.72	803.301	-34.3814	768.92
106.74	784.064	-15.2155	768.849
106.76	751.774	16.9304	768.704
106.78	771.612	-2.75495	768.857
106.8	786.347	-17.4023	768.945
106.82	782.064	-13.056	769.008
106.84	807.117	-38.163	768.954
106.86	809.733	-40.7899	768.943
106.88	806.872	-37.9169	768.955
106.9	790.633	-21.5634	769.069
106.92	801.89	-32.9379	768.952
106.94	777.528	-8.61433	768.914
106.96	769.51	-0.598877	768.911
106.98	787.81	-18.8133	768.996
107	788.62	-19.62	769
107.02	785.678	-16.6571	769.021
107.04	770.715	-1.6331	769.082
107.06	791.653	-22.6712	768.982
107.08	782.749	-13.6551	769.093
107.1	805.558	-36.5531	769.005
107.12	792.533	-23.5023	769.031
107.14	787.555	-18.528	769.027
107.16	795.669	-26.6523	769.016
107.18	791.717	-22.7397	768.977
107.2	783.618	-14.6293	768.989
107.22	781.784	-12.7435	769.04
107.24	786.888	-17.918	768.97
107.26	766.52	2.44518	768.966
107.28	761.756	7.19699	768.953
107.3	766.215	2.77277	768.988
107.32	795.839	-26.8611	768.978
107.34	802.095	-33.0764	769.019
107.36	794.831	-25.8042	769.027
107.38	776.922	-7.86171	769.06
107.4	795.74	-26.7078	769.032
107.42	805.054	-36.0132	769.041
107.44	794.082	-25.0369	769.045
107.46	793.94	-24.9478	768.992
107.48	800.338	-31.3048	769.033
107.5	787.249	-18.2506	768.998
107.52	785.651	-16.6466	769.004
107.54	775.986	-6.99301	768.993
107.56	769.145	-0.1072	769.038
107.58	792.984	-23.9451	769.039
107.6	792.994	-23.9173	769.077
107.62	792.967	-23.9103	769.056
107.64	769.689	-0.691532	768.997
107.66	741.604	27.4895	769.093
107.68	793.294	-24.2485	769.045
107.7	792.453	-23.3271	769.126
107.72	796.604	-27.5417	769.063
107.74	794.469	-25.3901	769.079
107.76	791.951	-22.8339	769.117
107.78	802.783	-33.6765	769.107
107.8	811.117	-42.0103	769.107
107.82	792.294	-23.2533	769.041
107.84	747.642	21.5105	769.152
107.86	768.226	0.897949	769.124
107.88	781.428	-12.3044	769.124
107.9	794.6	-25.4794	769.121
107.92	801.074	-31.9193	769.155
107.94	793.948	-24.8266	769.121
107.96	775.541	-6.42499	769.116
107.98	777.921	-8.76839	769.153
108	799.832	-30.6932	769.138
108.02	801.097	-31.9836	769.113
108.04	795.371	-26.2696	769.101
108.06	789.523	-20.4457	769.078
108.08	785.443	-16.3678	769.075
108.1	777.917	-8.88227	769.035
108.12	754.185	14.9979	769.183
108.14	801.584	-32.5307	769.053
108.16	810.071	-41.0439	769.028
108.18	780.322	-11.2203	769.102
108.2	792.832	-23.8393	768.993
108.22	769.466	-0.386865	769.079
108.24	783.89	-14.8242	769.066
108.26	789.597	-20.5824	769.014
108.28	773.381	-4.32603	769.055
108.3	778.605	-9.55294	769.052
108.32	787.348	-18.2999	769.048
108.34	801.765	-32.7043	769.06
108.36	806.633	-37.5882	769.045
108.38	795.148	-26.1306	769.018
108.4	780.119	-11.0423	769.077
108.42	789.015	-19.9501	769.065
108.44	790.883	-21.876	769.007
108.46	768.35	0.70262	769.053
108.48	794.243	-25.2165	769.026
108.5	790.191	-21.2068	768.984
108.52	765.653	3.33434	768.987
108.54	759.904	9.08994	768.994
108.56	786.878	-17.9155	768.962
108.58	795.345	-26.3017	769.044
108.6	782.952	-13.9716	768.98
108.62	773.391	-4.3297	769.061
108.64	801.954	-32.9218	769.032
108.66	804.094	-35.0568	769.037
108.68	794.165	-25.1228	769.042
108.7	785.908	-16.8571	769.051
108.72	788.867	-19.848	769.019
108.74	801.932	-32.9184	769.013
108.76	809.168	-40.1812	768.987
108.78	780.206	-11.1198	769.086
108.8	808.28	-39.3633	768.917
108.82	778.711	-9.74712	768.964
108.84	746.133	22.8274	768.96
108.86	756.03	12.875	768.905
108.88	768.776	0.214416	768.99
108.9	797.827	-28.8737	768.954
108.92	777.403	-8.38686	769.016
108.94	754.347	14.7653	769.112
108.96	782.27	-13.2696	769.001
108.98	777.153	-8.04233	769.11
109	803.905	-34.888	769.017
109.02	785.983	-16.8896	769.093
109.04	793.463	-24.4162	769.046
109.06	799.76	-30.6899	769.07
109.08	804.508	-35.4517	769.057
109.1	809.801	-40.708	769.093
109.12	806.49	-37.3919	769.098
109.14	804.926	-35.8618	769.065
109.16	788.055	-18.9787	769.076
109.18	760.665	8.41475	769.08
109.2	757.314	11.6952	769.01
109.22	768.765	0.16116	768.926
109.24	790.552	-21.5893	768.963
109.26	788.619	-19.541	769.078
109.28	786.62	-17.5658	769.055
109.3	790.258	-21.1998	769.058
109.32	777.109	-8.07918	769.03
109.34	725.653	43.5061	769.159
109.36	773.788	-4.75023	769.037
109.38	805.436	-36.395	769.041
109.4	790.652	-21.5903	769.062
109.42	786.123	-17.0253	769.098
109.44	790.949	-21.884	769.065
109.46	775.209	-6.1211	769.088
109.48	785.299	-16.2743	769.024
109.5	798.44	-29.4249	769.015
109.52	785.934	-16.8704	769.063
109.54	779.505	-10.5014	769.003
109.56	741.401	27.7212	769.122
109.58	761.988	6.98321	768.971
109.6	752.747	16.3177	769.064
109.62	780.481	-11.4444	769.036
109.64	801.04	-31.9469	769.093
109.66	808.021	-38.8789	769.142
109.68	805.645	-36.5483	769.097
109.7	767.822	1.281	769.103
109.72	770.938	-1.87442	769.064
109.74	796.087	-26.9768	769.11
109.76	792.266	-23.0714	769.194
109.78	800.812	-31.6655	769.146
109.8	806.515	-37.4115	769.103
109.82	790.751	-21.638	769.113
109.84	793.219	-24.2236	768.995
109.86	789.394	-20.3426	769.052
109.88	810.507	-41.494	769.013
109.9	813.198	-44.1565	769.041
109.92	809.344	-40.3308	769.013
109.94	785.111	-16.1124	768.999
109.96	769.885	-0.862503	769.023
109.98	798.948	-29.8779	769.07
110	800.96	-31.9017	769.058
110.02	784.291	-15.2733	769.018
110.04	777.896	-8.88858	769.007
110.06	777.849	-8.79866	769.05
110.08	771.754	-2.69259	769.061
110.1	729.358	39.7905	769.148
110.12	764.05	4.90961	768.96
110.14	787.89	-18.8638	769.026
110.16	791.429	-22.4134	769.016
110.18	788.595	-19.5731	769.022
110.2	786.912	-17.888	769.024
110.22	784.762	-15.7244	769.038
110.24	796.932	-27.8756	769.056
110.26	800.64	-31.603	769.037
110.28	784.301	-15.2509	769.05
110.3	758.185	10.8531	769.038
110.32	789.618	-20.6669	768.951
110.34	790.465	-21.3891	769.076
110.36	802.729	-33.6834	769.046
110.38	786.011	-16.9508	769.06
110.4	774.321	-5.26304	769.058
110.42	781.712	-12.6804	769.031
110.44	784.235	-15.2306	769.004
110.46	757.913	11.157	769.07
110.48	780.737	-11.7607	768.976
110.5	789.218	-20.1711	769.047
110.52	803.583	-34.6077	768.975
110.54	791.882	-22.7988	769.083
110.56	805.907	-36.876	769.031
110.58	804.431	-35.3986	769.032
110.6	786.612	-17.6565	768.955
110.62	783.054	-14.111	768.943
110.64	772.445	-3.41203	769.033
110.66	773.939	-4.91878	769.02
110.68	787.076	-18.0261	769.05
110.7	786.21	-17.1257	769.085
110.72	790.303	-21.2239	769.079
110.74	790.176	-21.0845	769.091
110.76	779.764	-10.7358	769.029
110.78	736.817	32.3397	769.157
110.8	775.274	-6.26719	769.007
110.82	788.156	-19.0899	769.066
110.84	801.996	-32.9353	769.061
110.86	800.107	-31.0649	769.042
110.88	781.238	-12.1999	769.038
110.9	782.759	-13.6917	769.067
110.92	801.539	-32.4545	769.084
110.94	797.965	-28.8717	769.093
110.96	792.638	-23.5412	769.097
110.98	780.015	-11.0187	768.997
111	738.993	30.0508	769.044
111.02	749.957	18.9138	768.871
111.04	775.51	-6.62243	768.888
111.06	785.625	-16.6456	768.98
111.08	746.683	22.3626	769.046
111.1	756.23	12.8032	769.033
111.12	782.708	-13.6702	769.038
111.14	802.064	-33.0587	769.005
111.16	803.024	-34.007	769.017
111.18	772.434	-3.38784	769.046
111.2	745.371	23.6066	768.978
111.22	760.781	8.24188	769.023
111.24	797.284	-28.2944	768.989
111.26	790.287	-21.3216	768.965
111.28	769.553	-0.532012	769.021
111.3	771.396	-2.39115	769.005
111.32	780.356	-11.3326	769.024
111.34	787.663	-18.6174	769.045
111.36	796.06	-27.0259	769.034
111.38	793.308	-24.2598	769.048
111.4	788.334	-19.277	769.057
111.42	786.646	-17.7293	768.917
111.44	798.927	-30.0107	768.917
111.46	794.149	-25.1736	768.976
111.48	762.128	6.95306	769.081
111.5	795.736	-26.7552	768.981
111.52	793.241	-24.2504	768.991
111.54	782.446	-13.3873	769.058
111.56	793.554	-24.6088	768.945
111.58	788.678	-19.7188	768.959
111.6	798.348	-29.4211	768.926
111.62	779.693	-10.7642	768.929
111.64	759.212	9.77467	768.987
111.66	791.372	-22.4548	768.918
111.68	787.195	-18.1905	769.005
111.7	791.66	-22.7345	768.925
111.72	766.359	2.63481	768.994
111.74	783.042	-14.1042	768.937
111.76	802.067	-33.1435	768.924
111.78	810.678	-41.7771	768.901
111.8	802.609	-33.7	768.909
111.82	800.536	-31.7202	768.816
111.84	784.909	-16.0627	768.847
111.86	771.662	-2.74039	768.922
111.88	790.231	-21.4248	768.806
111.9	776.342	-7.43158	768.911
111.92	768.585	0.330883	768.916
111.94	770.399	-1.47825	768.921
111.96	789.177	-20.2564	768.92
111.98	766.25	2.65674	768.907
112	750.899	18.0439	768.943
112.02	778.531	-9.63391	768.897
112.04	764.066	4.79357	768.86
112.06	763.057	5.78175	768.839
112.08	793.876	-24.9624	768.914
112.1	810.435	-41.5145	768.921
112.12	797.95	-29.0186	768.931
112.14	782.819	-13.8995	768.919
112.16	787.899	-18.9482	768.951
112.18	792.028	-23.0523	768.975
112.2	783.261	-14.2383	769.023
112.22	796.745	-27.7477	768.998
112.24	791.96	-22.9758	768.985
112.26	785.109	-16.1166	768.992
112.28	788.694	-19.6607	769.034
112.3	784.154	-15.0986	769.056
112.32	798.718	-29.7363	768.981
112.34	807.802	-38.8322	768.97
112.36	808.513	-39.5433	768.969
112.38	788.767	-19.8128	768.954
112.4	764.597	4.40098	768.998
112.42	785.397	-16.4156	768.982
112.44	802.766	-33.7292	769.037
112.46	801.865	-32.8888	768.976
112.48	771.349	-2.33249	769.016
112.5	755.959	12.9889	768.948
112.52	779.113	-10.2065	768.907
112.54	787.543	-18.5074	769.036
112.56	799.61	-30.5859	769.025
112.58	810.672	-41.6471	769.025
112.6	783.139	-14.0073	769.132
112.62	797.175	-28.099	769.076
112.64	797.39	-28.2926	769.097
112.66	774.375	-5.29795	769.077
112.68	783.676	-14.6169	769.06
112.7	790.526	-21.4952	769.031
112.72	768.213	0.861608	769.075
112.74	756.852	12.2144	769.067
112.76	776.522	-7.44626	769.076
112.78	799.534	-30.432	769.102
112.8	793.569	-24.4351	769.134
112.82	788.684	-19.5618	769.122
112.84	798.241	-29.1156	769.125
112.86	810.171	-41.0146	769.156
112.88	812.777	-43.6749	769.102
112.9	789.906	-20.8372	769.069
112.92	748.042	21.1498	769.191
112.94	783.828	-14.7868	769.041
112.96	769.288	-0.188724	769.099
112.98	758.017	11.106	769.123
113	765.09	4.03069	769.12
113.02	790.885	-21.7776	769.107
113.04	793.583	-24.4979	769.085
113.06	757.517	11.5621	769.079
113.08	769.693	-0.651412	769.041
113.1	805.274	-36.1833	769.09
113.12	801.135	-32.0095	769.126
113.14	801.312	-32.2427	769.069
113.16	788.553	-19.4672	769.086
113.18	775.658	-6.63819	769.02
113.2	764.454	4.6518	769.105
113.22	793.575	-24.5416	769.034
113.24	803.393	-34.3458	769.047
113.26	803.066	-33.9965	769.07
113.28	784.709	-15.7126	768.996
113.3	766.911	2.08303	768.994
113.32	776.811	-7.77523	769.036
113.34	749.088	20.0447	769.133
113.36	773.672	-4.59203	769.08
113.38	798.479	-29.4293	769.049
113.4	783.739	-14.6207	769.118
113.42	770.24	-1.20627	769.034
113.44	749.339	19.7106	769.05
113.46	773.998	-4.95444	769.043
113.48	787.538	-18.4672	769.071
113.5	799.234	-30.2289	769.005
113.52	755.713	13.3538	769.067
113.54	776.5	-7.52515	768.975
113.56	796.42	-27.482	768.938
113.58	789.236	-20.2806	768.956
113.6	803.782	-34.8237	768.959
113.62	810.136	-41.1934	768.943
113.64	795.61	-26.654	768.956
113.66	789.501	-20.5407	768.96
113.68	787.582	-18.7166	768.866
113.7	731.563	37.4148	768.978
113.72	719.838	49.1798	769.017
113.74	796.98	-28.1647	768.816
113.76	807.8	-38.9053	768.895
113.78	796.883	-27.9245	768.959
113.8	806.732	-37.8289	768.903
113.82	795.362	-26.531	768.831
113.84	771.995	-3.07962	768.915
113.86	796.335	-27.4808	768.854
113.88	753.558	15.4834	769.041
113.9	778.71	-9.79797	768.912
113.92	785.896	-16.9929	768.903
113.94	790.915	-22.0466	768.869
113.96	774.17	-5.24669	768.923
113.98	788.486	-19.6228	768.863
114	760.841	8.07413	768.915
114.02	780.614	-11.7477	768.866
114.04	780.956	-12.0139	768.942
114.06	786.158	-17.2301	768.928
114.08	792.452	-23.5061	768.946
114.1	787.66	-18.6815	768.978
114.12	801.01	-32.0486	768.961
114.14	812.099	-43.1544	768.944
114.16	807.726	-38.7363	768.99
114.18	779.105	-10.1342	768.971
114.2	767.064	1.93156	768.996
114.22	795.337	-26.3555	768.981
114.24	807.32	-38.2883	769.032
114.26	803.889	-34.882	769.007
114.28	776.686	-7.60298	769.083
114.3	773.979	-4.95878	769.02
114.32	758.866	10.2128	769.079
114.34	792.14	-23.0798	769.06
114.36	802.345	-33.2576	769.087
114.38	786.28	-17.2286	769.052
114.4	783.26	-14.1533	769.107
114.42	806.472	-37.3855	769.087
114.44	808.82	-39.774	769.046
114.46	790.459	-21.3811	769.078
114.48	781.499	-12.5028	768.996
114.5	779.233	-10.2421	768.991
114.52	788.9	-19.8966	769.004
114.54	790.306	-21.2914	769.015
114.56	783.822	-14.815	769.007
114.58	785.347	-16.3211	769.026
114.6	791.205	-22.1502	769.055
114.62	792.609	-23.6063	769.002
114.64	773.947	-4.97577	768.971
114.66	751.257	17.8093	769.066
114.68	769.851	-0.83054	769.02
114.7	777.974	-8.95871	769.016
114.72	788.437	-19.3461	769.091
114.74	795.002	-25.9312	769.07
114.76	797.237	-28.135	769.102
114.78	803.53	-34.4307	769.1
114.8	779.143	-9.97936	769.163
114.82	799.557	-30.485	769.072
114.84	806.678	-37.6497	769.028
114.86	759.536	9.62556	769.162
114.88	781.229	-12.21	769.019
114.9	797.629	-28.6022	769.027
114.92	799.197	-30.1598	769.037
114.94	789.621	-20.5621	769.059
114.96	791.161	-22.1315	769.03
114.98	786.086	-17.0246	769.061
115	784.665	-15.6343	769.03
115.02	776.567	-7.47754	769.09
115.04	795.463	-26.47	768.993
115.06	784.14	-15.095	769.045
115.08	790.581	-21.5808	769.001
115.1	782.246	-13.1894	769.057
115.12	794.252	-25.2636	768.989
115.14	771.645	-2.54339	769.101
115.16	797.487	-28.4534	769.033
115.18	785.871	-16.7253	769.146
115.2	797.475	-28.3987	769.076
115.22	795.346	-26.2233	769.123
115.24	794.97	-25.91	769.06
115.26	771.754	-2.62907	769.124
115.28	791.97	-22.9203	769.05
115.3	801.446	-32.3903	769.056
115.32	804.949	-35.8936	769.055
115.34	797.567	-28.495	769.072
115.36	793.327	-24.2512	769.076
115.38	799.614	-30.6128	769.002
115.4	783.898	-14.8082	769.089
115.42	786.391	-17.3753	769.015
115.44	784.811	-15.7926	769.018
115.46	795.611	-26.5494	769.062
115.48	789.264	-20.1987	769.065
115.5	799.911	-30.8523	769.059
115.52	800.18	-31.1188	769.061
115.54	803.735	-34.6641	769.071
115.56	802.507	-33.4514	769.056
115.58	800.507	-31.4333	769.074
115.6	811.399	-42.3315	769.067
115.62	797.305	-28.2853	769.02
115.64	765.254	3.81819	769.072
115.66	779.947	-10.9352	769.012
115.68	790.043	-21.0145	769.028
115.7	785.179	-16.1151	769.064
115.72	791.265	-22.2235	769.041
115.74	782.74	-13.7114	769.028
115.76	785.734	-16.7426	768.991
115.78	747.848	21.1171	768.965
115.8	765.818	3.07315	768.891
115.82	780.38	-11.3723	769.008
115.84	797.171	-28.2075	768.963
115.86	793.123	-24.0878	769.035
115.88	804.359	-35.4227	768.936
115.9	766.029	3.01417	769.043
115.92	798.075	-29.1888	768.886
115.94	785.496	-16.6486	768.848
115.96	775.56	-6.72616	768.834
115.98	773.552	-4.65117	768.901
116	766.169	2.65709	768.826
116.02	761.829	7.04375	768.873
116.04	786.067	-17.0941	768.973
116.06	800.268	-31.3042	768.964
116.08	800.387	-31.3722	769.015
116.1	809.785	-40.7799	769.005
116.12	803.996	-34.9942	769.002
116.14	801.512	-32.5563	768.956
116.16	785.162	-16.1859	768.976
116.18	766.159	2.86086	769.02
116.2	795.491	-26.6186	768.872
116.22	764.338	4.64226	768.98
116.24	778.771	-9.87525	768.895
116.26	791.019	-22.0267	768.992
116.28	796.274	-27.3214	768.953
116.3	788.991	-20.0289	768.962
116.32	789.776	-20.8273	768.949
116.34	793.057	-24.114	768.943
116.36	788.387	-19.4416	768.946
116.38	798.998	-30.0163	768.982
116.4	802.589	-33.6214	768.968
116.42	810.703	-41.7429	768.96
116.44	817.518	-48.5872	768.931
116.46	810.198	-41.2785	768.919
116.48	802.414	-33.4965	768.918
116.5	792.19	-23.2375	768.952
116.52	779.87	-10.9587	768.911
116.54	774.35	-5.31539	769.035
116.56	808.996	-40.052	768.944
116.58	799.103	-30.1447	768.959
116.6	792.406	-23.453	768.953
116.62	790.771	-21.8307	768.941
116.64	791.968	-23.0168	768.952
116.66	804.778	-35.8239	768.954
116.68	796.294	-27.3633	768.931
116.7	781.655	-12.6923	768.963
116.72	787.599	-18.6426	768.957
116.74	800.29	-31.3469	768.943
116.76	794.313	-25.4106	768.902
116.78	787.119	-18.2093	768.909
116.8	791.03	-22.093	768.937
116.82	773.65	-4.61032	769.04
116.84	803.096	-34.1163	768.98
116.86	801.39	-32.4018	768.988
116.88	797.504	-28.5185	768.986
116.9	800.334	-31.3489	768.985
116.92	801.623	-32.6605	768.962
116.94	781.762	-12.7144	769.047
116.96	799.79	-30.8205	768.969
116.98	796.221	-27.2835	768.937
117	782.884	-13.941	768.943
117.02	797.563	-28.6452	768.918
117.04	793.414	-24.4308	768.983
117.06	788.164	-19.217	768.947
117.08	778.031	-9.14185	768.889
117.1	784.386	-15.4658	768.921
117.12	806.266	-37.3246	768.941
117.14	810.102	-41.1775	768.924
117.16	785.293	-16.3052	768.988
117.18	792.703	-23.7479	768.955
117.2	788.379	-19.4064	768.972
117.22	783.781	-14.7925	768.988
117.24	785.144	-16.1035	769.04
117.26	792.685	-23.7634	768.921
117.28	776.548	-7.54269	769.005
117.3	798.942	-29.9779	768.965
117.32	781.608	-12.5959	769.012
117.34	777.397	-8.42685	768.97
117.36	796.058	-27.17	768.888
117.38	796.509	-27.5511	768.958
117.4	793.113	-24.1353	768.978
117.42	809.495	-40.5373	768.958
117.44	805.127	-36.2141	768.913
117.46	761.57	7.24375	768.813
117.48	785.254	-16.4586	768.795
117.5	780.631	-11.6622	768.969
117.52	808.326	-39.4002	768.926
117.54	812.245	-43.2896	768.955
117.56	812.713	-43.7674	768.946
117.58	808.799	-39.8528	768.946
117.6	807.894	-38.9722	768.922
117.62	807.068	-38.1928	768.875
117.64	801.534	-32.6309	768.903
117.66	797.791	-28.8714	768.919
117.68	792.233	-23.2831	768.95
117.7	804.343	-35.3773	768.966
117.72	812.734	-43.7577	768.977
117.74	811.668	-42.7283	768.94
117.76	788.554	-19.6048	768.95
117.78	792.968	-24.0703	768.898
117.8	820.958	-52.1184	768.84
117.82	823.585	-54.7214	768.864
117.84	808.763	-39.9517	768.811
117.86	758.444	10.5291	768.973
117.88	789.612	-20.7568	768.856
117.9	795.326	-26.4859	768.84
117.92	780.212	-11.3837	768.828
117.94	732.837	36.1768	769.014
117.96	801.019	-32.2427	768.776
117.98	775.295	-6.37301	768.922
118	780.473	-11.677	768.796
118.02	782.577	-13.7057	768.871
118.04	802.708	-33.8743	768.833
118.06	771.287	-2.38409	768.903
118.08	768.857	0.0630334	768.92
118.1	802.366	-33.5403	768.826
118.12	793.029	-24.1367	768.892
118.14	783.966	-15.0739	768.893
118.16	770.161	-1.23605	768.925
118.18	781.348	-12.4007	768.947
118.2	802.981	-34.0473	768.934
118.22	793.38	-24.3859	768.994
118.24	807.131	-38.1731	768.958
118.26	793.101	-24.1396	768.962
118.28	775.901	-6.91522	768.986
118.3	796.541	-27.6029	768.938
118.32	783.313	-14.3227	768.99
118.34	784.989	-16.0638	768.925
118.36	753.051	16.0024	769.053
118.38	790.332	-21.3977	768.934
118.4	780.028	-10.9788	769.05
118.42	789.103	-20.0876	769.016
118.44	785.006	-15.9563	769.049
118.46	788.806	-19.7377	769.068
118.48	797.394	-28.3912	769.003
118.5	780.2	-11.1608	769.039
118.52	778.337	-9.37533	768.962
118.54	789.76	-20.7802	768.98
118.56	801.469	-32.4395	769.029
118.58	806.688	-37.6834	769.005
118.6	807.225	-38.2481	768.977
118.62	796.734	-27.7322	769.001
118.64	786.681	-17.6704	769.01
118.66	801.539	-32.5754	768.964
118.68	797.638	-28.6236	769.015
118.7	802.044	-33.0596	768.985
118.72	783.571	-14.6662	768.904
118.74	769.347	-0.399039	768.948
118.76	801.63	-32.6524	768.978
118.78	815.297	-46.3255	768.972
118.8	813.014	-44.0124	769.001
118.82	802.776	-33.7944	768.982
118.84	783.328	-14.3037	769.024
118.86	792.088	-23.1421	768.946
118.88	792.439	-23.4502	768.989
118.9	807.138	-38.1933	768.945
118.92	783.305	-14.3932	768.912
118.94	798.46	-29.591	768.869
118.96	788.518	-19.5915	768.926
118.98	784.449	-15.5527	768.897
119	779.488	-10.5722	768.916
119.02	769.394	-0.435957	768.958
119.04	792.809	-23.9535	768.855
119.06	778.788	-9.89379	768.894
119.08	749.299	19.5628	768.862
119.1	781.688	-12.886	768.802
119.12	799.582	-30.7961	768.786
119.14	768.147	0.436542	768.583
119.16	804.254	-35.4429	768.811
119.18	791.279	-22.2958	768.983
119.2	810.315	-41.4008	768.914
119.22	802.638	-33.6551	768.983
119.24	787.839	-18.8565	768.983
119.26	770.832	-1.83646	768.996
119.28	786.186	-17.2333	768.952
119.3	796.653	-27.6995	768.953
119.32	795.725	-26.7617	768.963
119.34	788	-19.0319	768.968
119.36	780.363	-11.3343	769.029
119.38	811.077	-42.0789	768.998
119.4	817.944	-48.9206	769.024
119.42	809.039	-40.0628	768.976
119.44	777.954	-8.8847	769.069
119.46	788.207	-19.1976	769.009
119.48	803.466	-34.4607	769.006
119.5	805.784	-36.7809	769.003
119.52	776.374	-7.33166	769.042
119.54	765.932	2.9771	768.909
119.56	806.58	-37.629	768.951
119.58	808.314	-39.2286	769.086
119.6	805.43	-36.3752	769.055
119.62	794.171	-25.1265	769.044
119.64	788.997	-19.9317	769.066
119.66	803.957	-34.9084	769.049
119.68	808.02	-39.029	768.991
119.7	807.141	-38.1525	768.989
119.72	787.095	-18.1039	768.991
119.74	748.107	20.9859	769.093
119.76	773.204	-4.20485	768.999
119.78	792.437	-23.4314	769.005
119.8	792.182	-23.1079	769.074
119.82	798.783	-29.7451	769.038
119.84	790.312	-21.252	769.06
119.86	791.21	-22.1953	769.014
119.88	794.702	-25.6329	769.069
119.9	802.107	-33.1116	768.996
119.92	776.887	-7.89543	768.992
119.94	776.863	-7.89563	768.967
119.96	787.123	-18.1235	768.999
119.98	789.935	-20.9864	768.949
120	789.451	-20.5028	768.948
120.02	789.196	-20.2469	768.949
120.04	772.67	-3.68872	768.981
120.06	764.749	4.19831	768.947
120.08	766.667	2.27547	768.943
120.1	785.608	-16.6329	768.975
120.12	797.214	-28.2627	768.952
120.14	793.133	-24.171	768.962
120.16	793.031	-24.0713	768.959
120.18	789.475	-20.5289	768.947
120.2	786.367	-17.3937	768.974
120.22	804.902	-35.9237	768.978
120.24	800.514	-31.5108	769.004
120.26	802.35	-33.3841	768.966
120.28	800.59	-31.6338	768.957
120.3	790.373	-21.455	768.918
120.32	776.076	-7.11001	768.966
120.34	782.527	-13.6263	768.9
120.36	793.767	-24.8562	768.91
120.38	804.69	-35.7156	768.975
120.4	778.688	-9.63236	769.056
120.42	792.647	-23.675	768.972
120.44	785.71	-16.7211	768.989
120.46	770.377	-1.31537	769.061
120.48	783.935	-14.9629	768.972
120.5	751.483	17.5928	769.076
120.52	788.25	-19.2691	768.981
120.54	805.858	-36.8263	769.032
120.56	803.97	-34.9545	769.016
120.58	790.867	-21.8062	769.061
120.6	799.29	-30.2534	769.036
120.62	809.05	-40.0072	769.043
120.64	810.765	-41.7267	769.038
120.66	802.818	-33.7958	769.022
120.68	759.006	10.0301	769.036
120.7	775.707	-6.73888	768.969
120.72	797.487	-28.4316	769.055
120.74	806.234	-37.2629	768.971
120.76	744.92	23.8632	768.783
120.78	792.86	-23.9332	768.927
120.8	782.723	-13.5891	769.134
120.82	798.34	-29.2812	769.058
120.84	801.916	-32.863	769.053
120.86	780.173	-11.1666	769.007
120.88	785.509	-16.5332	768.976
120.9	777.89	-8.83566	769.054
120.92	797.367	-28.4008	768.966
120.94	780.248	-11.1864	769.061
120.96	794.245	-25.2379	769.007
120.98	803.545	-34.5163	769.028
121	805.965	-36.9328	769.033
121.02	798.003	-28.9827	769.02
121.04	794.8	-25.8088	768.992
121.06	790.234	-21.1976	769.036
121.08	802.222	-33.1982	769.024
121.1	807.116	-38.0987	769.018
121.12	798.674	-29.6564	769.018
121.14	783.479	-14.4504	769.029
121.16	790.923	-21.9573	768.966
121.18	753.297	15.6645	768.961
121.2	741.773	27.2012	768.974
121.22	783.51	-14.5012	769.008
121.24	781.493	-12.4633	769.03
121.26	787.916	-18.8912	769.025
121.28	801.492	-32.4471	769.045
121.3	799.113	-30.0151	769.098
121.32	800.193	-31.1198	769.074
121.34	798.443	-29.3932	769.05
121.36	777.443	-8.3233	769.12
121.38	785.338	-16.2781	769.06
121.4	780.624	-11.5247	769.099
121.42	782.227	-13.1491	769.078
121.44	763.191	5.88801	769.079
121.46	761.156	7.97321	769.13
121.48	806.519	-37.4838	769.035
121.5	803.238	-34.1624	769.076
121.52	800.764	-31.6974	769.066
121.54	789.657	-20.5026	769.154
121.56	792.811	-23.7528	769.058
121.58	788.657	-19.5807	769.077
121.6	788.491	-19.4128	769.078
121.62	781.344	-12.283	769.061
121.64	778.273	-9.18528	769.088
121.66	779.01	-9.93332	769.076
121.68	783.583	-14.5443	769.039
121.7	789.836	-20.7643	769.072
121.72	787.933	-18.8395	769.094
121.74	791.755	-22.6867	769.068
121.76	791.012	-21.9099	769.102
121.78	797.535	-28.4518	769.083
121.8	798.573	-29.5264	769.047
121.82	769.879	-0.804039	769.075
121.84	759.011	9.93754	768.949
121.86	789.957	-20.9865	768.971
121.88	771.724	-2.6243	769.1
121.9	782.468	-13.4777	768.99
121.92	777.321	-8.2716	769.049
121.94	785.256	-16.2284	769.027
121.96	799.2	-30.1851	769.015
121.98	786.97	-17.9971	768.972
122	758.304	10.7375	769.041
122.02	764.037	4.98829	769.025
122.04	784.524	-15.5184	769.005
122.06	783.444	-14.4702	768.974
122.08	782.164	-13.206	768.958
122.1	775.327	-6.29117	769.036
122.12	776.963	-7.96121	769.002
122.14	790.001	-21.0402	768.96
122.16	799.77	-30.7644	769.006
122.18	809.947	-40.9678	768.979
122.2	768.851	0.238273	769.089
122.22	758.802	10.1692	768.971
122.24	748.449	20.4606	768.91
122.26	756.424	12.5748	768.999
122.28	800.54	-31.5526	768.987
122.3	806.524	-37.4994	769.025
122.32	810.661	-41.6331	769.028
122.34	807.926	-38.8929	769.033
122.36	782.836	-13.8156	769.021
122.38	773.032	-4.01515	769.017
122.4	773.705	-4.64786	769.057
122.42	789.694	-20.6912	769.003
122.44	788.487	-19.468	769.019
122.46	791.316	-22.331	768.985
122.48	786.596	-17.6059	768.99
122.5	788.471	-19.4816	768.989
122.52	800.415	-31.4419	768.973
122.54	788.798	-19.7701	769.028
122.56	795.961	-27.0063	768.955
122.58	763.603	5.50072	769.104
122.6	792.312	-23.322	768.99
122.62	796.851	-27.8089	769.042
122.64	806.055	-36.9957	769.059
122.66	792.207	-23.1397	769.067
122.68	761.123	7.97716	769.1
122.7	784.273	-15.2117	769.062
122.72	806.665	-37.568	769.097
122.74	809.726	-40.6025	769.123
122.76	807.295	-38.1715	769.123
122.78	799.059	-29.9778	769.082
122.8	779.458	-10.3406	769.117
122.82	794.4	-25.3576	769.042
122.84	756.377	12.7421	769.119
122.86	759.807	9.23958	769.047
122.88	791.016	-22.0593	768.957
122.9	765.178	3.88088	769.059
122.92	768.606	0.364236	768.97
122.94	782.517	-13.5017	769.016
122.96	776.655	-7.68758	768.967
122.98	786.428	-17.4243	769.003
123	800.811	-31.7624	769.049
123.02	767.257	1.93385	769.191
123.04	776.978	-7.85618	769.122
123.06	784.943	-15.8013	769.142
123.08	801.418	-32.3196	769.099
123.1	773.242	-4.15289	769.089
123.12	766.388	2.68747	769.075
123.14	776.904	-7.87693	769.027
123.16	777.904	-8.8501	769.054
123.18	802.301	-33.2577	769.044
123.2	790.491	-21.4297	769.061
123.22	785.967	-16.9063	769.061
123.24	801.451	-32.4145	769.037
123.26	795.912	-26.928	768.984
123.28	794.564	-25.5706	768.993
123.3	794.3	-25.2507	769.05
123.32	780.447	-11.3645	769.083
123.34	787.033	-18.0022	769.031
123.36	785.714	-16.693	769.021
123.38	764.618	4.32343	768.941
123.4	780.503	-11.6306	768.872
123.42	773.649	-4.62447	769.025
123.44	774.143	-5.16629	768.977
123.46	764.979	4.01585	768.995
123.48	786.657	-17.6609	768.996
123.5	795.19	-26.1724	769.018
123.52	806.691	-37.6805	769.011
123.54	812.816	-43.8504	768.966
123.56	793.976	-25.0344	768.942
123.58	759.639	9.36772	769.007
123.6	781.304	-12.379	768.925
123.62	796.798	-27.861	768.937
123.64	787.434	-18.5105	768.924
123.66	768.868	0.0971749	768.965
123.68	768.786	0.18248	768.969
123.7	791.282	-22.3074	768.975
123.72	798.963	-29.9636	769
123.74	794.607	-25.6549	768.952
123.76	779.592	-10.6343	768.957
123.78	762.664	6.29421	768.958
123.8	761.964	6.86965	768.833
123.82	791.256	-22.398	768.858
123.84	806.035	-37.1083	768.926
123.86	749.966	19.0471	769.013
123.88	763.697	5.2552	768.952
123.9	802.77	-33.7998	768.97
123.92	777.384	-8.39403	768.99
123.94	781.53	-12.6878	768.843
123.96	762.958	6.0229	768.981
123.98	781.063	-12.1161	768.947
124	782.669	-13.6477	769.022
124.02	794.619	-25.568	769.051
124.04	802.498	-33.4412	769.056
124.06	780.518	-11.4364	769.082
124.08	784.349	-15.2816	769.067
124.1	785.145	-16.0655	769.079
124.12	780.231	-11.1636	769.068
124.14	773.775	-4.66182	769.113
124.16	782.128	-13.0345	769.094
124.18	794.964	-25.837	769.127
124.2	798.155	-29.0125	769.143
124.22	784.434	-15.3158	769.118
124.24	758.169	10.9968	769.166
124.26	785.923	-16.8114	769.112
124.28	805.085	-35.9746	769.111
124.3	808.415	-39.2766	769.139
124.32	805.833	-36.7066	769.127
124.34	793.373	-24.244	769.129
124.36	790.117	-21.0364	769.08
124.38	756.914	12.237	769.151
124.4	777.049	-7.95656	769.093
124.42	797.875	-28.7471	769.128
124.44	796.28	-27.1574	769.123
124.46	783.437	-14.2825	769.155
124.48	791.436	-22.306	769.13
124.5	789.543	-20.3926	769.151
124.52	793.656	-24.5302	769.126
124.54	792.078	-22.9505	769.128
124.56	788.728	-19.6216	769.107
124.58	792.314	-23.2371	769.077
124.6	781.875	-12.7921	769.083
124.62	785.4	-16.3417	769.058
124.64	768.668	0.418674	769.086
124.66	789.277	-20.2588	769.018
124.68	801.495	-32.3458	769.149
124.7	808.414	-39.2966	769.117
124.72	797.245	-28.137	769.108
124.74	787.71	-18.6453	769.065
124.76	779.457	-10.3964	769.06
124.78	783.285	-14.2346	769.05
124.8	803.489	-34.4586	769.03
124.82	797.663	-28.5718	769.091
124.84	794.04	-24.9422	769.098
124.86	805.114	-36.067	769.047
124.88	807.639	-38.594	769.045
124.9	775.386	-6.33583	769.05
124.92	778.025	-8.99032	769.034
124.94	795.032	-26.0046	769.028
124.96	791.302	-22.3028	768.999
124.98	786.406	-17.3935	769.012
125	800.532	-31.5198	769.012
125.02	806.306	-37.3194	768.986
125.04	769.402	-0.383458	769.018
125.06	764.135	4.88088	769.016
125.08	787.82	-18.8202	769
125.1	806.48	-37.4642	769.016
125.12	790.944	-21.8704	769.074
125.14	782.149	-13.0708	769.078
125.16	790	-20.9584	769.042
125.18	790.673	-21.5861	769.087
125.2	800.747	-31.6729	769.074
125.22	812.39	-43.3319	769.058
125.24	818.812	-49.7514	769.061
125.26	803.874	-34.8275	769.047
125.28	770.533	-1.44402	769.089
125.3	797.057	-28.0169	769.04
125.32	783.421	-14.3529	769.068
125.34	791.373	-22.3308	769.042
125.36	796.36	-27.2736	769.086
125.38	799.003	-29.9746	769.029
125.4	789.035	-19.9952	769.04
125.42	800.204	-31.199	769.005
125.44	796.537	-27.5208	769.016
125.46	807.032	-38.0328	768.999
125.48	813.662	-44.6299	769.032
125.5	811.531	-42.5019	769.029
125.52	786.392	-17.4257	768.966
125.54	797.23	-28.297	768.933
125.56	804.242	-35.227	769.015
125.58	818.7	-49.6761	769.023
125.6	805.012	-36.0193	768.993
125.62	773.632	-4.58096	769.051
125.64	800.815	-31.8128	769.002
125.66	811.267	-42.2471	769.02
125.68	790.858	-21.8132	769.044
125.7	795.221	-26.2202	769.001
125.72	795.208	-26.1928	769.015
125.74	801.176	-32.1857	768.99
125.76	779.818	-10.8447	768.973
125.78	782.6	-13.671	768.929
125.8	787.852	-18.8358	769.017
125.82	798.245	-29.2529	768.992
125.84	786.082	-17.0613	769.021
125.86	784.768	-15.7525	769.015
125.88	799.502	-30.4899	769.012
125.9	812.685	-43.6429	769.042
125.92	805.893	-36.8473	769.046
125.94	769.569	-0.519099	769.05
125.96	757.715	11.3683	769.083
125.98	780.669	-11.6228	769.047
126	756.962	12.1645	769.127
126.02	776.252	-7.17977	769.072
126.04	787.722	-18.5816	769.141
126.06	799.852	-30.7072	769.144
126.08	798.892	-29.7372	769.155
126.1	784.566	-15.4072	769.159
126.12	781.97	-12.8568	769.113
126.14	787.229	-18.1588	769.07
126.16	789.318	-20.1999	769.118
126.18	792.272	-23.1607	769.111
126.2	788.933	-19.8562	769.077
126.22	792.363	-23.2859	769.078
126.24	786.87	-17.743	769.127
126.26	806.708	-37.6269	769.081
126.28	794.172	-25.14	769.032
126.3	795.183	-26.1783	769.005
126.32	805.588	-36.5429	769.045
126.34	806.887	-37.8264	769.06
126.36	793.283	-24.1951	769.088
126.38	800.207	-31.1511	769.056
126.4	795.492	-26.4653	769.027
126.42	785.936	-16.9718	768.965
126.44	763.639	5.46681	769.106
126.46	797.315	-28.2995	769.015
126.48	791.764	-22.7526	769.011
126.5	764.71	4.29699	769.007
126.52	764.513	4.5548	769.068
126.54	772.829	-3.75586	769.073
126.56	791.706	-22.6275	769.079
126.58	795.41	-26.3436	769.066
126.6	790.37	-21.353	769.017
126.62	782.287	-13.2202	769.067
126.64	794.821	-25.8386	768.982
126.66	754.325	14.6909	769.016
126.68	760.933	8.006	768.939
126.7	790.687	-21.7523	768.935
126.72	771.193	-2.08319	769.11
126.74	780.977	-12.0368	768.941
126.76	761.544	7.49355	769.038
126.78	794.548	-25.5802	768.967
126.8	779.019	-9.96584	769.053
126.82	803.636	-34.6598	768.976
126.84	800.281	-31.2076	769.073
126.86	809.995	-41.0022	768.993
126.88	780.945	-11.8931	769.052
126.9	792.257	-23.3002	768.957
126.92	784.222	-15.1925	769.03
126.94	774.558	-5.5601	768.998
126.96	757.068	11.9111	768.979
126.98	776.815	-7.86411	768.951
127	768.617	0.509154	769.127
127.02	797.465	-28.5115	768.953
127.04	779.107	-10.0668	769.041
127.06	773.221	-4.16834	769.053
127.08	761.387	7.67085	769.058
127.1	790.797	-21.8055	768.991
127.12	801.532	-32.5075	769.025
127.14	783.128	-14.0836	769.044
127.16	792.584	-23.6094	768.974
127.18	782.986	-13.9202	769.065
127.2	799.324	-30.3517	768.972
127.22	790.518	-21.5383	768.979
127.24	764.575	4.43298	769.008
127.26	780.681	-11.7194	768.962
127.28	788.257	-19.2727	768.984
127.3	798.793	-29.7958	768.997
127.32	808.958	-39.9391	769.019
127.34	810.951	-41.9359	769.015
127.36	792.931	-23.9031	769.028
127.38	795.706	-26.7094	768.997
127.4	803.503	-34.478	769.025
127.42	803.472	-34.4417	769.031
127.44	794.16	-25.1245	769.036
127.46	790.012	-20.9844	769.027
127.48	789.949	-20.9421	769.007
127.5	794.039	-25.0157	769.024
127.52	801.643	-32.6525	768.99
127.54	776.18	-7.04183	769.138
127.56	797.796	-28.7725	769.024
127.58	803.705	-34.6669	769.038
127.6	804.698	-35.7385	768.96
127.62	786.547	-17.5519	768.995
127.64	803.349	-34.4164	768.933
127.66	747.561	21.3832	768.944
127.68	755.849	13.0344	768.883
127.7	792.291	-23.355	768.936
127.72	797.534	-28.6096	768.924
127.74	773.26	-4.22434	769.035
127.76	797.246	-28.2624	768.983
127.78	799.634	-30.6726	768.961
127.8	798.84	-29.8996	768.94
127.82	782.401	-13.4547	768.947
127.84	778.608	-9.65496	768.953
127.86	789.951	-20.9337	769.017
127.88	807.156	-38.1995	768.956
127.9	798.524	-29.5648	768.959
127.92	773.025	-4.04373	768.982
127.94	784.38	-15.5072	768.873
127.96	784.404	-15.5092	768.895
127.98	786.447	-17.5286	768.919
128	794.001	-25.0893	768.912
128.02	794.153	-25.2832	768.87
128.04	781.34	-12.3543	768.986
128.06	800.542	-31.624	768.918
128.08	797.685	-28.7847	768.9
128.1	788.95	-20.031	768.919
128.12	769.346	-0.433993	768.912
128.14	774.535	-5.67085	768.864
128.16	785.612	-16.7367	768.875
128.18	774.788	-5.8385	768.949
128.2	775.626	-6.69748	768.929
128.22	786.326	-17.3862	768.939
128.24	801.219	-32.2687	768.95
128.26	808.301	-39.3262	768.975
128.28	786.725	-17.8308	768.894
128.3	777.227	-8.34208	768.885
128.32	777.368	-8.36374	769.004
128.34	791.132	-22.1821	768.95
128.36	772.928	-4.03815	768.89
128.38	752.374	16.561	768.935
128.4	777.849	-8.88812	768.961
128.42	778.86	-9.89642	768.963
128.44	776.74	-7.74604	768.994
128.46	783.072	-14.0525	769.02
128.48	804.686	-35.7051	768.981
128.5	804.231	-35.2069	769.024
128.52	804.979	-35.9417	769.037
128.54	803.43	-34.407	769.023
128.56	792.137	-23.077	769.06
128.58	781.212	-12.1484	769.063
128.6	786.078	-17.0183	769.059
128.62	797.845	-28.7326	769.113
128.64	809.639	-40.5349	769.104
128.66	810.004	-40.8837	769.12
128.68	792.252	-23.134	769.118
128.7	767.66	1.50322	769.164
128.72	791.815	-22.7857	769.029
128.74	759.375	9.62286	768.998
128.76	711.342	57.798	769.14
128.78	758.747	10.3829	769.13
128.8	802.205	-33.1523	769.053
128.82	801.222	-32.1269	769.096
128.84	801.746	-32.6867	769.059
128.86	763.252	5.80852	769.061
128.88	751.99	17.0629	769.053
128.9	775.944	-6.92717	769.017
128.92	780.794	-11.7115	769.082
128.94	805.828	-36.7694	769.058
128.96	796.45	-27.4116	769.039
128.98	774.956	-5.86311	769.093
129	782.174	-13.1164	769.057
129.02	785.191	-16.1084	769.082
129.04	807.2	-38.1154	769.085
129.06	805.477	-36.3995	769.077
129.08	791.812	-22.767	769.045
129.1	790.75	-21.6844	769.066
129.12	797.47	-28.4534	769.017
129.14	785.364	-16.2979	769.066
129.16	790.022	-21.007	769.015
129.18	777.585	-8.56353	769.022
129.2	770.597	-1.53588	769.061
129.22	770.48	-1.39523	769.085
129.24	792.277	-23.2223	769.055
129.26	785.64	-16.5605	769.079
129.28	801.791	-32.7469	769.045
129.3	806.687	-37.5484	769.139
129.32	796.244	-27.0743	769.17
129.34	797.325	-28.224	769.101
129.36	746.516	22.7259	769.242
129.38	754.117	14.9845	769.102
129.4	784.693	-15.5608	769.132
129.42	802.126	-32.9534	769.173
129.44	798.482	-29.3069	769.175
129.46	789.047	-19.8898	769.157
129.48	795.602	-26.4628	769.139
129.5	805.646	-36.5171	769.129
129.52	797.312	-28.1758	769.136
129.54	794.913	-25.8026	769.11
129.56	789.172	-20.0674	769.105
129.58	786.591	-17.4708	769.12
129.6	803.035	-33.9634	769.071
129.62	801.465	-32.3687	769.096
129.64	795.717	-26.6415	769.075
129.66	779.406	-10.3043	769.102
129.68	782.129	-13.045	769.084
129.7	789.92	-20.8908	769.029
129.72	751.647	17.4387	769.085
129.74	780.785	-11.8164	768.968
129.76	801.756	-32.691	769.065
129.78	800.76	-31.7144	769.046
129.8	795.323	-26.2816	769.041
129.82	795.39	-26.3184	769.072
129.84	786.363	-17.2548	769.108
129.86	786.369	-17.3438	769.026
129.88	785.156	-16.1162	769.04
129.9	793.491	-24.5184	768.972
129.92	779.682	-10.7465	768.935
129.94	776.971	-8.02106	768.95
129.96	751.548	17.5641	769.112
129.98	797.315	-28.3978	768.917
130	805.973	-36.9838	768.989
130.02	814.292	-45.3156	768.976
130.04	815.02	-46.0465	768.973
130.06	796.884	-27.8351	769.049
130.08	797.403	-28.4136	768.989
130.1	801.303	-32.2546	769.048
130.12	806.38	-37.3644	769.015
130.14	780.056	-11.0375	769.019
130.16	780.169	-11.1592	769.01
130.18	790.011	-21.0046	769.006
130.2	768.492	0.522986	769.015
130.22	776.613	-7.61644	768.996
130.24	797.706	-28.6553	769.05
130.26	812.196	-43.1615	769.035
130.28	811.284	-42.2362	769.048
130.3	782.73	-13.7984	768.932
130.32	774.844	-5.93184	768.912
130.34	761.64	7.41116	769.052
130.36	776.585	-7.66079	768.924
130.38	760.35	8.639	768.989
130.4	784.121	-15.0979	769.023
130.42	809.368	-40.3322	769.036
130.44	797.039	-27.9873	769.052
130.46	801.039	-32.0072	769.032
130.48	785.315	-16.3001	769.015
130.5	764.239	4.80606	769.045
130.52	783.696	-14.739	768.957
130.54	770.912	-1.84773	769.064
130.56	797.269	-28.3319	768.937
130.58	795.836	-26.8735	768.962
130.6	799.412	-30.4002	769.011
130.62	794.439	-25.4201	769.019
130.64	806.739	-37.7287	769.01
130.66	802.317	-33.2722	769.044
130.68	795.945	-26.8975	769.047
130.7	788.16	-19.193	768.967
130.72	766.674	2.32257	768.996
130.74	774.15	-5.13931	769.011
130.76	790.341	-21.358	768.983
130.78	805.554	-36.598	768.956
130.8	803.551	-34.5353	769.016
130.82	801.076	-32.0782	768.998
130.84	802.493	-33.5021	768.991
130.86	794.179	-25.1855	768.993
130.88	786.258	-17.2568	769.001
130.9	789.739	-20.7411	768.998
130.92	769.091	-0.023359	769.068
130.94	776.843	-7.84068	769.002
130.96	775.733	-6.69223	769.041
130.98	793.898	-24.9353	768.963
131	805.355	-36.3708	768.985
131.02	810.266	-41.3049	768.961
131.04	805.557	-36.6084	768.948
131.06	780.925	-11.8897	769.035
131.08	802.344	-33.4243	768.92
131.1	809.637	-40.7491	768.888
131.12	782.166	-13.2871	768.879
131.14	755.571	13.2558	768.827
131.16	766.861	2.06971	768.931
131.18	805.24	-36.2525	768.988
131.2	801.922	-32.9073	769.015
131.22	782.79	-13.8161	768.974
131.24	770.16	-1.20123	768.959
131.26	756.669	12.3268	768.996
131.28	791.494	-22.5488	768.945
131.3	798.464	-29.4641	769
131.32	794.968	-25.9904	768.977
131.34	790.061	-21.0363	769.024
131.36	793.701	-24.6745	769.026
131.38	787.859	-18.7668	769.092
131.4	795.615	-26.5883	769.027
131.42	780.084	-10.9652	769.119
131.44	794.665	-25.56	769.105
131.46	804.903	-35.7956	769.108
131.48	789.017	-19.939	769.078
131.5	784.137	-15.1332	769.004
131.52	764.161	4.95239	769.113
131.54	792.473	-23.4634	769.01
131.56	806.735	-37.6893	769.045
131.58	782.049	-12.9779	769.071
131.6	777.047	-8.0415	769.005
131.62	765.742	3.39676	769.138
131.64	800.06	-31.0164	769.044
131.66	786.443	-17.3893	769.054
131.68	767.297	1.78807	769.085
131.7	787.098	-18.0683	769.03
131.72	768.112	0.962612	769.075
131.74	779.216	-10.2004	769.016
131.76	806.888	-37.8249	769.063
131.78	811.302	-42.2764	769.025
131.8	784.759	-15.729	769.03
131.82	785.173	-16.1665	769.006
131.84	794.137	-25.0711	769.066
131.86	788.192	-19.1436	769.048
131.88	773.963	-4.88013	769.083
131.9	794.026	-24.9661	769.06
131.92	801.147	-32.0657	769.081
131.94	792.51	-23.46	769.05
131.96	768.647	0.392511	769.039
131.98	778.943	-9.91043	769.033
132	795.435	-26.3808	769.054
132.02	795.333	-26.2656	769.067
132.04	796.56	-27.4793	769.081
132.06	792.809	-23.7326	769.076
132.08	788.626	-19.5862	769.04
132.1	773.006	-3.88338	769.122
132.12	794.701	-25.6743	769.027
132.14	780.016	-10.9415	769.074
132.16	783.852	-14.7604	769.092
132.18	804.515	-35.4222	769.093
132.2	789.561	-20.4446	769.117
132.22	798.796	-29.7131	769.083
132.24	806.095	-36.9525	769.142
132.26	788.76	-19.6746	769.086
132.28	734.311	34.8803	769.192
132.3	758.684	10.411	769.095
132.32	778.486	-9.39245	769.094
132.34	793.641	-24.5524	769.088
132.36	801.226	-32.1409	769.086
132.38	782.93	-13.7969	769.133
132.4	787.996	-18.8852	769.111
132.42	793.422	-24.3161	769.106
132.44	790.326	-21.2002	769.126
132.46	780.41	-11.3473	769.062
132.48	793.645	-24.592	769.053
132.5	802.324	-33.2195	769.105
132.52	802.113	-33.0191	769.094
132.54	778.975	-9.92498	769.05
132.56	769.28	-0.225954	769.054
132.58	788.064	-18.9573	769.107
132.6	789.224	-20.2778	768.946
132.62	770.224	-1.29248	768.932
132.64	772.557	-3.52862	769.028
132.66	761.449	7.54273	768.991
132.68	734.855	34.245	769.1
132.7	789.655	-20.7093	768.946
132.72	784.629	-15.5065	769.123
132.74	800.198	-31.1344	769.064
132.76	799.643	-30.5589	769.085
132.78	770.74	-1.68872	769.052
132.8	776.708	-7.70691	769.001
132.82	796.295	-27.2217	769.073
132.84	800.024	-30.949	769.075
132.86	793.927	-24.8359	769.092
132.88	778.939	-9.81187	769.127
132.9	771.898	-2.78601	769.112
132.92	775.738	-6.63791	769.1
132.94	791.558	-22.476	769.082
132.96	778.329	-9.1859	769.143
132.98	778.047	-9.03062	769.016
133	780.835	-11.7874	769.048
133.02	790.783	-21.6669	769.116
133.04	792.975	-23.8614	769.114
133.06	802.788	-33.6878	769.101
133.08	803.348	-34.2441	769.104
133.1	799.801	-30.7736	769.027
133.12	778.725	-9.65525	769.069
133.14	781.061	-11.9938	769.067
133.16	793.453	-24.4544	768.998
133.18	777.524	-8.3929	769.131
133.2	797.539	-28.5366	769.002
133.22	782.064	-13.0237	769.04
133.24	771.114	-2.03336	769.081
133.26	779.176	-10.1221	769.054
133.28	782.473	-13.4026	769.07
133.3	787.478	-18.4408	769.037
133.32	778.63	-9.54255	769.087
133.34	789.596	-20.6004	768.996
133.36	788.211	-19.184	769.027
133.38	789.364	-20.354	769.01
133.4	781.084	-12.128	768.956
133.42	771.118	-2.07439	769.044
133.44	800.557	-31.5346	769.022
133.46	800.906	-31.8587	769.048
133.48	793.388	-24.3373	769.051
133.5	792.046	-23.0072	769.039
133.52	772.006	-3.03204	768.974
133.54	764.668	4.31525	768.983
133.56	790.526	-21.4846	769.041
133.58	796.313	-27.2497	769.063
133.6	792.043	-22.961	769.082
133.62	797.047	-28.0348	769.012
133.64	790.949	-21.9071	769.042
133.66	801.684	-32.6784	769.006
133.68	767.629	1.41455	769.043
133.7	766.298	2.68586	768.983
133.72	782.733	-13.7497	768.983
133.74	782.084	-13.0587	769.025
133.76	788.043	-19.0522	768.991
133.78	787.095	-18.0857	769.009
133.8	797.121	-28.1191	769.002
133.82	797.613	-28.6292	768.984
133.84	757.866	11.2479	769.114
133.86	796.313	-27.3663	768.946
133.88	798.334	-29.2954	769.039
133.9	805.746	-36.7434	769.003
133.92	796.989	-27.9462	769.043
133.94	798.629	-29.6344	768.994
133.96	777.647	-8.62031	769.027
133.98	763.226	5.8381	769.064
134	800.269	-31.2905	768.978
134.02	796.927	-27.8855	769.041
134.04	797.424	-28.4243	769
134.06	785.082	-16.0767	769.006
134.08	754.984	14.1276	769.112
134.1	785.348	-16.3679	768.98
134.12	777.411	-8.33131	769.079
134.14	807.039	-38.0433	768.995
134.16	796.43	-27.4919	768.938
134.18	763.357	5.6007	768.958
134.2	775.078	-6.0998	768.978
134.22	779.694	-10.7162	768.978
134.24	777.596	-8.56586	769.03
134.26	801.989	-33.0356	768.953
134.28	794.717	-25.724	768.993
134.3	792.006	-23.0077	768.998
134.32	789.75	-20.788	768.962
134.34	789.802	-20.8117	768.991
134.36	796.389	-27.3595	769.03
134.38	800.419	-31.4238	768.995
134.4	762.86	6.29664	769.156
134.42	781.286	-12.2611	769.024
134.44	789.053	-20.0637	768.99
134.46	771.572	-2.50842	769.063
134.48	789.06	-20.135	768.925
134.5	737.641	31.5103	769.152
134.52	789.285	-20.3287	768.957
134.54	788.233	-19.1739	769.059
134.56	773.27	-4.23798	769.032
134.58	776.751	-7.70373	769.047
134.6	791.405	-22.374	769.031
134.62	789.859	-20.8931	768.966
134.64	769.9	-0.855693	769.045
134.66	777.419	-8.40137	769.018
134.68	777.633	-8.59827	769.035
134.7	799.125	-30.1172	769.007
134.72	792.932	-23.8406	769.091
134.74	795.477	-26.3953	769.081
134.76	789.2	-20.1094	769.091
134.78	790.211	-21.1699	769.041
134.8	780.239	-11.1587	769.08
134.82	761.831	7.20252	769.034
134.84	772.897	-3.87471	769.022
134.86	798.545	-29.5085	769.037
134.88	798.744	-29.6718	769.072
134.9	788.427	-19.3651	769.062
134.92	745.911	23.192	769.103
134.94	770.825	-1.84415	768.98
134.96	773.093	-4.04518	769.048
134.98	768.477	0.544506	769.022
135	771.635	-2.56852	769.066
135.02	803.421	-34.407	769.014
135.04	792.818	-23.8274	768.99
135.06	780.719	-11.688	769.031
135.08	794.824	-25.832	768.992
135.1	766.722	2.32023	769.042
135.12	752.158	16.8286	768.986
135.14	784.971	-16.0503	768.921
135.16	799.477	-30.4598	769.017
135.18	795.847	-26.8492	768.998
135.2	799.875	-30.8717	769.004
135.22	809.364	-40.3809	768.983
135.24	794.886	-25.8379	769.048
135.26	795.174	-26.1393	769.034
135.28	773.856	-4.80032	769.055
135.3	758.755	10.2822	769.038
135.32	793.659	-24.6652	768.994
135.34	805.997	-36.9635	769.034
135.36	796.756	-27.7163	769.04
135.38	786.485	-17.4367	769.049
135.4	789.617	-20.5607	769.056
135.42	801.056	-31.9996	769.056
135.44	807.942	-38.924	769.018
135.46	799.91	-30.8676	769.042
135.48	774.53	-5.46383	769.066
135.5	789.819	-20.8117	769.007
135.52	809.795	-40.7745	769.021
135.54	808.324	-39.2872	769.037
135.56	808.912	-39.8836	769.028
135.58	811.742	-42.6999	769.042
135.6	816.04	-47.0374	769.002
135.62	813.725	-44.7377	768.988
135.64	798.055	-29.0448	769.011
135.66	787.388	-18.4403	768.948
135.68	783.236	-14.2808	768.955
135.7	791.799	-22.824	768.976
135.72	777.295	-8.37876	768.916
135.74	786.858	-17.9598	768.899
135.76	800.103	-31.1299	768.973
135.78	807.269	-38.2854	768.984
135.8	791.593	-22.6889	768.904
135.82	760.975	8.00481	768.98
135.84	785.361	-16.3894	768.972
135.86	809.146	-40.2017	768.944
135.88	795.929	-26.9462	768.983
135.9	794.845	-25.8883	768.957
135.92	791.838	-22.8372	769.001
135.94	773.783	-4.7576	769.025
135.96	778.911	-9.93202	768.979
135.98	780.258	-11.272	768.986
136	790.101	-21.1467	768.955
136.02	798.23	-29.2885	768.942
136.04	806.473	-37.5038	768.969
136.06	811.869	-42.912	768.957
136.08	792.768	-23.8323	768.936
136.1	794.131	-25.2325	768.899
136.12	795.261	-26.3318	768.929
136.14	783.902	-14.9712	768.93
136.16	789.536	-20.5983	768.938
136.18	803.244	-34.3073	768.937
136.2	806.279	-37.358	768.921
136.22	793.866	-24.8831	768.983
136.24	796.937	-28.0322	768.905
136.26	788.778	-19.8248	768.954
136.28	801.285	-32.4058	768.879
136.3	804.194	-35.318	768.876
136.32	799.5	-30.5872	768.913
136.34	793.143	-24.2065	768.936
136.36	794.393	-25.4834	768.91
136.38	786.725	-17.7867	768.938
136.4	788.834	-19.8885	768.946
136.42	808.171	-39.2427	768.928
136.44	806.545	-37.5875	768.957
136.46	802.429	-33.5042	768.924
136.48	774.29	-5.37853	768.911
136.5	776.191	-7.27064	768.92
136.52	802.469	-33.5212	768.948
136.54	803.945	-35.0118	768.934
136.56	768.735	0.305284	769.04
136.58	795.436	-26.5032	768.933
136.6	805.212	-36.2556	768.956
136.62	796.872	-27.9574	768.914
136.64	780.09	-11.0953	768.995
136.66	772.668	-3.69841	768.97
136.68	783.549	-14.5813	768.968
136.7	809.397	-40.4273	768.97
136.72	811.042	-42.0197	769.022
136.74	804.642	-35.6123	769.03
136.76	783.993	-14.9998	768.993
136.78	778.433	-9.40432	769.029
136.8	801.441	-32.459	768.982
136.82	806.824	-37.8495	768.974
136.84	802.625	-33.6326	768.992
136.86	799.845	-30.8881	768.956
136.88	789.787	-20.7953	768.992
136.9	798.785	-29.8357	768.949
136.92	802.71	-33.7407	768.97
136.94	791.794	-22.8369	768.957
136.96	765.629	3.42187	769.051
136.98	802.387	-33.4671	768.92
137	787.963	-19.0608	768.903
137.02	761.791	7.15538	768.946
137.04	775.964	-6.99227	768.972
137.06	796.914	-27.9974	768.917
137.08	782.586	-13.618	768.968
137.1	792.127	-23.2118	768.915
137.12	814.003	-45.0917	768.911
137.14	812.263	-43.3301	768.933
137.16	788.121	-19.1305	768.991
137.18	794.959	-26.0987	768.86
137.2	776.735	-7.87472	768.86
137.22	789.691	-20.7545	768.937
137.24	765.265	3.61139	768.876
137.26	740.353	28.5755	768.929
137.28	784.494	-15.5049	768.989
137.3	781.754	-12.7835	768.97
137.32	784.982	-15.9803	769.002
137.34	796.536	-27.5438	768.992
137.36	781.332	-12.3077	769.025
137.38	769.893	-0.896914	768.997
137.4	766.112	2.89702	769.009
137.42	795.992	-27.0839	768.908
137.44	795.793	-26.7889	769.004
137.46	804.386	-35.4048	768.982
137.48	781.912	-12.9006	769.011
137.5	776.166	-7.10489	769.061
137.52	793.194	-24.1971	768.997
137.54	789.852	-20.7652	769.087
137.56	808.973	-39.9127	769.06
137.58	812.681	-43.6012	769.08
137.6	812.341	-43.2665	769.074
137.62	809.232	-40.1805	769.051
137.64	806.878	-37.8344	769.044
137.66	793.621	-24.6375	768.983
137.68	785.756	-16.7605	768.996
137.7	791.189	-22.2076	768.981
137.72	767.968	1.08479	769.053
137.74	788.449	-19.5227	768.926
137.76	787.876	-18.8267	769.049
137.78	816.337	-47.3402	768.997
137.8	813.902	-44.9379	768.964
137.82	788.21	-19.1567	769.054
137.84	801.447	-32.454	768.993
137.86	774.58	-5.56223	769.018
137.88	727.073	42.0302	769.104
137.9	755.839	13.1831	769.022
137.92	786.773	-17.8504	768.923
137.94	762.385	6.60887	768.994
137.96	780.48	-11.4416	769.038
137.98	797.117	-28.1633	768.953
138	752.863	16.3385	769.201
138.02	800.233	-31.2336	768.999
138.04	774.15	-5.0397	769.11
138.06	782.061	-13.007	769.054
138.08	796.952	-27.9072	769.045
138.1	812.039	-42.997	769.042
138.12	802.039	-32.9473	769.092
138.14	796.862	-27.7894	769.072
138.16	807.919	-38.8463	769.073
138.18	807.149	-38.074	769.075
138.2	795.867	-26.8217	769.045
138.22	790.219	-21.1326	769.086
138.24	802.524	-33.4363	769.088
138.26	806.328	-37.2467	769.082
138.28	809.398	-40.3175	769.081
138.3	795.572	-26.4668	769.106
138.32	788.827	-19.7012	769.126
138.34	789.447	-20.3174	769.129
138.36	799.145	-30.0197	769.125
138.38	805.563	-36.448	769.115
138.4	800.272	-31.1951	769.076
138.42	805.33	-36.3255	769.004
138.44	775.173	-6.1137	769.059
138.46	782.703	-13.7485	768.954
138.48	780.706	-11.6544	769.052
138.5	773.093	-4.0457	769.047
138.52	776.482	-7.44437	769.037
138.54	779.91	-10.812	769.098
138.56	785.046	-15.9739	769.072
138.58	800	-30.9385	769.062
138.6	798.25	-29.2251	769.025
138.62	784.194	-15.1521	769.042
138.64	793.938	-24.9257	769.012
138.66	791.467	-22.4555	769.012
138.68	780.165	-11.2381	768.927
138.7	781.534	-12.5718	768.962
138.72	804.475	-35.4525	769.022
138.74	798.051	-29.0147	769.037
138.76	778.503	-9.44315	769.06
138.78	788.591	-19.5715	769.019
138.8	781.903	-12.8554	769.047
138.82	776.344	-7.26999	769.074
138.84	796.788	-27.7439	769.044
138.86	802.634	-33.6014	769.033
138.88	796.366	-27.3372	769.029
138.9	771.757	-2.78963	768.967
138.92	704.523	64.6919	769.215
138.94	794.522	-25.5171	769.005
138.96	808.836	-39.7534	769.083
138.98	799.063	-29.9469	769.116
139	799.017	-29.9326	769.085
139.02	794.82	-25.7078	769.113
139.04	789.22	-20.1569	769.064
139.06	783.434	-14.3479	769.086
139.08	781.268	-12.1344	769.133
139.1	793.98	-24.8667	769.113
139.12	802.683	-33.5734	769.109
139.14	799.82	-30.7171	769.103
139.16	793.281	-24.1652	769.116
139.18	784.496	-15.3518	769.144
139.2	773.154	-4.0712	769.082
139.22	796.994	-27.9442	769.05
139.24	804.517	-35.3898	769.128
139.26	786.227	-17.1206	769.106
139.28	805.831	-36.8092	769.022
139.3	803.483	-34.4072	769.076
139.32	771.436	-2.29958	769.137
139.34	767.142	1.90787	769.05
139.36	763.556	5.5279	769.084
139.38	798.447	-29.4037	769.043
139.4	768.466	0.656861	769.122
139.42	779.007	-10.0052	769.002
139.44	781.639	-12.6202	769.019
139.46	795.372	-26.3398	769.032
139.48	802.08	-33.0535	769.026
139.5	798.47	-29.4224	769.048
139.52	797.987	-28.9818	769.005
139.54	782.988	-13.9511	769.037
139.56	766.463	2.65565	769.119
139.58	802.582	-33.5661	769.015
139.6	796.359	-27.3291	769.029
139.62	786.06	-17.0162	769.044
139.64	778.005	-8.93889	769.066
139.66	795.785	-26.7622	769.023
139.68	809.729	-40.6845	769.044
139.7	797.875	-28.8119	769.063
139.72	786.851	-17.9619	768.889
139.74	775.446	-6.54081	768.905
139.76	806.233	-37.1658	769.067
139.78	789.619	-20.5483	769.071
139.8	782.97	-13.9782	768.992
139.82	775.605	-6.57941	769.026
139.84	794.352	-25.3656	768.986
139.86	805.007	-35.9633	769.044
139.88	777.989	-8.96832	769.021
139.9	782.868	-13.8714	768.996
139.92	797.024	-27.9895	769.034
139.94	801.47	-32.4553	769.014
139.96	789.435	-20.4324	769.003
139.98	792.307	-23.3031	769.004
140	800.63	-31.6142	769.016
140.02	798.503	-29.4584	769.045
140.04	809.739	-40.7779	768.961
140.06	796.334	-27.377	768.957
140.08	772.822	-3.81046	769.011
140.1	794.715	-25.7581	768.956
140.12	789.358	-20.4355	768.923
140.14	769.997	-1.00867	768.988
140.16	792.686	-23.7595	768.926
140.18	776.242	-7.38632	768.855
140.2	757.54	11.1981	768.738
140.22	765.439	3.30486	768.744
140.24	791.467	-22.6117	768.855
140.26	776.973	-7.96263	769.011
140.28	788.663	-19.691	768.972
140.3	792.337	-23.3765	768.961
140.32	778.648	-9.55525	769.093
140.34	798.213	-29.2086	769.005
140.36	786.59	-17.5761	769.013
140.38	764.888	4.20619	769.094
140.4	789.774	-20.8007	768.973
140.42	770.093	-0.979522	769.113
140.44	762.299	6.76604	769.065
140.46	760.778	8.1856	768.964
140.48	773.166	-4.17243	768.993
140.5	796.396	-27.3883	769.007
140.52	801.047	-31.995	769.052
140.54	794.745	-25.6457	769.099
140.56	803.017	-33.9474	769.07
140.58	807.991	-38.9526	769.039
140.6	809.87	-40.8349	769.035
140.62	813.96	-44.9529	769.007
140.64	794.446	-25.4427	769.003
140.66	787.027	-18.0389	768.988
140.68	806.046	-37.0648	768.981
140.7	813.626	-44.6217	769.005
140.72	798.291	-29.3065	768.984
140.74	774.097	-5.08531	769.012
140.76	768.372	0.614467	768.987
140.78	776.898	-7.9213	768.977
140.8	789.755	-20.8072	768.948
140.82	786.272	-17.332	768.94
140.84	793.182	-24.1599	769.022
140.86	815.198	-46.2171	768.981
140.88	812.393	-43.3917	769.002
140.9	804.59	-35.5883	769.001
140.92	794.233	-25.3039	768.929
140.94	746.551	22.5058	769.057
140.96	782.438	-13.5287	768.909
140.98	803.692	-34.7318	768.96
141	809.906	-40.9969	768.909
141.02	780.039	-11.1041	768.935
141.04	777.719	-8.81529	768.904
141.06	795.273	-26.3484	768.925
141.08	783.932	-15.117	768.815
141.1	760.774	7.87251	768.647
141.12	763.71	5.22349	768.934
141.14	781.973	-13.0426	768.93
141.16	804.651	-35.7718	768.88
141.18	795.582	-26.6715	768.91
141.2	801.02	-32.1058	768.914
141.22	799.607	-30.661	768.946
141.24	788.297	-19.3617	768.936
141.26	779.735	-10.7698	768.965
141.28	804.002	-35.0736	768.928
141.3	805.072	-36.1353	768.937
141.32	795.178	-26.1971	768.981
141.34	798.383	-29.413	768.97
141.36	775.401	-6.44822	768.953
141.38	777.664	-8.72616	768.938
141.4	780.723	-11.6543	769.069
141.42	798.385	-29.4697	768.915
141.44	788.128	-19.1827	768.945
141.46	782.434	-13.4206	769.013
141.48	789.148	-20.2058	768.942
141.5	772.577	-3.52313	769.054
141.52	785.258	-16.2398	769.018
141.54	796.537	-27.5383	768.999
141.56	803.957	-34.9477	769.009
141.58	806.384	-37.445	768.939
141.6	784.896	-15.9158	768.981
141.62	785.175	-16.2424	768.933
141.64	767.455	1.56343	769.019
141.66	794.367	-25.3973	768.97
141.68	799.459	-30.4958	768.963
141.7	794.209	-25.2106	768.998
141.72	807.779	-38.7467	769.032
141.74	816.656	-47.6134	769.043
141.76	801.108	-32.0939	769.014
141.78	772.35	-3.2963	769.054
141.8	780.691	-11.6651	769.026
141.82	788.792	-19.7837	769.008
141.84	783.482	-14.4474	769.034
141.86	795.659	-26.6615	768.998
141.88	809.399	-40.3934	769.005
141.9	801.526	-32.5489	768.977
141.92	770.102	-1.09154	769.01
141.94	769.423	-0.362229	769.061
141.96	804.759	-35.7621	768.997
141.98	794.708	-25.6589	769.05
142	773.382	-4.39771	768.985
142.02	771.01	-2.09243	768.918
142.04	759.425	9.61552	769.04
142.06	806.167	-37.2429	768.925
142.08	800.535	-31.538	768.997
142.1	805.125	-36.1597	768.965
142.12	797.053	-28.0412	769.012
142.14	802.352	-33.3565	768.995
142.16	800.144	-31.134	769.01
142.18	799.555	-30.5214	769.033
142.2	787.876	-18.8345	769.042
142.22	781.336	-12.2798	769.056
142.24	788.541	-19.457	769.084
142.26	797.458	-28.4401	769.018
142.28	805.795	-36.754	769.041
142.3	814.643	-45.6493	768.993
142.32	796.576	-27.5716	769.004
142.34	779.506	-10.4672	769.039
142.36	797.553	-28.5488	769.004
142.38	795.956	-26.9552	769.001
142.4	778.79	-9.83692	768.953
142.42	781.262	-12.3114	768.95
142.44	792.952	-23.9376	769.014
142.46	801.648	-32.6633	768.985
142.48	774.567	-5.57636	768.991
142.5	739.079	30.0301	769.109
142.52	784.348	-15.3651	768.983
142.54	792.435	-23.3916	769.043
142.56	802.239	-33.208	769.031
142.58	793.922	-24.9211	769.001
142.6	786.443	-17.4106	769.032
142.62	802.784	-33.7559	769.028
142.64	802.143	-33.1025	769.041
142.66	784.39	-15.3972	768.993
142.68	768.928	0.0752583	769.003
142.7	797.187	-28.2681	768.919
142.72	795.743	-26.7763	768.966
142.74	795.918	-26.9934	768.924
142.76	788.388	-19.4356	768.952
142.78	784.502	-15.5136	768.989
142.8	800.19	-31.2728	768.918
142.82	794.907	-25.9437	768.963
142.84	795.315	-26.4033	768.912
142.86	795.595	-26.6486	768.946
142.88	805.525	-36.5935	768.932
142.9	812.193	-43.2823	768.91
142.92	792.906	-23.9781	768.928
142.94	779.664	-10.7112	768.952
142.96	792.913	-23.9671	768.946
142.98	799.373	-30.4698	768.903
143	793.169	-24.2146	768.955
143.02	810.432	-41.4846	768.947
143.04	795.871	-26.9358	768.935
143.06	790.75	-21.8159	768.934
143.08	798.375	-29.5377	768.837
143.1	779.651	-10.7368	768.914
143.12	797.373	-28.516	768.857
143.14	789.372	-20.4399	768.932
143.16	791.452	-22.5542	768.898
143.18	793.872	-24.9547	768.918
143.2	796.441	-27.485	768.956
143.22	811.146	-42.2353	768.911
143.24	812.634	-43.6974	768.936
143.26	802.47	-33.4933	768.977
143.28	801.228	-32.2871	768.941
143.3	768.882	0.106498	768.988
143.32	777.402	-8.47086	768.931
143.34	789.867	-20.8687	768.999
143.36	783.217	-14.1289	769.088
143.38	813.522	-44.5506	768.972
143.4	802.219	-33.2506	768.969
143.42	770.028	-0.993888	769.034
143.44	772.429	-3.39923	769.03
143.46	790.643	-21.5965	769.046
143.48	799.36	-30.364	768.996
143.5	770.833	-1.7361	769.097
143.52	776.501	-7.427	769.074
143.54	799.441	-30.4247	769.016
143.56	804.971	-35.9162	769.054
143.58	799.766	-30.6802	769.086
143.6	793.306	-24.1904	769.116
143.62	794.853	-25.7731	769.08
143.64	792.883	-23.8147	769.068
143.66	786.745	-17.7245	769.021
143.68	727.069	42.2606	769.329
143.7	790.853	-21.875	768.978
143.72	803.052	-34.021	769.031
143.74	797.148	-28.0436	769.105
143.76	789.509	-20.3931	769.116
143.78	782.722	-13.6183	769.104
143.8	790.216	-21.1186	769.098
143.82	786.642	-17.5936	769.048
143.84	766	3.06138	769.062
143.86	774.257	-5.21367	769.043
143.88	775.007	-5.91599	769.091
143.9	798.669	-29.6551	769.014
143.92	791.482	-22.4547	769.027
143.94	772.718	-3.66629	769.052
143.96	778.722	-9.70198	769.021
143.98	792.543	-23.5399	769.003
144	778.279	-9.18614	769.093
144.02	785.212	-16.2106	769.001
144.04	778.974	-9.87038	769.104
144.06	805.702	-36.6868	769.016
144.08	803.754	-34.6988	769.056
144.1	787.763	-18.6626	769.101
144.12	769.865	-0.830749	769.034
144.14	792.48	-23.425	769.055
144.16	795.878	-26.7576	769.121
144.18	786.158	-17.0248	769.134
144.2	790.29	-21.2158	769.074
144.22	772.546	-3.41146	769.134
144.24	780.184	-11.0642	769.119
144.26	804.567	-35.4915	769.075
144.28	786.704	-17.6697	769.034
144.3	764.708	4.33886	769.047
144.32	789.888	-20.839	769.049
144.34	762.423	6.74063	769.164
144.36	792.255	-23.208	769.047
144.38	803.613	-34.4814	769.132
144.4	800.361	-31.2333	769.128
144.42	775.556	-6.46067	769.096
144.44	762.717	6.26289	768.98
144.46	773.305	-4.33702	768.968
144.48	798.754	-29.6638	769.09
144.5	765.819	3.33843	769.158
144.52	773.779	-4.61628	769.163
144.54	804.474	-35.3422	769.131
144.56	784.405	-15.4155	768.99
144.58	756.809	12.1932	769.002
144.6	779.86	-10.6939	769.166
144.62	797.579	-28.4497	769.129
144.64	800.628	-31.459	769.169
144.66	800.44	-31.3345	769.105
144.68	782.509	-13.3977	769.111
144.7	790.488	-21.3947	769.093
144.72	796.595	-27.517	769.078
144.74	779.382	-10.3162	769.065
144.76	780.773	-11.7203	769.053
144.78	796.948	-27.9246	769.023
144.8	762.733	6.4703	769.204
144.82	800.131	-31.1175	769.013
144.84	778.012	-8.9166	769.095
144.86	792.742	-23.7456	768.996
144.88	775.417	-6.28523	769.132
144.9	796.344	-27.3524	768.991
144.92	776.665	-7.59678	769.068
144.94	786.951	-17.9554	768.996
144.96	788.653	-19.6401	769.013
144.98	779.242	-10.1886	769.053
145	789.896	-20.8679	769.028
145.02	788.955	-19.8862	769.069
145.04	779.98	-10.9197	769.061
145.06	784.579	-15.5283	769.051
145.08	802.096	-33.0339	769.062
145.1	803.753	-34.713	769.04
145.12	756.871	12.2	769.071
145.14	767.499	1.47609	768.975
145.16	794.026	-24.9845	769.042
145.18	810.878	-41.8602	769.018
145.2	804.086	-35.0062	769.079
145.22	799.172	-30.1499	769.022
145.24	787.93	-18.916	769.014
145.26	783.577	-14.6538	768.923
145.28	754.957	14.0357	768.992
145.3	793.629	-24.6151	769.014
145.32	802.295	-33.2854	769.01
145.34	787.993	-18.937	769.056
145.36	779.623	-10.6091	769.014
145.38	777.647	-8.58238	769.064
145.4	806.03	-36.9329	769.097
145.42	809.522	-40.3647	769.157
145.44	787.427	-18.2425	769.185
145.46	789.661	-20.5296	769.131
145.48	799.645	-30.5087	769.137
145.5	794.823	-25.6453	769.177
145.52	799.051	-29.8941	769.157
145.54	803.508	-34.3759	769.132
145.56	807.1	-37.9941	769.106
145.58	806.737	-37.6197	769.117
145.6	787.944	-18.8302	769.114
145.62	780.325	-11.2358	769.089
145.64	787.952	-18.8624	769.09
145.66	805.176	-36.0809	769.095
145.68	805.599	-36.5591	769.04
145.7	785.558	-16.6056	768.952
145.72	772.454	-3.51001	768.944
145.74	782.123	-13.0953	769.028
145.76	789.211	-20.2383	768.973
145.78	780.472	-11.452	769.02
145.8	788.816	-19.825	768.991
145.82	792.333	-23.4046	768.929
145.84	775.133	-6.21598	768.917
145.86	753.218	15.7414	768.96
145.88	787.922	-19.0165	768.905
145.9	793.062	-24.0708	768.991
145.92	795.656	-26.6517	769.004
145.94	795.064	-26.1631	768.901
145.96	746.853	22.2146	769.067
145.98	766.322	2.6895	769.012
146	789.707	-20.7218	768.985
146.02	800.898	-31.8572	769.041
146.04	799.406	-30.3526	769.053
146.06	793.395	-24.3228	769.072
146.08	794.461	-25.4034	769.058
146.1	786.444	-17.2984	769.145
146.12	791.6	-22.4996	769.101
146.14	784.502	-15.3608	769.141
146.16	796.077	-26.9896	769.088
146.18	792.787	-23.6517	769.136
146.2	775.966	-6.81763	769.148
146.22	794.923	-25.8146	769.108
146.24	807.626	-38.5216	769.104
146.26	786.377	-17.2756	769.102
146.28	807.434	-38.4013	769.033
146.3	799.71	-30.6175	769.092
146.32	776.404	-7.32064	769.083
146.34	782.079	-12.9818	769.097
146.36	809.725	-40.6886	769.037
146.38	799.548	-30.4615	769.087
146.4	766.992	2.17878	769.171
146.42	783.197	-14.1094	769.088
146.44	785.268	-16.174	769.094
146.46	799.658	-30.5807	769.077
146.48	789.269	-20.156	769.113
146.5	794.995	-25.8931	769.102
146.52	803.501	-34.4217	769.079
146.54	797.182	-28.1004	769.082
146.56	790.305	-21.2079	769.097
146.58	800.32	-31.2543	769.066
146.6	769.692	-0.599826	769.092
146.62	767.894	1.14859	769.042
146.64	783.26	-14.1724	769.088
146.66	803.669	-34.6133	769.056
146.68	794.09	-24.9992	769.091
146.7	765.715	3.41967	769.134
146.72	772.753	-3.68621	769.066
146.74	797.036	-27.9749	769.061
146.76	795.393	-26.3143	769.079
146.78	758.324	10.8392	769.163
146.8	787.247	-18.2045	769.043
146.82	798.69	-29.6248	769.065
146.84	783.184	-14.1312	769.052
146.86	768.396	0.69187	769.088
146.88	788.362	-19.2794	769.083
146.9	794.618	-25.5559	769.062
146.92	776.044	-6.89353	769.15
146.94	782.142	-13.0452	769.096
146.96	781.425	-12.3651	769.06
146.98	776.344	-7.24667	769.097
147	789.659	-20.6555	769.004
147.02	777.823	-8.82682	768.996
147.04	764.109	4.946	769.055
147.06	793.186	-24.1712	769.015
147.08	778.253	-9.25111	769.002
147.1	762.451	6.54853	769
147.12	778.524	-9.48472	769.04
147.14	783.968	-15.007	768.961
147.16	773.512	-4.47396	769.038
147.18	806.401	-37.3698	769.031
147.2	779.245	-10.1316	769.113
147.22	793.943	-24.9482	768.995
147.24	789.936	-20.88	769.056
147.26	786.289	-17.2466	769.043
147.28	788.378	-19.3378	769.041
147.3	799.272	-30.2328	769.039
147.32	791.808	-22.7545	769.054
147.34	791.716	-22.6754	769.041
147.36	789.536	-20.5064	769.03
147.38	783.294	-14.2911	769.003
147.4	785.4	-16.3027	769.097
147.42	802.121	-33.0848	769.036
147.44	776.897	-7.86521	769.031
147.46	758.03	11.1101	769.14
147.48	774.797	-5.82026	768.977
147.5	754.049	14.9815	769.03
147.52	786.775	-17.7128	769.063
147.54	764.08	5.04346	769.124
147.56	773.872	-4.73375	769.138
147.58	788.27	-19.1034	769.166
147.6	795.705	-26.5471	769.157
147.62	777.544	-8.35599	769.188
147.64	788.181	-19.0176	769.163
147.66	797.582	-28.3713	769.211
147.68	785.448	-16.2646	769.184
147.7	781.566	-12.3963	769.17
147.72	788.138	-18.9933	769.145
147.74	793.989	-24.8155	769.173
147.76	802.144	-32.9786	769.166
147.78	793.136	-23.9496	769.186
147.8	789.032	-19.8782	769.154
147.82	759.95	9.26895	769.219
147.84	785.377	-16.2505	769.127
147.86	776.953	-7.83574	769.117
147.88	753.285	15.919	769.204
147.9	793.199	-24.0781	769.121
147.92	799.33	-30.1864	769.143
147.94	803.119	-33.9805	769.138
147.96	803.786	-34.6934	769.092
147.98	763.082	6.10299	769.185
148	765.787	3.37685	769.164
148.02	797.791	-28.7054	769.085
148.04	811.548	-42.4648	769.083
148.06	804.961	-35.8798	769.081
148.08	783.528	-14.3936	769.135
148.1	784.681	-15.6142	769.067
148.12	783.58	-14.5116	769.069
148.14	779.785	-10.7352	769.05
148.16	789.855	-20.8407	769.015
148.18	808.873	-39.8942	768.978
148.2	793.464	-24.4846	768.98
148.22	760.95	8.05999	769.01
148.24	758.832	10.2024	769.034
148.26	793.802	-24.8019	769
148.28	812.018	-43.0129	769.005
148.3	805.771	-36.7978	768.974
148.32	794.013	-25.0834	768.93
148.34	775.326	-6.37612	768.95
148.36	747.363	21.7509	769.114
148.38	770.495	-1.61426	768.881
148.4	768.122	0.7883	768.911
148.42	766.753	2.2177	768.971
148.44	736.25	32.8558	769.106
148.46	782.863	-13.9545	768.908
148.48	774.467	-5.52533	768.941
148.5	755.342	13.5477	768.89
148.52	733.897	35.0791	768.976
148.54	785.067	-16.1192	768.948
148.56	781.31	-12.2755	769.035
148.58	790.194	-21.2023	768.991
148.6	791.427	-22.4294	768.998
148.62	777.216	-8.18581	769.03
148.64	792.727	-23.775	768.952
148.66	784.266	-15.2076	769.058
148.68	795.199	-26.1803	769.019
148.7	785.001	-15.962	769.039
148.72	795.475	-26.458	769.017
148.74	804.882	-35.8556	769.026
148.76	794.057	-25.0444	769.013
148.78	755.166	13.9092	769.075
148.8	734.676	34.4061	769.082
148.82	775.397	-6.3875	769.01
148.84	794.921	-25.8758	769.045
148.86	801.708	-32.6692	769.038
148.88	807.176	-38.1479	769.028
148.9	795.283	-26.1659	769.118
148.92	808.552	-39.5395	769.013
148.94	763.241	5.78201	769.023
148.96	754.732	14.2775	769.01
148.98	785.157	-16.083	769.074
149	806.229	-37.1657	769.063
149.02	802.623	-33.5431	769.079
149.04	789.507	-20.4066	769.101
149.06	804.918	-35.9079	769.01
149.08	771.898	-2.7428	769.155
149.1	796.968	-28.0249	768.943
149.12	769.058	0.024771	769.082
149.14	792.161	-23.1917	768.969
149.16	773.988	-4.94762	769.041
149.18	772.121	-3.09132	769.03
149.2	782.948	-13.9315	769.017
149.22	785.371	-16.3141	769.057
149.24	806.649	-37.6271	769.022
149.26	806.205	-37.1349	769.07
149.28	807.209	-38.1529	769.056
149.3	799.84	-30.8438	768.996
149.32	781.786	-12.711	769.075
149.34	808.433	-39.4294	769.004
149.36	796.912	-27.8293	769.083
149.38	765.438	3.68848	769.126
149.4	791.018	-21.981	769.037
149.42	787.516	-18.4153	769.101
149.44	785.409	-16.2973	769.111
149.46	789.885	-20.7355	769.149
149.48	773.696	-4.83495	768.861
149.5	743.827	25.0138	768.841
149.52	781.764	-12.6918	769.073
149.54	786.791	-17.7351	769.056
149.56	792.108	-23.068	769.04
149.58	798.653	-29.6232	769.03
149.6	797.384	-28.316	769.068
149.62	794.544	-25.5465	768.997
149.64	770.677	-1.56193	769.115
149.66	803.573	-34.5412	769.032
149.68	792.62	-23.6531	768.967
149.7	769.831	-0.823571	769.007
149.72	806.606	-37.603	769.003
149.74	784.728	-15.6334	769.094
149.76	790.551	-21.4977	769.053
149.78	790.361	-21.3107	769.05
149.8	781.317	-12.2053	769.112
149.82	793.407	-24.3	769.107
149.84	798.236	-29.1151	769.121
149.86	801.025	-31.8992	769.126
149.88	787.824	-18.6674	769.157
149.9	789.611	-20.5824	769.029
149.92	775.59	-6.56397	769.026
149.94	769.805	-0.700038	769.105
149.96	769.667	-0.630564	769.037
149.98	757.061	12.0201	769.081
150	785.794	-16.6968	769.097
150.02	777.64	-8.48883	769.151
150.04	795.173	-26.058	769.115
150.06	800.047	-30.9331	769.114
150.08	788.35	-19.2092	769.141
150.1	784.794	-15.6533	769.141
150.12	792.084	-23.0765	769.007
150.14	780.353	-11.3255	769.028
150.16	790.508	-21.3592	769.149
150.18	775.552	-6.35214	769.2
150.2	797.882	-28.7899	769.092
150.22	772.688	-3.54156	769.146
150.24	789.213	-20.1302	769.083
150.26	795.992	-26.8427	769.149
150.28	804.415	-35.2857	769.129
150.3	809.118	-40.0045	769.114
150.32	796.732	-27.6296	769.103
150.34	790.295	-21.2207	769.074
150.36	792.33	-23.3033	769.027
150.38	765.019	4.07289	769.092
150.4	794.122	-25.1065	769.016
150.42	806.571	-37.5278	769.043
150.44	789.143	-20.074	769.069
150.46	782.371	-13.2926	769.078
150.48	785.464	-16.4235	769.04
150.5	765.712	3.31059	769.022
150.52	759.528	9.5316	769.06
150.54	795.253	-26.3249	768.928
150.56	710.577	58.7761	769.354
150.58	797.961	-29.0514	768.91
150.6	809.929	-40.907	769.022
150.62	808.979	-39.9503	769.029
150.64	798.346	-29.3353	769.011
150.66	791.209	-22.1925	769.016
150.68	786.601	-17.5733	769.028
150.7	795.473	-26.4192	769.054
150.72	799.039	-29.9906	769.048
150.74	794.68	-25.5947	769.085
150.76	807.392	-38.3386	769.053
150.78	785.577	-16.6468	768.931
150.8	743.724	25.4174	769.142
150.82	804.785	-35.8746	768.91
150.84	787.679	-18.6725	769.006
150.86	786.339	-17.3305	769.008
150.88	803.044	-34.024	769.02
150.9	818.406	-49.402	769.004
150.92	803.806	-34.8565	768.95
150.94	741.528	27.5838	769.112
150.96	774.215	-5.2489	768.966
150.98	771.778	-2.83156	768.946
151	785.804	-16.8534	768.951
151.02	810.222	-41.294	768.927
151.04	797.661	-28.7017	768.959
151.06	774.958	-5.99203	768.966
151.08	750.77	18.3296	769.1
151.1	800.576	-31.6174	768.959
151.12	805.706	-36.6706	769.035
151.14	800.207	-31.1983	769.008
151.16	790.747	-21.7404	769.006
151.18	794.231	-25.2508	768.98
151.2	797.468	-28.5285	768.94
151.22	781.269	-12.288	768.981
151.24	767.033	1.84441	768.878
151.26	728.478	40.518	768.996
151.28	767.153	1.78042	768.934
151.3	803.158	-34.2196	768.939
151.32	807.205	-38.3272	768.878
151.34	795.245	-26.3714	768.873
151.36	798.089	-29.1229	768.966
151.38	790.835	-21.8984	768.937
151.4	791.235	-22.296	768.939
151.42	788.16	-19.3147	768.845
151.44	769.663	-0.758684	768.904
151.46	774.433	-5.44239	768.991
151.48	781.705	-12.7804	768.925
151.5	787.187	-18.3211	768.866
151.52	777.609	-8.65009	768.959
151.54	766.743	2.18072	768.923
151.56	764.779	4.21685	768.995
151.58	808.192	-39.2815	768.91
151.6	797.394	-28.4313	768.962
151.62	804.075	-35.126	768.949
151.64	804.793	-35.8276	768.965
151.66	794.49	-25.4898	769
151.68	797.077	-28.0725	769.005
151.7	792.473	-23.5313	768.942
151.72	758.576	10.3813	768.957
151.74	750.099	18.8987	768.997
151.76	764.841	4.15433	768.995
151.78	792.483	-23.5107	768.972
151.8	792.531	-23.5053	769.026
151.82	784.514	-15.4241	769.09
151.84	805.461	-36.451	769.01
151.86	799.499	-30.4409	769.058
151.88	789.592	-20.5626	769.03
151.9	783.354	-14.2949	769.059
151.92	797.694	-28.6592	769.034
151.94	790.033	-20.9379	769.095
151.96	806.365	-37.2434	769.122
151.98	816.328	-47.2298	769.099
152	803.526	-34.4341	769.092
152.02	788.536	-19.4011	769.135
152.04	802.688	-33.6082	769.08
152.06	789.638	-20.5273	769.111
152.08	795.94	-26.8518	769.088
152.1	802.629	-33.5517	769.077
152.12	800.229	-31.1733	769.055
152.14	797.547	-28.4779	769.07
152.16	798.763	-29.6746	769.088
152.18	807.463	-38.3976	769.066
152.2	802.551	-33.4957	769.055
152.22	754.718	14.4271	769.145
152.24	786.606	-17.5943	769.012
152.26	798.491	-29.4083	769.082
152.28	790.055	-20.9095	769.145
152.3	795.635	-26.5085	769.126
152.32	802.494	-33.4034	769.09
152.34	796.87	-27.7956	769.074
152.36	776.606	-7.59628	769.01
152.38	691.523	77.7759	769.299
152.4	777.527	-8.55253	768.975
152.42	799.57	-30.5321	769.038
152.44	773.766	-4.76937	768.997
152.46	791.427	-22.4674	768.959
152.48	799.877	-30.7552	769.122
152.5	801.129	-31.9846	769.145
152.52	798.051	-28.9337	769.117
152.54	787.084	-17.9289	769.155
152.56	796.698	-27.5715	769.126
152.58	790.262	-21.1494	769.112
152.6	781.459	-12.2965	769.163
152.62	798.391	-29.2655	769.125
152.64	797.199	-28.0593	769.14
152.66	804.984	-35.8602	769.124
152.68	788.355	-19.2343	769.12
152.7	773.394	-4.19157	769.202
152.72	807.082	-37.9694	769.112
152.74	783.677	-14.5492	769.127
152.76	779.99	-10.9155	769.075
152.78	783.77	-14.6436	769.126
152.8	797.636	-28.5524	769.083
152.82	792.96	-23.8399	769.12
152.84	788.444	-19.2998	769.144
152.86	805.187	-36.0686	769.118
152.88	805.69	-36.6033	769.087
152.9	745.045	24.1275	769.172
152.92	774.419	-5.36731	769.052
152.94	790.051	-20.9606	769.09
152.96	790.549	-21.4387	769.11
152.98	790.664	-21.6264	769.037
153	790.002	-20.986	769.016
153.02	781.427	-12.313	769.114
153.04	783.578	-14.5349	769.043
153.06	773.05	-3.99835	769.051
153.08	784.943	-15.8704	769.073
153.1	799.514	-30.4258	769.088
153.12	799.246	-30.1733	769.072
153.14	808.936	-39.8808	769.055
153.16	811.784	-42.7336	769.05
153.18	809.3	-40.2322	769.068
153.2	804.072	-35.0214	769.051
153.22	792.469	-23.4232	769.045
153.24	783.004	-13.9645	769.039
153.26	789.395	-20.3825	769.013
153.28	772.058	-3.02767	769.03
153.3	769.926	-0.869649	769.056
153.32	781.968	-12.8686	769.099
153.34	789.028	-19.9534	769.075
153.36	796.155	-27.0831	769.072
153.38	801.484	-32.3992	769.085
153.4	792.81	-23.7391	769.071
153.42	789.481	-20.4527	769.028
153.44	791.809	-22.8199	768.989
153.46	793.06	-24.0473	769.013
153.48	794.973	-26.0165	768.956
153.5	779.728	-10.7075	769.02
153.52	784.967	-15.995	768.972
153.54	753.881	15.1873	769.068
153.56	754.505	14.5615	769.066
153.58	794.828	-25.8778	768.95
153.6	802.549	-33.5101	769.039
153.62	789.886	-20.882	769.004
153.64	774.1	-5.08534	769.015
153.66	771.254	-2.22762	769.027
153.68	804.345	-35.3763	768.969
153.7	798.001	-28.9467	769.054
153.72	795.522	-26.4847	769.037
153.74	786.369	-17.3802	768.989
153.76	772.037	-3.10181	768.935
153.78	795.096	-26.0077	769.088
153.8	801.053	-31.9607	769.092
153.82	796.257	-27.1776	769.079
153.84	784.566	-15.4702	769.096
153.86	794.265	-25.1726	769.093
153.88	798.409	-29.2675	769.141
153.9	806.911	-37.8037	769.108
153.92	801.222	-32.1336	769.088
153.94	795.114	-26.0204	769.094
153.96	799.761	-30.6868	769.074
153.98	806.26	-37.2121	769.048
154	789.554	-20.4922	769.062
154.02	777.438	-8.37709	769.061
154.04	770.13	-1.11175	769.018
154.06	764.442	4.61218	769.055
154.08	794.406	-25.3438	769.062
154.1	804.132	-35.0549	769.077
154.12	788.865	-19.7887	769.077
154.14	788.364	-19.2552	769.109
154.16	794.542	-25.5113	769.031
154.18	793.261	-24.2022	769.058
154.2	805.859	-36.7692	769.09
154.22	804.299	-35.2223	769.077
154.24	784.463	-15.3526	769.11
154.26	797.415	-28.4299	768.985
154.28	746.414	22.6068	769.021
154.3	758.976	10.0091	768.985
154.32	798.515	-29.4316	769.084
154.34	803.087	-34.0082	769.079
154.36	797.318	-28.2516	769.066
154.38	795.619	-26.5993	769.02
154.4	780.797	-11.747	769.05
154.42	793.122	-24.1705	768.951
154.44	785.057	-16.0213	769.036
154.46	804.234	-35.2546	768.979
154.48	755.716	13.4599	769.175
154.5	780.227	-11.2586	768.969
154.52	751.251	17.8858	769.137
154.54	785.403	-16.4165	768.987
154.56	782.884	-13.8856	768.998
154.58	788.254	-19.2457	769.009
154.6	804.994	-35.9309	769.063
154.62	756.171	12.9768	769.147
154.64	789.472	-20.448	769.024
154.66	796.412	-27.3214	769.091
154.68	794.219	-25.1647	769.055
154.7	784.603	-15.5266	769.077
154.72	784.461	-15.4501	769.011
154.74	764.264	4.84658	769.11
154.76	797.779	-28.6881	769.091
154.78	802.533	-33.4551	769.078
154.8	786.389	-17.2979	769.091
154.82	784.749	-15.7243	769.024
154.84	787.073	-17.9848	769.088
154.86	795.505	-26.4382	769.066
154.88	790.6	-21.4606	769.139
154.9	803.662	-34.5699	769.092
154.92	807.556	-38.4575	769.098
154.94	802.767	-33.7214	769.046
154.96	772.417	-3.3225	769.095
154.98	785.686	-16.6433	769.043
155	806.776	-37.7291	769.047
155.02	809.247	-40.222	769.025
155.04	779.186	-10.2512	768.935
155.06	771.541	-2.59797	768.943
155.08	801.607	-32.6568	768.95
155.1	781.579	-12.5064	769.073
155.12	787.958	-18.9232	769.035
155.14	803.993	-35.003	768.99
155.16	806.894	-37.9176	768.976
155.18	768.398	0.649683	769.048
155.2	756.22	12.6813	768.901
155.22	768.264	0.619809	768.884
155.24	796.928	-27.9925	768.936
155.26	813.614	-44.6446	768.969
155.28	799.811	-30.8676	768.944
155.3	780.192	-11.1727	769.019
155.32	800.175	-31.2131	768.962
155.34	804.57	-35.5893	768.981
155.36	778.819	-9.78783	769.031
155.38	779.775	-10.8453	768.93
155.4	776.061	-7.11088	768.95
155.42	761.669	7.35955	769.028
155.44	786.317	-17.3176	768.999
155.46	807.604	-38.5706	769.034
155.48	802.432	-33.3827	769.049
155.5	782.599	-13.5488	769.05
155.52	778.836	-9.80413	769.032
155.54	780.338	-11.2891	769.049
155.56	781.452	-12.4225	769.03
155.58	777.259	-8.19018	769.069
155.6	786.197	-17.1501	769.047
155.62	805.595	-36.596	768.999
155.64	798.273	-29.2958	768.977
155.66	745.267	23.9124	769.179
155.68	798.725	-29.7435	768.981
155.7	787.685	-18.6656	769.02
155.72	770.303	-1.2424	769.061
155.74	785.89	-16.9753	768.915
155.76	756.031	13.0131	769.044
155.78	775.168	-6.27363	768.894
155.8	778.702	-9.73378	768.968
155.82	803.793	-34.8076	768.985
155.84	805.823	-36.8275	768.995
155.86	782.251	-13.2589	768.992
155.88	776.768	-7.7716	768.996
155.9	804.854	-35.864	768.99
155.92	804.345	-35.3347	769.01
155.94	794.506	-25.4411	769.065
155.96	792.501	-23.454	769.047
155.98	796.891	-27.8549	769.036
156	800.521	-31.4309	769.09
156.02	799.079	-30.046	769.033
156.04	787.347	-18.2849	769.062
156.06	807.103	-38.0504	769.052
156.08	806.159	-37.0997	769.059
156.1	782.924	-13.7652	769.159
156.12	796.642	-27.5744	769.067
156.14	775.497	-6.36212	769.135
156.16	779.955	-10.8919	769.063
156.18	775.068	-6.03815	769.03
156.2	767.167	1.84959	769.017
156.22	766.327	2.67584	769.003
156.24	786.854	-17.8221	769.032
156.26	800.441	-31.3987	769.042
156.28	792.926	-23.9031	769.023
156.3	788.741	-19.7039	769.038
156.32	791.441	-22.4985	768.942
156.34	761.26	7.69966	768.959
156.36	768.866	0.0642952	768.931
156.38	773.273	-4.38233	768.891
156.4	756.433	12.571	769.004
156.42	768.02	0.978437	768.998
156.44	797.621	-28.6687	768.952
156.46	803.836	-34.8405	768.996
156.48	797.613	-28.641	768.972
156.5	779.47	-10.4768	768.993
156.52	785.728	-16.7815	768.946
156.54	778.87	-10.0315	768.839
156.56	754.77	14.03	768.8
156.58	761.657	7.29095	768.948
156.6	798.736	-29.8217	768.914
156.62	789.879	-20.8325	769.046
156.64	797.1	-28.0974	769.002
156.66	793.218	-24.1832	769.035
156.68	781.713	-12.6409	769.072
156.7	787.947	-18.8963	769.051
156.72	784.448	-15.3326	769.115
156.74	785.294	-16.2442	769.05
156.76	782.186	-13.1216	769.065
156.78	776.561	-7.55129	769.009
156.8	741.034	28.0755	769.109
156.82	768.145	0.923194	769.069
156.84	783.75	-14.7092	769.041
156.86	775.05	-5.94927	769.101
156.88	790.69	-21.6212	769.069
156.9	794.142	-25.1145	769.027
156.92	774.545	-5.45651	769.088
156.94	786.306	-17.2622	769.044
156.96	796.184	-27.1079	769.076
156.98	799.552	-30.4882	769.064
157	791.432	-22.365	769.067
157.02	799.684	-30.5967	769.087
157.04	806.516	-37.4336	769.082
157.06	797.85	-28.7559	769.094
157.08	781.793	-12.7054	769.087
157.1	783.604	-14.5215	769.083
157.12	781.667	-12.6552	769.012
157.14	758.465	10.6185	769.083
157.16	792.127	-23.0772	769.05
157.18	805.001	-35.9878	769.013
157.2	799.666	-30.6159	769.05
157.22	779.409	-10.3713	769.038
157.24	790.395	-21.3796	769.016
157.26	808.607	-39.5695	769.038
157.28	807.454	-38.3964	769.058
157.3	805.726	-36.6512	769.075
157.32	806.221	-37.1751	769.046
157.34	803.31	-34.2419	769.068
157.36	801.639	-32.586	769.053
157.38	801.235	-32.1589	769.076
157.4	796.456	-27.3798	769.077
157.42	787.378	-18.3124	769.065
157.44	793.747	-24.7226	769.024
157.46	786.725	-17.6884	769.037
157.48	788.86	-19.8682	768.992
157.5	794.326	-25.2973	769.029
157.52	803.367	-34.3203	769.047
157.54	799.049	-29.9923	769.057
157.56	774.132	-5.0712	769.061
157.58	776.93	-7.88195	769.048
157.6	800.591	-31.6321	768.959
157.62	750.384	18.7433	769.127
157.64	773.784	-4.84958	768.935
157.66	782.978	-13.9491	769.029
157.68	791.664	-22.6557	769.008
157.7	769.7	-0.620523	769.08
157.72	790.018	-20.9931	769.025
157.74	808.31	-39.2538	769.057
157.76	788.385	-19.2946	769.09
157.78	768.974	0.0891846	769.064
157.8	779.053	-10.0242	769.029
157.82	796.233	-27.19	769.043
157.84	795.252	-26.1418	769.11
157.86	792.927	-23.7869	769.14
157.88	800.756	-31.6547	769.101
157.9	772.581	-3.39065	769.191
157.92	786.202	-17.0737	769.128
157.94	801.288	-32.2108	769.077
157.96	774.121	-5.06463	769.057
157.98	765.408	3.64558	769.054
158	784.443	-15.3686	769.074
158.02	804.819	-35.7803	769.039
158.04	800.109	-31.0541	769.054
158.06	785.093	-16.0032	769.09
158.08	792.059	-23.0728	768.986
158.1	774.152	-5.10613	769.045
158.12	781.812	-12.7731	769.039
158.14	770.091	-1.08379	769.007
158.16	784.868	-15.9019	768.966
158.18	787.116	-18.0769	769.039
158.2	766.569	2.49935	769.068
158.22	783.791	-14.7664	769.024
158.24	802.591	-33.5564	769.034
158.26	799.967	-30.9679	768.999
158.28	779.396	-10.3264	769.07
158.3	801.281	-32.2134	769.067
158.32	801.824	-32.7721	769.052
158.34	790.689	-21.5984	769.091
158.36	788.045	-18.9335	769.111
158.38	788.931	-19.8197	769.111
158.4	796.766	-27.6659	769.1
158.42	780.788	-11.6746	769.114
158.44	753.885	15.204	769.089
158.46	781.687	-12.6274	769.06
158.48	807.354	-38.2488	769.105
158.5	801.47	-32.3385	769.132
158.52	802.09	-32.9752	769.115
158.54	802.728	-33.6141	769.114
158.56	788.699	-19.5546	769.144
158.58	790.462	-21.3354	769.126
158.6	784.198	-15.0954	769.103
158.62	781.084	-11.9834	769.101
158.64	776.8	-7.63852	769.161
158.66	799.381	-30.2889	769.092
158.68	795.601	-26.49	769.111
158.7	769.301	-0.18795	769.113
158.72	754.252	14.8293	769.081
158.74	773.45	-4.35914	769.091
158.76	800.072	-30.9983	769.073
158.78	780.528	-11.3569	769.171
158.8	788.99	-19.8708	769.119
158.82	788.329	-19.1685	769.161
158.84	788.309	-19.1746	769.134
158.86	792.764	-23.6082	769.155
158.88	797.809	-28.6695	769.14
158.9	777.464	-8.26886	769.195
158.92	767.785	1.40887	769.194
158.94	782.971	-13.784	769.187
158.96	799.816	-30.6521	769.164
158.98	784.05	-14.8627	769.187
159	772.873	-3.71076	769.162
159.02	759.856	9.31143	769.167
159.04	770.551	-1.38729	769.164
159.06	800.467	-31.3043	769.163
159.08	795.911	-26.774	769.137
159.1	782.254	-13.1069	769.147
159.12	797.549	-28.4908	769.058
159.14	794.155	-25.0085	769.147
159.16	806.283	-37.1526	769.131
159.18	786.669	-17.5413	769.128
159.2	769.095	0.0794134	769.175
159.22	793.527	-24.4302	769.096
159.24	792.671	-23.6061	769.065
159.26	757.765	11.3435	769.109
159.28	729.051	40.1457	769.197
159.3	791.071	-22.0084	769.063
159.32	788.163	-19.0862	769.076
159.34	778.155	-9.02539	769.13
159.36	787.739	-18.5904	769.149
159.38	789.428	-20.254	769.174
159.4	794.6	-25.4353	769.165
159.42	800.242	-31.0909	769.151
159.44	802.316	-33.1717	769.144
159.46	793.717	-24.5455	769.172
159.48	790.399	-21.2621	769.137
159.5	788.968	-19.8219	769.146
159.52	787.349	-18.1796	769.17
159.54	799.057	-29.9196	769.137
159.56	799.854	-30.708	769.146
159.58	801.002	-31.8793	769.123
159.6	801.403	-32.2492	769.154
159.62	801.291	-32.1379	769.153
159.64	801.552	-32.3967	769.155
159.66	788.131	-18.9619	769.169
159.68	781.158	-12.0495	769.108
159.7	785.293	-16.1559	769.137
159.72	806.535	-37.4478	769.088
159.74	783.215	-14.0818	769.133
159.76	778.312	-9.13976	769.172
159.78	810.542	-41.4174	769.124
159.8	805.439	-36.3433	769.096
159.82	780.38	-11.2283	769.152
159.84	800.682	-31.6343	769.048
159.86	807.667	-38.58	769.087
159.88	781.421	-12.3055	769.115
159.9	793.703	-24.6023	769.101
159.92	809.359	-40.2677	769.091
159.94	808.472	-39.3708	769.101
159.96	796.832	-27.6777	769.154
159.98	807.504	-38.3643	769.14
160	785.779	-16.6808	769.098
160.02	764.616	4.50337	769.119
160.04	774.863	-5.67764	769.185
160.06	787.552	-18.4168	769.136
160.08	792.237	-23.1164	769.121
160.1	787.483	-18.3519	769.131
160.12	792.564	-23.4814	769.082
160.14	762.593	6.58564	769.179
160.16	788.623	-19.5696	769.053
160.18	800.668	-31.6507	769.017
160.2	767.503	1.64973	769.153
160.22	796.806	-27.7478	769.058
160.24	805.956	-36.8493	769.106
160.26	800.368	-31.2367	769.132
160.28	787.988	-18.8817	769.106
160.3	788.459	-19.3401	769.118
160.32	807.593	-38.5267	769.066
160.34	778.646	-9.59125	769.055
160.36	736.84	32.2962	769.136
160.38	766.387	2.61473	769.001
160.4	769.826	-0.756404	769.07
160.42	806.801	-37.7527	769.048
160.44	813.242	-44.1908	769.051
160.46	809.173	-40.1657	769.007
160.48	778.585	-9.614	768.971
160.5	775.405	-6.42201	768.983
160.52	800.167	-31.2027	768.964
160.54	794.212	-25.2199	768.992
160.56	794.033	-25.0484	768.984
160.58	785.753	-16.789	768.964
160.6	766.766	2.2748	769.04
160.62	786.077	-17.076	769.001
160.64	797.889	-28.8795	769.01
160.66	787.064	-18.0892	768.975
160.68	783.288	-14.3105	768.977
160.7	800.034	-31.034	769
160.72	804.673	-35.6589	769.014
160.74	802.841	-33.801	769.04
160.76	800.017	-30.9956	769.021
160.78	799.476	-30.4372	769.039
160.8	806.277	-37.2549	769.022
160.82	800.665	-31.6617	769.003
160.84	792.419	-23.41	769.009
160.86	786.823	-17.8362	768.987
160.88	796.256	-27.2453	769.011
160.9	808.536	-39.5505	768.986
160.92	801.485	-32.4953	768.99
160.94	786.929	-17.8904	769.038
160.96	799.362	-30.3624	769
160.98	798.829	-29.8859	768.943
161	775.243	-6.26601	768.977
161.02	782.685	-13.698	768.987
161.04	796.627	-27.6017	769.025
161.06	802.203	-33.1852	769.018
161.08	802.977	-33.9822	768.995
161.1	779.224	-10.1882	769.036
161.12	794.671	-25.6869	768.984
161.14	785.655	-16.726	768.929
161.16	792.654	-23.7284	768.926
161.18	811.606	-42.5362	769.07
161.2	806.34	-37.2468	769.093
161.22	808.031	-38.9503	769.081
161.24	805.883	-36.8396	769.043
161.26	750.898	18.2829	769.181
161.28	795.553	-26.552	769.001
161.3	805.81	-36.7094	769.101
161.32	793.309	-24.236	769.073
161.34	786.661	-17.6405	769.021
161.36	765.445	3.67621	769.122
161.38	769.83	-0.795903	769.034
161.4	796.45	-27.4142	769.036
161.42	807.856	-38.783	769.073
161.44	782.537	-13.4122	769.125
161.46	772.542	-3.37716	769.165
161.48	790.739	-21.705	769.034
161.5	800.627	-31.6036	769.024
161.52	810.127	-41.0922	769.035
161.54	806.907	-37.8663	769.04
161.56	807.811	-38.8058	769.005
161.58	813.351	-44.3497	769.002
161.6	802.166	-33.188	768.978
161.62	757.612	11.4636	769.076
161.64	771.374	-2.3709	769.004
161.66	786.446	-17.4076	769.038
161.68	801.812	-32.7701	769.042
161.7	799.603	-30.5549	769.048
161.72	781.202	-12.113	769.089
161.74	776.383	-7.36141	769.022
161.76	766.37	2.67977	769.05
161.78	792.772	-23.7295	769.042
161.8	810.978	-41.9307	769.048
161.82	796.455	-27.3746	769.08
161.84	804.859	-35.7955	769.064
161.86	794.109	-24.9873	769.122
161.88	785.985	-16.8926	769.092
161.9	794.892	-25.819	769.073
161.92	796.483	-27.3776	769.106
161.94	797.951	-28.8197	769.131
161.96	792.893	-23.7342	769.158
161.98	780.07	-10.9273	769.143
162	764.252	4.9488	769.201
162.02	800.276	-31.1757	769.1
162.04	809.004	-39.8977	769.106
162.06	802.769	-33.6603	769.108
162.08	796.62	-27.5278	769.092
162.1	798.826	-29.7389	769.087
162.12	798.361	-29.2636	769.098
162.14	785.646	-16.5227	769.123
162.16	780.586	-11.5501	769.036
162.18	746.712	22.4533	769.166
162.2	781.609	-12.5085	769.101
162.22	806.996	-37.8877	769.108
162.24	790.032	-20.8912	769.141
162.26	783.6	-14.4603	769.14
162.28	804.42	-35.2871	769.133
162.3	806.252	-37.0782	769.174
162.32	804.303	-35.1598	769.143
162.34	804.796	-35.6533	769.142
162.36	795.023	-25.9143	769.109
162.38	775.057	-5.95835	769.098
162.4	745.41	23.7999	769.21
162.42	790.137	-21.0615	769.075
162.44	802.226	-33.0838	769.142
162.46	798.659	-29.5275	769.132
162.48	789.307	-20.1891	769.118
162.5	788.837	-19.7739	769.063
162.52	777.109	-8.03649	769.073
162.54	796.186	-27.185	769.001
162.56	778.835	-9.70302	769.132
162.58	796.177	-27.0994	769.078
162.6	805.819	-36.7279	769.091
162.62	796.955	-27.9118	769.043
162.64	780.588	-11.555	769.033
162.66	775.173	-6.16202	769.011
162.68	770.279	-1.2451	769.034
162.7	790.343	-21.3408	769.002
162.72	788.58	-19.5339	769.046
162.74	780.971	-11.9225	769.048
162.76	776.928	-7.88861	769.039
162.78	794.936	-25.9343	769.001
162.8	787.595	-18.5364	769.059
162.82	795.964	-26.9297	769.034
162.84	811.915	-42.9045	769.01
162.86	797.325	-28.3417	768.983
162.88	777.097	-8.05123	769.046
162.9	781.507	-12.5106	768.997
162.92	758.998	10.0808	769.079
162.94	775.44	-6.38676	769.053
162.96	793.389	-24.3579	769.031
162.98	795.32	-26.2714	769.049
163	778.662	-9.62215	769.04
163.02	775.807	-6.77794	769.029
163.04	772.296	-3.24116	769.055
163.06	786.628	-17.5832	769.045
163.08	796.31	-27.2257	769.084
163.1	791.732	-22.6482	769.084
163.12	769.032	0.1204	769.152
163.14	780.615	-11.5397	769.076
163.16	766.195	2.92521	769.12
163.18	780.604	-11.5647	769.039
163.2	779.282	-10.1626	769.12
163.22	791.01	-21.9427	769.067
163.24	774.427	-5.30344	769.123
163.26	779.108	-9.99462	769.114
163.28	785.731	-16.6448	769.086
163.3	790.897	-21.7837	769.113
163.32	807.646	-38.5102	769.135
163.34	796.845	-27.7129	769.132
163.36	752.382	16.8614	769.243
163.38	781.371	-12.2791	769.092
163.4	799.652	-30.5033	769.148
163.42	800.893	-31.7327	769.161
163.44	788.961	-19.8084	769.153
163.46	757.341	11.8529	769.194
163.48	780.025	-10.9034	769.121
163.5	800.736	-31.6131	769.123
163.52	788.032	-18.9096	769.123
163.54	778.791	-9.74058	769.051
163.56	772.599	-3.46796	769.131
163.58	806.278	-37.235	769.043
163.6	787.836	-18.7155	769.12
163.62	800.731	-31.6972	769.034
163.64	774.372	-5.19903	769.173
163.66	787.505	-18.4165	769.089
163.68	780.566	-11.4527	769.113
163.7	777.167	-8.0407	769.126
163.72	793.545	-24.4522	769.093
163.74	811.544	-42.4831	769.061
163.76	802.423	-33.3818	769.041
163.78	788.487	-19.4153	769.072
163.8	804.943	-35.87	769.073
163.82	798.804	-29.7109	769.093
163.84	791.257	-22.1935	769.063
163.86	790.558	-21.5028	769.055
163.88	771.697	-2.66761	769.029
163.9	768.694	0.345094	769.039
163.92	795.961	-26.9721	768.989
163.94	782.884	-13.9823	768.901
163.96	762.048	6.88086	768.929
163.98	784.682	-15.7232	768.959
164	776.391	-7.35522	769.036
164.02	763.539	5.44484	768.984
164.04	759.101	9.96435	769.065
164.06	800.48	-31.4506	769.029
164.08	809.142	-40.0452	769.096
164.1	802.006	-32.9204	769.086
164.12	795.281	-26.21	769.071
164.14	783.11	-14.0339	769.076
164.16	791.983	-22.9304	769.052
164.18	790.622	-21.5618	769.06
164.2	785.939	-16.8461	769.093
164.22	797.802	-28.7432	769.058
164.24	803.574	-34.5315	769.043
164.26	790.671	-21.5858	769.086
164.28	784	-14.9202	769.08
164.3	797.567	-28.5379	769.029
164.32	796.417	-27.3613	769.056
164.34	765.672	3.49643	769.168
164.36	788.426	-19.3928	769.034
164.38	759.03	10.0938	769.123
164.4	767.084	2.04835	769.132
164.42	800.076	-31.0121	769.064
164.44	800.349	-31.2669	769.082
164.46	787.15	-17.9862	769.164
164.48	800.48	-31.3853	769.094
164.5	807.303	-38.1904	769.113
164.52	809.418	-40.3272	769.09
164.54	804.552	-35.4628	769.089
164.56	794.226	-25.1266	769.099
164.58	799.145	-30.0831	769.062
164.6	801.82	-32.7091	769.111
164.62	803.615	-34.5038	769.112
164.64	802.855	-33.7496	769.106
164.66	797.215	-28.1009	769.114
164.68	788.857	-19.6971	769.16
164.7	805.672	-36.5712	769.101
164.72	810.219	-41.1171	769.102
164.74	797.734	-28.6485	769.085
164.76	783.876	-14.9079	768.968
164.78	797.446	-28.4279	769.018
164.8	805.722	-36.6159	769.106
164.82	787.208	-18.073	769.135
164.84	793.132	-24.0532	769.079
164.86	799.383	-30.2746	769.108
164.88	805.574	-36.488	769.086
164.9	811.254	-42.1938	769.06
164.92	784.927	-15.7273	769.2
164.94	784.315	-15.1823	769.132
164.96	799.469	-30.4283	769.041
164.98	791.429	-22.3478	769.081
165	789.4	-20.3277	769.072
165.02	779.227	-10.1927	769.034
165.04	777.535	-8.49008	769.045
165.06	795.803	-26.7697	769.033
165.08	805.586	-36.544	769.042
165.1	793.854	-24.8616	768.992
165.12	748.057	20.9939	769.051
165.14	787.412	-18.5238	768.889
165.16	790.027	-21.0366	768.991
165.18	789.615	-20.691	768.924
165.2	774.488	-5.56953	768.919
165.22	779.219	-10.3047	768.914
165.24	785.847	-16.9298	768.917
165.26	790.912	-21.9801	768.932
165.28	805.528	-36.6219	768.906
165.3	763.351	5.6133	768.964
165.32	778.664	-9.73605	768.928
165.34	808.643	-39.7083	768.934
165.36	797.196	-28.3255	768.87
165.38	756.133	12.7285	768.861
165.4	771.869	-2.96857	768.901
165.42	764.931	4.01697	768.948
165.44	790.309	-21.4318	768.878
165.46	771.299	-2.28369	769.015
165.48	797.318	-28.4238	768.894
165.5	793.092	-24.1165	768.976
165.52	807.362	-38.425	768.937
165.54	820.189	-51.2537	768.935
165.56	819.485	-50.5538	768.931
165.58	799.263	-30.3406	768.922
165.6	778.305	-9.36173	768.943
165.62	795.857	-27.0063	768.851
165.64	751.633	17.4768	769.11
165.66	807.691	-38.8354	768.856
165.68	808.206	-39.28	768.926
165.7	788.909	-20.0008	768.908
165.72	791.813	-22.9105	768.903
165.74	797.292	-28.3396	768.953
165.76	798.73	-29.7811	768.949
165.78	800.45	-31.5116	768.938
165.8	805.296	-36.3423	768.953
165.82	811.072	-42.1027	768.969
165.84	802.846	-33.8819	768.964
165.86	795.761	-26.794	768.967
165.88	801.482	-32.5599	768.922
165.9	806.384	-37.4593	768.924
165.92	807.065	-38.1637	768.902
165.94	792.707	-23.7838	768.923
165.96	778.653	-9.76641	768.886
165.98	772.227	-3.41863	768.808
166	763.681	5.15974	768.841
166.02	772.156	-3.24403	768.912
166.04	783.229	-14.2896	768.939
166.06	792.677	-23.7831	768.894
166.08	794.852	-25.948	768.904
166.1	792.63	-23.7543	768.876
166.12	765.575	3.41876	768.994
166.14	808.165	-39.2234	768.941
166.16	814.968	-45.9789	768.989
166.18	810.67	-41.6651	769.005
166.2	804.909	-35.8693	769.039
166.22	795.664	-26.6591	769.005
166.24	777.863	-8.79736	769.065
166.26	794.974	-25.9308	769.043
166.28	798.787	-29.747	769.04
166.3	781.998	-12.9639	769.035
166.32	784.142	-15.1042	769.037
166.34	800.131	-31.1019	769.029
166.36	788.458	-19.4194	769.039
166.38	770.161	-1.06904	769.092
166.4	793.049	-24.0271	769.022
166.42	797.889	-28.8399	769.049
166.44	801.052	-32.0398	769.012
166.46	751.93	17.2566	769.186
166.48	790.364	-21.349	769.015
166.5	807.647	-38.5808	769.067
166.52	799.523	-30.4747	769.048
166.54	784.391	-15.3209	769.07
166.56	771.157	-2.07641	769.081
166.58	767.886	1.16727	769.053
166.6	780.129	-11.0947	769.034
166.62	798.32	-29.2573	769.063
166.64	813.408	-44.2995	769.109
166.66	810.737	-41.6101	769.127
166.68	783.049	-13.9591	769.09
166.7	760.071	9.02297	769.094
166.72	788.649	-19.5725	769.076
166.74	800.299	-31.15	769.149
166.76	800.079	-30.9105	769.168
166.78	804.058	-34.9026	769.155
166.8	791.537	-22.401	769.136
166.82	787.858	-18.72	769.138
166.84	793.36	-24.3016	769.058
166.86	767.272	1.8728	769.144
166.88	768.064	1.0629	769.126
166.9	788.722	-19.6198	769.102
166.92	804.216	-35.1022	769.114
166.94	806.715	-37.5832	769.132
166.96	810.65	-41.5298	769.12
166.98	811.007	-41.9027	769.104
167	780.997	-11.8952	769.102
167.02	795.488	-26.5179	768.97
167.04	799.724	-30.6731	769.051
167.06	814.069	-44.9981	769.07
167.08	811.204	-42.1322	769.072
167.1	807.309	-38.2115	769.097
167.12	806.048	-36.9653	769.083
167.14	774.898	-5.7641	769.134
167.16	769.562	-0.463664	769.099
167.18	799.715	-30.6921	769.023
167.2	768.482	0.635432	769.118
167.22	802.57	-33.5876	768.983
167.24	807.757	-38.661	769.096
167.26	800.813	-31.7607	769.052
167.28	792.937	-23.884	769.053
167.3	798.004	-28.9829	769.021
167.32	797.585	-28.6345	768.951
167.34	758.324	10.7438	769.068
167.36	793.913	-24.9193	768.994
167.38	803.291	-34.2761	769.015
167.4	794.979	-25.9675	769.012
167.42	784.999	-16.0413	768.958
167.44	762.91	6.0699	768.98
167.46	757.877	11.0165	768.894
167.48	794.633	-25.8151	768.818
167.5	757.702	11.2191	768.921
167.52	778.218	-9.37394	768.844
167.54	795.464	-26.5534	768.911
167.56	799.806	-30.8709	768.935
167.58	804.744	-35.8616	768.883
167.6	767.218	1.64162	768.859
167.62	751.17	17.7345	768.905
167.64	776.836	-8.04141	768.794
167.66	754.836	14.1298	768.966
167.68	794.852	-26.1263	768.726
167.7	747.915	20.9201	768.835
167.72	774.427	-5.66681	768.76
167.74	804.551	-35.7404	768.81
167.76	790.107	-21.3071	768.8
167.78	755.941	12.9689	768.91
167.8	796.975	-28.2329	768.743
167.82	763.488	5.31178	768.8
167.84	781.862	-13.1197	768.742
167.86	788.96	-20.1431	768.817
167.88	747.056	21.8497	768.905
167.9	754.104	14.7444	768.848
167.92	765.732	3.18587	768.918
167.94	799.749	-30.8245	768.924
167.96	814.141	-45.2163	768.924
167.98	792.392	-23.5063	768.886
168	766.395	2.50024	768.895
168.02	765.833	3.09537	768.929
168.04	774.941	-5.90255	769.038
168.06	806.631	-37.67	768.961
168.08	811.049	-42.0284	769.021
168.1	802.115	-33.0248	769.09
168.12	808.067	-38.9868	769.08
168.14	803.845	-34.8308	769.014
168.16	749.201	19.9264	769.127
168.18	778.241	-9.25183	768.989
168.2	787.78	-18.719	769.061
168.22	808.282	-39.2276	769.054
168.24	815.264	-46.2665	768.997
168.26	758.167	10.927	769.094
168.28	773.829	-4.92743	768.902
168.3	787.452	-18.4929	768.959
168.32	800.116	-31.1027	769.013
168.34	793.573	-24.5097	769.063
168.36	791.147	-22.074	769.073
168.38	786.683	-17.6036	769.079
168.4	787.364	-18.289	769.075
168.42	788.792	-19.7283	769.064
168.44	797.944	-28.8921	769.052
168.46	811.928	-42.8671	769.061
168.48	815.738	-46.6525	769.086
168.5	812.638	-43.5901	769.048
168.52	788.784	-19.7217	769.063
168.54	792.361	-23.3255	769.035
168.56	791.885	-22.7816	769.103
168.58	790.292	-21.2116	769.08
168.6	794.511	-25.4802	769.03
168.62	805.209	-36.1728	769.036
168.64	811.938	-42.938	769
168.66	804.18	-35.1715	769.008
168.68	809.098	-40.123	768.975
168.7	806.97	-38.013	768.957
168.72	766.457	2.56586	769.023
168.74	775.285	-6.33517	768.95
168.76	790.535	-21.6401	768.895
168.78	788.12	-19.1519	768.968
168.8	799.39	-30.4207	768.969
168.82	788.896	-19.8905	769.006
168.84	790.061	-21.1178	768.943
168.86	786.039	-17.0766	768.963
168.88	796.165	-27.1414	769.023
168.9	797.322	-28.3331	768.989
168.92	800.695	-31.693	769.002
168.94	803.811	-34.7862	769.025
168.96	792.393	-23.3737	769.02
168.98	770.916	-1.85224	769.064
169	797.08	-28.1032	768.977
169.02	800.927	-31.9629	768.964
169.04	778.543	-9.55163	768.992
169.06	787.411	-18.4916	768.919
169.08	783.775	-14.7918	768.983
169.1	798.449	-29.505	768.944
169.12	801.084	-32.0825	769.001
169.14	802.334	-33.2826	769.051
169.16	801.846	-32.8027	769.043
169.18	771.942	-2.90496	769.037
169.2	795.84	-26.8661	768.974
169.22	797.678	-28.6484	769.029
169.24	798.374	-29.3824	768.992
169.26	784.292	-15.2229	769.069
169.28	797.682	-28.6611	769.021
169.3	789.217	-20.2728	768.945
169.32	772.26	-3.32255	768.937
169.34	789.786	-20.7932	768.992
169.36	753.822	15.0749	768.897
169.38	788.974	-20.0678	768.906
169.4	781.681	-12.5847	769.097
169.42	803.928	-34.8818	769.046
169.44	811.241	-42.1995	769.041
169.46	804.792	-35.7672	769.025
169.48	788.066	-19.0276	769.039
169.5	775.684	-6.64571	769.039
169.52	782.413	-13.3919	769.021
169.54	790.942	-21.9274	769.015
169.56	779.16	-10.0814	769.079
169.58	807.048	-38.04	769.008
169.6	814.634	-45.6197	769.014
169.62	785.998	-16.9493	769.048
169.64	767.695	1.38409	769.079
169.66	793.402	-24.3837	769.018
169.68	799.44	-30.3999	769.04
169.7	798.325	-29.2801	769.045
169.72	794.67	-25.6179	769.052
169.74	803.472	-34.3989	769.073
169.76	810.198	-41.1626	769.035
169.78	800.742	-31.6723	769.069
169.8	817.983	-48.9892	768.993
169.82	806.541	-37.5538	768.988
169.84	787.881	-18.8845	768.996
169.86	793.735	-24.743	768.992
169.88	792.603	-23.7346	768.869
169.9	792.613	-23.7844	768.829
169.92	806.603	-37.6509	768.952
169.94	805.322	-36.4475	768.875
169.96	754.243	14.6351	768.878
169.98	746.389	22.4465	768.835
170	781.935	-13.1202	768.814
170.02	782.78	-13.936	768.844
170.04	771.386	-2.44618	768.94
170.06	807.001	-38.136	768.865
170.08	786.288	-17.355	768.933
170.1	779.908	-11.0293	768.878
170.12	777.145	-8.26419	768.881
170.14	778.154	-9.23862	768.916
170.16	785.071	-16.1472	768.924
170.18	799.835	-30.9608	768.874
170.2	766.301	2.70231	769.003
170.22	788.085	-19.2151	768.87
170.24	799.802	-30.85	768.952
170.26	808.928	-39.9528	768.975
170.28	812.202	-43.2303	768.971
170.3	804.941	-35.9805	768.96
170.32	787.744	-18.7885	768.955
170.34	729.635	39.3425	768.978
170.36	729.849	39.1249	768.974
170.38	800.796	-31.8867	768.909
170.4	789.571	-20.5613	769.009
170.42	805.308	-36.3654	768.943
170.44	798.214	-29.2043	769.01
170.46	791.686	-22.6697	769.016
170.48	783.856	-14.7881	769.068
170.5	790.019	-21.0666	768.952
170.52	769.262	-0.258289	769.004
170.54	776.068	-6.98011	769.088
170.56	795.237	-26.205	769.032
170.58	786.213	-17.1284	769.084
170.6	789.828	-20.7718	769.056
170.62	784.494	-15.3878	769.106
170.64	794.107	-25.0527	769.054
170.66	785.671	-16.591	769.08
170.68	780.901	-11.8582	769.043
170.7	796.7	-27.6838	769.016
170.72	799.902	-30.8449	769.057
170.74	800.058	-30.9901	769.068
170.76	799.877	-30.8158	769.061
170.78	790.967	-21.8853	769.082
170.8	788.583	-19.5036	769.079
170.82	800.233	-31.1925	769.041
170.84	799.295	-30.2358	769.059
170.86	797.067	-28.0262	769.041
170.88	796.312	-27.25	769.062
170.9	800.981	-31.9339	769.047
170.92	792.346	-23.2727	769.073
170.94	798.349	-29.322	769.027
170.96	788.084	-19.0198	769.064
170.98	787.647	-18.5854	769.062
171	790.403	-21.382	769.021
171.02	782.316	-13.2493	769.067
171.04	785.345	-16.2783	769.067
171.06	781.547	-12.4718	769.075
171.08	795.575	-26.5249	769.05
171.1	798.894	-29.8018	769.092
171.12	797.162	-28.0901	769.072
171.14	783.544	-14.5417	769.002
171.16	787.134	-18.1805	768.954
171.18	793.383	-24.3347	769.048
171.2	795.096	-26.0906	769.006
171.22	781.801	-12.7096	769.091
171.24	795.849	-26.8149	769.034
171.26	777.455	-8.47114	768.984
171.28	776.449	-7.47791	768.971
171.3	804.037	-35.0399	768.997
171.32	805.241	-36.2445	768.997
171.34	781.837	-12.8045	769.033
171.36	777.166	-8.1284	769.038
171.38	802.324	-33.3129	769.011
171.4	801.535	-32.5442	768.991
171.42	764.282	4.80916	769.091
171.44	774.425	-5.41913	769.006
171.46	778.327	-9.23541	769.091
171.48	790.918	-21.8733	769.045
171.5	761.15	7.93302	769.083
171.52	789.578	-20.5357	769.042
171.54	794.804	-25.7047	769.099
171.56	789.795	-20.719	769.076
171.58	784.373	-15.3398	769.033
171.6	777.056	-7.98608	769.07
171.62	796.706	-27.6555	769.05
171.64	793.06	-23.9524	769.107
171.66	768.668	0.45732	769.125
171.68	787.173	-18.1115	769.061
171.7	798.174	-29.0745	769.099
171.72	794.15	-25.0935	769.056
171.74	777.055	-7.9541	769.101
171.76	786.408	-17.3373	769.07
171.78	776.518	-7.37348	769.145
171.8	799.503	-30.443	769.06
171.82	805.745	-36.6882	769.057
171.84	804.261	-35.2072	769.054
171.86	797.779	-28.7398	769.039
171.88	774.622	-5.58926	769.033
171.9	755.275	13.8148	769.09
171.92	789.446	-20.3794	769.067
171.94	806.549	-37.4878	769.061
171.96	804.534	-35.476	769.058
171.98	791.781	-22.687	769.094
172	794.814	-25.7536	769.061
172.02	794.5	-25.4106	769.089
172.04	794.333	-25.2438	769.089
172.06	800.413	-31.3078	769.105
172.08	806.454	-37.3541	769.099
172.1	805.923	-36.8194	769.104
172.12	785.421	-16.3806	769.041
172.14	772.208	-3.11234	769.095
172.16	798.499	-29.4429	769.056
172.18	794.306	-25.2178	769.088
172.2	785.617	-16.4946	769.123
172.22	798.694	-29.6242	769.07
172.24	811.29	-42.2116	769.078
172.26	813.633	-44.6421	768.991
172.28	791.123	-22.0335	769.089
172.3	802.356	-33.4218	768.934
172.32	784.399	-15.4112	768.987
172.34	796.42	-27.3758	769.044
172.36	788.344	-19.3417	769.002
172.38	769.657	-0.609672	769.048
172.4	788.119	-19.1391	768.98
172.42	784.098	-15.1059	768.992
172.44	768.501	0.519336	769.021
172.46	787.2	-18.2203	768.98
172.48	791.07	-22.0282	769.042
172.5	785.734	-16.673	769.061
172.52	801.78	-32.8173	768.963
172.54	788.416	-19.4351	768.981
172.56	765.197	3.79392	768.991
172.58	771.792	-2.83635	768.955
172.6	789.46	-20.4789	768.981
172.62	779.8	-10.7511	769.049
172.64	793.47	-24.4738	768.996
172.66	788.724	-19.7154	769.008
172.68	782.508	-13.449	769.058
172.7	801.533	-32.5311	769.001
172.72	771.157	-2.18087	768.976
172.74	759.999	8.95723	768.956
172.76	775.686	-6.70039	768.986
172.78	770.85	-1.81204	769.038
172.8	775.033	-5.92894	769.104
172.82	804.592	-35.5412	769.051
172.84	792.952	-23.8467	769.106
172.86	775.54	-6.47388	769.067
172.88	790.635	-21.5565	769.078
172.9	815.64	-46.5293	769.111
172.92	812.578	-43.456	769.122
172.94	787.166	-18.0552	769.111
172.96	771.129	-1.97883	769.15
172.98	794.619	-25.4753	769.144
173	805.157	-36.0149	769.142
173.02	802.128	-33.015	769.113
173.04	787.671	-18.603	769.068
173.06	767.438	1.70126	769.139
173.08	802.801	-33.739	769.062
173.1	811.94	-42.8262	769.113
173.12	808.142	-39.0069	769.135
173.14	803.536	-34.3774	769.159
173.16	798.24	-29.1122	769.128
173.18	791.032	-21.9095	769.122
173.2	796.317	-27.2355	769.082
173.22	790.242	-21.1386	769.104
173.24	802.224	-33.163	769.061
173.26	806.806	-37.7417	769.065
173.28	792.867	-23.7859	769.081
173.3	779.776	-10.6521	769.124
173.32	789.18	-20.0629	769.117
173.34	809.03	-39.9642	769.065
173.36	791.226	-22.13	769.096
173.38	780.646	-11.5131	769.133
173.4	798.383	-29.3084	769.075
173.42	801.293	-32.2324	769.061
173.44	792.237	-23.2065	769.031
173.46	777.34	-8.29938	769.041
173.48	776.55	-7.56338	768.986
173.5	777.027	-8.02024	769.006
173.52	787.827	-18.7434	769.083
173.54	789.678	-20.5974	769.081
173.56	799.789	-30.722	769.067
173.58	802.691	-33.6183	769.073
173.6	798.368	-29.2697	769.099
173.62	789.243	-20.1731	769.07
173.64	796.077	-27.0432	769.034
173.66	793.787	-24.7724	769.015
173.68	775.912	-6.88338	769.029
173.7	781.136	-12.1176	769.019
173.72	792.646	-23.6876	768.958
173.74	760.022	9.06995	769.092
173.76	781.457	-12.4362	769.021
173.78	792.767	-23.8812	768.886
173.8	754.134	14.945	769.079
173.82	803.592	-34.6757	768.916
173.84	798.906	-29.9308	768.975
173.86	793.436	-24.5253	768.911
173.88	755.31	13.7022	769.012
173.9	769.47	-0.56376	768.906
173.92	791.077	-22.1591	768.918
173.94	805.954	-37.0276	768.926
173.96	804.198	-35.2521	768.946
173.98	792.984	-24.055	768.929
174	769.918	-1.02566	768.892
174.02	767.424	1.49035	768.914
174.04	794.651	-25.7367	768.914
174.06	807.833	-38.9496	768.884
174.08	795.028	-26.0951	768.933
174.1	805.408	-36.5285	768.879
174.12	780.143	-11.288	768.855
174.14	748.267	20.6352	768.902
174.16	787.617	-18.8179	768.799
174.18	791.183	-22.3448	768.838
174.2	778.007	-9.15237	768.854
174.22	783.405	-14.5736	768.832
174.24	796.828	-28.0171	768.811
174.26	795.938	-27.1718	768.766
174.28	760.97	7.76965	768.74
174.3	727.797	40.871	768.668
174.32	762.605	6.07368	768.679
174.34	783.465	-14.6736	768.792
174.36	787.914	-19.0929	768.821
174.38	796.107	-27.2513	768.856
174.4	789.564	-20.6865	768.877
174.42	779.597	-10.6995	768.897
174.44	790.088	-21.1833	768.905
174.46	791.327	-22.3922	768.934
174.48	781.624	-12.7226	768.901
174.5	779.204	-10.2995	768.904
174.52	803.451	-34.592	768.859
174.54	807.891	-39.0305	768.861
174.56	786.07	-17.1507	768.919
174.58	783.519	-14.6375	768.881
174.6	777.32	-8.4046	768.916
174.62	796.383	-27.5164	768.867
174.64	780.393	-11.407	768.986
174.66	806.751	-37.8456	768.905
174.68	793.268	-24.261	769.007
174.7	795.715	-26.7118	769.003
174.72	809.633	-40.6379	768.995
174.74	813.036	-44.0609	768.975
174.76	793.92	-24.9123	769.007
174.78	796.78	-27.8189	768.961
174.8	790.581	-21.5461	769.035
174.82	792.116	-23.097	769.019
174.84	782.953	-13.9104	769.043
174.86	793.585	-24.5695	769.015
174.88	803.416	-34.3877	769.028
174.9	803.551	-34.5209	769.03
174.92	801.845	-32.7925	769.053
174.94	804.848	-35.7786	769.069
174.96	804.676	-35.6437	769.033
174.98	779.894	-10.8228	769.071
175	775.677	-6.61642	769.061
175.02	796.749	-27.6662	769.082
175.04	806.397	-37.297	769.1
175.06	806.264	-37.1906	769.074
175.08	794.858	-25.744	769.114
175.1	804.131	-35.0647	769.066
175.12	809.905	-40.8209	769.084
175.14	796.56	-27.4591	769.101
175.16	790.286	-21.176	769.11
175.18	802.95	-33.8091	769.141
175.2	812.475	-43.3734	769.101
175.22	784.694	-15.5752	769.119
175.24	784.428	-15.37	769.058
175.26	793.045	-23.9664	769.079
175.28	789.681	-20.5537	769.128
175.3	790.334	-21.1971	769.137
175.32	800.784	-31.6833	769.101
175.34	811.205	-42.1696	769.035
175.36	780.405	-11.3949	769.01
175.38	756.415	12.5812	768.996
175.4	772.333	-3.30945	769.024
175.42	770.313	-1.27449	769.039
175.44	777.757	-8.66593	769.091
175.46	799.865	-30.87	768.995
175.48	769.319	-0.258296	769.061
175.5	783.283	-14.2196	769.063
175.52	789.03	-19.9466	769.084
175.54	799.923	-30.8323	769.091
175.56	799.265	-30.1928	769.073
175.58	791.267	-22.1696	769.098
175.6	798.757	-29.6692	769.088
175.62	803.335	-34.2495	769.086
175.64	793.445	-24.3817	769.063
175.66	786.53	-17.4614	769.068
175.68	798.603	-29.5709	769.032
175.7	802.632	-33.5548	769.077
175.72	805.284	-36.226	769.058
175.74	809.471	-40.4033	769.068
175.76	796.597	-27.5287	769.068
175.78	790.767	-21.6875	769.08
175.8	804.871	-35.832	769.039
175.82	798.781	-29.754	769.027
175.84	798.409	-29.3724	769.036
175.86	799.085	-30.0631	769.022
175.88	793	-23.9584	769.042
175.9	792.218	-23.278	768.94
175.92	747.691	21.4259	769.117
175.94	793.223	-24.2687	768.954
175.96	805.765	-36.8095	768.955
175.98	793.645	-24.6496	768.995
176	799.511	-30.5071	769.004
176.02	799.978	-30.9897	768.989
176.04	783.131	-14.1347	768.996
176.06	770.391	-1.48482	768.906
176.08	773.012	-4.07699	768.936
176.1	807.466	-38.5505	768.916
176.12	796.226	-27.2737	768.953
176.14	786.467	-17.5168	768.95
176.16	778.265	-9.32999	768.935
176.18	769.006	-0.0621002	768.943
176.2	748.662	20.3138	768.976
176.22	765.946	2.99105	768.937
176.24	773.575	-4.6338	768.941
176.26	788.341	-19.4084	768.932
176.28	784.293	-15.2755	769.018
176.3	784.071	-15.0498	769.021
176.32	797.383	-28.4257	768.958
176.34	781.138	-12.1585	768.98
176.36	805.029	-36.1053	768.923
176.38	812.168	-43.1536	769.014
176.4	805.49	-36.4935	768.997
176.42	793.76	-24.7937	768.966
176.44	790.177	-21.1922	768.984
176.46	807.831	-38.8819	768.949
176.48	796.608	-27.6174	768.991
176.5	786.391	-17.3889	769.002
176.52	791.84	-22.8361	769.004
176.54	802.968	-33.9735	768.994
176.56	797.117	-28.1187	768.999
176.58	771.268	-2.24226	769.026
176.6	776.526	-7.52877	768.997
176.62	772.695	-3.71808	768.977
176.64	756.317	12.6922	769.009
176.66	777.677	-8.71334	768.963
176.68	779.457	-10.4143	769.043
176.7	807.169	-38.1415	769.028
176.72	810.916	-41.8976	769.019
176.74	794.039	-24.978	769.061
176.76	780.979	-12.0221	768.956
176.78	758.061	10.9015	768.962
176.8	782.194	-13.1391	769.055
176.82	798.836	-29.7777	769.058
176.84	791.059	-22.0773	768.982
176.86	785.611	-16.6107	769
176.88	802.795	-33.7481	769.047
176.9	804.354	-35.3172	769.037
176.92	782.263	-13.1648	769.098
176.94	777.715	-8.72052	768.994
176.96	769.416	-0.44812	768.968
176.98	781.483	-12.4675	769.016
177	813.908	-44.9307	768.977
177.02	813.654	-44.6779	768.976
177.04	801.544	-32.5527	768.991
177.06	800.679	-31.7146	768.965
177.08	799.381	-30.3984	768.982
177.1	776.927	-7.87401	769.053
177.12	795.372	-26.368	769.004
177.14	789.154	-20.1588	768.995
177.16	784.762	-15.7583	769.004
177.18	770.052	-0.912589	769.139
177.2	784.319	-15.2738	769.045
177.22	796.891	-27.8222	769.068
177.24	787.467	-18.4814	768.986
177.26	765.34	3.74546	769.085
177.28	785.712	-16.6343	769.078
177.3	791.821	-22.7531	769.068
177.32	791.698	-22.6611	769.037
177.34	783.544	-14.5347	769.009
177.36	770.895	-1.83984	769.055
177.38	762.615	6.33055	768.946
177.4	738.863	30.1786	769.042
177.42	787.822	-18.7685	769.054
177.44	801.501	-32.4326	769.068
177.46	808.272	-39.1836	769.089
177.48	803.37	-34.3174	769.053
177.5	772.746	-3.54212	769.204
177.52	799.382	-30.2891	769.093
177.54	788.011	-18.8678	769.143
177.56	794.349	-25.2248	769.124
177.58	797.839	-28.7023	769.137
177.6	784.99	-15.8606	769.13
177.62	755.25	13.9476	769.198
177.64	776.584	-7.44399	769.14
177.66	798.28	-29.1475	769.133
177.68	804.671	-35.5454	769.126
177.7	799.336	-30.2345	769.102
177.72	794.061	-24.9633	769.098
177.74	786.719	-17.6121	769.107
177.76	771.819	-2.70085	769.118
177.78	793.15	-24.0782	769.072
177.8	802.125	-33.0527	769.073
177.82	792.923	-23.8244	769.098
177.84	805.006	-35.9803	769.025
177.86	785.061	-16.0508	769.01
177.88	759.119	9.91414	769.033
177.9	772.495	-3.51126	768.984
177.92	773.041	-4.03647	769.004
177.94	799.65	-30.6815	768.969
177.96	806.706	-37.667	769.039
177.98	795.345	-26.3045	769.04
178	794.92	-25.8985	769.022
178.02	782.762	-13.7866	768.975
178.04	767.7	1.31441	769.014
178.06	801.798	-32.8254	768.972
178.08	780.93	-11.8329	769.097
178.1	797.973	-28.9574	769.016
178.12	789.928	-20.9169	769.011
178.14	789.087	-20.0567	769.03
178.16	799.112	-30.0608	769.052
178.18	799.464	-30.4112	769.053
178.2	794.567	-25.5174	769.049
178.22	788.431	-19.3843	769.047
178.24	786.637	-17.5851	769.052
178.26	779.956	-11.0253	768.931
178.28	766.611	2.32282	768.934
178.3	781.973	-12.9826	768.99
178.32	801.349	-32.3808	768.968
178.34	806.234	-37.2566	768.978
178.36	799.714	-30.7283	768.986
178.38	765.511	3.49231	769.003
178.4	761.886	7.09863	768.985
178.42	790.45	-21.502	768.948
178.44	805.227	-36.2381	768.989
178.46	804.104	-35.0884	769.016
178.48	780.769	-11.7664	769.002
178.5	766.124	2.86029	768.984
178.52	778.071	-9.06515	769.006
178.54	797.083	-28.0642	769.019
178.56	810.027	-40.9899	769.037
178.58	807.884	-38.8531	769.03
178.6	808.196	-39.1658	769.03
178.62	794.011	-24.9624	769.049
178.64	761.986	7.10195	769.088
178.66	766.89	2.10408	768.994
178.68	775.834	-6.80155	769.032
178.7	793.654	-24.5844	769.069
178.72	808.527	-39.5088	769.019
178.74	797.179	-28.136	769.043
178.76	790.91	-21.9198	768.99
178.78	783.441	-14.474	768.967
178.8	775.672	-6.65247	769.02
178.82	793.571	-24.5361	769.035
178.84	802.749	-33.7566	768.992
178.86	786.909	-17.8724	769.037
178.88	794.637	-25.6283	769.009
178.9	805.516	-36.517	768.999
178.92	793.142	-24.1308	769.011
178.94	777.492	-8.47463	769.017
178.96	774.778	-5.73131	769.046
178.98	794.762	-25.7495	769.012
179	778.109	-9.1051	769.004
179.02	769.986	-0.932398	769.054
179.04	803.381	-34.3362	769.045
179.06	815.296	-46.2412	769.054
179.08	813.441	-44.3867	769.054
179.1	800.109	-31.0537	769.055
179.12	770.998	-1.88573	769.112
179.14	784.85	-15.7889	769.061
179.16	778.987	-9.92806	769.059
179.18	783.738	-14.6643	769.073
179.2	790.436	-21.3929	769.043
179.22	795.266	-26.2446	769.021
179.24	800.316	-31.2585	769.057
179.26	790.078	-21.0087	769.069
179.28	797.042	-27.9751	769.067
179.3	792.075	-23.0294	769.045
179.32	782.76	-13.7014	769.059
179.34	788.633	-19.5797	769.053
179.36	789.254	-20.2409	769.013
179.38	788.06	-18.9886	769.072
179.4	809.486	-40.4699	769.016
179.42	804.696	-35.6336	769.063
179.44	783.666	-14.7252	768.941
179.46	773.085	-4.10756	768.977
179.48	799.904	-30.8633	769.041
179.5	798.799	-29.7588	769.04
179.52	801.82	-32.7525	769.068
179.54	811.299	-42.2439	769.055
179.56	814.259	-45.2086	769.05
179.58	805.535	-36.4938	769.041
179.6	793.168	-24.0953	769.073
179.62	811.215	-42.2112	769.003
179.64	816.469	-47.4418	769.027
179.66	809.324	-40.3035	769.02
179.68	769.566	-0.533345	769.033
179.7	774.405	-5.42603	768.979
179.72	797.324	-28.4118	768.912
179.74	781.012	-12.0455	768.967
179.76	792.525	-23.5009	769.024
179.78	797.586	-28.5747	769.011
179.8	800.557	-31.5479	769.009
179.82	811.514	-42.5272	768.987
179.84	797.156	-28.1862	768.97
179.86	792.874	-24.0131	768.861
179.88	762.26	6.72884	768.989
179.9	781.828	-12.9716	768.857
179.92	772.804	-3.99548	768.809
179.94	762.21	6.67906	768.889
179.96	788.358	-19.5204	768.837
179.98	760.527	8.47401	769.001
180	808.405	-39.5761	768.828
180.02	802.897	-34.0472	768.85
180.04	787.36	-18.5075	768.852
180.06	784.846	-15.9968	768.849
180.08	789.775	-20.9533	768.821
180.1	783.276	-14.4098	768.866
180.12	779.927	-11.0239	768.903
180.14	790.251	-21.3629	768.888
180.16	795.984	-27.1004	768.884
180.18	774.29	-5.3083	768.982
180.2	800.245	-31.341	768.904
180.22	811.992	-43.1006	768.891
180.24	781.518	-12.5555	768.962
180.26	781.291	-12.4047	768.886
180.28	779.372	-10.4632	768.909
180.3	797.559	-28.6501	768.909
180.32	807.521	-38.5731	768.948
180.34	800.503	-31.5106	768.993
180.36	801.494	-32.4867	769.008
180.38	812.919	-43.9708	768.948
180.4	801.901	-32.9721	768.929
180.42	777.835	-8.84237	768.993
180.44	799.4	-30.4547	768.946
180.46	809.096	-40.1364	768.96
180.48	809.821	-40.865	768.956
180.5	807.212	-38.2527	768.959
180.52	812.914	-43.9664	768.947
180.54	803.547	-34.6232	768.924
180.56	792.619	-23.6744	768.945
180.58	788.858	-19.9888	768.869
180.6	789.92	-21.0585	768.861
180.62	792.043	-23.1015	768.941
180.64	791.964	-23.0324	768.931
180.66	794.725	-25.8228	768.902
180.68	776.09	-7.096	768.994
180.7	797.983	-29.0722	768.911
180.72	800.025	-31.0866	768.938
180.74	798.006	-29.0323	768.973
180.76	809.841	-40.912	768.929
180.78	798.887	-29.9161	768.97
180.8	797.516	-28.579	768.937
180.82	807.887	-38.9636	768.924
180.84	795.207	-26.3058	768.901
180.86	778.113	-9.18595	768.927
180.88	793.628	-24.6695	768.959
180.9	789.053	-20.0595	768.993
180.92	797.099	-28.1678	768.931
180.94	779.75	-10.7313	769.019
180.96	805.159	-36.223	768.936
180.98	796.212	-27.3102	768.902
181	768.244	0.69364	768.938
181.02	785.734	-16.8376	768.896
181.04	796.79	-27.854	768.936
181.06	796.325	-27.3933	768.932
181.08	789.807	-20.8146	768.993
181.1	803.536	-34.5715	768.965
181.12	793.959	-24.9829	768.976
181.14	784.723	-15.7547	768.969
181.16	787.947	-18.985	768.962
181.18	782.527	-13.6736	768.854
181.2	794.465	-25.5737	768.891
181.22	822.66	-53.6833	768.977
181.24	814.928	-45.943	768.985
181.26	801.593	-32.6071	768.986
181.28	793.502	-24.5381	768.964
181.3	791.024	-22.0456	768.979
181.32	783.778	-14.7684	769.009
181.34	791.323	-22.3482	768.975
181.36	786.615	-17.6402	768.975
181.38	773.66	-4.62678	769.033
181.4	805.24	-36.2563	768.984
181.42	795.748	-26.7076	769.041
181.44	788.457	-19.4831	768.974
181.46	766.05	3.00274	769.053
181.48	788.828	-19.8593	768.969
181.5	807.673	-38.6829	768.99
181.52	799.951	-30.9262	769.025
181.54	793.458	-24.4631	768.995
181.56	775.939	-6.8848	769.054
181.58	786.765	-17.8516	768.913
181.6	777.02	-8.05724	768.962
181.62	799.718	-30.7497	768.968
181.64	807.071	-38.1446	768.927
181.66	767.031	1.95124	768.982
181.68	782.343	-13.3897	768.953
181.7	802.122	-33.1075	769.015
181.72	810.22	-41.2409	768.979
181.74	768.409	0.598928	769.008
181.76	780.144	-11.2321	768.912
181.78	780.723	-11.7274	768.995
181.8	773.732	-4.71395	769.018
181.82	790.653	-21.6401	769.013
181.84	799.575	-30.5448	769.03
181.86	791.513	-22.5222	768.991
181.88	757.393	11.6429	769.036
181.9	768.333	0.622728	768.956
181.92	791.598	-22.573	769.025
181.94	806.403	-37.4212	768.982
181.96	765.915	2.99769	768.913
181.98	764.984	3.9096	768.893
182	794.266	-25.3528	768.913
182.02	772.368	-3.31559	769.053
182.04	782.543	-13.55	768.993
182.06	799.366	-30.3797	768.986
182.08	809.522	-40.5091	769.013
182.1	795.578	-26.5576	769.021
182.12	772.536	-3.51087	769.025
182.14	776.63	-7.63729	768.992
182.16	775.252	-6.25281	768.999
182.18	762.934	6.1404	769.074
182.2	790.264	-21.2209	769.044
182.22	790.89	-21.9053	768.985
182.24	744.843	24.3062	769.149
182.26	800.292	-31.3307	768.961
182.28	794.014	-24.9588	769.055
182.3	806.218	-37.1903	769.028
182.32	790.086	-21.036	769.05
182.34	782.088	-13.0438	769.044
182.36	794.328	-25.2966	769.031
182.38	789.995	-20.9749	769.02
182.4	775.262	-6.21367	769.049
182.42	778.42	-9.39663	769.023
182.44	788.486	-19.4465	769.04
182.46	804.069	-35.0761	768.993
182.48	781.152	-12.0606	769.091
182.5	798.129	-29.0579	769.071
182.52	805.86	-36.7693	769.091
182.54	801.291	-32.2136	769.078
182.56	789.711	-20.6411	769.07
182.58	774.441	-5.39653	769.044
182.6	771.245	-2.18951	769.055
182.62	782.086	-13.0978	768.988
182.64	776.511	-7.42623	769.084
182.66	800.257	-31.2679	768.989
182.68	780.235	-11.2519	768.983
182.7	767.521	1.52462	769.045
182.72	785.769	-16.745	769.024
182.74	785.951	-16.9495	769.002
182.76	790.196	-21.1996	768.996
182.78	778.309	-9.3249	768.984
182.8	751.974	17.1175	769.091
182.82	785.916	-16.9547	768.961
182.84	784.009	-14.9888	769.02
182.86	797.688	-28.745	768.943
182.88	795.784	-26.7918	768.992
182.9	800.744	-31.7903	768.954
182.92	756.116	12.9173	769.033
182.94	724.257	44.7935	769.05
182.96	789.762	-20.8975	768.865
182.98	803.101	-34.1272	768.974
183	766.005	3.01546	769.02
183.02	762.906	6.07922	768.985
183.04	792.974	-24.0193	768.955
183.06	791.805	-22.7571	769.048
183.08	808.058	-39.0569	769.001
183.1	802.336	-33.2961	769.039
183.12	795.615	-26.6201	768.995
183.14	768.745	0.335296	769.08
183.16	789.682	-20.7032	768.979
183.18	784.491	-15.4845	769.006
183.2	800.063	-31.1237	768.939
183.22	794.924	-25.8926	769.031
183.24	797.605	-28.5928	769.012
183.26	791.549	-22.4874	769.061
183.28	801.996	-32.9653	769.031
183.3	790.565	-21.6141	768.951
183.32	732.829	36.1842	769.014
183.34	781.213	-12.3018	768.911
183.36	800.883	-31.9039	768.979
183.38	797.513	-28.5161	768.997
183.4	792.879	-23.8428	769.036
183.42	805.367	-36.3594	769.008
183.44	812.401	-43.4145	768.986
183.46	804.395	-35.4327	768.962
183.48	794.107	-25.1302	768.977
183.5	809.497	-40.5959	768.901
183.52	780.416	-11.4855	768.931
183.54	755.679	13.3773	769.056
183.56	797.145	-28.2033	768.942
183.58	793.56	-24.5703	768.99
183.6	800.642	-31.6868	768.955
183.62	804.844	-35.9001	768.944
183.64	790.915	-21.933	768.982
183.66	779.991	-11.0922	768.899
183.68	758.575	10.4392	769.014
183.7	812.241	-43.3155	768.926
183.72	812.816	-43.9044	768.912
183.74	795.528	-26.6533	768.875
183.76	765.886	3.11318	768.999
183.78	799.452	-30.5294	768.923
183.8	801.427	-32.5042	768.923
183.82	798.106	-29.148	768.958
183.84	804.503	-35.5657	768.938
183.86	784.651	-15.6527	768.998
183.88	799.146	-30.1592	768.987
183.9	813.821	-44.8287	768.992
183.92	809.65	-40.6761	768.974
183.94	788.981	-19.9868	768.994
183.96	779.571	-10.6358	768.935
183.98	779.925	-10.9362	768.989
184	806.851	-37.9188	768.933
184.02	788.823	-19.8276	768.996
184.04	795.883	-26.9628	768.92
184.06	762.702	6.4728	769.175
184.08	802.793	-33.8194	768.973
184.1	796.256	-27.2644	768.992
184.12	774.741	-5.70117	769.04
184.14	796.386	-27.406	768.98
184.16	801.423	-32.3706	769.052
184.18	800.461	-31.4427	769.018
184.2	773.956	-4.91253	769.043
184.22	788.121	-19.1617	768.96
184.24	800.927	-31.8877	769.039
184.26	795.667	-26.6377	769.029
184.28	798.191	-29.176	769.015
184.3	794.501	-25.4686	769.032
184.32	801.97	-32.9358	769.034
184.34	801.017	-31.9712	769.046
184.36	800.717	-31.6645	769.053
184.38	805.111	-36.0609	769.051
184.4	802.641	-33.5997	769.041
184.42	797.151	-28.0992	769.052
184.44	776.64	-7.5268	769.113
184.46	797.435	-28.4096	769.025
184.48	796.153	-27.1154	769.037
184.5	790.314	-21.2897	769.025
184.52	773.106	-4.07824	769.027
184.54	753.559	15.5902	769.15
184.56	803.894	-34.8642	769.03
184.58	811.155	-42.1104	769.045
184.6	801.439	-32.4163	769.023
184.62	787.66	-18.6592	769.001
184.64	790.038	-21.0933	768.945
184.66	781.231	-12.251	768.98
184.68	770.763	-1.73188	769.031
184.7	798.728	-29.7093	769.019
184.72	811.243	-42.1802	769.063
184.74	812.783	-43.6985	769.085
184.76	809.91	-40.8273	769.083
184.78	804.449	-35.3804	769.069
184.8	797.432	-28.3667	769.066
184.82	788.729	-19.6403	769.089
184.84	789.372	-20.3202	769.052
184.86	786.582	-17.515	769.067
184.88	802.447	-33.473	768.974
184.9	770.643	-1.51556	769.128
184.92	775.263	-6.33673	768.926
184.94	752.976	16.0734	769.049
184.96	804.111	-35.1654	768.946
184.98	800.542	-31.5686	768.973
185	788.455	-19.4422	769.013
185.02	793.93	-24.904	769.026
185.04	806.242	-37.2635	768.978
185.06	796.085	-27.0935	768.992
185.08	774.467	-5.53129	768.936
185.1	761.412	7.37527	768.788
185.12	767.278	1.53702	768.815
185.14	762.903	6.01454	768.917
185.16	753.083	15.9327	769.016
185.18	795.151	-26.2514	768.899
185.2	793.514	-24.5401	768.974
185.22	808.696	-39.7574	768.939
185.24	803.732	-34.8135	768.919
185.26	787.014	-18.0579	768.956
185.28	789.885	-20.9207	768.964
185.3	770.017	-0.996133	769.021
185.32	793.636	-24.6805	768.955
185.34	803.474	-34.505	768.969
185.36	792.639	-23.6692	768.97
185.38	798.727	-29.8123	768.914
185.4	788.3	-19.3735	768.926
185.42	756.124	12.874	768.998
185.44	797.552	-28.6837	768.868
185.46	788.774	-19.7505	769.024
185.48	797.692	-28.7256	768.966
185.5	783.926	-14.8913	769.035
185.52	774.076	-5.09365	768.982
185.54	753.455	15.5444	769
185.56	752.441	16.4969	768.938
185.58	745.219	23.8644	769.084
185.6	802.647	-33.6994	768.947
185.62	787.833	-18.7498	769.083
185.64	796.76	-27.6963	769.064
185.66	806.664	-37.6196	769.045
185.68	790.81	-21.7175	769.092
185.7	803.035	-33.9829	769.052
185.72	796.014	-26.9197	769.094
185.74	797.969	-28.8932	769.075
185.76	794.087	-24.9978	769.089
185.78	779.95	-10.8533	769.097
185.8	770.66	-1.55851	769.102
185.82	795.889	-26.8332	769.055
185.84	806.511	-37.4426	769.068
185.86	802.469	-33.3976	769.072
185.88	778.705	-9.62284	769.083
185.9	764.515	4.59211	769.107
185.92	783.716	-14.639	769.077
185.94	793.167	-24.0378	769.129
185.96	796.192	-27.1546	769.037
185.98	793.867	-24.8313	769.036
186	797.288	-28.1858	769.102
186.02	785.876	-16.7196	769.157
186.04	794.423	-25.2821	769.141
186.06	803.502	-34.3756	769.127
186.08	805.979	-36.8484	769.131
186.1	796.694	-27.5522	769.141
186.12	800.149	-31.0789	769.07
186.14	785.612	-16.5313	769.08
186.16	767.503	1.57137	769.075
186.18	766.553	2.49247	769.045
186.2	793.655	-24.6387	769.016
186.22	810.678	-41.6015	769.077
186.24	801.235	-32.1605	769.075
186.26	787.336	-18.2949	769.041
186.28	754.898	14.1485	769.046
186.3	795.698	-26.7672	768.931
186.32	766.047	2.98132	769.028
186.34	763.544	5.49609	769.04
186.36	803.789	-34.7364	769.052
186.38	813.379	-44.2563	769.123
186.4	804.45	-35.36	769.09
186.42	777.72	-8.60099	769.119
186.44	773.995	-4.9079	769.088
186.46	787.155	-18.0954	769.059
186.48	797.66	-28.6594	769.001
186.5	780.618	-11.5757	769.042
186.52	768.902	0.167844	769.069
186.54	779.782	-10.7233	769.059
186.56	797.758	-28.7182	769.04
186.58	784.585	-15.4768	769.108
186.6	794.585	-25.5125	769.072
186.62	807.542	-38.4825	769.059
186.64	787.148	-18.0498	769.098
186.66	755.255	13.7056	768.961
186.68	791.912	-22.9874	768.925
186.7	804.064	-35.0321	769.032
186.72	808.139	-39.1274	769.012
186.74	794.929	-25.904	769.025
186.76	791.429	-22.444	768.985
186.78	776.229	-7.2326	768.996
186.8	763.709	5.34096	769.049
186.82	807.943	-38.9749	768.968
186.84	799.018	-30.0383	768.979
186.86	770.502	-1.53905	768.963
186.88	787.145	-18.1861	768.959
186.9	811.048	-42.0833	768.965
186.92	791.282	-22.2693	769.013
186.94	780.487	-11.5092	768.978
186.96	781.279	-12.2814	768.998
186.98	788.874	-19.8879	768.986
187	789.458	-20.4814	768.976
187.02	787.136	-18.1314	769.004
187.04	790.366	-21.3574	769.009
187.06	786.426	-17.3778	769.048
187.08	802.204	-33.1716	769.032
187.1	804.269	-35.2171	769.051
187.12	784.682	-15.6922	768.99
187.14	740.536	28.512	769.048
187.16	756.484	12.4948	768.978
187.18	780.588	-11.5998	768.988
187.2	786.561	-17.5378	769.023
187.22	804.761	-35.7337	769.028
187.24	801.542	-32.5512	768.991
187.26	762.897	6.09469	768.992
187.28	726.653	42.411	769.064
187.3	749.386	19.5748	768.961
187.32	762.46	6.57091	769.031
187.34	773.955	-4.97765	768.978
187.36	782.844	-13.8243	769.02
187.38	812.142	-43.1146	769.028
187.4	810.436	-41.4395	768.997
187.42	765.442	3.65149	769.094
187.44	770.111	-1.07961	769.032
187.46	755.168	13.9375	769.105
187.48	792.064	-23.0507	769.013
187.5	776.121	-7.11936	769.001
187.52	777.206	-8.2943	768.911
187.54	782.73	-13.7005	769.029
187.56	788.997	-19.9606	769.037
187.58	783.082	-14.0656	769.016
187.6	791.142	-22.1446	768.997
187.62	781.391	-12.3455	769.046
187.64	797.321	-28.3361	768.985
187.66	805.574	-36.5349	769.039
187.68	801.607	-32.5366	769.071
187.7	807.293	-38.2297	769.063
187.72	803.502	-34.4326	769.069
187.74	795.725	-26.6409	769.084
187.76	783.817	-14.78	769.037
187.78	782.079	-13.021	769.058
187.8	792.221	-23.1875	769.034
187.82	795.871	-26.816	769.055
187.84	801.977	-32.91	769.067
187.86	794.268	-25.2018	769.067
187.88	782.863	-13.7879	769.075
187.9	785.103	-16.0782	769.025
187.92	780.748	-11.7295	769.019
187.94	776.487	-7.43001	769.057
187.96	791.594	-22.5897	769.004
187.98	786.091	-17.0872	769.004
188	773.386	-4.35817	769.027
188.02	803.06	-34.1136	768.947
188.04	800.661	-31.6552	769.006
188.06	794.015	-25.0339	768.981
188.08	765.162	3.91591	769.078
188.1	788.493	-19.6488	768.844
188.12	726.852	42.2555	769.108
188.14	789.458	-20.5585	768.9
188.16	799.302	-30.3727	768.93
188.18	804.791	-35.844	768.947
188.2	807.159	-38.2437	768.915
188.22	800.304	-31.364	768.94
188.24	796.877	-28.0054	768.872
188.26	771.469	-2.51343	768.956
188.28	797.041	-28.1796	768.862
188.3	777.531	-8.57667	768.954
188.32	755.995	12.9002	768.895
188.34	757.184	11.7202	768.905
188.36	791.483	-22.5421	768.941
188.38	797.228	-28.292	768.936
188.4	780.013	-11.0068	769.006
188.42	799.255	-30.3656	768.889
188.44	782.168	-13.2005	768.968
188.46	786.104	-17.1624	768.941
188.48	777.494	-8.52098	768.973
188.5	789.108	-20.1899	768.918
188.52	784.84	-15.9265	768.914
188.54	798.017	-29.1483	768.869
188.56	798.564	-29.6703	768.894
188.58	785.913	-16.9916	768.922
188.6	801.677	-32.803	768.874
188.62	786.266	-17.3934	768.872
188.64	764.717	4.21625	768.934
188.66	793.168	-24.312	768.856
188.68	785.817	-16.8705	768.946
188.7	797.754	-28.8181	768.936
188.72	782.737	-13.757	768.98
188.74	758.653	10.42	769.073
188.76	779.29	-10.4352	768.854
188.78	772.941	-4.05807	768.883
188.8	781.59	-12.6313	768.958
188.82	793.85	-24.9634	768.886
188.84	776.699	-7.73754	768.962
188.86	777.396	-8.43059	768.965
188.88	799.178	-30.235	768.944
188.9	808.733	-39.7625	768.971
188.92	803.024	-34.038	768.986
188.94	789.43	-20.473	768.957
188.96	774.263	-5.30816	768.955
188.98	767.358	1.62663	768.984
189	771.1	-2.12107	768.979
189.02	786.387	-17.4872	768.9
189.04	777.073	-8.11464	768.958
189.06	780.306	-11.3365	768.97
189.08	785.558	-16.5797	768.978
189.1	790.177	-21.1951	768.982
189.12	784.352	-15.362	768.99
189.14	747.358	21.8331	769.191
189.16	806.999	-38.0369	768.962
189.18	803.212	-34.2061	769.006
189.2	795.234	-26.2117	769.022
189.22	780.255	-11.2748	768.98
189.24	761.411	7.52219	768.933
189.26	754.222	14.7778	769
189.28	773.536	-4.47247	769.063
189.3	803.838	-34.8027	769.035
189.32	780.166	-11.1053	769.061
189.34	764.018	5.09529	769.113
189.36	787.784	-18.7233	769.06
189.38	785.535	-16.4501	769.085
189.4	773.761	-4.61137	769.149
189.42	798.931	-29.9025	769.029
189.44	788.65	-19.5649	769.085
189.46	773.835	-4.79474	769.04
189.48	761.435	7.56776	769.003
189.5	779.132	-10.1827	768.949
189.52	797.046	-28.0616	768.985
189.54	804.863	-35.7771	769.086
189.56	803.267	-34.1903	769.077
189.58	781.266	-12.2304	769.035
189.6	753.24	15.7713	769.012
189.62	780.627	-11.5759	769.051
189.64	791.132	-22.0736	769.058
189.66	789.962	-20.9028	769.059
189.68	771.862	-2.76345	769.099
189.7	789.518	-20.4946	769.023
189.72	792.972	-23.9131	769.059
189.74	793.832	-24.7804	769.051
189.76	764.5	4.59682	769.097
189.78	775.382	-6.36963	769.013
189.8	752.867	16.2447	769.112
189.82	784.644	-15.6458	768.998
189.84	799.901	-30.9395	768.962
189.86	758.944	10.0862	769.03
189.88	786.375	-17.4471	768.928
189.9	786.086	-17.0782	769.008
189.92	788.478	-19.481	768.997
189.94	796.978	-27.967	769.011
189.96	801.814	-32.7806	769.033
189.98	805.607	-36.572	769.034
190	781.88	-12.9309	768.949
190.02	770.436	-1.49868	768.937
190.04	805.025	-36.0631	768.962
190.06	807.3	-38.3052	768.995
190.08	771.148	-2.11329	769.034
190.1	768.376	0.64818	769.024
190.12	797.351	-28.3068	769.044
190.14	787.173	-18.1798	768.993
190.16	780.912	-11.9264	768.985
190.18	797.137	-28.105	769.032
190.2	774.776	-5.6834	769.093
190.22	801.861	-32.8611	768.999
190.24	806.859	-37.7908	769.068
190.26	790.217	-21.1512	769.066
190.28	780.881	-11.788	769.093
190.3	799.763	-30.6966	769.067
190.32	797.802	-28.7698	769.032
190.34	779.069	-10.0181	769.051
190.36	786.96	-17.9073	769.053
190.38	798.275	-29.2007	769.074
190.4	804.284	-35.2276	769.056
190.42	805.288	-36.2326	769.055
190.44	793.565	-24.5287	769.037
190.46	781.338	-12.2698	769.068
190.48	806.913	-37.8791	769.034
190.5	801.297	-32.2299	769.067
190.52	777.828	-8.79063	769.037
190.54	738.529	30.4976	769.026
190.56	752.359	16.6158	768.975
190.58	794.98	-25.9777	769.003
190.6	802.395	-33.3761	769.019
190.62	754.503	14.575	769.078
190.64	760.648	8.31194	768.96
190.66	804.626	-35.6564	768.969
190.68	811.751	-42.7284	769.023
190.7	817.172	-48.1804	768.991
190.72	792.837	-23.9264	768.911
190.74	761.049	7.95255	769.002
190.76	787.531	-18.5443	768.986
190.78	760.558	8.43302	768.991
190.8	772.848	-3.95238	768.896
190.82	791.135	-22.1566	768.979
190.84	748.511	20.6162	769.127
190.86	785.976	-17.0009	768.976
190.88	810.345	-41.347	768.998
190.9	810.771	-41.7958	768.975
190.92	798.174	-29.1673	769.007
190.94	809.55	-40.6055	768.944
190.96	770.926	-1.88951	769.037
190.98	784.692	-15.7098	768.982
191	799.271	-30.2579	769.013
191.02	795.953	-26.9571	768.996
191.04	788.775	-19.7929	768.982
191.06	781.22	-12.3184	768.902
191.08	752.33	16.726	769.056
191.1	786.812	-17.8845	768.927
191.12	739.384	29.5542	768.938
191.14	782.969	-14.0054	768.963
191.16	809.954	-40.9757	768.979
191.18	801.441	-32.4553	768.985
191.2	785.936	-16.9619	768.974
191.22	775.515	-6.47437	769.04
191.24	806.361	-37.3901	768.971
191.26	808.418	-39.4277	768.99
191.28	810.596	-41.6416	768.955
191.3	787.234	-18.2746	768.959
191.32	765.904	3.103	769.007
191.34	795.111	-26.1757	768.935
191.36	796.597	-27.5962	769.001
191.38	789.678	-20.6606	769.017
191.4	785.795	-16.7836	769.011
191.42	796.167	-27.1405	769.027
191.44	801.279	-32.2515	769.028
191.46	810.325	-41.3357	768.989
191.48	815.144	-46.1783	768.966
191.5	802.998	-34.0573	768.941
191.52	783.961	-15.042	768.919
191.54	788.573	-19.6446	768.929
191.56	804.464	-35.5718	768.893
191.58	791.46	-22.4975	768.962
191.6	796.789	-27.8491	768.94
191.62	773.942	-5.03023	768.912
191.64	789.121	-20.2384	768.883
191.66	776.059	-7.15292	768.906
191.68	805.576	-36.7165	768.86
191.7	801.332	-32.3723	768.96
191.72	779.781	-10.8639	768.917
191.74	775.261	-6.3671	768.894
191.76	773.355	-4.41013	768.945
191.78	788.112	-19.2213	768.891
191.8	784.939	-15.991	768.948
191.82	794.988	-26.0169	768.971
191.84	799.511	-30.6728	768.838
191.86	782.305	-13.4185	768.886
191.88	810.043	-41.0873	768.955
191.9	816.165	-47.1868	768.978
191.92	811.076	-42.0727	769.003
191.94	796.805	-27.7645	769.04
191.96	786.608	-17.5252	769.082
191.98	797.554	-28.4894	769.064
192	797.392	-28.3058	769.086
192.02	794.793	-25.706	769.087
192.04	779.043	-9.92948	769.113
192.06	788.319	-19.2639	769.055
192.08	802.233	-33.1777	769.055
192.1	786.756	-17.6757	769.08
192.12	780.556	-11.5187	769.038
192.14	791.954	-22.9242	769.03
192.16	806.015	-36.9679	769.047
192.18	810.256	-41.2116	769.044
192.2	799.892	-30.8751	769.017
192.22	783.54	-14.5066	769.033
192.24	777.583	-8.5805	769.002
192.26	748.869	20.1152	768.984
192.28	766.626	2.38267	769.009
192.3	808.099	-39.0965	769.002
192.32	801.176	-32.1645	769.011
192.34	797.582	-28.5713	769.01
192.36	799.561	-30.4775	769.083
192.38	807.029	-37.9685	769.06
192.4	793.497	-24.4335	769.064
192.42	800.341	-31.3544	768.987
192.44	796.361	-27.3066	769.055
192.46	794.993	-26.0674	768.926
192.48	775.069	-6.05419	769.015
192.5	788.871	-19.9944	768.877
192.52	738.245	30.7703	769.016
192.54	746.271	22.7211	768.992
192.56	794.314	-25.3766	768.938
192.58	810.778	-41.7948	768.984
192.6	790.102	-21.1116	768.99
192.62	768.739	0.230692	768.97
192.64	793.079	-24.1338	768.946
192.66	789.349	-20.3838	768.965
192.68	784.823	-15.8513	768.971
192.7	791.866	-22.9233	768.943
192.72	798.34	-29.3595	768.981
192.74	809.276	-40.2986	768.977
192.76	792.066	-23.1325	768.933
192.78	768.997	-0.0391613	768.958
192.8	740.737	28.3601	769.097
192.82	782.945	-14.018	768.927
192.84	800.077	-31.0637	769.014
192.86	809.303	-40.2691	769.034
192.88	813.935	-44.9199	769.016
192.9	794.796	-25.8015	768.994
192.92	782.403	-13.4006	769.002
192.94	784.917	-15.9509	768.966
192.96	752.748	16.2713	769.019
192.98	776.651	-7.70977	768.942
193	787.862	-18.8584	769.003
193.02	790.687	-21.6854	769.002
193.04	799.826	-30.8446	768.982
193.06	812.965	-43.9953	768.969
193.08	813.234	-44.2768	768.958
193.1	798.391	-29.4175	768.974
193.12	779.001	-9.9987	769.003
193.14	779.969	-11.0533	768.915
193.16	765.828	3.10042	768.928
193.18	802.266	-33.3193	768.946
193.2	772.651	-3.61531	769.036
193.22	795.248	-26.302	768.946
193.24	790.535	-21.5459	768.989
193.26	780.208	-11.1697	769.038
193.28	796.685	-27.6623	769.023
193.3	802.724	-33.6644	769.06
193.32	796.652	-27.6013	769.051
193.34	785.058	-15.9886	769.069
193.36	796.433	-27.391	769.042
193.38	803.657	-34.6331	769.024
193.4	773.092	-3.93618	769.156
193.42	790.196	-21.114	769.082
193.44	799.188	-30.1085	769.08
193.46	791.969	-22.8469	769.122
193.48	786.149	-17.1111	769.038
193.5	755.252	13.8749	769.127
193.52	778.988	-9.95637	769.032
193.54	787.472	-18.4177	769.054
193.56	785.591	-16.5171	769.074
193.58	785.989	-16.9909	768.998
193.6	782.525	-13.506	769.019
193.62	773.839	-4.75251	769.087
193.64	779.384	-10.3309	769.053
193.66	799.837	-30.791	769.046
193.68	802.882	-33.8309	769.051
193.7	794.935	-25.859	769.076
193.72	786.402	-17.3933	769.009
193.74	727.957	41.1595	769.116
193.76	786.794	-17.7757	769.018
193.78	785.425	-16.3232	769.102
193.8	793.011	-23.9132	769.098
193.82	810.619	-41.5187	769.1
193.84	813.629	-44.5328	769.096
193.86	810.355	-41.2388	769.116
193.88	798.088	-29.0113	769.076
193.9	776.665	-7.5531	769.112
193.92	773.473	-4.38617	769.086
193.94	787.088	-18.0267	769.061
193.96	754.595	14.3496	768.945
193.98	781.618	-12.6763	768.942
194	793.337	-24.2503	769.087
194.02	796.384	-27.3866	768.998
194.04	776.094	-7.01011	769.083
194.06	789.612	-20.5428	769.07
194.08	792.539	-23.4943	769.045
194.1	778.247	-9.23176	769.015
194.12	757.259	11.8699	769.129
194.14	807.245	-38.248	768.997
194.16	787.896	-18.8703	769.026
194.18	759.086	9.80027	768.886
194.2	746.716	22.1235	768.84
194.22	795.917	-26.9182	768.999
194.24	778.695	-9.62479	769.07
194.26	792.339	-23.2683	769.07
194.28	779.615	-10.572	769.043
194.3	776.314	-7.2649	769.049
194.32	800.627	-31.5492	769.078
194.34	793.419	-24.3646	769.054
194.36	743.959	25.2282	769.187
194.38	793.961	-24.9605	769
194.4	799.119	-30.0861	769.033
194.42	785.345	-16.3332	769.012
194.44	788.711	-19.6947	769.017
194.46	790.511	-21.4884	769.023
194.48	793.376	-24.3564	769.02
194.5	802.16	-33.1823	768.978
194.52	803.775	-34.78	768.995
194.54	775.149	-6.08562	769.063
194.56	797.015	-28.0744	768.941
194.58	780.085	-11.0103	769.075
194.6	786.879	-17.8852	768.993
194.62	777.212	-8.19315	769.019
194.64	760.634	8.35734	768.991
194.66	757.22	11.8809	769.101
194.68	783.695	-14.6199	769.075
194.7	790.321	-21.2129	769.108
194.72	809.412	-40.2919	769.12
194.74	810.954	-41.8573	769.096
194.76	808.061	-38.9712	769.09
194.78	803.724	-34.6393	769.085
194.8	805.426	-36.3514	769.075
194.82	811.612	-42.5382	769.074
194.84	813.04	-43.9685	769.071
194.86	806.192	-37.0928	769.099
194.88	793.576	-24.5255	769.05
194.9	765.58	3.56894	769.149
194.92	781.494	-12.4074	769.086
194.94	795.639	-26.5576	769.081
194.96	775.401	-6.31769	769.084
194.98	784.433	-15.3822	769.051
195	807.742	-38.621	769.121
195.02	803.546	-34.4445	769.102
195.04	798.662	-29.6618	769
195.06	796.5	-27.4936	769.007
195.08	789.723	-20.6608	769.062
195.1	784.833	-15.7758	769.057
195.12	788.708	-19.5623	769.146
195.14	784.448	-15.3533	769.094
195.16	795.072	-25.9973	769.074
195.18	797.872	-28.7622	769.11
195.2	788.691	-19.6966	768.994
195.22	785.73	-16.7366	768.994
195.24	797.668	-28.5687	769.099
195.26	792.438	-23.3197	769.119
195.28	798.14	-29.0316	769.109
195.3	797.196	-28.1064	769.09
195.32	799.625	-30.5373	769.088
195.34	800.854	-31.7998	769.054
195.36	781.81	-12.6722	769.138
195.38	796.115	-27.0391	769.076
195.4	797.498	-28.4228	769.076
195.42	760.649	8.59595	769.245
195.44	785.238	-16.1667	769.071
195.46	789.112	-20.0587	769.053
195.48	786.121	-17.0482	769.073
195.5	779.156	-10.1385	769.017
195.52	751.447	17.6739	769.121
195.54	745.851	23.1034	768.954
195.56	775.509	-6.54671	768.963
195.58	797.862	-28.8223	769.039
195.6	796.813	-27.7732	769.04
195.62	780.641	-11.7383	768.903
195.64	720.784	48.202	768.986
195.66	792.48	-23.4727	769.007
195.68	781.547	-12.5761	768.971
195.7	785.157	-16.1814	768.975
195.72	807.817	-38.7903	769.027
195.74	794.62	-25.5517	769.068
195.76	797.001	-27.9715	769.029
195.78	787.516	-18.4387	769.077
195.8	793.583	-24.5297	769.053
195.82	791.979	-22.9476	769.031
195.84	785.925	-16.8631	769.062
195.86	792.999	-23.9521	769.047
195.88	761.955	7.07153	769.027
195.9	778.711	-9.73071	768.98
195.92	799.61	-30.6139	768.996
195.94	803.001	-33.9497	769.051
195.96	794.525	-25.4643	769.06
195.98	781.569	-12.5689	769
196	793.773	-24.7883	768.985
196.02	785.704	-16.6072	769.097
196.04	781.679	-12.5895	769.09
196.06	802.176	-33.16	769.016
196.08	801.358	-32.3398	769.018
196.1	795.2	-26.17	769.03
196.12	790.2	-21.1283	769.072
196.14	800.909	-31.8609	769.048
196.16	795.131	-26.1085	769.022
196.18	792.495	-23.4426	769.052
196.2	808.002	-38.9846	769.018
196.22	773.786	-4.85361	768.932
196.24	791.59	-22.6176	768.973
196.26	801.385	-32.2707	769.114
196.28	799.958	-30.8709	769.087
196.3	794.073	-24.9824	769.091
196.32	791.977	-22.8997	769.078
196.34	799.068	-29.9895	769.078
196.36	799.833	-30.767	769.066
196.38	786.26	-17.1379	769.122
196.4	805.798	-36.7053	769.093
196.42	816.233	-47.1402	769.093
196.44	788.653	-19.8289	768.824
196.46	778.389	-9.69638	768.693
196.48	794.366	-25.3317	769.034
196.5	746.904	22.275	769.179
196.52	783.955	-14.9603	768.995
196.54	796.245	-27.2266	769.019
196.56	798.418	-29.3612	769.057
196.58	791.901	-22.8798	769.022
196.6	773.238	-4.18378	769.054
196.62	789.691	-20.6868	769.005
196.64	790.89	-21.8193	769.071
196.66	809.534	-40.533	769.001
196.68	774.223	-5.24894	768.974
196.7	781.634	-12.7175	768.916
196.72	804.458	-35.5154	768.942
196.74	772.875	-3.79428	769.08
196.76	785.921	-16.9616	768.96
196.78	770.063	-1.0311	769.032
196.8	739.333	29.8874	769.22
196.82	794.349	-25.4004	768.949
196.84	791.77	-22.8249	768.945
196.86	791.869	-22.9147	768.955
196.88	799.125	-30.1472	768.978
196.9	799.209	-30.2221	768.987
196.92	789.15	-20.1613	768.989
196.94	775.019	-6.01239	769.007
196.96	785.116	-16.1109	769.005
196.98	795.426	-26.4559	768.97
197	783.19	-14.1607	769.029
197.02	783.454	-14.5137	768.941
197.04	763.246	5.75079	768.997
197.06	786.922	-17.937	768.985
197.08	790.803	-21.766	769.037
197.1	782.947	-13.9755	768.971
197.12	776.431	-7.3971	769.034
197.14	779.929	-10.8687	769.06
197.16	787.742	-18.7561	768.986
197.18	767.596	1.51008	769.106
197.2	792.581	-23.661	768.92
197.22	787.646	-18.7139	768.932
197.24	784.424	-15.3671	769.057
197.26	788.493	-19.4506	769.043
197.28	791.913	-22.8584	769.054
197.3	807.213	-38.1988	769.014
197.32	810.725	-41.7185	769.007
197.34	757.819	11.2665	769.085
197.36	805.53	-36.586	768.944
197.38	805.861	-36.8668	768.994
197.4	776.369	-7.30619	769.062
197.42	782.907	-13.9237	768.983
197.44	778.831	-9.77253	769.058
197.46	790.837	-21.7478	769.09
197.48	789.582	-20.4977	769.084
197.5	779.592	-10.5203	769.072
197.52	776.886	-7.78258	769.104
197.54	791.305	-22.2284	769.077
197.56	796.638	-27.5617	769.076
197.58	784.66	-15.5426	769.118
197.6	784.587	-15.4758	769.111
197.62	792.545	-23.4707	769.074
197.64	796.933	-27.8645	769.068
197.66	791.779	-22.7107	769.068
197.68	772.897	-3.74795	769.149
197.7	785.858	-16.7038	769.154
197.72	800.548	-31.4033	769.145
197.74	812.161	-43.0276	769.133
197.76	805.496	-36.3891	769.107
197.78	789.077	-19.9606	769.116
197.8	791.091	-22.0091	769.082
197.82	793.645	-24.5609	769.085
197.84	794.127	-25.0211	769.106
197.86	804.771	-35.6475	769.124
197.88	784.095	-14.9711	769.124
197.9	796.333	-27.2417	769.091
197.92	803.27	-34.1004	769.17
197.94	803.711	-34.5589	769.152
197.96	793.016	-23.8847	769.131
197.98	786.758	-17.6293	769.128
198	790.243	-21.1204	769.123
198.02	800.562	-31.4421	769.12
198.04	797.511	-28.3789	769.132
198.06	780.883	-11.7095	769.174
198.08	791.814	-22.7107	769.103
198.1	779.884	-10.7471	769.137
198.12	790.655	-21.6741	768.981
198.14	777.796	-9.07186	768.724
198.16	816.293	-47.1925	769.1
198.18	798.442	-29.3467	769.095
198.2	761.042	8.1239	769.166
198.22	769.472	-0.339649	769.132
198.24	784.204	-15.0842	769.12
198.26	802.111	-33.0244	769.087
198.28	801.929	-32.8138	769.116
198.3	787	-17.8842	769.116
198.32	782.866	-13.7211	769.145
198.34	780.929	-11.8417	769.087
198.36	758.31	10.7732	769.083
198.38	783.098	-14.091	769.007
198.4	799.414	-30.2781	769.136
198.42	801.395	-32.2695	769.126
198.44	793.81	-24.6843	769.126
198.46	793.325	-24.2397	769.085
198.48	779.318	-10.143	769.175
198.5	802.643	-33.5777	769.065
198.52	777.162	-8.06955	769.093
198.54	796.796	-27.7821	769.014
198.56	778.809	-9.75343	769.055
198.58	756.498	12.5992	769.097
198.6	770.702	-1.59305	769.109
198.62	797.437	-28.3742	769.062
198.64	796.012	-26.918	769.094
198.66	787.435	-18.3488	769.087
198.68	789.126	-20.0422	769.084
198.7	796.312	-27.2069	769.105
198.72	793.484	-24.3595	769.125
198.74	788.102	-18.9558	769.146
198.76	793.583	-24.417	769.166
198.78	799.699	-30.5505	769.149
198.8	791.4	-22.2267	769.173
198.82	799.396	-30.2681	769.128
198.84	803.265	-34.1704	769.094
198.86	800.548	-31.4538	769.094
198.88	805.802	-36.7183	769.084
198.9	810.621	-41.5475	769.073
198.92	801.848	-32.7821	769.066
198.94	787.218	-18.1225	769.095
198.96	781.731	-12.6534	769.077
198.98	791.447	-22.3678	769.079
199	803.225	-34.1418	769.083
199.02	801.177	-32.1135	769.063
199.04	768.914	0.123679	769.038
199.06	793.157	-24.1911	768.966
199.08	789.705	-20.6192	769.086
199.1	789.591	-20.4852	769.106
199.12	799.215	-30.1644	769.051
199.14	777.109	-7.9665	769.143
199.16	793.69	-24.6446	769.046
199.18	767.981	1.0772	769.059
199.2	798.811	-29.8116	768.999
199.22	761.198	7.93701	769.135
199.24	790.492	-21.4699	769.022
199.26	794.3	-25.2163	769.084
199.28	778.754	-9.761	768.993
199.3	776.59	-7.63877	768.951
199.32	791.867	-22.7112	769.156
199.34	802.141	-33.0545	769.087
199.36	796.751	-27.6237	769.128
199.38	794.458	-25.3913	769.067
199.4	757.482	11.5938	769.076
199.42	759.47	9.59479	769.065
199.44	805.045	-36.0197	769.026
199.46	809.958	-40.8824	769.075
199.48	794.471	-25.3808	769.091
199.5	784.787	-15.7174	769.069
199.52	783.62	-14.4962	769.124
199.54	801.421	-32.3287	769.093
199.56	775.444	-6.37717	769.067
199.58	770.86	-1.90885	768.951
199.6	800.731	-31.7262	769.005
199.62	786.354	-17.2754	769.078
199.64	762.029	6.9842	769.013
199.66	759.883	9.13746	769.021
199.68	790.979	-21.959	769.02
199.7	776.464	-7.31717	769.147
199.72	787.068	-17.9918	769.076
199.74	795.919	-26.8396	769.079
199.76	795.129	-26.0771	769.052
199.78	794.768	-25.7317	769.037
199.8	808.813	-39.8009	769.012
199.82	793.688	-24.7615	768.927
199.84	755.609	13.3831	768.992
199.86	777.822	-8.77727	769.044
199.88	794.513	-25.5393	768.973
199.9	756.651	12.5086	769.159
199.92	769.484	-0.503517	768.98
199.94	783.723	-14.7053	769.017
199.96	813.174	-44.178	768.996
199.98	793.056	-24.045	769.011
200	782.416	-13.4081	769.008
200.02	783.261	-14.1993	769.062
200.04	800.31	-31.3867	768.923
200.06	760.796	8.36437	769.16
200.08	784.019	-15.1026	768.917
200.1	753.378	15.7001	769.078
200.12	783.827	-14.7968	769.031
200.14	799.312	-30.2928	769.019
200.16	806.289	-37.2811	769.008
200.18	793.472	-24.4384	769.034
200.2	798.093	-29.1025	768.99
200.22	799.144	-30.1892	768.955
200.24	786.445	-17.4237	769.021
200.26	801.914	-32.9358	768.978
200.28	788.59	-19.6038	768.986
200.3	793.998	-25.0175	768.98
200.32	792.491	-23.4665	769.025
200.34	782.456	-13.5093	768.946
200.36	781.79	-12.8931	768.897
200.38	794.343	-25.4299	768.913
200.4	800.1	-31.2656	768.834
200.42	789.233	-20.4965	768.736
200.44	795.002	-26.0248	768.977
200.46	786.513	-17.5449	768.969
200.48	788.643	-19.6674	768.976
200.5	804.193	-35.238	768.955
200.52	798.263	-29.3564	768.906
200.54	789.277	-20.3634	768.914
200.56	789.806	-20.832	768.974
200.58	805.024	-36.0851	768.939
200.6	804.23	-35.2735	768.957
200.62	802.339	-33.3651	768.974
200.64	804.967	-36.0264	768.94
200.66	795.947	-26.984	768.963
200.68	775.569	-6.69869	768.87
200.7	764.365	4.52506	768.89
200.72	770.963	-1.96245	769.001
200.74	794.336	-25.3304	769.006
200.76	786.068	-17.0034	769.064
200.78	802.146	-33.119	769.027
200.8	810.166	-41.1531	769.013
200.82	797.966	-28.9433	769.023
200.84	786.707	-17.6581	769.049
200.86	788.44	-19.3882	769.051
200.88	805.433	-36.4188	769.014
200.9	798.081	-29.0262	769.055
200.92	791.519	-22.4693	769.05
200.94	804.919	-35.9364	768.982
200.96	803.255	-34.2396	769.016
200.98	798.481	-29.5472	768.934
201	769.79	-0.900044	768.89
201.02	762.302	6.69213	768.994
201.04	787.249	-18.2342	769.015
201.06	799.896	-30.9242	768.971
201.08	791.232	-22.2434	768.989
201.1	794.964	-25.948	769.016
201.12	806.9	-37.9333	768.967
201.14	752.41	16.6077	769.017
201.16	754.158	14.8384	768.997
201.18	785.092	-16.2157	768.877
201.2	775.57	-6.54365	769.026
201.22	773.15	-4.19614	768.953
201.24	763.843	5.08143	768.924
201.26	771.229	-2.27169	768.957
201.28	770.297	-1.30936	768.987
201.3	777.704	-8.6907	769.013
201.32	798.068	-29.0729	768.995
201.34	802.679	-33.6604	769.019
201.36	782.169	-13.101	769.068
201.38	792.188	-23.1462	769.042
201.4	811.797	-42.7629	769.034
201.42	805.969	-36.9252	769.044
201.44	779.302	-10.265	769.037
201.46	778.241	-9.19559	769.046
201.48	789.696	-20.7289	768.967
201.5	744.3	24.8084	769.109
201.52	755.427	13.4595	768.887
201.54	775.055	-6.19666	768.859
201.56	769.631	-0.525166	769.106
201.58	802.684	-33.6551	769.029
201.6	801.257	-32.2113	769.045
201.62	799.733	-30.6912	769.042
201.64	802.522	-33.5026	769.019
201.66	784.616	-15.6759	768.94
201.68	770.639	-1.66525	768.974
201.7	782.106	-13.1133	768.993
201.72	769.268	-0.194288	769.074
201.74	790.347	-21.3664	768.98
201.76	778.556	-9.51598	769.04
201.78	783.723	-14.726	768.997
201.8	775.664	-6.63834	769.026
201.82	766.627	2.3753	769.003
201.84	761.862	7.18444	769.047
201.86	778.796	-9.91947	768.877
201.88	776.701	-7.77011	768.931
201.9	787.576	-18.5128	769.064
201.92	777.185	-8.07766	769.107
201.94	798.811	-29.7474	769.063
201.96	799.96	-30.8891	769.07
201.98	795.169	-26.1175	769.051
202	770.927	-1.76664	769.161
202.02	794.955	-25.958	768.997
202.04	771.489	-2.52499	768.964
202.06	790.146	-21.2521	768.894
202.08	804.349	-35.2934	769.055
202.1	796.027	-27.1061	768.921
202.12	791.262	-22.325	768.937
202.14	799.102	-30.0724	769.03
202.16	775.275	-6.15339	769.121
202.18	794.486	-25.4687	769.018
202.2	776.071	-7.00046	769.071
202.22	744.635	24.4843	769.12
202.24	773.272	-4.28434	768.988
202.26	772.588	-3.49896	769.089
202.28	786.691	-17.687	769.004
202.3	775.247	-6.18338	769.064
202.32	788.095	-19.019	769.076
202.34	799.46	-30.3937	769.067
202.36	808.41	-39.3578	769.052
202.38	776.847	-8.27937	768.568
202.4	786.011	-17.1582	768.852
202.42	790.891	-21.8352	769.055
202.44	790.987	-21.9413	769.045
202.46	795.477	-26.4745	769.003
202.48	769.25	-0.199972	769.05
202.5	793.85	-24.857	768.993
202.52	809.051	-39.9749	769.076
202.54	806.629	-37.5401	769.089
202.56	799.649	-30.6026	769.047
202.58	778.44	-9.31463	769.125
202.6	753.398	15.6179	769.016
202.62	791.904	-22.9022	769.002
202.64	777.32	-8.30124	769.019
202.66	778.376	-9.71141	768.665
202.68	770.303	-1.52988	768.773
202.7	805.07	-36.0078	769.062
202.72	799.63	-30.5961	769.034
202.74	777.525	-8.4436	769.081
202.76	791.957	-22.9217	769.036
202.78	784.921	-15.8778	769.043
202.8	777.697	-8.66179	769.035
202.82	750.272	18.7312	769.003
202.84	767.48	1.4585	768.939
202.86	777.285	-8.29851	768.986
202.88	786.293	-17.3517	768.941
202.9	759.173	9.82931	769.002
202.92	789.961	-20.9689	768.992
202.94	806.694	-37.6636	769.03
202.96	793.87	-24.7998	769.07
202.98	794.24	-25.1627	769.077
203	802.412	-33.306	769.106
203.02	792.724	-23.6998	769.024
203.04	773.061	-3.99942	769.062
203.06	790.292	-21.1803	769.111
203.08	801.341	-32.25	769.091
203.1	802.358	-33.2764	769.082
203.12	786.559	-17.4516	769.107
203.14	780.96	-11.9031	769.057
203.16	781.541	-12.484	769.057
203.18	790.3	-21.2345	769.065
203.2	795.237	-26.1732	769.064
203.22	794.329	-25.296	769.033
203.24	787.678	-18.6199	769.058
203.26	800.301	-31.2592	769.042
203.28	794.479	-25.5243	768.955
203.3	791.374	-22.4722	768.902
203.32	788.797	-19.7941	769.003
203.34	781.214	-12.1856	769.028
203.36	800.096	-31.1521	768.944
203.38	784.829	-15.7851	769.044
203.4	782.217	-13.2398	768.977
203.42	789.606	-20.6243	768.982
203.44	785.923	-16.9637	768.959
203.46	737.785	31.3934	769.179
203.48	796.805	-27.8378	768.967
203.5	771.812	-2.69992	769.112
203.52	790.471	-21.4498	769.021
203.54	801.478	-32.447	769.031
203.56	808.499	-39.4733	769.026
203.58	791.42	-22.3651	769.055
203.6	769.854	-0.796212	769.058
203.62	787.505	-18.4974	769.008
203.64	787.329	-18.595	768.734
203.66	797.217	-28.3805	768.836
203.68	793.95	-24.8897	769.061
203.7	799.365	-30.3166	769.048
203.72	805.498	-36.4418	769.056
203.74	796.257	-27.2084	769.048
203.76	798.353	-29.3368	769.016
203.78	793.625	-24.5859	769.039
203.8	783.151	-14.1898	768.962
203.82	759.708	9.36452	769.073
203.84	800.911	-31.9245	768.987
203.86	810.426	-41.4516	768.974
203.88	797.282	-28.3194	768.962
203.9	751.812	17.3387	769.15
203.92	803.011	-34.0549	768.956
203.94	798.114	-29.0955	769.018
203.96	787.55	-18.5367	769.013
203.98	779.525	-10.4754	769.049
204	785.493	-16.4419	769.051
204.02	799.892	-30.8447	769.047
204.04	803.941	-34.9169	769.024
204.06	797.424	-28.4531	768.971
204.08	798.793	-29.8426	768.95
204.1	789.512	-20.4887	769.024
204.12	792.708	-23.6857	769.023
204.14	801.687	-32.6715	769.015
204.16	780.245	-11.1991	769.045
204.18	768.181	0.820869	769.002
204.2	770.274	-1.2109	769.063
204.22	803.116	-34.0885	769.028
204.24	802.205	-33.1577	769.047
204.26	800.391	-31.3308	769.06
204.28	779.692	-10.8047	768.887
204.3	769.962	-1.1151	768.847
204.32	765.418	3.40872	768.827
204.34	772.731	-3.87938	768.852
204.36	799.777	-30.7341	769.043
204.38	808.6	-39.5237	769.076
204.4	811.674	-42.5942	769.08
204.42	812.447	-43.36	769.087
204.44	802.302	-33.231	769.071
204.46	790.474	-21.4515	769.023
204.48	744.505	24.6095	769.115
204.5	767.396	1.5668	768.963
204.52	758.432	10.6909	769.123
204.54	802.154	-33.1317	769.022
204.56	799.496	-30.4647	769.031
204.58	789.291	-20.2964	768.995
204.6	783.557	-14.497	769.06
204.62	787.409	-18.3973	769.012
204.64	780.573	-11.5758	768.998
204.66	745.644	23.3689	769.013
204.68	764.013	4.96371	768.977
204.7	798.055	-29.0095	769.045
204.72	781.509	-12.4411	769.068
204.74	767.202	1.86551	769.067
204.76	781.437	-12.3776	769.059
204.78	802.542	-33.435	769.107
204.8	802.04	-32.9484	769.091
204.82	791.451	-22.3888	769.062
204.84	774.206	-5.15877	769.047
204.86	762.482	6.5677	769.049
204.88	763.714	5.30229	769.016
204.9	760.046	9.05877	769.104
204.92	783.503	-14.431	769.072
204.94	797.144	-28.0637	769.08
204.96	778.865	-9.74863	769.116
204.98	788.938	-19.8759	769.063
205	780.756	-11.6956	769.06
205.02	789.785	-20.767	769.018
205.04	779.852	-10.8164	769.036
205.06	769.102	-0.125813	768.977
205.08	776.115	-7.07266	769.042
205.1	801.202	-32.1162	769.085
205.12	802.283	-33.1798	769.103
205.14	791.481	-22.3984	769.083
205.16	780.786	-11.7053	769.081
205.18	782.942	-13.8732	769.069
205.2	790.61	-21.5322	769.078
205.22	799.906	-30.8375	769.068
205.24	796.51	-27.419	769.091
205.26	794.631	-25.5384	769.092
205.28	794.708	-25.6272	769.081
205.3	802.721	-33.6387	769.082
205.32	804.074	-35.0296	769.044
205.34	772.144	-3.15057	768.993
205.36	776.272	-7.28138	768.991
205.38	791.776	-22.7438	769.032
205.4	789.157	-20.1543	769.003
205.42	774.195	-5.15218	769.043
205.44	772.704	-3.67576	769.028
205.46	803.964	-34.9354	769.029
205.48	808.136	-39.1273	769.009
205.5	780.411	-11.3814	769.03
205.52	766.864	2.14722	769.011
205.54	792.309	-23.3261	768.983
205.56	797.091	-28.0107	769.08
205.58	803.583	-34.5005	769.082
205.6	809.898	-40.8306	769.068
205.62	796.759	-27.6956	769.064
205.64	792.965	-23.9524	769.012
205.66	783.557	-14.5056	769.052
205.68	788.921	-19.8602	769.06
205.7	795.217	-26.1839	769.033
205.72	787.646	-18.5385	769.107
205.74	794.295	-25.2121	769.083
205.76	794.707	-25.6379	769.069
205.78	777.696	-8.68755	769.008
205.8	734.097	35.0487	769.145
205.82	796.114	-27.0958	769.018
205.84	801.264	-32.1671	769.097
205.86	796.667	-27.572	769.095
205.88	793.005	-23.9297	769.075
205.9	795.343	-26.3123	769.03
205.92	794.712	-25.7097	769.003
205.94	785.904	-16.8772	769.026
205.96	786.474	-17.5181	768.955
205.98	787.299	-18.37	768.929
206	789.92	-20.9931	768.927
206.02	797.33	-28.4637	768.867
206.04	785.194	-16.2715	768.922
206.06	785.564	-16.6756	768.889
206.08	778.794	-9.97159	768.823
206.1	790.228	-21.3726	768.856
206.12	790.407	-21.4614	768.946
206.14	809.871	-40.9906	768.881
206.16	806.256	-37.3708	768.885
206.18	793.967	-25.0645	768.903
206.2	791.333	-22.4882	768.845
206.22	767.393	1.45701	768.85
206.24	754.755	14.0968	768.851
206.26	793.978	-25.3229	768.655
206.28	755.754	13.2244	768.978
206.3	787.217	-18.4585	768.759
206.32	757.721	11.0471	768.769
206.34	776.778	-8.07856	768.699
206.36	772.214	-3.37389	768.84
206.38	778.488	-9.66572	768.822
206.4	796.538	-27.7248	768.814
206.42	799.033	-30.2193	768.814
206.44	779.308	-10.4626	768.845
206.46	766.323	2.62696	768.949
206.48	811.584	-42.7568	768.827
206.5	814.562	-45.6689	768.893
206.52	795.722	-26.8142	768.907
206.54	784.211	-15.3164	768.895
206.56	784.397	-15.4975	768.899
206.58	779.303	-10.3737	768.929
206.6	799.798	-30.907	768.891
206.62	802.909	-33.9844	768.925
206.64	801.123	-32.1652	768.957
206.66	795.349	-26.3843	768.965
206.68	776.195	-7.21613	768.979
206.7	753.352	15.5866	768.938
206.72	770.183	-1.2729	768.911
206.74	801.455	-32.5394	768.916
206.76	794.909	-25.9167	768.992
206.78	803.199	-34.2382	768.961
206.8	805.524	-36.5928	768.931
206.82	792.018	-23.0716	768.946
206.84	790.929	-21.9869	768.942
206.86	779.796	-10.8562	768.94
206.88	795.665	-26.7517	768.913
206.9	804.23	-35.2931	768.937
206.92	805.729	-36.7594	768.97
206.94	805.44	-36.4825	768.958
206.96	812.113	-43.2262	768.887
206.98	783.091	-14.1496	768.942
207	785.095	-16.2228	768.872
207.02	771.474	-2.56982	768.904
207.04	778.995	-10.1201	768.875
207.06	795.983	-27.0743	768.909
207.08	795.826	-26.9509	768.875
207.1	785.679	-16.769	768.91
207.12	791.844	-22.9289	768.915
207.14	801.088	-32.221	768.867
207.16	786.811	-17.923	768.888
207.18	778.577	-9.62603	768.951
207.2	800.194	-31.2771	768.917
207.22	811.014	-42.0978	768.916
207.24	802.753	-33.7611	768.992
207.26	801.337	-32.3298	769.007
207.28	810.122	-41.1186	769.004
207.3	812.45	-43.4745	768.975
207.32	802.854	-33.8987	768.956
207.34	781.237	-12.2313	769.005
207.36	783.389	-14.4384	768.95
207.38	791.383	-22.4268	768.956
207.4	782.564	-13.5023	769.062
207.42	803.462	-34.5175	768.944
207.44	794.555	-25.5626	768.992
207.46	803.905	-34.9139	768.991
207.48	806.013	-36.9937	769.02
207.5	804.207	-35.1865	769.021
207.52	806.731	-37.7314	769
207.54	814.884	-45.9368	768.947
207.56	783.537	-14.6673	768.869
207.58	777.306	-8.40334	768.903
207.6	776.18	-7.16789	769.012
207.62	795.039	-26.0364	769.003
207.64	797.164	-28.1236	769.04
207.66	801.225	-32.1984	769.027
207.68	802.1	-33.0965	769.003
207.7	782.084	-13.0143	769.07
207.72	787.348	-18.4074	768.94
207.74	759.989	9.08877	769.078
207.76	791.472	-22.4993	768.973
207.78	769.282	-0.287895	768.994
207.8	788.235	-19.2768	768.959
207.82	803.639	-34.6659	768.973
207.84	793.894	-24.8626	769.031
207.86	809.119	-40.1644	768.954
207.88	776.841	-7.77678	769.064
207.9	785.37	-16.3757	768.994
207.92	800.409	-31.5275	768.881
207.94	761.19	7.74705	768.937
207.96	794.239	-25.2598	768.979
207.98	797.482	-28.4696	769.012
208	798.579	-29.5995	768.98
208.02	758.889	10.1696	769.058
208.04	790.859	-21.943	768.916
208.06	792.94	-23.962	768.978
208.08	799.377	-30.4178	768.959
208.1	797.207	-28.2612	768.946
208.12	790.341	-21.3681	768.973
208.14	809.399	-40.4664	768.933
208.16	812.517	-43.5898	768.927
208.18	799.32	-30.3811	768.939
208.2	788.941	-20.0272	768.914
208.22	770.766	-1.76177	769.004
208.24	806.135	-37.2572	768.877
208.26	814.321	-45.4256	768.895
208.28	796.958	-28.0695	768.888
208.3	799.073	-30.1415	768.932
208.32	811.681	-42.7686	768.912
208.34	783.047	-14.0143	769.032
208.36	769.875	-0.916362	768.959
208.38	777.889	-8.99261	768.896
208.4	776.325	-7.32063	769.004
208.42	769.653	-0.763357	768.889
208.44	779.652	-10.7552	768.897
208.46	809.332	-40.4186	768.914
208.48	806.392	-37.4636	768.928
208.5	796.158	-27.2622	768.895
208.52	777.889	-8.94058	768.948
208.54	792.495	-23.5875	768.908
208.56	811.198	-42.317	768.881
208.58	820.36	-51.4659	768.894
208.6	798.289	-29.3497	768.939
208.62	788.697	-19.7766	768.921
208.64	801.57	-32.6398	768.93
208.66	804.335	-35.3861	768.949
208.68	801.737	-32.8265	768.911
208.7	781.716	-12.7403	768.976
208.72	794.57	-25.6332	768.937
208.74	798.41	-29.4338	768.976
208.76	795.466	-26.5059	768.96
208.78	788.451	-19.5663	768.884
208.8	750.399	18.4605	768.859
208.82	779.546	-10.7495	768.797
208.84	773.697	-4.89565	768.802
208.86	765.842	3.00478	768.847
208.88	793.312	-24.4125	768.899
208.9	807.517	-38.6404	768.877
208.92	802.132	-33.2146	768.917
208.94	786.724	-17.8036	768.921
208.96	798.755	-29.8613	768.894
208.98	802.1	-33.1977	768.903
209	787.347	-18.3907	768.957
209.02	796.697	-27.7853	768.912
209.04	787.026	-18.0987	768.928
209.06	775.753	-6.88399	768.869
209.08	763.445	5.43793	768.883
209.1	780.673	-11.7586	768.914
209.12	799.208	-30.3722	768.836
209.14	775.337	-6.44491	768.892
209.16	782.628	-13.7329	768.895
209.18	802.325	-33.4225	768.903
209.2	790.933	-22.016	768.917
209.22	757.467	11.549	769.016
209.24	766.302	2.68253	768.984
209.26	790.316	-21.4203	768.895
209.28	761.232	7.73321	768.965
209.3	784.614	-15.7161	768.898
209.32	811.643	-42.7123	768.931
209.34	817.829	-48.897	768.932
209.36	812.037	-43.0918	768.946
209.38	794.902	-25.9453	768.957
209.4	788.912	-19.9641	768.948
209.42	795.17	-26.2254	768.945
209.44	795.508	-26.5644	768.944
209.46	782.167	-13.2305	768.936
209.48	777.943	-9.00363	768.939
209.5	776.159	-7.16546	768.994
209.52	787.336	-18.3657	768.97
209.54	788.737	-19.7074	769.03
209.56	809.771	-40.8102	768.96
209.58	803.647	-34.6284	769.019
209.6	800.077	-31.1376	768.94
209.62	786.845	-17.8474	768.998
209.64	790.929	-21.9175	769.012
209.66	792.564	-23.5799	768.984
209.68	799.723	-30.7343	768.988
209.7	807.093	-38.0917	769.001
209.72	803.709	-34.7323	768.977
209.74	804.972	-36.0055	768.967
209.76	807.625	-38.668	768.957
209.78	799.847	-30.9328	768.914
209.8	797.722	-28.789	768.933
209.82	805.905	-36.9748	768.931
209.84	777.588	-8.62084	768.967
209.86	779.819	-10.8492	768.97
209.88	806.38	-37.4538	768.926
209.9	801.076	-32.1305	768.946
209.92	799.524	-30.575	768.949
209.94	796.325	-27.373	768.952
209.96	792.414	-23.4415	768.972
209.98	803.7	-34.752	768.949
210	801.407	-32.4631	768.943
210.02	784.89	-15.8606	769.029
210.04	800.839	-31.8763	768.963
210.06	789.637	-20.6365	769.001
210.08	797.958	-28.9938	768.965
210.1	789.388	-20.3806	769.008
210.12	789.499	-20.4992	769
210.14	803.186	-34.2205	768.965
210.16	800.952	-31.9509	769.001
210.18	791.257	-22.2346	769.022
210.2	796.966	-27.9751	768.991
210.22	804.596	-35.6057	768.99
210.24	803.808	-34.8303	768.977
210.26	788.214	-19.2173	768.997
210.28	771.905	-2.86651	769.038
210.3	798.53	-29.5727	768.957
210.32	793.371	-24.386	768.985
210.34	799.036	-30.0812	768.955
210.36	797.412	-28.3564	769.056
210.38	806.943	-37.9147	769.028
210.4	790.179	-21.0914	769.087
210.42	790.123	-21.0442	769.079
210.44	793.681	-24.5771	769.104
210.46	797.334	-28.2179	769.117
210.48	794.901	-25.7337	769.167
210.5	813.255	-44.1443	769.11
210.52	813.754	-44.6582	769.096
210.54	792.665	-23.5423	769.122
210.56	796.073	-26.9832	769.09
210.58	796.563	-27.461	769.102
210.6	788.854	-19.7669	769.087
210.62	779.302	-10.2207	769.081
210.64	779.958	-10.8556	769.102
210.66	801.427	-32.3036	769.123
210.68	809.537	-40.3831	769.153
210.7	806.393	-37.296	769.097
210.72	779.793	-10.718	769.075
210.74	771.985	-2.84837	769.137
210.76	803.002	-33.9255	769.077
210.78	806.842	-37.8007	769.041
210.8	783.944	-14.8408	769.103
210.82	774.033	-4.93731	769.096
210.84	788.397	-19.3871	769.01
210.86	785.123	-16.0595	769.064
210.88	792.329	-23.2791	769.05
210.9	806.502	-37.4814	769.02
210.92	809.093	-40.0477	769.045
210.94	805.873	-36.8299	769.043
210.96	802.332	-33.2543	769.078
210.98	800.278	-31.2354	769.042
211	783.626	-14.5672	769.059
211.02	779.802	-10.7777	769.024
211.04	784.208	-15.1907	769.017
211.06	806.115	-37.0637	769.051
211.08	798.357	-29.3209	769.036
211.1	785.33	-16.3173	769.013
211.12	784.327	-15.3091	769.018
211.14	797.727	-28.7026	769.024
211.16	798.192	-29.1435	769.048
211.18	779.583	-10.5312	769.052
211.2	774.776	-5.7306	769.045
211.22	776.209	-7.18621	769.023
211.24	765.041	3.97433	769.015
211.26	771.367	-2.3593	769.007
211.28	804.127	-35.1768	768.95
211.3	801.068	-32.0341	769.034
211.32	802.228	-33.2398	768.988
211.34	773.914	-4.8545	769.06
211.36	773.727	-4.67486	769.053
211.38	792.491	-23.4341	769.057
211.4	794.285	-25.2436	769.042
211.42	766.681	2.31557	768.997
211.44	761.957	6.97747	768.935
211.46	768.276	0.689053	768.965
211.48	755.687	13.4125	769.1
211.5	805.365	-36.3471	769.018
211.52	806.399	-37.3502	769.049
211.54	788.55	-19.4933	769.056
211.56	792.247	-23.2322	769.015
211.58	792.707	-23.6893	769.018
211.6	775.714	-6.70223	769.012
211.62	786.4	-17.4462	768.954
211.64	776.794	-7.74078	769.053
211.66	767.615	1.4411	769.056
211.68	786.412	-17.3713	769.041
211.7	806.003	-36.9154	769.087
211.72	799.82	-30.8032	769.017
211.74	759.273	9.90187	769.175
211.76	781.305	-12.2299	769.075
211.78	770.166	-1.04252	769.123
211.8	771.718	-2.64269	769.075
211.82	769.333	-0.206289	769.126
211.84	791.641	-22.6048	769.036
211.86	784.645	-15.5997	769.046
211.88	776.794	-7.73005	769.064
211.9	790.951	-21.924	769.028
211.92	780.914	-11.8896	769.024
211.94	755.669	13.4181	769.087
211.96	779.154	-10.1319	769.022
211.98	770.405	-1.27983	769.126
212	798.122	-29.0812	769.041
212.02	790.685	-21.6381	769.047
212.04	797.483	-28.4654	769.018
212.06	806.458	-37.4128	769.045
212.08	792.836	-23.8147	769.021
212.1	751.058	18.025	769.083
212.12	760.923	8.06824	768.991
212.14	780.908	-11.9659	768.942
212.16	770.694	-1.73995	768.954
212.18	771.135	-2.15052	768.985
212.2	788.387	-19.3866	769
212.22	780.125	-11.1713	768.954
212.24	780.996	-12.0296	768.966
212.26	804.211	-35.2124	768.999
212.28	789.461	-20.4109	769.05
212.3	803.568	-34.5416	769.026
212.32	791.111	-22.0838	769.028
212.34	780.361	-11.35	769.011
212.36	765.49	3.54448	769.035
212.38	788.973	-19.9643	769.009
212.4	797.774	-28.7557	769.019
212.42	784.939	-15.8517	769.087
212.44	797.204	-28.1544	769.05
212.46	791.736	-22.6687	769.067
212.48	786.577	-17.4912	769.086
212.5	807.094	-38.0558	769.038
212.52	809.332	-40.2599	769.072
212.54	812.333	-43.326	769.007
212.56	795.89	-26.9022	768.988
212.58	779.751	-10.686	769.065
212.6	795.934	-26.9455	768.988
212.62	791.883	-22.8389	769.044
212.64	794.345	-25.3572	768.988
212.66	777.89	-8.80941	769.08
212.68	808.594	-39.5808	769.013
212.7	811.127	-42.0704	769.056
212.72	810.485	-41.4274	769.057
212.74	808.484	-39.4228	769.061
212.76	795.626	-26.5843	769.042
212.78	778.205	-9.14704	769.058
212.8	794.815	-25.7954	769.02
212.82	795.236	-26.2108	769.025
212.84	797.186	-28.1587	769.027
212.86	811.541	-42.545	768.996
212.88	808.147	-39.143	769.004
212.9	784.107	-15.0585	769.049
212.92	789.292	-20.274	769.018
212.94	800.733	-31.675	769.058
212.96	793.284	-24.2413	769.043
212.98	773.309	-4.24664	769.062
213	776.21	-7.172	769.038
213.02	777.667	-8.56575	769.101
213.04	802.389	-33.2848	769.104
213.06	803.989	-34.9082	769.081
213.08	786.196	-17.0799	769.116
213.1	769.192	-0.0398559	769.152
213.12	784.806	-15.7104	769.095
213.14	788.377	-19.3329	769.044
213.16	779.857	-10.7783	769.079
213.18	779.197	-10.0638	769.134
213.2	786.303	-17.1197	769.183
213.22	800.483	-31.3613	769.122
213.24	781.033	-11.8414	769.192
213.26	785.491	-16.4343	769.057
213.28	785.267	-16.1727	769.094
213.3	793.475	-24.3468	769.129
213.32	775.763	-6.55202	769.211
213.34	800.583	-31.4409	769.142
213.36	808.409	-39.2316	769.177
213.38	804.052	-34.8683	769.184
213.4	768.774	0.356113	769.13
213.42	766.825	2.31896	769.144
213.44	803.724	-34.5654	769.159
213.46	800.079	-30.9129	769.166
213.48	783.969	-14.8437	769.125
213.5	760.501	8.68692	769.188
213.52	774.4	-5.30336	769.096
213.54	778.158	-9.02975	769.128
213.56	790.973	-21.873	769.1
213.58	775.735	-6.46953	769.266
213.6	802.14	-33.0255	769.114
213.62	784.704	-15.5144	769.189
213.64	792.159	-23.0055	769.153
213.66	806.609	-37.4799	769.129
213.68	782.331	-13.1771	769.153
213.7	788.473	-19.374	769.099
213.72	791.845	-22.7913	769.053
213.74	772.839	-3.6891	769.149
213.76	797.996	-28.9393	769.056
213.78	782.718	-13.6405	769.078
213.8	779.843	-10.7914	769.052
213.82	787.319	-18.366	768.953
213.84	783.87	-14.8868	768.983
213.86	792.614	-23.6107	769.003
213.88	792.009	-22.9799	769.029
213.9	797.822	-28.7958	769.026
213.92	797.446	-28.431	769.015
213.94	798.581	-29.5256	769.055
213.96	811.36	-42.3468	769.013
213.98	813.923	-44.9087	769.014
214	792.159	-23.2058	768.953
214.02	795.92	-26.9847	768.936
214.04	810.461	-41.4722	768.989
214.06	802.43	-33.4468	768.983
214.08	780.874	-11.842	769.032
214.1	802.898	-33.9244	768.974
214.12	804.611	-35.6325	768.978
214.14	771.098	-2.13112	768.967
214.16	726.623	42.4978	769.12
214.18	803.874	-34.9622	768.912
214.2	802.525	-33.6313	768.894
214.22	764.757	4.11217	768.869
214.24	732.141	36.8894	769.03
214.26	797.918	-29.0115	768.907
214.28	792.851	-23.8974	768.953
214.3	793.835	-24.9178	768.917
214.32	807.944	-39.0712	768.873
214.34	793.334	-24.4085	768.925
214.36	789.007	-20.1101	768.897
214.38	768.895	0.0617743	768.956
214.4	767.655	1.2651	768.921
214.42	784.973	-16.0309	768.942
214.44	802.809	-33.8128	768.996
214.46	800.666	-31.7015	768.965
214.48	783.479	-14.4733	769.005
214.5	790.437	-21.4654	768.971
214.52	811.516	-42.55	768.966
214.54	812.586	-43.5707	769.015
214.56	796.219	-27.2718	768.947
214.58	789.544	-20.6184	768.926
214.6	813.207	-44.198	769.009
214.62	802.886	-33.8966	768.989
214.64	774.514	-5.40265	769.112
214.66	805.549	-36.5611	768.987
214.68	810.336	-41.3055	769.03
214.7	813.013	-44.0407	768.972
214.72	796.216	-27.2354	768.981
214.74	784.166	-15.1094	769.056
214.76	807.795	-38.7849	769.01
214.78	798.029	-28.9886	769.04
214.8	799.138	-30.1072	769.031
214.82	813.353	-44.3505	769.003
214.84	813.173	-44.1342	769.039
214.86	808.155	-39.1456	769.009
214.88	768.455	0.558593	769.014
214.9	750.703	18.3983	769.102
214.92	808.672	-39.7312	768.941
214.94	809.37	-40.364	769.006
214.96	804.924	-35.911	769.013
214.98	800.413	-31.3764	769.036
215	801.263	-32.2629	769
215.02	764.692	4.29256	768.984
215.04	775.429	-6.42543	769.003
215.06	816.334	-47.3118	769.022
215.08	801.898	-32.8492	769.049
215.1	785.63	-16.5744	769.056
215.12	793.234	-24.1928	769.041
215.14	799.155	-30.0722	769.083
215.16	796.462	-27.3993	769.063
215.18	803.801	-34.7879	769.013
215.2	791.924	-22.8864	769.038
215.22	790.01	-20.9903	769.019
215.24	791.714	-22.6781	769.036
215.26	799.708	-30.6706	769.037
215.28	804.81	-35.7792	769.031
215.3	801.82	-32.7782	769.042
215.32	785.724	-16.7398	768.984
215.34	789.51	-20.5224	768.988
215.36	771.835	-2.77872	769.056
215.38	761.915	7.17471	769.089
215.4	796.119	-27.0854	769.034
215.42	799.364	-30.338	769.026
215.44	790.965	-21.9645	769.001
215.46	794.51	-25.4986	769.011
215.48	804.673	-35.6908	768.982
215.5	792.484	-23.4428	769.041
215.52	794.591	-25.5653	769.026
215.54	808.092	-39.0938	768.998
215.56	795.539	-26.5481	768.991
215.58	798.348	-29.4012	768.947
215.6	785.043	-16.1505	768.892
215.62	779.358	-10.5071	768.851
215.64	774.733	-5.94002	768.793
215.66	764.911	3.9026	768.814
215.68	752.181	16.8007	768.982
215.7	791.571	-22.6958	768.875
215.72	781.03	-12.0286	769.002
215.74	794.585	-25.6381	768.947
215.76	798.654	-29.7531	768.901
215.78	774.063	-5.09279	768.97
215.8	778.939	-9.95823	768.981
215.82	801.096	-32.0994	768.996
215.84	805.701	-36.7129	768.988
215.86	798.606	-29.5756	769.03
215.88	799.579	-30.6362	768.943
215.9	758.04	11.1037	769.144
215.92	791.175	-22.2316	768.943
215.94	777.43	-8.52166	768.908
215.96	769.706	-0.830583	768.875
215.98	749.567	19.3342	768.901
216	759.732	9.2165	768.948
216.02	785.659	-16.7263	768.933
216.04	796.15	-27.2386	768.912
216.06	760.463	8.48025	768.944
216.08	766.823	2.10609	768.929
216.1	803.849	-34.973	768.876
216.12	790.26	-21.3638	768.897
216.14	793.317	-24.442	768.875
216.16	786.352	-17.4752	768.876
216.18	777.525	-8.59812	768.927
216.2	786.013	-17.1149	768.898
216.22	765.784	3.14376	768.927
216.24	788.943	-20.0824	768.861
216.26	808.693	-39.7837	768.909
216.28	817.127	-48.2592	768.868
216.3	800.607	-31.7049	768.902
216.32	806.215	-37.3459	768.869
216.34	815.186	-46.2994	768.886
216.36	799.944	-31.0586	768.886
216.38	790.901	-22.0343	768.867
216.4	788.6	-19.6701	768.929
216.42	798.857	-29.9559	768.901
216.44	797.765	-28.845	768.92
216.46	804.946	-36.0131	768.933
216.48	805.311	-36.4163	768.895
216.5	789.436	-20.4432	768.993
216.52	814.272	-45.344	768.928
216.54	798.303	-29.3168	768.986
216.56	786.014	-17.041	768.973
216.58	791.938	-22.9426	768.995
216.6	817.469	-48.5102	768.959
216.62	818.736	-49.821	768.915
216.64	786.17	-17.267	768.903
216.66	771.864	-3.04697	768.817
216.68	768.412	0.530226	768.943
216.7	784.877	-15.9569	768.92
216.72	775.443	-6.50195	768.941
216.74	798.911	-29.9869	768.924
216.76	781.099	-12.184	768.915
216.78	765.698	3.16759	768.866
216.8	759.15	9.77889	768.929
216.82	789.449	-20.5724	768.877
216.84	797.411	-28.4558	768.955
216.86	780.629	-11.7245	768.905
216.88	729.63	39.3936	769.024
216.9	767.07	1.79734	768.868
216.92	779.987	-11.053	768.934
216.94	795.849	-26.9223	768.927
216.96	800.696	-31.7041	768.992
216.98	792.234	-23.1714	769.063
217	790.249	-21.2279	769.021
217.02	781.12	-12.0555	769.065
217.04	797.743	-28.6629	769.08
217.06	787.297	-18.1832	769.114
217.08	781.932	-12.8304	769.102
217.1	781.523	-12.4447	769.078
217.12	787.239	-18.1994	769.039
217.14	787.362	-18.2786	769.084
217.16	796.824	-27.8902	768.934
217.18	761.787	6.88362	768.671
217.2	759.749	9.32173	769.07
217.22	791.068	-22.069	768.999
217.24	805.376	-36.368	769.008
217.26	771.892	-2.7962	769.096
217.28	780.07	-11.0362	769.034
217.3	767.68	1.44115	769.121
217.32	791.593	-22.5403	769.053
217.34	781.131	-12.1297	769.001
217.36	770.657	-1.64488	769.012
217.38	797.676	-28.6718	769.004
217.4	796.63	-27.5703	769.059
217.42	787.999	-18.9642	769.035
217.44	785.352	-16.338	769.014
217.46	790.67	-21.6877	768.982
217.48	789.413	-20.4219	768.991
217.5	781.545	-12.5284	769.017
217.52	778.993	-10.1041	768.889
217.54	773.589	-4.63618	768.953
217.56	774.639	-5.60988	769.029
217.58	773.917	-4.90109	769.016
217.6	784.707	-15.6452	769.062
217.62	815.178	-46.169	769.009
217.64	806.705	-37.6346	769.07
217.66	802.028	-32.9534	769.074
217.68	801.911	-32.856	769.055
217.7	798.615	-29.5789	769.036
217.72	792.745	-23.663	769.082
217.74	789.893	-20.8392	769.054
217.76	784.289	-15.1675	769.122
217.78	803.68	-34.5779	769.102
217.8	807.443	-38.3422	769.101
217.82	796.63	-27.4895	769.14
217.84	794.238	-25.1347	769.104
217.86	795.706	-26.6051	769.101
217.88	806.973	-37.8713	769.102
217.9	803.691	-34.575	769.116
217.92	803.207	-34.0911	769.116
217.94	803.921	-34.8449	769.076
217.96	801.47	-32.3969	769.073
217.98	793.618	-24.5724	769.045
218	783.974	-14.9094	769.064
218.02	804.164	-35.1579	769.006
218.04	810.777	-41.7703	769.006
218.06	800.089	-31.0944	768.995
218.08	785.843	-16.7527	769.09
218.1	803.965	-34.8844	769.081
218.12	794.229	-25.1905	769.039
218.14	775.126	-6.02648	769.1
218.16	794.144	-25.0738	769.07
218.18	793.44	-24.321	769.119
218.2	798.407	-29.3564	769.05
218.22	797.145	-28.0722	769.072
218.24	797.19	-28.1304	769.06
218.26	789.09	-20.0523	769.038
218.28	776.111	-7.02347	769.087
218.3	797.125	-28.1005	769.025
218.32	790.643	-21.5548	769.088
218.34	787.501	-18.4145	769.087
218.36	801.499	-32.452	769.047
218.38	802.3	-33.2257	769.074
218.4	794.688	-25.5506	769.138
218.42	807.437	-38.3304	769.107
218.44	810.298	-41.1677	769.13
218.46	805.46	-36.3292	769.131
218.48	778.845	-9.84725	768.998
218.5	783.495	-14.5135	768.982
218.52	795.623	-26.5463	769.077
218.54	799.689	-30.6023	769.087
218.56	800.674	-31.5993	769.074
218.58	800.802	-31.7391	769.063
218.6	799.048	-29.9645	769.083
218.62	798.001	-28.9179	769.083
218.64	793.599	-24.4953	769.103
218.66	787.473	-18.3507	769.122
218.68	799.873	-30.8237	769.05
218.7	776.561	-7.42617	769.135
218.72	785.124	-16.1253	768.998
218.74	771.406	-2.37193	769.035
218.76	794.912	-25.788	769.124
218.78	793.299	-24.2363	769.063
218.8	775.794	-6.75852	769.035
218.82	766.921	2.16523	769.086
218.84	781.583	-12.5182	769.065
218.86	806.12	-37.0948	769.025
218.88	799.35	-30.2295	769.12
218.9	807.819	-38.7972	769.022
218.92	779.407	-10.3506	769.057
218.94	754.29	14.783	769.073
218.96	757.538	11.559	769.097
218.98	792.593	-23.5834	769.01
219	797.401	-28.3714	769.03
219.02	787.76	-18.7371	769.023
219.04	791.469	-22.4236	769.046
219.06	801.412	-32.373	769.039
219.08	794.526	-25.4724	769.054
219.1	797.973	-28.9821	768.991
219.12	802.467	-33.4188	769.049
219.14	811.75	-42.7444	769.005
219.16	803.351	-34.3474	769.004
219.18	778.305	-9.26988	769.035
219.2	776.225	-7.2738	768.951
219.22	791.007	-22.104	768.903
219.24	781.257	-12.2577	768.999
219.26	775.239	-6.19658	769.043
219.28	793.876	-24.8534	769.022
219.3	788.339	-19.3053	769.034
219.32	767.632	1.50879	769.141
219.34	800.394	-31.3671	769.027
219.36	791.356	-22.3259	769.03
219.38	776.612	-7.57323	769.039
219.4	793.962	-24.8998	769.062
219.42	810.104	-41.0225	769.082
219.44	810.403	-41.3262	769.076
219.46	802.079	-33.0048	769.074
219.48	791.513	-22.3983	769.114
219.5	798.671	-29.5798	769.091
219.52	800.603	-31.4857	769.117
219.54	809.098	-40.0151	769.082
219.56	793.369	-24.2731	769.096
219.58	781.118	-12.0149	769.103
219.6	798.888	-29.8329	769.056
219.62	791.782	-22.7177	769.065
219.64	789.777	-20.7098	769.067
219.66	783.624	-14.5259	769.098
219.68	778.794	-9.7285	769.066
219.7	788.074	-19.015	769.059
219.72	797.694	-28.651	769.043
219.74	807.707	-38.6888	769.018
219.76	802.528	-33.4966	769.031
219.78	802.585	-33.5592	769.026
219.8	799.463	-30.4007	769.063
219.82	804.16	-35.1264	769.033
219.84	798.395	-29.3464	769.049
219.86	787.241	-18.204	769.037
219.88	784.847	-15.8303	769.016
219.9	773.808	-4.84029	768.968
219.92	799.6	-30.6523	768.948
219.94	784.953	-15.8994	769.054
219.96	789.052	-20.0104	769.041
219.98	805.046	-35.9929	769.053
220	798.844	-29.7626	769.082
220.02	803.232	-34.1582	769.073
220.04	810.786	-41.754	769.032
220.06	804.592	-35.5864	769.006
220.08	781.675	-12.6652	769.01
220.1	781.652	-12.6278	769.024
220.12	784.846	-15.8137	769.032
220.14	795.462	-26.4437	769.018
220.16	798.475	-29.4459	769.029
220.18	791.895	-22.833	769.062
220.2	806.054	-37.0168	769.038
220.22	802.724	-33.6705	769.053
220.24	796.286	-27.2493	769.037
220.26	789.62	-20.5724	769.048
220.28	790.735	-21.7058	769.029
220.3	790.157	-21.0938	769.063
220.32	789.067	-20.0568	769.01
220.34	782.151	-13.1312	769.02
220.36	784.679	-15.666	769.013
220.38	767.126	1.94848	769.074
220.4	787.274	-18.2448	769.03
220.42	802.454	-33.4424	769.012
220.44	789.337	-20.2672	769.07
220.46	796.494	-27.4564	769.038
220.48	763.449	5.37936	768.828
220.5	782.2	-13.3034	768.897
220.52	774.236	-5.2073	769.028
220.54	794.38	-25.4111	768.969
220.56	801.771	-32.7765	768.995
220.58	801.237	-32.2748	768.962
220.6	772.025	-2.99582	769.029
220.62	764.032	5.02262	769.054
220.64	786.686	-17.6958	768.99
220.66	778.366	-9.34994	769.016
220.68	804.879	-35.9086	768.97
220.7	792.786	-23.7916	768.995
220.72	780.278	-11.2759	769.002
220.74	773.469	-4.50088	768.969
220.76	767.477	1.55942	769.036
220.78	799.469	-30.4772	768.991
220.8	788.654	-19.586	769.068
220.82	807.676	-38.6856	768.99
220.84	787.069	-18.0455	769.024
220.86	776.107	-7.08045	769.026
220.88	775.667	-6.66585	769.001
220.9	766.794	2.222	769.016
220.92	770.526	-1.54648	768.979
220.94	715.713	53.5068	769.219
220.96	760.735	8.18953	768.925
220.98	779.842	-10.8452	768.997
221	813.794	-44.7713	769.022
221.02	815.127	-46.0788	769.049
221.04	809.995	-40.9387	769.057
221.06	790.19	-21.1681	769.022
221.08	779.924	-10.8892	769.035
221.1	796.125	-27.1187	769.007
221.12	770.43	-1.38173	769.048
221.14	786.117	-17.0887	769.028
221.16	805.049	-36.0497	768.999
221.18	785.341	-16.2739	769.067
221.2	798.735	-29.7637	768.971
221.22	786.029	-16.9994	769.03
221.24	789.941	-20.9369	769.004
221.26	807.376	-38.3624	769.014
221.28	802.666	-33.637	769.029
221.3	798.138	-29.1514	768.987
221.32	783.562	-14.5668	768.995
221.34	763.104	5.90335	769.007
221.36	787.217	-18.3284	768.888
221.38	764.325	4.62941	768.955
221.4	765.489	3.49232	768.982
221.42	804.531	-35.6022	768.929
221.44	810.799	-41.8411	768.958
221.46	798.14	-29.1794	768.96
221.48	780.805	-11.7762	769.029
221.5	797.772	-28.7842	768.987
221.52	802.097	-33.1026	768.994
221.54	796.461	-27.4346	769.026
221.56	798.181	-29.1448	769.036
221.58	806.443	-37.4068	769.036
221.6	806.001	-36.9806	769.021
221.62	801.394	-32.396	768.998
221.64	778.706	-9.71107	768.995
221.66	759.668	9.38762	769.056
221.68	791.739	-22.8484	768.891
221.7	771.663	-2.61823	769.045
221.72	802.826	-33.8962	768.929
221.74	781.395	-12.3494	769.046
221.76	793.829	-24.8747	768.954
221.78	790.776	-21.7444	769.032
221.8	795.796	-26.7806	769.016
221.82	790.897	-21.8964	769
221.84	766.777	2.37147	769.148
221.86	800.833	-31.8358	768.998
221.88	795.22	-26.1979	769.022
221.9	777.38	-8.36699	769.013
221.92	769.292	-0.242527	769.05
221.94	806.215	-37.1891	769.026
221.96	813.965	-44.9146	769.05
221.98	807.822	-38.7478	769.074
222	803.828	-34.7693	769.059
222.02	781.29	-12.3188	768.971
222.04	798.06	-29.0842	768.975
222.06	810.105	-41.0851	769.02
222.08	801.936	-32.9649	768.971
222.1	778.323	-9.31232	769.011
222.12	788.401	-19.3601	769.041
222.14	804.312	-35.2586	769.053
222.16	807.353	-38.3076	769.045
222.18	778.357	-9.25026	769.107
222.2	778.702	-9.57484	769.127
222.22	803.032	-33.9803	769.052
222.24	801.483	-32.4098	769.073
222.26	791.571	-22.5169	769.055
222.28	780.216	-11.119	769.097
222.3	802.175	-33.1569	769.018
222.32	801.17	-32.1333	769.037
222.34	792.977	-23.9206	769.057
222.36	802.825	-33.8232	769.001
222.38	790.382	-21.3295	769.053
222.4	803.574	-34.5751	768.999
222.42	798.501	-29.5301	768.971
222.44	766.215	2.76168	768.977
222.46	749.173	19.7296	768.902
222.48	777.229	-8.3527	768.876
222.5	798.08	-29.1042	768.976
222.52	798.618	-29.6545	768.963
222.54	794.907	-26.0102	768.897
222.56	770.523	-1.53281	768.99
222.58	804.312	-35.3354	768.977
222.6	791.483	-22.4552	769.028
222.62	786.832	-17.7896	769.042
222.64	809.255	-40.2373	769.018
222.66	811.384	-42.3461	769.038
222.68	807.95	-38.9007	769.049
222.7	804.638	-35.604	769.034
222.72	797.521	-28.4703	769.05
222.74	806.278	-37.2325	769.045
222.76	809.716	-40.6791	769.037
222.78	793.537	-24.4745	769.062
222.8	802.984	-33.9455	769.039
222.82	814.745	-45.7464	768.999
222.84	812.167	-43.1623	769.004
222.86	798.865	-29.8205	769.045
222.88	789.159	-20.1382	769.021
222.9	791.821	-22.7886	769.033
222.92	798.642	-29.6419	769
222.94	801.462	-32.4857	768.976
222.96	808.822	-39.8037	769.018
222.98	803.692	-34.6532	769.039
223	803.588	-34.6218	768.966
223.02	796.683	-27.7041	768.979
223.04	802.722	-33.7653	768.957
223.06	800.136	-31.1804	768.955
223.08	793.982	-25.0166	768.965
223.1	793.765	-24.8421	768.923
223.12	791.967	-23.0532	768.914
223.14	793.577	-24.6454	768.932
223.16	796.894	-27.9425	768.951
223.18	808.86	-39.9493	768.911
223.2	778.89	-10.0179	768.872
223.22	768.259	0.647816	768.907
223.24	800.213	-31.3179	768.895
223.26	802.185	-33.2588	768.926
223.28	809.384	-40.4878	768.896
223.3	792.236	-23.3438	768.892
223.32	794.973	-26.1328	768.84
223.34	762.617	6.29796	768.915
223.36	769.811	-0.967692	768.844
223.38	744.763	24.3289	769.092
223.4	804.417	-35.5524	768.864
223.42	809.828	-40.8873	768.94
223.44	814.172	-45.2835	768.889
223.46	800.614	-31.6943	768.92
223.48	785.719	-16.7621	768.957
223.5	774.087	-5.12548	768.961
223.52	762.593	6.30606	768.899
223.54	762.91	6.02203	768.932
223.56	790.361	-21.4473	768.914
223.58	807.119	-38.1914	768.928
223.6	802.937	-33.9956	768.941
223.62	784.298	-15.3498	768.948
223.64	783.525	-14.5922	768.933
223.66	789.678	-20.7368	768.941
223.68	800.792	-31.8881	768.904
223.7	781.5	-12.4874	769.012
223.72	786.896	-18.0939	768.802
223.74	782.511	-13.6285	768.882
223.76	802.087	-33.149	768.938
223.78	788.945	-19.9407	769.004
223.8	799.826	-30.9027	768.923
223.82	796.498	-27.6615	768.837
223.84	754.252	14.6713	768.923
223.86	794.008	-25.1928	768.816
223.88	759.001	9.92747	768.928
223.9	777.627	-8.73283	768.894
223.92	810.263	-41.386	768.877
223.94	803.965	-35.1141	768.851
223.96	780.757	-11.8056	768.952
223.98	800.28	-31.3867	768.894
224	795.238	-26.2858	768.952
224.02	805.868	-36.9334	768.934
224.04	812.727	-43.8295	768.897
224.06	761.23	7.85227	769.083
224.08	784.133	-15.1878	768.946
224.1	784.277	-15.3534	768.923
224.12	795.135	-26.2534	768.881
224.14	798.207	-29.2851	768.922
224.16	795.541	-26.6109	768.93
224.18	786.77	-17.833	768.937
224.2	797.17	-28.2782	768.892
224.22	792.366	-23.5133	768.853
224.24	786.969	-18.0931	768.875
224.26	785.999	-17.1564	768.843
224.28	780.952	-12.0875	768.865
224.3	799.787	-30.8668	768.92
224.32	810.211	-41.3084	768.903
224.34	787.884	-19.0827	768.801
224.36	780.823	-11.9572	768.865
224.38	810.706	-41.8174	768.889
224.4	803.163	-34.2203	768.943
224.42	793.764	-24.8126	768.951
224.44	792.967	-24.0017	768.965
224.46	799.411	-30.4373	768.973
224.48	801.153	-32.2052	768.948
224.5	803.832	-34.8433	768.988
224.52	814.213	-45.1734	769.04
224.54	799.092	-30.0039	769.088
224.56	776.889	-7.79554	769.093
224.58	784.943	-15.8686	769.074
224.6	794.322	-25.1856	769.136
224.62	806.397	-37.2761	769.121
224.64	803.431	-34.2825	769.148
224.66	796.905	-27.7446	769.16
224.68	794.517	-25.3607	769.156
224.7	805.698	-36.5747	769.123
224.72	809.441	-40.3519	769.089
224.74	800.688	-31.5954	769.093
224.76	800.367	-31.3185	769.048
224.78	791.213	-22.1432	769.069
224.8	791.563	-22.4978	769.065
224.82	774.477	-5.35895	769.118
224.84	781.023	-11.9808	769.042
224.86	789.278	-20.2169	769.061
224.88	802.119	-33.042	769.077
224.9	791.488	-22.3947	769.093
224.92	796.932	-27.8695	769.063
224.94	803.421	-34.3866	769.034
224.96	759.992	9.19931	769.191
224.98	784.576	-15.5034	769.073
225	786.547	-17.4254	769.122
225.02	799.381	-30.2907	769.09
225.04	803.987	-34.8992	769.088
225.06	797.306	-28.1974	769.109
225.08	796.949	-27.8161	769.133
225.1	808.798	-39.746	769.052
225.12	802.865	-33.7625	769.103
225.14	799.77	-30.6973	769.073
225.16	795.186	-26.0849	769.101
225.18	801.807	-32.7644	769.042
225.2	780.506	-11.4332	769.072
225.22	789.322	-20.314	769.008
225.24	788.496	-19.4467	769.05
225.26	785.14	-16.1966	768.943
225.28	759.801	9.21037	769.011
225.3	804.21	-35.2498	768.96
225.32	798.366	-29.3731	768.993
225.34	782.359	-13.3463	769.013
225.36	804.677	-35.7139	768.963
225.38	815.025	-46.0579	768.967
225.4	805.134	-36.1613	768.973
225.42	799.02	-30.0314	768.989
225.44	802.729	-33.7455	768.983
225.46	790.591	-21.5672	769.024
225.48	801.005	-32.0097	768.995
225.5	811.944	-42.9244	769.019
225.52	810.054	-41.0656	768.989
225.54	779.167	-10.1044	769.062
225.56	791.823	-22.8777	768.946
225.58	781.982	-12.9713	769.011
225.6	780.543	-11.4819	769.061
225.62	799.477	-30.4758	769.001
225.64	800.09	-31.03	769.06
225.66	790.876	-21.8705	769.005
225.68	781.404	-12.4858	768.919
225.7	760.656	8.38605	769.042
225.72	785.784	-16.7756	769.008
225.74	813.999	-45.0299	768.969
225.76	811.301	-42.2711	769.03
225.78	789.79	-20.8152	768.975
225.8	772.68	-3.66039	769.02
225.82	796.143	-27.1537	768.99
225.84	803.239	-34.2503	768.989
225.86	797.957	-28.9345	769.023
225.88	816.929	-47.9352	768.994
225.9	815.233	-46.2892	768.944
225.92	792.764	-23.7925	768.972
225.94	788.206	-19.2545	768.952
225.96	793.989	-25.0613	768.927
225.98	767.967	0.929718	768.897
226	773.533	-4.61322	768.92
226.02	768.003	0.939369	768.942
226.04	780.576	-11.6717	768.904
226.06	785.038	-16.0893	768.948
226.08	779.988	-11.0305	768.957
226.1	791.289	-22.3906	768.898
226.12	776.735	-7.77211	768.963
226.14	781.332	-12.3532	768.979
226.16	770.339	-1.36325	768.976
226.18	775.995	-7.14697	768.848
226.2	762.332	6.58146	768.914
226.22	798.032	-29.1495	768.883
226.24	797.432	-28.5084	768.923
226.26	792.281	-23.3526	768.928
226.28	789.127	-20.2556	768.871
226.3	783.376	-14.4413	768.934
226.32	801.609	-32.648	768.961
226.34	801.429	-32.4488	768.98
226.36	805.127	-36.165	768.962
226.38	808.572	-39.6212	768.951
226.4	798.833	-29.8678	768.965
226.42	781.222	-12.2764	768.946
226.44	782.426	-13.4714	768.955
226.46	796.775	-27.8219	768.953
226.48	779.891	-10.9626	768.929
226.5	774.293	-5.35269	768.94
226.52	790.65	-21.6871	768.963
226.54	790.729	-21.736	768.993
226.56	794.258	-25.2631	768.995
226.58	805.048	-36.0633	768.984
226.6	804.277	-35.3572	768.92
226.62	791.442	-22.5084	768.934
226.64	784.088	-15.2911	768.797
226.66	765.753	3.09532	768.848
226.68	757.349	11.7051	769.054
226.7	793.987	-25.0731	768.913
226.72	804.44	-35.4745	768.966
226.74	794.931	-26.0943	768.836
226.76	772.12	-3.2556	768.864
226.78	774.292	-5.30965	768.982
226.8	791.442	-22.4074	769.034
226.82	808.874	-39.8631	769.011
226.84	804.542	-35.5118	769.03
226.86	798.686	-29.6449	769.041
226.88	779.967	-10.9055	769.061
226.9	779.515	-10.5007	769.014
226.92	785.101	-16.1492	768.952
226.94	764.141	4.90145	769.043
226.96	787.532	-18.5679	768.964
226.98	795.288	-26.2744	769.013
227	805.261	-36.2387	769.022
227.02	810.391	-41.3449	769.047
227.04	812.319	-43.2753	769.043
227.06	810.165	-41.138	769.027
227.08	809.828	-40.8393	768.989
227.1	790.573	-21.6157	768.957
227.12	759.614	9.44203	769.056
227.14	779.237	-10.2252	769.012
227.16	790.447	-21.4236	769.023
227.18	798.042	-29.0116	769.031
227.2	801.706	-32.6844	769.022
227.22	799.687	-30.6129	769.074
227.24	806.351	-37.3181	769.033
227.26	805.828	-36.7508	769.077
227.28	802.761	-33.6765	769.085
227.3	803.562	-34.4758	769.086
227.32	800.379	-31.376	769.003
227.34	775.173	-6.10462	769.069
227.36	795.708	-26.7004	769.008
227.38	805.504	-36.4624	769.042
227.4	793.987	-24.9522	769.035
227.42	789.871	-20.818	769.053
227.44	802.545	-33.4946	769.05
227.46	794.054	-25.01	769.044
227.48	769.562	-0.549562	769.012
227.5	765.601	3.41865	769.019
227.52	791.337	-22.3178	769.02
227.54	811.336	-42.3472	768.989
227.56	814.567	-45.5496	769.017
227.58	807.401	-38.3765	769.024
227.6	787.283	-18.253	769.03
227.62	777.775	-8.73399	769.041
227.64	780.91	-11.9498	768.961
227.66	750.047	19.019	769.066
227.68	786.226	-17.2135	769.013
227.7	805.535	-36.4703	769.065
227.72	812.386	-43.3174	769.068
227.74	811.774	-42.7362	769.038
227.76	774.888	-5.85478	769.033
227.78	784.064	-15.0973	768.967
227.8	788.618	-19.5728	769.046
227.82	768.515	0.569237	769.084
227.84	782.847	-13.8393	769.008
227.86	789.882	-20.8396	769.043
227.88	802.129	-33.1119	769.017
227.9	812.309	-43.2714	769.038
227.92	804.86	-35.8224	769.037
227.94	784.481	-15.4162	769.065
227.96	790.533	-21.4965	769.037
227.98	794.368	-25.3053	769.063
228	800.371	-31.3708	769
228.02	767.028	1.96409	768.992
228.04	789.542	-20.6925	768.85
228.06	728.268	41.0964	769.364
228.08	791.998	-22.9569	769.041
228.1	803.234	-34.2034	769.031
228.12	776.873	-7.85017	769.023
228.14	786.933	-17.9426	768.991
228.16	798.369	-29.3471	769.022
228.18	791.103	-22.1385	768.964
228.2	784.647	-15.6543	768.993
228.22	792.54	-23.5859	768.954
228.24	793.413	-24.4654	768.947
228.26	793.594	-24.5634	769.031
228.28	812.895	-43.8951	769
228.3	807.609	-38.5622	769.047
228.32	784.149	-15.0592	769.09
228.34	792.289	-23.2367	769.052
228.36	788.933	-19.8895	769.044
228.38	786.449	-17.3835	769.066
228.4	800.905	-31.9056	769
228.42	787.217	-18.1938	769.023
228.44	793.241	-24.2234	769.017
228.46	797.39	-28.4083	768.981
228.48	783.488	-14.4809	769.007
228.5	767.048	1.99936	769.048
228.52	797.185	-28.2821	768.903
228.54	776.437	-7.37837	769.058
228.56	795.281	-26.3179	768.963
228.58	812.972	-44.028	768.944
228.6	812.955	-44.1791	768.776
228.62	804.986	-36.2614	768.725
228.64	794.962	-26.0426	768.92
228.66	757.152	11.8302	768.982
228.68	734.219	34.7943	769.013
228.7	787.548	-18.6661	768.882
228.72	799.629	-30.6592	768.97
228.74	771.018	-1.98393	769.034
228.76	784.611	-15.602	769.009
228.78	797.72	-28.6774	769.043
228.8	804.117	-35.0777	769.04
228.82	790.989	-21.9174	769.071
228.84	792.612	-23.5936	769.018
228.86	792.548	-23.5024	769.046
228.88	798.575	-29.5368	769.038
228.9	782.282	-13.1991	769.083
228.92	777.309	-8.26211	769.047
228.94	793.258	-24.2145	769.044
228.96	810.364	-41.3035	769.061
228.98	806.992	-37.9842	769.008
229	753.143	16.0111	769.154
229.02	730.834	38.3752	769.21
229.04	745.981	23.2387	769.22
229.06	796.891	-27.8471	769.044
229.08	806.344	-37.3044	769.04
229.1	793.188	-24.1165	769.071
229.12	796.317	-27.2856	769.031
229.14	787.452	-18.426	769.026
229.16	781.273	-12.2139	769.059
229.18	785.301	-16.2496	769.052
229.2	793.74	-24.7077	769.033
229.22	794.296	-25.2385	769.058
229.24	794.791	-25.7391	769.052
229.26	798.901	-29.8622	769.038
229.28	773.779	-4.70747	769.072
229.3	784.272	-15.2452	769.027
229.32	780.491	-11.4412	769.05
229.34	758.473	10.6274	769.101
229.36	783.136	-14.1163	769.019
229.38	792.176	-23.132	769.044
229.4	794.188	-25.131	769.057
229.42	801.867	-32.842	769.025
229.44	789.874	-20.8378	769.036
229.46	789.128	-20.069	769.059
229.48	803.279	-34.2163	769.063
229.5	806.685	-37.5849	769.1
229.52	782.067	-12.8521	769.215
229.54	810.238	-41.1571	769.081
229.56	809.878	-40.7612	769.117
229.58	801.653	-32.5332	769.12
229.6	790.714	-21.5963	769.118
229.62	798.889	-29.7707	769.119
229.64	809.03	-39.9054	769.124
229.66	807.073	-37.9153	769.157
229.68	796.322	-27.1421	769.18
229.7	800.914	-31.7695	769.145
229.72	786.423	-17.3068	769.116
229.74	784.282	-15.1702	769.112
229.76	788.786	-19.6501	769.136
229.78	801.907	-32.7837	769.124
229.8	801.411	-32.2844	769.126
229.82	794.559	-25.4262	769.133
229.84	792.44	-23.3252	769.115
229.86	762.505	6.80276	769.308
229.88	787.883	-18.7968	769.086
229.9	782.769	-13.6834	769.086
229.92	789.624	-20.5334	769.09
229.94	776.52	-7.51091	769.009
229.96	790.279	-21.2492	769.03
229.98	788.511	-19.68	768.831
230	775.657	-6.82525	768.831
230.02	789.059	-19.9377	769.122
230.04	795.154	-26.0777	769.077
230.06	779.225	-10.0902	769.135
230.08	783.711	-14.5721	769.139
230.1	788.142	-19.0131	769.128
230.12	796.796	-27.6949	769.101
230.14	798.415	-29.3427	769.072
230.16	790.783	-21.6558	769.127
230.18	801.401	-32.296	769.105
230.2	807.59	-38.5419	769.048
230.22	788.152	-19.0494	769.102
230.24	815.091	-46.016	769.075
230.26	798.269	-29.2022	769.066
230.28	784.915	-15.824	769.091
230.3	801.534	-32.4944	769.04
230.32	795.365	-26.2863	769.079
230.34	802.74	-33.6763	769.064
230.36	802.775	-33.7312	769.044
230.38	795.15	-26.0594	769.091
230.4	803.801	-34.7222	769.079
230.42	779.706	-10.5417	769.164
230.44	800.652	-31.5647	769.088
230.46	809.596	-40.5014	769.095
230.48	804	-34.9149	769.085
230.5	795.25	-26.1549	769.095
230.52	784.691	-15.6074	769.084
230.54	764.939	4.30451	769.244
230.56	800.06	-31.0266	769.034
230.58	789.113	-20.0459	769.067
230.6	789.402	-20.3695	769.033
230.62	782.806	-13.7459	769.06
230.64	793.127	-24.1435	768.983
230.66	773.255	-4.15398	769.101
230.68	802.8	-33.7671	769.033
230.7	810.562	-41.5269	769.036
230.72	801.82	-32.8515	768.969
230.74	748.513	20.5904	769.104
230.76	775.368	-6.38859	768.98
230.78	782.53	-13.5043	769.026
230.8	794.594	-25.5946	769
230.82	782.596	-13.6191	768.977
230.84	795.325	-26.3943	768.93
230.86	812.262	-43.2793	768.982
230.88	799.826	-30.8126	769.014
230.9	798.621	-29.6215	769
230.92	794.665	-25.6832	768.982
230.94	769.738	-0.775789	768.962
230.96	752.704	16.294	768.998
230.98	782.175	-13.2821	768.893
231	785.888	-16.9235	768.964
231.02	808.671	-39.7453	768.926
231.04	794.222	-25.2864	768.935
231.06	784.435	-15.5115	768.923
231.08	781.536	-12.543	768.993
231.1	798.709	-29.7414	768.968
231.12	799.741	-30.7375	769.004
231.14	799.944	-30.947	768.997
231.16	784.021	-15.0348	768.986
231.18	787.212	-18.3138	768.898
231.2	810.708	-41.7799	768.928
231.22	808.815	-39.8466	768.968
231.24	792.192	-23.2353	768.957
231.26	776.162	-7.20127	768.961
231.28	777.926	-9.05811	768.868
231.3	773.268	-4.35303	768.915
231.32	789.307	-20.4525	768.855
231.34	800.334	-31.4219	768.912
231.36	802.365	-33.4148	768.95
231.38	786.711	-17.7184	768.993
231.4	781.86	-12.8481	769.012
231.42	795.621	-26.5978	769.023
231.44	810.917	-41.9022	769.015
231.46	789.728	-20.7118	769.016
231.48	765.536	3.49138	769.028
231.5	781.842	-12.8324	769.01
231.52	792.087	-23.1354	768.952
231.54	755.378	13.6941	769.072
231.56	770.995	-1.9539	769.041
231.58	785.425	-16.5635	768.861
231.6	778.946	-9.99864	768.948
231.62	794.871	-25.8491	769.022
231.64	803.484	-34.435	769.049
231.66	798.219	-29.1901	769.028
231.68	781.722	-12.7248	768.997
231.7	773.954	-4.93292	769.022
231.72	796.862	-27.8161	769.046
231.74	802.693	-33.6295	769.063
231.76	799.128	-30.0424	769.086
231.78	799.777	-30.6932	769.084
231.8	799.611	-30.6014	769.009
231.82	790.517	-21.4813	769.036
231.84	790.668	-21.5453	769.122
231.86	778.791	-9.64968	769.141
231.88	778.31	-9.182	769.128
231.9	783.821	-14.6807	769.141
231.92	801.34	-32.1804	769.159
231.94	806.692	-37.6087	769.084
231.96	771.05	-1.96352	769.087
231.98	796.742	-27.7294	769.013
232	800.494	-31.3667	769.128
232.02	791.251	-22.1543	769.097
232.04	774.441	-5.31874	769.122
232.06	792.151	-23.0909	769.06
232.08	807.141	-38.0914	769.049
232.1	780.96	-11.8714	769.088
232.12	759.798	9.30158	769.1
232.14	789.944	-20.8725	769.071
232.16	774.165	-5.02528	769.139
232.18	762.798	6.36475	769.163
232.2	798.632	-29.4911	769.141
232.22	813.301	-44.1936	769.107
232.24	803.026	-33.882	769.144
232.26	805.711	-36.5997	769.111
232.28	787.703	-18.5861	769.117
232.3	765.202	3.91003	769.112
232.32	758.955	10.0792	769.035
232.34	790.505	-21.5508	768.954
232.36	804.17	-35.1115	769.058
232.38	803.227	-34.1747	769.052
232.4	789.627	-20.5379	769.089
232.42	804.519	-35.4893	769.029
232.44	804.85	-35.7903	769.06
232.46	797.176	-28.1381	769.038
232.48	767.198	1.93588	769.134
232.5	780.273	-11.1873	769.086
232.52	798.004	-28.9318	769.072
232.54	788.016	-18.9749	769.041
232.56	775.35	-6.41478	768.935
232.58	739.942	29.1849	769.127
232.6	791.802	-22.8068	768.995
232.62	796.986	-27.9104	769.076
232.64	802.163	-33.1224	769.04
232.66	782.928	-13.9008	769.027
232.68	777.919	-8.88952	769.029
232.7	792.133	-23.1365	768.997
232.72	747.446	21.6707	769.117
232.74	795.058	-26.1022	768.955
232.76	808.135	-39.1388	768.997
232.78	803.439	-34.4298	769.01
232.8	795.056	-26.0395	769.017
232.82	794.232	-25.2326	768.999
232.84	799.036	-30.0622	768.974
232.86	801.319	-32.3344	768.984
232.88	791.214	-22.2513	768.963
232.9	797.101	-28.1876	768.913
232.92	794.42	-25.495	768.925
232.94	794.979	-26.0499	768.929
232.96	791.192	-22.2267	768.965
232.98	799.745	-30.8099	768.935
233	799.395	-30.4767	768.918
233.02	761.984	7.05839	769.042
233.04	795.908	-26.9258	768.982
233.06	815.653	-46.6811	768.972
233.08	811.324	-42.3365	768.987
233.1	789.916	-20.9028	769.013
233.12	795.948	-26.9499	768.998
233.14	809.518	-40.5262	768.992
233.16	799.66	-30.6509	769.009
233.18	782.454	-13.4208	769.033
233.2	797.123	-28.122	769.001
233.22	803.163	-34.1706	768.993
233.24	791.465	-22.4538	769.011
233.26	787.525	-18.5031	769.022
233.28	789.495	-20.5181	768.977
233.3	794.353	-25.3528	769
233.32	804.824	-35.7863	769.038
233.34	803.86	-34.801	769.059
233.36	803.842	-34.7651	769.077
233.38	802.476	-33.41	769.066
233.4	789.199	-20.1201	769.079
233.42	785.555	-16.4498	769.105
233.44	800.806	-31.7226	769.084
233.46	800.049	-30.9961	769.053
233.48	791.745	-22.6888	769.056
233.5	773.257	-4.04997	769.207
233.52	795.962	-26.8823	769.08
233.54	780.199	-11.0262	769.173
233.56	795.031	-25.8944	769.136
233.58	797.031	-27.9141	769.117
233.6	798.302	-29.2057	769.096
233.62	801.128	-32.0669	769.061
233.64	805.925	-36.871	769.054
233.66	812.666	-43.6723	768.994
233.68	799.87	-30.883	768.987
233.7	762.85	6.17596	769.026
233.72	792.879	-23.9759	768.903
233.74	808.136	-39.205	768.931
233.76	800.791	-31.8633	768.927
233.78	795.688	-26.716	768.972
233.8	809.191	-40.2777	768.914
233.82	802.507	-33.5945	768.913
233.84	785.345	-16.4105	768.935
233.86	784.05	-15.1072	768.943
233.88	808.51	-39.6146	768.895
233.9	803.178	-34.2572	768.921
233.92	786.16	-17.2292	768.931
233.94	792.699	-23.7977	768.901
233.96	737.916	31.0326	768.949
233.98	789.831	-21.0259	768.805
234	795.299	-26.392	768.907
234.02	775.502	-6.52313	768.979
234.04	787.731	-18.926	768.805
234.06	782.755	-13.9174	768.837
234.08	802.042	-33.1393	768.903
234.1	792.591	-23.6209	768.97
234.12	801.172	-32.271	768.901
234.14	799.467	-30.5614	768.906
234.16	790.701	-21.7326	768.969
234.18	795.658	-26.7412	768.917
234.2	783.392	-14.4331	768.959
234.22	782.798	-13.8672	768.931
234.24	783.858	-14.8844	768.974
234.26	801.941	-33.017	768.924
234.28	792.637	-23.7373	768.9
234.3	778.77	-9.8455	768.924
234.32	799.998	-31.1117	768.886
234.34	781.762	-12.7756	768.986
234.36	804.697	-35.811	768.886
234.38	813.193	-44.2474	768.945
234.4	811.409	-42.4619	768.947
234.42	785.864	-16.8711	768.993
234.44	796.073	-27.0961	768.977
234.46	809.104	-40.0945	769.01
234.48	799.87	-30.9126	768.957
234.5	775.134	-6.18977	768.944
234.52	787.069	-18.1511	768.918
234.54	791.318	-22.4139	768.904
234.56	769.815	-0.953518	768.862
234.58	794.924	-26.0575	768.867
234.6	802.796	-33.7937	769.002
234.62	804.442	-35.445	768.997
234.64	801.111	-32.1433	768.968
234.66	783.829	-14.9521	768.877
234.68	779.579	-10.6969	768.882
234.7	789.658	-20.7079	768.95
234.72	804.007	-35.1178	768.889
234.74	786.102	-17.1162	768.986
234.76	809.758	-40.8364	768.922
234.78	814.589	-45.6292	768.96
234.8	803.661	-34.6947	768.967
234.82	765.658	3.3741	769.032
234.84	773.38	-4.41284	768.967
234.86	782.501	-13.5479	768.953
234.88	783.11	-14.1048	769.005
234.9	795.106	-26.1539	768.952
234.92	787.384	-18.3746	769.009
234.94	797.051	-28.0319	769.019
234.96	801.095	-32.0486	769.046
234.98	795.524	-26.4911	769.033
235	809.148	-40.1608	768.987
235.02	803.138	-34.1051	769.033
235.04	793.574	-24.5264	769.048
235.06	792.923	-23.8981	769.024
235.08	790.451	-21.4599	768.991
235.1	772.797	-3.79048	769.006
235.12	762.324	6.74364	769.068
235.14	776.542	-7.48128	769.061
235.16	774.091	-5.00586	769.085
235.18	792.052	-23.0403	769.012
235.2	776.439	-7.34797	769.091
235.22	782.866	-13.8461	769.019
235.24	775.644	-6.54792	769.096
235.26	801.196	-32.1241	769.072
235.28	814.926	-45.8314	769.094
235.3	806.952	-37.8678	769.084
235.32	778.315	-9.15706	769.158
235.34	795.416	-26.3417	769.075
235.36	794.402	-25.3164	769.086
235.38	786.099	-17.0479	769.051
235.4	787.354	-18.282	769.072
235.42	797.798	-28.7394	769.059
235.44	809.329	-40.2608	769.068
235.46	809.822	-40.7514	769.071
235.48	787.649	-18.5812	769.068
235.5	766.424	2.66524	769.089
235.52	783.302	-14.2518	769.051
235.54	791.398	-22.3506	769.047
235.56	786.913	-17.8146	769.099
235.58	774.91	-5.79709	769.113
235.6	781.732	-12.6345	769.097
235.62	792.123	-22.9797	769.144
235.64	796.432	-27.3036	769.128
235.66	775.964	-6.86572	769.099
235.68	783.079	-14.0993	768.979
235.7	726.452	42.8627	769.315
235.72	789.564	-20.5896	768.974
235.74	800.896	-31.8706	769.026
235.76	782.991	-13.8575	769.134
235.78	796.193	-27.1292	769.064
235.8	783.461	-14.4074	769.054
235.82	770.546	-1.49334	769.053
235.84	776.334	-7.31551	769.019
235.86	775.329	-6.23668	769.092
235.88	789.556	-20.5033	769.053
235.9	794.675	-25.5516	769.124
235.92	791.73	-22.6041	769.126
235.94	789.714	-20.5814	769.133
235.96	793.973	-24.8415	769.132
235.98	789.558	-20.4106	769.147
236	788.317	-19.1825	769.135
236.02	791.024	-21.9308	769.093
236.04	768.935	0.241783	769.177
236.06	773.385	-4.26648	769.118
236.08	782.36	-13.2636	769.096
236.1	773.951	-4.88146	769.07
236.12	751.914	17.165	769.079
236.14	774.871	-5.80068	769.071
236.16	793.082	-24.0689	769.013
236.18	754.738	14.4547	769.193
236.2	793.344	-24.2675	769.077
236.22	789.925	-20.8226	769.102
236.24	790.685	-21.5228	769.162
236.26	793.475	-24.3422	769.133
236.28	777.07	-7.9079	769.162
236.3	782.025	-12.9307	769.094
236.32	767.928	1.24067	769.168
236.34	788.777	-19.6268	769.15
236.36	805.965	-36.8208	769.145
236.38	801.119	-31.9967	769.123
236.4	792.135	-22.9907	769.145
236.42	795.144	-25.9943	769.149
236.44	807.518	-38.3773	769.141
236.46	805.753	-36.6052	769.148
236.48	793.971	-24.8371	769.134
236.5	799.519	-30.4199	769.099
236.52	799.975	-30.933	769.042
236.54	789.849	-20.7769	769.072
236.56	801.431	-32.3831	769.048
236.58	772.917	-3.76952	769.148
236.6	793.011	-24.0065	769.005
236.62	796.939	-27.9358	769.003
236.64	775.519	-6.54088	768.978
236.66	750.81	18.2736	769.084
236.68	793.568	-24.5525	769.016
236.7	795.808	-26.7527	769.055
236.72	801.197	-32.1823	769.015
236.74	786.583	-17.5563	769.026
236.76	795.389	-26.3893	769
236.78	804.214	-35.248	768.965
236.8	777.578	-8.54823	769.03
236.82	802.835	-33.8725	768.962
236.84	777.452	-8.42626	769.025
236.86	777.752	-8.69251	769.059
236.88	803.903	-34.8809	769.023
236.9	809.613	-40.592	769.021
236.92	799.498	-30.5162	768.982
236.94	782.123	-13.0542	769.069
236.96	800.121	-31.0695	769.052
236.98	793.016	-23.9621	769.054
237	801.949	-32.9128	769.036
237.02	811.724	-42.677	769.047
237.04	806.627	-37.5705	769.056
237.06	805.645	-36.6254	769.02
237.08	794.219	-25.2119	769.007
237.1	781.482	-12.4316	769.05
237.12	804.057	-35.0598	768.998
237.14	803.209	-34.2215	768.987
237.16	785.409	-16.3686	769.041
237.18	803.217	-34.2221	768.995
237.2	800.067	-31.0678	768.999
237.22	795.431	-26.4575	768.974
237.24	773.372	-4.32563	769.046
237.26	790.287	-21.2967	768.991
237.28	797.702	-28.6881	769.013
237.3	804.488	-35.468	769.02
237.32	801.767	-32.8093	768.958
237.34	793.414	-24.4315	768.982
237.36	807.12	-38.0815	769.039
237.38	804.27	-35.2591	769.011
237.4	794.819	-25.8392	768.98
237.42	760.985	8.05973	769.045
237.44	798.084	-29.1527	768.931
237.46	796.073	-27.2888	768.784
237.48	777.85	-8.96883	768.881
237.5	805.748	-36.7511	768.997
237.52	807.038	-38.0505	768.987
237.54	809.596	-40.5852	769.011
237.56	807.616	-38.6074	769.009
237.58	804.443	-35.4428	769
237.6	805.666	-36.6527	769.013
237.62	806.231	-37.2236	769.008
237.64	802.326	-33.3449	768.981
237.66	790.777	-21.7667	769.01
237.68	806.087	-37.1154	768.972
237.7	767.768	1.17394	768.942
237.72	757.244	11.7046	768.949
237.74	792.573	-23.594	768.979
237.76	787.77	-18.7583	769.012
237.78	797.62	-28.6529	768.967
237.8	797.874	-28.9492	768.925
237.82	784.024	-15.0753	768.949
237.84	778.875	-9.87513	769
237.86	781.925	-12.9248	769
237.88	790.776	-21.7514	769.025
237.9	776.127	-7.04006	769.086
237.92	787.788	-18.7599	769.028
237.94	803.891	-34.8457	769.045
237.96	804.978	-35.9599	769.018
237.98	785.713	-16.6714	769.042
238	792.769	-23.7873	768.982
238.02	778.884	-9.81928	769.065
238.04	790.318	-21.2922	769.026
238.06	797.06	-28.0268	769.033
238.08	795.465	-26.4099	769.055
238.1	791.248	-22.2762	768.972
238.12	791.89	-22.8864	769.004
238.14	806.162	-37.0947	769.068
238.16	807.096	-38.0207	769.076
238.18	793.624	-24.5181	769.106
238.2	791.35	-22.3778	768.973
238.22	763.291	5.6986	768.989
238.24	764.681	4.36372	769.045
238.26	777.553	-8.55456	768.998
238.28	789.551	-20.5381	769.013
238.3	787.854	-19.045	768.809
238.32	773.594	-5.00414	768.59
238.34	785.93	-16.957	768.973
238.36	736.29	32.8535	769.143
238.38	774.191	-5.16616	769.025
238.4	808.299	-39.2605	769.038
238.42	802.998	-33.9798	769.019
238.44	776.464	-7.3699	769.094
238.46	788.823	-19.7347	769.089
238.48	790.424	-21.3509	769.073
238.5	790.939	-21.8031	769.136
238.52	803.037	-33.8966	769.141
238.54	803.778	-34.601	769.177
238.56	807.689	-38.5521	769.137
238.58	807.343	-38.2356	769.107
238.6	805.707	-36.5725	769.134
238.62	799.227	-30.1044	769.122
238.64	796.37	-27.2398	769.13
238.66	807.169	-38.0354	769.134
238.68	800.886	-31.7827	769.104
238.7	783.283	-14.1515	769.131
238.72	798.851	-29.6964	769.155
238.74	805.372	-36.2173	769.155
238.76	807.078	-37.9219	769.156
238.78	800.191	-31.0137	769.177
238.8	785.25	-16.0762	769.174
238.82	790.186	-21.0382	769.148
238.84	796.124	-27.0027	769.121
238.86	797.148	-28.022	769.126
238.88	801.215	-32.0886	769.126
238.9	792.953	-23.8184	769.135
238.92	805.863	-36.75	769.113
238.94	812.8	-43.682	769.118
238.96	807.181	-38.058	769.123
238.98	788.815	-19.7008	769.114
239	778.932	-9.85617	769.076
239.02	780.599	-11.4719	769.128
239.04	801.238	-32.1492	769.088
239.06	792.23	-23.0786	769.151
239.08	785.759	-16.609	769.15
239.1	793.749	-24.6524	769.096
239.12	789.383	-20.2217	769.161
239.14	796.666	-27.5562	769.109
239.16	789.871	-20.7799	769.091
239.18	762.874	6.31541	769.189
239.2	787.617	-18.639	768.978
239.22	748.392	20.485	768.877
239.24	774.645	-5.69563	768.95
239.26	781.451	-12.3817	769.069
239.28	799.813	-30.8099	769.003
239.3	791.454	-22.3957	769.058
239.32	806.065	-37.104	768.961
239.34	782.096	-13.0083	769.088
239.36	794.261	-25.1875	769.074
239.38	807.076	-37.9839	769.092
239.4	808.059	-38.9976	769.061
239.42	788.052	-18.9811	769.071
239.44	779.61	-10.5716	769.038
239.46	796.252	-27.2195	769.033
239.48	797.659	-28.5979	769.061
239.5	779.356	-10.2419	769.114
239.52	809.983	-40.9719	769.011
239.54	811.527	-42.478	769.049
239.56	794.801	-25.7011	769.1
239.58	797.409	-28.3539	769.056
239.6	797.77	-28.6979	769.072
239.62	802.602	-33.5137	769.089
239.64	797.629	-28.5051	769.124
239.66	783.631	-14.5036	769.127
239.68	782.185	-13.0776	769.108
239.7	784.316	-15.1973	769.118
239.72	789.238	-20.1442	769.094
239.74	786.308	-17.1659	769.142
239.76	802.845	-33.8162	769.029
239.78	787.735	-18.664	769.071
239.8	785.574	-16.4952	769.078
239.82	778.697	-9.55564	769.142
239.84	793.31	-24.2726	769.037
239.86	789.81	-20.7027	769.107
239.88	803.03	-33.9593	769.071
239.9	788.307	-19.1775	769.129
239.92	801.847	-32.7248	769.122
239.94	802.122	-33.0229	769.1
239.96	770.21	-1.04322	769.166
239.98	772.99	-3.88614	769.104
240	777.503	-8.44661	769.057
240.02	787.33	-18.2754	769.055
240.04	803.47	-34.4245	769.045
240.06	807.709	-38.6315	769.077
240.08	798.591	-29.529	769.062
240.1	787.832	-18.758	769.074
240.12	794.925	-25.879	769.046
240.14	781.148	-12.1562	768.992
240.16	767.917	1.15431	769.072
240.18	790.927	-21.8731	769.053
240.2	795.447	-26.401	769.046
240.22	793.476	-24.4138	769.062
240.24	795.872	-26.8386	769.033
240.26	796.717	-27.7215	768.996
240.28	796.438	-27.4051	769.033
240.3	808.655	-39.6723	768.982
240.32	804.042	-35.0495	768.993
240.34	784.857	-15.8588	768.998
240.36	784.313	-15.2969	769.017
240.38	792.028	-23.024	769.004
240.4	784.436	-15.4762	768.96
240.42	731.468	37.6949	769.163
240.44	772.449	-3.47993	768.969
240.46	784.239	-15.2471	768.992
240.48	805.765	-36.773	768.992
240.5	804.431	-35.4437	768.987
240.52	785.392	-16.3946	768.998
240.54	781.54	-12.5883	768.951
240.56	760.647	8.5041	769.151
240.58	786.155	-17.0879	769.067
240.6	804.779	-35.7238	769.055
240.62	807.016	-37.9804	769.035
240.64	795.677	-26.6154	769.062
240.66	795.699	-26.6266	769.072
240.68	791.963	-22.8966	769.066
240.7	782.095	-13.0232	769.072
240.72	777.45	-8.49334	768.956
240.74	781.373	-12.3489	769.024
240.76	785.769	-16.771	768.998
240.78	780.134	-11.1353	768.999
240.8	805.304	-36.2428	769.062
240.82	799.458	-30.3398	769.118
240.84	797.52	-28.466	769.054
240.86	786.855	-17.7288	769.126
240.88	801.692	-32.6339	769.058
240.9	792.547	-23.4649	769.082
240.92	788.87	-19.7868	769.083
240.94	789.205	-20.1084	769.097
240.96	790.391	-21.3138	769.077
240.98	778.341	-9.2448	769.096
241	781.295	-12.1765	769.119
241.02	799.617	-30.5094	769.108
241.04	793.542	-24.41	769.132
241.06	786.917	-17.7931	769.124
241.08	789.668	-20.5577	769.11
241.1	785.632	-16.5287	769.104
241.12	780.385	-11.2481	769.137
241.14	790.527	-21.3809	769.146
241.16	790.183	-21.0471	769.136
241.18	774.85	-5.73685	769.113
241.2	781.126	-11.9889	769.137
241.22	800.465	-31.3776	769.087
241.24	759.879	9.20646	769.085
241.26	767.849	1.23772	769.086
241.28	769.019	0.139173	769.158
241.3	698.598	70.867	769.465
241.32	795.222	-26.0985	769.123
241.34	780.349	-11.1536	769.195
241.36	799.764	-30.605	769.159
241.38	808.189	-38.9787	769.211
241.4	802.846	-33.6553	769.191
241.42	764.7	4.48211	769.182
241.44	793.301	-24.1716	769.13
241.46	795.533	-26.3398	769.193
241.48	785.942	-16.7545	769.187
241.5	763.577	5.47257	769.05
241.52	762.68	6.31473	768.995
241.54	783.673	-14.5249	769.148
241.56	797.431	-28.2781	769.153
241.58	790.046	-20.9707	769.076
241.6	762.64	6.27912	768.919
241.62	759.675	9.33993	769.015
241.64	787.411	-18.2899	769.121
241.66	800.959	-31.8406	769.118
241.68	802.566	-33.4617	769.104
241.7	785.017	-15.9341	769.083
241.72	787.13	-18.124	769.006
241.74	744.088	24.9544	769.042
241.76	746.425	22.6676	769.093
241.78	799.052	-29.9796	769.073
241.8	782.376	-13.1951	769.181
241.82	794.809	-25.6855	769.123
241.84	791.811	-22.6942	769.117
241.86	789.734	-20.6373	769.097
241.88	783.917	-14.85	769.067
241.9	770.743	-1.64945	769.094
241.92	772.772	-3.64179	769.13
241.94	804.004	-34.9376	769.066
241.96	812.298	-43.2021	769.096
241.98	815.876	-46.7756	769.101
242	808.034	-38.9554	769.079
242.02	791.582	-22.4774	769.105
242.04	794.987	-25.9279	769.059
242.06	786.425	-17.3616	769.064
242.08	780.321	-11.2536	769.067
242.1	789.983	-20.8839	769.099
242.12	792.533	-23.4478	769.085
242.14	803.052	-34.0381	769.014
242.16	787.752	-18.6969	769.055
242.18	779.904	-10.8987	769.006
242.2	762.108	6.92534	769.033
242.22	771.67	-2.67873	768.991
242.24	796.627	-27.6852	768.941
242.26	779.393	-10.3489	769.044
242.28	779.792	-10.7752	769.017
242.3	776.117	-7.14474	768.972
242.32	763.072	5.89823	768.97
242.34	766.002	2.98092	768.983
242.36	792.263	-23.2625	769
242.38	792.39	-23.3789	769.011
242.4	789.713	-20.6996	769.013
242.42	800.28	-31.2748	769.005
242.44	796.428	-27.39	769.038
242.46	791.612	-22.5483	769.064
242.48	795.306	-26.237	769.069
242.5	809.145	-40.0891	769.056
242.52	809.717	-40.6986	769.018
242.54	762.366	6.74522	769.111
242.56	798.385	-29.4266	768.959
242.58	794.068	-25.0398	769.028
242.6	797.404	-28.3676	769.036
242.62	810.469	-41.4289	769.04
242.64	804.434	-35.4116	769.023
242.66	778.519	-9.4338	769.085
242.68	792.674	-23.6053	769.068
242.7	806.313	-37.2485	769.065
242.72	775.802	-6.72738	769.075
242.74	766.41	2.62068	769.03
242.76	785.328	-16.2852	769.043
242.78	792.397	-23.3067	769.09
242.8	794.862	-25.8074	769.055
242.82	786.384	-17.4255	768.958
242.84	757.069	12.0204	769.089
242.86	790.056	-20.989	769.067
242.88	807.626	-38.5164	769.11
242.9	783.614	-14.4646	769.149
242.92	770.124	-1.02298	769.101
242.94	767.829	1.25339	769.082
242.96	777.247	-8.11611	769.131
242.98	796.667	-27.5695	769.098
243	797.421	-28.2848	769.136
243.02	790.186	-21.0623	769.124
243.04	794.362	-25.2096	769.152
243.06	803.993	-34.8881	769.105
243.08	802.809	-33.6801	769.129
243.1	797.356	-28.2336	769.123
243.12	778.19	-9.08534	769.104
243.14	786.498	-17.4519	769.046
243.16	779.185	-10.0351	769.15
243.18	798.687	-29.6084	769.079
243.2	811.773	-42.7404	769.032
243.22	792.479	-23.4388	769.041
243.24	783.806	-14.8117	768.994
243.26	785.2	-16.1751	769.025
243.28	801.312	-32.3789	768.933
243.3	770.714	-1.71088	769.003
243.32	793.481	-24.5908	768.89
243.34	782.763	-13.7978	768.965
243.36	761.684	7.24701	768.931
243.38	783.023	-14.157	768.866
243.4	770.293	-1.3177	768.975
243.42	757.251	11.6764	768.927
243.44	760.874	8.10856	768.983
243.46	804.424	-35.5042	768.92
243.48	798.72	-29.752	768.968
243.5	792.438	-23.4558	768.982
243.52	799.63	-30.6663	768.963
243.54	801.399	-32.4506	768.948
243.56	775.101	-6.1456	768.955
243.58	788.082	-19.1799	768.902
243.6	791.823	-22.8518	768.971
243.62	789.218	-20.2782	768.94
243.64	752.179	16.7736	768.953
243.66	759.159	9.74705	768.906
243.68	772.196	-3.2292	768.967
243.7	769.177	-0.189126	768.988
243.72	808.683	-39.7468	768.936
243.74	816.917	-47.9373	768.98
243.76	809.26	-40.2574	769.003
243.78	804.013	-35.0311	768.982
243.8	801.631	-32.7056	768.925
243.82	764.721	4.19004	768.911
243.84	782.81	-13.9457	768.865
243.86	800.784	-31.8043	768.98
243.88	808.617	-39.6622	768.955
243.9	808.093	-39.1285	768.964
243.92	796.482	-27.496	768.986
243.94	795.668	-26.729	768.939
243.96	796.763	-27.7801	768.983
243.98	809.553	-40.5528	769
244	797.548	-28.5218	769.026
244.02	792.323	-23.288	769.035
244.04	797.907	-28.8882	769.018
244.06	798.883	-29.8347	769.049
244.08	806.599	-37.5898	769.01
244.1	804.335	-35.2782	769.056
244.12	790.953	-21.897	769.056
244.14	790.363	-21.3386	769.025
244.16	786.457	-17.4236	769.034
244.18	776.317	-7.28089	769.036
244.2	785.393	-16.368	769.025
244.22	799.751	-30.7743	768.977
244.24	745.507	23.708	769.215
244.26	779.283	-10.33	768.953
244.28	742.636	26.5204	769.157
244.3	785.964	-16.9535	769.01
244.32	793.433	-24.4093	769.024
244.34	762.775	6.26927	769.044
244.36	765.686	3.27831	768.964
244.38	775.074	-6.04278	769.031
244.4	795.182	-26.1518	769.031
244.42	770.671	-1.58136	769.09
244.44	771.508	-2.44736	769.061
244.46	755.093	13.9205	769.014
244.48	760.155	8.86404	769.019
244.5	796.325	-27.3272	768.998
244.52	780.17	-11.1677	769.002
244.54	783.61	-14.6311	768.979
244.56	792.401	-23.3738	769.027
244.58	769.975	-0.904343	769.07
244.6	760.11	8.9801	769.09
244.62	790.481	-21.3994	769.082
244.64	804.871	-35.7569	769.114
244.66	781.523	-12.4512	769.072
244.68	751.663	17.3759	769.039
244.7	786.723	-17.6949	769.028
244.72	808.733	-39.6246	769.108
244.74	805.991	-36.8743	769.117
244.76	787.99	-18.8739	769.116
244.78	776.303	-7.17169	769.131
244.8	794.309	-25.2113	769.098
244.82	799.103	-29.9628	769.14
244.84	798.095	-28.9911	769.104
244.86	775.219	-6.12901	769.09
244.88	764.789	4.28022	769.069
244.9	770.19	-1.13187	769.058
244.92	765.334	3.78905	769.123
244.94	792.231	-23.1879	769.043
244.96	795.259	-26.2126	769.046
244.98	786.909	-17.8504	769.058
245	792.381	-23.3327	769.049
245.02	802.167	-33.0975	769.069
245.04	788.734	-19.6584	769.076
245.06	791.515	-22.4976	769.017
245.08	784.472	-15.4025	769.069
245.1	781.209	-12.1092	769.1
245.12	801.898	-32.8471	769.051
245.14	796.478	-27.4322	769.045
245.16	782.614	-13.5018	769.112
245.18	791.859	-22.8195	769.04
245.2	783.456	-14.3882	769.068
245.22	796.903	-27.784	769.119
245.24	796.736	-27.6028	769.134
245.26	794.941	-25.888	769.053
245.28	734.602	34.6342	769.237
245.3	778.436	-9.39471	769.041
245.32	792.776	-23.672	769.104
245.34	800.584	-31.4167	769.167
245.36	811.963	-42.8837	769.079
245.38	798.957	-29.9189	769.038
245.4	788.144	-19.1802	768.964
245.42	791.897	-22.8341	769.063
245.44	758.732	10.4202	769.153
245.46	779.472	-10.4169	769.055
245.48	800.27	-31.2022	769.068
245.5	809.44	-40.3948	769.045
245.52	794.122	-25.0401	769.082
245.54	794.033	-24.9418	769.092
245.56	799.454	-30.3851	769.069
245.58	784.965	-15.8792	769.086
245.6	805.811	-36.7541	769.057
245.62	812.64	-43.5574	769.083
245.64	801.467	-32.3929	769.075
245.66	780.645	-11.5632	769.082
245.68	788.267	-19.2056	769.061
245.7	791.334	-22.2571	769.077
245.72	798.303	-29.2602	769.042
245.74	800.715	-31.6367	769.078
245.76	809.937	-40.8333	769.104
245.78	813.003	-43.9006	769.103
245.8	803.42	-34.3105	769.109
245.82	799.733	-30.646	769.087
245.84	781.049	-11.9256	769.123
245.86	799.522	-30.467	769.055
245.88	812.661	-43.5666	769.095
245.9	810.804	-41.7151	769.089
245.92	806.258	-37.1882	769.07
245.94	782.494	-13.4074	769.086
245.96	786.782	-17.792	768.99
245.98	774.282	-5.25768	769.025
246	792.823	-23.8425	768.98
246.02	800.478	-31.4406	769.037
246.04	789.322	-20.2895	769.033
246.06	789.758	-20.7281	769.03
246.08	801.53	-32.5236	769.006
246.1	807.784	-38.7719	769.012
246.12	808.247	-39.2002	769.047
246.14	812.108	-43.1052	769.002
246.16	800.4	-31.3938	769.006
246.18	754.794	14.3871	769.181
246.2	783.295	-14.3341	768.961
246.22	778.736	-9.74803	768.988
246.24	733.401	35.7458	769.147
246.26	787.571	-18.603	768.968
246.28	791.841	-22.8393	769.002
246.3	763.81	5.27106	769.081
246.32	805.961	-36.9694	768.992
246.34	802.426	-33.3741	769.052
246.36	782.43	-13.3559	769.074
246.38	769.999	-0.99108	769.008
246.4	752.859	16.2445	769.104
246.42	787.864	-18.801	769.063
246.44	782.255	-13.216	769.039
246.46	753.914	15.229	769.143
246.48	785.481	-16.5114	768.97
246.5	769.127	-0.029522	769.098
246.52	799.998	-30.8827	769.115
246.54	809.333	-40.2007	769.132
246.56	802.954	-33.8156	769.139
246.58	797.02	-27.9357	769.085
246.6	765.561	3.51683	769.078
246.62	770.698	-1.63864	769.059
246.64	791.748	-22.6713	769.077
246.66	796.493	-27.3889	769.104
246.68	805.102	-36.0103	769.092
246.7	797.901	-28.7778	769.123
246.72	792.784	-23.7152	769.068
246.74	778.653	-9.52293	769.13
246.76	793.522	-24.4263	769.096
246.78	796.078	-26.9566	769.122
246.8	787.54	-18.4033	769.136
246.82	788.868	-19.7332	769.134
246.84	787.544	-18.3866	769.158
246.86	783.545	-14.4117	769.134
246.88	779.909	-10.7765	769.133
246.9	792.681	-23.6291	769.052
246.92	774.929	-5.79879	769.13
246.94	762.74	6.39935	769.14
246.96	763.989	5.06386	769.053
246.98	717.698	51.5864	769.284
247	783.373	-14.3164	769.056
247.02	804.689	-35.6264	769.062
247.04	767.117	1.95692	769.074
247.06	777.317	-8.31865	768.998
247.08	785.904	-16.7419	769.162
247.1	798.963	-29.865	769.098
247.12	803.051	-33.9455	769.106
247.14	803.271	-34.2044	769.066
247.16	798.133	-29.05	769.083
247.18	802.545	-33.4611	769.084
247.2	795.199	-26.1212	769.078
247.22	780.423	-11.3572	769.065
247.24	782.838	-13.7775	769.06
247.26	769.413	-0.288881	769.124
247.28	775.569	-6.4944	769.074
247.3	780.743	-11.6374	769.105
247.32	772.048	-2.90567	769.142
247.34	777.943	-8.90532	769.038
247.36	780.362	-11.2701	769.092
247.38	802.865	-33.7619	769.103
247.4	793.586	-24.4579	769.128
247.42	779.072	-10.0566	769.015
247.44	788.451	-19.4383	769.013
247.46	813.493	-44.4191	769.074
247.48	803.715	-34.6198	769.096
247.5	799.325	-30.22	769.105
247.52	798.465	-29.3451	769.12
247.54	794.419	-25.2948	769.124
247.56	795.286	-26.1466	769.139
247.58	800.889	-31.7454	769.144
247.6	803.806	-34.6856	769.121
247.62	789.196	-20.046	769.15
247.64	793.558	-24.5055	769.053
247.66	765.192	4.01548	769.207
247.68	798.309	-29.2352	769.074
247.7	799.561	-30.4625	769.098
247.72	768.167	1.00845	769.175
247.74	783.87	-14.756	769.114
247.76	778.386	-9.24196	769.144
247.78	773.33	-4.22976	769.101
247.8	778.385	-9.23898	769.146
247.82	802.681	-33.5766	769.105
247.84	798.868	-29.7887	769.079
247.86	780.877	-11.784	769.093
247.88	785.523	-16.4903	769.033
247.9	797.724	-28.7127	769.011
247.92	803.223	-34.1556	769.067
247.94	798.312	-29.2744	769.038
247.96	788.238	-19.2424	768.996
247.98	783.814	-14.8139	769
248	790.796	-21.7631	769.032
248.02	789.991	-20.9862	769.004
248.04	783.207	-14.1574	769.05
248.06	800.338	-31.3631	768.974
248.08	805.271	-36.2536	769.018
248.1	799.203	-30.1787	769.025
248.12	782.785	-13.7735	769.011
248.14	779.36	-10.3512	769.008
248.16	789.346	-20.319	769.027
248.18	793.985	-24.9366	769.049
248.2	771.241	-2.0959	769.145
248.22	788.735	-19.7544	768.98
248.24	785.754	-16.6717	769.082
248.26	800.649	-31.6237	769.025
248.28	779.975	-10.8994	769.076
248.3	789.993	-21.0125	768.981
248.32	780.519	-11.494	769.025
248.34	793.032	-24.0252	769.007
248.36	792.824	-23.8185	769.006
248.38	768.467	0.598625	769.066
248.4	788.002	-18.9762	769.026
248.42	786.01	-16.8872	769.123
248.44	797.625	-28.5169	769.108
248.46	787.173	-18.0606	769.113
248.48	785.122	-15.9781	769.143
248.5	797.957	-28.8252	769.131
248.52	786.639	-17.4998	769.14
248.54	794.749	-25.6375	769.112
248.56	804.984	-35.8667	769.118
248.58	799.349	-30.2011	769.148
248.6	807.664	-38.5058	769.158
248.62	808.729	-39.5583	769.171
248.64	791.51	-22.4097	769.101
248.66	764.117	4.95547	769.072
248.68	761.975	7.14745	769.122
248.7	779.961	-10.8225	769.139
248.72	794.798	-25.6625	769.136
248.74	795.115	-25.9871	769.128
248.76	795.465	-26.3357	769.129
248.78	804.234	-35.1634	769.071
248.8	785.83	-16.692	769.138
248.82	774.563	-5.37284	769.19
248.84	812.567	-43.534	769.033
248.86	794.274	-25.1862	769.088
248.88	783.68	-14.6237	769.056
248.9	794.145	-25.1297	769.015
248.92	800.884	-31.8801	769.004
248.94	789.305	-20.3325	768.973
248.96	768.655	0.370702	769.025
248.98	788.874	-19.8528	769.021
249	802.354	-33.3521	769.002
249.02	772.859	-3.95607	768.903
249.04	787.298	-18.3993	768.899
249.06	808.267	-39.2709	768.996
249.08	787.515	-18.4911	769.024
249.1	796.028	-27.0404	768.987
249.12	790.454	-21.4443	769.01
249.14	772.905	-3.91742	768.988
249.16	777.213	-8.22672	768.986
249.18	794.319	-25.3533	768.966
249.2	790.184	-21.1546	769.029
249.22	809.724	-40.732	768.992
249.24	807.542	-38.51	769.032
249.26	803.317	-34.2409	769.076
249.28	799.701	-30.6174	769.083
249.3	790.531	-21.4437	769.087
249.32	753.935	15.206	769.141
249.34	780.587	-11.5823	769.004
249.36	781.296	-12.2584	769.038
249.38	786.499	-17.4519	769.047
249.4	798.685	-29.6106	769.074
249.42	802.363	-33.3498	769.013
249.44	782.504	-13.4502	769.054
249.46	772.098	-3.03688	769.062
249.48	776.305	-7.24101	769.064
249.5	793.895	-24.8385	769.057
249.52	812.307	-43.3176	768.99
249.54	799.271	-30.3117	768.959
249.56	775.931	-6.8774	769.053
249.58	805.206	-36.2173	768.989
249.6	790.317	-21.2567	769.06
249.62	773.837	-4.82055	769.016
249.64	769.112	-0.0722583	769.039
249.66	799.362	-30.3433	769.019
249.68	804.364	-35.3031	769.06
249.7	806.262	-37.2021	769.06
249.72	811.035	-42.0374	768.998
249.74	776.744	-7.72718	769.017
249.76	766.893	2.08703	768.98
249.78	772.839	-3.82374	769.016
249.8	786.31	-17.2774	769.033
249.82	805.389	-36.4008	768.988
249.84	795.886	-26.8552	769.031
249.86	803.666	-34.6406	769.026
249.88	810.79	-41.7568	769.033
249.9	807.465	-38.4195	769.045
249.92	796.928	-27.8841	769.043
249.94	799.875	-30.8767	768.998
249.96	799.568	-30.4971	769.071
249.98	802.043	-32.9969	769.046
