0	16.8146	-17.2465	-0.431967
0.02	28.5722	-29.0215	-0.449322
0.04	40.7984	-41.247	-0.448611
0.06	44.9415	-45.3907	-0.449226
0.08	45.5026	-45.9497	-0.44706
0.1	45.1624	-45.5869	-0.424461
0.12	44.8159	-45.2348	-0.418899
0.14	44.5496	-44.9575	-0.407939
0.16	44.319	-44.7269	-0.407924
0.18	44.1148	-44.5227	-0.407941
0.2	43.9127	-44.3207	-0.407998
0.22	43.6567	-44.0648	-0.408063
0.24	43.315	-43.7176	-0.402601
0.26	42.9862	-43.3777	-0.391545
0.28	42.9008	-43.276	-0.375227
0.3	43.0255	-43.4013	-0.375733
0.32	42.9994	-43.3802	-0.380792
0.34	43.6284	-44.0085	-0.380155
0.36	45.5193	-45.9118	-0.392497
0.38	46.9674	-47.3656	-0.398163
0.4	47.3613	-47.7589	-0.397662
0.42	47.3044	-47.7016	-0.397175
0.44	47.5248	-47.9219	-0.397106
0.46	48.1332	-48.5253	-0.392073
0.48	48.5822	-48.9799	-0.397683
0.5	48.6477	-49.0507	-0.402945
0.52	48.647	-49.0552	-0.408161
0.54	48.9656	-49.3683	-0.40273
0.56	49.6208	-50.0238	-0.402987
0.58	50.2894	-50.6978	-0.408465
0.6	51.0037	-51.4063	-0.402608
0.62	52.1803	-52.5885	-0.408214
0.64	53.5978	-54.0229	-0.425098
0.66	54.5704	-55.0066	-0.436236
0.68	54.777	-55.2186	-0.441596
0.7	54.3819	-54.8233	-0.441343
0.72	53.8397	-54.2862	-0.446456
0.74	53.7311	-54.1939	-0.462791
0.76	54.2321	-54.7062	-0.474177
0.78	54.8219	-55.2855	-0.46358
0.8	55.0006	-55.4424	-0.441773
0.82	54.6302	-55.0666	-0.43636
0.84	53.7809	-54.2224	-0.441483
0.86	53.0871	-53.5171	-0.429995
0.88	53.3244	-53.7437	-0.419323
0.9	54.1763	-54.591	-0.414697
0.92	54.5969	-55.0226	-0.425741
0.94	54.5549	-54.9798	-0.424834
0.96	55.1306	-55.5444	-0.413838
0.98	56.3359	-56.7503	-0.414431
1	57.2775	-57.6866	-0.409061
1.02	57.6037	-58.0126	-0.40893
1.04	57.4123	-57.8376	-0.425335
1.06	56.8253	-57.2507	-0.425362
1.08	56.0067	-56.4318	-0.425127
1.1	55.5161	-55.9465	-0.430401
1.12	55.7412	-56.1667	-0.42543
1.14	56.2495	-56.6858	-0.436299
1.16	57.1704	-57.5952	-0.424752
1.18	59.0043	-59.4243	-0.419945
1.2	60.7663	-61.1923	-0.426026
1.22	61.452	-61.8777	-0.425688
1.24	61.4005	-61.8204	-0.419867
1.26	61.1814	-61.6069	-0.425492
1.28	60.7363	-61.1676	-0.431259
1.3	59.8595	-60.2793	-0.419826
1.32	59.325	-59.744	-0.418997
1.34	60.3018	-60.7261	-0.42432
1.36	62.8711	-63.2799	-0.408772
1.38	65.6525	-66.0623	-0.40979
1.4	67.0454	-67.4444	-0.399003
1.42	66.6454	-67.055	-0.409612
1.44	65.0504	-65.4597	-0.409264
1.46	63.0283	-63.4212	-0.392817
1.48	61.0538	-61.4521	-0.398284
1.5	59.8271	-60.235	-0.407926
1.52	61.0847	-61.4986	-0.413856
1.54	64.0572	-64.4783	-0.421076
1.56	66.0673	-66.4994	-0.432112
1.58	66.3674	-66.8099	-0.442503
1.6	65.5257	-65.9785	-0.452727
1.62	64.5199	-64.9669	-0.446939
1.64	63.7784	-64.2315	-0.453086
1.66	62.6075	-63.0608	-0.453298
1.68	61.0466	-61.5041	-0.457528
1.7	60.7216	-61.1741	-0.452494
1.72	61.094	-61.5593	-0.465333
1.74	60.165	-60.6289	-0.463836
1.76	59.899	-60.3562	-0.457233
1.78	61.3979	-61.8736	-0.4757
1.8	62.0239	-62.4937	-0.469744
1.82	61.6904	-62.1483	-0.457868
1.84	61.3758	-61.8335	-0.457685
1.86	61.2772	-61.7351	-0.457818
1.88	61.1632	-61.621	-0.457847
1.9	60.9699	-61.4276	-0.457772
1.92	60.733	-61.1908	-0.457827
1.94	60.4191	-60.8823	-0.463182
1.96	60.1454	-60.6248	-0.479475
1.98	60.0583	-60.5432	-0.484921
2	60.0823	-60.5729	-0.490606
2.02	59.9099	-60.3952	-0.485258
2.04	59.4092	-59.8997	-0.490521
2.06	58.8753	-59.3601	-0.484775
2.08	58.6937	-59.1894	-0.495674
2.1	58.9638	-59.4379	-0.474017
2.12	59.3793	-59.848	-0.468754
2.14	59.7111	-60.1906	-0.47953
2.16	60.1549	-60.64	-0.485042
2.18	60.7208	-61.2005	-0.479742
2.2	61.235	-61.7093	-0.474306
2.22	61.5963	-62.0763	-0.480008
2.24	61.5073	-61.9821	-0.474809
2.26	60.7137	-61.1774	-0.463791
2.28	59.5202	-59.9728	-0.452627
2.3	58.3579	-58.8108	-0.452946
2.32	57.2997	-57.7518	-0.452117
2.34	57.5493	-58.0062	-0.456898
2.36	59.8705	-60.3339	-0.463417
2.38	62.6846	-63.1546	-0.47
2.4	64.1627	-64.5998	-0.437105
2.42	64.0575	-64.4995	-0.442046
2.44	63.2059	-63.6419	-0.436009
2.46	62.4018	-62.8389	-0.437061
2.48	60.673	-61.1109	-0.43795
2.5	58.2992	-58.7332	-0.434031
2.52	59.7726	-60.2093	-0.436754
2.54	62.3488	-62.7975	-0.448654
2.56	63.448	-63.8955	-0.44753
2.58	63.8575	-64.2938	-0.436331
2.6	63.8605	-64.2859	-0.425387
2.62	63.5046	-63.9242	-0.41956
2.64	63.226	-63.6565	-0.430452
2.66	63.1589	-63.5842	-0.425289
2.68	62.89	-63.3373	-0.447297
2.7	62.3153	-62.7676	-0.452336
2.72	62.0651	-62.5335	-0.468379
2.74	62.5938	-63.0572	-0.463398
2.76	63.2249	-63.6888	-0.463904
2.78	63.2693	-63.7275	-0.45819
2.8	62.9953	-63.453	-0.457745
2.82	62.966	-63.4347	-0.468752
2.84	63.1443	-63.6187	-0.47444
2.86	63.1882	-63.6628	-0.474521
2.88	62.9321	-63.4012	-0.469035
2.9	62.4388	-62.9078	-0.46897
2.92	61.9437	-62.4127	-0.468997
2.94	61.6221	-62.1129	-0.490788
2.96	61.7444	-62.2295	-0.485099
2.98	62.4522	-62.9377	-0.48549
3	63.1585	-63.6387	-0.480216
3.02	63.3474	-63.8282	-0.480747
3.04	62.3243	-62.8163	-0.491931
3.06	60.1245	-60.6156	-0.491057
3.08	58.264	-58.7541	-0.490077
3.1	58.6487	-59.1275	-0.478813
3.12	61.2863	-61.7617	-0.475354
3.14	63.4001	-63.8753	-0.475154
3.16	64.4118	-64.8811	-0.469358
3.18	64.5759	-65.0395	-0.463558
3.2	64.3047	-64.7734	-0.468763
3.22	63.9846	-64.4478	-0.463282
3.24	63.7358	-64.2099	-0.474102
3.26	63.8125	-64.3082	-0.495772
3.28	64.5453	-65.0412	-0.495883
3.3	65.7029	-66.1995	-0.496682
3.32	66.2078	-66.694	-0.486152
3.34	65.5977	-66.0886	-0.490866
3.36	64.9039	-65.4001	-0.496183
3.38	64.4278	-64.9083	-0.480497
3.4	63.425	-63.9048	-0.4798
3.42	62.8231	-63.3018	-0.478721
3.44	63.9708	-64.461	-0.490282
3.46	66.0639	-66.5499	-0.485968
3.48	67.3823	-67.8632	-0.480853
3.5	67.2478	-67.7504	-0.502597
3.52	66.0672	-66.5691	-0.501839
3.54	65.0265	-65.5171	-0.490589
3.56	64.6695	-65.1553	-0.485761
3.58	64.4496	-64.9186	-0.469015
3.6	64.7519	-65.2205	-0.468549
3.62	66.0152	-66.4897	-0.47455
3.64	67.405	-67.8799	-0.474873
3.66	68.1986	-68.6733	-0.474685
3.68	68.4298	-68.9043	-0.474512
3.7	68.2476	-68.7221	-0.474554
3.72	67.6552	-68.135	-0.479821
3.74	66.9613	-67.4463	-0.484955
3.76	66.6687	-67.1646	-0.495928
3.78	66.807	-67.3033	-0.496251
3.8	66.9465	-67.4487	-0.502181
3.82	66.593	-67.0951	-0.502035
3.84	66.1198	-66.6157	-0.495894
3.86	66.3952	-66.8912	-0.495982
3.88	67.4484	-67.95	-0.501575
3.9	68.8499	-69.3467	-0.496781
3.92	69.6126	-70.1095	-0.496894
3.94	69.5556	-70.0573	-0.501631
3.96	69.5845	-70.0863	-0.501715
3.98	69.788	-70.279	-0.490983
4	69.897	-70.3991	-0.502109
4.02	69.6028	-70.1164	-0.513616
4.04	68.4894	-69.0023	-0.512977
4.06	67.3345	-67.8419	-0.507452
4.08	66.4823	-66.9839	-0.501638
4.1	66.3596	-66.861	-0.501388
4.12	67.2648	-67.7664	-0.501574
4.14	68.828	-69.3519	-0.523888
4.16	70.3322	-70.8567	-0.524503
4.18	70.8387	-71.3634	-0.524682
4.2	70.1941	-70.729	-0.534929
4.22	69.3717	-69.9122	-0.540466
4.24	68.5343	-69.0807	-0.54642
4.26	67.5268	-68.0774	-0.55063
4.28	68.0438	-68.594	-0.550185
4.3	70.4588	-70.9998	-0.541067
4.32	72.1814	-72.7182	-0.536807
4.34	71.2911	-71.8386	-0.547564
4.36	68.2872	-68.8334	-0.546119
4.38	65.4436	-66.0055	-0.561852
4.4	64.2475	-64.7925	-0.545035
4.42	65.2722	-65.812	-0.53977
4.44	67.8697	-68.4217	-0.552015
4.46	70.0251	-70.5994	-0.574287
4.48	70.8531	-71.4322	-0.579106
4.5	70.9858	-71.5753	-0.589491
4.52	71.1041	-71.6885	-0.584318
4.54	70.8546	-71.423	-0.56844
4.56	69.5935	-70.1618	-0.568317
4.58	67.8657	-68.427	-0.561289
4.6	67.7661	-68.3276	-0.561542
4.62	69.0211	-69.5953	-0.57419
4.64	69.3044	-69.8732	-0.568878
4.66	68.3953	-68.957	-0.56172
4.68	68.2714	-68.8388	-0.567432
4.7	68.7278	-69.3015	-0.573726
4.72	68.5485	-69.1216	-0.573144
4.74	68.2303	-68.7922	-0.561857
4.76	68.1208	-68.6938	-0.57302
4.78	68.1118	-68.6843	-0.572495
4.8	68.7879	-69.3549	-0.567014
4.82	70.0513	-70.6246	-0.573263
4.84	70.8107	-71.4062	-0.595498
4.86	70.439	-71.04	-0.601064
4.88	68.9105	-69.5111	-0.600615
4.9	67.1572	-67.7567	-0.59953
4.92	66.8054	-67.4048	-0.59939
4.94	68.0874	-68.6714	-0.583998
4.96	69.5165	-70.1068	-0.590314
4.98	69.7656	-70.345	-0.579438
5	68.6378	-69.2276	-0.589804
5.02	67.1818	-67.7538	-0.571995
5.04	67.2605	-67.8546	-0.594081
5.06	68.6578	-69.2422	-0.584375
5.08	69.6584	-70.2372	-0.57879
5.1	69.9635	-70.5421	-0.578623
5.12	69.7472	-70.3311	-0.583876
5.14	69.3871	-69.9705	-0.583405
5.16	69.512	-70.0898	-0.577829
5.18	70.2829	-70.8445	-0.561596
5.2	71.346	-71.9132	-0.567291
5.22	72.2634	-72.8363	-0.572892
5.24	72.7628	-73.3356	-0.572838
5.26	72.8466	-73.4193	-0.572752
5.28	72.6208	-73.1881	-0.567321
5.3	72.0678	-72.6408	-0.573002
5.32	71.0296	-71.5972	-0.567584
5.34	69.6663	-70.2498	-0.583519
5.36	68.8668	-69.4663	-0.599569
5.38	69.2485	-69.8487	-0.600228
5.4	69.9214	-70.5232	-0.601854
5.42	69.0075	-69.5818	-0.574354
5.44	67.7826	-68.3484	-0.565803
5.46	69.4692	-70.0441	-0.574926
5.48	70.2718	-70.8463	-0.574477
5.5	69.8067	-70.3736	-0.566911
5.52	70.5038	-71.0598	-0.55592
5.54	72.3613	-72.9018	-0.540458
5.56	73.9289	-74.486	-0.557094
5.58	74.6016	-75.1588	-0.557173
5.6	74.1996	-74.7405	-0.54091
5.62	72.7261	-73.2721	-0.545942
5.64	71.1029	-71.6542	-0.551257
5.66	69.9113	-70.4574	-0.54617
5.68	69.1929	-69.717	-0.524018
5.7	69.2822	-69.8335	-0.551331
5.72	70.286	-70.8426	-0.556607
5.74	71.9005	-72.464	-0.563451
5.76	72.3108	-72.8737	-0.562959
5.78	71.9152	-72.4552	-0.539992
5.8	71.9085	-72.46	-0.551506
5.82	71.8454	-72.3966	-0.551217
5.84	72.0402	-72.591	-0.550754
5.86	72.9505	-73.4967	-0.546117
5.88	73.4825	-74.0183	-0.535757
5.9	72.7546	-73.2851	-0.530464
5.92	70.7498	-71.28	-0.530196
5.94	68.2958	-68.8258	-0.529968
5.96	66.7346	-67.2627	-0.528031
5.98	68.5617	-69.1022	-0.540481
6	71.9158	-72.4574	-0.541556
6.02	74.2262	-74.7564	-0.530207
6.04	75.2435	-75.7896	-0.546177
6.06	75.2744	-75.8257	-0.551247
6.08	74.7568	-75.3299	-0.573061
6.1	73.9292	-74.5131	-0.583833
6.12	73.1086	-73.6869	-0.578328
6.14	72.3844	-72.9524	-0.56798
6.16	71.2473	-71.8206	-0.573354
6.18	70.075	-70.6426	-0.567587
6.2	69.1563	-69.72	-0.563609
6.22	67.1128	-67.6645	-0.551704
6.24	65.9221	-66.4874	-0.565313
6.26	68.6835	-69.2629	-0.579401
6.28	71.6555	-72.2419	-0.586415
6.3	72.0943	-72.7069	-0.61257
6.32	71.5545	-72.1817	-0.627236
6.34	72.0461	-72.6746	-0.628427
6.36	72.3004	-72.9232	-0.622839
6.38	72.0426	-72.6486	-0.606001
6.4	71.7862	-72.381	-0.594753
6.42	71.8209	-72.4269	-0.606034
6.44	71.6844	-72.2909	-0.606556
6.46	70.7526	-71.3753	-0.622673
6.48	69.5354	-70.1523	-0.616879
6.5	68.6068	-69.2291	-0.622382
6.52	68.2363	-68.8635	-0.627224
6.54	69.0374	-69.6547	-0.617331
6.56	69.6815	-70.2889	-0.607482
6.58	69.2023	-69.7967	-0.59439
6.6	70.3181	-70.9291	-0.610979
6.62	72.9777	-73.5791	-0.601381
6.64	74.8908	-75.4919	-0.60109
6.66	75.811	-76.4062	-0.595201
6.68	76.0722	-76.6782	-0.606003
6.7	75.8449	-76.451	-0.606108
6.72	75.1422	-75.7425	-0.600323
6.74	74.4896	-75.1007	-0.611096
6.76	74.1371	-74.7381	-0.60095
6.78	73.2962	-73.9079	-0.611769
6.8	72.3752	-72.9695	-0.594359
6.82	72.7027	-73.3086	-0.605883
6.84	73.7353	-74.3476	-0.612205
6.86	74.3852	-74.9917	-0.606503
6.88	74.6275	-75.2344	-0.606862
6.9	74.1866	-74.782	-0.595481
6.92	73.7424	-74.3207	-0.578302
6.94	74.2339	-74.8235	-0.589611
6.96	75.3055	-75.9007	-0.595237
6.98	76.37	-76.966	-0.595927
7	76.4382	-77.0182	-0.579977
7.02	74.7785	-75.3537	-0.575133
7.04	71.4699	-72.0591	-0.589179
7.06	70.3963	-70.9852	-0.588901
7.08	71.9142	-72.5225	-0.608256
7.1	72.1524	-72.7482	-0.595827
7.12	72.2057	-72.8112	-0.605538
7.14	73.5161	-74.1114	-0.595254
7.16	75.034	-75.6463	-0.612286
7.18	75.6757	-76.2982	-0.622497
7.2	76.0556	-76.6889	-0.633332
7.22	76.2521	-76.881	-0.628862
7.24	75.0197	-75.6444	-0.62465
7.26	71.8257	-72.4525	-0.626863
7.28	71.2961	-71.9074	-0.611331
7.3	72.6833	-73.2916	-0.608339
7.32	72.1574	-72.7586	-0.601248
7.34	71.0623	-71.6738	-0.611533
7.36	70.39	-71.0071	-0.617128
7.38	70.1305	-70.7474	-0.616824
7.4	70.5884	-71.2159	-0.627502
7.42	72.0951	-72.7173	-0.622136
7.44	74.37	-74.9874	-0.617394
7.46	76.232	-76.8395	-0.607471
7.48	76.0959	-76.6942	-0.59822
7.5	72.2335	-72.8421	-0.608565
7.52	68.3644	-68.9667	-0.602247
7.54	71.14	-71.7479	-0.607971
7.56	74.2799	-74.8877	-0.607804
7.58	75.6843	-76.2917	-0.607315
7.6	75.6997	-76.3279	-0.628182
7.62	75.5387	-76.167	-0.62833
7.64	75.0263	-75.6617	-0.635391
7.66	72.5967	-73.2425	-0.645762
7.68	69.8614	-70.4987	-0.637314
7.7	70.7965	-71.4407	-0.644238
7.72	73.9081	-74.5486	-0.640532
7.74	76.333	-76.9561	-0.62316
7.76	78.1025	-78.7261	-0.623573
7.78	78.4709	-79.0947	-0.623792
7.8	76.969	-77.576	-0.606957
7.82	74.5817	-75.1924	-0.610698
7.84	73.7191	-74.3302	-0.611146
7.86	74.088	-74.7061	-0.618037
7.88	73.7319	-74.3391	-0.607254
7.9	72.4946	-73.1112	-0.616604
7.92	72.5722	-73.188	-0.615847
7.94	74.7255	-75.343	-0.617481
7.96	76.753	-77.3758	-0.622826
7.98	78.0938	-78.7109	-0.617056
8	78.8682	-79.4745	-0.606284
8.02	78.7733	-79.3907	-0.617397
8.04	77.7182	-78.3025	-0.584376
8.06	76.1012	-76.7019	-0.600674
8.08	74.4923	-75.0874	-0.595083
8.1	73.4241	-74.0137	-0.589647
8.12	73.1959	-73.7802	-0.584336
8.14	73.5129	-74.0872	-0.574319
8.16	73.4204	-74.0105	-0.590153
8.18	73.4544	-74.0171	-0.562691
8.2	73.8745	-74.4206	-0.546146
8.22	74.8615	-75.4181	-0.55664
8.24	76.6058	-77.158	-0.552184
8.26	77.6	-78.1638	-0.563849
8.28	76.6983	-77.2836	-0.585294
8.3	74.5644	-75.1485	-0.584073
8.32	73.1434	-73.7321	-0.588663
8.34	73.8181	-74.4075	-0.589349
8.36	75.71	-76.2952	-0.585207
8.38	76.776	-77.3618	-0.585856
8.4	76.0016	-76.5865	-0.584808
8.42	74.6592	-75.2539	-0.59469
8.44	74.1096	-74.7048	-0.595143
8.46	73.897	-74.487	-0.590039
8.48	73.4311	-74.032	-0.60088
8.5	72.8413	-73.4366	-0.595278
8.52	72.3074	-72.9136	-0.606182
8.54	72.038	-72.6437	-0.605757
8.56	72.4279	-73.034	-0.606091
8.58	72.9794	-73.5801	-0.600691
8.6	73.3214	-73.9218	-0.600429
8.62	73.61	-74.2156	-0.605645
8.64	74.0336	-74.6393	-0.605707
8.66	74.4289	-75.0293	-0.600356
8.68	74.5454	-75.1347	-0.58933
8.7	74.3913	-74.9914	-0.60017
8.72	74.0884	-74.6831	-0.594711
8.74	73.6221	-74.2115	-0.589363
8.76	72.8728	-73.4677	-0.594915
8.78	71.8516	-72.4409	-0.589321
8.8	70.8384	-71.433	-0.594559
8.82	70.3282	-70.9226	-0.594401
8.84	70.5987	-71.1881	-0.589385
8.86	71.0387	-71.6069	-0.568201
8.88	70.6993	-71.2732	-0.573901
8.9	69.4192	-69.998	-0.578795
8.92	68.2792	-68.868	-0.588791
8.94	68.6455	-69.2348	-0.589255
8.96	69.9535	-70.5497	-0.596173
8.98	70.2787	-70.8866	-0.607878
9	68.8353	-69.4364	-0.601097
9.02	67.7976	-68.4079	-0.610269
9.04	69.2069	-69.7973	-0.590415
9.06	70.5232	-71.1253	-0.602135
9.08	70.0949	-70.6963	-0.601478
9.1	68.7214	-69.3158	-0.594418
9.12	68.4441	-69.0166	-0.572538
9.14	69.2392	-69.8131	-0.573919
9.16	69.3927	-69.9718	-0.579148
9.18	69.0743	-69.6527	-0.578418
9.2	69.1615	-69.7126	-0.551141
9.22	69.5801	-70.1257	-0.545585
9.24	70.2493	-70.7896	-0.540308
9.26	70.8534	-71.3939	-0.540498
9.28	71.0815	-71.6111	-0.529593
9.3	70.8001	-71.341	-0.540947
9.32	69.7353	-70.2868	-0.551475
9.34	68.7681	-69.313	-0.544917
9.36	69.1578	-69.7092	-0.551399
9.38	69.7749	-70.3376	-0.562656
9.4	69.9521	-70.5252	-0.573015
9.42	70.258	-70.8309	-0.572871
9.44	70.8525	-71.42	-0.567497
9.46	71.5489	-72.1163	-0.567387
9.48	72.3506	-72.9235	-0.572909
9.5	73.1176	-73.669	-0.551397
9.52	73.2975	-73.8493	-0.551866
9.54	72.3274	-72.8738	-0.54642
9.56	70.3369	-70.8937	-0.55682
9.58	68.3866	-68.9373	-0.550743
9.6	67.5146	-68.0767	-0.5621
9.62	67.54	-68.0968	-0.556768
9.64	68.4936	-69.0607	-0.567052
9.66	70.8716	-71.434	-0.562384
9.68	73.5081	-74.0653	-0.557165
9.7	75.5477	-76.1049	-0.557196
9.72	76.6406	-77.2091	-0.568425
9.74	76.3162	-76.885	-0.568757
9.76	74.4308	-75.0096	-0.578812
9.78	72.6182	-73.1957	-0.577532
9.8	72.4913	-73.0699	-0.578552
9.82	72.9797	-73.5585	-0.578805
9.84	73.3853	-73.9697	-0.584441
9.86	73.3638	-73.954	-0.590111
9.88	72.7036	-73.2988	-0.595289
9.9	71.8425	-72.4594	-0.616944
9.92	71.3013	-71.918	-0.616716
9.94	71.4302	-72.0635	-0.633287
9.96	71.958	-72.5919	-0.633885
9.98	72.089	-72.7174	-0.628436
10	71.7339	-72.3564	-0.622492
10.02	71.5497	-72.1663	-0.616587
10.04	72.0395	-72.6566	-0.617095
10.06	72.5	-73.1234	-0.62335
10.08	71.9456	-72.5633	-0.617755
10.1	70.5579	-71.1643	-0.606456
10.12	68.9995	-69.6111	-0.611633
10.14	67.892	-68.4927	-0.600744
10.16	67.1546	-67.746	-0.591411
10.18	65.9956	-66.5784	-0.582832
10.2	67.7717	-68.3569	-0.585233
10.22	69.9264	-70.5177	-0.591278
10.24	70.2624	-70.841	-0.578564
10.26	70.3914	-71.0024	-0.611076
10.28	70.7091	-71.3481	-0.639064
10.3	70.4068	-71.0412	-0.63433
10.32	68.7412	-69.3697	-0.628446
10.34	66.8698	-67.502	-0.632228
10.36	66.8358	-67.4806	-0.644785
10.38	67.0067	-67.6516	-0.644972
10.4	66.7358	-67.3687	-0.632936
10.42	67.2115	-67.8389	-0.627462
10.44	68.3915	-69.02	-0.628409
10.46	69.0327	-69.6613	-0.628614
10.48	68.8471	-69.4749	-0.627822
10.5	68.9117	-69.5336	-0.621894
10.52	69.7878	-70.3995	-0.611696
10.54	70.495	-71.1127	-0.61777
10.56	70.1864	-70.7877	-0.601382
10.58	68.9046	-69.5165	-0.611963
10.6	67.7486	-68.3537	-0.605106
10.62	68.5389	-69.1453	-0.606335
10.64	69.9691	-70.593	-0.623893
10.66	70.4139	-71.0371	-0.623213
10.68	70.4945	-71.1281	-0.633687
10.7	70.8593	-71.493	-0.63368
10.72	71.4583	-72.1086	-0.650238
10.74	71.9262	-72.5874	-0.66118
10.76	72.1275	-72.783	-0.655491
10.78	72.221	-72.8873	-0.666318
10.8	72.2885	-72.9603	-0.671763
10.82	72.3419	-73.0134	-0.671501
10.84	72.6037	-73.2806	-0.676944
10.86	73.0582	-73.7627	-0.704551
10.88	73.3291	-74.0503	-0.721124
10.9	73.2172	-73.9326	-0.715491
10.92	72.9299	-73.6563	-0.726396
10.94	72.5958	-73.3062	-0.710408
10.96	71.7386	-72.4441	-0.70552
10.98	70.1308	-70.8404	-0.709564
11	69.8861	-70.6116	-0.725488
11.02	71.6531	-72.3856	-0.732492
11.04	73.1914	-73.93	-0.738663
11.06	73.2054	-73.9493	-0.743807
11.08	72.2334	-72.9705	-0.737051
11.1	72.14	-72.8881	-0.748138
11.12	72.7888	-73.5443	-0.755443
11.14	72.0919	-72.8468	-0.754888
11.16	70.6293	-71.3942	-0.764879
11.18	69.9659	-70.7357	-0.769764
11.2	71.1164	-71.9027	-0.78639
11.22	73.5433	-74.3207	-0.777399
11.24	74.5674	-75.34	-0.772542
11.26	73.0237	-73.7957	-0.772002
11.28	69.9862	-70.7507	-0.76445
11.3	68.8957	-69.6586	-0.762844
11.32	71.5125	-72.2672	-0.75467
11.34	74.3084	-75.0746	-0.766226
11.36	75.6095	-76.3697	-0.760257
11.38	75.717	-76.4718	-0.754864
11.4	74.6112	-75.3718	-0.760626
11.42	72.4714	-73.2419	-0.770448
11.44	70.9109	-71.6815	-0.77061
11.46	70.2956	-71.0711	-0.77554
11.48	71.1066	-71.8768	-0.770201
11.5	72.998	-73.7688	-0.770799
11.52	74.8404	-75.5952	-0.754844
11.54	75.6294	-76.3906	-0.76121
11.56	74.3804	-75.1464	-0.766005
11.58	72.5067	-73.2601	-0.753367
11.6	72.093	-72.8589	-0.765908
11.62	71.6806	-72.463	-0.78235
11.64	70.9113	-71.6932	-0.781955
11.66	70.3627	-71.1501	-0.78739
11.68	70.2602	-71.0422	-0.78198
11.7	70.4811	-71.28	-0.798873
11.72	70.4328	-71.2264	-0.793585
11.74	69.6205	-70.4198	-0.799284
11.76	67.9405	-68.7437	-0.803246
11.78	67.2837	-68.075	-0.791295
11.8	68.801	-69.5881	-0.787085
11.82	70.6423	-71.4307	-0.788323
11.84	70.915	-71.6865	-0.771525
11.86	70.1125	-70.8771	-0.764613
11.88	70.3232	-71.0927	-0.769527
11.9	72.2059	-72.9713	-0.765392
11.92	73.8805	-74.6464	-0.765892
11.94	74.1228	-74.8891	-0.766308
11.96	72.3468	-73.097	-0.750223
11.98	69.2754	-70.0333	-0.757846
12	69.0306	-69.7793	-0.748661
12.02	70.1847	-70.9231	-0.738391
12.04	70.833	-71.571	-0.73795
12.06	71.1267	-71.8589	-0.732188
12.08	71.3115	-72.0378	-0.726314
12.1	71.7425	-72.4634	-0.720949
12.12	72.2708	-72.9755	-0.704711
12.14	72.6702	-73.3693	-0.699101
12.16	73.0842	-73.7831	-0.698935
12.18	73.7174	-74.4056	-0.688179
12.2	74.3409	-75.0458	-0.704918
12.22	74.5927	-75.2869	-0.694196
12.24	74.1816	-74.8869	-0.705274
12.26	73.0811	-73.7914	-0.710234
12.28	72.0594	-72.7525	-0.693169
12.3	72.0325	-72.7309	-0.698458
12.32	73.1329	-73.8267	-0.693735
12.34	74.3221	-75.0165	-0.694403
12.36	74.6216	-75.3104	-0.688792
12.38	74.2065	-74.8891	-0.682652
12.4	73.8865	-74.5638	-0.677268
12.42	73.6421	-74.347	-0.704826
12.44	73.3175	-74.0384	-0.720972
12.46	73.1458	-73.878	-0.732199
12.48	72.8583	-73.5797	-0.721427
12.5	72.3228	-73.0384	-0.715545
12.52	72.1606	-72.8868	-0.726117
12.54	72.7906	-73.506	-0.715452
12.56	73.7178	-74.4497	-0.731932
12.58	74.5254	-75.2575	-0.732104
12.6	74.7739	-75.5009	-0.726957
12.62	73.9813	-74.6972	-0.715976
12.64	72.2816	-72.9972	-0.715577
12.66	70.4364	-71.1409	-0.704462
12.68	68.9938	-69.7035	-0.70974
12.7	68.382	-69.0869	-0.704824
12.72	68.1888	-68.899	-0.710151
12.74	68.8096	-69.5357	-0.726097
12.76	70.4365	-71.1637	-0.727242
12.78	71.4277	-72.1544	-0.726641
12.8	71.9915	-72.7067	-0.715209
12.82	72.588	-73.3032	-0.715167
12.84	73.1585	-73.863	-0.704436
12.86	73.2864	-73.9857	-0.699242
12.88	72.6787	-73.3721	-0.693381
12.9	71.9413	-72.6176	-0.676363
12.92	71.8624	-72.5445	-0.682128
12.94	72.1769	-72.8647	-0.687785
12.96	72.5728	-73.2824	-0.709555
12.98	73.0866	-73.7911	-0.704475
13	73.203	-73.8916	-0.688598
13.02	72.3424	-73.0307	-0.688296
13.04	71.1257	-71.8187	-0.693073
13.06	70.7156	-71.4088	-0.693166
13.08	71.3998	-72.0989	-0.699098
13.1	72.6268	-73.3272	-0.700348
13.12	72.9203	-73.6211	-0.700737
13.14	72.31	-73.0029	-0.69286
13.16	73.8979	-74.592	-0.694142
13.18	76.0581	-76.7758	-0.717717
13.2	75.8726	-76.5941	-0.721501
13.22	74.8285	-75.5492	-0.720673
13.24	74.1499	-74.865	-0.715045
13.26	74.226	-74.9299	-0.703896
13.28	75.3136	-76.0287	-0.715051
13.3	77.0323	-77.7426	-0.7103
13.32	78.2967	-79.0018	-0.705147
13.34	78.5636	-79.2684	-0.70485
13.36	78.1683	-78.8727	-0.704435
13.38	77.7303	-78.4345	-0.704217
13.4	77.7158	-78.4146	-0.698732
13.42	78.112	-78.8223	-0.710269
13.44	78.1665	-78.861	-0.694547
13.46	77.1405	-77.8239	-0.683424
13.48	75.6104	-76.2929	-0.682413
13.5	75.2312	-75.9302	-0.699016
13.52	76.0135	-76.7135	-0.699985
13.54	76.8101	-77.4932	-0.683147
13.56	77.5975	-78.2756	-0.678126
13.58	77.7673	-78.4234	-0.656009
13.6	77.3615	-78.0228	-0.661261
13.62	76.7616	-77.4388	-0.677158
13.64	76.8398	-77.5162	-0.676352
13.66	78.2358	-78.9079	-0.672097
13.68	79.2842	-79.9564	-0.672239
13.7	79.3089	-79.9971	-0.688193
13.72	78.8338	-79.5108	-0.676983
13.74	78.1526	-78.8354	-0.682846
13.76	76.8497	-77.5386	-0.688851
13.78	74.6194	-75.3075	-0.688113
13.8	72.817	-73.4985	-0.681465
13.82	73.0597	-73.7803	-0.720567
13.84	74.51	-75.2263	-0.716317
13.86	75.3192	-76.0307	-0.711494
13.88	74.5154	-75.2157	-0.700346
13.9	72.5838	-73.2943	-0.710516
13.92	71.1832	-71.8923	-0.709037
13.94	72.4565	-73.1663	-0.709805
13.96	75.23	-75.958	-0.727957
13.98	76.8016	-77.5453	-0.743706
14	77.4216	-78.1536	-0.732
14.02	77.8888	-78.6265	-0.737745
14.04	77.8197	-78.5471	-0.727413
14.06	76.5594	-77.3083	-0.748916
14.08	74.9999	-75.7583	-0.758418
14.1	75.0422	-75.8013	-0.759051
14.12	75.9927	-76.7698	-0.77705
14.14	76.127	-76.9194	-0.792415
14.16	76.7082	-77.5117	-0.803531
14.18	77.4157	-78.2327	-0.816997
14.2	75.2355	-76.0474	-0.81198
14.22	70.9979	-71.7934	-0.795432
14.24	72.1418	-72.9344	-0.792508
14.26	76.7934	-77.5707	-0.777334
14.28	80.922	-81.7051	-0.783145
14.3	83.2523	-84.0409	-0.788606
14.32	83.4544	-84.2258	-0.771352
14.34	82.5696	-83.3459	-0.776306
14.36	81.4852	-82.2565	-0.771253
14.38	79.8829	-80.6669	-0.783984
14.4	76.7297	-77.5053	-0.775603
14.42	77.5268	-78.2903	-0.763559
14.44	82.9755	-83.7488	-0.77336
14.46	86.2802	-87.0463	-0.766101
14.48	87.8536	-88.6309	-0.777245
14.5	87.3056	-88.0955	-0.78998
14.52	82.8083	-83.5937	-0.785332
14.54	75.5568	-76.3525	-0.795636
14.56	74.4133	-75.2035	-0.790211
14.58	79.5767	-80.3727	-0.795979
14.6	82.8801	-83.6918	-0.811695
14.62	83.3329	-84.1428	-0.809871
14.64	82.7626	-83.5718	-0.809253
14.66	82.0681	-82.8606	-0.792516
14.68	81.7819	-82.5631	-0.781171
14.7	82.4538	-83.2351	-0.78135
14.72	83.8324	-84.6254	-0.792919
14.74	84.9477	-85.7357	-0.787988
14.76	84.8474	-85.6307	-0.783275
14.78	82.6393	-83.4172	-0.777903
14.8	78.696	-79.4672	-0.77121
14.82	75.4743	-76.2544	-0.780081
14.84	75.9351	-76.7121	-0.776976
14.86	77.1465	-77.9315	-0.78495
14.88	75.9349	-76.7048	-0.76993
14.9	77.2729	-78.032	-0.759058
14.92	80.9855	-81.7419	-0.756369
14.94	82.5001	-83.261	-0.760933
14.96	81.9442	-82.6938	-0.749605
14.98	79.9529	-80.7075	-0.754568
15	77.6025	-78.356	-0.753445
15.02	76.7181	-77.4656	-0.747537
15.04	77.8627	-78.6334	-0.770765
15.06	79.1951	-79.956	-0.760805
15.08	79.1202	-79.8805	-0.76037
15.1	78.1144	-78.8681	-0.753731
15.12	77.6382	-78.3922	-0.75399
15.14	77.4385	-78.1769	-0.738469
15.16	76.3839	-77.1331	-0.749188
15.18	74.9017	-75.6609	-0.759131
15.2	74.6965	-75.4438	-0.747269
15.22	76.7546	-77.487	-0.732435
15.24	78.9567	-79.7009	-0.74424
15.26	79.7221	-80.4715	-0.749328
15.28	79.3138	-80.0574	-0.743558
15.3	78.232	-78.9919	-0.759909
15.32	77.0096	-77.7636	-0.754061
15.34	76.2638	-77.0241	-0.760287
15.36	75.3141	-76.064	-0.749879
15.38	73.9434	-74.6973	-0.753868
15.4	73.8659	-74.6209	-0.755018
15.42	73.9205	-74.6765	-0.755979
15.44	73.1037	-73.8576	-0.753961
15.46	73.629	-74.3777	-0.748712
15.48	75.2526	-75.9965	-0.743888
15.5	76.6375	-77.3757	-0.738213
15.52	77.5867	-78.3192	-0.732497
15.54	78.2239	-78.9566	-0.732748
15.56	78.0867	-78.8313	-0.744511
15.58	76.2296	-76.9747	-0.745138
15.6	72.671	-73.4031	-0.73203
15.62	71.2481	-71.9729	-0.724774
15.64	74.0649	-74.8092	-0.744232
15.66	77.0309	-77.7869	-0.756001
15.68	77.9978	-78.7698	-0.771986
15.7	77.1542	-77.9253	-0.771104
15.72	75.6793	-76.4606	-0.781362
15.74	74.6381	-75.4138	-0.775683
15.76	74.4745	-75.2393	-0.764799
15.78	75.1617	-75.9214	-0.759633
15.8	76.1176	-76.8783	-0.760642
15.82	75.9591	-76.7098	-0.750646
15.84	73.6746	-74.4251	-0.750456
15.86	70.3407	-71.0728	-0.73209
15.88	69.9555	-70.6911	-0.735658
15.9	74.1163	-74.8449	-0.728685
15.92	77.596	-78.3242	-0.728234
15.94	79.2782	-80.0005	-0.72226
15.96	79.5452	-80.2562	-0.711047
15.98	78.7625	-79.4736	-0.711113
16	77.0608	-77.7667	-0.705837
16.02	75.2369	-75.9347	-0.69782
16.04	76.1927	-76.9036	-0.710866
16.06	77.6469	-78.3591	-0.712194
16.08	77.0962	-77.8081	-0.711905
16.1	74.7926	-75.4979	-0.705308
16.12	72.7732	-73.4656	-0.692316
16.14	73.676	-74.3639	-0.687856
16.16	76.2691	-76.9582	-0.689156
16.18	78.3984	-79.0873	-0.68893
16.2	79.773	-80.4674	-0.694314
16.22	80.3155	-81.01	-0.694497
16.24	79.7018	-80.4019	-0.700141
16.26	77.8454	-78.5395	-0.694133
16.28	76.0582	-76.7562	-0.698024
16.3	76.338	-77.032	-0.694031
16.32	77.0717	-77.7558	-0.684152
16.34	76.8233	-77.5061	-0.682846
16.36	77.028	-77.7218	-0.69374
16.38	77.8197	-78.52	-0.700316
16.4	77.8078	-78.508	-0.700241
16.42	76.9824	-77.6714	-0.689025
16.44	75.9148	-76.609	-0.6942
16.46	75.1933	-75.8712	-0.677891
16.48	74.7037	-75.3817	-0.678041
16.5	74.4095	-75.0864	-0.67693
16.52	75.5234	-76.2062	-0.682795
16.54	77.3716	-78.0781	-0.706555
16.56	77.4782	-78.1906	-0.712383
16.58	75.7035	-76.4142	-0.710684
16.6	74.1362	-74.826	-0.689743
16.62	72.3891	-73.1001	-0.710929
16.64	71.3676	-72.0829	-0.715341
16.66	72.3157	-73.0265	-0.710712
16.68	73.9882	-74.7104	-0.722193
16.7	75.3034	-76.0307	-0.727316
16.72	76.234	-76.9562	-0.722166
16.74	76.3446	-77.0719	-0.727234
16.76	76.1024	-76.8291	-0.726753
16.78	76.0796	-76.8179	-0.738305
16.8	75.607	-76.3404	-0.733394
16.82	74.2563	-74.9833	-0.726999
16.84	73.8077	-74.5501	-0.74242
16.86	75.3767	-76.1322	-0.755579
16.88	76.2545	-77.0157	-0.761175
16.9	75.6542	-76.4146	-0.760383
16.92	74.5849	-75.3387	-0.753746
16.94	74.5656	-75.33	-0.764324
16.96	75.9451	-76.7048	-0.759712
16.98	77.4648	-78.2249	-0.760095
17	78.3785	-79.1383	-0.759758
17.02	78.9812	-79.7408	-0.75958
17.04	79.482	-80.2364	-0.754441
17.06	79.4622	-80.2225	-0.760287
17.08	78.5267	-79.2925	-0.765778
17.1	76.856	-77.6214	-0.765385
17.12	75.2826	-76.0251	-0.742528
17.14	75.2528	-76.0005	-0.747611
17.16	77.2027	-77.9409	-0.738134
17.18	79.1154	-79.8554	-0.74002
17.2	78.5035	-79.2545	-0.751044
17.22	75.9831	-76.7209	-0.737736
17.24	74.5274	-75.2659	-0.738574
17.26	73.8221	-74.5491	-0.726971
17.28	74.2016	-74.9228	-0.721155
17.3	75.8005	-76.5386	-0.73805
17.32	77.7245	-78.4739	-0.749394
17.34	79.1011	-79.8508	-0.749638
17.36	79.4723	-80.2327	-0.760384
17.38	79.1645	-79.9191	-0.754643
17.4	78.615	-79.3586	-0.743652
17.42	78.0462	-78.8061	-0.759922
17.44	77.6088	-78.3583	-0.749438
17.46	76.7954	-77.5285	-0.733025
17.48	75.6397	-76.3558	-0.71614
17.5	74.7203	-75.4369	-0.716586
17.52	73.6885	-74.3997	-0.711281
17.54	72.5646	-73.2807	-0.716069
17.56	72.413	-73.1562	-0.74323
17.58	73.4604	-74.2099	-0.749553
17.6	74.6033	-75.3363	-0.73299
17.62	75.4209	-76.1652	-0.744221
17.64	75.3943	-76.1271	-0.732831
17.66	74.8189	-75.54	-0.721091
17.68	74.5641	-75.2631	-0.698997
17.7	74.8349	-75.5342	-0.69931
17.72	75.1638	-75.8635	-0.699697
17.74	74.975	-75.6639	-0.688916
17.76	74.0951	-74.7947	-0.699628
17.78	73.0542	-73.7536	-0.699448
17.8	72.2835	-73.0117	-0.728213
17.82	70.5803	-71.3142	-0.733979
17.84	69.0841	-69.7992	-0.715122
17.86	70.1599	-70.8941	-0.734212
17.88	71.0214	-71.7647	-0.743312
17.9	72.597	-73.3463	-0.749317
17.92	74.0344	-74.7795	-0.745087
17.94	73.5843	-74.3509	-0.766613
17.96	71.8891	-72.6485	-0.759421
17.98	71.4714	-72.2356	-0.764196
18	73.3246	-74.0845	-0.759876
18.02	75.7582	-76.5302	-0.771933
18.04	76.8557	-77.6225	-0.766762
18.06	76.1546	-76.9039	-0.74932
18.08	75.3135	-76.0557	-0.742194
18.1	76.4422	-77.1687	-0.726564
18.12	78.4993	-79.2324	-0.733072
18.14	79.659	-80.3867	-0.727743
18.16	79.3396	-80.0509	-0.711322
18.18	77.6576	-78.3902	-0.732598
18.2	75.8628	-76.5721	-0.7093
18.22	76.0116	-76.7322	-0.720547
18.24	77.8192	-78.5472	-0.728052
18.26	78.7839	-79.5233	-0.739393
18.28	78.2003	-78.9291	-0.728783
18.3	76.1858	-76.8972	-0.711432
18.32	75.1093	-75.8084	-0.699147
18.34	76.7046	-77.4215	-0.716829
18.36	78.8825	-79.5943	-0.711826
18.38	80.1182	-80.8249	-0.706669
18.4	79.4896	-80.1958	-0.706229
18.42	77.4992	-78.2157	-0.716543
18.44	75.3217	-76.0372	-0.715593
18.46	74.7553	-75.47	-0.714636
18.48	76.7699	-77.4811	-0.711255
18.5	78.6868	-79.3936	-0.706763
18.52	78.6138	-79.3204	-0.706642
18.54	76.6816	-77.3821	-0.70052
18.56	74.6708	-75.3683	-0.697528
18.58	76.5087	-77.2244	-0.71563
18.6	80.1195	-80.8324	-0.712939
18.62	81.0913	-81.7983	-0.707054
18.64	79.3229	-80.029	-0.706083
18.66	76.4087	-77.119	-0.710328
18.68	74.4203	-75.1414	-0.721093
18.7	73.9606	-74.6821	-0.721508
18.72	74.5891	-75.305	-0.715931
18.74	75.9606	-76.6774	-0.716786
18.76	77.0306	-77.7471	-0.716494
18.78	77.8318	-78.5432	-0.711406
18.8	77.8743	-78.5969	-0.722606
18.82	77.0321	-77.7425	-0.710384
18.84	76.8882	-77.5983	-0.71003
18.86	77.8806	-78.608	-0.727411
18.88	78.6836	-79.4222	-0.738633
18.9	78.6592	-79.3812	-0.722016
18.92	77.9309	-78.6415	-0.71064
18.94	77.1104	-77.8259	-0.715521
18.96	77.0687	-77.7842	-0.715494
18.98	77.8975	-78.6135	-0.716065
19	78.8623	-79.5731	-0.710794
19.02	79.6554	-80.3659	-0.71048
19.04	80.3924	-81.1146	-0.722206
19.06	80.0702	-80.8042	-0.73403
19.08	77.8524	-78.5908	-0.738362
19.1	75.5042	-76.2363	-0.732104
19.12	74.2611	-75.0053	-0.744232
19.14	72.9282	-73.6672	-0.739039
19.16	71.412	-72.1496	-0.737555
19.18	71.9236	-72.6601	-0.736551
19.2	75.4926	-76.2312	-0.738602
19.22	79.1268	-79.8665	-0.739662
19.24	80.5917	-81.3251	-0.733405
19.26	80.4087	-81.1246	-0.715937
19.28	79.8058	-80.5159	-0.710123
19.3	79.245	-79.9611	-0.716048
19.32	78.2765	-78.9874	-0.710879
19.34	76.6175	-77.3339	-0.716397
19.36	74.4451	-75.156	-0.71091
19.38	72.1598	-72.8594	-0.69968
19.4	70.7192	-71.4286	-0.709373
19.42	71.8216	-72.5481	-0.726464
19.44	74.5223	-75.2393	-0.716991
19.46	76.4505	-77.151	-0.700484
19.48	77.0822	-77.7714	-0.689293
19.5	76.638	-77.3322	-0.694256
19.52	75.8547	-76.5537	-0.699012
19.54	75.6766	-76.3703	-0.693688
19.56	75.8887	-76.5782	-0.68943
19.58	74.9767	-75.6727	-0.69593
19.6	72.2283	-72.9224	-0.694122
19.62	70.7215	-71.4244	-0.702909
19.64	73.2428	-73.9424	-0.699609
19.66	76.9581	-77.6701	-0.711969
19.68	79.1877	-79.9103	-0.722642
19.7	79.6878	-80.4099	-0.722098
19.72	79.0237	-79.7347	-0.71093
19.74	77.5625	-78.2623	-0.699815
19.76	75.7613	-76.4551	-0.693853
19.78	74.4643	-75.147	-0.682715
19.8	74.2009	-74.8783	-0.67742
19.82	74.9947	-75.684	-0.689273
19.84	75.6181	-76.3147	-0.69658
19.86	74.0526	-74.7648	-0.712227
19.88	71.9828	-72.692	-0.709265
19.9	72.9049	-73.6058	-0.700901
19.92	74.2967	-75.0028	-0.706175
19.94	75.2708	-75.9822	-0.71138
19.96	75.6509	-76.3582	-0.70733
19.98	73.8924	-74.5986	-0.706164
20	72.0538	-72.7301	-0.676337
20.02	73.3724	-74.0557	-0.683289
20.04	75.8641	-76.5435	-0.679489
20.06	76.666	-77.3283	-0.66228
20.08	76.3411	-76.9964	-0.655262
20.1	76.6458	-77.2901	-0.644326
20.12	77.5583	-78.2084	-0.650098
20.14	78.4495	-79.0778	-0.628279
20.16	78.9706	-79.5881	-0.617423
20.18	78.8921	-79.4987	-0.606545
20.2	78.1026	-78.7091	-0.606568
20.22	76.67	-77.282	-0.611972
20.24	74.852	-75.4693	-0.617294
20.26	73.1091	-73.7368	-0.627709
20.28	72.3245	-72.9519	-0.62743
20.3	72.9539	-73.5872	-0.63325
20.32	74.4727	-75.1064	-0.633648
20.34	76.0949	-76.7236	-0.628623
20.36	77.0248	-77.6482	-0.623384
20.38	76.818	-77.4412	-0.623142
20.4	75.7778	-76.4004	-0.622544
20.42	74.7401	-75.3623	-0.622146
20.44	74.245	-74.8728	-0.627822
20.46	74.0696	-74.7142	-0.644514
20.48	73.9031	-74.5585	-0.655377
20.5	73.8455	-74.4899	-0.644466
20.52	73.826	-74.4708	-0.644749
20.54	73.5056	-74.1394	-0.633745
20.56	72.934	-73.5784	-0.644401
20.58	72.4136	-73.0525	-0.638906
20.6	72.0216	-72.6441	-0.622441
20.62	71.8666	-72.4889	-0.622284
20.64	72.1148	-72.7482	-0.633415
20.66	72.5348	-73.1739	-0.639115
20.68	72.7874	-73.4266	-0.639263
20.7	72.7088	-73.3426	-0.633826
20.72	72.2538	-72.8987	-0.644876
20.74	71.3621	-72.0071	-0.644927
20.76	70.1245	-70.7691	-0.644594
20.78	69.1186	-69.7682	-0.649679
20.8	69.0994	-69.7376	-0.638225
20.82	70.6861	-71.3194	-0.633234
20.84	73.1235	-73.7523	-0.628805
20.86	74.844	-75.462	-0.618079
20.88	75.2447	-75.8625	-0.61778
20.9	74.6809	-75.3091	-0.628191
20.92	74.0012	-74.6398	-0.638601
20.94	73.9929	-74.6371	-0.644214
20.96	74.5535	-75.2146	-0.661056
20.98	75.1564	-75.8121	-0.655655
21	75.6128	-76.2686	-0.655774
21.02	75.7828	-76.4277	-0.644897
21.04	75.6581	-76.2862	-0.62805
21.06	75.8527	-76.4916	-0.6389
21.08	76.5313	-77.1712	-0.639863
21.1	76.7221	-77.362	-0.63993
21.12	76.7092	-77.3422	-0.633011
21.14	78.258	-78.8919	-0.633949
21.16	80.2093	-80.8503	-0.641001
21.18	80.3195	-80.9495	-0.630026
21.2	78.4583	-79.1095	-0.651184
21.22	76.1094	-76.7642	-0.65486
21.24	75.9202	-76.5639	-0.643665
21.26	78.2426	-78.8933	-0.650691
21.28	80.8464	-81.4978	-0.65141
21.3	82.2303	-82.9149	-0.684643
21.32	81.9051	-82.5782	-0.673031
21.34	81.1277	-81.8045	-0.676805
21.36	81.9829	-82.6607	-0.677786
21.38	83.2689	-83.9697	-0.700761
21.4	83.2421	-83.9425	-0.700404
21.42	82.08	-82.7908	-0.710761
21.44	80.66	-81.3756	-0.715613
21.46	79.9451	-80.6441	-0.698943
21.48	80.2566	-80.967	-0.710414
21.5	80.8795	-81.6016	-0.722098
21.52	80.7877	-81.5266	-0.738899
21.54	79.6631	-80.4066	-0.743497
21.56	78.9414	-79.6891	-0.747747
21.58	80.1087	-80.869	-0.76032
21.6	81.1403	-81.9023	-0.762
21.62	79.7779	-80.5391	-0.761258
21.64	77.2129	-77.9781	-0.765162
21.66	75.6002	-76.3603	-0.760149
21.68	75.0666	-75.8365	-0.769885
21.7	76.814	-77.5843	-0.770263
21.72	80.1327	-80.9098	-0.77712
21.74	82.7333	-83.5107	-0.777452
21.76	83.5654	-84.3374	-0.772012
21.78	82.4731	-83.2448	-0.771644
21.8	80.1249	-80.9014	-0.776424
21.82	77.7169	-78.5093	-0.792498
21.84	76.0901	-76.8768	-0.786701
21.86	75.7441	-76.531	-0.786955
21.88	76.4313	-77.2297	-0.79835
21.9	77.4517	-78.2341	-0.782425
21.92	78.0991	-78.8981	-0.79896
21.94	78.464	-79.2563	-0.792311
21.96	79.9281	-80.721	-0.792893
21.98	81.6557	-82.4613	-0.805535
22	81.3977	-82.2033	-0.805606
22.02	79.0963	-79.9014	-0.805156
22.04	76.1853	-76.9997	-0.814368
22.06	75.4529	-76.2674	-0.81455
22.08	76.82	-77.6362	-0.816171
22.1	78.1533	-78.963	-0.809642
22.12	79.9895	-80.7886	-0.799049
22.14	81.5443	-82.3439	-0.799573
22.16	81.7616	-82.5766	-0.815002
22.18	81.5802	-82.3838	-0.803572
22.2	81.576	-82.3855	-0.809479
22.22	81.2332	-82.0319	-0.798689
22.24	80.4321	-81.2193	-0.787192
22.26	80.0759	-80.879	-0.80306
22.28	80.9267	-81.725	-0.79832
22.3	82.0082	-82.8348	-0.826624
22.32	81.9707	-82.7975	-0.826828
22.34	80.5335	-81.3657	-0.832202
22.36	78.3903	-79.2271	-0.836789
22.38	77.0576	-77.8907	-0.833037
22.4	75.1704	-76.0201	-0.849646
22.42	74.3216	-75.1723	-0.850652
22.44	78.643	-79.4817	-0.83871
22.46	82.5188	-83.3355	-0.816783
22.48	83.9305	-84.7522	-0.821626
22.5	83.1708	-84.0033	-0.832508
22.52	80.7346	-81.56	-0.825413
22.54	79.4904	-80.3306	-0.840254
22.56	81.0712	-81.9143	-0.843098
22.58	82.0895	-82.9213	-0.831832
22.6	82.0353	-82.8829	-0.847599
22.62	81.6454	-82.4931	-0.847703
22.64	80.8107	-81.6651	-0.854346
22.66	78.6621	-79.5267	-0.864635
22.68	77.2319	-78.1052	-0.873218
22.7	79.3912	-80.2615	-0.870359
22.72	81.8499	-82.721	-0.871054
22.74	82.7211	-83.6018	-0.880671
22.76	83.0831	-83.9526	-0.869444
22.78	83.2715	-84.1413	-0.869814
22.8	82.8706	-83.7298	-0.859186
22.82	81.7401	-82.61	-0.869908
22.84	80.6205	-81.4852	-0.864686
22.86	79.4692	-80.3144	-0.845154
22.88	76.9336	-77.7648	-0.831198
22.9	77.1479	-77.9734	-0.825488
22.92	80.3851	-81.2201	-0.834954
22.94	81.4645	-82.2981	-0.833671
22.96	80.5172	-81.3389	-0.821713
22.98	79.1025	-79.9167	-0.814176
23	79.5865	-80.4069	-0.820345
23.02	81.0703	-81.8813	-0.810943
23.04	81.5641	-82.3683	-0.804264
23.06	81.9943	-82.7939	-0.79958
23.08	81.5255	-82.3148	-0.789315
23.1	79.7707	-80.5735	-0.802724
23.12	80.6769	-81.4745	-0.797667
23.14	83.6398	-84.4619	-0.822165
23.16	85.1042	-85.9248	-0.820586
23.18	86.046	-86.867	-0.820922
23.2	86.1323	-86.9371	-0.804719
23.22	84.9225	-85.7489	-0.826342
23.24	82.9371	-83.7683	-0.831195
23.26	81.4405	-82.2707	-0.830188
23.28	81.8788	-82.7151	-0.836246
23.3	83.6436	-84.4807	-0.837184
23.32	85.2301	-86.0787	-0.848529
23.34	85.8565	-86.7159	-0.859373
23.36	85.4732	-86.3272	-0.854017
23.38	83.9885	-84.8485	-0.859935
23.4	81.2431	-82.0973	-0.854173
23.42	78.406	-79.2534	-0.84741
23.44	77.5761	-78.4136	-0.837457
23.46	78.3939	-79.2536	-0.859723
23.48	80.0465	-80.9288	-0.882374
23.5	81.6823	-82.575	-0.892716
23.52	83.1798	-84.0677	-0.887896
23.54	83.3939	-84.2867	-0.892813
23.56	82.7113	-83.6031	-0.891838
23.58	82.2793	-83.171	-0.891744
23.6	82.2119	-83.104	-0.892053
23.62	82.0356	-82.933	-0.897385
23.64	81.8174	-82.7091	-0.891644
23.66	81.8859	-82.7776	-0.891696
23.68	82.0561	-82.9376	-0.881554
23.7	81.513	-82.4105	-0.897502
23.72	80.9444	-81.8137	-0.869318
23.74	81.3157	-82.1804	-0.864694
23.76	81.7403	-82.6218	-0.881571
23.78	81.7046	-82.591	-0.886411
23.8	81.8559	-82.7488	-0.89294
23.82	81.1944	-82.0869	-0.892486
23.84	80.421	-81.3173	-0.896222
23.86	81.3561	-82.2535	-0.89742
23.88	82.4759	-83.3739	-0.897968
23.9	82.5482	-83.457	-0.908814
23.92	81.5678	-82.4597	-0.891863
23.94	80.4192	-81.3046	-0.885481
23.96	80.2609	-81.1582	-0.897355
23.98	80.1074	-81.0057	-0.898273
24	79.1494	-80.0571	-0.907656
24.02	79.0681	-79.9601	-0.891991
24.04	79.0682	-79.9557	-0.88753
24.06	77.9896	-78.8812	-0.891583
24.08	77.5646	-78.4664	-0.901722
24.1	78.8009	-79.7035	-0.902618
24.12	80.4123	-81.3156	-0.903288
24.14	81.142	-82.0622	-0.92015
24.16	80.4166	-81.3421	-0.925557
24.18	78.8349	-79.7477	-0.91283
24.2	78.7398	-79.6535	-0.913745
24.22	79.2423	-80.1633	-0.921038
24.24	78.3359	-79.233	-0.897183
24.26	78.8792	-79.7807	-0.901505
24.28	81.9287	-82.8384	-0.90974
24.3	83.7354	-84.6228	-0.887408
24.32	83.841	-84.7229	-0.881894
24.34	82.3896	-83.2822	-0.892598
24.36	80.4652	-81.3557	-0.890492
24.38	81.0343	-81.925	-0.890709
24.4	83.937	-84.8351	-0.89809
24.42	86.4691	-87.373	-0.903908
24.44	87.424	-88.3344	-0.91045
24.46	85.755	-86.6704	-0.915408
24.48	83.3651	-84.2604	-0.895363
24.5	84.762	-85.6542	-0.892129
24.52	87.7081	-88.6074	-0.899314
24.54	89.2434	-90.1427	-0.899311
24.56	89.0871	-89.9984	-0.911255
24.58	86.2988	-87.2007	-0.901927
24.6	80.7748	-81.6672	-0.8924
24.62	78.8234	-79.7247	-0.901322
24.64	84.0822	-84.9695	-0.887327
24.66	91.9886	-92.8684	-0.879815
24.68	96.1437	-97.0278	-0.884145
24.7	96.1352	-97.0289	-0.893681
24.72	93.5316	-94.4296	-0.897997
24.74	90.1619	-91.0861	-0.924177
24.76	88.0095	-88.9386	-0.929078
24.78	88.0131	-88.9705	-0.957306
24.8	89.1117	-90.0589	-0.947161
24.82	89.8882	-90.8191	-0.930909
24.84	89.8465	-90.788	-0.941535
24.86	89.2785	-90.2088	-0.930219
24.88	88.5341	-89.448	-0.913859
24.9	87.5488	-88.4624	-0.913619
24.92	86.6178	-87.5311	-0.913293
24.94	86.1595	-87.0673	-0.907797
24.96	86.176	-87.0839	-0.907897
24.98	86.4852	-87.3768	-0.891575
25	86.8846	-87.7815	-0.896945
25.02	87.4463	-88.3376	-0.891394
25.04	88.1303	-89.0166	-0.886358
25.06	88.3447	-89.2311	-0.88642
25.08	87.7951	-88.6545	-0.859396
25.1	86.0904	-86.9613	-0.87097
25.12	83.1379	-83.9852	-0.847271
25.14	81.6133	-82.4549	-0.841531
25.16	82.0799	-82.9341	-0.854173
25.18	82.4885	-83.3255	-0.83705
25.2	83.2009	-84.0433	-0.842416
25.22	84.1658	-85.0092	-0.84345
25.24	83.959	-84.8194	-0.860392
25.26	81.9764	-82.8414	-0.864973
25.28	79.8663	-80.7297	-0.863416
25.3	79.7032	-80.5568	-0.853575
25.32	80.4338	-81.2931	-0.859291
25.34	81.3963	-82.2496	-0.853306
25.36	82.8498	-83.6979	-0.848111
25.38	84.2652	-85.108	-0.842816
25.4	85.1289	-85.9607	-0.831783
25.42	85.3566	-86.1936	-0.83696
25.44	85.3144	-86.1564	-0.842057
25.46	85.5577	-86.3942	-0.836438
25.48	86.328	-87.1703	-0.84231
25.5	87.142	-87.9906	-0.848584
25.52	87.0331	-87.8879	-0.854722
25.54	86.2972	-87.1707	-0.873514
25.56	88.3927	-89.2908	-0.898124
25.58	90.5008	-91.3837	-0.88289
25.6	90.0614	-90.9545	-0.89306
25.62	87.9148	-88.824	-0.909246
25.64	84.8763	-85.8077	-0.931362
25.66	81.7593	-82.6944	-0.935112
25.68	81.525	-82.4595	-0.9345
25.7	84.5611	-85.4822	-0.921078
25.72	86.7703	-87.6851	-0.914846
25.74	87.9019	-88.8103	-0.908382
25.76	88.9393	-89.853	-0.913672
25.78	90.0984	-90.9901	-0.891759
25.8	91.2458	-92.1323	-0.886555
25.82	91.8053	-92.6865	-0.881225
25.84	91.4768	-92.3577	-0.880938
25.86	90.6433	-91.5246	-0.88126
25.88	89.2449	-90.1265	-0.881608
25.9	87.7609	-88.6525	-0.891597
25.92	87.527	-88.4253	-0.898341
25.94	87.7354	-88.6384	-0.902957
25.96	89.1711	-90.0636	-0.892471
25.98	90.8053	-91.6995	-0.894118
26	90.3934	-91.2917	-0.898325
26.02	89.2373	-90.1402	-0.90283
26.04	88.7265	-89.6246	-0.898143
26.06	88.1589	-89.0519	-0.893057
26.08	87.3214	-88.2137	-0.892268
26.1	87.3591	-88.2571	-0.898032
26.12	88.1858	-89.106	-0.920208
26.14	89.5001	-90.4092	-0.909161
26.16	91.0071	-91.9169	-0.909767
26.18	91.9645	-92.8733	-0.908801
26.2	92.9657	-93.8865	-0.920801
26.22	92.6358	-93.5411	-0.905231
26.24	90.1557	-91.0696	-0.913961
26.26	88.4504	-89.3578	-0.907384
26.28	89.0585	-90	-0.941509
26.3	90.2242	-91.1829	-0.958612
26.32	90.6887	-91.6573	-0.968607
26.34	91.2592	-92.2217	-0.962537
26.36	92.3754	-93.3167	-0.94136
26.38	92.8949	-93.8257	-0.930852
26.4	91.933	-92.8595	-0.926461
26.42	88.1171	-89.041	-0.923854
26.44	82.0775	-82.9854	-0.907898
26.46	84.9342	-85.8566	-0.92241
26.48	88.639	-89.5385	-0.899495
26.5	89.9274	-90.8037	-0.876313
26.52	89.8617	-90.7486	-0.886882
26.54	88.9181	-89.805	-0.886858
26.56	87.3753	-88.2617	-0.886377
26.58	86.0587	-86.945	-0.88628
26.6	85.1536	-86.03	-0.876405
26.62	83.8757	-84.7396	-0.863915
26.64	84.3699	-85.2272	-0.857351
26.66	87.623	-88.4667	-0.843641
26.68	90.013	-90.8789	-0.865922
26.7	90.1472	-90.9958	-0.84867
26.72	88.8518	-89.7053	-0.85352
26.74	87.0959	-87.9381	-0.842157
26.76	85.5814	-86.4348	-0.853346
26.78	84.2858	-85.1452	-0.859396
26.8	82.7867	-83.6405	-0.853761
26.82	81.8091	-82.6508	-0.84166
26.84	82.6946	-83.5319	-0.837283
26.86	84.1427	-84.9911	-0.848427
26.88	85.2326	-86.0699	-0.837347
26.9	85.8402	-86.6883	-0.848112
26.92	86.0325	-86.8856	-0.853149
26.94	86.2048	-87.058	-0.853201
26.96	86.2121	-87.0821	-0.870047
26.98	85.5424	-86.418	-0.875674
27	84.1602	-85.0249	-0.864655
27.02	82.725	-83.5938	-0.868791
27.04	83.0976	-83.9615	-0.863886
27.06	84.4834	-85.3597	-0.876262
27.08	84.642	-85.5291	-0.887121
27.1	83.3186	-84.2112	-0.892614
27.12	80.9042	-81.8017	-0.89752
27.14	78.8963	-79.7985	-0.902158
27.16	78.72	-79.6118	-0.891884
27.18	80.0669	-80.9478	-0.880886
27.2	82.3622	-83.2498	-0.887572
27.22	83.8414	-84.7464	-0.904995
27.24	83.4714	-84.374	-0.902571
27.26	84.6722	-85.5808	-0.908652
27.28	86.629	-87.5286	-0.899514
27.3	86.0395	-86.9424	-0.902888
27.32	84.8727	-85.7582	-0.885484
27.34	84.5816	-85.456	-0.874338
27.36	85.4251	-86.3164	-0.891326
27.38	86.6371	-87.5287	-0.891649
27.4	87.5519	-88.4546	-0.902719
27.42	87.848	-88.7454	-0.897412
27.44	87.2739	-88.1877	-0.913728
27.46	86.2032	-87.1433	-0.940104
27.48	86.0673	-86.9909	-0.923586
27.5	86.9701	-87.8784	-0.90834
27.52	87.339	-88.243	-0.903966
27.54	85.6685	-86.5736	-0.90506
27.56	82.0413	-82.9588	-0.917529
27.58	81.6759	-82.5845	-0.908651
27.6	82.8119	-83.7283	-0.916329
27.62	81.8465	-82.761	-0.91452
27.64	81.1146	-82.0267	-0.912092
27.66	83.3988	-84.302	-0.903207
27.68	86.089	-86.9931	-0.904096
27.7	87.1088	-88.012	-0.903165
27.72	87.1564	-88.0586	-0.90223
27.74	87.2941	-88.1797	-0.885637
27.76	87.6166	-88.4973	-0.880698
27.78	87.3895	-88.2544	-0.864821
27.8	86.1218	-86.9805	-0.858634
27.82	85.0739	-85.9152	-0.841264
27.84	85.365	-86.2292	-0.864233
27.86	85.8454	-86.7201	-0.874715
27.88	86.6422	-87.5168	-0.874552
27.9	87.7723	-88.6695	-0.897254
27.92	88.2039	-89.1076	-0.903715
27.94	87.102	-88.01	-0.908076
27.96	86.6581	-87.5592	-0.901109
27.98	88.3413	-89.2456	-0.904253
28	88.6514	-89.5546	-0.903193
28.02	88.2695	-89.1876	-0.918166
28.04	89.0539	-89.9783	-0.924337
28.06	90.2772	-91.2191	-0.94184
28.08	90.3279	-91.2765	-0.948585
28.1	87.9975	-88.9501	-0.952646
28.12	85.6203	-86.5722	-0.951911
28.14	84.3325	-85.2815	-0.948979
28.16	81.6252	-82.5746	-0.949428
28.18	78.1908	-79.1417	-0.950941
28.2	79.8439	-80.7907	-0.946793
28.22	84.8844	-85.8342	-0.949821
28.24	87.5991	-88.5472	-0.948136
28.26	88.5038	-89.4399	-0.936124
28.28	88.7946	-89.7247	-0.930164
28.3	88.9068	-89.8326	-0.925744
28.32	87.9266	-88.8406	-0.913987
28.34	87.0892	-88.0136	-0.924442
28.36	86.8676	-87.7934	-0.925742
28.38	85.676	-86.6057	-0.929683
28.4	85.0474	-85.9655	-0.918059
28.42	85.8171	-86.7466	-0.929521
28.44	87.1609	-88.0911	-0.930165
28.46	88.0277	-88.9471	-0.919431
28.48	87.9926	-88.9171	-0.924475
28.5	87.5902	-88.5085	-0.918272
28.52	87.6693	-88.5766	-0.907282
28.54	88.2262	-89.1174	-0.891178
28.56	88.7685	-89.6706	-0.902013
28.58	89.2961	-90.1981	-0.902047
28.6	89.6937	-90.6073	-0.913582
28.62	89.285	-90.1989	-0.913912
28.64	87.8984	-88.7954	-0.897006
28.66	86.4902	-87.3982	-0.908005
28.68	85.4559	-86.3756	-0.919756
28.7	84.2228	-85.1492	-0.926473
28.72	82.1083	-83.0383	-0.930008
28.74	83.1144	-84.0601	-0.945645
28.76	87.6469	-88.5908	-0.943962
28.78	89.7006	-90.6601	-0.959527
28.8	88.9902	-89.9437	-0.953508
28.82	86.2378	-87.1798	-0.942015
28.84	82.876	-83.8268	-0.950824
28.86	82.0421	-83.0153	-0.973221
28.88	83.3995	-84.3691	-0.969541
28.9	84.4293	-85.3981	-0.968884
28.92	85.2183	-86.1814	-0.963094
28.94	85.7608	-86.6967	-0.935878
28.96	85.6216	-86.5571	-0.935436
28.98	85.2325	-86.1731	-0.940602
29	85.0348	-85.9645	-0.929685
29.02	85.0132	-85.943	-0.929787
29.04	85.0969	-86.021	-0.924054
29.06	85.5545	-86.4786	-0.924117
29.08	86.3041	-87.2176	-0.913542
29.1	86.8481	-87.7619	-0.913868
29.12	86.6379	-87.5687	-0.93088
29.14	84.9722	-85.9033	-0.931176
29.16	81.8119	-82.7314	-0.919532
29.18	78.6958	-79.636	-0.940168
29.2	77.8188	-78.7538	-0.93498
29.22	79.2014	-80.1204	-0.918976
29.24	82.1228	-83.0471	-0.924269
29.26	86.0161	-86.931	-0.914869
29.28	88.408	-89.2908	-0.882789
29.3	87.8944	-88.7707	-0.876372
29.32	85.6577	-86.5382	-0.880538
29.34	83.643	-84.5122	-0.869198
29.36	82.6972	-83.5832	-0.885981
29.38	82.394	-83.2701	-0.876141
29.4	81.425	-82.2846	-0.85962
29.42	79.9682	-80.8104	-0.842145
29.44	79.2569	-80.0993	-0.842383
29.46	79.2628	-80.1267	-0.863918
29.48	80.1532	-81.0177	-0.86452
29.5	80.9972	-81.8623	-0.865022
29.52	81.2428	-82.1063	-0.863522
29.54	82.2749	-83.1228	-0.847959
29.56	82.9813	-83.8411	-0.859777
29.58	81.9297	-82.7891	-0.859341
29.6	79.6498	-80.4973	-0.847432
29.62	77.6135	-78.4549	-0.841366
29.64	76.9331	-77.7687	-0.835629
29.66	77.917	-78.7533	-0.836347
29.68	79.4342	-80.2827	-0.848439
29.7	79.7431	-80.592	-0.848894
29.72	78.5185	-79.3768	-0.858251
29.74	77.9081	-78.7773	-0.869197
29.76	78.2794	-79.1658	-0.886446
29.78	78.4536	-79.3406	-0.886941
29.8	77.6968	-78.5946	-0.897783
29.82	76.3949	-77.2693	-0.874335
29.84	76.498	-77.3723	-0.874295
29.86	78.2109	-79.0806	-0.869693
29.88	80.2138	-81.0623	-0.848512
29.9	81.207	-82.0612	-0.854285
29.92	80.7727	-81.6261	-0.853432
29.94	79.8968	-80.7559	-0.859105
29.96	78.6926	-79.5513	-0.85871
29.98	77.9014	-78.7426	-0.841272
30	78.5631	-79.3997	-0.836649
30.02	79.5612	-80.3983	-0.837081
30.04	79.9051	-80.7425	-0.83744
30.06	79.2642	-80.1006	-0.836339
30.08	79.2497	-80.0909	-0.841186
30.1	80.5282	-81.3654	-0.837195
30.12	81.3448	-82.1706	-0.825785
30.14	81.728	-82.5647	-0.836743
30.16	81.5875	-82.4247	-0.837209
30.18	80.3298	-81.1561	-0.826295
30.2	78.0257	-78.8571	-0.831461
30.22	75.5345	-76.3705	-0.835956
30.24	74.5309	-75.372	-0.84113
30.26	75.5479	-76.4012	-0.853317
30.28	76.9664	-77.815	-0.848642
30.3	77.3535	-78.2024	-0.848849
30.32	76.6153	-77.4515	-0.836221
30.34	76.8536	-77.6896	-0.835961
30.36	78.6204	-79.4403	-0.819944
30.38	80.9428	-81.7633	-0.820522
30.4	82.6675	-83.4829	-0.815342
30.42	83.2036	-84.024	-0.820359
30.44	83.0735	-83.888	-0.814426
30.46	82.9325	-83.747	-0.814489
30.48	82.8612	-83.6649	-0.803697
30.5	82.6671	-83.4713	-0.80422
30.52	81.7773	-82.5822	-0.804943
30.54	79.6677	-80.4774	-0.809732
30.56	77.8092	-78.6337	-0.824497
30.58	78.3402	-79.1494	-0.809278
30.6	79.8611	-80.666	-0.804908
30.62	80.6258	-81.4247	-0.798873
30.64	81.0544	-81.8584	-0.80394
30.66	81.6835	-82.499	-0.815498
30.68	81.8593	-82.6646	-0.805283
30.7	80.9284	-81.7166	-0.788185
30.72	79.8186	-80.6063	-0.787713
30.74	79.3036	-80.097	-0.793335
30.76	79.177	-79.9599	-0.782876
30.78	78.8208	-79.5923	-0.771496
30.8	78.9172	-79.6764	-0.759151
30.82	80.7948	-81.5769	-0.782118
30.84	82.9863	-83.769	-0.782647
30.86	84.2293	-85.0006	-0.771373
30.88	84.6193	-85.3903	-0.771046
30.9	84.463	-85.2176	-0.754568
30.92	83.8578	-84.6125	-0.754673
30.94	82.7457	-83.5062	-0.760519
30.96	80.8312	-81.5976	-0.7664
30.98	78.2197	-78.9684	-0.748626
31	77.1087	-77.8568	-0.748096
31.02	78.2218	-78.9827	-0.760912
31.04	79.3584	-80.1191	-0.760683
31.06	80.1808	-80.9524	-0.771534
31.08	80.6696	-81.458	-0.788447
31.1	80.1434	-80.9324	-0.788967
31.12	78.3047	-79.0756	-0.770838
31.14	77.698	-78.4356	-0.737614
31.16	78.4952	-79.2296	-0.734399
31.18	77.8058	-78.5329	-0.727129
31.2	77.3033	-78.0458	-0.742535
31.22	78.1651	-78.8923	-0.727257
31.24	78.9313	-79.6479	-0.716537
31.26	78.9152	-79.659	-0.74378
31.28	78.216	-78.9543	-0.738275
31.3	76.8902	-77.6175	-0.727346
31.32	75.0733	-75.7947	-0.721392
31.34	73.5477	-74.2739	-0.726198
31.36	73.2449	-73.9877	-0.742849
31.38	73.9037	-74.6473	-0.743501
31.4	74.5525	-75.307	-0.754543
31.42	74.9303	-75.6627	-0.732326
31.44	75.2825	-76.0257	-0.743214
31.46	75.6604	-76.4037	-0.743284
31.48	75.8822	-76.6148	-0.732581
31.5	75.5699	-76.2864	-0.716437
31.52	74.4178	-75.1342	-0.716384
31.54	72.957	-73.6776	-0.720616
31.56	72.9364	-73.6466	-0.710196
31.58	73.7996	-74.4891	-0.689544
31.6	74.0839	-74.7779	-0.693941
31.62	74.6986	-75.3766	-0.678003
31.64	75.0618	-75.7404	-0.678541
31.66	74.4443	-75.1383	-0.694019
31.68	74.0309	-74.7296	-0.698798
31.7	74.7278	-75.4218	-0.694046
31.72	75.6715	-76.3549	-0.683394
31.74	76.2458	-76.9235	-0.677729
31.76	76.5789	-77.2567	-0.677748
31.78	76.5965	-77.2803	-0.683859
31.8	75.5959	-76.28	-0.684152
31.82	73.8052	-74.4874	-0.682206
31.84	73.9516	-74.6175	-0.665827
31.86	76.0331	-76.7011	-0.667968
31.88	77.2977	-77.9543	-0.656588
31.9	77.8812	-78.5375	-0.656293
31.92	77.9758	-78.6446	-0.668835
31.94	75.7278	-76.392	-0.664177
31.96	71.1849	-71.8618	-0.676946
31.98	69.4088	-70.0921	-0.683282
32	70.1132	-70.809	-0.695717
32.02	70.9584	-71.6581	-0.699735
32.04	73.0708	-73.7819	-0.711098
32.06	75.7986	-76.4939	-0.695324
32.08	77.7094	-78.4052	-0.695889
32.1	77.5672	-78.2629	-0.695752
32.12	75.3857	-76.0909	-0.705217
32.14	73.1273	-73.8043	-0.677023
32.16	72.0047	-72.693	-0.688268
32.18	71.8201	-72.5136	-0.693538
32.2	72.5905	-73.2899	-0.699403
32.22	73.6338	-74.3339	-0.700042
32.24	74.0145	-74.7308	-0.716267
32.26	73.8362	-74.5468	-0.710684
32.28	73.3472	-74.0578	-0.71058
32.3	73.0437	-73.7644	-0.720694
32.32	73.9049	-74.6213	-0.71636
32.34	74.5065	-75.2193	-0.712752
32.36	72.4432	-73.1514	-0.708246
32.38	67.5595	-68.2749	-0.715446
32.4	66.4993	-67.2012	-0.701871
32.42	71.7558	-72.4474	-0.691652
32.44	75.1444	-75.8352	-0.690841
32.46	75.5287	-76.2129	-0.684133
32.48	74.4708	-75.1424	-0.671586
32.5	73.953	-74.6251	-0.672141
32.52	73.5059	-74.1678	-0.661988
32.54	72.2432	-72.8876	-0.644363
32.56	71.8366	-72.4856	-0.648919
32.58	73.3946	-74.045	-0.650395
32.6	75.0448	-75.685	-0.640165
32.62	75.5416	-76.1646	-0.623004
32.64	75.5986	-76.2267	-0.628039
32.66	75.7798	-76.4136	-0.633836
32.68	75.7032	-76.3482	-0.644989
32.7	75.1283	-75.784	-0.655678
32.72	74.3978	-75.0477	-0.649888
32.74	74.0398	-74.6784	-0.638659
32.76	74.5065	-75.145	-0.63856
32.78	75.8649	-76.4984	-0.633524
32.8	77.4281	-78.0512	-0.623109
32.82	78.3459	-78.9692	-0.623306
32.84	78.351	-78.985	-0.63402
32.86	77.9373	-78.5652	-0.62787
32.88	78.1178	-78.724	-0.606243
32.9	78.5783	-79.2023	-0.623956
32.92	77.9575	-78.5866	-0.629104
32.94	76.7091	-77.3433	-0.634226
32.96	75.5693	-76.209	-0.63969
32.98	74.7487	-75.3826	-0.6339
33	74.7142	-75.3694	-0.655254
33.02	75.9633	-76.619	-0.655641
33.04	77.7664	-78.4226	-0.656218
33.06	79.0488	-79.705	-0.656164
33.08	79.5439	-80.2	-0.656091
33.1	79.3441	-79.9943	-0.6502
33.12	79.0415	-79.6966	-0.655082
33.14	79.3215	-79.9827	-0.661202
33.16	79.4303	-80.0979	-0.667537
33.18	78.3162	-78.967	-0.650821
33.2	76.5115	-77.1779	-0.666356
33.22	75.3083	-75.9692	-0.660946
33.24	74.8835	-75.5607	-0.677222
33.26	75.3191	-75.9856	-0.666513
33.28	76.0751	-76.7256	-0.650526
33.3	76.3849	-77.046	-0.661175
33.32	76.3902	-77.0622	-0.672021
33.34	76.2232	-76.8954	-0.672162
33.36	75.7567	-76.4508	-0.694138
33.38	75.0288	-75.7174	-0.688577
33.4	74.3848	-75.0784	-0.693624
33.42	74.5677	-75.2447	-0.677053
33.44	75.6673	-76.3617	-0.694458
33.46	76.4962	-77.202	-0.705812
33.48	76.5837	-77.2891	-0.705361
33.5	76.6082	-77.3355	-0.727292
33.52	77.0511	-77.7887	-0.737622
33.54	78.5869	-79.3201	-0.733139
33.56	79.7344	-80.4747	-0.740318
33.58	78.2792	-79.0296	-0.750359
33.6	75.7974	-76.5507	-0.753248
33.62	75.6069	-76.3722	-0.76526
33.64	76.7433	-77.5154	-0.772023
33.66	77.4349	-78.206	-0.771157
33.68	78.2803	-79.0459	-0.76561
33.7	79.2883	-80.065	-0.776676
33.72	79.9398	-80.7004	-0.760666
33.74	79.653	-80.4134	-0.76034
33.76	79.0151	-79.7632	-0.74812
33.78	79.3076	-80.0734	-0.7658
33.8	79.1696	-79.9192	-0.749646
33.82	78.0299	-78.7732	-0.74328
33.84	76.9737	-77.7111	-0.737371
33.86	76.7441	-77.4869	-0.742801
33.88	77.4732	-78.2216	-0.748408
33.9	78.9003	-79.6492	-0.748838
33.92	80.315	-81.0589	-0.743871
33.94	80.9135	-81.6576	-0.744163
33.96	80.3802	-81.1239	-0.743659
33.98	79.3886	-80.132	-0.743386
34	78.4627	-79.2063	-0.743575
34.02	77.5394	-78.3047	-0.765206
34.04	77.0952	-77.8544	-0.759291
34.06	77.6425	-78.4081	-0.765538
34.08	78.1632	-78.9186	-0.755415
34.1	77.6718	-78.4266	-0.754729
34.12	77.0953	-77.8552	-0.759843
34.14	77.1256	-77.8638	-0.738229
34.16	77.5398	-78.256	-0.716292
34.18	78.1093	-78.8374	-0.728063
34.2	77.8041	-78.5326	-0.728511
34.22	76.2202	-76.9479	-0.727674
34.24	74.9075	-75.6335	-0.725988
34.26	76.2312	-76.9575	-0.726322
34.28	79.6204	-80.3539	-0.733564
34.3	82.2789	-83.0074	-0.728537
34.32	82.9097	-83.638	-0.72828
34.34	81.6601	-82.3936	-0.733491
34.36	79.1539	-79.8815	-0.727672
34.38	76.5676	-77.2883	-0.72068
34.4	76.3409	-77.0506	-0.70966
34.42	78.4767	-79.1831	-0.706456
34.44	79.8386	-80.5456	-0.70693
34.46	79.2628	-79.9581	-0.695269
34.48	78.0332	-78.7377	-0.704492
34.5	78.1385	-78.8392	-0.700679
34.52	77.9832	-78.6673	-0.684029
34.54	77.568	-78.2394	-0.671434
34.56	78.6614	-79.3278	-0.666428
34.58	80.571	-81.2494	-0.678383
34.6	81.6523	-82.3305	-0.67822
34.62	81.6954	-82.3733	-0.677821
34.64	81.1041	-81.7871	-0.683006
34.66	80.2485	-80.926	-0.677511
34.68	79.2276	-79.9052	-0.677638
34.7	78.0418	-78.7085	-0.666656
34.72	76.9099	-77.5874	-0.677485
34.74	76.1255	-76.8088	-0.683283
34.76	75.4225	-76.1008	-0.67826
34.78	74.3531	-75.0148	-0.661711
34.8	73.2636	-73.919	-0.655448
34.82	73.2833	-73.9273	-0.644072
34.84	74.8302	-75.4751	-0.644893
34.86	76.6599	-77.2999	-0.639964
34.88	77.686	-78.3204	-0.634428
34.9	77.7573	-78.3973	-0.640024
34.92	76.824	-77.4531	-0.629093
34.94	75.2527	-75.8972	-0.644463
34.96	74.4637	-75.1194	-0.655774
34.98	74.1512	-74.8132	-0.661995
35	73.3546	-73.9994	-0.644757
35.02	72.8356	-73.4689	-0.633305
35.04	73.1483	-73.782	-0.633699
35.06	73.6745	-74.3032	-0.62866
35.08	73.7183	-74.3523	-0.634074
35.1	73.2946	-73.934	-0.639368
35.12	72.6932	-73.3326	-0.639354
35.14	72.0169	-72.6672	-0.65029
35.16	71.3797	-72.03	-0.650317
35.18	70.7528	-71.3931	-0.640316
35.2	69.2492	-69.8786	-0.62935
35.22	67.5631	-68.2073	-0.644136
35.24	67.6759	-68.3321	-0.656209
35.26	68.4912	-69.1581	-0.666869
35.28	69.7733	-70.4453	-0.672035
35.3	71.4666	-72.1393	-0.672701
35.32	72.4686	-73.1139	-0.645227
35.34	72.5813	-73.2205	-0.639182
35.36	72.3845	-73.018	-0.63343
35.38	72.2565	-72.9009	-0.644351
35.4	72.2917	-72.9415	-0.649796
35.42	72.6089	-73.2696	-0.660709
35.44	73.235	-73.8959	-0.66091
35.46	73.9563	-74.6119	-0.655545
35.48	74.573	-75.2289	-0.655899
35.5	74.6988	-75.3493	-0.650539
35.52	74.3512	-74.9901	-0.638882
35.54	74.4463	-75.0907	-0.644483
35.56	74.8387	-75.5007	-0.662045
35.58	74.3615	-75.034	-0.672462
35.6	74.0171	-74.688	-0.670864
35.62	75.6717	-76.355	-0.683268
35.64	77.5694	-78.2536	-0.684269
35.66	77.9765	-78.671	-0.694516
35.68	77.4784	-78.1558	-0.677374
35.7	76.9905	-77.6623	-0.671758
35.72	76.7469	-77.4298	-0.682976
35.74	76.4282	-77.1004	-0.672267
35.76	75.8821	-76.554	-0.671928
35.78	75.6752	-76.3523	-0.677085
35.8	76.3219	-77.0102	-0.68831
35.82	77.3949	-78.0784	-0.683508
35.84	77.9336	-78.623	-0.689373
35.86	77.3974	-78.0867	-0.689247
35.88	76.0185	-76.7019	-0.683452
35.9	74.5667	-75.26	-0.693369
35.92	74.5595	-75.2744	-0.714889
35.94	76.4058	-77.1275	-0.721646
35.96	78.4147	-79.1421	-0.727386
35.98	79.8838	-80.6108	-0.726957
36	80.9716	-81.6988	-0.727135
36.02	81.3588	-82.0747	-0.715957
36.04	81.127	-81.8481	-0.721044
36.06	80.7013	-81.4278	-0.726503
36.08	80.1281	-80.8383	-0.710231
36.1	79.2819	-79.9865	-0.704655
36.12	78.376	-79.0914	-0.715376
36.14	77.8551	-78.5593	-0.704272
36.16	78.0843	-78.7886	-0.704304
36.18	79.0978	-79.8081	-0.71023
36.2	80.3686	-81.0903	-0.721711
36.22	81.3117	-82.0335	-0.721738
36.24	81.8256	-82.5424	-0.716884
36.26	81.2225	-81.94	-0.717513
36.28	79.1746	-79.8905	-0.715882
36.3	78.2055	-78.9254	-0.719882
36.32	80.0384	-80.7602	-0.721819
36.34	82.2037	-82.9316	-0.727873
36.36	83.2305	-83.9634	-0.732967
36.38	83.2799	-83.9962	-0.716312
36.4	82.605	-83.3166	-0.71156
36.42	80.5969	-81.287	-0.690019
36.44	78.4597	-79.1515	-0.691778
36.46	80.0534	-80.7328	-0.679448
36.48	81.135	-81.82	-0.685021
36.5	80.1221	-80.8064	-0.684252
36.52	78.0801	-78.7581	-0.677994
36.54	76.2667	-76.939	-0.672312
36.56	75.2023	-75.8799	-0.677609
36.58	75.227	-75.9151	-0.68808
36.6	76.7373	-77.4319	-0.694624
36.62	78.2554	-78.9508	-0.695393
36.64	78.6765	-79.3653	-0.688882
36.66	79.0586	-79.7469	-0.688372
36.68	79.9357	-80.6356	-0.699869
36.7	80.443	-81.121	-0.678023
36.72	80.11	-80.7877	-0.67765
36.74	79.2048	-79.8934	-0.688593
36.76	77.7706	-78.4538	-0.683199
36.78	75.8844	-76.5672	-0.682794
36.8	74.3319	-75.0195	-0.687599
36.82	74.1235	-74.8167	-0.693253
36.84	74.9579	-75.6468	-0.688827
36.86	75.3606	-76.0384	-0.67781
36.88	75.0449	-75.7276	-0.682724
36.9	74.5325	-75.2043	-0.671774
36.92	73.7848	-74.4679	-0.683027
36.94	72.4623	-73.1673	-0.704976
36.96	70.6402	-71.3502	-0.710082
36.98	69.0131	-69.7171	-0.704049
37	68.4829	-69.1762	-0.693247
37.02	68.9499	-69.6388	-0.688879
37.04	68.9933	-69.6996	-0.70632
37.06	67.8891	-68.5937	-0.70458
37.08	67.7244	-68.4186	-0.694137
37.1	68.1487	-68.8379	-0.68922
37.12	68.0997	-68.7554	-0.655663
37.14	68.1868	-68.8368	-0.650008
37.16	68.5903	-69.2461	-0.655839
37.18	68.8758	-69.5099	-0.634159
37.2	68.5342	-69.169	-0.6348
37.22	66.9182	-67.5358	-0.617598
37.24	65.1797	-65.7851	-0.605413
37.26	65.0387	-65.6556	-0.616847
37.28	65.8738	-66.5083	-0.634503
37.3	66.053	-66.6979	-0.644842
37.32	66.0194	-66.6635	-0.644068
37.34	66.6539	-67.287	-0.633165
37.36	67.7937	-68.4327	-0.638966
37.38	68.8257	-69.4702	-0.644497
37.4	69.5051	-70.144	-0.638839
37.42	69.9434	-70.5767	-0.633261
37.44	70.2198	-70.8641	-0.644287
37.46	70.2952	-70.945	-0.649778
37.48	70.1791	-70.8234	-0.644304
37.5	69.8731	-70.5177	-0.644584
37.52	69.14	-69.7739	-0.633889
37.54	67.9048	-68.5219	-0.617049
37.56	66.9391	-67.5446	-0.605521
37.58	66.9722	-67.5783	-0.606124
37.6	67.3286	-67.9403	-0.611739
37.62	67.737	-68.3429	-0.605952
37.64	68.4521	-69.0476	-0.59551
37.66	68.9233	-69.508	-0.584669
37.68	69.0068	-69.5746	-0.567761
37.7	69.2583	-69.8098	-0.551582
37.72	69.5656	-70.1061	-0.540472
37.74	70.177	-70.7061	-0.529091
37.76	71.4496	-71.9791	-0.529496
37.78	72.7442	-73.2738	-0.529594
37.8	73.7129	-74.2478	-0.53492
37.82	74.3524	-74.8875	-0.535084
37.84	74.3993	-74.9239	-0.524508
37.86	73.4192	-73.9492	-0.530064
37.88	71.4681	-72.0144	-0.546323
37.9	69.2704	-69.8157	-0.545279
37.92	68.7527	-69.3027	-0.550039
37.94	70.6124	-71.1863	-0.573888
37.96	72.4126	-72.9864	-0.573849
37.98	73.4174	-74.0021	-0.584616
38	73.6394	-74.2132	-0.573848
38.02	72.8803	-73.4595	-0.579178
38.04	71.4869	-72.0654	-0.578561
38.06	70.4191	-70.9975	-0.578385
38.08	70.0524	-70.6256	-0.573219
38.1	70.0594	-70.6271	-0.567697
38.12	70.4472	-71.0311	-0.583897
38.14	71.4462	-72.0191	-0.572932
38.16	72.9674	-73.5407	-0.573217
38.18	74.5055	-75.0789	-0.573448
38.2	75.6099	-76.1779	-0.568008
38.22	76.1877	-76.7556	-0.56788
38.24	76.4148	-76.9662	-0.551337
38.26	76.4476	-77.0101	-0.562493
38.28	76.1151	-76.6727	-0.557608
38.3	74.8099	-75.3627	-0.552827
38.32	72.1948	-72.7467	-0.551987
38.34	70.1039	-70.6488	-0.54488
38.36	70.8165	-71.3629	-0.546445
38.38	72.6668	-73.2249	-0.558069
38.4	74.4937	-75.0615	-0.567765
38.42	77.214	-77.7825	-0.568544
38.44	79.6447	-80.2086	-0.563879
38.46	80.381	-80.9503	-0.569243
38.48	79.4102	-79.9843	-0.574071
38.5	77.7426	-78.3212	-0.578567
38.52	76.7193	-77.298	-0.578751
38.54	76.3163	-76.9065	-0.590149
38.56	76.0321	-76.6328	-0.600715
38.58	76.153	-76.7758	-0.622781
38.6	76.4332	-77.0453	-0.612085
38.62	76.4191	-77.0257	-0.60662
38.64	75.9623	-76.5582	-0.595979
38.66	74.6311	-75.2333	-0.602143
38.68	72.0002	-72.5958	-0.595619
38.7	70.1326	-70.7313	-0.598657
38.72	72.0699	-72.6646	-0.594712
38.74	75.9391	-76.5244	-0.585338
38.76	79.0114	-79.5911	-0.579716
38.78	80.7828	-81.3677	-0.584861
38.8	81.4349	-82.014	-0.579155
38.82	81.163	-81.7476	-0.584596
38.84	80.0521	-80.6423	-0.590202
38.86	78.1647	-78.7603	-0.595603
38.88	75.9486	-76.544	-0.595336
38.9	74.1751	-74.7593	-0.584166
38.92	73.5226	-74.1123	-0.589645
38.94	74.0552	-74.6347	-0.579484
38.96	74.7932	-75.3729	-0.579741
38.98	75.2103	-75.8174	-0.607147
39	75.1709	-75.7779	-0.606974
39.02	74.99	-75.6016	-0.611616
39.04	75.5523	-76.1588	-0.606449
39.06	76.3235	-76.936	-0.612525
39.08	76.3071	-76.9302	-0.623074
39.1	75.7183	-76.3351	-0.616873
39.12	75.3744	-75.98	-0.605571
39.14	75.6278	-76.2282	-0.60038
39.16	76.0505	-76.6513	-0.600759
39.18	76.0565	-76.6574	-0.600942
39.2	75.3737	-75.9527	-0.578965
39.22	74.1787	-74.7738	-0.595093
39.24	73.0029	-73.5982	-0.595288
39.26	71.8769	-72.4615	-0.584561
39.28	71.1685	-71.7571	-0.588647
39.3	72.3524	-72.9426	-0.590214
39.32	73.6521	-74.2372	-0.585107
39.34	73.9705	-74.5549	-0.584429
39.36	73.8827	-74.4724	-0.589667
39.38	73.7142	-74.293	-0.578761
39.4	73.4566	-74.0409	-0.584312
39.42	73.0242	-73.6086	-0.584412
39.44	72.3812	-72.971	-0.589741
39.46	71.8032	-72.3872	-0.584004
39.48	71.6635	-72.2475	-0.584085
39.5	71.9	-72.4843	-0.584326
39.52	72.1523	-72.7424	-0.590058
39.54	72.1644	-72.765	-0.600613
39.56	72.5014	-73.1127	-0.611236
39.58	73.5058	-74.1123	-0.606538
39.6	74.2322	-74.8389	-0.606695
39.62	74.2037	-74.8051	-0.601322
39.64	73.3729	-73.9628	-0.589962
39.66	72.5561	-73.156	-0.599895
39.68	73.0408	-73.6356	-0.594846
39.7	74.3201	-74.9156	-0.595491
39.72	75.3163	-75.9229	-0.606552
39.74	75.6668	-76.2623	-0.595485
39.76	75.4893	-76.068	-0.578733
39.78	75.2328	-75.8113	-0.578575
39.8	75.139	-75.7233	-0.584319
39.82	75.0289	-75.6295	-0.600589
39.84	75.0742	-75.6804	-0.60613
39.86	75.2503	-75.8565	-0.606197
39.88	75.5615	-76.1672	-0.605674
39.9	76.4912	-77.0921	-0.60082
39.92	77.2601	-77.8673	-0.607236
39.94	76.8526	-77.4593	-0.60667
39.96	76.2727	-76.8786	-0.60594
39.98	76.4336	-77.0463	-0.612745
40	75.962	-76.5967	-0.634735
40.02	74.7296	-75.3637	-0.634106
40.04	73.7233	-74.3521	-0.628732
40.06	73.0906	-73.7301	-0.639522
40.08	73.2181	-73.8732	-0.655156
40.1	74.8004	-75.4569	-0.656525
40.12	76.0417	-76.7042	-0.662465
40.14	75.9888	-76.6391	-0.650304
40.16	75.9417	-76.5913	-0.649626
40.18	76.6785	-77.3394	-0.660969
40.2	77.5259	-78.182	-0.656069
40.22	77.5551	-78.2165	-0.661386
40.24	76.9093	-77.5646	-0.655328
40.26	76.376	-77.02	-0.644037
40.28	76.5181	-77.162	-0.643903
40.3	77.4786	-78.1175	-0.638835
40.32	78.5334	-79.1785	-0.645068
40.34	78.5334	-79.1952	-0.661746
40.36	77.0503	-77.6903	-0.639916
40.38	74.7847	-75.4221	-0.637358
40.4	75.1114	-75.7661	-0.65476
40.42	77.0145	-77.682	-0.66751
40.44	77.6659	-78.3325	-0.666625
40.46	77.5627	-78.2288	-0.666148
40.48	77.2647	-77.9145	-0.649788
40.5	76.6937	-77.3381	-0.644398
40.52	75.841	-76.4906	-0.649587
40.54	75.2173	-75.861	-0.643727
40.56	75.4232	-76.0669	-0.64373
40.58	76.4819	-77.1317	-0.649761
40.6	77.6612	-78.3061	-0.644878
40.62	78.1258	-78.7708	-0.645021
40.64	77.7287	-78.4007	-0.672042
40.66	77.1271	-77.8045	-0.677408
40.68	76.6782	-77.3563	-0.678103
40.7	76.0219	-76.6883	-0.666368
40.72	76.3797	-77.051	-0.671214
40.74	78.2534	-78.9156	-0.662135
40.76	79.1374	-79.8113	-0.67391
40.78	77.9162	-78.5722	-0.65598
40.8	76.6596	-77.3313	-0.671699
40.82	76.5633	-77.2355	-0.672145
40.84	77.1077	-77.7798	-0.672129
40.86	77.7824	-78.4612	-0.678747
40.88	77.226	-77.8984	-0.672405
40.9	76.3971	-77.0633	-0.666132
40.92	76.2084	-76.87	-0.661589
40.94	75.743	-76.3985	-0.655542
40.96	75.7638	-76.4236	-0.659753
40.98	77.4519	-78.1022	-0.65027
41	78.8359	-79.4811	-0.645239
41.02	78.7119	-79.3509	-0.638971
41.04	77.7418	-78.3913	-0.649507
41.06	76.5361	-77.1745	-0.638394
41.08	75.4924	-76.125	-0.632665
41.1	75.0197	-75.6801	-0.66034
41.12	74.8941	-75.5547	-0.660605
41.14	74.8607	-75.5211	-0.660424
41.16	75.0866	-75.7581	-0.671492
41.18	75.4257	-76.0918	-0.666146
41.2	75.6641	-76.3249	-0.660771
41.22	75.6755	-76.3308	-0.65526
41.24	75.6025	-76.2576	-0.655041
41.26	75.8364	-76.4968	-0.660322
41.28	76.6716	-77.3544	-0.682737
41.3	77.4236	-78.1074	-0.683737
41.32	76.8381	-77.5108	-0.67272
41.34	75.101	-75.7781	-0.677171
41.36	73.7511	-74.4278	-0.676654
41.38	73.7161	-74.3984	-0.682302
41.4	74.9651	-75.6532	-0.688129
41.42	76.7926	-77.4822	-0.689608
41.44	77.2978	-77.9929	-0.69511
41.46	76.7506	-77.4434	-0.69281
41.48	77.5883	-78.2934	-0.705071
41.5	78.4119	-79.1172	-0.705316
41.52	78.3496	-79.065	-0.715417
41.54	78.2215	-78.9313	-0.709768
41.56	78.2482	-78.9527	-0.704491
41.58	78.1942	-78.904	-0.709819
41.6	78.2337	-78.9598	-0.72616
41.62	78.4498	-79.1601	-0.710295
41.64	78.1766	-78.8876	-0.710996
41.66	76.8893	-77.5994	-0.710172
41.68	76.015	-76.7352	-0.720187
41.7	76.9242	-77.6507	-0.726414
41.72	78.6019	-79.3347	-0.732734
41.74	79.6286	-80.3504	-0.721801
41.76	79.6725	-80.394	-0.721467
41.78	79.1685	-79.8789	-0.710403
41.8	78.3226	-79.028	-0.705328
41.82	76.8528	-77.5467	-0.693929
41.84	75.607	-76.2997	-0.692656
41.86	76.0848	-76.7781	-0.693308
41.88	77.4425	-78.1261	-0.683668
41.9	77.7474	-78.4261	-0.678722
41.92	76.5695	-77.2519	-0.682338
41.94	76.5057	-77.1876	-0.681938
41.96	77.9315	-78.6102	-0.678664
41.98	78.0217	-78.7053	-0.683601
42	77.0481	-77.7357	-0.687589
42.02	76.9174	-77.6265	-0.709105
42.04	78.1791	-78.8889	-0.709843
42.06	79.7699	-80.4749	-0.704989
42.08	80.5522	-81.2689	-0.716688
42.1	79.4625	-80.1854	-0.722886
42.12	76.224	-76.9339	-0.709913
42.14	74.2508	-74.9533	-0.702481
42.16	75.8957	-76.6009	-0.705229
42.18	77.7145	-78.4038	-0.689311
42.2	78.0278	-78.722	-0.694154
42.22	77.2817	-77.9807	-0.699004
42.24	76.2532	-76.9682	-0.715063
42.26	75.5255	-76.2459	-0.720363
42.28	75.3902	-76.1106	-0.720429
42.3	75.7681	-76.4834	-0.71529
42.32	76.1778	-76.9044	-0.726516
42.34	76.2223	-76.9542	-0.731944
42.36	76.0193	-76.7509	-0.731624
42.38	76.1172	-76.8485	-0.731371
42.4	76.8884	-77.6148	-0.726427
42.42	77.6744	-78.3961	-0.721742
42.44	77.5061	-78.2113	-0.705204
42.46	76.7015	-77.4007	-0.699187
42.48	76.0491	-76.7327	-0.683591
42.5	74.9311	-75.6256	-0.694544
42.52	73.5412	-74.2461	-0.704928
42.54	72.7338	-73.4439	-0.710175
42.56	72.871	-73.5752	-0.704223
42.58	74.3622	-75.0664	-0.704219
42.6	76.8228	-77.5062	-0.683362
42.62	78.6748	-79.3586	-0.683744
42.64	79.114	-79.8137	-0.699671
42.66	78.7266	-79.4367	-0.710103
42.68	78.2584	-78.9633	-0.704921
42.7	77.525	-78.241	-0.716011
42.72	76.5777	-77.2821	-0.704366
42.74	76.4054	-77.1045	-0.699099
42.76	76.6594	-77.3598	-0.700379
42.78	75.827	-76.5322	-0.705171
42.8	74.6944	-75.4151	-0.720659
42.82	74.5276	-75.2487	-0.721038
42.84	74.8864	-75.6298	-0.743397
42.86	75.1391	-75.8765	-0.737382
42.88	75.63	-76.3676	-0.73756
42.9	75.9811	-76.7355	-0.75443
42.92	75.5633	-76.3007	-0.737432
42.94	74.9631	-75.6945	-0.731404
42.96	74.8563	-75.588	-0.731692
42.98	75.1026	-75.8506	-0.748017
43	75.8498	-76.6035	-0.753686
43.02	76.7652	-77.514	-0.748804
43.04	77.0545	-77.8032	-0.748629
43.06	76.847	-77.5954	-0.748369
43.08	76.6036	-77.3407	-0.737115
43.1	76.8298	-77.5722	-0.742469
43.12	77.6567	-78.3994	-0.742662
43.14	78.7727	-79.5155	-0.742845
43.16	79.8666	-80.5984	-0.731833
43.18	80.883	-81.6149	-0.731898
43.2	81.6095	-82.3418	-0.732301
43.22	81.5364	-82.2688	-0.732334
43.24	80.7438	-81.4755	-0.73173
43.26	80.0696	-80.8012	-0.731597
43.28	79.8488	-80.5971	-0.748243
43.3	79.9844	-80.738	-0.753604
43.32	80.6587	-81.4288	-0.770149
43.34	81.7749	-82.5512	-0.776349
43.36	82.4126	-83.2007	-0.788125
43.38	81.6179	-82.4115	-0.793601
43.4	79.9971	-80.7776	-0.780535
43.42	80.1446	-80.9257	-0.781149
43.44	81.5286	-82.3054	-0.776819
43.46	82.2553	-83.0269	-0.771521
43.48	81.8645	-82.6242	-0.759722
43.5	81.4989	-82.2467	-0.747747
43.52	82.4182	-83.1722	-0.754045
43.54	83.5708	-84.3314	-0.760594
43.56	83.4259	-84.2024	-0.776567
43.58	82.4026	-83.1839	-0.781338
43.6	81.5149	-82.2905	-0.775671
43.62	81.124	-81.9108	-0.786757
43.64	80.939	-81.7208	-0.781719
43.66	80.3874	-81.1744	-0.787039
43.68	79.5794	-80.3718	-0.792334
43.7	78.6897	-79.4716	-0.781865
43.72	77.2373	-78.0193	-0.782002
43.74	75.7061	-76.486	-0.779866
43.76	76.7556	-77.5423	-0.786692
43.78	78.5805	-79.3709	-0.790383
43.8	76.595	-77.3841	-0.78913
43.82	73.8869	-74.665	-0.778177
43.84	76.1644	-76.9474	-0.783004
43.86	78.0993	-78.8875	-0.78817
43.88	78.2163	-79.0202	-0.803898
43.9	77.2332	-78.0257	-0.7925
43.92	75.9192	-76.7111	-0.791911
43.94	75.3437	-76.1298	-0.78603
43.96	76.0549	-76.8364	-0.781516
43.98	77.053	-77.8342	-0.78126
44	78.3198	-79.0901	-0.770263
44.02	79.6825	-80.4533	-0.770788
44.04	80.2857	-81.0455	-0.759874
44.06	79.9337	-80.7154	-0.781732
44.08	78.9023	-79.6835	-0.781258
44.1	78.1463	-78.9435	-0.797229
44.12	78.4045	-79.2029	-0.798382
44.14	78.3988	-79.2038	-0.805015
44.16	77.6737	-78.4701	-0.796402
44.18	79.4331	-80.2538	-0.820711
44.2	81.1848	-82.0114	-0.82657
44.22	81.1601	-81.9806	-0.820498
44.24	79.7729	-80.6047	-0.831769
44.26	77.2331	-78.0582	-0.825164
44.28	75.7538	-76.5666	-0.812769
44.3	77.5151	-78.3289	-0.813719
44.32	80.8905	-81.7063	-0.815791
44.34	82.639	-83.4384	-0.799365
44.36	82.0753	-82.8574	-0.782154
44.38	80.2762	-81.0627	-0.786565
44.4	78.8954	-79.676	-0.780608
44.42	78.721	-79.5079	-0.786919
44.44	78.873	-79.6549	-0.781871
44.46	78.8379	-79.603	-0.76509
44.48	78.9426	-79.7134	-0.770754
44.5	79.2075	-79.9724	-0.76482
44.52	79.9872	-80.7527	-0.765484
44.54	80.3155	-81.0767	-0.761137
44.56	78.6886	-79.4548	-0.766199
44.58	76.5594	-77.3169	-0.757512
44.6	77.4167	-78.1876	-0.770929
44.62	78.4853	-79.2676	-0.782312
44.64	78.1943	-78.9922	-0.797865
44.66	77.3924	-78.1895	-0.797099
44.68	77.1655	-77.951	-0.785534
44.7	78.2315	-79.0121	-0.780539
44.72	79.8877	-80.6689	-0.781184
44.74	81.0575	-81.8226	-0.765078
44.76	81.1867	-81.9573	-0.770519
44.78	80.3036	-81.0738	-0.770191
44.8	79.0623	-79.8152	-0.752931
44.82	78.6881	-79.4352	-0.747174
44.84	79.5421	-80.29	-0.747939
44.86	80.6229	-81.3823	-0.75944
44.88	81.034	-81.8047	-0.770662
44.9	80.5099	-81.28	-0.770048
44.92	80.0596	-80.8234	-0.763786
44.94	80.6163	-81.3758	-0.759504
44.96	80.8105	-81.5712	-0.760716
44.98	79.4438	-80.1921	-0.748333
45	78.9692	-79.7108	-0.741577
45.02	80.8177	-81.5563	-0.738567
45.04	82.0535	-82.8025	-0.748996
45.06	82.4678	-83.2112	-0.743404
45.08	82.3127	-83.0556	-0.74291
45.1	82.1683	-82.9219	-0.753592
45.12	82.4575	-83.2057	-0.748155
45.14	83.1048	-83.8316	-0.726777
45.16	83.2782	-83.9947	-0.716478
45.18	82.2911	-83.0233	-0.732216
45.2	80.945	-81.6714	-0.726398
45.22	79.8503	-80.5874	-0.737067
45.24	79.4001	-80.1369	-0.736795
45.26	79.9576	-80.7051	-0.747528
45.28	81.5632	-82.328	-0.764813
45.3	82.9504	-83.7105	-0.760139
45.32	82.9296	-83.6839	-0.75426
45.34	82.0441	-82.8138	-0.769676
45.36	81.6394	-82.4313	-0.791871
45.38	81.5003	-82.2875	-0.787185
45.4	80.6979	-81.4686	-0.770683
45.42	79.3576	-80.1446	-0.78702
45.44	77.9151	-78.7018	-0.786704
45.46	77.1306	-77.9219	-0.791328
45.48	78.0966	-78.8881	-0.791433
45.5	80.4912	-81.2836	-0.792426
45.52	82.7352	-83.5282	-0.792935
45.54	83.9357	-84.728	-0.792368
45.56	84.5672	-85.3485	-0.781359
45.58	84.6271	-85.4087	-0.781652
45.6	83.7464	-84.5168	-0.770451
45.62	82.2781	-83.0593	-0.781232
45.64	80.8498	-81.6467	-0.79683
45.66	80.7212	-81.5075	-0.786259
45.68	81.3548	-82.1371	-0.782296
45.7	80.8553	-81.6314	-0.776048
45.72	79.9877	-80.7626	-0.7749
45.74	80.1426	-80.9071	-0.764508
45.76	80.6293	-81.3838	-0.754436
45.78	80.2518	-80.9895	-0.737669
45.8	79.3924	-80.1401	-0.747738
45.82	79.2316	-79.9902	-0.758516
45.84	79.9802	-80.7338	-0.753584
45.86	80.8065	-81.5715	-0.765024
45.88	80.8934	-81.6477	-0.754292
45.9	80.0387	-80.7923	-0.753678
45.92	79.2294	-79.9495	-0.720036
45.94	79.4127	-80.15	-0.737273
45.96	79.6486	-80.3919	-0.74327
45.98	79.0672	-79.8156	-0.748414
46	78.0672	-78.8204	-0.753144
46.02	77.6388	-78.3918	-0.753026
46.04	77.926	-78.6797	-0.753682
46.06	78.0528	-78.8069	-0.754096
46.08	77.4164	-78.1593	-0.742917
46.1	76.3201	-77.0571	-0.736995
46.12	75.5659	-76.3077	-0.741733
46.14	76.1657	-76.9077	-0.741939
46.16	77.6667	-78.421	-0.75425
46.18	78.1418	-78.8965	-0.754742
46.2	76.8048	-77.5643	-0.759525
46.22	74.8195	-75.5776	-0.758031
46.24	74.2208	-74.9844	-0.763525
46.26	75.0808	-75.8451	-0.764308
46.28	76.166	-76.947	-0.781086
46.3	76.681	-77.4676	-0.786592
46.32	76.402	-77.1995	-0.797513
46.34	75.3851	-76.1988	-0.813713
46.36	74.1845	-75.0031	-0.81853
46.38	73.8476	-74.6825	-0.834857
46.4	74.6389	-75.4801	-0.841218
46.42	75.4124	-76.249	-0.836635
46.44	74.9835	-75.82	-0.836468
46.46	73.6559	-74.486	-0.830123
46.48	72.8994	-73.7286	-0.829214
46.5	73.8709	-74.6959	-0.825032
46.52	75.0128	-75.8384	-0.825584
46.54	75.3845	-76.2198	-0.835223
46.56	76.3574	-77.1923	-0.834927
46.58	78.2013	-79.0315	-0.830153
46.6	79.8574	-80.7098	-0.852429
46.62	80.5986	-81.446	-0.847424
46.64	79.7695	-80.6339	-0.864432
46.66	77.0234	-77.8814	-0.858019
46.68	74.4008	-75.2344	-0.833627
46.7	75.0444	-75.8745	-0.830092
46.72	76.877	-77.6919	-0.814946
46.74	77.9079	-78.7053	-0.797337
46.76	79.0143	-79.8069	-0.792524
46.78	79.4336	-80.2211	-0.787464
46.8	78.5573	-79.3387	-0.781415
46.82	77.2442	-78.0249	-0.78073
46.84	76.6829	-77.4579	-0.775046
46.86	77.3722	-78.1582	-0.786002
46.88	79.2112	-80.0088	-0.797606
46.9	81.0312	-81.8186	-0.787373
46.92	81.6077	-82.3836	-0.775909
46.94	81.2701	-82.0565	-0.786429
46.96	80.5547	-81.3522	-0.797492
46.98	79.3834	-80.181	-0.797645
47	77.8708	-78.684	-0.813126
47.02	77.4383	-78.2345	-0.796198
47.04	78.605	-79.3914	-0.7864
47.06	79.817	-80.6091	-0.792107
47.08	80.476	-81.2787	-0.802678
47.1	81.1524	-81.9546	-0.802192
47.12	82.2384	-83.0092	-0.770786
47.14	82.0328	-82.804	-0.771222
47.16	80.0373	-80.8181	-0.780857
47.18	78.0868	-78.8559	-0.769165
47.2	77.4272	-78.1965	-0.769245
47.22	78.0164	-78.7913	-0.774915
47.24	79.3454	-80.1209	-0.77551
47.26	80.4577	-81.2169	-0.759216
47.28	80.9605	-81.7412	-0.780678
47.3	81.3629	-82.1487	-0.78585
47.32	81.985	-82.7661	-0.781019
47.34	81.9708	-82.7529	-0.7821
47.36	80.0917	-80.8797	-0.787954
47.38	76.4297	-77.2166	-0.786906
47.4	73.4089	-74.2045	-0.795539
47.42	74.5595	-75.3777	-0.818139
47.44	78.9018	-79.7231	-0.821256
47.46	81.7426	-82.5753	-0.832764
47.48	81.2724	-82.0713	-0.798979
47.5	78.5315	-79.3452	-0.813701
47.52	76.3866	-77.1929	-0.806273
47.54	77.2512	-78.0535	-0.802299
47.56	79.2867	-80.0952	-0.808533
47.58	80.7743	-81.6102	-0.835903
47.6	81.2876	-82.1233	-0.835675
47.62	80.9613	-81.8024	-0.841093
47.64	79.9116	-80.7638	-0.852246
47.66	78.1854	-79.0317	-0.84633
47.68	76.8214	-77.661	-0.839692
47.7	77.6225	-78.4735	-0.850982
47.72	79.9361	-80.8002	-0.864088
47.74	80.8553	-81.714	-0.858662
47.76	79.8387	-80.6856	-0.84687
47.78	78.2636	-79.0982	-0.834671
47.8	77.974	-78.8089	-0.834849
47.82	78.9905	-79.8153	-0.824726
47.84	80.3717	-81.1851	-0.81347
47.86	82.1307	-82.9501	-0.819444
47.88	83.529	-84.349	-0.819949
47.9	83.7987	-84.6293	-0.830601
47.92	83.2945	-84.1355	-0.840995
47.94	82.7921	-83.6168	-0.824743
47.96	82.2928	-83.1232	-0.830423
47.98	81.7754	-82.6051	-0.829657
48	82.2414	-83.0819	-0.840526
48.02	83.7799	-84.616	-0.836121
48.04	85.0097	-85.8411	-0.831468
48.06	84.7258	-85.5689	-0.843132
48.08	82.6932	-83.5346	-0.841368
48.1	81.7883	-82.6291	-0.840809
48.12	82.8484	-83.6972	-0.848789
48.14	83.0583	-83.9063	-0.848007
48.16	83.328	-84.185	-0.857042
48.18	85.7056	-86.5591	-0.853453
48.2	87.8912	-88.7291	-0.83792
48.22	88.1158	-88.9422	-0.826394
48.24	86.9867	-87.8179	-0.831179
48.26	85.8514	-86.676	-0.824554
48.28	86.2686	-87.0882	-0.81967
48.3	87.4765	-88.2865	-0.809957
48.32	87.8987	-88.7133	-0.81457
48.34	88.4591	-89.2786	-0.819433
48.36	89.7051	-90.5316	-0.82652
48.38	89.7334	-90.5656	-0.832208
48.4	88.1473	-88.9731	-0.825822
48.42	86.4811	-87.306	-0.824919
48.44	86.0313	-86.8635	-0.832121
48.46	85.3375	-86.1526	-0.815144
48.48	85.5625	-86.3816	-0.819065
48.5	87.9146	-88.7198	-0.805201
48.52	88.9381	-89.7377	-0.799569
48.54	87.9493	-88.7426	-0.793294
48.56	86.1417	-86.9279	-0.786245
48.58	85.6015	-86.3878	-0.786329
48.6	86.1411	-86.9451	-0.803984
48.62	86.0079	-86.8057	-0.797835
48.64	85.4893	-86.2866	-0.797326
48.66	85.0362	-85.8286	-0.792311
48.68	84.0453	-84.8489	-0.803626
48.7	82.0465	-82.8501	-0.803635
48.72	79.2354	-80.0167	-0.781354
48.74	76.5842	-77.3589	-0.774657
48.76	75.9735	-76.7538	-0.780276
48.78	77.1712	-77.9593	-0.788119
48.8	77.4681	-78.2665	-0.798349
48.82	77.8485	-78.6509	-0.802337
48.84	79.5892	-80.4099	-0.820735
48.86	80.2316	-81.0625	-0.830898
48.88	79.9435	-80.7686	-0.825059
48.9	79.1155	-79.9411	-0.825563
48.92	77.4468	-78.2717	-0.82484
48.94	76.042	-76.8774	-0.835419
48.96	75.4315	-76.2514	-0.819958
48.98	74.5247	-75.3335	-0.808791
49	73.504	-74.3011	-0.797089
49.02	73.4612	-74.2358	-0.774614
49.04	75.0087	-75.784	-0.775271
49.06	77.1359	-77.8899	-0.754033
49.08	78.6274	-79.3869	-0.759551
49.1	79.1077	-79.8672	-0.759429
49.12	78.6348	-79.3995	-0.764762
49.14	77.3684	-78.1659	-0.797456
49.16	75.7952	-76.5701	-0.774851
49.18	74.933	-75.7022	-0.769197
49.2	75.0369	-75.8125	-0.775582
49.22	75.0836	-75.8538	-0.770208
49.24	74.8538	-75.6235	-0.769663
49.26	75.0058	-75.7753	-0.769457
49.28	75.8404	-76.621	-0.780568
49.3	77.0663	-77.8528	-0.786529
49.32	77.9355	-78.7389	-0.803406
49.34	77.7306	-78.5401	-0.80947
49.36	75.8872	-76.6909	-0.803777
49.38	73.2943	-74.1021	-0.807839
49.4	71.8264	-72.6296	-0.803184
49.42	71.2525	-72.049	-0.796507
49.44	72.4454	-73.2209	-0.77552
49.46	74.1714	-74.9311	-0.759641
49.48	75.157	-75.9162	-0.759177
49.5	75.5754	-76.3345	-0.759095
49.52	75.4024	-76.1725	-0.770165
49.54	74.4576	-75.2386	-0.781029
49.56	72.9694	-73.7389	-0.769488
49.58	71.835	-72.5875	-0.752554
49.6	71.7798	-72.5218	-0.741949
49.62	72.341	-73.0836	-0.742584
49.64	72.5671	-73.3047	-0.737502
49.66	71.8737	-72.5946	-0.720904
49.68	70.6362	-71.3672	-0.730987
49.7	70.0257	-70.7567	-0.73095
49.72	70.2361	-70.9674	-0.731246
49.74	70.8588	-71.5846	-0.725774
49.76	71.7205	-72.452	-0.731557
49.78	72.3853	-73.1114	-0.726123
49.8	72.7096	-73.4353	-0.72572
49.82	73.1391	-73.8537	-0.714559
49.84	73.8237	-74.5496	-0.72589
49.86	74.2333	-74.9593	-0.726051
49.88	74.1048	-74.8197	-0.714877
49.9	73.7158	-74.4033	-0.687522
49.92	73.1947	-73.8767	-0.682017
49.94	72.8221	-73.5091	-0.686986
49.96	73.2909	-73.9726	-0.681717
49.98	74.404	-75.0751	-0.671132
50	75.5203	-76.1915	-0.671206
50.02	76.4282	-77.1102	-0.68207
50.04	77.152	-77.8398	-0.687703
50.06	77.5096	-78.1974	-0.687831
50.08	77.4686	-78.1617	-0.693024
50.1	77.5657	-78.2585	-0.692851
50.12	78.0373	-78.7419	-0.70462
50.14	78.1396	-78.8445	-0.704816
50.16	77.8248	-78.5076	-0.682777
50.18	77.3632	-78.0682	-0.705078
50.2	76.6588	-77.3575	-0.69873
50.22	76.8077	-77.5059	-0.69823
50.24	78.4593	-79.169	-0.709722
50.26	80.5899	-81.3115	-0.721588
50.28	81.6913	-82.4237	-0.732384
50.3	81.6689	-82.4008	-0.731913
50.32	81.0421	-81.7851	-0.742958
50.34	79.7691	-80.5178	-0.748637
50.36	77.8543	-78.5913	-0.736963
50.38	76.3504	-77.0926	-0.742238
50.4	75.6367	-76.3742	-0.737508
50.42	74.9641	-75.6961	-0.73196
50.44	74.3985	-75.1413	-0.742751
50.46	74.2186	-74.9614	-0.7428
50.48	74.3926	-75.1243	-0.731735
50.5	74.9371	-75.6742	-0.737034
50.52	75.9432	-76.6638	-0.72062
50.54	77.2216	-77.9535	-0.731927
50.56	78.1296	-78.8619	-0.732268
50.58	78.1581	-78.8957	-0.737521
50.6	77.5217	-78.27	-0.748381
50.62	76.4762	-77.2134	-0.737178
50.64	75.5576	-76.2995	-0.741916
50.66	75.7198	-76.4676	-0.747759
50.68	76.4451	-77.1882	-0.743135
50.7	76.5645	-77.3019	-0.737366
50.72	76.2371	-76.9633	-0.726211
50.74	75.7421	-76.4576	-0.715572
50.76	74.9457	-75.661	-0.715299
50.78	74.4146	-75.1294	-0.714817
50.8	74.8651	-75.58	-0.714926
50.82	76.1095	-76.8303	-0.72082
50.84	77.3396	-78.0666	-0.726988
50.86	77.4494	-78.1932	-0.743801
50.88	76.1345	-76.8716	-0.737166
50.9	75.2805	-76.0333	-0.752804
50.92	75.8183	-76.5729	-0.754615
50.94	75.833	-76.5701	-0.737054
50.96	76.3343	-77.087	-0.752642
50.98	78.1741	-78.9116	-0.737493
51	79.6226	-80.3499	-0.72732
51.02	79.3513	-80.0847	-0.73337
51.04	76.8397	-77.5734	-0.733715
51.06	73.1947	-73.9359	-0.741171
51.08	73.3264	-74.0813	-0.754883
51.1	74.6949	-75.4621	-0.767127
51.12	74.6363	-75.4068	-0.770475
51.14	75.037	-75.8022	-0.765201
51.16	75.9844	-76.7542	-0.769752
51.18	78.0557	-78.8317	-0.776033
51.2	79.9399	-80.7112	-0.771246
51.22	80.4361	-81.2065	-0.77042
51.24	80.2614	-81.0368	-0.775455
51.26	80.0062	-80.7878	-0.781551
51.28	78.9611	-79.7214	-0.760297
51.3	76.5739	-77.3389	-0.765018
51.32	74.4142	-75.1773	-0.763141
51.34	74.9941	-75.7525	-0.75836
51.36	77.4137	-78.1843	-0.770651
51.38	79.4016	-80.1834	-0.781778
51.4	80.1323	-80.9359	-0.803653
51.42	79.523	-80.3263	-0.803316
51.44	78.081	-78.8949	-0.813856
51.46	76.4857	-77.2941	-0.80839
51.48	74.953	-75.7449	-0.7919
51.5	73.8234	-74.5928	-0.769419
51.52	73.9908	-74.7652	-0.774334
51.54	75.9981	-76.7789	-0.780722
51.56	78.4951	-79.2712	-0.776142
51.58	79.9652	-80.7575	-0.792385
51.6	80.3737	-81.182	-0.808343
51.62	80.2301	-81.0385	-0.808357
51.64	79.5362	-80.3281	-0.791961
51.66	78.2835	-79.0642	-0.780737
51.68	76.9408	-77.7214	-0.780545
51.7	75.9608	-76.7358	-0.775017
51.72	75.5901	-76.3705	-0.780405
51.74	75.9336	-76.709	-0.775329
51.76	76.4282	-77.2205	-0.792334
51.78	76.2774	-77.0973	-0.819909
51.8	75.1903	-76.0158	-0.825447
51.82	73.3224	-74.1584	-0.835993
51.84	71.6058	-72.4356	-0.829788
51.86	71.2171	-72.0466	-0.829473
51.88	72.7056	-73.524	-0.81838
51.9	75.8026	-76.6111	-0.808529
51.92	78.7382	-79.5528	-0.814556
51.94	80.3349	-81.1439	-0.809028
51.96	80.3608	-81.1645	-0.803693
51.98	78.8269	-79.63	-0.803122
52	77.0231	-77.841	-0.81792
52.02	77.1187	-77.9321	-0.813461
52.04	77.9369	-78.7634	-0.826523
52.06	76.8473	-77.6678	-0.820534
52.08	75.3205	-76.1332	-0.812649
52.1	75.8639	-76.6521	-0.788141
52.12	75.8082	-76.5833	-0.775132
52.14	76.5858	-77.3554	-0.769599
52.16	78.4006	-79.1761	-0.775427
52.18	80.3254	-81.1012	-0.775873
52.2	81.4349	-82.217	-0.78201
52.22	80.7884	-81.5982	-0.809756
52.24	78.2284	-79.0374	-0.808966
52.26	75.513	-76.3094	-0.796318
52.28	75.1391	-75.9362	-0.797106
52.3	76.4533	-77.2513	-0.798082
52.32	78.0367	-78.8398	-0.80316
52.34	79.8691	-80.6671	-0.797951
52.36	81.3237	-82.1112	-0.787468
52.38	81.6269	-82.4252	-0.7983
52.4	80.9398	-81.7375	-0.797698
52.42	80.1278	-80.9308	-0.802984
52.44	79.4627	-80.2661	-0.803445
52.46	78.4103	-79.2302	-0.81982
52.48	77.0968	-77.9214	-0.824551
52.5	76.6159	-77.4455	-0.829603
52.52	77.4017	-78.2049	-0.803246
52.54	77.9775	-78.7707	-0.793167
52.56	77.1102	-77.9192	-0.809012
52.58	75.7832	-76.6019	-0.818643
52.6	75.6463	-76.4714	-0.825138
52.62	75.6889	-76.5093	-0.820367
52.64	74.8653	-75.6967	-0.831412
52.66	73.2493	-74.0632	-0.813937
52.68	72.6036	-73.416	-0.812337
52.7	74.7201	-75.5395	-0.819433
52.72	77.4324	-78.253	-0.82058
52.74	78.5881	-79.4139	-0.825784
52.76	78.1031	-78.9339	-0.830837
52.78	76.663	-77.4874	-0.824414
52.8	75.7192	-76.5323	-0.813027
52.82	75.9723	-76.7859	-0.813608
52.84	76.6905	-77.4825	-0.791983
52.86	77.3299	-78.122	-0.79203
52.88	77.7107	-78.5083	-0.797588
52.9	77.7666	-78.5861	-0.819501
52.92	77.6098	-78.4293	-0.819528
52.94	77.2923	-78.1174	-0.82513
52.96	76.8444	-77.6694	-0.825088
52.98	76.4117	-77.221	-0.809284
53	75.5816	-76.3632	-0.781577
53.02	75.2726	-76.0478	-0.775164
53.04	76.4877	-77.259	-0.771281
53.06	77.6932	-78.4908	-0.79765
53.08	79.3645	-80.1626	-0.798087
53.1	80.9533	-81.7515	-0.798136
53.12	82.0838	-82.8813	-0.797506
53.14	83.244	-84.0528	-0.808814
53.16	83.9266	-84.7357	-0.809093
53.18	83.8088	-84.6285	-0.819681
53.2	83.336	-84.1449	-0.808838
53.22	82.6195	-83.4224	-0.802876
53.24	82.4089	-83.211	-0.802137
53.26	83.5873	-84.3957	-0.80847
53.28	85.056	-85.8657	-0.809634
53.3	85.267	-86.0713	-0.804374
53.32	83.9903	-84.7729	-0.782592
53.34	81.6044	-82.3977	-0.793258
53.36	79.5303	-80.3268	-0.796516
53.38	80.6623	-81.4654	-0.803077
53.4	83.4706	-84.2705	-0.799851
53.42	84.5714	-85.3592	-0.787792
53.44	84.8305	-85.6166	-0.786063
53.46	86.0848	-86.8668	-0.781954
53.48	86.5931	-87.3823	-0.789208
53.5	84.3423	-85.1191	-0.776849
53.52	81.325	-82.1009	-0.775893
53.54	79.5746	-80.3545	-0.779828
53.56	81.1073	-81.8814	-0.774128
53.58	85.7048	-86.4765	-0.771683
53.6	89.1537	-89.9209	-0.767266
53.62	89.307	-90.0741	-0.767062
53.64	86.5807	-87.3353	-0.754572
53.66	83.483	-84.2415	-0.758536
53.68	82.232	-82.9971	-0.765072
53.7	81.8987	-82.6699	-0.771243
53.72	81.3789	-82.1557	-0.776849
53.74	80.3031	-81.075	-0.77197
53.76	77.9372	-78.7039	-0.76663
53.78	74.6204	-75.3844	-0.764002
53.8	73.958	-74.7098	-0.751768
53.82	77.349	-78.1143	-0.765207
53.84	81.2177	-81.99	-0.772271
53.86	82.4962	-83.2583	-0.762193
53.88	79.9318	-80.7046	-0.772785
53.9	75.5421	-76.3045	-0.762392
53.92	75.4831	-76.2427	-0.759601
53.94	77.3546	-78.1042	-0.749582
53.96	78.2457	-79.0166	-0.770917
53.98	78.2365	-78.9963	-0.75979
54	77.4494	-78.2198	-0.77042
54.02	76.4994	-77.2634	-0.764012
54.04	76.5017	-77.2607	-0.758972
54.06	76.8963	-77.6451	-0.74886
54.08	76.473	-77.2108	-0.737729
54.1	75.4265	-76.1577	-0.731194
54.12	75.1612	-75.8809	-0.719735
54.14	76.2659	-76.9974	-0.731513
54.16	77.6198	-78.3574	-0.737579
54.18	78.2459	-78.9889	-0.742971
54.2	78.1019	-78.8228	-0.720855
54.22	77.4762	-78.1806	-0.704405
54.24	76.5104	-77.2204	-0.710001
54.26	75.3239	-76.0337	-0.709744
54.28	74.5614	-75.2487	-0.687342
54.3	74.9036	-75.5915	-0.687925
54.32	75.6196	-76.3135	-0.693856
54.34	75.9103	-76.6092	-0.698963
54.36	75.9236	-76.6169	-0.693298
54.38	75.8433	-76.5366	-0.693287
54.4	75.6556	-76.3543	-0.698629
54.42	75.4414	-76.14	-0.698618
54.44	75.2114	-75.9156	-0.704261
54.46	74.7412	-75.4456	-0.704382
54.48	74.0041	-74.7026	-0.698448
54.5	73.7704	-74.4682	-0.69786
54.52	74.7419	-75.4406	-0.698701
54.54	75.8237	-76.5341	-0.710393
54.56	75.9033	-76.6136	-0.710282
54.58	75.0375	-75.753	-0.715436
54.6	73.7543	-74.464	-0.70964
54.62	72.7463	-73.461	-0.714624
54.64	72.8172	-73.5266	-0.709349
54.66	73.7187	-74.4072	-0.688492
54.68	74.1821	-74.865	-0.682938
54.7	74.3607	-75.0262	-0.665478
54.72	75.4749	-76.1296	-0.654775
54.74	77.122	-77.7722	-0.650208
54.76	77.9156	-78.5714	-0.655775
54.78	77.4962	-78.1682	-0.671937
54.8	76.2845	-76.9781	-0.693623
54.82	74.8561	-75.5216	-0.665518
54.84	74.615	-75.2575	-0.642511
54.86	76.7625	-77.4178	-0.655292
54.88	79.0508	-79.7347	-0.683888
54.9	79.4119	-80.0904	-0.678549
54.92	77.6752	-78.3478	-0.672629
54.94	75.1151	-75.7861	-0.670995
54.96	74.6286	-75.2823	-0.653711
54.98	76.9664	-77.6391	-0.672743
55	78.7549	-79.4329	-0.678028
55.02	79.3816	-80.0531	-0.671521
55.04	79.9804	-80.6517	-0.671259
55.06	80.8917	-81.5635	-0.671817
55.08	81.4103	-82.0774	-0.667101
55.1	80.6971	-81.3754	-0.678301
55.12	79.2429	-79.9244	-0.681514
55.14	80.1208	-80.8135	-0.692671
55.16	82.9923	-83.704	-0.711607
55.18	84.2516	-84.9635	-0.711972
55.2	82.8737	-83.5793	-0.705574
55.22	80.33	-81.0613	-0.731332
55.24	78.9375	-79.6698	-0.732349
55.26	77.7426	-78.4658	-0.723266
55.28	75.2989	-76.0246	-0.725682
55.3	75.2794	-76.0116	-0.732214
55.32	76.8482	-77.582	-0.733751
55.34	77.7556	-78.4989	-0.743317
55.36	78.805	-79.5548	-0.749755
55.38	78.8776	-79.6267	-0.749171
55.4	78.2805	-79.0236	-0.743052
55.42	78.0339	-78.7923	-0.758435
55.44	79.3474	-80.1173	-0.769941
55.46	81.3573	-82.1227	-0.765401
55.48	82.4556	-83.2262	-0.770584
55.5	82.5925	-83.363	-0.770516
55.52	81.7958	-82.5721	-0.776281
55.54	79.9552	-80.7367	-0.781537
55.56	77.6289	-78.4052	-0.77625
55.58	74.9905	-75.7734	-0.782916
55.6	71.7559	-72.5475	-0.791557
55.62	71.0405	-71.8382	-0.79775
55.64	72.2763	-73.0694	-0.793072
55.66	73.5493	-74.3415	-0.792185
55.68	75.0869	-75.8739	-0.787018
55.7	76.193	-76.9853	-0.792311
55.72	76.7332	-77.5306	-0.797418
55.74	76.9213	-77.7188	-0.797547
55.76	76.5763	-77.374	-0.79767
55.78	75.6754	-76.4454	-0.769992
55.8	74.5786	-75.3441	-0.765501
55.82	72.3752	-73.136	-0.760729
55.84	69.4586	-70.232	-0.773454
55.86	70.2544	-71.0296	-0.775202
55.88	73.0119	-73.7997	-0.787882
55.9	74.6414	-75.423	-0.781605
55.92	75.3607	-76.1364	-0.775772
55.94	75.4843	-76.2655	-0.781206
55.96	75.0679	-75.8489	-0.781071
55.98	74.3603	-75.1468	-0.786465
56	73.5995	-74.3641	-0.764565
56.02	72.9181	-73.6827	-0.764654
56.04	72.4519	-73.1941	-0.742251
56.06	72.8924	-73.6234	-0.730994
56.08	74.4704	-75.2023	-0.731867
56.1	75.8729	-76.6056	-0.732671
56.12	75.8788	-76.6003	-0.721537
56.14	74.826	-75.5407	-0.714699
56.16	74.604	-75.3181	-0.714085
56.18	76.0272	-76.7532	-0.725969
56.2	77.8363	-78.5792	-0.742971
56.22	78.9638	-79.7068	-0.742955
56.24	79.1839	-79.9431	-0.759267
56.26	78.5878	-79.3634	-0.775575
56.28	77.4963	-78.2769	-0.780604
56.3	76.5999	-77.3914	-0.79149
56.32	76.0802	-76.8667	-0.7865
56.34	75.3897	-76.1928	-0.803163
56.36	74.3276	-75.1414	-0.813872
56.38	73.3084	-74.1166	-0.808155
56.4	72.7506	-73.575	-0.824446
56.42	72.8234	-73.6481	-0.824758
56.44	73.1456	-73.9818	-0.836152
56.46	73.1523	-73.9828	-0.830514
56.48	73.0794	-73.8982	-0.818887
56.5	73.7886	-74.6129	-0.824288
56.52	75.2956	-76.1204	-0.824819
56.54	76.7645	-77.606	-0.841485
56.56	77.7273	-78.5687	-0.841306
56.58	78.2575	-79.0932	-0.83568
56.6	78.5225	-79.3471	-0.82454
56.62	78.7177	-79.5368	-0.81911
56.64	78.7567	-79.5816	-0.824973
56.66	78.1629	-78.9827	-0.81981
56.68	76.673	-77.4818	-0.808762
56.7	74.7183	-75.5047	-0.786327
56.72	73.2463	-74.0377	-0.791448
56.74	72.9865	-73.7728	-0.786274
56.76	73.752	-74.5163	-0.764317
56.78	75.3279	-76.12	-0.79211
56.8	76.9503	-77.7207	-0.770354
56.82	78.0244	-78.8053	-0.780831
56.84	78.9223	-79.7137	-0.791435
56.86	79.9484	-80.7511	-0.802686
56.88	80.6634	-81.4718	-0.808481
56.9	80.6084	-81.4225	-0.814139
56.92	79.5993	-80.4082	-0.808938
56.94	77.6119	-78.4153	-0.803389
56.96	75.4613	-76.28	-0.818731
56.98	75.1522	-75.971	-0.818815
57	76.9867	-77.8008	-0.814181
57.02	79.466	-80.2866	-0.820605
57.04	80.8511	-81.6724	-0.821361
57.06	80.0444	-80.854	-0.809609
57.08	78.6428	-79.4556	-0.812856
57.1	79.3675	-80.1711	-0.803572
57.12	80.6932	-81.4967	-0.803486
57.14	81.9839	-82.7876	-0.803675
57.16	82.591	-83.4014	-0.810401
57.18	80.9776	-81.7821	-0.804436
57.2	78.0018	-78.7884	-0.786628
57.22	75.9439	-76.7412	-0.797266
57.24	75.7224	-76.5366	-0.814227
57.26	76.7298	-77.5389	-0.80908
57.28	78.3808	-79.1782	-0.797367
57.3	81.0945	-81.8976	-0.803113
57.32	84.0351	-84.8723	-0.837186
57.34	85.2579	-86.1002	-0.842364
57.36	84.616	-85.4632	-0.847174
57.38	82.9529	-83.8106	-0.857766
57.4	80.9714	-81.8125	-0.841024
57.42	79.3746	-80.2318	-0.857162
57.44	78.7327	-79.6015	-0.868744
57.46	78.416	-79.291	-0.875037
57.48	77.6573	-78.5371	-0.879807
57.5	77.3842	-78.2579	-0.873697
57.52	78.4073	-79.2539	-0.846556
57.54	80.1724	-81.0251	-0.852657
57.56	81.518	-82.3714	-0.853359
57.58	81.2055	-82.0492	-0.843675
57.6	77.7482	-78.5818	-0.833621
57.62	72.6801	-73.5169	-0.836788
57.64	75.1864	-76.028	-0.841631
57.66	80.7169	-81.5499	-0.832986
57.68	83.5344	-84.367	-0.832591
57.7	83.1861	-84.0183	-0.832231
57.72	80.4509	-81.2708	-0.819917
57.74	77.6221	-78.4356	-0.813439
57.76	76.4455	-77.243	-0.797499
57.78	76.6627	-77.4711	-0.808339
57.8	77.9864	-78.7845	-0.798034
57.82	79.2724	-80.0654	-0.79297
57.84	79.6875	-80.4691	-0.781575
57.86	79.4515	-80.2331	-0.781597
57.88	78.5548	-79.3364	-0.781577
57.9	77.1605	-77.9417	-0.781198
57.92	76.0373	-76.8289	-0.791685
57.94	75.9768	-76.7523	-0.775418
57.96	76.9136	-77.6784	-0.764747
57.98	78.4672	-79.2318	-0.764621
58	80.5195	-81.2899	-0.770387
58.02	82.4124	-83.1889	-0.776485
58.04	83.078	-83.8439	-0.765955
58.06	82.0478	-82.7965	-0.748639
58.08	80.7603	-81.5029	-0.742666
58.1	79.9972	-80.7193	-0.722078
58.12	78.7095	-79.4087	-0.699223
58.14	77.8829	-78.5988	-0.71591
58.16	77.5432	-78.2761	-0.732827
58.18	76.8569	-77.5902	-0.733235
58.2	75.5675	-76.2941	-0.726576
58.22	75.1834	-75.8931	-0.70976
58.24	76.2671	-76.9721	-0.704996
58.26	77.4406	-78.1681	-0.727544
58.28	77.4301	-78.1625	-0.732444
58.3	76.5876	-77.3198	-0.732222
58.32	75.2174	-75.9603	-0.742866
58.34	73.9677	-74.715	-0.747238
58.36	74.1479	-74.8902	-0.742258
58.38	75.1122	-75.8497	-0.737546
58.4	75.5497	-76.298	-0.748242
58.42	75.4194	-76.1782	-0.75881
58.44	75.0696	-75.8227	-0.753096
58.46	74.7154	-75.463	-0.747599
58.48	74.3837	-75.1424	-0.758647
58.5	73.9274	-74.6861	-0.758733
58.52	73.2268	-73.9745	-0.747729
58.54	72.3797	-73.1275	-0.74775
58.56	71.4154	-72.1743	-0.7589
58.58	70.2435	-71.0023	-0.758845
58.6	69.0858	-69.8334	-0.747648
58.62	68.3429	-69.1016	-0.758676
58.64	68.1031	-68.873	-0.769859
58.66	68.3473	-69.1167	-0.769443
58.68	69.6864	-70.4669	-0.78051
58.7	71.7232	-72.505	-0.781808
58.72	72.5784	-73.3658	-0.787323
58.74	71.8362	-72.6122	-0.776001
58.76	70.0074	-70.7884	-0.781033
58.78	68.0161	-68.7853	-0.769124
58.8	67.3489	-68.1067	-0.757753
58.82	68.5095	-69.2683	-0.758832
58.84	70.0485	-70.8245	-0.776069
58.86	70.7232	-71.5045	-0.78131
58.88	70.7552	-71.5251	-0.769829
58.9	70.772	-71.5419	-0.769859
58.92	70.8472	-71.6114	-0.76419
58.94	71.1815	-71.9402	-0.758733
58.96	71.6919	-72.4455	-0.753534
58.98	71.9732	-72.7217	-0.748429
59	71.6999	-72.448	-0.748168
59.02	71.4896	-72.2211	-0.731475
59.04	71.6261	-72.3592	-0.733062
59.06	70.7215	-71.4534	-0.731873
59.08	70.2574	-70.9881	-0.730661
59.1	71.6816	-72.3862	-0.704603
59.12	73.1285	-73.8339	-0.70538
59.14	73.2232	-73.9277	-0.704428
59.16	72.9033	-73.6177	-0.714427
59.18	73.3594	-74.063	-0.70356
59.2	74.4682	-75.1833	-0.715132
59.22	75.338	-76.048	-0.709949
59.24	75.5108	-76.2207	-0.70995
59.26	75.0386	-75.7595	-0.720815
59.28	74.2935	-75.0086	-0.715079
59.3	73.787	-74.5022	-0.715266
59.32	73.5969	-74.3067	-0.709724
59.34	73.8777	-74.5766	-0.698883
59.36	74.551	-75.2501	-0.699053
59.38	75.4352	-76.14	-0.704876
59.4	75.9442	-76.6721	-0.727916
59.42	74.8204	-75.5645	-0.74409
59.44	72.9938	-73.7295	-0.735692
59.46	74.296	-75.0379	-0.741886
59.48	77.7309	-78.459	-0.728077
59.5	79.4048	-80.1104	-0.70554
59.52	79.3621	-80.05	-0.687824
59.54	79.1242	-79.8119	-0.687618
59.56	78.9527	-79.6355	-0.682783
59.58	78.0808	-78.769	-0.688214
59.6	76.674	-77.3559	-0.681849
59.62	75.9346	-76.6219	-0.687256
59.64	76.0162	-76.6934	-0.677204
59.66	75.9632	-76.6345	-0.671319
59.68	76.2504	-76.9376	-0.687208
59.7	77.4194	-78.1022	-0.682746
59.72	78.1572	-78.8408	-0.683637
59.74	77.2647	-77.9536	-0.688945
59.76	75.0976	-75.8076	-0.709953
59.78	73.0631	-73.7784	-0.715343
59.8	71.661	-72.3879	-0.726947
59.82	70.7212	-71.4362	-0.715022
59.84	71.7327	-72.442	-0.70933
59.86	75.1386	-75.8432	-0.704582
59.88	79.3469	-80.0362	-0.689283
59.9	82.2296	-82.9134	-0.683828
59.92	83.1298	-83.8131	-0.683264
59.94	82.6546	-83.3482	-0.693572
59.96	81.7281	-82.4161	-0.688004
59.98	80.6702	-81.3802	-0.709999
60	79.6465	-80.3393	-0.692841
60.02	79.6748	-80.3783	-0.703487
60.04	81.1315	-81.8468	-0.715343
60.06	82.7458	-83.4514	-0.705673
60.08	82.8067	-83.5125	-0.705869
60.1	81.6648	-82.3627	-0.697895
60.12	82.3749	-83.0845	-0.709565
60.14	84.2619	-84.9947	-0.73285
60.16	85.062	-85.7894	-0.727406
60.18	84.4147	-85.1526	-0.737917
60.2	82.9831	-83.7099	-0.726773
60.22	81.3524	-82.0791	-0.726654
60.24	80.2381	-80.9803	-0.74226
60.26	80.8388	-81.5932	-0.754366
60.28	81.6437	-82.3725	-0.728796
60.3	80.589	-81.3155	-0.726577
60.32	80.1209	-80.8466	-0.725655
60.34	81.3677	-82.089	-0.721215
60.36	82.7296	-83.4513	-0.721627
60.38	83.1223	-83.8223	-0.699991
60.4	82.0647	-82.7588	-0.694156
60.42	80.058	-80.7353	-0.677282
60.44	77.8553	-78.5326	-0.677325
60.46	76.0574	-76.7607	-0.703389
60.48	76.3948	-77.099	-0.70417
60.5	77.8157	-78.5276	-0.71193
60.52	77.4733	-78.2007	-0.727357
60.54	76.597	-77.3169	-0.719867
60.56	77.5443	-78.2544	-0.710056
60.58	78.8685	-79.5795	-0.710983
60.6	78.8963	-79.5956	-0.699275
60.62	78.1276	-78.8318	-0.704205
60.64	77.1706	-77.8751	-0.704483
60.66	75.8958	-76.5946	-0.698808
60.68	74.9158	-75.6083	-0.692498
60.7	75.2319	-75.9202	-0.688349
60.72	75.407	-76.0957	-0.688703
60.74	74.9264	-75.614	-0.687589
60.76	75.054	-75.7252	-0.671178
60.78	75.863	-76.551	-0.687998
60.8	76.7038	-77.4141	-0.710312
60.82	76.9092	-77.6143	-0.705113
60.84	76.1605	-76.8488	-0.68835
60.86	75.2755	-75.9514	-0.67586
60.88	76.3765	-77.0415	-0.665037
60.9	79.1569	-79.8238	-0.666968
60.92	80.8949	-81.573	-0.678131
60.94	80.7908	-81.4575	-0.666674
60.96	79.4492	-80.1043	-0.655059
60.98	77.872	-78.532	-0.660042
61	76.8939	-77.5921	-0.698281
61.02	76.7434	-77.4476	-0.704214
61.04	76.9137	-77.624	-0.710344
61.06	76.6543	-77.354	-0.699755
61.08	75.6765	-76.3707	-0.694238
61.1	74.3026	-74.9916	-0.688979
61.12	72.9342	-73.6276	-0.693371
61.14	72.8126	-73.512	-0.699369
61.16	73.4308	-74.152	-0.721232
61.18	74.259	-74.9859	-0.726855
61.2	74.8745	-75.5901	-0.715639
61.22	75.2905	-76.0059	-0.715453
61.24	75.4797	-76.1898	-0.710145
61.26	75.0865	-75.7964	-0.70995
61.28	74.1814	-74.8968	-0.715414
61.3	72.7704	-73.4863	-0.715878
61.32	70.7121	-71.4105	-0.69841
61.34	69.886	-70.5729	-0.686904
61.36	70.6878	-71.3829	-0.695157
61.38	69.7332	-70.4338	-0.700593
61.4	67.2619	-67.9595	-0.697634
61.42	66.9361	-67.6238	-0.687745
61.44	67.8885	-68.5772	-0.688672
61.46	68.3047	-68.9984	-0.693698
61.48	68.2538	-68.953	-0.699174
61.5	67.7312	-68.4243	-0.693088
61.52	67.3806	-68.0952	-0.714665
61.54	67.6171	-68.3319	-0.714841
61.56	68.19	-68.894	-0.704018
61.58	68.8181	-69.5277	-0.709617
61.6	69.283	-69.9873	-0.704308
61.62	69.3496	-70.0376	-0.688012
61.64	68.9938	-69.6761	-0.682282
61.66	68.6935	-69.3701	-0.676582
61.68	68.8528	-69.5297	-0.676885
61.7	69.1341	-69.8116	-0.677522
61.72	68.8724	-69.5552	-0.682745
61.74	68.6954	-69.3772	-0.681741
61.76	69.8436	-70.5314	-0.687802
61.78	71.7179	-72.3951	-0.677152
61.8	73.444	-74.1217	-0.677766
61.82	74.0725	-74.75	-0.677576
61.84	73.7328	-74.4096	-0.676818
61.86	73.4087	-74.0852	-0.676499
61.88	73.6173	-74.3159	-0.698653
61.9	74.0989	-74.7869	-0.687987
61.92	74.4597	-75.1313	-0.671621
61.94	74.6642	-75.3357	-0.671417
61.96	75.0407	-75.7124	-0.671667
61.98	75.4287	-76.1061	-0.677429
62	75.5911	-76.2687	-0.677592
62.02	75.3002	-75.9785	-0.678296
62.04	73.9312	-74.6095	-0.678384
62.06	71.9085	-72.5744	-0.665873
62.08	71.7562	-72.4155	-0.659272
62.1	74.7053	-75.3725	-0.667232
62.12	77.4797	-78.1317	-0.651996
62.14	77.9696	-78.6204	-0.650808
62.16	77.6006	-78.266	-0.66536
62.18	78.7954	-79.4665	-0.671072
62.2	81.1932	-81.8714	-0.678152
62.22	82.452	-83.1254	-0.673389
62.24	81.3756	-82.0543	-0.678691
62.26	78.5125	-79.2005	-0.688009
62.28	76.6428	-77.3179	-0.675186
62.3	78.0796	-78.7514	-0.671778
62.32	80.2496	-80.9342	-0.684598
62.34	80.2286	-80.9244	-0.695837
62.36	77.7396	-78.4341	-0.694481
62.38	75.102	-75.8004	-0.698347
62.4	75.1646	-75.8568	-0.69219
62.42	78.3787	-79.057	-0.678239
62.44	81.317	-81.9956	-0.678598
62.46	82.5257	-83.1982	-0.672498
62.48	82.4423	-83.1528	-0.710443
62.5	81.7421	-82.4574	-0.715257
62.52	81.2986	-82.0136	-0.715002
62.54	81.4865	-82.1961	-0.70967
62.56	82.044	-82.7486	-0.704652
62.58	82.4187	-83.1343	-0.715543
62.6	82.7037	-83.4191	-0.7154
62.62	83.0212	-83.7208	-0.699626
62.64	82.7362	-83.4191	-0.682831
62.66	82.4233	-83.1109	-0.687574
62.68	82.9521	-83.6352	-0.6831
62.7	83.1794	-83.8575	-0.678119
62.72	82.5357	-83.2073	-0.671581
62.74	82.3126	-82.9784	-0.665866
62.76	82.9514	-83.6394	-0.687945
62.78	84.1761	-84.8805	-0.704325
62.8	85.7928	-86.4923	-0.699442
62.82	86.7627	-87.4853	-0.722657
62.84	85.4006	-86.1289	-0.728289
62.86	82.1846	-82.8992	-0.714553
62.88	80.8338	-81.5597	-0.725872
62.9	81.3435	-82.0818	-0.738246
62.92	81.5268	-82.2542	-0.727359
62.94	81.0594	-81.7969	-0.737563
62.96	80.7521	-81.49	-0.737901
62.98	80.086	-80.8421	-0.75612
63	77.4793	-78.2337	-0.754362
63.02	76.0075	-76.7596	-0.752123
63.04	78.277	-79.0099	-0.73294
63.06	80.7691	-81.5241	-0.754973
63.08	82.037	-82.7916	-0.754609
63.1	82.0629	-82.8117	-0.748794
63.12	81.123	-81.8879	-0.764974
63.14	79.6674	-80.4373	-0.769935
63.16	78.5069	-79.2711	-0.764184
63.18	77.9809	-78.7458	-0.764849
63.2	77.3638	-78.1233	-0.759546
63.22	76.5499	-77.32	-0.770081
63.24	76.1051	-76.8477	-0.742626
63.26	76.1262	-76.8967	-0.77047
63.28	75.9981	-76.7742	-0.776144
63.3	75.4387	-76.2196	-0.780877
63.32	75.2208	-75.9961	-0.775335
63.34	75.3928	-76.174	-0.781248
63.36	75.4038	-76.2012	-0.797362
63.38	75.474	-76.2603	-0.786295
63.4	75.6746	-76.4723	-0.797724
63.42	75.4795	-76.2828	-0.803303
63.44	74.945	-75.742	-0.796948
63.46	75.1866	-75.9836	-0.797069
63.48	76.0534	-76.8568	-0.803435
63.5	76.3289	-77.1436	-0.814728
63.52	75.4671	-76.2821	-0.815024
63.54	73.5207	-74.3509	-0.830215
63.56	72.7747	-73.5928	-0.818097
63.58	74.5158	-75.3195	-0.803733
63.6	76.1622	-76.9658	-0.803644
63.62	77.0536	-77.8628	-0.809185
63.64	77.0153	-77.8247	-0.809454
63.66	76.1212	-76.9458	-0.824642
63.68	76.0307	-76.8448	-0.814048
63.7	76.4163	-77.2367	-0.820454
63.72	76.1228	-76.9585	-0.83575
63.74	76.2593	-77.0896	-0.830314
63.76	76.8406	-77.6606	-0.819919
63.78	77.1553	-77.9806	-0.825361
63.8	77.086	-77.917	-0.830932
63.82	76.6789	-77.52	-0.841048
63.84	76.8633	-77.7319	-0.868516
63.86	77.6027	-78.4716	-0.868922
63.88	78.3348	-79.1981	-0.863347
63.9	79.0382	-79.8909	-0.852647
63.92	79.3881	-80.2467	-0.858606
63.94	78.8255	-79.6847	-0.859252
63.96	76.9484	-77.8071	-0.858709
63.98	75.5947	-76.4348	-0.840113
64	77.1493	-77.9919	-0.84267
64.02	78.9092	-79.7462	-0.836962
64.04	79.9437	-80.7868	-0.843089
64.06	79.4758	-80.3235	-0.847642
64.08	78.9441	-79.8063	-0.862223
64.1	80.4245	-81.2884	-0.863892
64.12	81.9262	-82.7745	-0.848296
64.14	82.0015	-82.8437	-0.842242
64.16	81.2752	-82.1284	-0.853154
64.18	79.8896	-80.7273	-0.837696
64.2	77.1395	-77.9708	-0.831342
64.22	74.7593	-75.5992	-0.839884
64.24	76.0657	-76.9012	-0.835443
64.26	79.5973	-80.4462	-0.848926
64.28	81.5368	-82.3743	-0.837483
64.3	81.6561	-82.4871	-0.83108
64.32	81.1027	-81.9437	-0.840958
64.34	81.1772	-82.0073	-0.830069
64.36	81.8162	-82.6359	-0.819765
64.38	82.1762	-82.9958	-0.819586
64.4	82.4415	-83.2605	-0.819029
64.42	83.3837	-84.2136	-0.829897
64.44	85.0585	-85.8786	-0.820052
64.46	86.0909	-86.9175	-0.826554
64.48	85.1943	-86.0268	-0.832518
64.5	82.2303	-83.0624	-0.832071
64.52	78.9988	-79.8311	-0.832219
64.54	76.7053	-77.5418	-0.836425
64.56	78.8103	-79.653	-0.842722
64.58	83.5784	-84.4236	-0.845171
64.6	85.4918	-86.3402	-0.848452
64.62	85.9147	-86.7625	-0.84782
64.64	85.4993	-86.3472	-0.847929
64.66	84.1335	-84.9759	-0.84241
64.68	81.8682	-82.7222	-0.854034
64.7	78.6017	-79.4596	-0.857967
64.72	77.4352	-78.2805	-0.845355
64.74	79.926	-80.7803	-0.854292
64.76	81.7071	-82.566	-0.858869
64.78	82.7268	-83.5903	-0.863546
64.8	83.7715	-84.6132	-0.841736
64.82	84.6149	-85.4678	-0.852823
64.84	84.9248	-85.7997	-0.874941
64.86	84.4242	-85.2993	-0.875085
64.88	83.0955	-83.9704	-0.874911
64.9	81.4179	-82.3146	-0.896735
64.92	80.0006	-80.8966	-0.896013
64.94	79.837	-80.7118	-0.874765
64.96	80.1362	-81.0177	-0.881457
64.98	79.4898	-80.365	-0.875178
65	78.6516	-79.5271	-0.875425
65.02	77.613	-78.4937	-0.88075
65.04	76.8976	-77.7713	-0.873645
65.06	78.1578	-79.0274	-0.869577
65.08	79.6491	-80.5086	-0.859511
65.1	79.8646	-80.7066	-0.84197
65.12	79.9014	-80.732	-0.830657
65.14	80.0458	-80.8724	-0.826606
65.16	78.779	-79.5996	-0.820552
65.18	77.2879	-78.1016	-0.813702
65.2	76.9191	-77.7414	-0.822278
65.22	74.7877	-75.6021	-0.814409
65.24	74.0286	-74.8527	-0.824154
65.26	75.8247	-76.6461	-0.821344
65.28	76.4491	-77.2636	-0.814503
65.3	76.6137	-77.4219	-0.80824
65.32	77.1768	-78.0072	-0.830351
65.34	77.8719	-78.6971	-0.825226
65.36	78.139	-78.9644	-0.825368
65.38	77.761	-78.5808	-0.819782
65.4	76.9429	-77.7626	-0.819639
65.42	76.029	-76.8649	-0.835906
65.44	75.3978	-76.239	-0.841158
65.46	75.4143	-76.2556	-0.841245
65.48	75.9695	-76.8165	-0.847091
65.5	76.589	-77.4198	-0.830835
65.52	77.0851	-77.9267	-0.841629
65.54	77.6613	-78.492	-0.830784
65.56	78.2005	-79.0207	-0.820223
65.58	78.2062	-79.0322	-0.826003
65.6	77.3172	-78.1268	-0.809547
65.62	75.7298	-76.5442	-0.814432
65.64	74.5558	-75.3748	-0.819022
65.66	75.1377	-75.9571	-0.819453
65.68	76.96	-77.786	-0.826051
65.7	78.4461	-79.267	-0.820862
65.72	78.9653	-79.8024	-0.83703
65.74	78.7781	-79.6037	-0.825609
65.76	78.5143	-79.345	-0.830695
65.78	78.594	-79.4086	-0.814539
65.8	78.6657	-79.4695	-0.803787
65.82	78.4887	-79.2813	-0.792612
65.84	78.2973	-79.09	-0.792737
65.86	77.9697	-78.7956	-0.825923
65.88	77.0737	-77.9275	-0.853892
65.9	75.0092	-75.8629	-0.853709
65.92	72.334	-73.1814	-0.847418
65.94	70.5761	-71.4282	-0.852068
65.96	71.0266	-71.8737	-0.847037
65.98	73.0337	-73.8927	-0.85902
66	75.0049	-75.8638	-0.858872
66.02	76.6099	-77.463	-0.853036
66.04	77.9613	-78.8087	-0.847416
66.06	79.0215	-79.8744	-0.852881
66.08	79.651	-80.4929	-0.841918
66.1	79.7723	-80.6144	-0.84206
66.12	79.2926	-80.1184	-0.825762
66.14	78.2271	-79.0418	-0.814768
66.16	76.9172	-77.7543	-0.837098
66.18	75.1296	-75.9792	-0.849568
66.2	71.8414	-72.6964	-0.855018
66.22	68.4712	-69.3226	-0.851441
66.24	70.2398	-71.0972	-0.857417
66.26	76.0246	-76.8809	-0.856274
66.28	79.268	-80.1292	-0.861136
66.3	79.1752	-80.0461	-0.870884
66.32	77.4135	-78.2933	-0.879773
66.34	76.8879	-77.7509	-0.863082
66.36	77.8607	-78.7036	-0.842899
66.38	77.9523	-78.8114	-0.859068
66.4	77.0695	-77.917	-0.847569
66.42	75.9534	-76.8062	-0.852813
66.44	75.2049	-76.057	-0.852173
66.46	75.7116	-76.5473	-0.835708
66.48	77.3982	-78.2403	-0.842104
66.5	78.8779	-79.7095	-0.831565
66.52	79.3178	-80.1383	-0.820472
66.54	78.8197	-79.6233	-0.803556
66.56	78.0737	-78.8825	-0.808744
66.58	77.5753	-78.3844	-0.809015
66.6	77.2688	-78.0776	-0.808782
66.62	77.5862	-78.4005	-0.814295
66.64	78.437	-79.2524	-0.815473
66.66	78.6098	-79.4139	-0.804059
66.68	78.3142	-79.1132	-0.799012
66.7	77.1091	-77.903	-0.793866
66.72	74.6741	-75.4673	-0.793249
66.74	72.2537	-73.0399	-0.786155
66.76	72.4255	-73.2221	-0.796618
66.78	75.4582	-76.2572	-0.799042
66.8	77.9332	-78.7436	-0.81033
66.82	78.7056	-79.5204	-0.814781
66.84	78.8652	-79.6739	-0.808683
66.86	79.2038	-80.002	-0.798203
66.88	79.2361	-80.0458	-0.80964
66.9	78.4322	-79.2581	-0.825871
66.92	77.2094	-78.0454	-0.836035
66.94	76.8433	-77.6678	-0.824524
66.96	77.9974	-78.8172	-0.819783
66.98	79.7123	-80.5487	-0.836354
67	81.4647	-82.3119	-0.847246
67.02	83.0668	-83.8926	-0.825804
67.04	83.8158	-84.6368	-0.820942
67.06	82.9973	-83.802	-0.804769
67.08	80.6817	-81.4914	-0.809641
67.1	78.5967	-79.4102	-0.813528
67.12	78.7507	-79.567	-0.816331
67.14	78.2229	-79.0396	-0.816792
67.16	76.1311	-76.9184	-0.787351
67.18	74.9815	-75.7686	-0.787116
67.2	75.1515	-75.9452	-0.793674
67.22	75.2023	-75.9961	-0.793815
67.24	74.9366	-75.7181	-0.781518
67.26	76.0241	-76.8105	-0.786356
67.28	78.9942	-79.7763	-0.782121
67.3	81.8582	-82.6356	-0.777358
67.32	83.0705	-83.8472	-0.776747
67.34	83.026	-83.7965	-0.770477
67.36	82.6508	-83.432	-0.781239
67.38	82.223	-83.0043	-0.781254
67.4	81.6305	-82.4063	-0.775773
67.42	80.8992	-81.664	-0.764816
67.44	80.1558	-80.9153	-0.759499
67.46	79.3357	-80.074	-0.738231
67.48	77.9025	-78.6523	-0.749873
67.5	75.6048	-76.3538	-0.74892
67.52	73.955	-74.7165	-0.761435
67.54	72.173	-72.9326	-0.759586
67.56	73.3118	-74.0649	-0.753152
67.58	77.9009	-78.6628	-0.761915
67.6	80.6829	-81.449	-0.766115
67.62	81.9009	-82.6826	-0.781696
67.64	82.3999	-83.1929	-0.793017
67.66	81.6884	-82.4778	-0.789329
67.68	77.928	-78.718	-0.789971
67.7	73.2645	-74.0755	-0.811023
67.72	74.3587	-75.1761	-0.817352
67.74	75.2622	-76.0783	-0.81608
67.76	75.4275	-76.2274	-0.799893
67.78	75.0857	-75.8966	-0.810888
67.8	74.7256	-75.5202	-0.794572
67.82	74.3068	-75.1012	-0.794411
67.84	74.3262	-75.1127	-0.786415
67.86	77.1326	-77.9257	-0.793145
67.88	80.7468	-81.5521	-0.805316
67.9	82.5522	-83.3525	-0.800314
67.92	81.6122	-82.3887	-0.776442
67.94	80.2908	-81.0606	-0.769721
67.96	80.0164	-80.7926	-0.776208
67.98	79.4619	-80.2327	-0.770842
68	78.2207	-78.9966	-0.775927
68.02	76.8086	-77.5901	-0.781462
68.04	75.3379	-76.1035	-0.765544
68.06	73.9082	-74.6777	-0.76942
68.08	74.4161	-75.1919	-0.77584
68.1	75.9275	-76.6985	-0.770996
68.12	77.0004	-77.7714	-0.771012
68.14	77.2324	-77.9926	-0.760233
68.16	76.3356	-77.0846	-0.748967
68.18	74.8601	-75.6138	-0.753682
68.2	73.9455	-74.6937	-0.748162
68.22	73.7407	-74.5114	-0.770668
68.24	73.6073	-74.3615	-0.754198
68.26	73.5294	-74.2997	-0.770349
68.28	73.7724	-74.5374	-0.764954
68.3	74.0261	-74.7807	-0.754616
68.32	73.4083	-74.1792	-0.770911
68.34	72.0772	-72.8475	-0.770315
68.36	70.8546	-71.6248	-0.77019
68.38	70.1031	-70.8785	-0.775349
68.4	70.1902	-70.9603	-0.770053
68.42	70.7551	-71.5148	-0.759681
68.44	70.979	-71.7328	-0.753811
68.46	71.1627	-71.9161	-0.753355
68.48	71.7991	-72.5581	-0.759002
68.5	72.6094	-73.3577	-0.748258
68.52	73.1615	-73.9153	-0.753744
68.54	73.3993	-74.1583	-0.758994
68.56	73.5822	-74.3356	-0.753378
68.58	73.9013	-74.6384	-0.737098
68.6	74.2053	-74.9426	-0.737251
68.62	74.3762	-75.1079	-0.731709
68.64	74.6145	-75.3298	-0.715307
68.66	74.9783	-75.7106	-0.73236
68.68	74.9276	-75.6546	-0.727001
68.7	74.8572	-75.6102	-0.753065
68.72	76.2104	-76.9705	-0.760026
68.74	77.1247	-77.8918	-0.767144
68.76	75.2702	-76.0317	-0.761473
68.78	71.474	-72.249	-0.774942
68.8	70.1463	-70.92	-0.773732
68.82	72.8222	-73.577	-0.754781
68.84	75.5845	-76.3458	-0.76127
68.86	76.4253	-77.1859	-0.760544
68.88	76.0377	-76.7978	-0.760104
68.9	75.4951	-76.2487	-0.753597
68.92	75.9395	-76.7052	-0.765716
68.94	76.167	-76.9216	-0.754638
68.96	75.9006	-76.6656	-0.765029
68.98	75.6691	-76.4287	-0.759616
69	75.3346	-76.0888	-0.754219
69.02	74.6486	-75.4194	-0.770801
69.04	73.38	-74.1561	-0.776147
69.06	71.8524	-72.6388	-0.786403
69.08	71.2118	-72.0031	-0.791298
69.1	72.0697	-72.873	-0.803243
69.12	73.1378	-73.9468	-0.808959
69.14	73.8	-74.5975	-0.797465
69.16	74.5301	-75.3166	-0.786574
69.18	75.2347	-76.0215	-0.786839
69.2	75.5653	-76.363	-0.797641
69.22	75.6457	-76.4434	-0.79765
69.24	75.4317	-76.23	-0.798241
69.26	74.3333	-75.1151	-0.781757
69.28	72.7243	-73.5272	-0.802916
69.3	71.5505	-72.377	-0.826418
69.32	69.3763	-70.1915	-0.81523
69.34	67.7356	-68.5582	-0.822604
69.36	70.1987	-71.0249	-0.826254
69.38	72.6625	-73.4885	-0.82605
69.4	73.9338	-74.7699	-0.836135
69.42	74.8505	-75.6808	-0.830264
69.44	75.849	-76.6792	-0.830224
69.46	76.937	-77.7509	-0.81387
69.48	77.9767	-78.7853	-0.808643
69.5	78.595	-79.4151	-0.820127
69.52	78.2159	-79.0364	-0.820519
69.54	76.8038	-77.6179	-0.814085
69.56	76.0515	-76.8434	-0.791949
69.58	76.2442	-77.0495	-0.805329
69.6	74.7836	-75.5777	-0.79401
69.62	72.4139	-73.2002	-0.786306
69.64	72.2676	-73.0593	-0.791724
69.66	74.6311	-75.4407	-0.809592
69.68	77.3758	-78.213	-0.837184
69.7	79.5215	-80.3639	-0.842384
69.72	80.7828	-81.615	-0.83222
69.74	79.9465	-80.7795	-0.832976
69.76	76.5576	-77.3826	-0.825008
69.78	74.3921	-75.2156	-0.823459
69.8	75.3915	-76.212	-0.820486
69.82	76.4249	-77.2344	-0.809474
69.84	76.8985	-77.7016	-0.803151
69.86	77.6935	-78.4911	-0.797619
69.88	78.7485	-79.558	-0.809505
69.9	78.815	-79.6249	-0.809965
69.92	77.3851	-78.1779	-0.792774
69.94	75.7861	-76.5892	-0.803047
69.96	74.8191	-75.6416	-0.822423
69.98	72.4431	-73.278	-0.834895
70	73.8712	-74.7026	-0.831336
70.02	77.2832	-78.1115	-0.828245
70.04	77.5783	-78.4167	-0.838424
70.06	75.2316	-76.069	-0.837402
70.08	72.4227	-73.2411	-0.818385
70.1	72.5023	-73.3056	-0.803251
70.12	74.1587	-74.9683	-0.809614
70.14	75.6483	-76.4631	-0.814762
70.16	76.7675	-77.5605	-0.792999
70.18	77.0932	-77.8694	-0.776264
70.2	76.7362	-77.5068	-0.770556
70.22	75.9529	-76.7345	-0.781618
70.24	74.713	-75.5114	-0.798385
70.26	72.9158	-73.703	-0.787173
70.28	71.5388	-72.3244	-0.785613
70.3	72.6629	-73.4384	-0.775495
70.32	75.2526	-76.035	-0.782368
70.34	77.0309	-77.8297	-0.798736
70.36	77.5769	-78.3808	-0.803913
70.38	77.1811	-78.0069	-0.825786
70.4	76.0453	-76.8712	-0.825835
70.42	74.5693	-75.3885	-0.819191
70.44	74.4481	-75.2563	-0.808199
70.46	75.7001	-76.5154	-0.815307
70.48	76.3631	-77.1944	-0.831331
70.5	76.8745	-77.7049	-0.830348
70.52	78.1804	-79.024	-0.843586
70.54	77.8232	-78.656	-0.832792
70.56	76.8822	-77.7053	-0.823053
70.58	79.5199	-80.3421	-0.822188
70.6	80.7402	-81.5738	-0.833568
70.62	78.6397	-79.4671	-0.827402
70.64	74.8897	-75.7253	-0.835546
70.66	73.7718	-74.5955	-0.823749
70.68	76.5862	-77.4292	-0.843012
70.7	79.4703	-80.3146	-0.844309
70.72	80.2302	-81.0729	-0.842668
70.74	80.4956	-81.327	-0.83132
70.76	80.9299	-81.7612	-0.831331
70.78	81.4948	-82.3204	-0.825539
70.8	82.354	-83.1911	-0.837179
70.82	82.571	-83.4032	-0.832148
70.84	81.5503	-82.3707	-0.820452
70.86	80.1466	-80.9669	-0.820275
70.88	78.7491	-79.5586	-0.809481
70.9	77.4209	-78.2352	-0.814294
70.92	77.1727	-78.0029	-0.830216
70.94	78.5687	-79.3887	-0.820039
70.96	80.3768	-81.1922	-0.81544
70.98	81.2106	-82.0145	-0.803947
71	81.531	-82.3398	-0.808811
71.02	82.0312	-82.8571	-0.825961
71.04	81.9033	-82.7514	-0.848152
71.06	80.8361	-81.6945	-0.858421
71.08	79.8696	-80.7331	-0.863478
71.1	79.654	-80.5235	-0.869536
71.12	79.7657	-80.6292	-0.86353
71.14	80.6979	-81.5722	-0.874271
71.16	82.4663	-83.3415	-0.87525
71.18	83.6372	-84.4967	-0.85952
71.2	83.2282	-84.0761	-0.847951
71.22	82.3032	-83.1494	-0.846257
71.24	83.0419	-83.8779	-0.836017
71.26	84.6897	-85.5434	-0.853714
71.28	85.4726	-86.3263	-0.853654
71.3	85.3672	-86.2089	-0.841728
71.32	85.6246	-86.4497	-0.825124
71.34	86.4651	-87.3132	-0.848135
71.36	86.6212	-87.4587	-0.837491
71.38	85.8025	-86.6447	-0.842194
71.4	85.4216	-86.2907	-0.869071
71.42	86.2579	-87.1229	-0.865044
71.44	86.808	-87.6732	-0.865161
71.46	86.9001	-87.7372	-0.837059
71.48	87.4113	-88.2596	-0.848336
71.5	87.941	-88.7957	-0.85474
71.52	87.4053	-88.2815	-0.876194
71.54	86.4941	-87.3963	-0.902241
71.56	86.7642	-87.6729	-0.908671
71.58	86.7913	-87.6907	-0.899431
71.6	84.9728	-85.8854	-0.912574
71.62	85.297	-86.2101	-0.913139
71.64	87.0312	-87.9208	-0.889553
71.66	85.1424	-86.0202	-0.877771
71.68	80.7854	-81.6595	-0.874152
71.7	78.9227	-79.7907	-0.868027
71.72	80.7692	-81.6167	-0.847458
71.74	84.0122	-84.8662	-0.854033
71.76	86.5708	-87.4299	-0.859127
71.78	88.2991	-89.147	-0.847951
71.8	89.1648	-89.9964	-0.831629
71.82	88.7897	-89.6215	-0.831752
71.84	87.0638	-87.8844	-0.82052
71.86	84.7017	-85.5263	-0.824661
71.88	83.7653	-84.5895	-0.824165
71.9	84.8655	-85.7134	-0.847883
71.92	85.7327	-86.565	-0.832254
71.94	85.1842	-86.0155	-0.831309
71.96	84.354	-85.1849	-0.830833
71.98	83.9484	-84.7851	-0.836678
72	83.6039	-84.4295	-0.825618
72.02	83.257	-84.0826	-0.825618
72.04	82.9964	-83.8326	-0.836201
72.06	83.2531	-84.0677	-0.814581
72.08	83.6365	-84.4461	-0.809567
72.1	83.5493	-84.353	-0.803643
72.12	83.3779	-84.1979	-0.81996
72.14	83.227	-84.0474	-0.820351
72.16	82.6645	-83.4793	-0.814788
72.18	81.8111	-82.6367	-0.825539
72.2	81.0843	-81.9095	-0.825256
72.22	81.0722	-81.9024	-0.830204
72.24	82.4071	-83.2322	-0.825128
72.26	84.4261	-85.2576	-0.831474
72.28	85.6983	-86.5302	-0.831969
72.3	85.3315	-86.1743	-0.842872
72.32	83.6902	-84.5209	-0.8307
72.34	82.5136	-83.3446	-0.831006
72.36	81.7414	-82.5618	-0.82038
72.38	80.8322	-81.6248	-0.792612
72.4	80.0586	-80.8567	-0.798104
72.42	79.4454	-80.2431	-0.797659
72.44	79.4384	-80.2359	-0.797518
72.46	80.1259	-80.9071	-0.781215
72.48	81.1899	-81.9712	-0.781332
72.5	82.2756	-83.0462	-0.770585
72.52	83.025	-83.8121	-0.787135
72.54	83.248	-84.0515	-0.803503
72.56	83.1843	-83.9546	-0.770284
72.58	83.3229	-84.11	-0.787101
72.6	83.1503	-83.9384	-0.788108
72.62	81.3871	-82.1704	-0.783285
72.64	77.5958	-78.3726	-0.776814
72.66	74.2459	-75.0249	-0.778977
72.68	75.5793	-76.3495	-0.7702
72.7	79.1471	-79.9196	-0.772499
72.72	81.1666	-81.9283	-0.76172
72.74	80.8219	-81.611	-0.789094
72.76	78.6171	-79.3992	-0.782044
72.78	77.3581	-78.1598	-0.801742
72.8	79.6153	-80.4033	-0.78807
72.82	81.9606	-82.7441	-0.783474
72.84	81.9824	-82.7655	-0.783063
72.86	79.9234	-80.7169	-0.793474
72.88	77.173	-77.9698	-0.796765
72.9	76.6911	-77.4938	-0.802767
72.92	78.0225	-78.8327	-0.81015
72.94	78.4852	-79.2792	-0.794055
72.96	77.8652	-78.6459	-0.780683
72.98	78.9778	-79.7489	-0.771101
73	80.3096	-81.0932	-0.783531
73.02	79.6821	-80.4808	-0.798666
73.04	78.5667	-79.3757	-0.809012
73.06	78.2269	-79.0408	-0.813897
73.08	79.3814	-80.1851	-0.803696
73.1	80.8762	-81.6758	-0.799628
73.12	80.7164	-81.5437	-0.827328
73.14	78.7194	-79.5451	-0.825661
73.16	77.5244	-78.3431	-0.818716
73.18	78.9547	-79.7588	-0.804111
73.2	80.6471	-81.4411	-0.793986
73.22	81.069	-81.8674	-0.798387
73.24	81.2048	-82.008	-0.803239
73.26	81.7443	-82.559	-0.81463
73.28	82.0107	-82.8258	-0.815121
73.3	81.2816	-82.1184	-0.836833
73.32	79.9477	-80.7893	-0.841558
73.34	78.8914	-79.7339	-0.842456
73.36	77.3341	-78.1709	-0.836853
73.38	75.8638	-76.6987	-0.834904
73.4	76.7792	-77.6099	-0.83071
73.42	78.6846	-79.5105	-0.82598
73.44	80.1169	-80.9478	-0.830858
73.46	81.417	-82.2532	-0.83623
73.48	82.5928	-83.4348	-0.841941
73.5	83.1891	-84.0367	-0.847613
73.52	82.8266	-83.6579	-0.83128
73.54	81.3511	-82.1934	-0.842239
73.56	78.9436	-79.791	-0.847394
73.58	76.4003	-77.2413	-0.840987
73.6	75.2005	-76.0465	-0.846044
73.62	75.9747	-76.8271	-0.852431
73.64	77.5284	-78.3871	-0.858767
73.66	78.622	-79.4806	-0.858666
73.68	79.3399	-80.1873	-0.847349
73.7	80.1285	-80.971	-0.842457
73.72	80.4448	-81.2767	-0.831869
73.74	80.1853	-81.016	-0.830699
73.76	80.6711	-81.5139	-0.842839
73.78	80.8257	-81.6741	-0.848426
73.8	80.3492	-81.1857	-0.83647
73.82	80.763	-81.5876	-0.824667
73.84	82.8521	-83.6732	-0.821043
73.86	84.1875	-85.0037	-0.81612
73.88	83.5878	-84.4024	-0.814554
73.9	82.8245	-83.6385	-0.814006
73.92	82.6548	-83.4693	-0.814528
73.94	82.4123	-83.2432	-0.830925
73.96	81.9982	-82.8343	-0.836055
73.98	81.8402	-82.6817	-0.84146
74	81.9655	-82.7964	-0.83095
74.02	81.8199	-82.6561	-0.836175
74.04	81.5813	-82.4118	-0.830541
74.06	81.3615	-82.1871	-0.82555
74.08	80.6561	-81.4816	-0.825486
74.1	79.6429	-80.4624	-0.819565
74.12	79.0552	-79.8803	-0.825057
74.14	79.0232	-79.8487	-0.825581
74.16	78.9924	-79.8016	-0.80921
74.18	78.7867	-79.6015	-0.814817
74.2	78.2888	-79.1145	-0.825708
74.22	77.7847	-78.5986	-0.813845
74.24	78.4115	-79.2145	-0.802954
74.26	79.9608	-80.7758	-0.814967
74.28	80.8725	-81.6875	-0.815055
74.3	80.7524	-81.5669	-0.814483
74.32	80.2974	-81.1223	-0.824941
74.34	80.1916	-81.0277	-0.836105
74.36	80.331	-81.1565	-0.825508
74.38	80.3948	-81.2256	-0.830841
74.4	80.669	-81.4999	-0.83091
74.42	81.0691	-81.89	-0.820968
74.44	80.5501	-81.3709	-0.820823
74.46	79.3777	-80.2142	-0.836519
74.48	78.6834	-79.4979	-0.814415
74.5	79.0121	-79.8316	-0.819512
74.52	80.6242	-81.4445	-0.82026
74.54	82.3613	-83.2037	-0.842434
74.56	83.4527	-84.2892	-0.836485
74.58	84.2492	-85.0911	-0.841829
74.6	84.8686	-85.7109	-0.842324
74.62	84.665	-85.4862	-0.821199
74.64	82.7767	-83.5981	-0.821437
74.66	79.2954	-80.1168	-0.821384
74.68	75.6305	-76.438	-0.807545
74.7	76.0385	-76.8305	-0.792045
74.72	79.4598	-80.249	-0.789193
74.74	81.4813	-82.2808	-0.799499
74.76	81.8025	-82.6009	-0.79832
74.78	81.6088	-82.4177	-0.808935
74.8	81.3286	-82.1378	-0.809199
74.82	80.6322	-81.4364	-0.804183
74.84	79.0429	-79.8415	-0.798572
74.86	77.0727	-77.8591	-0.786331
74.88	76.4743	-77.2607	-0.786373
74.9	77.2445	-78.0429	-0.798405
74.92	77.7672	-78.5605	-0.793328
74.94	77.2357	-78.029	-0.793217
74.96	75.8375	-76.6244	-0.786922
74.98	74.8412	-75.6219	-0.780672
75	75.2618	-76.0378	-0.77594
75.02	76.2267	-77.014	-0.78733
75.04	76.9303	-77.7125	-0.782113
75.06	76.8353	-77.6181	-0.782791
75.08	75.2383	-76.0208	-0.78257
75.1	72.9583	-73.7497	-0.791426
75.12	72.9186	-73.71	-0.791426
75.14	75.0232	-75.817	-0.793845
75.16	75.98	-76.7739	-0.793972
75.18	75.0579	-75.8509	-0.792984
75.2	73.6007	-74.3871	-0.786436
75.22	73.2055	-73.9752	-0.769674
75.24	74.3705	-75.1299	-0.75938
75.26	76.1031	-76.8797	-0.776636
75.28	77.1862	-77.9519	-0.765726
75.3	77.4477	-78.213	-0.765288
75.32	77.447	-78.2067	-0.759679
75.34	77.4965	-78.2561	-0.759628
75.36	77.9024	-78.6672	-0.764768
75.38	79.0634	-79.829	-0.765594
75.4	79.9314	-80.7087	-0.777355
75.42	79.288	-80.071	-0.782981
75.44	77.0625	-77.8557	-0.793205
75.46	74.4728	-75.276	-0.803197
75.48	73.1852	-73.9877	-0.802442
75.5	74.1494	-74.9581	-0.80867
75.52	76.1645	-76.958	-0.793446
75.54	77.3555	-78.1489	-0.793402
75.56	77.4725	-78.2653	-0.79281
75.58	77.0973	-77.8849	-0.78761
75.6	76.0951	-76.888	-0.792894
75.62	74.9363	-75.7448	-0.808499
75.64	74.7952	-75.6037	-0.808567
75.66	75.6718	-76.4863	-0.814539
75.68	76.6678	-77.4774	-0.809633
75.7	76.7403	-77.5394	-0.799108
75.72	75.4907	-76.2941	-0.80334
75.74	74.9628	-75.7704	-0.807636
75.76	76.4656	-77.2808	-0.815178
75.78	77.4339	-78.2714	-0.837492
75.8	76.7576	-77.5836	-0.826051
75.82	75.0861	-75.895	-0.80885
75.84	73.649	-74.4573	-0.808326
75.86	73.2549	-74.0526	-0.797753
75.88	73.455	-74.2533	-0.798264
75.9	73.5917	-74.3896	-0.797837
75.92	73.9795	-74.7774	-0.797895
75.94	74.4418	-75.2349	-0.793132
75.96	73.9995	-74.7821	-0.782606
75.98	72.2078	-72.9899	-0.782104
76	70.293	-71.0623	-0.769314
76.02	70.5562	-71.3214	-0.765222
76.04	71.5468	-72.3185	-0.771715
76.06	71.8494	-72.6089	-0.759464
76.08	72.7523	-73.5064	-0.754034
76.1	74.1764	-74.9201	-0.743693
76.12	75.0107	-75.7603	-0.749668
76.14	74.4714	-75.2262	-0.754759
76.16	73.3478	-74.1065	-0.758694
76.18	73.6298	-74.389	-0.759208
76.2	74.8211	-75.5922	-0.771082
76.22	75.5055	-76.2763	-0.770868
76.24	75.5141	-76.2796	-0.765552
76.26	74.5584	-75.3351	-0.776701
76.28	72.5488	-73.3303	-0.781542
76.3	70.8623	-71.6529	-0.790634
76.32	71.9369	-72.745	-0.808043
76.34	74.625	-75.4294	-0.804355
76.36	76.2237	-77.0284	-0.804746
76.38	76.2765	-77.0796	-0.803163
76.4	76.8796	-77.6884	-0.808728
76.42	78.0165	-78.821	-0.804518
76.44	78.1414	-78.9177	-0.776393
76.46	77.9631	-78.7338	-0.770755
76.48	78.0767	-78.8583	-0.781648
76.5	78.8603	-79.6418	-0.781434
76.52	80.4143	-81.1966	-0.782318
76.54	81.3972	-82.1801	-0.782907
76.56	80.974	-81.7504	-0.776381
76.58	80.7031	-81.4725	-0.769393
76.6	82.3274	-83.0929	-0.765554
76.62	83.8338	-84.5788	-0.74501
76.64	83.1858	-83.9305	-0.744742
76.66	81.0458	-81.7892	-0.743442
76.68	79.4365	-80.1692	-0.732789
76.7	78.5035	-79.2419	-0.738463
76.72	78.0917	-78.8184	-0.726725
76.74	79.0144	-79.7298	-0.715329
76.76	81.4551	-82.1601	-0.70493
76.78	84.2236	-84.9294	-0.705763
76.8	85.7847	-86.5022	-0.717422
76.82	84.954	-85.6779	-0.723882
76.84	80.9647	-81.6988	-0.73407
76.86	76.197	-76.922	-0.725046
76.88	75.627	-76.3587	-0.731698
76.9	78.1136	-78.8421	-0.728537
76.92	79.8818	-80.6105	-0.728698
76.94	79.8313	-80.5378	-0.706426
76.96	78.7802	-79.4842	-0.703939
76.98	79.8822	-80.5924	-0.710233
77	82.1218	-82.8284	-0.706527
77.02	82.5933	-83.2882	-0.694865
77.04	81.5672	-82.2672	-0.700028
77.06	79.6858	-80.3909	-0.705091
77.08	78.055	-78.748	-0.692947
77.1	78.2212	-78.921	-0.699783
77.12	78.7298	-79.4306	-0.700793
77.14	78.3357	-79.03	-0.69437
77.16	77.8865	-78.5706	-0.684059
77.18	77.1051	-77.7936	-0.68852
77.2	76.8952	-77.5838	-0.688684
77.22	77.1002	-77.7832	-0.682953
77.24	77.6457	-78.3394	-0.693681
77.26	78.5593	-79.2367	-0.677421
77.28	79.4979	-80.1755	-0.677525
77.3	80.1285	-80.8061	-0.677672
77.32	80.1826	-80.8599	-0.677341
77.34	80.0238	-80.7009	-0.677098
77.36	79.9628	-80.6402	-0.677321
77.38	79.7307	-80.3919	-0.661199
77.4	78.9898	-79.662	-0.672195
77.42	77.8078	-78.4797	-0.671882
77.44	76.7393	-77.4108	-0.671578
77.46	76.2575	-76.9403	-0.682777
77.48	76.1664	-76.8602	-0.693874
77.5	76.2398	-76.9175	-0.677707
77.52	76.1704	-76.8426	-0.672216
77.54	76.2228	-76.9106	-0.687829
77.56	77.2447	-77.9279	-0.683241
77.58	78.1379	-78.8106	-0.672662
77.6	78.1396	-78.8228	-0.683188
77.62	77.6694	-78.3635	-0.694105
77.64	76.9513	-77.6398	-0.688493
77.66	76.252	-76.946	-0.693992
77.68	75.6514	-76.3565	-0.705145
77.7	75.1391	-75.8546	-0.715583
77.72	75.315	-76.0362	-0.721209
77.74	75.9747	-76.7018	-0.727024
77.76	76.5107	-77.2432	-0.732508
77.78	76.7258	-77.4365	-0.710697
77.8	76.4681	-77.1734	-0.705269
77.82	75.8174	-76.5222	-0.704867
77.84	75.3524	-76.0683	-0.715915
77.86	75.1333	-75.8384	-0.70511
77.88	75.1606	-75.8541	-0.693514
77.9	76.0863	-76.7966	-0.710325
77.92	77.369	-78.1019	-0.732927
77.94	78.1267	-78.8646	-0.737936
77.96	78.7582	-79.4908	-0.732533
77.98	79.0815	-79.8096	-0.728169
78	77.8137	-78.5255	-0.71185
78.02	75.6409	-76.3551	-0.714163
78.04	76.4434	-77.1589	-0.715583
78.06	78.6825	-79.3947	-0.712188
78.08	79.0413	-79.7364	-0.69507
78.1	77.9723	-78.6716	-0.699282
78.12	77.1786	-77.8776	-0.699009
78.14	77.2082	-77.891	-0.682834
78.16	77.919	-78.6184	-0.699403
78.18	78.83	-79.537	-0.706947
78.2	77.8585	-78.5587	-0.700192
78.22	76.9713	-77.6643	-0.692996
78.24	78.0273	-78.7227	-0.695408
78.26	78.2544	-78.9548	-0.700477
78.28	77.7421	-78.4414	-0.699242
78.3	78.5585	-79.2456	-0.687062
78.32	81.731	-82.4372	-0.706172
78.34	83.8738	-84.5691	-0.695265
78.36	84.0464	-84.7131	-0.666684
78.38	83.5758	-84.2476	-0.671875
78.4	82.9126	-83.5853	-0.672724
78.42	81.1887	-81.8674	-0.67865
78.44	78.317	-78.9835	-0.666486
78.46	76.3923	-77.0627	-0.670473
78.48	77.5556	-78.2107	-0.655125
78.5	80.3731	-81.0356	-0.662484
78.52	82.1204	-82.794	-0.673664
78.54	82.048	-82.711	-0.662942
78.56	80.3927	-81.0536	-0.660919
78.58	80.0491	-80.704	-0.654918
78.6	81.5731	-82.2246	-0.651538
78.62	82.1427	-82.7883	-0.64552
78.64	81.7036	-82.3265	-0.622918
78.66	81.0048	-81.6273	-0.622556
78.68	80.5152	-81.1374	-0.622227
78.7	80.5622	-81.19	-0.627806
78.72	80.8588	-81.4815	-0.622664
78.74	80.8271	-81.4552	-0.628084
78.76	80.3916	-81.0304	-0.638784
78.78	79.7892	-80.4499	-0.66069
78.8	79.0849	-79.7456	-0.660703
78.82	78.2452	-78.917	-0.671802
78.84	77.1658	-77.8539	-0.688081
78.86	76.1962	-76.8672	-0.671044
78.88	76.1232	-76.7891	-0.665905
78.9	76.4598	-77.1322	-0.672409
78.92	75.9941	-76.6606	-0.666471
78.94	75.3168	-75.9879	-0.671141
78.96	75.4308	-76.1081	-0.67729
78.98	75.5618	-76.2286	-0.66685
79	75.0465	-75.6963	-0.649805
79.02	74.6254	-75.2747	-0.649291
79.04	74.9221	-75.5666	-0.644446
79.06	75.2262	-75.8711	-0.644891
79.08	74.9314	-75.5599	-0.628515
79.1	74.2049	-74.8434	-0.638554
79.12	74.3826	-75.0208	-0.638201
79.14	75.79	-76.4352	-0.645115
79.16	76.5788	-77.2294	-0.650604
79.18	76.5122	-77.1561	-0.643911
79.2	76.988	-77.6263	-0.638326
79.22	78.157	-78.7903	-0.633271
79.24	79.3018	-79.9573	-0.655421
79.26	79.9652	-80.6206	-0.65542
79.28	80.0938	-80.7546	-0.660754
79.3	79.8871	-80.5367	-0.649605
79.32	79.5947	-80.2442	-0.64957
79.34	79.2538	-79.909	-0.655163
79.36	78.7952	-79.4448	-0.649662
79.38	78.3294	-78.9791	-0.64967
79.4	77.9703	-78.6255	-0.655188
79.42	77.8046	-78.4544	-0.64986
79.44	77.7417	-78.3866	-0.644818
79.46	77.4345	-78.0735	-0.638924
79.48	77.4101	-78.0435	-0.633392
79.5	77.7717	-78.4165	-0.644753
79.52	78.1926	-78.8422	-0.649653
79.54	78.9836	-79.6559	-0.672311
79.56	79.0617	-79.7067	-0.644951
79.58	77.9786	-78.6066	-0.627994
79.6	76.3103	-76.938	-0.62765
79.62	74.759	-75.3858	-0.626817
79.64	74.4931	-75.1199	-0.626793
79.66	75.5048	-76.1329	-0.628036
79.68	76.1508	-76.7794	-0.628566
79.7	75.7581	-76.3805	-0.622423
79.72	75.1532	-75.7596	-0.606489
79.74	74.0378	-74.639	-0.601224
79.76	72.5822	-73.1815	-0.599347
79.78	73.0311	-73.6254	-0.594328
79.8	74.7499	-75.3464	-0.596412
79.82	74.928	-75.5187	-0.590711
79.84	73.9289	-74.5282	-0.599277
79.86	74.5634	-75.1633	-0.599881
79.88	76.2369	-76.843	-0.606072
79.9	77.5728	-78.1786	-0.605818
79.92	78.4953	-79.112	-0.616676
79.94	79.0196	-79.6583	-0.638706
79.96	79.0074	-79.657	-0.649651
79.98	78.5092	-79.1477	-0.638509
80	77.7841	-78.428	-0.643966
80.02	77.0009	-77.6285	-0.627597
80.04	76.1754	-76.8032	-0.62773
80.06	75.3666	-76.0053	-0.638668
80.08	74.8471	-75.4801	-0.632996
80.1	75.068	-75.7063	-0.638268
80.12	76.3666	-77.005	-0.638419
80.14	78.3205	-78.9596	-0.639141
80.16	79.7783	-80.4229	-0.644569
80.18	80.4837	-81.117	-0.633268
80.2	80.7489	-81.3821	-0.633153
80.22	80.6414	-81.2856	-0.644208
80.24	80.0594	-80.7036	-0.644261
80.26	79.0401	-79.6897	-0.649651
80.28	77.9038	-78.5532	-0.649404
80.3	77.2531	-77.8967	-0.643525
80.32	77.8387	-78.4769	-0.638124
80.34	79.4354	-80.0861	-0.650661
80.36	80.0244	-80.67	-0.645537
80.38	79.0567	-79.7067	-0.65001
80.4	77.7912	-78.4466	-0.65536
80.42	76.6579	-77.3241	-0.666214
80.44	75.9885	-76.6595	-0.671044
80.46	76.4998	-77.1714	-0.671573
80.48	77.4884	-78.1659	-0.677506
80.5	78.1485	-78.8042	-0.655658
80.52	78.2535	-78.9202	-0.666701
80.54	77.7893	-78.472	-0.682726
80.56	77.5337	-78.1992	-0.665551
80.58	78.4025	-79.058	-0.65549
80.6	79.2672	-79.9185	-0.651297
80.62	78.4541	-79.1162	-0.662058
80.64	76.5004	-77.1662	-0.665788
80.66	75.7787	-76.4556	-0.676889
80.68	76.4242	-77.1019	-0.677687
80.7	77.3133	-78.0071	-0.693855
80.72	78.3599	-79.0373	-0.677439
80.74	79.1373	-79.8263	-0.688955
80.76	78.7952	-79.4782	-0.683008
80.78	77.8352	-78.501	-0.665718
80.8	77.2918	-77.9578	-0.666063
80.82	76.858	-77.4974	-0.639353
80.84	75.7322	-76.3829	-0.650697
80.86	74.5652	-75.2181	-0.652984
80.88	76.8659	-77.511	-0.645064
80.9	79.2771	-79.9231	-0.646037
80.92	79.0813	-79.7098	-0.628541
80.94	77.2667	-77.9053	-0.638608
80.96	75.3948	-76.0485	-0.653703
80.98	75.2619	-75.9216	-0.659713
81	76.2096	-76.8705	-0.660919
81.02	76.4775	-77.1438	-0.666246
81.04	75.9471	-76.6021	-0.655048
81.06	74.9843	-75.6448	-0.660469
81.08	73.9497	-74.6209	-0.671235
81.1	73.2275	-73.9046	-0.677036
81.12	72.7392	-73.405	-0.665766
81.14	72.8858	-73.5516	-0.665821
81.16	73.655	-74.3209	-0.66587
81.18	74.8572	-75.5339	-0.676739
81.2	76.2724	-76.9552	-0.682836
81.22	77.0654	-77.7427	-0.677316
81.24	77.3184	-77.9951	-0.676682
81.26	77.7028	-78.3914	-0.688557
81.28	77.2797	-77.9578	-0.678112
81.3	75.6368	-76.3031	-0.666304
81.32	74.1799	-74.8345	-0.654534
81.34	74.4368	-75.0636	-0.626773
81.36	76.549	-77.183	-0.634034
81.38	78.1363	-78.7814	-0.64511
81.4	78.5747	-79.1972	-0.622463
81.42	78.5823	-79.2049	-0.62267
81.44	78.1558	-78.7889	-0.633112
81.46	78.1425	-78.7692	-0.626674
81.48	79.5648	-80.1924	-0.627587
81.5	81.2522	-81.9021	-0.649884
81.52	82.3007	-82.9505	-0.649791
81.54	82.6482	-83.2982	-0.649932
81.56	82.1795	-82.841	-0.661504
81.58	80.3878	-81.0501	-0.662229
81.6	77.2863	-77.9635	-0.677232
81.62	75.4941	-76.1812	-0.687164
81.64	76.4835	-77.1617	-0.678129
81.66	77.937	-78.6206	-0.683586
81.68	79.2222	-79.9052	-0.682981
81.7	80.8003	-81.4889	-0.688562
81.72	82.4383	-83.1434	-0.705043
81.74	83.8876	-84.598	-0.710406
81.76	84.9997	-85.727	-0.727313
81.78	85.0923	-85.8032	-0.710929
81.8	84.0849	-84.7787	-0.693786
81.82	82.8744	-83.5679	-0.693476
81.84	82.0699	-82.7579	-0.687976
81.86	81.6958	-82.39	-0.694242
81.88	80.8166	-81.5169	-0.700328
81.9	78.7273	-79.4222	-0.694864
81.92	76.2536	-76.9515	-0.697908
81.94	76.876	-77.5577	-0.681758
81.96	80.0594	-80.7277	-0.668286
81.98	81.4609	-82.1234	-0.662519
82	80.5293	-81.1851	-0.655775
82.02	78.7705	-79.4204	-0.649852
82.04	76.9182	-77.5632	-0.644971
82.06	74.7961	-75.4293	-0.633188
82.08	73.9277	-74.5544	-0.626693
82.1	75.4759	-76.0987	-0.622719
82.12	77.3864	-78.0096	-0.623169
82.14	78.3072	-78.9356	-0.628422
82.16	78.0766	-78.7159	-0.639311
82.18	76.8164	-77.4604	-0.644001
82.2	75.7419	-76.3795	-0.637638
82.22	75.8298	-76.4796	-0.649798
82.24	75.7808	-76.4305	-0.64974
82.26	75.4083	-76.0355	-0.627196
82.28	75.3256	-75.9478	-0.622182
82.3	74.9195	-75.542	-0.622441
82.32	73.8104	-74.4159	-0.605515
82.34	72.7244	-73.3293	-0.604949
82.36	72.4243	-73.0132	-0.588897
82.38	72.5222	-73.1388	-0.616643
82.4	72.5252	-73.1417	-0.61653
82.42	72.4781	-73.1111	-0.632989
82.44	72.3191	-72.9523	-0.633187
82.46	71.7658	-72.3772	-0.611365
82.48	70.7308	-71.3363	-0.605535
82.5	69.7133	-70.3184	-0.605077
82.52	69.2947	-69.8944	-0.599683
82.54	69.3398	-69.9453	-0.605558
82.56	69.2841	-69.8845	-0.600406
82.58	68.6935	-69.2829	-0.589415
82.6	67.8296	-68.4182	-0.58859
82.62	67.8903	-68.4678	-0.577427
82.64	69.0334	-69.6229	-0.589502
82.66	69.7599	-70.3496	-0.58966
82.68	69.6221	-70.2111	-0.588986
82.7	69.444	-70.0324	-0.588391
82.72	69.9262	-70.5149	-0.588705
82.74	70.6571	-71.2627	-0.605524
82.76	71.0395	-71.6395	-0.600028
82.78	71.0597	-71.6486	-0.588845
82.8	71.0999	-71.6721	-0.572285
82.82	71.3274	-71.9108	-0.583425
82.84	71.5194	-72.0865	-0.567095
82.86	71.5314	-72.104	-0.57258
82.88	71.3867	-71.9429	-0.556173
82.9	71.0789	-71.6409	-0.561979
82.92	70.3594	-70.9162	-0.556801
82.94	69.2506	-69.8285	-0.577913
82.96	68.9956	-69.5624	-0.566811
82.98	69.9299	-70.4971	-0.567203
83	71.5115	-72.0785	-0.566967
83.02	73.6179	-74.1691	-0.551189
83.04	75.2283	-75.7801	-0.551765
83.06	75.3945	-75.9461	-0.551559
83.08	74.2792	-74.8467	-0.56742
83.1	72.7559	-73.3282	-0.572307
83.12	71.6928	-72.2541	-0.561283
83.14	71.2976	-71.8809	-0.583373
83.16	71.3626	-71.9404	-0.577873
83.18	71.8388	-72.4276	-0.588812
83.2	72.6603	-73.2383	-0.57799
83.22	73.522	-74.1056	-0.58361
83.24	74.1524	-74.747	-0.594579
83.26	74.4327	-75.0219	-0.589189
83.28	74.2266	-74.8103	-0.583691
83.3	73.6079	-74.1912	-0.583341
83.32	73.138	-73.7156	-0.577632
83.34	73.2242	-73.8075	-0.583287
83.36	73.7297	-74.3187	-0.588928
83.38	74.3764	-74.9656	-0.589195
83.4	74.8183	-75.4021	-0.58376
83.42	74.9719	-75.5446	-0.572745
83.44	74.9027	-75.4647	-0.562015
83.46	74.466	-75.028	-0.561922
83.48	73.8953	-74.4735	-0.57824
83.5	73.6194	-74.1971	-0.57773
83.52	74.5512	-75.1453	-0.594053
83.54	76.6366	-77.2378	-0.601254
83.56	77.6619	-78.2635	-0.601655
83.58	76.8577	-77.4477	-0.590039
83.6	75.1336	-75.7507	-0.617098
83.62	73.1399	-73.7633	-0.62343
83.64	70.4768	-71.1051	-0.628345
83.66	69.3181	-69.9434	-0.625272
83.68	72.7523	-73.3866	-0.634386
83.7	76.4356	-77.0811	-0.645506
83.72	78.663	-79.3023	-0.639292
83.74	79.848	-80.4762	-0.628187
83.76	80.0457	-80.6574	-0.611742
83.78	79.3202	-79.9424	-0.622291
83.8	78.2673	-78.9003	-0.632951
83.82	77.4134	-78.0464	-0.632998
83.84	76.875	-77.5135	-0.638468
83.86	76.7063	-77.3503	-0.643999
83.88	76.8862	-77.5245	-0.638321
83.9	77.5165	-78.1604	-0.643912
83.92	78.3658	-79.0154	-0.649617
83.94	79.069	-79.7185	-0.649473
83.96	79.6389	-80.2941	-0.655186
83.98	79.7503	-80.4004	-0.650018
84	79.0261	-79.687	-0.66088
84.02	77.7565	-78.4169	-0.660397
84.04	76.8514	-77.5058	-0.654348
84.06	77.1703	-77.8306	-0.660241
84.08	78.3447	-79.0051	-0.660385
84.1	79.9991	-80.6543	-0.655128
84.12	81.5784	-82.2179	-0.639436
84.14	81.9548	-82.5949	-0.640012
84.16	80.3849	-81.0143	-0.629472
84.18	77.1231	-77.756	-0.632912
84.2	75.6946	-76.3369	-0.642286
84.22	77.9763	-78.622	-0.645709
84.24	79.705	-80.3512	-0.646163
84.26	79.5821	-80.2429	-0.660734
84.28	79.7469	-80.4237	-0.676823
84.3	80.7534	-81.4366	-0.683206
84.32	81.4401	-82.1349	-0.694875
84.34	80.7124	-81.3975	-0.685108
84.36	77.7384	-78.4328	-0.694399
84.38	76.7185	-77.3991	-0.680592
84.4	80.219	-80.9101	-0.691134
84.42	81.8041	-82.5048	-0.700669
84.44	81.5837	-82.2831	-0.699341
84.46	81.2559	-81.9434	-0.687517
84.48	81.8584	-82.5246	-0.666185
84.5	82.6157	-83.277	-0.661311
84.52	82.7006	-83.3943	-0.693719
84.54	82.5489	-83.226	-0.677094
84.56	82.4714	-83.1542	-0.682712
84.58	82.4122	-83.0782	-0.66601
84.6	82.653	-83.3192	-0.666221
84.62	82.8897	-83.5402	-0.650587
84.64	82.1081	-82.7808	-0.672757
84.66	80.2167	-80.8938	-0.67714
84.68	79.1896	-79.876	-0.686413
84.7	81.0714	-81.7762	-0.704806
84.72	83.487	-84.1767	-0.689685
84.74	84.0863	-84.7925	-0.706258
84.76	82.5663	-83.294	-0.727712
84.78	79.991	-80.7391	-0.74813
84.8	78.5937	-79.3362	-0.742426
84.82	78.9275	-79.6598	-0.732333
84.84	79.7422	-80.4804	-0.738236
84.86	80.1196	-80.8468	-0.727206
84.88	79.9172	-80.6384	-0.721253
84.9	79.7031	-80.4401	-0.736981
84.92	80.3769	-81.1138	-0.73693
84.94	81.8408	-82.562	-0.72123
84.96	82.9096	-83.6426	-0.732954
84.98	82.4833	-83.2379	-0.754555
85	81.6711	-82.4506	-0.779534
85.02	83.0782	-83.8765	-0.798259
85.04	84.1757	-84.9744	-0.798716
85.06	83.5038	-84.3076	-0.803741
85.08	81.6615	-82.4595	-0.797938
85.1	79.4564	-80.2758	-0.819355
85.12	77.9729	-78.8031	-0.830168
85.14	77.8841	-78.6867	-0.802587
85.16	79.4394	-80.2425	-0.803111
85.18	81.5852	-82.3788	-0.793541
85.2	82.2636	-83.0516	-0.787992
85.22	81.4148	-82.1852	-0.770415
85.24	80.7472	-81.5224	-0.775201
85.26	81.4172	-82.1872	-0.769996
85.28	82.9636	-83.7237	-0.760135
85.3	83.667	-84.4229	-0.755883
85.32	81.7871	-82.538	-0.750868
85.34	78.0695	-78.8105	-0.741017
85.36	78.2134	-78.967	-0.753656
85.38	81.0398	-81.8062	-0.766337
85.4	83.0035	-83.7589	-0.755388
85.42	83.4792	-84.2335	-0.754316
85.44	83.5947	-84.3374	-0.742675
85.46	84.1533	-84.902	-0.748676
85.48	84.4473	-85.1967	-0.749353
85.5	83.6478	-84.4023	-0.754446
85.52	82.4979	-83.2509	-0.752948
85.54	82.9349	-83.6937	-0.75872
85.56	84.5908	-85.3509	-0.760103
85.58	85.4895	-86.244	-0.754465
85.6	85.503	-86.2567	-0.753716
85.62	85.4488	-86.2023	-0.753558
85.64	85.5423	-86.2848	-0.74248
85.66	85.8661	-86.6142	-0.748086
85.68	86.2285	-86.9551	-0.726648
85.7	86.0007	-86.7277	-0.726934
85.72	84.959	-85.6802	-0.721176
85.74	83.6531	-84.3797	-0.726568
85.76	82.4713	-83.1924	-0.721125
85.78	81.5992	-82.3201	-0.72094
85.8	81.4128	-82.128	-0.715155
85.82	82.225	-82.9463	-0.721296
85.84	82.9861	-83.7193	-0.733242
85.86	82.6696	-83.396	-0.72638
85.88	82.7906	-83.5112	-0.720689
85.9	83.8421	-84.5682	-0.726132
85.92	85.5009	-86.2277	-0.726752
85.94	86.7135	-87.4465	-0.732971
85.96	86.4213	-87.1484	-0.727137
85.98	85.1691	-85.9227	-0.753593
86	84.291	-85.0501	-0.759113
86.02	83.9501	-84.7149	-0.764769
86.04	83.7988	-84.5747	-0.775961
86.06	83.543	-84.3133	-0.770362
86.08	83.5081	-84.2668	-0.758655
86.1	84.6199	-85.379	-0.759043
86.12	86.3745	-87.1511	-0.776636
86.14	87.1105	-87.8881	-0.777567
86.16	85.6038	-86.3705	-0.766705
86.18	82.382	-83.1468	-0.764798
86.2	80.4412	-81.2108	-0.769602
86.22	81.1098	-81.8586	-0.748874
86.24	82.6247	-83.3646	-0.739905
86.26	82.5822	-83.3041	-0.721979
86.28	83.0179	-83.7334	-0.71543
86.3	84.7638	-85.4815	-0.717624
86.32	84.8057	-85.5273	-0.721673
86.34	84.2414	-84.9619	-0.720446
86.36	84.517	-85.2381	-0.721048
86.38	84.9326	-85.6324	-0.699798
86.4	84.5444	-85.2334	-0.689001
86.42	83.1695	-83.8531	-0.683586
86.44	81.2386	-81.9159	-0.677249
86.46	80.1005	-80.7837	-0.683187
86.48	79.4755	-80.1487	-0.673216
86.5	78.46	-79.1375	-0.677523
86.52	78.7371	-79.4295	-0.69239
86.54	81.7281	-82.4338	-0.70568
86.56	84.3181	-85.0301	-0.711953
86.58	84.6553	-85.3718	-0.716486
86.6	83.7086	-84.4074	-0.69883
86.62	83.1438	-83.8367	-0.692908
86.64	83.5608	-84.2652	-0.704377
86.66	84.3353	-85.0398	-0.70456
86.68	85.0174	-85.7221	-0.704683
86.7	85.4004	-86.105	-0.704585
86.72	85.6363	-86.368	-0.731688
86.74	86.0841	-86.8214	-0.737223
86.76	86.6841	-87.3997	-0.715601
86.78	86.9719	-87.6822	-0.710337
86.8	86.6542	-87.3642	-0.710045
86.82	86.1632	-86.8619	-0.698659
86.84	86.1302	-86.8399	-0.709738
86.86	86.4124	-87.1287	-0.716309
86.88	85.7147	-86.4269	-0.712194
86.9	82.7963	-83.5024	-0.706098
86.92	80.1573	-80.8538	-0.696534
86.94	82.3878	-83.0987	-0.710846
86.96	85.7142	-86.4206	-0.706394
86.98	87.3297	-88.0253	-0.695622
87	86.5612	-87.2677	-0.706455
87.02	84.4554	-85.164	-0.708603
87.04	85.1648	-85.8802	-0.715403
87.06	87.3869	-88.1094	-0.722479
87.08	88.1555	-88.8831	-0.727615
87.1	87.5023	-88.2235	-0.721192
87.12	86.684	-87.3989	-0.7149
87.14	86.7193	-87.429	-0.709704
87.16	87.2594	-87.9639	-0.70447
87.18	87.7299	-88.4293	-0.699317
87.2	87.6084	-88.3134	-0.705061
87.22	86.5168	-87.2328	-0.71601
87.24	84.5975	-85.3134	-0.71593
87.26	82.3319	-83.0365	-0.704607
87.28	80.7693	-81.4681	-0.69881
87.3	80.4235	-81.1451	-0.721628
87.32	80.7769	-81.508	-0.731109
87.34	82.8965	-83.6287	-0.732237
87.36	85.2149	-85.9535	-0.738628
87.38	85.9696	-86.6923	-0.722767
87.4	84.1424	-84.8885	-0.746103
87.42	79.0874	-79.8418	-0.754346
87.44	76.111	-76.8569	-0.745974
87.46	78.5435	-79.2949	-0.751408
87.48	80.0353	-80.7906	-0.75526
87.5	80.928	-81.6821	-0.754117
87.52	82.2664	-83.0217	-0.755327
87.54	82.3527	-83.1023	-0.749564
87.56	81.3525	-82.1168	-0.764351
87.58	81.3089	-82.0674	-0.758478
87.6	82.6939	-83.4533	-0.759462
87.62	84.1372	-84.908	-0.770751
87.64	84.8745	-85.6293	-0.75475
87.66	84.2148	-84.9705	-0.755702
87.68	81.5434	-82.3032	-0.759798
87.7	79.6216	-80.3901	-0.768563
87.72	81.0656	-81.8643	-0.798736
87.74	82.6691	-83.4737	-0.804533
87.76	82.9989	-83.8195	-0.820641
87.78	82.3477	-83.1621	-0.814448
87.8	81.6208	-82.4351	-0.814327
87.82	81.039	-81.8543	-0.815262
87.84	79.6422	-80.4686	-0.826406
87.86	77.7773	-78.6023	-0.825056
87.88	77.4478	-78.2675	-0.819668
87.9	78.7394	-79.5599	-0.820475
87.92	80.3661	-81.1813	-0.815166
87.94	81.7243	-82.5389	-0.814584
87.96	83.2236	-84.0383	-0.814632
87.98	84.6209	-85.4415	-0.820564
88	85.1417	-85.9733	-0.831599
88.02	84.5382	-85.3643	-0.826073
88.04	83.0424	-83.8735	-0.831075
88.06	81.6236	-82.4485	-0.824899
88.08	81.339	-82.1585	-0.819442
88.1	82.2893	-83.1091	-0.819866
88.12	83.6951	-84.5101	-0.814972
88.14	84.5761	-85.3962	-0.820061
88.16	85.0854	-85.8886	-0.803214
88.18	85.6218	-86.4195	-0.797719
88.2	86.148	-86.9406	-0.792585
88.22	86.1816	-86.9803	-0.798766
88.24	84.8852	-85.6957	-0.810511
88.26	81.8099	-82.6304	-0.820482
88.28	79.2688	-80.0928	-0.823944
88.3	79.7901	-80.6274	-0.837255
88.32	80.7759	-81.6193	-0.843435
88.34	80.9798	-81.8326	-0.852852
88.36	82.0332	-82.908	-0.874837
88.38	83.839	-84.7204	-0.881478
88.4	84.8936	-85.7801	-0.886493
88.42	85.4801	-86.3613	-0.881181
88.44	85.2996	-86.1823	-0.882765
88.46	82.9661	-83.8469	-0.880876
88.48	81.5035	-82.3941	-0.890584
88.5	82.3877	-83.2702	-0.882482
88.52	81.9584	-82.8467	-0.888261
88.54	79.7348	-80.6098	-0.875023
88.56	79.023	-79.8854	-0.862435
88.58	81.8339	-82.7038	-0.869855
88.6	85.3988	-86.2754	-0.876588
88.62	87.1483	-88.0194	-0.871091
88.64	86.5179	-87.3776	-0.859638
88.66	84.3255	-85.1779	-0.85244
88.68	83.1026	-83.9379	-0.835233
88.7	83.8196	-84.662	-0.84242
88.72	84.4352	-85.2885	-0.85335
88.74	84.6719	-85.5188	-0.846937
88.76	85.5048	-86.352	-0.847195
88.78	86.5359	-87.4005	-0.864589
88.8	86.4565	-87.3213	-0.864777
88.82	85.0924	-85.9453	-0.852831
88.84	84.0104	-84.8622	-0.851761
88.86	84.7307	-85.5996	-0.868968
88.88	86.3457	-87.2106	-0.864818
88.9	87.0756	-87.9516	-0.875958
88.92	86.7969	-87.6552	-0.858351
88.94	87.0008	-87.8319	-0.831097
88.96	87.5881	-88.4155	-0.827424
88.98	86.4369	-87.2485	-0.811636
89	83.9313	-84.745	-0.813784
89.02	84.0682	-84.8727	-0.804521
89.04	85.9054	-86.726	-0.820534
89.06	88.4907	-89.3187	-0.827983
89.08	89.2496	-90.0928	-0.843214
89.1	88.778	-89.6258	-0.847794
89.12	88.1758	-89.0294	-0.853591
89.14	87.652	-88.5042	-0.85217
89.16	88.6741	-89.533	-0.858931
89.18	89.6397	-90.4944	-0.854653
89.2	88.8919	-89.7454	-0.853496
89.22	87.7631	-88.5999	-0.836778
89.24	86.801	-87.6224	-0.821404
89.26	85.4876	-86.2968	-0.809226
89.28	84.9374	-85.7538	-0.816379
89.3	84.0394	-84.8545	-0.815036
89.32	83.6895	-84.4998	-0.810355
89.34	83.4514	-84.2658	-0.814403
89.36	84.78	-85.5722	-0.792189
89.38	87.6372	-88.4089	-0.771726
89.4	89.6323	-90.3927	-0.760397
89.42	90.4906	-91.2454	-0.75482
89.44	90.2279	-90.9883	-0.760424
89.46	88.9084	-89.6571	-0.748713
89.48	87.7045	-88.4581	-0.753685
89.5	87.3792	-88.1172	-0.73797
89.52	87.1226	-87.8666	-0.744008
89.54	86.3014	-87.0395	-0.738131
89.56	85.5349	-86.2778	-0.742894
89.58	85.7399	-86.4887	-0.748804
89.6	86.4143	-87.1693	-0.754903
89.62	86.6494	-87.4097	-0.760342
89.64	86.357	-87.1173	-0.76031
89.66	85.6632	-86.4177	-0.754569
89.68	85.0129	-85.7837	-0.770807
89.7	84.9041	-85.6745	-0.770405
89.72	85.7972	-86.5733	-0.776189
89.74	87.0887	-87.8823	-0.793573
89.76	87.2928	-88.0759	-0.78313
89.78	85.7714	-86.5428	-0.771335
89.8	83.9566	-84.7106	-0.753983
89.82	82.9679	-83.7347	-0.766853
89.84	80.9175	-81.6835	-0.766053
89.86	78.8882	-79.6467	-0.758422
89.88	79.4486	-80.2025	-0.753985
89.9	81.5497	-82.3041	-0.754403
89.92	83.9487	-84.6981	-0.749327
89.94	85.7443	-86.5101	-0.765779
89.96	86.4731	-87.228	-0.754879
89.98	85.9601	-86.6983	-0.738202
90	84.6754	-85.413	-0.737621
90.02	83.463	-84.2009	-0.737873
90.04	82.2842	-83.0167	-0.732542
90.06	81.1295	-81.8511	-0.721525
90.08	80.1632	-80.8794	-0.716197
90.1	79.6265	-80.3416	-0.715122
90.12	80.8154	-81.5362	-0.72079
90.14	83.3313	-84.0645	-0.733145
90.16	85.0956	-85.8401	-0.744486
90.18	85.2165	-85.9444	-0.727954
90.2	83.8124	-84.5514	-0.739023
90.22	81.3882	-82.1258	-0.73759
90.24	80.6885	-81.4303	-0.741842
90.26	82.7876	-83.544	-0.756428
90.28	83.3985	-84.1593	-0.760809
90.3	82.9696	-83.7013	-0.731737
90.32	83.3625	-84.0947	-0.732281
90.34	83.8731	-84.6004	-0.72725
90.36	83.6366	-84.3583	-0.721774
90.38	82.564	-83.3021	-0.738111
90.4	80.9498	-81.6987	-0.748862
90.42	79.7078	-80.4553	-0.747429
90.44	80.6431	-81.3861	-0.743067
90.46	82.436	-83.202	-0.766027
90.48	83.2175	-83.9996	-0.782142
90.5	83.0165	-83.7874	-0.770888
90.52	82.227	-82.9921	-0.765159
90.54	81.3117	-82.0764	-0.764798
90.56	80.8221	-81.5758	-0.753775
90.58	80.8791	-81.6386	-0.759537
90.6	81.1033	-81.8575	-0.754185
90.62	81.2572	-82.0004	-0.743174
90.64	81.4243	-82.1673	-0.743037
90.66	81.8439	-82.5978	-0.753848
90.68	82.7085	-83.457	-0.748543
90.7	83.7289	-84.4833	-0.754387
90.72	84.4018	-85.1672	-0.765419
90.74	84.5999	-85.3545	-0.754527
90.76	84.2668	-85.0213	-0.754506
90.78	83.6422	-84.3744	-0.732164
90.8	83.248	-83.9864	-0.738364
90.82	82.3461	-83.0797	-0.733631
90.84	80.4592	-81.1914	-0.732153
90.86	79.6252	-80.3517	-0.726573
90.88	80.2028	-80.9303	-0.727512
90.9	80.9459	-81.6732	-0.727248
90.92	81.7883	-82.5164	-0.72812
90.94	81.634	-82.358	-0.72399
90.96	79.8414	-80.5727	-0.731381
90.98	81.0904	-81.8345	-0.744009
91	83.662	-84.4246	-0.762595
91.02	83.5855	-84.3575	-0.772009
91.04	82.2073	-83.0057	-0.798443
91.06	81.2641	-82.056	-0.79197
91.08	82.1416	-82.912	-0.770399
91.1	84.3169	-85.0883	-0.771422
91.12	86.0999	-86.8607	-0.760814
91.14	86.613	-87.3738	-0.760839
91.16	85.7522	-86.5019	-0.749761
91.18	84.0126	-84.767	-0.754455
91.2	82.6246	-83.3522	-0.727638
91.22	81.1541	-81.8724	-0.718304
91.24	78.5292	-79.2285	-0.699328
91.26	78.3094	-79.0029	-0.6935
91.28	80.9423	-81.6383	-0.695948
91.3	83.0919	-83.7812	-0.689294
91.32	85.143	-85.8323	-0.689213
91.34	86.9797	-87.6802	-0.700475
91.36	87.8671	-88.5787	-0.711575
91.38	87.5093	-88.2097	-0.700416
91.4	86.2486	-86.9596	-0.711002
91.42	84.6956	-85.4011	-0.705555
91.44	83.0724	-83.7778	-0.705419
91.46	81.7854	-82.4962	-0.71079
91.48	81.0706	-81.7766	-0.705966
91.5	80.3998	-81.1054	-0.705572
91.52	80.304	-81.0036	-0.699563
91.54	81.2387	-81.9448	-0.70607
91.56	81.7931	-82.5107	-0.717526
91.58	81.1649	-81.8704	-0.705511
91.6	80.5564	-81.2501	-0.69378
91.62	80.872	-81.5664	-0.694449
91.64	81.2148	-81.9043	-0.689517
91.66	80.8098	-81.4988	-0.688978
91.68	80.2118	-80.8896	-0.677821
91.7	79.7007	-80.3842	-0.683528
91.72	79.0927	-79.7652	-0.67251
91.74	78.4449	-79.1122	-0.667261
91.76	77.9003	-78.572	-0.671754
91.78	78.3937	-79.0612	-0.667512
91.8	78.3898	-79.0637	-0.673874
91.82	76.5954	-77.2846	-0.689217
91.84	74.6401	-75.3442	-0.704143
91.86	74.4999	-75.2051	-0.705187
91.88	75.1053	-75.8057	-0.700329
91.9	75.4157	-76.0991	-0.68347
91.92	75.6859	-76.3528	-0.666909
91.94	76.0348	-76.6904	-0.655636
91.96	76.7153	-77.3764	-0.661042
91.98	77.6635	-78.3468	-0.683309
92	78.3176	-78.9959	-0.678293
92.02	78.0206	-78.6938	-0.673209
92.04	76.4676	-77.1513	-0.683643
92.06	74.8986	-75.5588	-0.660194
92.08	75.1976	-75.8589	-0.66132
92.1	76.181	-76.8593	-0.678294
92.12	76.8952	-77.5729	-0.677687
92.14	77.8756	-78.559	-0.683337
92.16	78.8868	-79.5488	-0.662007
92.18	79.1525	-79.8199	-0.667395
92.2	78.7064	-79.3793	-0.672868
92.22	77.6321	-78.2997	-0.667633
92.24	76.0014	-76.6791	-0.677725
92.26	75.2461	-75.9231	-0.676933
92.28	76.3759	-77.0757	-0.699831
92.3	78.0294	-78.7302	-0.700748
92.32	78.7256	-79.4261	-0.70046
92.34	78.6845	-79.373	-0.688508
92.36	79.08	-79.7522	-0.672276
92.38	79.6554	-80.3284	-0.673004
92.4	79.4039	-80.0879	-0.683941
92.42	78.2674	-78.9455	-0.678113
92.44	76.8432	-77.5373	-0.694084
92.46	76.0121	-76.7	-0.687859
92.48	76.78	-77.4681	-0.688042
92.5	78.7901	-79.4847	-0.694668
92.52	80.3658	-81.0667	-0.700885
92.54	80.2875	-81.0048	-0.717358
92.56	78.6232	-79.3559	-0.732652
92.58	77.1967	-77.9172	-0.720488
92.6	77.6002	-78.3271	-0.726881
92.62	78.7465	-79.4743	-0.727804
92.64	79.042	-79.7708	-0.728834
92.66	77.4828	-78.2104	-0.727555
92.68	76.4992	-77.2197	-0.720448
92.7	77.8658	-78.5889	-0.7231
92.72	78.3866	-79.1039	-0.71731
92.74	77.7698	-78.4699	-0.700146
92.76	77.2061	-77.8945	-0.688471
92.78	77.7568	-78.4408	-0.684068
92.8	78.2191	-78.8883	-0.669188
92.82	77.0505	-77.7128	-0.662381
92.84	76.3452	-77.0119	-0.666735
92.86	77.555	-78.2124	-0.657349
92.88	78.6864	-79.3384	-0.651982
92.9	78.9656	-79.6008	-0.635197
92.92	78.8037	-79.4429	-0.639254
92.94	79.8079	-80.4252	-0.617296
92.96	81.822	-82.424	-0.602052
92.98	83.1146	-83.7273	-0.612731
93	83.5042	-84.1112	-0.607016
93.02	83.1462	-83.7532	-0.607008
93.04	82.103	-82.7042	-0.601187
93.06	80.8767	-81.4942	-0.617449
93.08	79.7332	-80.3457	-0.61255
93.1	78.1386	-78.7405	-0.601851
93.12	76.0793	-76.6804	-0.601121
93.14	74.8077	-75.4028	-0.595043
93.16	75.3208	-75.9216	-0.600867
93.18	77.1324	-77.7176	-0.585133
93.2	78.9153	-79.4956	-0.580288
93.22	79.4718	-80.0519	-0.580104
93.24	78.8248	-79.3987	-0.573899
93.26	77.9116	-78.4523	-0.54064
93.28	77.2876	-77.8232	-0.535641
93.3	76.5459	-77.0926	-0.546719
93.32	75.7035	-76.2552	-0.55174
93.34	75.4577	-76.0366	-0.578965
93.36	75.8988	-76.473	-0.574159
93.38	76.0167	-76.6022	-0.585489
93.4	75.1164	-75.7127	-0.596264
93.42	73.5725	-74.1734	-0.600865
93.44	72.6043	-73.2051	-0.600863
93.46	72.4921	-73.0818	-0.589681
93.48	73.3145	-73.9043	-0.58985
93.5	74.5846	-75.186	-0.601367
93.52	75.3507	-75.9521	-0.601391
93.54	75.3297	-75.9423	-0.612515
93.56	74.3288	-74.9523	-0.62352
93.58	72.4698	-73.0928	-0.622952
93.6	70.7085	-71.3473	-0.638798
93.62	69.9596	-70.5931	-0.633496
93.64	70.1565	-70.7847	-0.628234
93.66	71.0053	-71.6499	-0.644627
93.68	72.409	-73.032	-0.62304
93.7	73.8348	-74.4636	-0.628812
93.72	74.6942	-75.3231	-0.628863
93.74	74.772	-75.4064	-0.634425
93.76	74.0989	-74.7438	-0.644925
93.78	73.485	-74.1239	-0.638969
93.8	73.6233	-74.2681	-0.644806
93.82	74.1154	-74.7604	-0.645014
93.84	74.5028	-75.1315	-0.628713
93.86	74.5304	-75.1644	-0.634028
93.88	74.3265	-74.9441	-0.617656
93.9	73.8177	-74.4302	-0.61252
93.92	72.7132	-73.3201	-0.606917
93.94	71.4807	-72.092	-0.611344
93.96	71.7597	-72.376	-0.616371
93.98	74.0463	-74.6696	-0.623331
94	76.3773	-76.9849	-0.607548
94.02	77.4955	-78.1084	-0.612893
94.04	77.3583	-77.9768	-0.61847
94.06	75.9575	-76.5813	-0.62379
94.08	73.9251	-74.5533	-0.628175
94.1	72.8689	-73.4918	-0.622904
94.12	72.7806	-73.4042	-0.623546
94.14	72.896	-73.5303	-0.634294
94.16	73.2025	-73.8264	-0.623844
94.18	73.0624	-73.6974	-0.635015
94.2	72.475	-73.1143	-0.639353
94.22	72.7973	-73.4317	-0.634367
94.24	73.5406	-74.1918	-0.651246
94.26	73.8249	-74.487	-0.662058
94.28	73.6681	-74.3356	-0.667454
94.3	73.0497	-73.7176	-0.667934
94.32	71.6462	-72.3186	-0.672373
94.34	70.7698	-71.436	-0.666253
94.36	71.255	-71.9328	-0.677714
94.38	72.3951	-73.0728	-0.677703
94.4	73.76	-74.4324	-0.672408
94.42	74.8309	-75.498	-0.667037
94.44	75.2781	-75.9561	-0.678041
94.46	74.9927	-75.66	-0.667244
94.48	73.9013	-74.563	-0.661688
94.5	72.552	-73.2126	-0.660578
94.52	72.4728	-73.1282	-0.655411
94.54	73.3337	-73.9903	-0.656615
94.56	73.5349	-74.1915	-0.656548
94.58	72.9344	-73.5797	-0.645277
94.6	71.9407	-72.575	-0.634308
94.62	70.8168	-71.4452	-0.628381
94.64	70.4054	-71.033	-0.627604
94.66	71.6533	-72.2869	-0.633589
94.68	73.7567	-74.3968	-0.640056
94.7	75.127	-75.7673	-0.640276
94.72	75.1828	-75.8337	-0.650905
94.74	74.4914	-75.1358	-0.644427
94.76	74.4368	-75.0759	-0.639069
94.78	74.9433	-75.5724	-0.629178
94.8	74.7777	-75.3846	-0.606924
94.82	74.375	-74.9755	-0.600564
94.84	74.7702	-75.3879	-0.617708
94.86	75.2295	-75.8422	-0.612652
94.88	75.1139	-75.7265	-0.612616
94.9	74.4952	-75.0967	-0.601464
94.92	73.8005	-74.4071	-0.606536
94.94	73.5558	-74.1685	-0.612738
94.96	73.0735	-73.6699	-0.596336
94.98	72.5658	-73.1662	-0.600425
95	73.5973	-74.2038	-0.606503
95.02	75.4297	-76.0369	-0.607227
95.04	76.7438	-77.351	-0.607224
95.06	77.2465	-77.859	-0.612509
95.08	77.0857	-77.7093	-0.623548
95.1	76.2715	-76.9116	-0.64007
95.12	74.9647	-75.5936	-0.628889
95.14	73.7115	-74.3456	-0.634068
95.16	73.1957	-73.8239	-0.628224
95.18	74.0256	-74.6596	-0.633963
95.2	75.7209	-76.3616	-0.640726
95.22	76.4354	-77.0716	-0.636202
95.24	74.8259	-75.4677	-0.641821
95.26	71.2803	-71.9311	-0.650813
95.28	69.475	-70.1176	-0.642582
95.3	72.4531	-73.0996	-0.646472
95.32	75.4707	-76.1184	-0.647607
95.34	75.6703	-76.3504	-0.680071
95.36	73.5688	-74.2689	-0.700071
95.38	72.1206	-72.8245	-0.703933
95.4	73.2823	-73.9828	-0.700565
95.42	74.4509	-75.1465	-0.695548
95.44	74.3593	-75.0704	-0.71102
95.46	73.9073	-74.6236	-0.716246
95.48	73.3752	-74.0919	-0.716708
95.5	72.2393	-72.9507	-0.711373
95.52	70.4939	-71.1992	-0.705312
95.54	69.0413	-69.7465	-0.705116
95.56	68.4241	-69.1129	-0.688739
95.58	68.747	-69.4523	-0.705324
95.6	69.7918	-70.4869	-0.695036
95.62	70.6557	-71.3563	-0.700669
95.64	71.0673	-71.7673	-0.699994
95.66	71.8863	-72.5913	-0.705035
95.68	73.4901	-74.1797	-0.689661
95.7	74.5008	-75.1962	-0.695455
95.72	74.4007	-75.1007	-0.699975
95.74	74.3059	-75.0223	-0.716335
95.76	74.445	-75.1617	-0.71668
95.78	74.4291	-75.1405	-0.711369
95.8	74.0995	-74.8165	-0.71694
95.82	73.5495	-74.2609	-0.71142
95.84	73.0566	-73.7626	-0.706012
95.86	72.8532	-73.5642	-0.711013
95.88	73.4521	-74.1692	-0.717104
95.9	73.9479	-74.6665	-0.718635
95.92	72.6064	-73.3189	-0.712545
95.94	71.2815	-71.9804	-0.698873
95.96	73.0262	-73.7275	-0.701321
95.98	75.0398	-75.7407	-0.700897
96	76.5868	-77.2817	-0.694841
96.02	77.8437	-78.5387	-0.694941
96.04	78.4359	-79.1363	-0.700348
96.06	78.2388	-78.9444	-0.705625
96.08	77.4326	-78.1272	-0.694639
96.1	76.1566	-76.8458	-0.689207
96.12	74.5466	-75.2467	-0.70005
96.14	72.902	-73.5972	-0.695244
96.16	70.9912	-71.6859	-0.694756
96.18	70.8673	-71.5382	-0.67093
96.2	74.0861	-74.761	-0.674869
96.22	75.9539	-76.6328	-0.678898
96.24	76.8178	-77.4961	-0.678296
96.26	77.2949	-77.9793	-0.684402
96.28	76.6569	-77.3413	-0.684415
96.3	75.038	-75.7273	-0.689269
96.32	73.4594	-74.1702	-0.710747
96.34	72.8516	-73.5509	-0.699383
96.36	73.8022	-74.5076	-0.705404
96.38	75.4039	-76.0993	-0.695406
96.4	76.0919	-76.7817	-0.689749
96.42	75.8312	-76.5093	-0.678083
96.44	75.4815	-76.1375	-0.655988
96.46	75.3523	-76.0034	-0.65107
96.48	74.9709	-75.6273	-0.656361
96.5	74.8391	-75.5054	-0.666288
96.52	76.186	-76.8588	-0.672734
96.54	77.7399	-78.4198	-0.679853
96.56	77.455	-78.1395	-0.684504
96.58	76.4904	-77.1793	-0.688884
96.6	76.2016	-76.8806	-0.679012
96.62	75.5553	-76.2556	-0.700307
96.64	75.0536	-75.7589	-0.70522
96.66	75.4399	-76.1396	-0.699679
96.68	76.6682	-77.3794	-0.71116
96.7	77.8321	-78.5273	-0.695181
96.72	78.1318	-78.8212	-0.689434
96.74	77.7541	-78.4377	-0.683667
96.76	77.121	-77.7882	-0.667164
96.78	76.4832	-77.1666	-0.683437
96.8	76.2158	-76.8772	-0.661433
96.82	76.4727	-77.1181	-0.645368
96.84	76.7686	-77.4147	-0.646103
96.86	76.1995	-76.8406	-0.641152
96.88	74.4281	-75.0849	-0.656878
96.9	72.6882	-73.3558	-0.667551
96.92	72.0017	-72.674	-0.672259
96.94	73.5109	-74.1777	-0.666826
96.96	76.7002	-77.352	-0.651888
96.98	79.0157	-79.6732	-0.657433
97	79.6426	-80.3159	-0.673332
97.02	78.9398	-79.6238	-0.684025
97.04	77.2895	-77.9954	-0.705839
97.06	75.1742	-75.8956	-0.721375
97.08	74.1079	-74.823	-0.715137
97.1	75.032	-75.7426	-0.710687
97.12	76.6448	-77.3614	-0.71654
97.14	78.032	-78.7596	-0.727584
97.16	78.7751	-79.5087	-0.733558
97.18	78.1539	-78.8938	-0.739869
97.2	75.391	-76.136	-0.745004
97.22	72.2024	-72.9442	-0.741742
97.24	72.5457	-73.2841	-0.738463
97.26	74.2453	-74.9899	-0.744583
97.28	75.4062	-76.1559	-0.749693
97.3	75.9586	-76.7084	-0.749834
97.32	75.5954	-76.3342	-0.73888
97.34	74.4852	-75.245	-0.759796
97.36	74.0301	-74.8005	-0.770399
97.38	74.7268	-75.5034	-0.776557
97.4	75.8027	-76.579	-0.776289
97.42	77.1886	-77.9652	-0.776644
97.44	78.2717	-79.0323	-0.760618
97.46	78.3331	-79.083	-0.749945
97.48	77.0511	-77.8065	-0.755425
97.5	74.8062	-75.5829	-0.776649
97.52	73.0771	-73.8693	-0.792182
97.54	73.5389	-74.337	-0.798042
97.56	75.5752	-76.3586	-0.783437
97.58	76.734	-77.5171	-0.783028
97.6	77.0646	-77.8523	-0.787684
97.62	77.5756	-78.3741	-0.798476
97.64	78.6064	-79.3993	-0.792868
97.66	80.1287	-80.9059	-0.777104
97.68	81.1414	-81.9081	-0.766664
97.7	80.9798	-81.7457	-0.765947
97.72	80.5216	-81.2928	-0.771148
97.74	80.1874	-80.9591	-0.771664
97.76	79.4769	-80.2649	-0.787982
97.78	78.6189	-79.4229	-0.804032
97.8	78.3134	-79.1229	-0.809512
97.82	78.6993	-79.5147	-0.815441
97.84	79.4121	-80.2274	-0.815229
97.86	80.5216	-81.3376	-0.815976
97.88	81.045	-81.856	-0.810954
97.9	80.5596	-81.369	-0.809407
97.92	80.8597	-81.6747	-0.815034
97.94	81.7126	-82.535	-0.82238
97.96	80.8742	-81.6911	-0.816903
97.98	79.0031	-79.8224	-0.819247
98	79.8829	-80.6876	-0.804769
98.02	81.588	-82.3827	-0.794694
98.04	82.2765	-83.064	-0.787573
98.06	83.4774	-84.2758	-0.798461
98.08	85.1742	-85.9789	-0.804697
98.1	86.1369	-86.9364	-0.799534
98.12	85.7123	-86.5117	-0.799369
98.14	84.1002	-84.9047	-0.804504
98.16	81.9806	-82.779	-0.798437
98.18	80.4561	-81.2539	-0.797851
98.2	80.3518	-81.1665	-0.814673
98.22	81.1919	-82.0069	-0.814985
98.24	82.4304	-83.2289	-0.798449
98.26	83.9488	-84.7588	-0.810056
98.28	84.7293	-85.5512	-0.821971
98.3	83.6369	-84.4474	-0.810504
98.32	81.5514	-82.3607	-0.809319
98.34	80.2828	-81.0924	-0.809575
98.36	79.7015	-80.5119	-0.810369
98.38	79.2173	-80.0149	-0.797522
98.4	80.8835	-81.6871	-0.803628
98.42	83.8166	-84.6163	-0.799691
98.44	85.568	-86.3402	-0.772187
98.46	85.8375	-86.5982	-0.76071
98.48	85.3448	-86.1105	-0.765724
98.5	84.7656	-85.5044	-0.738793
98.52	83.7798	-84.5187	-0.738987
98.54	82.3791	-83.1174	-0.738338
98.56	81.7651	-82.5078	-0.742778
98.58	83.2577	-83.9962	-0.738412
98.6	85.3583	-86.093	-0.734728
98.62	85.8109	-86.561	-0.750071
98.64	85.7914	-86.5513	-0.759882
98.66	86.6396	-87.4164	-0.77685
98.68	87.6464	-88.4233	-0.776869
98.7	88.3935	-89.1815	-0.787968
98.72	88.5257	-89.3362	-0.810516
98.74	87.2633	-88.0687	-0.805375
98.76	84.5926	-85.3966	-0.804002
98.78	82.7208	-83.5347	-0.81387
98.8	83.2206	-84.0356	-0.814956
98.82	84.6289	-85.4504	-0.82151
98.84	85.1672	-85.972	-0.804815
98.86	84.8462	-85.6447	-0.798473
98.88	84.6439	-85.4585	-0.814633
98.9	84.879	-85.694	-0.815037
98.92	85.0107	-85.8369	-0.826256
98.94	84.5245	-85.3407	-0.81622
98.96	82.3792	-83.1959	-0.816649
98.98	79.1117	-79.9085	-0.796736
99	79.1052	-79.8974	-0.792241
99.02	81.5136	-82.3021	-0.788451
99.04	83.3509	-84.1609	-0.810012
99.06	84.2087	-85.0241	-0.815341
99.08	84.0412	-84.8509	-0.809715
99.1	83.0581	-83.8726	-0.81446
99.12	82.3656	-83.1852	-0.819574
99.14	82.5063	-83.3323	-0.825991
99.16	82.3961	-83.2392	-0.843077
99.18	81.1422	-81.9854	-0.843248
99.2	79.4583	-80.2991	-0.840767
99.22	80.1398	-80.9714	-0.83165
99.24	81.4114	-82.2599	-0.848501
99.26	81.8882	-82.7259	-0.837726
99.28	81.3464	-82.189	-0.842637
99.3	80.7665	-81.6079	-0.841378
99.32	81.7483	-82.5795	-0.831237
99.34	83.3056	-84.1331	-0.827508
99.36	83.3389	-84.1826	-0.84362
99.38	82.1903	-83.0454	-0.855032
99.4	79.8342	-80.694	-0.859768
99.42	78.5591	-79.4112	-0.852124
99.44	80.4021	-81.248	-0.845953
99.46	80.1223	-80.9559	-0.833568
99.48	78.8822	-79.7028	-0.820552
99.5	79.243	-80.0702	-0.827246
99.52	79.9332	-80.7388	-0.805538
99.54	80.085	-80.8855	-0.800446
99.56	79.8437	-80.6307	-0.787057
99.58	81.9715	-82.7603	-0.788815
99.6	84.6193	-85.4084	-0.789089
99.62	86.2715	-87.0601	-0.788533
99.64	86.9022	-87.7023	-0.800174
99.66	85.4394	-86.2391	-0.799676
99.68	82.5892	-83.3984	-0.809241
99.7	80.4645	-81.2508	-0.786359
99.72	80.4288	-81.2157	-0.786877
99.74	81.7963	-82.5781	-0.781784
99.76	83.5953	-84.3666	-0.771273
99.78	84.895	-85.6611	-0.766027
99.8	85.0977	-85.8692	-0.771487
99.82	84.1168	-84.91	-0.793196
99.84	82.2998	-83.098	-0.798221
99.86	80.4315	-81.2456	-0.814184
99.88	79.2615	-80.0813	-0.81976
99.9	78.7309	-79.5621	-0.831144
99.92	78.3741	-79.1995	-0.825477
99.94	78.3969	-79.222	-0.825079
99.96	79.2413	-80.0502	-0.808868
99.98	80.5399	-81.3437	-0.803805
100	81.5525	-82.3457	-0.793185
100.02	81.7118	-82.4995	-0.787733
100.04	81.0114	-81.7876	-0.776221
100.06	80.2379	-81.0137	-0.775837
100.08	79.9102	-80.6866	-0.776331
100.1	79.4482	-80.2249	-0.776755
100.12	78.3349	-79.1006	-0.765657
100.14	76.8481	-77.6024	-0.754274
100.16	75.7592	-76.4912	-0.731981
100.18	75.7101	-76.4478	-0.737737
100.2	76.3872	-77.109	-0.72188
100.22	77.032	-77.7484	-0.716405
100.24	77.4742	-78.1742	-0.700065
100.26	77.5944	-78.2946	-0.700126
100.28	77.3988	-78.0879	-0.689102
100.3	77.0332	-77.7388	-0.705585
100.32	76.6471	-77.3631	-0.716047
100.34	76.8064	-77.5228	-0.716392
100.36	77.1035	-77.8037	-0.700252
100.38	77.1566	-77.8561	-0.699532
100.4	77.7393	-78.4387	-0.699387
100.42	78.9807	-79.6753	-0.694642
100.44	79.9058	-80.5954	-0.689644
100.46	79.7692	-80.4483	-0.679131
100.48	78.0826	-78.7566	-0.67403
100.5	75.0739	-75.7461	-0.672218
100.52	73.6477	-74.3191	-0.671399
100.54	75.0004	-75.668	-0.667603
100.56	77.0555	-77.7229	-0.667347
100.58	79.308	-79.9757	-0.667672
100.6	80.9806	-81.6432	-0.662602
100.62	81.2606	-81.9176	-0.656943
100.64	80.1672	-80.8242	-0.656938
100.66	78.0387	-78.6837	-0.645008
100.68	76.4216	-77.0664	-0.64477
100.7	75.7619	-76.4241	-0.662113
100.72	75.1632	-75.8134	-0.650269
100.74	75.4372	-76.1093	-0.672093
100.76	76.4939	-77.178	-0.684138
100.78	76.8206	-77.4885	-0.667845
100.8	76.0844	-76.7294	-0.645055
100.82	75.2929	-75.9324	-0.639495
100.84	74.6489	-75.2995	-0.650657
100.86	73.9159	-74.5607	-0.644859
100.88	73.4488	-74.0769	-0.628119
100.9	73.6799	-74.3025	-0.622585
100.92	74.61	-75.2384	-0.62841
100.94	75.6378	-76.2611	-0.623286
100.96	76.1272	-76.7506	-0.623431
100.98	75.7469	-76.3485	-0.601642
101	74.3495	-74.9513	-0.601812
101.02	72.0319	-72.6224	-0.590514
101.04	69.7528	-70.3475	-0.594729
101.06	69.4295	-70.0351	-0.605686
101.08	71.1208	-71.7278	-0.60707
101.1	72.8532	-73.4662	-0.613005
101.12	73.503	-74.1158	-0.612778
101.14	73.0572	-73.6587	-0.601481
101.16	71.9472	-72.5537	-0.6065
101.18	70.8448	-71.4511	-0.606348
101.2	70.0069	-70.6192	-0.612273
101.22	69.0357	-69.6423	-0.606693
101.24	68.2839	-68.8897	-0.605821
101.26	68.6757	-69.2931	-0.617359
101.28	69.4985	-70.1106	-0.612095
101.3	70.1485	-70.7495	-0.600997
101.32	70.5962	-71.1917	-0.595517
101.34	70.7668	-71.3677	-0.600943
101.36	70.6875	-71.2883	-0.600795
101.38	70.5367	-71.1593	-0.622566
101.4	70.4723	-71.0894	-0.617127
101.42	70.4484	-71.0603	-0.611871
101.44	70.2118	-70.824	-0.612155
101.46	69.4486	-70.0554	-0.606852
101.48	68.2616	-68.8677	-0.606016
101.5	67.9393	-68.5341	-0.594845
101.52	68.7519	-69.3535	-0.601519
101.54	69.2297	-69.8312	-0.601495
101.56	69.1865	-69.7765	-0.589939
101.58	69.3208	-69.9053	-0.584452
101.6	69.6695	-70.2598	-0.590329
101.62	69.7698	-70.3491	-0.579318
101.64	69.6529	-70.2376	-0.584649
101.66	69.4439	-70.0234	-0.579453
101.68	68.8881	-69.4729	-0.584859
101.7	68.2762	-68.8494	-0.573153
101.72	68.6416	-69.2206	-0.579006
101.74	69.4781	-70.0646	-0.586555
101.76	68.4303	-69.0113	-0.580971
101.78	67.211	-67.7879	-0.576871
101.8	69.9026	-70.4947	-0.592091
101.82	71.7772	-72.3634	-0.586226
101.84	71.7234	-72.3141	-0.590694
101.86	70.9573	-71.5415	-0.584208
101.88	70.8877	-71.4663	-0.57866
101.9	71.5655	-72.145	-0.579431
101.92	71.9237	-72.525	-0.601337
101.94	71.7745	-72.3702	-0.595689
101.96	71.3489	-71.9667	-0.617746
101.98	70.8062	-71.4122	-0.606034
102	71.4582	-72.0799	-0.621684
102.02	74.0905	-74.6866	-0.596086
102.04	76.3747	-76.9823	-0.607603
102.06	77.0324	-77.6232	-0.590762
102.08	76.3931	-76.9671	-0.574006
102.1	75.0254	-75.5935	-0.568069
102.12	73.812	-74.3849	-0.572876
102.14	73.7522	-74.3363	-0.584087
102.16	74.5305	-75.121	-0.590521
102.18	74.9295	-75.5091	-0.579588
102.2	74.8428	-75.4274	-0.584603
102.22	74.9408	-75.5088	-0.568012
102.24	75.5896	-76.152	-0.562456
102.26	76.8395	-77.3967	-0.557194
102.28	78.3214	-78.8898	-0.568356
102.3	79.6294	-80.1922	-0.562874
102.32	80.6221	-81.1739	-0.551829
102.34	81.2668	-81.8185	-0.551743
102.36	81.567	-82.1187	-0.551764
102.38	81.482	-82.0284	-0.546376
102.4	80.9733	-81.5145	-0.541203
102.42	79.7968	-80.3331	-0.536275
102.44	77.7246	-78.2656	-0.541057
102.46	76.3052	-76.8503	-0.54507
102.48	77.3821	-77.9344	-0.552263
102.5	78.8677	-79.4043	-0.536569
102.52	79.0813	-79.6228	-0.54158
102.54	78.293	-78.8394	-0.546362
102.56	77.4183	-77.9693	-0.551034
102.58	77.5182	-78.0582	-0.540001
102.6	78.676	-79.2167	-0.54067
102.62	79.9094	-80.4397	-0.530356
102.64	80.2265	-80.7845	-0.557977
102.66	79.2848	-79.8427	-0.557917
102.68	77.3604	-77.918	-0.557576
102.7	75.2374	-75.7892	-0.551872
102.72	73.6555	-74.2018	-0.546316
102.74	73.6146	-74.149	-0.534312
102.76	75.8827	-76.4254	-0.542632
102.78	77.1603	-77.6913	-0.53096
102.8	77.4688	-77.9983	-0.529471
102.82	78.3521	-78.8932	-0.541112
102.84	78.9461	-79.4824	-0.536285
102.86	78.2192	-78.7664	-0.547181
102.88	76.4842	-77.0302	-0.545919
102.9	75.6245	-76.1645	-0.540009
102.92	76.203	-76.7334	-0.530373
102.94	76.624	-77.1491	-0.52509
102.96	76.2026	-76.7172	-0.514513
102.98	74.5357	-75.0554	-0.519659
103	72.4527	-72.9765	-0.523795
103.02	71.8095	-72.3388	-0.529309
103.04	72.8406	-73.3646	-0.524005
103.06	74.9494	-75.485	-0.535625
103.08	76.9191	-77.4771	-0.558
103.1	77.7905	-78.3485	-0.557956
103.12	77.4031	-77.9445	-0.541415
103.14	75.9748	-76.5048	-0.530028
103.16	74.331	-74.866	-0.535023
103.18	73.2365	-73.778	-0.541498
103.2	71.8258	-72.3786	-0.552808
103.22	69.9578	-70.504	-0.546211
103.24	69.2441	-69.8117	-0.567666
103.26	70.333	-70.9016	-0.568599
103.28	71.8924	-72.4618	-0.569413
103.3	72.4743	-73.0495	-0.575189
103.32	71.6501	-72.2244	-0.574385
103.34	70.9708	-71.5324	-0.561553
103.36	72.4333	-73.0076	-0.574291
103.38	73.9134	-74.4825	-0.569092
103.4	74.29	-74.8695	-0.579526
103.42	73.9791	-74.5694	-0.590371
103.44	73.1616	-73.7629	-0.601272
103.46	72.0928	-72.6935	-0.600696
103.48	71.5796	-72.1636	-0.584008
103.5	71.9324	-72.5114	-0.57901
103.52	72.4542	-73.0282	-0.573959
103.54	72.533	-73.1066	-0.573621
103.56	72.5711	-73.1442	-0.573074
103.58	73.1951	-73.752	-0.556844
103.6	74.0889	-74.6516	-0.562695
103.62	74.6703	-75.2496	-0.579245
103.64	74.7069	-75.2699	-0.562938
103.66	74.1066	-74.6753	-0.568611
103.68	72.9699	-73.5489	-0.579007
103.7	72.4891	-73.0725	-0.583389
103.72	73.9032	-74.4826	-0.57941
103.74	75.4442	-76.0186	-0.574393
103.76	76.0619	-76.6413	-0.57935
103.78	76.1731	-76.7688	-0.595732
103.8	75.8742	-76.4701	-0.595855
103.82	75.0748	-75.665	-0.590145
103.84	74.1986	-74.7883	-0.589772
103.86	73.8532	-74.4322	-0.579021
103.88	73.9167	-74.4963	-0.579567
103.9	73.7908	-74.3873	-0.596436
103.92	73.1615	-73.7683	-0.606773
103.94	72.9434	-73.5716	-0.628229
103.96	73.6495	-74.2839	-0.6344
103.98	74.3921	-75.0208	-0.628717
104	75.0602	-75.6832	-0.623002
104.02	75.7212	-76.3499	-0.628668
104.04	75.9836	-76.6015	-0.617876
104.06	75.519	-76.1204	-0.601391
104.08	74.5427	-75.1764	-0.633664
104.1	74.0099	-74.6432	-0.633322
104.12	74.5397	-75.1676	-0.627889
104.14	76.0317	-76.6653	-0.633689
104.16	77.8397	-78.4739	-0.63413
104.18	79.1542	-79.783	-0.628793
104.2	79.562	-80.1854	-0.623454
104.22	78.8425	-79.4715	-0.629024
104.24	77.0649	-77.6881	-0.623142
104.26	75.106	-75.723	-0.617004
104.28	74.1406	-74.7631	-0.622479
104.3	74.4023	-75.0419	-0.639584
104.32	74.9196	-75.5599	-0.640296
104.34	74.7498	-75.3729	-0.623077
104.36	74.692	-75.3256	-0.633546
104.38	75.3094	-75.9544	-0.64499
104.4	75.9938	-76.6392	-0.645361
104.42	76.1695	-76.8096	-0.640146
104.44	75.5117	-76.1628	-0.651076
104.46	74.3144	-74.9701	-0.655682
104.48	73.8473	-74.5026	-0.655285
104.5	74.6845	-75.3405	-0.655999
104.52	75.7663	-76.4231	-0.65686
104.54	75.8151	-76.4666	-0.65152
104.56	74.589	-75.2454	-0.656387
104.58	73.3218	-73.9764	-0.654537
104.6	74.2896	-74.9396	-0.650015
104.62	76.342	-77.0041	-0.662123
104.64	77.4873	-78.1436	-0.656235
104.66	77.7231	-78.3735	-0.65047
104.68	77.3573	-78.0242	-0.666868
104.7	76.5455	-77.2067	-0.661174
104.72	75.7667	-76.4386	-0.671893
104.74	75.4856	-76.1415	-0.655881
104.76	75.3703	-76.0325	-0.662203
104.78	74.5961	-75.2585	-0.662466
104.8	73.8651	-74.5304	-0.665295
104.82	75.9453	-76.6191	-0.673801
104.84	77.5074	-78.1766	-0.669156
104.86	76.7494	-77.4109	-0.661518
104.88	76.0867	-76.753	-0.666378
104.9	76.4323	-77.1049	-0.672666
104.92	76.7589	-77.4428	-0.683877
104.94	76.6991	-77.3933	-0.694234
104.96	76.8719	-77.5552	-0.683381
104.98	77.2397	-77.934	-0.694288
105	77.7615	-78.4611	-0.699582
105.02	78.5028	-79.1915	-0.688654
105.04	79.2662	-79.9493	-0.683119
105.06	79.9994	-80.6772	-0.677853
105.08	80.3468	-81.0034	-0.656531
105.1	79.5597	-80.2224	-0.66269
105.12	76.9543	-77.6228	-0.668465
105.14	72.7839	-73.4344	-0.6505
105.16	69.9579	-70.606	-0.648007
105.18	71.7941	-72.4383	-0.644168
105.2	76.1316	-76.7674	-0.63581
105.22	78.9138	-79.5392	-0.6254
105.24	78.6676	-79.2985	-0.630879
105.26	75.5201	-76.1609	-0.6408
105.28	71.6251	-72.2692	-0.644167
105.3	70.2013	-70.856	-0.654776
105.32	71.9861	-72.6472	-0.661129
105.34	75.36	-76.0225	-0.66246
105.36	78.004	-78.6613	-0.657317
105.38	78.8379	-79.5006	-0.662734
105.4	77.7431	-78.3888	-0.645651
105.42	75.7448	-76.4001	-0.655314
105.44	74.6582	-75.2968	-0.638626
105.46	74.964	-75.5869	-0.622866
105.48	75.8086	-76.4206	-0.611959
105.5	76.8236	-77.4469	-0.623348
105.52	77.3546	-77.973	-0.618424
105.54	76.672	-77.3014	-0.629404
105.56	74.9095	-75.5329	-0.623351
105.58	73.0883	-73.7	-0.611734
105.6	72.1904	-72.8077	-0.617356
105.62	72.1409	-72.7529	-0.611978
105.64	72.7523	-73.3532	-0.600926
105.66	73.9648	-74.5771	-0.612315
105.68	75.07	-75.6826	-0.612627
105.7	75.5153	-76.1388	-0.623471
105.72	75.3971	-76.0148	-0.617776
105.74	75.0202	-75.6214	-0.601187
105.76	74.6801	-75.2755	-0.59543
105.78	74.7975	-75.3765	-0.57899
105.8	75.2911	-75.865	-0.573982
105.82	75.4997	-76.079	-0.579361
105.84	75.3882	-75.9618	-0.573665
105.86	75.1301	-75.7039	-0.573845
105.88	74.5554	-75.1236	-0.56816
105.9	73.9172	-74.5178	-0.600652
105.92	73.6997	-74.306	-0.606246
105.94	73.746	-74.3471	-0.60109
105.96	73.509	-74.0993	-0.590302
105.98	72.7562	-73.3354	-0.579202
106	71.7362	-72.3207	-0.584518
106.02	70.8137	-71.4036	-0.589946
106.04	70.4541	-71.0432	-0.589135
106.06	71.7014	-72.2693	-0.567909
106.08	73.5971	-74.1665	-0.569382
106.1	73.9699	-74.5508	-0.580893
106.12	72.1944	-72.7906	-0.596142
106.14	70.8008	-71.3943	-0.59345
106.16	72.9454	-73.5523	-0.60686
106.18	75.8346	-76.4533	-0.618636
106.2	77.4731	-78.0915	-0.618405
106.22	77.8111	-78.4292	-0.618038
106.24	77.4163	-78.0339	-0.617546
106.26	77.0444	-77.6568	-0.612425
106.28	76.3365	-76.9664	-0.629879
106.3	74.2588	-74.8991	-0.640319
106.32	71.7743	-72.413	-0.638685
106.34	71.038	-71.6774	-0.6394
106.36	71.4076	-72.0371	-0.629497
106.38	71.5543	-72.1833	-0.628943
106.4	72.0158	-72.6555	-0.63964
106.42	73.0669	-73.7068	-0.63987
106.44	74.2334	-74.8679	-0.634436
106.46	75.0601	-75.6839	-0.623806
106.48	74.9178	-75.5361	-0.618286
106.5	73.7399	-74.3633	-0.623353
106.52	72.1731	-72.7957	-0.622663
106.54	71.2192	-71.8363	-0.617046
106.56	71.1117	-71.7402	-0.628505
106.58	71.2985	-71.9323	-0.633768
106.6	71.8572	-72.4855	-0.628374
106.62	72.5528	-73.1925	-0.639698
106.64	72.8542	-73.4938	-0.639579
106.66	72.8178	-73.4516	-0.633867
106.68	72.7884	-73.4223	-0.63383
106.7	72.9142	-73.5536	-0.639371
106.72	73.2742	-73.9189	-0.644703
106.74	74.0378	-74.672	-0.634215
106.76	74.6477	-75.2988	-0.651039
106.78	74.6629	-75.3136	-0.650754
106.8	74.5314	-75.1651	-0.633772
106.82	75.021	-75.6657	-0.644733
106.84	76.0592	-76.6992	-0.639941
106.86	76.7236	-77.3639	-0.640265
106.88	76.6701	-77.3097	-0.639605
106.9	76.8277	-77.4613	-0.633581
106.92	77.9711	-78.5941	-0.623007
106.94	79.5263	-80.1501	-0.623791
106.96	80.3641	-80.9879	-0.623823
106.98	80.3927	-81.0158	-0.623137
107	80.4885	-81.1171	-0.628578
107.02	80.8126	-81.447	-0.634417
107.04	80.9352	-81.5864	-0.651156
107.06	80.495	-81.1521	-0.657084
107.08	79.2166	-79.873	-0.656477
107.1	78.4136	-79.0744	-0.660842
107.12	79.3915	-80.0593	-0.667833
107.14	80.5815	-81.2435	-0.662001
107.16	81.7863	-82.4429	-0.656634
107.18	82.5814	-83.2443	-0.662855
107.2	81.9014	-82.5477	-0.646378
107.22	79.7545	-80.4004	-0.645921
107.24	77.1097	-77.7714	-0.661707
107.26	75.2235	-75.8851	-0.661569
107.28	74.7779	-75.4499	-0.671995
107.3	76.2847	-76.9519	-0.667175
107.32	78.5651	-79.2333	-0.668191
107.34	79.8795	-80.5474	-0.667867
107.36	80.2058	-80.8837	-0.677909
107.38	80.5365	-81.2032	-0.666673
107.4	81.063	-81.7414	-0.678431
107.42	80.6816	-81.3663	-0.684636
107.44	78.565	-79.2437	-0.678726
107.46	75.5676	-76.2672	-0.699594
107.48	73.3247	-74.0183	-0.693594
107.5	72.6519	-73.3459	-0.693962
107.52	73.0541	-73.7484	-0.6943
107.54	73.8347	-74.5291	-0.694455
107.56	74.5011	-75.2067	-0.705661
107.58	74.6336	-75.328	-0.694407
107.6	74.5519	-75.2239	-0.671938
107.62	74.8376	-75.5154	-0.677739
107.64	75.0569	-75.7407	-0.683814
107.66	74.4794	-75.1686	-0.68919
107.68	73.4964	-74.1954	-0.69897
107.7	73.6843	-74.3943	-0.710055
107.72	74.8969	-75.6134	-0.716511
107.74	75.6987	-76.4371	-0.738388
107.76	75.8286	-76.5613	-0.732708
107.78	75.5398	-76.2723	-0.732489
107.8	75.1279	-75.8388	-0.710848
107.82	74.334	-75.0455	-0.711541
107.84	72.6487	-73.3595	-0.710767
107.86	71.407	-72.1003	-0.693337
107.88	71.8432	-72.5539	-0.710718
107.9	72.8104	-73.5047	-0.694353
107.92	73.7891	-74.4997	-0.710557
107.94	74.8193	-75.5354	-0.716042
107.96	75.7409	-76.4571	-0.716146
107.98	76.2962	-76.9906	-0.694378
108	76.3004	-77.0002	-0.69983
108.02	75.8285	-76.5283	-0.699793
108.04	75.028	-75.7115	-0.683488
108.06	73.9557	-74.6336	-0.677845
108.08	72.9849	-73.6795	-0.694621
108.1	72.0058	-72.6952	-0.689408
108.12	71.4987	-72.1757	-0.677039
108.14	72.7751	-73.471	-0.695838
108.16	73.2716	-73.9617	-0.69004
108.18	72.7456	-73.4342	-0.688635
108.2	72.8572	-73.5401	-0.68292
108.22	73.9945	-74.6941	-0.699623
108.24	75.6504	-76.3614	-0.710983
108.26	77.0587	-77.7918	-0.733156
108.28	77.7026	-78.463	-0.760332
108.3	77.6561	-78.4055	-0.74935
108.32	76.9439	-77.699	-0.755109
108.34	75.4128	-76.1565	-0.743716
108.36	74.0843	-74.8541	-0.769737
108.38	74.5829	-75.3758	-0.792893
108.4	75.4712	-76.2927	-0.821531
108.42	74.9738	-75.7896	-0.815767
108.44	73.4307	-74.2456	-0.814927
108.46	72.0584	-72.8406	-0.78222
108.48	71.0264	-71.8142	-0.787785
108.5	70.5709	-71.3582	-0.787359
108.52	71.1116	-71.894	-0.782319
108.54	72.1089	-72.8965	-0.787553
108.56	73.6036	-74.3965	-0.792905
108.58	75.4216	-76.2097	-0.788066
108.6	76.5657	-77.3487	-0.783007
108.62	76.383	-77.16	-0.776991
108.64	75.5898	-76.3604	-0.770602
108.66	75.3971	-76.1678	-0.770701
108.68	75.7895	-76.5607	-0.771185
108.7	76.1729	-76.9441	-0.771299
108.72	76.4088	-77.1691	-0.760239
108.74	76.7447	-77.4937	-0.748952
108.76	77.506	-78.2721	-0.766055
108.78	77.8336	-78.6058	-0.772134
108.8	77.1102	-77.8485	-0.738379
108.82	76.586	-77.3347	-0.748731
108.84	77.2431	-77.9758	-0.732638
108.86	78.6894	-79.4391	-0.749614
108.88	80.0462	-80.8018	-0.755641
108.9	80.4916	-81.2416	-0.750036
108.92	80.2002	-80.9551	-0.754857
108.94	80.0546	-80.8204	-0.765826
108.96	80.1287	-80.8949	-0.766232
108.98	79.9868	-80.7583	-0.771464
109	79.9219	-80.6932	-0.771316
109.02	80.1797	-80.9513	-0.771532
109.04	80.5371	-81.2981	-0.760969
109.06	80.5108	-81.2721	-0.761335
109.08	79.8718	-80.6489	-0.777082
109.1	79.7428	-80.5298	-0.786981
109.12	81.3811	-82.18	-0.798893
109.14	83.3913	-84.2026	-0.811292
109.16	83.6756	-84.492	-0.816395
109.18	82.524	-83.3446	-0.82062
109.2	81.7382	-82.5524	-0.81426
109.22	82.5438	-83.364	-0.820225
109.24	84.1443	-84.9767	-0.832376
109.26	84.7393	-85.5776	-0.838274
109.28	83.6096	-84.4806	-0.870964
109.3	81.3943	-82.2582	-0.863879
109.32	80.6325	-81.4956	-0.863026
109.34	82.3358	-83.1898	-0.853944
109.36	84.1941	-85.048	-0.853852
109.38	85.5544	-86.4084	-0.853921
109.4	86.0619	-86.9327	-0.870784
109.42	85.1761	-86.063	-0.886866
109.44	83.5803	-84.4442	-0.863952
109.46	82.674	-83.5552	-0.881133
109.48	81.955	-82.8252	-0.870237
109.5	81.5985	-82.4674	-0.868895
109.52	82.9863	-83.8672	-0.880942
109.54	84.6979	-85.5797	-0.881871
109.56	85.0951	-85.9602	-0.865108
109.58	84.2997	-85.1757	-0.875959
109.6	82.4551	-83.3317	-0.876609
109.62	79.1371	-80.0134	-0.87636
109.64	75.7127	-76.5643	-0.851635
109.66	76.0226	-76.8644	-0.841737
109.68	78.7437	-79.5837	-0.84002
109.7	78.8863	-79.7206	-0.834275
109.72	76.6572	-77.4935	-0.836355
109.74	76.8173	-77.6526	-0.835285
109.76	80.5786	-81.4064	-0.827848
109.78	83.3167	-84.1397	-0.822999
109.8	83.3298	-84.1459	-0.816078
109.82	82.1494	-82.9594	-0.810007
109.84	80.8189	-81.6177	-0.798775
109.86	80.0042	-80.7918	-0.787592
109.88	79.9104	-80.699	-0.788574
109.9	79.6439	-80.4097	-0.765783
109.92	80.1224	-80.8824	-0.759963
109.94	81.5612	-82.3278	-0.766601
109.96	82.3001	-83.0505	-0.750324
109.98	81.8774	-82.6267	-0.749372
110	81.4496	-82.1984	-0.748863
110.02	81.6338	-82.3837	-0.749853
110.04	81.3953	-82.1397	-0.744374
110.06	80.7687	-81.5124	-0.743757
110.08	80.6091	-81.3529	-0.743814
110.1	80.9252	-81.6747	-0.749454
110.12	81.393	-82.1481	-0.755156
110.14	81.5057	-82.2724	-0.766628
110.16	80.6717	-81.438	-0.766268
110.18	79.3528	-80.0967	-0.743904
110.2	78.3318	-79.0593	-0.727453
110.22	78.0588	-78.786	-0.727279
110.24	78.6684	-79.4081	-0.739619
110.26	78.7269	-79.4662	-0.739326
110.28	78.6567	-79.4001	-0.743412
110.3	79.8651	-80.5929	-0.727765
110.32	81.2705	-81.9879	-0.717372
110.34	81.706	-82.4342	-0.72819
110.36	81.1516	-81.8738	-0.722231
110.38	80.1667	-80.8999	-0.733196
110.4	78.8465	-79.5744	-0.727968
110.42	77.1279	-77.8665	-0.738604
110.44	75.6848	-76.4229	-0.738098
110.46	75.3618	-76.0838	-0.721975
110.48	75.7438	-76.4666	-0.722804
110.5	75.859	-76.592	-0.733028
110.52	76.4057	-77.1223	-0.716605
110.54	77.1906	-77.8974	-0.706748
110.56	76.8863	-77.6143	-0.727994
110.58	76.0627	-76.796	-0.733272
110.6	75.0437	-75.7826	-0.738916
110.62	73.9072	-74.6286	-0.721464
110.64	73.6924	-74.4145	-0.722131
110.66	73.7212	-74.4436	-0.722326
110.68	73.6186	-74.3296	-0.710953
110.7	73.8294	-74.5567	-0.727253
110.72	74.5453	-75.2723	-0.72705
110.74	75.7663	-76.4936	-0.727277
110.76	76.9299	-77.6521	-0.722202
110.78	77.2998	-78.011	-0.711245
110.8	76.7108	-77.4219	-0.711044
110.82	75.4569	-76.1623	-0.705337
110.84	74.071	-74.7815	-0.710492
110.86	73.2921	-73.9801	-0.687997
110.88	73.9747	-74.663	-0.688321
110.9	75.6768	-76.3606	-0.68374
110.92	77.1394	-77.8122	-0.672834
110.94	78.0227	-78.7118	-0.689179
110.96	78.4166	-79.1001	-0.683517
110.98	78.7126	-79.3958	-0.683175
111	79.3212	-79.9996	-0.678382
111.02	79.441	-80.1199	-0.678886
111.04	78.4582	-79.1255	-0.667338
111.06	77.2714	-77.9322	-0.660878
111.08	77.3206	-77.9814	-0.660791
111.1	78.7469	-79.4194	-0.672559
111.12	80.3707	-81.0273	-0.656623
111.14	81.2564	-81.9187	-0.66228
111.16	81.065	-81.7438	-0.678742
111.18	79.8121	-80.502	-0.689808
111.2	77.6768	-78.3609	-0.684064
111.22	75.5995	-76.2934	-0.693835
111.24	75.6086	-76.3021	-0.693485
111.26	77.9566	-78.6464	-0.68984
111.28	80.0866	-80.7877	-0.701094
111.3	80.908	-81.609	-0.700951
111.32	80.4164	-81.1172	-0.700813
111.34	79.0517	-79.7463	-0.694644
111.36	77.868	-78.5624	-0.694377
111.38	77.3973	-78.0974	-0.700151
111.4	77.4118	-78.1011	-0.689261
111.42	77.686	-78.3756	-0.689663
111.44	77.5633	-78.2536	-0.69032
111.46	76.3398	-77.0459	-0.706068
111.48	75.2722	-75.977	-0.704762
111.5	75.9586	-76.6643	-0.705651
111.52	77.3384	-78.05	-0.711662
111.54	78.2075	-78.9249	-0.717375
111.56	78.0806	-78.7975	-0.716893
111.58	77.4462	-78.1685	-0.722278
111.6	76.5957	-77.3122	-0.716501
111.62	76.2323	-76.9424	-0.710084
111.64	77.3073	-78.0351	-0.727774
111.66	78.1514	-78.8859	-0.734499
111.68	77.3754	-78.1135	-0.738067
111.7	77.4522	-78.1738	-0.721623
111.72	78.6089	-79.3153	-0.706463
111.74	78.9477	-79.6704	-0.722706
111.76	78.297	-79.0197	-0.722686
111.78	76.9847	-77.6899	-0.705177
111.8	76.4045	-77.1158	-0.711344
111.82	76.0942	-76.7946	-0.700385
111.84	75.8553	-76.5716	-0.716364
111.86	76.0807	-76.7974	-0.716658
111.88	76.3318	-77.0485	-0.716709
111.9	76.4224	-77.1553	-0.732927
111.92	76.5173	-77.256	-0.738688
111.94	76.2761	-77.0208	-0.744708
111.96	75.408	-76.1569	-0.748883
111.98	75.6129	-76.3667	-0.753853
112	77.4084	-78.1582	-0.749792
112.02	78.9557	-79.7055	-0.749789
112.04	79.8086	-80.5529	-0.744213
112.06	79.9279	-80.6726	-0.744688
112.08	78.852	-79.5964	-0.744378
112.1	77.1757	-77.9139	-0.738167
112.12	75.9934	-76.7373	-0.743906
112.14	75.1426	-75.8707	-0.728065
112.16	73.9378	-74.6437	-0.705892
112.18	72.9214	-73.6203	-0.698914
112.2	73.7959	-74.5009	-0.705078
112.22	75.5524	-76.2642	-0.71181
112.24	76.1486	-76.8658	-0.717166
112.26	75.375	-76.0806	-0.705649
112.28	74.0038	-74.6922	-0.688406
112.3	73.1421	-73.8194	-0.677274
112.32	73.1202	-73.8088	-0.68861
112.34	73.4603	-74.1602	-0.699922
112.36	73.5985	-74.3041	-0.705552
112.38	73.3678	-74.0673	-0.699487
112.4	73.475	-74.1634	-0.688443
112.42	73.9704	-74.6485	-0.678042
112.44	74.0797	-74.7631	-0.683361
112.46	73.8832	-74.5606	-0.677383
112.48	74.0092	-74.6756	-0.666336
112.5	74.5805	-75.2419	-0.661396
112.52	74.8978	-75.56	-0.662162
112.54	74.0366	-74.699	-0.662428
112.56	72.018	-72.6683	-0.650221
112.58	70.767	-71.4328	-0.665824
112.6	71.4411	-72.1079	-0.666803
112.62	72.8094	-73.4766	-0.667199
112.64	73.9767	-74.6493	-0.672566
112.66	74.8382	-75.5216	-0.683403
112.68	75.3678	-76.0513	-0.683557
112.7	75.3355	-76.0191	-0.6836
112.72	74.799	-75.4987	-0.699674
112.74	74.3739	-75.0679	-0.693994
112.76	74.5008	-75.1839	-0.683138
112.78	75.2624	-75.9343	-0.671987
112.8	76.9343	-77.6011	-0.666836
112.82	78.8518	-79.5308	-0.678948
112.84	79.4546	-80.1333	-0.678728
112.86	78.9102	-79.5769	-0.666737
112.88	78.562	-79.2232	-0.66129
112.9	78.5459	-79.2184	-0.672507
112.92	78.4919	-79.1644	-0.672469
112.94	78.4265	-79.0988	-0.672305
112.96	78.6836	-79.3501	-0.666531
112.98	79.6411	-80.3135	-0.672423
113	80.8411	-81.5141	-0.672994
113.02	81.4652	-82.1552	-0.690006
113.04	80.8355	-81.5309	-0.695444
113.06	79.2491	-79.9382	-0.689078
113.08	78.1844	-78.8783	-0.69389
113.1	78.7219	-79.4326	-0.710773
113.12	80.3009	-80.9962	-0.695366
113.14	81.492	-82.1932	-0.701236
113.16	81.8136	-82.5083	-0.694658
113.18	82.5878	-83.2879	-0.700168
113.2	83.8359	-84.5096	-0.673754
113.22	84.5239	-85.1971	-0.673208
113.24	84.9552	-85.6455	-0.690332
113.26	84.4403	-85.1359	-0.695629
113.28	83.1318	-83.8159	-0.684109
113.3	81.9369	-82.6263	-0.689409
113.32	81.3068	-82.0125	-0.705718
113.34	81.7382	-82.4379	-0.699769
113.36	83.5018	-84.203	-0.701223
113.38	84.543	-85.2397	-0.69664
113.4	83.3659	-84.062	-0.696092
113.42	81.6333	-82.326	-0.692678
113.44	83.0537	-83.7551	-0.701442
113.46	84.0755	-84.7665	-0.69099
113.48	82.9018	-83.6132	-0.711355
113.5	81.2804	-82.0016	-0.721205
113.52	80.706	-81.4218	-0.715813
113.54	80.9742	-81.6909	-0.716632
113.56	80.8244	-81.536	-0.711578
113.58	79.5581	-80.2584	-0.700258
113.6	77.7916	-78.4852	-0.693608
113.62	77.0258	-77.7252	-0.699419
113.64	77.0073	-77.6743	-0.667027
113.66	77.0085	-77.664	-0.655505
113.68	77.574	-78.2292	-0.655227
113.7	79.0152	-79.6709	-0.655718
113.72	80.5568	-81.213	-0.656249
113.74	81.3612	-82.0172	-0.655954
113.76	81.604	-82.2542	-0.650185
113.78	81.6289	-82.2683	-0.639419
113.8	81.2502	-81.9008	-0.650585
113.82	80.2884	-80.9444	-0.65603
113.84	78.9821	-79.6324	-0.650299
113.86	77.9636	-78.6081	-0.644521
113.88	77.726	-78.3875	-0.661463
113.9	77.7378	-78.3946	-0.656791
113.92	76.9371	-77.5836	-0.646522
113.94	74.9076	-75.5692	-0.661631
113.96	73.832	-74.4923	-0.66033
113.98	75.4488	-76.0943	-0.645506
114	77.5398	-78.1815	-0.641758
114.02	77.5878	-78.2452	-0.657429
114.04	76.6693	-77.3189	-0.64961
114.06	77.4011	-78.0465	-0.645366
114.08	78.3883	-79.0288	-0.640475
114.1	78.3643	-78.9931	-0.628786
114.12	77.9884	-78.6278	-0.639378
114.14	77.66	-78.2835	-0.623486
114.16	76.7515	-77.3697	-0.618239
114.18	75.1778	-75.7951	-0.617219
114.2	74.3032	-74.9202	-0.617059
114.22	74.4587	-75.0707	-0.611984
114.24	75.0571	-75.6744	-0.617329
114.26	75.953	-76.5705	-0.617525
114.28	76.7157	-77.3334	-0.617725
114.3	76.9714	-77.5779	-0.606493
114.32	76.9083	-77.5367	-0.628418
114.34	76.5353	-77.1476	-0.612305
114.36	75.6069	-76.2412	-0.634321
114.38	74.1401	-74.7803	-0.640176
114.4	72.2163	-72.8446	-0.62828
114.42	71.55	-72.1663	-0.616301
114.44	73.235	-73.8698	-0.63479
114.46	74.6803	-75.3156	-0.635221
114.48	74.7732	-75.391	-0.617833
114.5	74.5258	-75.121	-0.595238
114.52	74.8403	-75.4412	-0.600887
114.54	75.4775	-76.0735	-0.596003
114.56	75.6758	-76.2831	-0.607265
114.58	75.0782	-75.6746	-0.596397
114.6	73.8664	-74.4513	-0.58494
114.62	72.9872	-73.5771	-0.589899
114.64	73.312	-73.88	-0.568021
114.66	74.7138	-75.2769	-0.563066
114.68	76.2683	-76.8098	-0.541549
114.7	77.1282	-77.6696	-0.541468
114.72	77.1288	-77.6865	-0.557638
114.74	76.6044	-77.178	-0.573619
114.76	76.2147	-76.7771	-0.562375
114.78	76.3769	-76.9503	-0.573375
114.8	77.0009	-77.5691	-0.568233
114.82	77.453	-78.0219	-0.568969
114.84	76.6945	-77.2749	-0.580383
114.86	74.2903	-74.8645	-0.574213
114.88	71.7633	-72.3356	-0.572253
114.9	71.7546	-72.3224	-0.567794
114.92	73.2112	-73.7803	-0.56915
114.94	74.0427	-74.6172	-0.574528
114.96	74.0285	-74.5973	-0.568832
114.98	73.5374	-74.1275	-0.590138
115	73.4859	-74.0867	-0.600705
115.02	74.2315	-74.8496	-0.618056
115.04	74.5499	-75.1736	-0.623788
115.06	73.8967	-74.5036	-0.606869
115.08	72.8765	-73.4829	-0.606378
115.1	72.3287	-72.9347	-0.60602
115.12	72.7807	-73.3703	-0.589656
115.14	74.1297	-74.7198	-0.59005
115.16	75.7335	-76.3185	-0.585055
115.18	76.7969	-77.3986	-0.60173
115.2	76.8472	-77.46	-0.612817
115.22	75.7053	-76.3129	-0.607583
115.24	73.2807	-73.888	-0.6073
115.26	70.4957	-71.1013	-0.60558
115.28	69.9446	-70.5495	-0.604934
115.3	72.3619	-72.9853	-0.623361
115.32	75.0156	-75.6289	-0.613356
115.34	76.0856	-76.6987	-0.613119
115.36	75.6246	-76.2317	-0.607114
115.38	74.5492	-75.1607	-0.611486
115.4	74.3919	-75.009	-0.617104
115.42	75.0411	-75.6649	-0.623814
115.44	74.9064	-75.5416	-0.63517
115.46	73.4249	-74.0706	-0.645755
115.48	71.4346	-72.085	-0.650359
115.5	70.3529	-71.0088	-0.655931
115.52	70.3779	-71.0452	-0.667234
115.54	71.0683	-71.7356	-0.667354
115.56	72.1103	-72.7617	-0.651426
115.58	72.8619	-73.4914	-0.629509
115.6	73.2322	-73.856	-0.623804
115.62	73.5199	-74.1488	-0.628908
115.64	74.3692	-74.9919	-0.622701
115.66	76.3063	-76.9192	-0.61294
115.68	77.7067	-78.3198	-0.613105
115.7	77.9341	-78.5412	-0.607098
115.72	77.5271	-78.1342	-0.607079
115.74	76.64	-77.2365	-0.596551
115.76	75.0732	-75.664	-0.590801
115.78	73.5981	-74.1882	-0.590059
115.8	73.484	-74.0796	-0.595688
115.82	74.6273	-75.2242	-0.596819
115.84	75.5698	-76.1669	-0.59703
115.86	75.8364	-76.4389	-0.602428
115.88	75.4813	-76.0839	-0.602593
115.9	74.8559	-75.4733	-0.617366
115.92	75.8957	-76.4974	-0.601717
115.94	77.7828	-78.3801	-0.597314
115.96	78.8868	-79.4946	-0.60782
115.98	79.4971	-80.0991	-0.601983
116	79.9397	-80.5365	-0.596768
116.02	80.0643	-80.6823	-0.617978
116.04	80.5305	-81.1654	-0.634971
116.06	80.6281	-81.2581	-0.630029
116.08	79.6123	-80.2472	-0.63492
116.1	78.294	-78.934	-0.639969
116.12	77.5284	-78.1632	-0.6348
116.14	77.3429	-77.9777	-0.634828
116.16	77.4005	-78.0264	-0.62588
116.18	75.4844	-76.1097	-0.625274
116.2	73.1293	-73.7569	-0.627671
116.22	74.2279	-74.8512	-0.62332
116.24	77.1881	-77.8127	-0.624681
116.26	79.3514	-79.9866	-0.6352
116.28	80.3254	-80.9492	-0.623779
116.3	80.3917	-81.01	-0.618282
116.32	79.5525	-80.1763	-0.623828
116.34	77.883	-78.5175	-0.634482
116.36	76.1597	-76.7769	-0.61718
116.38	75.8354	-76.4305	-0.595096
116.4	77.2794	-77.8806	-0.601122
116.42	79.6188	-80.2315	-0.612652
116.44	81.6827	-82.3072	-0.624565
116.46	82.1105	-82.7245	-0.61398
116.48	80.8376	-81.4387	-0.601084
116.5	80.7371	-81.354	-0.616934
116.52	82.4972	-83.0999	-0.602699
116.54	83.3212	-83.9181	-0.596974
116.56	82.7565	-83.3536	-0.597155
116.58	80.6021	-81.1886	-0.586526
116.6	76.8025	-77.3882	-0.585738
116.62	72.9617	-73.5348	-0.573082
116.64	71.6252	-72.1872	-0.56203
116.66	73.1261	-73.6896	-0.563517
116.68	75.3573	-75.9219	-0.564675
116.7	76.7438	-77.3019	-0.558012
116.72	78.2173	-78.7702	-0.552937
116.74	79.0712	-79.6301	-0.558895
116.76	78.407	-78.9592	-0.552238
116.78	77.4765	-78.0225	-0.546005
116.8	77.22	-77.7719	-0.551937
116.82	77.1363	-77.6776	-0.541307
116.84	76.7679	-77.3146	-0.546644
116.86	76.2675	-76.8032	-0.535665
116.88	75.6821	-76.2125	-0.530323
116.9	74.8754	-75.422	-0.546583
116.92	74.1719	-74.7233	-0.551385
116.94	74.3553	-74.9123	-0.556991
116.96	75.1656	-75.7232	-0.557563
116.98	75.6518	-76.2041	-0.552335
117	75.302	-75.8488	-0.546803
117.02	74.1732	-74.7308	-0.557651
117.04	72.5014	-73.0651	-0.563621
117.06	69.951	-70.5148	-0.56381
117.08	67.324	-67.8685	-0.544469
117.1	68.0276	-68.5849	-0.55733
117.12	70.0121	-70.5653	-0.553199
117.14	70.6298	-71.1989	-0.569052
117.16	70.1316	-70.7164	-0.58476
117.18	69.3711	-69.9502	-0.579046
117.2	68.6737	-69.2694	-0.595606
117.22	67.9227	-68.5237	-0.600946
117.24	67.2884	-67.8835	-0.595116
117.26	67.2107	-67.8002	-0.589512
117.28	67.8258	-68.3991	-0.573358
117.3	68.6429	-69.2058	-0.562873
117.32	68.9465	-69.5097	-0.563207
117.34	68.2647	-68.8171	-0.55245
117.36	66.6045	-67.1673	-0.56284
117.38	65.189	-65.7506	-0.561555
117.4	65.66	-66.2064	-0.54631
117.42	66.5944	-67.1369	-0.542429
117.44	65.9904	-66.5209	-0.530495
117.46	65.2422	-65.7601	-0.51785
117.48	66.3353	-66.8544	-0.519131
117.5	67.763	-68.2771	-0.514125
117.52	68.3566	-68.865	-0.508479
117.54	68.1182	-68.6155	-0.497365
117.56	67.4423	-67.9554	-0.513103
117.58	67.1964	-67.7043	-0.50782
117.6	67.1641	-67.6672	-0.503124
117.62	66.5433	-67.0404	-0.497114
117.64	66.2347	-66.7364	-0.501754
117.66	67.1381	-67.6301	-0.492003
117.68	67.8282	-68.3257	-0.497525
117.7	67.8967	-68.3883	-0.491586
117.72	67.8568	-68.3484	-0.491597
117.74	67.8736	-68.376	-0.502459
117.76	68.1867	-68.6946	-0.507807
117.78	68.8848	-69.3878	-0.503028
117.8	69.0872	-69.6016	-0.514428
117.82	68.3665	-68.8693	-0.50273
117.84	67.8747	-68.3602	-0.485457
117.86	68.7012	-69.1985	-0.497358
117.88	69.6968	-70.1893	-0.492511
117.9	69.823	-70.3042	-0.481227
117.92	69.3751	-69.8502	-0.475155
117.94	69.0971	-69.572	-0.474891
117.96	69.3354	-69.8215	-0.486094
117.98	69.7827	-70.28	-0.497264
118	70.1004	-70.5977	-0.497373
118.02	70.1121	-70.6096	-0.497449
118.04	69.7004	-70.2035	-0.503091
118.06	68.7178	-69.2264	-0.5086
118.08	67.4485	-67.9396	-0.49112
118.1	67.4421	-67.9272	-0.485079
118.12	69.3047	-69.7967	-0.491976
118.14	71.1392	-71.6373	-0.49807
118.16	71.8201	-72.3177	-0.497603
118.18	71.7672	-72.2534	-0.486164
118.2	71.6597	-72.1458	-0.486138
118.22	71.5782	-72.0649	-0.486692
118.24	70.919	-71.4114	-0.492419
118.26	69.6045	-70.1016	-0.497191
118.28	68.6488	-69.1624	-0.513556
118.3	68.4216	-68.9078	-0.486164
118.32	68.9209	-69.4126	-0.491746
118.34	69.8103	-70.297	-0.486675
118.36	70.3781	-70.8703	-0.492131
118.38	70.4539	-70.9513	-0.497339
118.4	70.3	-70.8026	-0.502621
118.42	70.2159	-70.7184	-0.502554
118.44	70.2869	-70.7786	-0.491707
118.46	70.3558	-70.8422	-0.486369
118.48	70.2263	-70.6964	-0.470041
118.5	69.8143	-70.2897	-0.475382
118.52	69.3809	-69.8561	-0.475173
118.54	69.1794	-69.6604	-0.48104
118.56	68.9232	-69.3984	-0.475218
118.58	69.001	-69.4924	-0.491403
118.6	69.6441	-70.1362	-0.492095
118.62	69.9529	-70.4561	-0.503232
118.64	69.6316	-70.1233	-0.491703
118.66	69.325	-69.8219	-0.496942
118.68	69.289	-69.7863	-0.497275
118.7	69.0761	-69.5791	-0.502938
118.72	68.352	-68.8549	-0.502923
118.74	67.1651	-67.6952	-0.530126
118.76	65.8964	-66.4371	-0.540717
118.78	65.2189	-65.7592	-0.540347
118.8	65.7298	-66.2538	-0.523996
118.82	67.2988	-67.829	-0.530227
118.84	68.8631	-69.4048	-0.541744
118.86	69.5467	-70.0941	-0.547347
118.88	69.1327	-69.6694	-0.536636
118.9	67.6628	-68.1987	-0.535861
118.92	66.8241	-67.3642	-0.540119
118.94	68.0244	-68.5552	-0.530821
118.96	69.338	-69.8578	-0.51983
118.98	70.1081	-70.6223	-0.514187
119	70.3824	-70.8909	-0.508492
119.02	70.363	-70.8658	-0.50282
119.04	70.379	-70.876	-0.49696
119.06	70.9476	-71.4389	-0.491353
119.08	72.1473	-72.6336	-0.486293
119.1	73.34	-73.832	-0.492047
119.12	74.0048	-74.508	-0.503237
119.14	73.765	-74.2741	-0.509165
119.16	72.2731	-72.771	-0.497903
119.18	70.4561	-70.9581	-0.501956
119.2	70.22	-70.7172	-0.497261
119.22	70.8756	-71.3842	-0.508585
119.24	71.6251	-72.1226	-0.497469
119.26	72.4595	-72.9515	-0.491948
119.28	73.3756	-73.873	-0.497446
119.3	74.367	-74.8699	-0.502862
119.32	75.4687	-75.9553	-0.486608
119.34	76.4238	-76.9217	-0.497858
119.36	76.8787	-77.3709	-0.492238
119.38	76.995	-77.4871	-0.492098
119.4	76.9082	-77.406	-0.497793
119.42	76.3618	-76.8596	-0.497835
119.44	75.3677	-75.8816	-0.513883
119.46	74.5176	-75.0366	-0.518949
119.48	74.5066	-75.0363	-0.529654
119.5	75.6465	-76.1712	-0.524782
119.52	76.9578	-77.4781	-0.520218
119.54	77.011	-77.5369	-0.525946
119.56	75.4022	-75.9221	-0.519959
119.58	73.0824	-73.6065	-0.524049
119.6	71.977	-72.501	-0.524002
119.62	72.3003	-72.814	-0.513794
119.64	72.9519	-73.4715	-0.519595
119.66	73.2989	-73.813	-0.514059
119.68	73.267	-73.7701	-0.503086
119.7	72.8395	-73.3374	-0.497838
119.72	71.7542	-72.2577	-0.503527
119.74	69.9638	-70.478	-0.51419
119.76	68.3639	-68.8605	-0.49657
119.78	68.747	-69.2436	-0.496593
119.8	70.9313	-71.4295	-0.498198
119.82	72.6523	-73.1669	-0.514589
119.84	73.4071	-73.9213	-0.514147
119.86	73.4848	-74.0047	-0.519921
119.88	72.5322	-73.0633	-0.531117
119.9	70.5243	-71.0599	-0.535533
119.92	69.164	-69.7096	-0.54563
119.94	69.5497	-70.1133	-0.56366
119.96	69.9833	-70.5414	-0.558128
119.98	70.2633	-70.8044	-0.541113
120	70.927	-71.4849	-0.557869
120.02	71.4917	-72.0497	-0.558016
120.04	71.5357	-72.1047	-0.569088
120.06	70.8045	-71.3682	-0.563678
120.08	69.3035	-69.8559	-0.552396
120.1	67.634	-68.1804	-0.546365
120.12	66.6419	-67.1941	-0.552204
120.14	66.2248	-66.7823	-0.557463
120.16	66.7921	-67.3382	-0.546062
120.18	68.5296	-69.0766	-0.546995
120.2	70.0746	-70.6105	-0.53593
120.22	71.0877	-71.6179	-0.530233
120.24	71.6558	-72.1806	-0.5248
120.26	71.6594	-72.1842	-0.524784
120.28	71.0683	-71.5929	-0.524628
120.3	70.1481	-70.6833	-0.53529
120.32	69.4232	-69.9526	-0.529429
120.34	69.4745	-70.0039	-0.529333
120.36	70.4343	-70.9695	-0.535248
120.38	71.7149	-72.2506	-0.535698
120.4	72.6632	-73.1936	-0.530374
120.42	73.0218	-73.5522	-0.530375
120.44	72.8652	-73.4065	-0.541237
120.46	72.4487	-72.9789	-0.530228
120.48	71.9625	-72.4983	-0.535793
120.5	71.4209	-71.9567	-0.535845
120.52	70.975	-71.4943	-0.519339
120.54	70.8576	-71.3776	-0.519996
120.56	70.5256	-71.0456	-0.52
120.58	70.6225	-71.1574	-0.534934
120.6	72.7285	-73.2543	-0.525829
120.62	74.5789	-75.1109	-0.531966
120.64	74.7201	-75.2567	-0.536569
120.66	74.0819	-74.6066	-0.524665
120.68	73.853	-74.367	-0.513999
120.7	73.6729	-74.2045	-0.531573
120.72	72.1392	-72.6658	-0.526609
120.74	69.196	-69.7312	-0.535171
120.76	68.2941	-68.8388	-0.544696
120.78	71.1612	-71.7138	-0.552588
120.8	74.5835	-75.1425	-0.559
120.82	76.4436	-77.035	-0.591416
120.84	76.8197	-77.4105	-0.590841
120.86	76.3529	-76.9488	-0.595929
120.88	75.6285	-76.2298	-0.601261
120.9	74.959	-75.5766	-0.617614
120.92	74.6178	-75.2351	-0.617293
120.94	74.9975	-75.6372	-0.639671
120.96	75.5164	-76.1676	-0.651227
120.98	75.3268	-75.989	-0.662181
121	74.3252	-74.9876	-0.662359
121.02	72.3883	-73.0455	-0.657232
121.04	69.5151	-70.1823	-0.667245
121.06	67.5259	-68.1859	-0.659987
121.08	68.7812	-69.4533	-0.672099
121.1	71.7921	-72.4661	-0.673959
121.12	73.6909	-74.3869	-0.695998
121.14	73.8011	-74.4855	-0.684417
121.16	72.9	-73.5998	-0.699732
121.18	72.4799	-73.1682	-0.688274
121.2	73.1234	-73.8235	-0.700118
121.22	73.6335	-74.3181	-0.684568
121.24	72.7111	-73.3908	-0.679667
121.26	69.8753	-70.5489	-0.673615
121.28	67.2504	-67.9202	-0.669723
121.3	69.4435	-70.1219	-0.678426
121.32	72.9082	-73.5937	-0.685513
121.34	74.1735	-74.8527	-0.679203
121.36	73.6954	-74.385	-0.689574
121.38	72.2778	-72.9725	-0.694722
121.4	70.5944	-71.2777	-0.683305
121.42	69.5397	-70.2114	-0.671759
121.44	69.9976	-70.6914	-0.693882
121.46	71.6071	-72.3075	-0.700377
121.48	72.9483	-73.6381	-0.689761
121.5	73.4125	-74.1072	-0.694687
121.52	73.678	-74.3774	-0.699448
121.54	74.6816	-75.3977	-0.71615
121.56	76.0368	-76.7483	-0.711428
121.58	76.6139	-77.3419	-0.727973
121.6	76.1253	-76.8476	-0.72223
121.62	74.9873	-75.6981	-0.710736
121.64	74.0402	-74.7723	-0.732124
121.66	74.0723	-74.8101	-0.737749
121.68	74.9991	-75.748	-0.748991
121.7	76.3917	-77.1299	-0.738237
121.72	77.8291	-78.5788	-0.749713
121.74	78.5944	-79.35	-0.755591
121.76	78.2096	-78.9815	-0.771821
121.78	77.18	-77.9566	-0.776663
121.8	76.6455	-77.4216	-0.776154
121.82	77.4658	-78.2477	-0.781926
121.84	79.1913	-79.9688	-0.777515
121.86	80.3636	-81.1356	-0.772049
121.88	80.7891	-81.5551	-0.766052
121.9	80.9905	-81.757	-0.766549
121.92	80.4454	-81.2125	-0.7671
121.94	78.6749	-79.4524	-0.777578
121.96	76.6861	-77.4627	-0.776608
121.98	76.0477	-76.8188	-0.771154
122	76.8779	-77.6339	-0.755936
122.02	77.523	-78.2692	-0.746142
122.04	77.1904	-77.9448	-0.754405
122.06	78.7924	-79.5485	-0.7561
122.08	80.4298	-81.1982	-0.768444
122.1	79.7075	-80.4963	-0.788844
122.12	78.416	-79.2151	-0.799148
122.14	77.5395	-78.3279	-0.788406
122.16	77.0622	-77.8274	-0.765207
122.18	78.1677	-78.939	-0.771346
122.2	79.899	-80.677	-0.777994
122.22	80.3702	-81.1605	-0.790324
122.24	78.2047	-78.9934	-0.788693
122.26	77.1367	-77.9287	-0.791998
122.28	79.1655	-79.9562	-0.790712
122.3	79.0243	-79.8075	-0.783196
122.32	77.9741	-78.7514	-0.777293
122.34	76.7357	-77.5249	-0.789205
122.36	74.8864	-75.6628	-0.776388
122.38	74.8523	-75.6284	-0.776121
122.4	77.0575	-77.8186	-0.76106
122.42	79.3442	-80.1003	-0.75615
122.44	80.4448	-81.2122	-0.767334
122.46	79.9143	-80.6814	-0.76712
122.48	78.1882	-78.971	-0.782789
122.5	76.5149	-77.259	-0.744074
122.52	75.5903	-76.3352	-0.744893
122.54	74.7071	-75.4407	-0.733636
122.56	74.3296	-75.0351	-0.705517
122.58	75.1238	-75.847	-0.72322
122.6	75.4284	-76.1413	-0.712888
122.62	74.3037	-75.0102	-0.706467
122.64	73.0309	-73.7579	-0.726999
122.66	73.4229	-74.1446	-0.72171
122.68	75.0879	-75.8001	-0.712169
122.7	75.9112	-76.6352	-0.723996
122.72	74.6144	-75.3376	-0.723201
122.74	72.5654	-73.2973	-0.731925
122.76	72.4697	-73.2025	-0.732839
122.78	73.3428	-74.0767	-0.733858
122.8	73.4335	-74.1671	-0.733663
122.82	72.7419	-73.4583	-0.716388
122.84	72.3297	-73.0456	-0.715846
122.86	72.8637	-73.5855	-0.721826
122.88	73.6685	-74.3965	-0.727932
122.9	73.853	-74.5921	-0.73906
122.92	73.1444	-73.8943	-0.749897
122.94	71.7565	-72.5117	-0.755183
122.96	70.1089	-70.8585	-0.749679
122.98	68.4876	-69.2482	-0.76055
123	67.2834	-68.0379	-0.754501
123.02	67.3622	-68.1164	-0.75426
123.04	68.9844	-69.7393	-0.754869
123.06	71.1826	-71.9269	-0.744347
123.08	72.9765	-73.7209	-0.744404
123.1	73.9418	-74.6916	-0.749724
123.12	74.0828	-74.8324	-0.749655
123.14	73.4499	-74.1941	-0.744264
123.16	72.0304	-72.7746	-0.74423
123.18	70.0672	-70.811	-0.743812
123.2	68.4269	-69.1647	-0.737798
123.22	67.9534	-68.6971	-0.743671
123.24	68.306	-69.0447	-0.738686
123.26	68.9063	-69.6558	-0.749505
123.28	69.7852	-70.5566	-0.771408
123.3	70.8244	-71.596	-0.771581
123.32	71.6762	-72.4369	-0.760707
123.34	72.0685	-72.8566	-0.788069
123.36	71.9802	-72.7627	-0.782488
123.38	71.5609	-72.3434	-0.782478
123.4	70.8859	-71.663	-0.777101
123.42	69.9767	-70.7536	-0.776915
123.44	69.2557	-70.0269	-0.77121
123.46	69.1771	-69.9593	-0.782257
123.48	69.832	-70.5922	-0.760192
123.5	71.2506	-71.995	-0.744433
123.52	72.3784	-73.107	-0.72864
123.54	72.1616	-72.8844	-0.722818
123.56	71.0932	-71.8148	-0.721522
123.58	70.9364	-71.6522	-0.715754
123.6	72.0694	-72.7862	-0.716858
123.62	73.0334	-73.745	-0.711614
123.64	73.2373	-73.9542	-0.716922
123.66	72.8647	-73.5978	-0.733088
123.68	72.506	-73.233	-0.727057
123.7	72.8818	-73.6094	-0.727527
123.72	73.5462	-74.2685	-0.722281
123.74	74.0448	-74.7672	-0.722482
123.76	74.0477	-74.7815	-0.733858
123.78	73.1009	-73.8401	-0.739274
123.8	71.514	-72.2524	-0.738401
123.82	70.7247	-71.4513	-0.726574
123.84	71.9269	-72.6542	-0.727326
123.86	74.103	-74.8151	-0.712045
123.88	75.4946	-76.2123	-0.717695
123.9	75.6299	-76.3309	-0.700927
123.92	75.0666	-75.7558	-0.689236
123.94	74.8812	-75.5922	-0.710995
123.96	75.3443	-76.0667	-0.722336
123.98	75.9939	-76.7215	-0.727589
124	76.8228	-77.5452	-0.722416
124.02	77.3919	-78.1035	-0.711638
124.04	77.6022	-78.3128	-0.710607
124.06	78.5951	-79.3169	-0.721801
124.08	80.0113	-80.7337	-0.722428
124.1	80.7512	-81.4624	-0.711194
124.12	80.844	-81.5495	-0.705496
124.14	80.4732	-81.1898	-0.716515
124.16	79.5967	-80.3078	-0.711148
124.18	78.1496	-78.8498	-0.700236
124.2	76.2775	-76.9885	-0.71099
124.22	74.5516	-75.2675	-0.715893
124.24	73.9746	-74.6851	-0.71048
124.26	74.5739	-75.2967	-0.722815
124.28	74.7743	-75.4868	-0.712548
124.3	73.8257	-74.5267	-0.700987
124.32	72.9747	-73.6802	-0.705539
124.34	73.3634	-74.0759	-0.712515
124.36	73.6286	-74.3512	-0.722536
124.38	74.3461	-75.063	-0.716908
124.4	75.5112	-76.2342	-0.722988
124.42	75.9715	-76.6727	-0.701181
124.44	75.2589	-75.9705	-0.711559
124.46	73.9847	-74.7011	-0.716384
124.48	73.0971	-73.8132	-0.716161
124.5	72.9248	-73.6579	-0.733109
124.52	72.8062	-73.5286	-0.722425
124.54	72.4163	-73.1491	-0.732776
124.56	72.5341	-73.2665	-0.7324
124.58	73.5637	-74.2967	-0.733035
124.6	74.6049	-75.3606	-0.755719
124.62	74.6596	-75.4425	-0.782903
124.64	74.0493	-74.821	-0.77164
124.66	73.3481	-74.1089	-0.760735
124.68	72.7525	-73.5186	-0.766026
124.7	72.5448	-73.3166	-0.771861
124.72	72.4829	-73.2493	-0.766429
124.74	72.7202	-73.4697	-0.749485
124.76	73.7579	-74.4918	-0.73387
124.78	74.6295	-75.3579	-0.728441
124.8	75.0909	-75.8017	-0.710812
124.82	76.2913	-77.0132	-0.721959
124.84	77.8617	-78.6011	-0.739448
124.86	78.2638	-79.0145	-0.750736
124.88	77.0273	-77.7716	-0.744329
124.9	75.5416	-76.2902	-0.748547
124.92	75.5254	-76.2742	-0.748835
124.94	76.6605	-77.405	-0.744468
124.96	77.406	-78.1562	-0.750228
124.98	77.2553	-77.9725	-0.717206
125	76.4661	-77.1889	-0.722785
125.02	75.3087	-76.0254	-0.716743
125.04	74.8835	-75.5995	-0.715951
125.06	76.3624	-77.0732	-0.710802
125.08	79.0611	-79.7788	-0.717704
125.1	80.8463	-81.5478	-0.701511
125.12	80.8685	-81.5811	-0.712615
125.14	78.9562	-79.68	-0.723753
125.16	75.9813	-76.7025	-0.721234
125.18	75.4545	-76.1932	-0.738677
125.2	76.3859	-77.1156	-0.729676
125.22	76.4304	-77.1522	-0.721829
125.24	77.5611	-78.2732	-0.712131
125.26	78.4367	-79.1489	-0.712221
125.28	78.2005	-78.9234	-0.722869
125.3	77.1671	-77.8953	-0.728189
125.32	76.0997	-76.8318	-0.732124
125.34	76.979	-77.7115	-0.732506
125.36	79.2709	-80.0103	-0.73939
125.38	80.8091	-81.554	-0.744902
125.4	81.0964	-81.8409	-0.744434
125.42	80.6361	-81.4023	-0.766163
125.44	79.6771	-80.4382	-0.761172
125.46	77.7504	-78.5009	-0.750503
125.48	75.1157	-75.87	-0.754303
125.5	74.1502	-74.9096	-0.75948
125.52	75.3841	-76.1393	-0.755249
125.54	76.9094	-77.6541	-0.744629
125.56	77.7376	-78.4818	-0.744267
125.58	78.0382	-78.7657	-0.727474
125.6	78.1803	-78.8857	-0.705443
125.62	78.2738	-78.9685	-0.694686
125.64	78.1241	-78.808	-0.683922
125.66	77.5891	-78.2674	-0.678258
125.68	77.0795	-77.7411	-0.661591
125.7	77.0366	-77.704	-0.667362
125.72	77.1829	-77.8454	-0.662467
125.74	76.8402	-77.5136	-0.673418
125.76	76.1473	-76.8144	-0.66706
125.78	76.1782	-76.8398	-0.661566
125.8	77.0369	-77.7042	-0.667267
125.82	78.1538	-78.8216	-0.667824
125.84	78.5986	-79.261	-0.662397
125.86	78.1587	-78.8098	-0.651085
125.88	77.2308	-77.8876	-0.6568
125.9	75.7667	-76.4287	-0.662051
125.92	74.4219	-75.0992	-0.677304
125.94	74.7893	-75.4614	-0.67203
125.96	76.5628	-77.2031	-0.640336
125.98	78.0653	-78.6948	-0.629513
126	78.805	-79.4396	-0.634592
126.02	79.1968	-79.8206	-0.623748
126.04	79.1213	-79.7512	-0.629842
126.06	78.0039	-78.6282	-0.624271
126.08	76.4792	-77.1078	-0.628577
126.1	76.2724	-76.907	-0.634559
126.12	77.0333	-77.6685	-0.635107
126.14	77.8721	-78.518	-0.645886
126.16	78.6823	-79.334	-0.651725
126.18	78.8746	-79.5156	-0.640951
126.2	78.2273	-78.8674	-0.640131
126.22	77.8082	-78.4478	-0.639585
126.24	78.3007	-78.9627	-0.661994
126.26	79.0149	-79.6939	-0.678962
126.28	79.0979	-79.7769	-0.678985
126.3	78.4621	-79.1242	-0.66206
126.32	77.8258	-78.4983	-0.67252
126.34	77.835	-78.5137	-0.67868
126.36	77.7544	-78.4446	-0.690122
126.38	77.101	-77.7737	-0.672773
126.4	76.8877	-77.5497	-0.662036
126.42	76.853	-77.4992	-0.646196
126.44	76.1375	-76.7724	-0.634935
126.46	75.0836	-75.7234	-0.639728
126.48	74.6148	-75.2543	-0.639466
126.5	75.0493	-75.6835	-0.634276
126.52	75.9351	-76.5696	-0.63453
126.54	76.7282	-77.3687	-0.64047
126.56	76.7169	-77.3631	-0.646214
126.58	75.6197	-76.2597	-0.64001
126.6	74.3965	-75.0251	-0.6286
126.62	73.7193	-74.3481	-0.628728
126.64	73.6255	-74.2484	-0.622936
126.66	74.3157	-74.9446	-0.628927
126.68	75.107	-75.7363	-0.629304
126.7	75.4289	-76.0578	-0.628905
126.72	75.5816	-76.1996	-0.618007
126.74	75.4601	-76.0838	-0.623679
126.76	74.8254	-75.4488	-0.623406
126.78	74.0104	-74.6392	-0.628861
126.8	73.1381	-73.7616	-0.623561
126.82	72.0696	-72.6822	-0.612659
126.84	70.9609	-71.5785	-0.617588
126.86	70.6752	-71.298	-0.622845
126.88	71.3893	-72.0132	-0.623907
126.9	71.824	-72.4479	-0.623909
126.92	71.7239	-72.3474	-0.623563
126.94	71.6227	-72.229	-0.606322
126.96	72.3817	-72.9829	-0.601237
126.98	73.3947	-74.0073	-0.612655
127	73.7841	-74.391	-0.60683
127.02	73.747	-74.3646	-0.617601
127.04	73.5025	-74.0984	-0.595957
127.06	72.752	-73.3374	-0.585385
127.08	71.2821	-71.8668	-0.584686
127.1	70.3365	-70.9202	-0.583711
127.12	71.1452	-71.7356	-0.590459
127.14	72.2649	-72.8506	-0.585676
127.16	72.5609	-73.1411	-0.580211
127.18	71.9516	-72.5374	-0.585802
127.2	70.7857	-71.3704	-0.584693
127.22	70.5295	-71.1147	-0.585187
127.24	70.7769	-71.3628	-0.585843
127.26	70.629	-71.2032	-0.574224
127.28	70.6085	-71.1827	-0.574237
127.3	70.7135	-71.2986	-0.585089
127.32	71.071	-71.6498	-0.578855
127.34	72.3512	-72.936	-0.584768
127.36	73.8677	-74.442	-0.574325
127.38	74.7085	-75.2936	-0.585062
127.4	74.9113	-75.5124	-0.601056
127.42	75.0212	-75.6328	-0.611628
127.44	75.5404	-76.1576	-0.617212
127.46	76.3402	-76.9579	-0.617677
127.48	76.7851	-77.414	-0.628935
127.5	76.4795	-77.1029	-0.623394
127.52	75.5738	-76.1969	-0.623128
127.54	74.5311	-75.1377	-0.606601
127.56	73.6579	-74.2866	-0.628602
127.58	73.0764	-73.7214	-0.644978
127.6	73.0165	-73.6667	-0.650245
127.62	73.8232	-74.4899	-0.666711
127.64	75.5489	-76.2212	-0.672286
127.66	77.9096	-78.5772	-0.667528
127.68	79.8359	-80.4989	-0.662912
127.7	80.1535	-80.8055	-0.651958
127.72	79.0652	-79.7052	-0.639972
127.74	78.1824	-78.8273	-0.644932
127.76	78.3597	-78.9836	-0.623863
127.78	78.7575	-79.3979	-0.64042
127.8	79.0332	-79.6737	-0.640421
127.82	79.1738	-79.803	-0.629257
127.84	79.4298	-80.064	-0.634157
127.86	80.4994	-81.1115	-0.612157
127.88	82.2345	-82.8587	-0.624243
127.9	83.0942	-83.724	-0.629867
127.92	82.7427	-83.3774	-0.634635
127.94	82.0087	-82.6542	-0.645463
127.96	81.175	-81.8313	-0.656332
127.98	80.3358	-80.9919	-0.6561
128	79.8075	-80.4742	-0.666688
128.02	80.1188	-80.7907	-0.671911
128.04	81.5162	-82.1886	-0.672388
128.06	83.2552	-83.9118	-0.656648
128.08	84.2558	-84.9017	-0.645971
128.1	84.0114	-84.6684	-0.657022
128.12	82.4498	-83.1123	-0.662548
128.14	79.921	-80.5882	-0.667212
128.16	77.9348	-78.6015	-0.666708
128.18	77.289	-77.9519	-0.662962
128.2	76.1966	-76.8707	-0.674085
128.22	74.8455	-75.5062	-0.660798
128.24	75.915	-76.5715	-0.656501
128.26	77.9832	-78.6249	-0.641699
128.28	78.5515	-79.1981	-0.646566
128.3	77.8417	-78.4824	-0.64074
128.32	76.2535	-76.8946	-0.64108
128.34	73.7213	-74.3836	-0.662303
128.36	71.545	-72.212	-0.66703
128.38	71.0903	-71.7574	-0.66711
128.4	72.1655	-72.8336	-0.668034
128.42	73.3262	-73.9833	-0.657107
128.44	73.9952	-74.6519	-0.656701
128.46	74.5205	-75.1766	-0.65609
128.48	75.5298	-76.1915	-0.661688
128.5	76.6966	-77.3751	-0.678561
128.52	77.2345	-77.9185	-0.684069
128.54	76.8935	-77.5612	-0.66771
128.56	75.6368	-76.2879	-0.651087
128.58	74.052	-74.7019	-0.649928
128.6	73.8101	-74.4599	-0.649763
128.62	75.1206	-75.7609	-0.640277
128.64	76.0479	-76.6668	-0.618909
128.66	75.7246	-76.3429	-0.618333
128.68	74.962	-75.5852	-0.623203
128.7	74.72	-75.3597	-0.639639
128.72	75.1477	-75.7766	-0.628947
128.74	75.9768	-76.6117	-0.634835
128.76	76.4989	-77.1352	-0.636286
128.78	75.0613	-75.698	-0.636735
128.8	71.9703	-72.5992	-0.628925
128.82	70.5004	-71.1349	-0.634491
128.84	71.464	-72.0933	-0.629304
128.86	73.5526	-74.19	-0.637438
128.88	73.4517	-74.0821	-0.630457
128.9	72.8081	-73.4314	-0.62325
128.92	73.7252	-74.3497	-0.624474
128.94	74.6606	-75.274	-0.613409
128.96	75.0952	-75.7138	-0.618564
128.98	75.2516	-75.8699	-0.618393
129	75.1434	-75.7623	-0.618927
129.02	74.2521	-74.8648	-0.612739
129.04	73.6074	-74.2189	-0.611523
129.06	74.6291	-75.2469	-0.617804
129.08	76.3307	-76.9544	-0.62367
129.1	77.7872	-78.4327	-0.64547
129.12	78.8334	-79.4954	-0.661962
129.14	79.3103	-79.9888	-0.678473
129.16	79.0631	-79.7527	-0.689547
129.18	78.0152	-78.7103	-0.695097
129.2	76.3177	-77.0181	-0.700483
129.22	74.5255	-75.231	-0.705446
129.24	73.7883	-74.4878	-0.699564
129.26	74.4923	-75.1879	-0.695577
129.28	74.894	-75.5728	-0.678823
129.3	75.1051	-75.7889	-0.683857
129.32	75.587	-76.2769	-0.689954
129.34	75.6948	-76.3844	-0.689617
129.36	75.7368	-76.4316	-0.694805
129.38	76.1895	-76.8897	-0.70019
129.4	77.0472	-77.7477	-0.700523
129.42	77.7537	-78.4544	-0.700637
129.44	78.026	-78.7373	-0.711223
129.46	78.2429	-78.9538	-0.710874
129.48	78.7838	-79.4784	-0.694583
129.5	79.3765	-80.0663	-0.689772
129.52	79.0245	-79.699	-0.674449
129.54	76.5818	-77.256	-0.674268
129.56	73.2592	-73.9304	-0.671207
129.58	73.4716	-74.1648	-0.693232
129.6	76.9956	-77.6759	-0.680319
129.62	79.0236	-79.7091	-0.685553
129.64	78.9609	-79.6558	-0.694959
129.66	78.5709	-79.2655	-0.694646
129.68	78.4644	-79.148	-0.683615
129.7	78.7003	-79.4061	-0.705803
129.72	78.8838	-79.5899	-0.706148
129.74	78.5624	-79.2739	-0.711548
129.76	77.9036	-78.6206	-0.716969
129.78	77.6508	-78.3829	-0.732091
129.8	79.2525	-79.9921	-0.739609
129.82	80.3304	-81.0819	-0.751548
129.84	79.2154	-79.9657	-0.750302
129.86	77.4865	-78.2356	-0.749075
129.88	76.9784	-77.7056	-0.727268
129.9	77.7149	-78.4487	-0.73381
129.92	78.2031	-78.9276	-0.724484
129.94	76.5585	-77.2825	-0.724078
129.96	74.0327	-74.7433	-0.710546
129.98	74.6387	-75.3321	-0.693391
130	78.9189	-79.616	-0.697153
130.02	81.6593	-82.3622	-0.702906
130.04	80.9789	-81.6697	-0.690779
130.06	78.1516	-78.847	-0.695416
130.08	74.904	-75.6032	-0.699127
130.1	73.9406	-74.6612	-0.720599
130.12	75.7172	-76.4509	-0.733708
130.14	77.3636	-78.1034	-0.739765
130.16	77.689	-78.4167	-0.727713
130.18	77.7829	-78.5214	-0.738465
130.2	77.893	-78.6541	-0.761112
130.22	77.1261	-77.9038	-0.777625
130.24	75.4453	-76.2224	-0.777175
130.26	73.8544	-74.6303	-0.775915
130.28	74.4124	-75.1878	-0.775426
130.3	77.4217	-78.2103	-0.788614
130.32	79.7527	-80.542	-0.789368
130.34	79.6838	-80.4577	-0.773891
130.36	76.1568	-76.9147	-0.757924
130.38	70.8143	-71.5719	-0.757602
130.4	71.1379	-71.8981	-0.760131
130.42	74.8393	-75.6075	-0.768204
130.44	76.9922	-77.7483	-0.756104
130.46	77.8404	-78.5954	-0.755038
130.48	78.4216	-79.1763	-0.754685
130.5	79.1691	-79.9289	-0.759759
130.52	80.3308	-81.0639	-0.733142
130.54	80.847	-81.5866	-0.739556
130.56	79.5561	-80.301	-0.744849
130.58	77.2412	-77.9839	-0.742783
130.6	76.5406	-77.2896	-0.749041
130.62	76.9569	-77.7065	-0.749596
130.64	77.6446	-78.4047	-0.760165
130.66	78.7925	-79.5485	-0.756005
130.68	78.8238	-79.5859	-0.762179
130.7	77.2687	-78.0124	-0.743699
130.72	76.6293	-77.3674	-0.73807
130.74	77.4346	-78.1675	-0.732921
130.76	78.8125	-79.5244	-0.711873
130.78	79.2674	-79.9689	-0.70147
130.8	78.046	-78.7517	-0.705695
130.82	76.7503	-77.4443	-0.693921
130.84	76.664	-77.3526	-0.688556
130.86	77.6975	-78.3917	-0.694222
130.88	79.2288	-79.9187	-0.689865
130.9	79.525	-80.2275	-0.702447
130.92	76.6014	-77.3039	-0.702421
130.94	73.1926	-73.8885	-0.6959
130.96	75.8422	-76.5443	-0.702097
130.98	78.1014	-78.7862	-0.684785
131	78.678	-79.3563	-0.678307
131.02	78.7292	-79.4069	-0.677669
131.04	79.069	-79.7466	-0.677682
131.06	79.5999	-80.2839	-0.683997
131.08	79.2339	-79.9129	-0.679008
131.1	77.4127	-78.0856	-0.672874
131.12	75.2575	-75.9456	-0.688137
131.14	74.4022	-75.0798	-0.677555
131.16	74.4687	-75.1528	-0.684098
131.18	74.1279	-74.8173	-0.689395
131.2	73.5063	-74.1895	-0.68321
131.22	73.4855	-74.152	-0.666529
131.24	74.3122	-74.9736	-0.661409
131.26	75.3487	-76.0107	-0.661926
131.28	75.7399	-76.4075	-0.667533
131.3	75.2718	-75.9497	-0.677946
131.32	74.6419	-75.3195	-0.677603
131.34	74.2664	-74.9448	-0.678341
131.36	73.3129	-74.0137	-0.700755
131.38	71.3337	-72.0342	-0.700482
131.4	69.3856	-70.0841	-0.698502
131.42	70.5684	-71.2619	-0.693499
131.44	73.916	-74.6069	-0.690866
131.46	75.2041	-75.8829	-0.678788
131.48	74.8534	-75.5476	-0.69419
131.5	74.159	-74.8638	-0.704708
131.52	73.8043	-74.509	-0.704657
131.54	73.8603	-74.5653	-0.705022
131.56	73.9094	-74.6036	-0.694282
131.58	73.7357	-74.4298	-0.694051
131.6	73.6631	-74.357	-0.693916
131.62	73.9391	-74.6332	-0.694047
131.64	74.3998	-75.0887	-0.688971
131.66	74.5912	-75.2745	-0.683325
131.68	74.7133	-75.3854	-0.672101
131.7	75.0074	-75.691	-0.683617
131.72	74.9047	-75.5825	-0.677842
131.74	74.8295	-75.5065	-0.677061
131.76	75.6964	-76.3741	-0.677661
131.78	76.8057	-77.4785	-0.672832
131.8	77.1932	-77.8659	-0.67266
131.82	77.0102	-77.6716	-0.66137
131.84	76.7721	-77.4389	-0.66684
131.86	76.6575	-77.3134	-0.655984
131.88	76.628	-77.2789	-0.65093
131.9	76.1761	-76.8224	-0.646229
131.92	74.4997	-75.1353	-0.635534
131.94	71.7514	-72.4029	-0.65154
131.96	69.2463	-69.8912	-0.644885
131.98	69.3534	-69.9863	-0.632849
132	73.0468	-73.6875	-0.640763
132.02	76.8575	-77.4936	-0.636056
132.04	78.6688	-79.3043	-0.635512
132.06	78.7004	-79.3461	-0.645651
132.08	78.0278	-78.6723	-0.644516
132.1	78.0966	-78.7355	-0.638814
132.12	79.122	-79.7615	-0.639533
132.14	80.0602	-80.6837	-0.623502
132.16	80.1871	-80.8105	-0.623359
132.18	79.5839	-80.2124	-0.628588
132.2	78.5811	-79.2041	-0.622989
132.22	77.414	-78.0423	-0.628305
132.24	76.4849	-77.1017	-0.616855
132.26	76.4612	-77.0729	-0.611636
132.28	76.9681	-77.5643	-0.596254
132.3	76.7213	-77.323	-0.60171
132.32	75.8495	-76.4609	-0.61146
132.34	75.9196	-76.5256	-0.606062
132.36	76.8875	-77.4946	-0.607136
132.38	77.2813	-77.8943	-0.612934
132.4	76.5082	-77.1427	-0.634536
132.42	75.0652	-75.71	-0.644783
132.44	74.1466	-74.7907	-0.644106
132.46	74.5903	-75.2357	-0.645338
132.48	74.934	-75.5912	-0.657196
132.5	74.3617	-75.0224	-0.660738
132.52	75.0279	-75.695	-0.667097
132.54	76.0398	-76.697	-0.657162
132.56	75.7339	-76.3849	-0.650964
132.58	74.773	-75.4182	-0.645207
132.6	73.7048	-74.3613	-0.656464
132.62	72.413	-73.0586	-0.645568
132.64	71.3134	-71.9632	-0.649874
132.66	71.6455	-72.3131	-0.667583
132.68	71.9325	-72.6065	-0.673935
132.7	71.0471	-71.7139	-0.666784
132.72	71.0995	-71.771	-0.671487
132.74	72.8567	-73.5243	-0.66766
132.76	74.1248	-74.8034	-0.678668
132.78	74.314	-74.9922	-0.67826
132.8	73.8477	-74.4983	-0.650629
132.82	73.1416	-73.792	-0.650451
132.84	72.7375	-73.3875	-0.650075
132.86	72.9932	-73.6662	-0.673052
132.88	72.7629	-73.425	-0.662142
132.9	72.0273	-72.6884	-0.66107
132.92	72.0192	-72.6751	-0.655888
132.94	72.4667	-73.1063	-0.639608
132.96	72.9675	-73.5796	-0.612051
132.98	73.6012	-74.2187	-0.61752
133	74.2909	-74.9142	-0.623312
133.02	74.623	-75.2356	-0.612507
133.04	74.3756	-74.966	-0.590447
133.06	73.9018	-74.4809	-0.579124
133.08	73.8407	-74.4034	-0.562728
133.1	74.355	-74.9178	-0.562872
133.12	75.064	-75.6496	-0.585652
133.14	74.8455	-75.4308	-0.58534
133.16	74.0876	-74.6715	-0.583909
133.18	74.5375	-75.1325	-0.595005
133.2	76.0741	-76.6697	-0.595673
133.22	77.6343	-78.2355	-0.601244
133.24	78.7643	-79.3491	-0.584814
133.26	79.3116	-79.8853	-0.573748
133.28	79.3957	-79.9694	-0.57366
133.3	79.1443	-79.7127	-0.568368
133.32	78.5317	-79.1054	-0.57369
133.34	77.9764	-78.5442	-0.567857
133.36	77.9624	-78.5419	-0.579502
133.38	77.9328	-78.5174	-0.584614
133.4	78.3977	-78.9653	-0.567635
133.42	79.9012	-80.4807	-0.579558
133.44	81.1615	-81.7252	-0.563651
133.46	81.2175	-81.7868	-0.569296
133.48	80.1154	-80.6727	-0.557346
133.5	79.3527	-79.9155	-0.562713
133.52	79.2803	-79.8492	-0.568907
133.54	79.1849	-79.7531	-0.568141
133.56	79.9508	-80.5187	-0.567931
133.58	81.7557	-82.3144	-0.558606
133.6	82.7399	-83.304	-0.564084
133.62	83.1891	-83.7566	-0.5675
133.64	85.1982	-85.7839	-0.585735
133.66	86.5623	-87.1547	-0.592314
133.68	85.2502	-85.8639	-0.61367
133.7	81.9083	-82.5316	-0.623278
133.72	78.7445	-79.372	-0.62753
133.74	77.5376	-78.1611	-0.623482
133.76	76.8349	-77.4541	-0.619169
133.78	75.4127	-76.0198	-0.607142
133.8	74.8813	-75.4928	-0.611588
133.82	76.5955	-77.2027	-0.60721
133.84	78.8679	-79.4818	-0.613875
133.86	79.5636	-80.1718	-0.608213
133.88	78.4987	-79.1115	-0.612857
133.9	76.7969	-77.3975	-0.600603
133.92	76.1231	-76.7073	-0.584127
133.94	76.4656	-77.0451	-0.579425
133.96	76.6856	-77.2651	-0.579537
133.98	76.3503	-76.9463	-0.59604
134	75.4207	-76.0166	-0.595891
134.02	74.5844	-75.1897	-0.605313
134.04	75.6307	-76.2425	-0.611819
134.06	77.3414	-77.9655	-0.624098
134.08	77.65	-78.2796	-0.6296
134.1	76.2349	-76.848	-0.613034
134.12	73.4701	-74.0887	-0.618664
134.14	70.0169	-70.6233	-0.606397
134.16	68.4114	-69.017	-0.605543
134.18	70.1465	-70.7476	-0.601027
134.2	73.5048	-74.1018	-0.596962
134.22	75.8846	-76.4813	-0.596763
134.24	76.6318	-77.2333	-0.601496
134.26	76.3748	-76.976	-0.601197
134.28	75.5224	-76.1344	-0.611955
134.3	74.427	-75.0386	-0.611635
134.32	73.6049	-74.2163	-0.61139
134.34	73.4917	-74.1086	-0.61687
134.36	74.0936	-74.7	-0.606447
134.38	74.7063	-75.3078	-0.601544
134.4	74.6406	-75.264	-0.623342
134.42	74.055	-74.6675	-0.61252
134.44	72.9907	-73.6035	-0.612755
134.46	71.5627	-72.1634	-0.600684
134.48	71.2681	-71.874	-0.605862
134.5	72.4088	-73.0157	-0.606835
134.52	73.5268	-74.1284	-0.601563
134.54	73.9904	-74.5809	-0.590448
134.56	73.8051	-74.4064	-0.601319
134.58	73.0569	-73.6636	-0.60665
134.6	71.975	-72.5814	-0.606448
134.62	70.9326	-71.5334	-0.600762
134.64	70.2608	-70.8615	-0.60069
134.66	70.0921	-70.7036	-0.611555
134.68	70.5413	-71.1528	-0.611557
134.7	71.5623	-72.1633	-0.600951
134.72	72.6551	-73.2674	-0.612338
134.74	73.185	-73.792	-0.607085
134.76	72.8323	-73.4394	-0.607057
134.78	71.8085	-72.4095	-0.60095
134.8	71.1589	-71.7646	-0.605656
134.82	71.89	-72.4798	-0.589722
134.84	73.3742	-73.9702	-0.595953
134.86	74.4512	-75.0585	-0.60729
134.88	74.4405	-75.0371	-0.596667
134.9	72.9849	-73.5814	-0.596547
134.92	70.6019	-71.2082	-0.606331
134.94	69.0958	-69.6905	-0.594661
134.96	69.5268	-70.1111	-0.584246
134.98	71.1267	-71.7118	-0.585012
135	72.6233	-73.2143	-0.590954
135.02	73.2005	-73.8187	-0.618222
135.04	72.9912	-73.6309	-0.639638
135.06	72.5769	-73.2277	-0.650788
135.08	71.8086	-72.4867	-0.678122
135.1	70.8515	-71.5289	-0.677391
135.12	70.5238	-71.1906	-0.66676
135.14	70.4942	-71.1391	-0.644907
135.16	70.5954	-71.2237	-0.628308
135.18	70.8542	-71.4888	-0.634591
135.2	70.3461	-70.9809	-0.6348
135.22	69.0179	-69.6569	-0.63897
135.24	68.6212	-69.2602	-0.638914
135.26	69.348	-69.9878	-0.639832
135.28	69.9331	-70.573	-0.639856
135.3	70.1409	-70.7747	-0.633783
135.32	70.743	-71.3873	-0.64426
135.34	72.2346	-72.8851	-0.650453
135.36	73.5978	-74.249	-0.651213
135.38	73.6333	-74.2904	-0.65706
135.4	71.8915	-72.5701	-0.678587
135.42	69.4568	-70.1443	-0.687433
135.44	69.2522	-69.9509	-0.698702
135.46	70.9967	-71.6918	-0.695108
135.48	72.0647	-72.7652	-0.700498
135.5	72.1569	-72.8347	-0.677769
135.52	72.1902	-72.8734	-0.683213
135.54	72.2193	-72.9027	-0.68348
135.56	71.9267	-72.6372	-0.710504
135.58	71.7324	-72.437	-0.704608
135.6	72.1849	-72.8841	-0.699211
135.62	73.2198	-73.925	-0.705167
135.64	74.2242	-74.908	-0.68381
135.66	74.4636	-75.1478	-0.684215
135.68	73.5746	-74.2477	-0.673091
135.7	72.1796	-72.8463	-0.666666
135.72	71.7814	-72.4537	-0.672286
135.74	72.6186	-73.2912	-0.672646
135.76	74.1459	-74.8195	-0.673651
135.78	74.973	-75.6686	-0.695564
135.8	74.8995	-75.5936	-0.69411
135.82	75.4748	-76.1636	-0.688855
135.84	76.4766	-77.1883	-0.711654
135.86	76.6538	-77.3546	-0.700817
135.88	75.7632	-76.4632	-0.700045
135.9	74.8886	-75.5987	-0.710106
135.92	75.2176	-75.9334	-0.715814
135.94	76.435	-77.1462	-0.711156
135.96	77.3201	-78.0262	-0.70617
135.98	77.0491	-77.7609	-0.711734
136	75.6959	-76.4121	-0.716179
136.02	74.9699	-75.6795	-0.709603
136.04	76.3447	-77.0605	-0.715819
136.06	78.8321	-79.5542	-0.722143
136.08	80.941	-81.6635	-0.722545
136.1	81.8326	-82.5499	-0.717357
136.12	81.0259	-81.7547	-0.728773
136.14	78.12	-78.8381	-0.718023
136.16	73.7118	-74.4279	-0.716082
136.18	71.2339	-71.9483	-0.714343
136.2	73.0455	-73.7514	-0.705892
136.22	76.0295	-76.7369	-0.70734
136.24	77.6236	-78.3413	-0.717726
136.26	77.9955	-78.7133	-0.717823
136.28	77.212	-77.9345	-0.722456
136.3	76.7032	-77.4293	-0.72606
136.32	78.5788	-79.3123	-0.733455
136.34	80.5646	-81.2995	-0.734923
136.36	80.4507	-81.1902	-0.739542
136.38	79.5035	-80.241	-0.737556
136.4	80.1232	-80.8728	-0.749679
136.42	81.0351	-81.7965	-0.761379
136.44	80.8112	-81.5611	-0.749907
136.46	79.8489	-80.604	-0.755113
136.48	78.6441	-79.41	-0.765829
136.5	77.7152	-78.4864	-0.771194
136.52	77.249	-78.0319	-0.782931
136.54	76.5418	-77.3243	-0.782422
136.56	76.3571	-77.1332	-0.776073
136.58	77.6983	-78.4642	-0.765932
136.6	79.4652	-80.2373	-0.772076
136.62	80.4545	-81.2374	-0.782994
136.64	80.5646	-81.3305	-0.765917
136.66	80.76	-81.5472	-0.787146
136.68	81.7777	-82.5549	-0.77716
136.7	82.4698	-83.2472	-0.777427
136.72	82.3792	-83.1557	-0.776507
136.74	82.6896	-83.4604	-0.770786
136.76	83.643	-84.41	-0.766995
136.78	83.3434	-84.0887	-0.745347
136.8	81.7731	-82.5221	-0.749006
136.82	81.445	-82.1938	-0.748815
136.84	82.8686	-83.6295	-0.760907
136.86	84.3485	-85.1158	-0.767308
136.88	84.4211	-85.1881	-0.767011
136.9	83.4318	-84.1924	-0.760626
136.92	82.736	-83.4908	-0.754816
136.94	82.9153	-83.6708	-0.755467
136.96	83.1446	-83.9065	-0.761858
136.98	82.3526	-83.0974	-0.744768
137	81.4182	-82.1729	-0.754751
137.02	81.641	-82.402	-0.761011
137.04	82.1828	-82.9449	-0.762126
137.06	81.8311	-82.5926	-0.761501
137.08	81.2949	-82.0345	-0.739582
137.1	81.0295	-81.7685	-0.73898
137.12	81.923	-82.6727	-0.749723
137.14	83.9392	-84.7125	-0.773268
137.16	84.8536	-85.6269	-0.773299
137.18	84.3763	-85.1533	-0.777054
137.2	84.5848	-85.3616	-0.77686
137.22	85.6178	-86.3741	-0.756308
137.24	85.5332	-86.2788	-0.745619
137.26	83.7457	-84.4905	-0.744853
137.28	81.4129	-82.1621	-0.749242
137.3	80.1276	-80.8713	-0.743714
137.32	80.2195	-80.9578	-0.738384
137.34	81.3995	-82.1384	-0.738948
137.36	82.6351	-83.3642	-0.729072
137.38	82.4055	-83.1346	-0.729075
137.4	80.648	-81.3871	-0.739138
137.42	78.6868	-79.4144	-0.727661
137.44	77.54	-78.2566	-0.716607
137.46	77.6428	-78.3759	-0.733073
137.48	78.8485	-79.5822	-0.733684
137.5	80.2101	-80.9438	-0.73373
137.52	81.1128	-81.8415	-0.728696
137.54	80.7406	-81.4472	-0.706605
137.56	79.1983	-79.8877	-0.689382
137.58	77.6265	-78.3151	-0.688607
137.6	77.0742	-77.7685	-0.694336
137.62	77.2325	-77.9275	-0.69501
137.64	77.1602	-77.8717	-0.71148
137.66	76.5773	-77.2833	-0.705961
137.68	75.4948	-76.1789	-0.68402
137.7	74.0397	-74.7234	-0.683689
137.72	72.7684	-73.4571	-0.688707
137.74	72.3981	-73.0865	-0.688401
137.76	73.3308	-74.0195	-0.688697
137.78	74.994	-75.6944	-0.70043
137.8	76.1189	-76.8195	-0.700667
137.82	76.0806	-76.7758	-0.695227
137.84	74.798	-75.5096	-0.711651
137.86	72.5235	-73.2346	-0.711153
137.88	70.2967	-71.0069	-0.710217
137.9	69.6602	-70.3592	-0.699035
137.92	70.9861	-71.6699	-0.683805
137.94	72.5923	-73.2716	-0.679289
137.96	73.049	-73.7329	-0.683947
137.98	73.2396	-73.9228	-0.683239
138	74.0475	-74.7202	-0.672685
138.02	74.9562	-75.6349	-0.678608
138.04	75.3699	-76.0375	-0.667563
138.06	75.4204	-76.082	-0.661635
138.08	75.7343	-76.3849	-0.650563
138.1	76.4956	-77.1467	-0.651085
138.12	77.0031	-77.6383	-0.635198
138.14	76.5727	-77.2078	-0.635076
138.16	75.4578	-76.0923	-0.63452
138.18	74.5101	-75.1333	-0.623191
138.2	74.2807	-74.8985	-0.617838
138.22	74.5769	-75.1953	-0.618429
138.24	74.5495	-75.1629	-0.613413
138.26	73.5782	-74.1804	-0.602261
138.28	72.083	-72.7008	-0.617752
138.3	71.5333	-72.1395	-0.606143
138.32	72.7258	-73.3274	-0.6016
138.34	74.4012	-74.987	-0.585791
138.36	75.4771	-76.0516	-0.574518
138.38	76.0796	-76.6595	-0.579953
138.4	76.2009	-76.7866	-0.585704
138.42	75.6921	-76.2938	-0.601751
138.44	75.2611	-75.8677	-0.606599
138.46	75.7636	-76.3708	-0.607211
138.48	76.3436	-76.9518	-0.60814
138.5	75.6936	-76.2958	-0.602245
138.52	74.2151	-74.811	-0.595916
138.54	73.1912	-73.7977	-0.606453
138.56	73.2643	-73.8547	-0.590363
138.58	74.0293	-74.6198	-0.590491
138.6	75.1249	-75.7156	-0.590787
138.62	76.0246	-76.6265	-0.601922
138.64	76.3941	-76.9958	-0.601695
138.66	76.4707	-77.0832	-0.612458
138.68	76.4845	-77.0916	-0.607125
138.7	76.2889	-76.8907	-0.601791
138.72	75.8164	-76.4124	-0.596044
138.74	75.4807	-76.0932	-0.612583
138.76	75.2396	-75.8363	-0.596722
138.78	74.4691	-75.055	-0.585855
138.8	73.0917	-73.6829	-0.591163
138.82	71.6117	-72.2132	-0.601407
138.84	71.2077	-71.814	-0.606348
138.86	72.6079	-73.2037	-0.595849
138.88	75.1531	-75.7496	-0.596484
138.9	77.6284	-78.2257	-0.59722
138.92	78.7268	-79.3187	-0.591848
138.94	78.0522	-78.6547	-0.602423
138.96	76.1478	-76.7439	-0.596074
138.98	74.3996	-74.9946	-0.595019
139	74.2979	-74.8932	-0.595366
139.02	75.4302	-76.0267	-0.596496
139.04	76.2496	-76.852	-0.602462
139.06	75.9449	-76.5473	-0.602408
139.08	74.9141	-75.5152	-0.601102
139.1	74.8771	-75.4732	-0.59612
139.12	75.3533	-75.9452	-0.591933
139.14	74.7265	-75.3182	-0.591702
139.16	73.3875	-73.9836	-0.59611
139.18	72.8401	-73.4254	-0.585357
139.2	72.8737	-73.4436	-0.569931
139.22	72.3701	-72.9498	-0.579647
139.24	72.9435	-73.5326	-0.589146
139.26	76.1411	-76.7212	-0.580069
139.28	79.4787	-80.0603	-0.581576
139.3	80.449	-81.0419	-0.592878
139.32	78.5813	-79.1787	-0.597413
139.34	75.9992	-76.5889	-0.589689
139.36	75.4212	-76.0242	-0.60293
139.38	74.8052	-75.413	-0.607799
139.4	74.4992	-75.1111	-0.611836
139.42	76.0431	-76.6558	-0.612763
139.44	78.03	-78.6495	-0.619468
139.46	78.3737	-78.9878	-0.61408
139.48	76.7004	-77.3136	-0.613255
139.5	74.3452	-74.9516	-0.606311
139.52	73.3575	-73.9528	-0.595289
139.54	73.9705	-74.5722	-0.601619
139.56	74.956	-75.5527	-0.596637
139.58	75.4528	-76.0601	-0.607239
139.6	75.7755	-76.3823	-0.606794
139.62	76.3387	-76.9513	-0.612643
139.64	76.6302	-77.2486	-0.618386
139.66	76.1666	-76.7742	-0.607522
139.68	74.841	-75.4485	-0.607471
139.7	72.9353	-73.5313	-0.595958
139.72	71.4618	-72.0569	-0.595055
139.74	71.6938	-72.289	-0.595221
139.76	73.3882	-73.9791	-0.590896
139.78	74.9282	-75.5142	-0.585954
139.8	75.4618	-76.0418	-0.579965
139.82	75.6058	-76.1794	-0.573659
139.84	76.3826	-76.962	-0.579448
139.86	77.3908	-77.9765	-0.585677
139.88	77.6316	-78.2066	-0.574957
139.9	76.778	-77.3583	-0.580353
139.92	75.2262	-75.812	-0.58573
139.94	73.4946	-74.0807	-0.586167
139.96	72.2837	-72.8623	-0.578534
139.98	74.0805	-74.6669	-0.586418
140	76.512	-77.1037	-0.591784
140.02	78.3227	-78.9032	-0.580567
140.04	79.5213	-80.1017	-0.580336
140.06	80.2538	-80.8555	-0.601723
140.08	81.1808	-81.755	-0.57414
140.1	82.4552	-83.0297	-0.574527
140.12	83.5186	-84.1039	-0.585368
140.14	84.3325	-84.9069	-0.574406
140.16	84.9117	-85.4755	-0.563812
140.18	84.7734	-85.3433	-0.569931
140.2	83.2257	-83.8015	-0.575795
140.22	80.2401	-80.8153	-0.575111
140.24	77.4541	-78.0222	-0.568069
140.26	77.4394	-78.0125	-0.573158
140.28	80.8074	-81.382	-0.574594
140.3	85.2324	-85.8138	-0.581403
140.32	88.2888	-88.8701	-0.581318
140.34	89.4308	-90.0173	-0.586536
140.36	88.8654	-89.4681	-0.602744
140.38	87.0966	-87.688	-0.591384
140.4	84.937	-85.523	-0.586041
140.42	82.6264	-83.2071	-0.580692
140.44	80.4233	-80.9924	-0.569081
140.46	79.4875	-80.0724	-0.584852
140.48	80.6757	-81.2722	-0.596445
140.5	82.948	-83.5344	-0.586383
140.52	84.7548	-85.3519	-0.597107
140.54	85.8758	-86.4839	-0.608114
140.56	86.0479	-86.6457	-0.597819
140.58	84.5747	-85.1779	-0.603162
140.6	81.9061	-82.514	-0.607913
140.62	79.448	-80.0715	-0.623519
140.64	78.8917	-79.5035	-0.611843
140.66	80.8083	-81.4384	-0.630105
140.68	82.6604	-83.2853	-0.624911
140.7	83.2711	-83.901	-0.629931
140.72	82.8627	-83.4868	-0.624141
140.74	81.7735	-82.4247	-0.651203
140.76	80.4773	-81.1335	-0.656168
140.78	79.6742	-80.3356	-0.661444
140.8	79.6495	-80.3331	-0.683588
140.82	80.119	-80.8192	-0.700177
140.84	80.8126	-81.5129	-0.700328
140.86	81.4638	-82.1698	-0.706029
140.88	81.787	-82.4875	-0.700452
140.9	81.9403	-82.6405	-0.700171
140.92	82.2589	-82.9649	-0.706005
140.94	82.3041	-83.0054	-0.701329
140.96	81.1192	-81.832	-0.712838
140.98	78.7077	-79.4242	-0.716503
141	77.83	-78.5406	-0.710644
141.02	79.3275	-80.0448	-0.717261
141.04	81.2609	-81.9846	-0.723731
141.06	81.8639	-82.5817	-0.717767
141.08	81.3532	-82.0702	-0.716944
141.1	80.7842	-81.5064	-0.722175
141.12	80.6058	-81.339	-0.733123
141.14	80.8642	-81.6194	-0.755166
141.16	81.3622	-82.1175	-0.755221
141.18	81.9505	-82.7168	-0.766353
141.2	82.3762	-83.1538	-0.777562
141.22	82.4108	-83.2101	-0.799269
141.24	82.4516	-83.2558	-0.804232
141.26	83.1771	-83.9819	-0.804785
141.28	83.864	-84.6646	-0.80054
141.3	83.157	-83.9516	-0.794572
141.32	82.0496	-82.853	-0.803441
141.34	83.1604	-83.9591	-0.798626
141.36	85.7615	-86.567	-0.805507
141.38	87.6726	-88.4785	-0.805899
141.4	87.9761	-88.7878	-0.811726
141.42	86.2429	-87.0497	-0.806733
141.44	82.6853	-83.5174	-0.832075
141.46	80.6418	-81.4838	-0.842005
141.48	81.6704	-82.5303	-0.859947
141.5	83.6469	-84.5127	-0.86577
141.52	85.3461	-86.2231	-0.877025
141.54	86.0265	-86.8928	-0.866247
141.56	85.4215	-86.3038	-0.882364
141.58	84.1562	-85.0325	-0.876323
141.6	83.3182	-84.189	-0.870785
141.62	83.1669	-84.0388	-0.871884
141.64	82.6341	-83.5056	-0.871535
141.66	82.1988	-83.0424	-0.843588
141.68	82.5038	-83.3587	-0.854913
141.7	83.1897	-84.0712	-0.881589
141.72	84.6774	-85.5593	-0.88189
141.74	86.3915	-87.2845	-0.892992
141.76	87.7987	-88.7026	-0.903883
141.78	88.6424	-89.5464	-0.903987
141.8	88.6279	-89.5425	-0.914606
141.82	88.0414	-88.9557	-0.914327
141.84	87.324	-88.2383	-0.914283
141.86	86.6109	-87.5312	-0.920284
141.88	85.5603	-86.4861	-0.925832
141.9	84.971	-85.9056	-0.934587
141.92	87.4173	-88.3591	-0.941812
141.94	90.7608	-91.6986	-0.93778
141.96	92.4129	-93.3554	-0.942473
141.98	92.819	-93.7663	-0.947312
142	92.7305	-93.6669	-0.936386
142.02	92.2699	-93.2064	-0.936547
142.04	91.4385	-92.3695	-0.930999
142.06	90.5877	-91.5127	-0.925025
142.08	90.4789	-91.4149	-0.936038
142.1	91.1594	-92.123	-0.963657
142.12	92.2666	-93.2305	-0.9639
142.14	93.2298	-94.1947	-0.964957
142.16	92.6575	-93.6231	-0.965585
142.18	90.0761	-91.0239	-0.94779
142.2	87.982	-88.9275	-0.945472
142.22	89.5605	-90.5187	-0.958236
142.24	92.5374	-93.4987	-0.961331
142.26	92.6888	-93.6498	-0.960956
142.28	90.6075	-91.5594	-0.951963
142.3	90.9867	-91.9326	-0.945911
142.32	94.4469	-95.4068	-0.959898
142.34	96.7291	-97.6844	-0.955327
142.36	95.8696	-96.8133	-0.943696
142.38	93.0882	-94.0244	-0.936199
142.4	91.1381	-92.0864	-0.948246
142.42	89.486	-90.4401	-0.954138
142.44	87.943	-88.8734	-0.930399
142.46	88.9339	-89.8753	-0.941384
142.48	91.6951	-92.6232	-0.928064
142.5	91.9485	-92.9094	-0.960899
142.52	89.7712	-90.7129	-0.941628
142.54	88.7927	-89.7354	-0.942676
142.56	88.4156	-89.3701	-0.954549
142.58	87.2812	-88.2349	-0.953747
142.6	86.1752	-87.1296	-0.954399
142.62	84.708	-85.6513	-0.943256
142.64	83.767	-84.7084	-0.941362
142.66	85.3229	-86.2823	-0.959463
142.68	87.2113	-88.1765	-0.965185
142.7	88.2801	-89.2497	-0.969646
142.72	89.1924	-90.1727	-0.980267
142.74	90.1072	-91.0762	-0.96908
142.76	90.9883	-91.9796	-0.991295
142.78	91.3841	-92.3866	-1.0025
142.8	91.0839	-92.0917	-1.00785
142.82	90.3484	-91.362	-1.01358
142.84	89.1513	-90.1378	-0.986489
142.86	87.379	-88.366	-0.98702
142.88	85.3667	-86.3467	-0.97995
142.9	85.5405	-86.5363	-0.995835
142.92	88.5738	-89.5773	-1.0035
142.94	91.204	-92.2192	-1.01512
142.96	91.8618	-92.8863	-1.02447
142.98	91.9467	-92.9549	-1.00818
143	91.4179	-92.4423	-1.02443
143.02	90.4796	-91.5145	-1.03485
143.04	89.8534	-90.8831	-1.02964
143.06	89.499	-90.5508	-1.05171
143.08	89.3356	-90.3657	-1.0301
143.1	89.0279	-90.0531	-1.02513
143.12	88.0979	-89.1281	-1.03019
143.14	86.9375	-87.9791	-1.04158
143.16	85.7328	-86.7672	-1.0344
143.18	86.8736	-87.8914	-1.01783
143.2	90.0996	-91.1153	-1.01577
143.22	91.0092	-92.0188	-1.00964
143.24	90.0335	-91.0188	-0.985333
143.26	89.9328	-90.9139	-0.981062
143.28	89.5439	-90.5149	-0.971033
143.3	87.5353	-88.4946	-0.95933
143.32	85.1494	-86.0963	-0.94689
143.34	84.227	-85.1756	-0.948559
143.36	83.2569	-84.2003	-0.943438
143.38	82.6634	-83.6093	-0.945979
143.4	85.6022	-86.5623	-0.960035
143.42	88.5525	-89.5196	-0.967198
143.44	88.1826	-89.1607	-0.978091
143.46	85.2923	-86.283	-0.990778
143.48	84.3238	-85.3225	-0.998782
143.5	83.6912	-84.6887	-0.99746
143.52	84.8611	-85.8843	-1.02317
143.54	89.236	-90.2513	-1.01538
143.56	92.1857	-93.1911	-1.00536
143.58	91.3571	-92.3895	-1.03232
143.6	87.4029	-88.4281	-1.02519
143.62	84.0362	-85.0357	-0.999464
143.64	85.8764	-86.8634	-0.98695
143.66	88.6322	-89.6262	-0.993942
143.68	88.9153	-89.8872	-0.971894
143.7	86.7901	-87.7608	-0.97071
143.72	84.902	-85.8641	-0.962156
143.74	86.6877	-87.6588	-0.971126
143.76	88.3082	-89.2749	-0.966696
143.78	87.6991	-88.6585	-0.959437
143.8	87.1427	-88.0905	-0.947749
143.82	88.0207	-88.9681	-0.947416
143.84	90.4928	-91.4298	-0.93701
143.86	93.2183	-94.1512	-0.932873
143.88	93.9216	-94.8542	-0.932613
143.9	92.4592	-93.3966	-0.937382
143.92	89.7963	-90.7331	-0.936721
143.94	87.0543	-87.9796	-0.925313
143.96	85.1399	-86.0649	-0.924939
143.98	84.7474	-85.6667	-0.919357
144	85.9193	-86.8338	-0.914555
144.02	87.66	-88.5802	-0.920237
144.04	89.2853	-90.1947	-0.90942
144.06	90.2764	-91.1805	-0.904154
144.08	90.1269	-91.0202	-0.893254
144.1	88.6445	-89.5431	-0.898666
144.12	86.0821	-86.9638	-0.881728
144.14	83.454	-84.3402	-0.886185
144.16	82.3689	-83.2603	-0.891436
144.18	83.1453	-84.0379	-0.892625
144.2	84.1939	-85.076	-0.882032
144.22	84.6166	-85.504	-0.887336
144.24	84.4323	-85.3138	-0.881594
144.26	83.8975	-84.779	-0.881497
144.28	83.1479	-84.0404	-0.892491
144.3	82.2731	-83.1325	-0.859397
144.32	81.6952	-82.5436	-0.848408
144.34	81.4677	-82.3166	-0.848928
144.36	81.0446	-81.8878	-0.843221
144.38	80.6532	-81.5016	-0.848427
144.4	80.6046	-81.4646	-0.860083
144.42	80.1793	-81.0292	-0.849859
144.44	78.7864	-79.6521	-0.865612
144.46	77.9841	-78.8369	-0.852792
144.48	79.8772	-80.7374	-0.860211
144.5	82.0715	-82.9381	-0.866638
144.52	82.5898	-83.4559	-0.866107
144.54	81.7202	-82.6021	-0.88194
144.56	80.4223	-81.309	-0.88667
144.58	79.7569	-80.6323	-0.875433
144.6	80.1013	-80.9609	-0.859553
144.62	80.7361	-81.58	-0.843883
144.64	80.585	-81.4294	-0.844406
144.66	79.2251	-80.0686	-0.843546
144.68	78.2671	-79.1311	-0.864034
144.7	79.3213	-80.2147	-0.893438
144.72	80.0467	-80.9191	-0.872346
144.74	78.9884	-79.8489	-0.860496
144.76	77.1993	-78.0478	-0.848565
144.78	76.2569	-77.1048	-0.84788
144.8	77.0162	-77.832	-0.815759
144.82	78.3301	-79.1465	-0.816396
144.84	78.9793	-79.7955	-0.816145
144.86	78.9741	-79.7898	-0.815751
144.88	78.6876	-79.5086	-0.821036
144.9	78.3562	-79.1771	-0.820943
144.92	78.1043	-78.9088	-0.804464
144.94	77.9961	-78.8115	-0.815425
144.96	78.0995	-78.9093	-0.809852
144.98	78.4994	-79.3039	-0.804454
145	79.0408	-79.8513	-0.810548
145.02	78.9206	-79.7213	-0.800634
145.04	77.03	-77.8471	-0.817118
145.06	74.0702	-74.8851	-0.814934
145.08	73.0567	-73.8497	-0.793013
145.1	74.477	-75.2708	-0.793744
145.12	77.0301	-77.8356	-0.80552
145.14	79.2592	-80.0542	-0.795045
145.16	80.1624	-80.9521	-0.789753
145.18	79.5836	-80.3561	-0.772454
145.2	78.7896	-79.5621	-0.772451
145.22	77.9724	-78.7455	-0.773123
145.24	76.7083	-77.4693	-0.760944
145.26	76.4185	-77.1794	-0.760942
145.28	77.3705	-78.1482	-0.777671
145.3	78.8455	-79.6185	-0.772996
145.32	79.6318	-80.3937	-0.761833
145.34	79.7154	-80.4603	-0.744877
145.36	79.7712	-80.5156	-0.744372
145.38	80.3698	-81.1253	-0.755495
145.4	81.2265	-81.9822	-0.755637
145.42	81.9312	-82.7035	-0.772261
145.44	82.0249	-82.8196	-0.794717
145.46	80.847	-81.6473	-0.800314
145.48	78.518	-79.3284	-0.810333
145.5	76.5731	-77.3712	-0.798101
145.52	76.782	-77.5751	-0.793101
145.54	78.5865	-79.3973	-0.810866
145.56	80.1873	-81.0092	-0.821903
145.58	81.2411	-82.0518	-0.810708
145.6	81.8181	-82.6294	-0.811244
145.62	81.1938	-82.0107	-0.81683
145.64	79.2151	-80.0205	-0.805384
145.66	76.8084	-77.6075	-0.799161
145.68	75.2169	-76.0216	-0.804711
145.7	74.6308	-75.4467	-0.815937
145.72	74.8076	-75.6452	-0.837538
145.74	75.9104	-76.7373	-0.826813
145.76	77.4081	-78.2352	-0.827131
145.78	78.5608	-79.3715	-0.810716
145.8	79.0831	-79.8884	-0.805292
145.82	78.7968	-79.5916	-0.79484
145.84	77.3651	-78.1705	-0.805415
145.86	75.7174	-76.5276	-0.810139
145.88	74.9522	-75.7688	-0.81658
145.9	74.1473	-74.9641	-0.816814
145.92	73.2777	-74.0982	-0.820582
145.94	74.176	-75.0082	-0.832146
145.96	76.0934	-76.9374	-0.843984
145.98	77.4813	-78.3416	-0.860304
146	78.1667	-79.0322	-0.865542
146.02	78.2888	-79.1601	-0.871277
146.04	77.5783	-78.4549	-0.876564
146.06	76.3929	-77.2907	-0.89777
146.08	75.6644	-76.5566	-0.892187
146.1	75.6977	-76.5953	-0.897636
146.12	76.3168	-77.2207	-0.903806
146.14	76.7211	-77.6467	-0.925554
146.16	77.2604	-78.1909	-0.930466
146.18	78.5569	-79.4881	-0.931197
146.2	79.7224	-80.6481	-0.925668
146.22	80.4843	-81.41	-0.925667
146.24	80.7666	-81.6979	-0.931358
146.26	80.405	-81.3308	-0.925706
146.28	79.8007	-80.7096	-0.908859
146.3	79.6382	-80.5474	-0.909191
146.32	79.7766	-80.6862	-0.909643
146.34	80.1791	-81.0874	-0.908277
146.36	82.5336	-83.4317	-0.898044
146.38	85.8388	-86.7279	-0.889031
146.4	87.2211	-88.1217	-0.900579
146.42	85.692	-86.6028	-0.910822
146.44	83.021	-83.9177	-0.896658
146.46	83.2929	-84.1962	-0.903207
146.48	85.5464	-86.4402	-0.893778
146.5	87.2467	-88.1405	-0.893842
146.52	87.7341	-88.6391	-0.905052
146.54	86.9798	-87.8947	-0.914844
146.56	86.714	-87.6176	-0.90361
146.58	87.2524	-88.1582	-0.905799
146.6	86.3311	-87.2468	-0.915672
146.62	85.188	-86.1084	-0.920343
146.64	84.9708	-85.903	-0.932196
146.66	84.6763	-85.6138	-0.937484
146.68	84.3473	-85.2785	-0.931204
146.7	84.9033	-85.8287	-0.925442
146.72	86.4462	-87.367	-0.920826
146.74	87.6685	-88.5952	-0.926723
146.76	87.8431	-88.7751	-0.931966
146.78	87.3076	-88.2231	-0.915498
146.8	86.4192	-87.3454	-0.926217
146.82	85.5849	-86.5111	-0.92629
146.84	84.9155	-85.8415	-0.92596
146.86	84.6701	-85.5909	-0.920802
146.88	84.7262	-85.6354	-0.909156
146.9	85.656	-86.5713	-0.915232
146.92	86.5477	-87.453	-0.905268
146.94	85.9708	-86.8754	-0.904646
146.96	84.5627	-85.4562	-0.893504
146.98	82.7861	-83.6849	-0.898775
147	81.378	-82.2752	-0.897142
147.02	82.0985	-82.9913	-0.892827
147.04	83.4606	-84.3329	-0.872347
147.06	83.2738	-84.1463	-0.872492
147.08	81.5338	-82.3991	-0.865292
147.1	80.5646	-81.4302	-0.865643
147.12	80.3668	-81.2275	-0.860706
147.14	80.5521	-81.4065	-0.854457
147.16	81.4658	-82.3327	-0.866926
147.18	81.2826	-82.1489	-0.866285
147.2	80.1891	-81.0827	-0.893644
147.22	78.6261	-79.4965	-0.870401
147.24	78.4985	-79.3679	-0.86944
147.26	80.6927	-81.5749	-0.882286
147.28	82.6442	-83.5159	-0.871753
147.3	83.1613	-84.0432	-0.881941
147.32	82.9262	-83.7857	-0.859488
147.34	82.6953	-83.5491	-0.853849
147.36	82.7282	-83.5878	-0.859547
147.38	82.7622	-83.617	-0.854767
147.4	82.0086	-82.8639	-0.855335
147.42	80.237	-81.0964	-0.859411
147.44	79.5585	-80.4119	-0.853362
147.46	80.7619	-81.6112	-0.849227
147.48	82.1666	-83.0265	-0.859988
147.5	83.4681	-84.3117	-0.84358
147.52	84.3779	-85.2162	-0.838355
147.54	84.5037	-85.3419	-0.838152
147.56	84.1075	-84.9397	-0.832149
147.58	83.9179	-84.7608	-0.842949
147.6	84.2396	-85.0717	-0.832158
147.62	84.9567	-85.789	-0.832303
147.64	85.8946	-86.716	-0.821428
147.66	86.9482	-87.7807	-0.832482
147.68	87.8727	-88.695	-0.822235
147.7	87.6849	-88.4967	-0.811815
147.72	85.8076	-86.6186	-0.810978
147.74	83.5985	-84.4083	-0.809749
147.76	82.8766	-83.6923	-0.815758
147.78	83.1939	-84.0273	-0.833426
147.8	83.0281	-83.8724	-0.844369
147.82	82.6474	-83.49	-0.84258
147.84	84.1825	-85.0091	-0.826644
147.86	86.8793	-87.7132	-0.833894
147.88	88.0883	-88.9279	-0.839578
147.9	87.2077	-88.041	-0.833323
147.92	85.2992	-86.132	-0.832812
147.94	83.4853	-84.3116	-0.826284
147.96	83.0582	-83.8794	-0.821184
147.98	83.5275	-84.3662	-0.838649
148	83.4648	-84.292	-0.827164
148.02	83.2202	-84.0524	-0.832156
148.04	83.3027	-84.1462	-0.843497
148.06	83.1688	-84.0128	-0.844067
148.08	82.082	-82.9319	-0.849853
148.1	79.8989	-80.7478	-0.8489
148.12	78.2582	-79.1058	-0.847558
148.14	78.841	-79.6854	-0.844406
148.16	79.0671	-79.9077	-0.840656
148.18	78.4255	-79.2562	-0.830703
148.2	80.8789	-81.7259	-0.847039
148.22	81.0231	-81.8574	-0.834373
148.24	79.5998	-80.4311	-0.8313
148.26	80.3766	-81.1812	-0.80453
148.28	82.6701	-83.4706	-0.800519
148.3	84.1313	-84.9378	-0.806451
148.32	83.8075	-84.6138	-0.806296
148.34	82.1519	-82.9566	-0.804684
148.36	81.4402	-82.2335	-0.793341
148.38	82.1419	-82.9313	-0.789416
148.4	82.282	-83.082	-0.800001
148.42	81.9081	-82.7186	-0.810566
148.44	81.5161	-82.3377	-0.821682
148.46	80.9831	-81.7884	-0.805266
148.48	80.248	-81.0532	-0.805248
148.5	79.4202	-80.2417	-0.821563
148.52	78.8088	-79.6191	-0.810304
148.54	78.9346	-79.7282	-0.793636
148.56	80.0159	-80.7991	-0.78321
148.58	81.2786	-82.0842	-0.805592
148.6	81.928	-82.7225	-0.794503
148.62	81.9512	-82.7459	-0.794728
148.64	81.1881	-81.9829	-0.794863
148.66	80.1267	-80.9087	-0.781945
148.68	81.126	-81.9036	-0.777655
148.7	82.7904	-83.5862	-0.795792
148.72	82.5658	-83.3724	-0.806582
148.74	80.6135	-81.4083	-0.794866
148.76	78.4101	-79.226	-0.815922
148.78	77.704	-78.5367	-0.832686
148.8	78.0638	-78.8761	-0.812322
148.82	77.962	-78.7725	-0.810515
148.84	79.1476	-79.9585	-0.810908
148.86	80.9863	-81.8097	-0.823383
148.88	81.2754	-82.1094	-0.834062
148.9	80.0677	-80.9008	-0.833127
148.92	78.8088	-79.6521	-0.843248
148.94	79.0442	-79.8925	-0.848309
148.96	81.0735	-81.9236	-0.850056
148.98	82.58	-83.4028	-0.822749
149	82.9505	-83.7777	-0.827145
149.02	83.3191	-84.1295	-0.810413
149.04	84.0696	-84.8859	-0.816304
149.06	84.6102	-85.4378	-0.827635
149.08	84.5812	-85.4139	-0.83273
149.1	84.5766	-85.4146	-0.838005
149.12	84.9898	-85.8504	-0.860633
149.14	85.1817	-86.0536	-0.871834
149.16	85.0633	-85.9076	-0.844287
149.18	84.9631	-85.7909	-0.82787
149.2	84.8686	-85.7024	-0.833774
149.22	84.3151	-85.1707	-0.855531
149.24	83.436	-84.302	-0.866039
149.26	82.8792	-83.7395	-0.860344
149.28	83.0757	-83.9361	-0.860349
149.3	83.9026	-84.7637	-0.861089
149.32	84.5096	-85.3482	-0.838602
149.34	85.4956	-86.3388	-0.843208
149.36	87.7698	-88.6023	-0.832537
149.38	90.6627	-91.5126	-0.849868
149.4	92.6392	-93.484	-0.844811
149.42	92.7866	-93.637	-0.850408
149.44	90.96	-91.8211	-0.861078
149.46	88.1246	-88.9733	-0.848699
149.48	86.2856	-87.1683	-0.882627
149.5	84.8278	-85.7047	-0.876841
149.52	84.1615	-85.0314	-0.869911
149.54	85.7067	-86.5838	-0.877046
149.56	87.329	-88.2076	-0.87853
149.58	87.0024	-87.8852	-0.882806
149.6	86.1096	-86.9862	-0.876528
149.62	85.691	-86.58	-0.889007
149.64	84.5549	-85.4372	-0.882304
149.66	84.5611	-85.4434	-0.882302
149.68	85.5814	-86.4545	-0.873138
149.7	85.1741	-86.0566	-0.882555
149.72	84.811	-85.7094	-0.898337
149.74	85.3769	-86.2922	-0.915342
149.76	86.1176	-87.0552	-0.937624
149.78	86.3019	-87.2231	-0.921188
149.8	85.7514	-86.667	-0.915646
149.82	84.6332	-85.5428	-0.909631
149.84	83.8466	-84.7611	-0.914475
149.86	84.1621	-85.0828	-0.920781
149.88	84.584	-85.4942	-0.910191
149.9	84.4969	-85.4066	-0.90973
149.92	84.3343	-85.2496	-0.915298
149.94	84.189	-85.1202	-0.931238
149.96	84.6448	-85.5923	-0.947484
149.98	85.8275	-86.7757	-0.948176
150	86.6624	-87.6277	-0.965229
150.02	86.213	-87.1835	-0.970504
150.04	84.7191	-85.6728	-0.953684
150.06	82.8531	-83.8125	-0.959463
150.08	80.9063	-81.8755	-0.969168
150.1	81.0588	-82.0163	-0.957497
150.12	83.827	-84.7771	-0.95012
150.14	84.8255	-85.7867	-0.96121
150.16	83.7893	-84.7534	-0.964129
150.18	83.5324	-84.5088	-0.976407
150.2	83.2458	-84.2267	-0.980941
150.22	83.577	-84.5306	-0.953521
150.24	84.5971	-85.5457	-0.948581
150.26	85.4085	-86.3521	-0.943616
150.28	85.2497	-86.1778	-0.928116
150.3	83.5405	-84.4838	-0.943338
150.32	82.3346	-83.2939	-0.95931
150.34	82.7035	-83.675	-0.971464
150.36	83.103	-84.0699	-0.966959
150.38	82.8719	-83.8308	-0.958874
150.4	84.4381	-85.3879	-0.949758
150.42	86.0647	-87.0085	-0.943875
150.44	87.3157	-88.2551	-0.939384
150.46	86.8648	-87.811	-0.946203
150.48	83.0595	-83.976	-0.916523
150.5	80.0837	-81.0129	-0.929124
150.52	82.4418	-83.3796	-0.937811
150.54	86.717	-87.6604	-0.943383
150.56	90.8914	-91.8465	-0.955065
150.58	93.2011	-94.1503	-0.949243
150.6	93.3104	-94.2599	-0.949443
150.62	91.0108	-91.9547	-0.943843
150.64	87.4197	-88.3498	-0.930174
150.66	86.0939	-87.0088	-0.914881
150.68	86.171	-87.0487	-0.877701
150.7	85.7959	-86.6675	-0.871633
150.72	85.4031	-86.2802	-0.877098
150.74	85.3142	-86.1799	-0.865695
150.76	85.8326	-86.711	-0.878394
150.78	85.032	-85.9162	-0.884142
150.8	83.4954	-84.382	-0.88661
150.82	84.0502	-84.9404	-0.890242
150.84	82.8131	-83.6918	-0.878767
150.86	79.8099	-80.6913	-0.881489
150.88	78.6087	-79.4845	-0.875811
150.9	79.4704	-80.3485	-0.878014
150.92	79.5509	-80.4236	-0.872698
150.94	78.4171	-79.2775	-0.860441
150.96	78.0427	-78.8913	-0.848558
150.98	79.397	-80.2747	-0.877677
151	80.379	-81.2508	-0.871842
151.02	80.7536	-81.603	-0.849325
151.04	81.0443	-81.8994	-0.85509
151.06	80.8096	-81.6649	-0.855267
151.08	79.8368	-80.675	-0.838225
151.1	78.9276	-79.7545	-0.826918
151.12	78.5965	-79.4127	-0.816108
151.14	78.6947	-79.5271	-0.832488
151.16	79.1991	-80.0427	-0.843602
151.18	79.8409	-80.6794	-0.838503
151.2	80.0704	-80.8928	-0.82244
151.22	79.4177	-80.2621	-0.844429
151.24	78.0934	-78.9423	-0.848915
151.26	77.5811	-78.4242	-0.843061
151.28	78.3812	-79.2199	-0.838702
151.3	79.1402	-79.9791	-0.83886
151.32	79.6297	-80.4734	-0.843611
151.34	80.6981	-81.5419	-0.843808
151.36	82.1325	-82.9712	-0.838644
151.38	83.3075	-84.1299	-0.822359
151.4	83.7945	-84.6006	-0.806153
151.42	83.2058	-84.0064	-0.800619
151.44	81.6597	-82.4761	-0.816373
151.46	80.2403	-81.0561	-0.8158
151.48	79.7423	-80.5646	-0.822307
151.5	79.2993	-80.116	-0.816719
151.52	79.5408	-80.3459	-0.805111
151.54	81.0502	-81.8457	-0.795464
151.56	82.1334	-82.9287	-0.795278
151.58	82.2568	-83.0412	-0.784451
151.6	81.1485	-81.9428	-0.794357
151.62	79.9329	-80.7324	-0.799475
151.64	79.1363	-79.9307	-0.794394
151.66	78.3274	-79.1274	-0.799952
151.68	77.49	-78.2894	-0.799457
151.7	77.3341	-78.1389	-0.804812
151.72	78.08	-78.874	-0.794078
151.74	79.3399	-80.1179	-0.777999
151.76	80.4331	-81.2009	-0.767799
151.78	80.2468	-81.0154	-0.768647
151.8	77.9388	-78.7068	-0.76801
151.82	75.4817	-76.2519	-0.770256
151.84	76.6565	-77.446	-0.789496
151.86	78.5179	-79.3082	-0.790256
151.88	79.1891	-79.9836	-0.794565
151.9	79.7403	-80.5295	-0.789225
151.92	79.9566	-80.7576	-0.800971
151.94	78.9422	-79.7482	-0.805922
151.96	77.3953	-78.1624	-0.767097
151.98	76.3467	-77.1243	-0.777639
152	76.1955	-76.9635	-0.767962
152.02	75.5437	-76.3277	-0.783951
152.04	74.8245	-75.5959	-0.771439
152.06	75.8634	-76.6462	-0.782752
152.08	78.111	-78.8949	-0.783938
152.1	79.7429	-80.5161	-0.773211
152.12	80.0817	-80.8656	-0.783976
152.14	79.3894	-80.1672	-0.777855
152.16	78.6337	-79.4275	-0.793859
152.18	78.5216	-79.3212	-0.799571
152.2	78.7711	-79.56	-0.788905
152.22	78.9396	-79.7065	-0.766844
152.24	79.0224	-79.7783	-0.755858
152.26	78.9225	-79.6731	-0.750597
152.28	78.3735	-79.113	-0.739541
152.3	77.5701	-78.2984	-0.728274
152.32	76.9771	-77.7	-0.722843
152.34	76.6442	-77.3672	-0.723024
152.36	76.5032	-77.2205	-0.717279
152.38	76.9497	-77.6506	-0.700892
152.4	77.9325	-78.6397	-0.707169
152.42	78.6174	-79.3135	-0.696084
152.44	79.1044	-79.8002	-0.695784
152.46	79.7765	-80.467	-0.690553
152.48	80.5721	-81.2731	-0.700994
152.5	82.0395	-82.7246	-0.685082
152.52	83.4983	-84.1945	-0.696143
152.54	84.4005	-85.0964	-0.695866
152.56	84.8423	-85.5436	-0.701286
152.58	84.8816	-85.5936	-0.71195
152.6	84.8791	-85.6021	-0.723013
152.62	84.7666	-85.4793	-0.712694
152.64	83.8961	-84.6095	-0.713421
152.66	81.8465	-82.543	-0.696455
152.68	79.785	-80.4974	-0.71242
152.7	78.9182	-79.6416	-0.723431
152.72	79.1635	-79.8824	-0.718909
152.74	79.4432	-80.1668	-0.723593
152.76	80.1444	-80.8732	-0.728753
152.78	81.3906	-82.1083	-0.71768
152.8	82.8229	-83.5518	-0.728996
152.82	83.6941	-84.4236	-0.729507
152.84	83.2384	-83.968	-0.72958
152.86	81.9673	-82.6948	-0.727578
152.88	82.2777	-83.0067	-0.728989
152.9	82.6841	-83.4085	-0.724375
152.92	81.8306	-82.548	-0.717386
152.94	81.3753	-82.0928	-0.71744
152.96	81.382	-82.1057	-0.723731
152.98	80.7622	-81.4751	-0.712869
153	79.4317	-80.1219	-0.690243
153.02	78.4062	-79.1181	-0.711936
153.04	78.1493	-78.8671	-0.717736
153.06	78.3335	-79.0623	-0.728801
153.08	78.798	-79.5213	-0.723263
153.1	79.6008	-80.324	-0.723246
153.12	80.6433	-81.367	-0.723717
153.14	81.1806	-81.9045	-0.723881
153.16	80.7492	-81.4727	-0.723492
153.18	79.8576	-80.5802	-0.722588
153.2	79.5797	-80.3244	-0.744774
153.22	79.6119	-80.3358	-0.723886
153.24	78.8297	-79.5482	-0.718502
153.26	77.6207	-78.3378	-0.717059
153.28	77.8694	-78.5766	-0.707248
153.3	78.5336	-79.2465	-0.712966
153.32	78.9031	-79.6152	-0.712138
153.34	79.6158	-80.3342	-0.718488
153.36	79.5524	-80.2824	-0.730017
153.38	78.3029	-79.0364	-0.733504
153.4	78.3896	-79.1281	-0.738502
153.42	80.3198	-81.0602	-0.740332
153.44	81.5506	-82.2969	-0.746317
153.46	80.8526	-81.6098	-0.757242
153.48	78.403	-79.1648	-0.761825
153.5	75.8564	-76.6114	-0.754997
153.52	75.1281	-75.8892	-0.761165
153.54	75.5893	-76.34	-0.750656
153.56	76.3479	-77.1097	-0.761809
153.58	76.9435	-77.7056	-0.762098
153.6	77.1175	-77.8623	-0.744874
153.62	77.7511	-78.5014	-0.750273
153.64	78.8881	-79.6225	-0.734406
153.66	79.6284	-80.3519	-0.723542
153.68	79.6427	-80.3662	-0.723512
153.7	78.9161	-79.629	-0.712921
153.72	77.1274	-77.8407	-0.7133
153.74	74.4253	-75.1314	-0.706085
153.76	73.2889	-74.0054	-0.716484
153.78	74.3888	-75.1017	-0.712869
153.8	75.2657	-75.9679	-0.702129
153.82	75.1294	-75.8364	-0.706933
153.84	74.7585	-75.4756	-0.717127
153.86	74.978	-75.6955	-0.717454
153.88	75.3379	-76.0611	-0.723281
153.9	75.2182	-75.9523	-0.734052
153.92	74.8516	-75.585	-0.733437
153.94	75.0316	-75.7429	-0.711289
153.96	76.004	-76.7267	-0.722715
153.98	77.131	-77.8596	-0.728616
154	77.7469	-78.4758	-0.728891
154.02	77.4767	-78.2221	-0.745397
154.04	76.4061	-77.1623	-0.756149
154.06	75.0353	-75.7862	-0.750911
154.08	73.7717	-74.527	-0.755301
154.1	74.0832	-74.8285	-0.74534
154.12	74.7539	-75.4947	-0.740843
154.14	74.3029	-75.0479	-0.744978
154.16	74.2423	-74.9813	-0.739012
154.18	75.3257	-76.0767	-0.751009
154.2	76.2041	-76.962	-0.75789
154.22	75.2593	-76.022	-0.762749
154.24	73.5452	-74.2956	-0.750357
154.26	73.1379	-73.8557	-0.717864
154.28	73.9208	-74.6281	-0.707318
154.3	75.2372	-75.9447	-0.707502
154.32	76.5338	-77.2309	-0.69707
154.34	77.3292	-78.0254	-0.696132
154.36	78.1928	-78.8792	-0.686364
154.38	77.7523	-78.4383	-0.68598
154.4	76.5216	-77.1999	-0.67837
154.42	77.1007	-77.7961	-0.695432
154.44	78.8242	-79.5209	-0.696748
154.46	79.648	-80.3335	-0.685497
154.48	79.4322	-80.1063	-0.674065
154.5	78.7213	-79.4061	-0.684802
154.52	77.8546	-78.5232	-0.668583
154.54	76.6137	-77.2612	-0.647575
154.56	74.2227	-74.8763	-0.653599
154.58	70.9899	-71.6252	-0.635291
154.6	70.4238	-71.0645	-0.640677
154.62	72.3713	-72.9987	-0.627428
154.64	72.5997	-73.2362	-0.636475
154.66	72.7788	-73.408	-0.629204
154.68	74.8311	-75.4563	-0.625149
154.7	76.847	-77.4732	-0.626155
154.72	77.0846	-77.7268	-0.642123
154.74	76.0312	-76.6778	-0.646627
154.76	75.0558	-75.7129	-0.657057
154.78	75.0477	-75.7049	-0.657219
154.8	75.8817	-76.5341	-0.652393
154.82	76.6419	-77.2674	-0.625563
154.84	76.6106	-77.2247	-0.614008
154.86	76.5363	-77.1495	-0.613233
154.88	77.1861	-77.8006	-0.614438
154.9	77.0344	-77.656	-0.621536
154.92	74.2904	-74.9108	-0.62038
154.94	71.701	-72.307	-0.605979
154.96	73.0523	-73.6559	-0.603629
154.98	74.8713	-75.4745	-0.603263
155	76.3258	-76.9068	-0.580961
155.02	77.6544	-78.2246	-0.570126
155.04	78.5908	-79.1668	-0.575991
155.06	78.6459	-79.2225	-0.576555
155.08	77.3842	-77.955	-0.570826
155.1	75.9079	-76.4772	-0.569295
155.12	75.9922	-76.5643	-0.572096
155.14	74.8704	-75.4315	-0.561056
155.16	73.1225	-73.6918	-0.569362
155.18	73.502	-74.0683	-0.566204
155.2	73.5086	-74.0687	-0.560091
155.22	73.117	-73.6928	-0.575841
155.24	73.4655	-74.0348	-0.569348
155.26	75.6456	-76.2216	-0.575981
155.28	78.1368	-78.7137	-0.576889
155.3	79.2898	-79.8391	-0.549254
155.32	79.0324	-79.5653	-0.532901
155.34	77.4357	-77.9628	-0.527137
155.36	75.3711	-75.897	-0.525907
155.38	74.6797	-75.184	-0.504283
155.4	75.4063	-75.9274	-0.521138
155.42	76.6337	-77.1614	-0.527694
155.44	76.6631	-77.1856	-0.522553
155.46	74.7001	-75.2218	-0.521722
155.48	72.0008	-72.5267	-0.525878
155.5	70.7116	-71.2261	-0.514506
155.52	71.4512	-71.978	-0.526823
155.54	72.3362	-72.853	-0.516801
155.56	71.7937	-72.3102	-0.516474
155.58	70.1751	-70.6737	-0.4986
155.6	69.3875	-69.8854	-0.497886
155.62	70.2794	-70.7891	-0.509743
155.64	71.5753	-72.0802	-0.504945
155.66	72.0436	-72.5485	-0.504855
155.68	71.633	-72.1372	-0.50421
155.7	71.1154	-71.6245	-0.509147
155.72	71.2038	-71.7077	-0.503909
155.74	71.582	-72.0866	-0.504636
155.76	71.3008	-71.8169	-0.516056
155.78	69.9687	-70.495	-0.52636
155.8	68.6867	-69.2291	-0.542428
155.82	68.1703	-68.7294	-0.559131
155.84	68.375	-68.9336	-0.558596
155.86	69.6037	-70.1686	-0.564957
155.88	70.6778	-71.2428	-0.565028
155.9	71.1057	-71.6761	-0.570351
155.92	70.9764	-71.5303	-0.553961
155.94	70.4275	-70.9864	-0.558907
155.96	70.2448	-70.8093	-0.564454
155.98	70.4479	-71.0184	-0.570514
156	70.368	-70.949	-0.580995
156.02	70.4339	-71.0201	-0.586207
156.04	70.9534	-71.5344	-0.581072
156.06	71.4082	-71.9951	-0.586915
156.08	71.2878	-71.8583	-0.570565
156.1	70.5403	-71.0943	-0.554059
156.12	69.4562	-70.01	-0.553876
156.14	68.5248	-69.0841	-0.559304
156.16	68.2057	-68.7699	-0.564185
156.18	69.4892	-70.0698	-0.580613
156.2	72.0461	-72.6229	-0.576852
156.22	73.4511	-74.0443	-0.593191
156.24	73.2316	-73.8188	-0.587171
156.26	72.025	-72.6175	-0.592506
156.28	70.2198	-70.8236	-0.603793
156.3	67.9891	-68.5863	-0.597263
156.32	67.3836	-67.9795	-0.595912
156.34	69.7979	-70.3908	-0.59287
156.36	72.139	-72.7323	-0.593235
156.38	73.1148	-73.7237	-0.608885
156.4	73.4602	-74.074	-0.613812
156.42	73.8559	-74.4806	-0.624721
156.44	74.3633	-74.9718	-0.608506
156.46	74.7219	-75.3413	-0.619442
156.48	74.9526	-75.5609	-0.608324
156.5	75.2316	-75.8292	-0.597623
156.52	75.3098	-75.9077	-0.597892
156.54	75.0407	-75.6383	-0.597658
156.56	74.8441	-75.4422	-0.598047
156.58	74.6043	-75.2078	-0.603528
156.6	75.169	-75.7549	-0.585925
156.62	77.5494	-78.1488	-0.599447
156.64	78.8012	-79.3949	-0.593687
156.66	78.4792	-79.0725	-0.593367
156.68	77.0425	-77.6193	-0.576749
156.7	75.0608	-75.6532	-0.592429
156.72	73.8659	-74.4577	-0.591846
156.74	74.3281	-74.9369	-0.608876
156.76	75.9073	-76.4995	-0.592119
156.78	78.5514	-79.1329	-0.581521
156.8	81.4446	-82.0269	-0.582217
156.82	83.3115	-83.9048	-0.5933
156.84	83.6106	-84.193	-0.582473
156.86	82.0323	-82.6205	-0.588261
156.88	78.5669	-79.165	-0.598108
156.9	75.5743	-76.1755	-0.601191
156.92	75.8693	-76.4672	-0.597985
156.94	76.9439	-77.5314	-0.587524
156.96	77.2869	-77.8742	-0.587293
156.98	76.94	-77.5274	-0.587455
157	75.7728	-76.3714	-0.598619
157.02	73.8913	-74.478	-0.586612
157.04	73.0766	-73.6617	-0.585111
157.06	75.0916	-75.6673	-0.575712
157.08	77.8999	-78.4772	-0.577262
157.1	78.9317	-79.5039	-0.5722
157.12	77.3992	-77.9654	-0.566281
157.14	74.2341	-74.7992	-0.565137
157.16	71.2488	-71.8086	-0.559886
157.18	69.0303	-69.5894	-0.559193
157.2	68.427	-68.9877	-0.560662
157.22	68.7111	-69.2532	-0.54209
157.24	71.8569	-72.4069	-0.549991
157.26	74.8693	-75.4257	-0.556365
157.28	75.0635	-75.6072	-0.543691
157.3	74.0328	-74.581	-0.548212
157.32	73.089	-73.6369	-0.547971
157.34	72.6016	-73.1554	-0.553759
157.36	72.2996	-72.8587	-0.559102
157.38	72.5667	-73.1305	-0.563824
157.4	74.1545	-74.7083	-0.55376
157.42	75.9225	-76.4824	-0.559898
157.44	76.7257	-77.291	-0.565264
157.46	76.601	-77.1769	-0.575914
157.48	76.0393	-76.6205	-0.581244
157.5	75.338	-75.9413	-0.603296
157.52	74.51	-75.1023	-0.592305
157.54	73.6921	-74.29	-0.59797
157.56	72.7895	-73.3875	-0.598039
157.58	72.0364	-72.6389	-0.602538
157.6	72.71	-73.3018	-0.591822
157.62	74.4655	-75.0587	-0.593167
157.64	75.4886	-76.093	-0.604393
157.66	75.2272	-75.8202	-0.592986
157.68	74.3498	-74.9587	-0.608891
157.7	73.8645	-74.484	-0.61953
157.72	74.4187	-75.0175	-0.598764
157.74	74.9055	-75.5101	-0.60456
157.76	75.1695	-75.7735	-0.604007
157.78	75.7244	-76.3347	-0.610221
157.8	75.7123	-76.3331	-0.620863
157.82	75.2442	-75.8654	-0.621209
157.84	74.2599	-74.8797	-0.619844
157.86	74.2762	-74.9018	-0.625641
157.88	75.1856	-75.8171	-0.631472
157.9	75.8939	-76.5102	-0.616259
157.92	74.8025	-75.3909	-0.588454
157.94	72.6539	-73.2399	-0.585976
157.96	72.8433	-73.4456	-0.602217
157.98	75.5392	-76.1383	-0.59916
158	77.4186	-78.0125	-0.59387
158.02	77.6362	-78.2179	-0.581623
158.04	77.7023	-78.2886	-0.58626
158.06	78.5607	-79.1478	-0.587104
158.08	79.1471	-79.7347	-0.587648
158.1	78.624	-79.217	-0.593014
158.12	77.1426	-77.7304	-0.587772
158.14	74.8177	-75.4053	-0.58754
158.16	73.0622	-73.6361	-0.573896
158.18	75.0326	-75.5976	-0.564961
158.2	78.3485	-78.9205	-0.572029
158.22	80.042	-80.6245	-0.582502
158.24	80.1285	-80.7048	-0.57636
158.26	79.3435	-79.9197	-0.576269
158.28	77.904	-78.497	-0.592936
158.3	75.7791	-76.3881	-0.609062
158.32	73.7245	-74.3324	-0.60794
158.34	73.333	-73.9468	-0.613779
158.36	74.2878	-74.9081	-0.620218
158.38	75.3434	-75.9634	-0.620021
158.4	76.5452	-77.1542	-0.608923
158.42	78.018	-78.6271	-0.609164
158.44	79.3798	-79.9839	-0.604186
158.46	79.7774	-80.3881	-0.610679
158.48	78.6299	-79.238	-0.608065
158.5	79.0803	-79.6728	-0.592446
158.52	80.4271	-81.004	-0.576903
158.54	80.8786	-81.4487	-0.570116
158.56	81.4496	-82.0256	-0.576058
158.58	81.5319	-82.1033	-0.571395
158.6	80.1013	-80.6725	-0.571198
158.62	77.6655	-78.2355	-0.569995
158.64	76.1208	-76.69	-0.569178
158.66	76.7139	-77.289	-0.575178
158.68	78.6598	-79.2305	-0.57078
158.7	80.3131	-80.8839	-0.570796
158.72	81.28	-81.8502	-0.570243
158.74	82.0255	-82.5737	-0.548222
158.76	82.6114	-83.1653	-0.553878
158.78	82.7585	-83.3235	-0.564974
158.8	82.2367	-82.8129	-0.576225
158.82	80.8263	-81.4135	-0.587129
158.84	78.883	-79.4912	-0.608205
158.86	77.7042	-78.3286	-0.624336
158.88	77.84	-78.4706	-0.630624
158.9	78.3561	-78.9874	-0.631351
158.92	78.4154	-79.0462	-0.630844
158.94	78.6114	-79.253	-0.641523
158.96	79.1893	-79.8312	-0.641909
158.98	79.5569	-80.1929	-0.636003
159	79.8854	-80.5323	-0.646853
159.02	80.147	-80.7885	-0.641546
159.04	79.9734	-80.6203	-0.646991
159.06	79.2668	-79.9246	-0.657818
159.08	78.1418	-78.7777	-0.635952
159.1	76.5585	-77.1946	-0.636072
159.12	74.6328	-75.2628	-0.629983
159.14	73.4544	-74.0782	-0.623729
159.16	74.0221	-74.6465	-0.6244
159.18	75.4546	-76.0686	-0.613994
159.2	76.5934	-77.202	-0.608606
159.22	77.0176	-77.6371	-0.619541
159.24	76.6297	-77.2548	-0.625077
159.26	75.4557	-76.0858	-0.630104
159.28	74.3055	-74.9183	-0.612833
159.3	74.3092	-74.9168	-0.607561
159.32	75.2098	-75.8288	-0.619039
159.34	76.1511	-76.7758	-0.624658
159.36	76.7236	-77.3593	-0.635675
159.38	76.8349	-77.4761	-0.641234
159.4	76.4131	-77.0436	-0.63052
159.42	75.3251	-75.9612	-0.636098
159.44	74.0075	-74.6533	-0.645788
159.46	74.3503	-74.9909	-0.640673
159.48	75.9428	-76.5909	-0.648111
159.5	76.2238	-76.8829	-0.659093
159.52	75.0441	-75.6908	-0.646654
159.54	74.3945	-75.0298	-0.635266
159.56	74.9794	-75.6047	-0.625299
159.58	75.5356	-76.1563	-0.620645
159.6	74.8655	-75.4973	-0.631834
159.62	72.9874	-73.6127	-0.625229
159.64	71.7684	-72.3984	-0.629975
159.66	72.6557	-73.2801	-0.624357
159.68	75.4295	-76.0554	-0.625992
159.7	77.6719	-78.2815	-0.609672
159.72	78.3283	-78.9429	-0.614617
159.74	77.7017	-78.3052	-0.603435
159.76	76.1746	-76.7611	-0.586421
159.78	74.7322	-75.318	-0.585859
159.8	74.1819	-74.7685	-0.586613
159.82	73.7921	-74.3735	-0.581416
159.84	73.456	-74.0252	-0.569211
159.86	74.6769	-75.2575	-0.580627
159.88	76.8458	-77.4274	-0.581627
159.9	78.2886	-78.8866	-0.59796
159.92	78.6706	-79.2632	-0.592536
159.94	77.8346	-78.4219	-0.587272
159.96	75.6796	-76.2665	-0.586995
159.98	73.0272	-73.6073	-0.580111
160	71.9866	-72.5554	-0.568732
160.02	73.2181	-73.7991	-0.580941
160.04	75.0578	-75.634	-0.576194
160.06	76.1085	-76.6741	-0.565565
160.08	75.7463	-76.3118	-0.565493
160.1	74.1651	-74.7241	-0.559011
160.12	72.9225	-73.4803	-0.557795
160.14	73.5899	-74.1541	-0.564197
160.16	74.9688	-75.5343	-0.565454
160.18	75.2017	-75.767	-0.565211
160.2	74.3747	-74.9503	-0.575506
160.22	73.5434	-74.129	-0.585645
160.24	73.8577	-74.4434	-0.585717
160.26	75.1565	-75.7377	-0.58115
160.28	76.0588	-76.6514	-0.592565
160.3	75.8203	-76.4178	-0.597584
160.32	75.0656	-75.6407	-0.575089
160.34	74.5455	-75.1046	-0.559115
160.36	73.8509	-74.3828	-0.53186
160.38	72.7306	-73.2569	-0.526328
160.4	71.4499	-71.9644	-0.514557
160.42	71.1808	-71.7004	-0.519644
160.44	72.4208	-72.936	-0.515236
160.46	73.8186	-74.3291	-0.510566
160.48	74.252	-74.7625	-0.510487
160.5	73.8211	-74.3259	-0.504887
160.52	72.8985	-73.3977	-0.499239
160.54	72.239	-72.7535	-0.51448
160.56	73.2469	-73.7566	-0.509721
160.58	75.0743	-75.5844	-0.510048
160.6	76.7141	-77.2353	-0.521199
160.62	77.5209	-78.0422	-0.521346
160.64	77.2019	-77.7393	-0.537368
160.66	76.3677	-76.8934	-0.525727
160.68	76.043	-76.5686	-0.525572
160.7	76.5048	-77.0475	-0.54273
160.72	76.8853	-77.4285	-0.543262
160.74	76.6131	-77.1507	-0.537669
160.76	76.1228	-76.6652	-0.542456
160.78	76.7478	-77.2958	-0.548028
160.8	78.0655	-78.6209	-0.555397
160.82	77.7461	-78.3004	-0.554269
160.84	76.7745	-77.3339	-0.559343
160.86	75.8531	-76.4077	-0.5546
160.88	74.4448	-75.0098	-0.565047
160.9	73.699	-74.2682	-0.569209
160.92	74.9236	-75.4954	-0.571836
160.94	75.272	-75.8323	-0.560356
160.96	74.8631	-75.4161	-0.552995
160.98	75.6505	-76.2041	-0.553546
161	76.9599	-77.5137	-0.55379
161.02	78.0878	-78.647	-0.559181
161.04	78.7894	-79.3543	-0.56492
161.06	78.5521	-79.128	-0.575898
161.08	77.258	-77.8283	-0.570339
161.1	75.1268	-75.7022	-0.575364
161.12	73.0648	-73.6227	-0.557892
161.14	72.511	-73.0745	-0.563468
161.16	73.4002	-73.992	-0.591805
161.18	74.442	-75.0286	-0.586629
161.2	74.9311	-75.5234	-0.592234
161.22	74.6735	-75.2655	-0.591931
161.24	74.0667	-74.6529	-0.586151
161.26	73.5351	-74.116	-0.580869
161.28	72.9186	-73.4998	-0.581172
161.3	71.881	-72.4732	-0.592204
161.32	70.5398	-71.1367	-0.596915
161.34	69.9978	-70.5889	-0.591092
161.36	70.7102	-71.2964	-0.586191
161.38	71.8372	-72.4236	-0.586443
161.4	72.7854	-73.3936	-0.60823
161.42	73.5819	-74.1954	-0.613432
161.44	74.5197	-75.1386	-0.618933
161.46	75.479	-76.0982	-0.619228
161.48	76.0067	-76.6262	-0.619527
161.5	75.6881	-76.2969	-0.608808
161.52	74.3586	-74.9782	-0.619566
161.54	72.6258	-73.2502	-0.624413
161.56	71.586	-72.2104	-0.624378
161.58	71.573	-72.2029	-0.629935
161.6	72.4237	-73.0705	-0.646853
161.62	73.3971	-74.0552	-0.658136
161.64	73.9053	-74.5524	-0.647137
161.66	73.9494	-74.6127	-0.663283
161.68	73.9728	-74.6467	-0.673921
161.7	74.2733	-74.9313	-0.657983
161.72	74.2954	-74.9367	-0.641256
161.74	74.2299	-74.8709	-0.640978
161.76	74.4296	-75.0761	-0.646449
161.78	74.9535	-75.5889	-0.635374
161.8	75.8482	-76.4894	-0.641272
161.82	76.5407	-77.1878	-0.64713
161.84	76.6168	-77.269	-0.652229
161.86	76.5276	-77.1855	-0.657887
161.88	76.0563	-76.7099	-0.653605
161.9	73.9155	-74.5747	-0.65919
161.92	70.6361	-71.2872	-0.65119
161.94	69.7221	-70.3617	-0.639653
161.96	72.0991	-72.7568	-0.65776
161.98	75.2552	-75.8922	-0.63699
162	77.0856	-77.7116	-0.626038
162.02	77.1879	-77.8189	-0.63096
162.04	76.2911	-76.9157	-0.624629
162.06	75.7114	-76.3627	-0.651256
162.08	76.3834	-77.0191	-0.635648
162.1	77.2914	-77.9279	-0.636517
162.12	77.1971	-77.8335	-0.636335
162.14	76.176	-76.8123	-0.636313
162.16	74.4208	-75.0738	-0.65292
162.18	72.1509	-72.825	-0.674024
162.2	70.7326	-71.4062	-0.673512
162.22	71.0343	-71.7081	-0.673835
162.24	72.712	-73.3862	-0.674119
162.26	74.9399	-75.6097	-0.669803
162.28	75.9944	-76.6697	-0.67538
162.3	75.5499	-76.2188	-0.668892
162.32	74.7806	-75.4384	-0.657786
162.34	73.98	-74.6328	-0.652767
162.36	72.6043	-73.2352	-0.630867
162.38	70.7348	-71.387	-0.652103
162.4	69.4117	-70.0631	-0.651382
162.42	69.6328	-70.2791	-0.646264
162.44	70.8597	-71.5233	-0.663598
162.46	71.7992	-72.4518	-0.652601
162.48	72.2725	-72.9301	-0.657687
162.5	72.6105	-73.2465	-0.636076
162.52	72.4426	-73.0788	-0.636264
162.54	71.5884	-72.2184	-0.630074
162.56	71.0007	-71.6302	-0.629462
162.58	71.4479	-72.067	-0.619095
162.6	72.1761	-72.7903	-0.614231
162.62	72.3287	-72.9427	-0.613931
162.64	72.269	-72.888	-0.61896
162.66	72.5534	-73.1619	-0.608448
162.68	72.6888	-73.3031	-0.614303
162.7	72.2713	-72.8855	-0.614207
162.72	71.4898	-72.1046	-0.614759
162.74	70.1044	-70.7354	-0.630906
162.76	69.464	-70.0869	-0.622945
162.78	72.132	-72.7578	-0.625849
162.8	74.6905	-75.3283	-0.637791
162.82	74.8074	-75.4609	-0.653539
162.84	73.142	-73.8055	-0.663472
162.86	71.3436	-71.9953	-0.651707
162.88	70.6699	-71.3111	-0.641179
162.9	70.9347	-71.5867	-0.651967
162.92	72.1157	-72.7791	-0.663459
162.94	73.3752	-74.0174	-0.64218
162.96	73.7076	-74.3439	-0.636273
162.98	73.5072	-74.1375	-0.63029
163	73.3946	-74.0307	-0.636035
163.02	73.1113	-73.7312	-0.619899
163.04	72.4091	-73.0285	-0.619354
163.06	72.0509	-72.6644	-0.613448
163.08	72.5787	-73.2036	-0.624888
163.1	73.4174	-74.0481	-0.630703
163.12	73.9317	-74.5518	-0.620085
163.14	73.5958	-74.2107	-0.614891
163.16	72.1963	-72.8163	-0.619993
163.18	70.6158	-71.2181	-0.602308
163.2	70.6651	-71.2672	-0.602099
163.22	72.633	-73.2251	-0.592111
163.24	75.0871	-75.6741	-0.587007
163.26	77.0734	-77.6496	-0.576184
163.28	78.1146	-78.6635	-0.548929
163.3	77.9186	-78.4621	-0.543433
163.32	76.5638	-77.0852	-0.521383
163.34	74.5059	-75.0436	-0.537669
163.36	72.3491	-72.8978	-0.548742
163.38	70.3225	-70.8827	-0.560174
163.4	68.6001	-69.1533	-0.553169
163.42	69.3778	-69.9586	-0.580807
163.44	71.9981	-72.5977	-0.599567
163.46	73.0612	-73.6546	-0.593327
163.48	72.7764	-73.3631	-0.586673
163.5	72.4998	-73.1138	-0.613981
163.52	72.3654	-72.9688	-0.603389
163.54	71.9307	-72.5338	-0.603146
163.56	71.4177	-72.01	-0.592257
163.58	70.828	-71.4148	-0.586886
163.6	70.2605	-70.8301	-0.569625
163.62	70.69	-71.2544	-0.564428
163.64	71.628	-72.188	-0.560066
163.66	71.4764	-72.0529	-0.576475
163.68	70.0663	-70.6589	-0.592525
163.7	68.1282	-68.7255	-0.597281
163.72	67.176	-67.7776	-0.601621
163.74	68.5472	-69.1506	-0.603438
163.76	70.0442	-70.6375	-0.593277
163.78	70.0527	-70.6565	-0.60378
163.8	69.0081	-69.6168	-0.608682
163.82	67.7861	-68.3946	-0.608509
163.84	66.9014	-67.4987	-0.597342
163.86	66.728	-67.3198	-0.591793
163.88	67.322	-67.9085	-0.586467
163.9	68.2632	-68.85	-0.586837
163.92	68.8739	-69.4498	-0.575842
163.94	68.9537	-69.5349	-0.581159
163.96	68.6305	-69.2171	-0.586587
163.98	67.9953	-68.5763	-0.580994
164	67.319	-67.9052	-0.586168
164.02	67.1036	-67.6953	-0.591736
164.04	67.3091	-67.9014	-0.59226
164.06	67.3853	-67.9828	-0.5975
164.08	67.6475	-68.2337	-0.586201
164.1	68.425	-69.0229	-0.597917
164.12	68.8145	-69.4017	-0.587103
164.14	68.5742	-69.1443	-0.570094
164.16	68.3983	-68.9683	-0.569968
164.18	68.496	-69.0387	-0.542697
164.2	68.6285	-69.1714	-0.542894
164.22	68.498	-69.0466	-0.548563
164.24	67.9513	-68.4942	-0.542874
164.26	67.4821	-68.0354	-0.553269
164.28	67.7661	-68.3311	-0.564962
164.3	67.9634	-68.5344	-0.570925
164.32	67.5946	-68.181	-0.586411
164.34	67.848	-68.429	-0.580988
164.36	68.7035	-69.2963	-0.592826
164.38	69.0439	-69.6367	-0.592817
164.4	68.7766	-69.3693	-0.592752
164.42	68.1838	-68.7816	-0.597829
164.44	67.9171	-68.5093	-0.592245
164.46	68.1181	-68.7115	-0.593441
164.48	67.2932	-67.8822	-0.589096
164.5	64.3955	-64.9772	-0.581612
164.52	63.0001	-63.5632	-0.563134
164.54	65.1348	-65.7122	-0.577371
164.56	66.5019	-67.084	-0.582153
164.58	66.6795	-67.2499	-0.570455
164.6	66.4776	-67.0366	-0.55894
164.62	66.6172	-67.1705	-0.553287
164.64	67.2199	-67.7573	-0.537439
164.66	67.4518	-68.0059	-0.554117
164.68	66.9962	-67.5441	-0.547865
164.7	66.8292	-67.3713	-0.542107
164.72	67.3457	-67.8938	-0.548113
164.74	67.8702	-68.4294	-0.559225
164.76	68.0204	-68.5795	-0.559143
164.78	67.8353	-68.3889	-0.553621
164.8	67.4129	-67.9774	-0.564509
164.82	66.9281	-67.4815	-0.553376
164.84	66.681	-67.2125	-0.531599
164.86	66.4805	-67.0127	-0.532191
164.88	65.6967	-66.218	-0.52135
164.9	64.3732	-64.8773	-0.504121
164.92	63.9529	-64.4722	-0.519306
164.94	65.9232	-66.4439	-0.520736
164.96	68.4785	-69.0114	-0.53293
164.98	69.5938	-70.1378	-0.544048
165	68.8651	-69.4147	-0.549598
165.02	66.7531	-67.3015	-0.548389
165.04	65.2447	-65.7928	-0.548134
165.06	65.0711	-65.5924	-0.521287
165.08	65.467	-65.9884	-0.521389
165.1	66.0531	-66.585	-0.531957
165.12	67.1448	-67.6874	-0.542566
165.14	68.8229	-69.3607	-0.537776
165.16	70.044	-70.5765	-0.53252
165.18	70.2351	-70.7621	-0.527056
165.2	69.3648	-69.8919	-0.527142
165.22	67.7335	-68.2593	-0.525778
165.24	67.4554	-67.9805	-0.525134
165.26	69.2427	-69.7584	-0.515727
165.28	70.9516	-71.4675	-0.515914
165.3	71.7523	-72.2736	-0.52126
165.32	71.6247	-72.1567	-0.532014
165.34	70.8456	-71.3772	-0.531536
165.36	70.1371	-70.6739	-0.536825
165.38	69.7281	-70.2545	-0.526402
165.4	69.0105	-69.5314	-0.520854
165.42	68.1276	-68.6477	-0.520099
165.44	68.0442	-68.5641	-0.519913
165.46	68.9919	-69.5123	-0.520455
165.48	70.2122	-70.7276	-0.515336
165.5	71.0694	-71.6011	-0.531764
165.52	71.4598	-71.986	-0.526199
165.54	71.4838	-72.0211	-0.537381
165.56	70.9628	-71.5005	-0.537761
165.58	69.6557	-70.1932	-0.537476
165.6	68.3264	-68.8628	-0.536406
165.62	68.6731	-69.2203	-0.547189
165.64	70.8265	-71.3708	-0.54434
165.66	71.3301	-71.8713	-0.541217
165.68	67.8502	-68.3881	-0.537921
165.7	65.4324	-65.9682	-0.535731
165.72	67.4241	-67.9568	-0.532704
165.74	70.2814	-70.8106	-0.529203
165.76	70.652	-71.1702	-0.518271
165.78	68.5225	-69.0218	-0.499249
165.8	68.1453	-68.6539	-0.508587
165.82	70.9269	-71.4394	-0.512466
165.84	71.7044	-72.2278	-0.523408
165.86	70.0452	-70.549	-0.503785
165.88	69.8338	-70.3437	-0.509875
165.9	70.6475	-71.1474	-0.499893
165.92	70.5948	-71.0882	-0.493486
165.94	70.3666	-70.8488	-0.482199
165.96	70.2698	-70.7523	-0.482481
165.98	69.8857	-70.3793	-0.493563
166	68.9744	-69.4789	-0.50444
166.02	67.7703	-68.2741	-0.503812
166.04	67.1729	-67.6928	-0.519865
166.06	67.6655	-68.1749	-0.509398
166.08	68.5457	-69.0884	-0.542739
166.1	69.12	-69.6791	-0.559067
166.12	69.426	-69.9683	-0.54229
166.14	69.8494	-70.3699	-0.520455
166.16	70.2218	-70.7317	-0.509886
166.18	70.0039	-70.5138	-0.509909
166.2	69.1774	-69.687	-0.509607
166.22	68.1974	-68.6959	-0.498492
166.24	67.4756	-67.9793	-0.503716
166.26	67.3621	-67.8716	-0.509507
166.28	67.5112	-68.0374	-0.526248
166.3	67.4872	-68.0188	-0.531615
166.32	67.3796	-67.9329	-0.553389
166.34	67.3709	-67.9462	-0.575361
166.36	67.4145	-67.9846	-0.570046
166.38	67.2617	-67.8323	-0.570605
166.4	66.3755	-66.9351	-0.559595
166.42	65.0737	-65.6435	-0.569722
166.44	64.6961	-65.2707	-0.574574
166.46	66.0957	-66.671	-0.575272
166.48	68.1811	-68.7517	-0.570677
166.5	69.4138	-69.9897	-0.57591
166.52	69.6821	-70.2467	-0.564638
166.54	69.3163	-69.8751	-0.558825
166.56	68.7763	-69.3403	-0.563964
166.58	68.5331	-69.0916	-0.558478
166.6	68.6473	-69.2333	-0.586022
166.62	68.8731	-69.4812	-0.60812
166.64	68.9719	-69.5747	-0.602796
166.66	68.7872	-69.3845	-0.597264
166.68	68.4839	-69.0864	-0.602499
166.7	68.4814	-69.0786	-0.597245
166.72	68.5594	-69.1523	-0.592848
166.74	67.7281	-68.3151	-0.587019
166.76	66.8607	-67.4575	-0.596773
166.78	67.5676	-68.1598	-0.592187
166.8	68.6587	-69.2741	-0.615391
166.82	68.353	-68.9731	-0.62013
166.84	67.3559	-67.9753	-0.619361
166.86	66.7936	-67.4128	-0.619136
166.88	67.0368	-67.6668	-0.629994
166.9	68.0772	-68.7185	-0.641327
166.92	69.2782	-69.9307	-0.652425
166.94	70.1788	-70.8255	-0.646692
166.96	70.8626	-71.4872	-0.624642
166.98	71.3505	-71.9752	-0.624718
167	71.5003	-72.1249	-0.624625
167.02	71.4254	-72.0443	-0.618878
167.04	71.471	-72.0899	-0.618917
167.06	71.5642	-72.1786	-0.614437
167.08	70.64	-71.2498	-0.609881
167.1	68.21	-68.8292	-0.619192
167.12	67.3077	-67.9086	-0.600905
167.14	70.1871	-70.7907	-0.603616
167.16	73.3926	-73.9862	-0.593516
167.18	74.8137	-75.4122	-0.598506
167.2	74.7508	-75.332	-0.581258
167.22	74.2554	-74.8314	-0.575968
167.24	73.3723	-73.9374	-0.565029
167.26	72.4972	-73.0613	-0.564095
167.28	72.6926	-73.2575	-0.564942
167.3	73.037	-73.6134	-0.576338
167.32	72.6781	-73.2598	-0.581721
167.34	71.6759	-72.2513	-0.575326
167.36	71.1566	-71.7368	-0.580159
167.38	71.8699	-72.4505	-0.580586
167.4	73.1812	-73.7567	-0.575513
167.42	74.3345	-74.8991	-0.564592
167.44	75.0029	-75.562	-0.559135
167.46	75.0269	-75.5805	-0.553644
167.48	74.362	-74.9101	-0.54815
167.5	73.1665	-73.7198	-0.553291
167.52	72.0431	-72.618	-0.574894
167.54	71.5511	-72.1094	-0.558329
167.56	71.8615	-72.4201	-0.558608
167.58	72.5412	-73.0946	-0.553422
167.6	73.0999	-73.6586	-0.558766
167.62	73.5589	-74.1122	-0.553246
167.64	73.8811	-74.429	-0.547963
167.66	73.8143	-74.3678	-0.553515
167.68	73.3005	-73.8538	-0.553303
167.7	72.713	-73.2661	-0.553139
167.72	72.3713	-72.9027	-0.531479
167.74	71.9919	-72.5292	-0.537358
167.76	71.2454	-71.7715	-0.526125
167.78	70.6414	-71.1891	-0.547708
167.8	70.6367	-71.18	-0.543294
167.82	70.0994	-70.6488	-0.549429
167.84	68.858	-69.3995	-0.541556
167.86	69.6948	-70.2316	-0.536778
167.88	71.9298	-72.4675	-0.537657
167.9	73.7017	-74.2451	-0.543404
167.92	74.1648	-74.6975	-0.532724
167.94	72.904	-73.4473	-0.543378
167.96	70.563	-71.1108	-0.547725
167.98	68.9615	-69.5028	-0.541323
168	69.3964	-69.9217	-0.525343
168.02	71.1614	-71.6875	-0.526134
168.04	72.8912	-73.4285	-0.537352
168.06	73.911	-74.4538	-0.542806
168.08	74.148	-74.6961	-0.548096
168.1	73.8697	-74.4229	-0.553148
168.12	73.7058	-74.2588	-0.553049
168.14	73.8103	-74.3528	-0.542467
168.16	73.712	-74.2653	-0.55329
168.18	73.4893	-74.037	-0.547694
168.2	73.318	-73.8604	-0.542329
168.22	73.1499	-73.6976	-0.547762
168.24	73.1027	-73.6513	-0.548629
168.26	72.0907	-72.6585	-0.567884
168.28	68.9114	-69.4675	-0.556113
168.3	70.8761	-71.438	-0.561875
168.32	72.8952	-73.4622	-0.567053
168.34	72.2928	-72.8458	-0.553091
168.36	72.4533	-73.0063	-0.553023
168.38	73.5146	-74.0852	-0.570623
168.4	73.8926	-74.4577	-0.565026
168.42	73.5692	-74.1719	-0.602648
168.44	73.4285	-74.042	-0.613447
168.46	73.7391	-74.336	-0.596925
168.48	74.451	-75.0593	-0.608266
168.5	74.9644	-75.584	-0.619672
168.52	74.6185	-75.2658	-0.647307
168.54	73.199	-73.8405	-0.641555
168.56	71.3524	-72.004	-0.651576
168.58	70.5549	-71.2008	-0.645855
168.6	71.3846	-72.0365	-0.651894
168.62	72.9899	-73.6539	-0.664035
168.64	73.7452	-74.4091	-0.663894
168.66	73.7392	-74.4079	-0.6687
168.68	73.5378	-74.202	-0.664153
168.7	72.2243	-72.9042	-0.679868
168.72	70.6248	-71.3041	-0.679293
168.74	69.8482	-70.5327	-0.684518
168.76	70.1314	-70.8224	-0.690946
168.78	70.5136	-71.1983	-0.684725
168.8	71.6458	-72.3304	-0.68456
168.82	73.459	-74.1392	-0.680237
168.84	74.2822	-74.9515	-0.669303
168.86	73.7423	-74.4056	-0.663269
168.88	72.6287	-73.3021	-0.673359
168.9	72.2295	-72.886	-0.656548
168.92	73.1182	-73.7642	-0.645979
168.94	74.8562	-75.5024	-0.646196
168.96	76.9495	-77.6126	-0.66306
168.98	78.679	-79.3423	-0.663383
169	79.5118	-80.192	-0.680141
169.02	79.0657	-79.7303	-0.664558
169.04	76.8799	-77.5385	-0.658644
169.06	74.4723	-75.1354	-0.663056
169.08	73.9216	-74.5745	-0.652953
169.1	74.5308	-75.1794	-0.648609
169.12	75.5359	-76.1608	-0.624953
169.14	78.2374	-78.853	-0.615532
169.16	80.6334	-81.238	-0.604601
169.18	81.6557	-82.2597	-0.603972
169.2	81.6546	-82.2525	-0.597825
169.22	81.3383	-81.9577	-0.619398
169.24	81.077	-81.7022	-0.625226
169.26	80.4171	-81.0538	-0.636777
169.28	78.7976	-79.4395	-0.641891
169.3	76.9115	-77.5581	-0.646689
169.32	76.0621	-76.7246	-0.662509
169.34	76.8436	-77.5293	-0.685706
169.36	77.4987	-78.2014	-0.702692
169.38	76.8929	-77.5786	-0.685729
169.4	75.6565	-76.3361	-0.679555
169.42	74.7751	-75.449	-0.673912
169.44	74.6631	-75.3538	-0.690703
169.46	74.5832	-75.2752	-0.691993
169.48	73.1174	-73.7971	-0.679702
169.5	71.8803	-72.548	-0.66774
169.52	72.3419	-73.01	-0.668127
169.54	74.1272	-74.8016	-0.674352
169.56	75.8404	-76.5267	-0.686337
169.58	75.8694	-76.5497	-0.680354
169.6	74.6891	-75.3629	-0.673796
169.62	73.7412	-74.4089	-0.667685
169.64	73.8469	-74.515	-0.668112
169.66	74.4888	-75.152	-0.663168
169.68	74.906	-75.5527	-0.646712
169.7	74.9592	-75.6057	-0.646419
169.72	74.9607	-75.6125	-0.651787
169.74	75.0295	-75.6925	-0.662975
169.76	74.9018	-75.5922	-0.690364
169.78	74.5806	-75.2764	-0.695839
169.8	74.1111	-74.8017	-0.690582
169.82	73.2976	-73.983	-0.685372
169.84	72.0307	-72.7213	-0.690551
169.86	71.0312	-71.7155	-0.684223
169.88	71.3901	-72.0917	-0.701628
169.9	71.902	-72.5992	-0.697155
169.92	71.3008	-72.0019	-0.701146
169.94	71.2267	-71.9056	-0.678872
169.96	71.99	-72.6593	-0.669312
169.98	71.6986	-72.3679	-0.66928
170	70.2363	-70.9317	-0.695386
170.02	69.3823	-70.0821	-0.699815
170.04	70.446	-71.1468	-0.700783
170.06	72.1961	-72.8979	-0.701759
170.08	73.1162	-73.8235	-0.707319
170.1	72.9921	-73.6989	-0.706805
170.12	72.5831	-73.2947	-0.711645
170.14	72.7815	-73.4879	-0.706376
170.16	73.4027	-74.1151	-0.71243
170.18	73.7029	-74.3989	-0.69592
170.2	73.7139	-74.4149	-0.701032
170.22	73.8511	-74.5414	-0.690249
170.24	73.9838	-74.6797	-0.695895
170.26	73.9726	-74.6681	-0.695494
170.28	74.3465	-75.0581	-0.711615
170.3	75.4465	-76.1312	-0.684693
170.32	76.6017	-77.2872	-0.685459
170.34	76.8462	-77.5317	-0.685504
170.36	76.3061	-76.9909	-0.68485
170.38	75.8721	-76.5574	-0.685264
170.4	75.2744	-75.9708	-0.696393
170.42	74.4142	-75.1208	-0.706565
170.44	74.2732	-74.9962	-0.72303
170.46	74.8292	-75.5586	-0.72934
170.48	75.1325	-75.8453	-0.712787
170.5	75.3935	-76.1001	-0.706654
170.52	76.5446	-77.2621	-0.717462
170.54	78.8125	-79.5253	-0.712711
170.56	80.8455	-81.5492	-0.703682
170.58	80.0485	-80.7634	-0.714889
170.6	76.9651	-77.6756	-0.710515
170.62	76.8642	-77.5768	-0.712534
170.64	77.9286	-78.6427	-0.714141
170.66	77.2886	-78.0175	-0.728821
170.68	76.6237	-77.3463	-0.722627
170.7	76.7898	-77.5132	-0.723471
170.72	76.806	-77.524	-0.717967
170.74	76.5311	-77.243	-0.711924
170.76	76.5583	-77.2647	-0.706432
170.78	76.8475	-77.5596	-0.712097
170.8	77.0599	-77.7611	-0.701228
170.82	77.0169	-77.7289	-0.71203
170.84	76.9542	-77.655	-0.700781
170.86	77.2094	-77.8994	-0.690052
170.88	77.5018	-78.1704	-0.668609
170.9	77.2721	-77.9573	-0.685233
170.92	76.538	-77.2334	-0.69536
170.94	76.4798	-77.1752	-0.695401
170.96	77.3003	-78.0013	-0.701006
170.98	78.5015	-79.2029	-0.701452
171	79.2946	-80.0072	-0.712666
171.02	79.0942	-79.8074	-0.713219
171.04	77.1979	-77.8904	-0.692502
171.06	73.0996	-73.7841	-0.684502
171.08	71.388	-72.0817	-0.69369
171.1	73.9623	-74.6666	-0.704259
171.12	74.7964	-75.5046	-0.708273
171.14	74.3246	-75.026	-0.701447
171.16	74.3168	-75.0123	-0.695506
171.18	75.348	-76.049	-0.701027
171.2	77.2345	-77.9249	-0.690404
171.22	79.297	-79.9932	-0.696111
171.24	80.9412	-81.6321	-0.690867
171.26	81.6448	-82.3522	-0.707395
171.28	81.1795	-81.8925	-0.712911
171.3	79.557	-80.2699	-0.712941
171.32	77.1037	-77.8159	-0.712176
171.34	75.3018	-76.0349	-0.733117
171.36	75.5419	-76.2923	-0.750455
171.38	76.8054	-77.5399	-0.734494
171.4	78.118	-78.8578	-0.739744
171.42	79.3023	-80.0314	-0.729118
171.44	79.7679	-80.4697	-0.701767
171.46	79.2652	-79.9665	-0.701343
171.48	78.3578	-79.0531	-0.695302
171.5	77.8035	-78.4934	-0.689853
171.52	77.6782	-78.3737	-0.695404
171.54	77.9306	-78.6094	-0.678763
171.56	78.7103	-79.3839	-0.673551
171.58	79.622	-80.2903	-0.668286
171.6	80.2867	-80.9549	-0.66823
171.62	80.6748	-81.3489	-0.674042
171.64	80.3822	-81.0622	-0.680055
171.66	79.0635	-79.7536	-0.690171
171.68	78.1077	-78.7865	-0.678778
171.7	78.1583	-78.8331	-0.674752
171.72	77.8563	-78.5523	-0.695981
171.74	77.8846	-78.5914	-0.706821
171.76	78.3681	-79.0648	-0.696684
171.78	78.4381	-79.1284	-0.690276
171.8	78.9862	-79.6654	-0.679246
171.82	80.2651	-80.95	-0.684843
171.84	81.8498	-82.5246	-0.674745
171.86	82.4603	-83.1248	-0.664525
171.88	81.2463	-81.9099	-0.663638
171.9	79.7023	-80.3699	-0.667565
171.92	79.8474	-80.5327	-0.685228
171.94	80.4166	-81.1136	-0.696936
171.96	80.3131	-81.0201	-0.707044
171.98	80.3474	-81.0543	-0.706886
172	80.7932	-81.4948	-0.701514
172.02	81.3952	-82.0862	-0.690963
172.04	81.6195	-82.3108	-0.691249
172.06	81.2704	-81.9609	-0.690421
172.08	81.2998	-81.9681	-0.668359
172.1	81.9366	-82.6108	-0.674193
172.12	82.611	-83.2964	-0.68533
172.14	82.9564	-83.6307	-0.674326
172.16	83.0011	-83.6642	-0.66306
172.18	83.0972	-83.7435	-0.646343
172.2	83.4936	-84.1293	-0.6357
172.22	83.809	-84.4555	-0.646506
172.24	84.0144	-84.6502	-0.635858
172.26	83.5841	-84.2268	-0.64262
172.28	81.3049	-81.9472	-0.642262
172.3	78.3795	-79.0147	-0.635256
172.32	76.9642	-77.5947	-0.630442
172.34	76.9701	-77.6049	-0.634781
172.36	79.1309	-79.7616	-0.630648
172.38	81.5642	-82.1954	-0.63123
172.4	82.9847	-83.6151	-0.630409
172.42	83.9605	-84.5964	-0.635892
172.44	84.3116	-84.9585	-0.646945
172.46	83.7915	-84.4269	-0.635393
172.48	83.068	-83.6919	-0.623996
172.5	82.6925	-83.3166	-0.624143
172.52	82.4798	-83.099	-0.619234
172.54	81.7457	-82.3765	-0.630748
172.56	79.9817	-80.6242	-0.642478
172.58	77.0571	-77.7037	-0.646613
172.6	76.1409	-76.7815	-0.640566
172.62	77.5208	-78.1594	-0.638638
172.64	76.9405	-77.5705	-0.630036
172.66	77.0332	-77.6686	-0.635375
172.68	78.0708	-78.7072	-0.636367
172.7	78.5724	-79.203	-0.630553
172.72	78.7104	-79.3345	-0.624122
172.74	79.4879	-80.1122	-0.624264
172.76	80.5794	-81.199	-0.619559
172.78	80.8223	-81.4419	-0.619591
172.8	79.9845	-80.6094	-0.624925
172.82	78.2576	-78.8777	-0.620079
172.84	75.3705	-75.9849	-0.614399
172.86	72.7756	-73.3938	-0.618106
172.88	72.6991	-73.3187	-0.619585
172.9	73.8335	-74.4418	-0.608378
172.92	75.375	-75.9789	-0.603949
172.94	75.8004	-76.3925	-0.592133
172.96	75.8245	-76.438	-0.613454
172.98	76.1733	-76.7761	-0.60278
173	76.3096	-76.9071	-0.597477
173.02	75.8362	-76.4332	-0.596958
173.04	75.2781	-75.858	-0.579937
173.06	75.3001	-75.8746	-0.574552
173.08	75.7428	-76.3341	-0.591333
173.1	76.0756	-76.6835	-0.607912
173.12	76.0287	-76.6202	-0.591492
173.14	75.5719	-76.1632	-0.591315
173.16	75.0187	-75.6207	-0.601926
173.18	74.8593	-75.4669	-0.607522
173.2	74.9929	-75.5898	-0.596903
173.22	75.0054	-75.6023	-0.596883
173.24	74.8608	-75.4631	-0.602267
173.26	74.7029	-75.3107	-0.6078
173.28	74.52	-75.1334	-0.613466
173.3	74.192	-74.8109	-0.618891
173.32	73.9289	-74.553	-0.624133
173.34	74.1285	-74.7527	-0.62428
173.36	74.5995	-75.2136	-0.614023
173.38	74.4435	-75.0302	-0.58662
173.4	73.8048	-74.3957	-0.590945
173.42	74.0948	-74.6969	-0.602045
173.44	75.1301	-75.7279	-0.597794
173.46	75.3846	-75.9769	-0.592274
173.48	74.7948	-75.3758	-0.581009
173.5	73.8089	-74.3846	-0.575742
173.52	72.6784	-73.2364	-0.558036
173.54	72.965	-73.5288	-0.56376
173.56	74.345	-74.9099	-0.564867
173.58	75.1605	-75.7254	-0.564929
173.6	75.0457	-75.6214	-0.575637
173.62	74.4443	-75.0414	-0.597118
173.64	74.0532	-74.6228	-0.569535
173.66	74.357	-74.9263	-0.56932
173.68	75.5117	-76.0925	-0.580815
173.7	76.6604	-77.2418	-0.58138
173.72	76.8741	-77.4442	-0.570148
173.74	76.3663	-76.9305	-0.564201
173.76	75.7195	-76.2837	-0.564159
173.78	75.1186	-75.6716	-0.553096
173.8	74.7926	-75.3454	-0.55281
173.82	75.0003	-75.559	-0.558714
173.84	75.2263	-75.7853	-0.559012
173.86	75.0528	-75.617	-0.564237
173.88	74.7653	-75.3348	-0.569531
173.9	74.6479	-75.2119	-0.563986
173.92	74.9329	-75.4856	-0.552618
173.94	75.9094	-76.4626	-0.553226
173.96	76.6862	-77.2509	-0.56467
173.98	76.4312	-77.001	-0.569769
174	75.4955	-76.0648	-0.569261
174.02	74.567	-75.1417	-0.574733
174.04	73.7352	-74.3104	-0.575136
174.06	72.5965	-73.1718	-0.575215
174.08	71.2588	-71.828	-0.569179
174.1	70.5499	-71.1191	-0.569165
174.12	70.5404	-71.1156	-0.575282
174.14	70.5429	-71.1123	-0.569389
174.16	70.9541	-71.5177	-0.563675
174.18	71.8898	-72.4489	-0.559105
174.2	72.2084	-72.7674	-0.559066
174.22	71.9165	-72.4857	-0.569156
174.24	72.0756	-72.6392	-0.56358
174.26	72.7752	-73.3393	-0.564122
174.28	73.2068	-73.7766	-0.569783
174.3	72.9932	-73.5572	-0.563912
174.32	72.6271	-73.196	-0.568883
174.34	72.7686	-73.3375	-0.568883
174.36	73.4726	-74.0363	-0.563703
174.38	74.3643	-74.9391	-0.574802
174.4	75.2491	-75.8185	-0.569365
174.42	76.0523	-76.6273	-0.575057
174.44	76.4999	-77.0699	-0.570013
174.46	76.1227	-76.6984	-0.575695
174.48	74.9592	-75.5341	-0.574897
174.5	74.3689	-74.9594	-0.590537
174.52	75.414	-76.011	-0.597001
174.54	76.8465	-77.4332	-0.586724
174.56	77.4781	-78.07	-0.591932
174.58	77.5426	-78.1229	-0.580285
174.6	77.9975	-78.5664	-0.568926
174.62	79.319	-79.8888	-0.569726
174.64	80.3856	-80.9674	-0.581856
174.66	79.6832	-80.243	-0.559836
174.68	77.5727	-78.131	-0.558265
174.7	76.2684	-76.8426	-0.574109
174.72	76.8297	-77.4045	-0.574795
174.74	78.1834	-78.7374	-0.553971
174.76	78.6862	-79.2455	-0.559318
174.78	78.1759	-78.7456	-0.569711
174.8	77.2985	-77.8624	-0.563909
174.82	76.5636	-77.1273	-0.563732
174.84	76.2334	-76.8027	-0.569337
174.86	76.1638	-76.7332	-0.569486
174.88	76.1452	-76.7146	-0.569396
174.9	76.2227	-76.7975	-0.574823
174.92	76.4453	-77.0202	-0.574887
174.94	76.7367	-77.3118	-0.575072
174.96	76.8502	-77.4146	-0.56442
174.98	76.4459	-77.0052	-0.559322
175	75.0956	-75.6717	-0.576162
175.02	72.7442	-73.3192	-0.574984
175.04	71.3559	-71.9295	-0.573544
175.06	72.7814	-73.3671	-0.585729
175.08	75.3384	-75.9253	-0.586918
175.1	76.9037	-77.5071	-0.603374
175.12	76.9895	-77.5761	-0.586584
175.14	75.947	-76.5276	-0.580648
175.16	74.4871	-75.0836	-0.596474
175.18	73.5665	-74.1627	-0.596195
175.2	73.5974	-74.2052	-0.607788
175.22	73.8479	-74.4397	-0.591847
175.24	73.6188	-74.2051	-0.586307
175.26	72.9722	-73.5471	-0.574902
175.28	72.4574	-73.0431	-0.585722
175.3	72.3319	-72.9341	-0.602284
175.32	72.4099	-73.0069	-0.597051
175.34	72.3213	-72.924	-0.602672
175.36	72.0007	-72.6027	-0.601976
175.38	72.3089	-72.9162	-0.607332
175.4	73.2938	-73.8858	-0.592037
175.42	73.4803	-74.0674	-0.587038
175.44	72.3529	-72.9442	-0.591283
175.46	71.6564	-72.2467	-0.590363
175.48	72.5441	-73.1358	-0.591625
175.5	73.4299	-74.0384	-0.608518
175.52	73.3758	-73.9894	-0.613568
175.54	72.8011	-73.4143	-0.613208
175.56	72.2309	-72.8329	-0.602051
175.58	71.9507	-72.5421	-0.591365
175.6	71.6212	-72.213	-0.591749
175.62	70.7453	-71.3205	-0.57528
175.64	69.4994	-70.0632	-0.563766
175.66	68.7931	-69.3618	-0.568748
175.68	69.2766	-69.8568	-0.580227
175.7	70.2175	-70.8039	-0.586364
175.72	70.6145	-71.2009	-0.586364
175.74	70.3574	-70.9545	-0.597041
175.76	69.8873	-70.473	-0.585727
175.78	69.7084	-70.327	-0.618632
175.8	69.7508	-70.3807	-0.629877
175.82	69.7592	-70.3889	-0.629687
175.84	69.8971	-70.5326	-0.635415
175.86	69.9465	-70.5821	-0.635559
175.88	69.8432	-70.4837	-0.640429
175.9	70.3815	-71.0325	-0.650988
175.92	71.9782	-72.6299	-0.651651
175.94	73.6712	-74.307	-0.635805
175.96	74.4391	-75.0857	-0.646637
175.98	74.3222	-74.9738	-0.651573
176	74.0165	-74.6843	-0.667753
176.02	73.994	-74.6564	-0.662445
176.04	74.1251	-74.7824	-0.657249
176.06	74.1487	-74.795	-0.646242
176.08	74.2353	-74.8759	-0.640604
176.1	74.6134	-75.2435	-0.630036
176.12	74.8468	-75.4715	-0.624755
176.14	74.6586	-75.272	-0.613423
176.16	74.6135	-75.2263	-0.612705
176.18	75.6919	-76.3157	-0.623762
176.2	77.7015	-78.3538	-0.652329
176.22	79.0794	-79.7378	-0.658359
176.24	79.0886	-79.7464	-0.657814
176.26	78.7956	-79.4468	-0.651258
176.28	79.5554	-80.1965	-0.641118
176.3	80.5503	-81.197	-0.646686
176.32	81.3102	-81.9625	-0.652228
176.34	81.5589	-82.2116	-0.65274
176.36	80.6607	-81.3082	-0.647441
176.38	78.6209	-79.2675	-0.646541
176.4	77.0516	-77.6914	-0.639787
176.42	77.6328	-78.2632	-0.630403
176.44	78.5366	-79.1795	-0.642878
176.46	77.7589	-78.401	-0.642095
176.48	76.4041	-77.0559	-0.651744
176.5	76.386	-77.044	-0.658094
176.52	76.8069	-77.4716	-0.664627
176.54	76.2729	-76.9368	-0.663896
176.56	75.784	-76.4466	-0.662616
176.58	76.9114	-77.5854	-0.673981
176.6	78.9402	-79.6149	-0.674677
176.62	80.3392	-81.0139	-0.674752
176.64	80.437	-81.1008	-0.663844
176.66	79.1375	-79.8003	-0.662797
176.68	77.838	-78.5108	-0.672724
176.7	77.8714	-78.5446	-0.673156
176.72	78.7171	-79.3852	-0.668026
176.74	79.6758	-80.3496	-0.673736
176.76	80.2832	-80.9628	-0.679594
176.78	79.9785	-80.653	-0.674425
176.8	78.5345	-79.2196	-0.685117
176.82	76.7266	-77.4163	-0.689722
176.84	75.9921	-76.6818	-0.689641
176.86	76.6921	-77.3932	-0.701024
176.88	78.0868	-78.783	-0.696274
176.9	78.9543	-79.6563	-0.701991
176.92	78.7862	-79.4823	-0.696103
176.94	78.0613	-78.7571	-0.695872
176.96	77.1008	-77.7861	-0.685302
176.98	75.6927	-76.3776	-0.6849
177	74.4588	-75.1487	-0.689908
177.02	74.1179	-74.8189	-0.700938
177.04	74.5311	-75.2325	-0.70143
177.06	74.9861	-75.682	-0.695907
177.08	75.3443	-76.0287	-0.684441
177.1	76.0266	-76.7055	-0.678858
177.12	76.9212	-77.5841	-0.662872
177.14	77.2773	-77.9349	-0.657632
177.16	76.7035	-77.3552	-0.65171
177.18	75.8366	-76.4877	-0.65112
177.2	75.4406	-76.0975	-0.656873
177.22	75.177	-75.8233	-0.646291
177.24	74.4957	-75.1419	-0.646223
177.26	73.554	-74.1998	-0.645819
177.28	72.9607	-73.601	-0.640322
177.3	72.8319	-73.4785	-0.64659
177.32	72.3926	-73.0339	-0.641374
177.34	71.9664	-72.606	-0.639564
177.36	73.5871	-74.2281	-0.640922
177.38	75.6966	-76.3495	-0.652869
177.4	76.4907	-77.1484	-0.657738
177.42	76.4169	-77.0634	-0.646467
177.44	75.8058	-76.4584	-0.652684
177.46	73.9644	-74.6057	-0.641366
177.48	71.6839	-72.3236	-0.639672
177.5	71.3495	-71.9833	-0.633775
177.52	73.5362	-74.1716	-0.635339
177.54	76.1118	-76.7592	-0.647376
177.56	77.2304	-77.8725	-0.642112
177.58	76.4663	-77.1133	-0.64702
177.6	74.6973	-75.3436	-0.646339
177.62	73.2037	-73.8331	-0.629442
177.64	72.8248	-73.4602	-0.635343
177.66	73.1168	-73.7577	-0.640947
177.68	73.7062	-74.3468	-0.640624
177.7	74.6636	-75.3046	-0.641033
177.72	75.3465	-75.9712	-0.62469
177.74	75.3999	-76.0355	-0.635584
177.76	74.8151	-75.4399	-0.624721
177.78	73.6492	-74.268	-0.618814
177.8	72.8215	-73.4338	-0.612314
177.82	73.6047	-74.2122	-0.60752
177.84	75.1873	-75.8064	-0.619106
177.86	76.4291	-77.043	-0.61392
177.88	76.7686	-77.3609	-0.592245
177.9	75.9754	-76.5728	-0.597396
177.92	74.868	-75.4752	-0.607228
177.94	74.8594	-75.4676	-0.608181
177.96	75.0988	-75.7017	-0.602938
177.98	75.3187	-75.9096	-0.5909
178	76.6032	-77.1892	-0.586032
178.02	78.0371	-78.6462	-0.609025
178.04	77.9673	-78.5763	-0.609047
178.06	76.2468	-76.8445	-0.597745
178.08	73.9666	-74.5569	-0.590313
178.1	74.2242	-74.836	-0.611818
178.12	77.3402	-77.9491	-0.608843
178.14	79.7963	-80.4105	-0.614199
178.16	80.7759	-81.3951	-0.61924
178.18	80.6217	-81.2407	-0.619027
178.2	79.6141	-80.2331	-0.61901
178.22	77.9674	-78.5973	-0.629906
178.24	76.0298	-76.6485	-0.618757
178.26	74.3865	-74.9834	-0.596846
178.28	73.3785	-73.9705	-0.591937
178.3	73.1845	-73.7752	-0.590655
178.32	74.8385	-75.4424	-0.603896
178.34	75.6569	-76.2553	-0.598406
178.36	74.7197	-75.3229	-0.603175
178.38	72.9389	-73.53	-0.591155
178.4	72.0726	-72.6514	-0.578829
178.42	73.623	-74.2088	-0.585809
178.44	75.6685	-76.2442	-0.575672
178.46	76.5863	-77.1671	-0.580765
178.48	76.5107	-77.0966	-0.585884
178.5	75.9544	-76.5345	-0.580142
178.52	75.3081	-75.8775	-0.569378
178.54	74.3933	-74.9521	-0.558854
178.56	72.8814	-73.4397	-0.558311
178.58	71.6045	-72.1625	-0.557986
178.6	70.9632	-71.5279	-0.564734
178.62	69.4945	-70.0707	-0.576237
178.64	67.2794	-67.8639	-0.584556
178.66	67.4013	-67.9879	-0.586517
178.68	67.9853	-68.5724	-0.587064
178.7	67.5302	-68.1109	-0.580722
178.72	66.8299	-67.4047	-0.574836
178.74	66.5419	-67.1216	-0.579746
178.76	67.3567	-67.9419	-0.585248
178.78	69.0914	-69.6611	-0.569671
178.8	70.4596	-71.0187	-0.559094
178.82	70.7478	-71.3121	-0.564283
178.84	70.3619	-70.9253	-0.563445
178.86	70.4362	-70.9939	-0.557731
178.88	71.2724	-71.8253	-0.552946
178.9	71.9378	-72.4861	-0.548296
178.92	71.2827	-71.8266	-0.543884
178.94	68.4432	-68.9864	-0.543139
178.96	65.777	-66.322	-0.54501
178.98	67.6038	-68.1519	-0.548155
179	70.3988	-70.9484	-0.549524
179.02	71.2587	-71.807	-0.548265
179.04	71.2108	-71.7693	-0.558474
179.06	71.2134	-71.7775	-0.564036
179.08	71.2627	-71.8267	-0.564061
179.1	71.3811	-71.9504	-0.569295
179.12	71.8008	-72.3594	-0.558575
179.14	72.19	-72.7491	-0.55905
179.16	71.9208	-72.4745	-0.553665
179.18	71.1088	-71.6669	-0.558078
179.2	71.2155	-71.768	-0.552557
179.22	72.3211	-72.8749	-0.55378
179.24	72.8786	-73.4323	-0.553708
179.26	72.7818	-73.3457	-0.56391
179.28	72.9262	-73.49	-0.563884
179.3	73.4416	-74.0113	-0.569679
179.32	74.0386	-74.6189	-0.580262
179.34	75.0357	-75.6216	-0.585941
179.36	76.0772	-76.6581	-0.580888
179.38	76.4049	-76.9971	-0.592179
179.4	75.4891	-76.0868	-0.597682
179.42	73.5019	-74.1042	-0.60229
179.44	71.8914	-72.4983	-0.606836
179.46	72.0391	-72.6574	-0.618313
179.48	73.3415	-73.9606	-0.619093
179.5	74.5619	-75.1811	-0.619201
179.52	75.2216	-75.8353	-0.613752
179.54	75.1796	-75.7824	-0.602749
179.56	74.4748	-75.0828	-0.608066
179.58	73.3461	-73.9432	-0.597055
179.6	72.0323	-72.6403	-0.608042
179.62	70.8295	-71.4314	-0.601882
179.64	70.9317	-71.5492	-0.617506
179.66	73.2005	-73.8192	-0.618694
179.68	76.0296	-76.6437	-0.614087
179.7	77.8919	-78.5005	-0.608624
179.72	78.454	-79.057	-0.602969
179.74	77.8918	-78.4891	-0.597262
179.76	76.5851	-77.1821	-0.597061
179.78	74.9325	-75.5295	-0.597024
179.8	73.2194	-73.8216	-0.602291
179.82	71.9633	-72.5706	-0.607319
179.84	71.884	-72.5077	-0.623692
179.86	73.0488	-73.6456	-0.596798
179.88	74.7068	-75.3038	-0.597021
179.9	76.3456	-76.9371	-0.591497
179.92	77.8286	-78.426	-0.597319
179.94	78.6636	-79.2617	-0.598091
179.96	77.9352	-78.5559	-0.620685
179.98	75.4484	-76.0786	-0.630163
180	73.7861	-74.4206	-0.634461
180.02	74.5286	-75.1325	-0.603878
180.04	75.0199	-75.6352	-0.615257
180.06	74.4395	-75.0317	-0.592162
180.08	74.706	-75.2912	-0.585233
180.1	77.4763	-78.0577	-0.58137
180.12	80.6102	-81.2144	-0.604168
180.14	82.1981	-82.7963	-0.598167
180.16	82.4392	-83.0257	-0.58646
180.18	82.1972	-82.7835	-0.586251
180.2	81.7348	-82.3108	-0.575974
180.22	80.3796	-80.956	-0.576413
180.24	78.1686	-78.7491	-0.580489
180.26	77.2546	-77.8234	-0.568773
180.28	78.7118	-79.2874	-0.575594
180.3	80.6275	-81.2097	-0.582183
180.32	81.074	-81.656	-0.581985
180.34	80.0225	-80.6147	-0.592199
180.36	78.5908	-79.1877	-0.596925
180.38	77.8409	-78.4598	-0.618869
180.4	77.8753	-78.489	-0.613736
180.42	78.3199	-78.9395	-0.619563
180.44	78.5891	-79.2097	-0.620606
180.46	77.5474	-78.1576	-0.610217
180.48	75.2284	-75.8362	-0.607838
180.5	74.8061	-75.4032	-0.597172
180.52	76.2775	-76.8815	-0.603937
180.54	77.3502	-77.9541	-0.603899
180.56	77.4413	-78.0393	-0.598059
180.58	76.8813	-77.4735	-0.59217
180.6	76.2609	-76.8419	-0.580985
180.62	76.0316	-76.6176	-0.586069
180.64	76.6695	-77.2557	-0.586128
180.66	77.8348	-78.4221	-0.587268
180.68	77.9221	-78.5097	-0.587654
180.7	76.4355	-77.0222	-0.586772
180.72	74.7795	-75.349	-0.569464
180.74	74.4452	-75.009	-0.563789
180.76	75.9852	-76.5546	-0.569356
180.78	78.8968	-79.4727	-0.57588
180.8	81.3591	-81.9245	-0.56536
180.82	82.2891	-82.8653	-0.57621
180.84	81.644	-82.2143	-0.570262
180.86	80.1791	-80.7487	-0.569536
180.88	79.1009	-79.6698	-0.56884
180.9	79.4946	-80.0691	-0.574486
180.92	81.0984	-81.6795	-0.581074
180.94	82.3621	-82.9273	-0.565205
180.96	82.3949	-82.9708	-0.575918
180.98	81.4682	-82.0436	-0.575395
181	80.3719	-80.958	-0.586063
181.02	79.7256	-80.3116	-0.585981
181.04	79.6902	-80.2766	-0.586386
181.06	79.7542	-80.3463	-0.592125
181.08	79.5539	-80.1349	-0.58096
181.1	79.404	-79.9735	-0.569544
181.12	79.952	-80.5215	-0.569447
181.14	81.1501	-81.715	-0.564903
181.16	81.7314	-82.291	-0.559591
181.18	81.1812	-81.741	-0.559873
181.2	79.1623	-79.7337	-0.5714
181.22	75.8028	-76.3828	-0.57996
181.24	74.6424	-75.2269	-0.584414
181.26	77.0293	-77.6215	-0.592263
181.28	79.7029	-80.2904	-0.58754
181.3	80.905	-81.4975	-0.592507
181.32	80.8652	-81.4625	-0.597351
181.34	80.3252	-80.9058	-0.580549
181.36	79.7747	-80.3553	-0.580619
181.38	79.2138	-79.7946	-0.580823
181.4	78.4494	-79.0301	-0.580683
181.42	77.7193	-78.3053	-0.585961
181.44	77.3044	-77.8911	-0.586669
181.46	76.4583	-77.0344	-0.576103
181.48	75.2411	-75.8153	-0.57412
181.5	75.9336	-76.5084	-0.574847
181.52	77.6983	-78.2688	-0.57052
181.54	78.5724	-79.1482	-0.575753
181.56	78.4247	-78.9999	-0.575255
181.58	77.7889	-78.3474	-0.558461
181.6	77.1508	-77.7147	-0.563864
181.62	76.7224	-77.2971	-0.574777
181.64	76.5122	-77.0925	-0.580362
181.66	76.3501	-76.9196	-0.569527
181.68	76.1357	-76.6941	-0.558348
181.7	76.2005	-76.7641	-0.563609
181.72	76.8614	-77.431	-0.569598
181.74	77.4687	-78.0449	-0.576167
181.76	76.9549	-77.5251	-0.570144
181.78	76.3948	-76.9645	-0.569746
181.8	76.0998	-76.6888	-0.588991
181.82	73.3737	-73.9605	-0.58684
181.84	71.381	-71.9656	-0.58465
181.86	72.7517	-73.3441	-0.592437
181.88	74.3862	-74.9733	-0.587049
181.9	75.2546	-75.841	-0.586378
181.92	75.8946	-76.4804	-0.585821
181.94	76.8957	-77.4761	-0.58034
181.96	78.2715	-78.8409	-0.569492
181.98	79.8364	-80.3952	-0.558813
182	81.0846	-81.6715	-0.586923
182.02	81.0595	-81.6524	-0.59285
182.04	79.4433	-80.0406	-0.597395
182.06	77.8974	-78.499	-0.601651
182.08	78.0128	-78.6104	-0.597596
182.1	78.2979	-78.9122	-0.614285
182.12	78.4399	-79.0473	-0.607351
182.14	79.9222	-80.5414	-0.619276
182.16	81.584	-82.2152	-0.631156
182.18	81.9266	-82.5467	-0.620082
182.2	80.9354	-81.5608	-0.625358
182.22	79.237	-79.8666	-0.629617
182.24	78.7616	-79.3903	-0.62871
182.26	80.4973	-81.1168	-0.619464
182.28	82.3143	-82.9232	-0.608961
182.3	83.0367	-83.64	-0.603298
182.32	82.6739	-83.277	-0.603125
182.34	81.5108	-82.1078	-0.597061
182.36	80.4035	-81.0001	-0.596644
182.38	79.97	-80.5506	-0.580635
182.4	79.8018	-80.3773	-0.575518
182.42	79.5972	-80.1776	-0.580447
182.44	80.1599	-80.7565	-0.596582
182.46	81.712	-82.31	-0.597958
182.48	82.4638	-83.0676	-0.603811
182.5	81.703	-82.3114	-0.608412
182.52	80.6519	-81.2813	-0.629414
182.54	80.6539	-81.3002	-0.646311
182.56	81.2326	-81.8854	-0.652794
182.58	81.2205	-81.8566	-0.636141
182.6	80.7068	-81.3487	-0.641873
182.62	79.5066	-80.1489	-0.64227
182.64	77.5303	-78.1717	-0.641354
182.66	76.577	-77.2222	-0.645158
182.68	78.6456	-79.3035	-0.657887
182.7	81.5196	-82.1785	-0.658868
182.72	83.1157	-83.7743	-0.658543
182.74	83.3588	-84.028	-0.669234
182.76	82.6265	-83.2731	-0.646579
182.78	81.8676	-82.5141	-0.646521
182.8	81.2005	-81.8423	-0.641747
182.82	79.8184	-80.46	-0.641527
182.84	78.1659	-78.817	-0.651056
182.86	78.0504	-78.685	-0.634525
182.88	79.543	-80.1679	-0.624922
182.9	80.7357	-81.3668	-0.631044
182.92	80.5087	-81.1448	-0.636153
182.94	79.3031	-79.9494	-0.646355
182.96	78.24	-78.8967	-0.656688
182.98	78.2861	-78.9318	-0.645711
183	79.4928	-80.1445	-0.65179
183.02	80.9546	-81.6015	-0.646934
183.04	81.7528	-82.3998	-0.647077
183.06	81.7296	-82.3819	-0.652264
183.08	81.3313	-81.9783	-0.647003
183.1	80.5317	-81.1676	-0.635965
183.12	79.4957	-80.1264	-0.630659
183.14	78.0442	-78.6863	-0.642115
183.16	75.923	-76.5804	-0.657408
183.18	74.6502	-75.3129	-0.662763
183.2	74.6532	-75.3057	-0.652494
183.22	75.6208	-76.2554	-0.634551
183.24	78.8708	-79.5019	-0.631085
183.26	81.6952	-82.3333	-0.638097
183.28	81.2688	-81.9063	-0.637478
183.3	78.164	-78.7835	-0.619533
183.32	74.8122	-75.4304	-0.618208
183.34	73.2343	-73.8528	-0.618509
183.36	73.3739	-74.0034	-0.629502
183.38	74.7758	-75.4116	-0.635736
183.4	76.234	-76.8809	-0.646925
183.42	77.0155	-77.6625	-0.646969
183.44	76.7667	-77.4031	-0.636386
183.46	75.0711	-75.6906	-0.61956
183.48	72.7069	-73.3414	-0.634524
183.5	71.6586	-72.2769	-0.618289
183.52	71.7597	-72.3627	-0.603
183.54	71.427	-72.0298	-0.602814
183.56	70.5681	-71.1651	-0.596998
183.58	69.5236	-70.1261	-0.602456
183.6	68.5747	-69.1982	-0.623513
183.62	68.8186	-69.4369	-0.61837
183.64	69.8388	-70.4526	-0.613818
183.66	70.319	-70.9326	-0.613614
183.68	70.284	-70.9082	-0.624227
183.7	70.16	-70.8007	-0.640659
183.72	70.0158	-70.6511	-0.635296
183.74	69.845	-70.4911	-0.646071
183.76	70.0161	-70.6728	-0.65676
183.78	71.0166	-71.6624	-0.645812
183.8	72.7868	-73.4279	-0.641106
183.82	74.2277	-74.8693	-0.641576
183.84	74.5193	-75.177	-0.657708
183.86	73.98	-74.6371	-0.657075
183.88	73.5557	-74.2233	-0.667509
183.9	74.0447	-74.7014	-0.656692
183.92	75.2707	-75.9118	-0.641043
183.94	76.2149	-76.84	-0.625066
183.96	76.2207	-76.8347	-0.613979
183.98	75.5087	-76.1006	-0.591869
184	74.6192	-75.2001	-0.580887
184.02	73.9072	-74.4936	-0.586469
184.04	73.6784	-74.2646	-0.586216
184.06	74.4542	-75.0352	-0.581058
184.08	75.8409	-76.4171	-0.576146
184.1	76.9245	-77.5005	-0.575992
184.12	77.5846	-78.166	-0.58134
184.14	77.7332	-78.3207	-0.587579
184.16	76.5836	-77.182	-0.598426
184.18	74.9768	-75.5841	-0.607314
184.2	75.388	-75.9912	-0.603188
184.22	76.4783	-77.0984	-0.620077
184.24	77.0609	-77.681	-0.620092
184.26	76.9882	-77.6025	-0.614259
184.28	76.8763	-77.4898	-0.613426
184.3	77.5439	-78.1593	-0.615426
184.32	76.6611	-77.2779	-0.616831
184.34	74.1717	-74.7826	-0.610903
184.36	76.4078	-77.0338	-0.626037
184.38	79.171	-79.7873	-0.616291
184.4	79.0281	-79.6484	-0.620351
184.42	77.6713	-78.2894	-0.618185
184.44	77.8593	-78.4836	-0.624254
184.46	79.0564	-79.6708	-0.6144
184.48	79.6551	-80.2804	-0.625302
184.5	79.5587	-80.1726	-0.613827
184.52	79.6286	-80.2364	-0.607787
184.54	80.4354	-81.0396	-0.604287
184.56	79.6403	-80.2354	-0.595061
184.58	76.1451	-76.7416	-0.596426
184.6	75.103	-75.7068	-0.603781
184.62	75.0556	-75.6557	-0.600078
184.64	73.2915	-73.8939	-0.60239
184.66	73.4087	-74.0046	-0.595896
184.68	76.455	-77.0532	-0.598194
184.7	79.1691	-79.7625	-0.593342
184.72	79.9307	-80.5457	-0.614939
184.74	78.9599	-79.574	-0.61413
184.76	77.5137	-78.1157	-0.60201
184.78	77.2654	-77.8675	-0.602098
184.8	78.1884	-78.7916	-0.603237
184.82	78.7305	-79.3232	-0.592793
184.84	78.1469	-78.7554	-0.608498
184.86	77.3176	-77.9199	-0.60232
184.88	77.1128	-77.7154	-0.602607
184.9	77.1756	-77.7675	-0.591837
184.92	77.0892	-77.6975	-0.608282
184.94	76.7534	-77.3615	-0.608066
184.96	76.4313	-77.0391	-0.607731
184.98	76.5424	-77.161	-0.618559
185	77.2048	-77.829	-0.62426
185.02	78.1161	-78.7243	-0.60814
185.04	78.7803	-79.3779	-0.597571
185.06	78.7056	-79.2979	-0.592266
185.08	77.8055	-78.3975	-0.592051
185.1	76.4986	-77.0742	-0.575603
185.12	75.1075	-75.6885	-0.580997
185.14	73.9783	-74.5537	-0.57535
185.16	73.4021	-73.9779	-0.575811
185.18	72.9413	-73.5175	-0.576189
185.2	72.3408	-72.9273	-0.586539
185.22	72.7698	-73.3552	-0.58532
185.24	75.5308	-76.1284	-0.597576
185.26	78.9402	-79.5168	-0.576611
185.28	81.1877	-81.7645	-0.576855
185.3	81.73	-82.3119	-0.581907
185.32	80.9313	-81.5251	-0.593754
185.34	78.1958	-78.7889	-0.59315
185.36	76.2972	-76.8864	-0.589217
185.38	79.0166	-79.6106	-0.594017
185.4	80.76	-81.3756	-0.615593
185.42	80.2157	-80.8423	-0.626636
185.44	77.6193	-78.2389	-0.619655
185.46	75.522	-76.1401	-0.618056
185.48	75.9908	-76.5942	-0.603378
185.5	76.9118	-77.5216	-0.609775
185.52	76.7875	-77.3966	-0.609031
185.54	76.7091	-77.3279	-0.618794
185.56	77.9009	-78.4992	-0.598307
185.58	78.6659	-79.2586	-0.592663
185.6	78.6791	-79.2765	-0.59746
185.62	78.6498	-79.2637	-0.613889
185.64	78.5679	-79.182	-0.614092
185.66	78.2178	-78.837	-0.619196
185.68	78.0848	-78.7092	-0.624434
185.7	78.4218	-79.0467	-0.624943
185.72	78.5658	-79.1746	-0.608776
185.74	78.1594	-78.7732	-0.613804
185.76	77.6655	-78.2847	-0.61922
185.78	77.2134	-77.8326	-0.619188
185.8	76.8949	-77.5083	-0.613376
185.82	77.0774	-77.6802	-0.602777
185.84	77.3341	-77.9373	-0.603189
185.86	77.1203	-77.7288	-0.608505
185.88	76.5844	-77.2038	-0.619482
185.9	75.7758	-76.4065	-0.630787
185.92	74.5421	-75.1889	-0.646849
185.94	73.6854	-74.326	-0.640612
185.96	74.261	-74.913	-0.652053
185.98	75.7456	-76.3872	-0.641574
186	77.1009	-77.7595	-0.658601
186.02	77.3	-77.9587	-0.658729
186.04	76.1056	-76.775	-0.669352
186.06	74.1585	-74.8438	-0.685304
186.08	72.5635	-73.2592	-0.695749
186.1	72.3923	-73.0879	-0.695674
186.12	73.729	-74.426	-0.696967
186.14	74.8172	-75.5149	-0.697727
186.16	74.58	-75.282	-0.701971
186.18	74.3606	-75.051	-0.690397
186.2	74.943	-75.6446	-0.701563
186.22	76.0213	-76.7282	-0.706931
186.24	77.4491	-78.1726	-0.723527
186.26	78.7334	-79.4463	-0.712952
186.28	79.145	-79.8525	-0.707573
186.3	78.4526	-79.1489	-0.696285
186.32	77.1617	-77.8628	-0.701123
186.34	76.2332	-76.9288	-0.69552
186.36	75.9197	-76.6105	-0.690779
186.38	75.3437	-76.0186	-0.674875
186.4	74.1402	-74.8358	-0.695657
186.42	73.8985	-74.5996	-0.701098
186.44	74.6542	-75.3458	-0.691618
186.46	74.5103	-75.2023	-0.692003
186.48	73.0587	-73.7495	-0.690821
186.5	72.9689	-73.6574	-0.688579
186.52	76.3581	-77.0447	-0.686551
186.54	79.0506	-79.7256	-0.674999
186.56	80.4737	-81.1426	-0.668855
186.58	81.2167	-81.8585	-0.641831
186.6	80.8734	-81.5323	-0.658898
186.62	79.0165	-79.664	-0.647548
186.64	76.2563	-76.8939	-0.63757
186.66	72.1075	-72.7549	-0.647379
186.68	69.557	-70.2056	-0.648658
186.7	73.2238	-73.8772	-0.653453
186.72	77.4492	-78.11	-0.660772
186.74	78.4388	-79.0926	-0.653834
186.76	77.7302	-78.3819	-0.651734
186.78	77.9901	-78.6529	-0.662886
186.8	78.9822	-79.6574	-0.675257
186.82	78.7525	-79.4445	-0.691968
186.84	76.8292	-77.5148	-0.685626
186.86	74.7542	-75.4217	-0.667559
186.88	74.7367	-75.4215	-0.684822
186.9	75.882	-76.5625	-0.680559
186.92	76.2705	-76.9565	-0.685975
186.94	75.7424	-76.4055	-0.663117
186.96	75.3158	-75.9895	-0.673726
186.98	75.3741	-76.0373	-0.663236
187	75.3299	-76.0096	-0.679765
187.02	75.043	-75.7331	-0.690153
187.04	75.2624	-75.9412	-0.678837
187.06	76.3312	-76.9997	-0.668513
187.08	77.3651	-78.0558	-0.690723
187.1	77.7354	-78.4317	-0.696267
187.12	77.3778	-78.0518	-0.67393
187.14	76.9514	-77.6247	-0.673305
187.16	77.2359	-77.8934	-0.657504
187.18	77.6149	-78.278	-0.663044
187.2	78.0008	-78.6633	-0.662547
187.22	78.7507	-79.4034	-0.652642
187.24	78.5948	-79.2536	-0.658753
187.26	76.7729	-77.42	-0.647116
187.28	74.4302	-75.0762	-0.645997
187.3	73.3095	-73.9554	-0.645926
187.32	73.7867	-74.4276	-0.640903
187.34	75.1551	-75.7965	-0.641362
187.36	76.5571	-77.1986	-0.641446
187.38	77.5722	-78.2247	-0.65257
187.4	77.8939	-78.5737	-0.679824
187.42	77.7215	-78.4118	-0.690242
187.44	77.7776	-78.446	-0.668434
187.46	77.9913	-78.6823	-0.690952
187.48	77.6128	-78.293	-0.680121
187.5	76.5424	-77.2329	-0.690433
187.52	75.6775	-76.3567	-0.679223
187.54	75.458	-76.1429	-0.684843
187.56	75.6165	-76.3015	-0.684995
187.58	75.8771	-76.5399	-0.662774
187.6	76.4428	-77.0947	-0.651897
187.62	77.0813	-77.7336	-0.652254
187.64	77.2198	-77.883	-0.663173
187.66	76.825	-77.5098	-0.684709
187.68	76.4267	-77.122	-0.695287
187.7	76.4785	-77.185	-0.706459
187.72	76.7432	-77.4444	-0.701199
187.74	76.9053	-77.6119	-0.706628
187.76	77.0015	-77.7026	-0.701166
187.78	77.0307	-77.7158	-0.685064
187.8	76.7083	-77.388	-0.679673
187.82	76.2965	-76.9917	-0.695253
187.84	77.0028	-77.7095	-0.706657
187.86	78.2808	-78.9888	-0.707958
187.88	78.4013	-79.1201	-0.718805
187.9	77.317	-78.0295	-0.712442
187.92	76.1704	-76.8827	-0.712361
187.94	75.2412	-75.9483	-0.707135
187.96	74.532	-75.2273	-0.695283
187.98	75.1613	-75.8622	-0.700951
188	76.7657	-77.4629	-0.697195
188.02	77.2038	-77.901	-0.697201
188.04	76.5002	-77.1908	-0.69062
188.06	75.9543	-76.6507	-0.69646
188.08	75.523	-76.2241	-0.701076
188.1	75.9236	-76.6631	-0.739531
188.12	76.8845	-77.636	-0.751458
188.14	77.0593	-77.8107	-0.75144
188.16	76.4993	-77.2329	-0.73366
188.18	76.7954	-77.5294	-0.733987
188.2	77.6409	-78.3647	-0.723764
188.22	78.0241	-78.7584	-0.734276
188.24	78.2357	-78.9809	-0.745243
188.26	78.1914	-78.9703	-0.778842
188.28	76.9993	-77.7898	-0.790501
188.3	74.4817	-75.2653	-0.783619
188.32	72.7626	-73.5467	-0.784146
188.34	72.2819	-73.0816	-0.799641
188.36	73.8028	-74.5981	-0.795233
188.38	75.8138	-76.5991	-0.785299
188.4	76.331	-77.111	-0.779986
188.42	75.2053	-75.9728	-0.767484
188.44	75.0448	-75.8007	-0.755867
188.46	76.4437	-77.2072	-0.763498
188.48	76.6643	-77.4317	-0.767388
188.5	76.9239	-77.6964	-0.772562
188.52	77.6862	-78.4536	-0.767397
188.54	78.4308	-79.2204	-0.78958
188.56	78.6352	-79.4253	-0.790121
188.58	77.8614	-78.6453	-0.783901
188.6	77.3206	-78.098	-0.777443
188.62	78.1966	-78.9694	-0.7728
188.64	79.4209	-80.1886	-0.767698
188.66	80.0621	-80.8296	-0.767551
188.68	79.9943	-80.7564	-0.762157
188.7	79.0531	-79.8156	-0.762503
188.72	77.2341	-77.9957	-0.76165
188.74	75.9798	-76.7302	-0.75035
188.76	76.0122	-76.7631	-0.750897
188.78	76.6466	-77.3923	-0.745751
188.8	77.4217	-78.178	-0.756286
188.82	78.7274	-79.4841	-0.756686
188.84	79.9394	-80.7134	-0.774016
188.86	79.7569	-80.5256	-0.768663
188.88	78.1542	-78.9277	-0.773507
188.9	76.8715	-77.637	-0.7655
188.92	78.9643	-79.7209	-0.75655
188.94	81.985	-82.7543	-0.769307
188.96	82.8798	-83.6539	-0.774039
188.98	82.2496	-83.028	-0.778322
189	81.6743	-82.4527	-0.778474
189.02	81.0759	-81.8558	-0.779893
189.04	79.3987	-80.2044	-0.805614
189.06	79.0932	-79.8897	-0.79649
189.08	78.6748	-79.4832	-0.808477
189.1	76.9092	-77.7043	-0.7951
189.12	76.6451	-77.4133	-0.768196
189.14	78.0181	-78.7798	-0.761714
189.16	81.1473	-81.9109	-0.763559
189.18	83.2478	-84.0222	-0.774387
189.2	83.4818	-84.2659	-0.78412
189.22	83.1392	-83.9447	-0.805518
189.24	83.1181	-83.9395	-0.821464
189.26	83.9346	-84.7511	-0.816503
189.28	84.8269	-85.6439	-0.817018
189.3	84.9253	-85.742	-0.816775
189.32	84.4277	-85.2386	-0.810926
189.34	83.8166	-84.622	-0.805426
189.36	83.1634	-83.9744	-0.811074
189.38	82.3173	-83.1229	-0.805552
189.4	81.3488	-82.1488	-0.799995
189.42	80.4383	-81.2327	-0.794392
189.44	79.7996	-80.5887	-0.789028
189.46	79.3125	-80.1129	-0.800388
189.48	78.5922	-79.3978	-0.805607
189.5	78.1528	-78.9685	-0.815745
189.52	79.0372	-79.8532	-0.816048
189.54	80.7762	-81.5934	-0.817178
189.56	81.7213	-82.539	-0.817773
189.58	81.022	-81.8554	-0.833404
189.6	79.8446	-80.677	-0.832404
189.62	79.4129	-80.2409	-0.827988
189.64	78.584	-79.4344	-0.850394
189.66	76.6426	-77.4926	-0.850061
189.68	74.1806	-75.0193	-0.838684
189.7	72.2315	-73.0751	-0.843583
189.72	71.8181	-72.6566	-0.838535
189.74	72.6087	-73.4532	-0.844546
189.76	73.7526	-74.5972	-0.844613
189.78	74.99	-75.8338	-0.843788
189.8	76.8091	-77.6477	-0.838636
189.82	78.45	-79.2892	-0.839277
189.84	78.7684	-79.5969	-0.828484
189.86	77.5986	-78.4261	-0.827479
189.88	76.6009	-77.4381	-0.837274
189.9	77.1293	-77.9517	-0.822402
189.92	77.2976	-78.1263	-0.828741
189.94	75.7288	-76.5627	-0.833902
189.96	73.1782	-73.9939	-0.815647
189.98	72.3477	-73.157	-0.809343
190	74.3019	-75.1294	-0.827481
190.02	76.7164	-77.567	-0.850615
190.04	77.5906	-78.4411	-0.850486
190.06	77.2964	-78.1232	-0.826737
190.08	77.9625	-78.7954	-0.832881
190.1	79.0015	-79.8293	-0.827811
190.12	79.4865	-80.3139	-0.827432
190.14	79.6632	-80.485	-0.821774
190.16	79.6886	-80.5053	-0.816732
190.18	79.132	-79.9271	-0.795037
190.2	78.1127	-78.9122	-0.799455
190.22	78.0196	-78.8198	-0.800193
190.24	78.2423	-79.0596	-0.817288
190.26	78.0014	-78.8235	-0.8221
190.28	78.0348	-78.8567	-0.821922
190.3	78.7084	-79.5138	-0.805358
190.32	80.0028	-80.8086	-0.805778
190.34	81.2023	-82.0028	-0.800505
190.36	81.7863	-82.603	-0.816751
190.38	81.7997	-82.6107	-0.811027
190.4	81.5731	-82.3948	-0.821694
190.42	81.655	-82.4709	-0.815875
190.44	82.5666	-83.3826	-0.816027
190.46	84.0623	-84.8737	-0.811453
190.48	84.9612	-85.7842	-0.823
190.5	84.503	-85.3257	-0.822696
190.52	83.1287	-83.9455	-0.816804
190.54	81.5785	-82.4177	-0.839116
190.56	79.6762	-80.5323	-0.856092
190.58	77.2921	-78.1417	-0.849551
190.6	76.1626	-77.0387	-0.876101
190.62	77.3535	-78.2199	-0.866399
190.64	79.3018	-80.185	-0.883159
190.66	81.0955	-81.9728	-0.877334
190.68	82.8422	-83.7467	-0.904531
190.7	84.5613	-85.4602	-0.898961
190.72	86.1789	-87.0887	-0.909762
190.74	87.7048	-88.6037	-0.898936
190.76	88.7205	-89.62	-0.899563
190.78	88.292	-89.1809	-0.888884
190.8	86.2133	-87.0959	-0.882683
190.82	83.7706	-84.6523	-0.881711
190.84	82.4647	-83.352	-0.887283
190.86	82.5436	-83.4368	-0.893179
190.88	83.3337	-84.2229	-0.889162
190.9	83.1738	-84.0635	-0.889721
190.92	82.0282	-82.91	-0.881789
190.94	83.1741	-84.058	-0.883915
190.96	84.2508	-85.1201	-0.869304
190.98	82.1276	-83.0075	-0.879842
191	77.8854	-78.7522	-0.866766
191.02	76.0859	-76.9496	-0.86364
191.04	80.3033	-81.1651	-0.861835
191.06	85.2713	-86.1232	-0.851906
191.08	87.7927	-88.6328	-0.840064
191.1	88.0531	-88.9034	-0.850282
191.12	86.9243	-87.7796	-0.855318
191.14	85.1756	-86.036	-0.860407
191.16	83.6792	-84.5444	-0.865186
191.18	83.4819	-84.3253	-0.843338
191.2	84.4686	-85.3185	-0.849922
191.22	85.1583	-86.0197	-0.861425
191.24	84.9102	-85.7707	-0.860476
191.26	84.8059	-85.6724	-0.86647
191.28	84.2987	-85.1553	-0.856647
191.3	82.3435	-83.2041	-0.860569
191.32	80.9446	-81.7937	-0.849167
191.34	80.8363	-81.7088	-0.872457
191.36	80.4629	-81.3406	-0.877713
191.38	80.0009	-80.8503	-0.849473
191.4	80.3805	-81.2305	-0.849954
191.42	81.0559	-81.8951	-0.839156
191.44	81.8942	-82.7493	-0.855022
191.46	83.1041	-83.9598	-0.85579
191.48	83.5697	-84.4249	-0.855209
191.5	83.5457	-84.4058	-0.860095
191.52	83.646	-84.5004	-0.854438
191.54	84.0561	-84.905	-0.848924
191.56	84.7357	-85.5684	-0.832728
191.58	85.3408	-86.1739	-0.833072
191.6	85.3385	-86.1827	-0.844292
191.62	84.3603	-85.2045	-0.844288
191.64	82.5133	-83.3628	-0.849512
191.66	80.3939	-81.243	-0.849127
191.68	78.7755	-79.6189	-0.843377
191.7	78.182	-79.0311	-0.84919
191.72	78.2912	-79.136	-0.844793
191.74	78.0535	-78.8871	-0.833591
191.76	78.5787	-79.4108	-0.832035
191.78	81.2357	-82.0651	-0.829338
191.8	82.7415	-83.5648	-0.823366
191.82	82.6643	-83.4817	-0.817416
191.84	81.5397	-82.3567	-0.817049
191.86	80.0489	-80.8595	-0.810663
191.88	79.3999	-80.2218	-0.821985
191.9	79.2897	-80.1121	-0.82241
191.92	79.2535	-80.0971	-0.843607
191.94	79.9557	-80.7996	-0.843923
191.96	80.9648	-81.8146	-0.849799
191.98	81.5337	-82.3889	-0.855232
192	81.5852	-82.4348	-0.849581
192.02	81.3165	-82.1551	-0.83861
192.04	80.7708	-81.6149	-0.844154
192.06	79.9343	-80.7891	-0.854856
192.08	79.1362	-80.0019	-0.865745
192.1	78.538	-79.4039	-0.865884
192.12	78.0861	-78.9463	-0.860177
192.14	78.0264	-78.8647	-0.83831
192.16	78.3713	-79.1985	-0.827196
192.18	79.2929	-80.0981	-0.805209
192.2	80.7135	-81.5192	-0.805699
192.22	81.9021	-82.7024	-0.8003
192.24	82.5331	-83.3389	-0.805815
192.26	82.4845	-83.3012	-0.816787
192.28	81.7564	-82.5728	-0.816456
192.3	80.85	-81.6553	-0.805337
192.32	80.1972	-80.9967	-0.799565
192.34	80.4354	-81.2288	-0.793422
192.36	82.1602	-82.9492	-0.789009
192.38	83.9099	-84.7051	-0.795122
192.4	84.424	-85.2298	-0.805788
192.42	83.8196	-84.6085	-0.788949
192.44	82.6346	-83.4233	-0.788644
192.46	81.3527	-82.1412	-0.788452
192.48	80.3328	-81.1157	-0.782845
192.5	79.8019	-80.5628	-0.76097
192.52	79.7484	-80.5095	-0.761079
192.54	80.014	-80.7808	-0.766747
192.56	80.3216	-81.0722	-0.75061
192.58	80.3185	-81.0636	-0.745086
192.6	80.1623	-80.9234	-0.76109
192.62	80.4669	-81.2336	-0.766735
192.64	81.0375	-81.8161	-0.77852
192.66	80.7678	-81.5687	-0.800901
192.68	79.2107	-80.0162	-0.805526
192.7	77.6541	-78.47	-0.815875
192.72	76.9133	-77.769	-0.855694
192.74	75.5332	-76.3998	-0.86659
192.76	74.246	-75.1317	-0.885681
192.78	76.5953	-77.4768	-0.881483
192.8	80.8384	-81.728	-0.88957
192.82	82.9537	-83.8266	-0.87283
192.84	82.5485	-83.3988	-0.850339
192.86	80.522	-81.3721	-0.850027
192.88	77.9796	-78.8394	-0.859779
192.9	76.8986	-77.7479	-0.849231
192.92	77.1104	-77.9664	-0.855975
192.94	77.3533	-78.219	-0.865767
192.96	78.5603	-79.4108	-0.850503
192.98	79.2791	-80.1354	-0.856261
193	78.8701	-79.7136	-0.84352
193.02	79.1157	-79.9488	-0.833111
193.04	79.3725	-80.2172	-0.844707
193.06	78.6719	-79.4884	-0.816442
193.08	77.9649	-78.7698	-0.804904
193.1	77.9787	-78.7785	-0.799818
193.12	78.2344	-79.0181	-0.783619
193.14	78.447	-79.2249	-0.777938
193.16	78.7026	-79.492	-0.789413
193.18	78.4498	-79.2391	-0.789272
193.2	78.0183	-78.8065	-0.788216
193.22	78.6671	-79.4501	-0.783035
193.24	80.0486	-80.8542	-0.80553
193.26	81.2051	-81.9943	-0.789193
193.28	81.7473	-82.5421	-0.794866
193.3	81.4597	-82.26	-0.800287
193.32	80.5824	-81.3603	-0.777866
193.34	79.9475	-80.7089	-0.761418
193.36	79.761	-80.5175	-0.756537
193.38	79.5572	-80.3194	-0.762147
193.4	79.4081	-80.1655	-0.757444
193.42	78.5806	-79.3289	-0.748246
193.44	77.1053	-77.8435	-0.738239
193.46	79.3999	-80.1476	-0.747637
193.48	81.502	-82.2711	-0.769072
193.5	82.0128	-82.7593	-0.746444
193.52	81.5234	-82.2799	-0.756492
193.54	81.0842	-81.8292	-0.744992
193.56	81.3495	-82.1109	-0.761409
193.58	82.3225	-83.0842	-0.761645
193.6	83.5648	-84.3216	-0.756784
193.62	84.1697	-84.9161	-0.746464
193.64	83.2597	-84.0174	-0.757705
193.66	80.9556	-81.7116	-0.756023
193.68	80.0247	-80.7688	-0.744054
193.7	81.7012	-82.4528	-0.751584
193.72	83.313	-84.0537	-0.74068
193.74	84.2118	-84.9572	-0.745364
193.76	84.9747	-85.7214	-0.746686
193.78	84.0461	-84.7997	-0.753551
193.8	79.9865	-80.7512	-0.764725
193.82	74.8868	-75.6393	-0.752434
193.84	77.2087	-77.9778	-0.769078
193.86	81.193	-81.9526	-0.759624
193.88	81.6056	-82.3687	-0.763111
193.9	80.3865	-81.1644	-0.777818
193.92	80.0867	-80.8584	-0.771713
193.94	81.326	-82.0828	-0.756762
193.96	82.1734	-82.9137	-0.740261
193.98	82.168	-82.8971	-0.729099
194	81.5064	-82.2462	-0.739874
194.02	80.4598	-81.1945	-0.734609
194.04	78.9558	-79.6907	-0.734875
194.06	77.513	-78.2402	-0.727184
194.08	78.8048	-79.5333	-0.728527
194.1	81.3883	-82.0962	-0.70786
194.12	82.9122	-83.6308	-0.718669
194.14	83.0812	-83.7945	-0.713257
194.16	81.8668	-82.5744	-0.707578
194.18	79.7695	-80.4879	-0.7184
194.2	77.3171	-78.0418	-0.724667
194.22	74.6735	-75.3905	-0.716987
194.24	74.9437	-75.6775	-0.733818
194.26	77.7336	-78.4582	-0.724541
194.28	80.1087	-80.8384	-0.729678
194.3	81.6247	-82.3539	-0.729191
194.32	82.5073	-83.2197	-0.712489
194.34	82.9112	-83.6347	-0.723482
194.36	82.7494	-83.4674	-0.717925
194.38	82.1822	-82.8998	-0.717609
194.4	81.7218	-82.4391	-0.717288
194.42	81.8633	-82.5918	-0.728477
194.44	82.3677	-83.1026	-0.734876
194.46	82.2204	-82.9723	-0.751881
194.48	81.0605	-81.8336	-0.773132
194.5	80.0411	-80.8144	-0.773366
194.52	79.4152	-80.1943	-0.779144
194.54	79.1737	-79.9579	-0.784254
194.56	79.5424	-80.3168	-0.774404
194.58	79.475	-80.2428	-0.767856
194.6	80.0068	-80.7797	-0.772882
194.62	81.7115	-82.4738	-0.762281
194.64	83.7607	-84.5238	-0.76305
194.66	84.7582	-85.5164	-0.758182
194.68	83.8391	-84.6019	-0.762786
194.7	82.3429	-83.0988	-0.75587
194.72	82.0271	-82.7779	-0.750866
194.74	82.3606	-83.1281	-0.76743
194.76	82.6967	-83.4809	-0.784209
194.78	82.4027	-83.1758	-0.773065
194.8	81.4786	-82.2568	-0.778216
194.82	80.268	-81.0408	-0.77284
194.84	78.7384	-79.5224	-0.783982
194.86	76.9336	-77.7223	-0.788779
194.88	76.1026	-76.8959	-0.793298
194.9	77.2896	-78.068	-0.778448
194.92	78.5495	-79.3284	-0.778886
194.94	79.0834	-79.8446	-0.761242
194.96	80.046	-80.8187	-0.772729
194.98	80.8511	-81.6406	-0.789524
195	80.7991	-81.5774	-0.778309
195.02	80.1888	-80.9777	-0.788845
195.04	79.7383	-80.5267	-0.7884
195.06	80.0402	-80.8293	-0.789071
195.08	80.3001	-81.0899	-0.789778
195.1	79.5835	-80.3842	-0.800727
195.12	77.9909	-78.797	-0.806143
195.14	76.0869	-76.8976	-0.810747
195.16	75.5686	-76.3674	-0.798711
195.18	77.7014	-78.4965	-0.795094
195.2	80.1512	-80.942	-0.790798
195.22	80.8981	-81.6835	-0.785398
195.24	79.9604	-80.7387	-0.778367
195.26	79.5099	-80.2657	-0.755826
195.28	80.4908	-81.2637	-0.772982
195.3	81.8902	-82.6576	-0.76738
195.32	83.4461	-84.2078	-0.761706
195.34	85.0873	-85.8441	-0.756836
195.36	85.9589	-86.7161	-0.757166
195.38	85.5916	-86.3538	-0.76218
195.4	84.6217	-85.3888	-0.767149
195.42	83.8433	-84.6158	-0.772521
195.44	83.5745	-84.3633	-0.788825
195.46	84.0237	-84.7961	-0.772464
195.48	85.028	-85.8009	-0.772937
195.5	85.8551	-86.6285	-0.77345
195.52	85.7549	-86.5065	-0.751673
195.54	84.6455	-85.4022	-0.756758
195.56	83.2021	-83.9365	-0.734368
195.58	82.3269	-83.0502	-0.723358
195.6	82.2085	-82.9435	-0.735042
195.62	82.1274	-82.8566	-0.729243
195.64	82.5812	-83.2875	-0.706335
195.66	84.4305	-85.1435	-0.713004
195.68	86.0636	-86.7774	-0.713782
195.7	86.2137	-86.9325	-0.718763
195.72	85.4939	-86.2061	-0.712179
195.74	85.3615	-86.0736	-0.7121
195.76	85.9912	-86.7151	-0.723947
195.78	86.2903	-87.0145	-0.724152
195.8	85.9176	-86.6634	-0.74574
195.82	85.233	-85.9734	-0.740418
195.84	84.2011	-84.9469	-0.745813
195.86	83.0286	-83.7853	-0.756717
195.88	82.0064	-82.7685	-0.762086
195.9	81.508	-82.2591	-0.751109
195.92	81.6981	-82.4494	-0.75135
195.94	82.3559	-83.1233	-0.767457
195.96	83.6011	-84.3686	-0.767482
195.98	85.3006	-86.0734	-0.77284
196	87.3282	-88.0907	-0.762479
196.02	88.7989	-89.5727	-0.773792
196.04	89.0463	-89.8202	-0.773839
196.06	88.0169	-88.7908	-0.773854
196.08	85.944	-86.7341	-0.790074
196.1	83.4713	-84.2502	-0.77887
196.12	81.4742	-82.2523	-0.778143
196.14	81.2174	-82.0009	-0.783527
196.16	82.7411	-83.5203	-0.779145
196.18	84.4512	-85.2306	-0.779332
196.2	85.5302	-86.3097	-0.779469
196.22	85.4974	-86.2771	-0.779631
196.24	84.0439	-84.8179	-0.773933
196.26	81.6059	-82.3736	-0.767764
196.28	79.2768	-80.0387	-0.761969
196.3	77.8079	-78.5421	-0.734187
196.32	77.7263	-78.4551	-0.728768
196.34	78.6927	-79.4335	-0.740791
196.36	79.2278	-79.9741	-0.746322
196.38	79.0755	-79.8158	-0.740273
196.4	78.7651	-79.5114	-0.746345
196.42	77.6639	-78.3997	-0.73573
196.44	75.4988	-76.2283	-0.729474
196.46	73.5269	-74.2501	-0.723234
196.48	73.0887	-73.8282	-0.739524
196.5	74.2824	-75.0175	-0.735125
196.52	75.4898	-76.2199	-0.73011
196.54	75.766	-76.4954	-0.729485
196.56	75.7133	-76.4368	-0.723485
196.58	75.893	-76.6223	-0.729271
196.6	75.9506	-76.68	-0.729438
196.62	75.5712	-76.3119	-0.740656
196.64	74.3625	-75.1039	-0.741435
196.66	71.9568	-72.6857	-0.728901
196.68	71.1669	-71.8943	-0.727342
196.7	73.6836	-74.3972	-0.71355
196.72	76.1023	-76.8103	-0.708007
196.74	77.4494	-78.1516	-0.702189
196.76	77.8932	-78.5899	-0.696721
196.78	77.4071	-78.0985	-0.691369
196.8	76.0647	-76.7502	-0.685535
196.82	74.5906	-75.2812	-0.690652
196.84	73.6796	-74.3928	-0.71318
196.86	72.849	-73.5688	-0.719798
196.88	71.2551	-71.9852	-0.730111
196.9	71.0982	-71.82	-0.721803
196.92	74.929	-75.6445	-0.71557
196.94	77.1574	-77.8673	-0.709882
196.96	76.4239	-77.132	-0.70815
196.98	74.8584	-75.5542	-0.695804
197	74.4277	-75.1067	-0.679041
197.02	75.4332	-76.1135	-0.680334
197.04	76.1143	-76.7897	-0.675379
197.06	75.5123	-76.1816	-0.669347
197.08	74.1862	-74.8658	-0.679563
197.1	73.2046	-73.8727	-0.66815
197.12	73.1867	-73.8552	-0.668432
197.14	73.7769	-74.4457	-0.668762
197.16	74.4431	-75.1065	-0.663388
197.18	74.9632	-75.6321	-0.668943
197.2	75.1584	-75.8274	-0.669066
197.22	74.8571	-75.5207	-0.663596
197.24	74.0247	-74.6828	-0.65817
197.26	72.7421	-73.3945	-0.652413
197.28	71.5057	-72.147	-0.641266
197.3	70.663	-71.3103	-0.647296
197.32	69.6392	-70.2705	-0.631279
197.34	68.2712	-68.89	-0.618772
197.36	68.7383	-69.3727	-0.634412
197.38	71.8181	-72.4654	-0.64732
197.4	74.8318	-75.4851	-0.653237
197.42	76.4645	-77.1176	-0.653057
197.44	76.6347	-77.2988	-0.66415
197.46	75.2814	-75.9508	-0.669406
197.48	73.1282	-73.8021	-0.673853
197.5	71.874	-72.5419	-0.667917
197.52	72.329	-72.9975	-0.668546
197.54	73.4687	-74.1492	-0.680519
197.56	73.6067	-74.293	-0.686342
197.58	72.1806	-72.8556	-0.675012
197.6	70.3295	-71.0133	-0.683836
197.62	70.9136	-71.5981	-0.684534
197.64	73.3231	-74.0033	-0.680216
197.66	75.4617	-76.1311	-0.669444
197.68	76.6357	-77.3047	-0.669013
197.7	77.1587	-77.8165	-0.657732
197.72	77.3896	-78.0474	-0.657787
197.74	77.3142	-77.9776	-0.66339
197.76	76.9432	-77.6119	-0.668721
197.78	76.5136	-77.1879	-0.67433
197.8	75.9245	-76.6047	-0.680183
197.82	74.8649	-75.5448	-0.679943
197.84	73.7791	-74.4529	-0.673869
197.86	73.5285	-74.2242	-0.695725
197.88	74.2562	-74.9413	-0.685099
197.9	75.5079	-76.2095	-0.701653
197.92	76.9305	-77.6433	-0.712797
197.94	78.1263	-78.8394	-0.71305
197.96	78.6846	-79.3924	-0.707853
197.98	78.1988	-78.8797	-0.680936
198	76.4548	-77.1345	-0.679752
198.02	75.3515	-76.0412	-0.689678
198.04	76.2107	-76.8904	-0.679795
198.06	77.5503	-78.2254	-0.675017
198.08	77.9781	-78.6644	-0.686291
198.1	76.8921	-77.5948	-0.70275
198.12	74.5896	-75.2913	-0.701749
198.14	73.0434	-73.7544	-0.710923
198.16	74.5047	-75.2281	-0.723391
198.18	77.065	-77.7951	-0.730119
198.2	78.5592	-79.3049	-0.745786
198.22	79.5308	-80.2813	-0.750542
198.24	80.7766	-81.522	-0.745435
198.26	81.8153	-82.5667	-0.751359
198.28	81.9725	-82.7292	-0.756659
198.3	81.4384	-82.1891	-0.750686
198.32	80.8855	-81.625	-0.739475
198.34	80.7401	-81.4906	-0.750568
198.36	80.8788	-81.6242	-0.745384
198.38	80.9808	-81.7372	-0.75637
198.4	81.11	-81.9044	-0.79445
198.42	81.599	-82.3941	-0.795059
198.44	81.7005	-82.4803	-0.779841
198.46	80.3289	-81.0913	-0.76234
198.48	79.2634	-80.0028	-0.739368
198.5	79.9223	-80.6413	-0.719034
198.52	80.5487	-81.2568	-0.708093
198.54	80.7483	-81.4675	-0.7192
198.56	80.28	-81.0163	-0.736279
198.58	78.6991	-79.4401	-0.740997
198.6	77.3796	-78.1301	-0.750519
198.62	78.2644	-78.9992	-0.734779
198.64	80.4037	-81.1233	-0.719587
198.66	81.7133	-82.449	-0.735678
198.68	82.155	-82.8845	-0.729466
198.7	82.4576	-83.187	-0.729429
198.72	82.714	-83.4267	-0.712783
198.74	83.0953	-83.8136	-0.718367
198.76	83.3579	-84.0934	-0.735538
198.78	82.746	-83.4974	-0.751442
198.8	81.9878	-82.7441	-0.75628
198.82	82.0258	-82.788	-0.762196
198.84	82.6036	-83.377	-0.773441
198.86	83.2493	-84.0181	-0.768724
198.88	83.397	-84.1645	-0.7675
198.9	84.1304	-84.9205	-0.790076
198.92	84.8336	-85.6018	-0.768156
198.94	85.5395	-86.3015	-0.761959
198.96	86.6552	-87.4246	-0.769401
198.98	86.065	-86.8443	-0.779267
199	85.092	-85.8807	-0.788736
199.02	85.3617	-86.169	-0.807348
199.04	84.5844	-85.3859	-0.801489
199.06	82.9517	-83.7526	-0.800855
199.08	81.4614	-82.2514	-0.789978
199.1	80.4014	-81.2129	-0.811512
199.12	80.1503	-80.9567	-0.806424
199.14	80.225	-81.031	-0.806021
199.16	80.8012	-81.6071	-0.805935
199.18	81.7526	-82.5591	-0.806516
199.2	82.1284	-82.9353	-0.806923
199.22	81.3962	-82.1968	-0.800609
199.24	80.6646	-81.4592	-0.794624
199.26	80.628	-81.4287	-0.800677
199.28	80.5945	-81.4007	-0.80615
199.3	80.3407	-81.1412	-0.800491
199.32	79.9583	-80.7535	-0.7952
199.34	79.2049	-79.9894	-0.784495
199.36	78.045	-78.8066	-0.761562
199.38	77.8869	-78.6534	-0.766451
199.4	79.3204	-80.0829	-0.7625
199.42	80.4168	-81.1742	-0.757393
199.44	80.3801	-81.1424	-0.762215
199.46	79.8495	-80.5954	-0.745865
199.48	78.8252	-79.5547	-0.729435
199.5	77.5228	-78.2678	-0.744976
199.52	77.0338	-77.7844	-0.750629
199.54	77.2482	-77.9935	-0.745335
199.56	77.7848	-78.5245	-0.739737
199.58	78.6343	-79.3634	-0.729039
199.6	79.3536	-80.0938	-0.74029
199.62	79.5153	-80.2609	-0.745656
199.64	79.2712	-80.0221	-0.750911
199.66	78.8938	-79.6449	-0.751066
199.68	78.3203	-79.0712	-0.750952
199.7	77.8767	-78.6269	-0.750262
199.72	78.4523	-79.1809	-0.728555
199.74	79.6881	-80.4284	-0.740313
199.76	80.3887	-81.1179	-0.729215
199.78	80.4462	-81.175	-0.728853
199.8	80.2736	-81.0077	-0.734156
199.82	80.1154	-80.8715	-0.756128
199.84	79.9163	-80.6671	-0.750808
199.86	79.5439	-80.2894	-0.745422
199.88	78.9458	-79.6916	-0.745761
199.9	77.8502	-78.5906	-0.740446
199.92	76.2794	-77.0304	-0.751067
199.94	74.9056	-75.662	-0.756382
199.96	74.2211	-74.9776	-0.756507
199.98	74.2288	-75.0018	-0.772988
200	74.944	-75.7059	-0.761837
200.02	76.354	-77.0782	-0.724124
200.04	77.4329	-78.1519	-0.719063
200.06	77.4435	-78.1567	-0.713202
200.08	76.8449	-77.5407	-0.695793
200.1	76.9275	-77.623	-0.695439
200.12	78.0494	-78.7347	-0.685241
200.14	79.087	-79.7726	-0.685618
200.16	79.2985	-79.9785	-0.680003
200.18	78.7423	-79.4111	-0.668859
200.2	77.8142	-78.4718	-0.657585
200.22	77.0555	-77.7186	-0.663156
200.24	76.4419	-77.1166	-0.674613
200.26	75.56	-76.2287	-0.668642
200.28	75.1556	-75.818	-0.66247
200.3	76.0046	-76.6625	-0.657877
200.32	77.0107	-77.6745	-0.663872
200.34	77.3292	-77.9981	-0.668895
200.36	77.3398	-78.0034	-0.663603
200.38	76.8438	-77.5079	-0.664124
200.4	75.4659	-76.1347	-0.668747
200.42	74.6144	-75.2987	-0.684308
200.44	75.3781	-76.0633	-0.685276
200.46	76.5059	-77.1753	-0.669356
200.48	77.0588	-77.7279	-0.669113
200.5	77.3753	-78.0438	-0.668507
200.52	78.0418	-78.7003	-0.658497
200.54	78.0068	-78.6709	-0.664037
200.56	77.2133	-77.8875	-0.674232
200.58	76.5691	-77.2491	-0.680058
200.6	75.9626	-76.6367	-0.674033
200.62	76.1105	-76.7785	-0.667988
200.64	77.5097	-78.1677	-0.657972
200.66	78.8254	-79.4728	-0.647402
200.68	79.1975	-79.8501	-0.652585
200.7	78.8207	-79.4675	-0.646818
200.72	78.1637	-78.7937	-0.630062
200.74	77.7542	-78.3841	-0.629906
200.76	77.8415	-78.4938	-0.652331
200.78	77.7563	-78.4209	-0.664585
200.8	76.0642	-76.7346	-0.670361
200.82	73.1002	-73.7626	-0.662344
200.84	72.6387	-73.311	-0.672368
200.86	75.6979	-76.3789	-0.680996
200.88	78.0799	-78.7669	-0.687061
200.9	78.147	-78.8327	-0.685707
200.92	77.3075	-77.9979	-0.69043
200.94	76.5501	-77.2518	-0.701681
200.96	75.5955	-76.2809	-0.685373
200.98	74.2593	-74.9338	-0.674475
201	72.6281	-73.2915	-0.663385
201.02	71.1036	-71.7721	-0.668476
201.04	70.5197	-71.1929	-0.673164
201.06	71.8787	-72.5523	-0.673563
201.08	74.4574	-75.1103	-0.652843
201.1	76.3457	-77.0097	-0.663961
201.12	76.8633	-77.5487	-0.685468
201.14	76.3601	-77.0398	-0.679693
201.16	75.3012	-75.9806	-0.679435
201.18	74.1562	-74.8299	-0.673699
201.2	73.3564	-74.0246	-0.668247
201.22	72.9915	-73.6873	-0.695742
201.24	72.999	-73.6838	-0.684841
201.26	73.241	-73.9153	-0.674299
201.28	73.2673	-73.9416	-0.674245
201.3	73.1423	-73.8108	-0.668561
201.32	73.1118	-73.7921	-0.680214
201.34	72.4967	-73.1718	-0.675063
201.36	71.5763	-72.2603	-0.683953
201.38	72.9166	-73.5962	-0.679575
201.4	75.1996	-75.8753	-0.675674
201.42	76.0315	-76.7007	-0.66924
201.44	76.1413	-76.7992	-0.657812
201.46	76.0969	-76.7717	-0.674792
201.48	75.3661	-76.0464	-0.680323
201.5	74.0509	-74.7196	-0.668736
201.52	73.3464	-74.0197	-0.673254
201.54	74.4647	-75.1385	-0.673836
201.56	76.6049	-77.2738	-0.668905
201.58	78.5395	-79.2088	-0.669238
201.6	79.4397	-80.1146	-0.674899
201.62	78.8394	-79.5255	-0.686019
201.64	76.7239	-77.4093	-0.685478
201.66	74.3451	-75.0238	-0.678703
201.68	73.5404	-74.2312	-0.690771
201.7	73.5608	-74.2577	-0.696834
201.72	73.6924	-74.4008	-0.708404
201.74	73.5539	-74.2734	-0.719515
201.76	72.6191	-73.3336	-0.714404
201.78	71.09	-71.829	-0.738989
201.8	71.9241	-72.6641	-0.739988
201.82	73.9882	-74.7126	-0.72446
201.84	75.4874	-76.2227	-0.735289
201.86	76.0733	-76.8029	-0.729582
201.88	75.9949	-76.7236	-0.728701
201.9	76.2135	-76.9422	-0.728623
201.92	76.8166	-77.5513	-0.73472
201.94	76.943	-77.6891	-0.746163
201.96	76.0101	-76.7722	-0.762075
201.98	74.8881	-75.6599	-0.771838
202	75.1581	-75.9467	-0.788614
202.02	76.5487	-77.349	-0.800376
202.04	78.0543	-78.8598	-0.805507
202.06	79.7902	-80.5848	-0.794658
202.08	81.4783	-82.2789	-0.800554
202.1	82.4209	-83.2326	-0.8117
202.12	82.2739	-83.0967	-0.822772
202.14	81.1196	-81.9311	-0.811486
202.16	79.6868	-80.5088	-0.82202
202.18	78.8174	-79.6396	-0.822262
202.2	78.5075	-79.3299	-0.822323
202.22	78.7017	-79.5238	-0.822113
202.24	79.7648	-80.5865	-0.821696
202.26	82.0113	-82.8282	-0.816813
202.28	84.5004	-85.3124	-0.811975
202.3	86.1492	-86.9611	-0.811881
202.32	86.9018	-87.7078	-0.806073
202.34	87.2005	-88.0119	-0.811421
202.36	87.4342	-88.2343	-0.800049
202.38	88.0948	-88.8953	-0.800487
202.4	88.6755	-89.4766	-0.801083
202.42	88.4292	-89.2302	-0.801024
202.44	87.4607	-88.2727	-0.812039
202.46	86.1174	-86.9455	-0.82808
202.48	85.3828	-86.2491	-0.866373
202.5	85.6298	-86.5027	-0.872852
202.52	86.3508	-87.2057	-0.854965
202.54	89.1011	-89.9456	-0.844568
202.56	92.6993	-93.5784	-0.879115
202.58	94.202	-95.0808	-0.878767
202.6	93.2467	-94.1306	-0.883814
202.62	90.4842	-91.3836	-0.899458
202.64	87.5317	-88.4238	-0.892131
202.66	87.1417	-88.0282	-0.886495
202.68	89.333	-90.2278	-0.8948
202.7	90.3331	-91.2289	-0.895783
202.72	88.6195	-89.5363	-0.91687
202.74	85.7492	-86.6534	-0.904141
202.76	84.8407	-85.7398	-0.899065
202.78	85.6637	-86.5544	-0.890754
202.8	86.3098	-87.1968	-0.886977
202.82	89.6669	-90.5481	-0.881186
202.84	90.238	-91.1021	-0.864139
202.86	87.5541	-88.4208	-0.86666
202.88	85.7707	-86.6362	-0.865481
202.9	86.7822	-87.6498	-0.867598
202.92	87.9074	-88.7768	-0.869395
202.94	86.4563	-87.3134	-0.857031
202.96	84.8155	-85.6635	-0.847998
202.98	86.8792	-87.7525	-0.87335
203	88.7526	-89.6216	-0.868946
203.02	88.2366	-89.0934	-0.856728
203.04	86.6543	-87.5007	-0.846372
203.06	84.5151	-85.3373	-0.822149
203.08	84.6459	-85.4698	-0.823952
203.1	85.7282	-86.5514	-0.823201
203.12	87.2412	-88.0865	-0.845324
203.14	88.6414	-89.4971	-0.855785
203.16	89.6643	-90.5419	-0.877545
203.18	90.2389	-91.1162	-0.87731
203.2	90.3356	-91.2136	-0.878043
203.22	89.0131	-89.8917	-0.878629
203.24	86.1824	-87.0806	-0.898182
203.26	84.9052	-85.7978	-0.892567
203.28	85.5748	-86.4743	-0.899508
203.3	86.143	-87.048	-0.905071
203.32	86.1656	-87.0921	-0.926531
203.34	86.0921	-86.9971	-0.905007
203.36	85.7775	-86.6821	-0.904584
203.38	86.0543	-86.9477	-0.893422
203.4	86.9408	-87.8422	-0.901379
203.42	85.4697	-86.3444	-0.87467
203.44	81.8706	-82.7291	-0.858487
203.46	82.8608	-83.6934	-0.832602
203.48	86.8137	-87.6394	-0.82571
203.5	87.4514	-88.2602	-0.808812
203.52	85.0692	-85.8578	-0.788632
203.54	84.4227	-85.1891	-0.766366
203.56	86.1658	-86.9339	-0.768039
203.58	87.6265	-88.389	-0.762538
203.6	87.9877	-88.7225	-0.734741
203.62	87.3528	-88.0985	-0.745678
203.64	85.8057	-86.5509	-0.745219
203.66	84.0897	-84.8288	-0.739151
203.68	83.0145	-83.7485	-0.734021
203.7	82.2214	-82.9503	-0.728846
203.72	81.2266	-81.9499	-0.723263
203.74	80.1053	-80.834	-0.72862
203.76	78.9947	-79.7015	-0.706811
203.78	77.8579	-78.5644	-0.706431
203.8	77.2074	-77.9134	-0.706058
203.82	77.4362	-78.1592	-0.722965
203.84	77.8392	-78.5518	-0.71261
203.86	77.5876	-78.3054	-0.717867
203.88	76.9664	-77.667	-0.700555
203.9	77.0995	-77.8054	-0.705871
203.92	78.1691	-78.8484	-0.679266
203.94	79.1062	-79.7969	-0.690676
203.96	79.2119	-79.9133	-0.701371
203.98	78.8437	-79.5225	-0.678772
204	78.8575	-79.5475	-0.689994
204.02	78.9631	-79.6426	-0.679475
204.04	78.6224	-79.3124	-0.690043
204.06	78.3032	-78.9877	-0.684536
204.08	78.1052	-78.7957	-0.690535
204.1	77.5176	-78.1916	-0.673924
204.12	76.8376	-77.5165	-0.678859
204.14	76.7563	-77.43	-0.673732
204.16	76.8827	-77.5517	-0.668999
204.18	76.3879	-77.0455	-0.657586
204.2	75.9642	-76.621	-0.656747
204.22	76.636	-77.2879	-0.65191
204.24	77.6179	-78.2869	-0.668993
204.26	77.8744	-78.5492	-0.674798
204.28	76.9687	-77.627	-0.658291
204.3	75.3282	-75.9798	-0.651598
204.32	74.8311	-75.4653	-0.634212
204.34	76.5547	-77.1791	-0.624458
204.36	78.8347	-79.4708	-0.636123
204.38	80.2125	-80.843	-0.630512
204.4	80.4442	-81.0689	-0.624687
204.42	79.8703	-80.5111	-0.64084
204.44	78.855	-79.5068	-0.651817
204.46	77.479	-78.1258	-0.646804
204.48	75.4253	-76.0666	-0.64132
204.5	73.4848	-74.1242	-0.639445
204.52	73.9212	-74.5569	-0.635713
204.54	74.865	-75.5128	-0.647767
204.56	74.6188	-75.2706	-0.651795
204.58	74.9024	-75.5316	-0.629206
204.6	76.4237	-77.0598	-0.636143
204.62	77.4125	-78.0595	-0.646961
204.64	77.7584	-78.3935	-0.635143
204.66	78.4571	-79.0813	-0.624213
204.68	79.5105	-80.146	-0.63551
204.7	80.36	-80.9903	-0.630338
204.72	80.4987	-81.1294	-0.6307
204.74	79.5032	-80.1451	-0.641879
204.76	77.4313	-78.0614	-0.630114
204.78	75.7173	-76.352	-0.634688
204.8	75.7038	-76.3392	-0.635414
204.82	76.5668	-77.2029	-0.636099
204.84	77.294	-77.9132	-0.619225
204.86	78.1261	-78.7343	-0.608195
204.88	79.059	-79.6731	-0.614127
204.9	79.4614	-80.0758	-0.614337
204.92	78.9905	-79.6047	-0.614114
204.94	77.9744	-78.6043	-0.629892
204.96	77.3178	-77.9526	-0.634872
204.98	77.7005	-78.3193	-0.618729
205	78.657	-79.277	-0.619933
205.02	78.6203	-79.2519	-0.631548
205.04	77.1906	-77.8201	-0.629552
205.06	76.8964	-77.5262	-0.629811
205.08	77.5506	-78.1817	-0.631067
205.1	77.5196	-78.155	-0.635392
205.12	78.0525	-78.6874	-0.634943
205.14	79.4695	-80.101	-0.631495
205.16	79.1903	-79.8226	-0.632329
205.18	76.4548	-77.079	-0.624156
205.2	74.9619	-75.5798	-0.61794
205.22	75.8272	-76.4358	-0.608642
205.24	76.6385	-77.236	-0.597529
205.26	76.9292	-77.5375	-0.608305
205.28	76.7652	-77.379	-0.613795
205.3	76.1136	-76.733	-0.619415
205.32	75.0132	-75.6213	-0.608083
205.34	74.1833	-74.7913	-0.607993
205.36	73.9971	-74.6112	-0.614114
205.38	74.0317	-74.6514	-0.619744
205.4	74.4473	-75.0611	-0.613765
205.42	75.8349	-76.4379	-0.603044
205.44	77.8329	-78.4359	-0.603072
205.46	79.7493	-80.3698	-0.620461
205.48	80.024	-80.6447	-0.620681
205.5	78.5819	-79.2005	-0.618576
205.52	78.0562	-78.6641	-0.60783
205.54	78.3816	-78.996	-0.614442
205.56	77.9896	-78.6141	-0.624575
205.58	77.5367	-78.1719	-0.635129
205.6	77.5014	-78.137	-0.635558
205.62	77.3415	-77.9826	-0.641167
205.64	76.8613	-77.5131	-0.651767
205.66	76.4953	-77.1523	-0.657036
205.68	76.5509	-77.1917	-0.640759
205.7	76.8448	-77.4858	-0.64096
205.72	77.0927	-77.7392	-0.646456
205.74	77.2614	-77.9077	-0.646368
205.76	77.4189	-78.0767	-0.657807
205.78	76.9276	-77.5805	-0.652904
205.8	75.2323	-75.8789	-0.646616
205.82	73.5559	-74.2012	-0.645302
205.84	73.6602	-74.3112	-0.651053
205.86	75.1084	-75.7772	-0.668778
205.88	76.0168	-76.6807	-0.663967
205.9	75.2867	-75.9561	-0.669439
205.92	73.0867	-73.7551	-0.668392
205.94	70.9926	-71.6601	-0.667514
205.96	70.2424	-70.938	-0.695651
205.98	70.0733	-70.7749	-0.701604
206	70.1495	-70.8608	-0.711292
206.02	71.7746	-72.4975	-0.722922
206.04	74.0512	-74.7913	-0.740071
206.06	75.6029	-76.3318	-0.728863
206.08	76.3268	-77.0499	-0.723155
206.1	76.3851	-77.1137	-0.728522
206.12	75.9402	-76.6576	-0.7174
206.14	75.2331	-75.9507	-0.717538
206.16	74.2591	-74.9606	-0.701425
206.18	72.8712	-73.5727	-0.701459
206.2	71.3179	-72.0196	-0.701779
206.22	69.9406	-70.6415	-0.700844
206.24	70.4783	-71.1572	-0.678909
206.26	72.9099	-73.5854	-0.67547
206.28	74.6265	-75.3123	-0.685749
206.3	75.7757	-76.4668	-0.691121
206.32	76.3987	-77.1009	-0.702208
206.34	76.2964	-77.0092	-0.712765
206.36	76.1394	-76.8574	-0.717926
206.38	76.5791	-77.2972	-0.718166
206.4	77.0071	-77.7102	-0.703083
206.42	75.7375	-76.4454	-0.707913
206.44	73.5901	-74.297	-0.706862
206.46	72.3711	-73.0609	-0.68982
206.48	73.1114	-73.8018	-0.690397
206.5	74.9874	-75.6676	-0.680227
206.52	76.707	-77.4032	-0.696111
206.54	78.334	-79.0358	-0.701767
206.56	79.3717	-80.0901	-0.718382
206.58	79.3893	-80.102	-0.712686
206.6	78.4888	-79.1964	-0.707575
206.62	76.5401	-77.2469	-0.706822
206.64	74.932	-75.6429	-0.710952
206.66	75.5318	-76.2379	-0.706072
206.68	77.5998	-78.318	-0.718217
206.7	79.1782	-79.8805	-0.702341
206.72	79.165	-79.867	-0.702013
206.74	77.8022	-78.4927	-0.690471
206.76	76.0285	-76.7074	-0.678909
206.78	74.8855	-75.5423	-0.656818
206.8	74.7139	-75.3826	-0.668712
206.82	74.4111	-75.0754	-0.66434
206.84	73.1011	-73.7639	-0.662766
206.86	73.0828	-73.7339	-0.651077
206.88	75.1787	-75.8315	-0.652789
206.9	76.9977	-77.6613	-0.663594
206.92	77.9656	-78.6178	-0.652217
206.94	78.3276	-78.9796	-0.652003
206.96	78.1836	-78.8354	-0.65179
206.98	77.7313	-78.3828	-0.651486
207	77.3231	-77.991	-0.667868
207.02	77.0617	-77.7407	-0.678922
207.04	76.8137	-77.5092	-0.695489
207.06	76.3838	-77.0901	-0.706361
207.08	75.9129	-76.6246	-0.711735
207.1	75.5077	-76.2198	-0.712115
207.12	74.8953	-75.6015	-0.706181
207.14	74.67	-75.3704	-0.700391
207.16	75.163	-75.8533	-0.690338
207.18	75.2621	-75.959	-0.69694
207.2	73.8589	-74.5441	-0.68519
207.22	72.9542	-73.6489	-0.694675
207.24	73.9217	-74.6474	-0.725719
207.26	72.889	-73.6074	-0.718387
207.28	71.6489	-72.3597	-0.710817
207.3	72.8044	-73.5166	-0.712155
207.32	74.7473	-75.4383	-0.690978
207.34	75.9767	-76.6563	-0.679568
207.36	76.6974	-77.3822	-0.684797
207.38	77.0211	-77.7226	-0.701511
207.4	76.553	-77.2435	-0.690472
207.42	75.5113	-76.2009	-0.689652
207.44	74.9856	-75.6696	-0.684054
207.46	75.2255	-75.9157	-0.690126
207.48	75.5592	-76.2274	-0.668135
207.5	75.8905	-76.553	-0.662491
207.52	76.3458	-77.0029	-0.657108
207.54	76.7515	-77.4252	-0.673697
207.56	76.8303	-77.4988	-0.668533
207.58	76.1187	-76.7877	-0.668986
207.6	74.1615	-74.8523	-0.690868
207.62	72.0469	-72.7402	-0.693336
207.64	73.4108	-74.1115	-0.700771
207.66	76.2064	-76.9085	-0.702085
207.68	77.7333	-78.4678	-0.734468
207.7	78.0725	-78.8013	-0.728749
207.72	77.4767	-78.2163	-0.739562
207.74	76.2106	-76.9389	-0.728324
207.76	74.8712	-75.6044	-0.733208
207.78	74.3618	-75.1006	-0.73875
207.8	74.716	-75.4552	-0.739219
207.82	75.3454	-76.0957	-0.750283
207.84	76.0116	-76.7676	-0.755997
207.86	76.4279	-77.1677	-0.739736
207.88	76.4629	-77.186	-0.723087
207.9	76.4273	-77.1507	-0.723396
207.92	76.1364	-76.8602	-0.72386
207.94	75.3544	-76.083	-0.728552
207.96	75.5099	-76.2377	-0.72784
207.98	77.3529	-78.083	-0.730103
208	78.2207	-78.9512	-0.730519
208.02	77.6506	-78.3791	-0.728529
208.04	77.8847	-78.6254	-0.740708
208.06	77.752	-78.4883	-0.73631
208.08	75.9901	-76.7188	-0.728743
208.1	75.7348	-76.4674	-0.732617
208.12	78.4202	-79.1619	-0.741717
208.14	79.6523	-80.3933	-0.740946
208.16	79.345	-80.0795	-0.734493
208.18	78.6136	-79.3429	-0.729298
208.2	77.5591	-78.2927	-0.733602
208.22	77.9559	-78.6561	-0.700198
208.24	80.1987	-80.9177	-0.718973
208.26	81.2691	-81.9885	-0.719431
208.28	80.0388	-80.7797	-0.74093
208.3	77.4269	-78.1661	-0.7392
208.32	76.2048	-76.9487	-0.74387
208.34	77.478	-78.2184	-0.740436
208.36	78.7342	-79.4752	-0.741018
208.38	78.7076	-79.4373	-0.729705
208.4	77.8904	-78.6138	-0.723467
208.42	77.682	-78.4264	-0.744374
208.44	79.3034	-80.0548	-0.751411
208.46	80.8578	-81.5992	-0.741414
208.48	81.0359	-81.7649	-0.728925
208.5	81.2975	-82.0374	-0.73989
208.52	81.7257	-82.4548	-0.72905
208.54	81.8431	-82.5782	-0.73511
208.56	80.8058	-81.536	-0.73022
208.58	78.1669	-78.9013	-0.734432
208.6	76.0314	-76.7587	-0.727334
208.62	76.4085	-77.1431	-0.734662
208.64	77.293	-78.0335	-0.740489
208.66	77.7908	-78.5306	-0.739852
208.68	78.4776	-79.2229	-0.745356
208.7	79.2477	-79.9824	-0.734674
208.72	79.5814	-80.2998	-0.718352
208.74	79.2435	-79.9782	-0.734657
208.76	78.5643	-79.2982	-0.733864
208.78	78.647	-79.3754	-0.728412
208.8	79.4981	-80.227	-0.728928
208.82	80.2835	-81.0126	-0.729097
208.84	80.5338	-81.2687	-0.734886
208.86	79.9441	-80.6728	-0.728776
208.88	79.3207	-80.049	-0.728242
208.9	79.3171	-80.0412	-0.724058
208.92	78.4985	-79.2343	-0.735843
208.94	76.3767	-77.1165	-0.739864
208.96	75.0335	-75.7678	-0.734282
208.98	75.4414	-76.1804	-0.739042
209	78.0682	-78.8031	-0.734955
209.02	80.8171	-81.5643	-0.747224
209.04	81.5044	-82.2458	-0.741398
209.06	80.2903	-81.0254	-0.735181
209.08	78.5045	-79.2278	-0.723231
209.1	77.4741	-78.1812	-0.707159
209.12	77.0733	-77.7745	-0.701135
209.14	77.5465	-78.2317	-0.685139
209.16	78.3109	-79.0017	-0.690801
209.18	78.8652	-79.5613	-0.696121
209.2	79.3862	-80.0764	-0.690125
209.22	80.2288	-80.9249	-0.696073
209.24	80.6938	-81.39	-0.696132
209.26	80.4517	-81.1641	-0.712343
209.28	79.721	-80.4334	-0.712337
209.3	78.5639	-79.2656	-0.701779
209.32	76.7409	-77.4424	-0.701516
209.34	75.1068	-75.8234	-0.716621
209.36	75.4692	-76.1864	-0.717247
209.38	77.0341	-77.7472	-0.713056
209.4	77.8346	-78.5528	-0.718262
209.42	77.7522	-78.4534	-0.701176
209.44	77.486	-78.1925	-0.706512
209.46	77.2529	-77.9594	-0.706506
209.48	77.0606	-77.7561	-0.695522
209.5	76.8981	-77.5937	-0.695595
209.52	76.6725	-77.3679	-0.69548
209.54	76.5132	-77.214	-0.700798
209.56	76.6042	-77.2995	-0.695385
209.58	76.7796	-77.4424	-0.662784
209.6	76.5964	-77.2649	-0.668583
209.62	75.7217	-76.3738	-0.652032
209.64	74.4158	-75.0729	-0.657105
209.66	73.501	-74.152	-0.65093
209.68	73.8789	-74.5303	-0.651341
209.7	75.0159	-75.6515	-0.635587
209.72	75.8313	-76.467	-0.635721
209.74	75.9332	-76.5798	-0.646661
209.76	75.3779	-76.0352	-0.657352
209.78	74.6654	-75.3332	-0.6678
209.8	74.6567	-75.3245	-0.667795
209.82	75.4461	-76.1091	-0.66303
209.84	76.0664	-76.7194	-0.653046
209.86	75.2889	-75.9478	-0.658877
209.88	73.1019	-73.7592	-0.657291
209.9	71.8417	-72.5201	-0.678431
209.92	72.7603	-73.4504	-0.690097
209.94	74.6582	-75.3275	-0.669281
209.96	75.7542	-76.4289	-0.674714
209.98	75.7744	-76.4374	-0.662968
210	75.6422	-76.3267	-0.684452
210.02	75.9025	-76.6037	-0.701267
210.04	76.0502	-76.7685	-0.718338
210.06	75.4948	-76.2017	-0.706873
210.08	74.9898	-75.7018	-0.71199
210.1	75.0327	-75.7346	-0.701921
210.12	74.7119	-75.4026	-0.690748
210.14	74.3547	-75.028	-0.673254
210.16	75.1943	-75.8625	-0.668206
210.18	76.6516	-77.3149	-0.663305
210.2	77.5729	-78.2365	-0.663619
210.22	77.3368	-78.0003	-0.663493
210.24	76.1846	-76.8584	-0.673773
210.26	75.1887	-75.8733	-0.684654
210.28	74.6614	-75.341	-0.679551
210.3	74.3258	-75.0104	-0.684622
210.32	74.6509	-75.341	-0.690081
210.34	75.6571	-76.3423	-0.685127
210.36	76.5996	-77.2849	-0.685384
210.38	76.9326	-77.6074	-0.674842
210.4	76.1985	-76.8843	-0.685749
210.42	74.8659	-75.5504	-0.684454
210.44	74.6423	-75.3108	-0.668503
210.46	75.2014	-75.8543	-0.652895
210.48	75.497	-76.1334	-0.636352
210.5	75.6692	-76.2995	-0.630277
210.52	76.6273	-77.2736	-0.646334
210.54	78.6114	-79.259	-0.647674
210.56	79.7752	-80.4184	-0.643259
210.58	79.2399	-79.8857	-0.64583
210.6	80.7447	-81.3857	-0.640973
210.62	83.6589	-84.3183	-0.659333
210.64	84.7018	-85.3602	-0.658429
210.66	84.3514	-85.02	-0.668567
210.68	83.6937	-84.3675	-0.673747
210.7	83.3623	-84.0361	-0.67372
210.72	83.5085	-84.1769	-0.66846
210.74	83.9056	-84.5853	-0.679705
210.76	84.293	-84.9783	-0.685304
210.78	84.4786	-85.1753	-0.696622
210.8	84.1851	-84.8976	-0.712506
210.82	84.1497	-84.8727	-0.722973
210.84	84.9975	-85.7157	-0.718157
210.86	85.8859	-86.6104	-0.724572
210.88	85.6378	-86.3621	-0.724312
210.9	84.6721	-85.3845	-0.712359
210.92	84.2213	-84.9448	-0.72346
210.94	84.3361	-85.0429	-0.706747
210.96	85.0986	-85.7947	-0.696158
210.98	85.8559	-86.569	-0.713102
211	85.8168	-86.5351	-0.718356
211.02	85.1125	-85.8308	-0.71838
211.04	83.8287	-84.5414	-0.712687
211.06	82.5258	-83.2432	-0.71738
211.08	82.1578	-82.8702	-0.712465
211.1	82.2731	-82.9798	-0.706738
211.12	82.8483	-83.5608	-0.712476
211.14	83.3207	-84.0229	-0.702147
211.16	82.7516	-83.4702	-0.718607
211.18	81.3521	-82.0696	-0.717482
211.2	80.7328	-81.4559	-0.723151
211.22	80.7526	-81.4555	-0.702889
211.24	79.6348	-80.3427	-0.707889
211.26	78.0391	-78.7624	-0.723298
211.28	77.8482	-78.56	-0.711843
211.3	79.4275	-80.1415	-0.713928
211.32	80.0907	-80.8209	-0.730205
211.34	79.6449	-80.3735	-0.728529
211.36	79.8621	-80.5804	-0.718287
211.38	80.1295	-80.8647	-0.73525
211.4	79.7798	-80.5145	-0.73471
211.42	79.4882	-80.2063	-0.718077
211.44	79.5721	-80.3012	-0.729077
211.46	79.9081	-80.6482	-0.740039
211.48	80.1864	-80.9325	-0.746036
211.5	79.6891	-80.4294	-0.740339
211.52	78.7032	-79.4317	-0.728552
211.54	78.349	-79.0662	-0.717111
211.56	79.2851	-79.9971	-0.711969
211.58	80.9296	-81.6476	-0.718083
211.6	82.2815	-83.0105	-0.72896
211.62	83.0949	-83.8239	-0.728974
211.64	83.1848	-83.9088	-0.723953
211.66	82.0036	-82.7334	-0.729748
211.68	79.5658	-80.289	-0.723165
211.7	77.7161	-78.4494	-0.73332
211.72	77.6369	-78.3603	-0.72337
211.74	78.0941	-78.8289	-0.734743
211.76	78.2212	-78.9722	-0.751002
211.78	77.9875	-78.7384	-0.750861
211.8	77.4885	-78.2228	-0.734335
211.82	76.8278	-77.5565	-0.728711
211.84	76.2543	-76.972	-0.717735
211.86	75.8788	-76.5969	-0.718143
211.88	75.3204	-76.0335	-0.713044
211.9	74.391	-75.1036	-0.712579
211.92	73.8571	-74.5584	-0.701269
211.94	74.1867	-74.8831	-0.696462
211.96	74.4801	-75.1714	-0.691309
211.98	74.2507	-74.9409	-0.690266
212	74.5431	-75.2388	-0.695675
212.02	75.3443	-76.0242	-0.679842
212.04	75.7456	-76.4147	-0.66906
212.06	75.3735	-76.0477	-0.674159
212.08	74.7748	-75.4482	-0.673391
212.1	74.8886	-75.562	-0.673412
212.12	75.6162	-76.2794	-0.663216
212.14	75.8449	-76.5197	-0.674836
212.16	74.7071	-75.3653	-0.658243
212.18	72.5706	-73.2173	-0.64672
212.2	70.565	-71.2002	-0.635199
212.22	70.054	-70.6827	-0.628714
212.24	71.9937	-72.6185	-0.624808
212.26	74.2474	-74.8674	-0.619999
212.28	75.285	-75.9154	-0.630458
212.3	75.3809	-76.0053	-0.624449
212.32	75.18	-75.826	-0.645942
212.34	75.2179	-75.8638	-0.645907
212.36	75.5657	-76.2228	-0.657161
212.38	75.8275	-76.474	-0.646551
212.4	75.5303	-76.1716	-0.641339
212.42	74.3513	-74.9873	-0.635964
212.44	72.3854	-73.01	-0.624637
212.46	70.4232	-71.0585	-0.635383
212.48	69.2267	-69.8673	-0.640686
212.5	69.777	-70.417	-0.639961
212.52	72.4431	-73.0748	-0.631675
212.54	73.9848	-74.605	-0.620264
212.56	74.1223	-74.7413	-0.619061
212.58	74.1515	-74.7761	-0.624552
212.6	74.073	-74.7087	-0.63573
212.62	73.5677	-74.1979	-0.630172
212.64	72.7662	-73.4071	-0.640932
212.66	72.1064	-72.725	-0.618623
212.68	72.2404	-72.8698	-0.629332
212.7	73.5231	-74.1582	-0.635143
212.72	75.3659	-75.9797	-0.613839
212.74	76.7592	-77.3787	-0.619474
212.76	77.3198	-77.928	-0.608247
212.78	77.3402	-77.9536	-0.613424
212.8	77.2677	-77.854	-0.586299
212.82	76.8293	-77.4274	-0.598195
212.84	75.1679	-75.7712	-0.603334
212.86	73.2585	-73.8545	-0.596025
212.88	73.4689	-74.0661	-0.597163
212.9	74.5708	-75.1695	-0.598696
212.92	74.4876	-75.0909	-0.603356
212.94	73.9819	-74.5845	-0.602626
212.96	73.9949	-74.5924	-0.597544
212.98	74.1493	-74.7524	-0.60311
213	74.2987	-74.9018	-0.603061
213.02	74.4313	-75.0294	-0.598035
213.04	74.1529	-74.7341	-0.581167
213.06	73.9494	-74.5248	-0.575404
213.08	74.2448	-74.8147	-0.569968
213.1	74.9142	-75.4737	-0.559497
213.12	75.2988	-75.8584	-0.559634
213.14	75.0689	-75.6229	-0.554058
213.16	74.4113	-74.9595	-0.548167
213.18	73.8462	-74.3782	-0.532002
213.2	73.1896	-73.6996	-0.510052
213.22	72.4513	-72.9613	-0.509999
213.24	71.6628	-72.1782	-0.515463
213.26	70.9125	-71.4326	-0.520097
213.28	71.1038	-71.6184	-0.51461
213.3	72.1302	-72.6563	-0.526184
213.32	73.0317	-73.5688	-0.53718
213.34	73.4553	-73.9924	-0.537078
213.36	73.4103	-73.9583	-0.547997
213.38	72.8992	-73.4307	-0.531511
213.4	71.9995	-72.5364	-0.536902
213.42	70.9175	-71.4322	-0.514766
213.44	70.0966	-70.6222	-0.525574
213.46	69.7789	-70.2885	-0.509676
213.48	69.3281	-69.8383	-0.510175
213.5	68.2455	-68.7387	-0.493224
213.52	67.3739	-67.8719	-0.497908
213.54	67.8384	-68.3418	-0.503344
213.56	69.5637	-70.0733	-0.509605
213.58	71.2631	-71.7842	-0.521082
213.6	72.0045	-72.5197	-0.51523
213.62	72.0706	-72.5854	-0.514756
213.64	71.9865	-72.5068	-0.520319
213.66	71.6818	-72.2079	-0.526031
213.68	70.934	-71.4653	-0.531311
213.7	70.2063	-70.7535	-0.54716
213.72	70.3078	-70.8389	-0.531099
213.74	70.8757	-71.4019	-0.526237
213.76	71.0424	-71.5743	-0.531933
213.78	70.5212	-71.0473	-0.526095
213.8	69.9004	-70.4368	-0.536407
213.82	70.1127	-70.6492	-0.536467
213.84	71.077	-71.6032	-0.526187
213.86	71.8441	-72.3485	-0.504455
213.88	72.0477	-72.5573	-0.509571
213.9	71.9882	-72.4923	-0.504133
213.92	71.6442	-72.1376	-0.493429
213.94	70.799	-71.3033	-0.504235
213.96	69.8844	-70.3932	-0.508841
213.98	70.1833	-70.7029	-0.519543
214	71.961	-72.4817	-0.520668
214.02	73.6844	-74.1999	-0.515499
214.04	74.585	-75.0837	-0.498675
214.06	74.9214	-75.4197	-0.49836
214.08	74.9866	-75.496	-0.509329
214.1	74.7472	-75.2569	-0.5097
214.12	73.7801	-74.3016	-0.521534
214.14	71.4162	-71.9371	-0.520915
214.16	69.8706	-70.3887	-0.518136
214.18	71.9137	-72.4412	-0.527507
214.2	73.1454	-73.667	-0.521542
214.22	72.857	-73.3885	-0.531461
214.24	72.2892	-72.8258	-0.536669
214.26	71.8837	-72.4151	-0.531405
214.28	71.4282	-71.9653	-0.537166
214.3	70.5991	-71.1529	-0.553744
214.32	69.3875	-69.9409	-0.55333
214.34	68.4177	-68.9764	-0.558726
214.36	67.9436	-68.5079	-0.564301
214.38	67.9342	-68.4927	-0.558456
214.4	68.657	-69.2104	-0.553335
214.42	69.4282	-69.9882	-0.560033
214.44	68.7875	-69.3527	-0.565202
214.46	67.6621	-68.2363	-0.574162
214.48	68.2664	-68.8474	-0.581016
214.5	69.1706	-69.7623	-0.591701
214.52	70.0403	-70.6317	-0.591349
214.54	71.0277	-71.6194	-0.591666
214.56	71.5567	-72.1596	-0.602979
214.58	71.0827	-71.6967	-0.614003
214.6	69.6479	-70.2726	-0.624744
214.62	67.7939	-68.4292	-0.635308
214.64	66.3728	-67.0188	-0.64597
214.66	65.845	-66.4532	-0.60819
214.68	65.6426	-66.2398	-0.597189
214.7	65.7942	-66.3802	-0.58598
214.72	66.634	-67.2148	-0.580794
214.74	67.8369	-68.4291	-0.592185
214.76	68.6783	-69.2658	-0.58755
214.78	68.1193	-68.7068	-0.58751
214.8	66.6416	-67.2272	-0.585584
214.82	66.6839	-67.2698	-0.585889
214.84	68.031	-68.6232	-0.592293
214.86	69.2863	-69.9001	-0.613868
214.88	70.3268	-70.9518	-0.624924
214.9	70.7826	-71.424	-0.641433
214.92	70.3426	-70.9783	-0.635669
214.94	69.4015	-70.0255	-0.623985
214.96	68.9255	-69.5548	-0.629282
214.98	69.2873	-69.9111	-0.623852
215	70.294	-70.9131	-0.61902
215.02	70.9614	-71.5811	-0.619757
215.04	70.3516	-70.9765	-0.624855
215.06	69.2092	-69.8382	-0.628959
215.08	69.3175	-69.9359	-0.618421
215.1	70.356	-70.9695	-0.613501
215.12	71.4412	-72.0549	-0.613681
215.14	72.1928	-72.7959	-0.60304
215.16	72.3604	-72.9577	-0.597314
215.18	72.4273	-73.0242	-0.596899
215.2	73.0273	-73.6353	-0.608071
215.22	73.852	-74.4553	-0.603283
215.24	74.1195	-74.7225	-0.60297
215.26	74.2411	-74.8436	-0.602458
215.28	74.8216	-75.4084	-0.586808
215.3	74.9213	-75.5036	-0.582301
215.32	73.3502	-73.9274	-0.577244
215.34	70.3044	-70.8849	-0.580576
215.36	69.2811	-69.8771	-0.595998
215.38	71.4825	-72.0867	-0.604136
215.4	73.5906	-74.183	-0.592394
215.42	75.4391	-76.0205	-0.581437
215.44	76.6834	-77.2708	-0.587462
215.46	76.4538	-77.0514	-0.597617
215.48	75.5336	-76.1138	-0.580297
215.5	75.0688	-75.6872	-0.618398
215.52	75.3961	-75.9987	-0.602511
215.54	75.7248	-76.3388	-0.613998
215.56	75.227	-75.8298	-0.60284
215.58	74.0678	-74.6594	-0.59158
215.6	72.6907	-73.2824	-0.59173
215.62	71.1527	-71.7389	-0.586187
215.64	69.7331	-70.3247	-0.591522
215.66	68.9093	-69.5057	-0.596468
215.68	69.4727	-70.0746	-0.601958
215.7	71.225	-71.8335	-0.608435
215.72	72.6956	-73.3043	-0.608689
215.74	73.218	-73.8156	-0.59753
215.76	73.0029	-73.6164	-0.613524
215.78	72.693	-73.3007	-0.607708
215.8	72.7895	-73.3973	-0.607728
215.82	73.1446	-73.7639	-0.619263
215.84	72.9601	-73.585	-0.624875
215.86	72.0264	-72.6343	-0.607942
215.88	71.0754	-71.6827	-0.607355
215.9	70.9708	-71.5618	-0.590984
215.92	71.7196	-72.3111	-0.591495
215.94	72.5871	-73.1739	-0.586817
215.96	72.5039	-73.0802	-0.576313
215.98	71.0743	-71.6336	-0.559301
216	69.2906	-69.8606	-0.570036
216.02	67.8538	-68.4295	-0.575732
216.04	67.2068	-67.7705	-0.563654
216.06	68.5911	-69.1502	-0.5591
216.08	70.9086	-71.4514	-0.54288
216.1	73.1047	-73.6424	-0.537734
216.12	74.239	-74.777	-0.538081
216.14	73.6026	-74.1457	-0.543089
216.16	71.7905	-72.3493	-0.558802
216.18	69.9109	-70.4813	-0.570456
216.2	67.8215	-68.3968	-0.575309
216.22	67.0231	-67.5978	-0.574726
216.24	67.9786	-68.5606	-0.582011
216.26	68.3487	-68.9294	-0.580674
216.28	68.9836	-69.5695	-0.58587
216.3	70.073	-70.6593	-0.586337
216.32	70.7961	-71.3882	-0.592107
216.34	70.6019	-71.1993	-0.597399
216.36	69.7273	-70.3241	-0.596711
216.38	69.1219	-69.7127	-0.590849
216.4	69.313	-69.9042	-0.591241
216.42	69.8264	-70.4399	-0.613458
216.44	70.1799	-70.7879	-0.608066
216.46	70.1643	-70.7727	-0.608397
216.48	69.4124	-70.0156	-0.603171
216.5	67.9323	-68.5346	-0.602214
216.52	67.2733	-67.8692	-0.595965
216.54	68.2817	-68.8793	-0.597623
216.56	68.9818	-69.585	-0.603172
216.58	69.0188	-69.6211	-0.602242
216.6	69.4531	-70.0501	-0.596997
216.62	70.139	-70.7471	-0.608078
216.64	70.7861	-71.405	-0.618912
216.66	71.5172	-72.1358	-0.618579
216.68	72.5832	-73.2076	-0.62442
216.7	73.4512	-74.0816	-0.63037
216.72	73.5171	-74.1635	-0.646372
216.74	73.3455	-74.0078	-0.662261
216.76	73.6799	-74.3482	-0.668249
216.78	74.002	-74.671	-0.669002
216.8	73.6067	-74.2699	-0.663188
216.82	73.0586	-73.7164	-0.6578
216.84	72.5973	-73.2497	-0.652365
216.86	72.3463	-73.0036	-0.657312
216.88	72.805	-73.4686	-0.663548
216.9	73.0555	-73.725	-0.669509
216.92	72.7577	-73.4417	-0.68398
216.94	74.1968	-74.8863	-0.68951
216.96	77.1169	-77.8355	-0.718663
216.98	78.871	-79.5901	-0.719112
217	78.2832	-78.9807	-0.697592
217.02	75.0628	-75.7655	-0.702659
217.04	70.9807	-71.6745	-0.693818
217.06	70.4735	-71.1742	-0.700697
217.08	72.2213	-72.9181	-0.696805
217.1	73.5223	-74.2016	-0.679316
217.12	74.9385	-75.623	-0.684539
217.14	76.6606	-77.3512	-0.690581
217.16	77.818	-78.5257	-0.707721
217.18	77.4651	-78.1729	-0.707793
217.2	75.8164	-76.5118	-0.695429
217.22	75.0086	-75.7086	-0.699988
217.24	76.2298	-76.926	-0.696173
217.26	77.4464	-78.1435	-0.69705
217.28	77.4434	-78.1448	-0.701385
217.3	77.6348	-78.352	-0.71716
217.32	78.7968	-79.488	-0.69121
217.34	79.1856	-79.8831	-0.697439
217.36	78.0144	-78.7104	-0.696064
217.38	77.388	-78.083	-0.69505
217.4	78.8026	-79.4987	-0.696102
217.42	81.0227	-81.7191	-0.696437
217.44	83.0861	-83.7667	-0.680615
217.46	83.9007	-84.582	-0.681285
217.48	82.7489	-83.4182	-0.669349
217.5	81.22	-81.866	-0.645968
217.52	81.4022	-82.054	-0.651805
217.54	83.1361	-83.7994	-0.663263
217.56	85.4141	-86.0836	-0.669515
217.58	86.804	-87.4907	-0.686737
217.6	86.1079	-86.8	-0.692086
217.62	83.8363	-84.5488	-0.712501
217.64	82.2015	-82.9135	-0.71196
217.66	82.2985	-83.0161	-0.717574
217.68	83.5955	-84.32	-0.724443
217.7	84.0848	-84.8097	-0.72494
217.72	82.8904	-83.6034	-0.713057
217.74	81.2828	-81.9944	-0.711656
217.76	81.1063	-81.8288	-0.722506
217.78	82.3698	-83.0936	-0.723779
217.8	83.1758	-83.9166	-0.740787
217.82	82.4497	-83.2065	-0.756787
217.84	80.7784	-81.5287	-0.7503
217.86	79.535	-80.2849	-0.749904
217.88	79.3078	-80.0635	-0.755663
217.9	79.7738	-80.5186	-0.744822
217.92	80.618	-81.3688	-0.750765
217.94	81.2215	-81.9727	-0.75117
217.96	81.132	-81.8772	-0.745224
217.98	81.022	-81.7556	-0.733634
218	81.7163	-82.4559	-0.73965
218.02	82.5569	-83.3028	-0.745899
218.04	82.5471	-83.3096	-0.762506
218.06	81.651	-82.4074	-0.756354
218.08	81.2329	-81.9777	-0.744777
218.1	82.1514	-82.8973	-0.745926
218.12	83.0289	-83.7808	-0.751885
218.14	82.9495	-83.7124	-0.762855
218.16	82.0178	-82.7743	-0.756484
218.18	81.4496	-82.2283	-0.778758
218.2	81.3137	-82.1032	-0.789456
218.22	82.452	-83.236	-0.784013
218.24	84.4802	-85.2601	-0.779952
218.26	85.259	-86.0542	-0.79519
218.28	85.5021	-86.3029	-0.800741
218.3	85.1659	-85.9609	-0.795005
218.32	84.778	-85.5824	-0.804447
218.34	85.9861	-86.7916	-0.805473
218.36	87.4385	-88.2453	-0.806871
218.38	87.0567	-87.8633	-0.80664
218.4	85.1473	-85.9471	-0.799819
218.42	83.8177	-84.6111	-0.793359
218.44	84.3895	-85.1841	-0.794642
218.46	85.3084	-86.0986	-0.790207
218.48	85.2298	-86.0191	-0.78934
218.5	85.3747	-86.1684	-0.793654
218.52	87.0216	-87.817	-0.795486
218.54	87.9667	-88.7633	-0.796609
218.56	86.8345	-87.6355	-0.800993
218.58	85.0918	-85.8921	-0.800232
218.6	84.1208	-84.937	-0.816176
218.62	84.4599	-85.2934	-0.833583
218.64	84.8997	-85.7392	-0.839531
218.66	84.5537	-85.3933	-0.839585
218.68	83.499	-84.3321	-0.833085
218.7	83.4984	-84.3465	-0.848129
218.72	85.8778	-86.7063	-0.828525
218.74	87.539	-88.379	-0.839956
218.76	87.041	-87.8687	-0.82773
218.78	85.6995	-86.51	-0.810491
218.8	84.7401	-85.5393	-0.799235
218.82	84.6796	-85.479	-0.799476
218.84	85.1561	-85.9455	-0.789381
218.86	85.0965	-85.8699	-0.773331
218.88	84.1111	-84.8894	-0.778266
218.9	83.2054	-83.9828	-0.777366
218.92	83.7562	-84.5173	-0.76106
218.94	85.6345	-86.3866	-0.752068
218.96	86.2752	-87.0241	-0.748845
218.98	83.9362	-84.665	-0.728764
219	83.3271	-84.0579	-0.730723
219.02	82.969	-83.7173	-0.748256
219.04	80.8684	-81.6245	-0.756062
219.06	80.724	-81.4741	-0.750056
219.08	82.9491	-83.6855	-0.736379
219.1	83.7967	-84.533	-0.736254
219.12	82.5807	-83.3316	-0.750877
219.14	81.1742	-81.9302	-0.755992
219.16	80.058	-80.8357	-0.777651
219.18	79.176	-79.9432	-0.76724
219.2	77.7712	-78.5386	-0.767369
219.22	76.0094	-76.7698	-0.760387
219.24	75.6653	-76.4374	-0.772138
219.26	75.9603	-76.722	-0.761652
219.28	75.9528	-76.7195	-0.766752
219.3	75.9239	-76.6797	-0.755759
219.32	75.9716	-76.7327	-0.76108
219.34	76.2913	-77.0469	-0.7556
219.36	76.8063	-77.5734	-0.767104
219.38	76.7721	-77.5234	-0.751317
219.4	75.466	-76.2227	-0.756695
219.42	73.4616	-74.2112	-0.749673
219.44	72.8757	-73.6476	-0.7719
219.46	73.4739	-74.2525	-0.778593
219.48	73.6255	-74.4098	-0.784308
219.5	72.7951	-73.5855	-0.790442
219.52	70.8322	-71.6151	-0.782956
219.54	70.8505	-71.6272	-0.776653
219.56	73.59	-74.392	-0.801951
219.58	74.6571	-75.4424	-0.785249
219.6	73.6077	-74.3913	-0.783579
219.62	72.5887	-73.355	-0.766337
219.64	72.7144	-73.4872	-0.772829
219.66	72.8589	-73.6264	-0.767489
219.68	72.8213	-73.5822	-0.760859
219.7	73.7845	-74.5293	-0.74482
219.72	75.1463	-75.8867	-0.740421
219.74	75.3035	-76.0279	-0.724349
219.76	73.6818	-74.4062	-0.72434
219.78	70.5659	-71.2681	-0.702207
219.8	67.3089	-68.0359	-0.726952
219.82	67.4561	-68.184	-0.727827
219.84	70.061	-70.7853	-0.724349
219.86	72.0345	-72.7639	-0.729347
219.88	73.1022	-73.8373	-0.735131
219.9	72.9458	-73.658	-0.712216
219.92	72.9456	-73.6403	-0.694709
219.94	74.1615	-74.8629	-0.701477
219.96	74.9026	-75.604	-0.70139
219.98	74.8407	-75.5468	-0.706071
220	74.8697	-75.5754	-0.705693
220.02	75.4142	-76.1259	-0.711726
220.04	75.7681	-76.4698	-0.701675
220.06	74.8071	-75.5094	-0.702271
220.08	72.1547	-72.8564	-0.701656
220.1	69.5472	-70.2573	-0.710137
220.12	70.4125	-71.1405	-0.727954
220.14	73.1354	-73.8656	-0.730176
220.16	74.2581	-74.9711	-0.713022
220.18	74.1344	-74.8571	-0.722701
220.2	74.3638	-75.0804	-0.716655
220.22	75.6601	-76.3772	-0.717127
220.24	77.4335	-78.1675	-0.733985
220.26	78.9673	-79.7127	-0.745415
220.28	79.549	-80.2896	-0.74064
220.3	78.5252	-79.2874	-0.762162
220.32	77.0302	-77.7857	-0.755512
220.34	76.7058	-77.4682	-0.762413
220.36	76.4621	-77.2077	-0.745543
220.38	76.6225	-77.3683	-0.745792
220.4	76.7917	-77.5385	-0.746875
220.42	75.6282	-76.3578	-0.729559
220.44	74.2054	-74.923	-0.7176
220.46	74.1189	-74.8198	-0.700883
220.48	75.6805	-76.3768	-0.696311
220.5	77.5568	-78.2588	-0.702051
220.52	78.8131	-79.5208	-0.707625
220.54	78.9273	-79.6346	-0.707337
220.56	78.0385	-78.7395	-0.700977
220.58	77.1348	-77.8518	-0.716972
220.6	76.7223	-77.4451	-0.722788
220.62	76.3454	-77.063	-0.717572
220.64	75.6732	-76.4014	-0.72816
220.66	75.2301	-75.9579	-0.727723
220.68	75.5084	-76.231	-0.722694
220.7	75.9328	-76.6561	-0.723236
220.72	75.6715	-76.3622	-0.690644
220.74	74.3245	-74.993	-0.668483
220.76	72.4586	-73.1259	-0.667285
220.78	71.8392	-72.4839	-0.64471
220.8	73.3705	-74.0107	-0.640224
220.82	75.6692	-76.3049	-0.635731
220.84	77.1434	-77.7849	-0.641556
220.86	77.1536	-77.7844	-0.630798
220.88	75.7119	-76.3585	-0.646533
220.9	74.3485	-74.9883	-0.639772
220.92	74.7877	-75.4233	-0.635647
220.94	75.5488	-76.1858	-0.637004
220.96	74.9089	-75.556	-0.647082
220.98	74.3686	-75.0141	-0.645526
221	75.5271	-76.1638	-0.636637
221.02	75.9805	-76.6115	-0.631021
221.04	75.409	-76.0716	-0.662616
221.06	75.5341	-76.1905	-0.656393
221.08	77.2958	-77.9536	-0.657778
221.1	78.9276	-79.5807	-0.653185
221.12	78.9844	-79.6485	-0.664026
221.14	77.5616	-78.2308	-0.669265
221.16	75.9026	-76.5586	-0.655967
221.18	76.6267	-77.2742	-0.647503
221.2	77.0744	-77.7224	-0.647948
221.22	75.9848	-76.6256	-0.640836
221.24	75.1744	-75.8376	-0.663123
221.26	74.7794	-75.4586	-0.679257
221.28	75.056	-75.7473	-0.691317
221.3	74.6481	-75.3399	-0.691757
221.32	72.9002	-73.601	-0.700751
221.34	72.1194	-72.8252	-0.70572
221.36	72.8842	-73.5912	-0.707011
221.38	73.6389	-74.3455	-0.706612
221.4	74.4455	-75.1524	-0.706864
221.42	74.884	-75.5914	-0.707468
221.44	74.1612	-74.8737	-0.712495
221.46	72.8909	-73.5972	-0.706288
221.48	72.2955	-73.0179	-0.722398
221.5	72.8745	-73.5921	-0.717628
221.52	73.7286	-74.4358	-0.70715
221.54	74.0979	-74.7993	-0.70142
221.56	74.148	-74.8436	-0.695616
221.58	74.2193	-74.9149	-0.695648
221.6	74.2081	-74.8875	-0.679384
221.62	73.8943	-74.579	-0.684715
221.64	73.3846	-74.0643	-0.679775
221.66	72.3071	-72.9973	-0.690211
221.68	71.7958	-72.4901	-0.694352
221.7	73.2079	-73.8985	-0.690635
221.72	74.401	-75.0863	-0.685307
221.74	74.554	-75.2331	-0.679099
221.76	74.3748	-75.0536	-0.678739
221.78	74.3382	-75.0279	-0.689716
221.8	74.4631	-75.1417	-0.678637
221.82	74.8763	-75.5658	-0.689464
221.84	75.6815	-76.3659	-0.68441
221.86	76.4038	-77.0884	-0.684641
221.88	76.7457	-77.4412	-0.695484
221.9	76.8147	-77.4994	-0.684685
221.92	76.4597	-77.1555	-0.695778
221.94	75.5658	-76.2615	-0.695719
221.96	74.3306	-75.0154	-0.684838
221.98	72.9591	-73.6219	-0.662804
222	72.1061	-72.7624	-0.656355
222.02	73.2195	-73.876	-0.656459
222.04	76.1581	-76.8215	-0.663349
222.06	78.7501	-79.431	-0.680959
222.08	79.0817	-79.7679	-0.686275
222.1	77.2417	-77.9213	-0.679605
222.12	75.0354	-75.7031	-0.667673
222.14	74.2039	-74.8657	-0.661866
222.16	75.1836	-75.8631	-0.679459
222.18	76.4169	-77.0918	-0.674871
222.2	76.5424	-77.2168	-0.674387
222.22	76.2106	-76.8947	-0.68407
222.24	76.9596	-77.6386	-0.678966
222.26	78.3042	-78.9787	-0.674452
222.28	78.6653	-79.3515	-0.68618
222.3	77.1587	-77.8383	-0.679646
222.32	75.6867	-76.3703	-0.683594
222.34	75.9513	-76.6373	-0.685966
222.36	75.4956	-76.1972	-0.701591
222.38	74.9196	-75.6254	-0.705823
222.4	75.6793	-76.3694	-0.690028
222.42	77.0582	-77.7374	-0.679265
222.44	78.4593	-79.1439	-0.684631
222.46	79.7771	-80.4617	-0.684604
222.48	80.8424	-81.5328	-0.690416
222.5	81.0983	-81.7839	-0.685584
222.52	79.8198	-80.5273	-0.70752
222.54	77.726	-78.4204	-0.69438
222.56	77.6652	-78.3606	-0.695371
222.58	78.697	-79.3887	-0.691741
222.6	78.2608	-78.9357	-0.674947
222.62	77.1562	-77.8346	-0.678353
222.64	77.5703	-78.267	-0.696697
222.66	77.5699	-78.25	-0.68006
222.68	77.003	-77.665	-0.662006
222.7	77.8895	-78.5463	-0.656855
222.72	79.7249	-80.3888	-0.663926
222.74	80.3281	-80.9971	-0.668953
222.76	79.9572	-80.6421	-0.684832
222.78	79.5996	-80.2893	-0.689743
222.8	80.1391	-80.8348	-0.695681
222.82	81.0822	-81.7621	-0.679961
222.84	81.5809	-82.26	-0.679187
222.86	82.2493	-82.9127	-0.663413
222.88	82.1888	-82.859	-0.670249
222.9	79.8479	-80.5071	-0.659203
222.92	76.7547	-77.4095	-0.654756
222.94	78.3101	-78.9522	-0.642102
222.96	80.6254	-81.2797	-0.654318
222.98	80.5427	-81.2004	-0.657672
223	80.3868	-81.0489	-0.662144
223.02	81.4199	-82.0662	-0.646254
223.04	82.7088	-83.3505	-0.641677
223.06	82.8036	-83.4626	-0.659049
223.08	80.5002	-81.1491	-0.648898
223.1	76.3917	-77.0575	-0.665771
223.12	77.2337	-77.9126	-0.678923
223.14	80.9582	-81.6343	-0.676111
223.16	82.4629	-83.1322	-0.669256
223.18	82.5258	-83.189	-0.663223
223.2	81.862	-82.5306	-0.668583
223.22	80.7599	-81.4174	-0.657466
223.24	79.5931	-80.256	-0.662954
223.26	78.7686	-79.4363	-0.667773
223.28	79.2867	-79.9438	-0.657077
223.3	80.7981	-81.4505	-0.652397
223.32	82.2227	-82.8745	-0.651813
223.34	83.6837	-84.3469	-0.663257
223.36	84.4003	-85.0417	-0.641344
223.38	84.1187	-84.765	-0.646339
223.4	83.4415	-84.0984	-0.656849
223.42	82.9834	-83.6403	-0.656859
223.44	82.7954	-83.4527	-0.657326
223.46	82.3335	-82.9914	-0.657888
223.48	80.9477	-81.6165	-0.668856
223.5	78.9478	-79.6264	-0.67867
223.52	78.0375	-78.7047	-0.667175
223.54	79.0355	-79.7035	-0.668014
223.56	80.8478	-81.5166	-0.668767
223.58	82.2543	-82.923	-0.668641
223.6	83.1499	-83.8072	-0.65732
223.62	83.8023	-84.4542	-0.651932
223.64	83.9455	-84.6088	-0.663229
223.66	83.0513	-83.7147	-0.663408
223.68	81.1868	-81.8381	-0.651301
223.7	79.9852	-80.6255	-0.640262
223.72	79.5618	-80.2034	-0.641557
223.74	78.3823	-79.0177	-0.635391
223.76	77.045	-77.6801	-0.635098
223.78	76.0257	-76.6556	-0.629897
223.8	75.0985	-75.7283	-0.629861
223.82	74.4714	-75.1229	-0.651533
223.84	74.7197	-75.3705	-0.650832
223.86	76.5	-77.1734	-0.673374
223.88	78.789	-79.4634	-0.674347
223.9	79.9755	-80.672	-0.69655
223.92	79.3759	-80.0834	-0.707463
223.94	77.209	-77.9101	-0.701065
223.96	75.0865	-75.781	-0.694446
223.98	74.6273	-75.317	-0.689762
224	75.0185	-75.709	-0.690456
224.02	75.1953	-75.8745	-0.679274
224.04	75.1669	-75.8516	-0.68476
224.06	74.8545	-75.5283	-0.673791
224.08	74.2819	-74.9551	-0.673232
224.1	74.1337	-74.8284	-0.694767
224.12	74.831	-75.5261	-0.695066
224.14	75.9259	-76.61	-0.684193
224.16	77.0513	-77.7301	-0.678753
224.18	77.9817	-78.6715	-0.689821
224.2	78.4443	-79.1342	-0.689833
224.22	78.3606	-79.0123	-0.65166
224.24	77.5273	-78.1851	-0.657718
224.26	75.4362	-76.0941	-0.65791
224.28	72.4955	-73.1466	-0.651109
224.3	70.7769	-71.4279	-0.650986
224.32	70.9068	-71.5636	-0.656851
224.34	72.2003	-72.8687	-0.668419
224.36	73.5585	-74.2326	-0.674144
224.38	74.3693	-75.0431	-0.673815
224.4	74.8112	-75.5014	-0.690264
224.42	74.9048	-75.5949	-0.690106
224.44	74.902	-75.592	-0.689979
224.46	74.8945	-75.5745	-0.679956
224.48	73.8761	-74.5728	-0.696683
224.5	71.9563	-72.6404	-0.684035
224.52	71.2498	-71.9454	-0.695562
224.54	71.464	-72.1651	-0.701075
224.56	72.1446	-72.8508	-0.706158
224.58	73.4465	-74.1525	-0.706022
224.6	75.1564	-75.8408	-0.684382
224.62	76.6244	-77.3091	-0.684653
224.64	77.2513	-77.9414	-0.690097
224.66	77.0033	-77.693	-0.689728
224.68	76.3305	-77.0146	-0.684131
224.7	75.4988	-76.194	-0.695168
224.72	74.5491	-75.2662	-0.717048
224.74	73.5818	-74.2936	-0.711774
224.76	72.4616	-73.1735	-0.711947
224.78	71.1486	-71.8604	-0.711774
224.8	70.0993	-70.8105	-0.711231
224.82	70.2111	-70.9165	-0.705445
224.84	71.816	-72.5222	-0.706145
224.86	73.8619	-74.574	-0.712068
224.88	75.361	-76.084	-0.723022
224.9	76.073	-76.7794	-0.706395
224.92	76.1571	-76.8633	-0.706213
224.94	75.8516	-76.5525	-0.700875
224.96	75.0329	-75.7069	-0.674052
224.98	73.2489	-73.9611	-0.712205
225	71.3691	-72.0793	-0.710248
225.02	72.0305	-72.7357	-0.705288
225.04	74.5641	-75.266	-0.701873
225.06	75.9411	-76.6542	-0.713136
225.08	75.2949	-75.9965	-0.701635
225.1	73.5757	-74.2813	-0.705583
225.12	73.0098	-73.7095	-0.699697
225.14	74.2795	-74.9803	-0.700805
225.16	75.8766	-76.5835	-0.706898
225.18	76.8079	-77.5143	-0.706387
225.2	77.4805	-78.17	-0.689561
225.22	78.3636	-79.0588	-0.695162
225.24	79.2936	-79.9945	-0.700922
225.26	79.7828	-80.4791	-0.696288
225.28	78.7928	-79.4843	-0.691512
225.3	76.1185	-76.8076	-0.689179
225.32	75.2886	-75.9825	-0.693875
225.34	77.4706	-78.1718	-0.70118
225.36	80.1541	-80.8498	-0.695664
225.38	82.6105	-83.3011	-0.690649
225.4	83.9948	-84.6802	-0.685398
225.42	83.9304	-84.6208	-0.690404
225.44	83.1157	-83.7946	-0.678859
225.46	82.4232	-83.0862	-0.662986
225.48	81.4114	-82.0912	-0.67987
225.5	79.9085	-80.5871	-0.678621
225.52	79.5979	-80.2984	-0.700446
225.54	80.663	-81.3759	-0.712865
225.56	81.3735	-82.0972	-0.723619
225.58	81.7945	-82.5233	-0.728781
225.6	82.1317	-82.8614	-0.729726
225.62	81.3368	-82.0606	-0.723799
225.64	79.9198	-80.6429	-0.723088
225.66	79.0888	-79.8061	-0.717267
225.68	79.523	-80.2401	-0.717116
225.7	81.2062	-81.9188	-0.712676
225.72	82.5726	-83.2689	-0.696243
225.74	83.0401	-83.7518	-0.711752
225.76	83.387	-84.1041	-0.717149
225.78	83.6767	-84.3882	-0.711514
225.8	83.9899	-84.6848	-0.694828
225.82	84.5735	-85.274	-0.70047
225.84	85.1901	-85.8913	-0.701199
225.86	84.9305	-85.6325	-0.702017
225.88	82.8587	-83.5723	-0.713638
225.9	78.9062	-79.6294	-0.723209
225.92	75.8271	-76.5492	-0.722108
225.94	75.5793	-76.2853	-0.705979
225.96	77.7167	-78.4231	-0.706367
225.98	80.9254	-81.6387	-0.713319
226	82.6931	-83.4011	-0.708009
226.02	82.1723	-82.8641	-0.691767
226.04	79.5067	-80.2132	-0.706529
226.06	77.6331	-78.3437	-0.710649
226.08	78.1099	-78.8226	-0.712642
226.1	78.4099	-79.1108	-0.700989
226.12	78.5461	-79.2414	-0.695313
226.14	78.5588	-79.2437	-0.684929
226.16	77.6338	-78.3247	-0.690966
226.18	75.2442	-75.9402	-0.69604
226.2	72.8278	-73.5491	-0.721244
226.22	73.2456	-73.9734	-0.727777
226.24	75.472	-76.2116	-0.739587
226.26	77.5291	-78.2635	-0.734361
226.28	78.4291	-79.1631	-0.733974
226.3	78.312	-79.0348	-0.722826
226.32	77.4715	-78.194	-0.722453
226.34	76.5902	-77.3013	-0.711137
226.36	76.1614	-76.8732	-0.711766
226.38	75.6595	-76.3767	-0.717239
226.4	75.16	-75.8609	-0.700877
226.42	74.725	-75.4316	-0.706667
226.44	74.3773	-75.0884	-0.711149
226.46	75.2973	-75.9976	-0.700329
226.48	77.2622	-77.9523	-0.690156
226.5	78.9522	-79.6319	-0.6797
226.52	79.3405	-80.0205	-0.680003
226.54	77.9431	-78.6177	-0.67466
226.56	75.0029	-75.6875	-0.684546
226.58	73.045	-73.7217	-0.676666
226.6	74.7051	-75.3957	-0.690602
226.62	76.5635	-77.2708	-0.707262
226.64	77.2702	-77.9548	-0.684678
226.66	77.5609	-78.2667	-0.705801
226.68	78.2428	-78.9271	-0.684336
226.7	78.7892	-79.4736	-0.68436
226.72	79.207	-79.8906	-0.683545
226.74	80.2459	-80.9248	-0.678881
226.76	80.9055	-81.5792	-0.673767
226.78	80.4895	-81.1578	-0.668323
226.8	79.0422	-79.7052	-0.663048
226.82	76.7476	-77.4108	-0.663131
226.84	74.4456	-75.0903	-0.644784
226.86	74.6164	-75.2568	-0.640389
226.88	75.7682	-76.3944	-0.626178
226.9	74.6864	-75.317	-0.630645
226.92	72.6855	-73.3079	-0.622466
226.94	73.1831	-73.8115	-0.628435
226.96	75.63	-76.2657	-0.635678
226.98	77.3523	-77.9989	-0.64661
227	77.8011	-78.458	-0.656844
227.02	77.7017	-78.3798	-0.678106
227.04	77.8064	-78.5007	-0.694315
227.06	78.352	-79.0519	-0.699969
227.08	78.9819	-79.6821	-0.700204
227.1	79.2617	-79.9675	-0.705847
227.12	78.887	-79.5984	-0.711426
227.14	77.7397	-78.462	-0.722329
227.16	76.1345	-76.8617	-0.727204
227.18	75.1477	-75.8963	-0.748611
227.2	75.5366	-76.2807	-0.744068
227.22	76.3277	-77.067	-0.7393
227.24	76.9052	-77.6326	-0.727435
227.26	78.1521	-78.8862	-0.734039
227.28	78.7864	-79.5153	-0.728883
227.3	78.1472	-78.8696	-0.722306
227.32	77.4512	-78.1738	-0.722685
227.34	76.5283	-77.2355	-0.707237
227.36	74.7928	-75.5041	-0.711312
227.38	74.7407	-75.456	-0.715335
227.4	77.8133	-78.5369	-0.723621
227.42	80.3156	-81.034	-0.718392
227.44	80.9038	-81.6215	-0.717636
227.46	80.259	-80.9656	-0.706601
227.48	78.7131	-79.4089	-0.695764
227.5	76.733	-77.4173	-0.684299
227.52	75.3669	-76.0627	-0.695752
227.54	75.104	-75.7986	-0.694589
227.56	76.9832	-77.6686	-0.685382
227.58	79.1195	-79.8153	-0.695776
227.6	81.1541	-81.8446	-0.690512
227.62	82.5097	-83.2057	-0.696088
227.64	82.6294	-83.3254	-0.695951
227.66	81.8315	-82.5315	-0.699907
227.68	81.899	-82.6101	-0.711053
227.7	82.513	-83.2254	-0.712458
227.72	81.8369	-82.5431	-0.706156
227.74	80.6842	-81.3892	-0.704953
227.76	80.6003	-81.3109	-0.710594
227.78	81.4552	-82.1668	-0.711623
227.8	81.8245	-82.5316	-0.707055
227.82	80.5473	-81.254	-0.706704
227.84	78.324	-79.04	-0.715963
227.86	77.471	-78.1921	-0.721129
227.88	78.4508	-79.1787	-0.727898
227.9	79.5384	-80.2557	-0.717212
227.92	80.0247	-80.7469	-0.72218
227.94	80.2766	-80.9822	-0.705581
227.96	80.4257	-81.1369	-0.711236
227.98	80.1467	-80.8528	-0.706092
228	79.0406	-79.7521	-0.711506
228.02	77.58	-78.2792	-0.699242
228.04	77.5577	-78.2571	-0.699365
228.06	78.9957	-79.7012	-0.705515
228.08	80.7564	-81.4568	-0.700456
228.1	81.9442	-82.6288	-0.684646
228.12	81.7428	-82.422	-0.679244
228.14	80.3935	-81.0771	-0.683599
228.16	79.6569	-80.3296	-0.672733
228.18	79.7215	-80.3848	-0.663218
228.2	79.177	-79.8343	-0.657235
228.22	79.2835	-79.9492	-0.665702
228.24	82.618	-83.2811	-0.663087
228.26	85.7533	-86.4337	-0.680392
228.28	86.4551	-87.1294	-0.674288
228.3	85.2739	-85.9481	-0.674186
228.32	82.7322	-83.4005	-0.668332
228.34	79.9488	-80.6159	-0.667161
228.36	78.9461	-79.6237	-0.677588
228.38	80.222	-80.9123	-0.690306
228.4	81.3579	-82.0377	-0.679848
228.42	81.2181	-81.8975	-0.679436
228.44	80.1231	-80.8137	-0.690554
228.46	78.3929	-79.093	-0.700098
228.48	78.0726	-78.7718	-0.699262
228.5	80.0565	-80.7686	-0.712097
228.52	81.8309	-82.5322	-0.701359
228.54	82.365	-83.0657	-0.700716
228.56	82.1034	-82.8203	-0.716908
228.58	81.3134	-82.0245	-0.711077
228.6	80.4438	-81.1381	-0.694362
228.62	79.8953	-80.5953	-0.699996
228.64	79.4784	-80.2008	-0.722321
228.66	78.6978	-79.4091	-0.711367
228.68	77.5906	-78.318	-0.7274
228.7	76.7116	-77.4335	-0.721924
228.72	76.0788	-76.8121	-0.733327
228.74	75.2544	-75.982	-0.72761
228.76	74.5182	-75.2728	-0.754588
228.78	74.4115	-75.1824	-0.770884
228.8	75.0875	-75.8532	-0.765635
228.82	76.0542	-76.8262	-0.77196
228.84	76.0722	-76.8394	-0.767235
228.86	74.3426	-75.1199	-0.777365
228.88	72.3504	-73.1381	-0.787653
228.9	71.4711	-72.2641	-0.793043
228.92	71.9068	-72.7057	-0.798925
228.94	72.887	-73.6702	-0.783186
228.96	73.2366	-74.0138	-0.777223
228.98	73.2878	-74.0755	-0.787676
229	73.6996	-74.4923	-0.792721
229.02	74.8996	-75.6816	-0.782015
229.04	76.4313	-77.2083	-0.777064
229.06	77.4614	-78.2274	-0.766026
229.08	78.0266	-78.8087	-0.782042
229.1	78.5506	-79.3386	-0.787958
229.12	78.5676	-79.3777	-0.81013
229.14	77.7849	-78.6002	-0.815342
229.16	76.6015	-77.4115	-0.809985
229.18	75.1697	-75.985	-0.81535
229.2	74.0966	-74.8834	-0.786805
229.22	74.8776	-75.6703	-0.792731
229.24	76.9363	-77.7411	-0.804828
229.26	78.4831	-79.2771	-0.794034
229.28	78.9261	-79.7089	-0.782716
229.3	78.619	-79.3796	-0.760602
229.32	77.9816	-78.7418	-0.760271
229.34	77.5262	-78.2809	-0.754657
229.36	77.4942	-78.2438	-0.74961
229.38	77.4242	-78.1633	-0.739067
229.4	76.966	-77.7048	-0.738797
229.42	76.7041	-77.4536	-0.749515
229.44	76.9768	-77.7271	-0.750204
229.46	77.3724	-78.1052	-0.73271
229.48	78.7717	-79.5109	-0.739128
229.5	79.9855	-80.7416	-0.756146
229.52	79.8883	-80.6549	-0.766566
229.54	79.0357	-79.8015	-0.765781
229.56	78.5032	-79.2852	-0.781964
229.58	78.6184	-79.3955	-0.777108
229.6	78.6332	-79.4049	-0.771715
229.62	78.4154	-79.159	-0.743689
229.64	78.6501	-79.3939	-0.743744
229.66	79.2608	-79.9996	-0.738813
229.68	79.4553	-80.1896	-0.734265
229.7	78.0924	-78.8218	-0.729445
229.72	75.083	-75.7991	-0.716092
229.74	73.9444	-74.6486	-0.704148
229.76	75.9962	-76.703	-0.706726
229.78	77.8603	-78.568	-0.70761
229.8	77.9356	-78.642	-0.70644
229.82	77.9011	-78.6283	-0.727209
229.84	79.0169	-79.7405	-0.723511
229.86	79.3598	-80.0825	-0.722698
229.88	79.4234	-80.1457	-0.722299
229.9	79.5454	-80.2629	-0.717514
229.92	78.9052	-79.6276	-0.722401
229.94	78.0723	-78.8054	-0.733074
229.96	77.4889	-78.2113	-0.722445
229.98	76.8938	-77.6326	-0.738827
230	76.3968	-77.1304	-0.733624
230.02	75.7292	-76.4798	-0.750545
230.04	74.6073	-75.3404	-0.733049
230.06	74.4191	-75.1516	-0.732517
230.08	75.6608	-76.3999	-0.739104
230.1	76.6921	-77.437	-0.744853
230.12	76.6627	-77.3963	-0.733617
230.14	75.7114	-76.4337	-0.722308
230.16	74.3238	-75.0512	-0.727399
230.18	73.0546	-73.8037	-0.749162
230.2	72.1956	-72.9501	-0.754505
230.22	71.9593	-72.7084	-0.749116
230.24	72.1812	-72.9201	-0.738891
230.26	71.8959	-72.6464	-0.750559
230.28	70.5382	-71.2766	-0.738411
230.3	69.9557	-70.6877	-0.732034
230.32	71.1941	-71.9221	-0.727911
230.34	72.5225	-73.2503	-0.727872
230.36	73.4303	-74.1635	-0.733191
230.38	73.9804	-74.6916	-0.711189
230.4	74.2448	-74.9615	-0.716694
230.42	74.1824	-74.9048	-0.72242
230.44	73.5309	-74.2371	-0.706241
230.46	72.135	-72.8245	-0.68947
230.48	70.828	-71.5164	-0.688454
230.5	70.9753	-71.6752	-0.69985
230.52	72.0789	-72.7739	-0.695024
230.54	72.9983	-73.7153	-0.716993
230.56	73.3935	-74.1048	-0.711308
230.58	73.3924	-74.1255	-0.733064
230.6	73.193	-73.9205	-0.727475
230.62	72.9287	-73.6287	-0.699928
230.64	72.6807	-73.3915	-0.710814
230.66	72.4928	-73.1927	-0.699858
230.68	72.3665	-73.0554	-0.688896
230.7	72.291	-73.0017	-0.710739
230.72	72.3163	-73.027	-0.71069
230.74	72.509	-73.2143	-0.705248
230.76	72.8089	-73.5033	-0.694414
230.78	73.0462	-73.7462	-0.700013
230.8	73.0638	-73.7584	-0.694654
230.82	72.8322	-73.5212	-0.689008
230.84	72.737	-73.4146	-0.677548
230.86	73.5383	-74.2214	-0.683031
230.88	75.2044	-75.8828	-0.678365
230.9	76.683	-77.3727	-0.689657
230.92	77.4903	-78.1631	-0.67279
230.94	78.175	-78.8422	-0.667182
230.96	78.9424	-79.6046	-0.662183
230.98	79.1995	-79.8625	-0.663055
231	77.8711	-78.5464	-0.675347
231.02	74.4938	-75.1714	-0.6776
231.04	73.7393	-74.4229	-0.683555
231.06	75.7267	-76.4062	-0.679501
231.08	77.6282	-78.3075	-0.679342
231.1	78.9914	-79.6761	-0.684686
231.12	79.9064	-80.5957	-0.68931
231.14	81.2031	-81.9089	-0.70584
231.16	82.5829	-83.3056	-0.722771
231.18	83.189	-83.9007	-0.711614
231.2	83.1149	-83.8149	-0.699998
231.22	83.1793	-83.89	-0.710703
231.24	83.7146	-84.4258	-0.711196
231.26	84.0776	-84.8059	-0.728305
231.28	83.4636	-84.2031	-0.739447
231.3	81.8795	-82.6129	-0.733399
231.32	80.2623	-81.0014	-0.7391
231.34	78.7468	-79.4917	-0.744914
231.36	77.4792	-78.2231	-0.743853
231.38	77.794	-78.5393	-0.745341
231.4	78.2423	-78.9887	-0.746363
231.42	77.6123	-78.3527	-0.740367
231.44	76.8204	-77.5538	-0.733475
231.46	78.0129	-78.7459	-0.732907
231.48	81.3557	-82.1018	-0.746138
231.5	83.4602	-84.2117	-0.751531
231.52	83.5383	-84.2834	-0.745116
231.54	82.6193	-83.3689	-0.749601
231.56	82.1364	-82.88	-0.743551
231.58	82.7905	-83.5459	-0.755453
231.6	83.3525	-84.0982	-0.74576
231.62	82.1509	-82.8862	-0.735302
231.64	79.1828	-79.9327	-0.749939
231.66	77.2847	-78.0447	-0.760017
231.68	77.9006	-78.64	-0.739446
231.7	79.2937	-80.0395	-0.745731
231.72	80.0875	-80.8382	-0.75066
231.74	80.7123	-81.4571	-0.744777
231.76	81.4079	-82.1698	-0.761972
231.78	81.2138	-81.97	-0.756174
231.8	80.4765	-81.2259	-0.749441
231.82	80.7392	-81.4999	-0.76064
231.84	81.6402	-82.3967	-0.756487
231.86	81.6735	-82.418	-0.744518
231.88	81.8896	-82.6283	-0.738717
231.9	82.6693	-83.3979	-0.728536
231.92	83.0277	-83.7557	-0.728
231.94	83.2676	-83.9959	-0.728289
231.96	83.0219	-83.7564	-0.734526
231.98	81.427	-82.1836	-0.756593
232	78.6828	-79.4273	-0.744518
232.02	76.6515	-77.3843	-0.732744
232.04	76.68	-77.4189	-0.738976
232.06	77.9683	-78.7079	-0.739674
232.08	79.3119	-80.041	-0.729129
232.1	79.8203	-80.5664	-0.746099
232.12	78.9413	-79.6866	-0.745298
232.14	77.7214	-78.483	-0.761591
232.16	76.7198	-77.4818	-0.762059
232.18	75.7693	-76.52	-0.750753
232.2	76.38	-77.1186	-0.738553
232.22	78.9153	-79.6519	-0.736651
232.24	79.029	-79.7858	-0.75672
232.26	78.1778	-78.9329	-0.755063
232.28	78.4114	-79.1733	-0.761974
232.3	78.5783	-79.3285	-0.750156
232.32	79.1822	-79.933	-0.750814
232.34	79.39	-80.1466	-0.756642
232.36	78.4685	-79.2296	-0.761015
232.38	77.6698	-78.425	-0.755207
232.4	77.624	-78.3736	-0.749605
232.42	78.4266	-79.1821	-0.755529
232.44	79.38	-80.1362	-0.756154
232.46	79.6666	-80.4278	-0.761206
232.48	79.5817	-80.3376	-0.755971
232.5	78.9339	-79.6955	-0.76161
232.52	77.6305	-78.3867	-0.75618
232.54	75.8545	-76.6159	-0.761324
232.56	74.6028	-75.3624	-0.759616
232.58	75.7788	-76.5067	-0.727906
232.6	77.8894	-78.6074	-0.717999
232.62	79.0227	-79.7405	-0.7178
232.64	79.0418	-79.7591	-0.717372
232.66	78.4237	-79.1297	-0.706046
232.68	77.7064	-78.4396	-0.733162
232.7	77.2955	-78.0287	-0.733167
232.72	77.2058	-77.9392	-0.733373
232.74	77.1579	-77.8915	-0.733575
232.76	76.8525	-77.5808	-0.728359
232.78	75.9773	-76.7058	-0.728491
232.8	74.5537	-75.2816	-0.727906
232.82	73.5236	-74.2562	-0.732632
232.84	73.8358	-74.5797	-0.743917
232.86	75.0369	-75.7813	-0.744405
232.88	76.2573	-77.0073	-0.749975
232.9	77.0815	-77.848	-0.76644
232.92	77.3051	-78.0661	-0.760994
232.94	76.8126	-77.5736	-0.761073
232.96	75.5201	-76.2595	-0.739361
232.98	73.4513	-74.1848	-0.733416
233	71.8408	-72.5672	-0.726317
233.02	72.6657	-73.3989	-0.733238
233.04	74.2457	-74.9747	-0.728998
233.06	74.4896	-75.2024	-0.712735
233.08	73.0847	-73.8077	-0.723081
233.1	71.3376	-72.0537	-0.716103
233.12	71.2826	-72.0051	-0.722492
233.14	71.9531	-72.6823	-0.729117
233.16	71.8398	-72.5735	-0.733679
233.18	71.9163	-72.6385	-0.722186
233.2	72.7588	-73.4871	-0.728337
233.22	73.4418	-74.1756	-0.733786
233.24	73.7411	-74.48	-0.738955
233.26	73.8929	-74.632	-0.739138
233.28	73.6481	-74.3876	-0.739582
233.3	72.6782	-73.4281	-0.749908
233.32	71.9735	-72.7226	-0.749085
233.34	72.5865	-73.3253	-0.738737
233.36	73.7755	-74.5149	-0.739343
233.38	74.4647	-75.1935	-0.728773
233.4	74.0381	-74.7724	-0.734229
233.42	72.7313	-73.4591	-0.727715
233.44	72.0464	-72.7954	-0.74904
233.46	72.8081	-73.547	-0.738935
233.48	73.9452	-74.6846	-0.739379
233.5	74.6089	-75.3481	-0.73917
233.52	74.9613	-75.7274	-0.766139
233.54	75.4997	-76.2716	-0.771808
233.56	75.9775	-76.7445	-0.766982
233.58	75.6655	-76.4326	-0.767052
233.6	74.7205	-75.4923	-0.771775
233.62	74.3221	-75.0829	-0.760714
233.64	74.8709	-75.6319	-0.760946
233.66	76.057	-76.8127	-0.755684
233.68	77.4316	-78.2044	-0.772787
233.7	77.9763	-78.7333	-0.757016
233.72	76.8987	-77.6495	-0.750745
233.74	75.357	-76.1173	-0.760247
233.76	75.3314	-76.0916	-0.760211
233.78	76.848	-77.6096	-0.761558
233.8	78.0852	-78.869	-0.783843
233.82	78.3127	-79.1122	-0.799453
233.84	78.3672	-79.1607	-0.793498
233.86	78.8363	-79.63	-0.793667
233.88	79.4257	-80.1976	-0.771986
233.9	79.7041	-80.4927	-0.78859
233.92	79.4503	-80.2497	-0.799452
233.94	78.7702	-79.5696	-0.79934
233.96	77.9061	-78.7	-0.793898
233.98	77.0219	-77.8265	-0.804586
234	76.4899	-77.295	-0.805099
234.02	75.5966	-76.4039	-0.807279
234.04	72.3636	-73.1804	-0.816775
234.06	70.2099	-71.0283	-0.81835
234.08	73.5581	-74.3864	-0.828291
234.1	77.0555	-77.874	-0.818452
234.12	77.718	-78.5299	-0.811894
234.14	76.7938	-77.5758	-0.781988
234.16	77.5125	-78.2727	-0.760155
234.18	79.7753	-80.5316	-0.756335
234.2	81.1396	-81.9015	-0.761869
234.22	80.9939	-81.7555	-0.761601
234.24	79.6427	-80.404	-0.761333
234.26	77.6584	-78.4139	-0.755485
234.28	75.9667	-76.7216	-0.754825
234.3	75.6389	-76.3724	-0.733441
234.32	76.2254	-76.9649	-0.739472
234.34	76.9464	-77.6806	-0.734247
234.36	77.3057	-78.0403	-0.734654
234.38	76.7951	-77.5241	-0.729048
234.4	75.6989	-76.4329	-0.733966
234.42	75.0026	-75.7304	-0.727846
234.44	75.5688	-76.3031	-0.734228
234.46	76.3308	-77.0656	-0.734839
234.48	76.5979	-77.3476	-0.749732
234.5	77.9635	-78.7024	-0.738891
234.52	80.036	-80.7817	-0.745747
234.54	80.7477	-81.499	-0.751256
234.56	79.699	-80.4275	-0.728521
234.58	78.001	-78.7176	-0.716576
234.6	77.0347	-77.7457	-0.710966
234.62	77.032	-77.7381	-0.706047
234.64	77.2292	-77.9357	-0.706514
234.66	76.9768	-77.6832	-0.706422
234.68	76.4177	-77.1291	-0.711477
234.7	76.087	-76.8041	-0.717087
234.72	75.8321	-76.5493	-0.717186
234.74	75.4424	-76.1538	-0.711377
234.76	75.322	-76.033	-0.710938
234.78	75.911	-76.6169	-0.705913
234.8	76.5777	-77.2841	-0.706422
234.82	76.4867	-77.1988	-0.712155
234.84	75.2454	-75.9522	-0.706784
234.86	73.0675	-73.7732	-0.705695
234.88	71.7586	-72.4743	-0.715709
234.9	72.5644	-73.2812	-0.716799
234.92	74.0918	-74.8093	-0.71746
234.94	75.0699	-75.7929	-0.722938
234.96	75.2914	-76.0196	-0.728265
234.98	74.9297	-75.6525	-0.722738
235	74.2116	-74.9286	-0.716985
235.02	73.7009	-74.4068	-0.705876
235.04	73.6609	-74.3676	-0.706657
235.06	73.2085	-73.9045	-0.696022
235.08	72.0752	-72.7702	-0.695066
235.1	71.5508	-72.2292	-0.678319
235.12	72.0097	-72.6892	-0.67949
235.14	72.0796	-72.7592	-0.679586
235.16	71.5715	-72.2449	-0.673369
235.18	71.4876	-72.155	-0.667482
235.2	72.338	-72.9893	-0.651249
235.22	73.6317	-74.2835	-0.651784
235.24	74.4104	-75.0677	-0.657325
235.26	74.3888	-75.0511	-0.662357
235.28	74.0221	-74.6788	-0.656768
235.3	73.5409	-74.214	-0.673087
235.32	73.2724	-73.9394	-0.666995
235.34	73.8842	-74.5462	-0.661988
235.36	74.7527	-75.4098	-0.657075
235.38	74.9677	-75.6302	-0.66252
235.4	74.4579	-75.1093	-0.65135
235.42	73.5667	-74.2287	-0.661973
235.44	72.8401	-73.4907	-0.650656
235.46	72.8764	-73.5216	-0.645105
235.48	73.7949	-74.4405	-0.645539
235.5	74.9729	-75.6134	-0.64055
235.52	75.7249	-76.3655	-0.64058
235.54	76.1475	-76.7823	-0.634786
235.56	76.6464	-77.2929	-0.646469
235.58	76.5386	-77.169	-0.630453
235.6	75.8193	-76.4484	-0.629111
235.62	76.1073	-76.7372	-0.629914
235.64	76.6369	-77.2674	-0.630494
235.66	76.4545	-77.0897	-0.63526
235.68	76.3881	-77.0059	-0.61784
235.7	77.5551	-78.1789	-0.623837
235.72	79.1904	-79.8207	-0.630359
235.74	79.8334	-80.4469	-0.613541
235.76	79.8338	-80.4519	-0.618146
235.78	80.2532	-80.8713	-0.618127
235.8	81.1704	-81.7947	-0.624268
235.82	81.6288	-82.2599	-0.631074
235.84	80.1774	-80.8083	-0.630957
235.86	78.2631	-78.8853	-0.622171
235.88	79.361	-79.9868	-0.625867
235.9	79.5775	-80.2199	-0.642321
235.92	78.296	-78.9304	-0.634391
235.94	78.2985	-78.9451	-0.646571
235.96	78.5509	-79.2195	-0.668595
235.98	78.4279	-79.0958	-0.667846
236	78.6996	-79.3945	-0.694993
236.02	79.6319	-80.3214	-0.689534
236.04	81.0236	-81.719	-0.695384
236.06	82.1712	-82.8834	-0.712229
236.08	82.4174	-83.1296	-0.712152
236.1	81.8044	-82.5106	-0.706195
236.12	80.9656	-81.6605	-0.694913
236.14	80.3548	-81.0666	-0.71187
236.16	79.4554	-80.1678	-0.712336
236.18	78.026	-78.7317	-0.705711
236.2	77.5507	-78.2618	-0.711061
236.22	78.1838	-78.8957	-0.711888
236.24	78.6639	-79.387	-0.723088
236.26	78.3847	-79.0967	-0.711961
236.28	77.6256	-78.337	-0.711346
236.3	77.1792	-77.885	-0.705852
236.32	77.127	-77.8278	-0.700757
236.34	76.9462	-77.6472	-0.700972
236.36	76.3192	-77.0202	-0.701051
236.38	75.245	-75.946	-0.701029
236.4	73.9548	-74.6392	-0.684399
236.42	73.0103	-73.6995	-0.689225
236.44	73.352	-74.03	-0.678043
236.46	75.0655	-75.7498	-0.684315
236.48	76.8463	-77.5311	-0.684742
236.5	77.7464	-78.4528	-0.706448
236.52	77.8025	-78.5086	-0.706109
236.54	77.3899	-78.0794	-0.68948
236.56	76.7815	-77.4709	-0.689443
236.58	76.1104	-76.7834	-0.673049
236.6	75.4166	-76.1062	-0.689602
236.62	74.7369	-75.432	-0.69501
236.64	74.4486	-75.1267	-0.678142
236.66	75.1936	-75.872	-0.678449
236.68	76.5424	-77.233	-0.690538
236.7	76.9819	-77.6732	-0.691247
236.72	75.7401	-76.4525	-0.712364
236.74	74.2981	-75.0256	-0.727448
236.76	74.4054	-75.1451	-0.739729
236.78	74.6666	-75.4069	-0.740297
236.8	74.1734	-74.9349	-0.76148
236.82	74.1277	-74.893	-0.76534
236.84	76.4547	-77.2376	-0.782817
236.86	79.7941	-80.5839	-0.789792
236.88	81.7335	-82.5179	-0.784386
236.9	81.7709	-82.5548	-0.783892
236.92	80.5837	-81.3559	-0.772175
236.94	79.3369	-80.1139	-0.777035
236.96	79.0415	-79.8074	-0.765942
236.98	79.8524	-80.6025	-0.750124
237	80.9101	-81.6661	-0.756008
237.02	81.5954	-82.3348	-0.739465
237.04	81.8949	-82.6622	-0.767306
237.06	81.3816	-82.1554	-0.773714
237.08	79.1762	-79.9506	-0.774418
237.1	75.1699	-75.9543	-0.784332
237.12	71.7216	-72.4987	-0.777134
237.14	71.3707	-72.1495	-0.778808
237.16	72.3753	-73.1434	-0.768114
237.18	74.1141	-74.8863	-0.772176
237.2	77.28	-78.0541	-0.77418
237.22	79.0763	-79.8394	-0.763092
237.24	78.8063	-79.5795	-0.773171
237.26	77.5447	-78.3442	-0.799517
237.28	76.8151	-77.6088	-0.793643
237.3	77.065	-77.8598	-0.794851
237.32	76.7926	-77.5711	-0.778522
237.34	75.7169	-76.4891	-0.772203
237.36	74.9239	-75.7124	-0.788519
237.38	74.8689	-75.6682	-0.799343
237.4	75.6444	-76.4498	-0.805443
237.42	76.2838	-77.0794	-0.795624
237.44	75.377	-76.1611	-0.784122
237.46	73.7823	-74.5702	-0.787956
237.48	73.5547	-74.3487	-0.794015
237.5	74.1237	-74.9131	-0.789362
237.52	74.3348	-75.107	-0.772221
237.54	74.77	-75.5528	-0.782849
237.56	75.7426	-76.5258	-0.783186
237.58	76.6259	-77.4094	-0.783534
237.6	76.7661	-77.5609	-0.794812
237.62	75.7896	-76.5953	-0.805698
237.64	74.0965	-74.9123	-0.815766
237.66	73.0971	-73.8963	-0.79923
237.68	73.0855	-73.8912	-0.805703
237.7	73.0233	-73.8342	-0.810854
237.72	73.1021	-73.9128	-0.810664
237.74	73.4204	-74.2259	-0.805489
237.76	73.5593	-74.359	-0.799608
237.78	73.8231	-74.5897	-0.766562
237.8	74.4169	-75.1782	-0.761346
237.82	74.9845	-75.7459	-0.761393
237.84	75.4068	-76.1734	-0.766599
237.86	75.8938	-76.6496	-0.75578
237.88	76.235	-76.9802	-0.745222
237.9	75.8965	-76.6421	-0.745653
237.92	74.653	-75.4033	-0.750288
237.94	74.0273	-74.7822	-0.754877
237.96	75.0928	-75.8493	-0.756413
237.98	76.051	-76.8185	-0.767473
238	76.3408	-77.0966	-0.755794
238.02	76.7154	-77.4818	-0.766383
238.04	77.4557	-78.228	-0.772335
238.06	77.864	-78.6529	-0.788898
238.08	77.5757	-78.3536	-0.777922
238.1	76.5622	-77.3401	-0.777964
238.12	75.0696	-75.8577	-0.78805
238.14	74.5187	-75.295	-0.776266
238.16	75.9881	-76.7762	-0.788168
238.18	78.2278	-78.9951	-0.767331
238.2	79.516	-80.2892	-0.773236
238.22	79.1456	-79.9134	-0.767893
238.24	77.0364	-77.7944	-0.757971
238.26	72.8778	-73.6342	-0.756414
238.28	69.861	-70.6151	-0.754083
238.3	71.13	-71.9076	-0.777622
238.32	74.3523	-75.1252	-0.772975
238.34	77.293	-78.0715	-0.778556
238.36	79.014	-79.7979	-0.783936
238.38	79.3483	-80.1318	-0.783449
238.4	78.8692	-79.6632	-0.794061
238.42	78.2469	-79.0405	-0.793525
238.44	78.4226	-79.2157	-0.793055
238.46	79.8494	-80.6548	-0.805418
238.48	80.7	-81.5177	-0.817721
238.5	79.1067	-79.9359	-0.829179
238.52	75.0518	-75.8735	-0.821738
238.54	72.1412	-72.9769	-0.835705
238.56	74.0192	-74.8451	-0.825888
238.58	79.2947	-80.1227	-0.827947
238.6	84.4001	-85.2129	-0.812832
238.62	86.7833	-87.5903	-0.806988
238.64	86.3762	-87.1883	-0.812106
238.66	83.7626	-84.5746	-0.812034
238.68	79.9405	-80.7616	-0.821141
238.7	77.7419	-78.5638	-0.821806
238.72	76.7555	-77.5792	-0.823636
238.74	75.6013	-76.4109	-0.80955
238.76	77.3618	-78.184	-0.822164
238.78	80.1131	-80.9259	-0.812824
238.8	81.0147	-81.8438	-0.829035
238.82	80.0516	-80.8797	-0.828058
238.84	78.7718	-79.6046	-0.832769
238.86	78.6313	-79.4638	-0.832517
238.88	80.3078	-81.1352	-0.827425
238.9	82.9267	-83.7663	-0.839576
238.92	84.5112	-85.3613	-0.850078
238.94	84.9065	-85.7728	-0.86631
238.96	84.2012	-85.0782	-0.877013
238.98	82.7679	-83.6388	-0.870897
239	81.5144	-82.3849	-0.870573
239.02	80.9226	-81.7937	-0.87109
239.04	80.4599	-81.326	-0.866071
239.06	79.7798	-80.6507	-0.870905
239.08	79.781	-80.6574	-0.87637
239.1	80.6743	-81.5288	-0.854434
239.12	82.2305	-83.0852	-0.854731
239.14	83.7145	-84.5645	-0.84996
239.16	83.9823	-84.8322	-0.849955
239.18	82.8509	-83.7008	-0.849927
239.2	80.5197	-81.3694	-0.849669
239.22	77.9703	-78.8236	-0.853317
239.24	77.7338	-78.593	-0.859146
239.26	79.3867	-80.2427	-0.856035
239.28	79.9804	-80.8361	-0.855698
239.3	79.72	-80.5634	-0.843425
239.32	80.3697	-81.2128	-0.843019
239.34	82.2816	-83.1369	-0.855293
239.36	83.4759	-84.3319	-0.855958
239.38	82.6424	-83.5141	-0.871734
239.4	80.6526	-81.545	-0.892433
239.42	79.4845	-80.3817	-0.897172
239.44	80.2671	-81.1655	-0.898467
239.46	81.5545	-82.4646	-0.910042
239.48	82.3901	-83.3	-0.909873
239.5	82.6558	-83.5719	-0.916039
239.52	81.7391	-82.6703	-0.931218
239.54	81.1487	-82.0573	-0.908606
239.56	81.7447	-82.6599	-0.915174
239.58	82.2379	-83.1204	-0.882477
239.6	82.2844	-83.1609	-0.876586
239.62	82.3648	-83.2362	-0.871411
239.64	82.2007	-83.0943	-0.893672
239.66	81.4198	-82.2966	-0.876754
239.68	80.7844	-81.6601	-0.875687
239.7	81.5559	-82.4159	-0.86004
239.72	82.7179	-83.5635	-0.845617
239.74	82.2739	-83.1019	-0.827966
239.76	81.8262	-82.6554	-0.829197
239.78	80.3291	-81.1586	-0.829562
239.8	77.5454	-78.377	-0.831636
239.82	77.4393	-78.2826	-0.843234
239.84	79.445	-80.2892	-0.84416
239.86	81.6703	-82.5091	-0.838834
239.88	83.261	-84.1108	-0.849718
239.9	83.8578	-84.713	-0.855234
239.92	83.2961	-84.1457	-0.849635
239.94	81.8616	-82.7161	-0.85451
239.96	80.6681	-81.5328	-0.864776
239.98	80.7685	-81.6394	-0.870929
240	81.4063	-82.2833	-0.877037
240.02	81.4776	-82.3599	-0.882348
240.04	80.9754	-81.8789	-0.903534
240.06	80.7166	-81.6149	-0.898293
240.08	80.4416	-81.3354	-0.893815
240.1	79.4829	-80.3698	-0.886909
240.12	79.8272	-80.7148	-0.88762
240.14	80.8597	-81.7652	-0.905545
240.16	80.9275	-81.8317	-0.904152
240.18	81.1444	-82.0556	-0.911128
240.2	80.0297	-80.936	-0.906246
240.22	77.3581	-78.2832	-0.92511
240.24	77.2976	-78.2387	-0.941129
240.26	80.1055	-81.0447	-0.939189
240.28	80.9306	-81.8638	-0.933155
240.3	79.7753	-80.6844	-0.909101
240.32	79.2602	-80.1749	-0.914728
240.34	79.2842	-80.2055	-0.921281
240.36	78.468	-79.3939	-0.925956
240.38	77.5389	-78.4533	-0.914453
240.4	77.1773	-78.1026	-0.925279
240.42	77.4787	-78.404	-0.925259
240.44	78.2351	-79.1607	-0.925622
240.46	78.825	-79.7398	-0.914838
240.48	78.9143	-79.8453	-0.930978
240.5	78.7797	-79.7048	-0.925178
240.52	78.8175	-79.7154	-0.897923
240.54	78.8939	-79.8032	-0.909258
240.56	78.6529	-79.5674	-0.914515
240.58	78.4753	-79.3786	-0.903244
240.6	78.8031	-79.7122	-0.909164
240.62	79.1648	-80.0746	-0.909731
240.64	78.8047	-79.7204	-0.915656
240.66	77.3552	-78.2538	-0.898617
240.68	75.9314	-76.8236	-0.892205
240.7	76.038	-76.9413	-0.90333
240.72	77.4848	-78.3888	-0.903989
240.74	79.2439	-80.1477	-0.903811
240.76	81.0618	-81.9712	-0.909383
240.78	82.5623	-83.4612	-0.898881
240.8	83.041	-83.951	-0.909944
240.82	82.4187	-83.3389	-0.920209
240.84	81.7539	-82.701	-0.947127
240.86	81.7818	-82.7568	-0.975021
240.88	82.1277	-83.1134	-0.985678
240.9	83.0472	-84.044	-0.996767
240.92	84.3046	-85.3188	-1.01417
240.94	84.6093	-85.6296	-1.02036
240.96	83.2244	-84.2552	-1.0308
240.98	81.204	-82.2338	-1.02987
241	79.9115	-80.953	-1.04151
241.02	78.9113	-79.958	-1.04667
241.04	78.7142	-79.7433	-1.02912
241.06	80.3466	-81.3826	-1.03605
241.08	81.9527	-83.006	-1.05327
241.1	82.3377	-83.3842	-1.04654
241.12	82.7835	-83.8354	-1.05197
241.14	83.2756	-84.3339	-1.0583
241.16	82.6161	-83.6907	-1.07461
241.18	80.797	-81.8554	-1.05839
241.2	78.1321	-79.1892	-1.05711
241.22	77.6165	-78.6552	-1.03863
241.24	80.91	-81.9363	-1.02624
241.26	82.8596	-83.8909	-1.03134
241.28	82.6577	-83.6991	-1.04141
241.3	82.022	-83.0612	-1.03927
241.32	83.5093	-84.5445	-1.03523
241.34	85.553	-86.5892	-1.03624
241.36	86.1911	-87.2225	-1.03141
241.38	84.4663	-85.4928	-1.0265
241.4	80.62	-81.6553	-1.03537
241.42	77.6863	-78.722	-1.03569
241.44	76.5091	-77.5437	-1.03456
241.46	77.8535	-78.8732	-1.01974
241.48	79.6769	-80.6807	-1.00377
241.5	81.1379	-82.145	-1.00714
241.52	84.257	-85.2711	-1.01407
241.54	87.2478	-88.2574	-1.00959
241.56	88.2801	-89.3052	-1.0251
241.58	88.2597	-89.2784	-1.01874
241.6	88.3751	-89.3996	-1.02453
241.62	88.2429	-89.2687	-1.0258
241.64	86.5335	-87.5592	-1.0257
241.66	83.8587	-84.8887	-1.02995
241.68	82.3756	-83.3994	-1.02387
241.7	83.5651	-84.595	-1.02986
241.72	86.3557	-87.3826	-1.02687
241.74	87.3484	-88.3749	-1.02651
241.76	86.3858	-87.4119	-1.02608
241.78	84.4932	-85.5232	-1.03007
241.8	84.4089	-85.443	-1.0341
241.82	87.4018	-88.4567	-1.05488
241.84	88.3223	-89.383	-1.06071
241.86	86.3982	-87.4444	-1.04618
241.88	85.9549	-87.0119	-1.05701
241.9	87.6567	-88.6928	-1.03608
241.92	89.672	-90.7037	-1.03171
241.94	90.0353	-91.079	-1.04376
241.96	87.24	-88.2897	-1.0497
241.98	81.8057	-82.852	-1.04633
242	79.1903	-80.2124	-1.02201
242.02	82.3747	-83.3896	-1.01486
242.04	86.3829	-87.3987	-1.01582
242.06	88.3499	-89.3543	-1.00444
242.08	88.1689	-89.1671	-0.998232
242.1	86.6705	-87.6524	-0.98187
242.12	83.8704	-84.8588	-0.988402
242.14	79.6425	-80.6272	-0.984775
242.16	78.5658	-79.5511	-0.985347
242.18	80.3593	-81.3464	-0.987094
242.2	82.1564	-83.1539	-0.997482
242.22	83.7465	-84.761	-1.01451
242.24	84.1786	-85.1818	-1.00319
242.26	83.626	-84.6394	-1.01337
242.28	83.0323	-84.0343	-1.00206
242.3	82.912	-83.9307	-1.01871
242.32	83.0436	-84.063	-1.01933
242.34	82.838	-83.8517	-1.01368
242.36	82.6404	-83.6209	-0.980498
242.38	82.6986	-83.686	-0.98741
242.4	81.5527	-82.5342	-0.981504
242.42	80.395	-81.3801	-0.985066
242.44	81.1286	-82.1109	-0.982278
242.46	80.6576	-81.6396	-0.982001
242.48	78.8831	-79.8524	-0.969243
242.5	78.5679	-79.525	-0.957076
242.52	81.1323	-82.0863	-0.953992
242.54	83.5228	-84.4674	-0.944564
242.56	83.4055	-84.3656	-0.960117
242.58	82.0794	-83.0266	-0.947255
242.6	82.1193	-83.0615	-0.942207
242.62	83.0275	-83.9654	-0.937881
242.64	83.0749	-84.0233	-0.948439
242.66	82.481	-83.4119	-0.930864
242.68	82.5595	-83.4905	-0.930997
242.7	83.0691	-83.9794	-0.910307
242.72	82.5113	-83.4107	-0.899426
242.74	80.8127	-81.7011	-0.888379
242.76	78.9989	-79.8797	-0.880773
242.78	80.1015	-80.9728	-0.871291
242.8	82.2939	-83.1453	-0.851437
242.82	82.1817	-83.0316	-0.849901
242.84	81.063	-81.9177	-0.854723
242.86	80.0922	-80.9353	-0.843061
242.88	80.1738	-81.0007	-0.826951
242.9	80.7903	-81.6345	-0.844202
242.92	80.7829	-81.6211	-0.838207
242.94	80.4824	-81.3258	-0.843422
242.96	80.2017	-81.045	-0.843335
242.98	80.0555	-80.9042	-0.848639
243	80.2318	-81.0694	-0.837589
243.02	80.683	-81.5318	-0.848849
243.04	81.0141	-81.8575	-0.843448
243.06	81.0498	-81.8932	-0.843468
243.08	80.7219	-81.5709	-0.849037
243.1	80.0423	-80.8908	-0.848538
243.12	79.7693	-80.6341	-0.864761
243.14	80.1443	-81.0105	-0.866127
243.16	79.469	-80.3261	-0.85709
243.18	76.1	-76.9385	-0.838511
243.2	74.1387	-74.964	-0.825278
243.22	76.2014	-77.0258	-0.824447
243.24	77.3032	-78.1087	-0.805503
243.26	79.0387	-79.8334	-0.794687
243.28	81.1122	-81.8973	-0.785086
243.3	81.184	-81.9798	-0.795855
243.32	79.2001	-79.9954	-0.79531
243.34	76.7465	-77.5445	-0.798017
243.36	77.4004	-78.2108	-0.810364
243.38	79.7578	-80.57	-0.812267
243.4	80.8234	-81.641	-0.817527
243.42	80.7571	-81.5787	-0.821545
243.44	81.4019	-82.2348	-0.832817
243.46	82.4606	-83.2727	-0.812063
243.48	82.5894	-83.4059	-0.816579
243.5	82.787	-83.6141	-0.827118
243.52	83.5635	-84.4024	-0.838837
243.54	83.9337	-84.7839	-0.850153
243.56	83.4783	-84.3385	-0.86019
243.58	83.3711	-84.2253	-0.854295
243.6	84.1442	-84.9881	-0.84389
243.62	84.9599	-85.8152	-0.85524
243.64	85.0851	-85.9515	-0.866426
243.66	84.2411	-85.1018	-0.86063
243.68	83.0116	-83.8716	-0.859987
243.7	82.5209	-83.375	-0.854146
243.72	83.3349	-84.1731	-0.838169
243.74	84.9182	-85.7679	-0.849724
243.76	86.2162	-87.0564	-0.840212
243.78	85.4866	-86.3486	-0.862072
243.8	83.4494	-84.3041	-0.8547
243.82	82.4777	-83.3438	-0.866144
243.84	82.6634	-83.5178	-0.854406
243.86	84.2508	-85.1006	-0.849783
243.88	85.8233	-86.6734	-0.850034
243.9	86.4925	-87.3484	-0.855903
243.92	85.8027	-86.6579	-0.855124
243.94	84.9912	-85.8343	-0.843134
243.96	85.2971	-86.1471	-0.850016
243.98	85.1858	-86.0362	-0.850353
244	84.1721	-84.9994	-0.827308
244.02	83.5726	-84.4061	-0.833436
244.04	82.8189	-83.6642	-0.845291
244.06	81.3061	-82.1496	-0.84349
244.08	81.3723	-82.2154	-0.843139
244.1	83.5036	-84.3539	-0.850325
244.12	85.2213	-86.0724	-0.85107
244.14	85.0962	-85.9519	-0.855685
244.16	84.0623	-84.9114	-0.849008
244.18	83.6746	-84.5181	-0.843438
244.2	84.1274	-84.9494	-0.822047
244.22	84.6386	-85.4663	-0.827652
244.24	84.8295	-85.657	-0.827495
244.26	84.7646	-85.5918	-0.827271
244.28	84.6995	-85.521	-0.821482
244.3	84.9205	-85.731	-0.810408
244.32	85.4516	-86.2731	-0.821489
244.34	85.9991	-86.8099	-0.81073
244.36	86.1626	-86.9625	-0.799944
244.38	85.6646	-86.4646	-0.800065
244.4	84.3686	-85.1742	-0.805651
244.42	82.2974	-83.0974	-0.799963
244.44	80.0329	-80.8322	-0.79933
244.46	78.6364	-79.4301	-0.793657
244.48	78.6773	-79.4653	-0.787954
244.5	80.2359	-81.0247	-0.788828
244.52	81.9759	-82.7544	-0.778488
244.54	82.6891	-83.4896	-0.80046
244.56	82.112	-82.9124	-0.800387
244.58	80.6311	-81.4304	-0.799287
244.6	80.0456	-80.8385	-0.792929
244.62	81.3286	-82.1175	-0.78891
244.64	82.6414	-83.4306	-0.789222
244.66	83.0056	-83.7892	-0.783667
244.68	82.3114	-83.0842	-0.772725
244.7	80.6171	-81.3949	-0.777809
244.72	78.7386	-79.4989	-0.760304
244.74	78.1988	-78.981	-0.782231
244.76	79.1147	-79.9032	-0.788482
244.78	80.4873	-81.2758	-0.78855
244.8	82.0064	-82.8059	-0.799546
244.82	83.4999	-84.2997	-0.799775
244.84	84.5506	-85.378	-0.827397
244.86	84.8169	-85.661	-0.84415
244.88	83.9743	-84.8242	-0.84996
244.9	81.7964	-82.6468	-0.850437
244.92	78.3292	-79.1567	-0.827495
244.94	76.383	-77.2075	-0.824506
244.96	79.0962	-79.9243	-0.828095
244.98	82.1973	-83.0422	-0.84496
245	83.7443	-84.5889	-0.844561
245.02	83.9195	-84.7582	-0.838734
245.04	83.1703	-83.987	-0.816722
245.06	81.8483	-82.6593	-0.810941
245.08	80.7254	-81.5356	-0.810214
245.1	80.9189	-81.7293	-0.810408
245.12	82.1595	-82.9549	-0.795455
245.14	82.599	-83.3837	-0.784645
245.16	82.3952	-83.172	-0.77688
245.18	83.9268	-84.7	-0.773164
245.2	85.235	-86.0302	-0.795248
245.22	85.3315	-86.1146	-0.783102
245.24	85.3772	-86.1601	-0.782854
245.26	85.672	-86.4441	-0.772136
245.28	85.7607	-86.5277	-0.766992
245.3	85.2324	-85.9884	-0.75598
245.32	84.3382	-85.0717	-0.733523
245.34	83.8411	-84.5642	-0.723067
245.36	83.2158	-83.9565	-0.740689
245.38	81.5146	-82.2591	-0.744458
245.4	81.0742	-81.8124	-0.738165
245.42	82.8236	-83.5689	-0.745297
245.44	84.5072	-85.2306	-0.723401
245.46	85.3736	-86.1079	-0.734314
245.48	85.266	-86.022	-0.756007
245.5	84.5116	-85.2669	-0.755365
245.52	83.9981	-84.8026	-0.80445
245.54	84.0329	-84.8377	-0.804747
245.56	84.2968	-85.107	-0.810292
245.58	84.6346	-85.4561	-0.821446
245.6	84.8136	-85.6188	-0.805236
245.62	84.5787	-85.373	-0.7943
245.64	84.0187	-84.8071	-0.788342
245.66	83.8831	-84.6436	-0.760515
245.68	84.5797	-85.3357	-0.756001
245.7	84.8382	-85.5952	-0.756952
245.72	83.5942	-84.3505	-0.756314
245.74	82.0901	-82.8511	-0.760922
245.76	81.6851	-82.463	-0.777923
245.78	81.989	-82.751	-0.761947
245.8	81.9444	-82.6804	-0.736079
245.82	80.1478	-80.8874	-0.739553
245.84	79.0659	-79.8218	-0.755939
245.86	79.369	-80.1363	-0.767364
245.88	80.2472	-81.0146	-0.767413
245.9	81.4176	-82.1737	-0.756131
245.92	82.8742	-83.6411	-0.766911
245.94	84.3572	-85.108	-0.750872
245.96	84.9349	-85.6749	-0.740066
245.98	84.2038	-84.96	-0.756118
246	82.6491	-83.3888	-0.739695
246.02	80.758	-81.4966	-0.738592
246.04	80.4458	-81.1675	-0.721689
246.06	82.0447	-82.7796	-0.734875
246.08	82.7439	-83.4836	-0.739782
246.1	82.5999	-83.3388	-0.738888
246.12	82.6123	-83.3514	-0.7391
246.14	82.5524	-83.2921	-0.739702
246.16	81.7791	-82.5074	-0.728356
246.18	80.9273	-81.6658	-0.738462
246.2	81.0887	-81.8331	-0.744389
246.22	81.7251	-82.4372	-0.712099
246.24	81.9319	-82.6602	-0.728217
246.26	81.9621	-82.6954	-0.733272
246.28	82.3669	-83.0894	-0.722446
246.3	82.9035	-83.6265	-0.723048
246.32	82.731	-83.454	-0.723005
246.34	81.8121	-82.5455	-0.733391
246.36	80.8792	-81.6121	-0.732938
246.38	80.6234	-81.3343	-0.710888
246.4	81.1613	-81.8506	-0.689367
246.42	81.9092	-82.61	-0.700845
246.44	82.129	-82.8192	-0.690171
246.46	81.4735	-82.1581	-0.684614
246.48	80.1755	-80.8709	-0.695365
246.5	78.738	-79.4388	-0.7008
246.52	77.5988	-78.3043	-0.705553
246.54	77.7739	-78.5012	-0.727315
246.56	79.2799	-79.9973	-0.717353
246.58	80.6369	-81.3598	-0.722958
246.6	81.2806	-82.0086	-0.72796
246.62	81.6309	-82.3695	-0.738608
246.64	82.0021	-82.7244	-0.7223
246.66	82.1454	-82.8736	-0.728266
246.68	81.4699	-82.2096	-0.73971
246.7	79.5361	-80.2592	-0.723075
246.72	77.1497	-77.8714	-0.721725
246.74	76.3123	-77.0506	-0.738337
246.76	76.9914	-77.7255	-0.734041
246.78	77.5561	-78.2847	-0.728647
246.8	77.7487	-78.4763	-0.72768
246.82	78.6954	-79.4174	-0.722008
246.84	80.5126	-81.2356	-0.723063
246.86	81.7555	-82.4789	-0.723402
246.88	81.7151	-82.4273	-0.712208
246.9	80.6441	-81.3615	-0.717404
246.92	79.0577	-79.7857	-0.72798
246.94	77.7227	-78.4556	-0.732884
246.96	77.5257	-78.253	-0.727248
246.98	78.6839	-79.4061	-0.722129
247	80.566	-81.2997	-0.733726
247.02	82.0747	-82.8034	-0.728695
247.04	82.3946	-83.1287	-0.734195
247.06	81.5307	-82.2751	-0.74441
247.08	80.6197	-81.3579	-0.738204
247.1	80.5267	-81.2659	-0.73916
247.12	80.1367	-80.8653	-0.72861
247.14	78.8213	-79.5492	-0.727998
247.16	77.398	-78.131	-0.733015
247.18	76.5393	-77.2893	-0.749936
247.2	75.9469	-76.713	-0.766165
247.22	75.9437	-76.715	-0.771363
247.24	76.8459	-77.6122	-0.766369
247.26	78.02	-78.7921	-0.772073
247.28	78.9438	-79.7215	-0.777627
247.3	79.3927	-80.1648	-0.772064
247.32	79.4697	-80.2303	-0.760616
247.34	79.7837	-80.5387	-0.75501
247.36	80.4369	-81.2088	-0.771907
247.38	80.8158	-81.588	-0.772204
247.4	80.4974	-81.2803	-0.782946
247.42	79.8663	-80.6378	-0.771483
247.44	79.5761	-80.3591	-0.783064
247.46	78.9884	-79.7668	-0.778406
247.48	77.4796	-78.2896	-0.81
247.5	77.1388	-77.9311	-0.792341
247.52	79.2426	-80.0429	-0.800341
247.54	80.6334	-81.4182	-0.784802
247.56	79.724	-80.4918	-0.767743
247.58	77.7169	-78.483	-0.766084
247.6	77.1103	-77.8602	-0.749946
247.62	77.8551	-78.5955	-0.740455
247.64	78.142	-78.877	-0.734957
247.66	77.9003	-78.6508	-0.750475
247.68	78.3591	-79.0976	-0.738537
247.7	80.5156	-81.2493	-0.73374
247.72	83.1502	-83.8846	-0.734429
247.74	84.8293	-85.5797	-0.750407
247.76	85.6369	-86.3872	-0.750354
247.78	85.5803	-86.358	-0.7777
247.8	84.8345	-85.6063	-0.771876
247.82	83.87	-84.6367	-0.766676
247.84	82.4901	-83.2621	-0.772077
247.86	81.0538	-81.8192	-0.765489
247.88	80.9383	-81.7042	-0.76596
247.9	81.5812	-82.3593	-0.778068
247.92	81.4464	-82.235	-0.788637
247.94	80.8671	-81.6384	-0.771303
247.96	80.9665	-81.7377	-0.771182
247.98	81.8407	-82.6289	-0.788193
248	82.6834	-83.4718	-0.788451
248.02	83.0234	-83.8118	-0.788361
248.04	82.9364	-83.7247	-0.788323
248.06	82.5386	-83.327	-0.788468
248.08	81.7475	-82.5474	-0.799874
248.1	80.1171	-80.9228	-0.805711
248.12	77.763	-78.5562	-0.793188
248.14	77.0684	-77.8443	-0.775918
248.16	78.8785	-79.6625	-0.784027
248.18	79.9489	-80.7442	-0.79527
248.2	79.4632	-80.2624	-0.799174
248.22	79.4791	-80.2718	-0.792646
248.24	81.2321	-82.0203	-0.788221
248.26	83.2211	-84.0099	-0.788847
248.28	84.1606	-84.9437	-0.783072
248.3	84.1461	-84.9398	-0.79372
248.32	83.5889	-84.3659	-0.77708
248.34	82.8535	-83.603	-0.749479
248.36	82.3611	-83.0997	-0.738591
248.38	82.1364	-82.8644	-0.727986
248.4	81.9715	-82.7044	-0.73294
248.42	82.4782	-83.2279	-0.749642
248.44	83.3207	-84.0878	-0.767156
248.46	83.096	-83.8587	-0.762677
248.48	80.8914	-81.648	-0.756562
248.5	78.6603	-79.4091	-0.748811
248.52	79.191	-79.9368	-0.745778
248.54	79.7261	-80.4725	-0.746426
248.56	79.0925	-79.8476	-0.75509
248.58	79.729	-80.4734	-0.744431
248.6	81.2418	-81.9981	-0.756257
248.62	82.0363	-82.7975	-0.761194
248.64	82.2893	-83.0447	-0.755399
248.66	82.2233	-82.979	-0.755708
248.68	81.4522	-82.2027	-0.75044
248.7	79.793	-80.5653	-0.772311
248.72	77.631	-78.3973	-0.766307
248.74	76.2454	-77.0325	-0.787023
248.76	77.072	-77.8438	-0.771747
248.78	78.6974	-79.4753	-0.77793
248.8	79.769	-80.5466	-0.777626
248.82	80.382	-81.1593	-0.77728
248.84	80.8487	-81.6315	-0.782807
248.86	81.0622	-81.8341	-0.771905
248.88	81.0228	-81.7889	-0.766091
248.9	81.1239	-81.9011	-0.777213
248.92	81.1694	-81.9472	-0.777823
248.94	80.4664	-81.2389	-0.772451
248.96	79.0548	-79.8212	-0.766428
248.98	78.0937	-78.859	-0.765313
249	78.9519	-79.7298	-0.777842
249.02	79.8102	-80.5949	-0.784696
249.04	78.9228	-79.7064	-0.783575
249.06	77.9354	-78.7179	-0.782418
249.08	78.3824	-79.1709	-0.788455
249.1	79.6722	-80.4551	-0.782911
249.12	81.3983	-82.2039	-0.805616
249.14	82.2719	-83.0722	-0.800321
249.16	81.8664	-82.6546	-0.788132
249.18	81.595	-82.3663	-0.771324
249.2	81.9915	-82.7526	-0.761088
249.22	82.1333	-82.8788	-0.745565
249.24	80.8931	-81.6227	-0.72957
249.26	78.3176	-79.0346	-0.716921
249.28	77.1192	-77.8245	-0.705269
249.3	78.2407	-78.9594	-0.718613
249.32	79.1031	-79.8262	-0.723112
249.34	80.459	-81.1811	-0.722078
249.36	83.0904	-83.8086	-0.718203
249.38	84.6794	-85.3813	-0.701907
249.4	84.4122	-85.0969	-0.6847
249.42	83.0922	-83.7651	-0.672874
249.44	81.981	-82.6423	-0.66124
249.46	81.983	-82.6501	-0.667114
249.48	82.6273	-83.279	-0.651737
249.5	82.5236	-83.1762	-0.652604
249.52	80.7322	-81.3736	-0.641329
249.54	78.2347	-78.8691	-0.634334
249.56	77.3071	-77.9525	-0.64542
249.58	78.1192	-78.7653	-0.64616
249.6	79.5584	-80.2048	-0.646349
249.62	80.9879	-81.6287	-0.640852
249.64	82.0021	-82.6433	-0.641135
249.66	82.0123	-82.6588	-0.646543
249.68	80.9864	-81.6215	-0.635168
249.7	79.5702	-80.194	-0.623831
249.72	78.4906	-79.1142	-0.623584
249.74	78.1599	-78.7842	-0.62427
249.76	77.7628	-78.3987	-0.635906
249.78	76.5983	-77.2387	-0.640416
249.8	75.893	-76.5492	-0.656236
249.82	76.451	-77.1188	-0.667794
249.84	77.4347	-78.1139	-0.679187
249.86	77.9879	-78.6727	-0.684835
249.88	77.7778	-78.4678	-0.690035
249.9	77.0968	-77.7866	-0.689772
249.92	76.2153	-76.9052	-0.689937
249.94	75.0424	-75.7429	-0.700482
249.96	74.2108	-74.8996	-0.6888
249.98	74.6545	-75.3598	-0.705322
