0	450	-22.9501	427.05
0.02	456.51	-29.4511	427.059
0.04	476.123	-49.1028	427.02
0.06	475.456	-48.4422	427.013
0.08	460.175	-33.1393	427.036
0.1	455.992	-28.9707	427.021
0.12	458.002	-30.9946	427.007
0.14	453.56	-26.5342	427.025
0.16	454.555	-27.5238	427.031
0.18	463.369	-36.35	427.019
0.2	461.228	-34.1779	427.05
0.22	463.606	-36.5373	427.068
0.24	467.969	-40.9252	427.044
0.26	466.008	-38.944	427.064
0.28	472.221	-45.1713	427.049
0.3	477.363	-50.3157	427.048
0.32	475.511	-48.4656	427.046
0.34	466.553	-39.4809	427.073
0.36	464.372	-37.2952	427.077
0.38	469.583	-42.5266	427.057
0.4	472.705	-45.6633	427.042
0.42	472.61	-45.5752	427.035
0.44	468.325	-41.2616	427.064
0.46	478.039	-51.0232	427.015
0.48	474.886	-47.8603	427.026
0.5	469.77	-42.7278	427.042
0.52	475.913	-48.8959	427.018
0.54	477.273	-50.2488	427.024
0.56	470.5	-43.4676	427.033
0.58	451.088	-24.0363	427.051
0.6	456.877	-29.8702	427.007
0.62	469.328	-42.3417	426.986
0.64	455.566	-28.5251	427.041
0.66	453.14	-26.1229	427.017
0.68	463.221	-36.2073	427.014
0.7	475.093	-48.08	427.013
0.72	480.635	-53.5687	427.066
0.74	484.014	-56.9627	427.052
0.76	478.884	-51.8599	427.024
0.78	459.813	-32.765	427.048
0.8	464.015	-37.0439	426.971
0.82	447.026	-19.9676	427.059
0.84	467.598	-40.5838	427.014
0.86	477.79	-50.7616	427.029
0.88	478.166	-51.1491	427.017
0.9	464.48	-37.4545	427.025
0.92	463.69	-36.6913	426.999
0.94	466.583	-39.5697	427.013
0.96	470.207	-43.2063	427.001
0.98	469.668	-42.6502	427.018
1	469.867	-42.8748	426.992
1.02	463.89	-36.8852	427.005
1.04	464.413	-37.3725	427.04
1.06	464.143	-37.1207	427.022
1.08	459.127	-32.0781	427.049
1.1	454.163	-27.1511	427.012
1.12	450.995	-23.9964	426.999
1.14	464.52	-37.5079	427.012
1.16	475.791	-48.8023	426.989
1.18	463.915	-36.9453	426.97
1.2	461.515	-34.5503	426.965
1.22	453.306	-26.2982	427.008
1.24	456.529	-29.5623	426.967
1.26	467.248	-40.27	426.978
1.28	464.293	-37.3418	426.951
1.3	460.357	-33.4082	426.948
1.32	459.645	-32.6726	426.972
1.34	457.929	-30.9577	426.972
1.36	456.83	-29.8584	426.971
1.38	457.951	-30.9615	426.99
1.4	464.395	-37.3887	427.006
1.42	474.421	-47.4179	427.003
1.44	480.572	-53.6123	426.96
1.46	467.088	-40.0893	426.999
1.48	454.426	-27.4536	426.972
1.5	454.209	-27.1789	427.031
1.52	469.625	-42.564	427.061
1.54	466.715	-39.6393	427.076
1.56	460.114	-33.0572	427.057
1.58	446.619	-19.5142	427.105
1.6	451.048	-23.9681	427.08
1.62	453.155	-26.0917	427.063
1.64	464.372	-37.3437	427.028
1.66	462.273	-35.229	427.044
1.68	468.739	-41.7013	427.037
1.7	472.405	-45.3594	427.046
1.72	466.708	-39.6508	427.057
1.74	469.596	-42.5126	427.083
1.76	475.318	-48.2488	427.07
1.78	475.41	-48.3492	427.061
1.8	464.153	-37.1351	427.018
1.82	448.242	-21.2009	427.042
1.84	460.805	-33.7862	427.018
1.86	470.037	-43.0076	427.029
1.88	471.023	-43.9973	427.026
1.9	465.982	-38.9828	426.999
1.92	461.057	-34.0206	427.037
1.94	461.217	-34.1733	427.043
1.96	465.016	-37.9568	427.059
1.98	470.006	-42.9582	427.048
2	468.868	-41.8162	427.051
2.02	456.918	-29.8785	427.04
2.04	456.421	-29.3664	427.055
2.06	472.525	-45.4994	427.026
2.08	470.018	-43.0038	427.014
2.1	438.624	-11.5432	427.081
2.12	463.708	-36.7338	426.974
2.14	471.265	-44.2305	427.034
2.16	458.494	-31.4385	427.056
2.18	465.178	-38.1456	427.032
2.2	472.133	-45.0856	427.048
2.22	472.228	-45.1864	427.041
2.24	467.169	-40.1177	427.051
2.26	467.996	-40.9614	427.034
2.28	457.378	-30.3289	427.049
2.3	449.043	-21.979	427.064
2.32	461.524	-34.477	427.047
2.34	460.476	-33.4016	427.075
2.36	460.885	-33.7954	427.09
2.38	469.898	-42.8454	427.052
2.4	468.756	-41.7114	427.044
2.42	459.66	-32.5755	427.085
2.44	462.814	-35.7148	427.099
2.46	467.778	-40.6752	427.103
2.48	472.268	-45.1376	427.13
2.5	471.434	-44.3305	427.103
2.52	460.143	-33.066	427.077
2.54	459.645	-32.5636	427.082
2.56	465.932	-38.8987	427.033
2.58	466.012	-38.9771	427.035
2.6	466.969	-39.9327	427.036
2.62	461.899	-34.8761	427.023
2.64	450.595	-23.5311	427.064
2.66	451.952	-24.8885	427.063
2.68	465.096	-38.0894	427.006
2.7	455.761	-28.7349	427.026
2.72	445.074	-17.9952	427.079
2.74	459.02	-31.9609	427.059
2.76	469.291	-42.2416	427.049
2.78	469.186	-42.1599	427.026
2.8	448.778	-21.6733	427.105
2.82	461.029	-33.9642	427.064
2.84	461.53	-34.4606	427.07
2.86	469.069	-42.0063	427.063
2.88	472.675	-45.6194	427.056
2.9	471.68	-44.6286	427.051
2.92	468.963	-41.9016	427.061
2.94	469.867	-42.8218	427.045
2.96	469.098	-42.0509	427.047
2.98	462.126	-35.0802	427.046
3	455.596	-28.5559	427.04
3.02	450.014	-22.9834	427.031
3.04	455.381	-28.3539	427.027
3.06	470.269	-43.2654	427.003
3.08	468.4	-41.3837	427.017
3.1	463.204	-36.2445	426.959
3.12	439.114	-12.0733	427.04
3.14	457.418	-30.4239	426.994
3.16	446.233	-19.1798	427.053
3.18	449.742	-22.6995	427.042
3.2	466.352	-39.2691	427.083
3.22	477.175	-50.0924	427.083
3.24	479.912	-52.8472	427.065
3.26	470.732	-43.6799	427.052
3.28	460.675	-33.625	427.05
3.3	448.635	-21.5627	427.072
3.32	447.125	-20.0108	427.114
3.34	462.891	-35.7621	427.129
3.36	471.865	-44.7141	427.151
3.38	475.743	-48.6157	427.128
3.4	466.481	-39.4324	427.048
3.42	446.51	-19.454	427.056
3.44	451.798	-24.7408	427.057
3.46	463.448	-36.3862	427.062
3.48	470.194	-43.1167	427.077
3.5	464.587	-37.4852	427.102
3.52	464.25	-37.1472	427.103
3.54	466.168	-39.0643	427.104
3.56	452.746	-25.6139	427.132
3.58	470.555	-43.4952	427.06
3.6	471.675	-44.6103	427.065
3.62	460.053	-32.9798	427.073
3.64	454.115	-27.0331	427.082
3.66	467.419	-40.3931	427.026
3.68	458.95	-31.8838	427.066
3.7	472.985	-45.9703	427.014
3.72	479.339	-52.318	427.021
3.74	476.347	-49.3292	427.018
3.76	471.129	-44.122	427.007
3.78	470.921	-43.9057	427.016
3.8	474.539	-47.5561	426.982
3.82	470.962	-44.0054	426.957
3.84	435.679	-8.63618	427.042
3.86	461.036	-34.1133	426.923
3.88	470.991	-44.0485	426.942
3.9	475.81	-48.8679	426.942
3.92	472.095	-45.1588	426.936
3.94	463.99	-37.0468	426.943
3.96	464.335	-37.4273	426.908
3.98	458.473	-31.5058	426.967
4	474.588	-47.6645	426.923
4.02	459.548	-32.604	426.944
4.04	461.71	-34.7673	426.942
4.06	464.226	-37.2567	426.97
4.08	452.552	-25.5484	427.004
4.1	457.119	-30.1272	426.992
4.12	458.589	-31.5906	426.999
4.14	452.775	-25.7943	426.981
4.16	455.937	-28.9546	426.983
4.18	460.792	-33.807	426.986
4.2	467.471	-40.4808	426.99
4.22	473.955	-46.9506	427.005
4.24	473.972	-46.9902	426.981
4.26	466.764	-39.8028	426.961
4.28	462.093	-35.1612	426.932
4.3	461.707	-34.7876	426.92
4.32	464.087	-37.1742	426.913
4.34	466.51	-39.6127	426.898
4.36	463.11	-36.1983	426.911
4.38	462.902	-36.0137	426.888
4.4	458.463	-31.5273	426.935
4.42	459.461	-32.5264	426.934
4.44	458.808	-31.9126	426.895
4.46	458.095	-31.1715	426.923
4.48	467.659	-40.7832	426.876
4.5	462.929	-35.999	426.93
4.52	467.802	-40.8649	426.937
4.54	473.871	-46.9381	426.932
4.56	465.985	-39.0837	426.902
4.58	439.308	-12.3593	426.948
4.6	451.928	-25.0396	426.888
4.62	467.636	-40.7149	426.921
4.64	463.535	-36.6007	426.934
4.66	459.246	-32.3207	426.926
4.68	464.858	-37.9588	426.899
4.7	462.625	-35.7087	426.917
4.72	461.622	-34.707	426.915
4.74	472.495	-45.592	426.903
4.76	473.922	-46.9899	426.932
4.78	468.461	-41.5435	426.917
4.8	461.126	-34.1953	426.931
4.82	446.723	-19.771	426.952
4.84	450.29	-23.3486	426.941
4.86	459.806	-32.8874	426.919
4.88	467.115	-40.1441	426.97
4.9	470.78	-43.8193	426.96
4.92	469.017	-42.0569	426.96
4.94	464.037	-37.0707	426.966
4.96	463.969	-37.0372	426.931
4.98	466.86	-39.8837	426.976
5	468.379	-41.3912	426.988
5.02	471.413	-44.4669	426.946
5.04	468.065	-41.082	426.983
5.06	467.916	-40.9473	426.969
5.08	468.824	-41.8513	426.973
5.1	465.585	-38.5918	426.993
5.12	469.244	-42.2786	426.965
5.14	464.554	-37.596	426.958
5.16	443.65	-16.5609	427.089
5.18	473.841	-46.8323	427.009
5.2	468.44	-41.4656	426.975
5.22	458.288	-31.3143	426.974
5.24	457.261	-30.2759	426.985
5.26	434.766	-7.71228	427.054
5.28	447.822	-20.7802	427.041
5.3	459.752	-32.716	427.036
5.32	459.219	-32.149	427.07
5.34	472.52	-45.4857	427.034
5.36	466.371	-39.3743	426.997
5.38	453.879	-26.8564	427.023
5.4	466.628	-39.5985	427.029
5.42	470.205	-43.1413	427.064
5.44	462.124	-35.0265	427.098
5.46	457.945	-30.8502	427.095
5.48	463.786	-36.6788	427.107
5.5	454.825	-27.7307	427.095
5.52	464.086	-37.0297	427.056
5.54	465.658	-38.5825	427.076
5.56	465.451	-38.3659	427.086
5.58	465.804	-38.6982	427.105
5.6	463.533	-36.433	427.1
5.62	458.383	-31.3034	427.08
5.64	446.113	-19.0049	427.108
5.66	459.656	-32.5756	427.08
5.68	466.848	-39.7234	427.124
5.7	466.719	-39.6015	427.117
5.72	458.63	-31.5136	427.116
5.74	447.857	-20.7376	427.119
5.76	447.703	-20.5802	427.123
5.78	448.746	-21.6031	427.143
5.8	462.154	-35.0367	427.117
5.82	464.96	-37.8272	427.133
5.84	461.459	-34.3245	427.134
5.86	459.98	-32.8694	427.11
5.88	461.187	-34.0885	427.098
5.9	454.482	-27.3811	427.101
5.92	459.037	-31.9553	427.082
5.94	468.652	-41.5362	427.116
5.96	468.461	-41.3584	427.103
5.98	467.75	-40.6746	427.075
6	467.214	-40.1631	427.051
6.02	464.203	-37.1459	427.057
6.04	458.783	-31.7588	427.024
6.06	452.492	-25.422	427.07
6.08	459.893	-32.8226	427.07
6.1	458.636	-31.5548	427.081
6.12	465.057	-37.9848	427.073
6.14	462.494	-35.4108	427.083
6.16	450.789	-23.6684	427.12
6.18	451.237	-24.1185	427.118
6.2	448.452	-21.3473	427.105
6.22	452.302	-25.2236	427.079
6.24	465.091	-38.0369	427.054
6.26	468.298	-41.2201	427.078
6.28	461.052	-33.9867	427.065
6.3	452.605	-25.5006	427.104
6.32	467.78	-40.69	427.09
6.34	463.331	-36.3012	427.029
6.36	423.546	3.59037	427.137
6.38	440.43	-13.3137	427.116
6.4	451.283	-24.1674	427.116
6.42	461.771	-34.6729	427.098
6.44	463.837	-36.7598	427.077
6.46	467.374	-40.2958	427.078
6.48	466.944	-39.8615	427.082
6.5	453.225	-26.1422	427.083
6.52	455.786	-28.727	427.059
6.54	470.153	-43.0939	427.059
6.56	469.985	-42.9208	427.064
6.58	467.303	-40.225	427.078
6.6	458.543	-31.4776	427.065
6.62	455.941	-28.8668	427.075
6.64	460.633	-33.5515	427.082
6.66	449.165	-22.0648	427.1
6.68	458.913	-31.8658	427.047
6.7	471.078	-44.0119	427.066
6.72	471.862	-44.811	427.051
6.74	468.713	-41.6625	427.05
6.76	461.873	-34.8676	427.005
6.78	445.191	-18.1616	427.029
6.8	436.13	-9.15377	426.976
6.82	437.657	-10.6148	427.042
6.84	467.998	-41.0178	426.98
6.86	457.754	-30.7515	427.002
6.88	451.715	-24.695	427.02
6.9	458.845	-31.8584	426.986
6.92	453.114	-26.0888	427.025
6.94	446.519	-19.487	427.032
6.96	461.206	-34.2003	427.006
6.98	465.665	-38.6278	427.037
7	459.836	-32.8238	427.012
7.02	448.561	-21.5253	427.036
7.04	455.866	-28.8637	427.002
7.06	453.748	-26.7323	427.015
7.08	459.053	-32.0402	427.013
7.1	470.901	-43.8811	427.019
7.12	466.986	-39.9701	427.016
7.14	453.831	-26.8169	427.014
7.16	446.717	-19.6932	427.023
7.18	464.137	-37.1427	426.994
7.2	461.997	-34.9868	427.01
7.22	457.33	-30.3319	426.998
7.24	457.456	-30.473	426.983
7.26	457.605	-30.6182	426.987
7.28	456.829	-29.8199	427.009
7.3	461.723	-34.732	426.991
7.32	465.427	-38.434	426.993
7.34	465.71	-38.6941	427.016
7.36	455.423	-28.4041	427.019
7.38	462.138	-35.1489	426.989
7.4	462.058	-35.03	427.028
7.42	452.442	-25.3967	427.045
7.44	453.151	-26.1034	427.047
7.46	453.155	-26.0781	427.077
7.48	463.67	-36.6567	427.014
7.5	456.864	-29.8491	427.015
7.52	444.523	-17.5455	426.978
7.54	446.661	-19.6498	427.011
7.56	469.722	-42.7081	427.014
7.58	472.108	-45.0495	427.058
7.6	466.996	-39.9329	427.064
7.62	463.196	-36.1625	427.034
7.64	459.601	-32.5825	427.018
7.66	452.359	-25.3612	426.998
7.68	440.439	-13.4694	426.969
7.7	448.918	-21.902	427.016
7.72	467.904	-40.8784	427.026
7.74	469.737	-42.7028	427.035
7.76	461.609	-34.5992	427.01
7.78	435.815	-8.78692	427.028
7.8	444.722	-17.7019	427.02
7.82	460.004	-33.0545	426.949
7.84	446.152	-19.1261	427.026
7.86	464.664	-37.6818	426.982
7.88	452.241	-25.1737	427.067
7.9	459.821	-32.7943	427.027
7.92	455.84	-28.7571	427.083
7.94	468.105	-41.0168	427.088
7.96	468.467	-41.3727	427.094
7.98	466.836	-39.7473	427.088
8	469.452	-42.3848	427.068
8.02	463.411	-36.3749	427.036
8.04	448.761	-21.6653	427.096
8.06	472.283	-45.2335	427.05
8.08	473.831	-46.7612	427.07
8.1	469.36	-42.3014	427.058
8.12	433.547	-6.38831	427.159
8.14	458.004	-30.9871	427.017
8.16	449.988	-22.9264	427.061
8.18	451.718	-24.6277	427.09
8.2	466.59	-39.533	427.057
8.22	453.481	-26.4016	427.079
8.24	451.002	-23.9395	427.063
8.26	453.084	-26.0469	427.037
8.28	458.592	-31.5621	427.03
8.3	467.39	-40.3476	427.043
8.32	459.352	-32.3038	427.048
8.34	458.315	-31.2525	427.062
8.36	469.406	-42.3233	427.082
8.38	469.131	-42.0456	427.085
8.4	453.233	-26.156	427.077
8.42	452.757	-25.6847	427.072
8.44	462.173	-35.1119	427.062
8.46	463.458	-36.3411	427.116
8.48	467.23	-40.1033	427.127
8.5	470.991	-43.8926	427.099
8.52	458.438	-31.3142	427.124
8.54	457.519	-30.3899	427.129
8.56	468.393	-41.2812	427.111
8.58	459.746	-32.6162	427.129
8.6	433.763	-6.58236	427.18
8.62	456.938	-29.8562	427.082
8.64	456.927	-29.8099	427.117
8.66	446.11	-18.9479	427.162
8.68	454.866	-27.7302	427.136
8.7	448.496	-21.359	427.137
8.72	464.025	-36.9138	427.111
8.74	450.763	-23.6788	427.084
8.76	426.723	0.394613	427.118
8.78	444.553	-17.5057	427.048
8.8	447.845	-20.7812	427.063
8.82	452.401	-25.3485	427.052
8.84	446.261	-19.1741	427.087
8.86	452.381	-25.3157	427.065
8.88	462.194	-35.1442	427.049
8.9	466.944	-39.8866	427.057
8.92	458.916	-31.8176	427.099
8.94	461.128	-34.0576	427.07
8.96	463.969	-36.9062	427.063
8.98	454.505	-27.4315	427.074
9	443.016	-15.9104	427.106
9.02	451.259	-24.1432	427.115
9.04	464.544	-37.4096	427.135
9.06	460.547	-33.3907	427.156
9.08	448.526	-21.3175	427.208
9.1	439.697	-12.4781	427.219
9.12	450.019	-22.8175	427.202
9.14	455.15	-27.9539	427.196
9.16	452.974	-25.7561	427.218
9.18	454.57	-27.3805	427.189
9.2	450.098	-22.8902	427.208
9.22	448.309	-21.1098	427.199
9.24	440.329	-13.1307	427.198
9.26	443.452	-16.2682	427.183
9.28	449.74	-22.5723	427.167
9.3	446.529	-19.3563	427.173
9.32	450.487	-23.3321	427.155
9.34	435.374	-8.20724	427.167
9.36	443.386	-16.258	427.128
9.38	455.481	-28.3395	427.142
9.4	459.408	-32.2668	427.141
9.42	460.906	-33.7798	427.126
9.44	456.059	-28.9499	427.11
9.46	453.612	-26.4989	427.113
9.48	446.768	-19.6495	427.118
9.5	444.012	-16.9062	427.106
9.52	440.856	-13.7604	427.095
9.54	441.864	-14.7289	427.136
9.56	454.19	-27.0076	427.183
9.58	462.073	-34.8818	427.191
9.6	459.251	-32.0834	427.167
9.62	455.901	-28.7218	427.179
9.64	454.327	-27.1632	427.163
9.66	456.463	-29.2969	427.166
9.68	453.973	-26.7918	427.181
9.7	445.593	-18.4103	427.183
9.72	441.84	-14.6211	427.219
9.74	460.948	-33.7514	427.197
9.76	465.109	-37.8992	427.209
9.78	461.069	-33.8919	427.177
9.8	452.993	-25.8075	427.185
9.82	453.036	-25.8556	427.18
9.84	458.885	-31.7231	427.162
9.86	462.771	-35.6059	427.165
9.88	460.823	-33.6454	427.178
9.9	460.405	-33.2367	427.168
9.92	460.259	-33.0867	427.172
9.94	456.476	-29.2997	427.176
9.96	449.861	-22.6744	427.187
9.98	460.606	-33.4533	427.153
10	465.101	-37.9217	427.179
10.02	460.91	-33.7249	427.185
10.04	452.751	-25.5811	427.17
10.06	457.485	-30.3226	427.162
10.08	461.735	-34.5653	427.17
10.1	466.01	-38.8263	427.184
10.12	465.022	-37.8387	427.183
10.14	461.793	-34.6363	427.156
10.16	465.374	-38.2349	427.14
10.18	468.526	-41.3871	427.139
10.2	467.252	-40.0967	427.155
10.22	466.779	-39.6467	427.132
10.24	464.765	-37.6246	427.14
10.26	457.598	-30.5177	427.081
10.28	436.609	-9.52186	427.087
10.3	444.135	-17.0568	427.078
10.32	459.012	-31.9371	427.075
10.34	462.518	-35.4298	427.088
10.36	474.072	-46.9797	427.092
10.38	470.919	-43.8543	427.064
10.4	449.215	-22.1201	427.095
10.42	454.127	-27.0628	427.064
10.44	467.57	-40.5084	427.062
10.46	470.817	-43.7467	427.07
10.48	470.344	-43.2548	427.089
10.5	464.513	-37.4025	427.11
10.52	457.55	-30.4422	427.108
10.54	458.726	-31.6054	427.121
10.56	461.547	-34.4446	427.102
10.58	454.671	-27.5573	427.113
10.6	456.43	-29.3458	427.084
10.62	455.888	-28.81	427.078
10.64	433.732	-6.57103	427.161
10.66	444.342	-17.2695	427.072
10.68	457.712	-30.6612	427.051
10.7	455.35	-28.2548	427.095
10.72	452.294	-25.2276	427.066
10.74	452.871	-25.7722	427.099
10.76	459.207	-32.1259	427.081
10.78	455.103	-28.0324	427.071
10.8	459.028	-31.9564	427.071
10.82	463.782	-36.7086	427.073
10.84	460.204	-33.1514	427.053
10.86	448.606	-21.564	427.042
10.88	432.883	-5.85662	427.026
10.9	458.12	-31.1149	427.005
10.92	472.099	-45.0057	427.093
10.94	472.851	-45.7476	427.103
10.96	461.533	-34.4007	427.132
10.98	454.89	-27.774	427.116
11	447.856	-20.716	427.14
11.02	463.216	-36.1026	427.114
11.04	474.388	-47.2598	427.128
11.06	471.928	-44.7728	427.155
11.08	457.14	-29.981	427.159
11.1	443.523	-16.3302	427.193
11.12	438.979	-11.7951	427.184
11.14	445.893	-18.7036	427.19
11.16	459.694	-32.5238	427.17
11.18	455.871	-28.7001	427.171
11.2	460.953	-33.7749	427.178
11.22	469.718	-42.5822	427.136
11.24	469.874	-42.7003	427.173
11.26	466.099	-38.9056	427.194
11.28	463.899	-36.6991	427.199
11.3	464.325	-37.1037	427.221
11.32	460.269	-33.0546	427.214
11.34	454.01	-26.7992	427.211
11.36	460.495	-33.3058	427.189
11.38	457.924	-30.7237	427.201
11.4	458.649	-31.4726	427.176
11.42	455.562	-28.3713	427.191
11.44	460.835	-33.6489	427.186
11.46	463.916	-36.7309	427.185
11.48	460.299	-33.1278	427.171
11.5	452.035	-24.8448	427.191
11.52	458.472	-31.3002	427.172
11.54	453.357	-26.2066	427.151
11.56	452.478	-25.3027	427.176
11.58	466.485	-39.3346	427.15
11.6	472.776	-45.6237	427.152
11.62	465.758	-38.6027	427.155
11.64	460.348	-33.2344	427.114
11.66	444.06	-16.8977	427.163
11.68	456.237	-29.1629	427.074
11.7	455.028	-27.9168	427.111
11.72	454.153	-27.0614	427.092
11.74	457.133	-30.026	427.107
11.76	464.479	-37.3725	427.107
11.78	466.938	-39.8243	427.113
11.8	466.954	-39.8549	427.1
11.82	457.132	-30.0403	427.092
11.84	447.238	-20.1306	427.108
11.86	453.374	-26.2545	427.119
11.88	461.518	-34.4082	427.109
11.9	461.498	-34.391	427.108
11.92	446.293	-19.1767	427.116
11.94	450.652	-23.5774	427.074
11.96	458.028	-30.9583	427.07
11.98	465.996	-38.9285	427.067
12	471.699	-44.6153	427.084
12.02	472.027	-44.9579	427.069
12.04	467.811	-40.7557	427.055
12.06	458.372	-31.291	427.081
12.08	452.135	-25.087	427.048
12.1	444.112	-17.0769	427.035
12.12	432.794	-5.78347	427.011
12.14	422.193	4.86597	427.059
12.16	457.518	-30.5324	426.986
12.18	462.97	-35.9515	427.019
12.2	447.678	-20.6339	427.044
12.22	446.164	-19.1373	427.026
12.24	448.949	-21.9174	427.031
12.26	454.118	-27.1112	427.007
12.28	465.203	-38.1934	427.009
12.3	468.671	-41.6617	427.009
12.32	451.492	-24.4541	427.038
12.34	447.644	-20.6619	426.982
12.36	446.315	-19.31	427.005
12.38	444.971	-17.9725	426.998
12.4	455.735	-28.7655	426.97
12.42	448.28	-21.2708	427.009
12.44	452.959	-25.9379	427.021
12.46	471.669	-44.6385	427.031
12.48	473.657	-46.6056	427.052
12.5	465.761	-38.7051	427.056
12.52	454.942	-27.8646	427.077
12.54	445.889	-18.8034	427.086
12.56	461.39	-34.3104	427.079
12.58	461.29	-34.2072	427.083
12.6	453.661	-26.5818	427.079
12.62	455.258	-28.1581	427.1
12.64	462.425	-35.3404	427.084
12.66	468.988	-41.882	427.106
12.68	472.559	-45.4315	427.127
12.7	467.552	-40.428	427.124
12.72	466.037	-38.9314	427.106
12.74	457.231	-30.1261	427.105
12.76	450.775	-23.6774	427.098
12.78	449.49	-22.3556	427.134
12.8	456.155	-28.9935	427.162
12.82	466.646	-39.4997	427.147
12.84	467.769	-40.6231	427.146
12.86	459.045	-31.9068	427.138
12.88	460.93	-33.7939	427.136
12.9	464.457	-37.3277	427.13
12.92	464.452	-37.3461	427.106
12.94	465.806	-38.7259	427.08
12.96	463.854	-36.7783	427.075
12.98	449.951	-22.8494	427.101
13	457.613	-30.5205	427.092
13.02	465.38	-38.2739	427.106
13.04	462.982	-35.8486	427.133
13.06	449.139	-21.9814	427.158
13.08	454.526	-27.4122	427.113
13.1	466.031	-38.9444	427.087
13.12	460.444	-33.3525	427.091
13.14	461.057	-33.955	427.102
13.16	471.866	-44.7696	427.097
13.18	467.151	-40.0394	427.112
13.2	460.822	-33.7288	427.093
13.22	456.372	-29.2836	427.088
13.24	437.647	-10.5607	427.087
13.26	422.755	4.34868	427.104
13.28	441.703	-14.5822	427.121
13.3	464.699	-37.6205	427.078
13.32	455.275	-28.1816	427.093
13.34	442.14	-15.0438	427.096
13.36	452.455	-25.3944	427.061
13.38	454.048	-26.9535	427.095
13.4	454.759	-27.7136	427.045
13.42	445.213	-18.1463	427.067
13.44	451.46	-24.4236	427.036
13.46	458.56	-31.5243	427.036
13.48	458.071	-30.9938	427.077
13.5	447.269	-20.2026	427.067
13.52	447.988	-20.9052	427.083
13.54	459.254	-32.1527	427.101
13.56	466.345	-39.2254	427.12
13.58	466.906	-39.7675	427.139
13.6	461.549	-34.4187	427.13
13.62	446.368	-19.2193	427.149
13.64	459.407	-32.3259	427.081
13.66	453.146	-26.0354	427.111
13.68	455.836	-28.742	427.094
13.7	462.706	-35.5902	427.116
13.72	459.818	-32.6668	427.151
13.74	459.388	-32.2655	427.123
13.76	450.859	-23.7567	427.103
13.78	442.461	-15.3823	427.078
13.8	445.101	-18.0117	427.089
13.82	461.8	-34.6974	427.103
13.84	468.481	-41.3884	427.093
13.86	471.33	-44.2297	427.1
13.88	465.689	-38.5986	427.09
13.9	464.574	-37.5204	427.054
13.92	460.649	-33.5983	427.05
13.94	459.779	-32.6926	427.087
13.96	465.515	-38.432	427.083
13.98	463.63	-36.5305	427.1
14	461.879	-34.813	427.066
14.02	457.422	-30.3594	427.063
14.04	455.158	-28.0703	427.088
14.06	467.596	-40.5641	427.032
14.08	454.666	-27.5775	427.089
14.1	468.808	-41.7506	427.058
14.12	469.315	-42.2516	427.063
14.14	465.849	-38.7975	427.052
14.16	465.548	-38.4613	427.087
14.18	463.757	-36.6762	427.081
14.2	458.008	-30.8772	427.131
14.22	466.126	-39.0269	427.099
14.24	474.332	-47.2323	427.1
14.26	475.136	-48.0494	427.087
14.28	467.669	-40.5501	427.119
14.3	463.54	-36.454	427.086
14.32	445.315	-18.2443	427.07
14.34	442.262	-15.2058	427.056
14.36	454.845	-27.8259	427.019
14.38	456.064	-29.0182	427.046
14.4	463.991	-36.9354	427.056
14.42	461.455	-34.3625	427.092
14.44	464.154	-37.0671	427.087
14.46	465.219	-38.1475	427.071
14.48	465.502	-38.4323	427.07
14.5	458.804	-31.7231	427.081
14.52	462.625	-35.5596	427.066
14.54	464.314	-37.2262	427.087
14.56	466.212	-39.1272	427.085
14.58	459.67	-32.6063	427.064
14.6	455.659	-28.6062	427.052
14.62	444.77	-17.6639	427.106
14.64	447.632	-20.5286	427.104
14.66	452.029	-24.9079	427.121
14.68	451.585	-24.4238	427.161
14.7	464.04	-36.9206	427.12
14.72	470.963	-43.8591	427.104
14.74	462.538	-35.4303	427.108
14.76	453.99	-26.8404	427.15
14.78	446.594	-19.4298	427.165
14.8	466.193	-39.1216	427.072
14.82	471.752	-44.6525	427.1
14.84	469.389	-42.3098	427.08
14.86	460.004	-32.9143	427.09
14.88	458.735	-31.6508	427.084
14.9	460.59	-33.5227	427.067
14.92	460.362	-33.2776	427.084
14.94	466.367	-39.2851	427.082
14.96	465.148	-38.0739	427.074
14.98	456.878	-29.8359	427.042
15	449.346	-22.2522	427.094
15.02	457.068	-29.9664	427.102
15.04	470.478	-43.3803	427.098
15.06	475.857	-48.7381	427.119
15.08	470.771	-43.6283	427.142
15.1	460.893	-33.7279	427.165
15.12	457.026	-29.8689	427.157
15.14	457.114	-29.9805	427.134
15.16	454.941	-27.8308	427.11
15.18	456.036	-28.9161	427.12
15.2	461.302	-34.1619	427.14
15.22	451.259	-24.1115	427.147
15.24	456.657	-29.5202	427.137
15.26	462.459	-35.3169	427.142
15.28	454.291	-27.1371	427.154
15.3	456.587	-29.4038	427.183
15.32	460.214	-33.0201	427.193
15.34	466.897	-39.7277	427.169
15.36	458.165	-30.9469	427.219
15.38	459.165	-31.9787	427.186
15.4	464.727	-37.5474	427.179
15.42	465.969	-38.7466	427.222
15.44	469.739	-42.5236	427.216
15.46	457.693	-30.4106	427.283
15.48	455.62	-28.3991	427.221
15.5	461.273	-34.0808	427.193
15.52	466.362	-39.1315	427.231
15.54	461.049	-33.8169	427.232
15.56	461.282	-34.066	427.216
15.58	463.819	-36.5768	427.242
15.6	466.779	-39.5434	427.236
15.62	466.199	-38.9797	427.219
15.64	462.247	-34.9762	427.271
15.66	456.399	-29.1964	427.203
15.68	437.155	-9.89381	427.261
15.7	461.353	-34.1284	427.224
15.72	467.35	-40.1282	427.221
15.74	466.538	-39.2794	427.259
15.76	469.983	-42.7732	427.21
15.78	466.583	-39.381	427.202
15.8	457.553	-30.3407	427.213
15.82	453.061	-25.8758	427.185
15.84	448.815	-21.6522	427.163
15.86	458.149	-30.9961	427.153
15.88	465.132	-37.971	427.161
15.9	462.704	-35.5274	427.177
15.92	462.155	-35.0037	427.152
15.94	450.299	-23.1167	427.182
15.96	463.582	-36.4307	427.151
15.98	466.352	-39.2181	427.134
16	468.145	-41.0309	427.114
16.02	469.979	-42.8737	427.106
16.04	457.847	-30.7647	427.082
16.06	453.57	-26.4831	427.087
16.08	452.03	-24.9218	427.109
16.1	454.535	-27.4113	427.123
16.12	450.832	-23.6647	427.168
16.14	459.736	-32.6069	427.129
16.16	466.185	-39.0686	427.116
16.18	461.84	-34.69	427.15
16.2	456.24	-29.1019	427.139
16.22	458.014	-30.8954	427.118
16.24	459.527	-32.4326	427.095
16.26	448.534	-21.4095	427.124
16.28	461.618	-34.543	427.075
16.3	452.459	-25.3318	427.127
16.32	449.613	-22.4775	427.135
16.34	453.292	-26.1568	427.135
16.36	458.674	-31.5556	427.118
16.38	462.844	-35.7268	427.117
16.4	454.184	-27.0593	427.124
16.42	455.111	-28.0153	427.095
16.44	460.821	-33.7183	427.103
16.46	463.961	-36.864	427.097
16.48	467.916	-40.8315	427.084
16.5	464.838	-37.7808	427.057
16.52	462.974	-35.8993	427.075
16.54	469.557	-42.4874	427.069
16.56	465.493	-38.4168	427.077
16.58	464.495	-37.4549	427.04
16.6	456.301	-29.276	427.025
16.62	458.627	-31.59	427.037
16.64	454.929	-27.8726	427.056
16.66	442.19	-15.0961	427.094
16.68	460.919	-33.9065	427.012
16.7	461.511	-34.4777	427.033
16.72	450.131	-23.1574	426.973
16.74	433.926	-6.90459	427.022
16.76	462.674	-35.6907	426.984
16.78	474.681	-47.6807	427
16.8	474.712	-47.6954	427.017
16.82	463.282	-36.311	426.971
16.84	450.298	-23.2978	427
16.86	461.691	-34.7341	426.957
16.88	472.976	-46.0096	426.966
16.9	471.442	-44.49	426.952
16.92	448.766	-21.7951	426.971
16.94	439.566	-12.6002	426.966
16.96	446.968	-19.9582	427.01
16.98	472.288	-45.3195	426.969
17	477.141	-50.1977	426.943
17.02	467.306	-40.3367	426.969
17.04	462.089	-35.0927	426.997
17.06	465.681	-38.6737	427.007
17.08	466.162	-39.1552	427.007
17.1	465.313	-38.3296	426.984
17.12	458.796	-31.7862	427.01
17.14	454.044	-27.0295	427.014
17.16	459.125	-32.1168	427.008
17.18	461.509	-34.4937	427.015
17.2	448.957	-21.9089	427.049
17.22	455.784	-28.737	427.047
17.24	459.048	-31.9669	427.081
17.26	466.365	-39.2738	427.091
17.28	472.435	-45.3709	427.064
17.3	467.725	-40.6539	427.071
17.32	458.714	-31.6168	427.097
17.34	461.906	-34.8562	427.049
17.36	457.293	-30.2627	427.031
17.38	441.948	-14.8615	427.087
17.4	457.795	-30.7415	427.053
17.42	464.034	-36.973	427.061
17.44	458.792	-31.7218	427.07
17.46	457.881	-30.8319	427.049
17.48	468.053	-41.0049	427.048
17.5	469.273	-42.2358	427.037
17.52	469.967	-42.9552	427.012
17.54	460.002	-32.9697	427.032
17.56	469.303	-42.2888	427.014
17.58	475.547	-48.5098	427.037
17.6	468.158	-41.2015	426.957
17.62	426.042	1.02318	427.065
17.64	435.92	-8.94249	426.978
17.66	461.047	-34.1064	426.94
17.68	472.767	-45.77	426.997
17.7	472.371	-45.3448	427.026
17.72	472.586	-45.5421	427.044
17.74	475.368	-48.3154	427.053
17.76	476.144	-49.1131	427.031
17.78	461.076	-34.0214	427.055
17.8	450.018	-22.9705	427.047
17.82	461.997	-34.9475	427.05
17.84	468.537	-41.4716	427.066
17.86	474.588	-47.5311	427.057
17.88	471.327	-44.2448	427.083
17.9	458.958	-31.8452	427.113
17.92	465.83	-38.7295	427.1
17.94	464.52	-37.3939	427.127
17.96	471.87	-44.7678	427.103
17.98	480.518	-53.4075	427.111
18	479.238	-52.0972	427.141
18.02	476.125	-49.0163	427.108
18.04	469.296	-42.1806	427.116
18.06	467.027	-39.9333	427.093
18.08	469.666	-42.5924	427.074
18.1	468.919	-41.8415	427.077
18.12	470.578	-43.4905	427.087
18.14	464.543	-37.4584	427.084
18.16	455.168	-28.1231	427.045
18.18	451.797	-24.7616	427.036
18.2	464.331	-37.3038	427.027
18.22	471.305	-44.2797	427.026
18.24	472.228	-45.1945	427.034
18.26	462.186	-35.1319	427.054
18.28	466.01	-38.9904	427.02
18.3	466.846	-39.7798	427.066
18.32	463.287	-36.197	427.091
18.34	457.886	-30.7425	427.143
18.36	461.263	-34.1673	427.096
18.38	458.363	-31.268	427.095
18.4	459.837	-32.7627	427.074
18.42	456.254	-29.1774	427.077
18.44	455.716	-28.6114	427.104
18.46	469.701	-42.622	427.079
18.48	469.645	-42.5694	427.075
18.5	469.025	-41.9341	427.091
18.52	463.428	-36.3149	427.113
18.54	460.323	-33.1957	427.128
18.56	465.552	-38.4499	427.102
18.58	463.313	-36.2198	427.094
18.6	459.704	-32.6204	427.083
18.62	459.572	-32.5578	427.014
18.64	453.472	-26.4327	427.039
18.66	469.741	-42.7211	427.019
18.68	461.131	-34.1001	427.031
18.7	466.404	-39.428	426.976
18.72	470.021	-43.0759	426.945
18.74	445.495	-18.5014	426.994
18.76	443.083	-16.1119	426.971
18.78	454.748	-27.7869	426.961
18.8	456.135	-29.1287	427.007
18.82	472.131	-45.1273	427.003
18.84	463.552	-36.542	427.01
18.86	460.398	-33.4051	426.992
18.88	458.689	-31.678	427.011
18.9	458.239	-31.2466	426.992
18.92	456.209	-29.1809	427.028
18.94	465.863	-38.8741	426.989
18.96	461.309	-34.3364	426.973
18.98	452.652	-25.6417	427.01
19	469.484	-42.5581	426.926
19.02	457.221	-30.2427	426.978
19.04	464.33	-37.3898	426.94
19.06	467.031	-40.063	426.968
19.08	463.16	-36.145	427.015
19.1	471.38	-44.3794	427
19.12	471.816	-44.7999	427.016
19.14	474.462	-47.4178	427.044
19.16	477.753	-50.73	427.023
19.18	475.536	-48.5417	426.995
19.2	471.948	-44.9632	426.985
19.22	468.252	-41.2855	426.966
19.24	464.215	-37.2516	426.963
19.26	468.59	-41.6319	426.958
19.28	465.477	-38.4734	427.003
19.3	474.839	-47.8816	426.957
19.32	471.389	-44.4153	426.973
19.34	471.13	-44.152	426.978
19.36	476.14	-49.1864	426.953
19.38	475.279	-48.3174	426.962
19.4	472.286	-45.2985	426.987
19.42	473.059	-46.0548	427.004
19.44	477.55	-50.5386	427.011
19.46	474.213	-47.2241	426.989
19.48	461.277	-34.2648	427.012
19.5	466.635	-39.6768	426.958
19.52	456.977	-29.9924	426.985
19.54	465.443	-38.4784	426.965
19.56	454.341	-27.392	426.949
19.58	445.434	-18.4568	426.977
19.6	470.327	-43.374	426.953
19.62	474.298	-47.3316	426.966
19.64	462.326	-35.3495	426.976
19.66	452.105	-25.0983	427.007
19.68	467.453	-40.4624	426.991
19.7	473.936	-46.9098	427.026
19.72	460.841	-33.7613	427.08
19.74	471.444	-44.4372	427.006
19.76	470.433	-43.4075	427.025
19.78	463.272	-36.2283	427.044
19.8	452.307	-25.247	427.06
19.82	460.609	-33.5748	427.034
19.84	467.279	-40.2603	427.019
19.86	448.435	-21.3951	427.04
19.88	445.62	-18.5893	427.03
19.9	458.976	-31.9709	427.005
19.92	446.64	-19.5739	427.066
19.94	449.827	-22.7557	427.071
19.96	457.683	-30.6182	427.065
19.98	456.123	-29.0528	427.07
20	443.66	-16.5554	427.105
20.02	442.294	-15.2001	427.093
20.04	458.31	-31.2126	427.097
20.06	466.091	-38.9632	427.127
20.08	462.013	-34.8747	427.138
20.1	460.147	-33.0278	427.119
20.12	461.043	-33.9495	427.094
20.14	451.131	-24.0238	427.108
20.16	460.667	-33.5968	427.07
20.18	463.861	-36.7951	427.066
20.2	462.434	-35.3927	427.042
20.22	456.934	-29.8657	427.068
20.24	467.411	-40.3793	427.032
20.26	467.401	-40.3564	427.045
20.28	459.144	-32.0927	427.051
20.3	453.682	-26.6272	427.055
20.32	445.926	-18.8737	427.052
20.34	446.866	-19.7501	427.115
20.36	463.524	-36.4259	427.098
20.38	463.798	-36.6977	427.1
20.4	463.613	-36.5099	427.103
20.42	464.54	-37.4491	427.091
20.44	462.635	-35.5801	427.055
20.46	450.32	-23.2424	427.078
20.48	445.966	-18.9347	427.032
20.5	431.58	-4.53681	427.043
20.52	443.553	-16.5162	427.037
20.54	464.521	-37.4617	427.059
20.56	477.252	-50.191	427.061
20.58	468.764	-41.7075	427.057
20.6	451.134	-24.0414	427.093
20.62	449.317	-22.2741	427.043
20.64	443.751	-16.7038	427.048
20.66	456.89	-29.8289	427.061
20.68	461.734	-34.6716	427.062
20.7	457.624	-30.5348	427.089
20.72	469.372	-42.3023	427.069
20.74	466.828	-39.725	427.104
20.76	460.998	-33.8968	427.101
20.78	450.373	-23.2887	427.085
20.8	445.832	-18.7494	427.082
20.82	460.826	-33.7641	427.062
20.84	472.676	-45.5948	427.081
20.86	475.587	-48.4947	427.092
20.88	474.759	-47.6763	427.083
20.9	471.648	-44.5693	427.079
20.92	456.563	-29.535	427.028
20.94	445.042	-17.9878	427.054
20.96	466.862	-39.8449	427.018
20.98	473.017	-45.9688	427.048
21	466.969	-39.9265	427.042
21.02	461.25	-34.216	427.034
21.04	460.348	-33.3095	427.038
21.06	470	-42.9623	427.038
21.08	470.979	-43.9631	427.016
21.1	458.229	-31.2225	427.006
21.12	451.882	-24.8833	426.998
21.14	452.687	-25.6678	427.019
21.16	452.117	-25.0956	427.022
21.18	471.256	-44.2807	426.976
21.2	466.517	-39.5406	426.976
21.22	436.44	-9.4745	426.966
21.24	429.466	-2.48069	426.985
21.26	455.768	-28.7778	426.99
21.28	463.439	-36.4671	426.972
21.3	465.611	-38.6313	426.98
21.32	464.935	-37.9825	426.953
21.34	454.338	-27.3459	426.992
21.36	442.672	-15.6604	427.012
21.38	457.295	-30.3406	426.954
21.4	462.861	-35.8754	426.986
21.42	454.478	-27.4982	426.98
21.44	448.948	-21.9343	427.013
21.46	466.87	-39.8895	426.981
21.48	472.648	-45.6525	426.996
21.5	464.753	-37.7871	426.966
21.52	446.505	-19.5345	426.97
21.54	438.497	-11.5318	426.965
21.56	434.932	-7.92265	427.01
21.58	456.578	-29.6118	426.967
21.6	470.353	-43.3941	426.959
21.62	461.743	-34.7611	426.982
21.64	465.12	-38.1491	426.971
21.66	463.063	-36.0695	426.993
21.68	465.101	-38.1106	426.99
21.7	466.075	-39.0805	426.995
21.72	468.317	-41.3067	427.01
21.74	471.337	-44.3446	426.993
21.76	471.214	-44.2235	426.99
21.78	457.832	-30.8658	426.966
21.8	444.835	-17.8543	426.981
21.82	458.67	-31.7123	426.957
21.84	469.201	-42.2532	426.947
21.86	466.282	-39.2868	426.996
21.88	465.714	-38.7289	426.985
21.9	467.34	-40.3494	426.991
21.92	471.121	-44.1381	426.983
21.94	469.454	-42.4619	426.992
21.96	457.154	-30.1559	426.998
21.98	450.93	-23.932	426.998
22	450.085	-23.1057	426.979
22.02	455.538	-28.5367	427.001
22.04	464.202	-37.2276	426.975
22.06	444.805	-17.7793	427.026
22.08	447.02	-20.0056	427.014
22.1	466.11	-39.1169	426.993
22.12	464.558	-37.5359	427.022
22.14	461.737	-34.7227	427.014
22.16	462.353	-35.3317	427.021
22.18	463.073	-36.0226	427.051
22.2	464.742	-37.6793	427.063
22.22	458.969	-31.885	427.084
22.24	457.454	-30.4054	427.049
22.26	460.244	-33.1887	427.055
22.28	459.57	-32.4994	427.07
22.3	455.254	-28.1437	427.11
22.32	456.004	-28.8844	427.119
22.34	457.473	-30.3238	427.149
22.36	461.759	-34.5825	427.176
22.38	466.997	-39.7834	427.214
22.4	463.606	-36.415	427.191
22.42	452.404	-25.2185	427.186
22.44	453.673	-26.5059	427.168
22.46	446.706	-19.5129	427.193
22.48	456.772	-29.5988	427.173
22.5	465.514	-38.3523	427.161
22.52	461.512	-34.3701	427.142
22.54	452.197	-25.0526	427.144
22.56	452.765	-25.6453	427.12
22.58	453.037	-25.8914	427.145
22.6	454.121	-27.0195	427.102
22.62	450	-22.8945	427.106
22.64	442.206	-15.0903	427.116
22.66	452.266	-25.1586	427.108
22.68	466.13	-39.018	427.112
22.7	461.742	-34.6429	427.099
22.72	458.512	-31.3971	427.115
22.74	465.794	-38.6825	427.112
22.76	463.938	-36.8373	427.1
22.78	452.954	-25.8628	427.092
22.8	448.538	-21.4636	427.075
22.82	442.032	-14.968	427.064
22.84	460.171	-33.1484	427.023
22.86	464.136	-37.099	427.037
22.88	464.712	-37.6749	427.037
22.9	469.604	-42.5797	427.025
22.92	468.973	-41.94	427.033
22.94	453.026	-26.0125	427.014
22.96	435.395	-8.3784	427.016
22.98	444.427	-17.4309	426.996
23	454.239	-27.2301	427.009
23.02	453.845	-26.8108	427.035
23.04	470.152	-43.1322	427.02
23.06	473.736	-46.701	427.035
23.08	469.337	-42.2628	427.074
23.1	461.539	-34.4406	427.099
23.12	462.031	-34.912	427.119
23.14	469.167	-42.0524	427.115
23.16	469.364	-42.2432	427.12
23.18	460.713	-33.5979	427.116
23.2	446.915	-19.7698	427.145
23.22	441.566	-14.4304	427.136
23.24	458.138	-31.024	427.114
23.26	462.138	-35.0167	427.121
23.28	465.998	-38.9075	427.09
23.3	470.451	-43.3674	427.084
23.32	472.028	-44.9478	427.08
23.34	470.074	-42.9919	427.082
23.36	467.978	-40.8704	427.107
23.38	471.476	-44.3857	427.09
23.4	464.759	-37.6741	427.085
23.42	450.677	-23.5438	427.133
23.44	460.216	-33.1094	427.107
23.46	467.015	-39.9251	427.09
23.48	461.156	-34.0761	427.08
23.5	460.383	-33.2854	427.098
23.52	470.382	-43.277	427.105
23.54	474.424	-47.2875	427.136
23.56	467.363	-40.2341	427.129
23.58	448.316	-21.1854	427.13
23.6	451.408	-24.3368	427.072
23.62	457.675	-30.6076	427.068
23.64	458.808	-31.7113	427.097
23.66	462.05	-34.9804	427.07
23.68	455.803	-28.7387	427.064
23.7	438.887	-11.7965	427.09
23.72	446.236	-19.145	427.091
23.74	459.411	-32.3114	427.099
23.76	469.176	-42.0786	427.097
23.78	472.35	-45.2525	427.097
23.8	464.267	-37.1509	427.116
23.82	451.504	-24.3986	427.105
23.84	454.649	-27.545	427.104
23.86	465.083	-37.968	427.115
23.88	468.852	-41.739	427.113
23.9	462.283	-35.1551	427.128
23.92	450.278	-23.1322	427.146
23.94	451.618	-24.4708	427.147
23.96	460.272	-33.1588	427.113
23.98	446.086	-18.9502	427.136
24	456.129	-29.0707	427.058
24.02	444.658	-17.5372	427.121
24.04	458.794	-31.7052	427.088
24.06	463.434	-36.33	427.104
24.08	456.735	-29.6427	427.092
24.1	450.104	-23.0125	427.091
24.12	460.854	-33.7616	427.092
24.14	465.037	-37.9172	427.12
24.16	463.034	-35.9121	427.122
24.18	458.909	-31.7767	427.133
24.2	461.164	-34.0445	427.12
24.22	468.688	-41.5328	427.155
24.24	469.576	-42.4551	427.121
24.26	447.43	-20.2851	427.145
24.28	454.311	-27.2356	427.075
24.3	456.421	-29.2867	427.134
24.32	462.132	-35.0137	427.118
24.34	458.498	-31.375	427.123
24.36	434.904	-7.80082	427.103
24.38	451.274	-24.2237	427.051
24.4	469.871	-42.7757	427.096
24.42	464.719	-37.6084	427.11
24.44	456.237	-29.1684	427.068
24.46	459.614	-32.5332	427.081
24.48	460.88	-33.8025	427.077
24.5	455.252	-28.1419	427.11
24.52	465.343	-38.2277	427.115
24.54	469.538	-42.3949	427.143
24.56	451.568	-24.4696	427.098
24.58	437.204	-10.0806	427.123
24.6	453.819	-26.7201	427.099
24.62	466.025	-38.9089	427.116
24.64	464.308	-37.1694	427.139
24.66	453.566	-26.4196	427.147
24.68	441.679	-14.5409	427.138
24.7	451.656	-24.5475	427.108
24.72	461.184	-34.0736	427.11
24.74	470.238	-43.1436	427.094
24.76	469.209	-42.115	427.094
24.78	462.822	-35.7332	427.089
24.8	457.644	-30.5556	427.088
24.82	454.036	-26.9598	427.077
24.84	443.134	-16.0204	427.114
24.86	454.908	-27.8227	427.085
24.88	466.651	-39.5774	427.073
24.9	467.323	-40.2508	427.072
24.92	460.776	-33.71	427.066
24.94	445.665	-18.6323	427.032
24.96	436.255	-9.19193	427.063
24.98	455.842	-28.7669	427.075
25	451.491	-24.3555	427.136
25.02	461.607	-34.4999	427.107
25.04	452.997	-25.8297	427.168
25.06	460.725	-33.5985	427.126
25.08	468.309	-41.1875	427.121
25.1	469.368	-42.2645	427.103
25.12	462.057	-34.9208	427.136
25.14	462.624	-35.4666	427.157
25.16	464.902	-37.7738	427.128
25.18	453.473	-26.3362	427.137
25.2	446.33	-19.1948	427.135
25.22	448.936	-21.8311	427.104
25.24	443.275	-16.1369	427.139
25.26	449.38	-22.2157	427.165
25.28	464.713	-37.5313	427.182
25.3	472.346	-45.1612	427.185
25.32	469.207	-42.0142	427.193
25.34	460.868	-33.6507	427.218
25.36	453.507	-26.3093	427.197
25.38	454.001	-26.7896	427.212
25.4	467.185	-39.9997	427.185
25.42	474.28	-47.0926	427.187
25.44	476.497	-49.2871	427.21
25.46	474.422	-47.2095	427.213
25.48	467.921	-40.7168	427.204
25.5	467.909	-40.7729	427.136
25.52	471.004	-43.8964	427.108
25.54	454.193	-27.084	427.109
25.56	436.573	-9.41687	427.156
25.58	458.427	-31.3201	427.107
25.6	457.72	-30.5818	427.138
25.62	447.937	-20.8237	427.113
25.64	445.521	-18.3723	427.149
25.66	464.836	-37.6665	427.169
25.68	460.329	-33.1389	427.19
25.7	454.578	-27.3855	427.192
25.72	459.939	-32.7669	427.172
25.74	464.642	-37.4611	427.18
25.76	465.959	-38.7812	427.178
25.78	458.053	-30.8505	427.203
25.8	465.505	-38.3496	427.155
25.82	461.739	-34.5682	427.171
25.84	461.965	-34.81	427.155
25.86	458.521	-31.3606	427.161
25.88	456.638	-29.4963	427.142
25.9	458.058	-30.9263	427.132
25.92	459.22	-32.0979	427.122
25.94	461.97	-34.8642	427.106
25.96	458.457	-31.3435	427.113
25.98	460.298	-33.2074	427.09
26	453.806	-26.664	427.142
26.02	463.747	-36.6617	427.085
26.04	462.35	-35.289	427.061
26.06	454.777	-27.6773	427.1
26.08	462.672	-35.6226	427.05
26.1	465.082	-38.0329	427.049
26.12	468.91	-41.8536	427.056
26.14	471.112	-44.0699	427.042
26.16	456.093	-29.0698	427.024
26.18	439.061	-12.0019	427.059
26.2	462.312	-35.3022	427.01
26.22	473.184	-46.1795	427.004
26.24	466.672	-39.6881	426.984
26.26	453.333	-26.3599	426.973
26.28	436.754	-9.70209	427.052
26.3	461.598	-34.6458	426.952
26.32	468	-41.0215	426.979
26.34	465.823	-38.8454	426.977
26.36	463.182	-36.2191	426.962
26.38	461.298	-34.3149	426.983
26.4	473.414	-46.4519	426.962
26.42	468.804	-41.7889	427.015
26.44	465.196	-38.1836	427.013
26.46	458.897	-31.8797	427.017
26.48	464.214	-37.1532	427.061
26.5	469.079	-42.0202	427.059
26.52	462.602	-35.5567	427.045
26.54	443.501	-16.4232	427.078
26.56	448.772	-21.701	427.071
26.58	462.21	-35.1427	427.068
26.6	466.24	-39.1854	427.054
26.62	460.666	-33.6136	427.053
26.64	458.271	-31.2458	427.025
26.66	450.655	-23.5915	427.064
26.68	472.984	-45.9852	426.999
26.7	463.205	-36.192	427.013
26.72	458.401	-31.3898	427.011
26.74	459.823	-32.8173	427.006
26.76	454.52	-27.4689	427.051
26.78	465.544	-38.5097	427.035
26.8	450.802	-23.7929	427.009
26.82	458.326	-31.3783	426.948
26.84	452.965	-25.9473	427.017
26.86	458.781	-31.7541	427.027
26.88	465.68	-38.6618	427.018
26.9	468.305	-41.2716	427.033
26.92	470.724	-43.6742	427.05
26.94	472.596	-45.5492	427.047
26.96	474.382	-47.3433	427.038
26.98	473.548	-46.5254	427.023
27	468.894	-41.8761	427.018
27.02	453.914	-26.9125	427.002
27.04	451.224	-24.1936	427.03
27.06	465.048	-38.0329	427.015
27.08	457.37	-30.3347	427.035
27.1	462.056	-35.0518	427.004
27.12	452.921	-25.8496	427.071
27.14	457.924	-30.9201	427.004
27.16	458.093	-31.0682	427.025
27.18	459.73	-32.6699	427.06
27.2	466.231	-39.1712	427.059
27.22	462.405	-35.3362	427.069
27.24	456.872	-29.8119	427.06
27.26	454.795	-27.739	427.056
27.28	465.702	-38.6785	427.023
27.3	457.939	-30.8866	427.053
27.32	441.78	-14.7061	427.074
27.34	456.725	-29.6755	427.049
27.36	470.711	-43.6636	427.047
27.38	475.091	-48.0466	427.044
27.4	467.477	-40.448	427.029
27.42	453.135	-26.0768	427.058
27.44	460.695	-33.6748	427.02
27.46	464.256	-37.2349	427.021
27.48	465.713	-38.6916	427.021
27.5	463.738	-36.7257	427.012
27.52	459.94	-32.8969	427.043
27.54	456.879	-29.8291	427.05
27.56	462.675	-35.6291	427.045
27.58	460.995	-33.9231	427.072
27.6	457.338	-30.2219	427.116
27.62	462.815	-35.6958	427.119
27.64	459.931	-32.7813	427.149
27.66	470.884	-43.7434	427.14
27.68	461.518	-34.3875	427.13
27.7	458.291	-31.1658	427.125
27.72	453.278	-26.1141	427.164
27.74	446.274	-19.1165	427.158
27.76	444.882	-17.7419	427.141
27.78	443.801	-16.6319	427.169
27.8	459.607	-32.4685	427.138
27.82	468.346	-41.1998	427.146
27.84	471.858	-44.7145	427.143
27.86	465.366	-38.2492	427.116
27.88	432.56	-5.4229	427.138
27.9	447.049	-19.9471	427.102
27.92	454.269	-27.1242	427.145
27.94	457.753	-30.6355	427.117
27.96	428.573	-1.33385	427.239
27.98	442.416	-15.275	427.141
28	457.139	-29.9992	427.14
28.02	453.867	-26.7336	427.133
28.04	447.765	-20.6096	427.156
28.06	459.599	-32.4817	427.117
28.08	460.592	-33.447	427.145
28.1	458.646	-31.482	427.164
28.12	452.081	-24.9083	427.173
28.14	446.235	-19.0559	427.179
28.16	455.45	-28.3374	427.113
28.18	447.608	-20.4421	427.166
28.2	457.837	-30.7346	427.103
28.22	448.379	-21.2545	427.125
28.24	452.836	-25.7212	427.115
28.26	458.937	-31.7833	427.154
28.28	461.784	-34.6398	427.145
28.3	465.138	-38.0021	427.136
28.32	465.973	-38.8432	427.13
28.34	463.467	-36.3511	427.116
28.36	466.916	-39.8088	427.107
28.38	460.087	-32.9904	427.097
28.4	433.777	-6.61409	427.163
28.42	451.56	-24.5225	427.037
28.44	430.999	-3.83845	427.16
28.46	455.868	-28.8235	427.044
28.48	456.887	-29.767	427.12
28.5	456.052	-28.9464	427.106
28.52	458.054	-30.9647	427.089
28.54	449.475	-22.3923	427.083
28.56	436.764	-9.72517	427.039
28.58	433.633	-6.56584	427.067
28.6	453.11	-26.0789	427.031
28.62	458.259	-31.1958	427.063
28.64	465.673	-38.6125	427.061
28.66	472.497	-45.4273	427.07
28.68	469.725	-42.6794	427.046
28.7	465.189	-38.1234	427.066
28.72	465.67	-38.6178	427.052
28.74	466.404	-39.3556	427.048
28.76	462.238	-35.1824	427.056
28.78	457.615	-30.545	427.07
28.8	448.357	-21.2456	427.111
28.82	449.037	-21.9241	427.113
28.84	461.874	-34.7686	427.105
28.86	448.217	-21.1148	427.102
28.88	454.757	-27.6564	427.101
28.9	473.38	-46.2726	427.107
28.92	469.071	-41.9608	427.111
28.94	458.114	-31.0068	427.107
28.96	450.701	-23.5914	427.109
28.98	455.701	-28.5984	427.102
29	463.344	-36.2241	427.12
29.02	470.528	-43.4051	427.123
29.04	470.3	-43.2366	427.063
29.06	453.306	-26.2293	427.077
29.08	443.094	-16.0284	427.066
29.1	446.224	-19.1535	427.07
29.12	451.253	-24.1597	427.093
29.14	456.013	-28.9462	427.067
29.16	444.961	-17.8047	427.156
29.18	457.979	-30.8925	427.087
29.2	469.557	-42.4642	427.093
29.22	470.728	-43.6329	427.095
29.24	468.02	-40.9064	427.113
29.26	471.938	-44.8451	427.092
29.28	463.378	-36.2725	427.105
29.3	443.216	-16.1068	427.11
29.32	428.165	-1.05637	427.108
29.34	441.942	-14.8044	427.137
29.36	461.058	-33.9138	427.144
29.38	466.775	-39.6362	427.139
29.4	463.072	-35.9512	427.121
29.42	456.529	-29.4019	427.127
29.44	457.91	-30.7854	427.124
29.46	467.514	-40.3994	427.115
29.48	464.848	-37.7305	427.117
29.5	458.173	-31.107	427.066
29.52	459.975	-32.9241	427.051
29.54	463.558	-36.4981	427.06
29.56	459.22	-32.1111	427.109
29.58	451.262	-24.1627	427.099
29.6	448.1	-20.9757	427.125
29.62	465.987	-38.9	427.087
29.64	467.688	-40.5551	427.133
29.66	467.194	-40.0416	427.152
29.68	463.251	-36.1011	427.15
29.7	462.429	-35.2559	427.173
29.72	471.785	-44.6169	427.168
29.74	467.118	-39.9635	427.155
29.76	461.245	-34.0798	427.165
29.78	469.857	-42.7172	427.139
29.8	472.897	-45.7615	427.136
29.82	463.945	-36.8083	427.137
29.84	460.263	-33.1193	427.144
29.86	466.496	-39.3601	427.136
29.88	457.959	-30.7978	427.161
29.9	448.364	-21.1958	427.168
29.92	450.151	-22.9925	427.159
29.94	449.625	-22.4847	427.14
29.96	440.489	-13.2847	427.204
29.98	463.993	-36.8587	427.134
30	465.713	-38.562	427.151
30.02	458.689	-31.5448	427.144
30.04	439.487	-12.2985	427.189
30.06	450.039	-22.8818	427.157
30.08	465.71	-38.5447	427.165
30.1	472.2	-45.0044	427.196
30.12	468.289	-41.1115	427.178
30.14	441.747	-14.582	427.165
30.16	443.437	-16.2979	427.139
30.18	466.225	-39.0823	427.142
30.2	472.285	-45.1377	427.148
30.22	457.986	-30.8464	427.139
30.24	433.766	-6.57725	427.189
30.26	446.881	-19.7623	427.119
30.28	453.867	-26.7935	427.073
30.3	434.256	-7.09824	427.158
30.32	459.362	-32.2277	427.134
30.34	467.163	-40.0528	427.11
30.36	458.407	-31.309	427.098
30.38	452.577	-25.4976	427.08
30.4	441.768	-14.6755	427.093
30.42	446.079	-19.0234	427.055
30.44	448.687	-21.6321	427.055
30.46	438.307	-11.2165	427.091
30.48	453.086	-26.0428	427.043
30.5	454.138	-27.0898	427.049
30.52	444.571	-17.4939	427.077
30.54	458.722	-31.636	427.086
30.56	470.794	-43.6901	427.103
30.58	465.111	-38.0018	427.109
30.6	441.436	-14.3008	427.135
30.62	428.771	-1.629	427.142
30.64	439.625	-12.5407	427.084
30.66	430.99	-3.84199	427.148
30.68	449.818	-22.692	427.126
30.7	465.304	-38.1535	427.151
30.72	460.053	-32.8887	427.164
30.74	450.161	-23.0013	427.16
30.76	459.02	-31.8909	427.129
30.78	459.004	-31.8881	427.116
30.8	445.593	-18.4456	427.147
30.82	443.098	-15.906	427.192
30.84	456.507	-29.3485	427.158
30.86	454.396	-27.1951	427.201
30.88	464.541	-37.3931	427.148
30.9	466.574	-39.4222	427.152
30.92	458.967	-31.8025	427.164
30.94	456.294	-29.1094	427.185
30.96	462.559	-35.3963	427.162
30.98	454.22	-27.0582	427.161
31	444.032	-16.8736	427.158
31.02	455.812	-28.6533	427.159
31.04	456.272	-29.0848	427.187
31.06	456.203	-29.0146	427.188
31.08	462.52	-35.3475	427.172
31.1	462.775	-35.5933	427.182
31.12	456.332	-29.1542	427.178
31.14	453.726	-26.5509	427.175
31.16	453.223	-26.0538	427.169
31.18	453.964	-26.7882	427.176
31.2	463.596	-36.437	427.159
31.22	466.403	-39.2432	427.16
31.24	465.721	-38.5808	427.14
31.26	464.915	-37.7763	427.138
31.28	455.737	-28.6229	427.114
31.3	450.012	-22.8851	427.127
31.32	462.88	-35.7809	427.099
31.34	464.89	-37.7774	427.112
31.36	456.824	-29.7007	427.124
31.38	459.314	-32.2286	427.085
31.4	468.327	-41.2681	427.059
31.42	461.266	-34.1731	427.093
31.44	462.629	-35.548	427.081
31.46	465.398	-38.3336	427.065
31.48	462.66	-35.5851	427.074
31.5	465.671	-38.6047	427.066
31.52	468.069	-41.0135	427.055
31.54	465.465	-38.4472	427.018
31.56	457.513	-30.4819	427.031
31.58	457.036	-30.0478	426.988
31.6	454.73	-27.7701	426.959
31.62	461.363	-34.4215	426.942
31.64	466.819	-39.8845	426.935
31.66	469.672	-42.7161	426.956
31.68	473.645	-46.709	426.936
31.7	472.23	-45.3247	426.905
31.72	453.284	-26.298	426.986
31.74	469.134	-42.2345	426.9
31.76	462.4	-35.4499	426.95
31.78	468.745	-41.8008	426.944
31.8	468.714	-41.7357	426.978
31.82	464.354	-37.3898	426.965
31.84	460.274	-33.3135	426.961
31.86	452.557	-25.5462	427.011
31.88	468.893	-41.9353	426.958
31.9	460.59	-33.5902	427
31.92	463.792	-36.8232	426.969
31.94	463.478	-36.4992	426.979
31.96	462.471	-35.4894	426.981
31.98	466.973	-39.982	426.991
32	474.514	-47.4857	427.028
32.02	478.647	-51.6004	427.047
32.04	468.434	-41.3878	427.046
32.06	460.214	-33.1921	427.022
32.08	471.343	-44.3311	427.012
32.1	475.573	-48.5565	427.017
32.12	462.555	-35.5078	427.048
32.14	462.491	-35.4699	427.021
32.16	460.895	-33.8495	427.046
32.18	457.929	-30.9095	427.019
32.2	450.204	-23.1307	427.074
32.22	467.263	-40.2383	427.025
32.24	473.506	-46.4401	427.066
32.26	471.835	-44.7462	427.089
32.28	471.04	-43.9234	427.117
32.3	471.612	-44.48	427.132
32.32	471.699	-44.5732	427.126
32.34	469.795	-42.6843	427.11
32.36	462.281	-35.1471	427.134
32.38	450.796	-23.6327	427.164
32.4	458.127	-31.0216	427.105
32.42	463.351	-36.2417	427.109
32.44	452.08	-24.9606	427.119
32.46	461.713	-34.643	427.07
32.48	459.361	-32.224	427.137
32.5	463.215	-36.084	427.131
32.52	468.965	-41.7977	427.167
32.54	458.364	-31.2154	427.149
32.56	449.833	-22.6511	427.182
32.58	462.817	-35.6607	427.156
32.6	463.76	-36.6101	427.15
32.62	464.744	-37.6253	427.118
32.64	468.703	-41.5674	427.135
32.66	470.591	-43.449	427.142
32.68	471.257	-44.1147	427.142
32.7	470.766	-43.6056	427.161
32.72	470.793	-43.6343	427.158
32.74	469.638	-42.4853	427.153
32.76	467.801	-40.6496	427.152
32.78	462.922	-35.7799	427.143
32.8	447.047	-19.842	427.205
32.82	454.451	-27.2846	427.166
32.84	442.137	-14.9599	427.177
32.86	438.286	-11.0809	427.205
32.88	454.739	-27.5317	427.207
32.9	464.751	-37.5327	427.219
32.92	464.253	-37.0495	427.203
32.94	461.844	-34.6251	427.219
32.96	457.721	-30.5337	427.187
32.98	450.943	-23.7741	427.169
33	447.888	-20.7073	427.181
33.02	456.93	-29.7509	427.18
33.04	467.239	-40.0516	427.188
33.06	466.799	-39.5821	427.217
33.08	463.185	-35.9663	427.219
33.1	460.99	-33.7674	427.222
33.12	464.022	-36.8292	427.193
33.14	464.018	-36.8195	427.198
33.16	459.674	-32.489	427.185
33.18	458.195	-31.0297	427.165
33.2	446.055	-18.8254	427.23
33.22	460.884	-33.7315	427.152
33.24	462.156	-34.9974	427.158
33.26	457.438	-30.2752	427.163
33.28	450.773	-23.6148	427.159
33.3	446.583	-19.406	427.177
33.32	459.307	-32.1432	427.164
33.34	463.11	-35.912	427.198
33.36	463.061	-35.8752	427.186
33.38	444.958	-17.7624	427.196
33.4	442.906	-15.7619	427.144
33.42	453.181	-26.0308	427.15
33.44	464.582	-37.4324	427.149
33.46	467.084	-39.9416	427.142
33.48	467.871	-40.7293	427.142
33.5	466.942	-39.7938	427.148
33.52	465.711	-38.5447	427.166
33.54	466.025	-38.8371	427.188
33.56	461.478	-34.2891	427.189
33.58	453.307	-26.1125	427.194
33.6	454.83	-27.6659	427.164
33.62	448.206	-21.0415	427.164
33.64	449.519	-22.386	427.133
33.66	450.517	-23.3666	427.15
33.68	445.079	-18.0516	427.028
33.7	446.011	-18.9435	427.067
33.72	461.708	-34.5969	427.111
33.74	440.6	-13.4191	427.181
33.76	440.534	-13.3294	427.205
33.78	464.618	-37.474	427.144
33.8	466.284	-39.1408	427.143
33.82	460.807	-33.6718	427.135
33.84	449.638	-22.4704	427.167
33.86	449.165	-21.9922	427.173
33.88	451.486	-24.361	427.125
33.9	436.454	-9.23816	427.216
33.92	464.441	-37.2957	427.146
33.94	462.951	-35.7579	427.193
33.96	468.532	-41.3772	427.155
33.98	469.428	-42.2774	427.151
34	464.14	-37.0109	427.129
34.02	430.57	-3.40784	427.162
34.04	447.403	-20.2967	427.106
34.06	466.383	-39.2801	427.103
34.08	461.954	-34.9021	427.052
34.1	450.79	-23.6724	427.117
34.12	464.082	-36.9932	427.088
34.14	463.509	-36.3768	427.132
34.16	460.737	-33.6144	427.122
34.18	457.683	-30.5609	427.122
34.2	446.101	-18.9542	427.146
34.22	444.97	-17.8234	427.146
34.24	452.519	-25.4236	427.095
34.26	443.416	-16.3081	427.108
34.28	446.078	-18.9721	427.106
34.3	452.526	-25.4305	427.095
34.32	448.479	-21.3615	427.118
34.34	461.197	-34.1469	427.05
34.36	458.157	-31.0808	427.076
34.38	459.146	-32.0729	427.073
34.4	465.174	-38.075	427.099
34.42	467.065	-39.9774	427.088
34.44	468.017	-40.9552	427.062
34.46	459.994	-32.941	427.053
34.48	438.157	-11.0864	427.071
34.5	442.447	-15.4017	427.045
34.52	454.303	-27.225	427.078
34.54	468.816	-41.7779	427.038
34.56	469.795	-42.7266	427.069
34.58	466.809	-39.7019	427.107
34.6	465.941	-38.8693	427.072
34.62	444.54	-17.4733	427.067
34.64	428.709	-1.62463	427.085
34.66	451.429	-24.3496	427.079
34.68	465.416	-38.3415	427.075
34.7	467.366	-40.2858	427.081
34.72	453.695	-26.6496	427.045
34.74	449.694	-22.6158	427.078
34.76	467.405	-40.328	427.077
34.78	472.915	-45.8314	427.084
34.8	471.487	-44.4047	427.082
34.82	459.67	-32.5657	427.104
34.84	453.794	-26.7225	427.071
34.86	445.926	-18.8298	427.096
34.88	458.391	-31.3252	427.066
34.9	457.241	-30.1587	427.082
34.92	440.27	-13.1794	427.091
34.94	440.127	-13.0157	427.111
34.96	464.317	-37.226	427.091
34.98	469.537	-42.3883	427.149
35	476.952	-49.7996	427.153
35.02	478.501	-51.3678	427.133
35.04	464.221	-37.1141	427.107
35.06	441.402	-14.2723	427.13
35.08	441.252	-14.1674	427.085
35.1	446.402	-19.3128	427.09
35.12	455.014	-27.9258	427.089
35.14	453.682	-26.5789	427.103
35.16	462.502	-35.4137	427.089
35.18	456.267	-29.1317	427.135
35.2	461.777	-34.6219	427.155
35.22	471.726	-44.5759	427.15
35.24	473.058	-45.8894	427.168
35.26	470.937	-43.7643	427.173
35.28	465.104	-37.9458	427.158
35.3	441.164	-14.046	427.118
35.32	414.266	12.9175	427.183
35.34	458.174	-31.0516	427.122
35.36	468.552	-41.3947	427.157
35.38	457.505	-30.3389	427.166
35.4	465.665	-38.5104	427.155
35.42	472.273	-45.1099	427.163
35.44	467.23	-40.0742	427.156
35.46	462.428	-35.2551	427.173
35.48	468.607	-41.4869	427.12
35.5	469.739	-42.6337	427.105
35.52	464.688	-37.583	427.105
35.54	457.175	-30.0783	427.096
35.56	450.29	-23.1689	427.121
35.58	453.696	-26.5778	427.118
35.6	460.05	-32.9003	427.15
35.62	471.157	-44.0292	427.128
35.64	453.44	-26.2802	427.159
35.66	444.693	-17.5021	427.191
35.68	462.663	-35.509	427.154
35.7	475.469	-48.3104	427.158
35.72	471.833	-44.698	427.135
35.74	453.718	-26.5434	427.174
35.76	461.733	-34.6341	427.099
35.78	454.332	-27.2165	427.115
35.8	454.375	-27.2518	427.123
35.82	455.787	-28.6923	427.095
35.84	447.481	-20.3587	427.123
35.86	455.567	-28.4979	427.069
35.88	458.424	-31.3555	427.068
35.9	465.441	-38.3833	427.058
35.92	473.599	-46.5284	427.07
35.94	473.369	-46.311	427.058
35.96	468.411	-41.3648	427.046
35.98	465.023	-37.9885	427.034
36	462.843	-35.8112	427.032
36.02	462.077	-35.0268	427.05
36.04	468.727	-41.7195	427.007
36.06	471.824	-44.8052	427.019
36.08	470.736	-43.7066	427.029
36.1	470.275	-43.2728	427.002
36.12	463.442	-36.4335	427.008
36.14	455.731	-28.7438	426.987
36.16	449.984	-22.9663	427.018
36.18	461.691	-34.718	426.973
36.2	470.895	-43.8972	426.998
36.22	477.313	-50.3249	426.988
36.24	475.274	-48.3298	426.944
36.26	467.957	-40.9935	426.963
36.28	449.881	-22.8954	426.986
36.3	449.343	-22.3656	426.978
36.32	469.313	-42.328	426.985
36.34	468.711	-41.7507	426.96
36.36	463.539	-36.5713	426.967
36.38	458.284	-31.2495	427.035
36.4	464.283	-37.2441	427.038
36.42	474.137	-47.125	427.012
36.44	477.957	-50.9248	427.032
36.46	475.717	-48.7176	426.999
36.48	466.776	-39.7729	427.003
36.5	471.509	-44.538	426.971
36.52	463.454	-36.485	426.969
36.54	452.765	-25.7909	426.974
36.56	456.309	-29.3136	426.995
36.58	463.299	-36.307	426.992
36.6	466.338	-39.3325	427.005
36.62	456.551	-29.5364	427.015
36.64	439.278	-12.2151	427.063
36.66	461.813	-34.796	427.017
36.68	470.028	-42.9771	427.051
36.7	469.516	-42.4667	427.049
36.72	463.178	-36.1326	427.045
36.74	456.806	-29.7803	427.025
36.76	446.618	-19.579	427.039
36.78	456.779	-29.7875	426.991
36.8	458.133	-31.1042	427.029
36.82	466.973	-39.9882	426.985
36.84	467.397	-40.4109	426.986
36.86	460.579	-33.5894	426.99
36.88	459.985	-32.9771	427.008
36.9	465.941	-38.9349	427.006
36.92	469.057	-42.0339	427.023
36.94	465.229	-38.2162	427.013
36.96	449.258	-22.2464	427.012
36.98	437.291	-10.3345	426.957
37	408.377	18.745	427.122
37.02	456.354	-29.316	427.038
37.04	443.069	-15.9322	427.137
37.06	464.425	-37.3643	427.061
37.08	471.45	-44.343	427.107
37.1	466.93	-39.8183	427.112
37.12	455.148	-28.004	427.144
37.14	461.617	-34.5426	427.075
37.16	465.055	-37.9836	427.071
37.18	451.802	-24.7128	427.089
37.2	459.959	-32.8851	427.074
37.22	468.465	-41.4158	427.05
37.24	467.629	-40.5741	427.055
37.26	466.457	-39.425	427.032
37.28	455.643	-28.5973	427.046
37.3	451.857	-24.8159	427.041
37.32	461.109	-34.0746	427.035
37.34	461.97	-34.9088	427.061
37.36	465.882	-38.8433	427.039
37.38	450.291	-23.2302	427.06
37.4	443.885	-16.8018	427.083
37.42	462.987	-35.8943	427.093
37.44	466.011	-38.9142	427.097
37.46	465.338	-38.2242	427.113
37.48	453.791	-26.6902	427.101
37.5	446.919	-19.7717	427.147
37.52	461.331	-34.2191	427.112
37.54	456.863	-29.7639	427.099
37.56	458.291	-31.198	427.093
37.58	462.287	-35.1858	427.101
37.6	463.286	-36.1975	427.088
37.62	465.424	-38.3364	427.087
37.64	466.984	-39.8984	427.086
37.66	464.698	-37.6001	427.098
37.68	457.458	-30.351	427.107
37.7	457.234	-30.1258	427.108
37.72	459.359	-32.2432	427.116
37.74	452.116	-24.9692	427.147
37.76	462.417	-35.29	427.127
37.78	468.689	-41.5377	427.151
37.8	465.345	-38.2223	427.122
37.82	459.709	-32.5961	427.113
37.84	456.267	-29.1435	427.123
37.86	455.775	-28.6445	427.131
37.88	455.207	-28.0569	427.15
37.9	457.145	-29.9952	427.15
37.92	467.294	-40.1543	427.139
37.94	464.803	-37.6593	427.143
37.96	461.624	-34.5096	427.114
37.98	458.043	-30.9393	427.103
38	453.266	-26.1599	427.106
38.02	448.702	-21.6059	427.096
38.04	442.775	-15.6902	427.084
38.06	448.159	-21.0916	427.067
38.08	456.84	-29.7499	427.09
38.1	454.683	-27.578	427.105
38.12	456.595	-29.5024	427.093
38.14	458.512	-31.4151	427.097
38.16	467.54	-40.4615	427.078
38.18	468.421	-41.3503	427.071
38.2	461.787	-34.7022	427.085
38.22	454.439	-27.3377	427.101
38.24	461.41	-34.3174	427.093
38.26	462.696	-35.5512	427.145
38.28	456.163	-29.0325	427.131
38.3	449.823	-22.6787	427.145
38.32	466.385	-39.2706	427.114
38.34	472.927	-45.8254	427.102
38.36	469.249	-42.1774	427.071
38.38	460.187	-33.0961	427.091
38.4	453.16	-26.0596	427.101
38.42	450.984	-23.8898	427.095
38.44	437.741	-10.6265	427.114
38.46	446.504	-19.3916	427.112
38.48	468.454	-41.3674	427.087
38.5	473.486	-46.3753	427.111
38.52	467.595	-40.4835	427.112
38.54	461.141	-34.0474	427.094
38.56	453.02	-25.9034	427.117
38.58	456.291	-29.1914	427.1
38.6	455.169	-28.0563	427.112
38.62	451.528	-24.4243	427.104
38.64	451.172	-24.0621	427.11
38.66	452.185	-25.1005	427.084
38.68	447.489	-20.3832	427.105
38.7	452.562	-25.4447	427.118
38.72	463.535	-36.4265	427.109
38.74	459.173	-32.1014	427.071
38.76	457.071	-29.9918	427.079
38.78	461.673	-34.5688	427.104
38.8	457.448	-30.3744	427.073
38.82	435.59	-8.49566	427.094
38.84	413.246	13.894	427.14
38.86	428.927	-1.84603	427.081
38.88	447.758	-20.6615	427.096
38.9	463.443	-36.3321	427.111
38.92	467.669	-40.5394	427.13
38.94	455.752	-28.623	427.129
38.96	458.476	-31.338	427.138
38.98	459.538	-32.3922	427.146
39	444.151	-16.9751	427.175
39.02	453.103	-25.974	427.129
39.04	461.108	-33.9781	427.13
39.06	460.754	-33.6531	427.101
39.08	451.521	-24.4424	427.078
39.1	436.73	-9.56553	427.164
39.12	466.177	-39.1131	427.064
39.14	467.483	-40.3859	427.097
39.16	464.474	-37.384	427.09
39.18	457.034	-29.9508	427.083
39.2	446.035	-18.9439	427.092
39.22	447.327	-20.2007	427.127
39.24	453.64	-26.544	427.096
39.26	453.755	-26.6211	427.134
39.28	460.889	-33.7542	427.135
39.3	462.648	-35.4939	427.154
39.32	454.25	-27.0923	427.158
39.34	453.388	-26.2407	427.147
39.36	464.641	-37.5057	427.136
39.38	461.691	-34.5331	427.158
39.4	461.057	-33.8748	427.182
39.42	459.236	-32.0345	427.201
39.44	450.022	-22.8129	427.21
39.46	458.421	-31.2193	427.202
39.48	462.68	-35.5056	427.174
39.5	454.568	-27.4063	427.162
39.52	436.552	-9.39331	427.159
39.54	428.756	-1.54007	427.216
39.56	453.237	-26.0544	427.182
39.58	462.667	-35.514	427.153
39.6	451.04	-23.8982	427.142
39.62	446.183	-19.0413	427.142
39.64	460.903	-33.8028	427.1
39.66	465.962	-38.8813	427.08
39.68	455.721	-28.6107	427.11
39.7	453.712	-26.602	427.11
39.72	452.631	-25.526	427.105
39.74	442.579	-15.5092	427.07
39.76	437.856	-10.8134	427.043
39.78	443.249	-16.1622	427.087
39.8	465.374	-38.2811	427.093
39.82	470.54	-43.4557	427.084
39.84	464.062	-36.963	427.099
39.86	457.037	-29.9394	427.097
39.88	459.795	-32.7428	427.052
39.9	449.614	-22.549	427.065
39.92	432.242	-5.13007	427.112
39.94	449.191	-22.1428	427.048
39.96	460.476	-33.3888	427.088
39.98	467.059	-39.9778	427.082
40	448.732	-21.5694	427.163
40.02	463.196	-36.0867	427.11
40.04	461.049	-33.9283	427.12
40.06	452.135	-25.0149	427.121
40.08	452.19	-25.0228	427.167
40.1	465.744	-38.5872	427.157
40.12	465.703	-38.5227	427.18
40.14	465.859	-38.6767	427.182
40.16	459.435	-32.2196	427.215
40.18	464.726	-37.5151	427.211
40.2	468.861	-41.6653	427.195
40.22	466.61	-39.4643	427.146
40.24	444.345	-17.1937	427.151
40.26	453.007	-25.906	427.101
40.28	461.908	-34.7902	427.118
40.3	453.106	-25.9666	427.14
40.32	452.6	-25.4187	427.182
40.34	454.814	-27.6615	427.152
40.36	443.163	-16.0125	427.151
40.38	451.665	-24.5304	427.134
40.4	465.194	-38.0584	427.136
40.42	467.093	-39.9529	427.14
40.44	458.271	-31.1311	427.139
40.46	464.491	-37.3532	427.137
40.48	463.835	-36.6661	427.169
40.5	456.566	-29.4056	427.16
40.52	457.553	-30.3893	427.164
40.54	458.674	-31.524	427.15
40.56	452.163	-24.9989	427.164
40.58	445.649	-18.499	427.15
40.6	457.585	-30.4484	427.136
40.62	463.876	-36.7104	427.166
40.64	465.971	-38.7963	427.174
40.66	465.088	-37.9182	427.169
40.68	458.533	-31.3679	427.165
40.7	459.039	-31.8619	427.177
40.72	471.192	-44.0339	427.158
40.74	469.268	-42.1379	427.13
40.76	456.191	-29.0126	427.179
40.78	469.117	-41.9878	427.129
40.8	446.327	-19.1664	427.161
40.82	445.313	-18.1724	427.141
40.84	460.835	-33.7092	427.125
40.86	463.661	-36.5059	427.155
40.88	456.508	-29.3616	427.146
40.9	445.048	-17.8751	427.173
40.92	460.778	-33.6294	427.148
40.94	458.051	-30.8963	427.155
40.96	447.203	-20.0451	427.158
40.98	458.254	-31.0999	427.154
41	468.201	-41.0899	427.111
41.02	449.485	-22.3587	427.126
41.04	448.356	-21.2632	427.093
41.06	445.261	-18.1012	427.159
41.08	454.887	-27.7179	427.169
41.1	457.134	-29.9986	427.135
41.12	447.353	-20.1981	427.155
41.14	459.27	-32.1677	427.102
41.16	460.4	-33.2618	427.138
41.18	461.263	-34.1231	427.14
41.2	465.8	-38.6817	427.118
41.22	465.976	-38.8859	427.09
41.24	449.92	-22.8095	427.11
41.26	428.166	-0.99517	427.171
41.28	449.255	-22.1645	427.091
41.3	463.837	-36.72	427.117
41.32	469.474	-42.3357	427.138
41.34	469.136	-42.023	427.113
41.36	457.928	-30.7979	427.13
41.38	447.655	-20.5055	427.149
41.4	462.879	-35.7604	427.119
41.42	468.866	-41.7346	427.131
41.44	465.902	-38.788	427.114
41.46	456.597	-29.458	427.139
41.48	455.141	-27.9469	427.194
41.5	461.956	-34.7466	427.209
41.52	461.425	-34.2298	427.195
41.54	460.28	-33.079	427.201
41.56	462.094	-34.8633	427.231
41.58	467.789	-40.5575	427.231
41.6	469.02	-41.792	427.228
41.62	455.782	-28.5314	427.251
41.64	455.108	-27.9224	427.186
41.66	465.15	-38.0053	427.144
41.68	463.998	-36.853	427.145
41.7	455.343	-28.1888	427.154
41.72	450.139	-23.031	427.108
41.74	455.171	-28.0805	427.091
41.76	454.571	-27.4793	427.091
41.78	455.206	-28.1022	427.104
41.8	466.024	-38.9602	427.064
41.82	467.581	-40.5218	427.059
41.84	467.895	-40.8497	427.046
41.86	468.976	-41.9363	427.04
41.88	472.067	-45.0242	427.043
41.9	467.722	-40.6928	427.029
41.92	456.061	-29.0219	427.039
41.94	459.501	-32.4658	427.035
41.96	466.871	-39.8456	427.026
41.98	459.12	-32.098	427.022
42	449.806	-22.7682	427.038
42.02	455.71	-28.6656	427.045
42.04	463.079	-36.0096	427.07
42.06	464.913	-37.8403	427.072
42.08	463.279	-36.1925	427.087
42.1	467.217	-40.0988	427.118
42.12	469.951	-42.8514	427.1
42.14	467.905	-40.8146	427.09
42.16	461.873	-34.7992	427.074
42.18	454.758	-27.6498	427.109
42.2	466.022	-38.9678	427.054
42.22	464.366	-37.3225	427.044
42.24	439.889	-12.852	427.037
42.26	441.007	-13.9951	427.012
42.28	457.303	-30.2634	427.039
42.3	461.261	-34.2475	427.013
42.32	459.973	-32.9709	427.002
42.34	463.007	-35.9755	427.031
42.36	468.149	-41.1288	427.02
42.38	470.259	-43.2384	427.021
42.4	469.878	-42.892	426.986
42.42	467.378	-40.3991	426.979
42.44	461.856	-34.8796	426.977
42.46	457.394	-30.441	426.953
42.48	446.459	-19.5038	426.955
42.5	430.517	-3.55767	426.96
42.52	445.557	-18.5981	426.959
42.54	468.342	-41.397	426.945
42.56	466.336	-39.3346	427.002
42.58	463.471	-36.4677	427.003
42.6	465.683	-38.6747	427.008
42.62	469.023	-42.0512	426.972
42.64	448.929	-21.9385	426.991
42.66	452.288	-25.3179	426.97
42.68	459.511	-32.5214	426.99
42.7	457.955	-30.9756	426.98
42.72	444.434	-17.477	426.957
42.74	439.713	-12.7111	427.002
42.76	463.369	-36.3628	427.006
42.78	465.338	-38.3197	427.018
42.8	465.131	-38.0924	427.039
42.82	465.032	-37.9989	427.033
42.84	466.465	-39.4502	427.015
42.86	465.219	-38.2068	427.012
42.88	453.339	-26.3276	427.012
42.9	461.243	-34.2476	426.996
42.92	464.537	-37.5591	426.978
42.94	464.124	-37.1178	427.006
42.96	455.913	-28.9252	426.987
42.98	452.64	-25.6284	427.012
43	465.683	-38.636	427.047
43.02	459.45	-32.382	427.068
43.04	458.827	-31.759	427.068
43.06	467.519	-40.4468	427.072
43.08	462.4	-35.3231	427.077
43.1	450.109	-23.028	427.081
43.12	435.324	-8.15517	427.169
43.14	466.018	-38.9347	427.083
43.16	466.824	-39.7214	427.103
43.18	458.412	-31.2813	427.131
43.2	439.504	-12.3546	427.149
43.22	440.812	-13.6541	427.158
43.24	464.312	-37.1428	427.169
43.26	466.421	-39.2294	427.192
43.28	465.467	-38.3055	427.161
43.3	463.327	-36.1822	427.145
43.32	457.694	-30.5306	427.164
43.34	468.137	-41.0061	427.131
43.36	466.33	-39.2232	427.107
43.38	450.987	-23.8357	427.151
43.4	454.218	-27.1021	427.116
43.42	446.613	-19.4899	427.123
43.44	459.489	-32.4496	427.039
43.46	457.097	-30.0233	427.074
43.48	450.426	-23.3657	427.06
43.5	452.747	-25.6973	427.05
43.52	453.187	-26.1203	427.066
43.54	444.456	-17.4209	427.035
43.56	441.224	-14.1777	427.046
43.58	437.532	-10.4817	427.05
43.6	456.019	-29.0201	426.998
43.62	443.486	-16.3777	427.108
43.64	464.795	-37.7606	427.034
43.66	467.44	-40.3591	427.08
43.68	464.917	-37.8191	427.097
43.7	450.583	-23.4467	427.136
43.72	451.652	-24.5291	427.123
43.74	462.346	-35.2342	427.112
43.76	454.583	-27.4785	427.105
43.78	435.666	-8.55781	427.108
43.8	445.696	-18.644	427.052
43.82	463.963	-36.9021	427.061
43.84	466.741	-39.662	427.079
43.86	463.203	-36.082	427.121
43.88	465.523	-38.411	427.112
43.9	460.516	-33.3967	427.119
43.92	457.467	-30.3368	427.13
43.94	462.845	-35.7459	427.099
43.96	453.207	-26.0915	427.116
43.98	448.127	-20.991	427.136
44	456.6	-29.466	427.134
44.02	460.115	-33.0112	427.104
44.04	452.658	-25.5056	427.152
44.06	457.728	-30.5901	427.138
44.08	464.644	-37.5204	427.124
44.1	466.482	-39.3737	427.108
44.12	462.743	-35.6512	427.092
44.14	460.692	-33.6146	427.077
44.16	455.544	-28.4527	427.092
44.18	459.76	-32.7189	427.041
44.2	460.174	-33.125	427.049
44.22	465.767	-38.6871	427.08
44.24	472.364	-45.2866	427.077
44.26	465.234	-38.14	427.094
44.28	455.737	-28.6314	427.105
44.3	459.405	-32.2741	427.131
44.32	469.313	-42.2337	427.079
44.34	471.617	-44.516	427.101
44.36	470.079	-42.9736	427.106
44.38	465.297	-38.1805	427.116
44.4	467.608	-40.4873	427.121
44.42	467.527	-40.4316	427.095
44.44	455.294	-28.1859	427.108
44.46	463.885	-36.8031	427.082
44.48	468.991	-41.9136	427.078
44.5	463.258	-36.1769	427.081
44.52	456.74	-29.6839	427.056
44.54	467.824	-40.7825	427.041
44.56	473.977	-46.9036	427.073
44.58	467.303	-40.2578	427.045
44.6	449.693	-22.6415	427.051
44.62	457.258	-30.2375	427.02
44.64	459.875	-32.8395	427.036
44.66	464.702	-37.6678	427.035
44.68	469.494	-42.4241	427.07
44.7	475.772	-48.6994	427.073
44.72	478.634	-51.567	427.067
44.74	475.353	-48.3126	427.041
44.76	463.419	-36.3547	427.065
44.78	456.96	-29.8991	427.061
44.8	460.831	-33.7562	427.074
44.82	456.755	-29.6907	427.064
44.84	456.188	-29.1283	427.06
44.86	462.997	-35.98	427.017
44.88	462.466	-35.4145	427.052
44.9	466.749	-39.69	427.059
44.92	472.416	-45.3685	427.048
44.94	473.34	-46.2814	427.058
44.96	468.205	-41.1496	427.056
44.98	463.123	-36.0823	427.041
45	462.002	-34.9501	427.052
45.02	455.734	-28.6852	427.048
45.04	455.971	-28.9121	427.059
45.06	467.02	-39.9639	427.056
45.08	474.932	-47.8681	427.064
45.1	479.423	-52.3811	427.042
45.12	479.223	-52.1819	427.041
45.14	467.061	-40.0379	427.023
45.16	457.15	-30.1255	427.024
45.18	466.105	-39.0956	427.009
45.2	465.075	-38.0872	426.988
45.22	445.502	-18.515	426.987
45.24	437.135	-10.1261	427.009
45.26	440.855	-13.8666	426.989
45.28	457.133	-30.1416	426.991
45.3	476.207	-49.1876	427.019
45.32	476.973	-49.9371	427.036
45.34	462.666	-35.6699	426.996
45.36	450.889	-23.8901	426.999
45.38	454.309	-27.3391	426.97
45.4	452.413	-25.4603	426.953
45.42	420.985	5.95551	426.941
45.44	438.002	-11.115	426.887
45.46	445.093	-18.1046	426.989
45.48	457.593	-30.6086	426.985
45.5	475.361	-48.37	426.991
45.52	476.011	-49.0488	426.962
45.54	458.638	-31.6622	426.976
45.56	450.436	-23.4717	426.964
45.58	445.563	-18.5755	426.988
45.6	465.508	-38.5457	426.962
45.62	470.339	-43.3532	426.986
45.64	464.716	-37.7539	426.962
45.66	456.828	-29.8822	426.946
45.68	444.978	-17.9925	426.986
45.7	456.785	-29.8236	426.961
45.72	459.5	-32.5142	426.986
45.74	466.009	-39.0211	426.988
45.76	467.347	-40.3553	426.992
45.78	461.96	-34.9749	426.986
45.8	457.598	-30.5971	427.001
45.82	462.359	-35.3658	426.993
45.84	460.466	-33.4745	426.991
45.86	460.34	-33.3069	427.033
45.88	465.789	-38.7385	427.051
45.9	462.394	-35.3356	427.059
45.92	465.952	-38.9242	427.027
45.94	469.263	-42.2162	427.047
45.96	467.143	-40.0878	427.055
45.98	470.764	-43.6939	427.07
46	469.117	-42.0446	427.072
46.02	462.646	-35.5616	427.084
46.04	458.574	-31.4774	427.097
46.06	466.973	-39.9103	427.062
46.08	459.911	-32.8389	427.072
46.1	458.516	-31.4259	427.09
46.12	465.197	-38.1272	427.07
46.14	458.9	-31.8476	427.052
46.16	452.369	-25.2734	427.095
46.18	454.953	-27.8651	427.088
46.2	460.246	-33.1563	427.089
46.22	467.367	-40.2807	427.086
46.24	465.47	-38.3802	427.09
46.26	465.293	-38.2158	427.077
46.28	465.147	-38.089	427.058
46.3	463.071	-35.9915	427.079
46.32	463.98	-36.896	427.084
46.34	466.751	-39.6685	427.083
46.36	469.651	-42.5644	427.086
46.38	468.979	-41.8938	427.085
46.4	457.776	-30.6879	427.088
46.42	447.03	-19.938	427.092
46.44	456.196	-29.0873	427.109
46.46	464.135	-37.0187	427.117
46.48	455.843	-28.7138	427.129
46.5	466.063	-38.9802	427.083
46.52	463.83	-36.7233	427.107
46.54	459.69	-32.602	427.088
46.56	450.723	-23.5923	427.131
46.58	458.34	-31.2412	427.099
46.6	451.651	-24.503	427.148
46.62	467.138	-40.0347	427.103
46.64	469.58	-42.4692	427.11
46.66	465.463	-38.3451	427.118
46.68	464.971	-37.8684	427.103
46.7	464.489	-37.3779	427.111
46.72	449.144	-22.0252	427.118
46.74	455.084	-28.016	427.068
46.76	448.67	-21.5671	427.103
46.78	442.792	-15.7836	427.009
46.8	426.549	0.529623	427.079
46.82	462.598	-35.5854	427.012
46.84	462.453	-35.4018	427.051
46.86	452.946	-25.878	427.069
46.88	455.512	-28.5069	427.005
46.9	457.027	-30.0007	427.026
46.92	446.641	-19.6039	427.037
46.94	451.419	-24.4029	427.016
46.96	465.628	-38.5939	427.034
46.98	466.682	-39.6241	427.058
47	469.071	-42.0203	427.051
47.02	471.271	-44.2185	427.052
47.04	465.908	-38.8705	427.038
47.06	459.96	-32.9242	427.036
47.08	466.829	-39.8	427.029
47.1	455.326	-28.3089	427.017
47.12	448.263	-21.2189	427.044
47.14	465.082	-38.0645	427.017
47.16	470.878	-43.8593	427.019
47.18	472.152	-45.1357	427.016
47.2	472.615	-45.6029	427.012
47.22	469.17	-42.1379	427.032
47.24	471.02	-43.9724	427.048
47.26	467.699	-40.6401	427.059
47.28	457.375	-30.2935	427.081
47.3	458.686	-31.6201	427.066
47.32	452.929	-25.8261	427.103
47.34	468.909	-41.8523	427.057
47.36	472.059	-45.0154	427.043
47.38	474.804	-47.7751	427.029
47.4	473.433	-46.3848	427.048
47.42	462.256	-35.2021	427.054
47.44	458.234	-31.2423	426.992
47.46	466.543	-39.5872	426.956
47.48	474.449	-47.4692	426.98
47.5	467.333	-40.3316	427.001
47.52	443.357	-16.3181	427.039
47.54	445.668	-18.6334	427.034
47.56	461.771	-34.773	426.998
47.58	466.506	-39.5088	426.998
47.6	469.22	-42.227	426.993
47.62	470.44	-43.4568	426.983
47.64	461.061	-34.0442	427.017
47.66	474.038	-47.0485	426.99
47.68	474.893	-47.8927	427.001
47.7	467.885	-40.8795	427.006
47.72	469.916	-42.9211	426.995
47.74	470.295	-43.2985	426.997
47.76	466.048	-39.0519	426.996
47.78	457.678	-30.6827	426.995
47.8	466.018	-39.0225	426.996
47.82	479.075	-52.0284	427.047
47.84	479.451	-52.4073	427.044
47.86	478.524	-51.4906	427.034
47.88	470.828	-43.8247	427.003
47.9	451.434	-24.3949	427.039
47.92	452.867	-25.8309	427.036
47.94	462.802	-35.7791	427.023
47.96	463.639	-36.6505	426.989
47.98	464.584	-37.6029	426.981
48	461.435	-34.4853	426.949
48.02	453.289	-26.2964	426.993
48.04	462.474	-35.5164	426.958
48.06	467.494	-40.521	426.973
48.08	459.923	-32.9344	426.989
48.1	461.337	-34.3655	426.971
48.12	473.847	-46.8797	426.968
48.14	476.152	-49.1956	426.957
48.16	465.397	-38.413	426.984
48.18	456.545	-29.5531	426.992
48.2	462.241	-35.2816	426.96
48.22	460.186	-33.2137	426.973
48.24	456.164	-29.1834	426.981
48.26	466.533	-39.5741	426.959
48.28	474.238	-47.2885	426.95
48.3	473.84	-46.9064	426.933
48.32	457.332	-30.3981	426.934
48.34	459.007	-32.1081	426.899
48.36	463.428	-36.4959	426.932
48.38	458.851	-31.9023	426.948
48.4	474.085	-47.1462	426.939
48.42	471.848	-44.9122	426.936
48.44	462.695	-35.7627	426.932
48.46	462.98	-36.0173	426.962
48.48	471.251	-44.2839	426.967
48.5	464.787	-37.7913	426.996
48.52	461.396	-34.4183	426.978
48.54	463.145	-36.1513	426.993
48.56	466.663	-39.6523	427.011
48.58	458.966	-31.9408	427.025
48.6	459.378	-32.3525	427.026
48.62	464.762	-37.7286	427.033
48.64	465.773	-38.7463	427.027
48.66	464.077	-37.0436	427.033
48.68	469.088	-42.0426	427.046
48.7	473.868	-46.8226	427.045
48.72	463.603	-36.5943	427.009
48.74	457.289	-30.2891	427
48.76	468.255	-41.2617	426.993
48.78	475.753	-48.7765	426.976
48.8	473.547	-46.587	426.96
48.82	473.411	-46.4476	426.963
48.84	474.554	-47.5971	426.957
48.86	463.855	-36.8544	427.001
48.88	461.263	-34.2633	427
48.9	465.815	-38.8194	426.996
48.92	468.791	-41.8128	426.978
48.94	470.394	-43.3901	427.004
48.96	479.755	-52.7421	427.012
48.98	472.051	-45.0087	427.042
49	451.963	-24.9393	427.023
49.02	437.825	-10.7741	427.051
49.04	452.926	-25.8794	427.046
49.06	463.055	-36.0043	427.051
49.08	467.106	-40.0732	427.033
49.1	471.609	-44.5787	427.031
49.12	470.588	-43.5361	427.052
49.14	472.602	-45.5579	427.044
49.16	467.041	-40.0208	427.021
49.18	446.133	-19.0926	427.04
49.2	447.199	-20.1299	427.069
49.22	458.055	-30.9673	427.088
49.24	459.71	-32.635	427.075
49.26	455.493	-28.3704	427.122
49.28	453.184	-26.0761	427.108
49.3	441.968	-14.86	427.108
49.32	457.552	-30.502	427.05
49.34	466.461	-39.3297	427.131
49.36	471.408	-44.2799	427.129
49.38	457.755	-30.6536	427.101
49.4	447.295	-20.1666	427.129
49.42	468.083	-40.9864	427.097
49.44	470.629	-43.5485	427.08
49.46	457.563	-30.4504	427.113
49.48	461.396	-34.3069	427.089
49.5	468.635	-41.5603	427.074
49.52	465.548	-38.4665	427.081
49.54	461.442	-34.3607	427.081
49.56	464.212	-37.1557	427.056
49.58	459.799	-32.6911	427.108
49.6	468.441	-41.3504	427.091
49.62	474.42	-47.337	427.083
49.64	473.314	-46.2554	427.058
49.66	464.251	-37.191	427.06
49.68	454.155	-27.0699	427.085
49.7	457.887	-30.8276	427.059
49.72	465.037	-37.9736	427.064
49.74	463.033	-35.9555	427.078
49.76	467.382	-40.2872	427.095
49.78	469.123	-42.0552	427.068
49.8	464.051	-37.011	427.04
49.82	461.012	-33.9992	427.013
49.84	457.298	-30.2437	427.054
49.86	470.068	-43.038	427.03
49.88	468.664	-41.6366	427.028
49.9	453.143	-26.0718	427.071
49.92	457.652	-30.5808	427.071
49.94	473.264	-46.2168	427.047
49.96	472.51	-45.437	427.073
49.98	460.427	-33.3634	427.064
50	472.21	-45.1761	427.034
50.02	477.363	-50.3136	427.049
50.04	469.375	-42.3042	427.071
50.06	456.433	-29.3848	427.048
50.08	449.941	-22.9332	427.008
50.1	457.068	-30.0818	426.987
50.12	452.247	-25.2428	427.004
50.14	471.331	-44.362	426.969
50.16	463.433	-36.4269	427.006
50.18	438.625	-11.6165	427.008
50.2	441.535	-14.5099	427.025
50.22	466.721	-39.7353	426.986
50.24	475.29	-48.2786	427.011
50.26	465.378	-38.3535	427.024
50.28	457.715	-30.6951	427.02
50.3	460.508	-33.483	427.025
50.32	466.51	-39.4749	427.035
50.34	463.271	-36.2481	427.023
50.36	455.901	-28.8056	427.096
50.38	470.322	-43.2279	427.094
50.4	470.409	-43.292	427.117
50.42	464.853	-37.7613	427.091
50.44	455.876	-28.7931	427.083
50.46	457.016	-29.9571	427.059
50.48	462.625	-35.5524	427.073
50.5	471.652	-44.583	427.069
50.52	470.828	-43.7417	427.086
50.54	467.123	-40.0276	427.095
50.56	458.631	-31.5851	427.046
50.58	432.125	-5.01276	427.112
50.6	443.168	-16.1258	427.042
50.62	449.889	-22.8677	427.021
50.64	442.38	-15.2778	427.102
50.66	471.124	-44.0843	427.039
50.68	476.084	-49.0492	427.035
50.7	469.926	-42.9002	427.026
50.72	466.448	-39.421	427.027
50.74	467.574	-40.5518	427.022
50.76	468.905	-41.8542	427.051
50.78	467.32	-40.2961	427.024
50.8	464.21	-37.1972	427.013
50.82	459.772	-32.7591	427.013
50.84	455.242	-28.2142	427.027
50.86	465.61	-38.565	427.045
50.88	474.42	-47.392	427.028
50.9	461.976	-34.936	427.04
50.92	450.225	-23.1814	427.044
50.94	451.03	-23.9847	427.045
50.96	460.754	-33.7078	427.047
50.98	470.788	-43.7389	427.049
51	462.505	-35.4607	427.045
51.02	453.228	-26.2215	427.007
51.04	441.179	-14.1333	427.045
51.06	467.248	-40.2478	427
51.08	479.801	-52.7948	427.006
51.1	480.586	-53.5636	427.022
51.12	480.779	-53.7294	427.049
51.14	481.334	-54.2799	427.054
51.16	480.739	-53.6765	427.062
51.18	468.111	-41.086	427.025
51.2	447.363	-20.2802	427.083
51.22	469.08	-42.0731	427.007
51.24	473.933	-46.9438	426.989
51.26	466.156	-39.1561	427
51.28	449.258	-22.2689	426.99
51.3	446.178	-19.1666	427.011
51.32	466.31	-39.344	426.966
51.34	470.067	-43.0969	426.97
51.36	468.533	-41.5357	426.998
51.38	464.052	-37.0752	426.977
51.4	447.75	-20.7022	427.048
51.42	468.423	-41.4183	427.005
51.44	473.773	-46.7547	427.018
51.46	471.931	-44.923	427.008
51.48	464.467	-37.4383	427.029
51.5	466.99	-39.9708	427.019
51.52	466.771	-39.7356	427.035
51.54	464.905	-37.8623	427.043
51.56	460	-32.9252	427.075
51.58	458.825	-31.7822	427.043
51.6	458.557	-31.5015	427.055
51.62	468.933	-41.8983	427.035
51.64	466.128	-39.0833	427.045
51.66	457.815	-30.7546	427.06
51.68	464.324	-37.2813	427.043
51.7	470.428	-43.4129	427.015
51.72	469.279	-42.2165	427.063
51.74	463.829	-36.7935	427.036
51.76	455.992	-28.9292	427.063
51.78	467.185	-40.1731	427.012
51.8	461.295	-34.2708	427.024
51.82	453.443	-26.3703	427.073
51.84	464.772	-37.7093	427.063
51.86	459.664	-32.5791	427.085
51.88	460.817	-33.7413	427.076
51.9	466.931	-39.8585	427.073
51.92	466.226	-39.1382	427.088
51.94	462.622	-35.5133	427.109
51.96	468.309	-41.207	427.102
51.98	472.825	-45.7254	427.1
52	452.172	-25.0389	427.133
52.02	450.999	-23.9296	427.07
52.04	449.998	-22.9141	427.084
52.06	453.15	-26.0431	427.107
52.08	455.648	-28.5549	427.093
52.1	453.557	-26.4538	427.103
52.12	458.227	-31.1596	427.067
52.14	458.033	-30.9365	427.097
52.16	473.983	-46.9039	427.079
52.18	471.522	-44.4257	427.096
52.2	461.644	-34.5678	427.076
52.22	455.861	-28.7978	427.064
52.24	452.619	-25.5782	427.041
52.26	462.875	-35.8595	427.015
52.28	471.127	-44.0909	427.036
52.3	472.98	-45.9451	427.035
52.32	472.901	-45.8913	427.009
52.34	462.115	-35.1231	426.991
52.36	461.947	-34.9608	426.986
52.38	471.23	-44.173	427.057
52.4	467.68	-40.6108	427.069
52.42	467.315	-40.2533	427.062
52.44	452.327	-25.2539	427.073
52.46	454.826	-27.7608	427.065
52.48	462.808	-35.746	427.062
52.5	454.597	-27.493	427.104
52.52	459.528	-32.4099	427.118
52.54	474.446	-47.3629	427.083
52.56	464.822	-37.7369	427.085
52.58	443.332	-16.19	427.142
52.6	457.288	-30.1916	427.096
52.62	466.261	-39.1634	427.098
52.64	456.885	-29.7808	427.104
52.66	452.987	-25.8715	427.116
52.68	458.213	-31.1301	427.083
52.7	467.871	-40.7996	427.072
52.72	463.622	-36.5686	427.053
52.74	439.549	-12.4562	427.093
52.76	446.252	-19.1691	427.083
52.78	464.944	-37.8748	427.069
52.8	467.629	-40.5328	427.096
52.82	463.218	-36.1112	427.107
52.84	460.469	-33.3595	427.11
52.86	460.633	-33.5033	427.13
52.88	457.103	-30.0248	427.078
52.9	450.624	-23.5352	427.089
52.92	469.512	-42.4046	427.107
52.94	471.89	-44.7723	427.117
52.96	470.955	-43.8102	427.144
52.98	466.943	-39.7868	427.156
53	462.312	-35.146	427.166
53.02	461.798	-34.6588	427.139
53.04	458.422	-31.2663	427.156
53.06	469.288	-42.1567	427.132
53.08	468.935	-41.8212	427.113
53.1	461.065	-33.9785	427.087
53.12	450.279	-23.1624	427.117
53.14	464.724	-37.5975	427.126
53.16	467.119	-39.9718	427.148
53.18	471.615	-44.4518	427.163
53.2	470.456	-43.3002	427.156
53.22	460.711	-33.5721	427.138
53.24	448.457	-21.3087	427.148
53.26	437.489	-10.3524	427.137
53.28	440.955	-13.832	427.123
53.3	460.278	-33.1825	427.095
53.32	473.067	-45.9455	427.122
53.34	474.817	-47.7105	427.107
53.36	461.759	-34.6421	427.116
53.38	462.874	-35.7974	427.076
53.4	459.974	-32.8639	427.11
53.42	463.156	-36.0792	427.077
53.44	467.371	-40.2597	427.112
53.46	470.079	-42.9572	427.122
53.48	456.644	-29.5614	427.083
53.5	433.832	-6.65765	427.174
53.52	465.222	-38.1394	427.083
53.54	463.934	-36.845	427.089
53.56	446.35	-19.2258	427.124
53.58	450.217	-23.0912	427.126
53.6	452.986	-25.8402	427.146
53.62	464.725	-37.6315	427.093
53.64	443.85	-16.6884	427.161
53.66	459.372	-32.3296	427.043
53.68	440.127	-13.0621	427.065
53.7	426.491	0.556059	427.047
53.72	444.551	-17.5052	427.046
53.74	469.777	-42.7294	427.047
53.76	476.454	-49.4017	427.052
53.78	472.44	-45.4019	427.038
53.8	461.567	-34.5038	427.064
53.82	459.589	-32.5182	427.071
53.84	454.094	-27.0302	427.063
53.86	444.427	-17.3534	427.074
53.88	443.647	-16.5767	427.071
53.9	452.857	-25.7869	427.07
53.92	459.892	-32.7914	427.1
53.94	467.089	-40.0083	427.081
53.96	452.223	-25.1319	427.091
53.98	451.964	-24.8656	427.098
54	467.512	-40.4407	427.071
54.02	462.827	-35.8214	427.006
54.04	454.159	-27.1097	427.049
54.06	463.068	-36.0023	427.065
54.08	461.209	-34.1442	427.065
54.1	463.591	-36.5447	427.047
54.12	460.352	-33.2894	427.063
54.14	468.488	-41.4123	427.076
54.16	474.502	-47.4004	427.102
54.18	476.822	-49.7043	427.118
54.2	475.065	-47.9536	427.111
54.22	464.935	-37.8059	427.129
54.24	461.291	-34.1757	427.115
54.26	451.805	-24.6796	427.126
54.28	444.274	-17.1125	427.161
54.3	455.189	-28.0136	427.176
54.32	470.995	-43.8584	427.136
54.34	466.902	-39.7392	427.163
54.36	471.182	-44.0479	427.134
54.38	468.082	-40.9812	427.101
54.4	460.852	-33.7573	427.095
54.42	455.79	-28.6888	427.101
54.44	456.81	-29.7223	427.088
54.46	453.466	-26.3499	427.116
54.48	457.779	-30.6764	427.102
54.5	468.402	-41.317	427.085
54.52	468.208	-41.1279	427.08
54.54	464.601	-37.5308	427.07
54.56	467.244	-40.1982	427.045
54.58	458.252	-31.2078	427.044
54.6	459.635	-32.6301	427.005
54.62	460.635	-33.6138	427.021
54.64	454.867	-27.8709	426.996
54.66	457.412	-30.3922	427.02
54.68	466.201	-39.2011	427
54.7	471.629	-44.6209	427.008
54.72	471.54	-44.5352	427.005
54.74	471.231	-44.2431	426.988
54.76	464.67	-37.686	426.984
54.78	443.744	-16.6993	427.044
54.8	458.686	-31.6939	426.992
54.82	468.749	-41.7553	426.993
54.84	466.719	-39.7501	426.969
54.86	447.817	-20.8128	427.005
54.88	444.69	-17.7074	426.983
54.9	450.904	-23.9472	426.956
54.92	452.827	-25.8275	427
54.94	458.843	-31.8679	426.975
54.96	461.035	-34.0606	426.975
54.98	470.973	-43.994	426.979
55	467.981	-40.9658	427.015
55.02	465.275	-38.263	427.012
55.04	454.226	-27.2344	426.991
55.06	459.969	-33.0045	426.965
55.08	463.64	-36.6716	426.968
55.1	446.782	-19.8234	426.958
55.12	442.873	-15.9326	426.94
55.14	450.03	-23.1079	426.922
55.16	450.951	-23.9887	426.963
55.18	467.663	-40.7119	426.951
55.2	469.426	-42.4509	426.975
55.22	467.837	-40.856	426.981
55.24	464.8	-37.8126	426.987
55.26	455.904	-28.9127	426.992
55.28	464.114	-37.1263	426.988
55.3	468.721	-41.6864	427.034
55.32	469.564	-42.5316	427.032
55.34	470.024	-42.9882	427.036
55.36	462.865	-35.8501	427.015
55.38	455.271	-28.2533	427.018
55.4	456.954	-29.9414	427.013
55.42	457.599	-30.5714	427.028
55.44	458.376	-31.3427	427.033
55.46	463.493	-36.4399	427.053
55.48	468.981	-41.9567	427.024
55.5	447.238	-20.1569	427.081
55.52	459.08	-32.0354	427.044
55.54	463.564	-36.5187	427.045
55.56	451.084	-24.0331	427.051
55.58	452.165	-25.1457	427.019
55.6	453.642	-26.6064	427.036
55.62	456.558	-29.5178	427.04
55.64	462.225	-35.1468	427.078
55.66	467.824	-40.7425	427.081
55.68	466.316	-39.2068	427.109
55.7	459.058	-31.9763	427.082
55.72	444.335	-17.1837	427.151
55.74	463.841	-36.7639	427.077
55.76	466.732	-39.6347	427.097
55.78	459.603	-32.5131	427.09
55.8	450.795	-23.6661	427.129
55.82	454.404	-27.2829	427.121
55.84	455.418	-28.2954	427.122
55.86	466.489	-39.3928	427.096
55.88	469.015	-41.8933	427.121
55.9	462.968	-35.8555	427.113
55.92	458.776	-31.6752	427.1
55.94	459.486	-32.4041	427.082
55.96	457.79	-30.7436	427.046
55.98	461.413	-34.3385	427.075
56	468.041	-40.9643	427.077
56.02	471.655	-44.5832	427.072
56.04	470.294	-43.2235	427.071
56.06	462.028	-34.9392	427.089
56.08	463.201	-36.1235	427.078
56.1	459.345	-32.2672	427.078
56.12	464.948	-37.8887	427.059
56.14	470.021	-42.9544	427.067
56.16	462.194	-35.1562	427.038
56.18	442.472	-15.4189	427.053
56.2	450.771	-23.792	426.979
56.22	449.714	-22.6767	427.037
56.24	465.335	-38.3116	427.024
56.26	472.91	-45.8874	427.023
56.28	476.948	-49.9197	427.029
56.3	476.511	-49.4589	427.052
56.32	472.443	-45.3698	427.073
56.34	460.625	-33.5364	427.088
56.36	458.617	-31.5807	427.036
56.38	461.07	-34.009	427.061
56.4	468.554	-41.5074	427.047
56.42	464.917	-37.8636	427.054
56.44	462.363	-35.3065	427.057
56.46	462.626	-35.5324	427.094
56.48	469.12	-42.0198	427.1
56.5	474.212	-47.1229	427.089
56.52	462.31	-35.1987	427.111
56.54	452.163	-25.0779	427.085
56.56	455.275	-28.2206	427.055
56.58	455.403	-28.2723	427.131
56.6	477.927	-50.8312	427.096
56.62	484.065	-56.9388	427.126
56.64	480.982	-53.8787	427.104
56.66	464.673	-37.5646	427.109
56.68	447.887	-20.8118	427.075
56.7	449.248	-22.2175	427.031
56.72	447.486	-20.4656	427.02
56.74	444.5	-17.4515	427.048
56.76	470.515	-43.4795	427.036
56.78	480.099	-53.0336	427.065
56.8	479.411	-52.3367	427.075
56.82	469.682	-42.5926	427.089
56.84	469.312	-42.2278	427.084
56.86	469.303	-42.2306	427.073
56.88	454.298	-27.2426	427.056
56.9	450.373	-23.3494	427.024
56.92	457.695	-30.6402	427.055
56.94	464.987	-37.9554	427.031
56.96	458.962	-31.9283	427.034
56.98	457.921	-30.8778	427.043
57	464.382	-37.294	427.088
57.02	462.04	-34.9498	427.09
57.04	467.295	-40.2151	427.08
57.06	473.416	-46.346	427.069
57.08	462.889	-35.8441	427.045
57.1	449.371	-22.2887	427.082
57.12	466.622	-39.5574	427.064
57.14	467.166	-40.1028	427.063
57.16	460.581	-33.5359	427.045
57.18	455.494	-28.4471	427.047
57.2	461.561	-34.548	427.013
57.22	460.835	-33.7855	427.05
57.24	468.625	-41.576	427.049
57.26	475.43	-48.3647	427.065
57.28	467.184	-40.133	427.051
57.3	453.434	-26.3652	427.069
57.32	462.041	-34.9883	427.053
57.34	461.262	-34.214	427.048
57.36	446.515	-19.4069	427.108
57.38	465.301	-38.2789	427.023
57.4	474.194	-47.1629	427.031
57.42	472.572	-45.5284	427.043
57.44	457.714	-30.6878	427.027
57.46	449.315	-22.2848	427.03
57.48	460.741	-33.7122	427.029
57.5	463.218	-36.163	427.055
57.52	463.614	-36.5361	427.078
57.54	455.3	-28.188	427.112
57.56	459.561	-32.4623	427.099
57.58	463.443	-36.3618	427.081
57.6	468.212	-41.1314	427.08
57.62	471.846	-44.7653	427.08
57.64	457.348	-30.3463	427.002
57.66	433.021	-5.95663	427.064
57.68	456.326	-29.2988	427.028
57.7	453.545	-26.5187	427.027
57.72	466.793	-39.7913	427.002
57.74	463.285	-36.3022	426.983
57.76	435.185	-8.13504	427.05
57.78	455.8	-28.8184	426.981
57.8	464.642	-37.6413	427.001
57.82	463.153	-36.1564	426.997
57.84	456.446	-29.4761	426.97
57.86	443.804	-16.791	427.013
57.88	460.89	-33.9225	426.967
57.9	471.13	-44.1369	426.993
57.92	472.077	-45.0681	427.009
57.94	471.792	-44.7858	427.006
57.96	472.62	-45.601	427.019
57.98	470.387	-43.3588	427.029
58	452.892	-25.8188	427.073
58.02	463.612	-36.5791	427.033
58.04	457.04	-29.9916	427.048
58.06	445.458	-18.406	427.052
58.08	446.221	-19.1683	427.053
58.1	464.178	-37.1534	427.025
58.12	463.23	-36.1722	427.058
58.14	463.287	-36.2133	427.074
58.16	461.319	-34.2216	427.097
58.18	465.383	-38.2882	427.095
58.2	471.289	-44.204	427.085
58.22	468.161	-41.0835	427.077
58.24	454.417	-27.3382	427.078
58.26	442.675	-15.5809	427.094
58.28	455.842	-28.764	427.078
58.3	469.694	-42.6408	427.053
58.32	470.376	-43.3341	427.042
58.34	468.158	-41.1255	427.033
58.36	466.747	-39.7297	427.017
58.38	462.587	-35.5648	427.022
58.4	456.384	-29.3611	427.023
58.42	455.313	-28.2962	427.017
58.44	458.994	-31.9745	427.019
58.46	456.236	-29.228	427.008
58.48	452.08	-25.1038	426.977
58.5	436.206	-9.19408	427.012
58.52	448.335	-21.3703	426.964
58.54	467.013	-40.0389	426.975
58.56	471.937	-44.9323	427.005
58.58	464.719	-37.7215	426.998
58.6	459.21	-32.213	426.997
58.62	460.214	-33.2418	426.973
58.64	461.18	-34.1917	426.989
58.66	472.008	-45.0399	426.968
58.68	473.584	-46.6115	426.973
58.7	472.066	-45.0601	427.006
58.72	471.553	-44.5523	427.001
58.74	467.231	-40.2019	427.029
58.76	469.153	-42.1259	427.027
58.78	471.106	-44.0598	427.046
58.8	478.599	-51.5667	427.033
58.82	480.936	-53.9358	427.001
58.84	478.117	-51.1125	427.004
58.86	468.505	-41.4953	427.01
58.88	463.832	-36.8077	427.024
58.9	461.519	-34.4603	427.058
58.92	466.937	-39.8833	427.054
58.94	462.593	-35.5025	427.09
58.96	469.865	-42.8245	427.04
58.98	463.761	-36.7271	427.034
59	472.473	-45.4644	427.009
59.02	476.621	-49.6091	427.012
59.04	470.65	-43.5983	427.052
59.06	475.892	-48.8649	427.027
59.08	479.402	-52.3591	427.043
59.1	476.282	-49.2392	427.043
59.12	469.308	-42.244	427.064
59.14	471.914	-44.872	427.042
59.16	466.58	-39.5185	427.062
59.18	458.991	-31.9267	427.064
59.2	458.174	-31.1283	427.046
59.22	451.549	-24.4551	427.094
59.24	463.46	-36.3585	427.102
59.26	472.707	-45.618	427.089
59.28	474.427	-47.3626	427.064
59.3	466.991	-39.9474	427.043
59.32	465.303	-38.2307	427.073
59.34	471.72	-44.6743	427.046
59.36	472.688	-45.6424	427.046
59.38	468.934	-41.9196	427.014
59.4	464.098	-37.1165	426.981
59.42	464.551	-37.5682	426.983
59.44	466.388	-39.4019	426.986
59.46	468.516	-41.5144	427.001
59.48	473.15	-46.1428	427.007
59.5	473.49	-46.4627	427.027
59.52	472.114	-45.0801	427.034
59.54	471.71	-44.6724	427.038
59.56	469.939	-42.9179	427.021
59.58	463.492	-36.4789	427.013
59.6	463.549	-36.5195	427.03
59.62	458.777	-31.767	427.01
59.64	437.679	-10.6272	427.051
59.66	463.412	-36.392	427.02
59.68	475.137	-48.056	427.081
59.7	475.821	-48.7579	427.063
59.72	470.239	-43.2121	427.027
59.74	454.017	-26.9621	427.055
59.76	451.966	-24.9056	427.06
59.78	460.492	-33.4798	427.012
59.8	451.188	-24.1328	427.055
59.82	462.117	-35.0881	427.029
59.84	468.944	-41.8808	427.063
59.86	475.348	-48.2869	427.062
59.88	477.443	-50.3971	427.046
59.9	468.738	-41.6588	427.08
59.92	474.182	-47.1502	427.032
59.94	463.449	-36.4303	427.019
59.96	452.215	-25.211	427.004
59.98	454.677	-27.7087	426.968
60	461.062	-34.0687	426.993
60.02	471.493	-44.5522	426.941
60.04	455.159	-28.1743	426.985
60.06	456.431	-29.4403	426.991
60.08	466.785	-39.8031	426.982
60.1	471.095	-44.0961	426.999
60.12	466.155	-39.1397	427.016
60.14	458.177	-31.142	427.035
60.16	469.862	-42.8626	426.999
60.18	455.215	-28.1507	427.064
60.2	461.609	-34.6182	426.991
60.22	446.944	-19.9178	427.026
60.24	455.471	-28.4834	426.988
60.26	469.581	-42.585	426.996
60.28	472.3	-45.2859	427.014
60.3	463.705	-36.685	427.02
60.32	440.999	-13.9513	427.047
60.34	460.905	-33.915	426.99
60.36	472.321	-45.3166	427.004
60.38	467.062	-40.0701	426.991
60.4	461.302	-34.2986	427.003
60.42	464.305	-37.2879	427.018
60.44	458.041	-31.0227	427.018
60.46	453.106	-26.0817	427.024
60.48	453.639	-26.5912	427.048
60.5	450.491	-23.4147	427.077
60.52	462.419	-35.3535	427.066
60.54	467.979	-40.898	427.081
60.56	461.085	-33.9892	427.096
60.58	460.6	-33.5045	427.095
60.6	456.727	-29.6278	427.099
60.62	445.949	-18.8234	427.125
60.64	448.101	-20.9771	427.124
60.66	446.953	-19.8074	427.146
60.68	447.829	-20.7486	427.081
60.7	458.682	-31.5986	427.083
60.72	468.801	-41.6702	427.13
60.74	466.413	-39.2814	427.131
60.76	454.507	-27.3397	427.167
60.78	464.251	-37.1306	427.12
60.8	463.351	-36.2336	427.118
60.82	464.303	-37.1645	427.138
60.84	471.738	-44.5919	427.146
60.86	468.942	-41.7925	427.149
60.88	462.075	-34.9293	427.146
60.9	450.794	-23.6164	427.177
60.92	449.837	-22.6336	427.204
60.94	467.192	-40.0222	427.17
60.96	467.421	-40.2346	427.186
60.98	457.742	-30.5441	427.198
61	469.663	-42.4975	427.165
61.02	472.124	-44.9532	427.171
61.04	458.647	-31.4922	427.155
61.06	448.403	-21.2003	427.203
61.08	460.164	-33.0375	427.127
61.1	443.101	-15.9209	427.18
61.12	449.183	-22.0288	427.154
61.14	463.098	-35.9573	427.14
61.16	457.479	-30.3151	427.163
61.18	449.799	-22.6638	427.136
61.2	458.521	-31.3772	427.143
61.22	471.171	-44.0298	427.141
61.24	470.472	-43.3349	427.137
61.26	465.221	-38.1023	427.119
61.28	449.039	-21.9043	427.134
61.3	449.459	-22.3377	427.122
61.32	459.997	-32.8479	427.149
61.34	467.941	-40.8071	427.134
61.36	462.986	-35.8491	427.137
61.38	449.011	-21.8903	427.121
61.4	448.202	-21.1169	427.085
61.42	454.43	-27.3079	427.123
61.44	471.034	-43.9284	427.106
61.46	474.666	-47.5728	427.093
61.48	471.228	-44.1324	427.096
61.5	465.583	-38.4959	427.087
61.52	462.823	-35.7398	427.083
61.54	466.225	-39.1603	427.064
61.56	463.654	-36.5748	427.079
61.58	443.962	-16.8492	427.113
61.6	460.551	-33.4687	427.082
61.62	463.427	-36.3309	427.096
61.64	455.179	-28.0564	427.122
61.66	460.761	-33.6699	427.091
61.68	462.121	-34.9864	427.135
61.7	458.566	-31.4412	427.125
61.72	452.459	-25.2932	427.165
61.74	464.666	-37.5403	427.125
61.76	463.012	-35.8029	427.21
61.78	468.379	-41.2123	427.167
61.8	459.953	-32.7576	427.195
61.82	458.835	-31.6272	427.208
61.84	461.314	-34.136	427.178
61.86	463.262	-36.1006	427.162
61.88	457.531	-30.3675	427.164
61.9	449.067	-21.8866	427.18
61.92	459.031	-31.8537	427.177
61.94	458.296	-31.1154	427.181
61.96	458.862	-31.672	427.19
61.98	463.196	-35.9982	427.198
62	462.645	-35.437	427.208
62.02	455.832	-28.6179	427.214
62.04	455.096	-27.8658	427.23
62.06	464.027	-36.8135	427.214
62.08	461.142	-33.9239	427.218
62.1	447.628	-20.4099	427.218
62.12	441.613	-14.3888	427.224
62.14	453.562	-26.3836	427.178
62.16	452.478	-25.2817	427.197
62.18	452.296	-25.0976	427.198
62.2	449.51	-22.3244	427.186
62.22	451.682	-24.5019	427.18
62.24	449.742	-22.5708	427.172
62.26	445.31	-18.105	427.205
62.28	460.392	-33.2126	427.18
62.3	464.671	-37.5049	427.166
62.32	457.483	-30.3434	427.14
62.34	453.955	-26.8023	427.153
62.36	465.013	-37.8592	427.154
62.38	467.481	-40.3554	427.126
62.4	457.258	-30.1431	427.115
62.42	451.815	-24.6971	427.118
62.44	457.545	-30.4036	427.141
62.46	457.63	-30.4737	427.157
62.48	465.718	-38.5762	427.142
62.5	463.182	-36.0227	427.159
62.52	448.106	-20.9473	427.158
62.54	444.566	-17.407	427.159
62.56	454.541	-27.3793	427.161
62.58	461.692	-34.5537	427.139
62.6	458.583	-31.4948	427.088
62.62	461.377	-34.2845	427.093
62.64	468.717	-41.6165	427.1
62.66	463.232	-36.1177	427.114
62.68	457.773	-30.6301	427.143
62.7	456.185	-29.1065	427.079
62.72	448.904	-21.7886	427.115
62.74	468.54	-41.4296	427.111
62.76	463.939	-36.8028	427.137
62.78	452.442	-25.2951	427.147
62.8	454.406	-27.2772	427.129
62.82	458.359	-31.2511	427.107
62.84	463.894	-36.7981	427.096
62.86	471.868	-44.7646	427.104
62.88	464.518	-37.4136	427.105
62.9	445.666	-18.4963	427.17
62.92	464.103	-36.9972	427.106
62.94	471.201	-44.0696	427.131
62.96	471.547	-44.4032	427.144
62.98	468.812	-41.6544	427.157
63	467.658	-40.5117	427.147
63.02	467.543	-40.4224	427.12
63.04	461.642	-34.5036	427.138
63.06	461.138	-34.0393	427.098
63.08	457.96	-30.8617	427.098
63.1	454.378	-27.3135	427.064
63.12	444.023	-16.9078	427.115
63.14	463.547	-36.4895	427.057
63.16	469.844	-42.7763	427.068
63.18	459.699	-32.6214	427.078
63.2	452.919	-25.833	427.086
63.22	463.161	-36.0971	427.064
63.24	462.475	-35.3943	427.081
63.26	469.225	-42.1758	427.049
63.28	471.259	-44.1698	427.089
63.3	462.134	-35.0619	427.072
63.32	445.324	-18.2115	427.112
63.34	455.484	-28.3824	427.101
63.36	464.217	-37.143	427.074
63.38	465.328	-38.2497	427.078
63.4	464.754	-37.6715	427.083
63.42	462.837	-35.7331	427.104
63.44	458.335	-31.2438	427.091
63.46	462.229	-35.166	427.063
63.48	460.686	-33.6326	427.053
63.5	460.104	-33.056	427.048
63.52	459.141	-32.0848	427.056
63.54	463.644	-36.5962	427.047
63.56	461.217	-34.1697	427.047
63.58	460.4	-33.3114	427.089
63.6	459.768	-32.7085	427.06
63.62	448.75	-21.7051	427.045
63.64	443.983	-16.9438	427.039
63.66	456.346	-29.333	427.013
63.68	463.373	-36.3641	427.009
63.7	459.67	-32.6369	427.033
63.72	460.888	-33.8722	427.015
63.74	458.252	-31.2581	426.994
63.76	452.581	-25.5729	427.008
63.78	459.271	-32.2764	426.994
63.8	459.452	-32.4774	426.975
63.82	462.166	-35.1963	426.969
63.84	466.391	-39.402	426.989
63.86	468.489	-41.4998	426.989
63.88	466.497	-39.5206	426.977
63.9	462.827	-35.8548	426.973
63.92	464.745	-37.782	426.963
63.94	465.836	-38.8821	426.954
63.96	463.929	-36.9537	426.975
63.98	467.579	-40.6401	426.939
64	465.633	-38.7064	426.927
64.02	460.311	-33.3384	426.973
64.04	464.336	-37.3694	426.967
64.06	455.296	-28.2897	427.006
64.08	460.261	-33.2936	426.967
64.1	450.17	-23.207	426.963
64.12	442.758	-15.7822	426.976
64.14	457.922	-30.9668	426.955
64.16	469.69	-42.7297	426.96
64.18	468.062	-41.0913	426.971
64.2	462.566	-35.5989	426.967
64.22	460.642	-33.6997	426.943
64.24	455.088	-28.1111	426.977
64.26	449.973	-23.0117	426.962
64.28	446.991	-19.9867	427.004
64.3	466.547	-39.5545	426.993
64.32	470.747	-43.7469	427
64.34	462.939	-35.9282	427.01
64.36	451.201	-24.1814	427.019
64.38	457.91	-30.8818	427.028
64.4	470.496	-43.4637	427.032
64.42	468.004	-40.9772	427.027
64.44	458.243	-31.1879	427.055
64.46	446.451	-19.3893	427.062
64.48	460.643	-33.6181	427.025
64.5	473.503	-46.4393	427.064
64.52	461.819	-34.7134	427.105
64.54	458.134	-31.0802	427.053
64.56	459.047	-31.9759	427.071
64.58	474.379	-47.3193	427.06
64.6	465.957	-38.8992	427.058
64.62	436.223	-9.06164	427.162
64.64	454.242	-27.1521	427.09
64.66	465.552	-38.4586	427.094
64.68	467.094	-39.9914	427.103
64.7	464.163	-37.0498	427.113
64.72	464.913	-37.7972	427.116
64.74	465.684	-38.554	427.13
64.76	460.192	-33.04	427.152
64.78	470.006	-42.8772	427.129
64.8	474.386	-47.2456	427.141
64.82	469.992	-42.8535	427.138
64.84	464.456	-37.3091	427.147
64.86	464.039	-36.8638	427.176
64.88	464.056	-36.8949	427.161
64.9	448.683	-21.5272	427.156
64.92	445.801	-18.6537	427.147
64.94	459.841	-32.7052	427.136
64.96	459.252	-32.1245	427.127
64.98	448.325	-21.1402	427.184
65	462.658	-35.5364	427.122
65.02	455.812	-28.6806	427.132
65.04	460.453	-33.34	427.113
65.06	459.605	-32.4603	427.145
65.08	453.653	-26.4964	427.157
65.1	457.779	-30.6035	427.176
65.12	462.775	-35.6105	427.165
65.14	461.7	-34.5254	427.175
65.16	468.352	-41.1802	427.172
65.18	474.142	-46.981	427.161
65.2	474.69	-47.5309	427.159
65.22	466.54	-39.3921	427.148
65.24	453.437	-26.2906	427.146
65.26	441.318	-14.1776	427.141
65.28	449.033	-21.9126	427.12
65.3	453.939	-26.8525	427.087
65.32	442.904	-15.7414	427.162
65.34	458.691	-31.5522	427.139
65.36	461.895	-34.7402	427.154
65.38	468.34	-41.1841	427.156
65.4	465.3	-38.1255	427.174
65.42	451.209	-24.0365	427.173
65.44	455.387	-28.2555	427.131
65.46	453.805	-26.6443	427.161
65.48	456.37	-29.2177	427.152
65.5	463.605	-36.4819	427.123
65.52	462.902	-35.7828	427.119
65.54	452.005	-24.8779	427.127
65.56	445.824	-18.692	427.132
65.58	455.19	-28.1069	427.083
65.6	453.353	-26.2613	427.092
65.62	457.098	-30.0228	427.076
65.64	454.904	-27.8195	427.085
65.66	447.289	-20.2022	427.086
65.68	461.122	-34.0649	427.057
65.7	472.719	-45.6543	427.064
65.72	467.986	-40.928	427.058
65.74	453.462	-26.375	427.087
65.76	458.487	-31.4273	427.06
65.78	457.74	-30.6422	427.098
65.8	465.331	-38.2274	427.103
65.82	471.985	-44.8894	427.095
65.84	468.562	-41.4936	427.068
65.86	461.534	-34.4547	427.08
65.88	459.041	-31.9489	427.092
65.9	457.506	-30.4332	427.073
65.92	448.037	-20.9172	427.12
65.94	460.91	-33.801	427.109
65.96	470.801	-43.6668	427.134
65.98	465.476	-38.3102	427.166
66	463.237	-36.0637	427.173
66.02	468.281	-41.108	427.173
66.04	469.916	-42.7313	427.185
66.06	465.032	-37.8544	427.178
66.08	465.622	-38.4617	427.161
66.1	462.014	-34.8553	427.159
66.12	458.893	-31.7503	427.143
66.14	454.35	-27.1831	427.167
66.16	455.759	-28.5899	427.169
66.18	460.916	-33.7421	427.174
66.2	464.623	-37.4554	427.167
66.22	456.904	-29.7665	427.137
66.24	459.596	-32.4454	427.15
66.26	470.018	-42.8972	427.12
66.28	473.898	-46.7632	427.134
66.3	473.528	-46.4033	427.125
66.32	460.484	-33.3338	427.151
66.34	458.912	-31.7842	427.128
66.36	451.913	-24.7698	427.143
66.38	453.197	-26.0601	427.137
66.4	459.624	-32.4805	427.144
66.42	454.847	-27.6695	427.178
66.44	460.199	-33.0106	427.188
66.46	466.731	-39.5601	427.17
66.48	464.371	-37.1901	427.181
66.5	467.766	-40.6012	427.165
66.52	467.752	-40.6059	427.146
66.54	461.671	-34.4958	427.175
66.56	456.021	-28.8634	427.158
66.58	449.927	-22.7636	427.164
66.6	463.837	-36.711	427.126
66.62	456.05	-28.9049	427.145
66.64	447.993	-20.8874	427.106
66.66	446.934	-19.7802	427.154
66.68	454.535	-27.3667	427.168
66.7	457.693	-30.5245	427.168
66.72	451.245	-24.0506	427.194
66.74	453.711	-26.5288	427.182
66.76	463.93	-36.7624	427.168
66.78	463.711	-36.5552	427.156
66.8	448.717	-21.4942	427.222
66.82	457.446	-30.2873	427.159
66.84	457.475	-30.324	427.151
66.86	439.66	-12.4679	427.192
66.88	455.177	-28.0679	427.109
66.9	463.493	-36.3655	427.128
66.92	464.077	-36.9382	427.139
66.94	459.541	-32.4022	427.139
66.96	458.754	-31.625	427.129
66.98	455.254	-28.1804	427.073
67	445.453	-18.3297	427.123
67.02	455.995	-28.9521	427.043
67.04	445.345	-18.2838	427.061
67.06	442.543	-15.4979	427.045
67.08	448.031	-20.9817	427.05
67.1	461.73	-34.6742	427.056
67.12	455.739	-28.6947	427.045
67.14	452.242	-25.1911	427.051
67.16	461.45	-34.3985	427.052
67.18	462.981	-35.9483	427.032
67.2	457.854	-30.774	427.08
67.22	452.052	-24.9779	427.074
67.24	440.667	-13.6235	427.044
67.26	431.817	-4.72135	427.095
67.28	459.611	-32.5995	427.012
67.3	453.039	-25.971	427.068
67.32	443.476	-16.4024	427.073
67.34	449.201	-22.1138	427.088
67.36	457.738	-30.6184	427.119
67.38	465.218	-38.1289	427.089
67.4	440.99	-13.7974	427.192
67.42	462.89	-35.8262	427.064
67.44	461.131	-34.0408	427.09
67.46	458.717	-31.6058	427.111
67.48	460.673	-33.6153	427.058
67.5	449.671	-22.5831	427.088
67.52	456.239	-29.1997	427.039
67.54	465.383	-38.3551	427.028
67.56	460.979	-33.9119	427.067
67.58	454.743	-27.6839	427.059
67.6	447.169	-20.0723	427.097
67.62	459.056	-32.002	427.054
67.64	463.064	-36.0454	427.019
67.66	440.91	-13.8531	427.057
67.68	456.629	-29.6261	427.003
67.7	461.288	-34.2173	427.07
67.72	451.271	-24.1805	427.09
67.74	455.277	-28.1846	427.093
67.76	461.392	-34.2958	427.097
67.78	462.857	-35.7684	427.089
67.8	453.944	-26.9037	427.04
67.82	421.677	5.43672	427.114
67.84	441.477	-14.4376	427.039
67.86	455.422	-28.354	427.068
67.88	461.133	-34.0362	427.096
67.9	456.106	-28.9564	427.15
67.92	456.265	-29.0933	427.172
67.94	455.154	-27.9933	427.16
67.96	459.203	-32.0663	427.136
67.98	463.159	-36.0439	427.115
68	463.934	-36.8259	427.108
68.02	452.518	-25.3921	427.125
68.04	454.171	-27.1039	427.068
68.06	451.409	-24.3088	427.101
68.08	463.533	-36.4387	427.094
68.1	473.14	-46.0192	427.12
68.12	469.182	-42.0763	427.106
68.14	455.508	-28.4136	427.094
68.16	450.735	-23.6401	427.095
68.18	448.086	-20.9698	427.116
68.2	454.286	-27.1651	427.121
68.22	463.795	-36.6947	427.1
68.24	454.06	-26.938	427.122
68.26	437.437	-10.3427	427.094
68.28	423.798	3.31909	427.117
68.3	450.877	-23.8333	427.044
68.32	429.383	-2.25657	427.126
68.34	449.026	-21.9658	427.06
68.36	469.647	-42.5275	427.12
68.38	472.914	-45.7864	427.127
68.4	469.974	-42.8744	427.099
68.42	462.434	-35.3226	427.111
68.44	450.593	-23.4953	427.098
68.46	439.027	-11.9398	427.087
68.48	450.673	-23.6393	427.034
68.5	449.333	-22.2726	427.06
68.52	434.147	-7.07233	427.075
68.54	430.117	-3.01318	427.104
68.56	461.22	-34.1305	427.09
68.58	467.619	-40.4905	427.128
68.6	470.01	-42.9079	427.102
68.62	461.226	-34.0948	427.131
68.64	451.161	-24.0149	427.146
68.66	448.268	-21.0937	427.174
68.68	465.004	-37.8626	427.141
68.7	464.537	-37.4011	427.135
68.72	459.086	-31.9331	427.153
68.74	461.9	-34.7496	427.15
68.76	447.43	-20.262	427.168
68.78	451.681	-24.5533	427.128
68.8	460.91	-33.7627	427.148
68.82	461.546	-34.3905	427.156
68.84	463.886	-36.7146	427.172
68.86	469.842	-42.6867	427.155
68.88	462.579	-35.4046	427.174
68.9	462.759	-35.6373	427.122
68.92	464.799	-37.6724	427.127
68.94	461.34	-34.2186	427.121
68.96	454.32	-27.1815	427.138
68.98	462.382	-35.2152	427.167
69	473.329	-46.1966	427.132
69.02	466.152	-38.9712	427.181
69.04	452.572	-25.3739	427.198
69.06	458.716	-31.5601	427.156
69.08	460.424	-33.2312	427.193
69.1	465.678	-38.5069	427.171
69.12	470.347	-43.1965	427.15
69.14	464.698	-37.557	427.141
69.16	457.117	-29.9757	427.141
69.18	461.498	-34.3764	427.122
69.2	453.757	-26.6056	427.151
69.22	455.665	-28.5533	427.112
69.24	461.511	-34.3838	427.127
69.26	468.79	-41.6749	427.115
69.28	472.893	-45.784	427.109
69.3	471.175	-44.0742	427.101
69.32	465.612	-38.5221	427.09
69.34	449.216	-22.1078	427.108
69.36	446.977	-19.8538	427.123
69.38	454.53	-27.4142	427.116
69.4	454.926	-27.8331	427.093
69.42	456.522	-29.4082	427.114
69.44	460.426	-33.3221	427.104
69.46	456.127	-29.027	427.1
69.48	459.792	-32.698	427.094
69.5	454.015	-26.9289	427.086
69.52	453.562	-26.4625	427.099
69.54	462.729	-35.6469	427.082
69.56	457.335	-30.2274	427.108
69.58	464.133	-37.0303	427.102
69.6	461.358	-34.2338	427.124
69.62	458.918	-31.7602	427.157
69.64	466.828	-39.6832	427.145
69.66	467.44	-40.308	427.132
69.68	465.407	-38.2642	427.143
69.7	465.741	-38.5956	427.145
69.72	454.517	-27.3904	427.127
69.74	457.907	-30.7705	427.137
69.76	463.285	-36.1377	427.148
69.78	459.924	-32.7947	427.129
69.8	461.163	-34.0248	427.138
69.82	468.094	-40.9401	427.154
69.84	472.266	-45.1162	427.15
69.86	472.179	-45.0565	427.122
69.88	467.779	-40.6677	427.111
69.9	457.09	-29.9523	427.138
69.92	456.038	-28.8946	427.143
69.94	460.369	-33.2222	427.147
69.96	455.243	-28.0538	427.19
69.98	464.926	-37.737	427.189
70	470.785	-43.5876	427.197
70.02	461.068	-33.8521	427.216
70.04	458.654	-31.4615	427.193
70.06	468.504	-41.3297	427.174
70.08	467.42	-40.2333	427.186
70.1	453.743	-26.5526	427.191
70.12	444.896	-17.6905	427.205
70.14	448.826	-21.6362	427.19
70.16	461.483	-34.3088	427.174
70.18	471.174	-44.0132	427.161
70.2	464.635	-37.4042	427.231
70.22	472.107	-44.8953	427.212
70.24	458.311	-31.1773	427.134
70.26	441.894	-14.7487	427.145
70.28	452.576	-25.4084	427.168
70.3	454.427	-27.2284	427.198
70.32	458.742	-31.5615	427.181
70.34	456.088	-28.8857	427.202
70.36	463.075	-35.8851	427.19
70.38	468.438	-41.2689	427.169
70.4	461.964	-34.7792	427.184
70.42	459.326	-32.1238	427.202
70.44	466.325	-39.1515	427.173
70.46	456.68	-29.5195	427.16
70.48	449.327	-22.1306	427.196
70.5	461.644	-34.501	427.143
70.52	461.163	-34.0355	427.128
70.54	450.224	-23.0634	427.161
70.56	463.612	-36.5009	427.111
70.58	471.45	-44.3431	427.107
70.6	470.129	-43.0362	427.093
70.62	460.833	-33.7539	427.079
70.64	456.505	-29.436	427.069
70.66	455.264	-28.1973	427.067
70.68	465.339	-38.2926	427.046
70.7	462.001	-34.954	427.048
70.72	461.557	-34.5022	427.055
70.74	468.625	-41.5381	427.087
70.76	466.643	-39.5535	427.089
70.78	452.511	-25.4032	427.108
70.8	453.963	-26.8777	427.085
70.82	458.866	-31.803	427.063
70.84	465.592	-38.5298	427.063
70.86	461.437	-34.3587	427.079
70.88	463.38	-36.3122	427.068
70.9	458.949	-31.8639	427.085
70.92	449.41	-22.3138	427.096
70.94	457.645	-30.5668	427.078
70.96	473.529	-46.4499	427.079
70.98	458.125	-31.0748	427.051
71	431.993	-4.87669	427.117
71.02	447.672	-20.5889	427.083
71.04	462.302	-35.2245	427.077
71.06	474.432	-47.3774	427.055
71.08	464.826	-37.7602	427.065
71.1	441.541	-14.4402	427.101
71.12	444.08	-17.0186	427.061
71.14	461.256	-34.1489	427.107
71.16	468.123	-41.0222	427.101
71.18	466.587	-39.45	427.137
71.2	468.191	-41.0489	427.142
71.22	465.372	-38.2201	427.152
71.24	454.269	-27.0863	427.183
71.26	450.313	-23.1463	427.167
71.28	441.486	-14.2788	427.207
71.3	453.823	-26.6528	427.17
71.32	464.039	-36.8606	427.179
71.34	464.806	-37.6195	427.187
71.36	459.795	-32.6029	427.192
71.38	462.912	-35.7379	427.174
71.4	463.817	-36.6294	427.187
71.42	465.831	-38.6362	427.195
71.44	465.291	-38.1073	427.184
71.46	454.752	-27.57	427.182
71.48	441.181	-13.9881	427.193
71.5	451.596	-24.4087	427.187
71.52	467.017	-39.8331	427.184
71.54	465.33	-38.1327	427.197
71.56	468.789	-41.5949	427.194
71.58	465.293	-38.1085	427.184
71.6	460.346	-33.1737	427.172
71.62	453.837	-26.688	427.149
71.64	458.103	-30.9484	427.154
71.66	468.842	-41.7067	427.136
71.68	465.782	-38.6565	427.126
71.7	463.114	-35.9922	427.122
71.72	458.583	-31.4454	427.137
71.74	455.273	-28.1433	427.13
71.76	451.01	-23.8786	427.131
71.78	455.159	-28.004	427.155
71.8	473.872	-46.7369	427.135
71.82	473.289	-46.1356	427.154
71.84	465.08	-37.9339	427.147
71.86	451.478	-24.2849	427.193
71.88	459.839	-32.7053	427.134
71.9	464.229	-37.1062	427.123
71.92	461.683	-34.5553	427.128
71.94	460.219	-33.0868	427.132
71.96	452.521	-25.4287	427.092
71.98	450.689	-23.5769	427.112
72	458.418	-31.279	427.139
72.02	456.004	-28.8797	427.125
72.04	460.188	-33.0818	427.107
72.06	441.981	-14.8489	427.132
72.08	446.946	-19.8591	427.087
72.1	467.872	-40.7903	427.081
72.12	454.345	-27.2494	427.096
72.14	448.959	-21.8671	427.092
72.16	459.641	-32.5214	427.119
72.18	462.04	-34.902	427.138
72.2	465.413	-38.2646	427.148
72.22	470.678	-43.5284	427.15
72.24	464.907	-37.7647	427.142
72.26	455.478	-28.2805	427.198
72.28	460.026	-32.8487	427.178
72.3	450.215	-23.0277	427.187
72.32	438.127	-10.9818	427.146
72.34	441.94	-14.7823	427.157
72.36	457.327	-30.1692	427.158
72.38	454.041	-26.875	427.166
72.4	448.858	-21.7313	427.127
72.42	444.328	-17.1844	427.144
72.44	448.382	-21.2202	427.161
72.46	463.018	-35.8922	427.126
72.48	459.137	-31.9925	427.145
72.5	456.198	-29.0366	427.161
72.52	460.917	-33.7829	427.134
72.54	452.685	-25.557	427.129
72.56	414.193	13.0704	427.264
72.58	445.218	-18.0577	427.16
72.6	460.1	-32.913	427.187
72.62	462.971	-35.7596	427.212
72.64	464.285	-37.0743	427.211
72.66	464.536	-37.3509	427.185
72.68	469.484	-42.3133	427.17
72.7	470.43	-43.267	427.163
72.72	447.928	-20.6931	427.235
72.74	456.264	-29.1048	427.159
72.76	444.789	-17.6151	427.174
72.78	439.188	-12.041	427.147
72.8	441.703	-14.5207	427.182
72.82	460.659	-33.4986	427.161
72.84	474.415	-47.2434	427.171
72.86	475.649	-48.4999	427.149
72.88	470.148	-42.9835	427.164
72.9	459.065	-31.872	427.193
72.92	452.728	-25.5711	427.157
72.94	458.159	-31.0123	427.146
72.96	463.55	-36.4076	427.143
72.98	466.858	-39.7063	427.152
73	468.736	-41.626	427.11
73.02	445.853	-18.7421	427.111
73.04	429.206	-2.04029	427.166
73.06	468.552	-41.4862	427.066
73.08	473.107	-45.9923	427.115
73.1	460.998	-33.8395	427.158
73.12	457.008	-29.9003	427.108
73.14	448.799	-21.7133	427.086
73.16	452.041	-24.9468	427.094
73.18	463.344	-36.2441	427.099
73.2	455.206	-28.1078	427.098
73.22	456.318	-29.2157	427.102
73.24	464.363	-37.2693	427.094
73.26	463.23	-36.1455	427.084
73.28	461.727	-34.6354	427.091
73.3	462.11	-34.9931	427.116
73.32	466.307	-39.2203	427.087
73.34	465.639	-38.5432	427.096
73.36	462.331	-35.2631	427.067
73.38	463.147	-36.075	427.072
73.4	461.78	-34.7051	427.075
73.42	458.706	-31.626	427.08
73.44	459.614	-32.5285	427.086
73.46	472.045	-44.9983	427.046
73.48	467.719	-40.646	427.073
73.5	460.859	-33.7613	427.098
73.52	465.803	-38.6932	427.11
73.54	460.543	-33.4135	427.13
73.56	454.708	-27.6128	427.095
73.58	451.187	-24.0976	427.089
73.6	434.251	-7.1337	427.118
73.62	445.05	-18.0241	427.026
73.64	444.613	-17.4943	427.119
73.66	469.662	-42.6005	427.062
73.68	469.598	-42.5215	427.076
73.7	455.816	-28.7365	427.08
73.72	444.826	-17.7371	427.089
73.74	448.231	-21.1683	427.063
73.76	459.55	-32.4796	427.07
73.78	470.299	-43.2327	427.067
73.8	464.195	-37.1291	427.066
73.82	443.521	-16.4407	427.08
73.84	455.165	-28.1267	427.038
73.86	472.89	-45.8143	427.075
73.88	473.066	-45.9488	427.117
73.9	470.106	-42.9902	427.116
73.92	467.451	-40.3637	427.087
73.94	451.876	-24.7877	427.088
73.96	451.604	-24.5009	427.103
73.98	458.967	-31.8737	427.094
74	454.648	-27.5299	427.118
74.02	463.009	-35.9215	427.088
74.04	466.969	-39.8898	427.079
74.06	448.47	-21.4688	427.001
74.08	449.988	-22.9946	426.994
74.1	466.385	-39.3588	427.026
74.12	457.202	-30.161	427.041
74.14	442.543	-15.4879	427.055
74.16	451.443	-24.3952	427.048
74.18	461.108	-34.0603	427.048
74.2	464.849	-37.8077	427.041
74.22	459.331	-32.2763	427.054
74.24	451.711	-24.6355	427.075
74.26	452.206	-25.1224	427.084
74.28	459.246	-32.1677	427.078
74.3	457.696	-30.6284	427.067
74.32	451.832	-24.7408	427.091
74.34	465.593	-38.5242	427.069
74.36	467.071	-39.9887	427.083
74.38	462.914	-35.8509	427.063
74.4	455.49	-28.4062	427.083
74.42	452.932	-25.8754	427.057
74.44	434.1	-6.98951	427.11
74.46	445.728	-18.6729	427.055
74.48	460.098	-33.0463	427.052
74.5	464.379	-37.3555	427.023
74.52	450.942	-23.8394	427.102
74.54	449.458	-22.3789	427.08
74.56	442.11	-14.9884	427.122
74.58	462.872	-35.8022	427.07
74.6	460.678	-33.6254	427.052
74.62	453.961	-26.894	427.067
74.64	469.729	-42.6645	427.065
74.66	469.156	-42.0765	427.08
74.68	460.881	-33.794	427.087
74.7	450.811	-23.7231	427.088
74.72	434.754	-7.73068	427.023
74.74	426.984	0.0755342	427.059
74.76	458.551	-31.4753	427.076
74.78	468.972	-41.8992	427.073
74.8	457.184	-30.1113	427.072
74.82	436.854	-9.73669	427.118
74.84	457.792	-30.743	427.049
74.86	469.381	-42.2846	427.096
74.88	461.228	-34.1069	427.121
74.9	457.179	-30.0543	427.125
74.92	464.426	-37.3334	427.093
74.94	451.196	-24.0828	427.113
74.96	442.094	-15.0124	427.082
74.98	435.892	-8.74223	427.15
75	459.739	-32.6119	427.127
75.02	460.556	-33.4187	427.138
75.04	459.446	-32.3011	427.144
75.06	449.938	-22.7781	427.16
75.08	455.516	-28.3913	427.124
75.1	458.838	-31.7206	427.118
75.12	456.493	-29.3365	427.156
75.14	468.843	-41.686	427.157
75.16	470.53	-43.4033	427.127
75.18	467.311	-40.2016	427.109
75.2	454.844	-27.7094	427.135
75.22	464.552	-37.4727	427.079
75.24	462.363	-35.2711	427.092
75.26	455.748	-28.6441	427.104
75.28	462.264	-35.1592	427.105
75.3	469.941	-42.8211	427.12
75.32	464.528	-37.4375	427.09
75.34	452.915	-25.781	427.134
75.36	456.593	-29.4869	427.106
75.38	453.144	-26.0203	427.124
75.4	446.791	-19.6616	427.13
75.42	454.617	-27.5226	427.095
75.44	459.548	-32.4072	427.141
75.46	465.627	-38.5117	427.116
75.48	470.072	-42.9471	427.125
75.5	469.584	-42.4267	427.157
75.52	462.997	-35.8357	427.161
75.54	464.036	-36.8794	427.157
75.56	462.73	-35.6123	427.118
75.58	459.311	-32.195	427.116
75.6	461.102	-34.0207	427.081
75.62	452.108	-25.0345	427.073
75.64	450.738	-23.6711	427.066
75.66	464.664	-37.5998	427.064
75.68	466.688	-39.6321	427.056
75.7	464.966	-37.9021	427.064
75.72	463.154	-36.0986	427.055
75.74	464.424	-37.3614	427.063
75.76	465.183	-38.1183	427.065
75.78	463.068	-35.9773	427.091
75.8	468.137	-41.0572	427.08
75.82	466.964	-39.9169	427.047
75.84	447.363	-20.2801	427.083
75.86	444.947	-17.8757	427.071
75.88	453.872	-26.8314	427.04
75.9	453.051	-26.0103	427.041
75.92	447.963	-20.9285	427.035
75.94	454.887	-27.8221	427.065
75.96	467.818	-40.7635	427.054
75.98	461.799	-34.7449	427.054
76	448.01	-20.9251	427.085
76.02	459.716	-32.6425	427.074
76.04	466.543	-39.4452	427.098
76.06	472.464	-45.3645	427.099
76.08	464.709	-37.6414	427.068
76.1	456.007	-28.9844	427.023
76.12	459.549	-32.5208	427.028
76.14	465.3	-38.2675	427.033
76.16	469.209	-42.176	427.033
76.18	465.038	-38.0085	427.03
76.2	461.931	-34.934	426.997
76.22	463.237	-36.2394	426.997
76.24	468.216	-41.2142	427.001
76.26	469.507	-42.5262	426.981
76.28	468.998	-41.9933	427.005
76.3	461.327	-34.3064	427.021
76.32	457.683	-30.6617	427.021
76.34	458.606	-31.5811	427.025
76.36	463.163	-36.1499	427.013
76.38	467.025	-40.0144	427.011
76.4	474.853	-47.8361	427.017
76.42	472.897	-45.9123	426.985
76.44	460.199	-33.1644	427.034
76.46	463.082	-36.0764	427.006
76.48	458.853	-31.8256	427.028
76.5	467.084	-40.071	427.013
76.52	467.615	-40.5518	427.063
76.54	475.068	-48.0544	427.014
76.56	472.997	-46.0039	426.993
76.58	470.503	-43.5042	426.999
76.6	463.41	-36.4223	426.988
76.62	457.517	-30.5468	426.97
76.64	461.334	-34.3529	426.981
76.66	460.754	-33.7621	426.992
76.68	457.508	-30.5045	427.003
76.7	461.566	-34.535	427.031
76.72	464.283	-37.2586	427.024
76.74	454.301	-27.2828	427.018
76.76	457.538	-30.5099	427.028
76.78	474.458	-47.4574	427
76.8	471.618	-44.6518	426.966
76.82	447.156	-20.1478	427.008
76.84	451.567	-24.6081	426.958
76.86	454.232	-27.2985	426.933
76.88	435.607	-8.6084	426.999
76.9	449.546	-22.6149	426.931
76.92	460.493	-33.5513	426.941
76.94	449.252	-22.3012	426.951
76.96	436.318	-9.40427	426.914
76.98	442.155	-15.2075	426.948
77	469.214	-42.2535	426.96
77.02	448.106	-21.1246	426.981
77.04	433.648	-6.63658	427.011
77.06	442.556	-15.5716	426.984
77.08	453.007	-26.0326	426.974
77.1	462.943	-35.9554	426.987
77.12	469.864	-42.8877	426.977
77.14	468.936	-41.9813	426.954
77.16	457.119	-30.1592	426.959
77.18	463.762	-36.8272	426.934
77.2	465.782	-38.8326	426.95
77.22	463.395	-36.418	426.977
77.24	459.916	-32.9401	426.976
77.26	464.777	-37.7972	426.979
77.28	469.269	-42.281	426.988
77.3	467.109	-40.1063	427.002
77.32	454.393	-27.3601	427.033
77.34	443.637	-16.6086	427.028
77.36	460.999	-33.9869	427.012
77.38	471.517	-44.4751	427.041
77.4	464.518	-37.4411	427.077
77.42	458.348	-31.2608	427.087
77.44	464.098	-37.0387	427.059
77.46	464.123	-37.0502	427.073
77.48	462.971	-35.8879	427.083
77.5	455.43	-28.3547	427.076
77.52	456.413	-29.3024	427.11
77.54	470.718	-43.6447	427.073
77.56	471.893	-44.8151	427.078
77.58	468.588	-41.4844	427.104
77.6	466.004	-38.9018	427.103
77.62	459.722	-32.618	427.104
77.64	459.479	-32.3948	427.084
77.66	466.046	-38.9667	427.079
77.68	472.774	-45.7301	427.044
77.7	465.628	-38.6154	427.012
77.72	427.148	-0.0167933	427.131
77.74	449.534	-22.4766	427.058
77.76	462.436	-35.3539	427.082
77.78	469.042	-41.969	427.073
77.8	466.157	-39.106	427.051
77.82	454.374	-27.2804	427.094
77.84	459.924	-32.8359	427.088
77.86	465.122	-38.033	427.089
77.88	466.779	-39.6932	427.086
77.9	466.606	-39.5136	427.093
77.92	470.429	-43.3558	427.074
77.94	468.167	-41.0616	427.105
77.96	462.78	-35.6987	427.081
77.98	454.794	-27.6923	427.102
78	454.38	-27.2919	427.088
78.02	456.776	-29.6787	427.097
78.04	464.924	-37.8062	427.118
78.06	462.332	-35.1897	427.142
78.08	455.065	-27.9037	427.161
78.1	459.121	-31.9782	427.143
78.12	451.283	-24.0738	427.209
78.14	460.788	-33.6377	427.151
78.16	446.939	-19.7293	427.209
78.18	451.158	-23.9988	427.159
78.2	441.208	-13.9914	427.216
78.22	465.478	-38.3672	427.111
78.24	461.226	-34.0928	427.133
78.26	444.202	-17.0341	427.168
78.28	444.955	-17.8088	427.147
78.3	463.138	-36.0268	427.111
78.32	469.684	-42.5675	427.117
78.34	441.614	-14.4321	427.181
78.36	457.488	-30.3918	427.097
78.38	457.519	-30.4121	427.107
78.4	455.555	-28.4205	427.135
78.42	460.604	-33.5004	427.104
78.44	461.438	-34.3392	427.099
78.46	458.019	-30.8997	427.119
78.48	442.534	-15.42	427.114
78.5	429.49	-2.34636	427.144
78.52	446.599	-19.502	427.097
78.54	460.952	-33.85	427.102
78.56	460.359	-33.2297	427.129
78.58	452.775	-25.6109	427.165
78.6	455.476	-28.3212	427.155
78.62	457.386	-30.2065	427.18
78.64	463.346	-36.1866	427.159
78.66	467.66	-40.4971	427.163
78.68	464.762	-37.5946	427.168
78.7	448.851	-21.6971	427.154
78.72	437.177	-10.0368	427.14
78.74	439.067	-11.9227	427.144
78.76	454.967	-27.8415	427.126
78.78	465.089	-37.9493	427.14
78.8	451.225	-24.0204	427.205
78.82	465.814	-38.6701	427.144
78.84	470.587	-43.4327	427.154
78.86	460.357	-33.234	427.123
78.88	450.334	-23.1983	427.136
78.9	448.134	-21.0056	427.128
78.92	417.385	9.82629	427.211
78.94	434.273	-7.12894	427.144
78.96	441.458	-14.3041	427.154
78.98	445.209	-18.0223	427.186
79	461.865	-34.7389	427.126
79.02	461.491	-34.3504	427.141
79.04	462.721	-35.5864	427.134
79.06	467.811	-40.6466	427.165
79.08	467.869	-40.7066	427.162
79.1	456.66	-29.4679	427.192
79.12	448.817	-21.6165	427.201
79.14	451.774	-24.5913	427.183
79.16	449.61	-22.4375	427.172
79.18	445.891	-18.7126	427.178
79.2	451.518	-24.3532	427.165
79.22	446.77	-19.606	427.164
79.24	445.922	-18.8007	427.122
79.26	429.3	-2.12589	427.174
79.28	451.522	-24.4107	427.111
79.3	468.261	-41.1213	427.139
79.32	467.915	-40.7837	427.131
79.34	462.678	-35.5539	427.124
79.36	459.776	-32.6323	427.143
79.38	462.571	-35.4468	427.124
79.4	462.338	-35.2043	427.134
79.42	462.346	-35.2054	427.14
79.44	457.724	-30.5744	427.15
79.46	433.135	-5.95238	427.183
79.48	444.019	-16.896	427.123
79.5	459.596	-32.4244	427.172
79.52	463.827	-36.6518	427.175
79.54	452.113	-24.9272	427.186
79.56	446.774	-19.5962	427.178
79.58	453.389	-26.2086	427.181
79.6	456.112	-28.9342	427.178
79.62	454.229	-27.0499	427.179
79.64	457.702	-30.5386	427.164
79.66	457.854	-30.6905	427.164
79.68	454.377	-27.2002	427.176
79.7	466.427	-39.2717	427.156
79.72	464.161	-36.9928	427.168
79.74	443.04	-15.8256	427.215
79.76	448.628	-21.4514	427.176
79.78	461.516	-34.3674	427.149
79.8	466.556	-39.4106	427.145
79.82	470.752	-43.5998	427.152
79.84	468.752	-41.6265	427.126
79.86	453.823	-26.6868	427.136
79.88	446.673	-19.5373	427.136
79.9	442.023	-14.8635	427.159
79.92	447.829	-20.6989	427.13
79.94	460.822	-33.705	427.117
79.96	462.263	-35.1277	427.135
79.98	450.01	-22.8712	427.139
80	447.029	-19.9063	427.123
80.02	449.616	-22.4769	427.139
80.04	455.273	-28.1438	427.129
80.06	462.543	-35.4178	427.125
80.08	467.092	-39.9799	427.112
80.1	465.058	-37.9671	427.09
80.12	463.244	-36.1571	427.087
80.14	462.345	-35.2489	427.096
80.16	467.457	-40.3592	427.098
80.18	470.362	-43.2732	427.089
80.2	469.584	-42.4799	427.104
80.22	464.076	-36.9664	427.109
80.24	457.507	-30.3854	427.122
80.26	452.911	-25.7936	427.117
80.28	449.534	-22.404	427.13
80.3	457.653	-30.5553	427.097
80.32	450.734	-23.6329	427.101
80.34	445.971	-18.8364	427.135
80.36	464.862	-37.7454	427.116
80.38	467.358	-40.241	427.117
80.4	454.907	-27.745	427.162
80.42	464.7	-37.5528	427.147
80.44	467.426	-40.2911	427.135
80.46	456.518	-29.3905	427.127
80.48	449.142	-22.0778	427.064
80.5	449.198	-22.095	427.103
80.52	458.748	-31.669	427.079
80.54	442.707	-15.5753	427.131
80.56	457.254	-30.1744	427.08
80.58	456.273	-29.1508	427.122
80.6	455.861	-28.7419	427.119
80.62	455.188	-28.0842	427.104
80.64	459.825	-32.7231	427.102
80.66	463.87	-36.7437	427.126
80.68	464.349	-37.2206	427.129
80.7	465.264	-38.1862	427.078
80.72	450.236	-23.0994	427.137
80.74	452.664	-25.5447	427.119
80.76	459.531	-32.3995	427.131
80.78	466.287	-39.1994	427.087
80.8	456.576	-29.5119	427.064
80.82	452.874	-25.7545	427.119
80.84	469.454	-42.3892	427.065
80.86	467.113	-40.031	427.082
80.88	460.795	-33.7203	427.074
80.9	461.351	-34.3019	427.049
80.92	449.829	-22.7224	427.106
80.94	464.44	-37.377	427.063
80.96	464.751	-37.6786	427.073
80.98	459.746	-32.6453	427.101
81	455.813	-28.6658	427.147
81.02	456.727	-29.5974	427.13
81.04	461.76	-34.651	427.109
81.06	458.159	-31.0366	427.123
81.08	469.507	-42.4165	427.09
81.1	477.709	-50.6141	427.095
81.12	474.286	-47.2231	427.063
81.14	440.847	-13.771	427.076
81.16	449.783	-22.7474	427.036
81.18	464.88	-37.7992	427.081
81.2	467.582	-40.514	427.068
81.22	457.599	-30.528	427.071
81.24	456.254	-29.1882	427.066
81.26	468.062	-40.9852	427.077
81.28	465.874	-38.7901	427.084
81.3	457.881	-30.769	427.112
81.32	463.859	-36.7971	427.062
81.34	449.964	-22.8867	427.077
81.36	445.928	-18.8345	427.094
81.38	458.393	-31.3185	427.074
81.4	462.465	-35.3858	427.079
81.42	456.157	-29.0803	427.077
81.44	450.212	-23.1292	427.083
81.46	466.34	-39.2805	427.059
81.48	466.461	-39.3688	427.092
81.5	441.656	-14.519	427.137
81.52	450.794	-23.6734	427.121
81.54	466.289	-39.1819	427.107
81.56	454.756	-27.6234	427.133
81.58	460.559	-33.4601	427.099
81.6	467.373	-40.2416	427.132
81.62	466.388	-39.3022	427.085
81.64	464.852	-37.7719	427.08
81.66	460.798	-33.6959	427.102
81.68	463.798	-36.6891	427.108
81.7	464.978	-37.8868	427.091
81.72	464.77	-37.6875	427.083
81.74	458.311	-31.2047	427.106
81.76	464.375	-37.2738	427.102
81.78	462.393	-35.2804	427.112
81.8	460.637	-33.5302	427.107
81.82	465.318	-38.2359	427.082
81.84	460.687	-33.6053	427.081
81.86	448.085	-21.0072	427.078
81.88	441.66	-14.5919	427.068
81.9	437.468	-10.3633	427.105
81.92	444.885	-17.7997	427.086
81.94	453.433	-26.3064	427.127
81.96	465.224	-38.1014	427.123
81.98	466.537	-39.3983	427.138
82	459.115	-31.9964	427.118
82.02	457.531	-30.3974	427.134
82.04	464.17	-37.0275	427.143
82.06	461.386	-34.217	427.169
82.08	458.631	-31.5007	427.13
82.1	459.018	-31.8853	427.133
82.12	458.704	-31.5575	427.147
82.14	460.935	-33.7881	427.147
82.16	467.977	-40.8543	427.123
82.18	465.091	-37.9621	427.128
82.2	461.376	-34.2534	427.122
82.22	458.314	-31.2122	427.102
82.24	453.192	-26.0814	427.111
82.26	460.408	-33.3309	427.078
82.28	465.409	-38.3143	427.095
82.3	461.735	-34.6191	427.116
82.32	456.54	-29.3797	427.16
82.34	459.572	-32.4247	427.147
82.36	467.647	-40.5035	427.143
82.38	472.738	-45.5936	427.144
82.4	473.656	-46.5181	427.138
82.42	469.432	-42.3188	427.113
82.44	460.449	-33.331	427.118
82.46	454.403	-27.2994	427.103
82.48	454.585	-27.484	427.101
82.5	460.59	-33.4903	427.099
82.52	453.808	-26.6812	427.127
82.54	458.549	-31.4203	427.129
82.56	466.419	-39.2765	427.143
82.58	470.743	-43.5984	427.145
82.6	473.621	-46.462	427.159
82.62	471.158	-44.0038	427.154
82.64	464.098	-36.9302	427.167
82.66	458.043	-30.8528	427.19
82.68	464.583	-37.4571	427.126
82.7	443.052	-15.8256	427.227
82.72	461.75	-34.6161	427.134
82.74	466.244	-39.0904	427.154
82.76	458.98	-31.8307	427.149
82.78	458.952	-31.8232	427.129
82.8	467.357	-40.251	427.106
82.82	460.353	-33.2396	427.114
82.84	447.864	-20.7276	427.137
82.86	454.477	-27.383	427.094
82.88	451.638	-24.512	427.126
82.9	447.317	-20.1845	427.133
82.92	450.909	-23.7724	427.136
82.94	457.286	-30.115	427.171
82.96	463.292	-36.1201	427.172
82.98	462.914	-35.743	427.171
83	465.919	-38.7416	427.177
83.02	457.073	-29.9412	427.132
83.04	423.767	3.44013	427.207
83.06	445.741	-18.6048	427.137
83.08	458.572	-31.4237	427.148
83.1	455.803	-28.6325	427.171
83.12	457.299	-30.1251	427.174
83.14	459.169	-31.9909	427.179
83.16	456.407	-29.2256	427.181
83.18	458.863	-31.6788	427.184
83.2	450.876	-23.6766	427.199
83.22	451.664	-24.5052	427.159
83.24	448.537	-21.3532	427.184
83.26	461.786	-34.6589	427.127
83.28	462.733	-35.5925	427.141
83.3	455.278	-28.1595	427.119
83.32	446.74	-19.6352	427.105
83.34	454.596	-27.5256	427.07
83.36	453.739	-26.657	427.082
83.38	442.759	-15.6231	427.136
83.4	465.799	-38.7341	427.064
83.42	459.684	-32.5807	427.103
83.44	446.655	-19.5594	427.096
83.46	445.079	-17.9675	427.112
83.48	456.683	-29.587	427.096
83.5	463.58	-36.4737	427.107
83.52	450.326	-23.2637	427.062
83.54	433.035	-5.91133	427.124
83.56	453.688	-26.6187	427.069
83.58	455.27	-28.1516	427.118
83.6	463.719	-36.625	427.094
83.62	456.6	-29.4721	427.128
83.64	461.122	-34.0088	427.113
83.66	467.236	-40.1125	427.124
83.68	469.117	-41.9859	427.131
83.7	469.14	-41.9968	427.143
83.72	460.049	-32.9145	427.135
83.74	434.715	-7.53593	427.179
83.76	445.579	-18.4511	427.128
83.78	442.866	-15.6918	427.174
83.8	464.129	-37.011	427.118
83.82	466.18	-39.0155	427.165
83.84	456.248	-29.049	427.199
83.86	458.426	-31.2315	427.195
83.88	457.671	-30.5049	427.166
83.9	457.4	-30.2312	427.169
83.92	453.012	-25.8431	427.169
83.94	459.769	-32.6017	427.167
83.96	461.639	-34.4771	427.162
83.98	453.241	-26.056	427.185
84	460.263	-33.1097	427.153
84.02	469.52	-42.3941	427.126
84.04	453.114	-25.957	427.157
84.06	449.876	-22.7349	427.141
84.08	456.657	-29.5351	427.122
84.1	450.067	-22.9182	427.149
84.12	452.916	-25.7654	427.151
84.14	438.534	-11.3381	427.196
84.16	460.015	-32.8554	427.159
84.18	468.055	-40.8731	427.182
84.2	467.877	-40.6973	427.179
84.22	464.567	-37.3886	427.178
84.24	462.612	-35.4403	427.172
84.26	455.914	-28.7486	427.165
84.28	444.811	-17.6175	427.194
84.3	452.061	-24.8872	427.174
84.32	459.509	-32.3436	427.165
84.34	463.014	-35.85	427.164
84.36	461.268	-34.1201	427.147
84.38	464.606	-37.4656	427.141
84.4	460.731	-33.5927	427.138
84.42	455.14	-27.9945	427.145
84.44	460.495	-33.3905	427.105
84.46	448.016	-20.8858	427.13
84.48	459.041	-31.9165	427.125
84.5	453.969	-26.8375	427.131
84.52	434.404	-7.26202	427.142
84.54	434.579	-7.43529	427.143
84.56	448.082	-20.9658	427.116
84.58	458.662	-31.5418	427.121
84.6	459.563	-32.4287	427.134
84.62	454.948	-27.8079	427.14
84.64	463.437	-36.3254	427.111
84.66	467.65	-40.5306	427.119
84.68	468.297	-41.1957	427.102
84.7	453.792	-26.6911	427.1
84.72	443.891	-16.782	427.109
84.74	442.961	-15.8514	427.109
84.76	447.537	-20.4636	427.074
84.78	433.145	-6.03154	427.114
84.8	452.242	-25.1879	427.054
84.82	463.281	-36.1923	427.089
84.84	461.894	-34.8199	427.075
84.86	452.109	-25.0292	427.08
84.88	458.238	-31.1771	427.06
84.9	459.381	-32.3048	427.076
84.92	455.274	-28.2046	427.069
84.94	454.834	-27.7656	427.068
84.96	457.578	-30.5236	427.055
84.98	462.763	-35.6711	427.092
85	461.823	-34.7366	427.086
85.02	455.702	-28.6125	427.09
85.04	460.702	-33.6101	427.092
85.06	465.516	-38.4475	427.069
85.08	455.852	-28.7988	427.053
85.1	451.065	-23.9956	427.07
85.12	452.508	-25.3676	427.14
85.14	460.14	-33.0334	427.106
85.16	456.431	-29.3497	427.081
85.18	443.965	-16.8696	427.096
85.2	443.456	-16.3947	427.062
85.22	452.043	-24.9902	427.053
85.24	453.635	-26.5401	427.095
85.26	456.664	-29.5942	427.07
85.28	458.736	-31.638	427.098
85.3	459.64	-32.5159	427.124
85.32	467.688	-40.5487	427.139
85.34	453.425	-26.2815	427.144
85.36	433.395	-6.24053	427.154
85.38	424.466	2.65772	427.124
85.4	430.697	-3.55674	427.14
85.42	451.808	-24.7087	427.1
85.44	447.641	-20.5032	427.138
85.46	464.125	-37.0358	427.089
85.48	465.746	-38.6536	427.093
85.5	463.778	-36.6764	427.101
85.52	465.032	-37.9422	427.09
85.54	462.889	-35.7978	427.091
85.56	456.53	-29.4444	427.086
85.58	453.8	-26.7454	427.054
85.6	451.472	-24.4095	427.062
85.62	460.649	-33.6197	427.029
85.64	459.088	-32.0415	427.047
85.66	460.704	-33.6338	427.07
85.68	462.005	-34.9629	427.042
85.7	460.452	-33.3975	427.054
85.72	458.712	-31.6599	427.052
85.74	461.673	-34.6792	426.994
85.76	437.069	-10.0626	427.007
85.78	428.272	-1.2471	427.024
85.8	462.653	-35.6916	426.961
85.82	469.07	-42.1232	426.947
85.84	453.381	-26.3396	427.042
85.86	472.62	-45.5811	427.039
85.88	474.491	-47.4271	427.064
85.9	470.591	-43.4998	427.091
85.92	467.318	-40.2266	427.091
85.94	469.714	-42.6487	427.065
85.96	471.483	-44.4271	427.056
85.98	473.03	-45.9916	427.039
86	471.739	-44.6836	427.056
86.02	459.768	-32.7347	427.033
86.04	436.879	-9.8137	427.066
86.06	439.291	-12.2182	427.072
86.08	457.502	-30.4564	427.046
86.1	470.078	-43.0381	427.04
86.12	460.492	-33.3808	427.111
86.14	470.29	-43.2109	427.079
86.16	469.97	-42.832	427.138
86.18	468.079	-40.93	427.149
86.2	461.562	-34.3931	427.169
86.22	456.305	-29.1445	427.16
86.24	461.536	-34.3946	427.141
86.26	461.643	-34.5144	427.129
86.28	451.844	-24.6888	427.155
86.3	456.066	-28.9406	427.126
86.32	454.917	-27.7457	427.171
86.34	469.22	-42.0721	427.148
86.36	476.331	-49.1605	427.17
86.38	472.269	-45.1138	427.155
86.4	463.905	-36.7597	427.145
86.42	460.552	-33.4095	427.143
86.44	464.577	-37.4948	427.082
86.46	456.879	-29.8222	427.057
86.48	443.226	-16.1199	427.106
86.5	458.064	-30.9881	427.076
86.52	468.524	-41.4384	427.086
86.54	470.92	-43.8548	427.065
86.56	464.866	-37.8075	427.058
86.58	460.926	-33.8418	427.084
86.6	468.92	-41.8417	427.079
86.62	473.704	-46.6153	427.089
86.64	470.842	-43.7552	427.086
86.66	458.059	-30.961	427.098
86.68	451.817	-24.6984	427.119
86.7	464.08	-36.9833	427.097
86.72	466.426	-39.3241	427.102
86.74	467.004	-39.8937	427.111
86.76	467.326	-40.2272	427.098
86.78	461.672	-34.5757	427.096
86.8	461.287	-34.2163	427.071
86.82	463.056	-35.9575	427.099
86.84	458.84	-31.7291	427.111
86.86	457.057	-29.9167	427.14
86.88	467.369	-40.2682	427.101
86.9	467.701	-40.5955	427.105
86.92	468.683	-41.6015	427.082
86.94	471.224	-44.1527	427.071
86.96	469.699	-42.6277	427.072
86.98	462.171	-35.1052	427.066
87	449.457	-22.3629	427.094
87.02	449.597	-22.4967	427.101
87.04	457.553	-30.4599	427.093
87.06	469.312	-42.2023	427.109
87.08	475.014	-47.954	427.06
87.1	463.529	-36.4406	427.089
87.12	460.552	-33.4958	427.056
87.14	456.5	-29.4301	427.07
87.16	457.877	-30.8084	427.068
87.18	454.313	-27.2263	427.087
87.2	455.518	-28.4611	427.057
87.22	456.433	-29.3581	427.075
87.24	457.487	-30.4333	427.053
87.26	453.206	-26.1418	427.064
87.28	466.904	-39.8618	427.042
87.3	464.625	-37.5966	427.029
87.32	453.567	-26.5183	427.049
87.34	459.165	-32.0979	427.067
87.36	472.165	-45.1162	427.049
87.38	475.932	-48.8835	427.049
87.4	473.924	-46.8672	427.057
87.42	459.611	-32.5057	427.105
87.44	458.124	-31.005	427.119
87.46	459.131	-31.9821	427.149
87.48	458.081	-30.9301	427.151
87.5	462.56	-35.4072	427.153
87.52	467.734	-40.5802	427.154
87.54	470.607	-43.4783	427.128
87.56	468.1	-40.958	427.142
87.58	456.134	-29.0328	427.101
87.6	444.017	-16.8783	427.139
87.62	468.218	-41.1429	427.075
87.64	472.512	-45.4487	427.063
87.66	466.894	-39.7984	427.095
87.68	470.667	-43.6124	427.054
87.7	465.619	-38.5514	427.068
87.72	460.55	-33.4504	427.1
87.74	470.074	-42.967	427.107
87.76	466.981	-39.8613	427.119
87.78	459.079	-31.9553	427.124
87.8	461.24	-34.1151	427.124
87.82	468.84	-41.7333	427.106
87.84	467.159	-40.0303	427.128
87.86	468.328	-41.1886	427.139
87.88	476.481	-49.4074	427.074
87.9	461.917	-34.8037	427.113
87.92	465.593	-38.5035	427.09
87.94	455.805	-28.7086	427.097
87.96	446.88	-19.76	427.12
87.98	461.911	-34.8205	427.091
88	470.271	-43.2036	427.068
88.02	455.953	-28.8396	427.114
88.04	470.499	-43.4183	427.081
88.06	468.11	-41.0322	427.078
88.08	471.05	-43.996	427.054
88.1	473.951	-46.8655	427.085
88.12	471.936	-44.8711	427.065
88.14	468.29	-41.2156	427.075
88.16	458.945	-31.9288	427.016
88.18	448.958	-21.9039	427.054
88.2	468.417	-41.3703	427.046
88.22	472.564	-45.4915	427.073
88.24	473.887	-46.8261	427.061
88.26	455.818	-28.7441	427.074
88.28	466.486	-39.4416	427.044
88.3	473.36	-46.2713	427.089
88.32	473.47	-46.4061	427.064
88.34	473.136	-46.0774	427.058
88.36	472.896	-45.8494	427.046
88.38	471.973	-44.9294	427.043
88.4	460.826	-33.7815	427.045
88.42	437.708	-10.5978	427.11
88.44	449.737	-22.6517	427.085
88.46	469.088	-41.9956	427.092
88.48	473.127	-46.0207	427.106
88.5	472.022	-44.8987	427.124
88.52	472.081	-44.9591	427.122
88.54	465.222	-38.1375	427.085
88.56	458.572	-31.4393	427.133
88.58	457.729	-30.6055	427.123
88.6	453.473	-26.3527	427.12
88.62	460.336	-33.2563	427.08
88.64	455.083	-27.9706	427.112
88.66	463.545	-36.4772	427.067
88.68	470.191	-43.0877	427.103
88.7	466.92	-39.802	427.118
88.72	467.024	-39.8959	427.128
88.74	462.148	-35.0296	427.118
88.76	458.71	-31.6279	427.082
88.78	445.152	-18.0096	427.142
88.8	454.579	-27.4639	427.115
88.82	467.731	-40.6374	427.094
88.84	466.443	-39.2922	427.151
88.86	467.052	-39.9357	427.116
88.88	456.757	-29.6198	427.137
88.9	462.675	-35.5672	427.107
88.92	464.099	-36.9986	427.1
88.94	460.89	-33.8385	427.052
88.96	455.991	-28.9175	427.074
88.98	466.803	-39.7674	427.035
89	463.887	-36.8449	427.042
89.02	452.035	-24.9638	427.071
89.04	458.757	-31.7157	427.041
89.06	461.683	-34.6233	427.059
89.08	470.649	-43.6069	427.042
89.1	475.665	-48.614	427.051
89.12	478.248	-51.214	427.034
89.14	477.699	-50.6709	427.028
89.16	465.555	-38.5466	427.009
89.18	432.791	-5.71459	427.077
89.2	440.268	-13.2086	427.059
89.22	467.422	-40.405	427.017
89.24	470.946	-43.9009	427.045
89.26	463.98	-36.9123	427.068
89.28	474.665	-47.6179	427.047
89.3	471.136	-44.0661	427.07
89.32	460.495	-33.4071	427.088
89.34	458.014	-30.9402	427.073
89.36	461.859	-34.7629	427.096
89.38	465.891	-38.7722	427.118
89.4	464.012	-36.9002	427.112
89.42	465.601	-38.4699	427.131
89.44	461.611	-34.4396	427.171
89.46	455.695	-28.5264	427.168
89.48	455.765	-28.5912	427.174
89.5	458.992	-31.895	427.097
89.52	448.211	-21.0411	427.17
89.54	463.538	-36.3907	427.147
89.56	459.934	-32.7799	427.154
89.58	466.799	-39.6785	427.12
89.6	466.567	-39.4494	427.118
89.62	468.887	-41.7648	427.122
89.64	472.973	-45.8502	427.122
89.66	470.439	-43.3261	427.113
89.68	464.849	-37.7275	427.121
89.7	465.994	-38.8672	427.127
89.72	465.413	-38.3087	427.104
89.74	467.589	-40.4938	427.095
89.76	472.06	-44.9711	427.088
89.78	456.399	-29.3169	427.082
89.8	446.729	-19.6288	427.1
89.82	459.576	-32.4788	427.097
89.84	465.074	-37.9626	427.111
89.86	468.078	-40.9675	427.11
89.88	466.668	-39.575	427.093
89.9	465.752	-38.6494	427.103
89.92	468.035	-40.9529	427.082
89.94	457.234	-30.1197	427.114
89.96	459.526	-32.43	427.096
89.98	469.407	-42.3055	427.102
90	473.793	-46.6705	427.123
90.02	462.382	-35.313	427.069
90.04	437.68	-10.5371	427.143
90.06	452.617	-25.5165	427.101
90.08	464.05	-36.972	427.078
90.1	463.774	-36.6719	427.102
90.12	458.654	-31.5307	427.124
90.14	454.795	-27.6737	427.121
90.16	460.822	-33.7345	427.087
90.18	461.53	-34.403	427.127
90.2	463.625	-36.5171	427.108
90.22	455.545	-28.4437	427.102
90.24	454.151	-27.047	427.104
90.26	461.28	-34.2597	427.021
90.28	452.483	-25.4376	427.045
90.3	469.168	-42.1354	427.032
90.32	443.875	-16.7503	427.124
90.34	454.9	-27.8307	427.069
90.36	451.879	-24.7855	427.094
90.38	448.905	-21.8192	427.086
90.4	460.027	-32.9854	427.042
90.42	461.449	-34.4019	427.047
90.44	469.549	-42.5057	427.043
90.46	463.199	-36.1501	427.049
90.48	452.463	-25.3726	427.091
90.5	468.691	-41.6318	427.06
90.52	470.06	-42.9924	427.068
90.54	449.546	-22.4735	427.072
90.56	440.358	-13.2902	427.068
90.58	462.182	-35.1376	427.044
90.6	460.873	-33.8703	427.002
90.62	450.688	-23.6512	427.037
90.64	460.935	-33.9026	427.032
90.66	460.828	-33.7888	427.04
90.68	461.444	-34.3932	427.051
90.7	462.564	-35.4789	427.085
90.72	465.481	-38.4252	427.056
90.74	462.833	-35.7751	427.058
90.76	460.256	-33.2002	427.056
90.78	460.938	-33.9599	426.978
90.8	446.06	-19.0079	427.052
90.82	451.659	-24.6061	427.052
90.84	461.914	-34.9164	426.998
90.86	453.506	-26.4972	427.009
90.88	452.452	-25.4789	426.973
90.9	446.849	-19.8624	426.987
90.92	456.704	-29.7227	426.981
90.94	463.259	-36.2927	426.966
90.96	457.345	-30.3926	426.952
90.98	455.053	-28.1216	426.932
91	462.775	-35.8612	426.914
91.02	464.401	-37.4635	426.938
91.04	454.333	-27.3787	426.955
91.06	450.501	-23.4949	427.006
91.08	462.343	-35.3462	426.996
91.1	465.352	-38.3709	426.981
91.12	468.636	-41.6017	427.034
91.14	468.526	-41.5104	427.016
91.16	454.181	-27.1121	427.069
91.18	462.193	-35.1732	427.02
91.2	465.896	-38.8816	427.015
91.22	457.02	-30.0071	427.013
91.24	446.552	-19.5231	427.029
91.26	444.077	-17.0285	427.048
91.28	462.406	-35.3977	427.008
91.3	471.909	-44.8819	427.027
91.32	471.528	-44.4579	427.07
91.34	468.754	-41.6762	427.078
91.36	465.421	-38.3288	427.092
91.38	457.279	-30.2005	427.079
91.4	451.594	-24.4947	427.1
91.42	461.797	-34.7107	427.086
91.44	464.93	-37.8384	427.092
91.46	457.911	-30.8089	427.102
91.48	466.918	-39.8282	427.09
91.5	461.378	-34.3029	427.075
91.52	435.098	-7.93489	427.163
91.54	456.509	-29.399	427.11
91.56	462.061	-34.9595	427.101
91.58	458.264	-31.1459	427.118
91.6	463.952	-36.8474	427.105
91.62	456.502	-29.366	427.136
91.64	452.471	-25.3124	427.158
91.66	463.084	-35.972	427.112
91.68	469.598	-42.4713	427.126
91.7	466.166	-39.0405	427.125
91.72	456.061	-28.8787	427.182
91.74	459.025	-31.8641	427.161
91.76	458.535	-31.3623	427.173
91.78	457.083	-29.9267	427.157
91.8	450.684	-23.5292	427.155
91.82	450.949	-23.7776	427.171
91.84	460.551	-33.3797	427.172
91.86	469.551	-42.3981	427.153
91.88	469.09	-41.9296	427.16
91.9	461.074	-33.8958	427.178
91.92	456.019	-28.8544	427.165
91.94	456.586	-29.4264	427.159
91.96	458.92	-31.7707	427.149
91.98	456.371	-29.202	427.169
92	452.192	-25.0631	427.129
92.02	450.037	-22.8888	427.148
92.04	462.164	-35.0146	427.149
92.06	454.917	-27.7443	427.173
92.08	454.752	-27.5698	427.182
92.1	461.819	-34.6612	427.158
92.12	461	-33.8172	427.183
92.14	463.916	-36.7457	427.171
92.16	460.853	-33.6962	427.157
92.18	450.254	-23.1486	427.106
92.2	439.863	-12.7222	427.141
92.22	456.388	-29.2407	427.148
92.24	454.934	-27.7759	427.158
92.26	447.424	-20.2404	427.184
92.28	456.017	-28.8538	427.163
92.3	460.859	-33.6663	427.192
92.32	458.391	-31.1799	427.212
92.34	459.67	-32.4865	427.184
92.36	460.294	-33.1225	427.172
92.38	454.317	-27.1281	427.188
92.4	459	-31.8336	427.167
92.42	460.803	-33.6143	427.189
92.44	455.943	-28.724	427.219
92.46	461.655	-34.4686	427.186
92.48	459.039	-31.8633	427.176
92.5	456.025	-28.8118	427.213
92.52	467.005	-39.8298	427.176
92.54	456.834	-29.6541	427.18
92.56	457.189	-30.0433	427.145
92.58	460.355	-33.1928	427.162
92.6	466.024	-38.9084	427.115
92.62	453.756	-26.6065	427.15
92.64	457.555	-30.4259	427.13
92.66	456.682	-29.5559	427.126
92.68	453.827	-26.7009	427.127
92.7	460.897	-33.7593	427.138
92.72	468.613	-41.4845	427.128
92.74	465.902	-38.7744	427.128
92.76	456.577	-29.4396	427.138
92.78	454.769	-27.6207	427.148
92.8	460.037	-32.9206	427.116
92.82	464.788	-37.6726	427.115
92.84	465.846	-38.7174	427.128
92.86	464.706	-37.5911	427.115
92.88	464.61	-37.4786	427.131
92.9	465.603	-38.4791	427.123
92.92	465.124	-37.9774	427.147
92.94	464.739	-37.602	427.137
92.96	465.334	-38.1782	427.156
92.98	464.491	-37.3342	427.157
93	464.269	-37.078	427.191
93.02	465.168	-37.9984	427.169
93.04	463.06	-35.9196	427.141
93.06	462.396	-35.2836	427.112
93.08	463.642	-36.5518	427.091
93.1	467.22	-40.1233	427.097
93.12	471.858	-44.7593	427.099
93.14	466.815	-39.7437	427.071
93.16	452.992	-25.9232	427.069
93.18	446.304	-19.1892	427.115
93.2	469.854	-42.8073	427.047
93.22	473.609	-46.5457	427.064
93.24	454.788	-27.724	427.064
93.26	451.04	-23.9688	427.071
93.28	453.295	-26.2154	427.079
93.3	445.426	-18.3213	427.104
93.32	457.253	-30.1665	427.087
93.34	469.183	-42.0989	427.084
93.36	474.976	-47.8955	427.08
93.38	464.374	-37.2815	427.092
93.4	458.571	-31.4951	427.075
93.42	463.755	-36.6939	427.061
93.44	464.031	-36.9876	427.043
93.46	456.476	-29.4193	427.057
93.48	454.566	-27.5268	427.039
93.5	454.007	-26.9776	427.029
93.52	460.763	-33.7173	427.046
93.54	470.668	-43.6122	427.055
93.56	477.882	-50.826	427.056
93.58	472.411	-45.3692	427.042
93.6	459.224	-32.1985	427.025
93.62	452.988	-25.9524	427.036
93.64	453.352	-26.3285	427.023
93.66	451.797	-24.7466	427.05
93.68	466.153	-39.1257	427.027
93.7	457.733	-30.7129	427.02
93.72	441.519	-14.436	427.083
93.74	450.191	-23.1222	427.069
93.76	462.901	-35.8253	427.076
93.78	466.684	-39.6353	427.049
93.8	462.575	-35.4977	427.078
93.82	464.589	-37.494	427.095
93.84	463.824	-36.7621	427.062
93.86	447.762	-20.6563	427.106
93.88	448.448	-21.3772	427.071
93.9	453.016	-25.907	427.109
93.92	464.359	-37.2491	427.11
93.94	464.088	-36.9712	427.117
93.96	457.978	-30.8731	427.105
93.98	450.265	-23.234	427.031
94	423.285	3.82609	427.111
94.02	452.056	-25.0613	426.995
94.04	458.894	-31.8383	427.056
94.06	458.622	-31.5585	427.063
94.08	458.899	-31.7992	427.1
94.1	463.914	-36.795	427.119
94.12	465.696	-38.5717	427.124
94.14	467.815	-40.6843	427.13
94.16	465.14	-37.979	427.161
94.18	458.861	-31.6586	427.202
94.2	462.573	-35.3895	427.184
94.22	464.99	-37.8146	427.176
94.24	464.629	-37.4647	427.164
94.26	463.827	-36.6577	427.17
94.28	466.247	-39.068	427.179
94.3	464.856	-37.6633	427.193
94.32	462.045	-34.856	427.189
94.34	462.331	-35.1416	427.189
94.36	464.289	-37.1029	427.186
94.38	465.123	-37.9446	427.178
94.4	460.835	-33.6688	427.167
94.42	453.761	-26.5698	427.191
94.44	464.702	-37.536	427.166
94.46	467.474	-40.3151	427.159
94.48	460.218	-33.0706	427.147
94.5	455.315	-28.1684	427.146
94.52	462.312	-35.1728	427.139
94.54	455.835	-28.7182	427.117
94.56	448.5	-21.3879	427.112
94.58	455.832	-28.7219	427.11
94.6	446.853	-19.7414	427.111
94.62	446.062	-18.9438	427.118
94.64	456.208	-29.0948	427.113
94.66	451.92	-24.8015	427.118
94.68	458.486	-31.3601	427.126
94.7	463.707	-36.5872	427.12
94.72	464.093	-36.9447	427.148
94.74	468.383	-41.2586	427.125
94.76	470.772	-43.6464	427.126
94.78	457.154	-30.0494	427.105
94.8	431.697	-4.51434	427.182
94.82	459.39	-32.2912	427.098
94.84	462.692	-35.5703	427.121
94.86	468.476	-41.3662	427.11
94.88	471.749	-44.6709	427.078
94.9	458.857	-31.771	427.086
94.92	454.207	-27.1005	427.107
94.94	458.821	-31.7244	427.097
94.96	455.643	-28.4876	427.155
94.98	461.365	-34.2301	427.135
95	463.61	-36.5154	427.095
95.02	465.136	-38.0378	427.098
95.04	455.15	-28.0401	427.11
95.06	445.825	-18.7236	427.102
95.08	448.884	-21.7885	427.096
95.1	451.869	-24.7701	427.099
95.12	464.948	-37.859	427.089
95.14	467.509	-40.3831	427.126
95.16	466.139	-38.9881	427.151
95.18	471.531	-44.3919	427.139
95.2	472.364	-45.2375	427.126
95.22	465.453	-38.3297	427.123
95.24	456.502	-29.375	427.127
95.26	454.646	-27.5314	427.114
95.28	456.27	-29.1614	427.108
95.3	467.95	-40.8509	427.099
95.32	471.294	-44.2047	427.09
95.34	470.202	-43.1205	427.082
95.36	472.579	-45.5338	427.045
95.38	460.198	-33.162	427.036
95.4	451.546	-24.4643	427.082
95.42	466.161	-39.1299	427.031
95.44	472.16	-45.152	427.008
95.46	461.141	-34.1303	427.011
95.48	465.878	-38.9018	426.976
95.5	466.731	-39.764	426.967
95.52	447.432	-20.3606	427.072
95.54	475.274	-48.2853	426.989
95.56	476.781	-49.764	427.017
95.58	472.462	-45.4172	427.044
95.6	467.677	-40.6382	427.039
95.62	458.106	-31.0998	427.007
95.64	441.162	-14.1384	427.023
95.66	445.859	-18.849	427.01
95.68	458.011	-31.005	427.006
95.7	462.498	-35.4633	427.035
95.72	464.67	-37.6472	427.023
95.74	469.15	-42.1313	427.018
95.76	469.583	-42.5248	427.058
95.78	464.297	-37.2025	427.095
95.8	474.931	-47.8774	427.053
95.82	468.699	-41.6629	427.036
95.84	458.128	-31.078	427.05
95.86	441.373	-14.3462	427.027
95.88	422.899	4.17888	427.078
95.9	451.328	-24.2912	427.037
95.92	459.234	-32.1335	427.101
95.94	462.062	-34.9507	427.112
95.96	469.055	-41.9425	427.113
95.98	469.216	-42.0832	427.133
96	464.459	-37.3112	427.148
96.02	456.042	-28.8634	427.178
96.04	456	-28.8191	427.181
96.06	462.399	-35.2317	427.167
96.08	467.866	-40.7196	427.146
96.1	471.174	-44.045	427.129
96.12	470.149	-43.035	427.114
96.14	463.113	-36.0046	427.108
96.16	454.503	-27.3877	427.115
96.18	452.631	-25.5322	427.099
96.2	449.708	-22.5999	427.108
96.22	465.088	-37.9872	427.101
96.24	470.563	-43.4476	427.115
96.26	466.569	-39.4361	427.133
96.28	466.844	-39.7274	427.116
96.3	467.674	-40.6008	427.074
96.32	452.106	-25.0211	427.085
96.34	456.222	-29.1743	427.048
96.36	460.875	-33.7812	427.094
96.38	462.298	-35.2334	427.065
96.4	461.756	-34.6971	427.059
96.42	459.217	-32.1628	427.054
96.44	453.675	-26.5973	427.077
96.46	465.104	-38.0595	427.044
96.48	470.711	-43.6243	427.087
96.5	478.151	-51.0828	427.068
96.52	477.295	-50.2483	427.047
96.54	468.208	-41.1465	427.062
96.56	451.767	-24.6892	427.078
96.58	436.69	-9.57398	427.116
96.6	458.581	-31.5055	427.076
96.62	471.313	-44.2137	427.1
96.64	463.017	-35.9061	427.111
96.66	460.865	-33.7735	427.092
96.68	458.054	-30.9623	427.091
96.7	451.767	-24.7093	427.058
96.72	449.783	-22.7141	427.069
96.74	453.648	-26.5757	427.072
96.76	463.242	-36.1619	427.08
96.78	470.328	-43.2544	427.074
96.8	470.164	-43.081	427.083
96.82	466.69	-39.5991	427.091
96.84	451.712	-24.6286	427.084
96.86	457.092	-30.0352	427.057
96.88	461.791	-34.685	427.106
96.9	466.516	-39.4121	427.104
96.92	469.934	-42.793	427.141
96.94	467.762	-40.5907	427.171
96.96	457.474	-30.2859	427.188
96.98	449.376	-22.1778	427.198
97	462.526	-35.3495	427.176
97.02	469.991	-42.803	427.188
97.04	468.249	-41.0713	427.177
97.06	461.87	-34.6891	427.181
97.08	462.428	-35.2176	427.211
97.1	467.22	-40.0605	427.16
97.12	469.736	-42.5856	427.15
97.14	464.991	-37.8111	427.18
97.16	463.486	-36.3306	427.155
97.18	462.056	-34.8918	427.164
97.2	451.297	-24.1236	427.173
97.22	451.223	-24.0592	427.164
97.24	456.194	-29.0379	427.156
97.26	465.106	-37.9469	427.159
97.28	467.394	-40.1812	427.213
97.3	463.433	-36.2199	427.213
97.32	461.386	-34.1694	427.217
97.34	460.414	-33.1933	427.22
97.36	457.349	-30.1383	427.21
97.38	450.489	-23.2778	427.211
97.4	459.804	-32.6121	427.192
97.42	467.774	-40.5878	427.187
97.44	455.584	-28.3763	427.208
97.46	455.235	-28.0474	427.188
97.48	463.501	-36.3384	427.162
97.5	456.729	-29.563	427.166
97.52	437.214	-10.0062	427.208
97.54	452.158	-24.9834	427.175
97.56	469.094	-41.9103	427.184
97.58	459.681	-32.4718	427.209
97.6	456.308	-29.1018	427.206
97.62	463.067	-35.8573	427.21
97.64	462.492	-35.3625	427.129
97.66	432.594	-5.42578	427.168
97.68	455.201	-28.0304	427.171
97.7	459.035	-31.863	427.172
97.72	459.514	-32.3309	427.184
97.74	473.144	-45.9803	427.164
97.76	475.356	-48.2005	427.156
97.78	468.495	-41.3322	427.163
97.8	459.617	-32.4568	427.16
97.82	456.491	-29.3525	427.138
97.84	459.085	-31.9253	427.159
97.86	461.998	-34.8082	427.19
97.88	460.332	-33.1623	427.17
97.9	439.819	-12.599	427.22
97.92	463.871	-36.746	427.125
97.94	461.406	-34.2447	427.162
97.96	465.636	-38.4832	427.153
97.98	470.403	-43.2368	427.166
98	472.045	-44.9026	427.143
98.02	467.918	-40.7836	427.134
98.04	453.208	-26.0525	427.156
98.06	448.14	-21.0058	427.134
98.08	451.627	-24.5088	427.118
98.1	447.756	-20.6198	427.136
98.12	449.324	-22.1559	427.168
98.14	461.138	-33.952	427.186
98.16	467.726	-40.5067	427.22
98.18	469.205	-42.0144	427.191
98.2	454.564	-27.3404	427.223
98.22	456.239	-29.0587	427.181
98.24	442.006	-14.7393	427.266
98.26	462.088	-34.8904	427.198
98.28	471.868	-44.6558	427.212
98.3	470.658	-43.4361	427.221
98.32	459.468	-32.2476	427.22
98.34	450.323	-23.114	427.209
98.36	452.516	-25.3141	427.202
98.38	451.256	-24.074	427.182
98.4	450.172	-22.9798	427.192
98.42	455.275	-28.0947	427.181
98.44	454.648	-27.5042	427.144
98.46	436.624	-9.38882	427.235
98.48	451.259	-24.0649	427.194
98.5	451.639	-24.393	427.246
98.52	456.183	-28.983	427.2
98.54	460.362	-33.1791	427.183
98.56	463.461	-36.2418	427.219
98.58	468.299	-41.0666	427.232
98.6	472.555	-45.368	427.187
98.62	470.829	-43.6323	427.196
98.64	456.786	-29.5386	427.247
98.66	454.797	-27.5636	427.233
98.68	462.933	-35.754	427.179
98.7	439.581	-12.3114	427.27
98.72	447.657	-20.4335	427.223
98.74	446.561	-19.3454	427.216
98.76	428.808	-1.55853	427.25
98.78	435.018	-7.80812	427.209
98.8	458.048	-30.8801	427.168
98.82	472.17	-44.988	427.182
98.84	453.284	-26.0551	427.228
98.86	451.081	-23.8829	427.198
98.88	462.334	-35.143	427.191
98.9	467.113	-39.9528	427.16
98.92	462.325	-35.1363	427.189
98.94	464.179	-36.9927	427.186
98.96	465.125	-37.9656	427.16
98.98	456.944	-29.7634	427.181
99	459.678	-32.5433	427.135
99.02	462.095	-34.9673	427.128
99.04	457.008	-29.8616	427.146
99.06	459.153	-32.0241	427.129
99.08	461.737	-34.605	427.132
99.1	450.406	-23.2644	427.141
99.12	445.906	-18.7659	427.14
99.14	451.588	-24.4561	427.132
99.16	453.994	-26.8788	427.115
99.18	452.423	-25.274	427.149
99.2	461.828	-34.7175	427.111
99.22	460.211	-33.1085	427.102
99.24	460.204	-33.0988	427.106
99.26	454.814	-27.6901	427.124
99.28	457.46	-30.3186	427.142
99.3	467.909	-40.7734	427.135
99.32	459.147	-31.9881	427.159
99.34	445.63	-18.4465	427.184
99.36	445.363	-18.18	427.183
99.38	451.86	-24.6893	427.171
99.4	448.261	-21.0938	427.167
99.42	439.687	-12.4955	427.191
99.44	450.442	-23.2817	427.16
99.46	461.78	-34.637	427.143
99.48	459.439	-32.281	427.158
99.5	464.355	-37.1936	427.161
99.52	465.744	-38.6201	427.124
99.54	447.635	-20.5071	427.128
99.56	452.241	-25.1286	427.113
99.58	468.293	-41.2041	427.089
99.6	467.822	-40.7364	427.085
99.62	459.925	-32.8585	427.066
99.64	459.493	-32.447	427.046
99.66	450.861	-23.8341	427.027
99.68	445.735	-18.7061	427.029
99.7	456.841	-29.8051	427.036
99.72	454.43	-27.3701	427.06
99.74	453.676	-26.5715	427.104
99.76	464.085	-36.983	427.102
99.78	464.635	-37.5049	427.13
99.8	465.216	-38.091	427.125
99.82	467.799	-40.6863	427.113
99.84	469.397	-42.2772	427.119
99.86	461.559	-34.4403	427.119
99.88	454.364	-27.2783	427.085
99.9	454.274	-27.1855	427.088
99.92	464.74	-37.6747	427.066
99.94	462.46	-35.3715	427.088
99.96	448.373	-21.2711	427.102
99.98	452.059	-24.9676	427.091
100	469.194	-42.1143	427.08
100.02	473.038	-45.9626	427.076
100.04	456.474	-29.3708	427.103
100.06	452.309	-25.1963	427.113
100.08	461.86	-34.7415	427.118
100.1	459.273	-32.1663	427.106
100.12	459.62	-32.4863	427.134
100.14	462.779	-35.6715	427.107
100.16	454.085	-26.9919	427.093
100.18	439.811	-12.6655	427.145
100.2	461.994	-34.9128	427.081
100.22	468.902	-41.8033	427.099
100.24	466.993	-39.8733	427.119
100.26	457.992	-30.8552	427.136
100.28	458.732	-31.6035	427.128
100.3	461.427	-34.351	427.076
100.32	451.858	-24.7458	427.113
100.34	458.723	-31.6362	427.087
100.36	453.111	-25.988	427.123
100.38	450.923	-23.8175	427.106
100.4	448.763	-21.6625	427.1
100.42	436.018	-8.85995	427.158
100.44	454.662	-27.541	427.121
100.46	468.304	-41.1775	427.127
100.48	470.764	-43.6401	427.124
100.5	468.587	-41.4564	427.13
100.52	458.754	-31.6243	427.129
100.54	448.36	-21.2086	427.151
100.56	458.915	-31.7919	427.123
100.58	472.563	-45.449	427.114
100.6	468.498	-41.3972	427.101
100.62	461.83	-34.743	427.087
100.64	452.278	-25.1728	427.105
100.66	456.231	-29.1494	427.082
100.68	455.733	-28.6379	427.095
100.7	456.225	-29.1562	427.068
100.72	456.786	-29.6875	427.099
100.74	463.719	-36.6239	427.095
100.76	456.865	-29.7671	427.098
100.78	454.019	-26.9469	427.072
100.8	445.681	-18.5836	427.097
100.82	454.862	-27.8058	427.056
100.84	465.153	-38.1034	427.049
100.86	473.297	-46.2543	427.042
100.88	473.824	-46.7736	427.051
100.9	468.324	-41.2493	427.075
100.92	461.703	-34.633	427.07
100.94	452.748	-25.6793	427.069
100.96	456.665	-29.5958	427.07
100.98	462.955	-35.8958	427.059
101	462.309	-35.25	427.059
101.02	462.753	-35.7196	427.034
101.04	455.542	-28.4877	427.054
101.06	463.437	-36.3978	427.04
101.08	456.841	-29.7869	427.054
101.1	451.812	-24.7691	427.043
101.12	447.157	-20.082	427.075
101.14	453.863	-26.7965	427.067
101.16	463.673	-36.583	427.09
101.18	471.719	-44.6185	427.101
101.2	472.425	-45.305	427.12
101.22	468.822	-41.6984	427.123
101.24	459.721	-32.5898	427.131
101.26	447.913	-20.7909	427.122
101.28	452.836	-25.7108	427.125
101.3	467.962	-40.8487	427.113
101.32	468.496	-41.3869	427.109
101.34	469.544	-42.4279	427.116
101.36	473.134	-46.0303	427.104
101.38	470.539	-43.4447	427.094
101.4	469.759	-42.6732	427.086
101.42	473.599	-46.5467	427.053
101.44	473.925	-46.8818	427.044
101.46	465.26	-38.2266	427.034
101.48	446.456	-19.3733	427.083
101.5	455.658	-28.6217	427.036
101.52	453.71	-26.6423	427.068
101.54	458.971	-31.904	427.067
101.56	468.041	-40.9866	427.055
101.58	467.352	-40.2692	427.083
101.6	468.667	-41.5842	427.083
101.62	465.572	-38.4836	427.088
101.64	460.265	-33.1759	427.089
101.66	464.979	-37.9171	427.062
101.68	457.946	-30.8547	427.092
101.7	444.516	-17.4587	427.057
101.72	438.886	-11.8191	427.066
101.74	471.062	-44.0407	427.021
101.76	483.723	-56.6729	427.05
101.78	479.904	-52.8629	427.041
101.8	473.995	-46.9488	427.046
101.82	471.697	-44.6672	427.03
101.84	465.802	-38.7601	427.042
101.86	451.925	-24.8927	427.032
101.88	464.175	-37.178	426.997
101.9	458.762	-31.7985	426.963
101.92	441.132	-14.1459	426.986
101.94	448.979	-21.9535	427.025
101.96	461.974	-34.9763	426.998
101.98	468.638	-41.6425	426.996
102	465.983	-38.9632	427.02
102.02	466.244	-39.2179	427.026
102.04	480.158	-53.1521	427.006
102.06	478.143	-51.147	426.996
102.08	461.501	-34.4903	427.011
102.1	451.047	-24.0511	426.996
102.12	440.459	-13.4201	427.039
102.14	453.529	-26.5234	427.006
102.16	461.67	-34.6306	427.04
102.18	470.851	-43.8072	427.044
102.2	477.802	-50.7408	427.061
102.22	478.769	-51.7141	427.054
102.24	468.616	-41.5567	427.059
102.26	465.659	-38.6095	427.05
102.28	462.68	-35.6131	427.066
102.3	459.996	-32.891	427.105
102.32	464.021	-36.9218	427.099
102.34	469.453	-42.3648	427.089
102.36	466.306	-39.2465	427.06
102.38	447.76	-20.6817	427.079
102.4	450.774	-23.6813	427.092
102.42	467.018	-39.9204	427.098
102.44	466.523	-39.4051	427.118
102.46	466.341	-39.2396	427.102
102.48	454.142	-26.9724	427.169
102.5	467.665	-40.5414	427.124
102.52	468.491	-41.339	427.152
102.54	470.203	-43.0499	427.153
102.56	474.404	-47.2442	427.16
102.58	467.004	-39.8725	427.131
102.6	445.178	-18.0009	427.177
102.62	462.666	-35.5465	427.119
102.64	457.403	-30.277	427.126
102.66	452.925	-25.7966	427.128
102.68	454.504	-27.3319	427.172
102.7	465.922	-38.7953	427.126
102.72	474.56	-47.4207	427.139
102.74	473.634	-46.5498	427.084
102.76	459.695	-32.5469	427.148
102.78	461.908	-34.7854	427.122
102.8	443.306	-16.0998	427.206
102.82	454.171	-27.0472	427.124
102.84	461.812	-34.6951	427.117
102.86	452.61	-25.4814	427.128
102.88	442.293	-15.1367	427.156
102.9	457.004	-29.8608	427.143
102.92	475.29	-48.1736	427.117
102.94	473.629	-46.5263	427.103
102.96	464.273	-37.1781	427.094
102.98	460.47	-33.3685	427.102
103	463.931	-36.8544	427.077
103.02	456.34	-29.2543	427.086
103.04	461.478	-34.4079	427.07
103.06	469.57	-42.5388	427.031
103.08	464.231	-37.1914	427.04
103.1	461.971	-34.9309	427.04
103.12	459.991	-32.9585	427.033
103.14	448.08	-20.987	427.093
103.16	453.345	-26.3097	427.035
103.18	461.129	-34.076	427.053
103.2	464.159	-37.0674	427.091
103.22	463.493	-36.3802	427.113
103.24	467.606	-40.4927	427.113
103.26	465.736	-38.6103	427.126
103.28	465.75	-38.6541	427.096
103.3	456.777	-29.6966	427.08
103.32	455.123	-28.0221	427.101
103.34	467.696	-40.6039	427.092
103.36	466.347	-39.2518	427.095
103.38	459.921	-32.8491	427.072
103.4	456.068	-28.9625	427.106
103.42	461.526	-34.4365	427.09
103.44	462.958	-35.855	427.103
103.46	459.878	-32.7773	427.101
103.48	457.604	-30.4898	427.114
103.5	458.018	-30.9236	427.095
103.52	456.838	-29.7407	427.098
103.54	452.186	-25.0862	427.099
103.56	453.119	-26.0363	427.082
103.58	451.745	-24.6316	427.113
103.6	459.892	-32.7797	427.113
103.62	461.284	-34.1675	427.116
103.64	466.369	-39.2592	427.11
103.66	467.064	-39.9511	427.113
103.68	457.381	-30.2481	427.132
103.7	449.299	-22.1567	427.142
103.72	441.564	-14.3978	427.166
103.74	442.912	-15.7272	427.185
103.76	452.889	-25.7172	427.172
103.78	456.417	-29.2452	427.172
103.8	463.345	-36.1796	427.165
103.82	464.302	-37.1179	427.184
103.84	447.862	-20.6596	427.202
103.86	443.203	-15.9893	427.214
103.88	457.508	-30.301	427.207
103.9	463.559	-36.359	427.2
103.92	466.193	-39.0161	427.177
103.94	458.858	-31.6906	427.167
103.96	434.544	-7.3195	427.224
103.98	458.315	-31.1857	427.13
104	464.578	-37.3993	427.179
104.02	460.902	-33.7418	427.16
104.04	444.344	-17.1998	427.145
104.06	447.349	-20.2196	427.129
104.08	461.144	-34.0134	427.131
104.1	454.283	-27.1211	427.162
104.12	458.583	-31.4274	427.156
104.14	463.673	-36.5085	427.165
104.16	459.198	-32.0172	427.181
104.18	461.915	-34.7448	427.171
104.2	460.82	-33.6523	427.167
104.22	460.749	-33.5928	427.156
104.24	462.216	-35.0454	427.171
104.26	463.27	-36.103	427.167
104.28	455.03	-27.8508	427.18
104.3	456.812	-29.6715	427.14
104.32	435.13	-7.94284	427.187
104.34	441.523	-14.3791	427.144
104.36	457.756	-30.6046	427.152
104.38	451.097	-23.9236	427.173
104.4	460.349	-33.2113	427.137
104.42	471.636	-44.4947	427.142
104.44	468.53	-41.3954	427.134
104.46	457.085	-29.9754	427.109
104.48	443.098	-16.0102	427.088
104.5	432.956	-5.84452	427.111
104.52	455.273	-28.1968	427.077
104.54	458.542	-31.4379	427.104
104.56	458.95	-31.8447	427.105
104.58	464.744	-37.6556	427.089
104.6	460.84	-33.7292	427.111
104.62	455.548	-28.447	427.101
104.64	456.815	-29.7003	427.115
104.66	462.77	-35.6707	427.099
104.68	452.936	-25.8472	427.089
104.7	430.341	-3.16232	427.178
104.72	457.813	-30.7101	427.103
104.74	462.682	-35.5837	427.098
104.76	449.307	-22.1701	427.137
104.78	452.904	-25.8103	427.093
104.8	460.207	-33.1073	427.1
104.82	454.943	-27.8126	427.13
104.84	445.407	-18.2624	427.144
104.86	460.715	-33.6021	427.113
104.88	461.235	-34.0878	427.147
104.9	462.05	-34.8874	427.163
104.92	463.814	-36.6792	427.135
104.94	456.124	-28.9573	427.167
104.96	455.731	-28.5596	427.172
104.98	462.48	-35.3308	427.149
105	466.496	-39.3452	427.151
105.02	460.353	-33.2317	427.121
105.04	443.691	-16.5414	427.15
105.06	445.206	-18.0753	427.13
105.08	448.047	-20.9487	427.099
105.1	441.44	-14.2666	427.174
105.12	463.413	-36.2701	427.143
105.14	467.221	-40.0574	427.163
105.16	460.582	-33.479	427.103
105.18	434.338	-7.18998	427.148
105.2	445.428	-18.3519	427.077
105.22	454.537	-27.426	427.111
105.24	470.454	-43.3937	427.061
105.26	458.801	-31.7079	427.094
105.28	452.492	-25.4234	427.068
105.3	456.234	-29.1618	427.072
105.32	467.309	-40.241	427.068
105.34	463.138	-36.0878	427.05
105.36	449.645	-22.5989	427.046
105.38	444.201	-17.1263	427.075
105.4	452.17	-25.0822	427.088
105.42	461.879	-34.8297	427.049
105.44	457.088	-30.0355	427.053
105.46	434.943	-7.82255	427.12
105.48	445.117	-18.0817	427.035
105.5	441.134	-14.0532	427.081
105.52	450.825	-23.7638	427.061
105.54	463.595	-36.5209	427.074
105.56	462.286	-35.2195	427.067
105.58	457.661	-30.5924	427.069
105.6	458.017	-30.9725	427.045
105.62	459.692	-32.6641	427.028
105.64	459.662	-32.6268	427.035
105.66	452.89	-25.8604	427.029
105.68	454.539	-27.5052	427.034
105.7	467.779	-40.7566	427.022
105.72	460.644	-33.6416	427.003
105.74	444.017	-16.9779	427.039
105.76	455.564	-28.528	427.036
105.78	456.799	-29.7531	427.046
105.8	459.016	-31.9762	427.04
105.82	451.607	-24.5611	427.046
105.84	459.346	-32.3409	427.005
105.86	463.841	-36.8211	427.019
105.88	466.927	-39.8747	427.052
105.9	462.059	-34.9888	427.07
105.92	458.888	-31.8332	427.055
105.94	447.75	-20.6907	427.059
105.96	446.158	-19.0784	427.08
105.98	468.555	-41.4997	427.056
106	475.796	-48.7016	427.094
106.02	469.521	-42.4061	427.115
106.04	448.134	-21.0324	427.102
106.06	428.762	-1.66484	427.097
106.08	438.916	-11.8385	427.078
106.1	452.672	-25.5638	427.108
106.12	463.854	-36.735	427.119
106.14	462.09	-34.9672	427.123
106.16	460.887	-33.7883	427.098
106.18	456.363	-29.2721	427.091
106.2	455.428	-28.298	427.13
106.22	455.216	-28.1034	427.113
106.24	456.914	-29.7879	427.127
106.26	460.458	-33.3421	427.116
106.28	462.225	-35.0916	427.133
106.3	463.447	-36.3192	427.127
106.32	464.509	-37.4261	427.083
106.34	463.353	-36.2872	427.066
106.36	461.826	-34.7621	427.064
106.38	451.713	-24.6256	427.088
106.4	460.156	-33.0664	427.09
106.42	461.33	-34.1943	427.136
106.44	454.345	-27.2503	427.095
106.46	434.953	-7.90783	427.045
106.48	435.839	-8.79273	427.046
106.5	465.03	-37.9084	427.122
106.52	464.89	-37.7589	427.131
106.54	455.196	-28.0897	427.107
106.56	443.68	-16.5273	427.153
106.58	455.684	-28.5567	427.127
106.6	456.327	-29.1732	427.153
106.62	463.404	-36.2839	427.12
106.64	455.876	-28.7194	427.157
106.66	459.075	-31.9021	427.173
106.68	466.265	-39.083	427.182
106.7	450.663	-23.4885	427.175
106.72	447.691	-20.4787	427.212
106.74	461.467	-34.2621	427.205
106.76	448.363	-21.1424	427.221
106.78	440.98	-13.7514	427.229
106.8	445.56	-18.3524	427.207
106.82	442.023	-14.8912	427.132
106.84	442.713	-15.5631	427.15
106.86	468.184	-40.9667	427.217
106.88	458.111	-30.8758	427.235
106.9	447.169	-19.9268	427.243
106.92	453.618	-26.404	427.214
106.94	457.454	-30.2353	427.219
106.96	458.767	-31.532	427.235
106.98	461.484	-34.2511	427.232
107	462.679	-35.4561	427.223
107.02	462.92	-35.7198	427.201
107.04	459.975	-32.7882	427.187
107.06	450.67	-23.4818	427.188
107.08	457.844	-30.6785	427.165
107.1	463.016	-35.8558	427.16
107.12	462.461	-35.2955	427.165
107.14	450.973	-23.8205	427.152
107.16	442.894	-15.7226	427.172
107.18	457.276	-30.1245	427.152
107.2	464.285	-37.1332	427.152
107.22	462.458	-35.3306	427.127
107.24	455.192	-28.0464	427.145
107.26	453.431	-26.2702	427.161
107.28	456.028	-28.8733	427.154
107.3	462.355	-35.2275	427.128
107.32	462.584	-35.4563	427.127
107.34	465.922	-38.8104	427.111
107.36	460.532	-33.4398	427.092
107.38	457.243	-30.1152	427.128
107.4	463.303	-36.191	427.112
107.42	454.708	-27.5569	427.151
107.44	461.691	-34.5447	427.147
107.46	462.915	-35.7969	427.118
107.48	448.915	-21.7658	427.149
107.5	457.656	-30.5111	427.145
107.52	458.171	-31.061	427.11
107.54	442.312	-15.147	427.165
107.56	453.532	-26.3928	427.139
107.58	459.412	-32.285	427.127
107.6	463.639	-36.5338	427.105
107.62	455.391	-28.2859	427.105
107.64	456.325	-29.2862	427.039
107.66	451.611	-24.537	427.074
107.68	467.238	-40.1573	427.081
107.7	457.366	-30.2562	427.109
107.72	452.306	-25.1601	427.146
107.74	452.623	-25.4788	427.144
107.76	455.072	-27.9316	427.14
107.78	467.775	-40.6329	427.142
107.8	472.55	-45.4418	427.108
107.82	468.701	-41.5878	427.113
107.84	459.857	-32.7078	427.149
107.86	455.29	-28.1725	427.118
107.88	447.667	-20.5345	427.133
107.9	455.572	-28.4553	427.117
107.92	462.472	-35.3088	427.163
107.94	454.288	-27.127	427.161
107.96	455.08	-27.9365	427.143
107.98	450.796	-23.6138	427.182
108	461.215	-34.0562	427.159
108.02	459.372	-32.1608	427.211
108.04	466.318	-39.1202	427.197
108.06	466.837	-39.6614	427.176
108.08	447.326	-20.1029	427.224
108.1	450.627	-23.4344	427.192
108.12	443.65	-16.4172	427.232
108.14	452.851	-25.6892	427.161
108.16	466.074	-38.9194	427.155
108.18	463.354	-36.2109	427.143
108.2	447.947	-20.783	427.164
108.22	450.051	-22.9082	427.143
108.24	463.456	-36.3456	427.111
108.26	469.544	-42.4465	427.097
108.28	467.052	-39.9302	427.122
108.3	462.355	-35.2482	427.107
108.32	453.346	-26.2034	427.142
108.34	464.95	-37.8361	427.114
108.36	462.156	-35.0416	427.114
108.38	455.669	-28.5614	427.107
108.4	462.876	-35.8006	427.075
108.42	469.473	-42.3832	427.09
108.44	463.995	-36.8884	427.106
108.46	456.961	-29.8453	427.115
108.48	462.986	-35.894	427.092
108.5	462.825	-35.7324	427.092
108.52	454.992	-27.8676	427.124
108.54	454.954	-27.8469	427.107
108.56	454.068	-26.9596	427.109
108.58	458.018	-30.8849	427.133
108.6	463.789	-36.6474	427.142
108.62	455.251	-28.121	427.13
108.64	430.519	-3.31376	427.205
108.66	462.589	-35.4817	427.108
108.68	469.162	-42.0016	427.16
108.7	469.849	-42.6873	427.161
108.72	468.805	-41.6706	427.134
108.74	465.261	-38.1309	427.13
108.76	452.907	-25.7738	427.133
108.78	450.241	-23.1222	427.119
108.8	455.032	-27.8708	427.161
108.82	457.772	-30.5949	427.177
108.84	465.389	-38.2284	427.161
108.86	464.328	-37.1726	427.155
108.88	437.812	-10.586	427.226
108.9	454.536	-27.3747	427.161
108.92	465.246	-38.0698	427.177
108.94	464.257	-37.0745	427.183
108.96	459.444	-32.2598	427.184
108.98	464.828	-37.665	427.163
109	467.812	-40.6679	427.144
109.02	456.012	-28.9016	427.11
109.04	439.607	-12.4483	427.158
109.06	457.726	-30.6139	427.112
109.08	465.949	-38.8188	427.131
109.1	472.926	-45.8208	427.105
109.12	471.863	-44.7826	427.081
109.14	453.61	-26.4665	427.143
109.16	464.384	-37.2762	427.108
109.18	468.66	-41.552	427.108
109.2	462.172	-35.0715	427.1
109.22	454.768	-27.6708	427.097
109.24	462.622	-35.5001	427.122
109.26	473.488	-46.3699	427.119
109.28	477.718	-50.6162	427.102
109.3	461.46	-34.3983	427.062
109.32	444.275	-17.1598	427.116
109.34	461.747	-34.667	427.08
109.36	454.528	-27.4222	427.106
109.38	452.266	-25.2097	427.056
109.4	442.011	-14.9746	427.037
109.42	424.966	2.11212	427.078
109.44	447.406	-20.3752	427.031
109.46	466.425	-39.378	427.047
109.48	469.671	-42.5902	427.08
109.5	465.946	-38.9184	427.028
109.52	464.615	-37.5745	427.041
109.54	471.751	-44.7304	427.02
109.56	471.775	-44.7578	427.018
109.58	461.635	-34.5652	427.069
109.6	468.655	-41.6203	427.035
109.62	472.622	-45.5452	427.076
109.64	465.47	-38.3724	427.098
109.66	457.326	-30.2224	427.104
109.68	457.351	-30.2298	427.121
109.7	471.739	-44.6662	427.073
109.72	470.234	-43.113	427.121
109.74	464.663	-37.5154	427.148
109.76	469.08	-41.9324	427.148
109.78	469.081	-41.9058	427.175
109.8	470.844	-43.6775	427.166
109.82	472.442	-45.297	427.145
109.84	456.886	-29.7028	427.184
109.86	457.173	-30.0041	427.169
109.88	465.946	-38.7852	427.161
109.9	459.276	-32.0949	427.181
109.92	455.674	-28.4913	427.183
109.94	463.589	-36.4284	427.16
109.96	457.312	-30.143	427.169
109.98	452.747	-25.5691	427.178
110	464.83	-37.6862	427.144
110.02	475.211	-48.0449	427.166
110.04	476.211	-49.0065	427.204
110.06	472.989	-45.7762	427.213
110.08	469.351	-42.1523	427.198
110.1	461.565	-34.3456	427.219
110.12	449.35	-22.113	427.237
110.14	456.556	-29.3407	427.215
110.16	462.678	-35.4628	427.215
110.18	457.195	-29.9531	427.242
110.2	460.861	-33.6242	427.237
110.22	448.999	-21.763	427.236
110.24	448.663	-21.4575	427.206
110.26	451.149	-23.9322	427.217
110.28	458.68	-31.4623	427.218
110.3	466.487	-39.2552	427.232
110.32	465.406	-38.1817	427.225
110.34	460.902	-33.6538	427.248
110.36	457.57	-30.329	427.241
110.38	459.42	-32.192	427.228
110.4	452.836	-25.6368	427.199
110.42	446.826	-19.5911	427.235
110.44	460.518	-33.3138	427.204
110.46	460.433	-33.2172	427.215
110.48	460.239	-33.0221	427.217
110.5	460.001	-32.7751	427.225
110.52	458.311	-31.1151	427.196
110.54	448.462	-21.2461	427.216
110.56	451.279	-24.0305	427.249
110.58	453.092	-25.8799	427.212
110.6	462.188	-34.9782	427.21
110.62	464.998	-37.816	427.182
110.64	458.885	-31.664	427.221
110.66	464.232	-37.0333	427.199
110.68	470.73	-43.5352	427.195
110.7	468.653	-41.452	427.201
110.72	455.371	-28.1549	427.216
110.74	455.458	-28.272	427.186
110.76	466.393	-39.2619	427.131
110.78	461.558	-34.4041	427.154
110.8	448.582	-21.4096	427.172
110.82	458.687	-31.5448	427.142
110.84	464.975	-37.8384	427.137
110.86	462.228	-35.1025	427.125
110.88	459.359	-32.2187	427.14
110.9	462.458	-35.2915	427.167
110.92	468.153	-41.0003	427.153
110.94	466.503	-39.3547	427.148
110.96	452.426	-25.3007	427.126
110.98	433.555	-6.37491	427.18
111	449.237	-22.0991	427.138
111.02	455.638	-28.5204	427.117
111.04	455.413	-28.3501	427.063
111.06	453.794	-26.6823	427.112
111.08	465.971	-38.8851	427.086
111.1	460.424	-33.3459	427.078
111.12	461.488	-34.4216	427.066
111.14	464.973	-37.9074	427.066
111.16	466.085	-39.0365	427.048
111.18	453.291	-26.2537	427.037
111.2	445.73	-18.6827	427.048
111.22	449.85	-22.8481	427.002
111.24	446.262	-19.2354	427.026
111.26	457.974	-30.9683	427.005
111.28	455.135	-28.1089	427.027
111.3	461.007	-34.0201	426.987
111.32	457.745	-30.73	427.015
111.34	450.445	-23.428	427.017
111.36	438.43	-11.4038	427.026
111.38	439.374	-12.305	427.069
111.4	451.912	-24.8563	427.055
111.42	466.229	-39.1969	427.033
111.44	471.081	-44.0178	427.063
111.46	465.615	-38.5867	427.029
111.48	448.484	-21.3927	427.092
111.5	458.382	-31.3463	427.035
111.52	461.5	-34.4633	427.037
111.54	465.445	-38.4216	427.024
111.56	462.354	-35.284	427.07
111.58	461.752	-34.7094	427.042
111.6	452.288	-25.2394	427.048
111.62	455.317	-28.3	427.017
111.64	459.078	-32.0418	427.037
111.66	460.319	-33.2727	427.046
111.68	465.639	-38.6325	427.007
111.7	448.889	-21.8005	427.089
111.72	460.568	-33.5598	427.008
111.74	462.532	-35.5323	427
111.76	452.961	-25.9216	427.039
111.78	454.997	-27.9454	427.051
111.8	468.95	-41.9253	427.025
111.82	464.569	-37.5346	427.035
111.84	464.099	-37.0625	427.036
111.86	473.912	-46.87	427.042
111.88	467.87	-40.8152	427.055
111.9	455.679	-28.565	427.113
111.92	456.828	-29.7254	427.102
111.94	466.924	-39.7969	427.127
111.96	475.981	-48.8456	427.136
111.98	477.197	-50.0785	427.119
112	467.309	-40.175	427.134
112.02	467.018	-39.9045	427.114
112.04	462.48	-35.3445	427.136
112.06	464.845	-37.746	427.099
112.08	467.664	-40.5494	427.115
112.1	471.979	-44.8749	427.105
112.12	470.536	-43.4358	427.1
112.14	451.113	-23.9522	427.161
112.16	467.179	-40.0943	427.085
112.18	465.365	-38.2456	427.12
112.2	464.276	-37.1701	427.106
112.22	468.347	-41.2502	427.097
112.24	457.309	-30.1653	427.144
112.26	468.53	-41.4307	427.099
112.28	471.024	-43.9119	427.112
112.3	467.193	-40.0619	427.131
112.32	458.829	-31.6833	427.146
112.34	460.706	-33.5607	427.145
112.36	466.442	-39.3384	427.104
112.38	456.602	-29.4494	427.152
112.4	467.426	-40.2761	427.149
112.42	463.92	-36.7679	427.152
112.44	454.352	-27.1855	427.166
112.46	456.163	-28.9747	427.188
112.48	461.858	-34.6678	427.191
112.5	465.865	-38.6581	427.207
112.52	472.726	-45.5223	427.203
112.54	474.081	-46.8742	427.206
112.56	460.779	-33.5698	427.209
112.58	458.268	-31.0436	427.224
112.6	464.372	-37.1447	427.227
112.62	465.338	-38.097	427.24
112.64	463.184	-35.9424	427.242
112.66	457.669	-30.445	427.224
112.68	443.027	-15.7845	427.242
112.7	448.608	-21.4127	427.195
112.72	449.296	-22.0842	427.211
112.74	451.31	-24.1168	427.193
112.76	454.69	-27.4967	427.193
112.78	459.163	-31.9697	427.194
112.8	460.152	-32.9733	427.178
112.82	462.289	-35.1316	427.157
112.84	465.476	-38.2979	427.178
112.86	460.26	-33.1098	427.15
112.88	455.676	-28.5209	427.155
112.9	457.884	-30.7158	427.169
112.92	461.884	-34.7104	427.174
112.94	465.914	-38.7687	427.145
112.96	466.955	-39.8046	427.151
112.98	464.968	-37.8273	427.14
113	461.825	-34.7118	427.113
113.02	453.569	-26.4561	427.113
113.04	451.236	-24.112	427.124
113.06	460.278	-33.185	427.093
113.08	461.7	-34.5979	427.102
113.1	449.235	-22.1128	427.122
113.12	454.478	-27.37	427.108
113.14	455.763	-28.6975	427.066
113.16	434.089	-6.99765	427.091
113.18	449.567	-22.4905	427.077
113.2	458.437	-31.3579	427.079
113.22	465.142	-38.0413	427.1
113.24	468.049	-40.943	427.106
113.26	472.172	-45.0997	427.073
113.28	460.536	-33.451	427.085
113.3	456.943	-29.8603	427.082
113.32	464.384	-37.2889	427.095
113.34	465.86	-38.7456	427.114
113.36	470.456	-43.3426	427.114
113.38	470.538	-43.4459	427.092
113.4	472.35	-45.3057	427.045
113.42	464.069	-37.0378	427.031
113.44	461.388	-34.3386	427.05
113.46	459.892	-32.8209	427.071
113.48	462.876	-35.7832	427.092
113.5	466.839	-39.7562	427.083
113.52	472.383	-45.2858	427.097
113.54	477.872	-50.767	427.105
113.56	481.885	-54.7882	427.097
113.58	481.391	-54.2973	427.094
113.6	476.12	-49.0545	427.065
113.62	454.573	-27.4547	427.118
113.64	460.901	-33.8281	427.072
113.66	462.127	-35.0255	427.101
113.68	467.467	-40.3966	427.07
113.7	473.776	-46.6959	427.08
113.72	474.8	-47.7288	427.071
113.74	461.902	-34.8348	427.067
113.76	458.796	-31.7299	427.066
113.78	468.991	-41.9564	427.034
113.8	464.307	-37.2497	427.057
113.82	467.553	-40.5127	427.04
113.84	464.107	-37.0556	427.052
113.86	457.715	-30.6433	427.072
113.88	459.504	-32.4256	427.078
113.9	456.345	-29.3637	426.982
113.92	456.125	-29.1456	426.979
113.94	468.463	-41.451	427.012
113.96	455.14	-28.0845	427.056
113.98	464.579	-37.5574	427.022
114	466.746	-39.7257	427.02
114.02	455.893	-28.8732	427.02
114.04	459.887	-32.8684	427.018
114.06	460.451	-33.454	426.997
114.08	448.65	-21.6258	427.024
114.1	458.924	-31.932	426.992
114.12	463.384	-36.4077	426.977
114.14	456.41	-29.4464	426.963
114.16	456.729	-29.741	426.988
114.18	453.916	-26.953	426.963
114.2	419.897	7.14077	427.037
114.22	447.02	-20.0712	426.948
114.24	465.905	-38.9125	426.993
114.26	470.786	-43.7839	427.002
114.28	474.179	-47.1824	426.997
114.3	477.468	-50.4438	427.024
114.32	476.739	-49.7079	427.031
114.34	469.617	-42.614	427.003
114.36	449.902	-22.9049	426.997
114.38	449.419	-22.4371	426.982
114.4	457.192	-30.1848	427.008
114.42	462.519	-35.4858	427.033
114.44	466.255	-39.2065	427.048
114.46	467.232	-40.1669	427.065
114.48	458.34	-31.2794	427.06
114.5	454.195	-27.143	427.052
114.52	461.747	-34.7225	427.025
114.54	453.35	-26.2802	427.07
114.56	455.629	-28.5859	427.043
114.58	462.757	-35.6823	427.074
114.6	461.22	-34.1398	427.08
114.62	455.091	-27.9771	427.114
114.64	465.365	-38.3188	427.046
114.66	453.483	-26.401	427.082
114.68	445.731	-18.6803	427.051
114.7	449.855	-22.7967	427.058
114.72	461.346	-34.3222	427.023
114.74	470.482	-43.4391	427.043
114.76	478.597	-51.5494	427.048
114.78	472.805	-45.7721	427.033
114.8	454.187	-27.1245	427.062
114.82	450.282	-23.2289	427.053
114.84	460.37	-33.275	427.095
114.86	472.45	-45.338	427.112
114.88	474.223	-47.1135	427.11
114.9	463.604	-36.5227	427.082
114.92	443.318	-16.1744	427.143
114.94	454.416	-27.3229	427.093
114.96	453.567	-26.4252	427.142
114.98	465.309	-38.2006	427.108
115	476.945	-49.838	427.107
115.02	480.646	-53.5397	427.106
115.04	479.545	-52.4524	427.093
115.06	477.674	-50.579	427.095
115.08	477.849	-50.7836	427.065
115.1	477.058	-49.9798	427.079
115.12	471.648	-44.5517	427.096
115.14	467.166	-40.0955	427.071
115.16	470.186	-43.1093	427.077
115.18	463.674	-36.6201	427.054
115.2	449.366	-22.3059	427.06
115.22	450.922	-23.8459	427.076
115.24	463.814	-36.7253	427.089
115.26	473.509	-46.4103	427.099
115.28	478.55	-51.4416	427.109
115.3	476.224	-49.1062	427.118
115.32	471.043	-43.9117	427.131
115.34	462.523	-35.3817	427.141
115.36	454.143	-27.0137	427.129
115.38	463.703	-36.5892	427.113
115.4	472.096	-44.9632	427.133
115.42	471.116	-43.9862	427.13
115.44	466.055	-38.9119	427.143
115.46	461.928	-34.7557	427.172
115.48	467.376	-40.2434	427.132
115.5	472.55	-45.3905	427.16
115.52	473.459	-46.2996	427.16
115.54	470.067	-42.9153	427.152
115.56	466.47	-39.3132	427.157
115.58	456.771	-29.6029	427.168
115.6	465.1	-37.9484	427.152
115.62	477.66	-50.4919	427.168
115.64	478.539	-51.3762	427.163
115.66	469.98	-42.8382	427.142
115.68	461.649	-34.4806	427.168
115.7	467.003	-39.87	427.133
115.72	469.562	-42.4204	427.141
115.74	471.392	-44.2614	427.131
115.76	473.18	-46.0707	427.11
115.78	467.73	-40.6196	427.11
115.8	461.809	-34.6868	427.123
115.82	455.808	-28.6898	427.118
115.84	460.09	-32.9606	427.13
115.86	463.821	-36.6901	427.131
115.88	463.613	-36.4897	427.124
115.9	469.8	-42.6837	427.116
115.92	464.214	-37.0784	427.135
115.94	455.112	-27.9336	427.178
115.96	462.773	-35.5865	427.187
115.98	466.057	-38.9109	427.146
116	436.457	-9.19694	427.26
116.02	458.766	-31.6298	427.137
116.04	461.641	-34.4839	427.158
116.06	460.716	-33.5562	427.16
116.08	457.363	-30.2252	427.137
116.1	455.719	-28.5612	427.158
116.12	461.295	-34.1489	427.146
116.14	466.135	-38.9997	427.135
116.16	458.65	-31.5467	427.103
116.18	447.803	-20.6956	427.107
116.2	463.943	-36.8603	427.083
116.22	467.7	-40.6318	427.068
116.24	462.614	-35.5325	427.081
116.26	465.114	-38.0211	427.093
116.28	472.035	-44.9427	427.092
116.3	468.835	-41.7474	427.088
116.32	451.682	-24.5519	427.13
116.34	457.743	-30.614	427.129
116.36	465.35	-38.225	427.125
116.38	465.714	-38.5912	427.122
116.4	450.624	-23.4795	427.144
116.42	443.757	-16.5703	427.187
116.44	464.829	-37.6808	427.148
116.46	474.268	-47.1189	427.149
116.48	470.648	-43.5032	427.145
116.5	463.507	-36.3922	427.115
116.52	450.414	-23.2639	427.15
116.54	448.677	-21.5612	427.116
116.56	459.631	-32.4899	427.141
116.58	472.386	-45.2397	427.146
116.6	454.939	-27.8108	427.128
116.62	441.002	-13.835	427.167
116.64	463.354	-36.2343	427.12
116.66	454.476	-27.3497	427.126
116.68	457.595	-30.4879	427.107
116.7	465.572	-38.4577	427.115
116.72	461.323	-34.1605	427.162
116.74	469.607	-42.4766	427.131
116.76	465.183	-38.0289	427.154
116.78	457.912	-30.6906	427.222
116.8	462.867	-35.675	427.192
116.82	465.13	-37.9631	427.167
116.84	460.549	-33.3799	427.169
116.86	464.488	-37.3553	427.133
116.88	468.17	-41.0203	427.15
116.9	455.263	-28.1219	427.141
116.92	439.248	-12.0686	427.18
116.94	449.226	-22.092	427.134
116.96	453.391	-26.2416	427.149
116.98	456.573	-29.3835	427.189
117	463.737	-36.5359	427.202
117.02	466.157	-39.0067	427.15
117.04	461.281	-34.1376	427.143
117.06	463.627	-36.562	427.065
117.08	449.274	-22.1519	427.122
117.1	454.502	-27.4071	427.095
117.12	453.737	-26.6308	427.106
117.14	457.902	-30.7938	427.108
117.16	462.898	-35.815	427.083
117.18	456.899	-29.8105	427.089
117.2	442.573	-15.4565	427.116
117.22	456.045	-28.9382	427.107
117.24	457.852	-30.7066	427.146
117.26	461.094	-33.9566	427.137
117.28	461.227	-34.0995	427.127
117.3	453.425	-26.3251	427.1
117.32	455.908	-28.8097	427.099
117.34	461.371	-34.2503	427.121
117.36	462.415	-35.2845	427.131
117.38	463.088	-35.9596	427.128
117.4	465.107	-37.9821	427.125
117.42	455.956	-28.8399	427.116
117.44	451.242	-24.1137	427.129
117.46	463.482	-36.4095	427.073
117.48	466.225	-39.1353	427.09
117.5	465.997	-38.9191	427.078
117.52	461.962	-34.8844	427.077
117.54	439.881	-12.7878	427.093
117.56	445.315	-18.2318	427.083
117.58	463.683	-36.5899	427.093
117.6	459.718	-32.6178	427.1
117.62	461.197	-34.0789	427.118
117.64	466.193	-39.0547	427.138
117.66	467.714	-40.5896	427.124
117.68	467.387	-40.267	427.12
117.7	462.3	-35.1703	427.129
117.72	461.19	-34.0842	427.106
117.74	460.959	-33.8472	427.112
117.76	465.328	-38.1969	427.131
117.78	465.101	-37.9685	427.133
117.8	462.606	-35.4328	427.173
117.82	465.477	-38.3135	427.163
117.84	463.163	-36.0077	427.155
117.86	457.215	-30.0567	427.158
117.88	451.701	-24.5411	427.159
117.9	450.475	-23.3255	427.149
117.92	451.677	-24.5171	427.16
117.94	455.337	-28.1584	427.179
117.96	459.07	-31.9125	427.157
117.98	455.906	-28.7247	427.181
118	463.732	-36.5753	427.157
118.02	459.01	-31.86	427.15
118.04	463.094	-35.9221	427.172
118.06	468.889	-41.7206	427.168
118.08	466.348	-39.1854	427.163
118.1	460.069	-32.8943	427.175
118.12	459.581	-32.4474	427.134
118.14	447.568	-20.4102	427.158
118.16	460.741	-33.605	427.136
118.18	464.421	-37.2699	427.151
118.2	459.071	-31.9402	427.131
118.22	442.041	-14.8488	427.192
118.24	460.522	-33.3815	427.141
118.26	476.422	-49.2922	427.13
118.28	474.887	-47.7584	427.129
118.3	459.386	-32.2192	427.167
118.32	471.179	-44.0565	427.122
118.34	475.96	-48.8493	427.111
118.36	473.496	-46.417	427.079
118.38	473.689	-46.5688	427.12
118.4	474.362	-47.2445	427.117
118.42	471.242	-44.1313	427.111
118.44	461.935	-34.8001	427.135
118.46	466.644	-39.559	427.085
118.48	462.29	-35.2058	427.084
118.5	443.908	-16.7862	427.121
118.52	457.455	-30.3606	427.095
118.54	467.288	-40.1743	427.113
118.56	470.038	-42.9355	427.102
118.58	466.653	-39.5538	427.099
118.6	459.859	-32.7669	427.092
118.62	463.259	-36.1917	427.067
118.64	460.617	-33.5195	427.097
118.66	463.002	-35.9772	427.025
118.68	450.071	-23.0084	427.063
118.7	457.724	-30.6837	427.04
118.72	462.376	-35.3201	427.056
118.74	461.014	-33.9567	427.057
118.76	453.796	-26.7385	427.057
118.78	448.655	-21.6009	427.054
118.8	444.456	-17.3645	427.092
118.82	457.507	-30.4463	427.06
118.84	469.899	-42.8238	427.075
118.86	468.865	-41.7597	427.106
118.88	467.066	-39.9684	427.097
118.9	470.785	-43.6984	427.087
118.92	462.835	-35.741	427.094
118.94	459.27	-32.1825	427.088
118.96	471.797	-44.7491	427.048
118.98	467.514	-40.5067	427.007
119	443.857	-16.7982	427.059
119.02	442.875	-15.8095	427.066
119.04	459.845	-32.8006	427.045
119.06	456.914	-29.8201	427.093
119.08	451.421	-24.3295	427.092
119.1	450.022	-22.9473	427.075
119.12	465.053	-38.0182	427.035
119.14	463.496	-36.5016	426.994
119.16	444.934	-17.8748	427.059
119.18	467.238	-40.2407	426.998
119.2	462.901	-35.9183	426.983
119.22	452.054	-25.0152	427.038
119.24	475.253	-48.2593	426.993
119.26	471.661	-44.6529	427.008
119.28	463.486	-36.4982	426.988
119.3	459.63	-32.6604	426.969
119.32	461.72	-34.7614	426.959
119.34	462.953	-35.9955	426.957
119.36	455.199	-28.2198	426.979
119.38	454.931	-27.9166	427.015
119.4	462.904	-35.8865	427.017
119.42	455.012	-27.9697	427.043
119.44	457.244	-30.211	427.033
119.46	469.331	-42.3148	427.017
119.48	460.117	-33.1044	427.012
119.5	445.079	-18.0046	427.074
119.52	459.501	-32.4768	427.024
119.54	459.828	-32.8059	427.022
119.56	457.196	-30.1624	427.033
119.58	455.526	-28.4851	427.041
119.6	460.45	-33.4031	427.047
119.62	458.77	-31.7361	427.034
119.64	460.553	-33.4927	427.06
119.66	469.454	-42.4251	427.029
119.68	468.04	-41.045	426.995
119.7	457.507	-30.4827	427.024
119.72	436.609	-9.56193	427.047
119.74	450.24	-23.2049	427.035
119.76	458.822	-31.7186	427.104
119.78	455.066	-27.9613	427.105
119.8	455.566	-28.475	427.091
119.82	461.298	-34.2223	427.076
119.84	461.266	-34.1865	427.079
119.86	447.631	-20.5246	427.106
119.88	441.639	-14.5486	427.09
119.9	450.311	-23.2573	427.053
119.92	449.097	-22.0158	427.081
119.94	451.424	-24.3174	427.107
119.96	466.634	-39.5472	427.086
119.98	468.047	-40.9387	427.109
120	457.982	-30.8694	427.113
120.02	458.582	-31.4802	427.102
120.04	462.109	-35.0206	427.088
120.06	457.566	-30.4885	427.078
120.08	459.683	-32.6137	427.07
120.1	454.881	-27.7817	427.099
120.12	448.821	-21.6946	427.127
120.14	466.492	-39.4459	427.046
120.16	454.838	-27.7517	427.086
120.18	440.865	-13.7882	427.077
120.2	453.074	-26.0226	427.051
120.22	463.909	-36.8728	427.036
120.24	456.903	-29.824	427.079
120.26	468.418	-41.367	427.051
120.28	472.668	-45.5956	427.073
120.3	470.785	-43.7011	427.084
120.32	470.559	-43.4864	427.073
120.34	472.03	-44.9549	427.076
120.36	470.687	-43.6261	427.06
120.38	457.382	-30.3371	427.045
120.4	455.27	-28.2109	427.059
120.42	457.393	-30.3648	427.029
120.44	437.384	-10.3116	427.073
120.46	451.943	-24.9081	427.034
120.48	461.102	-34.0174	427.085
120.5	462.506	-35.4661	427.04
120.52	463.295	-36.2243	427.07
120.54	472.65	-45.5919	427.058
120.56	469.898	-42.836	427.062
120.58	456.071	-29.0041	427.067
120.6	448.223	-21.1705	427.052
120.62	436.653	-9.59071	427.062
120.64	448.225	-21.196	427.029
120.66	446.473	-19.4154	427.058
120.68	447.059	-20.0104	427.049
120.7	454.07	-26.9964	427.073
120.72	462.041	-34.9618	427.079
120.74	460.418	-33.3033	427.115
120.76	465.427	-38.3208	427.106
120.78	446.114	-19.0106	427.103
120.8	451.572	-24.4417	427.131
120.82	466.684	-39.561	427.123
120.84	469.166	-42.0417	427.125
120.86	465.737	-38.6245	427.113
120.88	452.125	-24.9587	427.167
120.9	458.28	-31.1529	427.127
120.92	464.259	-37.1242	427.135
120.94	466.989	-39.86	427.129
120.96	463.38	-36.2666	427.113
120.98	465.819	-38.7406	427.078
121	459.375	-32.297	427.078
121.02	460.903	-33.8193	427.083
121.04	459.094	-31.9851	427.109
121.06	458.389	-31.3087	427.081
121.08	453.949	-26.848	427.101
121.1	451.306	-24.2389	427.067
121.12	445.89	-18.8018	427.088
121.14	460.664	-33.6007	427.063
121.16	468.713	-41.6406	427.072
121.18	469.111	-42.0393	427.071
121.2	466.555	-39.5009	427.054
121.22	447.87	-20.8154	427.054
121.24	458.529	-31.5054	427.024
121.26	472.391	-45.3689	427.022
121.28	474.107	-47.0673	427.04
121.3	477.745	-50.7228	427.023
121.32	474.867	-47.8277	427.04
121.34	467.324	-40.2691	427.055
121.36	461.345	-34.3223	427.023
121.38	452.374	-25.2908	427.083
121.4	460.828	-33.7975	427.031
121.42	467.26	-40.2332	427.027
121.44	466.121	-39.123	426.998
121.46	456.206	-29.187	427.019
121.48	461.823	-34.8758	426.948
121.5	466.478	-39.4985	426.98
121.52	466.262	-39.2671	426.995
121.54	462.099	-35.1075	426.991
121.56	455.68	-28.6919	426.989
121.58	443.206	-16.1925	427.013
121.6	447.93	-20.9186	427.012
121.62	456.552	-29.5142	427.037
121.64	462.254	-35.2031	427.051
121.66	462.168	-35.0828	427.085
121.68	463.288	-36.2212	427.067
121.7	442.678	-15.5649	427.113
121.72	442.91	-15.8037	427.106
121.74	457.23	-30.133	427.097
121.76	460.994	-33.9032	427.091
121.78	456.137	-29.0969	427.04
121.8	449.539	-22.4714	427.068
121.82	457.811	-30.7403	427.07
121.84	453.034	-25.9284	427.106
121.86	453.369	-26.2755	427.094
121.88	446.073	-19.0578	427.015
121.9	451.342	-24.3161	427.026
121.92	463.01	-35.9316	427.078
121.94	460.66	-33.5996	427.061
121.96	459.64	-32.5594	427.081
121.98	459.492	-32.4207	427.071
122	457.093	-30.0263	427.067
122.02	459.057	-32.0159	427.041
122.04	458.195	-31.1362	427.059
122.06	459.416	-32.3744	427.041
122.08	464.564	-37.5157	427.049
122.1	469.432	-42.3945	427.038
122.12	458.944	-31.8982	427.045
122.14	457.022	-29.9578	427.065
122.16	463.401	-36.3523	427.049
122.18	459.983	-32.9207	427.062
122.2	452.438	-25.3911	427.047
122.22	439.654	-12.5764	427.077
122.24	454.881	-27.8421	427.038
122.26	470.861	-43.8246	427.036
122.28	471.283	-44.2607	427.022
122.3	471.262	-44.2625	426.999
122.32	471.252	-44.2625	426.99
122.34	464.524	-37.4996	427.024
122.36	453.076	-26.0091	427.067
122.38	458.025	-30.9623	427.063
122.4	467.21	-40.1795	427.03
122.42	462.133	-35.0904	427.042
122.44	450.907	-23.836	427.07
122.46	455.6	-28.5303	427.07
122.48	455.202	-28.1434	427.059
122.5	451.957	-24.8912	427.066
122.52	457.854	-30.791	427.063
122.54	469.388	-42.3166	427.071
122.56	463.149	-36.1779	426.972
122.58	455.388	-28.3993	426.988
122.6	470.41	-43.337	427.073
122.62	473.012	-45.9455	427.067
122.64	470.262	-43.2082	427.054
122.66	456.09	-29.0213	427.069
122.68	452.326	-25.265	427.061
122.7	470.246	-43.2306	427.016
122.72	464.093	-37.0834	427.009
122.74	465.221	-38.2312	426.99
122.76	459.725	-32.6896	427.035
122.78	460.783	-33.7422	427.041
122.8	468.978	-41.9632	427.015
122.82	462.473	-35.4463	427.026
122.84	453.314	-26.2968	427.018
122.86	453.066	-26.0273	427.038
122.88	447.556	-20.5278	427.029
122.9	453.448	-26.4451	427.003
122.92	464.774	-37.7146	427.059
122.94	470.535	-43.5005	427.035
122.96	458.205	-31.1141	427.091
122.98	452.271	-25.2561	427.015
123	440.145	-13.0736	427.072
123.02	461.572	-34.5206	427.051
123.04	474.657	-47.5905	427.067
123.06	479.962	-52.8933	427.068
123.08	476.219	-49.1773	427.041
123.1	464.856	-37.8178	427.038
123.12	438.419	-11.4045	427.014
123.14	425.009	2.03365	427.043
123.16	455.344	-28.315	427.029
123.18	466.778	-39.6986	427.08
123.2	468.995	-41.9377	427.057
123.22	443.392	-16.2262	427.166
123.24	440.401	-13.2856	427.116
123.26	450.037	-22.9238	427.113
123.28	445.849	-18.7033	427.145
123.3	453.149	-26	427.149
123.32	463.671	-36.4979	427.173
123.34	468.802	-41.6156	427.186
123.36	471.026	-43.8511	427.175
123.38	467.785	-40.5994	427.186
123.4	461.056	-33.8657	427.19
123.42	457.736	-30.5414	427.195
123.44	458.421	-31.2006	427.22
123.46	458.698	-31.493	427.205
123.48	455.209	-28.0099	427.2
123.5	461.994	-34.7987	427.196
123.52	469.784	-42.5888	427.195
123.54	469.978	-42.7877	427.19
123.56	468.76	-41.5755	427.185
123.58	466.084	-38.9149	427.169
123.6	453.504	-26.3382	427.166
123.62	448.002	-20.8278	427.174
123.64	456.36	-29.1916	427.168
123.66	452.683	-25.5063	427.177
123.68	443.839	-16.6256	427.214
123.7	455.701	-28.508	427.193
123.72	457.613	-30.386	427.227
123.74	460.284	-33.0729	427.211
123.76	448.223	-20.9492	427.273
123.78	462.75	-35.5292	427.221
123.8	464.431	-37.1894	427.242
123.82	444.762	-17.5359	427.227
123.84	445.843	-18.6492	427.194
123.86	451.265	-24.0158	427.249
123.88	456.594	-29.3746	427.219
123.9	441.666	-14.414	427.252
123.92	445.07	-17.8169	427.253
123.94	454.828	-27.6216	427.206
123.96	454.427	-27.1958	427.231
123.98	444.62	-17.4043	427.216
124	441.045	-13.8434	427.201
124.02	454.903	-27.7648	427.138
124.04	448.815	-21.6195	427.196
124.06	454.891	-27.6969	427.194
124.08	456.673	-29.4746	427.198
124.1	463.534	-36.3474	427.187
124.12	467.885	-40.6763	427.208
124.14	467.62	-40.4252	427.195
124.16	466.563	-39.3596	427.204
124.18	468.481	-41.258	427.223
124.2	470.678	-43.4511	427.227
124.22	470.291	-43.0817	427.21
124.24	466.724	-39.5122	427.211
124.26	457.674	-30.4375	427.236
124.28	462.409	-35.1828	427.226
124.3	468.476	-41.2367	427.239
124.32	469.458	-42.235	427.223
124.34	472.056	-44.826	427.23
124.36	473.018	-45.809	427.209
124.38	469.454	-42.2851	427.169
124.4	469.804	-42.6322	427.172
124.42	468.838	-41.6867	427.151
124.44	463.768	-36.6297	427.139
124.46	457.622	-30.5004	427.122
124.48	461.488	-34.3719	427.116
124.5	469.782	-42.6711	427.111
124.52	456.67	-29.5371	427.133
124.54	468.14	-41.0682	427.072
124.56	474.68	-47.5931	427.087
124.58	463.964	-36.9009	427.063
124.6	446.087	-19.005	427.082
124.62	444.486	-17.3981	427.088
124.64	453.985	-26.8997	427.085
124.66	468	-40.9312	427.069
124.68	468.559	-41.4802	427.079
124.7	465.751	-38.6579	427.093
124.72	464.334	-37.2283	427.105
124.74	468.388	-41.2803	427.107
124.76	471.609	-44.5079	427.101
124.78	466.558	-39.4504	427.107
124.8	463.626	-36.5599	427.066
124.82	452.738	-25.6599	427.078
124.84	453.197	-26.1176	427.079
124.86	461.205	-34.1179	427.087
124.88	473.644	-46.5757	427.068
124.9	475.233	-48.1545	427.079
124.92	475.809	-48.7037	427.105
124.94	474.885	-47.7692	427.116
124.96	467.764	-40.6283	427.136
124.98	468.025	-40.8986	427.127
125	477.113	-49.9829	427.13
125.02	475.793	-48.6799	427.113
125.04	464.184	-37.0694	427.115
125.06	464.249	-37.1527	427.096
125.08	463.741	-36.6312	427.11
125.1	452.765	-25.6674	427.097
125.12	464.682	-37.6194	427.062
125.14	470.521	-43.4299	427.091
125.16	456.996	-29.9128	427.083
125.18	458.361	-31.2848	427.076
125.2	472.496	-45.4393	427.057
125.22	468.75	-41.6879	427.062
125.24	470.058	-42.9944	427.064
125.26	475.087	-48.041	427.046
125.28	477.987	-50.9506	427.036
125.3	478.595	-51.5802	427.015
125.32	465.913	-38.9406	426.973
125.34	453.774	-26.7826	426.991
125.36	461.425	-34.4356	426.99
125.38	451.539	-24.5018	427.037
125.4	450.092	-23.0816	427.01
125.42	449.976	-22.9319	427.044
125.44	464.485	-37.4582	427.026
125.46	459.066	-32.1076	426.958
125.48	436.939	-9.95586	426.983
125.5	451.588	-24.596	426.992
125.52	468.814	-41.804	427.01
125.54	479.546	-52.5273	427.018
125.56	472.65	-45.6537	426.997
125.58	456.307	-29.3244	426.983
125.6	450.355	-23.3468	427.009
125.62	459.76	-32.8095	426.95
125.64	455.013	-28.0263	426.987
125.66	457.307	-30.3121	426.995
125.68	467.362	-40.3738	426.989
125.7	467.01	-40.0041	427.006
125.72	454.335	-27.2983	427.037
125.74	464.365	-37.3878	426.977
125.76	469.298	-42.3012	426.996
125.78	456.971	-29.9212	427.05
125.8	461.289	-34.2682	427.02
125.82	455.668	-28.6092	427.058
125.84	468.118	-41.091	427.027
125.86	469.958	-42.9036	427.055
125.88	454	-26.9545	427.046
125.9	450.049	-23.0153	427.034
125.92	457.838	-30.8217	427.016
125.94	456.487	-29.4789	427.008
125.96	459.264	-32.2415	427.023
125.98	469.44	-42.4412	426.999
126	472.142	-45.1407	427.001
126.02	464.183	-37.1727	427.01
126.04	454.984	-27.9568	427.027
126.06	455.031	-27.9796	427.052
126.08	459.595	-32.5403	427.055
126.1	462.193	-35.1175	427.076
126.12	458.828	-31.7547	427.073
126.14	454.483	-27.4023	427.081
126.16	458.213	-31.1585	427.055
126.18	456.991	-29.9009	427.09
126.2	474.895	-47.8227	427.072
126.22	474.107	-47.0293	427.078
126.24	453.622	-26.5577	427.064
126.26	438.257	-11.2291	427.028
126.28	436.401	-9.37084	427.03
126.3	439.464	-12.4052	427.059
126.32	446.122	-19.073	427.049
126.34	458.221	-31.2063	427.015
126.36	461.573	-34.5385	427.034
126.38	464.832	-37.8327	426.999
126.4	473.23	-46.2465	426.983
126.42	467.015	-40.0369	426.978
126.44	457.681	-30.6745	427.007
126.46	464.905	-37.9108	426.994
126.48	457.678	-30.6457	427.033
126.5	460.025	-33.0215	427.004
126.52	467.185	-40.1885	426.996
126.54	461.954	-34.9513	427.003
126.56	465.715	-38.7226	426.992
126.58	473.7	-46.6809	427.019
126.6	472.572	-45.5137	427.058
126.62	470.503	-43.4387	427.065
126.64	462.741	-35.6999	427.041
126.66	444.125	-17.0788	427.046
126.68	440.222	-13.2127	427.009
126.7	458.364	-31.3875	426.977
126.72	456.923	-29.9294	426.993
126.74	436.922	-9.86446	427.057
126.76	458.637	-31.6508	426.986
126.78	473.029	-45.9872	427.042
126.8	468.412	-41.3565	427.055
126.82	462.772	-35.7157	427.057
126.84	465.237	-38.196	427.041
126.86	465.302	-38.2811	427.021
126.88	464.162	-37.1547	427.007
126.9	458.287	-31.3019	426.985
126.92	449.553	-22.5945	426.958
126.94	438.85	-11.8289	427.021
126.96	456.939	-29.9599	426.979
126.98	465.978	-38.9853	426.993
127	463.084	-36.0773	427.006
127.02	452.883	-25.8636	427.02
127.04	446.942	-19.921	427.021
127.06	450.675	-23.614	427.061
127.08	466.543	-39.4565	427.086
127.1	472.388	-45.2976	427.09
127.12	463.832	-36.7534	427.079
127.14	450.298	-23.2185	427.079
127.16	448.693	-21.6552	427.038
127.18	459.709	-32.6499	427.059
127.2	467.672	-40.6022	427.07
127.22	439.869	-12.7936	427.075
127.24	424.648	2.43965	427.087
127.26	449.721	-22.6466	427.074
127.28	454.044	-26.9511	427.093
127.3	453.336	-26.2307	427.105
127.32	469.105	-41.9864	427.118
127.34	474.855	-47.6979	427.157
127.36	471.38	-44.2325	427.148
127.38	456.716	-29.5815	427.134
127.4	447.576	-20.4362	427.14
127.42	458.543	-31.4345	427.108
127.44	470.894	-43.7931	427.101
127.46	462.714	-35.5925	427.122
127.48	460.083	-32.9933	427.089
127.5	455.611	-28.5032	427.108
127.52	454.514	-27.4197	427.095
127.54	456.4	-29.2881	427.112
127.56	460.929	-33.8275	427.101
127.58	460.645	-33.5253	427.12
127.6	442.058	-14.9066	427.152
127.62	447.643	-20.5184	427.125
127.64	465.653	-38.5124	427.141
127.66	464.849	-37.7136	427.135
127.68	453.842	-26.7069	427.135
127.7	454.241	-27.126	427.115
127.72	462.804	-35.7002	427.104
127.74	459.877	-32.7555	427.121
127.76	458.308	-31.1849	427.123
127.78	448.213	-21.0455	427.167
127.8	457.728	-30.5775	427.151
127.82	463.467	-36.3313	427.135
127.84	462.844	-35.7343	427.11
127.86	452.96	-25.8613	427.098
127.88	442.579	-15.4221	427.157
127.9	450.93	-23.7532	427.176
127.92	467.039	-39.8462	427.192
127.94	465.654	-38.4543	427.2
127.96	461.809	-34.5948	427.214
127.98	454.201	-26.9993	427.202
128	449.277	-22.0954	427.182
128.02	452.288	-25.108	427.18
128.04	442.72	-15.4723	427.248
128.06	455.854	-28.6737	427.18
128.08	455.295	-28.0885	427.206
128.1	452.139	-24.9343	427.205
128.12	452.665	-25.4405	427.225
128.14	465.207	-37.9824	427.225
128.16	468.591	-41.3583	427.232
128.18	462.765	-35.5507	427.215
128.2	454.956	-27.7118	427.244
128.22	460.943	-33.7009	427.242
128.24	457.44	-30.1947	427.246
128.26	462.827	-35.6063	427.221
128.28	446.605	-19.4368	427.168
128.3	426.09	1.11774	427.208
128.32	452.168	-24.98	427.188
128.34	467.713	-40.5612	427.152
128.36	455.309	-28.1405	427.169
128.38	422.554	4.61871	427.173
128.4	455.632	-28.4906	427.141
128.42	471.493	-44.2766	427.217
128.44	469.557	-42.3444	427.213
128.46	462.018	-34.8115	427.206
128.48	449.841	-22.6667	427.174
128.5	450.676	-23.5224	427.153
128.52	456.598	-29.4844	427.113
128.54	444.507	-17.3761	427.131
128.56	453.428	-26.3161	427.112
128.58	469.487	-42.3629	427.124
128.6	474.988	-47.858	427.13
128.62	470.8	-43.6785	427.121
128.64	453.426	-26.3115	427.114
128.66	444.761	-17.6139	427.147
128.68	461.61	-34.549	427.061
128.7	451.265	-24.1176	427.147
128.72	467.175	-40.0387	427.137
128.74	455.6	-28.4783	427.122
128.76	432.32	-5.08877	427.231
128.78	453.382	-26.2187	427.163
128.8	452.899	-25.7317	427.168
128.82	444.376	-17.1503	427.226
128.84	446.289	-19.0697	427.22
128.86	448.906	-21.6907	427.215
128.88	462.172	-34.9899	427.182
128.9	472.465	-45.2921	427.173
128.92	458.821	-31.6432	427.178
128.94	471.595	-44.4688	427.126
128.96	471.196	-44.0322	427.163
128.98	463.796	-36.6258	427.171
129	464.194	-37.0382	427.156
129.02	466.073	-38.9326	427.141
129.04	457.269	-30.1099	427.16
129.06	450.974	-23.8085	427.166
129.08	456.358	-29.2253	427.133
129.1	461.692	-34.5531	427.139
129.12	466.845	-39.7195	427.126
129.14	470.042	-42.9055	427.137
129.16	468.004	-40.8553	427.148
129.18	467.374	-40.2586	427.115
129.2	467.915	-40.8263	427.089
129.22	463.41	-36.3081	427.101
129.24	456.763	-29.6241	427.139
129.26	461.546	-34.4318	427.114
129.28	461.594	-34.4846	427.11
129.3	455.269	-28.2073	427.061
129.32	445.625	-18.5289	427.096
129.34	459.157	-32.1311	427.026
129.36	443.975	-16.8783	427.097
129.38	450.6	-23.5332	427.067
129.4	459.63	-32.566	427.064
129.42	465.706	-38.666	427.04
129.44	461.715	-34.6468	427.068
129.46	457.615	-30.5465	427.068
129.48	452.94	-25.9016	427.038
129.5	450.996	-23.9292	427.066
129.52	460.774	-33.726	427.048
129.54	459.846	-32.7613	427.085
129.56	464.773	-37.7435	427.029
129.58	446.807	-19.7372	427.07
129.6	452.332	-25.2957	427.036
129.62	466.333	-39.2885	427.045
129.64	467.32	-40.2264	427.094
129.66	457.564	-30.482	427.082
129.68	447.678	-20.5991	427.079
129.7	452.468	-25.3916	427.076
129.72	462.743	-35.6986	427.044
129.74	461.832	-34.748	427.084
129.76	463.475	-36.4409	427.034
129.78	443.679	-16.6043	427.075
129.8	450.343	-23.3172	427.025
129.82	448.828	-21.7777	427.05
129.84	453.648	-26.6225	427.025
129.86	437.572	-10.4611	427.111
129.88	450.409	-23.3756	427.033
129.9	459.19	-32.119	427.071
129.92	466.943	-39.8846	427.058
129.94	465.054	-38.0153	427.038
129.96	448.387	-21.2971	427.089
129.98	463.218	-36.1923	427.025
130	462.586	-35.547	427.039
130.02	443.64	-16.5977	427.043
130.04	435.905	-8.84034	427.064
130.06	448.557	-21.4664	427.091
130.08	467.923	-40.8438	427.079
130.1	465.762	-38.6891	427.073
130.12	451.704	-24.5973	427.107
130.14	460.323	-33.2502	427.072
130.16	464.933	-37.8501	427.083
130.18	464.276	-37.1976	427.078
130.2	458.045	-30.9562	427.089
130.22	448.725	-21.6673	427.057
130.24	442.442	-15.371	427.071
130.26	462.245	-35.1829	427.063
130.28	467.064	-39.9995	427.065
130.3	456.079	-28.9891	427.09
130.32	464.248	-37.1781	427.069
130.34	466.695	-39.583	427.112
130.36	465.134	-37.9724	427.161
130.38	467.642	-40.4887	427.153
130.4	465.155	-37.9984	427.156
130.42	463.202	-36.0492	427.153
130.44	467.873	-40.7381	427.135
130.46	449.002	-21.8859	427.116
130.48	442.987	-15.9131	427.074
130.5	439.743	-12.5741	427.169
130.52	461.387	-34.2449	427.142
130.54	468.618	-41.465	427.153
130.56	464.998	-37.8382	427.16
130.58	466.27	-39.1105	427.159
130.6	463.489	-36.3228	427.167
130.62	462.336	-35.1836	427.153
130.64	458.34	-31.203	427.137
130.66	459.189	-32.0707	427.118
130.68	464.203	-37.1019	427.101
130.7	461.202	-34.0999	427.102
130.72	452.714	-25.5874	427.126
130.74	464.842	-37.7377	427.104
130.76	474.34	-47.2274	427.113
130.78	472.31	-45.2018	427.108
130.8	463.109	-35.9919	427.117
130.82	465.117	-38.0111	427.106
130.84	463.612	-36.5183	427.093
130.86	451.636	-24.5231	427.113
130.88	472.436	-45.4088	427.028
130.9	461.176	-34.1199	427.056
130.92	443.522	-16.4354	427.087
130.94	453.385	-26.3178	427.067
130.96	459.318	-32.2507	427.067
130.98	471.007	-43.9567	427.05
131	470.754	-43.7158	427.038
131.02	454.2	-27.1185	427.082
131.04	457.475	-30.4442	427.031
131.06	446.268	-19.1667	427.102
131.08	464.371	-37.3081	427.063
131.1	468.013	-40.9582	427.055
131.12	454.479	-27.4307	427.049
131.14	468.674	-41.6614	427.013
131.16	477.209	-50.1711	427.038
131.18	471.959	-44.9263	427.033
131.2	460.216	-33.1853	427.03
131.22	456.008	-29.0371	426.971
131.24	445.392	-18.3129	427.079
131.26	463.497	-36.4569	427.04
131.28	468.064	-40.9613	427.102
131.3	477.335	-50.2662	427.068
131.32	477.702	-50.6678	427.034
131.34	450.89	-23.8436	427.046
131.36	455.469	-28.4015	427.068
131.38	471.452	-44.3684	427.084
131.4	463.274	-36.1645	427.109
131.42	455.075	-27.9584	427.117
131.44	457.117	-30.005	427.112
131.46	450.356	-23.213	427.143
131.48	459.08	-31.932	427.148
131.5	464.362	-37.2	427.162
131.52	470.145	-42.9905	427.155
131.54	471.861	-44.6944	427.167
131.56	470.415	-43.2407	427.174
131.58	462.799	-35.6233	427.176
131.6	467.452	-40.3049	427.147
131.62	454.479	-27.3056	427.173
131.64	453.931	-26.7676	427.164
131.66	461.238	-34.0706	427.167
131.68	463.937	-36.762	427.175
131.7	467.921	-40.7752	427.146
131.72	471.801	-44.6455	427.155
131.74	470.122	-42.9916	427.13
131.76	462.821	-35.6698	427.151
131.78	458.798	-31.6846	427.113
131.8	439.475	-12.3427	427.133
131.82	451.463	-24.3859	427.077
131.84	463.916	-36.8775	427.039
131.86	461.954	-34.8748	427.079
131.88	467.585	-40.5298	427.055
131.9	468.601	-41.5339	427.068
131.92	471.11	-44.0488	427.061
131.94	475.205	-48.1559	427.049
131.96	470.375	-43.361	427.014
131.98	454.577	-27.5812	426.996
132	459.589	-32.5755	427.013
132.02	459.112	-32.1073	427.005
132.04	436.552	-9.53507	427.017
132.06	439.978	-12.954	427.024
132.08	466.714	-39.7335	426.981
132.1	460.743	-33.6962	427.047
132.12	468.378	-41.3854	426.992
132.14	461.246	-34.2611	426.985
132.16	459.247	-32.275	426.972
132.18	469.57	-42.6025	426.968
132.2	468.483	-41.496	426.987
132.22	461.902	-34.8918	427.01
132.24	463.917	-36.9094	427.007
132.26	471.275	-44.2509	427.024
132.28	473.744	-46.7056	427.038
132.3	469.472	-42.4182	427.054
132.32	465.523	-38.4758	427.047
132.34	460.159	-33.1261	427.033
132.36	436.092	-9.04204	427.05
132.38	457.024	-30.0101	427.014
132.4	468.908	-41.8364	427.072
132.42	465.636	-38.5653	427.07
132.44	460.854	-33.8086	427.046
132.46	445.701	-18.6455	427.055
132.48	445.937	-18.8596	427.078
132.5	470.959	-43.9194	427.039
132.52	475.306	-48.2875	427.019
132.54	466.247	-39.2413	427.005
132.56	450.319	-23.2734	427.045
132.58	449.443	-22.4286	427.015
132.6	455.267	-28.2332	427.034
132.62	458.03	-30.9716	427.059
132.64	463.676	-36.6171	427.059
132.66	466.709	-39.6596	427.05
132.68	464.127	-37.0575	427.07
132.7	461.466	-34.3947	427.072
132.72	462.087	-35.0196	427.067
132.74	462.338	-35.2699	427.068
132.76	463.626	-36.5551	427.071
132.78	466.909	-39.8579	427.051
132.8	462.64	-35.5624	427.077
132.82	462.203	-35.1085	427.094
132.84	462.082	-34.9956	427.087
132.86	463.61	-36.545	427.065
132.88	464.848	-37.7637	427.085
132.9	468.81	-41.7367	427.073
132.92	458.06	-31.0374	427.022
132.94	448.895	-21.8688	427.026
132.96	465.462	-38.4161	427.046
132.98	460.287	-33.2193	427.068
133	458.757	-31.7177	427.04
133.02	446.36	-19.276	427.084
133.04	464.454	-37.4204	427.034
133.06	466.864	-39.7859	427.078
133.08	462.632	-35.5305	427.101
133.1	451.732	-24.579	427.153
133.12	466.063	-38.9625	427.1
133.14	475.3	-48.2352	427.064
133.16	465.6	-38.4978	427.102
133.18	467.976	-40.926	427.05
133.2	465.256	-38.1505	427.106
133.22	469.777	-42.722	427.055
133.24	470.94	-43.8732	427.067
133.26	471.378	-44.3264	427.051
133.28	472.659	-45.5876	427.071
133.3	471.249	-44.1976	427.051
133.32	460.671	-33.5799	427.091
133.34	467.482	-40.4207	427.061
133.36	469.245	-42.1832	427.062
133.38	458.4	-31.2982	427.102
133.4	456.652	-29.5572	427.095
133.42	446.301	-19.2232	427.077
133.44	446.894	-19.7891	427.104
133.46	473.329	-46.2688	427.061
133.48	473.867	-46.7951	427.072
133.5	457.885	-30.7824	427.103
133.52	462.922	-35.8568	427.065
133.54	464.582	-37.5452	427.037
133.56	447.329	-20.2675	427.061
133.58	454.841	-27.783	427.058
133.6	468.781	-41.7205	427.06
133.62	463.458	-36.3963	427.062
133.64	456.078	-28.9804	427.098
133.66	460.424	-33.35	427.074
133.68	467.304	-40.2592	427.045
133.7	469.991	-42.9367	427.054
133.72	470.611	-43.5354	427.075
133.74	462.573	-35.4907	427.082
133.76	460.338	-33.2744	427.064
133.78	467.164	-40.0971	427.067
133.8	461.284	-34.2148	427.069
133.82	459.95	-32.8833	427.066
133.84	454.964	-27.9026	427.061
133.86	460.956	-33.9182	427.038
133.88	471.425	-44.396	427.029
133.9	467.482	-40.4381	427.043
133.92	461.94	-34.9059	427.034
133.94	444.476	-17.3957	427.08
133.96	454.576	-27.5477	427.028
133.98	457.782	-30.7172	427.065
134	469.841	-42.8016	427.039
134.02	474.083	-47.0153	427.067
134.04	465.676	-38.6178	427.059
134.06	455.997	-28.9398	427.057
134.08	454.846	-27.7838	427.062
134.1	467.859	-40.8263	427.033
134.12	475.623	-48.5482	427.075
134.14	471.75	-44.6557	427.094
134.16	461.467	-34.3684	427.099
134.18	462.177	-35.109	427.068
134.2	466.833	-39.7758	427.057
134.22	451.296	-24.2003	427.095
134.24	450.643	-23.5534	427.09
134.26	462.833	-35.7267	427.106
134.28	468.853	-41.7451	427.107
134.3	467.606	-40.4929	427.113
134.32	461.545	-34.4663	427.079
134.34	452.951	-25.8463	427.104
134.36	460.282	-33.1933	427.089
134.38	461.435	-34.3183	427.117
134.4	450.935	-23.7996	427.135
134.42	458.229	-31.0944	427.135
134.44	466.831	-39.7219	427.109
134.46	461.181	-34.0714	427.11
134.48	446.549	-19.4812	427.068
134.5	438.429	-11.3226	427.107
134.52	466.438	-39.3586	427.08
134.54	470.55	-43.4718	427.078
134.56	471.596	-44.5199	427.076
134.58	467.405	-40.348	427.057
134.6	459.535	-32.4629	427.072
134.62	458.239	-31.187	427.052
134.64	450.802	-23.721	427.081
134.66	459.107	-32.0716	427.035
134.68	459.664	-32.622	427.042
134.7	466.628	-39.6188	427.01
134.72	465.475	-38.4509	427.024
134.74	465.503	-38.4596	427.043
134.76	456.244	-29.1861	427.058
134.78	458.601	-31.6049	426.997
134.8	449.763	-22.7297	427.034
134.82	465.74	-38.7317	427.008
134.84	471.272	-44.2665	427.006
134.86	456.228	-29.1839	427.044
134.88	461.996	-34.984	427.012
134.9	468.393	-41.3778	427.015
134.92	468.183	-41.1874	426.996
134.94	462.729	-35.7528	426.976
134.96	458.254	-31.2415	427.013
134.98	466.587	-39.6118	426.975
135	457.33	-30.2945	427.035
135.02	457.114	-30.07	427.044
135.04	471.479	-44.4197	427.06
135.06	474.762	-47.7244	427.038
135.08	458.358	-31.2953	427.063
135.1	452.395	-25.3306	427.064
135.12	462.415	-35.3571	427.058
135.14	458.862	-31.7883	427.074
135.16	461.313	-34.2087	427.104
135.18	464.982	-37.9164	427.066
135.2	453.623	-26.5475	427.075
135.22	444.486	-17.4406	427.045
135.24	457.1	-30.1252	426.974
135.26	465.825	-38.8268	426.998
135.28	466.585	-39.5317	427.053
135.3	467.884	-40.8278	427.056
135.32	463.917	-36.8552	427.062
135.34	470.184	-43.129	427.055
135.36	473.137	-46.0941	427.042
135.38	452.141	-25.091	427.05
135.4	448.757	-21.7385	427.019
135.42	445.931	-18.88	427.051
135.44	459.173	-32.1619	427.011
135.46	466.694	-39.6998	426.994
135.48	467.531	-40.5384	426.992
135.5	470.769	-43.7707	426.998
135.52	470.96	-43.9726	426.987
135.54	467.65	-40.6695	426.98
135.56	460.324	-33.3517	426.973
135.58	463.049	-36.0661	426.983
135.6	469.093	-42.1265	426.966
135.62	452.02	-25.0318	426.988
135.64	447.325	-20.3594	426.965
135.66	450.442	-23.4613	426.981
135.68	452.429	-25.4376	426.992
135.7	452.098	-25.0862	427.012
135.72	466.645	-39.6528	426.992
135.74	463.857	-36.8528	427.004
135.76	462.489	-35.4887	427
135.78	463.322	-36.3347	426.987
135.8	456.618	-29.6168	427.001
135.82	454.899	-27.8821	427.017
135.84	467.591	-40.5728	427.018
135.86	464.885	-37.8335	427.052
135.88	470.868	-43.815	427.053
135.9	473.102	-46.0454	427.056
135.92	469.383	-42.317	427.066
135.94	466.066	-38.9701	427.096
135.96	466.807	-39.7246	427.082
135.98	467.916	-40.8685	427.048
136	458.996	-31.964	427.032
136.02	459.755	-32.7061	427.049
136.04	472.34	-45.2736	427.066
136.06	463.082	-35.9452	427.137
136.08	472.065	-44.9673	427.098
136.1	468.633	-41.517	427.116
136.12	458.338	-31.2066	427.131
136.14	452.834	-25.6956	427.139
136.16	461.977	-34.8683	427.108
136.18	465.196	-38.0375	427.158
136.2	459.644	-32.4794	427.165
136.22	448.204	-21.0354	427.169
136.24	455.604	-28.4279	427.176
136.26	471.353	-44.188	427.165
136.28	467.295	-40.1264	427.169
136.3	461.548	-34.3897	427.158
136.32	454.885	-27.7622	427.123
136.34	446.827	-19.6663	427.16
136.36	452.887	-25.7479	427.139
136.38	454.883	-27.7589	427.124
136.4	452.048	-24.9104	427.138
136.42	460.201	-33.0474	427.153
136.44	459.282	-32.1108	427.171
136.46	461.079	-33.9284	427.151
136.48	455.863	-28.7072	427.156
136.5	448.96	-21.8006	427.159
136.52	464.263	-37.1253	427.138
136.54	466.578	-39.4572	427.121
136.56	456.752	-29.6579	427.094
136.58	453.831	-26.7333	427.097
136.6	458.269	-31.1593	427.11
136.62	462.296	-35.1673	427.129
136.64	457.965	-30.797	427.168
136.66	450.629	-23.4449	427.184
136.68	454.082	-26.9201	427.162
136.7	464.476	-37.2891	427.186
136.72	471.107	-43.9134	427.193
136.74	471.492	-44.2873	427.205
136.76	464.608	-37.4275	427.18
136.78	451.587	-24.3857	427.201
136.8	450.806	-23.6345	427.171
136.82	455.147	-27.9394	427.208
136.84	462.594	-35.3642	427.23
136.86	463.432	-36.2128	427.219
136.88	461.146	-33.9333	427.212
136.9	451.933	-24.6959	427.237
136.92	467.534	-40.3482	427.186
136.94	468.439	-41.2351	427.204
136.96	458.358	-31.1574	427.2
136.98	450.244	-23.0857	427.159
137	427.194	0.0424376	427.236
137.02	459.536	-32.3893	427.147
137.04	469.907	-42.7578	427.149
137.06	462.761	-35.6105	427.15
137.08	444.919	-17.728	427.191
137.1	456.303	-29.1546	427.149
137.12	457.835	-30.6667	427.168
137.14	460.513	-33.3872	427.126
137.16	462.549	-35.427	427.123
137.18	468.661	-41.5649	427.096
137.2	463.762	-36.6516	427.111
137.22	452.027	-24.8745	427.153
137.24	451.044	-23.8796	427.164
137.26	458.594	-31.4475	427.146
137.28	457.369	-30.217	427.152
137.3	448.456	-21.2861	427.17
137.32	458.435	-31.3106	427.125
137.34	460.897	-33.8002	427.096
137.36	459.097	-32.0144	427.082
137.38	463.602	-36.5201	427.082
137.4	465.567	-38.5089	427.058
137.42	458.879	-31.8266	427.052
137.44	459.725	-32.7013	427.024
137.46	461.735	-34.7786	426.957
137.48	439.427	-12.4024	427.024
137.5	463.441	-36.4226	427.019
137.52	464.924	-37.9017	427.022
137.54	454.25	-27.202	427.048
137.56	464.079	-37.0488	427.03
137.58	473.695	-46.6693	427.026
137.6	467.561	-40.5275	427.033
137.62	459.412	-32.3766	427.036
137.64	464.467	-37.4384	427.029
137.66	468.435	-41.4411	426.994
137.68	461.218	-34.203	427.015
137.7	461.262	-34.2301	427.032
137.72	467.09	-40.044	427.046
137.74	465.949	-38.9202	427.029
137.76	448.266	-21.2093	427.057
137.78	456.799	-29.7928	427.006
137.8	464.445	-37.4066	427.038
137.82	467.566	-40.5401	427.026
137.84	453.881	-26.8405	427.041
137.86	458.988	-31.983	427.005
137.88	460.569	-33.5661	427.003
137.9	452.264	-25.246	427.018
137.92	451.083	-24.0756	427.007
137.94	460.092	-33.0927	426.999
137.96	468.472	-41.4913	426.98
137.98	465.954	-38.9495	427.004
138	460.176	-33.1769	426.999
138.02	442.736	-15.6948	427.041
138.04	444.874	-17.8516	427.022
138.06	451.979	-24.959	427.02
138.08	450.112	-23.0313	427.081
138.1	465.446	-38.396	427.05
138.12	468.329	-41.2993	427.03
138.14	459.776	-32.7363	427.04
138.16	454.87	-27.826	427.044
138.18	458.841	-31.7696	427.071
138.2	463.562	-36.4967	427.065
138.22	456.773	-29.6918	427.081
138.24	455.054	-27.9611	427.093
138.26	455.261	-28.1588	427.102
138.28	459.419	-32.3157	427.103
138.3	463.483	-36.3806	427.102
138.32	464.654	-37.5679	427.086
138.34	460.12	-33.0211	427.099
138.36	455.736	-28.6391	427.097
138.38	460.948	-33.8611	427.086
138.4	464.699	-37.5828	427.117
138.42	462.229	-35.1217	427.107
138.44	460.956	-33.8439	427.112
138.46	458.051	-30.9797	427.072
138.48	455.858	-28.7909	427.067
138.5	456.838	-29.7648	427.073
138.52	454.914	-27.8333	427.081
138.54	452.379	-25.2709	427.108
138.56	463.142	-36.0506	427.092
138.58	468.268	-41.1686	427.1
138.6	460.652	-33.5863	427.065
138.62	444.883	-17.7836	427.099
138.64	448.278	-21.1549	427.123
138.66	453.511	-26.3875	427.123
138.68	458.274	-31.1449	427.129
138.7	463.532	-36.4339	427.099
138.72	455.837	-28.7578	427.079
138.74	447.261	-20.1393	427.121
138.76	457.667	-30.6142	427.053
138.78	448.368	-21.2828	427.085
138.8	451.143	-24.0703	427.073
138.82	450.342	-23.2381	427.104
138.84	455.466	-28.3574	427.109
138.86	466.783	-39.6736	427.11
138.88	466.968	-39.842	427.126
138.9	457.145	-30.0565	427.089
138.92	441.518	-14.4142	427.104
138.94	449.323	-22.2668	427.056
138.96	462.324	-35.2969	427.027
138.98	460.946	-33.9362	427.01
139	458.341	-31.3414	427
139.02	450.765	-23.7133	427.052
139.04	465.125	-38.1342	426.991
139.06	464.615	-37.6182	426.997
139.08	463.612	-36.5934	427.019
139.1	465.982	-38.9697	427.012
139.12	468.145	-41.1382	427.007
139.14	457.308	-30.2915	427.016
139.16	432.478	-5.40154	427.076
139.18	450.186	-23.1771	427.009
139.2	457.458	-30.4475	427.011
139.22	433.634	-6.59395	427.04
139.24	448.288	-21.247	427.041
139.26	464.257	-37.2198	427.037
139.28	451.961	-24.8667	427.094
139.3	463.966	-36.8961	427.069
139.32	470.347	-43.2539	427.093
139.34	472.845	-45.7491	427.095
139.36	474.439	-47.3415	427.097
139.38	470.233	-43.1694	427.063
139.4	457.171	-30.1003	427.071
139.42	454.496	-27.4087	427.088
139.44	463.303	-36.2052	427.098
139.46	473.161	-46.0717	427.089
139.48	470.383	-43.2821	427.101
139.5	463.873	-36.7946	427.078
139.52	463.038	-35.9762	427.062
139.54	449.048	-21.9477	427.101
139.56	461.957	-34.902	427.055
139.58	464.101	-37.0376	427.063
139.6	455.357	-28.2476	427.109
139.62	467.279	-40.2191	427.06
139.64	471.826	-44.7386	427.087
139.66	472.599	-45.4744	427.125
139.68	476.152	-49.0004	427.152
139.7	474.689	-47.5103	427.178
139.72	469.801	-42.617	427.184
139.74	468.113	-40.9467	427.166
139.76	468.695	-41.5432	427.151
139.78	466.285	-39.1586	427.127
139.8	457.597	-30.4505	427.146
139.82	460.601	-33.4719	427.13
139.84	460.552	-33.4283	427.124
139.86	450.385	-23.25	427.135
139.88	448.441	-21.3014	427.14
139.9	458.688	-31.5322	427.156
139.92	465.106	-37.9417	427.164
139.94	468.933	-41.7916	427.142
139.96	464.629	-37.4581	427.171
139.98	469.212	-42.0577	427.154
140	470.522	-43.376	427.146
140.02	466.068	-38.9313	427.137
140.04	463.534	-36.411	427.123
140.06	464.162	-37.0318	427.13
140.08	456.81	-29.7014	427.109
140.1	442.445	-15.2959	427.149
140.12	458.553	-31.4178	427.135
140.14	469.146	-41.9623	427.184
140.16	463.191	-36.0377	427.153
140.18	441.594	-14.3793	427.215
140.2	454.679	-27.5241	427.155
140.22	462.32	-35.1378	427.183
140.24	468.231	-41.0429	427.188
140.26	464.163	-36.9573	427.206
140.28	455.539	-28.3501	427.189
140.3	454.842	-27.6281	427.214
140.32	461.994	-34.8094	427.184
140.34	460.246	-33.0852	427.161
140.36	459.627	-32.4626	427.164
140.38	463.91	-36.7448	427.165
140.4	466.376	-39.2205	427.155
140.42	462.509	-35.3438	427.165
140.44	464.779	-37.6103	427.169
140.46	461.482	-34.3037	427.179
140.48	454.167	-26.9721	427.195
140.5	456.686	-29.4903	427.196
140.52	459.232	-32.0561	427.176
140.54	455.355	-28.1911	427.164
140.56	440.917	-13.7096	427.207
140.58	453.552	-26.3895	427.162
140.6	454.203	-27.0046	427.198
140.62	452.456	-25.2775	427.178
140.64	457.883	-30.7231	427.16
140.66	451.873	-24.7254	427.148
140.68	446.772	-19.6011	427.171
140.7	450.57	-23.4478	427.123
140.72	440.585	-13.4338	427.151
140.74	450.742	-23.6073	427.135
140.76	458.407	-31.271	427.136
140.78	457.064	-29.9027	427.162
140.8	462.089	-34.959	427.13
140.82	453.499	-26.3679	427.131
140.84	457.509	-30.4025	427.106
140.86	455.266	-28.1576	427.108
140.88	462.023	-34.9193	427.104
140.9	469.518	-42.4228	427.095
140.92	460.411	-33.3164	427.095
140.94	449.179	-22.0534	427.126
140.96	459.535	-32.388	427.147
140.98	466.744	-39.6094	427.135
141	469.49	-42.3404	427.15
141.02	470.866	-43.7051	427.161
141.04	470.505	-43.3376	427.167
141.06	461.722	-34.5497	427.172
141.08	441.91	-14.7093	427.201
141.1	447.309	-20.167	427.142
141.12	454.815	-27.6587	427.156
141.14	468.606	-41.4605	427.145
141.16	465.736	-38.5913	427.144
141.18	462.29	-35.1671	427.123
141.2	455.055	-27.9212	427.133
141.22	451.568	-24.4086	427.159
141.24	459.196	-32.0736	427.122
141.26	455.505	-28.3782	427.127
141.28	455.909	-28.7804	427.129
141.3	455.343	-28.2552	427.088
141.32	450.129	-22.9851	427.144
141.34	459.755	-32.6438	427.111
141.36	449.446	-22.3025	427.144
141.38	448.873	-21.7572	427.116
141.4	445.005	-17.8884	427.116
141.42	457.861	-30.7846	427.077
141.44	472.756	-45.6652	427.091
141.46	470.765	-43.6791	427.085
141.48	452.614	-25.5421	427.072
141.5	448.543	-21.4927	427.05
141.52	450.946	-23.8936	427.052
141.54	449.907	-22.8388	427.068
141.56	449.667	-22.5678	427.099
141.58	461.65	-34.6255	427.025
141.6	450.956	-23.8826	427.074
141.62	458.011	-30.9437	427.067
141.64	465.558	-38.485	427.073
141.66	458.607	-31.5005	427.106
141.68	465.68	-38.6064	427.074
141.7	460.107	-33.0553	427.052
141.72	433.26	-6.17612	427.084
141.74	433.761	-6.67603	427.085
141.76	455.972	-28.8915	427.08
141.78	455.07	-27.9597	427.11
141.8	454.478	-27.3386	427.139
141.82	452.411	-25.2913	427.12
141.84	456.914	-29.7646	427.149
141.86	453.771	-26.6351	427.135
141.88	440.599	-13.4414	427.158
141.9	461.092	-33.98	427.112
141.92	461.426	-34.2662	427.16
141.94	453.242	-26.0867	427.156
141.96	456.002	-28.8416	427.161
141.98	466.011	-38.8554	427.156
142	468.867	-41.7032	427.164
142.02	465.864	-38.7198	427.144
142.04	456.357	-29.1908	427.167
142.06	457.463	-30.2759	427.187
142.08	464.168	-36.9766	427.192
142.1	467.725	-40.5245	427.2
142.12	470.284	-43.0678	427.217
142.14	464.776	-37.5743	427.202
142.16	449.371	-22.1832	427.188
142.18	450.488	-23.2947	427.193
142.2	458.841	-31.6213	427.22
142.22	461.773	-34.5678	427.205
142.24	456.788	-29.5433	427.244
142.26	462.396	-35.1677	427.228
142.28	458.963	-31.7494	427.214
142.3	449.153	-21.9069	427.246
142.32	460.91	-33.6883	427.221
142.34	471.759	-44.5457	427.214
142.36	476.549	-49.3545	427.194
142.38	471.311	-44.141	427.17
142.4	451.047	-23.8516	427.195
142.42	452.986	-25.8134	427.172
142.44	458.916	-31.7606	427.156
142.46	449.476	-22.3527	427.123
142.48	435.16	-8.00525	427.154
142.5	449.603	-22.4844	427.118
142.52	460.297	-33.1716	427.126
142.54	462.144	-34.9945	427.15
142.56	449.22	-22.0624	427.157
142.58	453.87	-26.7323	427.137
142.6	470.467	-43.3285	427.138
142.62	474.026	-46.8809	427.145
142.64	466.875	-39.7658	427.109
142.66	447.508	-20.3962	427.112
142.68	450.614	-23.5315	427.083
142.7	456.283	-29.1989	427.084
142.72	464.772	-37.6962	427.075
142.74	467.853	-40.7774	427.076
142.76	458.931	-31.8564	427.075
142.78	453.467	-26.396	427.071
142.8	459.913	-32.8681	427.045
142.82	441.282	-14.195	427.087
142.84	455.13	-28.0733	427.056
142.86	470.194	-43.1593	427.035
142.88	429.14	-1.97182	427.168
142.9	457.23	-30.1788	427.051
142.92	456.734	-29.6098	427.125
142.94	462.534	-35.4374	427.096
142.96	467.51	-40.4103	427.1
142.98	447.889	-20.778	427.111
143	435.654	-8.4874	427.167
143.02	458.437	-31.3121	427.124
143.04	467.501	-40.371	427.13
143.06	470.391	-43.2586	427.133
143.08	465.186	-38.029	427.157
143.1	465.374	-38.2535	427.121
143.12	462.494	-35.3643	427.13
143.14	453.283	-26.1469	427.136
143.16	456.658	-29.5526	427.105
143.18	458.671	-31.5478	427.123
143.2	461.213	-34.1018	427.111
143.22	464.299	-37.179	427.12
143.24	465.617	-38.4781	427.139
143.26	466.795	-39.6115	427.183
143.28	469.382	-42.203	427.179
143.3	466.743	-39.6021	427.141
143.32	457.122	-29.9404	427.182
143.34	464.79	-37.6405	427.149
143.36	454.261	-27.061	427.2
143.38	459.59	-32.4511	427.139
143.4	452.911	-25.7296	427.181
143.42	449.897	-22.7249	427.172
143.44	445.37	-18.1988	427.171
143.46	455.437	-28.2878	427.149
143.48	466.776	-39.605	427.171
143.5	466.472	-39.2937	427.178
143.52	468.573	-41.3949	427.178
143.54	473.372	-46.1856	427.186
143.56	474.358	-47.1707	427.188
143.58	472.052	-44.859	427.193
143.6	466.929	-39.7389	427.19
143.62	459.501	-32.3182	427.183
143.64	460.911	-33.7373	427.174
143.66	463.942	-36.7841	427.158
143.68	460.981	-33.8355	427.145
143.7	461.524	-34.3936	427.131
143.72	452.38	-25.2492	427.131
143.74	449.265	-22.1251	427.14
143.76	464.482	-37.34	427.142
143.78	467.723	-40.5805	427.143
143.8	463.647	-36.501	427.146
143.82	471.217	-44.1059	427.111
143.84	471.463	-44.3344	427.128
143.86	464.229	-37.0747	427.154
143.88	449.274	-22.1005	427.173
143.9	452.551	-25.3964	427.155
143.92	464.282	-37.1459	427.136
143.94	462.275	-35.1463	427.128
143.96	458.583	-31.4757	427.108
143.98	465.541	-38.4499	427.091
144	464.968	-37.8801	427.088
144.02	460.39	-33.2929	427.097
144.04	468.841	-41.7685	427.072
144.06	467.546	-40.4716	427.074
144.08	461.334	-34.2543	427.08
144.1	465.329	-38.2494	427.079
144.12	461.79	-34.7173	427.073
144.14	450.463	-23.374	427.089
144.16	454.649	-27.5447	427.104
144.18	458.737	-31.6594	427.077
144.2	451.648	-24.5104	427.138
144.22	459.599	-32.4756	427.123
144.24	465.026	-37.8877	427.138
144.26	467.822	-40.6946	427.127
144.28	467.551	-40.4393	427.112
144.3	451.22	-24.0662	427.154
144.32	453.087	-25.9816	427.106
144.34	459.082	-31.95	427.132
144.36	445.931	-18.8011	427.13
144.38	444.77	-17.6529	427.117
144.4	443.254	-16.1028	427.151
144.42	463.451	-36.3044	427.147
144.44	466.68	-39.529	427.151
144.46	448.876	-21.7421	427.134
144.48	434.868	-7.71967	427.148
144.5	446.913	-19.7137	427.199
144.52	456.995	-29.8241	427.171
144.54	456.783	-29.6014	427.182
144.56	461.628	-34.4671	427.16
144.58	452.858	-25.6932	427.165
144.6	445.798	-18.6157	427.182
144.62	458.388	-31.24	427.148
144.64	457.388	-30.1971	427.191
144.66	470.513	-43.3712	427.141
144.68	468.929	-41.759	427.17
144.7	453.367	-26.1815	427.185
144.72	454.219	-27.0334	427.186
144.74	462.357	-35.1967	427.16
144.76	461.032	-33.8693	427.162
144.78	460.803	-33.6347	427.169
144.8	448.322	-21.1298	427.192
144.82	442.375	-15.1902	427.185
144.84	459.186	-31.9983	427.187
144.86	464.111	-36.9488	427.163
144.88	462.33	-35.1351	427.195
144.9	463.106	-35.9189	427.187
144.92	455.7	-28.5119	427.189
144.94	443.036	-15.8407	427.195
144.96	444.171	-17.002	427.169
144.98	448.842	-21.676	427.166
145	456.278	-29.1429	427.136
145.02	453.945	-26.785	427.16
145.04	456.137	-28.9768	427.16
145.06	462.869	-35.7164	427.153
145.08	470.626	-43.483	427.143
145.1	468.696	-41.5725	427.123
145.12	455.142	-27.9872	427.155
145.14	452.534	-25.4129	427.121
145.16	460.76	-33.6358	427.124
145.18	461.475	-34.3716	427.104
145.2	458.216	-31.0953	427.121
145.22	448.953	-21.8418	427.112
145.24	452.297	-25.1846	427.112
145.26	467.638	-40.5359	427.102
145.28	462.142	-35.0588	427.083
145.3	452.085	-24.9478	427.137
145.32	467.053	-39.9547	427.099
145.34	462.534	-35.4317	427.102
145.36	467.2	-40.0918	427.109
145.38	472.479	-45.3441	427.135
145.4	470.96	-43.8776	427.083
145.42	454.615	-27.4691	427.146
145.44	470.589	-43.4921	427.097
145.46	448.752	-21.5875	427.164
145.48	447.529	-20.3837	427.145
145.5	460.923	-33.7741	427.149
145.52	473.951	-46.8159	427.135
145.54	469.263	-42.1281	427.135
145.56	455.024	-27.8615	427.163
145.58	473.192	-46.0487	427.144
145.6	471.044	-43.9043	427.14
145.62	457.923	-30.7457	427.177
145.64	457.704	-30.5516	427.152
145.66	462.918	-35.7629	427.155
145.68	461.114	-33.9504	427.164
145.7	452.252	-25.0883	427.164
145.72	446.544	-19.3803	427.164
145.74	460.804	-33.7211	427.083
145.76	451.079	-23.8914	427.188
145.78	473.063	-45.9756	427.087
145.8	471.914	-44.8085	427.106
145.82	445.109	-17.9811	427.128
145.84	427.204	-0.0653715	427.139
145.86	449.589	-22.5003	427.089
145.88	460.56	-33.4389	427.121
145.9	470.484	-43.349	427.135
145.92	468.81	-41.6827	427.128
145.94	463.379	-36.2323	427.147
145.96	462.121	-34.9949	427.126
145.98	461.868	-34.785	427.083
146	451.069	-23.944	427.125
146.02	451.855	-24.7405	427.115
146.04	450.872	-23.7679	427.104
146.06	450.736	-23.6245	427.111
146.08	449.576	-22.4441	427.132
146.1	457.567	-30.4247	427.142
146.12	469.126	-41.9545	427.171
146.14	470.22	-43.0188	427.202
146.16	464.283	-37.0769	427.206
146.18	460.163	-32.9284	427.234
146.2	464.774	-37.5407	427.234
146.22	464.757	-37.5358	427.221
146.24	459.092	-31.8375	427.254
146.26	460.246	-32.9827	427.264
146.28	463.067	-35.8076	427.26
146.3	465.458	-38.228	427.23
146.32	455.797	-28.6135	427.183
146.34	447.05	-19.8754	427.175
146.36	469.63	-42.4457	427.184
146.38	468.343	-41.1606	427.182
146.4	459.806	-32.6073	427.199
146.42	463.58	-36.4202	427.159
146.44	468.34	-41.1616	427.179
146.46	466.605	-39.4318	427.173
146.48	465.887	-38.6906	427.196
146.5	465.78	-38.6071	427.173
146.52	457.711	-30.5089	427.202
146.54	464.663	-37.453	427.21
146.56	464.491	-37.3183	427.173
146.58	440.225	-12.9825	427.243
146.6	461.331	-34.1444	427.187
146.62	464.726	-37.5368	427.19
146.64	465.033	-37.8517	427.182
146.66	462.654	-35.496	427.159
146.68	455.669	-28.4882	427.181
146.7	461.956	-34.8011	427.155
146.72	466.869	-39.6939	427.175
146.74	465.978	-38.7961	427.182
146.76	466.868	-39.6798	427.188
146.78	470.235	-43.0665	427.168
146.8	471.077	-43.9138	427.164
146.82	459.31	-32.1222	427.188
146.84	458.136	-30.9745	427.162
146.86	466.617	-39.4585	427.158
146.88	463.728	-36.5439	427.184
146.9	456.619	-29.4491	427.17
146.92	451.175	-23.9791	427.196
146.94	456.745	-29.5765	427.168
146.96	460.254	-33.0941	427.159
146.98	462.769	-35.5778	427.191
147	468.799	-41.6216	427.177
147.02	472.327	-45.1623	427.164
147.04	463.665	-36.537	427.128
147.06	434.78	-7.61919	427.16
147.08	456.535	-29.4408	427.094
147.1	465.447	-38.3344	427.113
147.12	462.097	-34.962	427.135
147.14	456.733	-29.606	427.128
147.16	461.617	-34.5201	427.097
147.18	457.451	-30.3277	427.124
147.2	464.185	-37.0873	427.097
147.22	468.598	-41.4854	427.113
147.24	463.245	-36.1368	427.108
147.26	443.144	-16.0278	427.116
147.28	447.913	-20.8275	427.086
147.3	448.456	-21.3253	427.131
147.32	447.036	-19.9355	427.101
147.34	449.903	-22.8006	427.102
147.36	465.312	-38.19	427.122
147.38	461.966	-34.8103	427.156
147.4	448.089	-20.9784	427.111
147.42	428.021	-0.831572	427.19
147.44	455.87	-28.7594	427.111
147.46	468.46	-41.3269	427.133
147.48	469.7	-42.5731	427.127
147.5	467.323	-40.2182	427.105
147.52	467.531	-40.4187	427.112
147.54	467.511	-40.4099	427.101
147.56	465.312	-38.2088	427.104
147.58	464.762	-37.6675	427.094
147.6	468.081	-40.9986	427.082
147.62	473.199	-46.1305	427.069
147.64	476.265	-49.1913	427.073
147.66	475.019	-47.9327	427.087
147.68	466.396	-39.3131	427.083
147.7	453.443	-26.3086	427.134
147.72	460.097	-32.9645	427.133
147.74	473.743	-46.6337	427.11
147.76	478.144	-51.0241	427.12
147.78	475.624	-48.4919	427.132
147.8	465.288	-38.1302	427.157
147.82	461.258	-34.1056	427.153
147.84	458.528	-31.372	427.156
147.86	456.259	-29.1332	427.126
147.88	438.015	-10.8206	427.195
147.9	453.609	-26.4861	427.122
147.92	457.324	-30.1725	427.152
147.94	461.536	-34.3933	427.142
147.96	474.712	-47.5982	427.114
147.98	470.338	-43.2427	427.095
148	460.082	-32.9748	427.107
148.02	459.91	-32.8431	427.067
148.04	440.775	-13.6581	427.116
148.06	454.275	-27.2209	427.055
148.08	450.2	-23.073	427.127
148.1	466.61	-39.5263	427.083
148.12	468.933	-41.8378	427.095
148.14	461.751	-34.6757	427.075
148.16	449.84	-22.7461	427.093
148.18	464.122	-37.0651	427.057
148.2	473.976	-46.8644	427.112
148.22	473.518	-46.3955	427.122
148.24	459.956	-32.7807	427.175
148.26	457.43	-30.2382	427.192
148.28	469.378	-42.2173	427.161
148.3	462.791	-35.6443	427.146
148.32	451.624	-24.488	427.136
148.34	442.938	-15.7586	427.18
148.36	448.861	-21.7177	427.143
148.38	453.234	-26.0709	427.163
148.4	465.078	-37.9119	427.166
148.42	468.718	-41.53	427.188
148.44	472.697	-45.513	427.184
148.46	466.072	-38.8657	427.206
148.48	454.626	-27.404	427.222
148.5	458.754	-31.5667	427.187
148.52	453.782	-26.5393	427.243
148.54	469.494	-42.3043	427.19
148.56	467.546	-40.361	427.185
148.58	465.455	-38.2766	427.179
148.6	461.422	-34.2122	427.209
148.62	468.617	-41.4269	427.19
148.64	470.654	-43.4945	427.159
148.66	464.19	-37.0294	427.161
148.68	456.632	-29.4248	427.207
148.7	470.483	-43.2992	427.184
148.72	472.688	-45.5217	427.167
148.74	458.733	-31.5559	427.177
148.76	461.665	-34.5182	427.147
148.78	467.681	-40.5237	427.158
148.8	470.924	-43.7959	427.128
148.82	462.655	-35.5321	427.123
148.84	455.099	-27.9779	427.121
148.86	464.882	-37.7567	427.125
148.88	466.223	-39.0929	427.13
148.9	468.269	-41.1589	427.11
148.92	472.062	-44.9457	427.116
148.94	462.258	-35.1189	427.139
148.96	459.207	-32.0597	427.148
148.98	461.337	-34.1851	427.152
149	458.907	-31.7642	427.142
149.02	464.553	-37.4734	427.079
149.04	468.744	-41.6732	427.071
149.06	470.534	-43.4623	427.072
149.08	464.053	-36.9964	427.057
149.1	451.173	-24.1283	427.045
149.12	451.533	-24.4737	427.059
149.14	463.206	-36.1258	427.08
149.16	463.017	-35.9033	427.114
149.18	458.871	-31.762	427.109
149.2	456.758	-29.6503	427.108
149.22	454.303	-27.2257	427.077
149.24	439.802	-12.6596	427.143
149.26	454.25	-27.1283	427.122
149.28	465.2	-38.1002	427.1
149.3	456.91	-29.7879	427.122
149.32	463.042	-35.9272	427.115
149.34	459.689	-32.5676	427.122
149.36	446.734	-19.5498	427.184
149.38	465.022	-37.8601	427.162
149.4	465.965	-38.8284	427.136
149.42	426.023	1.2008	427.224
149.44	449.033	-21.917	427.116
149.46	460.115	-32.98	427.135
149.48	460.977	-33.7891	427.188
149.5	466.354	-39.1501	427.204
149.52	469.648	-42.4701	427.178
149.54	469.914	-42.7486	427.165
149.56	471.184	-43.9987	427.186
149.58	471.587	-44.4164	427.17
149.6	460.66	-33.5082	427.152
149.62	444.802	-17.6028	427.199
149.64	445.847	-18.7301	427.117
149.66	416.825	10.4106	427.236
149.68	438.617	-11.4762	427.141
149.7	435.182	-8.01053	427.172
149.72	446.001	-18.8583	427.142
149.74	453.166	-26.0224	427.143
149.76	458.022	-30.8875	427.135
149.78	465.697	-38.6159	427.081
149.8	470.794	-43.6855	427.109
149.82	468.771	-41.6553	427.116
149.84	466.555	-39.4302	427.125
149.86	471.575	-44.4552	427.12
149.88	471.579	-44.4661	427.112
149.9	468.241	-41.1166	427.125
149.92	455.596	-28.5111	427.085
149.94	432.849	-5.72851	427.12
149.96	455.066	-28.0066	427.059
149.98	463.008	-35.9346	427.074
150	453.107	-25.9782	427.128
150.02	463.955	-36.8481	427.107
150.04	464.593	-37.4707	427.122
150.06	452.129	-24.9942	427.135
150.08	460.254	-33.1535	427.1
150.1	456.296	-29.1607	427.136
150.12	468.515	-41.4494	427.066
150.14	462.504	-35.4266	427.077
150.16	447.228	-20.1145	427.114
150.18	454.179	-27.1086	427.07
150.2	459.863	-32.7807	427.083
150.22	447.805	-20.6905	427.114
150.24	456.883	-29.8685	427.014
150.26	451.713	-24.6352	427.078
150.28	451.988	-24.9147	427.073
150.3	457.608	-30.5197	427.088
150.32	455.315	-28.2183	427.097
150.34	452.755	-25.6283	427.127
150.36	460.506	-33.3937	427.112
150.38	465.768	-38.6421	427.126
150.4	469.987	-42.8657	427.121
150.42	468.674	-41.5349	427.139
150.44	464.432	-37.2997	427.132
150.46	461.852	-34.7495	427.102
150.48	450.362	-23.2697	427.092
150.5	451.891	-24.8242	427.066
150.52	457.855	-30.7873	427.068
150.54	463.337	-36.272	427.064
150.56	470.851	-43.7824	427.068
150.58	471.982	-44.9267	427.055
150.6	462.474	-35.4348	427.039
150.62	443.455	-16.3898	427.065
150.64	448.09	-21.0931	426.997
150.66	448.62	-21.6063	427.014
150.68	456.237	-29.2247	427.012
150.7	445.916	-18.8711	427.045
150.72	462.552	-35.5695	426.983
150.74	463.831	-36.8391	426.992
150.76	464.129	-37.1133	427.015
150.78	459.976	-32.9567	427.019
150.8	459.532	-32.4937	427.038
150.82	467.902	-40.855	427.046
150.84	465.323	-38.267	427.056
150.86	461.813	-34.7718	427.041
150.88	456.691	-29.599	427.092
150.9	459.123	-32.0512	427.072
150.92	460.497	-33.4469	427.05
150.94	462.247	-35.2326	427.015
150.96	449.534	-22.5045	427.03
150.98	450.964	-23.9184	427.045
151	459.483	-32.441	427.042
151.02	455.222	-28.1616	427.06
151.04	456.956	-29.9084	427.047
151.06	463.23	-36.1662	427.064
151.08	473.509	-46.4406	427.069
151.1	474.962	-47.907	427.055
151.12	466.259	-39.2398	427.019
151.14	437.403	-10.3597	427.044
151.16	432.3	-5.24078	427.059
151.18	442.538	-15.5313	427.006
151.2	455.542	-28.5061	427.036
151.22	471.439	-44.3791	427.06
151.24	472.389	-45.2995	427.089
151.26	468.088	-40.9865	427.101
151.28	461.313	-34.2081	427.105
151.3	458.623	-31.5295	427.094
151.32	459.434	-32.3527	427.082
151.34	459.127	-32.0062	427.121
151.36	467.851	-40.7309	427.12
151.38	467.663	-40.52	427.143
151.4	469.024	-41.8743	427.15
151.42	473.408	-46.2812	427.127
151.44	473.305	-46.1868	427.118
151.46	471.56	-44.4259	427.134
151.48	469.278	-42.1671	427.111
151.5	471.517	-44.4152	427.102
151.52	474.438	-47.3545	427.084
151.54	468.761	-41.6738	427.087
151.56	465.709	-38.6156	427.093
151.58	467.156	-40.0505	427.106
151.6	456.34	-29.2317	427.108
151.62	443.902	-16.808	427.094
151.64	439.855	-12.7745	427.081
151.66	455.553	-28.472	427.081
151.68	467.595	-40.4567	427.138
151.7	472.106	-44.9707	427.135
151.72	475.741	-48.623	427.118
151.74	470.576	-43.4618	427.114
151.76	454.804	-27.6686	427.135
151.78	447.947	-20.7982	427.149
151.8	462.194	-35.0819	427.112
151.82	464.548	-37.3974	427.151
151.84	459.165	-32.0268	427.138
151.86	457.195	-30.0603	427.134
151.88	467.177	-40.0689	427.108
151.9	458.934	-31.8182	427.116
151.92	446.933	-19.788	427.145
151.94	453.994	-26.82	427.174
151.96	459.746	-32.5476	427.199
151.98	460.062	-32.8412	427.221
152	462.433	-35.2299	427.203
152.02	462.905	-35.7223	427.183
152.04	454.871	-27.7059	427.165
152.06	456.148	-29.0006	427.147
152.08	447.231	-20.1307	427.1
152.1	451.362	-24.2636	427.099
152.12	468.22	-41.0942	427.126
152.14	450.213	-23.0319	427.181
152.16	449.895	-22.7385	427.156
152.18	454.307	-27.1355	427.172
152.2	461.651	-34.505	427.146
152.22	454.884	-27.7352	427.149
152.24	468.508	-41.3734	427.135
152.26	476.61	-49.4841	427.126
152.28	471.234	-44.1016	427.132
152.3	461.044	-33.9186	427.125
152.32	442.476	-15.2734	427.202
152.34	462.149	-35.0344	427.115
152.36	441.755	-14.6305	427.124
152.38	421.486	5.65962	427.146
152.4	432.654	-5.56079	427.094
152.42	442.674	-15.5977	427.076
152.44	453.165	-26.0976	427.067
152.46	465.461	-38.3952	427.066
152.48	462.199	-35.1313	427.067
152.5	458.37	-31.2748	427.095
152.52	463.7	-36.6109	427.089
152.54	464.314	-37.2143	427.1
152.56	452.438	-25.2934	427.145
152.58	454.205	-27.0877	427.117
152.6	458.934	-31.8382	427.095
152.62	449.238	-22.1436	427.094
152.64	442.899	-15.8084	427.091
152.66	442.802	-15.6838	427.118
152.68	459.606	-32.5345	427.072
152.7	453.413	-26.308	427.105
152.72	440.905	-13.7703	427.134
152.74	450.89	-23.7858	427.104
152.76	459.831	-32.7054	427.126
152.78	453.328	-26.2229	427.105
152.8	437.583	-10.4038	427.179
152.82	462.028	-34.8974	427.13
152.84	449.572	-22.3521	427.219
152.86	455.92	-28.7596	427.16
152.88	443.575	-16.3578	427.217
152.9	450.813	-23.612	427.201
152.92	466.893	-39.7313	427.162
152.94	464.082	-36.9098	427.172
152.96	455.756	-28.5794	427.177
152.98	453.892	-26.7137	427.178
153	451.508	-24.3144	427.193
153.02	459.182	-31.977	427.205
153.04	460.139	-32.9499	427.189
153.06	451.785	-24.5708	427.214
153.08	453.499	-26.3031	427.196
153.1	466.512	-39.3603	427.152
153.12	471.038	-43.8258	427.212
153.14	471.913	-44.7106	427.202
153.16	470.949	-43.7456	427.203
153.18	462.844	-35.6473	427.196
153.2	441.963	-14.754	427.209
153.22	443.842	-16.6349	427.207
153.24	456.487	-29.2712	427.216
153.26	462.498	-35.2834	427.215
153.28	466.089	-38.8834	427.205
153.3	460.254	-33.0834	427.171
153.32	441.322	-14.1279	427.194
153.34	447.897	-20.7044	427.192
153.36	453.471	-26.2512	427.22
153.38	460.932	-33.7517	427.181
153.4	461.956	-34.7669	427.189
153.42	462.751	-35.5876	427.164
153.44	461.847	-34.6546	427.192
153.46	464.512	-37.3154	427.197
153.48	464.417	-37.1941	427.223
153.5	459.54	-32.3139	427.226
153.52	457.606	-30.3548	427.251
153.54	460.015	-32.7945	427.221
153.56	455.458	-28.2012	427.257
153.58	466.84	-39.6272	427.213
153.6	458.955	-31.716	427.239
153.62	453.258	-26.0571	427.201
153.64	444.962	-17.741	427.221
153.66	464.114	-36.9113	427.203
153.68	471.893	-44.7033	427.189
153.7	474.759	-47.5882	427.171
153.72	471.778	-44.6279	427.15
153.74	466.259	-39.0815	427.178
153.76	465.502	-38.3389	427.163
153.78	458.066	-30.8876	427.178
153.8	462.076	-34.9241	427.152
153.82	474.251	-47.1013	427.15
153.84	475.61	-48.4843	427.126
153.86	460.097	-32.9909	427.106
153.88	448.068	-20.9171	427.151
153.9	466.537	-39.4124	427.125
153.92	474.761	-47.6333	427.128
153.94	468.502	-41.4042	427.097
153.96	454.698	-27.6062	427.091
153.98	444.283	-17.147	427.137
154	471.012	-43.9233	427.088
154.02	475.664	-48.5713	427.093
154.04	472.399	-45.3297	427.069
154.06	456.643	-29.6006	427.042
154.08	448.918	-21.8782	427.039
154.1	466.77	-39.7081	427.062
154.12	473.492	-46.4409	427.051
154.14	465.024	-37.9721	427.052
154.16	458.311	-31.2269	427.084
154.18	462.408	-35.3147	427.093
154.2	460.671	-33.5669	427.104
154.22	465.371	-38.2595	427.111
154.24	475.785	-48.7015	427.084
154.26	476.446	-49.3657	427.08
154.28	466.694	-39.5988	427.096
154.3	457.77	-30.6716	427.099
154.32	461.729	-34.6453	427.084
154.34	469.569	-42.4686	427.1
154.36	475.69	-48.5882	427.102
154.38	472.603	-45.4871	427.116
154.4	465.882	-38.7678	427.115
154.42	467.927	-40.8722	427.055
154.44	467.363	-40.3246	427.038
154.46	456.539	-29.4809	427.058
154.48	463.095	-36.0755	427.019
154.5	470.256	-43.2497	427.006
154.52	464.793	-37.7909	427.002
154.54	455.412	-28.4099	427.002
154.56	464.589	-37.6131	426.976
154.58	463.987	-36.9726	427.014
154.6	459.816	-32.771	427.045
154.62	446.365	-19.3048	427.061
154.64	456.331	-29.27	427.061
154.66	463.989	-36.932	427.057
154.68	449.208	-22.1033	427.104
154.7	464.853	-37.7997	427.053
154.72	469.963	-42.9294	427.034
154.74	458.043	-30.9653	427.077
154.76	459.138	-32.0566	427.082
154.78	459.642	-32.5563	427.085
154.8	463.697	-36.634	427.063
154.82	471.465	-44.4124	427.052
154.84	478.834	-51.7859	427.048
154.86	472.348	-45.2981	427.05
154.88	461.728	-34.6887	427.039
154.9	453.872	-26.8847	426.987
154.92	441.879	-14.8426	427.037
154.94	444.283	-17.216	427.067
154.96	459.734	-32.6942	427.04
154.98	457.602	-30.5494	427.052
155	467.629	-40.5817	427.047
155.02	465.945	-38.8986	427.046
155.04	438.783	-11.7318	427.051
155.06	448.195	-21.1575	427.038
155.08	462.684	-35.635	427.049
155.1	446.45	-19.3602	427.09
155.12	447.173	-20.1049	427.068
155.14	449.485	-22.3974	427.088
155.16	458.353	-31.2705	427.082
155.18	465.223	-38.1532	427.07
155.2	465.553	-38.4625	427.091
155.22	461.716	-34.607	427.109
155.24	461.624	-34.5093	427.115
155.26	465.36	-38.2524	427.108
155.28	461.614	-34.4922	427.122
155.3	456.705	-29.6291	427.076
155.32	438.958	-11.8379	427.12
155.34	454.471	-27.4017	427.07
155.36	448.936	-21.8298	427.106
155.38	451.63	-24.4993	427.131
155.4	466.679	-39.5675	427.112
155.42	468.447	-41.3272	427.12
155.44	464.922	-37.7838	427.139
155.46	464.585	-37.4751	427.11
155.48	463.341	-36.2317	427.109
155.5	463.34	-36.232	427.108
155.52	456.583	-29.4625	427.12
155.54	459.98	-32.8376	427.142
155.56	462.214	-35.0288	427.185
155.58	467.174	-40.0003	427.173
155.6	468.664	-41.4735	427.191
155.62	473.178	-45.995	427.183
155.64	472.891	-45.7158	427.175
155.66	455.311	-28.1532	427.157
155.68	431.4	-4.19728	427.203
155.7	447.245	-20.0991	427.146
155.72	449.46	-22.2795	427.18
155.74	466.832	-39.671	427.161
155.76	466.584	-39.3984	427.186
155.78	458.049	-30.8571	427.192
155.8	459.263	-32.0725	427.19
155.82	470.135	-42.9527	427.182
155.84	470.187	-42.9801	427.207
155.86	457.322	-30.1181	427.204
155.88	441.996	-14.8067	427.189
155.9	443.488	-16.3156	427.172
155.92	459.76	-32.5846	427.176
155.94	466.556	-39.3715	427.184
155.96	464.483	-37.3075	427.176
155.98	463.703	-36.5522	427.15
156	467.155	-39.9865	427.168
156.02	468.953	-41.7948	427.158
156.04	461.706	-34.5681	427.138
156.06	439.857	-12.6751	427.182
156.08	447.112	-19.9765	427.136
156.1	461.937	-34.8183	427.118
156.12	457.999	-30.8613	427.138
156.14	463.357	-36.2334	427.124
156.16	453.862	-26.7202	427.142
156.18	433.376	-6.22539	427.15
156.2	444.116	-17.0032	427.113
156.22	458.426	-31.2927	427.134
156.24	469.614	-42.5141	427.1
156.26	469.285	-42.1812	427.104
156.28	468.823	-41.7291	427.094
156.3	464.919	-37.8027	427.117
156.32	453.159	-26.0446	427.114
156.34	441.369	-14.299	427.07
156.36	442.178	-15.1142	427.064
156.38	459.385	-32.3565	427.029
156.4	467.686	-40.6758	427.01
156.42	460.288	-33.2477	427.04
156.44	459.003	-31.9821	427.021
156.46	441.867	-14.8039	427.063
156.48	459.967	-32.9371	427.03
156.5	470.754	-43.7059	427.048
156.52	455.1	-28.0416	427.059
156.54	456.289	-29.2679	427.021
156.56	461.161	-34.1026	427.058
156.58	454.836	-27.7707	427.065
156.6	449.713	-22.6416	427.072
156.62	455.188	-28.1566	427.031
156.64	462.587	-35.5354	427.051
156.66	453.124	-26.0881	427.036
156.68	447.943	-20.8863	427.057
156.7	464.572	-37.5263	427.046
156.72	467.282	-40.2095	427.072
156.74	458.617	-31.5541	427.062
156.76	441.583	-14.4991	427.084
156.78	446.192	-19.1272	427.064
156.8	456.215	-29.1519	427.064
156.82	461.057	-33.9842	427.073
156.84	456.733	-29.6914	427.041
156.86	453.953	-26.9157	427.037
156.88	453.11	-26.0836	427.026
156.9	453.576	-26.5397	427.036
156.92	455.461	-28.4196	427.041
156.94	460.247	-33.2081	427.039
156.96	465.933	-38.8873	427.045
156.98	466.591	-39.5195	427.072
157	451.896	-24.8215	427.075
157.02	453.751	-26.6835	427.068
157.04	469.255	-42.2	427.055
157.06	463.982	-36.88	427.102
157.08	457.316	-30.2267	427.089
157.1	436.706	-9.55073	427.156
157.12	446.569	-19.4794	427.089
157.14	433.93	-6.76132	427.169
157.16	443.582	-16.4826	427.099
157.18	453.574	-26.4627	427.111
157.2	463.561	-36.4323	427.129
157.22	470.401	-43.2688	427.132
157.24	457.195	-30.0663	427.128
157.26	450.74	-23.6253	427.114
157.28	458.92	-31.8232	427.096
157.3	463.21	-36.0758	427.134
157.32	461.471	-34.3191	427.151
157.34	455.695	-28.5537	427.141
157.36	454.648	-27.4626	427.186
157.38	457.941	-30.7753	427.165
157.4	459.56	-32.421	427.139
157.42	458.577	-31.4598	427.117
157.44	461.61	-34.4651	427.145
157.46	467.568	-40.4311	427.137
157.48	465.838	-38.6543	427.184
157.5	459.323	-32.1172	427.205
157.52	446.933	-19.7259	427.207
157.54	447.761	-20.5561	427.205
157.56	460.519	-33.3468	427.172
157.58	460.589	-33.4236	427.165
157.6	451.624	-24.4281	427.196
157.62	450.355	-23.1647	427.19
157.64	439.379	-12.2193	427.16
157.66	446.021	-18.8875	427.134
157.68	459.412	-32.2568	427.155
157.7	457.201	-30.0379	427.163
157.72	453.746	-26.5924	427.154
157.74	451.016	-23.8772	427.138
157.76	453.218	-26.07	427.148
157.78	459.663	-32.5331	427.13
157.8	455.91	-28.7673	427.143
157.82	465.145	-38.0057	427.139
157.84	468.136	-41.0004	427.135
157.86	460.816	-33.6658	427.15
157.88	454.605	-27.4292	427.176
157.9	465.97	-38.8107	427.159
157.92	468.47	-41.2967	427.174
157.94	462.437	-35.2658	427.171
157.96	457.689	-30.5105	427.178
157.98	455.304	-28.1344	427.17
158	453.539	-26.3755	427.163
158.02	458.17	-31.0178	427.152
158.04	461.333	-34.1799	427.153
158.06	459.814	-32.6452	427.169
158.08	464.174	-37.0386	427.135
158.1	466.799	-39.6627	427.136
158.12	462.717	-35.5953	427.122
158.14	463.413	-36.2995	427.113
158.16	454.88	-27.7416	427.139
158.18	448.719	-21.5457	427.173
158.2	467.547	-40.4014	427.145
158.22	474.45	-47.3146	427.135
158.24	468.251	-41.1007	427.15
158.26	467.491	-40.3746	427.117
158.28	463.913	-36.8243	427.089
158.3	446.419	-19.3602	427.059
158.32	424.565	2.59099	427.156
158.34	461.817	-34.7101	427.107
158.36	475.441	-48.3234	427.117
158.38	474.951	-47.8367	427.114
158.4	465.423	-38.2608	427.162
158.42	470.604	-43.4902	427.113
158.44	461.724	-34.5828	427.142
158.46	460.144	-33.0094	427.135
158.48	466.809	-39.7185	427.09
158.5	450.975	-23.9338	427.042
158.52	437.781	-10.7102	427.07
158.54	461.541	-34.4482	427.093
158.56	472.63	-45.5539	427.076
158.58	469.469	-42.3933	427.076
158.6	462.079	-34.9802	427.099
158.62	464.888	-37.817	427.071
158.64	452.902	-25.8539	427.048
158.66	455.125	-28.1196	427.005
158.68	464.941	-37.8953	427.045
158.7	468.927	-41.8972	427.03
158.72	472.298	-45.276	427.022
158.74	455.387	-28.3704	427.017
158.76	455.655	-28.6517	427.003
158.78	468.617	-41.6188	426.998
158.8	466.912	-39.8825	427.03
158.82	462.024	-34.9688	427.055
158.84	461.771	-34.739	427.032
158.86	454.433	-27.3486	427.084
158.88	459.418	-32.3555	427.063
158.9	463.635	-36.5714	427.064
158.92	464.345	-37.3061	427.039
158.94	448.925	-21.8657	427.06
158.96	453.656	-26.6435	427.012
158.98	463.148	-36.1182	427.03
159	464.143	-37.1064	427.036
159.02	470.979	-43.9859	426.993
159.04	465.806	-38.7484	427.057
159.06	472.598	-45.5751	427.023
159.08	468.384	-41.3615	427.022
159.1	454.185	-27.1279	427.057
159.12	458.332	-31.3161	427.016
159.14	446.716	-19.7018	427.014
159.16	434.1	-7.01924	427.081
159.18	465.702	-38.6631	427.039
159.2	477.69	-50.6293	427.061
159.22	475.254	-48.1809	427.073
159.24	467.202	-40.1632	427.039
159.26	459.471	-32.4148	427.056
159.28	461.364	-34.3334	427.031
159.3	457.404	-30.3708	427.033
159.32	463.616	-36.5969	427.02
159.34	464.086	-37.0846	427.002
159.36	458.798	-31.81	426.988
159.38	447.186	-20.1777	427.009
159.4	452.566	-25.5448	427.021
159.42	466.635	-39.6337	427.002
159.44	469.841	-42.8217	427.019
159.46	455	-28.0058	426.994
159.48	448.629	-21.6127	427.016
159.5	471.346	-44.266	427.08
159.52	474.022	-46.9199	427.102
159.54	466.681	-39.5773	427.103
159.56	459.08	-31.9474	427.133
159.58	463.666	-36.5731	427.093
159.6	467.78	-40.6766	427.103
159.62	461.698	-34.5745	427.124
159.64	456.32	-29.2133	427.107
159.66	448.294	-21.1507	427.143
159.68	462.282	-35.1419	427.14
159.7	457.92	-30.7935	427.127
159.72	455.382	-28.2319	427.15
159.74	466.908	-39.7768	427.131
159.76	451.861	-24.6847	427.176
159.78	460.014	-32.9104	427.103
159.8	460.94	-33.8515	427.088
159.82	460.213	-33.1058	427.107
159.84	469.448	-42.3649	427.083
159.86	473.296	-46.241	427.055
159.88	458.93	-31.8784	427.051
159.9	454.946	-27.9327	427.013
159.92	449.498	-22.4326	427.065
159.94	458.76	-31.7329	427.027
159.96	461.922	-34.908	427.014
159.98	461.589	-34.573	427.016
160	450.051	-23.0508	427
160.02	448.27	-21.2538	427.016
160.04	461.599	-34.5906	427.009
160.06	466.746	-39.7461	427
160.08	465.034	-38.0347	426.999
160.1	459.744	-32.7345	427.009
160.12	458.895	-31.9137	426.981
160.14	453.765	-26.7704	426.995
160.16	459.6	-32.6051	426.995
160.18	451.904	-24.8614	427.043
160.2	459.572	-32.5443	427.027
160.22	462.803	-35.7725	427.03
160.24	460.572	-33.501	427.071
160.26	464.624	-37.5773	427.046
160.28	455.708	-28.6462	427.061
160.3	441.761	-14.7312	427.03
160.32	446.013	-18.988	427.025
160.34	459.31	-32.2673	427.043
160.36	462.262	-35.184	427.078
160.38	462.111	-35.0398	427.072
160.4	455.359	-28.2376	427.121
160.42	449.509	-22.3819	427.127
160.44	451.22	-24.0999	427.12
160.46	455.268	-28.1389	427.129
160.48	453.764	-26.6325	427.131
160.5	446.865	-19.6886	427.177
160.52	461.02	-33.8691	427.151
160.54	459.573	-32.3856	427.187
160.56	455.299	-28.1087	427.19
160.58	454.508	-27.3015	427.207
160.6	456.951	-29.7568	427.194
160.62	444.619	-17.422	427.197
160.64	436.182	-9.00864	427.173
160.66	442.902	-15.7326	427.17
160.68	460.431	-33.2712	427.159
160.7	467.436	-40.2742	427.162
160.72	465.658	-38.5168	427.141
160.74	462.46	-35.312	427.148
160.76	463.007	-35.8467	427.161
160.78	468.197	-41.0306	427.167
160.8	467.857	-40.7184	427.139
160.82	459.632	-32.4296	427.202
160.84	461.424	-34.2543	427.17
160.86	453.678	-26.5082	427.17
160.88	451.42	-24.2353	427.185
160.9	460.212	-33.073	427.139
160.92	463.396	-36.2472	427.149
160.94	461.596	-34.4774	427.118
160.96	448.14	-20.9982	427.142
160.98	437.673	-10.4835	427.189
161	457.783	-30.6182	427.165
161.02	466.537	-39.3468	427.19
161.04	462.271	-35.0787	427.192
161.06	463.215	-36.0369	427.178
161.08	457.232	-30.0152	427.216
161.1	451.714	-24.5002	427.214
161.12	454.429	-27.2131	427.216
161.14	461.522	-34.2953	427.226
161.16	469.693	-42.4896	427.203
161.18	470.807	-43.6114	427.196
161.2	462.835	-35.6354	427.199
161.22	461.997	-34.8379	427.159
161.24	452.578	-25.4189	427.159
161.26	446.016	-18.8975	427.118
161.28	430.964	-3.80644	427.158
161.3	454.127	-27.0228	427.104
161.32	462.123	-35.0382	427.085
161.34	455.366	-28.234	427.132
161.36	468.087	-40.9384	427.148
161.38	461.358	-34.1729	427.185
161.4	456.825	-29.6161	427.209
161.42	464.353	-37.1877	427.165
161.44	463.49	-36.3346	427.156
161.46	469.184	-42.016	427.168
161.48	466.008	-38.8396	427.169
161.5	461.375	-34.2082	427.167
161.52	460.092	-32.9684	427.124
161.54	446.752	-19.567	427.185
161.56	462.275	-35.1365	427.138
161.58	471.608	-44.4579	427.15
161.6	468.046	-40.8962	427.15
161.62	454.68	-27.5353	427.144
161.64	433.438	-6.26989	427.168
161.66	444.647	-17.5176	427.13
161.68	465.255	-38.1236	427.131
161.7	465.621	-38.4588	427.162
161.72	463.421	-36.2585	427.163
161.74	467.025	-39.8574	427.168
161.76	469.421	-42.2616	427.159
161.78	464.434	-37.3019	427.132
161.8	450.66	-23.4802	427.18
161.82	468.624	-41.5137	427.11
161.84	467.979	-40.8589	427.12
161.86	455.824	-28.699	427.125
161.88	450.886	-23.7423	427.144
161.9	452.518	-25.3892	427.129
161.92	446.524	-19.3981	427.126
161.94	446.831	-19.6981	427.133
161.96	474.318	-47.2055	427.112
161.98	477.299	-50.1573	427.142
162	464.293	-37.1404	427.153
162.02	456.027	-28.8946	427.133
162.04	437.236	-9.98508	427.251
162.06	464.45	-37.3291	427.121
162.08	441.056	-13.8657	427.191
162.1	446.573	-19.4277	427.146
162.12	453.351	-26.1702	427.18
162.14	447.11	-19.9416	427.168
162.16	443.851	-16.7835	427.068
162.18	455.377	-28.3058	427.072
162.2	477.233	-50.1091	427.124
162.22	471.624	-44.4697	427.154
162.24	460.312	-33.1473	427.165
162.26	445.856	-18.6661	427.19
162.28	452.587	-25.4089	427.178
162.3	466.836	-39.6804	427.156
162.32	453.963	-26.7701	427.193
162.34	458.748	-31.5846	427.163
162.36	467.866	-40.6786	427.188
162.38	471.03	-43.8393	427.19
162.4	467.111	-39.8922	427.219
162.42	464.968	-37.7751	427.193
162.44	466.121	-38.9539	427.168
162.46	461.077	-33.9052	427.172
162.48	461.909	-34.7324	427.176
162.5	463.629	-36.4722	427.157
162.52	459.241	-32.1129	427.128
162.54	458.456	-31.3343	427.122
162.56	461.414	-34.2707	427.143
162.58	459.843	-32.6866	427.156
162.6	456.469	-29.3099	427.159
162.62	463.561	-36.3965	427.165
162.64	461.344	-34.1737	427.17
162.66	457.856	-30.7004	427.155
162.68	463.242	-36.1133	427.128
162.7	455.958	-28.8119	427.146
162.72	452.871	-25.7198	427.151
162.74	456.059	-28.9269	427.132
162.76	432.582	-5.41557	427.166
162.78	451.659	-24.5656	427.093
162.8	460.91	-33.7576	427.153
162.82	467.846	-40.6934	427.153
162.84	464.33	-37.1956	427.135
162.86	447.44	-20.3072	427.133
162.88	431.153	-3.99724	427.156
162.9	443.147	-15.9938	427.153
162.92	464.026	-36.9521	427.074
162.94	461.385	-34.2814	427.103
162.96	454.215	-27.1386	427.076
162.98	442.688	-15.5826	427.106
163	461.616	-34.5779	427.038
163.02	453.45	-26.3146	427.135
163.04	465.717	-38.6056	427.111
163.06	464.132	-36.9906	427.141
163.08	460.25	-33.1261	427.123
163.1	433.176	-6.02874	427.147
163.12	450.72	-23.6229	427.097
163.14	462.986	-35.9078	427.078
163.16	437.776	-10.5932	427.183
163.18	456.442	-29.2928	427.149
163.2	453.613	-26.4471	427.166
163.22	459.076	-31.9289	427.148
163.24	463.238	-36.1004	427.138
163.26	461.151	-33.9987	427.152
163.28	453.435	-26.2615	427.174
163.3	445.391	-18.2351	427.156
163.32	451.564	-24.4328	427.131
163.34	455.982	-28.8319	427.151
163.36	464.78	-37.6398	427.14
163.38	467.351	-40.2361	427.115
163.4	459.828	-32.6782	427.149
163.42	464.771	-37.643	427.128
163.44	461.724	-34.587	427.137
163.46	445.282	-18.0975	427.184
163.48	452.85	-25.7408	427.109
163.5	459.261	-32.1091	427.152
163.52	466.133	-38.9832	427.15
163.54	463.487	-36.319	427.168
163.56	457.082	-29.9021	427.18
163.58	437.585	-10.3716	427.213
163.6	423.743	3.47595	427.219
163.62	440.35	-13.1919	427.158
163.64	464.121	-36.9242	427.197
163.66	467.28	-40.0677	427.212
163.68	461.646	-34.4191	427.227
163.7	459.2	-31.9731	427.227
163.72	456.366	-29.1713	427.195
163.74	451.093	-23.9022	427.191
163.76	458.537	-31.3648	427.172
163.78	454.877	-27.7168	427.161
163.8	435.671	-8.48153	427.19
163.82	446.995	-19.8215	427.173
163.84	456.673	-29.4768	427.196
163.86	456.306	-29.1134	427.193
163.88	449.927	-22.7119	427.216
163.9	457.397	-30.1781	427.219
163.92	467.725	-40.4965	427.228
163.94	456.775	-29.5401	427.235
163.96	449.453	-22.2128	427.24
163.98	445.292	-18.0876	427.204
164	437.35	-10.1309	427.219
164.02	445.07	-17.8346	427.236
164.04	463.632	-36.4266	427.206
164.06	465.095	-37.8896	427.205
164.08	453.422	-26.2285	427.194
164.1	447.112	-19.9003	427.211
164.12	463.546	-36.3459	427.2
164.14	467.891	-40.6858	427.206
164.16	468.19	-40.9966	427.193
164.18	459.981	-32.8266	427.155
164.2	448.659	-21.4761	427.183
164.22	457.283	-30.1149	427.168
164.24	438.635	-11.4441	427.191
164.26	450.704	-23.5421	427.162
164.28	457.891	-30.7461	427.145
164.3	461.813	-34.6813	427.132
164.32	471.592	-44.5099	427.082
164.34	466.981	-39.9109	427.071
164.36	455.944	-28.8447	427.099
164.38	458.2	-31.1231	427.077
164.4	457.127	-30.0487	427.078
164.42	447.839	-20.8096	427.029
164.44	426.047	1.05365	427.101
164.46	444.949	-17.9048	427.045
164.48	441.107	-14.0026	427.104
164.5	462.131	-35.0541	427.077
164.52	468.465	-41.3812	427.084
164.54	467.573	-40.4688	427.104
164.56	462.837	-35.7141	427.122
164.58	459.394	-32.3194	427.075
164.6	460.6	-33.5692	427.031
164.62	427.39	-0.248596	427.142
164.64	448.505	-21.4569	427.048
164.66	457.764	-30.673	427.091
164.68	453.497	-26.3841	427.113
164.7	453.3	-26.1877	427.112
164.72	463.186	-36.0961	427.09
164.74	460.454	-33.3719	427.082
164.76	452.69	-25.5843	427.106
164.78	459.288	-32.1729	427.115
164.8	451.892	-24.7829	427.109
164.82	429.426	-2.2804	427.145
164.84	440.391	-13.2673	427.123
164.86	443.418	-16.2975	427.121
164.88	445.613	-18.4467	427.166
164.9	468.064	-40.9434	427.12
164.92	470.538	-43.4161	427.122
164.94	462.509	-35.4004	427.109
164.96	449.088	-21.9511	427.137
164.98	450.782	-23.6859	427.096
165	445.032	-17.8982	427.134
165.02	458.469	-31.345	427.124
165.04	465.646	-38.5111	427.135
165.06	466.189	-39.0583	427.13
165.08	459.008	-31.8973	427.111
165.1	446.948	-19.7897	427.158
165.12	470.432	-43.3238	427.108
165.14	473.113	-45.9813	427.132
165.16	456.918	-29.725	427.193
165.18	459.346	-32.1858	427.16
165.2	459.752	-32.5895	427.162
165.22	459.56	-32.4004	427.159
165.24	464.887	-37.7298	427.157
165.26	464.808	-37.6517	427.157
165.28	457.794	-30.6589	427.135
165.3	448.218	-21.0744	427.144
165.32	453.331	-26.2201	427.111
165.34	465.257	-38.1736	427.084
165.36	467.411	-40.3375	427.073
165.38	461.214	-34.144	427.07
165.4	452.465	-25.3943	427.071
165.42	456.032	-28.9857	427.046
165.44	457.371	-30.3038	427.067
165.46	453.009	-25.9291	427.079
165.48	458.076	-31.0245	427.051
165.5	465.474	-38.4634	427.011
165.52	468.626	-41.6075	427.019
165.54	468.421	-41.4269	426.994
165.56	460.87	-33.8913	426.979
165.58	452.645	-25.6336	427.011
165.6	450.852	-23.8326	427.02
165.62	459.824	-32.7814	427.042
165.64	469.243	-42.1757	427.068
165.66	462.77	-35.7115	427.058
165.68	442.159	-15.0936	427.065
165.7	443.691	-16.6409	427.05
165.72	453.234	-26.1888	427.045
165.74	459.176	-32.1591	427.016
165.76	451.811	-24.847	426.964
165.78	430.982	-4.00099	426.981
165.8	446.86	-19.9275	426.933
165.82	452.256	-25.2677	426.988
165.84	465.219	-38.2271	426.992
165.86	471.378	-44.389	426.989
165.88	470.715	-43.7282	426.986
165.9	463.745	-36.7162	427.028
165.92	460.342	-33.3107	427.032
165.94	458.915	-31.8595	427.055
165.96	454.561	-27.4778	427.083
165.98	466.396	-39.3365	427.059
166	460.527	-33.4892	427.038
166.02	440.041	-12.9605	427.081
166.04	464.233	-37.2212	427.012
166.06	476.231	-49.1859	427.046
166.08	472.945	-45.8976	427.048
166.1	461.844	-34.7702	427.073
166.12	461.776	-34.7505	427.026
166.14	446.595	-19.5548	427.04
166.16	437.498	-10.4469	427.051
166.18	443.378	-16.376	427.002
166.2	448.621	-21.5972	427.024
166.22	456.481	-29.4831	426.998
166.24	445.46	-18.386	427.074
166.26	461.98	-34.9357	427.045
166.28	464.778	-37.7573	427.021
166.3	455.143	-28.1151	427.028
166.32	453.427	-26.4273	427
166.34	446.412	-19.4142	426.998
166.36	452.101	-25.0849	427.017
166.38	463.445	-36.4466	426.998
166.4	470.722	-43.7099	427.012
166.42	473.935	-46.9195	427.016
166.44	475.755	-48.7191	427.036
166.46	474.836	-47.7852	427.051
166.48	470.58	-43.501	427.079
166.5	463.226	-36.1472	427.079
166.52	454.239	-27.1973	427.042
166.54	452.455	-25.4083	427.046
166.56	452.808	-25.7805	427.027
166.58	454.648	-27.6038	427.044
166.6	467.954	-40.8923	427.061
166.62	472.796	-45.7351	427.061
166.64	457.802	-30.7281	427.074
166.66	456.331	-29.2729	427.058
166.68	467.47	-40.4379	427.032
166.7	467.349	-40.281	427.068
166.72	471.334	-44.2606	427.073
166.74	475.138	-48.0616	427.077
166.76	464.852	-37.7929	427.059
166.78	451.558	-24.433	427.125
166.8	471.017	-43.9587	427.058
166.82	474.569	-47.5329	427.036
166.84	474.081	-47.015	427.066
166.86	467.594	-40.5388	427.055
166.88	462.957	-35.9098	427.047
166.9	461.561	-34.4998	427.062
166.92	463.986	-36.9347	427.051
166.94	468.959	-41.9057	427.053
166.96	467.488	-40.4122	427.076
166.98	460.98	-33.9079	427.072
167	445.927	-18.8094	427.117
167.02	460.977	-33.9407	427.036
167.04	457.942	-30.8859	427.056
167.06	461.403	-34.3611	427.042
167.08	461.101	-34.0376	427.064
167.1	455.878	-28.7923	427.086
167.12	461.106	-34.0209	427.085
167.14	459.819	-32.6968	427.123
167.16	461.841	-34.7058	427.135
167.18	462.165	-35.0464	427.118
167.2	454.072	-26.9405	427.132
167.22	460.325	-33.1964	427.129
167.24	465.265	-38.1328	427.133
167.26	450.152	-22.9778	427.174
167.28	449.454	-22.2578	427.197
167.3	451.672	-24.5378	427.134
167.32	431.161	-3.94529	427.216
167.34	463.289	-36.1927	427.096
167.36	467.597	-40.4649	427.132
167.38	463.662	-36.4997	427.162
167.4	464.678	-37.5172	427.16
167.42	462.768	-35.6131	427.154
167.44	459.012	-31.8934	427.119
167.46	461.07	-33.9803	427.09
167.48	450.137	-23.0142	427.123
167.5	438.551	-11.4435	427.108
167.52	446.959	-19.8261	427.133
167.54	466.631	-39.495	427.136
167.56	469.124	-41.9613	427.163
167.58	449.976	-22.8535	427.123
167.6	409.75	17.4274	427.177
167.62	446.681	-19.5981	427.083
167.64	452.485	-25.331	427.154
167.66	456.364	-29.1565	427.208
167.68	473.335	-46.1504	427.185
167.7	464.025	-36.8277	427.197
167.72	467.134	-39.969	427.165
167.74	460.287	-33.1163	427.171
167.76	460.463	-33.2973	427.165
167.78	453.041	-25.8667	427.174
167.8	446.159	-18.9783	427.18
167.82	465.921	-38.7751	427.146
167.84	467.993	-40.8305	427.163
167.86	467.961	-40.8018	427.159
167.88	468.318	-41.1676	427.151
167.9	466.233	-39.0681	427.165
167.92	462.134	-34.9591	427.175
167.94	455.288	-28.1125	427.175
167.96	463.914	-36.7613	427.153
167.98	469.055	-41.9001	427.155
168	463.63	-36.453	427.177
168.02	462.729	-35.5622	427.166
168.04	467.423	-40.2796	427.143
168.06	467.639	-40.492	427.147
168.08	465.153	-37.9984	427.154
168.1	463.075	-35.9077	427.167
168.12	463.703	-36.5381	427.165
168.14	464.475	-37.3249	427.15
168.16	461.201	-34.06	427.141
168.18	459.253	-32.1284	427.125
168.2	457.243	-30.1383	427.104
168.22	457.227	-30.0844	427.143
168.24	466.713	-39.5889	427.124
168.26	467.895	-40.7722	427.123
168.28	465.386	-38.2441	427.142
168.3	463.943	-36.8121	427.131
168.32	462.732	-35.6217	427.11
168.34	444.764	-17.6254	427.139
168.36	448.399	-21.2899	427.109
168.38	458.66	-31.5438	427.117
168.4	466.657	-39.5117	427.145
168.42	465.044	-37.9084	427.136
168.44	463.301	-36.0784	427.223
168.46	466.535	-39.3316	427.203
168.48	470.724	-43.5085	427.216
168.5	469.37	-42.1625	427.207
168.52	454.582	-27.3882	427.194
168.54	444.759	-17.5182	427.24
168.56	456.068	-28.8638	427.204
168.58	431.101	-3.86071	427.241
168.6	444.613	-17.4513	427.162
168.62	445.269	-18.0547	427.214
168.64	446.946	-19.7447	427.201
168.66	460.143	-32.9544	427.189
168.68	468.792	-41.6029	427.189
168.7	472.053	-44.8648	427.189
168.72	470.116	-42.9361	427.18
168.74	464.931	-37.7719	427.16
168.76	451.242	-24.0795	427.163
168.78	455.168	-28.0381	427.13
168.8	456.02	-28.9	427.12
168.82	454.551	-27.4425	427.109
168.84	461.973	-34.8671	427.106
168.86	465.143	-38.0215	427.122
168.88	460.465	-33.365	427.1
168.9	435.06	-7.93876	427.121
168.92	429.575	-2.43964	427.135
168.94	443.713	-16.5872	427.126
168.96	448.029	-20.8869	427.142
168.98	459.097	-31.9639	427.133
169	457.542	-30.4081	427.134
169.02	451.23	-24.0746	427.156
169.04	449.516	-22.3822	427.134
169.06	449.516	-22.3709	427.145
169.08	456.034	-28.9394	427.095
169.1	443.041	-15.9068	427.134
169.12	451.667	-24.5523	427.115
169.14	447.253	-20.1021	427.151
169.16	462.512	-35.4072	427.105
169.18	469.521	-42.4169	427.104
169.2	465.028	-37.9217	427.107
169.22	453.786	-26.637	427.149
169.24	466.292	-39.164	427.128
169.26	471.993	-44.8402	427.153
169.28	467.961	-40.814	427.147
169.3	453.209	-26.085	427.124
169.32	442.096	-14.9538	427.142
169.34	454.833	-27.7029	427.13
169.36	466.347	-39.2079	427.139
169.38	465.868	-38.7071	427.161
169.4	462.883	-35.718	427.164
169.42	449.776	-22.6459	427.13
169.44	446.119	-19.0035	427.116
169.46	462.227	-35.1025	427.124
169.48	463.228	-36.1123	427.115
169.5	454.512	-27.3784	427.134
169.52	467.335	-40.2349	427.1
169.54	461.118	-33.9861	427.131
169.56	453.319	-26.1907	427.128
169.58	460.721	-33.6024	427.118
169.6	469.792	-42.655	427.137
169.62	472.403	-45.2737	427.129
169.64	470.1	-42.9477	427.152
169.66	465.324	-38.1694	427.154
169.68	458.122	-30.9617	427.16
169.7	457.357	-30.1936	427.163
169.72	462.521	-35.3513	427.17
169.74	472.004	-44.8632	427.141
169.76	470.542	-43.402	427.14
169.78	465.115	-38.019	427.096
169.8	450.311	-23.1705	427.14
169.82	456.576	-29.4316	427.144
169.84	470.284	-43.146	427.138
169.86	471.827	-44.6757	427.152
169.88	470.459	-43.3186	427.14
169.9	470.988	-43.8781	427.11
169.92	466.227	-39.0974	427.13
169.94	465.191	-38.1004	427.09
169.96	467.738	-40.6385	427.099
169.98	469.462	-42.362	427.1
170	470.28	-43.1376	427.143
170.02	468.924	-41.8245	427.099
170.04	466.882	-39.7899	427.092
170.06	467.554	-40.4985	427.056
170.08	464.519	-37.4641	427.055
170.1	459.595	-32.5556	427.039
170.12	452.64	-25.5813	427.059
170.14	458.038	-30.9664	427.071
170.16	457.32	-30.2467	427.073
170.18	463.598	-36.5161	427.082
170.2	461.317	-34.2187	427.099
170.22	458.239	-31.1362	427.103
170.24	468.869	-41.7786	427.09
170.26	457.483	-30.3592	427.124
170.28	451.355	-24.2314	427.123
170.3	458.8	-31.6861	427.114
170.32	458.443	-31.3182	427.125
170.34	453.356	-26.212	427.144
170.36	461.253	-34.1324	427.121
170.38	464.41	-37.2655	427.145
170.4	469.392	-42.2426	427.149
170.42	462.703	-35.5662	427.136
170.44	460.859	-33.7186	427.14
170.46	468.352	-41.2191	427.133
170.48	466.049	-38.9395	427.109
170.5	453.891	-26.8041	427.087
170.52	459.686	-32.6507	427.035
170.54	454.461	-27.4475	427.013
170.56	443.637	-16.5545	427.083
170.58	466.416	-39.3789	427.037
170.6	469.87	-42.8278	427.042
170.62	458.101	-31.0413	427.06
170.64	451.888	-24.8384	427.05
170.66	456.455	-29.4072	427.048
170.68	465.281	-38.2358	427.046
170.7	467.88	-40.7924	427.088
170.72	471.022	-43.9239	427.098
170.74	461.775	-34.6969	427.078
170.76	451.151	-24.0438	427.107
170.78	466.522	-39.4704	427.052
170.8	472.34	-45.2766	427.064
170.82	469.539	-42.489	427.05
170.84	459.12	-32.0513	427.068
170.86	455.305	-28.2582	427.047
170.88	456.694	-29.6488	427.045
170.9	456.214	-29.1543	427.06
170.92	450.636	-23.5345	427.101
170.94	461.663	-34.6057	427.057
170.96	461.959	-34.8587	427.1
170.98	474.438	-47.3821	427.055
171	480.272	-53.2177	427.055
171.02	482.113	-55.0651	427.048
171.04	478.395	-51.3534	427.041
171.06	459.941	-32.8968	427.044
171.08	454.15	-27.1289	427.021
171.1	460.069	-33.0673	427.001
171.12	445.488	-18.4199	427.068
171.14	456.054	-29.0425	427.011
171.16	467.463	-40.4814	426.982
171.18	471.734	-44.7212	427.013
171.2	465.157	-38.1619	426.995
171.22	452.5	-25.4894	427.01
171.24	457.715	-30.6886	427.026
171.26	464.426	-37.4044	427.022
171.28	472.837	-45.8165	427.021
171.3	476.56	-49.551	427.009
171.32	466.189	-39.187	427.002
171.34	465.319	-38.3081	427.011
171.36	470.394	-43.4249	426.969
171.38	444.907	-17.9081	426.999
171.4	434.259	-7.22961	427.029
171.42	455.749	-28.6976	427.051
171.44	450.977	-23.8634	427.114
171.46	468.652	-41.5685	427.084
171.48	473.719	-46.6335	427.085
171.5	468.718	-41.606	427.112
171.52	464.879	-37.7759	427.103
171.54	456.017	-28.9505	427.066
171.56	451.235	-24.1485	427.087
171.58	458.528	-31.474	427.054
171.6	460.871	-33.8131	427.058
171.62	446.838	-19.7641	427.074
171.64	459.046	-32.0018	427.044
171.66	464.381	-37.3118	427.069
171.68	453.028	-25.9229	427.105
171.7	456.101	-29.0224	427.078
171.72	464.093	-37.0087	427.085
171.74	457.553	-30.4607	427.092
171.76	459.951	-32.8307	427.12
171.78	466.538	-39.483	427.055
171.8	458.033	-30.957	427.076
171.82	456.256	-29.2315	427.025
171.84	444.505	-17.4407	427.065
171.86	455.461	-28.4123	427.049
171.88	460.844	-33.7445	427.1
171.9	460.542	-33.4327	427.109
171.92	452.733	-25.5686	427.164
171.94	462.904	-35.7564	427.148
171.96	465.525	-38.3918	427.134
171.98	462.023	-34.8805	427.142
172	456.641	-29.4943	427.146
172.02	454.485	-27.3303	427.155
172.04	456.703	-29.5737	427.129
172.06	469.452	-42.3373	427.114
172.08	466.573	-39.4592	427.114
172.1	441.528	-14.3779	427.15
172.12	454.45	-27.319	427.131
172.14	469.642	-42.5389	427.103
172.16	471.219	-44.098	427.121
172.18	466.562	-39.4327	427.129
172.2	467.081	-39.9537	427.127
172.22	469.743	-42.6228	427.12
172.24	460.844	-33.7577	427.087
172.26	454.659	-27.548	427.111
172.28	464.795	-37.7167	427.078
172.3	465.519	-38.4081	427.111
172.32	463.592	-36.4729	427.119
172.34	463.124	-36.029	427.095
172.36	457.206	-30.1033	427.103
172.38	451.87	-24.7751	427.095
172.4	455.825	-28.7244	427.1
172.42	458.246	-31.1283	427.118
172.44	461.851	-34.7405	427.111
172.46	458.36	-31.2328	427.127
172.48	462.733	-35.6611	427.072
172.5	469.363	-42.2841	427.079
172.52	467.756	-40.6917	427.065
172.54	460.227	-33.1472	427.079
172.56	460.61	-33.5435	427.067
172.58	468.051	-40.9855	427.066
172.6	471.142	-44.0944	427.047
172.62	465.95	-38.8928	427.057
172.64	458.409	-31.3715	427.038
172.66	459.898	-32.8719	427.026
172.68	467.748	-40.7254	427.022
172.7	470.534	-43.5302	427.004
172.72	459.58	-32.5434	427.037
172.74	442.878	-15.7983	427.08
172.76	447.029	-19.9883	427.041
172.78	448.701	-21.6713	427.029
172.8	461.684	-34.6796	427.005
172.82	470.849	-43.7992	427.05
172.84	457.876	-30.8241	427.051
172.86	446.253	-19.2121	427.041
172.88	447.986	-20.9152	427.071
172.9	464.052	-37.007	427.045
172.92	468.66	-41.6306	427.029
172.94	459.844	-32.816	427.028
172.96	455.108	-28.0913	427.017
172.98	450.678	-23.6135	427.064
173	448.389	-21.355	427.034
173.02	452.585	-25.5377	427.047
173.04	460.687	-33.6397	427.047
173.06	466.099	-39.0318	427.067
173.08	460.999	-33.9449	427.054
173.1	448.24	-21.163	427.077
173.12	462.585	-35.5479	427.037
173.14	463.784	-36.7151	427.069
173.16	458.569	-31.5032	427.066
173.18	453.468	-26.3918	427.077
173.2	464.187	-37.145	427.042
173.22	469.404	-42.3208	427.083
173.24	469.821	-42.7466	427.075
173.26	458.983	-31.8912	427.092
173.28	459.289	-32.2131	427.076
173.3	467.325	-40.2731	427.052
173.32	468.762	-41.7024	427.06
173.34	459.591	-32.4988	427.092
173.36	462.447	-35.3973	427.049
173.38	457.55	-30.4893	427.061
173.4	455.356	-28.3019	427.054
173.42	458.793	-31.7616	427.032
173.44	463.251	-36.2701	426.981
173.46	464.626	-37.6212	427.005
173.48	466.76	-39.7554	427.005
173.5	454.62	-27.5789	427.041
173.52	460.385	-33.3605	427.024
173.54	464.308	-37.2801	427.028
173.56	466.479	-39.4617	427.017
173.58	464.655	-37.6293	427.026
173.6	455.057	-28.0056	427.051
173.62	461.559	-34.5355	427.023
173.64	465.179	-38.1471	427.032
173.66	455.937	-28.8634	427.074
173.68	455.729	-28.6795	427.05
173.7	460.925	-33.9045	427.02
173.72	463.183	-36.1455	427.037
173.74	459.418	-32.3674	427.051
173.76	459.203	-32.1666	427.036
173.78	439.344	-12.279	427.065
173.8	448.788	-21.7599	427.028
173.82	459.605	-32.5972	427.008
173.84	429.31	-2.21405	427.096
173.86	456.652	-29.6133	427.039
173.88	444.094	-16.9642	427.13
173.9	442.536	-15.4411	427.095
173.92	447.156	-20.0244	427.132
173.94	455.66	-28.5371	427.123
173.96	465.685	-38.6025	427.082
173.98	457.551	-30.4565	427.095
174	455.596	-28.4877	427.108
174.02	466.769	-39.6785	427.09
174.04	466.189	-39.0774	427.112
174.06	454.14	-27.016	427.124
174.08	455.324	-28.1832	427.141
174.1	467.247	-40.1159	427.131
174.12	469.577	-42.4743	427.103
174.14	461.011	-33.8751	427.136
174.16	465.804	-38.6986	427.105
174.18	458.742	-31.6152	427.127
174.2	457.595	-30.4496	427.145
174.22	464.735	-37.6017	427.134
174.24	460.531	-33.3746	427.156
174.26	464.468	-37.3021	427.166
174.28	465.71	-38.5702	427.14
174.3	454.362	-27.1968	427.165
174.32	464.18	-37.0601	427.12
174.34	467.976	-40.8511	427.125
174.36	458.503	-31.3928	427.11
174.38	453.368	-26.2727	427.096
174.4	455.234	-28.1529	427.081
174.42	450.222	-23.1283	427.094
174.44	451.76	-24.6761	427.084
174.46	453.501	-26.4528	427.048
174.48	455.833	-28.7637	427.07
174.5	471.139	-44.0885	427.051
174.52	473.481	-46.412	427.069
174.54	472.226	-45.1417	427.084
174.56	472.283	-45.1685	427.115
174.58	471.326	-44.2195	427.107
174.6	466.744	-39.6352	427.109
174.62	463.112	-36.0059	427.106
174.64	470.876	-43.8049	427.072
174.66	467.783	-40.6716	427.112
174.68	469.708	-42.5902	427.117
174.7	473.063	-45.9711	427.092
174.72	463.845	-36.7663	427.079
174.74	452.134	-25.028	427.105
174.76	460.944	-33.879	427.065
174.78	458.297	-31.1875	427.109
174.8	462.579	-35.4724	427.107
174.82	469.512	-42.4068	427.105
174.84	475.095	-47.9988	427.096
174.86	474.54	-47.3963	427.144
174.88	477.095	-49.9555	427.14
174.9	473.116	-45.967	427.149
174.92	463.743	-36.5832	427.16
174.94	455.795	-28.6194	427.176
174.96	454.354	-27.2046	427.149
174.98	455.256	-28.0716	427.185
175	455.953	-28.7727	427.181
175.02	461.897	-34.7998	427.097
175.04	445.242	-18.0747	427.167
175.06	452.26	-25.1359	427.124
175.08	456.994	-29.8493	427.145
175.1	457.89	-30.7282	427.162
175.12	455.169	-28.017	427.152
175.14	464.075	-36.9656	427.109
175.16	465.559	-38.4263	427.133
175.18	461.215	-34.0822	427.133
175.2	456.591	-29.4531	427.137
175.22	456.174	-29.0415	427.132
175.24	455.291	-28.1393	427.152
175.26	456.712	-29.5779	427.134
175.28	450.155	-23.0154	427.14
175.3	437.754	-10.5699	427.184
175.32	460.448	-33.3243	427.124
175.34	466.063	-38.8972	427.165
175.36	465.495	-38.3485	427.147
175.38	449.545	-22.3777	427.168
175.4	456.668	-29.5212	427.146
175.42	464.328	-37.1646	427.163
175.44	462.579	-35.4072	427.172
175.46	470.347	-43.1862	427.161
175.48	468.035	-40.8553	427.179
175.5	459.704	-32.5465	427.157
175.52	455.94	-28.7946	427.146
175.54	465.924	-38.8235	427.1
175.56	460.629	-33.5281	427.101
175.58	448.391	-21.273	427.118
175.6	446.26	-19.1599	427.1
175.62	446.922	-19.8028	427.119
175.64	453.07	-25.9555	427.115
175.66	454.307	-27.2017	427.106
175.68	457.645	-30.5198	427.125
175.7	462.745	-35.6367	427.108
175.72	464.487	-37.3737	427.113
175.74	467.269	-40.1368	427.132
175.76	464.622	-37.5131	427.109
175.78	456.755	-29.6673	427.088
175.8	459.817	-32.7671	427.05
175.82	469.744	-42.6811	427.063
175.84	462.61	-35.5357	427.074
175.86	454.21	-27.1517	427.058
175.88	444.213	-17.1854	427.028
175.9	422.51	4.58556	427.095
175.92	454.364	-27.287	427.077
175.94	461.427	-34.3016	427.125
175.96	463.821	-36.6804	427.141
175.98	469.021	-41.8812	427.14
176	464.766	-37.6657	427.1
176.02	451.152	-23.9934	427.159
176.04	464.888	-37.7687	427.12
176.06	465.108	-37.9982	427.11
176.08	458.097	-30.9604	427.137
176.1	465.135	-37.9803	427.155
176.12	470.408	-43.2563	427.152
176.14	472.355	-45.2204	427.134
176.16	462.564	-35.445	427.119
176.18	445.529	-18.3717	427.157
176.2	446.792	-19.6279	427.164
176.22	461.337	-34.2273	427.11
176.24	460.546	-33.4192	427.127
176.26	448.174	-21.0303	427.144
176.28	449.595	-22.4334	427.162
176.3	465.897	-38.7866	427.11
176.32	462.996	-35.8552	427.14
176.34	457.531	-30.3937	427.137
176.36	459.364	-32.2738	427.09
176.38	461.827	-34.7184	427.108
176.4	461.77	-34.6708	427.099
176.42	459.8	-32.7076	427.092
176.44	458.372	-31.3065	427.066
176.46	456.123	-29.0647	427.058
176.48	444.615	-17.5972	427.018
176.5	452.522	-25.5019	427.02
176.52	472.532	-45.5168	427.015
176.54	467.911	-40.8704	427.041
176.56	464.261	-37.209	427.052
176.58	466.503	-39.481	427.022
176.6	453.37	-26.3409	427.029
176.62	438.17	-11.0758	427.094
176.64	456.868	-29.8296	427.038
176.66	460.41	-33.3439	427.066
176.68	461.875	-34.7968	427.079
176.7	467.393	-40.3773	427.016
176.72	454.451	-27.4015	427.05
176.74	453.446	-26.4094	427.037
176.76	470.568	-43.5646	427.003
176.78	463.822	-36.8011	427.021
176.8	455.044	-28.0155	427.029
176.82	454.305	-27.3168	426.988
176.84	436.128	-9.03179	427.096
176.86	452.864	-25.826	427.038
176.88	462.363	-35.316	427.047
176.9	468.852	-41.8271	427.025
176.92	467.928	-40.8816	427.046
176.94	462.583	-35.5279	427.055
176.96	462.958	-35.9032	427.055
176.98	454.566	-27.4857	427.08
177	457.541	-30.4902	427.051
177.02	462.583	-35.538	427.045
177.04	477.656	-50.6329	427.023
177.06	469.368	-42.339	427.029
177.08	463.947	-36.9098	427.037
177.1	472.835	-45.8087	427.026
177.12	469.769	-42.7377	427.032
177.14	460.801	-33.7817	427.02
177.16	455.219	-28.1954	427.023
177.18	452.503	-25.4362	427.066
177.2	465.83	-38.7592	427.071
177.22	475.451	-48.3537	427.097
177.24	472.524	-45.4206	427.103
177.26	472.255	-45.1558	427.1
177.28	477.231	-50.138	427.093
177.3	476.332	-49.2681	427.064
177.32	466.842	-39.773	427.069
177.34	455.306	-28.2445	427.061
177.36	462.491	-35.4519	427.039
177.38	474.27	-47.2288	427.042
177.4	472.981	-45.9369	427.044
177.42	466.159	-39.1338	427.025
177.44	450.156	-23.1463	427.01
177.46	433.296	-6.26699	427.029
177.48	456.493	-29.5379	426.955
177.5	462.034	-35.0289	427.005
177.52	456.643	-29.6562	426.987
177.54	457.032	-30.0379	426.994
177.56	466.64	-39.6454	426.994
177.58	453.706	-26.7107	426.995
177.6	441.217	-14.1692	427.047
177.62	462.388	-35.3634	427.025
177.64	463.808	-36.7958	427.012
177.66	454.231	-27.1961	427.035
177.68	459.28	-32.2338	427.046
177.7	454.952	-27.914	427.038
177.72	445.573	-18.5278	427.045
177.74	456.266	-29.2317	427.035
177.76	467.826	-40.7863	427.039
177.78	469.951	-42.9382	427.013
177.8	458.016	-31.0571	426.959
177.82	423.971	3.03275	427.003
177.84	450.968	-23.9234	427.044
177.86	446.453	-19.377	427.076
177.88	460.042	-32.986	427.056
177.9	457.492	-30.4197	427.072
177.92	443.693	-16.6508	427.042
177.94	456.013	-28.9936	427.019
177.96	469.248	-42.1898	427.059
177.98	459.255	-32.1883	427.066
178	436.394	-9.2636	427.13
178.02	455.207	-28.1214	427.085
178.04	461.273	-34.1345	427.139
178.06	465.675	-38.5194	427.156
178.08	469.534	-42.38	427.154
178.1	469.106	-41.9667	427.139
178.12	461.847	-34.7123	427.135
178.14	456.487	-29.373	427.114
178.16	451.728	-24.5848	427.143
178.18	461.456	-34.2888	427.167
178.2	471.685	-44.4882	427.197
178.22	477.659	-50.4367	427.223
178.24	475.038	-47.8329	427.205
178.26	464.153	-36.9611	427.192
178.28	454.102	-26.878	427.224
178.3	459.403	-32.1824	427.22
178.32	464.915	-37.707	427.208
178.34	463.347	-36.1298	427.217
178.36	464.752	-37.5607	427.192
178.38	472.575	-45.3908	427.184
178.4	476.203	-49.0286	427.175
178.42	472.584	-45.4349	427.149
178.44	463.732	-36.5754	427.157
178.46	456.06	-28.8828	427.178
178.48	467.512	-40.3576	427.155
178.5	474.356	-47.2007	427.156
178.52	475.923	-48.7609	427.162
178.54	473.579	-46.4296	427.15
178.56	466.774	-39.6379	427.136
178.58	449.246	-22.1231	427.123
178.6	450.327	-23.2269	427.1
178.62	451.238	-24.1355	427.103
178.64	456.024	-28.9176	427.107
178.66	464.239	-37.137	427.102
178.68	470.392	-43.3041	427.087
178.7	471.15	-44.0686	427.081
178.72	467.883	-40.8084	427.075
178.74	466.059	-38.9723	427.087
178.76	460.34	-33.2515	427.089
178.78	453.896	-26.8161	427.08
178.8	449.977	-22.8636	427.113
178.82	453.317	-26.1788	427.138
178.84	463.732	-36.5722	427.16
178.86	464.143	-36.9943	427.148
178.88	461.937	-34.7659	427.171
178.9	460.8	-33.6283	427.172
178.92	462.474	-35.3153	427.159
178.94	459.588	-32.4288	427.159
178.96	450.956	-23.8164	427.14
178.98	439.95	-12.779	427.171
179	462.303	-35.2159	427.087
179.02	468.497	-41.4128	427.084
179.04	463.628	-36.5306	427.098
179.06	467.201	-40.1043	427.097
179.08	475.699	-48.6279	427.071
179.1	474.763	-47.7008	427.063
179.12	470.264	-43.2006	427.063
179.14	463.193	-36.146	427.047
179.16	463.645	-36.6231	427.021
179.18	459.762	-32.7346	427.027
179.2	456.425	-29.3943	427.031
179.22	463.859	-36.8525	427.007
179.24	460.233	-33.1847	427.049
179.26	463.869	-36.8116	427.058
179.28	473.392	-46.3196	427.073
179.3	472.096	-45.0387	427.058
179.32	461.254	-34.1538	427.1
179.34	460.62	-33.5442	427.076
179.36	468.352	-41.2634	427.089
179.38	464.048	-36.9863	427.062
179.4	448.056	-20.9518	427.104
179.42	452.947	-25.86	427.087
179.44	459.586	-32.5084	427.077
179.46	461.175	-34.0876	427.087
179.48	456.32	-29.2489	427.072
179.5	457.06	-29.9733	427.087
179.52	472.225	-45.1762	427.049
179.54	470.266	-43.2263	427.04
179.56	459.849	-32.8037	427.046
179.58	465.843	-38.7985	427.045
179.6	467.308	-40.2575	427.051
179.62	448.677	-21.561	427.116
179.64	455.741	-28.6449	427.096
179.66	465.743	-38.6288	427.114
179.68	469.629	-42.5211	427.108
179.7	468.959	-41.8571	427.102
179.72	464.811	-37.724	427.087
179.74	453.782	-26.6895	427.093
179.76	443.397	-16.3089	427.088
179.78	434.646	-7.58906	427.057
179.8	445.037	-17.9803	427.056
179.82	454.086	-27.0055	427.081
179.84	459.178	-32.0736	427.104
179.86	465.68	-38.5634	427.117
179.88	472.912	-45.8073	427.105
179.9	469.068	-41.9705	427.097
179.92	463.177	-36.0804	427.097
179.94	469.723	-42.6238	427.099
179.96	469.794	-42.6899	427.104
179.98	460.918	-33.7939	427.125
180	460.72	-33.597	427.123
180.02	466.709	-39.5626	427.146
180.04	467.729	-40.5696	427.16
180.06	450.293	-23.099	427.194
180.08	459.471	-32.3417	427.129
180.1	460.074	-32.9395	427.134
180.12	456.486	-29.3214	427.165
180.14	466.271	-39.1358	427.135
180.16	469.429	-42.3147	427.114
180.18	467.272	-40.1174	427.155
180.2	468.654	-41.5309	427.123
180.22	468.837	-41.7131	427.124
180.24	467.905	-40.79	427.115
180.26	468.347	-41.2376	427.109
180.28	469.557	-42.4574	427.099
180.3	467.01	-39.907	427.103
180.32	459.455	-32.3452	427.11
180.34	453.017	-25.8971	427.12
180.36	452.797	-25.6976	427.099
180.38	442.826	-15.7301	427.096
180.4	442.013	-14.91	427.103
180.42	466.127	-39.0632	427.063
180.44	460.076	-32.9642	427.112
180.46	450.693	-23.5444	427.148
180.48	457.476	-30.339	427.137
180.5	462.81	-35.6369	427.173
180.52	468.909	-41.7573	427.151
180.54	474.517	-47.3755	427.141
180.56	469.221	-42.1231	427.098
180.58	454.089	-26.9437	427.146
180.6	460.302	-33.1589	427.143
180.62	448.89	-21.7065	427.184
180.64	446.945	-19.8081	427.137
180.66	435.852	-8.68588	427.166
180.68	458.055	-30.8925	427.163
180.7	472.639	-45.4656	427.174
180.72	460.95	-33.7954	427.155
180.74	456.267	-29.1024	427.165
180.76	465.383	-38.2186	427.164
180.78	466.129	-38.9368	427.193
180.8	467.207	-40.0084	427.198
180.82	467.169	-39.9845	427.184
180.84	463.502	-36.3083	427.194
180.86	462.588	-35.4153	427.172
180.88	463.432	-36.2667	427.166
180.9	456.006	-28.8521	427.153
180.92	457.067	-29.8936	427.173
180.94	465.17	-38.0037	427.167
180.96	468.366	-41.2042	427.162
180.98	462.759	-35.6305	427.129
181	454.69	-27.5387	427.152
181.02	459.583	-32.4559	427.127
181.04	464.195	-37.0513	427.144
181.06	466.622	-39.4647	427.158
181.08	467.744	-40.5857	427.159
181.1	468.568	-41.4036	427.164
181.12	468.783	-41.6265	427.157
181.14	465.242	-38.1081	427.134
181.16	452.355	-25.1887	427.166
181.18	459.771	-32.6313	427.14
181.2	462.956	-35.8131	427.143
181.22	460.702	-33.5652	427.137
181.24	461.374	-34.215	427.159
181.26	464.972	-37.8331	427.139
181.28	460.346	-33.1899	427.156
181.3	461.223	-34.0473	427.176
181.32	468.569	-41.4034	427.165
181.34	459.914	-32.7155	427.198
181.36	464.901	-37.7204	427.18
181.38	467.817	-40.6551	427.162
181.4	467.882	-40.7207	427.162
181.42	465.491	-38.332	427.159
181.44	471.435	-44.2557	427.179
181.46	473.55	-46.3607	427.19
181.48	473.861	-46.6944	427.167
181.5	472.045	-44.9039	427.141
181.52	464.993	-37.8907	427.103
181.54	455.456	-28.3073	427.149
181.56	457.373	-30.2086	427.164
181.58	469.624	-42.4945	427.13
181.6	478.085	-50.9575	427.127
181.62	476.766	-49.6582	427.108
181.64	471.136	-44.0484	427.087
181.66	462.218	-35.1282	427.09
181.68	457.21	-30.1005	427.11
181.7	460.467	-33.3765	427.091
181.72	470.005	-42.9145	427.091
181.74	477.473	-50.3923	427.081
181.76	478.754	-51.6623	427.092
181.78	472.608	-45.5426	427.065
181.8	461.228	-34.1507	427.078
181.82	453.841	-26.761	427.08
181.84	463.714	-36.6504	427.063
181.86	472.522	-45.4348	427.087
181.88	476.911	-49.8363	427.075
181.9	474.292	-47.2295	427.063
181.92	470.237	-43.1808	427.056
181.94	467.188	-40.1184	427.069
181.96	473.957	-46.9071	427.049
181.98	475.836	-48.7931	427.043
182	465.161	-38.0946	427.066
182.02	459.316	-32.2634	427.053
182.04	449.523	-22.4481	427.075
182.06	459.05	-31.9933	427.057
182.08	473.77	-46.7157	427.054
182.1	478.696	-51.6564	427.039
182.12	476.392	-49.3683	427.024
182.14	472.626	-45.6591	426.967
182.16	466.238	-39.2685	426.97
182.18	469.575	-42.6176	426.958
182.2	466.387	-39.3981	426.989
182.22	466.735	-39.8222	426.913
182.24	452.486	-25.4906	426.995
182.26	475.413	-48.4726	426.941
182.28	482.707	-55.7568	426.951
182.3	482.739	-55.8198	426.919
182.32	461.94	-35.0424	426.897
182.34	427.641	-0.708218	426.933
182.36	453.785	-26.9355	426.849
182.38	464.643	-37.75	426.893
182.4	467.654	-40.7344	426.92
182.42	457.314	-30.3482	426.966
182.44	455.757	-28.7861	426.971
182.46	461.833	-34.8773	426.956
182.48	468.194	-41.2972	426.897
182.5	447.193	-20.2254	426.967
182.52	452.483	-25.5287	426.954
182.54	464.104	-37.0981	427.006
182.56	472.339	-45.3439	426.995
182.58	469.34	-42.3297	427.01
182.6	464.972	-37.9852	426.987
182.62	463.581	-36.5997	426.981
182.64	464.788	-37.7872	427
182.66	463.489	-36.4583	427.031
182.68	468.205	-41.1798	427.026
182.7	471.795	-44.7656	427.029
182.72	462.878	-35.8385	427.04
182.74	459.342	-32.2614	427.08
182.76	467.389	-40.3293	427.059
182.78	463.426	-36.3558	427.07
182.8	462.798	-35.735	427.063
182.82	462.039	-34.9615	427.078
182.84	459.742	-32.6439	427.098
182.86	466.928	-39.8474	427.081
182.88	459.262	-32.1927	427.069
182.9	448.666	-21.597	427.069
182.92	458.514	-31.4499	427.064
182.94	454.239	-27.1716	427.068
182.96	447.03	-19.9384	427.091
182.98	458.63	-31.5555	427.074
183	462.681	-35.5802	427.101
183.02	459.947	-32.8405	427.107
183.04	445.552	-18.3955	427.156
183.06	457.779	-30.6498	427.129
183.08	462.57	-35.4691	427.1
183.1	454.717	-27.5825	427.134
183.12	448.069	-20.9408	427.128
183.14	458.448	-31.3177	427.13
183.16	456.454	-29.3063	427.147
183.18	454.232	-27.0491	427.183
183.2	460.639	-33.4819	427.157
183.22	462.622	-35.4543	427.168
183.24	455.439	-28.2136	427.225
183.26	462.753	-35.5502	427.203
183.28	460	-32.7628	427.238
183.3	455.568	-28.3271	427.241
183.32	451.185	-23.9265	427.259
183.34	448.939	-21.7003	427.238
183.36	445.61	-18.3825	427.228
183.38	452.337	-25.1449	427.192
183.4	455.668	-28.4442	427.224
183.42	455.184	-27.9666	427.217
183.44	445.433	-18.1809	427.252
183.46	447.692	-20.4431	427.249
183.48	449.103	-21.847	427.256
183.5	458.075	-30.8565	427.219
183.52	464.185	-36.942	427.243
183.54	459.789	-32.5156	427.273
183.56	452.54	-25.2351	427.304
183.58	454.178	-26.9054	427.272
183.6	457.073	-29.7906	427.282
183.62	460.742	-33.4713	427.271
183.64	457.19	-29.9337	427.257
183.66	446.064	-18.7799	427.284
183.68	458.778	-31.5543	427.224
183.7	468.046	-40.8458	427.2
183.72	464.321	-37.0989	427.222
183.74	462.269	-35.0714	427.198
183.76	459.874	-32.6453	427.228
183.78	447.086	-19.8257	427.26
183.8	436.022	-8.78989	427.232
183.82	455.115	-27.9396	427.175
183.84	460.677	-33.4886	427.189
183.86	449.058	-21.8731	427.185
183.88	454.124	-26.9382	427.186
183.9	460.858	-33.6738	427.184
183.92	455.409	-28.2144	427.194
183.94	461.533	-34.3589	427.174
183.96	458.256	-31.0407	427.216
183.98	463.16	-35.9777	427.182
184	458.579	-31.4123	427.166
184.02	452.218	-25.0373	427.18
184.04	458.353	-31.1724	427.181
184.06	465.779	-38.5901	427.189
184.08	463.571	-36.3889	427.182
184.1	461.847	-34.6591	427.188
184.12	457.841	-30.6958	427.145
184.14	449.485	-22.3199	427.165
184.16	450.588	-23.3925	427.196
184.18	450.098	-22.8906	427.208
184.2	463.345	-36.1526	427.193
184.22	470.657	-43.4654	427.191
184.24	472.099	-44.9259	427.173
184.26	471.063	-43.8898	427.174
184.28	469.092	-41.9408	427.151
184.3	465.91	-38.7782	427.132
184.32	461.712	-34.5747	427.137
184.34	463.142	-36.0321	427.11
184.36	462.041	-34.9306	427.111
184.38	445.148	-18.0273	427.121
184.4	438.929	-11.7959	427.133
184.42	458.71	-31.552	427.158
184.44	459.627	-32.4616	427.165
184.46	455.135	-27.9576	427.177
184.48	463.489	-36.3368	427.152
184.5	469.304	-42.1761	427.128
184.52	464.863	-37.741	427.122
184.54	460.049	-32.9081	427.141
184.56	470.348	-43.2297	427.118
184.58	470.459	-43.3189	427.14
184.6	465.923	-38.7979	427.125
184.62	465.779	-38.6595	427.119
184.64	462.006	-34.9002	427.106
184.66	451.321	-24.2073	427.114
184.68	464.302	-37.2325	427.07
184.7	456.163	-29.0586	427.105
184.72	458.377	-31.3047	427.072
184.74	463.026	-35.9545	427.071
184.76	468.636	-41.5518	427.084
184.78	463.002	-35.9057	427.097
184.8	453.794	-26.6887	427.105
184.82	463.354	-36.2898	427.064
184.84	466.489	-39.4424	427.047
184.86	455.334	-28.2593	427.074
184.88	456.619	-29.5668	427.053
184.9	455.169	-28.0722	427.097
184.92	461.45	-34.3565	427.093
184.94	465.705	-38.6284	427.077
184.96	463.261	-36.1922	427.069
184.98	463.867	-36.7896	427.077
185	465.38	-38.293	427.087
185.02	466.644	-39.5531	427.091
185.04	463.639	-36.5749	427.064
185.06	454.13	-27.0245	427.105
185.08	448.129	-21.0883	427.041
185.1	453.179	-26.1291	427.05
185.12	461.141	-34.0892	427.051
185.14	450.378	-23.3056	427.072
185.16	453.099	-26.0386	427.06
185.18	470.299	-43.2549	427.044
185.2	473.637	-46.6004	427.037
185.22	464.336	-37.2852	427.051
185.24	443.414	-16.3219	427.092
185.26	451.43	-24.3784	427.052
185.28	457.327	-30.2164	427.111
185.3	462.483	-35.3695	427.113
185.32	460.819	-33.7028	427.116
185.34	456.695	-29.5611	427.134
185.36	462.61	-35.475	427.135
185.38	467.319	-40.1939	427.125
185.4	468.711	-41.5677	427.144
185.42	469.043	-41.8869	427.156
185.44	469.535	-42.3982	427.136
185.46	460.135	-33.0122	427.123
185.48	446.264	-19.1663	427.098
185.5	443.832	-16.7805	427.052
185.52	446.846	-19.7833	427.063
185.54	466.75	-39.7091	427.041
185.56	463.705	-36.6566	427.048
185.58	453.035	-25.9385	427.096
185.6	453.79	-26.7303	427.059
185.62	443.315	-16.2144	427.101
185.64	446.435	-19.3851	427.05
185.66	462.636	-35.5794	427.057
185.68	474.803	-47.7142	427.089
185.7	471.11	-44.0267	427.084
185.72	456.301	-29.202	427.099
185.74	448.345	-21.2722	427.073
185.76	439.179	-12.1492	427.03
185.78	446.133	-19.0834	427.049
185.8	468.26	-41.1717	427.088
185.82	473.099	-46.0034	427.096
185.84	467.996	-40.8769	427.119
185.86	465.701	-38.5747	427.126
185.88	471.768	-44.6632	427.104
185.9	465.739	-38.6593	427.079
185.92	450.651	-23.5328	427.118
185.94	457.249	-30.1651	427.084
185.96	462.948	-35.8233	427.125
185.98	461.572	-34.4309	427.141
186	466.539	-39.4146	427.125
186.02	467.459	-40.3227	427.136
186.04	472.615	-45.4681	427.147
186.06	475.835	-48.7209	427.115
186.08	469.535	-42.4567	427.079
186.1	455.859	-28.8141	427.044
186.12	450.499	-23.4793	427.02
186.14	452.989	-25.9538	427.035
186.16	459.101	-32.0221	427.079
186.18	469.637	-42.5652	427.071
186.2	473.329	-46.2471	427.082
186.22	462.191	-35.0909	427.1
186.24	446.59	-19.5086	427.081
186.26	440.59	-13.4825	427.107
186.28	460.685	-33.6079	427.077
186.3	460.835	-33.7652	427.069
186.32	453.472	-26.3889	427.083
186.34	442.372	-15.262	427.11
186.36	445.878	-18.7989	427.079
186.38	452.227	-25.1595	427.068
186.4	446.285	-19.1872	427.098
186.42	455.894	-28.8148	427.079
186.44	456.507	-29.4039	427.103
186.46	452.74	-25.6119	427.129
186.48	458.631	-31.5358	427.096
186.5	461.967	-34.8728	427.094
186.52	464.666	-37.5947	427.071
186.54	464.585	-37.5313	427.054
186.56	451.717	-24.7024	427.014
186.58	458.074	-31.0433	427.031
186.6	475.956	-48.8978	427.058
186.62	471.521	-44.4418	427.079
186.64	462.657	-35.587	427.07
186.66	456.413	-29.3492	427.064
186.68	459.882	-32.8254	427.056
186.7	455.183	-28.145	427.038
186.72	442.748	-15.7029	427.045
186.74	463.418	-36.3949	427.023
186.76	464.78	-37.7469	427.033
186.78	464.842	-37.7948	427.048
186.8	468.242	-41.1915	427.05
186.82	469.115	-42.048	427.067
186.84	467.737	-40.6607	427.077
186.86	472.345	-45.2792	427.066
186.88	473.496	-46.4069	427.089
186.9	474.392	-47.3116	427.08
186.92	468.448	-41.3291	427.118
186.94	465.489	-38.3559	427.133
186.96	462.736	-35.6093	427.126
186.98	464.002	-36.8784	427.124
187	468.964	-41.8053	427.158
187.02	474.481	-47.3264	427.154
187.04	474.428	-47.2767	427.152
187.06	471.05	-43.8991	427.151
187.08	463.719	-36.5766	427.143
187.1	458.604	-31.4211	427.183
187.12	466.008	-38.8306	427.177
187.14	466.839	-39.6189	427.22
187.16	468.346	-41.1344	427.212
187.18	458.307	-31.0977	427.209
187.2	455.045	-27.8409	427.204
187.22	457.575	-30.3928	427.183
187.24	439.83	-12.6394	427.19
187.26	441.981	-14.7969	427.184
187.28	456.793	-29.5996	427.193
187.3	463.295	-36.0763	427.218
187.32	468.136	-40.9207	427.215
187.34	471.861	-44.6808	427.18
187.36	466.773	-39.5658	427.207
187.38	461.26	-34.0438	427.217
187.4	460.019	-32.8274	427.191
187.42	446.657	-19.4408	427.217
187.44	456.67	-29.4815	427.189
187.46	461.49	-34.2891	427.201
187.48	459.92	-32.7224	427.198
187.5	458.331	-31.1625	427.168
187.52	460.218	-33.0462	427.172
187.54	464.992	-37.8229	427.169
187.56	467.874	-40.699	427.175
187.58	461.148	-33.9434	427.205
187.6	445.007	-17.8036	427.203
187.62	442.526	-15.3193	427.206
187.64	449.364	-22.1583	427.205
187.66	455.765	-28.5478	427.217
187.68	464.946	-37.7154	427.231
187.7	468.086	-40.8656	427.221
187.72	470.45	-43.2583	427.192
187.74	463.212	-36.0542	427.157
187.76	442.854	-15.6367	427.218
187.78	455.53	-28.332	427.198
187.8	464.306	-37.0691	427.237
187.82	465.006	-37.7864	427.22
187.84	460.222	-33.0059	427.216
187.86	456.484	-29.2481	427.236
187.88	468.385	-41.2027	427.182
187.9	463.469	-36.2925	427.177
187.92	442.269	-15.0905	427.178
187.94	437.843	-10.6798	427.163
187.96	457.51	-30.3928	427.117
187.98	455.035	-27.9055	427.129
188	448.195	-21.0444	427.151
188.02	466.694	-39.5453	427.149
188.04	472.881	-45.7428	427.138
188.06	469.594	-42.4619	427.132
188.08	458.551	-31.4039	427.147
188.1	459.855	-32.7311	427.124
188.12	467.678	-40.5528	427.125
188.14	459.452	-32.32	427.132
188.16	447.248	-20.0993	427.149
188.18	453.144	-26.0286	427.116
188.2	455.766	-28.6674	427.098
188.22	461.478	-34.3785	427.099
188.24	458.034	-30.9457	427.088
188.26	448.481	-21.3777	427.103
188.28	451.317	-24.2056	427.112
188.3	458.891	-31.7885	427.102
188.32	468.531	-41.4487	427.083
188.34	468.384	-41.2725	427.111
188.36	468.051	-40.9269	427.124
188.38	459.977	-32.8535	427.124
188.4	455.599	-28.4455	427.153
188.42	452.753	-25.5718	427.182
188.44	454.393	-27.2048	427.188
188.46	455.235	-28.0683	427.166
188.48	456.565	-29.4459	427.119
188.5	456.544	-29.3954	427.149
188.52	462.564	-35.4249	427.139
188.54	458.369	-31.1853	427.184
188.56	457.417	-30.2507	427.167
188.58	460.807	-33.6363	427.17
188.6	469.021	-41.8698	427.152
188.62	465.848	-38.6964	427.152
188.64	455.612	-28.4477	427.164
188.66	456.42	-29.2703	427.15
188.68	455.507	-28.3373	427.169
188.7	461.122	-33.9389	427.183
188.72	459.281	-32.087	427.194
188.74	461.021	-33.8311	427.19
188.76	467.429	-40.2864	427.143
188.78	472.093	-44.9415	427.151
188.8	465.119	-37.9714	427.148
188.82	460.462	-33.3397	427.122
188.84	443.892	-16.7189	427.174
188.86	441.214	-14.0351	427.179
188.88	462.645	-35.4707	427.174
188.9	467.55	-40.361	427.189
188.92	456.779	-29.5625	427.217
188.94	457.99	-30.8547	427.136
188.96	446.644	-19.4614	427.182
188.98	460.072	-32.9145	427.157
189	460.995	-33.8155	427.18
189.02	464.882	-37.7167	427.165
189.04	455.825	-28.6547	427.17
189.06	460.713	-33.5731	427.14
189.08	462.04	-34.8845	427.155
189.1	458.781	-31.6311	427.15
189.12	458.163	-31.0428	427.12
189.14	446.831	-19.6732	427.158
189.16	465.079	-37.9746	427.105
189.18	471.573	-44.4587	427.114
189.2	465.122	-38.0121	427.11
189.22	451.437	-24.3079	427.129
189.24	453.347	-26.2531	427.094
189.26	455.529	-28.4525	427.076
189.28	456.484	-29.4026	427.082
189.3	466.166	-39.1072	427.058
189.32	470.2	-43.1552	427.044
189.34	462.827	-35.7266	427.1
189.36	463.692	-36.5967	427.095
189.38	465.739	-38.6718	427.067
189.4	462.075	-35.0148	427.06
189.42	444.93	-17.8517	427.078
189.44	453.357	-26.3843	426.973
189.46	447.03	-20.0101	427.02
189.48	450.684	-23.7018	426.982
189.5	435.578	-8.55015	427.028
189.52	459.204	-32.2229	426.981
189.54	466.944	-39.8869	427.057
189.56	472.989	-45.9384	427.051
189.58	469.073	-42.0149	427.059
189.6	463.068	-35.9941	427.074
189.62	462.125	-35.0425	427.082
189.64	464.126	-37.034	427.093
189.66	467.887	-40.7876	427.099
189.68	471.975	-44.8889	427.086
189.7	463.973	-36.8772	427.096
189.72	456.691	-29.6061	427.085
189.74	455.047	-27.944	427.103
189.76	470.261	-43.1972	427.064
189.78	479.883	-52.8173	427.066
189.8	479.882	-52.8283	427.053
189.82	463.893	-36.8353	427.058
189.84	444.969	-17.8832	427.086
189.86	454.01	-26.9916	427.018
189.88	453.405	-26.3414	427.063
189.9	466.055	-38.9977	427.057
189.92	473.941	-46.8696	427.071
189.94	473.466	-46.4129	427.053
189.96	454.06	-26.9684	427.092
189.98	456.18	-29.1302	427.049
190	453.7	-26.6598	427.04
190.02	456.638	-29.6014	427.037
190.04	466.05	-39.0036	427.046
190.06	466.609	-39.5612	427.048
190.08	464.759	-37.6695	427.09
190.1	466.147	-39.0694	427.077
190.12	468.551	-41.474	427.077
190.14	472.032	-44.9638	427.068
190.16	470.106	-43.0338	427.072
190.18	466.476	-39.4174	427.059
190.2	458.687	-31.6414	427.045
190.22	446.287	-19.2392	427.048
190.24	458.272	-31.2389	427.033
190.26	452.418	-25.4537	426.965
190.28	448.558	-21.6077	426.95
190.3	461.637	-34.6489	426.988
190.32	461.776	-34.7416	427.034
190.34	458.661	-31.6188	427.042
190.36	455.918	-28.8596	427.058
190.38	455.909	-28.8633	427.046
190.4	462.783	-35.747	427.036
190.42	458.46	-31.4183	427.042
190.44	456.709	-29.7049	427.004
190.46	444.822	-17.7913	427.031
190.48	445.379	-18.313	427.066
190.5	465.062	-38.0364	427.025
190.52	470.774	-43.7461	427.028
190.54	465.749	-38.7262	427.022
190.56	454.444	-27.4348	427.01
190.58	453.974	-26.9457	427.028
190.6	467.794	-40.744	427.05
190.62	476.603	-49.548	427.055
190.64	475.306	-48.2657	427.041
190.66	469.7	-42.6584	427.041
190.68	464.438	-37.4223	427.015
190.7	447.402	-20.372	427.03
190.72	444.095	-17.0446	427.051
190.74	461.873	-34.8035	427.069
190.76	474.728	-47.6358	427.092
190.78	478.617	-51.5206	427.096
190.8	475.67	-48.5669	427.103
190.82	468.679	-41.5863	427.092
190.84	455.742	-28.6397	427.102
190.86	453.756	-26.6355	427.121
190.88	459.582	-32.4863	427.096
190.9	457.572	-30.4552	427.116
190.92	458.422	-31.2973	427.125
190.94	464.787	-37.6515	427.136
190.96	470.043	-42.9257	427.117
190.98	465.542	-38.4389	427.103
191	455.567	-28.4628	427.104
191.02	466.242	-39.1707	427.071
191.04	465.842	-38.7707	427.071
191.06	455.2	-28.1352	427.065
191.08	456.016	-28.9419	427.075
191.1	465.688	-38.6474	427.04
191.12	452.821	-25.7509	427.07
191.14	454.7	-27.6532	427.047
191.16	450.932	-23.8246	427.107
191.18	451.201	-24.0948	427.106
191.2	465.496	-38.4033	427.092
191.22	473.101	-45.9809	427.12
191.24	469.143	-42.044	427.099
191.26	454.304	-27.1834	427.121
191.28	462.042	-34.9467	427.095
191.3	467.648	-40.5636	427.084
191.32	457.505	-30.4189	427.086
191.34	448.461	-21.3574	427.103
191.36	449.445	-22.3665	427.078
191.38	445.872	-18.7866	427.086
191.4	441.457	-14.3831	427.074
191.42	457.669	-30.649	427.02
191.44	456.834	-29.7455	427.088
191.46	464.344	-37.2893	427.054
191.48	458.209	-31.1146	427.095
191.5	446.639	-19.5113	427.128
191.52	453.725	-26.6172	427.108
191.54	458.318	-31.204	427.114
191.56	461.272	-34.1505	427.122
191.58	455.546	-28.4361	427.11
191.6	442.157	-15.0235	427.133
191.62	437.178	-10.0447	427.133
191.64	462.629	-35.5767	427.053
191.66	465.579	-38.4918	427.088
191.68	448.972	-21.8377	427.134
191.7	459.549	-32.4531	427.095
191.72	458.172	-31.1185	427.053
191.74	455.521	-28.4694	427.052
191.76	460.66	-33.591	427.069
191.78	463.643	-36.5744	427.068
191.8	461.224	-34.1363	427.088
191.82	466.946	-39.8638	427.082
191.84	466.631	-39.5675	427.063
191.86	438.32	-11.2343	427.086
191.88	431.242	-4.14414	427.098
191.9	462.127	-35.0586	427.069
191.92	470.674	-43.5834	427.091
191.94	473.192	-46.1313	427.061
191.96	464.545	-37.5261	427.019
191.98	442.098	-15.0212	427.076
192	464.248	-37.1823	427.066
192.02	466.96	-39.8788	427.081
192.04	466.501	-39.4433	427.058
192.06	469.194	-42.12	427.074
192.08	470.166	-43.0839	427.082
192.1	469.149	-42.0637	427.085
192.12	460.907	-33.8178	427.09
192.14	468.527	-41.4686	427.058
192.16	459.035	-32.0365	426.998
192.18	457.699	-30.7039	426.996
192.2	456.09	-29.0806	427.009
192.22	444.845	-17.8213	427.024
192.24	452.863	-25.8207	427.042
192.26	461.819	-34.7673	427.052
192.28	470.147	-43.1015	427.045
192.3	465.252	-38.1788	427.074
192.32	466.449	-39.375	427.074
192.34	452.471	-25.3788	427.092
192.36	451.542	-24.4536	427.089
192.38	461.126	-34.0695	427.057
192.4	459.383	-32.2921	427.091
192.42	465.117	-38.0393	427.077
192.44	462.181	-35.0783	427.103
192.46	461.006	-33.8676	427.138
192.48	459.77	-32.6572	427.113
192.5	463.58	-36.4832	427.097
192.52	458.88	-31.7516	427.128
192.54	457.382	-30.2683	427.114
192.56	461.202	-34.0882	427.113
192.58	466.418	-39.3356	427.083
192.6	462.587	-35.4775	427.109
192.62	465.02	-37.9113	427.109
192.64	465.258	-38.2009	427.057
192.66	438.895	-11.7419	427.153
192.68	466.369	-39.3132	427.055
192.7	469.562	-42.4878	427.074
192.72	454.957	-27.8906	427.066
192.74	441.82	-14.7246	427.096
192.76	465.141	-38.0598	427.081
192.78	465.143	-38.0264	427.116
192.8	459.174	-32.0107	427.163
192.82	465.246	-38.1583	427.088
192.84	459.069	-32.04	427.029
192.86	441.567	-14.514	427.053
192.88	457.41	-30.3669	427.043
192.9	462.192	-35.1614	427.03
192.92	459.149	-32.1053	427.043
192.94	472.972	-45.915	427.057
192.96	470.848	-43.7877	427.06
192.98	458.818	-31.7349	427.083
193	458.87	-31.8042	427.065
193.02	444.675	-17.6126	427.062
193.04	435.042	-7.96222	427.08
193.06	449.643	-22.5692	427.074
193.08	450.529	-23.4186	427.11
193.1	456.375	-29.2764	427.099
193.12	460.278	-33.1707	427.107
193.14	461.034	-33.9343	427.1
193.16	468.37	-41.2781	427.092
193.18	477.341	-50.25	427.091
193.2	472.667	-45.5415	427.125
193.22	462.149	-35.0054	427.144
193.24	463.88	-36.8128	427.067
193.26	457.486	-30.3949	427.091
193.28	448.323	-21.3339	426.989
193.3	463.656	-36.6766	426.979
193.32	469.595	-42.5096	427.085
193.34	458.756	-31.6804	427.076
193.36	445.259	-18.1528	427.106
193.38	456.237	-29.1751	427.062
193.4	463.937	-36.8808	427.057
193.42	463.436	-36.3795	427.056
193.44	460.477	-33.4071	427.07
193.46	460.131	-33.0502	427.08
193.48	459.058	-31.9812	427.077
193.5	461.524	-34.4496	427.075
193.52	464.841	-37.7744	427.067
193.54	459.805	-32.7193	427.086
193.56	463.236	-36.1433	427.092
193.58	462.677	-35.5875	427.089
193.6	473.374	-46.306	427.068
193.62	473.978	-46.9368	427.042
193.64	468.301	-41.2561	427.045
193.66	468.416	-41.3934	427.022
193.68	466.742	-39.7387	427.003
193.7	471.089	-44.0893	426.999
193.72	471.926	-44.8965	427.029
193.74	473.416	-46.3731	427.043
193.76	471.672	-44.62	427.052
193.78	466.402	-39.3408	427.061
193.8	465.931	-38.8756	427.055
193.82	461.845	-34.8081	427.037
193.84	451.809	-24.7895	427.02
193.86	443.422	-16.3676	427.054
193.88	458.539	-31.5324	427.006
193.9	453.938	-26.9283	427.01
193.92	449.676	-22.6324	427.043
193.94	462.648	-35.6469	427.001
193.96	468.337	-41.3174	427.02
193.98	464.203	-37.1289	427.074
194	471.298	-44.2567	427.041
194.02	463.403	-36.3314	427.071
194.04	455.132	-28.0363	427.096
194.06	457.115	-30.0475	427.068
194.08	458.856	-31.7768	427.08
194.1	466.377	-39.2967	427.08
194.12	467.683	-40.6005	427.083
194.14	466.28	-39.1676	427.112
194.16	465.094	-38.0018	427.092
194.18	465.498	-38.4106	427.088
194.2	461.346	-34.2449	427.101
194.22	455.488	-28.3488	427.139
194.24	468.04	-40.9594	427.081
194.26	471.23	-44.1323	427.098
194.28	466.9	-39.7828	427.117
194.3	451.307	-24.1228	427.184
194.32	462.568	-35.4313	427.137
194.34	465.262	-38.1124	427.149
194.36	449.739	-22.5785	427.161
194.38	443.829	-16.638	427.191
194.4	463.351	-36.1867	427.164
194.42	467.411	-40.2316	427.18
194.44	466.02	-38.8301	427.19
194.46	465.287	-38.1026	427.184
194.48	464.004	-36.8416	427.163
194.5	452.149	-25.0041	427.144
194.52	442.472	-15.3188	427.154
194.54	451.582	-24.4561	427.126
194.56	465.766	-38.6625	427.104
194.58	470.487	-43.3661	427.121
194.6	468.555	-41.4307	427.124
194.62	462.769	-35.6053	427.163
194.64	463.492	-36.3357	427.156
194.66	460.701	-33.5503	427.151
194.68	459.912	-32.7758	427.136
194.7	457.108	-29.9807	427.127
194.72	452.712	-25.5849	427.127
194.74	459.002	-31.8957	427.107
194.76	465.592	-38.4869	427.105
194.78	466.88	-39.7723	427.107
194.8	462.662	-35.5306	427.131
194.82	460.299	-33.1805	427.119
194.84	462.732	-35.6217	427.111
194.86	460.99	-33.8627	427.127
194.88	469.481	-42.4145	427.066
194.9	441.869	-14.7567	427.112
194.92	429.145	-2.02821	427.117
194.94	450.748	-23.6434	427.105
194.96	467.763	-40.6494	427.114
194.98	476.252	-49.107	427.145
195	477.965	-50.8249	427.14
195.02	468.476	-41.3498	427.126
195.04	434.252	-7.04618	427.206
195.06	446.373	-19.2288	427.144
195.08	445.254	-18.0528	427.201
195.1	470.166	-43.007	427.159
195.12	474.855	-47.6912	427.164
195.14	470.374	-43.2329	427.141
195.16	455.957	-28.8159	427.141
195.18	445.933	-18.8242	427.109
195.2	447.17	-20.0518	427.118
195.22	463.526	-36.4104	427.116
195.24	453.431	-26.3352	427.096
195.26	439.031	-11.9367	427.094
195.28	448.605	-21.5081	427.096
195.3	461.215	-34.1043	427.111
195.32	463.193	-36.0819	427.111
195.34	465.361	-38.2277	427.134
195.36	469.977	-42.8396	427.138
195.38	470.547	-43.3851	427.162
195.4	468.775	-41.6365	427.139
195.42	455.799	-28.6985	427.101
195.44	441.454	-14.3075	427.146
195.46	466.329	-39.2553	427.074
195.48	475.04	-47.9471	427.093
195.5	475.687	-48.5936	427.093
195.52	470.11	-42.9931	427.117
195.54	459.502	-32.3816	427.12
195.56	453.777	-26.6493	427.127
195.58	458.387	-31.3083	427.078
195.6	462.856	-35.7555	427.1
195.62	465.954	-38.8827	427.072
195.64	462.615	-35.5245	427.09
195.66	467.426	-40.3535	427.072
195.68	473.441	-46.3719	427.069
195.7	471.599	-44.5515	427.047
195.72	461.886	-34.8538	427.033
195.74	451.968	-24.9489	427.019
195.76	455.804	-28.7529	427.052
195.78	464.418	-37.3844	427.034
195.8	444.445	-17.4093	427.036
195.82	454.349	-27.3184	427.03
195.84	469.852	-42.7881	427.064
195.86	467.333	-40.2772	427.055
195.88	452.341	-25.2566	427.084
195.9	451.999	-24.9327	427.067
195.92	452.889	-25.8217	427.068
195.94	457.031	-29.9786	427.052
195.96	464.869	-37.808	427.061
195.98	473.013	-45.9318	427.081
196	470.269	-43.1866	427.082
196.02	465.687	-38.5971	427.09
196.04	452.649	-25.5224	427.127
196.06	458.433	-31.3354	427.097
196.08	460.505	-33.3666	427.139
196.1	464.481	-37.3429	427.138
196.12	466.201	-39.1034	427.098
196.14	457.122	-29.985	427.137
196.16	465.508	-38.3976	427.11
196.18	468.822	-41.6788	427.144
196.2	463.231	-36.0747	427.156
196.22	464.088	-36.9303	427.158
196.24	468.781	-41.6007	427.18
196.26	468.362	-41.1743	427.188
196.28	458.719	-31.5362	427.183
196.3	421.594	5.53522	427.129
196.32	437.885	-10.7757	427.109
196.34	457.31	-30.106	427.204
196.36	463.02	-35.8213	427.199
196.38	462.226	-35.0129	427.213
196.4	464.963	-37.7716	427.191
196.42	471.346	-44.1796	427.167
196.44	467.936	-40.7764	427.159
196.46	448.715	-21.5593	427.156
196.48	448.618	-21.4778	427.14
196.5	461.822	-34.6857	427.137
196.52	468.664	-41.5358	427.128
196.54	466.365	-39.2706	427.095
196.56	449.353	-22.2313	427.122
196.58	458.017	-30.9518	427.065
196.6	456.709	-29.6285	427.081
196.62	456.471	-29.3636	427.107
196.64	464.398	-37.2959	427.102
196.66	472.103	-45.038	427.065
196.68	461.359	-34.2973	427.062
196.7	438.603	-11.4759	427.127
196.72	459.495	-32.4172	427.078
196.74	471.012	-43.9054	427.107
196.76	466.412	-39.2879	427.124
196.78	450.443	-23.2964	427.147
196.8	435.509	-8.35022	427.159
196.82	438.796	-11.6534	427.142
196.84	451.693	-24.5208	427.172
196.86	467.784	-40.6229	427.161
196.88	465.489	-38.3242	427.165
196.9	467.74	-40.581	427.159
196.92	468.905	-41.7268	427.178
196.94	466.663	-39.4995	427.164
196.96	455.804	-28.6364	427.168
196.98	435.786	-8.59274	427.193
197	449.229	-22.1003	427.129
197.02	462.122	-35.0304	427.091
197.04	462.189	-35.0568	427.132
197.06	471.208	-44.0685	427.14
197.08	468.03	-40.8918	427.138
197.1	445.123	-17.9608	427.162
197.12	441.33	-14.1628	427.167
197.14	457.686	-30.5412	427.145
197.16	460.799	-33.6258	427.174
197.18	465.442	-38.232	427.21
197.2	468.902	-41.7236	427.179
197.22	452.474	-25.2877	427.187
197.24	448.644	-21.4157	427.228
197.26	460.119	-32.9298	427.19
197.28	433.204	-5.94821	427.256
197.3	451.361	-24.2009	427.16
197.32	464.906	-37.7408	427.165
197.34	455.648	-28.4738	427.174
197.36	453.552	-26.3786	427.173
197.38	460.024	-32.8574	427.167
197.4	452.007	-24.8274	427.179
197.42	445.31	-18.1027	427.208
197.44	465.428	-38.237	427.191
197.46	466.665	-39.4428	427.222
197.48	456.677	-29.4938	427.183
197.5	442.235	-15.0208	427.214
197.52	437.004	-9.78919	427.214
197.54	448.844	-21.6639	427.18
197.56	466.878	-39.6502	427.228
197.58	469.356	-42.1101	427.246
197.6	466.864	-39.6146	427.249
197.62	463.425	-36.1851	427.24
197.64	447.531	-20.317	427.214
197.66	437.892	-10.6586	427.234
197.68	453.633	-26.448	427.185
197.7	442.138	-14.8738	427.264
197.72	461.933	-34.7352	427.197
197.74	460.571	-33.381	427.19
197.76	463.723	-36.5355	427.188
197.78	467.598	-40.4053	427.192
197.8	467.482	-40.2965	427.185
197.82	467.251	-40.0813	427.17
197.84	468.05	-40.8801	427.17
197.86	469.399	-42.23	427.169
197.88	470.266	-43.1216	427.145
197.9	468.239	-41.0852	427.154
197.92	451.677	-24.5626	427.114
197.94	437.842	-10.7423	427.1
197.96	439.775	-12.6507	427.124
197.98	447.577	-20.4715	427.105
198	456.998	-29.8826	427.115
198.02	456.228	-29.118	427.11
198.04	444.954	-17.8121	427.142
198.06	449.626	-22.5359	427.09
198.08	455.363	-28.2394	427.124
198.1	471.475	-44.3885	427.087
198.12	464.204	-37.0879	427.116
198.14	459.108	-31.9888	427.119
198.16	463.862	-36.7281	427.134
198.18	472.062	-44.9242	427.137
198.2	474.116	-46.995	427.121
198.22	472.055	-44.9408	427.114
198.24	455.023	-27.8994	427.124
198.26	455.716	-28.6052	427.111
198.28	467.828	-40.7225	427.105
198.3	472.935	-45.8108	427.124
198.32	471.946	-44.8458	427.1
198.34	459.048	-31.9279	427.12
198.36	451.514	-24.3893	427.124
198.38	457.715	-30.5992	427.115
198.4	463.428	-36.3346	427.093
198.42	468.187	-41.1194	427.067
198.44	467.173	-40.1154	427.058
198.46	462.646	-35.5849	427.061
198.48	460.509	-33.4168	427.092
198.5	469.588	-42.5052	427.082
198.52	470.811	-43.7621	427.049
198.54	438.196	-11.0766	427.119
198.56	450.79	-23.7464	427.044
198.58	457.616	-30.5524	427.063
198.6	464.44	-37.3994	427.04
198.62	459.927	-32.8635	427.064
198.64	460.721	-33.6503	427.071
198.66	462.456	-35.3804	427.075
198.68	463.964	-36.9037	427.06
198.7	460.645	-33.5772	427.068
198.72	458.264	-31.1902	427.073
198.74	463.033	-35.9836	427.049
198.76	460.685	-33.6346	427.05
198.78	463.747	-36.683	427.064
198.8	471.382	-44.331	427.051
198.82	464.982	-37.9381	427.044
198.84	456.956	-29.9226	427.033
198.86	462.743	-35.7119	427.031
198.88	470.468	-43.4221	427.045
198.9	473.028	-45.9898	427.038
198.92	471.653	-44.6179	427.035
198.94	469.043	-42.0094	427.034
198.96	456.328	-29.2771	427.051
198.98	461.093	-34.0691	427.024
199	465.643	-38.6208	427.022
199.02	465.009	-38.0082	427.001
199.04	466.391	-39.3829	427.008
199.06	467.362	-40.3519	427.011
199.08	467.207	-40.1853	427.022
199.1	465.715	-38.7048	427.01
199.12	450.641	-23.5926	427.049
199.14	444.048	-16.9653	427.083
199.16	464.213	-37.1485	427.065
199.18	460.885	-33.8196	427.065
199.2	450.548	-23.4691	427.079
199.22	467.613	-40.5939	427.019
199.24	459.623	-32.6269	426.997
199.26	440.128	-13.1327	426.996
199.28	434.889	-7.86967	427.019
199.3	449.597	-22.5934	427.004
199.32	455.17	-28.1687	427.001
199.34	444.617	-17.5811	427.036
199.36	454.342	-27.3448	426.997
199.38	460.635	-33.6537	426.981
199.4	466.731	-39.7194	427.012
199.42	462.748	-35.7427	427.005
199.44	456.357	-29.3323	427.025
199.46	461.004	-34.0278	426.976
199.48	454.609	-27.6122	426.996
199.5	459.503	-32.5238	426.979
199.52	470.647	-43.6389	427.008
199.54	469.633	-42.6133	427.02
199.56	459.345	-32.3163	427.028
199.58	445.085	-18.0788	427.006
199.6	434.31	-7.29244	427.018
199.62	447.061	-20.0399	427.021
199.64	470.564	-43.5795	426.985
199.66	477.935	-50.9298	427.005
199.68	478.935	-51.9391	426.996
199.7	477.258	-50.2589	426.999
199.72	471.309	-44.3263	426.983
199.74	464.967	-37.9397	427.028
199.76	466.042	-39.0299	427.012
199.78	467.603	-40.5808	427.022
199.8	466.3	-39.3086	426.992
199.82	460.153	-33.1713	426.981
199.84	449.468	-22.4866	426.982
199.86	458.885	-31.9572	426.928
199.88	438.29	-11.2499	427.041
199.9	469.429	-42.5272	426.902
199.92	444.087	-17.0416	427.046
199.94	455.775	-28.7777	426.998
199.96	463.732	-36.756	426.976
199.98	461.8	-34.8038	426.996
200	456.756	-29.7201	427.036
200.02	461.957	-34.9197	427.037
200.04	477.378	-50.3264	427.051
200.06	473.747	-46.73	427.017
200.08	440.271	-13.2054	427.066
200.1	452.154	-25.1116	427.043
200.12	469.928	-42.8608	427.067
200.14	456.242	-29.1443	427.097
200.16	461.895	-34.8165	427.078
200.18	468.973	-41.8882	427.084
200.2	469.396	-42.361	427.035
200.22	465.015	-37.9628	427.053
200.24	467.14	-40.1049	427.035
200.26	463.251	-36.2078	427.043
200.28	459.409	-32.3599	427.049
200.3	470.78	-43.7703	427.01
200.32	477.979	-50.9628	427.016
200.34	480.721	-53.693	427.028
200.36	468.449	-41.3736	427.075
200.38	458.073	-31.0344	427.038
200.4	455.058	-28.0338	427.025
200.42	445.273	-18.1888	427.084
200.44	463.34	-36.2969	427.043
200.46	470.955	-43.9175	427.038
200.48	472.668	-45.671	426.997
200.5	475.825	-48.8161	427.009
200.52	475.965	-48.9499	427.016
200.54	468.794	-41.7662	427.027
200.56	466.297	-39.2755	427.021
200.58	471.062	-44.0318	427.03
200.6	472.273	-45.2561	427.017
200.62	463.486	-36.3963	427.09
200.64	470.467	-43.4171	427.05
200.66	470.965	-43.8684	427.096
200.68	466.473	-39.4003	427.072
200.7	467.566	-40.4957	427.07
200.72	469.979	-42.9117	427.068
200.74	462.376	-35.2817	427.095
200.76	464.196	-37.1427	427.054
200.78	456.376	-29.3086	427.068
200.8	454.876	-27.7964	427.08
200.82	457.474	-30.407	427.067
200.84	465.444	-38.3694	427.074
200.86	466.861	-39.7787	427.082
200.88	466.334	-39.2564	427.077
200.9	468.366	-41.2745	427.091
200.92	473.083	-45.9905	427.093
200.94	464.415	-37.3247	427.09
200.96	452.772	-25.6635	427.108
200.98	447.014	-19.8779	427.136
201	466.273	-39.1778	427.095
201.02	470.264	-43.167	427.097
201.04	458.375	-31.265	427.111
201.06	444.558	-17.3799	427.178
201.08	459.395	-32.3026	427.092
201.1	456.487	-29.3661	427.12
201.12	469.683	-42.6088	427.074
201.14	473.278	-46.18	427.098
201.16	472.015	-44.9058	427.11
201.18	468.785	-41.6613	427.123
201.2	467.791	-40.6313	427.16
201.22	466.821	-39.6588	427.162
201.24	458.9	-31.6941	427.206
201.26	455.184	-27.9676	427.216
201.28	457.777	-30.5788	427.198
201.3	462.409	-35.231	427.178
201.32	465.121	-38.0145	427.106
201.34	444.558	-17.3969	427.161
201.36	443.96	-16.8037	427.156
201.38	456.281	-29.1644	427.117
201.4	464.986	-37.865	427.121
201.42	467.664	-40.5379	427.126
201.44	468.296	-41.1849	427.112
201.46	463.604	-36.4945	427.109
201.48	458.225	-31.1219	427.103
201.5	459.488	-32.4157	427.072
201.52	463.033	-35.9806	427.052
201.54	457.474	-30.3972	427.077
201.56	463.487	-36.4427	427.044
201.58	464.666	-37.6106	427.056
201.6	465.18	-38.1092	427.071
201.62	465.831	-38.764	427.067
201.64	467.011	-39.9367	427.075
201.66	464.672	-37.5718	427.1
201.68	459.891	-32.7669	427.124
201.7	463.664	-36.5538	427.11
201.72	462.486	-35.3673	427.118
201.74	457.661	-30.5672	427.094
201.76	450.296	-23.2105	427.085
201.78	450.009	-22.9501	427.059
201.8	448.947	-21.8571	427.09
201.82	450.829	-23.7334	427.096
201.84	456.4	-29.312	427.088
201.86	464.487	-37.4108	427.077
201.88	468.049	-40.9608	427.088
201.9	452.807	-25.6948	427.112
201.92	446.378	-19.2644	427.114
201.94	442.422	-15.3183	427.103
201.96	455.063	-27.9819	427.081
201.98	462.926	-35.8306	427.095
202	459.592	-32.4699	427.122
202.02	458.549	-31.4344	427.114
202.04	463.257	-36.1511	427.106
202.06	462.748	-35.6047	427.144
202.08	460.301	-33.1662	427.135
202.1	463.326	-36.1855	427.14
202.12	463.126	-35.9659	427.16
202.14	457.546	-30.3787	427.168
202.16	447.49	-20.3576	427.132
202.18	454.643	-27.4998	427.143
202.2	461.169	-34.0099	427.159
202.22	458.367	-31.1883	427.179
202.24	460.544	-33.3801	427.164
202.26	456.049	-28.9051	427.144
202.28	452.424	-25.2754	427.149
202.3	459.475	-32.317	427.158
202.32	459.96	-32.7907	427.169
202.34	459.68	-32.499	427.181
202.36	463.313	-36.1358	427.178
202.38	464.12	-36.9297	427.19
202.4	455.84	-28.7126	427.128
202.42	439.011	-11.8648	427.147
202.44	450.005	-22.865	427.14
202.46	462.143	-35.002	427.141
202.48	458.389	-31.2298	427.159
202.5	454.488	-27.3062	427.182
202.52	460.094	-32.9518	427.142
202.54	460.359	-33.2177	427.142
202.56	461.041	-33.8695	427.171
202.58	468.542	-41.3827	427.159
202.6	469.575	-42.4297	427.145
202.62	451.993	-24.8489	427.144
202.64	452.359	-25.2128	427.147
202.66	460.274	-33.1188	427.155
202.68	457.254	-30.0947	427.16
202.7	462.131	-34.9943	427.137
202.72	451.75	-24.6233	427.126
202.74	451.574	-24.444	427.13
202.76	461.501	-34.3588	427.143
202.78	461.364	-34.2036	427.161
202.8	452.865	-25.7244	427.141
202.82	451.734	-24.6249	427.109
202.84	459.667	-32.5549	427.112
202.86	455.452	-28.3218	427.13
202.88	449.589	-22.3795	427.209
202.9	456.714	-29.5189	427.195
202.92	460.08	-32.8884	427.192
202.94	454.555	-27.3408	427.215
202.96	456.571	-29.3646	427.206
202.98	466.41	-39.2328	427.177
203	465.29	-38.1143	427.176
203.02	461.744	-34.5567	427.187
203.04	467.508	-40.3357	427.172
203.06	456.723	-29.5463	427.177
203.08	454.011	-26.8018	427.209
203.1	454.146	-26.9546	427.192
203.12	455.926	-28.7617	427.164
203.14	466.076	-38.9178	427.158
203.16	467.683	-40.537	427.146
203.18	457.999	-30.8804	427.119
203.2	438.56	-11.4795	427.08
203.22	444.802	-17.7375	427.064
203.24	458.282	-31.1865	427.096
203.26	462.547	-35.4683	427.079
203.28	463.646	-36.5695	427.076
203.3	464.024	-36.9452	427.079
203.32	466.8	-39.6953	427.105
203.34	468.306	-41.2004	427.105
203.36	461.506	-34.4223	427.084
203.38	441.251	-14.1473	427.103
203.4	446.714	-19.6504	427.063
203.42	454.515	-27.4385	427.077
203.44	451.826	-24.7288	427.098
203.46	457.385	-30.2706	427.115
203.48	465.504	-38.4074	427.096
203.5	470.618	-43.5323	427.086
203.52	464.962	-37.8655	427.096
203.54	455.369	-28.2529	427.116
203.56	457.793	-30.6717	427.121
203.58	459.105	-32.0002	427.105
203.6	463.338	-36.2644	427.074
203.62	462.74	-35.6526	427.088
203.64	465.902	-38.8295	427.073
203.66	468.46	-41.3961	427.064
203.68	465.255	-38.1898	427.065
203.7	463.975	-36.9095	427.065
203.72	462.403	-35.3291	427.074
203.74	456.925	-29.8434	427.082
203.76	458.388	-31.3132	427.075
203.78	464.697	-37.6386	427.059
203.8	468.579	-41.4894	427.09
203.82	470.808	-43.7296	427.078
203.84	464.536	-37.5036	427.032
203.86	423.669	3.51145	427.18
203.88	461.181	-34.0879	427.093
203.9	464.114	-37.015	427.099
203.92	458.257	-31.1629	427.094
203.94	441.32	-14.1998	427.121
203.96	463.29	-36.2437	427.046
203.98	467.935	-40.8555	427.079
204	465.76	-38.6749	427.085
204.02	458.669	-31.5552	427.114
204.04	465.542	-38.4476	427.094
204.06	467.069	-39.9571	427.111
204.08	453.421	-26.308	427.113
204.1	446.647	-19.5578	427.09
204.12	443.969	-16.8575	427.112
204.14	457.243	-30.1576	427.085
204.16	462.399	-35.3054	427.094
204.18	440.887	-13.7352	427.152
204.2	445.018	-17.8741	427.144
204.22	451.593	-24.4172	427.176
204.24	452.589	-25.4175	427.172
204.26	464.633	-37.4732	427.16
204.28	467.882	-40.7402	427.142
204.3	456.364	-29.2059	427.158
204.32	455.789	-28.663	427.126
204.34	447.346	-20.2202	427.126
204.36	432.962	-5.7915	427.17
204.38	457.169	-30.0575	427.112
204.4	465.934	-38.8074	427.127
204.42	460.57	-33.4859	427.085
204.44	449.677	-22.6088	427.069
204.46	440.782	-13.7112	427.071
204.48	445.1	-18.0475	427.052
204.5	445.059	-17.9797	427.08
204.52	460.937	-33.864	427.073
204.54	468.252	-41.1516	427.1
204.56	464.011	-36.906	427.105
204.58	436.962	-9.72673	427.235
204.6	458.317	-31.2079	427.109
204.62	460.969	-33.8171	427.152
204.64	465.306	-38.1901	427.116
204.66	462.586	-35.4913	427.095
204.68	452.03	-24.9423	427.088
204.7	452.135	-25.0549	427.081
204.72	452.985	-25.9466	427.038
204.74	453.482	-26.4764	427.005
204.76	440.53	-13.4867	427.043
204.78	442.24	-15.2137	427.026
204.8	448.548	-21.5029	427.045
204.82	457.365	-30.3051	427.059
204.84	464.346	-37.298	427.048
204.86	461.373	-34.3088	427.065
204.88	458.532	-31.4683	427.063
204.9	437.613	-10.5235	427.089
204.92	449.875	-22.8317	427.043
204.94	461.345	-34.2476	427.097
204.96	456.572	-29.4384	427.133
204.98	462.227	-35.125	427.102
205	462.078	-34.9805	427.097
205.02	453.171	-26.0726	427.099
205.04	441.655	-14.5584	427.096
205.06	445.452	-18.3708	427.081
205.08	454.912	-27.8326	427.079
205.1	452.63	-25.5233	427.106
205.12	464.204	-37.1498	427.054
205.14	451.971	-24.9596	427.011
205.16	446.719	-19.7212	426.998
205.18	456.927	-29.8569	427.07
205.2	460.168	-33.0756	427.093
205.22	444.94	-17.8114	427.128
205.24	456.537	-29.4253	427.111
205.26	467.266	-40.1333	427.133
205.28	456.894	-29.7269	427.167
205.3	464.833	-37.6642	427.169
205.32	464.757	-37.5758	427.181
205.34	442.989	-15.8452	427.144
205.36	431.896	-4.73853	427.157
205.38	462.107	-34.9845	427.122
205.4	467.887	-40.7331	427.154
205.42	466.497	-39.3561	427.141
205.44	462.591	-35.5026	427.088
205.46	430.865	-3.70561	427.159
205.48	449.999	-22.9174	427.081
205.5	464.05	-36.9409	427.109
205.52	468.143	-41.0243	427.118
205.54	470.448	-43.3349	427.113
205.56	467.376	-40.3207	427.056
205.58	439.504	-12.389	427.115
205.6	456.199	-29.1189	427.08
205.62	468.443	-41.3757	427.067
205.64	460.363	-33.2612	427.101
205.66	464.706	-37.6469	427.059
205.68	449.313	-22.2365	427.076
205.7	441.374	-14.2761	427.098
205.72	464.649	-37.6037	427.045
205.74	475.646	-48.5959	427.05
205.76	477.099	-50.0784	427.021
205.78	456.62	-29.5361	427.084
205.8	469.784	-42.7656	427.019
205.82	467.635	-40.5921	427.043
205.84	459.98	-32.9227	427.057
205.86	465.277	-38.2237	427.054
205.88	473.493	-46.4342	427.058
205.9	467.444	-40.3728	427.071
205.92	465.143	-38.1379	427.005
205.94	456.077	-28.9809	427.096
205.96	469.178	-42.1126	427.065
205.98	463.233	-36.1664	427.067
206	451.915	-24.8275	427.088
206.02	458.344	-31.2898	427.054
206.04	461.677	-34.6318	427.046
206.06	442.584	-15.4769	427.107
206.08	449.633	-22.5542	427.079
206.1	451.435	-24.3667	427.069
206.12	458.61	-31.5439	427.066
206.14	468.096	-41.05	427.046
206.16	461.372	-34.2866	427.085
206.18	467.337	-40.2535	427.084
206.2	471.407	-44.3355	427.071
206.22	469.614	-42.5507	427.063
206.24	463.434	-36.3922	427.042
206.26	450.225	-23.1978	427.027
206.28	448.021	-20.9764	427.045
206.3	464.091	-37.0648	427.026
206.32	470.161	-43.167	426.994
206.34	474.622	-47.6507	426.971
206.36	469.384	-42.3896	426.995
206.38	463.879	-36.8069	427.072
206.4	471.811	-44.7553	427.056
206.42	471.547	-44.4783	427.068
206.44	472.095	-45.0329	427.062
206.46	460.492	-33.4174	427.075
206.48	454.018	-26.9655	427.052
206.5	472.285	-45.2496	427.035
206.52	476.335	-49.3054	427.029
206.54	462.984	-35.9646	427.019
206.56	442.429	-15.406	427.023
206.58	455.582	-28.6229	426.96
206.6	463.576	-36.6233	426.953
206.62	460.275	-33.3138	426.961
206.64	461.097	-34.1312	426.965
206.66	465.553	-38.6111	426.942
206.68	470.797	-43.8259	426.971
206.7	473.962	-46.9941	426.968
206.72	476.013	-49.02	426.993
206.74	475.225	-48.2332	426.992
206.76	475.511	-48.5572	426.954
206.78	461.696	-34.7078	426.988
206.8	453.585	-26.5852	427
206.82	463.518	-36.5391	426.978
206.84	467.858	-40.8686	426.989
206.86	473.263	-46.2646	426.998
206.88	470.45	-43.4709	426.979
206.9	457.09	-30.1052	426.985
206.92	447.019	-20.0305	426.988
206.94	452.586	-25.641	426.945
206.96	469.289	-42.3688	426.92
206.98	470.458	-43.4973	426.961
207	466.819	-39.853	426.966
207.02	470.3	-43.3421	426.958
207.04	465.194	-38.2712	426.923
207.06	450.917	-23.9449	426.972
207.08	438.822	-11.8447	426.977
207.1	439.766	-12.7877	426.979
207.12	448.407	-21.4155	426.991
207.14	464.742	-37.7432	426.999
207.16	459.198	-32.2118	426.986
207.18	453.794	-26.8052	426.989
207.2	466.673	-39.665	427.008
207.22	466.308	-39.3106	426.997
207.24	466.091	-39.106	426.985
207.26	470.251	-43.277	426.974
207.28	471.137	-44.1459	426.991
207.3	460.632	-33.6374	426.995
207.32	445.516	-18.4874	427.028
207.34	453.116	-26.0853	427.031
207.36	464.088	-37.0785	427.009
207.38	455.728	-28.7429	426.985
207.4	459.074	-32.0909	426.983
207.42	464.525	-37.4873	427.037
207.44	462.525	-35.5126	427.012
207.46	445.771	-18.7379	427.033
207.48	452.243	-25.246	426.997
207.5	454.364	-27.3747	426.99
207.52	452.096	-25.1039	426.992
207.54	448.288	-21.3241	426.964
207.56	448.67	-21.6783	426.992
207.58	464.249	-37.2812	426.968
207.6	461.105	-34.0785	427.027
207.62	469.224	-42.2212	427.003
207.64	455.246	-28.2092	427.037
207.66	458.027	-31.0283	426.999
207.68	446.6	-19.5558	427.044
207.7	465.412	-38.4391	426.973
207.72	467.843	-40.8177	427.025
207.74	458.443	-31.3883	427.054
207.76	459.809	-32.7976	427.012
207.78	462.694	-35.6928	427.001
207.8	451.096	-24.0403	427.056
207.82	469.389	-42.3805	427.008
207.84	474.49	-47.4545	427.036
207.86	459.312	-32.2224	427.089
207.88	467.411	-40.3777	427.034
207.9	464.592	-37.5427	427.049
207.92	453.835	-26.7546	427.08
207.94	452.13	-25.0674	427.062
207.96	466.135	-39.0786	427.056
207.98	469.06	-41.97	427.09
208	469.175	-42.0823	427.092
208.02	472.694	-45.5983	427.096
208.04	475.004	-47.8904	427.113
208.06	471.908	-44.803	427.105
208.08	468.715	-41.5992	427.116
208.1	474.697	-47.5757	427.122
208.12	477.306	-50.1876	427.119
208.14	474.934	-47.8568	427.077
208.16	460.654	-33.5471	427.107
208.18	460.019	-32.95	427.069
208.2	458.817	-31.6839	427.133
208.22	471.669	-44.5935	427.076
208.24	468.786	-41.6969	427.089
208.26	462.662	-35.5508	427.111
208.28	463.214	-36.0889	427.126
208.3	468.464	-41.3509	427.113
208.32	464.952	-37.8413	427.111
208.34	448.808	-21.635	427.173
208.36	470.349	-43.2202	427.128
208.38	473.281	-46.1043	427.176
208.4	472.674	-45.5036	427.17
208.42	466.966	-39.8108	427.156
208.44	459.676	-32.529	427.147
208.46	458.61	-31.4973	427.113
208.48	454.85	-27.7571	427.093
208.5	462.091	-35.019	427.072
208.52	463.737	-36.6204	427.117
208.54	464.754	-37.6378	427.116
208.56	463.755	-36.6222	427.133
208.58	466.019	-38.8919	427.128
208.6	467.188	-40.0512	427.137
208.62	466.456	-39.3084	427.148
208.64	463.331	-36.188	427.143
208.66	450.317	-23.1385	427.179
208.68	466.431	-39.3068	427.125
208.7	465.738	-38.6094	427.129
208.72	458.353	-31.1913	427.162
208.74	460.328	-33.1619	427.166
208.76	462.757	-35.562	427.195
208.78	465.595	-38.3836	427.211
208.8	466.174	-38.9702	427.204
208.82	466.983	-39.8009	427.182
208.84	466.622	-39.4224	427.2
208.86	457.337	-30.1654	427.171
208.88	446.368	-19.1711	427.197
208.9	455.597	-28.463	427.134
208.92	455.824	-28.6639	427.16
208.94	464.828	-37.6862	427.142
208.96	469.569	-42.4063	427.163
208.98	461.878	-34.7197	427.158
209	457.085	-29.9264	427.159
209.02	465.213	-38.0352	427.178
209.04	464.958	-37.7705	427.188
209.06	459.133	-31.921	427.212
209.08	462.715	-35.5052	427.209
209.1	461.574	-34.3792	427.195
209.12	449.047	-21.8334	427.214
209.14	450.986	-23.7812	427.205
209.16	466.064	-38.9097	427.155
209.18	464.792	-37.6259	427.166
209.2	442.038	-14.823	427.216
209.22	451.303	-24.1236	427.18
209.24	465.941	-38.7731	427.168
209.26	464.751	-37.5733	427.177
209.28	465.511	-38.3305	427.18
209.3	471.716	-44.559	427.157
209.32	473.545	-46.3673	427.178
209.34	473.365	-46.2024	427.162
209.36	472.326	-45.1338	427.192
209.38	467.229	-40.0556	427.173
209.4	459.146	-31.9514	427.195
209.42	459.974	-32.8227	427.151
209.44	443.346	-16.1393	427.207
209.46	442.096	-14.8992	427.197
209.48	452.203	-25.0193	427.184
209.5	449.086	-21.8587	427.228
209.52	456.661	-29.4753	427.186
209.54	448.303	-21.111	427.192
209.56	463.927	-36.7855	427.141
209.58	462.222	-35.0526	427.169
209.6	454.748	-27.5897	427.158
209.62	456.167	-29.032	427.135
209.64	455.247	-28.1138	427.133
209.66	461.151	-34.0114	427.139
209.68	471.865	-44.7437	427.122
209.7	475.086	-47.9652	427.121
209.72	473.379	-46.2457	427.134
209.74	465.284	-38.1481	427.136
209.76	462.301	-35.1564	427.145
209.78	467.14	-39.9935	427.147
209.8	470.286	-43.1564	427.13
209.82	462.981	-35.8426	427.139
209.84	439.9	-12.7827	427.117
209.86	449.382	-22.3129	427.07
209.88	461.247	-34.1403	427.107
209.9	465.02	-37.9456	427.074
209.92	458.66	-31.5472	427.113
209.94	459.636	-32.5441	427.092
209.96	439.748	-12.6377	427.11
209.98	457.098	-29.999	427.099
210	470.862	-43.7258	427.136
210.02	471.698	-44.5655	427.133
210.04	462.959	-35.8416	427.117
210.06	458.395	-31.2509	427.144
210.08	460.982	-33.8229	427.159
210.1	466.595	-39.4202	427.174
210.12	470.445	-43.2961	427.149
210.14	472.573	-45.4281	427.145
210.16	473.78	-46.618	427.162
210.18	473.571	-46.4247	427.146
210.2	464.721	-37.5916	427.13
210.22	455.406	-28.2648	427.141
210.24	450.629	-23.4995	427.129
210.26	437.512	-10.3443	427.168
210.28	451.636	-24.4872	427.148
210.3	467.816	-40.668	427.148
210.32	461.291	-34.1368	427.154
210.34	437.361	-10.1446	427.217
210.36	464.614	-37.5082	427.106
210.38	463.99	-36.823	427.167
210.4	461.24	-34.0655	427.175
210.42	466.68	-39.5061	427.174
210.44	467.183	-40.0518	427.131
210.46	458.666	-31.5392	427.127
210.48	446.398	-19.2508	427.148
210.5	454.697	-27.5403	427.157
210.52	463.988	-36.863	427.125
210.54	449.199	-22.0445	427.154
210.56	448.175	-21.029	427.146
210.58	471.38	-44.3037	427.077
210.6	474.021	-46.9317	427.089
210.62	463.754	-36.6453	427.108
210.64	449.844	-22.7209	427.123
210.66	450.311	-23.1714	427.14
210.68	456.65	-29.5233	427.127
210.7	455.168	-27.9886	427.18
210.72	466.067	-38.9223	427.145
210.74	469.232	-42.0679	427.164
210.76	464.143	-36.9936	427.149
210.78	459.579	-32.4463	427.132
210.8	454.908	-27.7435	427.165
210.82	472.868	-45.7157	427.152
210.84	476.821	-49.6301	427.191
210.86	464.009	-36.7921	427.217
210.88	458.065	-30.8517	427.213
210.9	458.429	-31.2153	427.214
210.92	467.606	-40.3947	427.212
210.94	476.072	-48.8579	427.214
210.96	475.681	-48.4845	427.196
210.98	467.329	-40.1292	427.2
211	462.316	-35.1458	427.17
211.02	454.108	-26.9262	427.182
211.04	457.738	-30.5839	427.154
211.06	461.261	-34.1184	427.143
211.08	457.533	-30.3803	427.152
211.1	461.22	-34.0552	427.165
211.12	464.462	-37.2981	427.164
211.14	465.04	-37.8558	427.184
211.16	466.799	-39.6511	427.148
211.18	466.265	-39.1095	427.155
211.2	464.888	-37.7379	427.15
211.22	464.323	-37.1704	427.153
211.24	466.886	-39.7249	427.161
211.26	469.06	-41.8777	427.182
211.28	469.303	-42.1517	427.152
211.3	470.197	-43.0368	427.16
211.32	469.213	-42.0352	427.178
211.34	462.764	-35.5841	427.179
211.36	456.508	-29.3329	427.175
211.38	459.107	-31.9458	427.162
211.4	461.569	-34.407	427.162
211.42	457.67	-30.4749	427.195
211.44	464.334	-37.1632	427.171
211.46	462.009	-34.859	427.15
211.48	450.468	-23.3171	427.151
211.5	458.288	-31.1367	427.151
211.52	467.325	-40.2095	427.116
211.54	466.084	-38.9787	427.105
211.56	446.806	-19.7028	427.103
211.58	444.657	-17.5254	427.132
211.6	462.542	-35.4219	427.12
211.62	467	-39.8571	427.142
211.64	466.929	-39.8041	427.125
211.66	463.568	-36.4499	427.119
211.68	463.175	-36.0365	427.138
211.7	466.138	-39.0397	427.098
211.72	457.73	-30.628	427.102
211.74	457.631	-30.5486	427.083
211.76	459.007	-31.9318	427.076
211.78	449.131	-22.0562	427.075
211.8	447.466	-20.3909	427.075
211.82	463.134	-36.0782	427.055
211.84	453.827	-26.7723	427.054
211.86	440.08	-13.0575	427.023
211.88	433.913	-6.85284	427.06
211.9	459.676	-32.6328	427.043
211.92	466.037	-39.0002	427.036
211.94	467.174	-40.1483	427.026
211.96	456.005	-28.9568	427.048
211.98	454.563	-27.5646	426.998
212	451.574	-24.5581	427.016
212.02	458.9	-31.9109	426.989
212.04	449.184	-22.1918	426.992
212.06	444.301	-17.2755	427.025
212.08	452.631	-25.5588	427.072
212.1	461.065	-33.9873	427.077
212.12	457.668	-30.5831	427.085
212.14	454.396	-27.3145	427.082
212.16	461.9	-34.8323	427.067
212.18	452.901	-25.778	427.123
212.2	461.317	-34.2011	427.115
212.22	462.138	-35.0371	427.101
212.24	452.229	-25.0972	427.132
212.26	445.441	-18.354	427.087
212.28	450.09	-22.9816	427.108
212.3	464.245	-37.1505	427.094
212.32	463.054	-35.9755	427.078
212.34	451.719	-24.6181	427.101
212.36	459.508	-32.464	427.044
212.38	450.818	-23.796	427.022
212.4	452.775	-25.7679	427.007
212.42	455.608	-28.5662	427.042
212.44	442.033	-14.9523	427.08
212.46	448.145	-21.0665	427.079
212.48	456.329	-29.2538	427.075
212.5	460.344	-33.2127	427.131
212.52	472.646	-45.525	427.121
212.54	473.61	-46.4964	427.113
212.56	462.449	-35.3673	427.082
212.58	449.723	-22.6721	427.051
212.6	437.216	-10.1457	427.07
212.62	442.424	-15.3699	427.054
212.64	449.309	-22.2739	427.036
212.66	457.511	-30.4673	427.044
212.68	466.189	-39.1704	427.019
212.7	459.941	-32.9157	427.025
212.72	447.673	-20.6209	427.052
212.74	463.081	-36.0761	427.005
212.76	467.737	-40.7224	427.014
212.78	451.302	-24.2424	427.059
212.8	460.852	-33.8706	426.981
212.82	446.16	-19.1302	427.03
212.84	457.647	-30.6357	427.011
212.86	469.249	-42.2435	427.005
212.88	456.225	-29.2087	427.016
212.9	455.413	-28.385	427.028
212.92	464.796	-37.7944	427.002
212.94	460.587	-33.5445	427.042
212.96	470.646	-43.5829	427.063
212.98	462.313	-35.231	427.082
213	455.054	-27.9799	427.074
213.02	451.49	-24.428	427.062
213.04	452.093	-25.0197	427.073
213.06	461.651	-34.6042	427.046
213.08	466.737	-39.6929	427.044
213.1	471.692	-44.6246	427.068
213.12	475.989	-48.9077	427.082
213.14	460.209	-33.1429	427.066
213.16	445.686	-18.5984	427.088
213.18	464.373	-37.3286	427.045
213.2	473.969	-46.9169	427.052
213.22	472.433	-45.3818	427.052
213.24	465.363	-38.2926	427.07
213.26	457.296	-30.2159	427.08
213.28	452.706	-25.6194	427.086
213.3	458.214	-31.1226	427.092
213.32	466.036	-38.9626	427.073
213.34	469.65	-42.5595	427.09
213.36	467.975	-40.8896	427.086
213.38	463.634	-36.5151	427.119
213.4	464.556	-37.4665	427.089
213.42	462.798	-35.6872	427.11
213.44	461.235	-34.129	427.106
213.46	462.67	-35.5933	427.077
213.48	457.528	-30.4634	427.065
213.5	451.827	-24.7793	427.047
213.52	460.026	-32.9891	427.037
213.54	456.161	-29.0864	427.074
213.56	456.201	-29.1152	427.086
213.58	457.717	-30.6295	427.088
213.6	458.782	-31.7072	427.074
213.62	464.486	-37.4083	427.078
213.64	468.131	-41.0753	427.056
213.66	471.429	-44.3464	427.083
213.68	467.465	-40.3728	427.092
213.7	462.329	-35.2359	427.093
213.72	461.306	-34.2157	427.09
213.74	462.204	-35.1232	427.081
213.76	458.413	-31.3451	427.068
213.78	453.028	-25.959	427.069
213.8	463.791	-36.733	427.058
213.82	466.915	-39.8152	427.1
213.84	470.718	-43.6127	427.105
213.86	468.368	-41.2751	427.092
213.88	460.745	-33.6019	427.143
213.9	463.168	-36.053	427.115
213.92	448.276	-21.11	427.166
213.94	454.058	-26.9329	427.125
213.96	454.91	-27.737	427.173
213.98	461.534	-34.3863	427.148
214	463.804	-36.6811	427.123
214.02	457.872	-30.7332	427.139
214.04	449.796	-22.6378	427.159
214.06	463.458	-36.3576	427.101
214.08	452.251	-25.1385	427.113
214.1	449.49	-22.3625	427.127
214.12	463.948	-36.8529	427.095
214.14	451.855	-24.7392	427.116
214.16	460.793	-33.6933	427.1
214.18	468.555	-41.4304	427.125
214.2	444.156	-17.0321	427.124
214.22	455.45	-28.3955	427.054
214.24	460.461	-33.3563	427.105
214.26	455.503	-28.3919	427.111
214.28	448.951	-21.8871	427.064
214.3	443.48	-16.3506	427.13
214.32	460.63	-33.5264	427.104
214.34	462.242	-35.114	427.128
214.36	462.919	-35.7986	427.12
214.38	464.534	-37.4036	427.131
214.4	465.171	-38.0693	427.101
214.42	458.792	-31.6729	427.119
214.44	457.591	-30.5072	427.084
214.46	437.35	-10.1775	427.173
214.48	454.187	-27.0786	427.108
214.5	453.572	-26.4563	427.115
214.52	458.767	-31.6306	427.137
214.54	470.475	-43.3568	427.118
214.56	473.31	-46.1947	427.116
214.58	474.352	-47.2383	427.114
214.6	470.228	-43.1391	427.089
214.62	464.362	-37.2584	427.104
214.64	466.486	-39.3948	427.091
214.66	462.941	-35.8247	427.116
214.68	463.188	-36.0865	427.102
214.7	455.016	-27.895	427.121
214.72	446.564	-19.464	427.1
214.74	465.392	-38.3172	427.075
214.76	476.632	-49.5488	427.083
214.78	474.392	-47.3428	427.049
214.8	460.432	-33.3518	427.08
214.82	461.448	-34.3903	427.058
214.84	460.716	-33.6467	427.07
214.86	443.277	-16.1827	427.094
214.88	445.489	-18.3867	427.102
214.9	468.596	-41.4899	427.106
214.92	473.827	-46.7256	427.101
214.94	472.79	-45.6888	427.101
214.96	472.456	-45.3428	427.113
214.98	468.688	-41.5762	427.112
215	461.912	-34.8053	427.107
215.02	459.125	-32.0205	427.104
215.04	468.688	-41.5997	427.089
215.06	466.85	-39.7483	427.102
215.08	461.813	-34.7211	427.092
215.1	447.592	-20.4454	427.146
215.12	450.986	-23.8491	427.137
215.14	460.087	-33.0013	427.086
215.16	459.495	-32.3921	427.103
215.18	456.375	-29.2749	427.101
215.2	459.28	-32.1693	427.111
215.22	466.538	-39.4567	427.082
215.24	463.716	-36.6108	427.105
215.26	472.619	-45.5418	427.077
215.28	474.222	-47.1236	427.098
215.3	468.46	-41.3693	427.09
215.32	445.4	-18.2834	427.116
215.34	442.143	-15.029	427.114
215.36	454.175	-27.064	427.111
215.38	456.991	-29.8783	427.113
215.4	454.267	-27.1426	427.124
215.42	463.141	-36.0284	427.113
215.44	470.028	-42.8873	427.141
215.46	474.682	-47.5253	427.157
215.48	475.853	-48.6845	427.169
215.5	472.871	-45.6968	427.174
215.52	466.614	-39.4507	427.164
215.54	460.766	-33.5979	427.168
215.56	461.101	-33.9592	427.141
215.58	465.496	-38.3396	427.156
215.6	469.063	-41.9454	427.117
215.62	469.412	-42.2898	427.122
215.64	465.551	-38.4307	427.12
215.66	456.314	-29.2157	427.099
215.68	451.032	-23.9371	427.095
215.7	456.432	-29.3813	427.051
215.72	454.887	-27.8239	427.063
215.74	457.413	-30.3303	427.082
215.76	458.263	-31.1915	427.072
215.78	462.201	-35.1202	427.081
215.8	465.085	-38.0305	427.055
215.82	463.851	-36.814	427.037
215.84	459.923	-32.8767	427.046
215.86	455.359	-28.2798	427.079
215.88	455.35	-28.2496	427.101
215.9	462.25	-35.2072	427.043
215.92	445.982	-18.8634	427.119
215.94	457.545	-30.4694	427.075
215.96	462.815	-35.7332	427.082
215.98	462.997	-35.9213	427.076
216	461.699	-34.6074	427.091
216.02	459.512	-32.4195	427.093
216.04	455.328	-28.2414	427.086
216.06	450.909	-23.8339	427.075
216.08	450.877	-23.7799	427.097
216.1	463.346	-36.2775	427.069
216.12	466.174	-39.1	427.074
216.14	464.702	-37.6102	427.092
216.16	463.988	-36.9197	427.068
216.18	452.616	-25.5292	427.087
216.2	445.392	-18.3496	427.042
216.22	440.595	-13.4966	427.099
216.24	465.422	-38.3759	427.046
216.26	466.109	-39.0387	427.071
216.28	450.981	-23.8996	427.081
216.3	442.449	-15.337	427.112
216.32	462.344	-35.2596	427.085
216.34	465.418	-38.3333	427.084
216.36	461.765	-34.677	427.088
216.38	460.271	-33.1612	427.11
216.4	462.097	-34.9858	427.111
216.42	470.138	-43.0283	427.11
216.44	473.04	-45.9449	427.095
216.46	461.803	-34.7136	427.089
216.48	458.255	-31.1629	427.092
216.5	467.471	-40.3853	427.085
216.52	471.224	-44.1273	427.096
216.54	472.111	-44.9891	427.122
216.56	467.666	-40.57	427.095
216.58	453.993	-26.8541	427.139
216.6	460.915	-33.8365	427.079
216.62	460.908	-33.7808	427.127
216.64	460.78	-33.6605	427.12
216.66	467.789	-40.661	427.128
216.68	471.301	-44.1883	427.112
216.7	471.853	-44.7216	427.132
216.72	471.714	-44.6091	427.105
216.74	467.947	-40.8297	427.117
216.76	465.415	-38.2973	427.118
216.78	460.517	-33.3754	427.142
216.8	463.944	-36.8017	427.142
216.82	463.521	-36.3962	427.125
216.84	448.557	-21.4098	427.147
216.86	458.052	-30.9358	427.117
216.88	470.982	-43.8759	427.106
216.9	473.222	-46.1688	427.053
216.92	467.698	-40.6353	427.063
216.94	464.046	-36.9693	427.076
216.96	453.714	-26.6351	427.079
216.98	453.109	-25.9978	427.112
217	464.473	-37.3506	427.123
217.02	471.317	-44.1963	427.121
217.04	470.995	-43.8851	427.11
217.06	470.681	-43.5694	427.111
217.08	470.988	-43.9172	427.071
217.1	460.154	-33.0584	427.096
217.12	462.395	-35.3154	427.08
217.14	468.845	-41.7578	427.087
217.16	473.204	-46.1067	427.098
217.18	468.176	-41.0637	427.113
217.2	456.621	-29.519	427.102
217.22	453.493	-26.375	427.118
217.24	459.62	-32.5186	427.102
217.26	464.769	-37.682	427.087
217.28	467.449	-40.3931	427.055
217.3	466.082	-39.0413	427.04
217.32	456.048	-28.9702	427.078
217.34	464.505	-37.4575	427.048
217.36	472.123	-45.0821	427.041
217.38	469.183	-42.1435	427.04
217.4	447.847	-20.7787	427.068
217.42	448.627	-21.5572	427.07
217.44	464.919	-37.8539	427.065
217.46	466.936	-39.8711	427.064
217.48	466.195	-39.1268	427.068
217.5	469.424	-42.3631	427.061
217.52	465.77	-38.7044	427.065
217.54	456.786	-29.7671	427.019
217.56	447.031	-19.9863	427.045
217.58	456.181	-29.1611	427.02
217.6	459.016	-31.9901	427.026
217.62	457.547	-30.5413	427.006
217.64	447.435	-20.4017	427.034
217.66	452.096	-25.085	427.011
217.68	466.559	-39.5828	426.977
217.7	457.864	-30.8233	427.041
217.72	464.581	-37.594	426.987
217.74	456.084	-29.0845	426.999
217.76	458.61	-31.6296	426.98
217.78	459.942	-32.9494	426.993
217.8	453.094	-26.114	426.98
217.82	449.438	-22.4434	426.995
217.84	456.159	-29.1803	426.979
217.86	461.668	-34.671	426.997
217.88	442.977	-15.9485	427.029
217.9	440.652	-13.6229	427.029
217.92	444.477	-17.4539	427.023
217.94	437.85	-10.7995	427.051
217.96	444.457	-17.4117	427.046
217.98	448.413	-21.3195	427.093
218	467.996	-40.9019	427.094
218.02	471.889	-44.7821	427.107
218.04	464.74	-37.6017	427.138
218.06	452.979	-25.8455	427.133
218.08	459.563	-32.4825	427.081
218.1	456.354	-29.2035	427.151
218.12	467.7	-40.5731	427.127
218.14	466.401	-39.2854	427.116
218.16	455.73	-28.5554	427.175
218.18	467.799	-40.6251	427.174
218.2	469.957	-42.7722	427.185
218.22	462.158	-34.9736	427.184
218.24	448.971	-21.745	427.226
218.26	450.362	-23.1314	427.231
218.28	463.917	-36.7104	427.207
218.3	468.792	-41.5926	427.199
218.32	462.743	-35.5351	427.208
218.34	467.07	-39.8919	427.178
218.36	465.851	-38.6993	427.152
218.38	458.348	-31.1683	427.18
218.4	465.633	-38.4886	427.144
218.42	468.614	-41.4281	427.186
218.44	465.066	-37.893	427.173
218.46	448.654	-21.4576	427.197
218.48	463.04	-35.8674	427.173
218.5	472.347	-45.155	427.192
218.52	472.943	-45.7722	427.171
218.54	468.575	-41.4005	427.174
218.56	466.271	-39.0713	427.2
218.58	476.159	-48.9784	427.181
218.6	475.696	-48.53	427.166
218.62	466.23	-39.0701	427.16
218.64	461.531	-34.3828	427.148
218.66	453.452	-26.3032	427.149
218.68	453.575	-26.4573	427.118
218.7	450.506	-23.395	427.111
218.72	443.501	-16.3803	427.121
218.74	447.348	-20.2439	427.104
218.76	460.656	-33.5607	427.095
218.78	472.565	-45.466	427.099
218.8	473.13	-46.0111	427.119
218.82	473.008	-45.8803	427.127
218.84	468.424	-41.297	427.127
218.86	465.655	-38.5157	427.139
218.88	465.972	-38.8553	427.117
218.9	456.895	-29.7409	427.154
218.92	464.23	-37.1005	427.13
218.94	452.433	-25.2643	427.169
218.96	464.209	-37.0888	427.121
218.98	471.386	-44.2588	427.127
219	469.179	-42.0534	427.126
219.02	468.73	-41.603	427.127
219.04	467.346	-40.2506	427.095
219.06	456.189	-29.1158	427.073
219.08	460.814	-33.7558	427.058
219.1	468.807	-41.7687	427.039
219.12	462.309	-35.2627	427.047
219.14	458.52	-31.4578	427.062
219.16	471.601	-44.5485	427.053
219.18	468.007	-40.933	427.074
219.2	464.711	-37.6488	427.062
219.22	468.285	-41.2385	427.046
219.24	470.852	-43.7919	427.06
219.26	473.625	-46.6004	427.024
219.28	472.903	-45.884	427.019
219.3	467.198	-40.1449	427.053
219.32	466.562	-39.5453	427.017
219.34	463.511	-36.5081	427.003
219.36	462.471	-35.4977	426.973
219.38	441.754	-14.8094	426.945
219.4	437.95	-10.9791	426.971
219.42	469.899	-42.9437	426.955
219.44	474.868	-47.8939	426.974
219.46	470.07	-43.082	426.988
219.48	463.523	-36.5304	426.993
219.5	456.644	-29.6689	426.975
219.52	463.202	-36.2387	426.963
219.54	470.74	-43.7571	426.983
219.56	477.124	-50.1606	426.963
219.58	481.847	-54.8974	426.95
219.6	475.853	-48.9112	426.942
219.62	461.611	-34.6433	426.967
219.64	453.101	-26.1711	426.93
219.66	436.527	-9.59897	426.928
219.68	441.831	-14.9081	426.923
219.7	472.241	-45.3435	426.898
219.72	472.094	-45.1086	426.985
219.74	474.284	-47.2937	426.99
219.76	474.043	-47.0482	426.995
219.78	466.08	-39.0485	427.031
219.8	473.566	-46.5721	426.994
219.82	471.832	-44.8344	426.998
219.84	461.098	-34.1037	426.994
219.86	461.297	-34.2891	427.007
219.88	461.82	-34.837	426.983
219.9	457.533	-30.5624	426.971
219.92	452.018	-25.0327	426.986
219.94	463.056	-36.0812	426.975
219.96	465.376	-38.3426	427.033
219.98	470.162	-43.121	427.041
220	473.38	-46.3131	427.067
220.02	472.937	-45.8589	427.078
220.04	457.407	-30.3139	427.093
220.06	464.939	-37.8779	427.062
220.08	468.326	-41.2555	427.07
220.1	470.722	-43.6487	427.073
220.12	468.957	-41.8991	427.058
220.14	459.33	-32.2376	427.093
220.16	459.28	-32.2326	427.047
220.18	451.918	-24.8502	427.067
220.2	462.527	-35.4946	427.032
220.22	470.553	-43.514	427.039
220.24	471.875	-44.8479	427.027
220.26	471.81	-44.7464	427.064
220.28	467.342	-40.3232	427.018
220.3	446.26	-19.1993	427.061
220.32	439.858	-12.8261	427.032
220.34	452.128	-25.1133	427.015
220.36	457.551	-30.5527	426.998
220.38	453.407	-26.3812	427.026
220.4	467.816	-40.8081	427.008
220.42	469.292	-42.2867	427.006
220.44	461.127	-34.0786	427.049
220.46	470.095	-43.0827	427.012
220.48	467.715	-40.7456	426.97
220.5	456.219	-29.2586	426.961
220.52	449.843	-22.8829	426.96
220.54	458.94	-31.9966	426.943
220.56	463.977	-37.0186	426.959
220.58	459.357	-32.4279	426.929
220.6	436.726	-9.74139	426.985
220.62	465.757	-38.8589	426.898
220.64	479.047	-52.118	426.929
220.66	477.768	-50.8263	426.942
220.68	473.036	-46.069	426.968
220.7	464.107	-37.1556	426.952
220.72	447.227	-20.2414	426.986
220.74	459.98	-33.0219	426.958
220.76	464.512	-37.5618	426.95
220.78	459.791	-32.8332	426.958
220.8	459.614	-32.644	426.97
220.82	460.882	-33.8916	426.991
220.84	449.526	-22.4926	427.033
220.86	459.623	-32.5821	427.041
220.88	475.349	-48.3173	427.032
220.9	469.022	-42.005	427.017
220.92	448.86	-21.8442	427.016
220.94	446.43	-19.3991	427.031
220.96	460.963	-33.9551	427.008
220.98	456.367	-29.3358	427.032
221	463.192	-36.1566	427.035
221.02	468.793	-41.7473	427.046
221.04	467.004	-39.9464	427.057
221.06	462.829	-35.8371	426.992
221.08	446.706	-19.69	427.016
221.1	463.912	-36.9247	426.987
221.12	467.752	-40.7395	427.013
221.14	461.41	-34.3608	427.049
221.16	458.618	-31.5397	427.078
221.18	462.218	-35.1138	427.104
221.2	457.66	-30.5859	427.074
221.22	449.038	-21.9651	427.073
221.24	448.874	-21.808	427.066
221.26	459.253	-32.2275	427.026
221.28	457.152	-30.1509	427.001
221.3	436.465	-9.36563	427.099
221.32	457.602	-30.5652	427.037
221.34	453.632	-26.5478	427.084
221.36	453.177	-26.0757	427.101
221.38	458.397	-31.2994	427.098
221.4	463.084	-35.9711	427.113
221.42	468.63	-41.5173	427.113
221.44	471.849	-44.7381	427.111
221.46	463.233	-36.1127	427.12
221.48	451.474	-24.3639	427.11
221.5	461.058	-33.963	427.095
221.52	460.596	-33.4527	427.143
221.54	463.698	-36.5381	427.16
221.56	468.214	-41.0852	427.129
221.58	466.952	-39.7927	427.16
221.6	464.601	-37.4412	427.16
221.62	467.992	-40.8167	427.176
221.64	466.048	-38.8501	427.198
221.66	465.515	-38.3049	427.21
221.68	468.537	-41.341	427.196
221.7	467.21	-40.0211	427.189
221.72	464.1	-36.9419	427.158
221.74	456.374	-29.2105	427.164
221.76	448.49	-21.279	427.211
221.78	459.545	-32.3797	427.165
221.8	466.968	-39.7657	427.203
221.82	473.225	-46.0389	427.186
221.84	467.01	-39.8165	427.194
221.86	465.01	-37.8477	427.163
221.88	466.045	-38.9281	427.117
221.9	465.518	-38.4054	427.113
221.92	460.374	-33.2697	427.105
221.94	455.983	-28.8337	427.149
221.96	468.441	-41.3135	427.128
221.98	473.2	-46.0618	427.138
222	468.3	-41.1588	427.141
222.02	470.156	-43.0207	427.135
222.04	468.995	-41.83	427.165
222.06	461.819	-34.6787	427.14
222.08	442.832	-15.7226	427.109
222.1	449.265	-22.1868	427.079
222.12	459.963	-32.8937	427.069
222.14	465.212	-38.1705	427.041
222.16	459.981	-32.9553	427.026
222.18	450.271	-23.2309	427.04
222.2	463.743	-36.7183	427.024
222.22	474.498	-47.4805	427.018
222.24	479.701	-52.7042	426.997
222.26	475.037	-48.0535	426.983
222.28	459.671	-32.7089	426.962
222.3	459.376	-32.41	426.966
222.32	476.153	-49.2268	426.926
222.34	479.035	-52.119	426.916
222.36	473.468	-46.5464	426.922
222.38	464.358	-37.3949	426.963
222.4	462.553	-35.5881	426.965
222.42	466.022	-39.0441	426.978
222.44	465.394	-38.4085	426.985
222.46	464.985	-38.0156	426.969
222.48	464.244	-37.2863	426.958
222.5	467.756	-40.7991	426.957
222.52	476.093	-49.1572	426.936
222.54	468.125	-41.1954	426.93
222.56	454.258	-27.3345	426.924
222.58	463.931	-37.0216	426.91
222.6	472.278	-45.3783	426.899
222.62	475.354	-48.4293	426.924
222.64	473.952	-47.0465	426.906
222.66	466.442	-39.5269	426.915
222.68	469.605	-42.7327	426.872
222.7	460.941	-34.0707	426.87
222.72	450.456	-23.544	426.912
222.74	453.166	-26.2747	426.891
222.76	446.863	-19.9567	426.906
222.78	456.531	-29.6437	426.887
222.8	469.751	-42.8585	426.893
222.82	469.288	-42.364	426.924
222.84	472.125	-45.2002	426.925
222.86	470.44	-43.5254	426.915
222.88	463.963	-37.0305	426.933
222.9	458.64	-31.6806	426.96
222.92	466.498	-39.5904	426.908
222.94	463.337	-36.4307	426.906
222.96	464.862	-37.9826	426.879
222.98	457.504	-30.5933	426.911
223	459.315	-32.3987	426.916
223.02	463.127	-36.191	426.936
223.04	472.384	-45.4351	426.949
223.06	475.097	-48.1485	426.948
223.08	464.896	-37.9141	426.982
223.1	464.472	-37.4909	426.981
223.12	456.589	-29.6033	426.986
223.14	453.421	-26.4209	427
223.16	467.749	-40.8048	426.944
223.18	466.367	-39.4049	426.962
223.2	464.776	-37.8091	426.967
223.22	466.998	-40.0608	426.938
223.24	461.299	-34.3502	426.949
223.26	456.187	-29.2585	426.928
223.28	463.046	-36.0892	426.957
223.3	481.906	-54.9536	426.953
223.32	479.472	-52.5313	426.941
223.34	460.51	-33.5085	427.001
223.36	469.162	-42.2295	426.932
223.38	444.652	-17.7105	426.942
223.4	443.995	-17.0826	426.913
223.42	449.756	-22.8424	426.913
223.44	458.247	-31.3046	426.942
223.46	475.173	-48.2006	426.973
223.48	473.743	-46.7293	427.014
223.5	463.194	-36.195	426.999
223.52	453.254	-26.2224	427.031
223.54	460.928	-33.9081	427.02
223.56	466.326	-39.3145	427.012
223.58	469.813	-42.8045	427.008
223.6	466.209	-39.1985	427.011
223.62	447.733	-20.6825	427.05
223.64	440.798	-13.7095	427.088
223.66	456.185	-29.1456	427.039
223.68	456.013	-28.9177	427.095
223.7	467.925	-40.8739	427.051
223.72	473.824	-46.756	427.068
223.74	471.195	-44.1491	427.046
223.76	459.956	-32.9296	427.026
223.78	451.86	-24.8231	427.037
223.8	467.647	-40.6022	427.045
223.82	471.429	-44.3694	427.06
223.84	445.62	-18.5271	427.093
223.86	435.627	-8.55479	427.072
223.88	461.588	-34.565	427.023
223.9	466.524	-39.4618	427.062
223.92	454.589	-27.5361	427.053
223.94	450.984	-23.9497	427.034
223.96	458.457	-31.4299	427.027
223.98	456.462	-29.4349	427.027
224	450.199	-23.1444	427.054
224.02	461.958	-34.9463	427.012
224.04	463.806	-36.7964	427.01
224.06	459.797	-32.7793	427.018
224.08	457.483	-30.4639	427.019
224.1	444.445	-17.3975	427.048
224.12	465.614	-38.6331	426.981
224.14	469.538	-42.516	427.022
224.16	463.835	-36.8	427.035
224.18	461.519	-34.4833	427.036
224.2	459.482	-32.4314	427.051
224.22	464.686	-37.6271	427.059
224.24	468.806	-41.7575	427.048
224.26	464.374	-37.2994	427.075
224.28	467.48	-40.4368	427.043
224.3	462.046	-34.9682	427.078
224.32	461.225	-34.1535	427.071
224.34	451.281	-24.241	427.039
224.36	447.636	-20.5807	427.055
224.38	462.017	-34.9728	427.044
224.4	473.46	-46.4122	427.048
224.42	468.378	-41.3505	427.027
224.44	435.916	-8.85573	427.06
224.46	450.119	-23.1144	427.005
224.48	461.125	-34.1116	427.014
224.5	461.78	-34.7628	427.017
224.52	462.115	-35.0565	427.059
224.54	472.831	-45.7824	427.049
224.56	469.23	-42.1564	427.074
224.58	458.023	-30.9524	427.071
224.6	435.873	-8.82948	427.044
224.62	441.562	-14.5364	427.026
224.64	473.954	-46.9195	427.034
224.66	477.687	-50.6626	427.025
224.68	471.737	-44.7204	427.017
224.7	462.561	-35.5134	427.048
224.72	462.786	-35.7246	427.062
224.74	468.882	-41.8134	427.068
224.76	469.197	-42.1275	427.07
224.78	474.558	-47.4863	427.072
224.8	469.639	-42.5523	427.087
224.82	459.685	-32.6075	427.077
224.84	450.266	-23.2274	427.038
224.86	447.01	-19.9787	427.032
224.88	440.892	-13.8422	427.05
224.9	442.232	-15.2042	427.028
224.92	455.645	-28.5899	427.055
224.94	456.818	-29.7617	427.056
224.96	462.914	-35.8489	427.065
224.98	469.601	-42.5282	427.073
225	464.943	-37.8817	427.061
225.02	451.863	-24.7196	427.143
225.04	463.987	-36.9023	427.085
225.06	467.144	-40.0196	427.124
225.08	464.452	-37.327	427.125
225.1	460.912	-33.7769	427.135
225.12	465.993	-38.855	427.138
225.14	469.571	-42.4309	427.14
225.16	470.886	-43.7591	427.127
225.18	465.602	-38.4986	427.104
225.2	447.347	-20.1944	427.152
225.22	458.348	-31.2532	427.094
225.24	458.897	-31.8111	427.086
225.26	447.034	-19.8683	427.166
225.28	467.342	-40.2359	427.106
225.3	474.54	-47.4098	427.13
225.32	473.348	-46.2241	427.123
225.34	464.229	-37.1211	427.108
225.36	450.211	-23.0862	427.125
225.38	454.645	-27.52	427.125
225.4	465.645	-38.5009	427.144
225.42	466.36	-39.2069	427.153
225.44	468.873	-41.685	427.188
225.46	466.921	-39.724	427.197
225.48	464.901	-37.7304	427.171
225.5	467.641	-40.492	427.149
225.52	464.614	-37.4537	427.16
225.54	472.004	-44.8702	427.133
225.56	475.645	-48.5155	427.129
225.58	475.962	-48.8328	427.129
225.6	473.171	-46.0505	427.121
225.62	461.958	-34.8308	427.128
225.64	453.132	-26.043	427.089
225.66	460.601	-33.4847	427.116
225.68	469.526	-42.4232	427.103
225.7	468.111	-41.0012	427.11
225.72	460.184	-33.0955	427.088
225.74	453.234	-26.1731	427.061
225.76	439.471	-12.3406	427.131
225.78	454.059	-26.9855	427.074
225.8	433.641	-6.54946	427.092
225.82	450.184	-23.1227	427.062
225.84	447.972	-20.8509	427.122
225.86	452.148	-25.0329	427.115
225.88	459.744	-32.6662	427.078
225.9	455.43	-28.3771	427.053
225.92	456.681	-29.5948	427.087
225.94	465.57	-38.491	427.079
225.96	464.366	-37.3047	427.062
225.98	448.831	-21.7454	427.086
226	450.87	-23.7951	427.074
226.02	455.76	-28.6775	427.082
226.04	459.917	-32.8007	427.117
226.06	466.853	-39.7182	427.135
226.08	467.13	-40.0249	427.105
226.1	464.264	-37.1224	427.142
226.12	467.888	-40.7595	427.128
226.14	463.363	-36.2568	427.106
226.16	441.507	-14.3209	427.186
226.18	444.494	-17.3644	427.13
226.2	447.141	-20.0271	427.114
226.22	450	-22.9247	427.075
226.24	430.7	-3.61366	427.087
226.26	424.768	2.34994	427.118
226.28	467.024	-39.9661	427.058
226.3	463.654	-36.5612	427.092
226.32	453.798	-26.681	427.117
226.34	461.99	-34.86	427.13
226.36	464.344	-37.2019	427.142
226.38	461.913	-34.8044	427.108
226.4	459.726	-32.6205	427.105
226.42	459.584	-32.4445	427.14
226.44	465.184	-38.0591	427.125
226.46	453.517	-26.3847	427.132
226.48	462.105	-35.0239	427.081
226.5	461.787	-34.6911	427.096
226.52	458.485	-31.3694	427.116
226.54	455.579	-28.4489	427.131
226.56	461.801	-34.6897	427.111
226.58	464.986	-37.8707	427.115
226.6	456.561	-29.4945	427.067
226.62	452.224	-25.1427	427.082
226.64	468.148	-41.0626	427.085
226.66	463.483	-36.4001	427.083
226.68	460.855	-33.7447	427.11
226.7	474.799	-47.7244	427.075
226.72	469.171	-42.0956	427.075
226.74	467.574	-40.4986	427.076
226.76	475.496	-48.4558	427.04
226.78	468.867	-41.7953	427.072
226.8	445.839	-18.7603	427.078
226.82	437.935	-10.8954	427.04
226.84	452.601	-25.5689	427.032
226.86	471.292	-44.2661	427.026
226.88	466.432	-39.3431	427.089
226.9	471.09	-44.0551	427.035
226.92	470.554	-43.5164	427.038
226.94	456.357	-29.2796	427.078
226.96	474.348	-47.312	427.037
226.98	482.037	-54.9932	427.044
227	476.942	-49.9048	427.037
227.02	469.661	-42.6621	426.999
227.04	453.541	-26.5259	427.015
227.06	450.361	-23.3362	427.025
227.08	459.767	-32.7454	427.022
227.1	462.037	-35.012	427.025
227.12	456.608	-29.5983	427.01
227.14	451.165	-24.1613	427.004
227.16	454.202	-27.2422	426.96
227.18	447.782	-20.7565	427.025
227.2	465.669	-38.6857	426.983
227.22	465.934	-38.9221	427.012
227.24	458.015	-30.9704	427.045
227.26	460.944	-33.9201	427.024
227.28	453.328	-26.3074	427.021
227.3	450.845	-23.8086	427.036
227.32	459.525	-32.4749	427.05
227.34	449.988	-22.9053	427.083
227.36	450.306	-23.2187	427.087
227.38	460.774	-33.7296	427.044
227.4	451.497	-24.3431	427.154
227.42	469.988	-42.896	427.092
227.44	440.482	-13.3472	427.135
227.46	451.762	-24.6482	427.114
227.48	471.917	-44.7933	427.124
227.5	474.251	-47.1295	427.122
227.52	476.08	-48.9542	427.125
227.54	475.355	-48.2382	427.117
227.56	463.765	-36.6663	427.099
227.58	454.962	-27.8517	427.111
227.6	455.142	-28.0233	427.119
227.62	469.173	-42.0761	427.097
227.64	475.21	-48.0821	427.128
227.66	476.098	-48.9446	427.153
227.68	475.684	-48.5086	427.176
227.7	466.417	-39.2639	427.153
227.72	450.331	-23.1918	427.139
227.74	448.569	-21.4212	427.148
227.76	451.417	-24.2431	427.173
227.78	464.858	-37.6715	427.186
227.8	469.599	-42.4409	427.158
227.82	449.154	-21.9694	427.185
227.84	445.802	-18.6113	427.191
227.86	471.536	-44.383	427.153
227.88	477.598	-50.4352	427.163
227.9	471.899	-44.758	427.141
227.92	442.616	-15.4202	427.196
227.94	454.523	-27.3826	427.14
227.96	455.515	-28.3309	427.184
227.98	449.717	-22.5293	427.188
228	461.922	-34.7794	427.143
228.02	468.87	-41.7127	427.157
228.04	469.154	-41.9573	427.197
228.06	469.615	-42.4025	427.213
228.08	464.291	-37.0964	427.195
228.1	459.69	-32.5341	427.156
228.12	462.936	-35.7925	427.143
228.14	463.901	-36.7903	427.11
228.16	466.572	-39.4435	427.129
228.18	464.972	-37.8493	427.123
228.2	458.663	-31.5279	427.135
228.22	462.473	-35.3778	427.095
228.24	454.214	-27.0825	427.131
228.26	460.499	-33.3898	427.109
228.28	451.182	-24.0068	427.176
228.3	455.477	-28.3422	427.135
228.32	471.951	-44.8058	427.145
228.34	473.708	-46.5862	427.122
228.36	461.789	-34.6584	427.131
228.38	445.812	-18.6777	427.135
228.4	440.176	-13.022	427.154
228.42	459.175	-32.0381	427.137
228.44	461.316	-34.1649	427.151
228.46	458.738	-31.5904	427.148
228.48	463.558	-36.4266	427.131
228.5	456.832	-29.672	427.16
228.52	459.999	-32.86	427.139
228.54	459.401	-32.2616	427.139
228.56	463.182	-36.0979	427.084
228.58	456.488	-29.3768	427.112
228.6	461.277	-34.2166	427.061
228.62	463.777	-36.7161	427.061
228.64	468.094	-41.0415	427.053
228.66	454.431	-27.3103	427.121
228.68	461.02	-33.9602	427.06
228.7	458.844	-31.7572	427.087
228.72	459.787	-32.7044	427.082
228.74	457.433	-30.3389	427.094
228.76	462.757	-35.6856	427.072
228.78	468.349	-41.2563	427.092
228.8	469.825	-42.7437	427.081
228.82	463.233	-36.2018	427.031
228.84	441.71	-14.5935	427.116
228.86	454.957	-27.9095	427.047
228.88	447.211	-20.1252	427.085
228.9	445.785	-18.6954	427.089
228.92	458.178	-31.1147	427.063
228.94	458.57	-31.4898	427.08
228.96	452.177	-25.0981	427.079
228.98	454.422	-27.3444	427.078
229	448.602	-21.4882	427.114
229.02	447.898	-20.7561	427.142
229.04	461.057	-33.9626	427.095
229.06	469.213	-42.1263	427.087
229.08	468.021	-40.9167	427.105
229.1	462.04	-34.9418	427.099
229.12	457.174	-30.0518	427.123
229.14	454.03	-26.8961	427.134
229.16	456.423	-29.3067	427.117
229.18	467.348	-40.251	427.097
229.2	472.593	-45.5052	427.088
229.22	464.432	-37.3295	427.102
229.24	457.172	-30.0493	427.123
229.26	461.96	-34.8383	427.122
229.28	463.202	-36.0655	427.136
229.3	461.535	-34.4198	427.115
229.32	462.767	-35.6678	427.099
229.34	467.489	-40.4003	427.088
229.36	467.218	-40.1608	427.057
229.38	448.203	-21.1081	427.095
229.4	454.45	-27.37	427.08
229.42	458.997	-31.8752	427.122
229.44	463.872	-36.7622	427.11
229.46	472.884	-45.7652	427.119
229.48	471.278	-44.1943	427.083
229.5	458.496	-31.3781	427.118
229.52	458.637	-31.5782	427.059
229.54	447.241	-20.1166	427.124
229.56	459.008	-31.9532	427.055
229.58	455.393	-28.3204	427.072
229.6	461.826	-34.7572	427.069
229.62	468.597	-41.5085	427.089
229.64	468.65	-41.5607	427.089
229.66	448.632	-21.5293	427.103
229.68	431.259	-4.17668	427.082
229.7	434.112	-7.01018	427.102
229.72	453.561	-26.444	427.117
229.74	462.383	-35.2583	427.124
229.76	465.325	-38.188	427.137
229.78	462.682	-35.5419	427.14
229.8	458.225	-31.0765	427.149
229.82	461.188	-34.0686	427.12
229.84	464.234	-37.1398	427.095
229.86	462.31	-35.2008	427.11
229.88	465.742	-38.6255	427.116
229.9	470.541	-43.3898	427.151
229.92	469.965	-42.8106	427.154
229.94	466.891	-39.7545	427.137
229.96	462.697	-35.5523	427.145
229.98	461.327	-34.1798	427.147
230	462.147	-35.0075	427.139
230.02	466.087	-38.9347	427.152
230.04	465.288	-38.1205	427.168
230.06	468.367	-41.2089	427.158
230.08	470.823	-43.7052	427.118
230.1	465.655	-38.4833	427.172
230.12	469.868	-42.7548	427.113
230.14	457.293	-30.1928	427.1
230.16	448.674	-21.5641	427.11
230.18	456.713	-29.6301	427.083
230.2	451.353	-24.2444	427.108
230.22	460.556	-33.4458	427.11
230.24	463.113	-36.0315	427.081
230.26	466.107	-39.0075	427.1
230.28	473.635	-46.5528	427.082
230.3	465.193	-38.084	427.109
230.32	465.783	-38.6865	427.097
230.34	468.161	-41.052	427.109
230.36	470.044	-42.9299	427.114
230.38	459.321	-32.1946	427.126
230.4	456.81	-29.7028	427.107
230.42	458.331	-31.2282	427.103
230.44	461.263	-34.1694	427.094
230.46	464.825	-37.7184	427.106
230.48	472.334	-45.245	427.089
230.5	475.006	-47.8953	427.111
230.52	476.153	-49.0415	427.111
230.54	476.348	-49.2288	427.119
230.56	470.923	-43.8098	427.113
230.58	454.408	-27.268	427.14
230.6	455.549	-28.4689	427.08
230.62	450.41	-23.3064	427.104
230.64	465.264	-38.1906	427.073
230.66	462.068	-34.9678	427.1
230.68	446.84	-19.7112	427.129
230.7	455.845	-28.749	427.096
230.72	467.069	-39.9967	427.072
230.74	456.718	-29.6181	427.1
230.76	437.654	-10.5988	427.055
230.78	446.905	-19.8693	427.035
230.8	469.981	-42.9068	427.075
230.82	468.53	-41.4512	427.078
230.84	469.218	-42.1566	427.061
230.86	461.728	-34.6714	427.056
230.88	469.166	-42.1301	427.036
230.9	471.041	-44.0008	427.04
230.92	456.849	-29.7936	427.055
230.94	453.165	-26.1157	427.05
230.96	453.217	-26.1099	427.107
230.98	463.775	-36.6828	427.092
231	468.175	-41.0915	427.084
231.02	467.702	-40.6304	427.072
231.04	467.616	-40.5384	427.078
231.06	469.986	-42.9034	427.082
231.08	470.663	-43.6304	427.032
231.1	461.151	-34.1069	427.044
231.12	458.035	-30.9969	427.038
231.14	455.108	-28.054	427.054
231.16	469.148	-42.113	427.035
231.18	477.708	-50.6571	427.051
231.2	471.798	-44.7477	427.05
231.22	470.259	-43.1771	427.082
231.24	477.008	-49.9263	427.081
231.26	470.129	-43.0672	427.062
231.28	446.489	-19.3623	427.127
231.3	452.758	-25.6739	427.084
231.32	458.229	-31.1445	427.084
231.34	458.851	-31.7854	427.065
231.36	456.724	-29.626	427.097
231.38	463.724	-36.6286	427.096
231.4	455.052	-27.9376	427.114
231.42	458.915	-31.8174	427.098
231.44	457.872	-30.7279	427.144
231.46	469.081	-41.9517	427.129
231.48	471.81	-44.677	427.133
231.5	468.125	-40.9761	427.148
231.52	465.866	-38.708	427.158
231.54	469.162	-41.9988	427.164
231.56	470.846	-43.6729	427.174
231.58	466.611	-39.4671	427.144
231.6	457.191	-30.0179	427.173
231.62	466.598	-39.4544	427.144
231.64	470.24	-43.1116	427.128
231.66	455.101	-27.9374	427.163
231.68	461.413	-34.2867	427.126
231.7	466.828	-39.6749	427.153
231.72	472.999	-45.8619	427.137
231.74	462.404	-35.2428	427.161
231.76	464.917	-37.7773	427.14
231.78	462.191	-35.0496	427.141
231.8	455.63	-28.5042	427.125
231.82	452.408	-25.2911	427.117
231.84	467.838	-40.7458	427.092
231.86	471.821	-44.7516	427.07
231.88	460.814	-33.7599	427.054
231.9	437.48	-10.3738	427.106
231.92	457.501	-30.4292	427.072
231.94	464.881	-37.8116	427.069
231.96	462.563	-35.4752	427.088
231.98	466.522	-39.4474	427.075
232	451.525	-24.4454	427.08
232.02	452.88	-25.8042	427.075
232.04	462.017	-34.9503	427.067
232.06	467.179	-40.084	427.095
232.08	475.281	-48.191	427.09
232.1	477.854	-50.7625	427.092
232.12	467.491	-40.416	427.075
232.14	456.193	-29.0973	427.095
232.16	461.413	-34.3094	427.104
232.18	467.941	-40.8401	427.101
232.2	466.708	-39.624	427.084
232.22	455.972	-28.891	427.081
232.24	450.098	-23.0135	427.084
232.26	460.925	-33.8292	427.096
232.28	471.544	-44.4369	427.107
232.3	464.082	-36.9925	427.09
232.32	455.745	-28.6412	427.104
232.34	459.981	-32.8904	427.091
232.36	465.033	-37.9654	427.068
232.38	461.678	-34.6053	427.073
232.4	451.476	-24.4086	427.068
232.42	453.11	-26.0406	427.069
232.44	456.184	-29.1401	427.044
232.46	449.489	-22.4465	427.043
232.48	457.22	-30.2065	427.013
232.5	456.66	-29.6075	427.052
232.52	460.379	-33.3697	427.009
232.54	446.515	-19.4769	427.038
232.56	464.214	-37.2394	426.974
232.58	459.28	-32.2812	426.999
232.6	459.014	-31.9993	427.015
232.62	464.872	-37.8586	427.014
232.64	466.089	-39.0849	427.004
232.66	462.111	-35.2068	426.904
232.68	445.738	-18.7562	426.982
232.7	462.248	-35.2508	426.997
232.72	445.707	-18.6904	427.017
232.74	445.244	-18.2841	426.96
232.76	443.577	-16.5516	427.025
232.78	467.128	-40.1056	427.023
232.8	467.422	-40.383	427.039
232.82	466.153	-39.1039	427.049
232.84	465.669	-38.6554	427.013
232.86	457.777	-30.7098	427.067
232.88	454.345	-27.3533	426.992
232.9	448.246	-21.2261	427.02
232.92	453.526	-26.4821	427.044
232.94	454.391	-27.3226	427.068
232.96	469.884	-42.8529	427.031
232.98	471.975	-44.9323	427.043
233	470.424	-43.3838	427.041
233.02	466.536	-39.4818	427.054
233.04	464.667	-37.6325	427.034
233.06	453.138	-26.1214	427.017
233.08	431.156	-4.08705	427.069
233.1	449.431	-22.396	427.035
233.12	468.91	-41.8718	427.038
233.14	476.417	-49.3601	427.057
233.16	475.74	-48.6756	427.064
233.18	470.107	-43.0461	427.061
233.2	466.296	-39.2447	427.051
233.22	464.844	-37.8274	427.016
233.24	449.901	-22.842	427.059
233.26	463.061	-36.0272	427.034
233.28	468.989	-41.9652	427.024
233.3	447.593	-20.6229	426.97
233.32	417.864	9.17445	427.039
233.34	445.376	-18.357	427.019
233.36	456.689	-29.6548	427.034
233.38	461.025	-33.9748	427.05
233.4	467.229	-40.139	427.09
233.42	464.828	-37.7306	427.098
233.44	464.223	-37.1322	427.091
233.46	468.529	-41.4696	427.059
233.48	465.263	-38.2427	427.021
233.5	454.985	-27.9945	426.99
233.52	449.874	-22.8948	426.979
233.54	467.854	-40.9026	426.951
233.56	470.448	-43.4795	426.969
233.58	467.094	-40.114	426.98
233.6	465.005	-37.9887	427.016
233.62	462.601	-35.5931	427.008
233.64	458.633	-31.5954	427.038
233.66	456.032	-28.9757	427.056
233.68	457.03	-29.9718	427.058
233.7	461.464	-34.4051	427.059
233.72	465.478	-38.3894	427.089
233.74	470.312	-43.2462	427.065
233.76	472.563	-45.4686	427.094
233.78	471.452	-44.3714	427.081
233.8	464.106	-37.0406	427.065
233.82	453.849	-26.7602	427.088
233.84	453.424	-26.3704	427.054
233.86	458.891	-31.8047	427.086
233.88	464.79	-37.679	427.111
233.9	462.288	-35.1683	427.12
233.92	462.656	-35.559	427.098
233.94	459.05	-31.9399	427.11
233.96	449.155	-22.0658	427.089
233.98	448.596	-21.48	427.116
234	441.033	-13.9554	427.077
234.02	447.548	-20.4618	427.086
234.04	464.882	-37.7749	427.107
234.06	468.048	-40.9197	427.128
234.08	468.186	-41.0452	427.14
234.1	461.98	-34.8603	427.12
234.12	454.458	-27.3346	427.124
234.14	457.387	-30.2201	427.167
234.16	467.789	-40.6673	427.122
234.18	464.98	-37.8722	427.108
234.2	452.66	-25.5312	427.129
234.22	449.253	-22.1235	427.129
234.24	461.87	-34.7393	427.131
234.26	466.96	-39.8348	427.125
234.28	458.48	-31.3208	427.16
234.3	461.322	-34.1398	427.182
234.32	469.857	-42.7037	427.154
234.34	473.936	-46.7677	427.168
234.36	471.516	-44.3354	427.18
234.38	451.259	-24.0925	427.166
234.4	437.614	-10.4793	427.135
234.42	435.45	-8.27967	427.171
234.44	439.704	-12.5561	427.148
234.46	451.132	-24.0252	427.107
234.48	459.726	-32.5694	427.157
234.5	466.354	-39.1734	427.181
234.52	470.505	-43.3215	427.183
234.54	466.815	-39.6518	427.163
234.56	457.298	-30.1369	427.161
234.58	459.624	-32.4483	427.176
234.6	470.136	-42.9898	427.146
234.62	463.048	-35.9131	427.135
234.64	454.533	-27.3647	427.168
234.66	459.519	-32.3891	427.13
234.68	464.178	-37.0642	427.114
234.7	466.494	-39.3611	427.132
234.72	466.572	-39.4497	427.122
234.74	465.794	-38.6853	427.109
234.76	466.036	-38.9585	427.077
234.78	463.498	-36.3916	427.106
234.8	461.291	-34.1682	427.123
234.82	464.265	-37.1585	427.107
234.84	457.862	-30.7472	427.115
234.86	451.06	-23.9639	427.096
234.88	459.901	-32.7988	427.102
234.9	467.864	-40.7277	427.136
234.92	462.133	-35.0159	427.117
234.94	448.071	-20.9292	427.142
234.96	453.47	-26.3348	427.135
234.98	459.677	-32.5269	427.15
235	464.826	-37.6757	427.15
235.02	467.007	-39.8538	427.154
235.04	455.147	-27.9719	427.175
235.06	457.549	-30.362	427.187
235.08	465.888	-38.7122	427.176
235.1	465.335	-38.1663	427.168
235.12	448.888	-21.6795	427.209
235.14	461.538	-34.3864	427.152
235.16	457.65	-30.4726	427.177
235.18	449.993	-22.811	427.182
235.2	456.863	-29.6697	427.193
235.22	465.465	-38.269	427.196
235.24	467.514	-40.3373	427.176
235.26	465.507	-38.3496	427.157
235.28	466.677	-39.5076	427.17
235.3	465.648	-38.4624	427.186
235.32	459.439	-32.2613	427.178
235.34	451.969	-24.7777	427.191
235.36	461.335	-34.1453	427.19
235.38	468.949	-41.776	427.173
235.4	469.839	-42.6558	427.183
235.42	469.115	-41.9383	427.177
235.44	471.567	-44.3896	427.177
235.46	471.261	-44.0808	427.18
235.48	465.255	-38.0833	427.172
235.5	459.505	-32.3182	427.187
235.52	453.054	-25.9032	427.151
235.54	429.056	-1.84218	427.214
235.56	439.202	-12.0262	427.176
235.58	448.257	-21.0905	427.166
235.6	459.063	-31.8876	427.176
235.62	462.812	-35.6592	427.152
235.64	457.197	-30.071	427.125
235.66	460.171	-33.0553	427.116
235.68	461.291	-34.1697	427.121
235.7	454.938	-27.7958	427.142
235.72	459.311	-32.1728	427.138
235.74	467.204	-40.1171	427.087
235.76	455.91	-28.7765	427.134
235.78	459.369	-32.2344	427.135
235.8	467.255	-40.1343	427.121
235.82	471.095	-43.9524	427.142
235.84	464.258	-37.1047	427.153
235.86	458.365	-31.1937	427.171
235.88	464.045	-36.8567	427.188
235.9	473.843	-46.6712	427.171
235.92	476.487	-49.3139	427.173
235.94	469.376	-42.2338	427.142
235.96	462.474	-35.3511	427.123
235.98	461.686	-34.576	427.111
236	469.356	-42.2154	427.141
236.02	470.072	-42.9487	427.123
236.04	467.968	-40.844	427.124
236.06	466.084	-38.9417	427.142
236.08	462.57	-35.4043	427.166
236.1	469.164	-41.991	427.173
236.12	475.441	-48.2811	427.16
236.14	479.026	-51.8989	427.127
236.16	478.374	-51.2627	427.111
236.18	473.87	-46.7599	427.11
236.2	465.945	-38.8465	427.098
236.22	462.44	-35.3329	427.107
236.24	462.013	-34.9465	427.067
236.26	462.217	-35.1655	427.051
236.28	464.674	-37.6504	427.024
236.3	465.965	-38.9577	427.007
236.32	461.242	-34.2135	427.028
236.34	463.247	-36.229	427.018
236.36	459.291	-32.2396	427.051
236.38	458.634	-31.5958	427.038
236.4	455.135	-28.1038	427.031
236.42	454.172	-27.1552	427.017
236.44	453.02	-26.0336	426.986
236.46	447.066	-20.0682	426.998
236.48	449.536	-22.5331	427.003
236.5	467.528	-40.5587	426.969
236.52	465.816	-38.8006	427.015
236.54	454	-26.9682	427.031
236.56	461.269	-34.27	426.999
236.58	462.841	-35.8702	426.971
236.6	452.79	-25.7772	427.013
236.62	454.194	-27.2273	426.967
236.64	444.817	-17.7907	427.026
236.66	446.352	-19.3599	426.992
236.68	457.632	-30.641	426.991
236.7	469.667	-42.6374	427.029
236.72	470.581	-43.5523	427.028
236.74	470.097	-43.0626	427.035
236.76	463.875	-36.8204	427.055
236.78	461.849	-34.8013	427.047
236.8	462.319	-35.2809	427.038
236.82	451.829	-24.7882	427.041
236.84	459.877	-32.8895	426.987
236.86	469.037	-42.0362	427.001
236.88	465.716	-38.7092	427.006
236.9	447.448	-20.4458	427.002
236.92	449.873	-22.8628	427.011
236.94	471.965	-44.9332	427.031
236.96	469.702	-42.6723	427.03
236.98	461.279	-34.2419	427.037
237	465.506	-38.4942	427.012
237.02	461.438	-34.4149	427.023
237.04	456.815	-29.8034	427.012
237.06	453.077	-26.0607	427.016
237.08	461.18	-34.1475	427.033
237.1	472.182	-45.1375	427.044
237.12	469.808	-42.7448	427.064
237.14	468.291	-41.2163	427.075
237.16	469.679	-42.5949	427.084
237.18	470.658	-43.5865	427.071
237.2	469.998	-42.9354	427.062
237.22	467.879	-40.8316	427.047
237.24	458.368	-31.3103	427.057
237.26	451.303	-24.1961	427.107
237.28	464.121	-37.0447	427.076
237.3	466.977	-39.8877	427.089
237.32	461.686	-34.5889	427.097
237.34	455.595	-28.471	427.124
237.36	464.686	-37.5976	427.088
237.38	463.902	-36.8	427.102
237.4	465.324	-38.2085	427.116
237.42	469.07	-41.9854	427.085
237.44	472.507	-45.4318	427.075
237.46	470.785	-43.7103	427.075
237.48	471.077	-43.9616	427.115
237.5	475.236	-48.1469	427.089
237.52	476.291	-49.1786	427.112
237.54	474.394	-47.2946	427.099
237.56	449.657	-22.5668	427.09
237.58	441.913	-14.8509	427.062
237.6	441.322	-14.2137	427.108
237.62	459.433	-32.3354	427.097
237.64	461.115	-33.9654	427.15
237.66	457.567	-30.3801	427.187
237.68	461.445	-34.2788	427.166
237.7	470.923	-43.7719	427.151
237.72	476.557	-49.4219	427.135
237.74	476.435	-49.3163	427.119
237.76	470.331	-43.1959	427.135
237.78	458.933	-31.7905	427.142
237.8	454.308	-27.1467	427.162
237.82	469.637	-42.497	427.14
237.84	464.593	-37.4489	427.144
237.86	460.994	-33.8817	427.112
237.88	466.379	-39.287	427.092
237.9	464.153	-37.098	427.055
237.92	443.716	-16.5911	427.124
237.94	453.959	-26.8765	427.083
237.96	458.871	-31.773	427.098
237.98	467.826	-40.7435	427.082
238	476.676	-49.6002	427.076
238.02	476.644	-49.5694	427.075
238.04	464.701	-37.6413	427.06
238.06	451.633	-24.5764	427.057
238.08	447.982	-20.9221	427.059
238.1	454.691	-27.6312	427.06
238.12	466.653	-39.5789	427.074
238.14	471.336	-44.2701	427.066
238.16	467.133	-40.0838	427.049
238.18	462.088	-35.036	427.052
238.2	465.664	-38.6079	427.056
238.22	472.104	-45.0736	427.03
238.24	467.369	-40.3325	427.036
238.26	456.995	-29.9672	427.028
238.28	434.617	-7.54408	427.073
238.3	431.789	-4.70162	427.087
238.32	451.085	-24.0481	427.037
238.34	469.142	-42.1277	427.014
238.36	471.506	-44.4747	427.031
238.38	468.149	-41.1071	427.042
238.4	457.455	-30.4383	427.017
238.42	426.265	0.803267	427.068
238.44	453.877	-26.8908	426.986
238.46	453.234	-26.2109	427.023
238.48	440.306	-13.2596	427.046
238.5	446.059	-18.9904	427.069
238.52	457.896	-30.8493	427.047
238.54	449.972	-22.9473	427.024
238.56	455.693	-28.6758	427.017
238.58	467.796	-40.7442	427.052
238.6	467.29	-40.2221	427.068
238.62	465.617	-38.5369	427.08
238.64	465.938	-38.8253	427.113
238.66	467.268	-40.1825	427.086
238.68	464.412	-37.3419	427.07
238.7	447.627	-20.5337	427.093
238.72	446.828	-19.7554	427.072
238.74	453.702	-26.6051	427.097
238.76	464.374	-37.3007	427.073
238.78	468.846	-41.7248	427.121
238.8	471.478	-44.3432	427.135
238.82	462.862	-35.6958	427.166
238.84	463.441	-36.2775	427.163
238.86	461.759	-34.5613	427.198
238.88	463.035	-35.8918	427.143
238.9	459.111	-31.9779	427.133
238.92	462.553	-35.4176	427.135
238.94	463.131	-35.9729	427.158
238.96	462.754	-35.5869	427.167
238.98	462.341	-35.2008	427.14
239	461.906	-34.7636	427.142
239.02	468.385	-41.2571	427.128
239.04	469.055	-41.9388	427.116
239.06	466.683	-39.5447	427.138
239.08	459.407	-32.2748	427.133
239.1	434.614	-7.5229	427.092
239.12	449.473	-22.3865	427.087
239.14	459.594	-32.4701	427.124
239.16	435.406	-8.2571	427.149
239.18	446.479	-19.3657	427.113
239.2	464.616	-37.4822	427.134
239.22	471.53	-44.3736	427.156
239.24	472.515	-45.3344	427.181
239.26	462.563	-35.3918	427.171
239.28	453.679	-26.469	427.21
239.3	461.681	-34.515	427.166
239.32	461.126	-33.9784	427.148
239.34	450.958	-23.7843	427.174
239.36	456.684	-29.5494	427.134
239.38	461.197	-34.0618	427.136
239.4	461.943	-34.8174	427.126
239.42	461.793	-34.6529	427.14
239.44	465.51	-38.3577	427.152
239.46	466.666	-39.506	427.16
239.48	468.038	-40.8718	427.166
239.5	468.94	-41.8001	427.14
239.52	463.968	-36.8412	427.127
239.54	454.335	-27.1603	427.174
239.56	459.186	-32.0544	427.132
239.58	459.326	-32.177	427.149
239.6	465.041	-37.9074	427.134
239.62	460.378	-33.2304	427.147
239.64	445.525	-18.4009	427.124
239.66	441.288	-14.1923	427.096
239.68	451.048	-23.9569	427.091
239.7	463.773	-36.7218	427.051
239.72	448.098	-21.0373	427.061
239.74	447.187	-20.0958	427.091
239.76	468.289	-41.2033	427.085
239.78	465.401	-38.2812	427.12
239.8	465.074	-37.9426	427.131
239.82	464.91	-37.7421	427.168
239.84	460.4	-33.221	427.179
239.86	459.226	-32.059	427.167
239.88	461.298	-34.1471	427.151
239.9	460.979	-33.7978	427.182
239.92	459.026	-31.862	427.164
239.94	444.604	-17.4091	427.195
239.96	452.499	-25.3642	427.135
239.98	465.218	-38.116	427.102
240	463.83	-36.6787	427.152
240.02	458.314	-31.1659	427.148
240.04	454.393	-27.2237	427.169
240.06	457.047	-29.8868	427.16
240.08	453.411	-26.2433	427.168
240.1	462.436	-35.2793	427.156
240.12	462.12	-34.9782	427.142
240.14	456.509	-29.3418	427.167
240.16	460.687	-33.5211	427.165
240.18	453.739	-26.5629	427.176
240.2	449.21	-22.0359	427.174
240.22	432.93	-5.69918	427.231
240.24	446.388	-19.1856	427.202
240.26	462.371	-35.1749	427.196
240.28	467.43	-40.2343	427.196
240.3	468.372	-41.1645	427.208
240.32	464.485	-37.2785	427.206
240.34	458.27	-31.0651	427.205
240.36	459.376	-32.1503	427.225
240.38	463.254	-36.0445	427.209
240.4	466.912	-39.6873	427.225
240.42	466.609	-39.3846	427.225
240.44	456.194	-28.976	427.218
240.46	453.579	-26.3581	427.221
240.48	452.379	-25.1475	427.232
240.5	451.917	-24.6869	427.23
240.52	459.101	-31.8825	427.218
240.54	457.542	-30.3272	427.215
240.56	454.303	-27.0801	427.223
240.58	462.042	-34.8185	427.224
240.6	463.311	-36.088	427.223
240.62	460.292	-33.0598	427.232
240.64	449.507	-22.2858	427.221
240.66	452.129	-24.9383	427.191
240.68	456.263	-29.0537	427.209
240.7	460.167	-32.9829	427.184
240.72	461.677	-34.4726	427.205
240.74	461.928	-34.7619	427.166
240.76	444.289	-17.0613	427.227
240.78	453.54	-26.3825	427.157
240.8	461.549	-34.3642	427.185
240.82	461.937	-34.7614	427.176
240.84	454.503	-27.3258	427.177
240.86	448.524	-21.3335	427.191
240.88	447.415	-20.3134	427.102
240.9	421.355	5.85085	427.206
240.92	457.867	-30.7434	427.124
240.94	467.008	-39.8651	427.143
240.96	463.429	-36.2468	427.182
240.98	458.857	-31.6732	427.184
241	440.418	-13.2217	427.196
241.02	445.132	-17.9431	427.189
241.04	454.77	-27.6125	427.157
241.06	449.631	-22.4564	427.174
241.08	454.707	-27.5395	427.168
241.1	458.207	-31.044	427.163
241.12	459.687	-32.5504	427.137
241.14	453.587	-26.4526	427.135
241.16	441.857	-14.7131	427.144
241.18	447.086	-19.9248	427.161
241.2	459.764	-32.6105	427.154
241.22	451.997	-24.7971	427.2
241.24	465.515	-38.3565	427.158
241.26	457.285	-30.1405	427.145
241.28	438.366	-11.1909	427.175
241.3	443.223	-16.0832	427.14
241.32	444.98	-17.7983	427.182
241.34	451.596	-24.4385	427.157
241.36	448.521	-21.3244	427.197
241.38	457.82	-30.586	427.234
241.4	460.388	-33.1999	427.189
241.42	455.473	-28.2296	427.243
241.44	466.945	-39.7193	427.226
241.46	468.647	-41.4381	427.209
241.48	466.046	-38.8098	427.236
241.5	461.869	-34.6484	427.221
241.52	455.558	-28.3416	427.217
241.54	459.693	-32.4961	427.197
241.56	458.131	-30.945	427.186
241.58	452.153	-24.9686	427.185
241.6	453.92	-26.7484	427.172
241.62	455.82	-28.6242	427.196
241.64	460.34	-33.1181	427.222
241.66	462.378	-35.1754	427.202
241.68	457.537	-30.325	427.212
241.7	455.156	-27.9536	427.202
241.72	455.572	-28.3849	427.187
241.74	446.611	-19.4224	427.189
241.76	435.218	-8.03159	427.187
241.78	445.209	-18.0577	427.152
241.8	463.104	-35.946	427.158
241.82	468.101	-40.9351	427.165
241.84	471.36	-44.1951	427.165
241.86	461.3	-34.1889	427.111
241.88	449.609	-22.4861	427.123
241.9	462.716	-35.5581	427.158
241.92	459.844	-32.6645	427.179
241.94	460.313	-33.127	427.186
241.96	464.668	-37.4844	427.184
241.98	463.981	-36.8148	427.166
242	451.925	-24.739	427.186
242.02	448.615	-21.4424	427.172
242.04	441.034	-13.8809	427.153
242.06	436.877	-9.73223	427.145
242.08	451.012	-23.8953	427.117
242.1	459.127	-32.0121	427.115
242.12	453.358	-26.1937	427.164
242.14	457.042	-29.8649	427.177
242.16	458.143	-30.9525	427.19
242.18	457.829	-30.6584	427.171
242.2	460.947	-33.7542	427.193
242.22	465.421	-38.2375	427.183
242.24	465.311	-38.1421	427.169
242.26	461.65	-34.4663	427.183
242.28	454.802	-27.6078	427.194
242.3	458.078	-30.8927	427.186
242.32	462.851	-35.6894	427.161
242.34	456.271	-29.0922	427.179
242.36	452.17	-24.9681	427.201
242.38	465.456	-38.2846	427.172
242.4	458.306	-31.1212	427.185
242.42	461.684	-34.5262	427.158
242.44	461.214	-34.0452	427.169
242.46	460.968	-33.8175	427.151
242.48	462.843	-35.7135	427.13
242.5	451.606	-24.457	427.149
242.52	448.471	-21.3385	427.133
242.54	453.954	-26.8003	427.154
242.56	461.975	-34.8512	427.124
242.58	448.228	-21.0639	427.164
242.6	454.448	-27.2767	427.171
242.62	464.809	-37.6317	427.177
242.64	459.323	-32.1181	427.204
242.66	460.9	-33.7079	427.192
242.68	465.915	-38.7354	427.18
242.7	470.174	-42.9889	427.185
242.72	470.27	-43.084	427.186
242.74	459.281	-32.062	427.219
242.76	459.126	-31.9303	427.196
242.78	454.043	-26.8812	427.162
242.8	447.768	-20.575	427.193
242.82	446.503	-19.3063	427.196
242.84	451.388	-24.2012	427.187
242.86	470.333	-43.177	427.156
242.88	469.739	-42.59	427.149
242.9	448.657	-21.4678	427.19
242.92	458.3	-31.1829	427.117
242.94	467.003	-39.8984	427.105
242.96	467.556	-40.4651	427.091
242.98	463.579	-36.4613	427.117
243	461.037	-33.9362	427.101
243.02	462.661	-35.5652	427.096
243.04	463.489	-36.3615	427.128
243.06	465.128	-38.0136	427.115
243.08	452.681	-25.5722	427.109
243.1	442.29	-15.2165	427.074
243.12	440.85	-13.807	427.043
243.14	452.031	-24.9681	427.063
243.16	465.284	-38.1791	427.105
243.18	455.878	-28.7303	427.147
243.2	450.972	-23.8275	427.145
243.22	456.041	-28.886	427.155
243.24	456.635	-29.5193	427.116
243.26	454.801	-27.6872	427.114
243.28	451.831	-24.7042	427.126
243.3	457.727	-30.6344	427.093
243.32	462.94	-35.8209	427.119
243.34	470.383	-43.2615	427.121
243.36	470.78	-43.6432	427.136
243.38	467.038	-39.9151	427.123
243.4	463.114	-36.0083	427.106
243.42	453.724	-26.6316	427.092
243.44	459.286	-32.1932	427.093
243.46	465.759	-38.6516	427.107
243.48	453.443	-26.3343	427.109
243.5	445.769	-18.7059	427.063
243.52	457.056	-30.0016	427.055
243.54	441.709	-14.6366	427.073
243.56	460.876	-33.8516	427.024
243.58	463.753	-36.6693	427.084
243.6	448.633	-21.4872	427.146
243.62	459.491	-32.395	427.096
243.64	462.418	-35.3294	427.088
243.66	455.606	-28.5565	427.05
243.68	444.504	-17.4026	427.101
243.7	461.592	-34.514	427.078
243.72	467.016	-39.9472	427.069
243.74	457.928	-30.86	427.068
243.76	448.142	-21.0898	427.052
243.78	433.579	-6.53113	427.048
243.8	418.472	8.58052	427.052
243.82	449.896	-22.8833	427.013
243.84	453.567	-26.533	427.034
243.86	446.966	-19.9245	427.042
243.88	460.449	-33.3773	427.072
243.9	471.645	-44.5551	427.09
243.92	473.173	-46.094	427.079
243.94	464.03	-36.9838	427.047
243.96	444.019	-16.887	427.132
243.98	473.146	-46.0767	427.069
244	469.044	-41.9775	427.067
244.02	452.818	-25.7169	427.101
244.04	460.154	-33.0727	427.081
244.06	470.659	-43.5758	427.083
244.08	471.497	-44.4018	427.096
244.1	466.226	-39.1455	427.081
244.12	457.728	-30.6642	427.064
244.14	448.567	-21.4484	427.118
244.16	462.927	-35.829	427.098
244.18	469.936	-42.8248	427.112
244.2	475.235	-48.0974	427.138
244.22	472.613	-45.4961	427.117
244.24	458.168	-31.0183	427.15
244.26	459.117	-31.9662	427.151
244.28	464.774	-37.6168	427.158
244.3	470.036	-42.8736	427.163
244.32	465.443	-38.3399	427.103
244.34	431.065	-3.90591	427.159
244.36	448.143	-21.0501	427.093
244.38	466.272	-39.1736	427.098
244.4	462.247	-35.1464	427.101
244.42	447.525	-20.3766	427.149
244.44	465.717	-38.6161	427.101
244.46	462.683	-35.5527	427.13
244.48	459.458	-32.3529	427.105
244.5	453.515	-26.4067	427.108
244.52	456.13	-29.0065	427.124
244.54	465.877	-38.7582	427.119
244.56	436.192	-8.98025	427.212
244.58	441.189	-13.9988	427.19
244.6	457.682	-30.5257	427.157
244.62	459.016	-31.8631	427.153
244.64	456.393	-29.2483	427.144
244.66	458.471	-31.3026	427.168
244.68	463.796	-36.6028	427.194
244.7	466.907	-39.7198	427.187
244.72	465.598	-38.4311	427.167
244.74	461.788	-34.628	427.16
244.76	456.525	-29.3586	427.166
244.78	458.933	-31.7689	427.164
244.8	466.746	-39.5373	427.208
244.82	470.701	-43.4986	427.203
244.84	468.232	-41.0241	427.208
244.86	458.976	-31.7623	427.213
244.88	459.142	-31.9607	427.182
244.9	455.165	-27.9905	427.174
244.92	448.476	-21.2703	427.206
244.94	451.399	-24.198	427.201
244.96	459.347	-32.1448	427.202
244.98	463.81	-36.6116	427.198
245	463.217	-36.0436	427.173
245.02	454.428	-27.2254	427.202
245.04	459.042	-31.8464	427.195
245.06	450.457	-23.2526	427.205
245.08	456.182	-29.0017	427.18
245.1	462.44	-35.2604	427.18
245.12	462.402	-35.2325	427.17
245.14	456.861	-29.6705	427.19
245.16	459.75	-32.5869	427.163
245.18	452.854	-25.6505	427.203
245.2	450.88	-23.6944	427.185
245.22	449.014	-21.8083	427.206
245.24	456.934	-29.7453	427.188
245.26	449.306	-22.1267	427.18
245.28	436.468	-9.26967	427.199
245.3	446.818	-19.6444	427.174
245.32	450.805	-23.6352	427.17
245.34	450.167	-23.0001	427.167
245.36	455.064	-27.8848	427.179
245.38	462.002	-34.828	427.174
245.4	461.827	-34.6814	427.146
245.42	443.189	-15.9749	427.214
245.44	451.17	-24.0033	427.167
245.46	449.219	-22.0202	427.199
245.48	454.109	-26.9405	427.169
245.5	458.564	-31.3951	427.169
245.52	453.006	-25.8378	427.169
245.54	457.223	-30.0357	427.188
245.56	458.603	-31.4151	427.188
245.58	455.56	-28.3526	427.207
245.6	458.163	-30.9298	427.233
245.62	461.279	-34.0536	427.225
245.64	457.88	-30.6646	427.215
245.66	455.196	-27.986	427.21
245.68	453.463	-26.2292	427.234
245.7	460.609	-33.3852	427.224
245.72	467.044	-39.8088	427.235
245.74	462.91	-35.6572	427.253
245.76	459.641	-32.417	427.224
245.78	458.995	-31.7819	427.214
245.8	461.673	-34.4823	427.191
245.82	459.803	-32.6409	427.162
245.84	439.408	-12.2323	427.176
245.86	442.337	-15.1869	427.15
245.88	465.226	-38.0858	427.141
245.9	470.309	-43.189	427.12
245.92	442.586	-15.3976	427.188
245.94	454.453	-27.3417	427.111
245.96	465.371	-38.2165	427.154
245.98	457.773	-30.5871	427.186
246	455.429	-28.2757	427.153
246.02	426.918	0.211281	427.13
246.04	426.414	0.726233	427.141
246.06	463.757	-36.6322	427.125
246.08	459.183	-32.0353	427.148
246.1	447.232	-20.1015	427.13
246.12	440.811	-13.6682	427.143
246.14	457.758	-30.6261	427.132
246.16	467.905	-40.7691	427.136
246.18	465.306	-38.1961	427.11
246.2	438.735	-11.5934	427.142
246.22	438.888	-11.7642	427.124
246.24	459.039	-31.9502	427.088
246.26	459.711	-32.5759	427.135
246.28	451.864	-24.7178	427.146
246.3	455.642	-28.536	427.106
246.32	443.919	-16.8106	427.109
246.34	441.644	-14.5029	427.141
246.36	463.386	-36.2784	427.107
246.38	459.303	-32.1657	427.137
246.4	441.034	-13.8805	427.153
246.42	451.203	-24.1089	427.094
246.44	461.784	-34.6987	427.086
246.46	456.674	-29.5918	427.082
246.48	447.909	-20.8545	427.055
246.5	439.413	-12.3244	427.088
246.52	452.69	-25.6347	427.056
246.54	456.791	-29.7122	427.079
246.56	459.798	-32.7104	427.087
246.58	462.352	-35.2929	427.059
246.6	459.71	-32.6305	427.079
246.62	462.348	-35.2864	427.061
246.64	455.018	-27.9294	427.088
246.66	458.918	-31.8524	427.065
246.68	458.374	-31.295	427.079
246.7	445.901	-18.763	427.138
246.72	446.028	-18.9108	427.118
246.74	448.781	-21.6338	427.147
246.76	455.945	-28.8101	427.135
246.78	446.969	-19.8362	427.132
246.8	450.081	-22.9673	427.114
246.82	450.763	-23.6314	427.132
246.84	455.16	-28.0556	427.104
246.86	458.114	-30.9897	427.125
246.88	461.984	-34.8668	427.117
246.9	464.269	-37.1597	427.11
246.92	455.927	-28.7876	427.14
246.94	456.592	-29.4773	427.115
246.96	461.762	-34.6209	427.141
246.98	463.315	-36.1787	427.136
247	442.563	-15.3484	427.215
247.02	455.561	-28.4196	427.142
247.04	459.975	-32.8466	427.129
247.06	456.906	-29.7772	427.129
247.08	462.737	-35.608	427.129
247.1	462.029	-34.8729	427.156
247.12	463.822	-36.6626	427.159
247.14	471.295	-44.1213	427.174
247.16	468.188	-41.0126	427.175
247.18	453.53	-26.3177	427.213
247.2	452.962	-25.7692	427.193
247.22	455.868	-28.7093	427.159
247.24	449.321	-22.1616	427.16
247.26	458.821	-31.6863	427.135
247.28	469.559	-42.4245	427.135
247.3	469.657	-42.5228	427.134
247.32	457.433	-30.2914	427.141
247.34	451.971	-24.8484	427.123
247.36	462.443	-35.3182	427.125
247.38	475.459	-48.3591	427.1
247.4	472.376	-45.2658	427.11
247.42	459.428	-32.2948	427.133
247.44	451.374	-24.2197	427.155
247.46	455.448	-28.2842	427.164
247.48	459.161	-32.0068	427.154
247.5	460.754	-33.6263	427.127
247.52	466.875	-39.7145	427.16
247.54	470.787	-43.6271	427.16
247.56	472.215	-45.0534	427.162
247.58	471.215	-44.0769	427.138
247.6	462.411	-35.2903	427.121
247.62	446.988	-19.8736	427.114
247.64	441.331	-14.1885	427.142
247.66	462.333	-35.2244	427.109
247.68	472.147	-45.0348	427.112
247.7	471.117	-44.0034	427.114
247.72	468.115	-41.0047	427.111
247.74	466.816	-39.6938	427.122
247.76	468.314	-41.2086	427.105
247.78	471.23	-44.121	427.109
247.8	473.71	-46.596	427.114
247.82	473.486	-46.3965	427.09
247.84	463.204	-36.1102	427.094
247.86	451.828	-24.7497	427.079
247.88	455.156	-28.0653	427.091
247.9	462.931	-35.8667	427.064
247.92	460.17	-33.0772	427.093
247.94	462.398	-35.2972	427.1
247.96	458.579	-31.4873	427.092
247.98	456.804	-29.6937	427.11
248	462.348	-35.2445	427.103
248.02	467.935	-40.8524	427.082
248.04	472.652	-45.5798	427.072
248.06	473.737	-46.6664	427.071
248.08	469.703	-42.6323	427.07
248.1	462.385	-35.3226	427.063
248.12	459.121	-32.0555	427.065
248.14	468.027	-41.0062	427.021
248.16	455.308	-28.2838	427.025
248.18	455.778	-28.7674	427.011
248.2	469.806	-42.7692	427.037
248.22	473.538	-46.4934	427.044
248.24	473.712	-46.6362	427.076
248.26	474.25	-47.1829	427.067
248.28	469.194	-42.1302	427.064
248.3	470.923	-43.861	427.062
248.32	472.481	-45.4126	427.068
248.34	463.481	-36.4301	427.051
248.36	451.67	-24.5781	427.092
248.38	470.991	-43.9682	427.023
248.4	476.553	-49.5226	427.03
248.42	471.857	-44.8226	427.035
248.44	469.64	-42.6333	427.007
248.46	449.493	-22.4851	427.008
248.48	435.659	-8.60494	427.054
248.5	457.967	-30.9414	427.025
248.52	459.258	-32.2027	427.055
248.54	455.881	-28.824	427.057
248.56	455.538	-28.4662	427.072
248.58	467.644	-40.6016	427.042
248.6	472.973	-45.943	427.03
248.62	467.872	-40.8145	427.057
248.64	461.148	-34.1303	427.018
248.66	450.392	-23.3589	427.033
248.68	451.963	-24.9307	427.033
248.7	463.26	-36.2257	427.034
248.72	470.18	-43.1406	427.039
248.74	471.029	-43.9824	427.046
248.76	469.155	-42.1138	427.042
248.78	463.549	-36.4797	427.07
248.8	465.532	-38.4508	427.081
248.82	465.164	-38.1025	427.061
248.84	459.642	-32.5653	427.077
248.86	464.76	-37.7518	427.008
248.88	459.665	-32.6446	427.02
248.9	437.903	-10.8048	427.098
248.92	444.052	-16.9699	427.082
248.94	454.025	-26.9529	427.072
248.96	463.376	-36.3061	427.07
248.98	469.483	-42.424	427.059
249	457.392	-30.3405	427.051
249.02	449.934	-22.8497	427.084
249.04	464.586	-37.5473	427.039
249.06	454.553	-27.4659	427.087
249.08	462.633	-35.5987	427.034
249.1	452.689	-25.6662	427.023
249.12	463.835	-36.8496	426.985
249.14	465.843	-38.8494	426.994
249.16	453.083	-26.1096	426.974
249.18	446.778	-19.7909	426.987
249.2	454.42	-27.4495	426.97
249.22	457.397	-30.408	426.989
249.24	462.442	-35.4728	426.969
249.26	454.674	-27.6974	426.976
249.28	444.479	-17.4922	426.987
249.3	434.51	-7.50399	427.006
249.32	448.579	-21.5928	426.987
249.34	457.613	-30.6508	426.962
249.36	449.418	-22.4048	427.013
249.38	458.945	-31.9549	426.99
249.4	469.493	-42.4772	427.016
249.42	468.403	-41.4081	426.995
249.44	456.974	-29.9361	427.038
249.46	452.799	-25.7302	427.069
249.48	464.354	-37.2997	427.054
249.5	471.897	-44.8331	427.064
249.52	475.237	-48.1577	427.079
249.54	472.584	-45.5167	427.068
249.56	457.626	-30.5405	427.086
249.58	458.184	-31.1198	427.064
249.6	457.686	-30.6248	427.062
249.62	450.253	-23.1457	427.108
249.64	453.245	-26.1892	427.056
249.66	429.557	-2.40603	427.151
249.68	452.987	-25.9031	427.084
249.7	462.194	-35.0866	427.107
249.72	465.885	-38.7681	427.117
249.74	457.747	-30.6221	427.125
249.76	460.298	-33.2205	427.078
249.78	458.439	-31.3606	427.078
249.8	444.271	-17.1327	427.138
249.82	456.286	-29.1874	427.099
249.84	459.726	-32.6213	427.105
249.86	457.635	-30.4976	427.138
249.88	464.15	-36.9992	427.15
249.9	465.364	-38.2128	427.151
249.92	457.655	-30.5303	427.125
249.94	448.774	-21.6468	427.127
249.96	453.9	-26.7948	427.105
249.98	461.441	-34.3387	427.102
