0.978024, 0.232349
0.523516, 1.47685
0.238802, 2.1638
0.691335, 3.55555
0.410937, 4.37889
7.13662, 11.6808
6.33759, 0.417218
0.246763, 7.60683
8.06339, 8.20047
0.685469, 9.15096
0.647731, 10.5934
0.464154, 11.5429
1.47338, 0.623525
1.29245, 1.70729
1.42228, 2.64285
1.72627, 3.80124
1.24308, 4.59881
1.67605, 5.52135
1.57428, 6.22069
1.43774, 7.11157
5.89638, 8.32887
1.59989, 9.58428
1.6848, 10.7298
1.25861, 11.4784
2.80123, 0.361643
2.84074, 1.29904
2.89861, 2.47325
2.31338, 3.27964
2.74516, 4.20877
2.45112, 5.43071
2.60963, 6.59399
2.507, 7.39382
1.84003, 8.64511
2.84434, 9.79377
2.41902, 10.3217
2.64303, 11.6703
3.48199, 0.199274
3.61568, 1.53671
3.74335, 2.63904
3.82264, 3.42586
3.54678, 4.65331
3.7589, 5.20698
3.31513, 6.78111
3.43052, 7.16092
4.43866, 8.29473
3.52675, 9.80229
3.82719, 10.5139
3.70336, 11.3233
4.17604, 0.468326
2.83471, 11.4302
4.66566, 2.75382
3.94024, 2.8337
4.34915, 4.39327
4.46245, 5.15546
4.69557, 6.82338
4.15639, 7.34827
4.43254, 8.10926
4.45223, 9.48853
4.75463, 10.4909
4.42353, 11.506
5.67811, 0.661116
7.27987, 3.78931
5.66457, 2.42937
6.09835, 4.35683
5.56418, 4.53667
5.84449, 5.59888
5.49935, 6.78199
5.57353, 7.47211
5.44732, 8.16727
5.36249, 9.81102
5.36881, 10.6155
5.71851, 11.6324
6.85717, 0.357948
6.13774, 1.77017
6.8665, 2.73611
6.64015, 3.44679
6.88185, 4.78225
6.63237, 5.56468
6.44888, 6.73325
6.53232, 7.44354
6.65071, 8.36167
6.08239, 9.53295
6.17435, 10.7829
6.63727, 11.5078
7.58186, 0.446953
7.55192, 1.19895
7.61917, 2.81633
7.79078, 3.44856
7.26782, 4.3827
7.6405, 5.27503
7.16358, 6.32616
7.87492, 7.76122
2.18034, 1.8914
0.523427, 4.07771
7.48142, 10.3293
7.76085, 11.7304
8.70279, 0.2954
8.26208, 1.26662
8.65259, 2.54398
8.42772, 3.25909
8.27418, 4.77623
8.33867, 5.47964
8.77841, 6.394
8.59335, 7.21714
8.84029, 8.46965
8.50452, 10.0499
8.74265, 9.48798
8.55654, 0.659201
9.54375, 0.503889
9.56818, 1.30711
9.68148, 2.28593
9.28276, 3.73857
9.86616, 4.32241
9.37801, 5.46485
9.56871, 6.29743
9.67294, 7.72489
9.84272, 8.61852
9.49318, 9.29454
9.38816, 10.4208
9.31632, 11.6756
10.5149, 0.554286
10.7625, 1.21051
10.419, 2.27793
10.8692, 3.26647
11.9252, 7.00595
10.3793, 5.33067
10.4785, 6.15051
10.3617, 7.26401
10.8051, 8.53492
9.98462, 9.48403
10.1112, 10.115
10.1587, 11.8969
11.4822, 0.657991
11.5306, 1.36161
11.5995, 2.45314
11.456, 3.72751
9.90723, 2.03577
11.7577, 5.46512
11.5762, 6.66734
11.4502, 7.63057
11.2004, 8.53441
11.2962, 9.80308
11.8143, 10.8444
11.6212, 11.5836

2.65723, 3.75
5.30273, 7.98438
8, -0
4, 8
8, 4
7, 1.5
8, 4
8, 4
4, -0
0.40625, 7.46875
11.5, 8
8, 8.125
9, 11.75
9.75, 3.57812
0, 8
11, -0
3.4375, 9
4, 8
8, 4
4, 8
-0, 2.0625
11.4863, 6.85742
5, 7
3.25, 6.8125
1.0625, 10.2051
8, 4
4, 8
4, 8
-0, -0
8, -0
5.32227, 8.85156
1.35938, 0.164062
9.13281, 2.65625
9, 2.875
3.34924, 8.07495
10.5, 8.375
8, 0
10, 8.5
11.375, 8
8, 4
4.7168, 1.71094
-0, 4
8, 0
7.53906, 6.64062
2.46484, 1.90625
2.5, -0
8, 4
1.5, 5
3, 10.25
2.5, 0.5
11.5, 3.4375
0, -0
7, 1
-0, -0
8, 0
4, 8
8, 4
0.132812, 9.57422
8, 4
2.53516, 3.02344
6.67188, 2.22656
4, 7
8, 6.96875
2, 10.25
11.125, 4.75
1.17188, 3.23438
-0, 8
9.25, 2
8.39062, 5.17188
4, -0
8, 4
4, 0
1, 2
10.375, 9.0625
8, 4
6, -0
-0, 8
6, 11.5
10.915, 11.875
8, 8
0.5, 3.6875
-0, -0
8, 4
8, 10.25
0, 0
8, 4
8, 7.25
8, 4
8.5, 2
8, 8
6.87402, 4.57422
8, 8
3, 3.125
4.20312, 1.88281
6.4624, 2.26221
8, 4
0, 8
4, 8
0, 8
11, 8
6.84082, 2.14062
0, -0
10.5117, 3.92029
9.3125, 8.6875
4, 8
10.9531, 7.125
9.01562, 1.75
8, 4
7.25, 6
9, 10
1.625, 1.125
4, 0
3.34277, 2.10938
8.74414, 6.50781
8, 4
2.125, 1.32812
8, 4
10.8438, 1.88281
8, 2.875
11.5078, 4.64062
10.792, 2.82812
8, 5.25
0.375, 2.78125
-0, 8
10.3452, 10.8395
6.14844, 2.88281
9.76953, 9.67383
11, 3.14062
0, 4
8.5, 5.25
8, 8
11.6406, 1.75
2, 8.5
4, 8
7, 6.5
8, 4
1.79395, 10.5059
7.75, 2
1.5, 1
8, -0
3.125, 0.729492
7.07275, 8.24023
4, 5
2, 5

10.25, 4.75
9.625, -0
4, 10
0, 4
8, 8
-0, 4
8, 8
0, -0
4, -0
1, 1
1.5, 8.5
0, 4.625
1, 10.875
8, 4
4, 8
3.75, 1
11.125, 5
-0, -0
4, 8
0, 4
4, 4
2, 0
1.5, 9
3, 10.9375
1.5, 2
0, 4
-0, 0
0, 8
4, -0
4, 8
-0, 0
2, 10.5625
10, 5
4, -0
7.63196, 5.83679
1.25, 8.1875
4, 8
2, 9
6.625, 8
8, 8
0, 8
8, 8
4, 8
0, 5
4.25, 7
6, -0
4, 8
6.5, 3
0.25, 1.5
4.5, 0.5
10, -0
0, -0
9, 3
8, 8
4, 8
0, 4
4, 8
4, 4
4, 8
10.25, 9
7, 4
0, 1
2.25, 10
2.5, 11
1, 9.875
8, 8
8, 8
9.75, 5.5
8, 3.5
0, 4
0, 4
0, 0
4.25, 8
1.75, 10
-0, 8
0, 4
4, 8
10, 7
0.5, 8
4, 8
11, 4
-0, 9
0, 4
0, 2.75
0, 4
8, 8
4, 0.25
0, 0
1.5, 2
8, 8
11.5906, 7.92969
-0, 0
6, 6
7.375, 7.9375
2.14844, 6.66406
-0, 4
8, 8
4, 8
8, 8
7.75, 0
0, 4
0, 8
4, 8
6.75, 8.25
0, 4
5.4375, 3.78125
6.5, 11.875
-0, -0
6.5, 8
1, 6
0, 0.25
4, 8
11.7812, 10.5312
7.75, 0
4, 8
2, 4
8, 8
11.4219, 2.76562
2, 8.5
10.1641, 2
2, 7.5
4, 7.5625
2.375, 1.53125
8, 4
6.375, -0
2, -0
3.32031, 10.3428
3, 0
0, -0
9.25, 11.5
8, 8
1.17188, 2.125
4, 8
4, -0
9, 0
4, 4
-0, 3.5
4, 3
8, 11
4, 4
7.13086, 2.625
7.92969, 10.7812
8, 0
10, 7

0.5, -0
7.75, 8
10, 5
0, 8
-0, 8
8, 8
4, 4
8, -0
-0, 8
1, 5
2, 1
8, 0.375
4, 4.75
8, -0
8, 0
11.875, 1
4, 7
8, 4
4, 4
4, 4
-0, 4
1, 8
9.5, 11
6.875, 9.625
2.5, 8
4, 4
-0, 4
4, 4
4, 4
4, 4
4, 0
7, 9.5
4, 1
4, 8
9.6875, 1.71875
3.5, 5.1875
4, 4
10, 2
1.625, 8
-0, 4
4, -0
-0, 8
8, 8
3, 8
2.5, 10
6.5, 4
8, 8
4, 8
11.5, 4.5
-0, 5.25
1.5, 8
0, 4
6, 11
8, -0
8, 0
4, 4
8, 4
8, 8
8, 8
3.5, 6
4, 8
0, 10
10.375, 8
6.5, 9
9.125, 9.375
8, 4
8, 8
6, 8.5
0.8125, 8.75
4, 8
8, 0
8, 4
9.25, 4
4.75, 6
-0, 8
8, 8
8, 4
2, 0
10.75, 0
8, 4
4, 0
8, -0
8, 4
0, -0
0, 4
-0, 8
-0, 11
0, 8
10, 8
4, 4
3.41406, 4.57031
8, 0
2, 9.5
4.75, 10.4375
8, 0
8, 4
4, 8
4, 4
4, 4
11.5, 8
0, 8
0, -0
8, 4
3.5, 9.4375
4, 4
9.3125, 9
9.5, 9.625
4, -0
9, 4
9, 0.5
7, 11.25
-0, 8
8, 0
-0, 8
0, 8
8, 8
8, 8
0.5, 2
8, 9
8, 2
6, 5
4, 4.25
5.25, 6
-0, 8
9.75, 10
4, 4
3, 11.5
6, 0
4, 8
8, 4
4, 4
7, 7
2, 11.5
0, 4
8, 6.5
4, 4
4, 10.375
2, 4
9, 6
0, 8
8, 5.25
1, -0
8, 0
4, 11

8.5, 6
5.875, 2
10, 6
0, 4
8, 8
8, 8
8, 8
4, 4
4, 4
5, 8
1.5, 1
0, 1.125
5, 0.125
4, 3
4, 8
2.625, 8.75
8, 1
8, 4
4, -0
4, 8
-0, 4
11, 8
4, 5
0.625, 7.9375
0, 4
4, 8
8, 0
8, 4
8, -0
4, 8
-0, 0
2, 8.625
2, 4
4, 4
0.5, 3.875
2.5, 4.6875
4, 0
8, 10
5.625, 2
-0, 4
0, -0
-0, 4
-0, 4
4, 10
8, 4
9.75, 4
4, 4
5, 2
3.25, 2.75
10, 7.75
1.5, 4
8, -0
8, 5
-0, 4
-0, 4
0, 4
4, 4
4, 4
8, 0
5.375, 2
4, 4
0, 4
9.875, 10
3.5, 4
7.75, 10
4, 8
4, 0
4.25, 9.5
4.9375, 1.75
4, 8
4, 8
0, 4
11, 8
9, -0
4, 0
0, 4
8, -0
6, 8
4.25, 0
4, 8
10, 8
8, 8
8, 4
4, 2.875
4, 4
4, 4
8, 3.75
4, 4
7.5, 2
4, 8
11.8086, 9.5625
4, 8
2, 4
4, 11.8125
8, 8
8, 4
4, 8
8, 0
0, 8
11.5, 4
8, 8
4, 4
0, 8
5.75, 8.8125
4, 8
2, 6
5.5, 7.125
4, 8
1, 4
8, 4
10, 9.875
8, 0
0, 4
1.25, 8
4, 4
-0, 4
4, 8
11.5, 11.625
2, 4
0, 8
4, 2
-0, 10.375
3.625, 2
4, 8
0.25, 8
4, -0
8.25, 2.5
11, 8
0, 4
7, 0.75
0, 8
8, 7.875
10, 10
8, 8
0, 0
4, -0
4, 6.75
6, -0
3, 8
4, 4
0, 6
5, 2
4, 9
3, 7

6, 7
1.625, 11
2, 2
0, 0
8, -0
-0, 8
-0, 4
8, -0
8, -0
8, 10
2, 9
8, 5.375
0, 3.25
8, 10
4, 0
9.375, 8.75
-0, 5
-0, 4
8, 4
0, 0
-0, 4
8, 4
2.5, 3
5, 10.4375
2.75, 4
0, 0
4, 4
8, 0
4, 8
-0, -0
4, 4
11, 5.75
-0, 2
8, -0
6, 0.125
5.5, 8.0625
0, 0
4, 8
6.625, 10
4, 0
4, 4
8, 4
8, 0
8, 8
3.5, 9
4.5, 4
8, 0
2, 1
5.5, 7.5
7.5, 1
6.75, 8
0, -0
7, 6
-0, -0
8, 4
0, 4
8, -0
8, 8
0, 4
1.875, 9
1, 0
4, 4
5.625, 8
1, 3.25
2.5, 8.125
4, 0
4, 8
3, 5
5.25, 6
8, -0
0, 0
0, 0
2.75, -0
9.5, 1
4, 0
0, -0
-0, 4
4, 10
2.75, 0
-0, 4
1, 4
-0, -0
8, 8
0, 7.125
4, 4
8, 8
8, 7.75
4, 4
9, 2
0, -0
8, 5
8, 4
4, 5
8.25, 6.03125
-0, 0
8, 8
4, 0
0, 0
0, 8
3.5, 0
0, -0
4, 4
0, 8
1.25, 10
0, 0
6.375, 11
10.5, 10.125
8, -0
0.25, 8
9, 8
11, 0.875
4, 4
0, 0
5.75, 0
4, 0
4, 0
8, 8
3, 7.375
4, 2
0, 2
10, 0.5
8, 10.875
10.5, 8
8, 0
8.5, 2
8, 4
11.75, 1
5, 8
8, -0
3.5, 11.5
8, 4
11, 2.875
6, 8.5
4, -0
4, 9.5
4, 4
4, 10.625
-0, -0
5.5, 7
0, 8
8, 0.625
10, 1
-0, 10
3, 2

11, 10
8.75, 7
8, 11
4, 4
4, 8
8, 4
8, 0
8, 8
-0, 4
-0, 1
3, 10.5
8, 6.125
4, 4.625
0, 8
4, 4
0.375, 10.5
-0, 4
-0, 8
4, 4
0, 8
4, 4
2, 4
1.5, 2
3.25, 9.9375
10, 0
4, 4
4, 4
4, 8
8, -0
4, 4
8, 0
7, 11.6875
10, 9
4, 8
4, 11.25
8, 1.5625
8, 0
0, 11
0.5, 2
4, 4
8, -0
8, 8
4, 0
8, 11
4, 9
7, 8
8, 8
7, 6
6.5, 1.75
4, 6.75
7.375, 8
4, 4
5, 7
-0, 8
-0, 8
0, 4
-0, 8
8, 8
4, 8
3.375, 4
9, 8
4, 6
4.25, 2
6.5, 5.25
11.875, 8.125
4, 8
-0, 8
9.5, 5
0.4375, 5.125
8, -0
8, 8
0, 8
5, 4
9.75, 4
4, 4
0, 4
4, 8
10, 8
7.75, 4
4, 4
11, 0
-0, 8
4, 8
8, 5.625
8, 0
-0, 8
8, 10.25
4, 0
8, 7
8, 4
8, 10
8, 8
-0, 1.5
0.25, -0
4, 8
-0, 8
8, 4
4, 4
8, 4
7, 0
8, -0
4, 4
0, 4
7.75, 4.4375
4, 4
8.5, 6
6.5, 7.375
8, 8
5.75, 8
2, 3.5
11, 9
4, 4
8, 8
2.25, 8
8, 0
-0, 0
0, -0
1.5, 10.375
10, 11
4, 1
0, 1
4, 11.6875
6.75, 11
8, 4
4.125, 8
8, 8
10.5, 5.5
10, 8
0, 8
10.75, 5.25
8, 8
6, 4.4375
8, 8.5
8, 8
11, 7
8, -0
8, 0.25
8.5, -0
8, 9
8, 8
8, 10.75
11, 8
-0, 2
-0, 9

5, 6
5.125, 4
1, -0
8, 8
-0, 8
-0, 8
4, 8
0, 4
4, 8
1, 11
2.5, 9.5
0, 2.375
9, 7.375
8, 7
0, 4
9.875, 10.5
8, 2
8, 8
4, 8
0, 4
4, 0
6, 0
8.5, 3
6.625, 0.125
0.75, 4
8, 8
8, 4
0, 8
4, 8
-0, -0
-0, 8
8, 5.8125
-0, 5
4, -0
6, 11.75
11.25, 1.875
8, 8
8, 2
0.75, 2
-0, 8
4, 4
4, 4
-0, 8
1, 2
4, 6
3, -0
4, 4
8.5, 2
2.75, 8.25
4, 6.75
2.625, 8
4, 8
11, 11
8, -0
-0, 8
0, 4
-0, 8
4, -0
4, 0
3.125, 1
8, 0
4, 8
5.5, 2
1.5, 11.75
0.75, 5.125
4, 4
4, 8
9.75, 7
9.125, 6.625
4, -0
4, 4
0, 4
7.75, -0
9.75, 5
8, 0
0, 4
4, -0
4, 8
1, 4
-0, 4
4, 8
8, 4
8, 4
0, 10.875
4, 8
-0, 8
-0, 6
8, 8
7.5, 8
0, 8
8, 0
4, 0
6, 10.5
5.5, 6
4, 0
8, 8
4, 4
8, 8
0, 4
7.25, 8
8, 8
4, 4
0, 4
1, 8.125
8, 8
2.875, 5
4, 10.125
4, -0
4.75, 8
10, 7.5
8, 2
-0, 8
4, 4
11, 8
0, 0
-0, 8
4, 4
3, 8.25
6, 1
4, 7
0, 11
-0, 11.1875
11.375, 1
-0, 4
2.25, 6
0, 4
6.5, 0.5
-0, 8
4, -0
10, 8.25
8, 8
5, 4.125
8, 11
0, 4
6, 9
8, 8
4, 8.5
3, -0
4.5, 8
4, 8
0, 1.375
5, -0
4, 7
4, 2

0.75, 10
8.625, 10
9, 1
4, 8
8, 8
4, 0
8, 0
0, 4
-0, 4
-0, 5
5.5, 2
8, 10.5
6, 5.625
0, 10
4, 4
4.75, 7
8, 11
8, -0
4, 8
4, 8
-0, 4
2, 4
2, 2
7.375, 3
1, 2
4, 8
8, 0
4, 8
8, -0
4, 8
-0, 4
10, 4.3125
10, 4
-0, 4
7.75, 8.125
2.25, 9.3125
8, 0
10, 6
10, 4
4, 4
0, 4
4, -0
4, 4
9, 8
1, 11
1, -0
4, 4
4, 10
6, 7.75
3.5, 7
6.625, 8
8, -0
1, 2
4, -0
-0, 4
4, 8
4, -0
4, -0
0, 4
11.875, 8
7, 4
4, 4
5.75, 6
9.5, 3.25
8, 2.75
0, 4
4, 0
3.75, 5.5
9.625, 8
8, -0
4, 4
8, 0
8.25, 4
1.75, 5
4, 8
0, 4
8, 8
10, 10
11, 0
4, 4
0.5, 0
4, 4
0, -0
0, 1.125
4, 8
8, 8
-0, 10.75
0, 4
11, 5
0, -0
-0, 0
8, 4
4, 7.25
9.5, 10
4, 4
4, 8
4, 4
4, 8
8, 0
9, 8
0, -0
4, 4
0, 4
7.25, 3.375
4, 8
8.375, 0
11.25, 3.75
4, -0
9.5, 8
11, 11.5
2, 9
4, 8
0, 4
7.75, 8
0, 0
8, 8
8, 8
9.25, 9.25
4, 3
0, 2
10, 3.5
-0, 3.75
4.625, 7
8, 0
1.375, 4
4, -0
7, 5.5
9, 4
0, 4
3.75, 2.5
4, 0
1, 10.5
8, 2
8, 4
7, 4
8, -0
-0, 2.125
11.5, 8
2.5, -0
0, 4
0, 9.375
11, 3
4, 2
10, 3

1, 2
8.375, 8
9, 3
0, 8
8, 8
4, 4
8, 4
8, 4
8, 8
1, 9
10.5, 1.5
8, 9.5
8, 8.125
8, 11
0, 4
6.375, 10.75
4, 10
-0, 4
4, 4
4, 4
-0, 0
9, 0
7.5, 4
7.75, 10.625
7.25, 8
4, 4
-0, 4
4, 4
-0, 8
-0, 8
8, 0
11, 3.1875
4, 9.5
-0, -0
9.75, 3.125
6.75, 3.75
8, 8
8, 0
9.875, 10
8, 4
4, -0
8, 4
4, 4
3, 5
5.5, 5
0.25, 8
8, 4
0.5, 10
8, 3.25
2, 9.5
2.875, 8
4, 4
-0, 7
4, 8
8, 4
4, 4
4, 4
8, 4
0, 4
9, 8
3, 0
4, 6
2.75, 4
9, 2.75
11.5, 8.875
8, 4
4, 0
11.5, 9
4.9375, 7.75
4, -0
0, 4
0, 8
11.75, 4
8.75, 2
4, 4
4, 8
8, 8
4, 0
5, 4
8, 4
2, 0
4, 8
8, -0
8, 1.875
8, 4
4, 8
-0, 9.75
4, 4
8, 9
4, 8
8, 7
-0, 4
6, 1.75
7.875, 7
8, 8
-0, 4
4, 8
0, 8
0, 8
8.5, 4
0, 4
0, 8
0, 4
6.5, 1.125
4, 4
8.4375, 4
8.25, 10.625
8, -0
5, -0
-0, 9.5
10, 10
8, 4
8, 4
2, 0
0, 4
4, 8
8, 8
3, 11.75
10, 5
8, 9
0, 7
8, 4.8125
1.75, 8
8, 8
6, 10
8, -0
11, 8
4, 4
8, 4
2.75, 8
8, 0
8, 8.0625
2, 0.5
4, 8
8, 11.5
8, 8
4, 2.875
5, 4
7, 4
4, 8
8, 6.5
11, 6
8, 3
2, 10

9.25, 1
4.25, 1
7, 8
4, 0
4, -0
4, 4
4, 0
8, 8
4, 4
9, 2
10.5, 1.5
4, 3
10, 6.5
8, 7
4, 4
2.625, 6.5
-0, 5
4, -0
8, -0
4, 0
8, 8
11, 4
0, 4
11.625, 1.6875
6.75, 4
8, 4
-0, 4
0, 8
8, 4
-0, 4
8, 8
10, 2.4375
6, 4
8, 4
4, 8.125
2.5, 3.1875
8, 4
0, 4
4.75, 4
4, 0
8, 8
-0, 8
-0, 0
11, 9
5, 3
7.5, 8
8, 4
0.5, 10
11.5, 9.75
10.5, 8.25
11.875, 4
4, -0
3, 11
4, -0
4, 0
8, 4
4, -0
4, 4
0, 4
2.875, 8
9, 4
4, 4
6.375, 10
3, 1
2.75, 8.75
8, 4
8, 4
2.75, 9
0.625, 11.5
8, 4
0, 0
4, 0
10, 4
8.25, 2
4, 0
0, -0
-0, -0
6, 8
7.5, 4
-0, -0
1.5, 8
4, -0
8, 8
8, 11.375
4, 0
4, 8
-0, 1.25
4, 0
3.5, 3
4, -0
8, 8
8, 4
10, 6.25
8.25, 8
8, 8
8, 8
0, 4
8, 4
4, 8
9.25, 8
8, 8
4, 8
4, 4
6.5, 11.0625
8, 0
10, 0
8, 8.375
-0, 4
2.5, 8
-0, 10.5
5, 8
-0, 4
4, 0
3.5, 8
4, 0
8, 8
4, -0
10, 11.75
10, 5
8, 6
4, 1.5
4, 4.4375
1.75, 0
8, 4
5.75, 4
0, 4
4.25, 9.5
5, 4
0, 4
3.5, 3.5
0, 4
8, 3.875
0, 2.5
4, 4
10, 5
8, 4
8, 11.875
11.5, -0
5, 9
4, 8
4, 1.5
9, 2
8, 8
1, 2

1.75, 2
1.375, -0
9, 2
0, 8
4, 4
-0, 8
-0, 8
8, 4
8, 8
1, 10
2, 0.5
0, 2.625
7, 6.625
4, 5
8, 4
10.75, 11.25
-0, 5
-0, -0
8, 4
0, 0
8, 0
10, 8
0, 6
5.125, 2.4375
5, 10
0, 0
8, 4
0, 4
-0, 8
-0, -0
8, 4
9, 3.4375
6, 9
8, 8
3.5, 5.75
8.25, 7
0, 4
0, 5
9.625, 2
4, 4
8, 4
8, 4
8, 4
10, 6
4, 1
10, -0
8, 8
2, 11
9.75, 9.75
8, 2.5
0.25, 8
8, 8
10, 5
8, 4
8, 4
0, 0
-0, 8
0, 4
0, 4
3.375, 7
10, 0
8, 4
0.875, 4
10.5, 5.75
2, 11
0, 8
8, 8
0.75, 7.5
2.8125, 7.5
0, 4
8, 8
0, 0
8.5, -0
2, 1
-0, 4
0, -0
-0, -0
8, 0
9.25, 4
8, 8
8, 0
8, 8
4, 4
4, 7.25
0, 0
-0, 8
8, 6.25
0, 0
4, 9
8, 4
4, 8
8, 4
8, 8.25
2.75, 6
-0, 0
8, 4
8, 4
0, 8
0, 8
6.5, 8
0, 8
8, 8
4, 4
3, 3.9375
0, 8
11.3125, 5
5, 6.75
8, 4
2.75, 8
3, 0.5
5, 2
-0, 4
8, 4
4, 4
0, 8
-0, 0
4, 4
6.5, 2
8, 6
4, 3
2, 11
8, 8.8125
0.375, 8
-0, 4
4, 6
0, 4
7.5, 10.5
6, 4
4, 4
11.75, 2
0, 8
11, 9.5625
8, 0
4, 8
5, 6
-0, 4
4, 1
9.5, 4
9, 1
8, 8
4, 7.625
9, 10
8, 4
8, 4

3.75, 1
2, 2
8, 5
8, 8
-0, -0
-0, 8
8, 4
8, -0
8, 4
1, 11
3.5, 3
4, 2.375
1, 3.375
8, 3
0, 0
0.375, 5
8, 11
8, 8
0, 8
8, 4
4, 8
4, 0
6, 2
10.75, 5.6875
1.5, 6
8, 4
4, 4
4, 0
8, -0
4, -0
-0, 4
10, 3.875
-0, 10
4, 8
4, 4.75
10.5, 10.0625
8, 4
10, 8
6.375, 4
4, 8
0, 4
4, 4
4, 0
7, 2
8.5, 10
6.25, 8
-0, 8
3, 9
3, 0.5
5, 7.75
2.375, 8
0, 8
8, 1
4, 8
4, 4
8, 4
-0, 4
0, -0
8, 4
0.875, 11
11, 4
8, 10
10.5, 0
2.5, 3
1.5, 5.25
4, 8
-0, 8
11, 7.5
4.6875, 2.25
8, 4
0, 4
8, 8
11.25, 8
0.5, 4
8, 4
4, 8
4, 8
8, 6
8.5, 4
-0, 4
9, 0
4, 8
8, 8
4, 8.25
8, 0
4, 0
-0, 0.75
8, 0
7.5, 3
4, -0
-0, 5
-0, 4
10, 11
2.5, 10
-0, 8
8, 8
4, 4
8, 0
0, 0
10.25, 4
4, -0
0, 4
8, 4
1, 11.5625
8, 0
6.3125, 9
0, 1.25
4, -0
4.5, 4
2, 0.5
9, 11
8, 0
4, 8
1.25, 8
8, 8
8, 8
0, -0
3.5, 7.625
4, 1
4, 8
2, 4
8, 8.75
11.625, 11
-0, 8
7.75, 4
4, 8
8, 7.5
3, 4
8, 8
0.25, 8.5
4, 0
4, 2
8, 2
8, -0
1, 9
8, 4
-0, 0.25
2, 4
2.5, 6
4, -0
4, 2.25
10, 9
4, 3
-0, 5

7.5, -0
3.375, 4
10, 1
8, 4
8, 4
-0, 8
8, 8
8, 4
8, 8
4, 7
6, 6
8, 3.5
2, 10.125
4, 7
4, 4
9.125, 9.5
-0, 10
8, 4
0, 8
8, 4
-0, 0
3, 0
6, 9
10.875, 0.875
11.75, 4
4, 0
8, 4
8, 8
4, 4
8, 4
8, 4
5, 10.9375
6, 5.5
4, 4
10, 2.375
4, 1.375
4, 0
0, 11
8.625, -0
-0, 4
8, 4
4, 4
4, 4
8, 7
9, 2
0.25, 4
-0, 8
5, 7
7.5, 9.5
2.5, 3
7.5, 4
0, -0
4, 2
-0, -0
-0, 4
4, 0
-0, 4
8, 8
4, 0
3.5, 2
11, 0
8, 8
4, 0
8.5, 1.25
8.625, 2.125
8, 8
8, 4
0.5, 10
6.9375, 8.875
0, 8
4, 4
8, 4
1.5, 4
2.25, 7
8, 0
4, -0
8, 4
2, 2
10, 0
-0, 8
2, 0
8, 8
0, 4
4, 10.75
4, 4
8, 4
8, 11
4, 4
10, 6
4, 8
-0, 7
8, 8
-0, 10.75
10.75, 11
4, 4
-0, 4
4, 4
8, 4
4, 4
8.75, 0
0, 4
4, 8
8, 4
5, 0.625
8, 4
8.6875, 6
2.75, 2.5
8, -0
1.25, 8
3, 10
5, 3
-0, 8
0, 0
5.25, 8
0, 0
-0, 4
8, 4
8.25, 0
-0, -0
8, 2
8, 6.5
4, 1.6875
9.25, 7
8, 4
9.125, 6
8, 4
1.75, 5.5
10, 8
8, 4
7.5, 9.5
4, 8
1, 10.125
8, 1.5
4, -0
3, 6
-0, -0
4, 7.875
-0, 8
11, 11
4, 4
0, 4
-0, 4
8, 2
6, 2

8, 6
5.25, 3
5, 10
8, 8
-0, 4
-0, 0
-0, 4
0, 8
4, 8
5, 5
9, 5.5
8, 0.75
9, 6.375
4, 3
4, 8
6.25, 7
-0, 8
4, 4
4, 4
0, 4
-0, 4
10, 8
11, 9
5.75, 7.6875
9.75, 0
4, 4
-0, 8
0, 8
-0, -0
8, 8
-0, 8
5, 7.25
6, 10
4, -0
10, 2.375
3, 6.75
4, 8
8, 2
4.75, 8
-0, 8
8, 8
-0, 4
8, 0
9, 2
9, 8
8.75, 4
-0, 8
11.5, 10
9.5, 6.5
11, 6.5
11.5, -0
4, 4
2, 7
-0, 8
-0, 4
4, 4
-0, 8
4, 4
0, 0
8.75, 6
8, 4
0, 6
11.375, 0
11, 9
2.25, 0.125
0, 8
-0, 4
0.5, 0.5
3.1875, 9
4, 8
4, 4
8, 0
6, 8
8.5, 7
-0, 4
8, 8
8, 8
2, 10
10, 0
4, 4
0.5, 8
-0, 8
8, -0
0, 7.375
0, 8
-0, 4
4, 10
0, 4
4.5, 2
4, -0
4, 7
-0, 8
6, 10.25
3.625, 9
-0, 4
8, 0
4, 4
8, 8
0, 0
10.5, 0
0, -0
0, 4
4, 8
1.5, 5.5625
8, 8
1.875, 0
9.5, 9.25
-0, 8
7.5, 8
2, 8
2, 3
4, 4
0, 8
6.75, 0
0, 8
-0, 8
0, 4
11.5, 9.75
2, 1
4, 9
2, 8.5
-0, 5.9375
1.625, 9
-0, 4
6.5, 4
0, 4
2.25, 9
10, 4
8, 4
9.5, 1.5
0, 0
8, 0.25
2, 0
0, 4
9, 6
8, 4
8, 11.625
2, 4
10, 9
4, 8
0, 1.875
9, 3
4, 0
11, 10

10.5, 3
0.5, 2
6, 6
4, 0
4, 4
-0, 0
-0, 0
4, -0
4, 8
8, 9
4.5, 10.5
8, 0.375
3, 4.5
4, 8
0, 4
3.25, 11
8, 10
4, -0
0, -0
0, 8
4, 0
0, 0
5.5, 3
11.5, 4.5625
2.5, 4
4, 0
-0, 0
4, 8
8, 4
4, -0
4, 8
1, 10.5625
2, 1
4, 8
1.5, 2.25
11.5, 2.1875
8, 4
8, 9
1.625, 8
-0, 8
0, 4
4, 8
4, 8
2, 7
9, 5
4.25, 4
4, 8
7.5, 1
5, 10
10, 7.75
3.125, 4
0, -0
-0, 6
8, 4
4, 4
4, 0
4, -0
0, 4
0, 0
7.625, 9
5, 8
8, 2
6.875, 10
5, 4.5
11.125, 2.125
4, 8
8, 8
5.5, 1
1.3125, 5.625
4, 4
8, 0
4, 0
4, -0
9.25, 11
4, 4
8, 4
8, 8
4, 8
7.75, 4
8, -0
5.5, 4
-0, 4
0, -0
0, 0.5
4, 0
8, 8
-0, 2.75
8, 4
-0, 5
0, 4
8, 4
8, 0
2, 3.5
1.125, 7
4, 8
4, 8
8, 4
8, 4
0, 0
6, 4
8, 4
4, 8
0, 8
5, 11.3125
0, 8
8.5625, 3
0.25, 3
-0, 8
3.75, -0
5, 2
7, 4
-0, 0
8, 4
8, 4
0, 0
8, 4
4, 4
3.75, 1
-0, 8
0, 3
2, 3
8, 0.9375
2.75, 0
-0, 8
10.375, 10
4, -0
7.25, 2
4, 8
4, 8
10.75, 1.25
0, 8
8, 0.5
0, 5
0, -0
0, 8
8, 4
8, 5
11, 8
8, 5
4, 4
4, 10.875
10, 1
4, 8
11, 6

9.25, 8
6.125, 9
4, 10
8, 8
8, -0
4, 4
8, 4
4, 4
-0, 8
7, 8
4.5, 5
4, 5.75
5, 0.375
8, 10
8, 8
3.375, 10
8, 5
4, 8
8, 8
8, 8
8, 8
1, 4
5, 9
2.75, 9
9.5, 10
8, 4
8, 8
0, 8
-0, -0
8, 8
8, 0
9, 3
8, 11
4, 4
3, 3.25
2, 10.5625
8, 4
0, 11
0.375, 4
8, 4
8, -0
-0, 4
-0, 8
2, 9
1, 6
8.25, 4
8, 4
10, 6
8.25, 6
2, 0.5
10.125, 8
8, 8
9, 9
4, 8
-0, 8
8, 8
8, 4
8, 8
0, 4
10.875, 11
11, 8
8, -0
3, 2
7.5, 10
3.875, 0.5
8, 4
-0, 8
2, -0
7.5625, 2.875
8, 8
0, 8
4, 8
5, 4
11.25, 8
8, 8
0, 8
-0, 8
10, 4
11.75, 8
-0, 8
1, 8
-0, 8
0, 4
8, 7.625
8, 4
8, 0
8, 4
0, 8
-0, 4
4, 4
8, 6
8, 8
2, 4.75
10.25, 5
8, 8
-0, 4
0, 0
4, 0
8, 8
11.5, 8
4, 8
8, 4
0, 4
2.75, 1.1875
8, 8
9.5, 9
7, 6.875
4, 4
8.25, 4
7, 10
11, 2
8, 8
4, 8
8.25, 0
8, 4
8, 4
8, -0
4.5, 1.125
8, 10
8, 9
10, 7.5
8, 2.375
1, 8
8, 8
3.875, 2
0, 8
8, 10
6, 4
4, 4
1.75, 8.25
8, 0
11, 7.9375
0, 11
8, 8
5, 3
-0, 4
4, 4.125
6, 8
11.5, 6
4, 4
0, 1.75
11, 10
4, 7
4, 4

7.75, 8
2.875, 4
5, 5
0, 8
-0, -0
-0, 0
8, 4
0, 8
-0, 8
11, 0
4.5, 10
4, 1.625
9, 5.75
0, 4
0, 0
4, 6.25
-0, 6
4, -0
8, -0
0, 8
8, 0
5, 0
11.5, 9
3.375, 11.5
11.5, 0
8, 8
4, 8
0, 4
4, 4
-0, 8
-0, 0
11, 2.8125
10, 2
4, -0
7.75, 5.625
10.5, 2.875
0, 8
10, 2
1.875, 6
4, 0
0, 4
4, -0
4, 8
8, 7
1.5, 6
3, -0
-0, 0
5.5, 0
9.25, 11.25
4, 7
10.125, 8
0, 8
4, 2
-0, 8
-0, 4
0, 8
-0, 8
4, -0
4, 8
4.875, 1
0, 8
4, -0
1.625, 6
9.5, 7.75
10.375, 6.75
0, 0
-0, 4
3.5, 9
5.0625, 10.5
8, 8
0, 0
0, 0
4.5, 4
2.5, 6
-0, 8
0, 8
8, 8
-0, 6
3.25, 8
4, 4
6.5, 8
4, 8
4, 8
8, 1.5
0, 8
-0, 4
-0, 8
8, 4
11.5, 3
8, 8
-0, 11
-0, 0
2, 4.25
9.625, 4
-0, 4
-0, 0
0, 8
0, 0
8, 4
2, 4
8, -0
0, 8
0, 8
10.75, 5.125
0, 0
7.75, 6
4.25, 8.625
-0, 8
6.25, 8
-0, 7.5
0, 4
8, 8
0, 8
9.25, 8
0, 4
-0, 4
0, -0
7, 0.625
6, 2
4, 7
0, 11
4, 6.875
3.5, 9
-0, 4
11.5, -0
0, 4
5, 7
9, 4
4, -0
5.75, 7.25
0, 4
10, 2.375
0, 9
0, -0
10, 3
-0, 8
-0, 1.75
5, 8
10, 7
0, -0
8, 4.625
2, 2
8, 5
8, 11

3.5, 4
0.375, 10
0, 8
8, 0
4, 4
8, 8
8, 4
8, 8
4, 4
2, 10
0.5, 1
4, 4.5
3, 0.5
8, 11
4, 8
11.25, 3.5
4, 7
4, 8
0, 4
8, 4
4, 8
3, 0
10, 1
2.125, 10.25
2, 0
8, 4
8, 0
4, 0
8, -0
4, 8
4, 0
2, 9.9375
10, 9
8, 8
0.25, 10.25
2.5, 10.75
4, 8
4, 6
2.375, 4
4, 4
4, -0
8, 8
-0, 8
9, 5
7, 7
6.25, 8
8, 8
9, 10
3, 2
5.5, 9
7.5, 4
8, -0
5, 0
-0, 4
4, 0
4, 8
8, 4
4, 8
0, 8
3.875, 2
9, 8
0, 10
11.875, 10
3, 8.25
11.125, 10.375
8, 8
4, 4
8.5, 0.5
4.125, 6.125
0, 4
0, 4
4, 8
10.25, 4
4.25, 10
4, 8
8, 8
-0, -0
10, 6
9.75, 4
-0, -0
7, 8
-0, -0
4, 8
4, 2.625
8, 8
4, 4
8, 5.25
8, 8
9, 9
0, 8
-0, 4
4, 8
2, 10
6.625, 1
8, 4
-0, 4
8, 4
4, 8
4, 0
1, 0
4, 8
8, 4
4, 4
4, 3.625
8, 0
6.1875, 2
6.5, 7.75
-0, 4
11, 8
8, 10
9, 3
8, 4
0, 4
3.5, 0
8, 8
-0, 0
4, 4
5, 1.375
4, 9
8, 8
4, 8.5
-0, 0
2.75, 2
4, 8
4.125, -0
4, 4
4.5, 7.5
7, 8
8, 8
5.5, 6
4, 0
9, 0.5
2, 10.5
4, 4
7, 8
4, 8
8, 9.25
7, 4
6, 10
8, 4
8, 1
3, 2
-0, 2
1, 11

5, 3
9.5, 5
2, 11
4, 4
8, 4
4, 0
-0, 4
4, -0
8, 4
9, 8
9.5, 2.5
8, 11.375
5, 9.375
8, 2
8, 4
4.75, 10
4, 7
4, 4
4, 4
0, 8
4, 0
0, 8
9, 11
4.625, 11.75
11.75, 2
4, 4
4, 4
4, 4
-0, 4
8, -0
8, 8
5, 6.9375
4, 1
-0, -0
5.75, 5.875
11.5, 8.9375
4, 8
2, 5
6.625, 4
8, 4
8, 4
4, -0
4, 0
7, 3
11, 6
3.25, 4
4, 0
6.5, 11
3.75, 2.75
7, 8
11.875, 4
0, 4
6, 3
4, -0
4, 4
4, 4
-0, 4
0, 8
4, 4
0.125, 9
3, 8
4, -0
3.75, 10
7.5, 5.5
10.25, 4.375
4, 0
4, 8
11, 1
5.9375, 1.375
4, 8
8, 4
8, 8
4.5, -0
10.75, 3
-0, 0
4, 4
4, 4
6, 6
4.25, 8
4, -0
0, 8
4, -0
0, 8
8, 11.25
8, 4
4, 8
-0, 3.75
8, 0
-0, 7
4, 4
4, 10
4, 0
-0, 2.625
11.625, 8
4, 4
-0, 8
8, 4
4, 4
0, 4
4.5, 4
0, 4
8, 4
4, 4
7, 6.125
8, 8
5, 3
1, 9.875
8, 4
11.5, 8
6, 2.5
3, 5
-0, 4
4, 0
11, 8
0, 8
8, 8
8, 4
10, 9.875
2, 6
8, 1
6, -0
-0, 3
8.625, 8
4, 8
7.625, 8
8, 8
11, 5
6, 4
4, 4
6.25, 9
4, 0
6, 10.375
0, 6
4, 4
3, 6
4, 8
4, 11.75
10, 4
4, 7
0, 4
0, 9
5, 2
-0, 10
6, 7

7, 5
7.5, 6
5, 4
8, 4
4, -0
8, 8
8, 4
8, 8
8, 4
7, 3
9.5, 1
0, 11.875
0, 9.625
4, 3
4, 0
4.25, -0
-0, 9
8, 4
8, 4
0, 4
8, 4
3, 0
5.5, 11
-0, 8
6, 10
0, 4
8, 0
4, 0
8, 4
4, 8
8, 8
9, 4.4375
2, 0.5
4, -0
4.5, 8.75
5, 2.0625
0, 4
2, 0
1.25, 8
8, 4
8, 8
4, 8
-0, 4
8, 1
1, 10
11.75, -0
4, 8
8.5, 5
7.25, 7.5
9, 5
6.375, 8
8, -0
5, 10
8, -0
8, 4
4, 8
4, -0
0, 4
8, 8
4.75, 5
6, 0
4, 10
7.625, 4
8, 0.25
8.625, 6.75
4, 0
4, 0
8.5, 7
5.75, 1.5
4, 4
4, 0
4, 8
9.25, -0
1.75, 7
4, 8
4, 4
8, 8
6, 4
7.25, 0
4, 8
5, 8
8, 4
8, 4
8, 3
4, 8
-0, 4
-0, 8.25
8, 0
-0, -0
4, 8
-0, 6
4, 8
4, 5.375
2.25, 3
8, 4
8, 4
4, 8
8, 4
8, 4
7.75, 8
8, 4
8, 4
8, 4
8.5, 8.75
0, 4
3.875, 2
10, 6.75
8, 4
11, 8
6, 4
9, 5
8, 0
8, 0
10.75, 8
8, 8
4, 8
4, -0
9.25, 10.75
4, 1
4, 1
10, 6.5
8, 5
8.25, 3
4, 4
0.125, 2
8, 4
9.5, 6.5
-0, 4
4, 8
1.75, 6
8, 4
10, 9.1875
0, 2
8, 4
6, 11.5
-0, 4
4, 3.75
10, 4
11.5, 11
4, -0
4, 2
4, -0
4, 6
10, 8

8, 11
2.25, 11
8, 5
4, 8
8, 8
4, 4
-0, 4
4, 4
-0, 8
3, 5
9.5, 8.5
0, 7.375
8, 8.875
0, 2
0, 4
2.625, 4
8, 6
4, 8
0, 4
4, 8
4, 0
2, 0
10.5, 4
0.25, -0
7.75, 4
4, 8
8, 0
4, 8
8, -0
-0, 8
-0, 8
-0, 4.375
4, 11.5
8, 8
10.75, 11.375
1, 2.5625
0, 4
0, 1
8.75, 4
4, 4
0, 8
8, 4
4, 0
7, 5
8, 11
4, -0
4, 4
2.5, 6
7.5, 0.75
2.5, 9.75
3.5, 4
0, 8
6, 11
-0, 4
4, 8
4, 8
8, 8
0, 8
0, 8
6.5, 11
6, 4
4, 2
11.125, 0
9, 0.25
2.625, 11.75
4, 4
8, 8
8, 6
1, 1.5
0, 8
8, 4
4, 8
11.25, -0
11.5, 5
4, 8
4, 8
-0, 8
6, 10
3, 0
8, 4
11.5, 0
-0, 4
8, 8
8, 1
8, 4
4, 8
8, 4.25
8, 0
4.5, 10
0, 8
-0, 4
8, 4
-0, 11.25
7.875, 3
8, 4
8, 8
0, 0
4, 8
8, 0
10, 4
4, 8
8, 8
4, 8
10.75, 2.6875
4, 8
10.8125, 0
1.25, 8
-0, 8
7.25, 4
4, 11.5
10, 8
4, 8
0, 4
2.25, 8
8, 0
-0, 8
8, 8
6.75, 11.375
-0, 8
4, 3
0, 8
4, 7
9, 0
4, 8
3.5, -0
4, -0
4.75, 0
8, 0
0, 8
0.75, 10.25
4, 0
1, 7.625
0, 11.5
8, 8
1, 2.5
4, 8
4, 5.25
10, -0
0.5, 1
8, 4
8, 1
8, 4
-0, 7
9, 1

3.75, 11
9.25, 2
10, 4
8, 8
8, 8
-0, 4
8, 8
4, 8
4, -0
1, 9
2.5, 10
8, 8.875
1, 8.125
8, 1
8, 0
8.375, 11.5
4, 8
4, -0
8, -0
4, 0
-0, 0
7, 0
11, 7
7.25, 9.375
8, 10
8, 8
8, 8
4, 8
4, 8
4, -0
8, 0
4, 0
-0, 1
8, -0
5, 1.125
4.75, 0.8125
8, 4
2, 8
4.375, 6
4, 0
8, -0
8, -0
4, 8
6, 8
2.5, 0
5.75, -0
8, 0
11, 8
2, 9.25
9.5, 2.5
3.375, -0
4, 4
6, 0
8, 4
-0, 0
4, 0
4, -0
0, 8
8, 0
5.625, 3
8, 8
8, 8
0.875, 2
3, 3
0.75, 3.125
0, 4
8, 8
8.75, 11
7.9375, 0.625
0, 4
8, 4
4, 0
6, 4
2.25, 3
4, 0
4, 8
8, -0
8, 4
11.25, 0
8, 4
9.5, 8
8, -0
8, -0
4, 11
4, 0
8, 8
4, 3.5
4, 0
-0, 8
4, 8
8, 8
-0, 8
10, 2.375
7.875, 10
8, 4
8, 0
0, 0
8, 8
8, 8
9.75, 4
8, -0
8, 4
4, -0
6, 3.625
4, 0
7.5, 11
1.25, 2.75
4, 8
9, 8
8, 3
6, 11
-0, 0
8, 4
9.75, 0
4, 8
4, 4
8, 8
7, 3
6, 7
4, 4
10, 3.5
4, 0
8.125, 2
8, 4
2, 10
4, 8
7, 0.5
5, 8
4, -0
3.5, 6
8, 0
2, 2.25
10, 0
0, 8
7, 7.5
4, 4
8, 10.125
-0, -0
7, 3
8, 8
0, 4
-0, 6
-0, 10
5, 7

4.25, 8
1.875, 10
4, 2
4, 0
8, -0
4, 0
8, 0
8, -0
-0, 4
6, 9
0, 5
4, 9.875
9, 2.75
8, 1
4, 8
4.125, -0
8, 0
4, -0
4, -0
8, 4
-0, 8
7, 4
9, 5
8.75, 0.875
6, 6
8, 4
4, 0
4, 8
4, -0
8, 4
8, 0
-0, 4
-0, 9.5
-0, -0
0.25, 9.375
3, 4.625
0, 4
6, 11
4.25, -0
4, 0
0, 8
4, 4
8, 0
3, 9
5.5, 5
8.25, 4
8, 0
11, 5
2.25, 11.75
8, 0.25
1.25, 8
4, -0
4, 1
-0, -0
8, 0
8, 0
-0, 8
4, -0
0, 8
8.375, 7
11, 0
0, -0
8.75, 6
8, 4.75
1, 0.5
0, 0
8, 0
4.5, 8.5
6.1875, 0.5
0, 4
0, 0
4, 0
3.5, -0
7, 9
8, 0
4, 4
4, -0
2, 4
11.75, 4
4, -0
10, 8
-0, -0
4, 8
0, 8.125
0, 0
8, 0
-0, 11
0, 8
10, 1
4, 8
4, 0
4, 8
2, 0.5
7.625, 10
8, 0
4, 8
0, 0
8, 4
4, 8
0.5, 0
4, -0
8, 4
4, 8
5.5, 9.125
8, 0
2.1875, 9
7.5, 8.375
4, -0
8.5, 4
5, 7
6, 9
4, 0
0, 0
6.5, 0
8, 0
8, 0
8, -0
8.5, 7.25
4, 1
4, 3
8, -0
8, 9
10.875, 4
4, 8
4.25, 8
4, -0
9.5, 7.5
6, 0
0, 4
8.25, 6.25
8, 0
4, 7.1875
8, 6.5
4, 8
10, 8
-0, 8
8, 6
0.5, 4
9, 2
0, -0
0, 9
6, 9
-0, 6
1, 9

0.25, 11
11.25, 8
1, 7
4, 0
4, -0
8, 0
8, 8
8, 8
-0, 4
10, 3
2.5, 8
4, 10.625
4, 8.375
4, 2
0, 8
10.875, 9.5
-0, 2
4, 4
8, 8
0, 8
8, 8
8, 0
3, 2
1, 8.0625
5.25, 0
8, 0
8, 0
4, 8
8, -0
8, 8
4, 4
3, 8
2, 2.5
-0, -0
-0, 3.125
3.75, 7.5625
0, 8
4, 5
11.125, 6
8, 0
4, 4
-0, -0
4, 8
5, 5
6, 5
7, 4
-0, 0
8.5, 4
3.5, 11.5
7, 9.75
7.75, 4
8, -0
7, 8
-0, 8
4, 4
4, 0
8, 8
0, -0
4, 4
11.75, 11
8, 0
4, -0
4.25, 8
7.5, 4
6.125, 8.125
8, 8
8, 0
3, -0
6.1875, 7.375
0, -0
0, 4
0, 8
3, 8
0.5, 10
-0, 8
4, 8
-0, 4
6, 8
8.75, 8
-0, 4
8.5, 0
-0, 8
0, 8
0, 11.625
8, 8
8, 4
8, 4.75
4, 8
1.5, 9
4, 8
4, 8
-0, 8
6, 11.375
2.125, 3
8, 8
-0, 8
8, 4
8, 0
8, 0
0.75, 4
4, 4
8, 4
0, 8
0.25, 8.75
4, 0
5.375, 11
10.75, 0.375
4, -0
10.75, 8
9, 0
4, 1
-0, 8
0, 8
10.75, 4
4, 8
-0, 4
4, -0
2, 10.125
6, 3
4, 8
0, 2
8, 2
5.875, 3
8, 8
4.125, -0
4, -0
1.25, 10.5
3, 0
8, 8
9.25, 8
4, 0
0, 11.25
10, 3.5
0, 8
0, 6
4, 4
-0, 9
5.5, 4
2, 1
4, 4
8, 3
5, 6
-0, 6
7, 3

0.25, 3
1.375, 6
8, 4
8, 0
4, -0
-0, 8
8, 0
4, -0
4, 4
-0, 1
0, 2
0, 7
6, 10.375
8, 2
4, 4
10.875, 7.75
8, 3
8, -0
8, -0
4, 8
8, 0
6, 8
4, 6
6, 5.625
9, 0
8, 8
-0, 0
4, 4
-0, 8
8, 8
8, 4
7, 4
-0, 11
-0, 4
4.75, 1
7.75, 6.4375
8, 0
6, 1
2.875, 6
4, 0
4, 4
4, 4
-0, 8
3, 9
7, 10
9, 4
-0, 4
4.5, 2
0.75, 8.25
5, 0.75
5.875, 8
8, 8
2, 9
8, -0
-0, 4
8, 8
-0, 4
0, 8
8, 0
1.5, 8
11, 4
4, 8
4.5, 6
3, 7.25
10, 7.125
4, 0
-0, 4
3, 0.5
3.0625, 4.125
4, 4
4, 0
8, 0
11.75, 4
9, 6
8, 0
4, -0
8, -0
10, 10
1.75, 4
8, -0
10, 0
4, -0
8, -0
8, 11.5
0, 4
-0, 4
-0, 0
8, 0
5, 4
8, 8
8, 4
4, 0
10, 6.125
3.625, 9
8, 0
8, 0
0, 4
8, 8
0, 8
3.25, 0
8, -0
8, -0
8, -0
4.75, 2.375
8, 8
4.5, 3
10.25, 1.75
8, 4
1.75, 8
2, 5.5
5, 7
4, 4
8, 0
2, 8
4, 4
8, 4
4, -0
6, 1.5
4, -0
8, 7
8, 9
8, 3
11.625, 5
4, 0
0.5, 6
8, 4
2.5, 9
2, 0
4, -0
5.25, 2.5
4, 8
9, 6.75
6, 9.5
0, 4
6, 8.5
8, -0
8, 4.875
6, 8
1, 11
0, 4
8, 4
7, 2
4, 5
10, 1

11.5, 10
2.875, 7
9, 8
4, 0
-0, 4
4, 0
8, 0
8, -0
8, 4
10, 9
3.5, 9.5
0, 5.5
9, 11.25
8, 6
4, 0
10, 0.5
4, 8
8, 4
0, 8
8, 8
4, 0
3, 0
2, 6
7.875, 11.3125
4.5, 6
4, 0
4, 0
4, 8
-0, 8
8, 4
8, 0
8, 8
2, 5
-0, 8
4.75, 4.75
10, 6.4375
4, 0
4, 0
1.75, 8
4, 0
8, -0
8, -0
-0, 4
5, 9
1, 2
8, 4
-0, 8
9.5, 11
10.5, 11
0.5, 8
11.875, 4
4, 4
-0, 9
4, -0
-0, 0
4, 4
4, 8
4, 4
0, 4
3.25, 8
8, 4
4, 8
9.75, 10
1.5, 9
1.5, 10.125
4, 4
-0, 4
3.75, 11.5
5.4375, 5.5
4, 4
4, 0
8, 8
7.75, 4
2.25, 11
4, 0
0, 4
-0, 4
-0, 8
7.75, 0
4, -0
7, 0
4, -0
8, 4
4, 9.25
4, 0
-0, 0
4, 7.25
0, 0
4, 5
0, 4
4, 8
4, 0
4, 6
6.125, 4
4, 0
8, 4
4, 0
4, 0
0, 8
1, 4
4, -0
0, 4
8, -0
0, 5.4375
4, 4
1.6875, 4
6.75, 3.5
-0, 4
9.5, 4
5, 0
7, 11
8, 8
4, 0
9.5, 4
8, 0
-0, 4
0, 4
8, 2.75
8, 8
8, 1
2, 11
8, 6
11.875, 0
4, 0
1, 4
4, 8
1.25, 5
5, 4
8, -0
9.25, 11.5
8, 0
6, 9.75
2, 2.5
4, 4
11, 6
4, -0
4, 2.875
7, 8
3.5, 7
0, -0
0, -0
9, 4
-0, 1
5, 8

0.75, 4
9.5, 4
11, 3
4, 8
4, -0
-0, 4
-0, 4
4, 4
8, 4
5, 4
1.5, 7.5
8, 5.625
7, 1
8, 7
4, 4
9, 4.5
8, 2
4, 8
4, 8
4, 8
-0, 0
11, 4
9, 4
4.625, 5.3125
4, 4
4, 8
4, 8
4, 4
8, 4
-0, -0
-0, 0
11, 0
10, 5
8, 4
4.25, 1.875
5.75, 2.9375
4, 4
10, 6
2.75, -0
-0, 4
4, 4
4, 4
-0, 4
8, 10
5.5, 6
2.25, 8
-0, 8
1, 11
7.75, 5
3.5, 3.5
4.375, -0
4, 4
11, 4
4, 4
-0, 4
4, 8
-0, 4
4, -0
0, 4
11.125, 6
7, 0
0, -0
7.375, 4
7.5, 6
10.375, 8
4, 0
4, 4
1.75, 7.5
4, 9.75
0, 4
4, 8
4, 8
8, 4
6, 4
4, 4
4, 8
-0, 4
6, 2
6, 0
-0, 8
11, 0
8, 8
4, 8
8, 10.875
0, 4
4, 4
4, 7
4, 8
5.5, 7
0, 4
8, 0
4, 8
4, 7.875
10.625, 11
4, 8
4, 8
0, 4
4, 8
8, 0
3.25, 8
4, 4
0, 8
8, -0
1, 4.5625
4, 8
6.875, 2
5.25, 4.375
-0, 8
7, -0
9, 1
7, 2
4, 8
4, 4
5, 0
4, 8
4, 0
4, -0
7.5, 1.375
8, 2
4, 9
4, 8
8, 0
9.625, 8
4, 4
10.625, 6
8, 4
8, 0
1, 0
4, 4
3.75, 2.25
8, 4
1, 0.0625
10, 4
4, 8
7, 4.5
4, 4
4, 10.25
-0, 4
1, 2
4, -0
0, 11
1, 1
8, 7
8, 2

9, 10
8, -0
10, 7
8, 4
-0, 8
-0, 8
4, 4
0, 4
8, 4
6, 4
9, 7.5
8, 2.75
3, 4.5
4, 3
4, 4
3.5, 9.25
4, 2
-0, -0
4, -0
4, 8
8, 4
4, 0
3, 9
1.75, 2.5
0, 8
8, 4
4, 4
4, 0
8, -0
4, -0
-0, 4
3, 4
10, 5
4, 4
9.25, 3.375
4, 0.125
8, 8
0, 4
8.125, -0
-0, 0
0, 4
4, 4
4, 4
8, 8
0.5, 9
9.75, 8
-0, 4
5, 9
3.75, 3
5, 11
8.375, -0
4, 4
11, 6
8, -0
-0, 0
0, 0
8, -0
0, -0
4, 0
10.625, 7
5, 8
4, 8
9.375, 0
8, 4.25
8.75, 2.5
4, 4
-0, 8
3, 2.5
9.625, 4.625
4, 8
8, 4
4, 0
10.75, 4
1.75, 10
-0, 8
0, 4
4, -0
4, 2
7.5, 8
8, 4
9, 8
8, -0
0, -0
8, 7.125
8, 0
-0, 8
8, 5.25
4, 4
10, -0
4, 4
8, 8
8, 0
2, 11.125
10.125, 5
4, 0
-0, 0
8, 0
8, 4
0, 0
6, 4
0, -0
8, 4
4, 4
2.5, 9.5625
8, 8
6, 0
8.5, 0.375
8, 4
6.25, -0
10, 7.5
3, 0
4, 0
8, 0
11, 4
0, 4
-0, 4
0, 8
5, 4.875
4, 8
8, 3
8, 9
4, 8
9.875, 11
-0, 0
4.625, 4
8, -0
5.75, 11
7, 0
4, 4
3.5, 10.75
0, 4
1, 11.25
8, 7
8, 8
9, 8.5
8, 8
-0, 5.875
10.5, 4
6, 8
0, 8
0, 6
8, 2
-0, 11
-0, 1

3.75, 11
1.375, 10
9, 5
0, 4
4, 4
4, 8
4, 8
8, 8
8, 8
7, 9
4, 7
4, 7.875
4, 2
4, 10
8, 4
10.375, 8
-0, 6
-0, 4
0, 4
0, 8
8, 8
4, 8
11, 11
6, 8.8125
9.5, 10
0, 4
-0, 0
0, 0
-0, 4
-0, 4
4, 8
5, 0
4, 1
-0, -0
8.5, 4
11.75, 5.375
0, 0
2, 7
8.875, -0
4, 8
8, 8
-0, -0
4, 0
-0, 4
4.5, 11
4.25, -0
-0, 0
9, 4
2.5, 4.25
9, 5.5
10, -0
0, 4
7, 1
8, 4
4, 4
0, 8
8, 4
4, -0
8, 4
8.875, 3
0, 8
8, 4
7.875, 6
7, 5.75
4.375, 5.625
4, 0
4, 4
5, 5
2.375, 7.75
8, 8
8, 8
4, 8
3.75, 8
9.25, 8
4, 8
8, 4
8, 4
8, 2
8, 0
8, 4
6, 4
8, 4
0, 8
8, 0.5
4, 8
8, 0
-0, 1.5
8, 8
3, 6
4, 8
4, 0
8, 8
-0, 4.125
8.125, 2
4, 8
-0, 8
0, 4
0, 8
8, 0
7.75, 8
8, -0
8, 4
0, 4
7.5, 9.5625
0, 8
11.9375, 2
4.5, 3.25
8, 4
2.5, 4
-0, 3.5
2, 7
-0, 8
8, 8
1.25, 4
8, 8
-0, 0
4, 4
6.5, 4
2, -0
0, 4
4, 5
-0, 11
4.5, 10
4, 8
11.375, 8
8, 8
0, 9.5
9, 4
8, 4
6.25, 6.25
8, 0
7, 6.6875
4, 8
8, 8
1, 5
-0, -0
4, 11.75
8, 4
9.5, 2
8, 4
4, 9
-0, 8
4, 5
10, 7

6.5, 7
8.125, -0
0, 8
8, 8
4, 4
8, 0
8, 8
8, -0
-0, -0
1, 3
6, 6
4, 6
1, 9.875
8, 6
8, 0
7.125, 6.5
-0, 3
8, -0
4, 8
8, 0
4, 4
7, 4
7.5, 11
7.5, 6.8125
0.25, 8
4, 8
4, 8
4, 8
8, 4
8, -0
-0, 8
7, 4
2, 8
8, 4
11, 4.875
10, 5.25
4, 4
0, 11
7.25, 6
4, 8
0, 8
-0, 8
8, 8
2, 10
9, 5
2.75, 8
-0, 8
8, 2
5.5, 2.5
7, -0
2.375, -0
8, -0
1, 4
8, -0
8, 0
4, 0
8, -0
8, 4
4, 8
7.5, 11
5, 0
8, 4
1.125, 2
1.5, 6.25
1.375, 6.125
8, 0
4, 4
7, 10
5.5, 9.5
8, -0
8, 0
4, 4
1, 4
5, 11
8, 0
8, 4
4, 8
4, 0
-0, 4
4, 4
10, 8
8, -0
8, -0
4, 0.25
8, 0
4, 4
-0, 6
4, 8
6.5, 9
0, -0
-0, 4
4, 8
8, 2.125
9.5, 10
4, 0
8, 0
8, 8
4, 8
4, 8
6.25, 4
0, -0
4, 4
0, -0
8.25, 2.75
8, 0
0.5, 11
7.5, 2.25
8, 4
3.5, 8
3, 10.5
8, 11
8, 0
8, 0
4.75, 8
0, 0
8, 0
4, 4
7.25, 0.375
2, 4
8, -0
0, 5
-0, 8
6.5, 2
4, 8
1.625, 8
8, 4
4, 2.5
9, 0
8, 4
1, 4
0, 8
5, 5.6875
2, 10
8, 8
10, 7.5
8, 8
4, 9.125
3.5, 4
3, 7
4, 8
4, 6
2, 11
4, 6
9, 4

-0, 1
8.25, 6
1, 8
4, 0
-0, 4
4, 4
-0, 0
8, 8
-0, 4
1, 5
8.5, 9
4, 9
1, 3.5
8, 11
4, 8
10.375, 3
4, 5
4, -0
0, 4
4, 0
-0, 8
10, 0
0.5, 10
2.625, 8.875
0.5, 10
8, 0
8, 0
4, 8
-0, 4
8, -0
-0, 8
6, 0
8, 7.5
8, -0
10.75, 7.125
7.5, 5.625
0, 4
10, 10
11.25, 6
8, 4
0, 8
8, -0
-0, 8
5, 4
8.5, 1
8.25, -0
8, 0
6.5, 3
4.75, 1.5
6.5, 2.5
3.875, -0
0, 4
3, 11
8, 4
8, 4
4, 0
4, -0
4, 4
0, 4
11.625, 2
5, 4
0, -0
4.875, 10
4, 6.25
10.25, 1.125
8, 4
-0, 4
10.75, 5.5
4.375, 10.5
4, 8
0, 0
0, 8
0.25, 4
9.25, 3
-0, 0
0, 4
-0, 4
8, 2
8.75, 0
8, 8
10.5, 8
4, 8
8, -0
0, 4
4, 0
-0, 0
-0, 3.75
8, 4
10, 7
4, 8
-0, 4
-0, 0
8, 10.625
4.875, 4
-0, 0
8, 0
8, 8
0, 4
0, 4
6.75, 0
8, 8
0, 4
4, 8
3.5, 9.3125
4, 0
11.5625, 1
6.25, 11.375
4, 8
5.5, -0
9, 4
9, 6
-0, 4
0, 4
9.5, 0
0, 8
4, 8
0, 4
8, 4.75
2, 3
0, 5
10, 3
-0, 8
0.375, 9
-0, 4
10, 4
0, 8
6.25, 2
6, 4
8, -0
2.25, 1
4, 0
9, 11.5625
10, 11
4, -0
10, 6
-0, 4
8, 11.75
5.5, 4
2.5, 9
4, 8
4, 11
11, 11
-0, 5
8, 7

5.75, 6
2.75, 6
11, 7
0, 4
8, 4
-0, 0
8, 4
0, 4
4, 4
2, 8
0, 3
4, 5.375
8, 0.875
8, 11
0, 0
6.625, 1
4, 11
-0, 4
4, -0
0, 4
8, 4
4, 0
5.5, 10
3, 7.5
11.5, 0
0, 0
-0, 0
4, 4
8, -0
4, 8
4, 4
2, 8
10, 4
4, 4
3, 5.875
6, 4.6875
0, 0
8, 0
3.875, 10
8, 4
4, 4
-0, -0
8, 0
-0, 6
3.5, 7
1.25, 4
4, 4
9, 6
11, 8
1.5, 1
10, 4
4, 8
5, 5
-0, -0
-0, 0
0, 4
-0, -0
0, -0
4, 4
11.625, 3
7, 4
0, 8
5.875, 8
2.5, 5.5
3.125, 7.875
0, 8
8, 4
5, 9.5
8.75, 10.75
8, 4
0, 4
0, 4
7.75, 4
5.5, 11
-0, 0
0, -0
4, 4
10, 4
1.75, 8
-0, -0
9, 4
4, 4
8, 4
4, 2.25
0, 0
4, 4
4, 2.75
4, 4
10, 4
0, -0
-0, 4
4, 0
4, 2.25
0.25, 1
-0, 0
4, 8
8, 4
0, 4
4, 4
6.75, 4
8, 4
4, 4
4, 8
9.25, 4.0625
0, 4
8.25, 10
8.75, 11.875
4, -0
1.25, 4
5, 3
6, 6
8, 4
0, 0
8.25, 4
4, 4
4, 0
8, 4
7.5, 8.375
4, 8
8, 2
8, 10
-0, 0
7.125, 1
-0, 4
4.75, -0
0, 8
8, 2.5
8, 0
0, 4
1.75, 2
0, 8
11, 4.25
10, 2.5
8, 8
5, 1.5
-0, 8
8, 5
10, -0
4.5, 9
8, 4
0, 2
10, 3
-0, 10
1, 1

3.5, 6
9.75, 8
10, 6
4, 0
4, 4
4, 8
4, 0
4, -0
4, -0
2, 6
11.5, 4
4, 9.5
2, 3.875
0, 9
4, 8
2.125, 5.25
4, 4
8, 4
4, 8
4, 4
4, 8
7, 8
0.5, 6
0.5, 5.5
1.5, 8
4, 0
-0, 4
8, 0
4, -0
-0, 4
4, 8
6, 0
10, 0
8, -0
8.75, 2.125
5.75, 9.9375
4, 8
10, 0
7.875, 4
8, 4
4, 8
8, 4
8, 8
5, 4
6, 3
7.25, 4
8, 0
9, 5
2.25, 8
2.5, 10.75
11.5, -0
0, 4
7, 9
4, 4
4, 4
4, 8
-0, 4
8, -0
4, 0
11, 3
5, 4
4, 8
5.875, 0
7, 1.25
1.125, 0.625
0, 0
4, 4
2, 10
9.5, 8.375
8, 8
8, 8
4, 0
5, 4
2.25, 6
4, 0
8, -0
4, -0
2, 8
11, 0
4, 8
4, 8
8, 8
4, -0
4, 2
8, 8
-0, 8
8, 6.75
4, 0
3.5, 9
8, 8
4, 4
-0, 0
2, 1.125
7.625, -0
4, 4
4, 0
0, 0
4, 0
8, 0
10.75, 8
4, 4
4, 8
8, 4
5.75, 4.6875
4, 0
9.5, 9
0.75, 3.875
4, 4
10.5, 8
7, 8
7, 2
-0, 4
4, 8
11.25, 8
0, 0
-0, 0
4, 4
10.5, 8.875
4, 11
8, 8
0, 0.5
8, 2
4.375, 6
8, 4
7.5, -0
4, 4
6.75, 10
9, 8
4, -0
11, 11.75
4, 8
3, 4.25
0, 4.5
8, 8
5, 9
4, 4
8, 4.375
3.5, -0
3, 8
4, 8
8, 7
4, 4
8, 1
4, 6

9, 6
9.875, 2
9, 8
4, 8
8, -0
8, 4
4, 8
0, 8
-0, -0
8, 10
1, 8.5
0, 4.25
8, 3.5
8, 2
0, 0
0.375, 8.5
4, 2
8, -0
0, 8
4, 8
8, 0
5, 4
3.5, 6
6, 0.1875
8, 4
4, 0
-0, 8
4, 4
4, 8
8, -0
-0, 8
8, 8
8, 0
-0, -0
6.5, 11.875
8.5, 9.1875
4, 8
10, 1
1.625, 6
4, 8
0, 8
-0, 8
8, 0
-0, 6
3.5, 9
1.75, 8
-0, 0
-0, 0
0.5, 6
9.5, 3.5
10.75, 4
8, -0
2, 11
-0, -0
8, 0
8, 0
8, -0
8, -0
8, 8
4.75, 2
0, 0
8, 4
3, 0
4, 1
10.75, 5
0, 0
8, 0
4.5, 3.5
7.8125, 4.875
8, 8
0, 0
4, 0
5, -0
9, 8
-0, 8
0, 4
8, 4
2, 4
8.25, 4
-0, -0
10.5, 8
-0, -0
4, 8
8, 10.625
8, 8
8, 8
4, 5.5
8, 0
10, 8
8, -0
-0, 8
-0, 0
6, 1.5
1.125, 7
4, 8
4, 8
4, 0
4, 8
8, 0
0.75, 8
8, -0
0, -0
8, -0
8, 5.5625
4, 8
3.5, 4
7.75, 4.625
4, 8
8.75, 4
4, 11
10, 9
4, 0
0, 0
2.75, 0
8, 0
-0, 8
8, -0
9.25, 8
-0, 5
8, 11
6, 10
-0, 11
1.375, 0
-0, 0
1.75, 8
8, -0
9.5, 5
8, 0
8, 4
4, 11.5
0, 8
0, 9.5625
6, 2.5
4, -0
1, 7
-0, -0
-0, 7.75
-0, 8
3, 8
8, -0
4, 1
6, 10
8, 9
3, 6

2.75, 9
7.875, 8
8, 7
0, 4
4, -0
8, 4
4, 4
4, 4
8, 4
11, 7
2.5, 1
8, 6.5
8, 4
8, 6
8, 8
10.75, 11
-0, 10
8, -0
0, 8
0, 4
-0, 8
11, 0
1, 6
1.5, 7.5
2.75, 4
0, 4
-0, 8
0, 4
8, 8
-0, 8
4, 8
1, 4
6, 0
-0, 8
7.5, 4.75
2.75, 6.3125
8, 8
8, 2
0.75, 10
-0, 8
4, 8
-0, 4
-0, 0
1, 6
9.5, 8
11.5, 4
4, 4
6, 9
8.25, 5
1.5, 7.75
8.5, 8
0, 8
1, 7
8, 4
8, 0
0, 4
-0, 8
8, -0
0, 8
1.625, 11
10, 8
0, 4
9.625, 8
11, 10.75
9.75, 0.875
8, 4
4, 0
1.5, 2
11.5, 0.375
8, -0
8, 4
0, 4
9.25, -0
11.75, -0
8, 4
4, 4
-0, 8
2, 0
5, 4
8, 4
9, 4
8, 4
0, 8
8, 6.25
4, 0
4, 4
-0, 0.75
4, 4
2, 1
4, 8
-0, 4
8, 0
4, 1.75
9.875, 3
-0, 8
-0, 8
0, 8
8, 4
8, 8
10.5, 4
0, -0
8, 4
8, 4
3, 3.75
0, 4
0.6875, 4
5.5, 8
-0, 4
3, 4
4, 3
9, 6
-0, 4
8, 4
3.25, 4
8, 4
4, 8
4, -0
8.75, 10.25
8, -0
0, 7
8, -0
8, 5
7.875, 4
4, 4
6.25, 4
0, 4
4.75, 1.5
2, 8
8, 8
10.5, 2.75
0, 4
4, 11.8125
0, 10.5
4, 8
0, 6.5
8, 8
8, 6.75
3.5, -0
1.5, 2
4, -0
8, -0
4, 9
4, 6
3, 2

1.5, 3
6, 2
2, 11
8, 4
-0, -0
-0, 0
-0, 8
8, -0
4, 8
8, 3
6, 9
0, 4
5, 10.625
0, 8
4, 8
10.375, 10.75
-0, 8
-0, 8
8, 8
0, 8
8, 4
5, 0
11, 1
1.125, 0.6875
5, 4
0, 8
4, 0
0, 8
4, -0
8, 4
8, 8
2, 0
2, 7.5
-0, -0
5, -0
1.25, 1.1875
4, 8
10, 1
1.75, 4
4, 0
8, 8
-0, -0
8, 8
2, -0
4.5, 11
9.5, 8
-0, 0
7.5, 5
2.75, 10.75
10, 7
11.125, -0
4, -0
1, 4
8, 8
8, 0
8, 4
4, 8
4, -0
4, 0
11.5, 2
10, 8
8, 4
1.125, 2
0, 4.75
0.125, 1.5
0, 0
8, 8
10.25, 6
2.6875, 11.125
8, 8
0, 8
0, 8
8.25, -0
3, 6
-0, 8
0, -0
4, -0
8, 4
9.5, 0
8, 8
10.5, 8
8, -0
4, -0
4, 2.75
8, 4
8, 8
8, 5.75
0, 0
6.5, 7
0, -0
8, 4
8, 8
8, 11.5
1.75, 9
8, 8
4, 0
4, 4
0, 8
4, 4
10, 4
0, -0
8, 4
4, 4
2.75, 1.3125
0, 8
4.3125, 0
0.5, 11.375
8, -0
0.25, 8
1, 2
4, 6
8, 8
8, 8
5.5, 0
4, 0
8, 4
0, -0
6.75, 7.375
4, 5
0, 3
10, 9.5
-0, 6
4, 3
4, 0
11, 8
8, -0
11.75, 7
1, 0
0, -0
6.75, 3.5
0, 0
11, 10.875
6, 0.5
4, -0
5, 8
4, 8
8, 7.75
8, 8
1, -0
0, -0
8, 9
11, 2
4, 9
10, 2

3, 3
1.25, 1
9, 3
8, 4
4, 4
8, 4
8, 4
8, 8
4, 4
5, 8
0.5, 1
0, 0.375
5, 7.5
4, 11
4, 0
8.375, 2.5
8, 5
8, -0
8, -0
4, 4
-0, 0
9, 0
9, 9
7.875, 0.8125
11.5, 2
8, 0
8, 0
0, 8
-0, 4
8, -0
-0, 4
1, 0
4, 6
4, -0
1.5, 4.625
1.25, 2.5625
8, 0
6, 7
10.75, 8
4, 4
8, -0
8, 4
-0, 4
9, 1
9, 3
10, 8
8, 4
5.5, 7
11.5, 2
1, 8
3.25, 4
8, -0
7, 7
4, -0
-0, 4
8, 4
8, -0
4, -0
0, 0
5.5, 4
8, 0
0, 4
3.5, 0
4.5, 11.75
4.875, 8.125
8, 8
8, 4
11.5, 8.5
4.9375, 5.875
8, 8
8, 4
8, 0
7.75, -0
4.5, 5
4, 0
4, 4
-0, -0
8, 4
3.75, 4
8, -0
9.5, 4
8, 4
4, -0
0, 1.25
8, 0
8, 4
4, 10.75
4, 0
11.5, 5
8, 4
8, 4
8, 8
2, 9.75
6.625, 9
-0, 4
8, 4
8, 4
8, 0
0, 4
9.75, 0
8, -0
8, -0
0, -0
8.5, 5
8, 0
0.875, 8
1.75, 11.875
-0, 4
6, 4
8, 6.5
0, 3
8, 0
4, 0
5.5, 8
4, 8
-0, 8
4, 4
9.25, 9.125
2, 3
8, 9
8, 8
-0, 5
9.375, 9
-0, 0
1.625, 8
0, 4
0, 0.5
11, 8
4, 4
2.5, 2.25
0, 4
4, 1.625
6, 5.5
4, -0
2, 0
8, -0
8, 0.625
3, 4
1.5, 2
8, 8
8, 11
2, 4
-0, 9
1, 1

6.5, 6
4.875, 1
8, 10
4, 0
-0, 4
4, 8
-0, 0
0, 4
-0, -0
-0, 4
10, 8
0, 4.625
5, 4.875
0, 1
4, 0
10.875, 8.75
4, 1
4, -0
0, 4
4, 0
-0, 8
0, 0
1, -0
1.625, 5.4375
10.75, 4
0, 8
-0, 4
8, 4
-0, 8
4, -0
-0, 4
-0, 8
8, 0.5
-0, 4
10.75, 2.625
3, 2
0, 4
10, 7
7.75, 4
-0, 4
0, -0
4, -0
8, 8
3, 8
8, 0
7, 4
-0, 4
6, 0
9, 5.25
11, 7
11, 8
0, 4
8, 9
-0, -0
-0, 4
4, 0
4, -0
4, 4
0, 8
11.25, 2
10, 0
0, -0
10.125, 4
5, 2.25
7.875, 3.75
0, 8
-0, 4
9.25, 3
10.125, 3.875
8, 4
0, 0
4, 0
9.75, 4
3.25, 4
4, 0
4, -0
-0, 8
-0, 10
1, 4
-0, -0
7.5, 0
4, -0
4, 8
4, 4.875
4, 0
-0, 4
4, 0.5
0, 4
10.5, 1
0, 4
-0, 4
-0, 4
6, -0
5.875, 3
-0, 8
8, 0
8, 0
4, 0
4, 0
10, 8
4, -0
0, -0
4, 8
10.5, 2.5
4, 0
11, 2
4.5, 5.125
-0, 8
1.75, 4
8, 3
8, 7
-0, 4
4, 0
2, 4
0, 0
-0, 4
0, 4
2, 0.625
-0, 3
8, 11
4, 10
8, 9
8.25, 9
4, 4
10.375, 10
0, 8
2, 11
10, 0
0, 4
10.75, 3
4, 4
11, 9.375
0, 0
0, 4
4, 4.5
-0, 4
4, 4.75
3.5, 8
5, 6
0, 4
0, 11
3, 4
4, 1
9, 5

7.5, 8
0.875, 3
1, -0
8, 4
-0, -0
8, 8
-0, 0
0, 4
8, -0
8, 10
5.5, 5.5
0, 10
7, 0.625
8, 11
4, 4
6.875, -0
8, 2
8, 4
8, -0
8, 4
-0, 4
11, 8
11, 11
4.375, 10
5.5, 4
8, 0
-0, 0
0, 8
4, 8
-0, 8
-0, 0
5, 8
6, 10.5
-0, 4
11, 6.625
10.75, 1.5
8, 0
10, 6
1, -0
4, 8
0, -0
-0, 8
4, 4
6, 7
9.5, 6
4.75, 4
-0, 4
6, 0
3, 9
4, 7.75
10.375, 8
0, -0
8, 5
4, -0
-0, 4
4, 0
4, 8
4, 8
8, 0
8, 11
2, 4
4, -0
3, 8
8.5, 4.25
0.75, 7.25
4, 0
-0, 4
0, 6
7.5625, 7.25
0, -0
4, 8
8, 4
8.25, 4
11, 3
4, 8
4, 8
8, -0
6, 2
9, 8
4, 8
10, 8
-0, 4
8, 4
8, 5.875
4, 8
-0, 4
4, 0
8, 8
6, 1
4, 4
-0, 8
8, 8
8, 10.5
2.125, 7
-0, 4
-0, 4
0, 4
8, 4
0, 0
8.75, 0
0, 4
0, 4
4, 8
2.25, 11.8125
4, 0
6.9375, 8
7.5, 9.625
4, 8
2, 8
8, 7
1, 9
-0, 8
4, 8
7, 4
8, 0
4, 8
0, -0
11, 3
8, 3
0, 9
10, 5.5
8, 0
2.5, 0
8, 8
6.25, 4
4, 8
8.5, 2
5, 4
8, 8
1.5, 6.75
4, 0
2, 9.4375
6, 5.5
0, 4
10, 7.5
-0, 8
4, 4.625
6, 8
9.5, 7
8, 4
8, -0
-0, 1
-0, 2
5, 1

9.5, -0
4.625, 9
8, 4
8, 4
-0, 8
8, 0
4, 8
4, -0
4, 4
3, 10
3, 9
4, 9.375
5, 3.25
8, 2
8, 0
1.75, 2
8, 0
8, 4
0, 4
8, 4
8, 4
7, 4
1.5, 2
6.25, 4
9.25, 10
8, 4
-0, 4
0, 4
4, 4
-0, 4
8, 8
8, 8
10, 8.5
8, -0
5.75, 8
7.5, 7.5625
4, 8
4, 11
6.25, 4
-0, 0
8, 4
8, -0
-0, 0
-0, 11
6.5, 3
0.25, 4
8, 8
6, 6
8, 4
7, 6.5
5.5, -0
0, 4
1, 3
8, -0
8, 4
8, 4
8, 4
8, -0
8, 4
2.125, 0
5, 4
0, 8
2.375, 2
5, 7.25
3.75, 3.5
8, 0
-0, 8
10.75, 0.5
7.1875, 3
4, 8
4, 0
8, 0
0, -0
2.75, 2
8, 4
8, 4
-0, 4
-0, 10
1.25, 8
4, -0
4, 8
8, -0
4, -0
8, 6
8, 0
-0, 8
4, 10.5
8, 0
6.5, 11
8, 8
4, 4
8, 0
6, 3.125
0.25, 5
4, 8
4, 0
4, 4
8, 4
0, 8
7.25, 4
0, 8
4, 4
4, 8
2, 2.125
8, 4
8.8125, 5
0.5, 10.5
4, -0
3.25, 4
8, 7
9, 7
-0, 8
4, 0
6.5, 8
0, 4
-0, 8
0, 8
0.5, 6
6, 3
4, 1
10, -0
-0, 7
11, 11
8, 0
3.375, 2
0, 8
7, 1.5
10, 4
8, 4
7.75, 9.25
0, 8
4, 10.9375
6, 6
4, -0
8, 1.5
8, 4
8, 11.75
1, 4
6, 8
0, 8
8, -0
1, 7
8, 10
2, 1

1, 8
7.375, 11
8, 9
4, 0
-0, 8
4, 0
-0, 4
4, -0
8, -0
6, 6
4, 7
4, 10.875
6, 5.75
4, 1
8, 8
3, 8
4, 11
4, -0
0, 4
4, 0
4, 8
10, 8
3, 2
8.875, 4.5
8.75, 6
0, 4
4, 0
4, 8
8, 8
-0, 4
-0, 4
11, 4
8, 4.5
4, -0
8.25, 0.5
3.25, 0.0625
0, 4
10, 11
5.875, 8
4, 0
0, 4
4, 4
4, 0
3, 3
1, 2
4.25, -0
4, 0
5.5, 1
6, 1
2.5, 7.75
4.125, -0
8, 8
1, 10
8, 8
-0, 4
4, 0
-0, 8
0, 4
0, 8
1.5, 1
5, 4
4, 8
6.25, 10
9, 0.75
9.875, 2.75
8, 8
4, 4
10.75, 9
11.375, 10.625
4, -0
8, 8
4, 0
4, -0
3.25, 6
-0, 4
0, 4
-0, 4
10, 8
6, 0
4, 8
0.5, 4
8, 8
8, 4
8, 6
4, 4
-0, 8
-0, 6.25
4, 8
4, 6
0, 4
-0, 8
4, 8
4, 7.5
6.375, 7
-0, 8
8, 4
4, 4
4, 0
4, 8
6.25, 0
0, 4
8, -0
0, 4
10, 9.875
4, 0
5.125, 10
2.25, 2.25
4, 4
4, -0
11, 6
9, 3
-0, 4
8, 8
2.25, 0
8, 8
-0, 4
0, 8
7.75, 5.625
8, 10
4, 3
0, 10
4, 11
2.75, 11
4, 8
11.5, 4
4, 4
1.5, 11.5
11, 0
4, -0
1.25, 8.75
4, 0
9, 11.5
4, 2
8, 4
10, 10
-0, 8
4, 8.5
6.5, 8
1, 1
8, 4
0, 7
5, 11
4, 2
4, 2

6.25, 1
10, -0
9, 8
0, 0
-0, -0
4, 0
4, 8
4, 8
8, -0
4, 8
2, 4
4, 1.5
6, 8
4, 9
8, 4
4.75, 4
-0, 8
8, 4
0, 4
4, 8
4, 4
9, 8
8, -0
2.5, 10.375
1, 2
4, 8
-0, 0
8, 8
4, -0
8, 8
8, 0
2, 0
8, 6
8, 8
6.25, 3.5
4.25, 6.125
0, 0
8, 3
6.875, 8
4, 8
8, -0
-0, -0
-0, 4
4, 11
9.5, 9
10.25, 4
-0, 0
10.5, 7
7.25, 4
5, 9
10.375, -0
4, 8
5, 4
4, 8
8, 4
4, 8
8, -0
8, 4
0, 4
4, 2
4, 0
0, -0
9.375, 2
0.5, 1
10.25, 7.875
8, 8
-0, 0
4.5, 6.5
8.375, 7.5
8, 8
8, 4
4, 8
10.5, 8
2.5, 1
-0, 4
4, 8
4, -0
-0, 8
3.5, 0
8, 4
7, 8
-0, 8
4, 8
4, 11.125
0, 0
-0, 0
4, 0
4, 0
7.5, 7
0, 4
8, 4
4, 8
10, 10.25
5.75, 11
4, 4
-0, 0
0, 4
4, 8
4, 8
2.25, 0
0, 4
4, -0
0, -0
0.5, 2.4375
4, 8
1.4375, 9
6.25, 6.625
-0, -0
5, -0
-0, 7.5
1, 10
-0, 0
8, 4
6.25, 4
0, 8
-0, 4
0, -0
3.5, 11.875
6, 1
8, 6
6, 1.5
4, 6
4.875, 7
8, 8
0, 8
8, -0
9, 3
2, 4
8, 8
2.75, 4.75
8, 4
10, 2.9375
0, 7
0, -0
1, 6
8, 4
-0, 8.75
2.5, -0
10.5, 8
8, 8
8, 9
7, 11
4, 2
7, 5

6, 11
11.625, 10
5, 3
8, 8
8, -0
4, 8
4, 4
8, 8
-0, 8
9, 7
5, 11
4, 8
4, 7.5
4, 8
8, 8
11.5, 2.5
-0, 4
8, 8
0, -0
8, 8
4, 0
4, 0
5.5, 6
0.25, 9.8125
9.25, 2
0, 4
8, 8
4, 0
-0, -0
-0, 8
-0, 0
10, 0
2, 5.5
4, 8
10.25, 10.375
3.5, 0.4375
8, 0
10, 9
7.875, 2
8, 0
4, 8
8, 8
4, 0
4, 4
5, 9
7.75, 4
8, 0
11.5, 9
2.75, 4.75
8, 3.5
11.375, 4
0, -0
2, 1
8, 8
8, 0
8, 8
-0, 8
4, -0
0, 0
7.625, 11
10, 4
0, 8
11.75, 0
0.5, 4.5
1.25, 10.75
8, 8
8, 8
8.5, 5.5
7.9375, 8.25
8, 4
4, 8
0, 0
4.25, 8
1.5, 9
4, 8
8, -0
-0, -0
10, 8
1.25, 0
8, 8
5.5, 8
4, 8
4, -0
8, 0.25
4, 8
8, 0
-0, 8.75
8, 8
8.5, 2
8, -0
8, 4
4, 8
4, 5.375
0.375, 9
8, 0
4, 4
4, 4
0, 4
0, 0
2, 0
0, -0
4, 4
0, -0
2.75, 1.375
8, 8
0.25, 10
0, 1.875
-0, 8
2.75, 4
3, 0.5
8, 1
8, 0
4, 8
3.75, 0
8, 0
8, 4
8, -0
1.5, 0
2, 1
0, 10
4, 6.5
-0, 1
11.25, 11
8, 8
5.375, -0
0, 8
3.25, 6
7, 0
4, -0
4, 7.5
0, 8
3, 10.0625
10, 0.5
4, 4
7, 10
8, -0
8, 5.875
11, 4
11, 11
8, 8
0, 11
6, 9
-0, 4
7, 2

6, 8
0.25, 3
6, 11
4, 4
-0, 4
4, 0
-0, 0
0, -0
4, 8
7, 5
9.5, 6.5
4, 0.5
0, 6.875
8, 2
4, 4
4.875, 3
4, 0
4, 4
8, 4
8, 8
4, 0
6, 0
8, 6
2.75, 5.5625
7.25, 2
4, 4
8, 8
0, 8
-0, 8
4, 4
-0, 4
4, 0
6, 11
8, 4
4, 2
3, 7.5
0, 4
2, 7
9.25, 4
8, 0
0, 4
8, -0
-0, 0
6, 11
1.5, 5
9, 8
4, 0
3.5, 5
1.25, 11.75
10, 9.75
7.25, -0
4, 4
4, 8
4, -0
8, 8
4, 0
-0, 8
8, 4
8, 0
2.25, 5
9, 8
4, 8
10.625, 0
2, 5.75
0.125, 1.125
8, 4
-0, 4
9.75, 8
10.0625, 0.5
0, 4
4, 0
4, 4
3.25, 8
0, 11
4, 0
8, -0
8, -0
2, 4
9.75, 8
4, -0
10, 8
4, -0
0, 4
8, 0.125
8, 4
8, 8
4, 10
4, 8
2.5, 8
4, 8
-0, 4
4, 0
8, 9
5.875, -0
4, 0
-0, 4
0, 8
4, 4
0, 4
6, 4
0, -0
4, -0
8, 4
9.75, 6.625
8, 8
0.0625, 0
9.25, 10
-0, -0
5.25, -0
9, 4
4, 3
4, 4
4, 0
6.25, 0
8, 0
-0, 4
0, 4
0.5, 10.625
-0, 1
0, 5
8, 8
-0, 4
0.875, 1
-0, 4
7, 2
0, -0
9.75, 0.5
5, 4
4, -0
10.25, 11.5
0, 0
10, 4.25
8, 5.5
8, 4
0, 8
4, 4
4, 4.875
11, -0
8, 7
0, 8
0, 11
-0, 3
8, 4
1, 9

-0, 3
7.25, 7
4, 6
4, 4
8, 8
-0, 8
4, 4
0, 4
8, 4
8, 6
5.5, 8
0, 4
6, 8.5
4, -0
8, 4
1.375, 11.5
8, 1
4, -0
8, 8
8, 4
8, 8
4, 0
3, 6
0.625, 8.125
3, 6
8, 4
8, 8
4, 4
-0, -0
8, 8
4, 8
-0, 0
8, 0
4, 4
1.5, 3.25
3, 9.625
8, 8
4, 10
0.875, 6
8, 8
8, 8
-0, 4
4, 4
-0, 2
1.5, 8
8.5, 4
4, 8
8.5, 8
9.75, 1
2.5, 5.75
5.25, 4
0, 4
2, 1
8, 4
-0, 4
8, 4
8, 8
0, 4
8, 8
5, 8
1, 4
8, 4
2.375, 8
11.5, 2.5
10, 4.125
4, 0
4, 8
5.5, 1
0.75, 5.125
8, 8
8, 4
8, 4
3, -0
5.5, 6
8, 4
0, 4
8, 8
-0, 6
0.75, 0
8, 4
10.5, 0
8, 8
8, 8
4, 9.75
0, 4
4, 8
8, 0
8, 0
1, 2
8, 8
-0, 0
8, 0
8, 8.75
0.875, -0
-0, 4
8, 8
4, 4
4, 4
0, 4
4.5, 0
8, -0
8, 8
4, 8
11.75, 11.3125
8, 4
4.375, 5
0.75, 11.375
8, -0
4.75, 8
7, 6.5
0, 0
8, 8
8, 0
10.5, 4
0, 8
4, 8
8, 8
4, 3.875
10, 7
8, 11
10, 6.5
-0, 3
4.5, 10
8, 8
1.75, -0
8, 4
10, 6
8, 8
8, 8
7.75, 5.25
4, 8
2, 8.1875
6, 3
4, 8
3, 9.5
8, 4
4, 8
11.5, 8
1, 7
4, 8
8, 6
4, 10
-0, 0
2, 1

7.75, 2
11.875, 7
10, 6
4, 4
4, 4
4, 8
4, 4
4, 4
8, -0
7, 4
5, 5
8, 11.75
7, 7.125
4, 10
4, 4
11.75, 2
4, 11
4, 4
8, 4
4, 4
4, 0
0, 4
10, 10
0.75, 8.5625
2.25, 2
8, 4
4, 0
4, 8
8, 8
8, 4
8, 8
1, 0
8, 1.5
8, 8
0.5, 8.5
1.5, 3.125
4, 0
8, 0
6.5, 8
8, 4
8, 8
8, 8
8, 8
3, 10
8.5, 9
10, -0
-0, 4
8, 4
7.5, 7
5, 3.5
7.75, 4
4, -0
9, 0
-0, 8
4, 4
8, 0
4, 4
0, 4
4, 0
0.625, 3
4, 0
4, 8
0.125, 8
3, 8.5
11.875, 10.125
4, 4
4, 0
6, 1
6.8125, 7.75
4, 4
0, 8
8, 0
5.75, 8
10.75, 8
8, 0
4, 4
8, -0
-0, 10
2, 0
-0, 8
1, 4
8, -0
4, -0
0, 5.875
8, 8
4, 4
4, 2.25
0, 4
2, 3
4, 4
8, 4
4, 4
2, 10.875
10, 11
4, 8
4, 0
4, 8
4, 4
0, 8
11.75, 0
8, 4
8, 4
0, -0
3, 3.125
8, 4
11.25, 1
10.5, 0.375
4, 8
11.5, 8
1, 5.5
4, 10
8, 4
8, 8
3, 4
8, 4
8, 0
4, 4
7.75, 3.5
10, 7
4, 6
10, 7.5
-0, 2
3.25, 5
4, 0
2.75, 2
4, 8
2.75, 7
1, 0
8, 8
9.75, 1.5
8, 0
1, 3.1875
8, 5
4, 8
11, 9.5
4, -0
-0, 10.5
4, 4
6, 9
4, 4
0, 5
6, 5
8, 0
5, 2

4, 2
0.875, 2
4, 7
4, 4
4, -0
8, 0
8, 4
4, -0
8, 8
-0, 7
3, 11.5
8, 11.25
2, 7.5
4, 3
4, 8
9, 5
4, 8
-0, -0
0, 4
0, 0
4, 0
9, 0
5, 8
4.625, 8.3125
5.5, 8
4, 4
8, 8
4, 0
-0, -0
-0, 4
4, 0
10, 8
6, 8
4, 8
10, 1.625
9.25, 7.4375
0, 4
8, 4
4.875, 4
8, 0
4, -0
8, -0
4, 4
10, 11
2.5, 0
8, 8
8, 0
6, 5
3.5, 9
2.5, 7.25
2.5, -0
4, 4
-0, 7
-0, -0
8, 4
0, 0
4, -0
8, -0
4, 0
3.75, 5
5, 0
4, 8
10.75, 6
2, 0
7.75, 8.5
4, 8
4, 8
5.5, 5.5
10.625, 0.75
8, 4
4, 8
0, 0
5.5, -0
8.5, 8
4, 0
4, 4
4, 4
2, 2
9.25, 8
-0, -0
6, 0
4, 8
4, 4
4, 5.375
8, 4
8, 8
-0, 9.75
8, 8
5, 1
4, 8
8, 0
8, 0
8, 7
1.5, 3
8, 8
-0, 0
4, 4
4, 4
4, 8
4, 8
4, -0
4, 4
4, 4
10, 5.1875
0, 0
2.875, 10
6.5, 7.25
4, -0
10.25, 4
2, 8.5
3, 3
-0, 4
4, 8
5, 4
8, 4
4, 0
4, -0
7.5, 2.875
10, 11
4, 4
10, 6.5
8, 0
0.25, 6
8, 4
10.875, 8
4, 4
9.5, 6
10, 4
8, -0
3.25, 5.25
4, 0
7, 6.125
10, 9
0, -0
6, 1
-0, 4
-0, 5.5
9.5, -0
5.5, 5
8, 8
0, 2
5, 8
4, 10
8, 6

5.25, -0
8.875, 1
9, 3
0, 4
8, 4
-0, 0
-0, 8
4, 8
-0, 8
-0, 1
8, 5
4, 11.75
3, 3.5
0, 7
0, 0
10, 9.5
4, 8
-0, 4
4, 4
4, 4
8, 8
5, 8
4, 3
7.25, 10.125
9.25, 8
0, 4
-0, 4
8, 8
4, 8
4, -0
-0, 8
4, 8
6, 9.5
4, -0
2.75, 2.5
2.75, 4.5625
4, 4
4, 11
2.125, 6
8, 8
0, 8
4, 8
4, 0
2, 6
7.5, 7
5.25, 8
4, 4
7, 6
11.5, 11
7.5, 5.75
11.75, 8
4, -0
1, 1
4, 4
-0, 8
4, 4
4, 8
0, -0
4, 4
5.5, 11
3, 8
0, 4
-0, 0
9.5, 11.25
10.375, 10.875
0, 8
-0, 8
2.5, 6.5
2.75, 6.25
8, 4
4, 0
0, 4
7, 4
11.75, 7
8, 4
8, -0
4, 4
4, 10
5.25, 8
4, -0
2, 8
-0, 8
4, 4
8, 2.5
4, 8
-0, 8
-0, 10.75
4, 0
11, 6
4, 8
4, 4
-0, 8
4, 1.875
8.375, 4
4, 8
4, 4
8, 0
0, 4
8, 8
9.5, 4
4, 8
0, 8
4, -0
2.25, 8.3125
4, 4
9, 0
6, 0.25
-0, 8
0.75, 8
-0, 10.5
1, 4
4, 4
8, 0
7.5, 0
4, 0
-0, 8
8, 4
6.25, 9.5
2, 3
8, 11
8, 7.5
-0, 4
11.5, 9
-0, 8
4.125, 8
0, 8
6.25, 0
1, 0
4, -0
10, 10.5
4, 8
3, 2.25
10, 11
0, 8
6, 6.5
-0, -0
4, 4.875
5, 8
5, 10
8, 4
0, 10
11, 4
-0, 4
9, 1

11.5, 1
10.25, 4
8, 8
8, 8
8, -0
-0, 0
-0, 4
8, 8
-0, 8
6, 11
8.5, 3.5
4, 1.75
11, 11.75
4, 8
8, 8
5.625, 6.5
-0, 6
4, 8
0, 4
0, 4
-0, 0
7, 4
4, 8
9.25, 8
6.75, 4
8, 4
-0, 4
8, 0
-0, 8
4, -0
-0, 4
6, 0
2, 0
8, 8
0.25, 9
11.25, 1.6875
8, 4
0, 4
4.5, 6
8, 4
0, 4
8, -0
4, 8
3, 10
3, 10
0.5, -0
8, 8
4.5, 3
5.25, 9.5
1, 5.25
1.375, 4
0, 4
1, 8
8, 8
4, 0
0, 0
4, 8
8, 4
8, 4
1.125, 9
2, 8
4, 4
8.5, 4
11, 10.5
1.875, 6.125
4, 0
8, 8
2.5, 5
11.9375, 11.625
8, 4
4, 0
4, 8
1, 8
0, -0
4, 8
8, 4
-0, 4
10, 10
10.75, 0
8, 8
9.5, 4
4, -0
0, 4
8, 10.375
4, 8
8, 0
4, 5.75
0, 4
-0, 9
4, -0
4, 0
-0, 4
10, 0.625
5, 1
-0, 8
-0, 4
4, 0
8, 8
4, 8
2.75, 4
8, 8
4, 4
4, 8
8, 0.5625
8, 4
1, 3
8.75, 1.25
4, 4
6.75, 4
4, 3
6, 10
-0, 4
8, 8
11, 8
8, 0
4, 4
8, -0
1.5, 8
10, -0
8, 2
10, 1
-0, 11
4, 2
-0, 8
8.875, 4
0, 8
6.75, 6
10, 8
4, -0
9.5, 10.25
4, 4
3, 0.5625
8, 10
8, 8
2, 8
4, 8
-0, 5.125
4, -0
-0, 1
4, -0
4, 7
11, 10
-0, 10
5, 3

3, 2
9, 11
0, 6
0, 8
-0, 4
4, 8
4, 8
4, -0
-0, -0
9, 0
5.5, 4
8, 7
4, 11.375
0, 3
0, 8
11.375, 9.75
4, 4
-0, 8
8, 4
4, 0
8, 4
2, 8
10, 6
6.375, 3.8125
2.75, 8
0, 8
8, 4
8, 8
8, 4
8, 4
-0, 0
4, 8
6, 10
-0, -0
9, 6.75
6, 5.5
0, 0
8, 4
3.875, 2
4, 8
0, -0
4, -0
4, 8
10, -0
7, 2
11.75, 8
4, 8
9.5, 2
1.75, 5
10.5, 5.25
7, 4
8, 4
6, 8
-0, 8
8, 8
0, 8
-0, -0
8, -0
8, 4
10.125, 2
7, 8
0, -0
5.625, 8
7, 8
10.375, 6.125
4, 0
8, 4
6.25, 2
9.125, 6
8, 8
0, 8
0, 8
0.5, 4
2.75, -0
-0, 0
8, -0
8, 4
10, 4
6, 8
-0, 8
7, 0
-0, -0
4, -0
4, 3.875
0, 8
-0, 4
-0, 7.75
8, 4
8, 10
0, 8
-0, 4
-0, 8
2, 4.25
1.25, 7
-0, 4
8, 8
4, 4
0, 8
8, 4
7.75, 0
0, 4
0, -0
8, -0
7, 3.5
0, 0
6.75, 11
2.25, 10.75
-0, -0
4.25, -0
6, 7
11, 4
-0, 0
0, 0
11, 0
4, 0
-0, 8
0, 4
1.5, 4
4, 9
4, 7
0, 6
-0, 11
4.625, 5
8, 4
5.875, 2
0, -0
5.25, 4.5
7, 8
8, 8
0.25, -0
0, 0
3, 9
6, 1
4, 8
11, 8.5
4, -0
8, 9.5
8, 4
0.5, 2
0, -0
4, 5
-0, 8
4, 3
8, 9

10, 8
7, 9
7, 5
0, 8
8, -0
-0, 8
-0, 8
8, 4
4, -0
11, 7
0, 5
8, 11.375
8, 5.25
4, 8
0, 0
9, 0.5
4, 4
-0, 4
0, 4
0, 4
4, 4
10, 8
4, 11
10, 8.6875
8.25, 0
0, 0
8, 8
0, 8
8, 8
-0, 4
8, 4
9, 0
10, 2
8, -0
1.5, 11.875
8.25, 4.875
8, 4
8, 1
3.25, 6
4, 0
8, -0
-0, 8
8, 4
-0, 2
7, 9
9.75, 4
8, 0
10, 9
11.5, 5
11.5, 5.75
5.625, 8
8, 4
10, 0
4, 8
-0, 0
8, 8
-0, 8
8, 8
0, 4
0.5, 6
9, 4
0, 4
6.75, 10
9.5, 10.25
6.75, 2.875
0, 0
8, 0
5, 2
10, 4.875
0, 4
0, 8
0, 4
5.75, 4
8.75, 2
-0, 8
8, 4
-0, 4
6, 8
8.75, 8
4, 8
11.5, 4
8, -0
0, 4
8, 4.625
0, 8
8, 4
8, 5
4, 4
10, 7
4, 4
8, 8
8, 0
2, 6.875
0.75, 4
8, 4
-0, 4
8, 4
0, 8
0, 4
6.5, 4
0, 8
4, 4
4, -0
2.25, 10.5625
8, 4
9, 6
5.5, 3.375
-0, -0
5.75, 8
5, 0.5
5, 10
-0, 4
8, 8
7, 4
8, 4
8, 4
8, -0
10, 3.625
10, 9
0, 1
2, 8
-0, 5
11.875, 5
-0, 4
0.625, 10
0, 4
3, 3.5
1, 4
8, 4
7.25, 5
0, 0
11, 0.3125
6, 9.5
4, 4
6, 11
-0, 4
4, 11.25
-0, 4
3.5, 3
8, 8
4, 2
7, 3
8, 11
7, 3

1, 1
2.5, 9
6, 9
4, 0
4, -0
8, 8
4, 0
8, -0
8, 4
8, 11
9, 10.5
8, 9
2, 10.625
8, 7
8, 4
6.375, -0
-0, 9
8, 4
8, -0
4, 0
-0, 8
2, 0
0.5, 9
11.25, 2
8.75, 6
4, 0
4, 0
0, 4
4, 8
8, -0
-0, 0
6, 8
4, 8.5
4, 8
3.75, 8.375
8.5, 8.9375
8, 4
0, 8
11.875, 8
8, 0
0, -0
8, 4
4, 0
11, 7
5.5, 4
3.25, 4
4, 4
4.5, 9
11.75, 3
5.5, 7.5
3.125, -0
0, 4
-0, 9
8, 4
8, 4
8, 4
4, 8
0, 4
0, 4
5.25, 0
2, 8
4, -0
2, 6
6, 5.5
7.625, 4.125
4, 4
4, 0
6, 1.5
1.875, 8.5
0, 8
8, 4
8, 4
10, 8
8.5, 5
4, 8
4, -0
-0, 4
6, 8
10, 4
8, -0
4, 0
8, 8
4, -0
8, 7.625
8, 4
8, 4
4, 3.25
4, 0
6, 9
4, -0
8, 0
8, 0
4, 10
6, 9
4, 8
-0, 0
8, 0
4, 0
4, 8
6, 8
0, 4
8, 8
8, -0
8.5, 9.1875
4, 0
2.75, 8
9.75, 2.5
8, 8
1, 8
7, 0.5
7, 6
8, 0
8, 4
9.75, 8
0, 4
4, 0
4, -0
7.75, 10.75
4, 2
0, 11
10, 7
8, 6
8.25, 11
8, 0
5.125, -0
0, 8
3, 11
6, 8
4, 8
7, 11.75
4, 8
0, 10.875
8, 6
4, -0
5, 3.5
8, 4
4, 5.125
3, 8
5, 8
0, -0
0, 8
7, 8
-0, 1
8, 10

6, -0
4.875, -0
6, 4
4, 8
4, -0
4, 4
8, 4
0, -0
4, 8
10, 7
9, 2.5
4, 7.875
1, 1.125
4, 5
0, 0
8.125, 5.5
-0, 3
4, 8
0, 4
4, 8
8, 0
7, 0
2, 6
5.875, 0.5
9.25, 8
4, 4
-0, 4
0, 8
8, 4
4, 8
-0, 8
-0, 8
2, 1
-0, -0
7.25, 0.5
11.75, 2.6875
8, 4
10, 5
11.25, 6
8, 0
0, 8
-0, 8
-0, 0
3, 10
11, 10
5, 4
4, 0
10, 6
4, 10
10, 4.5
3.75, 4
0, 4
-0, 4
4, -0
8, 4
8, 4
4, -0
4, 4
8, 4
2.25, 5
1, 4
0, -0
4.125, 4
7.5, 11
8.25, 2.375
4, 0
4, 0
0.75, 5
6.8125, 10.375
4, -0
4, 0
4, 8
5.75, -0
11.5, 6
4, 8
0, 4
8, -0
8, 8
11.75, 0
-0, -0
6, 0
8, -0
4, 8
8, 4.5
0, 0
4, 0
-0, 9.5
8, 4
8.5, 10
0, -0
-0, 4
4, 4
2, 10.25
11.75, -0
8, 4
8, 0
4, 4
4, 8
8, 8
9.5, 4
0, -0
4, 8
4, 8
1.5, 1.4375
8, 4
3.375, 8
4.5, 9.75
8, -0
4, 8
3, 10
3, 10
-0, 4
0, 4
0.75, 4
4, 0
4, 8
4, -0
3.25, 8.75
8, 8
8, 5
6, 6.5
8, 0
3.75, 3
4, 0
2.125, 6
0, 8
5.5, 11.5
2, 4
4, 4
3, 3
0, 8
4, 6.0625
6, 11.5
4, 8
7, 4
8, 4
4, 7.5
4, -0
2, 1
4, 8
0, 7
6, 5
8, 2
6, 9

0.5, 6
8.25, 8
2, -0
0, 0
8, 4
8, 4
8, 0
8, 4
4, -0
3, 3
2, 10
8, 4.625
8, 3.875
4, 3
0, 0
3.375, 7
8, 11
-0, -0
4, -0
0, 0
4, 0
9, 8
2, 6
3.625, 2.3125
8, 8
8, 0
-0, 0
0, 0
-0, -0
4, 8
4, 0
5, 8
8, 5
8, 8
4.75, 1
3.5, 4.3125
8, 4
0, 4
7.875, 10
8, 8
8, 8
8, 8
4, 4
3, 7
9, 10
3.75, 4
8, 0
4, 2
8.25, 3.25
4, 4.75
4.5, 4
4, 8
7, 4
-0, 8
-0, 4
0, 0
4, 4
8, -0
4, 0
6, 7
4, 8
4, -0
11.875, 0
8.5, 11.5
4.75, 4.125
8, 0
-0, 4
7.25, -0
1.625, 11.25
0, 8
0, 8
0, 0
0, 8
1.25, 9
4, 4
4, -0
-0, -0
10, 2
8, 0
4, -0
7, 8
4, 8
4, 8
8, 4.5
4, 4
8, 4
4, 0.5
4, 8
0.5, 11
0, -0
4, 0
8, 4
8, 8
2.75, 7
4, 4
4, 8
8, 0
0, 0
8, 8
4.5, 4
8, -0
8, 4
4, -0
11.5, 2.5625
0, 0
0.8125, 2
9.5, 3.25
8, -0
4.75, -0
3, 2
10, 6
4, 8
0, 8
1.25, 4
8, 4
-0, 4
8, 4
7.25, 10.75
10, 9
8, 9
2, 10.5
4, 6
10, 4
-0, 8
1, 4
8, 8
5, 8
-0, 8
8, 4
2, 5
8, 8
4, 11.3125
8, 11
0, -0
11, 2
4, 4
4, 2.875
7.5, 4
6, 5
4, 8
0, 1
3, 10
-0, 10
10, 8

8.75, -0
6.125, 8
6, 4
4, 0
-0, 8
-0, 8
8, 4
4, -0
-0, 8
9, 2
0.5, 3
4, 0.625
5, 9.625
4, 6
0, 4
1, 8.5
8, 10
-0, 8
8, -0
8, 0
4, 0
2, 4
5.5, 6
8.5, 0.9375
10.25, 8
0, 8
4, 0
4, 4
-0, 8
8, -0
8, 4
9, 8
4, 7
-0, 8
7, 0.375
7, 5.0625
8, 0
10, 8
6.75, -0
8, 4
8, 4
4, 8
4, 0
1, 6
9, 2
10.5, -0
8, 8
2.5, 1
4.5, 1.5
10.5, 11
3.5, 4
4, -0
6, 6
-0, 4
-0, 4
0, 8
-0, 8
8, 4
4, 4
0.5, 10
3, 8
4, -0
6.25, 6
10.5, 1.25
5.75, 6.875
4, 0
4, 0
8.5, 4
4.5625, 2
4, -0
0, 8
0, 8
2.5, 8
5.5, 10
8, 0
4, 4
4, 4
-0, 2
0.75, 0
-0, 4
6.5, 0
-0, 4
0, 4
4, 2.375
8, 0
4, 0
-0, 10
4, 0
7.5, 10
0, 8
8, 4
-0, 4
2, 8.375
2.75, -0
8, 4
-0, 0
4, 0
4, 0
8, 8
4.25, 4
4, -0
0, 4
8, -0
0, 11.375
0, 8
5.625, 2
6.75, 3.875
8, -0
0.75, -0
6, 5
4, 4
-0, 8
0, 4
9.25, 4
0, 0
8, 4
0, 8
11.25, 6.375
8, 7
8, 10
6, 7
4, 1
9.125, 0
8, 4
4.875, 2
8, 4
9.75, 11
3, 4
0, 8
0.75, 8.25
4, 4
6, 0.5625
6, 4.5
4, 4
7, 10
8, -0
4, 7.875
11, 4
11, 3
4, -0
4, 9
5, 3
-0, 9
-0, 8

0.75, 4
0.75, 7
10, 10
4, 8
-0, 8
4, 8
4, 8
4, 8
8, -0
6, 10
7, 0
4, 1.125
10, 3.125
0, 3
8, 8
11.5, 5.25
8, 7
-0, 8
8, -0
8, 8
8, 0
7, 8
2.5, 9
3.625, 0.8125
0.25, 6
8, 8
8, 0
8, 0
4, 4
8, 8
4, 8
7, 8
8, 1
4, 8
2, 4.375
9.5, 8.3125
0, 4
10, 6
2, 6
-0, 8
4, 8
4, 8
4, 8
3, 9
3, 2
10.75, -0
4, 8
11.5, 10
2.75, 11
9, 11
3.125, 8
8, -0
3, 11
8, 8
-0, 8
4, 8
8, 8
4, 4
0, 4
9.25, 3
9, 0
0, -0
7.75, 0
4.5, 7.75
1.875, 8.125
4, 8
-0, 4
7.75, 1.5
4.4375, 11.5
8, 4
8, 8
0, 8
11.75, 8
8, 6
-0, 0
4, -0
-0, 4
2, 2
7, 8
-0, -0
7, 4
8, -0
4, 8
8, 10.875
8, 8
8, 0
8, 9.75
4, 0
5.5, 7
0, 8
-0, 4
8, 8
-0, 8
0.5, 10
8, 8
4, 8
0, 8
4, 8
4, 8
0.25, 8
4, 4
8, 4
4, 4
8, 2.1875
4, 4
10.8125, 1
10, 2.625
-0, -0
2, -0
8, 1
9, 8
8, 0
8, 8
11, 8
8, 8
8, 4
0, 8
10, 9
8, 4
0, 2
0, 8
-0, 4
7.875, 7
8, 4
3, 2
4, 8
9.25, 1
1, 4
8, 8
2.25, 6.75
4, 4
8, 1.3125
6, 8.5
0, 8
11, 3
-0, 4
4, 4
3.5, -0
7, 3
0, 8
0, 2
11, 7
-0, 9
6, 5

8.25, 9
2.875, 9
4, -0
0, 0
-0, -0
4, 8
8, 4
4, 8
8, -0
6, 8
4, 2
8, 0
4, 8.125
4, 3
4, 8
5.5, 0.5
-0, 5
-0, -0
4, 8
0, 0
4, 0
11, 4
10, 6
9, 6.3125
10.25, 4
4, 8
4, 0
4, 8
8, 8
-0, -0
4, 0
-0, 4
4, 6
8, -0
3, 5.75
6.25, 9
8, 0
4, 0
8.125, 8
4, 8
8, 4
8, -0
4, 4
10, 3
4, 4
8, -0
8, 0
9.5, 7
11.5, 2.75
5, 8.5
7.75, 4
4, -0
2, 1
4, 8
4, 4
0, 0
-0, -0
4, 8
4, 4
1.125, 1
5, 0
8, 8
4.375, 4
2, 4.5
2.75, 4.5
8, 0
4, 8
7.5, 8
6.3125, 2.5
8, -0
4, 8
0, 0
5, -0
0.5, 1
8, 4
4, 4
-0, 8
4, 0
8.75, 4
4, 8
6.5, 8
4, 8
4, -0
4, 9.625
4, 0
-0, 8
-0, 6.5
0, 4
1.5, 6
8, -0
-0, 8
4, 8
2, 3.875
4.625, 9
-0, 0
4, 0
4, 0
0, 0
0, 0
8.5, 0
8, -0
8, -0
0, -0
5, 8.9375
0, 0
4.375, 11
6.5, 2
-0, -0
11.75, 8
3, 11
2, 8
4, 0
4, 8
7, 4
4, 0
8, 4
0, -0
2.75, 7.625
2, 8
4, 4
6, 11.5
8, 1
7.125, 2
-0, 0
0.875, -0
4, 8
1.5, 10
3, 8
4, 8
7.75, 0.75
8, 0
10, 8.0625
4, 10.5
0, -0
8, 0
8, -0
4, 7
5, 4
10.5, 9
4, 8
0, 9
-0, 4
4, 10
4, 0

11.25, 8
8.875, -0
0, 3
8, 0
4, -0
4, 4
4, 4
8, 8
8, -0
10, 10
5, 9
4, 0.25
0, 2.875
0, 5
4, 8
9, 2
8, 1
8, -0
4, 4
8, 0
8, 8
11, 0
11, 7
5.625, 3.3125
3.5, 8
8, 0
4, 0
0, 4
4, -0
-0, 8
8, 0
1, 0
-0, 11
-0, 8
4.25, 2.25
0.75, 4.1875
4, 4
2, 11
4.5, 6
4, 8
8, -0
4, 4
8, 0
3, 9
5, 0
9.25, 4
4, 4
9, 10
6.75, 9.5
8, 1.25
8.875, -0
8, 8
5, 4
4, 4
-0, 0
8, 0
4, 4
0, 4
0, 8
3.125, 5
11, 0
8, -0
1.75, 6
3, 8
3.75, 3.125
4, 8
4, 8
11, 9
6, 9.75
4, -0
4, 4
8, 0
8.5, 4
8.25, -0
4, 8
8, 4
4, 4
2, 8
1.5, 0
4, 8
3, 0
4, 8
4, -0
8, 5.75
4, 4
4, 8
4, 7.25
8, 8
6, 1
4, 8
-0, 8
4, 8
6, 3.625
9.5, 2
8, 8
4, 0
4, 0
8, 0
4, 0
6, 0
8, -0
8, -0
8, -0
5, 3.1875
8, 0
2.1875, 1
1.75, 4.875
8, -0
5.25, -0
5, 3.5
9, 8
8, 8
4, 8
4.5, 0
8, 0
-0, 0
4, -0
5.75, 4.875
-0, 4
8, 2
6, 11.5
8, 6
4, 10
4, 0
5.125, 4
4, 8
4.25, 3
5, 0
0, 4
6.75, 5.5
8, 0
4, 9.9375
6, 0
8, 8
2, 0.5
4, 8
4, 2.625
11.5, 8
8, 3
4, -0
8, 10
2, 8
4, 9
5, 4

6.75, 6
6.875, 11
7, 9
0, 4
8, 4
-0, 8
4, 4
8, 4
8, 4
8, 7
5, 0
4, 10.375
0, 10
0, 11
8, 4
1.125, 5.25
8, 4
-0, 4
0, 4
0, 4
4, 4
10, 8
6, 11
11, 1.5
8.75, 8
0, 4
4, 0
4, 4
4, 8
8, 4
8, 0
4, 0
6, 3.5
4, 4
8.5, 6.875
8.5, 4.5625
4, 8
10, 1
7.75, 10
8, 4
4, 8
8, 4
8, 8
7, 9
7, 4
11.25, 4
8, 4
2, 6
3.5, 1.75
6, 9.25
8.5, 8
8, 4
5, 8
8, 4
4, 4
4, 4
-0, -0
0, -0
4, 8
4.875, 4
3, 0
8, -0
11.375, 4
8.5, 1
0.375, 10.5
8, 4
8, 4
11.5, 2.5
6.1875, 11.125
4, 8
8, 4
0, 4
3.5, 4
7.5, 9
4, 0
0, 4
8, 4
6, 0
11.75, 0
4, 8
5.5, 4
4, 8
4, -0
4, 3.25
8, 4
8, 4
4, 3
8, 0
8, 4
8, 4
4, 8
8, 4
6, 9.125
5.875, 5
-0, 4
4, 0
4, 8
0, 4
0, 4
7.75, 4
4, 8
8, 8
8, -0
3.25, 10.3125
8, 0
10.3125, 4
9.5, 7.625
8, 8
9.75, 4
10, 9
8, 8
4, 0
8, 4
10.25, 8
8, 4
8, 4
8, 4
4.5, 4.125
6, 4
0, 6
0, 2
8, 1
8.75, 4
4, 0
8.375, 4
8, -0
3, 9.5
2, 4
0, -0
9, 4.75
0, 8
5, 7.75
6, 5
8, 8
5, 5.5
4, 8
4, 10.625
11, 4
7, 5
0, 8
4, 8
-0, -0
-0, 5
2, 11

11.75, 1
4.25, 7
5, 8
4, 8
8, 4
-0, 4
4, 8
4, -0
8, 4
8, 10
4, 4
8, 10.625
0, 11.125
4, 9
0, 8
3.625, 1.25
-0, 11
4, 8
4, 4
0, 4
4, 0
11, 0
9, 10
5.625, 7.0625
3.25, 2
0, 8
4, 8
4, 4
-0, -0
-0, 4
-0, 4
-0, 0
8, 2
8, 4
4.75, 6.5
3, 11
8, 0
10, 9
2.25, -0
-0, 8
0, 4
8, 4
4, 4
1, -0
7, 8
9.5, -0
8, 4
9.5, 9
8.75, 0
4.5, 4.5
5.875, -0
0, 8
4, 2
8, 4
-0, 4
4, 8
8, -0
0, 4
8, 8
7, 7
10, 0
0, 8
7.75, 2
8.5, 11.5
-0, 11.125
4, 8
-0, 8
6.75, 1.5
10.375, 2.75
0, 4
8, 4
4, 8
8, 8
6, -0
-0, 4
4, -0
8, 8
6, 8
3.5, 4
4, 8
6, 4
8, 4
8, 8
0, 8.125
8, 0
-0, 8
4, 7.75
0, 4
10, 6
8, 4
8, 4
8, 4
8, 10.375
5, -0
4, 8
8, 8
4, 4
4, 8
8, 4
6.25, 4
0, 8
8, 4
0, -0
3.25, 9.5625
4, 8
10.625, 6
2, 7.5
-0, 4
6.75, 8
2, 1
2, 0
4, 8
0, 8
1, 4
4, 4
8, 0
8, 4
5, 1.25
4, 2
0, 4
0, 9
-0, 10
0.25, 1
4, 4
10.875, 8
4, -0
3, 7.5
8, 4
0, 8
8.25, 3.75
0, 8
11, 8.25
8, 5
4, 4
11, 2
8, -0
4, 4.375
6.5, 4
4.5, 8
4, -0
0, 5
10, -0
8, 7
7, 3

4.25, 11
4.125, 6
10, 6
4, 0
4, -0
-0, 0
-0, 4
4, 8
8, 4
4, 3
7.5, 5
0, 2.875
6, 3.625
4, 1
0, 8
4.125, 6.5
-0, 2
4, 4
8, -0
8, 0
8, 4
0, 4
9, 1
6.875, 2.125
9.25, 8
8, 0
-0, 8
4, 0
8, 4
8, 8
8, 4
-0, 4
-0, 7
4, 8
10.5, 5
8.5, 2.875
4, 4
0, 6
10, 2
8, 4
8, 4
4, 8
8, 0
7, 8
10, 11
0, 8
4, 8
9.5, 3
4.5, 9.25
1, 1
3.375, -0
8, 8
8, 4
4, 4
4, 0
4, 0
4, 4
0, -0
0, 0
2.125, 11
4, 8
8, 4
5.25, 4
3, 5
6, 8.875
0, 8
4, 0
7.75, 7.5
9.625, 8.625
4, 4
4, 8
4, 4
6.75, -0
9, -0
8, 0
0, -0
-0, -0
10, 2
7, 0
4, 4
11.5, 4
-0, -0
8, -0
4, 0.375
0, 0
4, 0
8, 4.75
4, 0
9, 3
4, 4
-0, 0
8, 0
10, 2.625
10.375, -0
4, 4
8, 0
4, 0
4, 0
8, 8
0.25, 0
4, -0
4, -0
0, -0
11.25, 0.3125
4, 0
7.4375, 4
7.75, 2.75
-0, 8
1.25, -0
4, 0.5
11, 10
8, 8
4, 4
1, 4
8, 4
4, 0
4, -0
4, 6.375
2, 10
8, -0
2, 2.5
4, 5
1.5, 3
-0, 8
0.625, 4
0, 4
6.5, 1
7, 8
0, 8
11.75, 5.25
0, 8
4, 2.625
6, 1.5
4, -0
9, 0.5
4, 4
4, 7.375
1, 8
5, 4
0, -0
0, 9
9, -0
-0, 8
5, 6

1.5, -0
8, 11
2, 2
4, 8
4, 8
-0, 0
8, 4
8, -0
4, 4
2, 9
11.5, 2
8, 8.125
0, 9.5
4, 6
4, 8
5.875, 6.5
4, 10
4, -0
8, 4
4, 8
4, 4
8, 4
0, 1
4.125, 0.6875
10.25, 10
4, 8
8, 4
8, 8
8, 8
4, -0
8, 4
3, 8
4, 0
8, 8
4.5, 11.625
5.75, 10.1875
4, 0
8, 0
2.625, -0
8, 0
8, 4
4, -0
4, 0
3, -0
-0, 0
8, -0
8, 0
5.5, 5
4, 1.75
4, 9.75
7.875, -0
4, 8
8, 4
4, -0
8, 4
4, 8
4, 8
8, -0
0, 4
2.5, 0
7, 4
8, 4
-0, 4
9.5, 5.25
6.5, 1.75
8, 4
8, 4
8, 7
0.25, 3.75
4, 8
4, 0
4, 0
7.75, -0
4.5, 5
4, 8
4, 8
8, 4
10, 4
5, 4
-0, -0
7, 8
4, -0
0, 4
4, 4.5
4, 4
8, 4
4, 2.75
4, 4
9.5, 2
8, 8
-0, 8
8, 4
4, 2.625
7.5, 10
4, 4
-0, 4
8, 0
4, 8
8, 4
9.5, 4
0, 4
8, 4
0, 8
11, 2.5
4, 8
5.4375, 2
4.25, 9.5
8, -0
3.5, 4
9, 2
0, 6
4, 8
0, 0
6, 8
4, 4
8, 8
4, 8
1, 2.5
4, 5
8, 9
2, 9
4, 7
7, 6
-0, 0
11.75, -0
8, -0
4.5, 10
9, 0
4, -0
9.5, 1.5
8, 4
0, 2.25
6, 1
4, 8
5, 9.5
4, -0
4, 8.75
7, 4
4.5, 3
8, 4
0, 5
11, 7
-0, 2
7, 1

1, 4
4.75, 8
5, 2
0, 8
8, 4
8, 0
8, 0
4, 8
8, -0
9, 11
1, 9
8, 1.625
9, 0.375
8, 9
4, 0
9.875, 5.5
4, 6
-0, 8
0, 8
0, 8
4, 8
3, 0
2, 3
0.25, 4.375
4, 2
0, 8
4, 8
8, 0
8, -0
8, -0
8, 4
11, 0
8, 5
8, -0
6, 7.5
1, 11.75
8, 0
6, 0
8.5, 4
8, 0
8, 4
4, 8
4, 8
9, 7
9, 10
5.5, 4
4, 0
10, 0
2.25, 11.25
8.5, 0.5
10, 8
8, -0
-0, 2
8, 8
8, 8
0, 8
8, -0
4, 4
4, 0
0.875, 9
1, 8
8, -0
3.25, 6
0.5, 1
10.625, 3.875
8, 0
8, 0
2.25, 4.5
6.375, 11.75
8, -0
8, 4
0, 8
9.75, 8
7.5, 6
8, 4
4, 8
4, -0
8, 4
2.25, 8
8, 8
8, 4
8, 4
4, 4
4, 11.375
8, 0
8, 4
8, 7.5
4, 0
5.5, 5
0, 8
4, 0
8, 8
2, 5.125
5.125, 2
-0, 0
4, 4
8, 4
0, 8
8, 0
1, 8
8, -0
4, 4
8, 4
0.5, 7.5625
0, 8
7.5, 8
1.75, 2.25
4, 4
8.25, 8
2, 7
6, 1
-0, 8
4, 0
3.75, 0
8, 8
8, 4
8, 4
7.75, 6.5
2, 3
4, 4
4, -0
-0, 5
4.875, 2
4, 4
8, 10
4, 4
7.25, 9
6, 4
4, 8
11.75, 6.5
8, 8
1, 10.625
0, 7
0, 8
9, 10
8, -0
4, 4.625
1, -0
4, 3
8, 8
8, 1
4, 11
8, 1
9, 9

1.75, 4
8, 3
10, 5
4, 4
-0, -0
4, 8
8, 0
8, 4
-0, 4
10, 6
9, 11.5
0, 2.75
7, 11.625
0, 8
0, 4
10.625, 1
-0, 11
4, 8
4, 4
4, 4
-0, 8
4, 0
4, 4
6.25, 9.0625
7.25, 2
4, 8
8, 4
8, 8
-0, 8
-0, -0
-0, 0
8, 8
2, 5
-0, 8
7.5, 9.75
11.25, 5.375
4, 4
8, 7
1.25, 4
-0, 8
8, 4
-0, -0
-0, 4
4, 9
11.5, 7
8.25, 4
8, 8
10, 3
10.25, 5.25
6, 11.5
7, 8
8, 4
11, 4
-0, 4
-0, 0
4, 4
4, 4
4, 8
4, 4
7.875, 3
3, 0
8, 4
4.375, 0
9, 4.5
1.25, 3
8, 4
8, 4
10.75, 2.5
5.1875, 3.5
8, -0
8, 8
4, 4
1.5, -0
11.5, 9
-0, 8
0, -0
-0, -0
2, 6
7.75, 0
-0, 4
5, 8
-0, 4
8, 4
8, 3.375
4, 4
-0, 0
8, 8.5
8, 8
9, 7
8, -0
-0, 0
-0, 4
10, 8.875
10.125, -0
4, 0
8, 4
8, 4
4, 4
8, 8
0.5, 0
8, -0
0, 8
0, 4
6.5, 8.5625
4, 4
11.6875, 11
9.5, 11
8, 4
7, 4
5, 6
3, 10
4, 4
0, 4
7.5, 8
0, 8
8, 8
0, -0
6.75, 1.75
2, 5
4, 3
0, 8
8, 5
0, 3
8, 0
0.125, -0
8, 4
1, 2.5
8, 0
0, 8
7.75, 1
8, 4
7, 8.1875
0, 6.5
0, -0
1, 1
4, 4
4, 3.375
2, -0
4, 7
4, -0
8, 11
5, 2
8, 2
-0, 2

0.5, 9
1.5, 9
10, 9
8, 0
4, 8
8, 8
8, 0
8, -0
8, -0
-0, 8
5, 8
4, 6.375
10, 4
4, 7
8, 0
8.875, 2.5
-0, 8
8, -0
8, -0
8, 0
8, 0
0, 8
1, 10
3.875, 7.6875
6, 2
8, 0
-0, 4
4, 0
4, -0
8, -0
8, 0
10, 8
-0, 11
-0, 4
5, 0.875
10.25, 4.9375
0, 4
0, 0
4.125, 6
-0, 4
8, -0
4, -0
8, 0
3, 2
3.5, 8
2.5, 4
8, 8
7, 5
10.25, 2.25
2, 11.5
11.625, 4
0, 8
1, 1
8, -0
4, 8
0, 4
8, 8
0, 4
8, 4
7.125, 8
6, 8
8, -0
2.375, 10
10.5, 6
6.375, 11.25
8, 8
4, 8
1.5, 7.5
2.625, 11.875
8, -0
8, 0
0, 4
2, 8
9.5, 8
4, 0
0, -0
8, -0
8, 0
8, 0
-0, 4
6, 4
8, -0
8, -0
4, 6
0, 4
4, 4
8, 0.75
0, 0
4.5, 3
4, -0
4, 4
-0, 4
0.5, 2.375
1.875, 4
4, 8
8, 0
8, 8
8, 0
4, 8
2.5, 4
8, -0
8, -0
8, -0
7.75, 0.25
8, 0
10, 4
1, 2.25
-0, 4
2.25, 8
9, 3
0, 7
-0, 8
4, 0
6.25, 0
0, 8
8, 0
4, 8
9, 9.875
-0, 8
4, 10
10, 5.5
-0, 11
2.875, 6
8, 0
1.75, 4
4, 8
6, 8
7, 4
8, -0
8.75, 6.75
4, 8
4, 3.6875
6, 4.5
8, -0
1, 3
8, -0
-0, 7.375
1, -0
8, 8
8, -0
8, 8
2, 10
-0, 2
2, 9

7.75, 4
10.75, 7
11, 2
0, 8
-0, 4
8, 4
-0, 0
0, 4
8, 4
2, 4
1.5, 3
8, 3.375
6, 6.625
4, 3
0, 8
3.75, 5.5
-0, 4
-0, 8
4, -0
0, 8
4, 0
9, 4
0.5, 3
4.5, 2
5.5, 2
4, 4
-0, 0
0, 8
4, 4
8, 4
8, 4
11, 0
4, 5.5
-0, 4
6.25, 6.125
8.5, 4.1875
0, 0
10, 4
2, 10
4, 4
8, -0
-0, -0
4, 0
8, 5
2, 0
11, -0
-0, 4
4.5, 0
5.25, 6.5
7.5, 10.75
3.5, 4
8, 4
2, 0
-0, -0
-0, 8
0, 8
4, 4
0, 4
0, 0
11.125, 5
4, 4
0, 8
8.875, 4
0.5, 3.75
5.125, 8.375
8, 4
-0, 0
2.5, 2.5
11.5, 6.625
0, 4
8, 0
0, 8
5.75, -0
9, 9
8, 4
4, -0
-0, -0
6, 8
7.75, 8
8, -0
9, 4
-0, -0
0, 8
8, 0.5
0, 4
4, 4
4, 4.75
0, 0
1, 9
8, 4
8, 0
8, 4
3, 9.125
6.25, 6
-0, 8
-0, 8
8, 8
0, 8
0, 0
11.75, 4
0, 4
8, 4
0, -0
1.75, 2.9375
0, 8
10, 6
9, 10.25
-0, 4
7.5, -0
-0, 3.5
1, 7
8, 4
4, 8
11.75, 8
0, 0
-0, 0
0, 4
2.25, 9.5
-0, 6
0, 10
10, 6
-0, 4
0.125, 4
-0, 8
7.25, 10
4, 4
11.25, 3.5
3, 0
0, -0
9.25, 5.5
0, 4
9, 3.875
8, 4.5
8, 4
11, 0
-0, 8
-0, 6.625
1.5, 4
5, -0
0, -0
4, -0
10, 7
4, 11
4, 3

1.25, 7
1, 5
1, 3
4, 8
-0, -0
-0, 0
4, 8
4, -0
4, -0
11, 1
5, 0
4, 6.875
8, 4
4, 3
4, 8
1.75, 10.5
8, 8
4, -0
4, 8
4, 8
8, 0
6, 4
7.5, 8
11.5, 8.9375
9.5, 10
4, 4
-0, 4
4, 0
4, 4
4, 4
4, 0
8, 4
8, 9.5
4, 4
3.5, 1.875
10.25, 1.3125
4, 4
10, 6
6.875, 8
-0, 4
4, -0
4, 8
4, 0
2, 7
3, 10
9.5, -0
4, 0
1, 5
11.5, 6.25
6.5, 6.25
3.125, -0
0, 4
7, 3
4, -0
4, 0
8, 0
-0, -0
8, 4
8, 4
9.5, 4
0, 4
8, -0
8.375, 10
4, 1.75
8.75, 3.375
4, 4
-0, 0
10, 6
8.9375, 8.125
4, -0
4, 0
4, 4
4, 4
10.25, 3
8, 0
8, 8
8, -0
4, 10
3.25, 8
8, 8
2.5, 8
-0, 4
0, -0
8, 8.625
8, 0
-0, 0
8, 2
8, 0
5, 2
4, -0
4, 4
4, 0
11.5, 8.125
10.5, 1
-0, 4
-0, 0
4, 0
4, 8
8, 0
1, 8
4, 8
8, 4
8, 8
11, 8.25
4, 4
-0, 2
1, 1.25
4, 4
7, -0
9, 9.5
11, 1
4, 8
0, 8
7.75, 0
8, 8
-0, 0
0, -0
7.5, 0.625
4, 5
4, -0
6, -0
8, 5
1.125, 6
-0, 4
5.625, 2
4, 4
8.25, 10.5
-0, 4
4, -0
4.75, 7
4, 4
0, 4.4375
2, 0
0, -0
5, 1
4, 4
8, 5.375
5, 8
10, 5
8, 4
4, 7
5, 5
-0, 11
9, 9

10.5, 1
4.25, 2
11, 3
8, 8
4, 4
-0, 0
4, 8
8, 4
8, -0
3, 10
9, 3
0, 1.25
7, 9.375
4, 11
8, 4
7.125, 5.75
8, 8
-0, 8
8, 8
8, 8
8, 8
0, 0
9, 5
11.125, 9
8, 8
4, 8
4, 8
4, 8
4, 4
8, 8
8, 0
8, 8
6, 10.5
4, -0
7.25, 0.5
3, 3.4375
8, 8
6, 1
10.875, -0
4, 8
8, 4
4, 4
4, 8
1, 7
5, 9
7.75, 8
8, 4
2.5, 3
0.75, 2
6, 3.5
8.25, 4
4, 8
8, 5
8, 4
8, 0
8, 8
-0, -0
8, -0
8, 8
11.5, 8
9, 0
4, 8
4.125, 10
6, 1.5
9.375, 9.625
8, 4
4, 8
7.5, 9
4.9375, 6.75
0, 4
4, 0
4, 8
5.5, 8
6.5, 7
8, 4
4, -0
8, 8
4, 0
6.75, 0
8, 4
11, 0
8, 4
8, 8
4, 5.875
0, 0
8, 0
-0, 10.25
4, 8
11, 9
4, 4
-0, 0
8, 4
8.5, 0.5
10.625, 2
8, 4
8, 8
8, 0
8, 8
0, 0
8, 0
4, 4
8, 8
8, 8
1.5, 3.0625
8, 8
4, 0
11.5, 8.25
4, 8
2.5, 4
-0, 8
0, 3
8, 8
8, 4
2.5, 0
8, 8
-0, 0
4, 4
4.25, 0.625
8, 8
8, 10
10, 9
8, 11
5.75, 1
-0, 8
0.125, 4
0, 8
7, 5
6, 4
4, -0
6, 8.5
4, 8
9, 7.9375
0, 5
0, 8
3, 9.5
4, 8
8, 7.125
10.5, -0
7.5, 8
4, 4
8, 10
9, -0
-0, 10
1, 7

1.75, 4
8.5, 7
6, 8
4, 8
8, 4
4, 8
4, 4
0, -0
-0, 4
10, 2
2.5, 11
4, 6.375
3, 1.75
0, 6
0, 0
5.375, 3
-0, 2
4, 4
8, 8
4, 4
8, 0
5, 4
9, 7
7, 6.875
8.5, 2
4, 8
4, 8
8, 4
-0, -0
4, 8
8, 4
8, 8
-0, 7.5
-0, -0
5.25, 5.125
2, 11.0625
4, 0
4, 1
3.75, 4
-0, 4
8, 4
-0, 4
8, 8
10, 7
6, 7
7.25, 8
8, 8
5.5, 9
11.5, 4.25
1.5, 5
7.875, 8
8, 8
9, 0
8, 8
-0, 0
4, 4
4, 4
8, 8
8, 8
11.25, 7
5, 0
8, -0
4, 4
10, 9.5
5.5, 6.625
8, 4
8, 4
0.75, 0.5
11, 5.75
0, -0
4, 4
4, 4
8.25, 4
8, 8
-0, 0
8, -0
8, 4
10, 0
10.5, 4
4, 8
3, 4
8, 4
8, 8
0, 0.75
0, 0
8, 4
8, 6.25
8, 0
9, 7
8, -0
4, 8
4, 8
6, 9.625
6.5, 7
8, 0
8, 8
4, 8
4, 8
8, 8
3.75, 4
0, -0
0, -0
0, -0
0, 4.5625
4, 4
3, 9
10, 6
-0, 4
5.25, 8
8, 11
5, 6
8, 4
0, 0
9, 4
8, 4
-0, 0
8, 4
9, 7.625
10, 1
8, 11
10, 2
-0, 7
5.5, 1
4, 8
1.625, 8
8, -0
5.75, 11
11, 0
4, 8
5.5, 7.5
8, 8
7, 11.375
0, 0
4, 4
5, 7
4, -0
8, 7
2, 8
2, 4
8, 4
0, 11
6, 7
-0, 0
-0, 10

1.75, 9
4.125, 10
0, 5
0, 4
8, 8
8, 4
-0, 4
0, -0
8, -0
2, 3
1, 10.5
8, 10.75
11, 3.75
0, 10
4, 0
5.875, 7
-0, 8
4, -0
8, -0
0, 4
-0, 8
5, 4
4, -0
7.125, 0.4375
3.25, 2
0, 4
8, 8
4, 0
4, -0
8, -0
-0, 8
1, 4
2, 8
4, 8
9, 0.375
11.5, 7
8, 0
4, 9
11.625, 10
-0, 4
0, 8
-0, -0
4, 0
1, 1
10, 3
9.25, -0
4, 8
10, 8
8.75, 8.5
8, 10.5
11.75, -0
4, 4
1, 5
4, 8
8, 8
8, 0
8, 4
4, -0
8, 8
3.125, 0
8, 8
4, -0
1.625, 8
0.5, 8
0.375, 5
0, 4
8, 8
10.5, 2
4.5, 3.125
0, 8
0, 4
4, 8
9.75, -0
4.25, 3
4, 8
8, -0
-0, -0
6, 0
9.5, 4
-0, -0
0.5, 8
-0, 4
8, 4
0, 6.25
8, 0
8, 8
8, 3.25
4, 0
9.5, 1
8, 4
4, 0
4, 0
8, 5.5
5.375, 7
4, 8
8, 4
0, 8
0, 4
0, 4
0.25, 4
8, 8
4, -0
0, 8
6.5, 1.6875
8, 0
10, 4
5, 3
-0, 8
4, 8
3, 10
9, 5
8, 0
4, 0
9, 0
4, 8
8, 0
8, 8
7.75, 4.625
6, -0
8, 6
10, 7
-0, 5
8, 1
-0, 8
9, 8
8, 8
0.5, 2.5
8, 4
4, -0
2.75, 10
4, 0
0, 0
10, 2
8, 4
3, 11.5
8, -0
8, 5.375
8.5, -0
2, 8
8, 4
4, 1
7, 5
4, 2
7, 7

4, 7
0.75, -0
8, -0
0, 4
4, -0
8, 4
4, 8
4, 4
4, -0
7, 2
1, 1
8, 0
8, 11.125
8, 7
8, 8
4, 11
8, 0
-0, 4
0, 4
0, 4
4, 4
4, 4
3, 5
0.125, 1.8125
7.5, 2
0, 4
8, 8
4, 8
8, 4
4, -0
4, 0
1, 0
4, 4
4, 8
0.5, 7.25
3.75, 0.0625
0, 8
4, 9
8.125, -0
8, 0
4, -0
-0, 4
-0, 0
9, 1
10.5, 3
10.25, 8
4, 4
1, 1
3.5, 11
4.5, 8.75
5.875, 8
8, 8
7, 7
8, 4
4, 0
0, 4
-0, 4
0, -0
0, 8
9.5, 3
8, 0
4, 8
5.5, 4
8, 4.25
7, 11.25
4, 4
4, 0
3, 7.5
9.125, 1.75
8, -0
8, 4
0, 4
11, -0
7.5, 9
8, 8
4, 4
4, -0
6, 0
11.5, 4
8, 8
7.5, 0
8, -0
8, 8
0, 4.875
8, 4
4, 0
4, 8.75
4, 4
8.5, 4
0, -0
8, 0
8, 4
11, 3.25
3.625, 10
8, 4
4, 0
4, 0
0, 4
8, 0
2.75, 0
0, -0
8, -0
0, 4
8.75, 1.1875
0, 4
11, 7
6.5, 7.5
4, 8
7, -0
-0, 7.5
0, 9
-0, 4
8, 8
2, 8
8, 0
4, 0
4, -0
2.75, 8
8, 1
8, 5
8, 11
8, 11
6.375, 9
-0, 4
5.375, 6
0, 4
5, 2
1, 4
4, 4
11.5, 2.5
4, 4
7, 7.9375
6, 11
4, -0
10, 6
-0, 8
4, 0.75
5, -0
5.5, 4
4, -0
4, 1
4, 7
8, 2
3, 10

3.25, 8
11.875, 2
11, 5
8, 4
-0, 8
4, 0
8, 8
4, 8
-0, -0
4, 1
9, 2
0, 4.125
8, 7
4, 6
0, 8
9.375, 10.75
-0, 4
8, 4
8, 4
0, 8
8, 8
3, 4
9, 7
1.375, 0.6875
9.5, 10
8, 4
4, 4
4, 4
8, 8
4, 8
8, 8
4, 4
10, 1.5
8, 8
7, 8.125
6.5, 8.1875
4, 4
6, 11
9.875, 8
-0, 8
8, 8
-0, 8
4, 4
-0, 1
1.5, 2
10, -0
8, 8
3.5, 0
1.75, 6.5
11.5, 7.25
5.75, -0
4, 4
-0, 4
4, -0
4, 4
0, 8
-0, 8
0, 8
8, 8
8.625, 7
10, 4
8, 8
8.625, 8
5, 10.5
2.125, 1.25
8, 8
4, 0
11.75, 8.5
8.5625, 6.125
4, -0
4, 8
8, 4
4, 8
2, 1
8, 8
8, -0
8, 8
2, 10
7.5, 8
-0, -0
2, 0
4, -0
4, 8
8, 10.5
0, 8
4, 0
4, 6.75
0, 8
5.5, 6
4, 8
8, 8
-0, 8
4, 1.875
9.125, 3
8, 4
8, 4
8, 4
8, 4
8, 8
9, 0
8, 8
4, -0
4, 4
1, 10.1875
0, 8
11, 1
10.25, 9.875
8, -0
6.75, 4
8, 5.5
7, 0
8, 4
0, 0
0.5, 8
4, 4
-0, 8
0, 8
3, 10
8, 5
4, -0
8, 3.5
4, 6
3.5, 11
4, 0
8.375, 2
8, 8
9.5, 5.5
6, 4
0, 8
10.5, 11.25
8, 0
4, 9.0625
2, 6.5
0, 8
6, 4.5
4, 4
4, 5.75
9, 8
6, 9
8, 8
0, 3
1, -0
-0, 1
7, 0

8, 6
3.75, 8
7, 2
0, 8
8, -0
4, 8
-0, 0
8, 8
8, 8
7, 4
4.5, 10
0, 0.875
8, 2.75
8, 2
4, 8
6.625, 10.5
8, 1
-0, 8
0, -0
0, 8
-0, 0
2, 4
4.5, 4
8.625, 11.6875
6, 8
0, 0
-0, 0
8, 8
8, 4
-0, -0
8, 0
5, 4
10, 4
-0, -0
6.5, 9.125
2, 10.75
0, 4
8, 3
6.375, 10
8, 4
8, -0
4, -0
8, 4
2, 4
4.5, 2
2.5, -0
-0, 0
1, 8
0.5, 5.75
8, 9.75
11.5, 4
8, -0
9, 2
4, -0
8, 4
0, 8
8, -0
4, 8
4, 0
0.875, 0
3, 8
4, -0
0.125, 6
3.5, 0.5
0.5, 7
4, 8
8, 0
0.25, 6.5
3.375, 9.625
0, 8
0, 0
0, 0
1.75, 8
9.5, 2
-0, 0
4, 4
-0, 8
2, 8
10.25, 0
-0, 4
0, 4
8, -0
4, -0
8, 11.5
0, 8
4, 8
8, 4.75
8, 0
11.5, 1
8, 4
4, 4
8, 0
6.5, 8
1.875, 1
-0, 4
-0, 4
4, 8
0, 8
8, 8
10.5, 8
4, 8
4, 8
0, -0
4, 0.75
0, 8
-0, 3
7.5, 2.25
8, 8
1.75, -0
5, 10
9, 2
-0, 0
4, 8
9.5, 8
4, 4
8, 0
8, -0
6, 9.5
-0, 3
0, 3
0, -0
-0, 0
7.375, 10
-0, 8
11.125, 4
8, -0
7, 4
7, 8
0, 8
10, 7
4, 8
8, 5.5
8, 8.5
0, 8
4, 6.5
-0, 8
4, 3.75
10, 8
-0, 4
4, 8
8, 4
10, 3
4, 7
8, 0

9.25, 5
10.75, -0
1, 11
4, 8
8, -0
-0, 0
4, 0
8, 8
4, -0
6, 5
11.5, 0.5
0, 6.875
6, 4.625
0, 3
0, 0
11.125, 1
4, 9
4, 8
0, -0
4, 4
-0, 4
3, 4
6, 7
3.5, 4.8125
2.75, 2
0, 0
8, 0
8, 0
4, 4
4, -0
4, 8
3, 0
8, 8
8, -0
0.5, 3.125
4, 10.0625
8, 4
0, 10
10.25, 10
-0, 4
4, 8
4, 4
8, 0
6, 8
-0, 11
9.5, 4
8, 0
1, 11
8.25, 3.25
2, 8.5
7.125, 8
4, -0
3, 5
8, -0
4, 8
4, 8
8, -0
8, -0
0, 4
2.375, 11
3, 0
4, 8
1.75, 10
11, 5.5
6, 7.125
8, 0
8, 0
3, 5
9.3125, 9
0, -0
8, 4
4, 4
1.5, -0
7.25, 4
-0, 4
8, -0
-0, 8
2, 10
3.25, 4
-0, -0
3, 0
8, -0
8, 4
0, 9.5
8, 0
8, 4
8, 8.5
8, 0
11, 1
0, -0
8, 0
8, 0
4, 11
1.625, 2
8, 4
8, 4
8, 0
4, 8
4, 4
5, 0
0, -0
4, -0
4, -0
8.25, 6.1875
4, 8
5, 6
0.5, 5.875
4, 8
7.5, 8
7, 0.5
3, 2
-0, 0
8, 0
2.25, 0
8, 0
4, 8
8, -0
3, 0
4, 1
4, -0
10, 10
4, 3
2.375, 4
8, 0
10.75, 4
0, 4
6.75, 3
5, 0
0, -0
1, 9
4, 4
8, 6.6875
8, 10
4, -0
0, 11
8, 4
4, 9
3.5, 8
6, 2
8, -0
0, -0
1, 8
8, 11
6, 1

11.75, 5
11.375, 8
9, 2
4, 0
8, -0
8, 0
4, 4
4, 4
8, 8
4, 5
6, 0
8, 0.125
2, 3.125
4, 8
0, 0
9.875, 9
-0, 10
4, -0
4, -0
4, 0
-0, 0
10, 4
4.5, 4
8.75, 6
7.5, 8
8, 4
4, 0
4, 0
-0, 8
4, 4
8, 8
-0, 8
4, 4
8, 8
6, 9.125
4.25, 1.625
8, 4
6, 7
3.75, 10
4, 4
8, 8
-0, 4
4, 8
10, 11
4, 0
11.75, 8
4, 0
2.5, 9
3.25, 6.25
4.5, 4.5
4.75, 4
4, 4
6, 10
-0, 8
-0, 4
4, 0
8, 4
8, -0
0, 4
5.25, 3
3, 4
8, -0
2.75, 8
3.5, 2.25
8.125, 7.25
4, 4
8, 0
4.75, 4
1, 1.5
0, 8
0, 0
0, 0
3, -0
5.75, -0
4, 4
0, 4
-0, 4
2, 6
8.25, 4
8, 8
0, 0
-0, -0
8, -0
0, 2.875
4, 4
8, 4
4, 10.25
8, 4
4, 5
8, 8
-0, 0
-0, 8
7.5, 9.75
9.75, 7
4, 4
8, 0
4, 4
4, 0
8, 0
2.75, 0
0, 8
8, 8
4, -0
10.5, 3
4, 0
1, 7
9.5, 3.75
4, 8
8.75, 8
4, 1
0, 4
4, 0
0, 0
1.75, 8
4, 4
-0, 0
8, -0
3.5, 11
-0, 4
8, 8
2, 8.5
4, 10
11.375, 5
8, 0
1.5, 8
8, 8
11, 10
-0, 0
8, 4
1.25, 4
8, 0
11, 3.375
2, 11.5
4, 4
6, 9.5
4, -0
-0, 7.125
8.5, 8
6.5, 6
8, -0
8, 2
7, 2
-0, 0
4, 5

6.75, 1
2.25, 5
10, 4
4, 4
4, 4
8, 8
-0, 4
0, 4
8, -0
3, 11
2, 3
0, 7.125
7, 10.125
8, 6
4, 8
3.625, 11.25
-0, 1
8, -0
8, 8
4, 4
4, 4
4, 4
3, 6
9, 8.8125
2.5, 10
4, 4
8, 0
0, 8
-0, 8
-0, 4
-0, 8
7, 0
6, 6.5
-0, 4
7, 4.125
4, 3.4375
4, 8
8, 0
5.125, 2
4, 0
0, 8
-0, 8
4, 4
6, 4
6.5, 0
1.25, -0
4, 8
2, 7
3.75, 5.75
8, 5.5
2.25, -0
8, -0
6, 10
8, -0
8, 0
4, 4
4, 8
8, 4
4, 0
8.875, 6
7, 0
8, -0
11.75, 8
0, 7.25
10, 3.375
4, 8
8, 0
4.25, 1
5.4375, 1.5
0, 4
0, 4
8, 0
3.5, 8
5.25, 7
8, 0
4, 8
4, -0
2, 6
2.75, 0
-0, -0
3.5, 4
4, -0
4, 4
0, 10.625
4, 8
4, 0
4, 4.75
4, 8
2.5, 9
0, 4
4, 8
8, 0
8.5, 7.75
6.75, 2
4, 4
8, 0
0, 0
4, 4
0, 0
5.5, 0
8, -0
4, 8
4, 4
9.5, 0.3125
0, 8
-0, 1
8, 4.625
8, -0
9.5, -0
6, 6.5
3, 2
8, 8
4, 8
5, 4
8, 0
-0, 0
4, 4
9.5, 7.625
10, 6
8, 3
0, 3
4, 10
5, 6
-0, 4
7, 6
8, -0
3.75, 10
1, 8
4, 8
8.5, 2.75
4, 8
3, 2.1875
8, 3.5
8, 8
1, 11
4, 8
4, 6.125
8.5, -0
5, 10
4, 8
8, 7
11, -0
8, 3
3, 10

3.5, 10
2.625, 3
6, 1
0, 8
8, -0
4, 0
4, 8
0, 4
4, 8
5, 1
1.5, 7.5
8, 1
6, 7.75
0, 5
8, 8
4.75, 8.5
4, 3
8, 4
0, 8
8, 4
8, 0
10, 8
0, 4
9.125, 2.8125
10, 0
0, 8
4, 8
4, 4
8, 4
-0, 8
4, 0
6, 8
4, 11.5
8, -0
10, 11
3.25, 5.125
0, 8
0, 4
10.5, 8
-0, 4
4, -0
8, 8
-0, 0
4, 6
6, 7
7.75, -0
8, 0
8, 0
10.5, 10.25
6, 2
9.375, 8
0, 8
7, 8
8, -0
-0, 8
0, 8
-0, 8
4, -0
8, 0
8.625, 1
11, 0
8, 8
0.25, 0
7.5, 2
11, 6.25
0, 8
-0, 0
10.25, 6.5
11.5625, 3
8, -0
4, 8
8, 4
6, -0
7, 7
4, 0
0, 4
8, -0
-0, 8
9.5, 8
4, 8
3, 8
8, -0
4, 4
0, 9.5
8, 0
4, 0
4, 1
0, 8
6.5, 10
4, -0
4, 0
8, 8
11.5, 8.25
1.125, 10
8, 0
4, 8
8, 0
0, 8
0, 8
9.5, 0
0, 8
0, 4
0, 4
5.75, 11.25
0, 8
1, 11
2.5, 4.25
8, 8
0.25, 8
5, 4
7, 11
4, 8
4, 8
1.5, 4
8, 4
8, 0
8, -0
5.25, 6.625
10, 1
0, 2
8, 7
8, 6
4, 1
-0, 8
8.75, 8
8, -0
0.75, 11
5, 0
8, 4
3.5, 5.25
8, 8
5, 5.25
2, 6
0, 4
8, 0.5
-0, 8
-0, 7.625
4.5, 8
9.5, 10
8, -0
4, 5
2, 3
4, 4
6, 0

4.25, 11
4.375, 5
3, 1
4, 8
8, 4
4, 8
8, 4
8, 4
4, 4
10, 3
10, 0
4, 9
3, 7.625
8, 2
4, 8
11.125, 7
-0, 1
4, -0
4, 8
4, 8
4, 8
7, 0
0, 8
5.25, 5.375
1, 6
4, 8
-0, 0
4, 4
-0, 8
4, 8
8, 4
4, 0
8, 0
4, 8
0.5, 9.625
3.25, 1.9375
4, 8
8, 2
2.25, 6
4, 8
8, 8
8, 4
4, 8
3, -0
7, 11
3, 4
8, 0
10, 1
10.75, 0
-0, 4.25
4.875, 8
0, -0
9, 5
8, -0
8, 0
4, 8
4, -0
4, 8
8, 4
1.375, 8
0, 4
8, 4
9.875, 2
6, 3.25
0.875, 7
8, 4
8, 4
5.5, 6
6.25, 4.375
0, 8
0, 8
4, 8
2, 8
8.5, 4
-0, 8
8, 8
4, -0
6, 8
11.5, 0
8, 4
7, 0
4, 8
4, 8
0, 1
8, 8
4, 8
4, 1
4, 0
7, 6
4, 8
-0, 4
4, 8
3, -0
3.875, 3
-0, 0
8, 4
4, 8
4, 8
4, 4
9.25, 4
8, 8
4, 8
4, -0
10, 2.0625
4, 4
4, 9
5.25, 8.875
8, 8
4.25, 8
10, 10.5
0, 1
8, 8
4, 8
6.25, 0
8, 4
4, 8
8, 4
5.75, 11.5
6, 1
8, -0
10, 4
4, 0
6.5, 6
4, 8
3.75, 2
4, 8
6, 5
7, 8
8, 4
4.75, 0.5
4, 0
0, 9.125
4, 9
4, 8
4, 10
4, 8
4, 3.875
5, -0
9, 4
8, -0
8, 7
1, 3
-0, 4
3, 1

2, 6
11.125, 7
6, 6
0, 0
8, 4
4, 4
-0, 0
8, 4
8, 8
9, 7
2.5, 8.5
8, 5
8, 5.25
0, 11
0, 0
0.25, 11.5
4, 9
-0, -0
0, -0
4, 0
4, 4
5, 4
11, 7
1.25, 7
4.25, 10
0, 0
4, 0
4, 8
4, 8
4, 4
8, 4
6, 0
6, 3.5
-0, -0
9.25, 0.5
7, 4.1875
0, 0
6, 3
7.625, 10
4, 0
8, 4
4, 8
4, 0
10, -0
10.5, 8
8.5, 8
8, 8
3, 10
4.75, 0.75
10, 6
1.5, 4
4, -0
11, 11
-0, -0
4, 0
0, 0
8, 4
0, 4
0, 8
10.125, 3
4, 4
8, 8
0.625, 8
4.5, 0
11.5, 8.125
4, 0
-0, 4
5, 4.5
1.4375, 6.75
4, -0
4, 0
0, 0
9.25, -0
7.5, 2
4, 0
8, 4
-0, 8
-0, 0
4.5, 4
-0, -0
6.5, 8
-0, -0
0, -0
0, 8
0, 8
-0, 4
8, 6.25
4, 4
8, 10
4, -0
4, 0
-0, 0
5, 10.375
6.125, -0
4, 0
4, 0
4, 0
0, 0
4, 0
11.75, 0
0, 4
4, 4
4, 4
7.25, 3.75
0, 0
9, 7
8, 10.375
8, 4
2.75, 4
9, 6
7, 3
4, 4
8, 0
4.75, 4
8, 8
-0, 8
8, 4
4, 8.875
2, 1
4, 6
0, 7.5
4, 9
2.25, 6
-0, 4
9.375, 10
4, 8
2.5, 11.5
6, 4
0, -0
1.5, 1
8, 0
7, 0.8125
2, 9
4, -0
11, 6.5
-0, -0
4, 2.375
4, 8
6, 10
8, 4
8, 7
10, 1
8, 8
-0, 10

2.5, 5
10.625, 4
11, 3
8, 4
-0, 4
8, 8
8, 4
0, 4
4, 8
1, 7
8, 7.5
8, 7.375
8, 6.25
4, -0
8, 0
9.125, 5.75
-0, 10
4, 8
0, 4
8, 4
-0, 0
1, 8
7.5, 11
10.25, 11.5625
9.5, 10
8, 4
-0, 4
8, 4
8, 8
8, -0
-0, 0
4, 4
10, 5.5
4, 4
8.5, 7.375
9.25, 7.3125
8, 0
2, 7
10.5, -0
-0, 8
0, -0
-0, 8
-0, 4
4, 10
7, 7
7, 8
-0, 4
3, 8
0.25, 7.25
2.5, 4.25
6.875, 4
8, 8
6, 4
8, -0
8, 8
8, 4
-0, 4
8, 4
4, 8
1.5, 4
0, 0
4, -0
11.75, 2
9, 1.75
4.375, 1.875
4, 0
4, 8
8.5, 10.5
10, 9.25
4, -0
4, 8
4, 8
0.5, 8
7.25, 11
-0, 4
4, 8
4, 8
2, 6
1, 4
8, -0
7, 4
-0, 4
4, 8
4, 11.75
0, 0
4, 8
-0, 2.75
0, 0
7, 11
8, 8
4, 8
8, 0
11.5, 10.875
0.625, 1
8, 0
4, 8
0, 0
8, 4
0, 4
7.75, 8
4, -0
0, 4
4, 8
3.5, 3.125
8, 4
4, 1
5, 4.25
-0, 8
4, 8
2, 6
5, 2
8, 8
0, 0
0.75, 8
4, 4
8, 0
0, 4
3.25, 1.25
-0, 9
8, 10
8, 3
8, 9
1, 9
-0, 4
2, 8
0, 4
2.75, 11
6, 0
4, 4
4, 10.5
4, 4
1, 6.5625
0, 7.5
8, 8
8, 0
8, 4
4, 3.25
9, 8
6.5, 7
4, 4
4, 11
4, 10
8, 10
1, 1

10, 4
2.75, 11
10, 1
4, 0
8, 8
-0, 0
-0, 0
4, -0
8, 8
8, 4
9, 5
0, 3.25
2, 10
8, 6
0, 0
1.5, 10.75
-0, 1
8, 4
0, -0
8, 4
4, 8
9, 0
5, 10
2.375, -0
3.75, 2
0, 4
8, 8
8, 4
-0, -0
8, 4
8, 8
2, 0
10, 1
8, -0
3.25, 9.25
5.5, 0.125
0, 0
4, 3
2.875, 10
-0, 0
8, 8
-0, 8
4, 8
3, 8
8.5, 7
5.5, -0
-0, 0
-0, 7
4.5, 5
10, 8.75
6.75, -0
8, 8
3, 10
-0, -0
-0, 0
8, 4
8, -0
8, 4
8, 4
9, 5
11, 0
8, 8
6.625, 10
0.5, 5.75
8, 5.125
0, 4
8, 8
6.25, 10
7.6875, 3
8, 8
0, 0
8, 4
1.5, 4
4.75, 4
4, 8
0, 4
8, -0
4, 10
7.5, 4
-0, -0
1, 4
-0, -0
8, 4
8, 2.375
0, 4
4, 0
-0, 4.5
0, 0
5, 8
8, -0
4, 0
-0, 0
11, 5.75
3, 4
8, 0
8, 4
4, 8
4, 0
8, 4
7, 4
4, -0
0, -0
0, -0
6, 10.4375
8, 4
11, 1
1.75, 3.625
8, 4
7, -0
1, 10
3, 5
8, 4
8, 4
2.5, 0
0, 4
-0, 0
8, 8
6.25, 1
6, 11
8, 5
8, 2.5
-0, 11
6.125, 2
8, 8
6.875, -0
0, -0
8, 9
-0, 8
0, 8
8.5, 1.5
0, 4
7, 9.375
4, 10
0, -0
2, 9
-0, -0
4, 7.875
8, -0
3.5, 2
8, -0
8, 1
5, 3
8, 0
5, 11

6.5, 8
7, 2
11, 7
8, 0
8, 8
8, 8
4, 4
8, 4
8, 4
10, 11
8.5, 1.5
0, 2
11, 1.25
8, 1
0, 4
11.625, 10.25
8, 4
-0, 4
8, -0
4, 0
4, 4
6, 0
8, 10
11.25, 8.6875
1.25, 10
0, 8
8, 4
8, 8
4, 4
8, 4
-0, 8
7, 8
10, 3.5
4, 4
10.75, 1.5
8, 8.3125
0, 8
10, 3
0.375, 10
-0, 8
0, 8
8, 4
8, 0
11, 7
0.5, 7
1, -0
8, 4
9.5, 5
0.5, 9
11.5, 1.75
1.5, -0
8, 4
7, 9
-0, -0
8, 8
0, 8
8, 8
4, 8
8, 0
6.625, 3
6, 4
8, 8
3.375, 0
7, 4
11.5, 10.375
4, 0
-0, 8
7.75, 1
8.8125, 11.375
0, -0
0, 8
0, 4
5.75, 4
0.75, 2
8, 4
4, 4
8, -0
8, 4
6.25, 0
-0, 8
8, 4
-0, 4
0, 8
0, 8.625
4, 4
-0, 8
-0, 2
0, 4
2.5, 3
8, 4
8, 8
-0, 0
11.5, 8.375
11.625, 9
8, 0
-0, 8
8, 4
8, 0
4, 4
3.5, 0
4, 4
8, 4
0, 4
6.5, 1.6875
0, 8
3, 2
3.5, 1.25
8, 4
11.75, -0
10, 7.5
4, 1
8, 0
8, 4
4.5, 4
0, 8
8, 4
8, 8
3, 6.875
4, 10
8, 10
2, 9.5
8, 4
0.125, 2
-0, 8
0, 4
8, 4
8.25, 6.5
10, 0
0, 8
11.25, 1.25
8, 4
6, 9.0625
10, 5.5
8, -0
11, 4
-0, 8
8, 2.375
1, 8
7, 5
4, -0
0, 5
2, 2
-0, 0
-0, 3

10.5, 3
6.625, -0
5, 1
8, 8
4, 8
4, 8
4, 4
8, 8
-0, 4
4, 6
4, 9
0, 5.375
3, 11.75
0, -0
8, 4
5, 3.5
8, 8
-0, -0
4, 4
4, 4
4, 8
1, 8
3, -0
9, 7.375
6.25, 2
8, 8
8, 8
8, 0
-0, 8
4, 4
-0, 4
11, 0
8, 4.5
8, 4
10, 5.25
4.25, 1.3125
0, 0
4, 6
7.875, 4
8, 8
0, 8
8, -0
-0, 0
5, 11
0.5, 9
6, 4
4, 8
1, 11
9, 1.25
8, -0
6.25, -0
8, 8
7, 10
8, 8
-0, 0
8, 8
4, 4
4, -0
8, 4
5.5, 5
3, 0
0, 8
1.625, 2
4.5, 5.5
8.75, 6.75
4, 8
-0, 0
6, 0.5
9.9375, 7.375
4, 4
4, 8
4, 0
11.5, 4
6.25, 5
4, 8
0, -0
8, 4
8, 6
3.5, 4
4, 8
6.5, 8
4, 8
4, 4
4, 2.5
4, 0
-0, 0
4, 8
8, 8
11, 6
4, -0
4, 0
8, 8
2, 8.5
1.875, 3
4, 4
-0, 4
0, 0
8, 8
8, 4
0.25, 8
4, -0
8, 4
8, 8
3.75, 3.8125
8, 8
4, 1
9.75, 7.375
4, 4
-0, -0
6, 5
6, 4
-0, 0
8, 8
11.25, 0
8, 8
-0, 0
4, 8
7.75, 3.625
-0, 1
4, 7
8, -0
-0, 3
7.625, 11
4, 8
5.375, 10
8, 8
0.5, 8.5
5, 0
4, 8
11.5, -0
0, 8
6, 5.875
10, 8.5
4, -0
7, 11.5
4, -0
4, 2.5
1.5, -0
1, 9
4, 8
0, 8
1, 6
8, 7
-0, 1

6.75, 4
7.375, 2
2, 9
4, 0
-0, -0
4, 0
8, 4
0, 8
8, 4
11, 1
2, 3.5
8, 1.875
9, 5
0, 4
4, 8
5.625, 10.75
4, 8
4, -0
4, 4
8, 0
4, 4
11, 0
5.5, 1
9.125, 2.125
5, 10
8, 0
4, 4
0, 8
8, -0
4, 4
8, 0
9, 8
4, 6
-0, -0
5, 3
3.75, 1.3125
4, 0
0, 5
3.25, 4
8, 8
0, -0
-0, 8
-0, 8
3, 11
11.5, 9
6.25, 4
8, 0
8.5, 10
10.25, 5
11, 8
11.125, 4
0, -0
5, 5
4, 8
4, 0
4, 0
4, -0
0, 4
4, 0
3.125, 6
0, 8
0, 8
1.875, 6
11.5, 4.5
8.5, 0.875
0, 8
4, 4
3, 0.5
4.5, 5.875
0, 8
4, 4
8, 0
10.25, 8
11.75, 1
-0, 8
0, 8
4, -0
8, 4
9, 0
8, -0
5.5, 8
8, 4
4, -0
4, 0.25
0, 0
-0, 0
4, 7.75
8, 0
10.5, 8
4, -0
4, 0
8, 4
10.5, 11.25
8, 9
4, 4
4, 4
8, 0
4, 0
4, 8
6, 0
8, 4
0, 8
4, -0
11.25, 1.25
8, 0
10, 6
0, 3.125
8, -0
8.5, 4
9, 8
1, 3
4, 0
8, 4
10, 0
4, 4
8, 4
0, -0
10.5, 0.875
2, -0
8, 6
8, 11
4, 9
2.75, 2
8, 0
5.625, 10
8, 4
1.5, 5.5
8, 0
8, -0
10.5, 10.75
8, 0
10, 5.8125
0, 5.5
0, 4
5, 4.5
4, -0
4, 9.375
10, 4
6, 8
8, 4
0, 4
6, 11
-0, 4
4, 0

10.25, 7
7.25, 11
7, 2
8, 0
4, 4
4, 8
8, 4
4, 4
8, 4
9, 6
2.5, 8
0, 4.125
5, 9.625
4, 4
0, 8
7.5, 3.75
-0, 9
8, -0
8, 4
8, 0
8, 4
5, 0
10, 9
0.875, 11.25
0.75, 10
8, 0
-0, 4
4, 4
4, -0
-0, -0
8, 8
8, 0
-0, 4
4, 8
8.25, 10.25
0.25, 1.75
8, 4
8, 10
9, 10
4, 8
8, 8
4, 8
4, 4
6, 9
8, 6
7.25, 8
-0, 4
4, 7
2.25, 3.25
6, 10.25
9.875, 4
0, 4
6, 6
8, 4
-0, 8
8, 4
-0, 8
4, 8
8, 4
4.125, 2
10, 4
8, 4
7.5, 0
7.5, 3.5
4.5, 10
4, 4
4, 8
7, 5
7.375, 5.5
4, 8
4, 8
0, 0
3.75, -0
3.5, 7
4, 8
4, 4
8, 4
8, 8
4.5, 4
-0, 4
11.5, 4
-0, 8
4, 8
8, 10.625
0, 4
8, 8
4, 1.75
4, 8
2, 6
8, 4
4, 4
-0, 8
11.5, 0.625
4.625, 1
-0, 4
4, 4
8, 4
8, 0
8, 0
5.25, 0
8, 8
0, 4
4, 4
4.25, 0.25
4, 0
8, 3
0, 8.125
-0, 4
4.25, 4
5, 0.5
3, 2
8, 0
8, 8
3, 4
4, 4
-0, 4
4, 4
10.5, 2
8, 5
8, 11
4, 6
8, 7
11.375, 4
4, 0
10.125, 10
4, -0
4.5, 10.5
8, 8
4, 8
9.5, -0
0, 4
11, 7.125
8, 3
8, 4
1, 8.5
-0, -0
4, 8.75
7, -0
9.5, 6
0, 4
4, 4
6, 3
4, 6
10, 6

0.5, 6
2.125, 5
7, 2
8, 0
8, 4
8, 4
8, 4
0, 8
8, 4
8, 8
2.5, 5
0, 10.125
8, 5.125
0, 9
4, 4
8.375, 11
8, 2
8, 4
8, -0
8, 0
8, 4
6, 0
1, -0
10.25, 11
9, 10
8, 0
8, 0
8, 8
-0, -0
4, 4
8, 4
5, 4
6, 4
-0, 8
8, 9.25
6.5, 0.5625
4, 4
6, 9
1.5, 6
8, 4
8, 8
-0, 8
-0, 4
6, 9
-0, 0
0, 8
-0, 8
-0, 2
5.25, 8.5
0.5, 6.75
2.625, -0
8, 4
2, 3
-0, 8
8, 8
0, 0
-0, 8
8, 4
8, 0
10.125, 6
2, 4
8, 4
11.75, 8
9.5, 8
6.25, 11
8, 4
8, 4
10, 4
7.625, 5.125
8, 4
4, 8
8, 0
6.5, -0
11.5, -0
4, 4
8, 8
8, -0
8, 10
6.5, 4
4, 4
7, 8
8, 4
8, -0
0, 1
4, 0
8, 4
-0, 10.75
4, 8
9, -0
4, 8
8, 0
4, 8
6, 11.625
8.25, 4
-0, 8
-0, 0
0, 8
8, 0
8, 0
11.75, 4
8, 4
8, -0
4, 8
7.5, 4
8, 0
1, 4
3.5, 0.875
8, 8
4.5, 4
-0, 7.5
2, 2
8, 4
0, 8
10.5, 4
0, 0
8, 4
8, 4
5.5, 9.375
8, 11
8, 1
0, 9.5
-0, 4
0.75, 4
8, 4
11.5, 2
8, 4
6.25, 11
5, 0
0, 8
5.5, -0
8, 4
6, 0.5
2, 4.5
0, 4
9, 1
4, 4
-0, 5
7, -0
4, 3
0, 8
8, 11
11, 2
4, 1
3, 5

5.25, 1
6.375, 4
7, 9
0, 8
4, -0
4, 8
8, 8
4, -0
4, -0
5, 4
3, 1
0, 11.5
1, 8.5
4, 2
0, 8
6.5, 6
-0, 5
4, -0
4, 4
8, 8
4, 0
0, 4
6.5, 4
3.5, 7.375
1.25, 0
0, 8
-0, 4
4, 4
4, -0
8, 8
4, 0
11, 0
-0, 4
4, -0
2.25, 3.375
0.5, 10.6875
0, 0
6, 9
1.75, 4
4, 0
8, 8
8, -0
-0, 8
7, 6
9.5, 10
10.25, 4
8, 8
0.5, 11
4.75, 7.75
11, 9.5
1.75, 4
0, 4
3, 4
4, 8
8, 8
4, 0
-0, 8
8, 4
8, 4
1.25, 10
8, 0
8, 4
10, 10
3, 7.5
11.25, 11.875
8, 0
-0, 8
10.25, -0
9.25, 4.75
0, -0
4, 8
4, 0
4, 4
11.5, 2
8, 0
4, -0
8, 4
8, 2
8.25, 0
8, 4
5, 4
8, -0
4, -0
0, 7.75
4, 4
4, 0
-0, 9.5
4, 4
8.5, 1
8, 8
-0, 0
-0, 4
10, 5.25
10.875, 2
-0, 8
4, 0
4, 0
0, 8
4, 0
11.25, 8
8, 8
0, -0
8, -0
5.75, 2.8125
4, 0
8, 3
2, 5.875
4, -0
3, 4
8, 11
7, 5
4, 4
0, 0
8.25, 4
8, 0
-0, 8
4, -0
5.5, 7.25
-0, 2
4, 8
8, 2
-0, 2
11.375, 4
4, 4
7.875, 8
0, -0
0, 0
-0, 4
0, -0
10, 11
0, 4
11, 2.75
4, 2
8, 4
10, 8
-0, -0
8, 8.875
8.5, 4
2, 10
8, 8
4, 2
-0, 2
4, 3
3, 5

7.25, 5
7.875, 1
5, 3
0, 4
8, 8
4, 0
4, 0
0, -0
8, -0
11, 7
2, 9
8, 7.25
9, 6.875
4, -0
8, 8
1.875, 8.25
4, 9
-0, 4
0, 4
0, 4
8, 0
11, 0
11.5, 11
6.875, 6.25
3.5, 4
0, 4
8, 0
0, 4
-0, -0
8, -0
-0, 8
9, 8
2, 4.5
4, 8
0.25, 2.25
8, 2.125
8, 4
8, 8
9.875, 8
-0, 4
0, 8
4, 8
-0, 0
8, 8
11, 10
0.5, 4
4, 8
2, 9
11.25, 8.25
3.5, 11.5
2.75, -0
8, -0
6, 6
8, 8
8, 4
0, 4
4, 4
0, 8
0, 4
6.875, 7
2, 0
4, 8
4, 2
0, 3
6, 5
4, 8
8, 8
0.75, 5
6, 8.25
4, 4
8, 8
0, 4
7.25, 8
5, 2
-0, 0
8, 8
-0, 4
4, 0
5, 8
-0, -0
10, 8
8, -0
0, 4
8, 7.125
8, 4
-0, 0
8, 11.75
8, 0
9, 8
8, 8
4, 8
8, 0
6.5, 0.75
5.125, 9
8, 0
-0, 4
8, 4
0, 4
0, 0
-0, 8
8, -0
8, 8
8, 8
9.5, 6.5625
0, 4
6, 10
10, 0.875
4, 4
0.5, 8
-0, 3.5
5, 1
-0, 4
0, 0
8, 4
0, 0
4, 4
8, 8
11.75, 4
8, 7
4, 2
4, 4.5
-0, 7
1, 11
8, 0
7.5, 2
0, 4
1.5, 7.5
1, 0
0, -0
6.5, 5.25
4, 8
3, 5.9375
0, 7.5
4, 4
2, 7
8, 4
4, 9.5
2.5, 8
4, 2
4, 4
8, 1
9, 5
-0, 5
3, 6

11.25, 6
10.875, 1
9, 8
4, 4
8, 8
8, 0
4, 4
4, 4
8, -0
5, 10
0.5, 8
8, 5.625
9, 2.5
4, 5
8, 0
9.5, 2.25
4, 7
4, -0
4, 4
4, 4
4, 0
7, 0
4.5, 4
3.625, 1.5625
11, 6
4, 4
4, 4
0, 4
-0, -0
8, 4
-0, 0
9, 8
-0, 4
-0, -0
9.25, 1.75
0.25, 5.4375
4, 0
4, 10
3, 4
-0, 0
0, -0
4, -0
8, 0
4, 5
5.5, 3
7.25, 8
-0, 0
2.5, 3
2, 5
3, 0.5
8.625, -0
4, 4
1, 0
-0, 4
4, 4
4, 4
4, 4
4, -0
4, 4
3.75, 7
9, 4
8, 4
5.75, 10
11.5, 4.75
1.75, 0.125
0, 0
8, 8
0.5, 10
11, 3.625
4, 8
4, 0
4, 4
2.5, 8
2, 7
8, 8
4, -0
4, 4
10, 10
10.25, 0
8, -0
6.5, 0
8, -0
4, 4
8, 7.625
4, 4
4, 0
8, 9.75
0, 0
3, -0
4, 4
-0, 4
8, 0
11, 7.625
1.625, 9
4, 4
4, 4
8, 8
4, 4
0, 0
1, 0
0, -0
4, 4
4, 8
10.5, 7.3125
4, 4
6, 10
0.5, 3.75
-0, 4
7.5, 4
8, 8
3, 8
4, 4
8, 0
11, 8
4, 4
-0, 8
8, 8
10.75, 10.25
2, 8
0, -0
8, 10.5
8, 10
8.875, 6
4, 8
9.125, 6
8, -0
5.75, 1
5, 0
4, -0
4.5, 2
0, 0
9, 1.375
2, 0.5
4, 4
10, 0
4, -0
4, 9.5
7.5, 8
11, 4
8, -0
4, 3
7, 1
8, 3
8, 1

11, 7
5.75, 3
3, 7
8, 4
-0, 4
-0, 0
8, 4
4, 8
-0, -0
11, 2
10, 5.5
0, 11.25
7, 0.5
8, 10
8, 4
11.75, 5
-0, 5
4, 4
8, 4
8, 4
-0, 8
9, 0
10, 7
4.625, 0.4375
11.75, 0
8, 4
8, 4
4, 8
4, 4
8, 4
-0, 4
8, 4
4, 5
4, -0
1.25, 2.125
1.75, 5.375
8, 8
0, 3
4.125, 6
8, 0
0, 4
8, -0
4, 4
1, 8
1, 11
2, -0
4, 4
2.5, 6
5.5, 1
4.5, 11.75
5.625, 8
0, -0
-0, 3
8, 4
4, 8
4, 4
8, 4
8, -0
4, 0
9.875, 3
2, 4
8, 8
2.625, 4
9.5, 8.5
9.625, 6.75
0, 4
4, 4
4.75, 1
2.5, 5.75
0, 8
8, 4
8, 4
11.5, -0
6.75, 6
8, 4
0, 4
4, -0
2, 4
0.75, 0
8, 4
3, 8
8, 4
4, 4
4, 7.875
4, 0
-0, 8
4, 1
0, 0
4, 11
8, 8
8, 8
8, 4
11.5, 6
6, 5
-0, 8
4, 4
4, 4
8, 4
8, 4
0.75, 4
8, 4
8, -0
0, -0
4.75, 1
8, 4
9, 7
9, 7.75
8, -0
6.25, -0
3, 3
5, 4
8, 4
8, 4
11.75, 8
4, 8
8, 0
0, 4
8, 1.25
10, 6
4, 5
0, 9
8, 3
5, 9
4, 0
2.625, 8
0, 8
8.25, 8.5
-0, 0
4, 8
8.5, 7
8, 4
1, 3.1875
0, 1.5
8, 4
11, 7
8, 4
4, 9.25
11, 8
9.5, 7
0, 8
8, 4
8, 10
4, 5
3, 6

11, 2
4.75, 6
6, 10
4, 8
-0, 4
4, 0
4, 8
8, 4
-0, 4
2, 9
9.5, 8
4, 1.875
4, 8.75
8, 11
0, 4
7.375, 8
8, 5
8, 4
4, 8
8, 4
4, 8
5, 4
8, 5
1.375, 0.125
5, 6
4, 8
8, 4
4, 4
-0, 8
8, 8
4, 8
2, 8
4, 0.5
-0, 4
3.75, 3.125
10.75, 1.625
8, 0
10, 1
5.5, 4
-0, 4
4, 8
4, 4
8, 0
2, 8
0.5, 9
11, 8
-0, 4
-0, 2
3, 0.5
2, 8.75
9.25, -0
0, -0
11, 6
-0, 4
4, 8
8, 4
8, 4
0, 8
8, 8
5.375, 8
6, 8
4, 8
11.25, 8
0.5, 9.5
2, 2.125
4, 4
-0, 4
5.75, 10
1.125, 1.75
4, 8
0, 4
8, 4
10.5, -0
1, 5
4, 8
8, 4
8, 8
4, 2
-0, 4
-0, 4
1, 8
-0, 4
4, 8
4, 2.75
4, 4
8, 0
8, 2.5
0, 8
6, 6
4, -0
8, 0
-0, 4
8, 3
2.625, 3
-0, 0
8, 4
0, 4
4, 8
0, 4
4.5, 0
0, 4
4, 8
4, -0
6, 10.4375
4, 8
7, 6
3.75, 4.625
-0, 4
3.75, 4
1, 6.5
1, 3
-0, 0
8, 4
9.75, 0
0, 4
-0, 0
0, 4
1.5, 4.375
4, 3
8, 4
8, 10.5
4, 8
10.25, 2
4, 8
1.75, 6
0, 8
2.75, 11
11, 0
8, 4
1.5, 6.5
4, 8
2, 10.0625
6, 11
0, -0
7, 2
4, 8
4, 5.375
2, -0
2.5, 7
8, -0
8, 3
9, 5
4, 1
4, 1

8.75, -0
7, 3
0, 2
0, 0
4, -0
4, 8
8, 4
0, 4
-0, -0
6, 8
10, 2.5
0, 3.75
1, 1.875
0, 9
8, 4
0.5, 10
-0, 11
8, -0
4, -0
0, 0
8, 4
7, 0
1, 6
5.5, 3.0625
0.25, 6
0, 0
8, 0
4, 0
-0, 8
8, 4
8, 0
8, 4
2, 9.5
8, 4
6, 8.75
10.5, 6.125
8, 4
6, 7
8.625, 6
8, 4
8, -0
-0, 4
-0, 0
1, 5
0.5, 9
10.5, 4
-0, 4
3, 4
2.5, 11.5
1.5, 4.75
9.375, 8
8, 4
2, 5
8, 4
-0, 4
0, 0
4, 4
0, 8
4, 4
7.625, 6
4, 4
4, 4
3.5, 6
3, 2.25
3.375, 11.375
0, 4
8, 0
3.5, 2.5
0.875, 5
4, 8
4, 0
8, 0
9, -0
4.5, 6
8, 4
0, 4
4, 4
8, 10
2, 0
8, 4
2.5, 0
8, 4
8, -0
8, 5.375
0, 0
-0, 4
8, 6.75
4, 8
1, -0
4, 4
8, 0
-0, 0
1.5, 9.75
3, 5
8, 4
8, 0
0, 4
0, 0
0, 4
5.25, 4
0, -0
8, 4
4, 8
8.75, 7.4375
0, 0
3, 8
10.75, 1.875
4, 4
3.5, 4
11, 0
9, 0
8, 4
8, 4
-0, 0
4, 4
8, 4
4, -0
11, 11.375
2, 9
0, 5
6, 0.5
8, 8
2.875, 11
4, 8
1.875, 8
8, 8
1, 10
6, 8
0, 4
2.25, 0.5
8, 8
6, 0.6875
10, 1.5
0, 4
0, 4
8, 4
4, 2.875
11, 4
2.5, 7
8, -0
8, -0
8, 4
-0, 1
8, 0

7, 9
10.875, 9
3, 9
8, 0
-0, 4
8, 4
-0, 4
0, 4
8, -0
6, 10
2.5, 2
8, 9.25
3, 4.125
8, -0
0, 4
8.875, 2
4, 4
8, -0
4, 8
8, 0
8, 0
2, 0
6.5, 3
1.375, 11.5
1.5, 2
8, 0
4, 8
4, 4
4, 4
4, 8
-0, 4
6, 8
10, 9.5
-0, -0
4, 10.75
0.5, 2.5625
4, 8
6, 9
10.375, 2
-0, 4
0, 4
4, 4
8, 0
6, 1
9, 10
5.5, 4
-0, 4
10.5, 6
6.5, 1
5, 2.5
8.625, 8
8, 8
9, 3
-0, 4
-0, 4
8, 0
4, -0
8, 4
4, 8
11.5, 9
3, 8
0, 8
0.875, 6
3, 9.75
1.625, 2.375
0, 0
-0, 0
4.5, 6
8.6875, 9
8, 4
8, 0
8, 0
9.5, 4
10.5, 2
8, 8
4, -0
4, 8
10, 4
11.75, 4
8, -0
6, 4
8, -0
0, -0
8, 2.375
8, 0
-0, 4
8, 8
0, 8
5.5, 9
0, -0
-0, 8
-0, 0
8, 9.125
3.875, 9
4, 0
-0, 0
0, 4
8, 0
4, 4
7, 8
8, -0
0, -0
0, 8
3, 10
8, 0
10, 2
6.75, 6.75
-0, 8
7.5, -0
9, 8.5
7, 11
4, 8
8, 8
1.5, 0
0, 4
4, 0
0, 4
5, 8.875
10, 4
8, 8
4, 2.5
8, 6
11, 6
8, 4
11.375, 2
0, 4
5, 7.5
3, 4
0, 4
9.25, 11.75
0, 8
3, 9.625
2, 11.5
8, -0
8, 2.5
4, 8
4, 2
1.5, -0
8.5, 5
0, 4
8, 6
8, 10
8, 6
5, 11

3.25, 8
6.125, 2
5, 8
8, 4
8, 4
8, 8
4, 0
0, 8
-0, -0
10, 5
9, 4
4, 9.75
8, 5
0, 8
0, 8
3.375, 11.25
-0, 4
8, 4
8, 4
8, 4
-0, 0
8, 0
1, 6
0.375, 11.125
5.5, 4
0, 8
-0, 8
4, 8
-0, 8
8, 4
-0, 8
11, 8
2, 5.5
-0, 4
10.5, 9.75
6.5, 9.5
8, 8
8, 9
1.375, 8
4, 8
0, 8
-0, 4
4, 8
7, 9
7, 2
8.75, 4
-0, 4
9.5, 9
9.5, 3.5
8.5, 4
6.25, 8
4, 4
6, 8
-0, 8
4, 8
8, 4
8, 4
4, -0
4, 4
8, 0
11, 4
8, -0
11.5, 2
1, 11.5
4.125, 9.25
0, 4
-0, 8
2, 9
8.9375, 10.875
0, -0
8, 4
8, 4
5.5, 4
11.25, 11
-0, 8
4, -0
4, 4
4, 8
6.5, 8
-0, 8
11, 8
-0, 8
8, 4
4, 7.5
4, 4
-0, 8
8, 11
8, 4
2, 2
8, 4
8, 4
-0, 8
6, 3.375
7.375, 4
-0, 8
8, 4
8, 4
8, 4
0, 4
4, 0
0, 8
8, 4
8, -0
1.75, 5.0625
8, 4
7, 0
10.5, 11.625
-0, -0
9.75, 4
7, 7
0, 11
8, 4
0, 8
2.75, 4
4, 4
-0, 8
8, 4
11.5, 9.125
4, 7
4, 5
10, 9
-0, 1
3.875, 2
-0, 0
6.25, 4
8, -0
3.25, 6
8, 8
0, -0
8, 6.75
4, 4
0, 5.25
2, 0.5
0, 4
3, 10.5
8, 8
8, 1.125
8, 4
5.5, 6
4, 8
4, 7
8, 7
8, 7
3, 0

8.5, 5
11.625, 6
7, 6
0, 4
4, 8
8, 0
-0, 4
4, 8
4, 8
2, 0
8.5, 1
8, 0.25
2, 10.75
8, 2
8, 8
5.75, 9.75
-0, 8
-0, -0
4, 8
0, 4
8, 4
3, 0
7, 5
5.625, 3.625
7, 4
8, 4
-0, 0
4, 0
8, 4
-0, 4
8, 8
3, 0
8, 11
8, 8
5.25, 2.5
10, 9.25
8, 8
0, 7
11.375, 10
8, 4
8, 8
4, 8
8, 4
8, 10
0.5, 1
10.75, 8
8, 8
7, 2
10, 8.5
6.5, 3
7.625, 4
0, 4
4, 11
-0, 8
8, 8
0, 4
8, 4
8, -0
4, 8
0.5, 4
9, 8
8, 4
2.5, 4
11, 9
10.625, 10
8, 8
8, 4
3.5, 7
9.375, 11.25
8, 4
8, 8
0, 0
3.25, 8
6, 7
8, 0
8, 4
4, 8
8, 0
10.5, 4
4, 8
7, 0
4, 4
0, -0
8, 6.25
8, 4
4, 8
4, 9.25
4, 8
-0, -0
4, -0
8, 8
8, 8
3.5, 8.625
5.875, 5
-0, 8
-0, 0
8, 8
0, 4
4, 4
5.25, 0
8, 4
4, 4
8, -0
0.5, 10.375
0, 4
11, 4
6.5, 1.25
4, 8
11.25, -0
2, 6
8, 5
4, 8
8, 0
0.5, 0
4, 8
8, 8
4, 8
4, 11.875
4, -0
8, -0
8, 5
4, 5
3.125, 11
8, 4
11.25, 8
8, -0
2.25, 6
3, 0
8, 8
2, 11
4, 8
6, 1.9375
6, 1.5
4, 4
5, 0
8, 8
4, 7.5
0.5, 4
10, 2
8, 4
0, 3
8, 7
4, 8
6, 6

4, 1
5, 6
3, 7
8, 4
-0, -0
8, 4
8, 8
4, -0
8, -0
4, 0
2, 7
4, 4.25
7, 10.125
8, 11
8, 8
0.875, 10
-0, 11
-0, 4
8, 4
0, 4
4, 8
0, 0
4, 4
5.375, 10.8125
11.75, 4
0, 4
8, 4
0, 4
8, -0
8, 4
4, 0
2, 0
2, 8
-0, -0
1.25, 9.625
4.5, 10.1875
8, 4
10, 10
8.5, -0
8, 0
4, -0
8, 4
4, 8
10, 1
7, 4
2.25, -0
-0, 0
11.5, 0
10.5, 7.25
6.5, 9.75
0.875, 8
4, -0
-0, 9
8, 4
8, 4
0, 4
-0, 4
8, -0
8, 4
11.125, 8
4, 4
0, -0
8.75, 8
2.5, 3.75
10.25, 5
0, 0
4, 0
0.5, 3
8.1875, 3.75
8, 8
8, 8
8, 8
2.75, 4
3, 7
8, 8
4, 8
8, 4
6, 6
9, 4
8, 8
11, 4
8, -0
4, -0
4, 6.5
0, 4
8, 8
-0, 4
4, 0
8, 8
4, 8
-0, 4
8, 8
0.5, 6.75
5.5, 1
8, 8
4, 0
8, 4
8, 4
4, 0
5.25, 4
4, -0
8, -0
0, 4
5.75, 9.3125
8, 4
4, 2
1.5, 0.875
4, 8
-0, -0
1, 8
1, 6
8, 4
8, 4
-0, 0
8, 0
8, 4
0, -0
5.25, 2.875
-0, 6
0, 11
4, 7
-0, 1
0, 5
8, 8
9.625, 8
0, -0
0, 5
5, 0
4, -0
5, 1.25
0, 0
0, 1.3125
2, 9.5
8, 4
3, 10.5
8, 4
4, 5.25
5.5, -0
5, 11
0, 8
4, 6
10, 10
-0, 9
8, 6

5.75, 8
2.5, -0
10, 2
4, 0
8, -0
-0, 4
-0, 4
4, 8
-0, 4
9, 4
3.5, 1
8, 1.625
6, 0.75
0, 11
0, 8
2.75, 6.25
8, 0
-0, 4
4, -0
4, 0
8, 8
5, 0
4.5, 9
1.875, 0.9375
10.75, 0
0, 4
4, 8
4, 0
4, 8
4, -0
-0, 8
3, 4
4, 11
4, 4
7, 9
4.75, 0.0625
0, 8
0, 0
8.625, -0
4, 8
0, 8
-0, 8
8, 4
8, 7
0.5, 1
8, -0
-0, 8
1.5, 3
3, 6.25
2.5, 2.5
6.375, 8
4, -0
8, 11
8, 4
8, 4
0, 8
4, 8
4, -0
4, 0
6.25, 6
7, 4
0, 4
9.5, 0
2, 6
0.375, 9.125
4, 4
-0, 0
1.5, 8.5
3.8125, 9.625
8, 4
4, 8
0, 4
2.75, 8
2.75, 9
-0, 8
8, 8
4, -0
-0, 2
8.25, 0
8, 4
9.5, 0
-0, 8
8, 4
8, 0.75
4, 8
8, 8
-0, 4
4, 8
10, 10
4, 4
-0, 8
4, 0
5, 8
5, 1
-0, 4
8, 4
4, 8
4, 0
4, 8
6.25, 8
0, 4
4, 8
8, -0
2.25, 8.75
0, 8
3, 2
2.25, 11.625
-0, 4
2.5, 8
6, 8
6, 2
4, 0
4, 8
-0, 0
8, 8
8, 0
8, -0
6, 8.375
8, -0
8, 6
6, -0
4, 11
11.5, 8
8, 4
8.375, 4
0, 8
5.75, 8
11, 4
4, 8
8, 4.5
0, 8
1, 3.0625
10, 6.5
4, -0
0, 1
-0, 8
-0, 3.75
9.5, -0
3, 3
0, 8
0, 9
10, 8
-0, 9
5, 0

0.5, 4
6.875, 7
9, 4
8, 4
4, -0
4, 0
8, 0
0, -0
-0, -0
3, 3
1.5, 9.5
0, 2.875
8, 11
4, 3
4, 0
4, 4.5
8, 3
-0, 8
0, -0
8, 4
4, 4
7, 4
8, 1
7, 7.375
2.25, 4
8, 4
8, 4
0, 0
8, -0
4, 4
4, 4
9, 8
-0, 1
8, 8
5, 2.375
2.5, 9.25
8, 4
6, 2
5, 6
8, 4
4, 4
4, -0
-0, 4
5, 5
4.5, 8
8.75, 8
4, 0
10, 4
3.5, 8.75
2.5, 3.5
8.375, 8
4, 4
7, 4
-0, 4
4, 4
8, 4
4, 4
4, 8
0, 8
9.75, 10
10, 4
0, 8
4.625, 10
3.5, 5.75
0.625, 1
8, 8
8, 8
6.5, 3
9.625, 9.5
4, -0
0, 0
8, 4
8.5, -0
6, 8
-0, 4
8, -0
-0, 8
2, 2
9.25, 8
4, -0
2, 8
-0, -0
4, 4
4, 8
4, 4
8, 8
4, 0.25
8, 4
0.5, 4
4, 4
4, 0
-0, 0
8, 11.875
11.875, 2
8, 4
4, 4
4, 0
8, 4
8, 0
8.25, 8
8, 4
0, 4
0, 4
10.5, 2.5625
0, 0
3, 2
7.5, 1.625
-0, 4
4, 8
1, 8
8, 11
8, 0
0, 0
10.25, 8
4, 0
8, 0
4, -0
7, 6.5
6, 2
8, 1
2, 2.5
4, 11
2, 5
4, 0
7.375, 4
4, 4
4.25, 1
6, 0
4, -0
6.25, 3.5
8, 0
1, 6
4, 8.5
4, -0
8, 2
8, 4
8, 11.375
2, -0
9.5, 5
0, 4
4, 8
-0, 10
-0, 4
7, 9

3.25, 3
5, 8
5, 7
4, 8
8, 4
8, 4
8, 8
0, 4
4, 8
7, 6
7.5, 1
4, 6.125
7, 8.875
4, 7
4, 0
11, 11
8, 1
4, 8
4, 8
4, 0
-0, 4
0, 0
10.5, 9
10.875, 1.8125
6.25, 6
8, 4
8, 0
4, 0
4, 8
4, 8
8, 4
4, 0
6, 2.5
4, -0
1, 5.25
1.5, 3.75
4, 8
8, 1
9.125, -0
4, 8
8, 4
4, -0
4, 8
6, 1
8, 7
8.5, -0
4, 0
11, 8
6, 4.5
4, 11.25
11.75, 4
4, -0
9, 2
-0, 8
4, 8
8, 8
8, 8
8, 4
8, 0
0.125, 6
3, 0
8, 4
3.125, 0
2.5, 0.75
4.75, 5.25
4, 0
4, 8
11.5, 10
11.4375, 8.5
8, 8
4, 0
4, 8
6.25, -0
8.25, 10
8, 0
8, 8
8, -0
4, 2
11.25, 8
-0, 8
6, 0
4, -0
8, -0
0, 8.75
4, 8
-0, 4
4, 10
4, 0
8, 5
4, 8
-0, 0
4, 0
11, 11.5
4.875, 5
8, 0
8, 0
8, 8
4, 8
0, 0
2, 4
0, 4
8, 4
4, 4
2.25, 1.625
8, 0
6, 7
2.5, 9.625
4, 8
-0, -0
1, 3
8, 0
8, 4
4, 0
10.5, 0
4, 0
4, 8
8, 4
3, 6.375
8, 6
0, -0
6, 3
4, 3
1.125, 9
8, 8
8.5, 2
0, 8
9.75, 10.5
6, 8
0, -0
4, 10.5
8, 0
4, 1.6875
6, 7.5
0, -0
8, 1
4, 8
4, 3.75
5, 8
1.5, -0
4, 8
8, 3
11, 11
4, 10
8, 6

4.75, 4
10, 1
3, 5
0, 4
8, -0
4, 4
8, 0
0, -0
4, 4
2, 7
5.5, 10
8, 1.125
1, 8.5
8, 3
8, 4
11.875, 3.25
-0, 1
8, 4
4, 4
0, 8
8, 0
10, 0
10, 3
1.25, 3.5625
11.25, 2
0, 4
-0, 4
4, 0
4, 4
4, 4
-0, 0
3, 0
10, 3.5
8, -0
9.5, 8.625
11, 3.75
0, 0
4, 4
8, 6
-0, 4
0, -0
4, 8
8, 0
11, 5
8, 9
8.5, -0
8, 0
11.5, 2
1.75, 11.5
11, 8
0, -0
8, 8
-0, 7
8, 4
8, 0
0, 4
4, 8
4, 4
0, 4
5.625, 3
8, 0
8, -0
7.875, 2
0.5, 10
5.125, 4.5
8, 0
4, 0
4, 6.5
4.125, 2.375
0, -0
8, 4
0, 4
1, -0
3, 4
4, 0
4, -0
-0, 4
2, 10
9.75, 8
8, 4
5, 0
8, 4
8, -0
8, 0.5
0, 0
4, 0
4, 2.75
8, 0
2, 1
4, 8
4, 0
8, 4
2.5, 3
5.375, 1
-0, 0
4, 4
8, 0
0, 4
4, 8
8.5, 8
0, 8
4, -0
4, 8
4.25, 1.625
8, 8
9, 0
11, 7.875
8, -0
3.25, 8
1, 8.5
7, 2
4, 4
8, 4
9.75, 4
8, 4
4, 8
8, -0
4.75, 7.25
-0, 7
4, 9
2, 2
-0, 5
3.5, 8
-0, 0
5.75, 2
4, 8
3, 7.5
8, 8
8, -0
2.75, 6.5
4, 4
7, 1.1875
4, 7
8, 8
3, 10
-0, -0
4, 1.875
11.5, 8
7.5, 10
0, -0
8, 7
1, 11
4, 9
9, 2

6.75, 10
4.375, 11
4, 10
4, 8
8, 8
4, 8
8, 8
4, 8
-0, 8
9, 1
1, 9
8, 4.625
1, 9
8, 10
8, 8
0.75, 6
-0, 3
4, 4
4, 4
4, 8
4, 8
2, 0
3, 8
3.5, 4.125
2.25, 0
4, 8
4, 4
0, 8
4, -0
8, 8
-0, 0
7, 4
-0, 9
8, 4
11.5, 11.25
1, 2.25
4, 8
0, 2
7.25, 4
8, 4
0, -0
8, 8
-0, 0
10, 7
9.5, 1
11, 4
8, 8
4, 3
2, 9.75
1.5, 0.75
7.5, -0
8, 8
3, 4
8, 8
8, 8
0, 0
4, 8
8, -0
8, 0
8.5, 8
6, 0
8, 4
5.25, 0
5, 7
5.5, 6.625
8, 0
4, 4
6.75, 5
4.875, 8.625
8, 8
8, 8
4, 4
10.25, 4
2.75, 8
-0, 0
4, 8
8, -0
6, 0
10, 0
-0, 4
11.5, 4
8, 8
8, -0
8, 3.5
8, 8
4, 4
-0, 7.75
0, 0
3, 1
8, 8
8, 8
-0, 0
0.5, 9.25
1.625, 5
8, 0
8, 4
4, 4
4, 8
0, 4
1.25, 0
8, 8
8, 8
8, 8
3.5, 1.125
4, 8
2, 2
8.75, 9.5
4, -0
9.75, 8
7, 4
6, 3
4, 4
8, 8
6.75, 0
0, 8
-0, 0
8, 8
3, 10.125
4, 7
4, 6
0, 4.5
4, 2
3.875, 3
8, 8
11, 4
8, 8
3.5, 7
9, 0
0, 8
11.5, 1.25
8, 0
7, 4.0625
6, 11
4, 4
2, 6
4, 8
4, 3.625
10, 4
10, 2
8, 4
0, 10
6, 4
8, 2
11, 0

3, 9
1.75, 1
2, 2
8, 4
-0, 8
-0, 4
8, 0
0, -0
4, -0
-0, 5
9, 7
8, 5.5
4, 4.625
0, 1
8, 8
1.75, 8.25
8, 5
-0, 4
4, -0
8, 4
8, 0
3, 4
0.5, 5
2.5, 11.25
3.5, 2
0, 8
4, 4
0, 4
8, -0
4, 4
-0, 8
11, 4
-0, 2.5
4, -0
4.25, 2.625
11, 6.5625
0, 8
6, 4
7.375, 8
-0, 4
0, 8
-0, 4
-0, 4
8, 6
7, 9
0.75, -0
-0, 4
3, 11
2.5, 5.5
3, 6
2.875, -0
0, 8
1, 1
8, 8
-0, 4
0, 8
4, 4
0, 4
8, 0
9.875, 8
10, 8
0, 8
7.25, 2
6, 9
8.75, 9.625
0, 0
8, 4
0.75, 0.5
5.875, 7.25
8, 8
0, 8
0, 8
1, 4
5.5, 2
4, 0
0, 4
8, -0
8, 4
1, 4
8, 8
2.5, 4
8, 4
0, 8
8, 6.25
4, 0
-0, 4
4, 0.25
4, 4
0.5, 4
4, -0
8, 0
4, 0
-0, 5
5.375, 4
8, 0
-0, 8
4, 8
8, 4
4, 8
3.25, 0
8, -0
8, 8
4, 4
2, 7.625
4, 4
4, 10
4.75, 7.5
-0, 8
1.75, 4
6, 10.5
6, 11
4, 0
8, 8
3.5, 0
8, 8
-0, 8
0, 8
5.75, 4
4, 1
8, 7
4, 6.5
8, 9
6.875, 1
8, 8
8.625, 4
0, 8
3.25, 2
10, 4
8, -0
6.75, 11.5
0, 8
2, 8.125
2, 8.5
4, -0
7, 2
-0, 8
4, 1.5
7, 4
10.5, 2
4, 4
8, 8
4, 8
-0, 7
9, 5

6.25, 2
8.5, 2
3, 8
0, 8
4, -0
-0, 4
8, 4
0, 8
8, -0
3, 6
5, 3
0, 10.25
0, 7
4, 9
4, 0
1.75, 9.5
-0, 7
4, 8
4, -0
4, 0
4, 0
3, 4
11, 10
2.625, 6.6875
7.5, 10
4, 0
4, 0
4, 4
-0, 8
4, -0
4, 8
5, 0
10, 6
-0, 8
3.25, 3.5
10.5, 10.375
4, 0
10, 6
5.75, 4
4, 4
4, 8
-0, -0
8, 0
1, 7
6, 9
10.5, 4
8, 0
10.5, 2
5, 0
1, 6.75
5.625, 4
4, -0
3, 0
4, -0
8, 4
4, 0
4, -0
0, 4
4, 8
11.5, 5
3, 8
0, 4
6.5, 10
8.5, 8.5
5.125, 6.125
0, 8
4, 0
0.5, 7.5
7.5, 8.25
4, -0
4, 0
0, 8
1.25, 8
1.75, 2
4, 0
0, -0
4, 8
8, 6
7.25, 4
4, -0
1, 4
4, -0
0, 4
4, 2.125
0, 8
8, 0
4, 4.75
4, 0
0.5, 11
8, -0
-0, 0
4, 0
2.5, 9.5
8.375, 3
8, 4
4, 0
4, 8
0, 8
4, 8
8, 0
0, 8
4, -0
4, 4
9, 0.9375
4, 0
8, 8
2.75, 7.75
-0, 8
3.5, -0
6, 4.5
5, 3
4, 0
4, 0
9.5, 8
0, 8
4, 0
4, -0
3.5, 5.25
8, 10
8, 7
10, 0.5
-0, 7
3, 3
4, 0
4.125, 10
4, -0
2.75, 7
3, 8
0, 8
6, 5
8, 0
5, 4
0, 4
8, 4
2, 2
4, -0
8, 2.625
10, -0
9, 1
0, 8
0, 4
2, 1
8, 11
6, 10

3.5, 1
0.75, 4
4, 8
4, 4
4, 8
4, 8
4, 0
4, 8
4, 8
8, 6
5, 5.5
8, 7
0, 3.125
4, 3
4, 0
5.125, 0.5
4, 1
4, -0
0, 8
4, 0
8, 0
2, 8
11, 5
9.125, 6.3125
3, 10
4, 4
-0, 8
0, 0
4, 8
4, -0
-0, 8
11, 0
8, 4
8, -0
1.5, 8.375
7.75, 1
4, 4
2, 3
4.25, 6
-0, 0
4, 4
8, -0
8, 4
1, 8
5, 2
1.25, -0
4, 4
4, 1
9.5, 6
9.5, 8
1.625, 4
0, 8
11, 6
4, -0
4, 8
4, 4
4, 4
8, -0
0, 8
8.75, 11
3, 8
0, 8
8, 6
7.5, 4
3.875, 5.875
0, 0
-0, 4
10, 2
11.6875, 10
4, 8
4, 0
4, 0
9, 8
1.75, 7
-0, 0
8, 4
-0, 8
10, 6
0.5, 4
4, -0
4, 4
-0, -0
0, -0
8, 9.875
4, 4
4, 4
-0, 6.25
0, 8
7, 9
4, 8
8, 0
4, 0
8.5, 8.25
2.75, 6
4, 8
-0, 8
4, 4
4, 4
4, 8
4.75, 8
4, 8
8, -0
8, -0
0.5, 7.1875
4, 0
2, 8
10, 9.5
-0, -0
10.75, 8
9, 2.5
10, 10
4, 0
4, 8
7.5, 0
4, 8
4, 4
4, 8
1, 10
2, -0
4, 11
8, 3
4, 4
4.75, 6
4, 8
8, 2
0, -0
8.75, 1
4, 4
4, 8
11, -0
0, 8
9, -0
10, 7
0, 4
7, 1
4, 4
4, 8
1.5, -0
8, 4
4, 8
8, 5
6, 9
4, 9
7, 6

6, 1
10.75, 9
11, 6
4, 8
-0, -0
4, 8
-0, 8
0, -0
8, -0
7, 0
9, 1.5
0, 3.75
7, 0.625
4, 7
0, 0
11.75, 11
4, 9
-0, -0
0, 4
0, 0
8, 4
7, 8
5, 11
7.625, 9.9375
6, 6
4, 8
-0, 8
0, 4
-0, -0
8, 4
-0, 0
1, 4
6, 3.5
-0, -0
0.5, 8
6.5, 9.375
8, 8
10, 3
1.125, 2
4, 8
0, -0
-0, 8
-0, 8
9, 10
1, 10
11.75, 4
8, 0
10, 8
2.75, 7
5.5, 3.25
2.5, 4
0, 8
7, 2
4, -0
-0, 8
0, 0
4, 4
0, 4
0, 0
9.875, 4
5, 4
8, 8
2.25, 10
11.5, 4.75
9, 0.75
0, 8
-0, 0
6.25, 6.5
4, 9.125
0, 8
0, 0
0, 0
11.75, 8
8, 6
4, 0
0, 8
-0, -0
-0, 0
6.75, 4
-0, 4
6, 8
8, -0
0, 4
8, 0.125
0, 0
4, 4
8, 6.75
4, 4
11.5, 5
0, 8
-0, 0
8, 8
-0, 4.125
6.25, 9
-0, 4
-0, 4
8, 4
4, 8
0, 0
9.75, 4
0, -0
8, 4
4, -0
1.75, 4
0, 4
7, 1
11.25, 6.25
8, 8
0.5, -0
6, 2.5
1, 4
-0, 0
0, 0
3.5, 4
8, 0
-0, 0
0, -0
3.5, 10.5
-0, 4
4, 11
8, 3
4, 5
0, 4
-0, 8
1.125, 8
4, 4
2, 4
2, 8
8, -0
4, 11.75
8, 8
5, 4
10, 3
0, -0
7, 2
8, 8
4, 8.875
5.5, -0
9.5, 5
0, -0
0, 5
10, 3
-0, 4
1, 7

0.75, 6
5, 5
4, 6
8, 8
-0, 4
8, 0
8, 8
0, 4
8, -0
1, 7
5.5, 10.5
8, 2.375
3, 2.625
8, 9
4, 4
10.125, 7.75
-0, 4
8, 4
4, 8
4, 4
4, 0
0, 4
4, 3
3.875, 2.8125
5, 2
8, 8
4, 4
4, 0
4, 8
4, 8
8, 8
1, 0
8, 6
-0, -0
3.25, 6.625
4.25, 4.9375
0, 4
2, 8
9.375, 6
4, 4
0, 8
8, 8
4, 0
1, 5
9, 10
10.5, 8
8, 8
3, 4
10, 1.5
10, 2
5.875, 8
0, 4
10, 3
4, 4
4, 4
4, 8
4, 4
4, -0
4, 0
8.75, 10
2, 4
0, 4
1.125, 6
0.5, 2.25
10.75, 11.5
4, 8
-0, 4
2, 6.5
4.3125, 3.375
4, 4
4, 4
4, 8
9.75, 4
4.5, 6
8, 8
8, 4
4, -0
2, 4
5.25, 4
4, 4
7.5, 0
-0, 4
0, -0
8, 11.375
8, 4
-0, 4
-0, 10.5
8, 0
0.5, 3
4, 4
4, 0
4, 4
7.5, 3.5
8.375, 5
4, 4
-0, 4
8, 8
8, 8
0, 0
2.75, 8
4, 4
8, 8
8, 8
8, 3.875
8, 8
5, 3
2.25, 4.75
-0, 4
5.75, 4
6, 3.5
10, 10
4, 8
4, 4
10.5, 0
8, 0
8, 4
0, 4
6.75, 4.375
2, 3
4, 3
4, 1.5
-0, 11
11.75, 5
4, 4
1.375, 2
0, 4
3, 7.5
6, 0
8, 8
6.25, 2
0, 4
7, -0
8, 5
0, 4
1, 10.5
-0, 4
4, 9.625
5.5, -0
7.5, 9
0, 4
8, 1
6, 10
8, 11
8, 5

0.75, 11
10, 9
9, 9
8, 0
8, 4
4, 0
-0, 8
4, -0
8, 4
10, 6
10, 10
8, 4
1, 9.375
0, 9
4, 0
3.125, 7.5
4, 4
8, -0
0, 4
8, 0
8, 8
8, 8
11.5, 11
1.75, 3.25
3, 2
4, 4
8, 0
4, 8
-0, 8
8, -0
-0, 0
9, 0
-0, 6
8, 4
3.25, 4.25
2.25, 0
0, 8
2, 5
6.125, 2
-0, 8
4, 8
4, -0
4, 0
-0, 7
8, 5
2.5, 4
8, 4
8, 9
2.25, 7
7, 6.5
3.25, 4
8, -0
-0, 4
-0, 4
-0, 8
8, 0
4, -0
0, 4
0, 8
0.75, 7
8, 0
0, -0
8.375, 10
11.5, 9.5
5.75, 9.5
8, 4
8, 4
2.5, 8
8.9375, 3.375
8, 4
0, 4
8, 0
4, -0
8, 3
8, 8
8, 8
-0, 8
10, 10
7, 0
4, -0
8, 8
4, 8
8, -0
8, 1.125
8, 4
-0, 0
-0, 8
4, 8
5, 11
4, -0
4, 8
4, 0
5, 3.875
6.5, 6
8, 4
-0, 4
4, 8
8, 0
4, 0
10.25, 4
4, -0
8, 8
4, 4
6.5, 5.875
8, 0
2, 11
5.5, 5.25
-0, 4
10, 8
7, 3.5
1, 4
8, 0
4, 8
7.25, 8
4, 8
-0, 0
8, 4
4.25, 6.375
2, 4
8, 9
0, 10
4, 5
3.25, 10
8, 4
5.625, 6
4, 8
5.75, 9
4, 0
8, 4
8.75, 4.75
8, 8
9, 4
6, 8.5
4, 4
5, 0
-0, 8
8, 6.375
5, 8
10.5, 9
0, 4
8, 8
10, -0
4, 5
10, 1

9, 4
11, 6
3, -0
4, 0
-0, 4
8, 8
-0, 0
8, 4
-0, 4
-0, 10
11, 6
0, 1.375
0, 4.75
0, 2
4, 4
3.875, 2
8, 8
4, -0
8, 8
4, 0
-0, 8
10, 0
8, 9
8.875, 9.3125
1.5, 0
0, 0
-0, 0
4, 4
-0, 4
-0, -0
8, 0
3, 4
4, 8
8, 4
4, 6.5
7.25, 11.8125
4, 4
10, 0
6.875, 4
4, 8
8, -0
-0, -0
4, 0
1, 5
5, 3
3.5, 4
8, 4
1, 10
11.25, 7
10.5, 2.25
9.625, 8
0, -0
8, 6
-0, 4
4, 8
4, 0
8, 4
8, 8
0, 0
10.75, 5
6, 8
4, 8
7, 8
0.5, 10
4.625, 8.5
8, 8
4, 4
5.25, 4.5
10.625, 9.375
4, 8
0, 4
4, 0
7.5, 8
10.25, 1
8, 0
0, 4
-0, -0
2, 10
4.75, 8
-0, 4
7, 0
4, 8
0, -0
0, 8.125
8, 4
4, 4
8, 5.5
0, 0
3, 9
4, 4
-0, 4
-0, 4
5.5, 7.125
9.5, 9
-0, 0
-0, 8
4, 8
4, 0
4, 8
9.5, 0
4, 8
8, -0
8, -0
7, 9.8125
4, 0
1, 3
7.25, 9.75
8, -0
2, 8
3, 2
10, 3
-0, 0
4, 8
8, 0
8, 0
4, 0
0, 4
2, 8
8, 2
4, 11
2, 1
8, 6
6.125, 9
4, 8
1.875, -0
8, -0
1.5, 10.5
5, 8
4, -0
4.5, 7.75
8, 4
2, 8
8, 9
0, -0
10, 3
4, 4
-0, 4.875
1, 4
8, 7
4, 8
4, 1
3, 6
8, 0
10, 1

3.25, 7
8.25, 10
1, 3
0, 8
8, 8
4, 8
4, 8
8, -0
4, 4
6, 8
4, 2
8, 1.625
3, 2.5
0, 1
8, 4
4, -0
-0, 5
-0, 4
0, 8
0, 4
4, 0
2, 4
3, 5
5, 5
5.25, 6
0, 4
-0, 4
8, 4
4, 8
4, 4
8, 0
8, 8
2, 1.5
-0, 8
10.75, 2.375
7, 7.875
0, 8
6, 4
5.25, 6
8, 0
4, -0
-0, 4
-0, 4
3, 5
3, 4
10.5, -0
-0, 4
11.5, 1
9.75, 0.75
6, 3.5
11, 4
4, -0
10, 3
4, -0
-0, 4
0, 8
4, -0
4, 8
8, 4
9.625, 0
9, 4
8, -0
9.125, 0
7.5, 3.25
6.125, 10.5
0, 8
4, 0
4.5, 1
8.6875, 3.5
8, 8
8, 8
0, 4
5.75, 8
7.75, 4
-0, 8
0, 4
8, 4
8, 10
1.5, 0
8, 4
1, 4
4, -0
0, 4
4, 8.75
0, 4
8, 8
-0, 6.25
4, 4
3.5, 9
8, -0
4, 0
4, 0
5.5, 2
8.125, 11
-0, 8
-0, 8
8, 8
0, 8
4, 8
1.5, 8
8, -0
8, 4
4, 8
9.5, 9.5625
4, 4
8, 0
0.75, 8.375
-0, -0
9.25, 8
-0, 11
10, 7
-0, 8
8, 8
0.5, 8
8, 4
-0, 4
8, 8
10.75, 9.125
4, 7
0, 8
0, 9
-0, 11
9.25, 6
8, 8
2.125, 6
8, -0
6.5, 7
7, 4
0, 4
3.25, 3.5
4, 4
7, 8
8, 6
8, 4
0, 7
-0, 8
-0, 2.875
10, 8
2, 8
8, -0
0, 3
11, 6
4, 0
1, 7

1.5, 1
11, 11
5, 10
0, 0
8, -0
-0, 4
8, 0
0, 8
-0, -0
6, 8
10, 2
0, 3.5
10, 6.875
4, 7
8, 0
10.75, 6.25
8, 4
-0, -0
8, -0
0, 0
-0, 4
0, 0
8, 1
6.5, 7.875
6.25, 4
0, 0
4, 8
8, 4
4, 4
8, -0
-0, 8
10, 4
6, 8.5
4, 8
10.25, 11.5
9.25, 6.8125
4, 8
4, 9
3.375, 2
4, 8
0, 8
8, -0
4, 0
1, 5
10.5, 4
0.25, -0
4, 8
2, 2
0.75, 4
6.5, 3.75
0.5, 4
0, 4
8, 4
8, -0
-0, 8
0, 0
4, -0
0, 8
4, 8
10.875, 1
8, 0
8, 4
5.5, 0
10, 0.75
10.375, 5.25
8, 8
8, 4
3.25, 5
10.375, 0.125
8, -0
8, 0
0, 0
9.75, -0
6.25, 9
8, 0
8, 8
4, 8
2, 10
0.25, 4
8, -0
7, 0
4, 4
8, 8
4, 7.875
4, 0
-0, 8
8, 8
4, 0
5, -0
4, 4
-0, 0
4, 4
11.5, 0.875
5.125, 2
8, 0
-0, 0
4, 8
0, 0
8, 0
-0, 4
0, 4
4, 8
0, 8
11.25, 5.375
0, 0
10, 2
0, 0.5
8, -0
3.75, -0
11, 0.5
9, 0
4, 8
4, 4
11.75, 4
4, 8
4, 4
8, -0
7.5, 2.125
-0, 11
0, 10
2, 0.5
4, 7
9.625, 5
8, 0
2.125, 8
0, -0
7.25, 1
7, 4
8, 4
7.5, 9.25
0, 0
8, 8
10, 8
8, -0
9, 7
4, 8
-0, 0.375
10, 4
8, 2
8, -0
8, 2
3, 1
4, 11
1, 10

5.25, 3
0.125, 3
1, 11
0, 8
8, 8
4, 4
4, 8
4, -0
4, 8
10, 3
4.5, 2.5
4, 11.25
5, 6.875
0, 11
8, 4
6.75, 5
4, 11
4, -0
0, -0
0, 8
-0, 8
3, 4
3, 3
6.75, 11.25
5.5, 10
0, 0
8, 4
4, 4
8, -0
-0, 8
-0, 8
10, 8
4, 0
8, -0
8.75, 0.875
11.75, 6.8125
4, 8
10, 3
0.625, 8
4, 0
0, 8
8, 4
8, 0
-0, 10
6, 7
11.5, 4
8, 0
11, 3
8.25, 10.75
7.5, 4.5
3.125, 8
8, 4
6, 5
4, 8
-0, 0
0, 0
-0, -0
4, 4
0, 0
1.375, 10
3, 0
4, -0
7.125, 2
11.5, 6.5
7.75, 1.625
4, 0
8, 8
2.75, 7.5
0.375, 4.625
4, 8
4, 8
0, 8
7.75, 4
5.25, 2
-0, 8
8, -0
-0, -0
10, 8
1.25, 4
-0, 4
9, 0
8, 4
0, -0
4, 5.625
0, 0
-0, 8
-0, 0.25
4, 8
6, 10
0, 4
8, 0
4, 0
10, 1
2.875, 1
-0, 8
8, 0
0, 8
0, 8
8, 4
4.75, 4
8, 4
8, 4
0, 8
8, 2.5625
0, 0
10, 7
5.5, 6
8, 8
8.5, 4
9, 6
7, 3
-0, 0
8, 4
3, 8
8, 4
-0, 0
8, 8
8, 1.875
8, 6
4, 6
0, 1
4, 8
1.625, 9
4, 8
2.5, 2
4, 8
9, 0
11, 4
0, 4
9, 5.75
0, 0
4, -0
6, 3.5
8, -0
10, 10.5
4, 8
-0, 8.875
10.5, 8
2, 7
0, 8
0, 1
2, 11
4, 6
-0, 8

3.25, 2
2.375, 5
1, 11
4, 4
-0, -0
8, 0
4, 0
0, -0
8, 4
2, 0
3.5, 8.5
0, 0.5
9, 5.25
8, 9
0, 8
8.625, 11
8, 9
4, 4
4, 8
4, 8
4, 0
7, 8
6.5, 11
3.5, 10
6, 6
4, 4
4, 8
4, 8
8, -0
4, 4
8, 0
11, 8
8, 6
-0, 8
0.5, 4.625
3.25, 5.75
4, 8
6, 1
3.875, 6
8, 0
8, -0
-0, -0
8, 0
11, 8
5, 11
6, 4
-0, 8
0.5, 5
6.75, 5.5
4.5, 7
7.125, 4
0, 8
2, 5
-0, 4
8, 8
4, 4
4, 8
8, -0
8, 4
6.375, 4
6, 0
8, 4
8.5, 2
9, 10.5
2.875, 1.375
8, 4
8, 0
8, 3
11.4375, 5.75
8, -0
0, 0
4, 4
3.5, -0
1.25, 6
8, 0
0, -0
8, 4
10, 4
6.75, 4
-0, 8
4, 8
-0, 4
4, 4
8, 5.375
8, 4
8, 0
-0, 0
0, 8
6, 9
0, 8
-0, 8
4, 0
2.5, 5.875
1.5, 11
-0, 0
-0, 8
0, 8
4, 4
0, 4
3.5, 4
8, 4
0, 8
8, 8
9.75, 5.0625
4, 8
2, 8
8, 9.75
-0, 8
7.75, 4
5, 5.5
9, 3
4, 8
4, 0
11.5, 4
0, 8
-0, 8
0, -0
2.5, 3.25
4, 7
0, 1
4, 4
4, 5
4.25, 7
8, 0
3, -0
0, 8
9.75, 4
3, 4
4, 4
8.25, 4
0, 8
7, 4
10, 6
0, 8
8, 11
4, 8
8, 7.875
3, 4
1, 6
8, -0
0, 6
5, 3
4, 9
10, 2

7.5, 8
3.75, 10
8, 10
4, 0
-0, -0
8, 8
4, 4
4, 4
8, 4
-0, 6
2, 4
0, 9.375
5, 2.5
0, 11
0, 4
0, 6
4, 7
8, 8
4, -0
4, 0
4, 0
6, 8
9, 11
10.125, 9.375
9.5, 8
8, 8
4, 0
4, 4
-0, 4
4, -0
-0, 8
11, 4
-0, 6
8, 8
1, 9.875
6, 2.4375
0, 4
10, 11
4.375, 6
-0, 4
0, 8
4, 8
8, 8
3, 9
-0, 2
2.25, -0
8, 0
-0, 8
2, 10.25
9.5, 5.25
0.625, 8
0, 4
2, 9
-0, 8
-0, 0
4, 0
-0, 8
0, 4
4, 4
2.875, 9
2, 0
0, 8
4.875, 0
9.5, 5.75
0.125, 0.75
8, 8
-0, 8
0.75, 8
7.9375, 9.75
8, 8
0, 4
8, 8
8.5, 8
11.75, 2
4, 0
0, 4
4, 4
-0, 4
4.5, 4
-0, 4
2, 8
8, 4
0, 4
8, 6.375
0, 4
-0, 0
4, 5
0, 0
2.5, 4
8, 8
-0, 0
-0, 8
9, 0.125
11.125, 5
4, 0
8, 8
0, 4
4, 0
4, 4
5.25, 8
0, 4
0, 8
8, 4
7.5, 6.25
8, 8
2, 9
6.75, 3.25
4, 4
10.25, 4
6, 3.5
7, 7
4, 0
4, 4
1.75, 4
4, 4
-0, 8
0, -0
10.75, 2.375
6, 2
8, 4
6, -0
8, 3
4.125, 7
8, 8
11.125, 4
0, -0
3.5, 3
8, 8
4, 4
5.5, 4.25
0, 0
1, 8
8, 9
4, -0
3, 1.5
-0, 4
8, 2.375
11, -0
7, 11
0, 4
0, 1
11, 5
4, 2
9, 8

9.5, 9
3.125, 9
2, -0
4, 0
4, 8
-0, 8
8, 0
8, -0
-0, 8
7, 11
7.5, 0
8, 9.5
11, 0.25
0, 11
8, 4
2.5, 5
8, 1
4, -0
4, 8
4, 8
4, 0
10, 4
3.5, 10
2.5, 7.3125
3.5, 10
4, 0
4, 0
4, 8
-0, 4
8, -0
4, 8
11, 0
10, 8.5
-0, 8
6.5, 2.625
5.5, 2.875
4, 0
10, 10
0.875, 8
4, 4
4, 8
8, -0
4, 0
11, 6
11.5, 3
3.5, -0
-0, 8
6, 9
9.5, 6.75
5.5, 6.5
3.625, 8
4, 8
6, 4
8, 8
4, 8
4, 0
8, 4
8, 4
8, 4
5.875, 11
7, 0
8, -0
9.375, 2
2, 0.75
10.5, 3.625
0, 0
-0, 0
4.75, 8.5
7.25, 0.625
4, -0
8, 8
4, 0
3, 4
4.25, 2
8, 8
8, 8
8, 4
4, 10
7.5, 0
-0, -0
6.5, 4
-0, -0
4, -0
8, 8.25
8, 0
-0, 0
-0, 7
0, 8
11.5, 8
8, 8
4, 8
8, 8
3.5, 0.125
7, 10
4, 4
4, 0
8, 8
4, 0
8, 4
4.75, 4
0, 8
0, 4
0, -0
11, 3.625
4, 8
8, 7
3, 3.5
-0, 8
4.25, 4
4, 2.5
2, 5
4, 0
4, 0
3.5, 4
0, 0
8, 8
4, 8
8.25, 9.75
8, 7
8, 5
2, 4.5
8, 7
5.75, 9
4, 0
10.5, 8
4, 4
4.25, 8.5
-0, 0
0, -0
3.5, 6.5
0, 8
8, 8
8, 9.5
4, -0
8, 3.5
4, -0
-0, 0.625
7, 8
9, 3
0, -0
4, 3
-0, 5
8, 4
5, 0

1.75, 6
4.5, 3
7, 8
4, 0
4, 8
8, 0
-0, 0
0, 8
8, 8
7, 10
5.5, 7
8, 6.375
9, 11.875
4, 8
0, 0
1.5, 5
4, 8
-0, -0
8, 4
0, 0
4, 0
3, 4
8.5, 7
4.125, 0.75
5, 2
0, 0
-0, 0
4, 8
4, 4
4, 4
-0, 8
11, 0
10, 5
4, 8
8.5, 11.375
3.25, 0.25
4, 8
10, 2
6.25, 10
8, 8
4, 4
-0, 8
4, 0
1, -0
7, 2
6, 8
-0, 0
1.5, 9
2.5, 6.25
2.5, 6.5
5.125, 8
4, -0
2, 10
-0, 4
8, 4
0, 0
-0, -0
0, -0
8, 0
11.125, 7
9, 0
0, 8
9.625, 2
4, 4
10.75, 9.75
8, 8
4, 0
6.5, 7
1.4375, 8
0, 4
0, 0
0, 0
5.5, 8
9.25, 2
-0, 0
8, 4
8, -0
10, 6
8.75, 8
-0, -0
5, 0
-0, -0
4, -0
8, 6
0, 4
4, 0
4, 0
4, 0
9, 11
0, 8
8, 0
-0, 0
9, 6.375
11.75, 10
-0, 0
8, 8
4, 4
4, 0
4, 4
11, 8
0, 4
0, -0
4, 8
6.25, 7.9375
0, 0
-0, 11
9.5, 2.375
-0, 8
0.75, 4
5, 11.5
10, 7
4, 0
0, 0
11, 8
4, 8
8, 4
4, 8
5.5, 1.375
6, 3
4, 10
0, 4
4, 10
8, 1
-0, 4
9.625, 4
0, 4
6.5, 5
-0, 4
0, 8
1, 9.75
4, 8
8, 4
2, 2
8, 8
8, 11
-0, -0
4, 1.25
5, 8
1, -0
4, 8
4, 8
6, 6
4, 0
3, 10

6, 11
0.25, 10
7, -0
4, 8
8, 8
8, 4
-0, 4
0, 8
8, 8
6, 4
10, 0
4, 10.25
8, 11.75
0, 1
0, 4
3, 5.75
8, 8
4, 8
4, 8
0, 8
4, 4
0, 4
10, 4
4.25, 10.25
10.5, 10
0, 4
8, 0
4, 0
8, 8
4, 8
-0, 4
6, 8
10, 8
-0, 8
7.5, 2.25
2.5, 8.0625
4, 4
4, 9
9.375, 2
8, 4
0, 4
4, 8
4, 4
4, 8
6, 5
2, 8
4, 4
3, 5
11.5, 2.25
1.5, 3
4.75, -0
4, 8
10, 9
8, 8
-0, 4
0, 8
4, 8
8, 4
0, 0
1.125, 5
7, 4
0, 4
8.875, 0
0, 2.5
1.25, 2.625
4, 8
-0, 4
1, 2
5.4375, 5.5
0, -0
0, 4
4, 8
6.5, 4
4, 4
8, 4
0, 4
4, 8
-0, 4
2.25, 8
8, 4
2.5, 8
-0, 4
4, 8
0, 4.875
4, 4
-0, 8
-0, 9.75
4, 8
7.5, 9
8, -0
8, 4
8, 4
4, 9.625
6, 5
-0, 8
4, 8
4, 4
4, 8
8, 8
0.5, 8
0, 8
4, 4
0, 4
1, 3.875
0, 8
9, 5
3.25, 3.75
8, 4
10.25, 4
4, 11.5
11, 5
4, 8
4, 4
11, 0
0, 0
-0, 8
8, 8
1.5, 2.5
2, 1
8, 3
4, 2.5
-0, 0
3.125, 10
-0, 0
7.5, -0
4, 8
9.25, 3.5
3, 8
0, 4
6.75, 7.25
8, 4
5, -0
6, 3.5
4, 8
10, 5
4, 4
-0, 4.625
2.5, 4
3, 1
0, 8
8, 4
-0, 8
4, 1
8, 4

6.75, 7
1.625, 1
10, -0
8, 0
-0, 4
4, 0
-0, 4
8, 8
4, 8
6, 2
7, 10
4, 0.625
10, 1
4, 9
8, 8
6.5, 8.5
-0, 7
8, 4
8, -0
8, 0
8, 4
4, 4
10, 2
9, 1.5625
11.5, 4
4, 4
4, 8
4, 0
-0, 4
4, -0
4, 0
1, 4
-0, 2
-0, 8
9.25, 7.125
10.5, 6.375
8, 0
0, 10
9.25, 6
8, 8
4, -0
4, 4
4, 8
8, 2
11, 4
7.75, 8
-0, 8
9.5, 4
4.5, 3.25
9, 6
7.625, 8
4, 4
1, 7
8, -0
8, 4
8, 8
8, 8
8, 8
4, 8
4, 0
7, 4
8, -0
11, 0
5, 7
7.875, 9.375
8, 0
-0, 8
1.25, 10.5
11.375, 9
0, 8
8, 0
8, 4
0.5, -0
4.25, 8
8, 8
8, 8
-0, 4
2, 2
7, 4
8, 8
10, 4
8, -0
4, 4
8, 6.625
4, 0
4, 0
4, 5.5
8, 4
4, 3
4, -0
4, 8
8, 8
6.5, 8
7.5, 3
8, 0
4, 4
8, 4
8, 0
4, 0
7.5, 0
0, 8
8, 8
4, 8
0.25, 6.875
8, 8
1, 9
0, 4.875
8, 8
9.25, 8
-0, 11
8, 5
-0, 4
4, 8
6.25, 0
8, 4
8, 0
0, 4
7.5, 7.125
2, 6
4, 2
2, 7.5
-0, 1
3.375, 2
-0, 8
1.875, 4
8, -0
0.5, 5
3, 4
4, -0
0.5, 5
4, 0
0, 8
0, 1
4, 8
9, 6
8, -0
4, 10.125
8.5, -0
2, 4
8, 8
8, 4
8, 1
-0, 4
4, 1

0.75, 8
4.375, 11
9, 4
8, 4
4, -0
-0, 8
-0, 0
4, 4
4, -0
6, 7
1.5, 6
8, 8
2, 7.875
0, 9
8, 0
7.5, 11
8, 6
4, 8
4, 8
8, 8
4, 8
8, 4
7.5, 2
4.125, 1.5
0, 4
8, 8
4, 0
4, 0
-0, 8
4, -0
4, 0
2, 8
4, 8.5
4, -0
2.5, 1
1.75, 2.5625
4, 4
4, 0
0.625, 8
4, 8
0, -0
8, -0
4, 0
9, 8
8, 5
6, 8
4, 0
9, 5
5.25, 2
4.5, 2
3.875, -0
4, 8
10, 5
4, -0
8, 8
8, 4
4, 8
0, 8
4, 8
5, 3
2, 8
4, -0
8, 6
6, 1.25
6.125, 7.125
4, 8
4, 0
3, 2
10.3125, 9.5
4, 4
0, 4
0, 0
0, 8
0.75, 3
-0, 8
0, 4
4, 8
10, 4
4.75, 4
-0, 4
3, 8
4, 8
4, -0
0, 4.375
0, 4
8, 0
4, 4.75
4, 0
1, 11
0, 4
-0, 8
4, 0
-0, 2.25
9, 6
4, 8
4, 4
4, 0
8, 4
8, 0
10.75, 4
8, -0
4, 4
0, 4
0.5, 5.5
8, 4
-0, 1
11.25, 10.875
4, 4
7.5, -0
1, 4.5
4, 11
4, 8
4, 0
7.75, 8
0, 0
-0, 0
4, -0
3.25, 11.5
4, 5
4, 4
2, 4.5
-0, 0
5.375, 11
4, 4
8.375, -0
4, 8
7.5, 5
7, 8
8, -0
3.5, 4
4, 4
10, 8
4, 1
4, 4
2, 9
4, 4
4, 1.625
11, 4
3.5, 5
4, -0
0, -0
5, 2
-0, 6
11, 2

9.5, 10
10.375, 3
11, 2
0, 0
4, 4
4, 0
-0, 0
4, 8
8, -0
2, 1
2, 4
0, 7.125
9, 4.625
4, 11
8, 8
0.25, 5.5
8, 3
-0, -0
4, -0
8, 8
-0, 0
2, 0
10, 10
3.25, 7
1, 8
4, 0
-0, 0
4, 0
4, -0
-0, 4
-0, 0
2, 0
-0, 1
4, 8
6, 3.375
9.75, 4.875
0, 8
4, 6
3.75, 8
-0, 0
0, -0
4, -0
-0, 0
3, 7
1, 3
3, -0
4, 4
10.5, 7
6.25, 10.5
4, -0
0, 8
4, -0
1, 1
4, -0
4, 4
0, 4
4, 4
4, 4
4, 4
9.25, 9
10, 0
4, 4
2.5, 0
0.5, 4
10.625, 2.25
4, 8
4, 4
6.5, 1
8.1875, 10.625
0, -0
8, 4
0, 8
6, -0
4, 6
-0, 0
8, -0
4, 4
6, 4
9.25, 4
4, -0
2, 8
4, -0
8, 8
0, 8.75
4, 8
4, 8
-0, 11.25
4, 4
5, 5
0, 8
4, 0
-0, 0
4, 11.75
10.875, 2
-0, 0
-0, 0
0, 8
0, 0
0, 8
5.5, 8
0, -0
8, 4
0, 4
6.5, 5.5625
0, 4
5, 4
5.5, 11.125
8, 4
8.25, 8
-0, 9.5
8, 3
4, 0
4, 8
8.75, 4
8, 4
4, 4
4, 4
0.25, 0.75
-0, 3
4, 5
0, 1.5
-0, 11
0.5, 7
-0, 0
3, 6
8, 4
0, 1.5
-0, 4
4, 8
6.5, 8.75
8, 4
0, -0
10, 2
8, 8
5, 0
-0, -0
4, 0.375
1.5, 8
3, 8
0, -0
4, 1
7, 7
-0, 0
10, 5

6.5, 9
0.125, 4
3, 9
8, 8
-0, 8
-0, 4
8, 4
0, -0
8, 8
7, 3
6, 6
8, 5.625
0, 8
0, 5
8, 4
5.75, 1.75
8, 2
8, 8
8, 4
8, 8
8, 4
1, 4
8.5, 5
0.75, 2.3125
6.75, 10
8, 4
8, 4
4, 8
8, -0
4, -0
-0, 4
9, 0
8, 11
8, -0
7.25, 3.75
10, 7.4375
8, 8
2, 9
6.75, 2
4, 8
4, -0
4, 8
4, 8
4, 4
10.5, 5
11, 4
4, 8
8, 8
0.25, 10.75
9, 2.25
5.25, -0
8, 8
10, 1
8, 4
4, 4
8, 8
-0, 8
4, 8
4, 8
7.625, 3
3, 0
4, 4
2.625, 6
8.5, 11.75
11.875, 4.875
4, 4
4, 4
2, 10
9.75, 4.125
0, 4
8, 0
8, 8
4.5, 4
6.75, 7
4, 4
8, 8
8, 8
6, 6
6.25, 4
4, 8
7, 0
8, 4
8, 8
8, 7.625
0, 8
8, 4
4, 1.5
8, 8
2, 7
4, 8
4, 4
-0, 0
4.5, 3.75
6.25, 1
8, 0
4, 4
4, 4
8, 8
4, 8
7, 0
8, 8
4, 4
8, 4
11, 10.5625
8, 8
7, 2
0, 2.75
-0, -0
4.5, -0
8, 4
11, 2
4, 0
8, 4
4.75, 0
4, 4
-0, 4
0, 8
4, 10.75
8, 8
8, 1
6, 3.5
8, 10
4.125, 11
-0, 4
10.375, 8
8, -0
10.75, 3.5
2, 4
8, -0
3, 2
4, 4
0, -0
8, 0
0, 8
6, 3.5
8, 8
4, 8.125
0.5, -0
5, 4
8, 4
0, 6
1, 9
4, 8
1, 5

5.5, 3
1.5, 11
0, 7
0, 4
8, 8
8, 8
-0, 4
4, 4
8, 4
11, 7
5, 3
4, 2.125
6, 6.75
4, 7
8, 4
5.375, 0.75
4, 4
8, 4
4, -0
8, 8
8, 8
9, 4
7.5, 8
5.875, 2.9375
7, 4
8, 8
8, 4
4, 4
4, -0
4, 4
-0, 8
3, 8
-0, 9
4, 4
9, 1
5.5, 9.875
8, 4
6, 11
7.125, 4
-0, 0
0, 8
4, 8
4, 0
2, 11
3.5, 4
4.5, 8
4, 0
4.5, 2
7.25, 7
2, 7
1.375, 8
8, 8
9, 9
8, 4
8, 4
8, 8
8, 8
4, -0
4, 0
7.875, 7
6, 4
0, 8
9.375, 0
8, 11.75
4.5, 5.125
0, 8
4, 0
11.25, 10.5
10, 0.125
8, 8
8, 4
8, 4
11.5, 8
7.5, 10
4, 0
4, 8
4, -0
2, 0
5.25, 8
8, 4
11, 0
8, 4
0, 8
8, 8.875
0, 8
4, 8
8, 6.5
4, 8
3, 2
4, 8
8, 0
4, 4
3, 7
8.625, 7
8, 8
-0, 4
4, 4
0, 4
0, 8
9, 0
8, 8
4, 4
4, 8
11, 2.5625
8, 8
2, 10
0.5, 1.75
-0, 4
3.5, 8
-0, 7.5
9, 2
8, 8
8, 4
9.75, 8
8, 4
4, 8
8, 8
6.5, 1.625
-0, 9
8, 6
8, 8.5
4, 4
10.75, 5
8, 8
10, -0
0, 4
0.25, 8.5
-0, 0
4, 4
7.5, 3.5
0, 8
8, 8
6, 4
0, 8
3, 0
4, -0
-0, 7
3.5, 4
7.5, 6
8, -0
4, 1
10, 1
8, 9
1, 10

6.5, 10
1.375, 4
2, 1
0, 8
8, -0
4, 0
-0, 0
8, -0
8, 8
-0, 11
1.5, 9
4, 11.875
2, 3.875
8, 1
4, 4
7.625, 3.5
-0, 7
8, -0
4, -0
0, 8
-0, 8
5, 8
7, 11
5, 1.125
3.25, 10
8, 0
-0, 8
4, 8
8, -0
4, -0
8, 0
2, 4
-0, 8
8, -0
1.75, 5.75
2, 6.4375
0, 0
10, 10
6.625, 4
-0, 8
8, -0
4, 8
8, 0
7, 2
1.5, 8
8.5, 4
-0, 4
0.5, 2
4.25, 4.5
6.5, 2.25
1.375, 4
8, -0
4, 5
4, 4
-0, 4
4, 0
4, 8
8, -0
0, 0
11.25, 4
9, 0
0, 4
7, 0
4, 6
11.125, 7.75
8, 0
8, 0
6.75, 5.5
9.375, 6.625
4, 8
0, 4
0, 8
6.25, 8
10.25, 8
4, 8
4, 4
-0, -0
4, 4
7.5, 8
4, 4
5, 4
4, 4
0, 8
0, 8.5
4, 8
8, 0
4, 2.25
4, 4
11.5, 11
0, 8
4, 8
8, 4
11, 6.375
3.125, 1
8, 8
-0, 8
8, 8
0, 8
4, 4
3.5, 4
0, 4
4, 8
8, 8
0.5, 6.25
0, 8
7, 5
7.25, 8.25
-0, 8
5.5, 4
9, 1
0, 9
4, 0
4, 0
10, 8
8, 4
-0, 8
8, -0
1.75, 4.25
8, -0
4, 4
8, 5.5
4, 1
8.5, 8
4, 8
9.625, 2
0, 8
2.75, 5.5
5, 8
4, -0
1.75, 0.5
0, 4
10, 8
6, 7.5
4, 8
8, 3
4, 4
-0, 5.5
11, 8
9, 4
4, -0
4, -0
5, 8
4, 6
4, 5

2, 8
6.875, 8
5, 8
8, 8
8, 8
-0, 8
-0, 8
4, 4
-0, -0
3, 0
11.5, 0.5
8, 7
0, 10.25
8, 7
4, 4
10.5, 3.75
-0, 11
8, 4
8, 4
8, 8
-0, 4
1, 8
9, 4
4.75, 10.8125
5, 10
8, 4
-0, 0
4, 8
4, -0
8, 4
8, 0
-0, 4
4, 5
-0, 4
2.5, 3
1.25, 1.6875
8, 8
10, 0
10.625, 2
-0, 8
8, -0
4, 8
4, 4
3, 6
9, 3
7, -0
4, 4
7.5, 7
5, 2
2, 10.5
8.875, 8
8, 4
9, 3
4, -0
4, 4
8, 4
8, 8
8, 8
0, 0
4.375, 2
0, 4
4, 4
9.5, 8
11, 2.5
6.875, 11.5
8, 8
-0, 8
8.5, -0
1, 10.25
8, -0
4, 8
8, 8
7.75, 4
2.25, 9
8, 0
8, 4
-0, 8
2, 2
0.25, 4
8, 8
3.5, 8
4, 4
0, 8
4, 3.25
8, 8
-0, 8
4, 1.25
8, 0
1, 8
8, -0
-0, 0
-0, 8
0.5, 10.875
4.625, 1
8, 8
4, 4
4, 8
8, 8
0, 8
7.5, 8
8, 8
8, 4
4, 8
11.5, 6
8, 8
1, 1
8.75, 10.125
4, -0
5.75, 8
5, 8
2, 5
-0, 8
4, 0
6.75, 4
0, 8
4, 8
8, 8
10, 10.25
8, 6
8, 4
8, 2
-0, 9
7.875, 3
8, 0
9.5, 2
4, 4
9, 0
11, 8
0, 4
1, 5.75
4, 4
2, -0
2, 1
8, 8
6, 8
8, 8
-0, 2.5
8, 8
4, 5
8, 8
0, 11
4, 8
8, 0
10, 8

11.5, -0
0.625, 1
6, 9
8, 4
-0, 4
4, 4
-0, 0
4, 4
-0, 4
8, 8
6.5, 0.5
4, 8.375
2, 8.25
8, 8
0, 8
1.875, 9
4, 2
8, 4
8, 4
8, 0
-0, 4
1, 4
9.5, 7
8.875, 8.125
9.75, 0
8, 4
-0, 8
4, 0
-0, 4
8, -0
-0, 0
5, 8
10, 1
4, 4
9.5, 0.875
6.5, 3.875
8, 8
2, 2
10.375, 8
4, 4
4, 4
4, 4
4, 4
9, 3
-0, 5
3.75, -0
-0, 4
3, 7
7.75, 11
9.5, 11.5
6.875, -0
8, -0
6, 7
-0, 8
-0, 4
8, 4
-0, 8
0, -0
0, 4
5.5, 6
5, 8
0, 4
3, 2
11, 6.5
5.125, 2.75
0, 4
-0, 4
9, 2
8.3125, 5.375
4, 8
4, 4
8, 4
2.5, 8
11.25, 3
-0, 4
4, -0
4, 4
10, 8
1, 8
-0, 4
11.5, 8
-0, 4
4, 8
0, 11.5
4, 0
-0, 4
-0, 4
4, 4
10.5, -0
4, -0
-0, 8
-0, 4
5.5, 3.25
0.5, 8
-0, 4
8, 4
4, 4
8, 4
0, 0
-0, 8
4, 8
0, 4
0, -0
0, 5.875
8, 4
8, 5
3.75, 1.5
-0, 4
3.5, 4
11, 0
11, 1
8, 0
4, 4
4.75, 4
0, 4
-0, 0
0, 4
6, 2.625
6, 7
0, -0
8, 4
-0, 9
3.625, 4
4, 8
11.125, 6
4, 4
2, 4
4, 0
4, 4
9.25, 4.25
0, 4
5, 8
10, 10.5
4, 8
0, 4
8, 8
-0, 7.75
11, 4
3, 10
4, 4
0, 2
1, 10
8, 11
6, 5

9, 3
4.375, 7
1, 2
8, 8
4, -0
4, 0
-0, 4
4, -0
-0, 4
1, 6
2, 11.5
0, 10.5
1, 5.875
8, 7
8, 4
2.25, 4.75
4, 0
4, -0
0, -0
0, 4
-0, 8
10, 4
0.5, 7
4.25, 3.875
6.75, 2
8, 8
4, 8
4, 4
-0, 4
4, 8
8, 8
2, 0
2, 4
-0, 4
11.5, 1.625
2.5, 11.125
0, 4
0, 3
8.625, 6
-0, 4
4, -0
-0, 4
-0, 4
3, 9
4, 0
1.25, -0
-0, 4
8, 5
6.75, 2
-0, 4.25
8, 4
4, 8
8, 8
8, 4
8, 4
0, 0
-0, 4
4, 4
0, 4
1.25, 5
2, 0
4, -0
7.5, 6
0.5, 1
4, 8.375
0, 4
4, 0
7.25, 7
8.375, 6.125
8, 8
8, 8
0, 4
2.25, 8
2.75, -0
-0, 4
0, 4
8, 4
8, 6
2, 4
4, -0
11, 8
-0, -0
0, -0
8, 10.375
0, 4
8, 8
8, 10
0, 8
3, 3
4, 4
-0, 8
-0, 4
5, 2.5
4.125, 11
4, 0
-0, 0
8, 4
8, 8
0, 4
3.25, 8
4, -0
4, 4
8, 8
11.5, 5.9375
8, 8
4, 4
4.5, 1.125
4, -0
3.5, 4
8, 4
0, 8
-0, 4
4, 0
5, 0
4, 4
4, 0
4, -0
5.25, 2.25
6, 8
8, 2
2, 8.5
8, 7
7.375, 3
8, 8
4.75, 4
8, -0
0.75, 5.5
5, 0
4, 4
2, 2.5
8, 0
0, -0
4, 7.5
4, 4
5, 10
4, 8
4, 11.75
6.5, 8
1, 10
4, -0
8, 6
1, 11
8, 4
10, 1

1.25, 10
7.25, 4
7, 2
0, 8
8, 4
-0, 8
8, 4
8, 4
-0, -0
8, 5
0, 8
8, 1
8, 0.25
8, 4
4, 4
2.875, 4.5
4, 8
-0, -0
4, 4
4, 4
-0, 4
11, 0
6.5, 4
4.125, 2.125
6.25, 0
8, 8
4, 4
8, 4
4, -0
8, -0
8, 0
2, 8
8, 8
8, 4
3.5, 0.125
2.5, 4.75
4, 8
4, 4
0.875, 4
8, 8
8, 8
-0, 4
4, 8
4, 11
1.5, 11
9, -0
-0, 4
4.5, 2
3.75, 7.5
4.5, 0.5
11.125, 8
4, 4
4, 10
4, 4
8, 4
0, 4
-0, -0
0, 4
8, 8
9.875, 9
4, 0
8, 4
0.125, 10
0, 3
6.875, 1.375
0, 4
8, 8
6.25, 1.5
11.125, 8.5
4, 8
4, 8
0, 8
3.25, -0
5, 8
-0, 8
8, 4
8, 8
6, 0
8.5, 8
4, -0
0, 4
4, 4
8, -0
8, 2.5
4, 8
8, 8
4, 2.75
8, 0
10, 6
4, -0
4, 0
8, 8
3.5, 10.125
0.25, 2
8, 0
8, 0
0, 4
0, 8
4, 0
1.75, 4
0, 8
4, 8
8, 8
5.75, 3.4375
0, 8
9, 6
10.75, 1.625
8, 4
10.75, 4
1, 0
7, 2
4, 4
4, 4
6.75, 0
4, 0
8, 8
8, 4
9.5, 1.75
2, 4
8, 11
10, 3.5
4, 3
10.375, 5
4, 8
9.25, -0
8, -0
4.75, 0.5
2, 0
8, 4
6, 9.25
8, 0
1, -0
4, 5
0, 8
1, 6
4, 8
4, 4.5
11, 4
4, 3
4, -0
0, 4
1, 9
-0, 10
5, 9

1.75, -0
8.375, 10
5, 3
4, 8
-0, -0
4, 8
4, 8
8, 4
-0, 8
7, 1
4.5, 3.5
4, 7.125
8, 1.625
4, 10
0, 0
1.375, 11.25
8, 0
8, 4
8, -0
8, 4
-0, 0
5, 8
10.5, 7
8.75, 2.875
10, 2
0, 8
8, 0
4, 4
4, 8
8, -0
8, 0
10, 4
-0, 8
8, -0
5.75, 2
5, 3.6875
0, 8
6, 11
0.875, 10
4, 8
8, -0
4, 8
4, 0
4, 6
5.5, 10
8.75, 8
8, 4
-0, 5
10.25, 10.5
8, 4.25
3.125, -0
8, 8
9, 4
-0, -0
8, 0
4, 8
8, 8
4, 4
0, 0
7.375, 4
10, 4
8, -0
8.125, 6
6.5, 0.75
11.625, 10.75
8, 8
8, 4
2, 5.5
0.875, 4
0, 4
0, 4
8, 0
2.75, 4
0.75, 7
-0, 4
8, 4
8, -0
2, 0
4, 4
-0, 4
10, 0
8, 8
4, 8
4, 0.25
4, 8
8, 0
-0, 3
8, 4
1, -0
4, 8
8, 8
8, 0
0.5, 3.375
8.625, 5
4, 4
4, 8
4, 4
4, 8
0, 8
10.5, 4
4, 8
4, -0
8, 4
0.25, 3.4375
0, 0
2, 10
2, 1.625
8, -0
7.5, -0
6, 7
5, 1
8, 4
0, 4
11, 8
0, 4
8, 0
0, -0
6.25, 2.25
-0, 2
0, 8
4, 7
4, 11
10.625, 7
-0, 4
4.125, 10
8, -0
8.5, 7
3, 8
8, 4
1.75, 9.75
8, 0
11, 4
8, 1
0, 8
7, 3
-0, 8
8, 1
0.5, 4
7.5, 11
8, 4
4, 10
2, 9
4, 11
1, 1

5, 7
7.125, 6
9, 6
0, 0
8, 8
-0, 8
-0, 4
0, 8
4, 4
6, 7
7, 0
0, 6.875
4, 10.5
4, 9
4, 8
9.5, 8.75
4, 8
-0, -0
4, 8
0, 4
-0, 0
6, 4
9, 2
0.875, 9.4375
4.5, 8
8, 0
4, 4
8, 0
-0, 8
8, -0
-0, 8
10, 0
6, 10
8, 4
6, 4.5
4.75, 7.4375
4, 8
10, 1
11.875, 8
8, 0
0, 8
4, 4
-0, 0
3, 2
-0, 1
11.75, 8
4, 4
5.5, 2
2, 3.25
2.5, 10.25
1.5, 4
8, 8
2, 0
4, 8
4, 4
8, 0
-0, 4
8, 8
8, 8
9.625, 3
6, 0
0, -0
9.25, 2
0.5, 8.75
2, 9.75
8, 0
8, 8
2.25, 1.5
3.875, 6.375
8, 8
4, 8
8, 0
9, -0
8.25, 7
4, 8
0, 4
8, 8
6, 10
8, 4
8, 4
10.5, 0
8, 4
8, -0
0, 9.25
0, 0
-0, 8
4, 3.25
4, 0
10.5, 3
4, 8
8, 8
4, 4
10, 2
3.625, 9
-0, 0
8, 0
4, 8
0, 0
0, 8
5.5, 0
8, 8
8, -0
4, 8
3.5, 0
8, 0
8, 6
7, 11.875
4, 4
8.75, -0
5, 5
4, 9
8, 0
4, 4
4, 8
8, 4
4, 4
8, 8
5.5, 6.5
4, 9
0, 10
0, 3.5
8, 6
2.375, 5
8, 8
4.75, 4
4, 4
5, 0
3, 8
4, 4
10.75, 5.25
0, 0
4, 8
0, 7
0, -0
5, 6
4, 8
4, 8
1, 8
7, 4
0, 8
0, 1
4, 5
-0, 0
1, 0

1.25, 1
7.75, 11
9, 2
4, 8
-0, -0
8, 0
-0, 4
0, -0
8, 4
1, 3
3.5, 3.5
4, 7
3, 10.875
4, 5
4, 8
3.625, 5.75
-0, 4
8, -0
4, 8
0, 8
8, 8
6, 4
6, -0
10.875, 11.5625
7.75, 2
4, 8
8, 0
0, 0
-0, -0
8, -0
8, 4
5, 4
2, 4.5
-0, 8
1.5, 10.875
1, 5.4375
8, 4
8, 2
2.25, 10
-0, 0
8, 4
4, 8
4, 0
10, -0
9, 7
10.75, -0
-0, 8
5.5, 5
10.5, 6.75
5, 8.5
10.75, -0
8, -0
2, 10
4, 8
8, 4
0, 8
8, 4
0, 4
8, 8
7.625, 5
7, 8
8, -0
8.375, 8
8.5, 10.75
9, 2.375
0, 0
8, 0
10.5, 1
6.5, 9.75
8, -0
4, 4
4, 8
0.75, 4
3.75, 4
8, 4
0, 8
8, 8
10, 6
6, 4
4, 8
6.5, 8
4, 8
8, -0
4, 7.375
4, 8
-0, 0
4, 11
8, 0
3, 4
0, 8
8, 8
4, 8
4.5, 3.25
5.625, 2
-0, 8
8, 0
8, 4
4, 8
0, 0
11.25, 0
8, -0
8, 4
8, -0
5.25, 11.6875
4, 0
2, 5
10, 4.5
8, 4
4, -0
3, 11
2, 9
8, 0
4, 8
7.25, 8
4, 8
-0, 0
0, -0
8.75, 2.375
10, 3
8, 8
2, 10.5
8, 6
10.5, 5
8, 0
10, 8
8, 4
2, 9
5, 0
8, -0
0.75, 11
8, 4
2, -0
8, 8.5
0, -0
11, 2
4, 8
4, 7.5
9, -0
1, -0
4, 8
0, 9
1, 5
-0, 4
9, 0

6.75, 9
9.25, -0
8, 2
4, 8
-0, -0
-0, 4
8, 8
8, 8
8, -0
6, 2
2, 8.5
0, 7.125
6, 11.25
8, 3
4, 4
8.875, 5.25
8, 5
4, -0
4, -0
4, 0
-0, 0
0, 0
0, 8
8.375, 6.125
8.75, 10
4, 0
8, 0
4, 0
8, 4
4, 8
4, 4
2, 8
6, 3.5
-0, -0
8.75, 5.875
2, 0.75
4, 8
2, 7
5.125, 10
8, 8
4, 8
4, 4
4, 8
4, -0
6.5, 5
0.25, 4
8, 0
-0, 5
8, 9
10, 7.75
0, -0
8, -0
10, 0
4, 4
8, 8
4, 0
8, 8
0, 4
4, 4
10.5, 7
8, 8
8, 8
11, 4
7.5, 7.75
9, 0.75
4, 4
-0, 0
4.75, 5.5
11.0625, 1.375
0, -0
0, 4
4, 0
0.5, 8
1.25, 10
-0, 8
4, 4
4, 4
-0, 0
7.5, 4
-0, 4
4, 4
-0, 4
8, -0
8, 11.125
4, 4
-0, 0
-0, 2
4, 0
2, 11
0, -0
4, 8
-0, 4
0.5, 11.75
1.125, 2
4, 0
8, 0
0, 0
4, 8
8, 4
6.5, 8
4, -0
8, 8
0, 4
6.5, 1
4, 8
3, 6
0.5, 2.125
4, -0
10.25, 4
-0, 6
7, 1
8, 0
0, 4
7, 4
4, 8
4, 4
0, -0
9, 8.125
10, 4
4, 11
6, 4.5
4, 5
4.75, 10
-0, 0
6, 8
4, 8
3.5, 3.5
1, 0
4, 8
4, 8.75
4, 8
4, -0
4, 5
0, -0
2, 9.5
4, 8
-0, 8.375
7, -0
2, 10
0, 4
0, 9
5, 5
8, 10
7, 11

8, 6
0.5, 3
8, 3
8, 0
4, -0
-0, 0
8, 0
0, 8
8, 4
8, 3
2, 10
4, 9.625
4, 8.625
0, 6
4, 4
11.25, 4.5
-0, 2
8, -0
8, -0
0, 8
8, 0
11, 8
6, 3
2.75, 10.0625
5.5, 4
0, 8
-0, 8
4, 8
-0, 8
8, -0
4, 4
5, 0
6, 0
-0, 4
4, 0.25
9, 1
8, 4
4, 9
0, 2
8, 4
0, 4
4, -0
8, 0
6, 8
8, 10
5.5, 4
4, 8
5, 5
1.5, 4
1.5, 0.5
10.875, -0
0, 8
7, 0
-0, 4
-0, 4
0, 8
-0, 4
0, 4
8, 0
3.125, 4
7, 4
4, 8
4.25, 8
7, 11.75
10.875, 9.375
0, 8
-0, 0
2.5, 4
3.875, 5.25
0, -0
0, 8
8, 0
10.5, -0
4.25, 2
-0, 8
4, 4
8, -0
10, 8
4.75, 0
-0, 8
6, 0
4, 4
4, 8
0, 4.375
4, 0
4, 0
4, 3.25
0, 0
6, 11
8, -0
-0, 8
4, 0
7, 4.75
10.5, 5
8, 0
4, 0
8, 0
8, 0
8, 0
4.5, 8
8, 4
4, 4
4, 4
9.5, 1.25
8, 4
10, 10
7.25, 7
-0, -0
3.5, 8
1, 5.5
8, 1
8, 4
4, 0
8.75, 4
8, 4
8, 4
4, -0
11.75, 6
2, 8
0, 2
4, 11
-0, 3
1.625, 0
-0, 0
4, 4
8, 4
4.25, 3
3, 0
0, 8
10.5, 11.5
0, 8
0, 8
8, 11
8, -0
7, 2
8, 4
-0, 11.5
2.5, -0
5.5, 6
0, 4
8, 5
10, 10
4, 11
8, 9

8, 4
6.875, 4
5, 9
8, 0
-0, 8
8, 4
8, 0
4, 4
-0, 4
4, 1
4, 8.5
0, 7.25
5, 11.875
0, 7
8, 4
9.25, 9
4, 9
8, -0
8, -0
0, 8
4, 8
10, 0
9, -0
9.75, 7.125
9, 8
0, 8
-0, 8
4, 4
-0, 8
-0, 8
4, 0
4, 4
8, 8
4, -0
5.25, 3.375
9.5, 11.25
0, 8
2, 8
10.5, 8
-0, 8
4, -0
-0, 8
4, 8
3, 4
9, 0
2.5, 4
8, 4
4.5, 7
10, 1.75
5, 5.75
2, 4
8, -0
2, 1
-0, 8
4, 0
0, 8
4, 8
8, 8
4, 4
9.875, 1
1, 8
0, 8
5.25, 6
6, 7.25
4.25, 5.5
8, 4
8, 0
2, 11
0.8125, 9.375
4, 4
0, 8
8, 0
1, 4
7.5, 4
-0, 8
4, -0
4, 4
-0, 6
4.75, 0
-0, 4
11.5, 0
-0, 8
8, 4
8, 6.375
4, 4
-0, 8
-0, 11.5
8, 0
1, 9
0, 8
8, 0
8, 4
0.5, 1.75
9.25, 7
8, 0
8, 4
4, 0
8, 0
0, 8
2.75, 8
8, 4
0, 8
4, -0
3, 0.4375
0, 8
3, 9
11, 0.5
4, 4
3.5, 8
8, 6.5
8, 9
4, 0
0, 8
11.75, 0
0, 0
4, 0
0, 8
0.5, 8.875
10, 5
4, 5
10, 2.5
-0, 0
1.5, 11
4, 4
2.625, 8
0, 8
4.25, 7
9, 0
4, -0
11.5, 7.75
4, 4
8, 8
10, 8
8, 4
7, 0.5
-0, 8
4, 4.125
7, 4
5, 3
4, 8
4, 8
11, 11
4, 7
9, 0

1, 2
5.75, 11
8, 5
0, 0
8, -0
-0, 4
8, 0
8, 4
8, 4
5, 11
3, 0
0, 2.375
7, 6.75
8, 7
8, 0
6.375, 8.5
8, 8
8, -0
0, 8
0, 0
8, 0
11, 0
2, 4
8.5, 10.375
11.75, 2
0, 0
8, 8
0, 0
4, 4
-0, 8
-0, 8
2, 4
-0, 7
8, 8
5, 8.625
4, 7.75
0, 0
10, 7
0.5, 6
-0, 0
0, 8
8, -0
8, 8
7, -0
4, 6
0.75, -0
-0, 8
-0, 8
3.5, 1
2.5, 9.25
2.625, 8
0, 8
11, 4
-0, -0
8, 0
0, 8
8, -0
0, 4
8, 8
-0, 5
11, 0
4, -0
8.25, 10
7, 3.25
10, 0.625
8, 4
8, 0
1.75, 1
11.6875, 5.5
0, 8
8, 4
8, 0
5.25, 4
4, 1
8, 8
8, 8
8, 8
8, 2
3.25, 0
8, -0
6, 0
8, -0
8, -0
4, 3.5
8, 0
8, 0
8, 0
8, 4
1.5, 2
0, -0
-0, 0
8, 0
6.5, 2
2.25, 5
8, 0
4, 0
4, 4
0, 0
0, 8
8.75, 0
0, 8
0, 4
8, 8
1.5, 5.75
0, 0
2, 7
5, 9
8, 8
7, 8
1, 9.5
3, 2
-0, 8
8, 4
10.5, 0
8, 4
8, 0
8, -0
4.75, 0.125
4, 6
8, 11
10, 5.5
4, 1
7.875, 0
-0, 8
6.5, 2
4, -0
8.75, 1
11, 0
0, 8
10.75, 1
8, 0
8, 8
2, 2.5
0, -0
6, 8
-0, -0
4, 10.375
3, 8
6.5, 5
0, 8
0, 8
6, -0
8, 9
7, 8

6, 6
9.875, 8
4, 11
0, 4
4, -0
-0, 4
4, 0
8, 8
-0, 8
1, 4
11, 1
8, 11.125
8, 9.625
0, 1
4, 8
9.5, -0
4, 10
8, 8
4, -0
8, 8
-0, 8
3, 4
2, 10
11.875, 1.875
7.75, 0
8, 8
4, 8
8, 4
-0, 8
8, 8
-0, 4
-0, 4
10, 8
8, 4
5.25, 8
6.25, 3.125
4, 8
8, 6
11.25, -0
4, 8
0, 4
4, 4
4, 8
11, 4
3.5, 7
5, -0
4, 8
3, 4
7, 3.5
1.5, 9.5
5.75, 4
8, 8
6, 5
4, 8
4, 8
4, 8
8, -0
0, 4
4, 8
6.625, 6
1, 8
8, 8
9.25, 0
6, 5.25
9, 0.375
8, 8
-0, 0
11, 1
1.625, 0.375
4, 4
4, 8
8, 8
0.25, 4
1.75, -0
8, 4
8, 8
4, 8
10, 6
2.5, 4
4, 8
0, 4
4, 8
0, 8
4, 1.5
4, 0
4, 0
-0, 4
4, 0
2, 2
4, -0
8, 8
-0, 4
5.5, 4.875
1, 3
-0, 4
4, 8
4, 0
0, 4
4, 8
11, 4
0, -0
8, 4
0, 4
7, 3
8, 8
9, 5
8, 1.375
8, 8
6.25, 8
8, 1
10, 8
-0, 4
4, 8
0.5, 8
8, 0
-0, 8
4, -0
3.25, 0.5
2, 7
8, 5
8, 11
4, 3
3.625, 9
4, 4
10.5, -0
0, 4
2.75, 2.5
6, 8
0, 4
8.25, 0.5
4, 4
3, 8
8, 7
4, 8
9, 0.5
4, 8
-0, 1.75
7, 8
1.5, 1
8, -0
0, 3
6, 1
-0, 9
4, 7

6.25, 3
9.125, -0
5, 9
4, 0
4, 4
-0, 4
8, 8
0, 8
-0, 8
1, 1
7.5, 8
0, 9.125
6, 0.625
4, 5
0, 8
9, 3
8, 4
4, -0
4, 8
4, 0
4, 4
11, 4
2, 4
7.75, 3.875
1.75, 6
4, 0
4, 0
0, 4
-0, -0
-0, 8
4, 4
9, 0
6, 5
4, -0
4.5, 4
11.5, 8.9375
0, 4
10, 11
11.625, 2
4, 4
4, 4
4, -0
8, 4
10, 4
9, 1
8.5, -0
-0, 8
9.5, 3
3.5, 4.5
11, 0.5
6, 8
4, 8
11, 1
4, -0
8, 4
4, 0
8, -0
0, 8
0, 4
4.125, 5
11, 8
0, 4
2.625, 4
4.5, 6.75
4.75, 7.25
0, 8
8, 0
9.75, -0
3.6875, 0.5
8, 8
8, 0
4, 0
6.25, 8
11.5, -0
4, 0
4, 8
-0, 4
10, 6
9, 4
-0, 8
8.5, 4
-0, 8
4, -0
8, 4.875
8, 0
4, 4
-0, 11.25
4, 0
6.5, -0
0, 8
-0, 4
-0, 8
2, 11.625
1.75, 11
4, 0
4, 8
8, 8
4, 0
0, 8
6, 0
0, -0
0, -0
8, 4
7.5, 7.625
4, 0
5, 3
10, 3.375
4, -0
1.5, 4
1, 9.5
9, 4
-0, 8
0, 8
2.25, 4
0, 8
4, 4
4, 4
3.5, 1.25
2, 5
4, 8
4, 9
-0, 11
11.375, 8
8, 8
9.125, 10
0, -0
9.5, 10.5
7, 4
4, 8
4.5, -0
8, 8
3, 4
8, 11.5
0, 4
4, 5
-0, -0
-0, 1
5, -0
9, 1
8, -0
0, 9
5, 9
8, 1
8, 3

11.5, 6
4.875, 8
8, 5
4, 8
4, 8
-0, 8
-0, 4
8, 8
4, 4
9, 2
1.5, 8.5
8, 11.125
8, 11.125
8, 11
4, 4
5.75, 6.25
8, 11
4, 8
8, 4
4, 8
8, 4
10, 8
4, 11
5.125, 7.75
5.5, 0
4, 8
8, 0
4, 0
8, -0
4, 8
8, 0
5, 4
2, 0.5
8, 8
8.75, 7.25
11.75, 9.75
4, 0
4, 2
9, 10
-0, 4
8, -0
4, 8
8, 4
8, 9
6, 6
3.25, 8
8, 4
3.5, 4
6.5, 5.75
7.5, 6
5.5, -0
4, 8
8, 2
4, 4
4, 8
4, 8
4, 4
8, 4
8, 4
6.375, 10
4, 0
8, 8
6, 2
3, 3.75
10.75, 5.375
4, 8
4, 8
1, 4.5
4, 4.375
8, 4
4, 8
4, 8
4.75, 8
9.5, 2
4, 8
8, 4
8, 4
10, 2
2.25, 4
4, 4
1.5, 0
8, 4
8, 8
8, 8.5
4, 4
4, 8
-0, 0
4, 8
-0, 6
4, 8
8, 4
4, 8
10, 4.5
8.125, 2
-0, 4
8, 4
4, 0
4, 8
0, 4
3.25, 4
8, 4
4, 4
8, 4
2.5, 2.4375
4, 8
10, 2
7, 11.25
-0, 8
11.5, -0
6, 10
6, 7
4, 8
4, 4
7.75, 4
0, 8
4, 8
4, 8
3, 8
6, 11
8, 1
0, 5
8, 4
11.75, 9
8, 4
11.625, -0
4, 4
2.25, 1
7, 0
4, 8
2.25, 4.25
8, 4
9, 8
8, 8
0, -0
4, 7
8, -0
4, 0.25
1.5, 8
6.5, -0
8, 4
4, 7
4, 10
4, 4
1, 0

11.5, 7
0.5, 5
9, 10
0, 0
-0, -0
4, 0
-0, 0
4, 4
8, 4
-0, 5
2, 0
8, 0.125
8, 8.5
0, 5
4, 8
0.375, 8
8, 5
-0, -0
0, 8
0, 4
-0, 8
3, 0
5, -0
6, 3.4375
0.75, 6
0, 0
4, 0
0, 4
-0, 8
-0, 8
8, 8
2, 4
10, 10.5
4, 8
2, 10.25
10, 9.625
0, 0
4, 5
10.25, 2
-0, 0
8, 8
8, 8
8, 0
-0, 1
5, 6
2.5, 4
4, 8
11, 9
-0, 4
0.5, 0.75
7.625, 8
4, 8
8, 3
-0, 8
4, 8
0, 0
-0, -0
8, 8
0, 4
4.875, 11
0, 8
8, 4
3.875, 8
2, 10.75
10, 1.5
8, 4
4, 8
2.25, 2
6.9375, 4
0, 8
4, 0
0, 0
7, -0
8, 1
4, 8
0, -0
-0, 4
-0, 6
1, 8
-0, 8
6, 8
4, 8
4, 4
0, 2.25
0, 0
4, 8
-0, 8.25
0, 0
10, 5
4, 8
4, 4
-0, 8
3, 6.75
3.25, 2
-0, 0
4, 4
4, 8
0, 0
8, 8
4.75, 4
0, 8
4, 4
4, -0
9.25, 0.375
0, 0
11, 8
11.75, 6.5
8, -0
5.25, -0
7, 3.5
2, 11
-0, 8
0, 8
2.25, 4
4, 8
4, 0
0, -0
11.5, 9.25
10, 4
4, 1
4, 1.5
-0, 2
0.875, 7
-0, 8
9, 10
8, -0
7.75, 9.5
8, 8
8, 4
11.25, 3.5
0, 4
6, -0
0, 2
0, 8
7, 1.5
4, 8
4, 0.875
6, 8
-0, -0
4, 4
0, 6
4, 11
-0, 0
9, 8

1.75, 5
9.5, 6
0, -0
0, 8
4, 4
4, 8
-0, 8
4, 8
8, 4
4, 3
5, 2
4, 0.375
5, 4.5
8, -0
8, 0
0.375, 1.75
-0, 11
8, -0
0, 8
0, 4
4, 8
4, 8
8.5, 11
10.125, 9.4375
2.75, 10
0, 8
4, 4
4, 8
4, 8
4, 8
4, 8
6, 8
2, 1
8, -0
1.75, 5.75
8.75, 5.625
0, 8
10, 5
0, 2
8, 4
4, 8
4, 8
-0, 8
6, 8
5, 4
10.25, 8
8, 0
3.5, 0
8.5, 1.25
1, 5.75
4.5, -0
0, 8
7, 8
8, -0
-0, 4
0, 8
-0, 8
8, -0
0, 4
5.875, 4
7, 0
4, -0
11.125, 6
0, 5
3.375, 11.625
8, 0
8, 4
4, 3
3.3125, 10.625
4, 8
8, 0
8, 0
8.5, -0
1.5, 1
8, 0
4, 4
4, 4
8, 8
0.75, 0
-0, 8
3.5, 8
-0, 8
0, 8
4, 2.125
0, 8
8, 4
4, 10
0, 0
0.5, 6
4, 8
4, 0
4, 4
4, 4.125
2, 6
4, 4
-0, 8
4, 4
0, 8
0, 8
6.5, 8
0, 4
8, -0
8, 4
4.75, 1.75
0, 4
2, 8
0.75, 7.875
-0, 4
4, 4
-0, 2.5
8, 4
-0, 8
0, 8
3.75, 0
8, 0
8, 8
4, 4
0.5, 7
-0, -0
8, 5
2, 6.5
-0, 5
10.125, 9
4, 8
7.75, -0
8, -0
0.5, 3
8, 4
0, 8
11.25, 11.5
8, 0
1, 8
0, 11
0, -0
4, 3.5
-0, 8
4, 8.125
2, 4
8, -0
8, -0
8, 4
7, 11
8, 10
6, 8

1.25, 7
4.25, 2
2, 11
8, 0
4, 4
-0, 0
-0, 4
8, 8
8, 4
6, 5
6.5, 4.5
8, 6.125
11, 11.625
4, -0
4, 4
3.125, 11.5
-0, 0
-0, 4
0, -0
8, 0
-0, 0
10, 0
8, 3
10.25, 0.5
6.75, 2
8, 0
8, 0
4, 4
8, -0
8, -0
4, 4
1, 4
2, 10.5
4, 4
3.5, 7.375
3.25, 5.125
0, 4
8, 7
5.625, -0
4, 8
0, 4
-0, 8
8, 8
5, 3
7, 0
0.5, -0
4, 4
8.5, 3
2.75, 9.25
10, 4.5
0.25, 4
0, 4
10, 4
8, 4
8, 4
0, 4
8, 4
0, -0
0, 0
5.625, 10
0, 0
4, -0
1.875, 2
9.5, 8.75
2.375, 2
4, 4
4, 8
6.25, 7
7.0625, 7.25
0, 8
0, 0
0, 4
9, -0
6, 4
-0, 0
8, 4
8, -0
8, 8
5.25, 4
8, 4
2, 4
8, 4
4, 8
0, 11.375
8, 4
8, 4
-0, 10.75
0, 4
5.5, 3
8, 8
-0, 8
-0, 0
8, 11.75
8.125, 8
-0, 0
-0, 4
4, 4
8, 0
0, 4
4.25, 8
4, 8
8, 8
8, -0
10.5, 5.1875
0, 4
9, 6
5.25, 6.625
4, -0
2.75, -0
11, 1
0, 4
-0, 0
8, 4
1.75, 8
4, 8
4, 4
4, 4
11.25, 2.125
2, 11
4, 2
4, 11
8, 3
4.5, 9
-0, 8
1, 10
8, 8
4.75, 11
1, 0
0, 8
1.5, 4.75
4, 0
0, -0
10, 9
0, 4
0, 8
-0, 4
4, 9.5
4.5, -0
4, 7
8, 8
0, 2
2, 2
4, 9
1, 7

2, 9
0.125, 1
7, 11
4, 0
8, 4
-0, 4
-0, 0
8, 8
8, 4
5, 7
9.5, 8
8, 9.375
1, 6
0, 4
8, 0
11.875, 4.5
4, 2
-0, 8
4, -0
0, 8
8, 4
5, 8
9.5, 9
2, 1
0, 6
0, 8
-0, 8
4, 4
4, -0
-0, -0
4, 0
7, 4
6, 7
8, -0
5, 3.125
2, 10.8125
0, 0
4, 5
8.25, 8
-0, 8
4, -0
-0, 8
4, 8
9, 1
3.5, 6
10.5, -0
8, 0
5.5, 2
2, 4.25
5.5, 1.25
3.25, 4
0, 8
6, 0
-0, 8
-0, 4
0, 8
8, -0
0, 4
0, 4
1.5, 5
2, 8
8, 4
1.875, 0
10.5, 8.25
8.125, 8.25
8, 0
8, 0
6.75, 2.5
2.9375, 4.125
4, 4
8, 0
0, 8
9.5, 8
2.5, 9
8, 0
8, -0
-0, -0
4, 2
9, 0
8, -0
4, 4
-0, 4
4, 4
8, 9.5
0, 4
8, 4
8, 8.75
8, 0
7.5, 10
0, 8
-0, 8
8, 0
3.5, 8.875
0.5, 5
4, 8
4, 4
0, 4
4, 0
4, 0
4.75, 8
0, 4
0, 4
8, 8
6.25, 11.875
4, 0
7, 11
4, 1
8, 8
0.75, -0
3, 11.5
5, 8
-0, 0
0, 4
9, 0
4, 0
8, 0
8, 4
2.25, 6
-0, -0
4, 1
4, 9
-0, 0
1.625, 0
4, 4
0.625, -0
0, 8
7.5, 3
3, 4
0, 4
2.25, 9.25
8, 4
9, -0
4, 8
4, -0
8, 3
4, 4
-0, 2.625
11, 4
1, 5
8, 8
8, 5
2, 1
-0, 1
4, 8

7.25, 10
2.25, 9
9, 6
4, 8
8, 8
8, 4
8, 0
4, 4
8, 4
6, 11
11.5, 7.5
8, 4.375
5, 9.875
0, 5
8, 4
4.625, 1.75
8, 1
8, -0
4, 8
4, 8
4, 8
3, 0
11, 11
9.875, 8.125
3, 2
4, 8
8, 0
8, 0
4, -0
8, -0
4, 0
9, 0
8, 8
4, 4
11, 0.625
4.25, 11.25
4, 8
10, 4
10.625, -0
8, 4
4, -0
4, 4
8, 4
1, 2
10, 11
3.5, 8
4, 8
2, 11
-0, 3.5
11, 8.75
9.75, 8
8, 4
10, 11
4, 8
8, 8
4, 4
8, 4
8, 4
8, 0
9.375, 7
8, 8
4, 4
3.125, 0
11, 9
11.25, 3.75
4, 4
4, 0
1.75, 10
0.6875, 9.125
8, -0
8, 4
4, 4
8.75, 4
4.25, 8
8, 4
4, 4
8, -0
2, 4
11, 0
4, 8
4.5, 0
8, 4
4, 8
4, 0.875
8, 4
4, 0
4, 7
0, 0
3, 4
8, -0
4, 8
4, 8
4, 0.875
9.875, 9
8, 4
4, 8
8, 4
4, 8
8, 4
11.75, 8
4, 4
4, 4
4, 8
5.5, 5.8125
4, 4
9, 8
11, 10.25
4, 4
2.75, 4
3, 0
9, 9
8, 4
8, 4
7, 4
8, 4
4, 4
8, 8
6, 3.875
-0, 4
4, 6
0, 8
8, 1
3.375, 3
8, 0
1, 8
4, 4
3.25, 11.5
4, 4
8, 8
6, 9.25
4, 4
6, 4
4, 10
8, 4
1, 7.5
4, 8
8, 0.5
9, -0
3.5, 3
8, 8
4, 6
5, 7
4, 6
1, 4

4.75, 7
3.125, 11
3, 2
0, 4
4, 4
-0, 8
8, 4
4, 8
-0, -0
3, 8
3.5, 0.5
0, 9.875
5, -0
4, 9
4, 0
5.25, -0
8, 4
-0, 4
4, 4
0, 4
4, 0
0, 0
6.5, 7
9.875, 4.5
9.25, 2
4, 4
-0, 4
4, 4
-0, -0
4, -0
8, 0
3, 0
2, 2.5
-0, -0
10, 10.875
7.25, 8.4375
4, 4
2, 9
6.75, 2
8, 0
8, -0
8, -0
-0, 4
6, 8
9, 4
11.5, 4
-0, 0
5, 10
6.5, 0.5
5.5, 9.75
2.375, 8
0, 4
8, 7
8, 4
8, 4
8, 4
4, 4
0, 8
0, 4
0.125, 6
11, 0
0, 4
5.25, 6
11.5, 2.25
2.75, 8.125
4, 4
4, 4
11, 9.5
10.75, 2.625
8, 8
4, 4
0, 4
1.75, 4
10.25, 4
-0, 8
8, 4
-0, 4
10, 6
0.5, 4
4, 4
11.5, 8
8, 4
0, 4
4, 8.5
4, 4
4, 0
-0, 7.25
0, 4
8, -0
8, -0
-0, 8
-0, 8
8.5, 6.25
9.125, 7
8, 4
-0, 4
4, 0
0, 4
0, 4
10.5, 0
8, -0
0, 4
0, -0
5.5, 0.6875
0, 4
11, 9
7.75, 6.625
4, 4
6.5, 8
11, 2
5, 9
8, 4
0, 0
9.25, 4
4, 0
8, 0
4, 4
8, 8.125
-0, 11
0, 10
8, -0
-0, 0
9.25, 9
8, 8
7.875, 2
4, 4
10.25, 11.5
9, 0
0, -0
7.75, 8
4, 4
4, -0
4, 2.5
4, -0
3, 2.5
4, 4
-0, 1.625
11, 4
-0, 3
4, 8
4, -0
3, 5
8, 2
2, 4

11.5, -0
0.875, 2
2, 11
0, 0
-0, 8
8, 4
8, 8
0, 8
4, 8
1, 2
2.5, 4
4, 0
2, 9.75
8, -0
0, 8
2.625, 7.75
4, 3
-0, -0
8, 8
8, 0
4, 8
11, 4
7.5, 8
8.75, 10.75
9, 8
0, 0
-0, 4
0, 4
8, 4
8, -0
8, 0
9, 4
10, 11
-0, -0
1, 4
3, 0.4375
0, 0
0, 5
8.375, 8
-0, 4
8, -0
4, -0
4, 8
6, 10
1, 11
1.5, 8
-0, 8
2, 5
4.25, 11.25
9, 10.5
3.875, 8
0, -0
8, 11
-0, 8
8, 8
4, 8
4, 8
8, 4
0, 8
0.875, 8
5, 0
8, 4
11.5, 4
6, 0.75
2.875, 9.125
8, 8
4, 4
4.25, 11
4.375, 9
0, 4
0, 8
8, 8
11.5, 8
8.75, 1
-0, 8
0, -0
-0, 8
6, 6
0.5, 0
-0, 8
6, 0
-0, 8
4, 8
0, 6.375
0, 0
4, 0
4, 10.25
0, 4
5.5, -0
0, 8
8, 0
-0, 8
9.5, 8.625
11.5, 7
-0, 4
4, 8
4, 4
0, 0
0, 8
3.25, 8
8, 8
0, 4
8, 8
0.5, 2
0, 4
10, 10
1.75, 11.25
8, -0
2.75, -0
5, 5
2, 3
-0, 0
0, 8
7.75, 8
8, 4
8, 0
0, 8
9, 8
-0, 11
0, 9
2, 8
8, 2
4.625, 11
-0, 4
0.875, 2
8, -0
10.5, 4
8, 0
4, 4
10.75, 5
4, 8
10, -0
6, 6
8, -0
8, 5
-0, -0
8, 4.875
5, 8
-0, 4
0, 8
4, -0
-0, 8
4, 6
4, 1

6, 7
-0, 7
10, 7
0, 0
8, 8
4, 8
8, 0
8, 8
-0, -0
2, 9
2, 11
0, 10.125
5, 4.5
4, 7
8, 8
11, 1
-0, 10
-0, -0
0, -0
4, 0
-0, 4
0, 0
2.5, 11
0.875, 7.625
11.75, 6
0, 0
-0, 4
4, 0
-0, 8
4, 8
-0, 0
8, 8
8, 6
4, 8
1.5, 4.875
11.25, 10.875
0, 4
0, 3
1.5, 8
-0, 0
0, -0
8, -0
-0, 8
10, 11
1, 1
0.75, 8
4, 8
3, 3
11.25, 7
1.5, 2
10.375, 8
4, 8
-0, 10
8, 8
8, 8
0, 0
-0, 8
4, 8
4, 0
0.25, 10
4, 0
8, 4
0.375, 2
9, 8.25
0.375, 8.375
8, 8
8, 8
9.75, 11
0.5, 2.875
4, -0
8, 8
0, 0
0.25, -0
8.25, 1
8, 8
0, 4
4, -0
10, 10
8.25, 0
8, 8
7, 4
8, 8
4, -0
4, 1.625
0, 0
8, 8
4, 2.25
4, 4
10.5, 1
0, 8
8, 4
8, 8
9.5, 5.875
11.375, 3
8, 8
4, 0
0, 4
0, 0
4, 8
8.5, 8
0, 8
4, 4
4, 8
3.25, 11.875
0, 0
10, 8
3.5, 0.5
8, 4
8.75, -0
9, 2
8, 6
-0, 8
4, 8
0.25, 4
0, 8
8, 0
8, 8
6.75, 11.625
-0, 6
0, 2
6, 6.5
8, 0
1.375, 5
4, 0
3.25, 10
8, 4
10, 7
3, 8
8, 8
11, 2
0, 0
9, -0
6, 11.5
8, 8
2, 5
-0, 8
-0, 8.5
7, -0
0.5, 5
8, -0
8, 10
11, 1
8, 4
8, 2

0.25, 6
5.125, 11
1, 6
4, 4
4, 4
8, 0
-0, 0
4, 4
-0, 4
5, 10
5, 3.5
8, 10.25
3, 1.375
8, 9
8, 8
11, 0.25
8, 11
4, 4
0, 8
0, 8
-0, 8
5, 8
10, 7
8, 3.625
1.25, 6
4, 4
4, 0
8, 4
4, -0
4, 4
4, 4
5, 0
2, 7.5
4, 4
11.75, 2.5
0.75, 9.5625
0, 8
6, 2
10.875, 4
4, 4
4, 4
4, 4
-0, 8
1, 2
7, 3
2.5, 8
8, 0
10, 2
10.25, 11
11.5, 9
6.5, -0
4, -0
10, 0
8, 8
4, 4
4, 4
8, 8
8, -0
4, 8
10, 1
6, 4
8, 8
5.75, 6
3, 6
0.25, 3.75
8, 4
4, 4
10.25, 6
10.25, 2.5
0, 8
4, 4
0, 8
8.75, -0
1.5, 3
-0, 8
8, -0
4, 8
4, 6
8.75, 4
-0, 8
5, 0
8, -0
8, -0
4, 2.125
8, 0
4, 8
8, 3.75
8, 8
1, 3
4, 8
4, 8
8, 8
4.5, 7.875
2, 5
4, 0
8, 0
8, 4
4, 4
4, 4
11, 4
0, 4
8, 4
0, 4
10, 4.125
0, 8
11, 11
11, 11.625
8, 8
6.25, -0
5, 6
6, 11
8, 8
8, 8
3, 4
4, 0
4, 0
4, 4
1.25, 4.25
4, -0
0, 8
10, 9
4, 10
8.5, 10
-0, 8
3.875, 2
4, 8
7.75, 6
7, 8
0, 8
2, 0.5
4, 4
10, 8
8, 0.5
8, -0
5, 6
-0, 4
4, 4.125
6.5, 8
-0, 9
4, -0
0, 2
9, 7
-0, 1
11, 4

9.25, 8
4.125, -0
5, 1
4, 0
-0, 8
8, 8
4, 4
4, -0
4, -0
5, 10
3.5, 9.5
8, 1.75
2, 11.75
4, 6
4, 4
2.875, 4.25
4, 10
4, -0
8, 4
0, 8
8, 0
4, 8
5.5, 9
11.25, 5.875
7.25, 0
4, 0
4, 8
4, 0
4, 8
4, 4
4, 4
1, 8
2, 2.5
-0, -0
9.5, 5
9, 4.5625
0, 0
2, 1
4.125, 6
4, 8
4, 4
4, -0
8, 8
3, 2
0.5, 4
2.75, 4
4, 0
7.5, 2
-0, 0
10.5, 4
1.375, 8
4, 8
4, 8
-0, -0
-0, 4
0, 8
-0, -0
8, 8
4, 0
0.625, 10
7, 0
4, 8
7.375, 4
6.5, 8.5
7.25, 7.875
0, 0
-0, 0
6.25, 11
4.875, 4
8, 8
4, 0
0, 8
5.75, 8
10.25, 6
-0, 0
0, 8
4, -0
10, 4
9.5, 8
4, 4
6, 0
-0, -0
0, 8
8, 0.125
4, 0
-0, 8
8, 11.5
0, 4
6, 7
4, -0
8, 0
-0, 0
5.5, 3.875
9.25, 10
8, 4
4, 0
8, 4
4, 0
4, 8
4.5, 4
8, 8
0, 8
8, 8
7.5, 4.4375
0, 8
1, 4
5, 3
8, -0
7.5, 8
5, 5.5
11, 4
8, 4
8, 0
0.5, 4
0, 4
4, 8
0, 8
3.75, 7
-0, 1
4, 6
8, 2
8, 4
9.625, 11
8, 8
10.125, 2
4, -0
5, 0.5
11, 0
4, -0
9.5, 8.25
4, 8
6, 8
8, 3
4, 4
6, 5
4, -0
4, 2.25
1, -0
0.5, 10
0, -0
0, 2
5, 2
8, 3
-0, 3

4.75, 5
1, -0
8, 8
4, 8
8, -0
4, 8
8, 4
0, 8
8, -0
9, 11
8.5, 4.5
0, 4
0, 6
0, 3
8, 8
6.125, 1
4, 1
4, 8
4, 8
4, 8
8, 4
8, 8
8.5, 7
0.5, 5.625
9, 0
8, 8
8, 0
4, 0
4, -0
8, -0
-0, 8
8, 8
10, 11
4, -0
11.5, 3.625
5.5, 2.5625
8, 0
8, 3
10.5, 6
-0, 4
0, 8
4, 4
8, 4
1, 11
5, 3
1.5, -0
8, 4
9, 10
8.5, 5.25
3, 8.25
10.25, 4
8, -0
8, 3
-0, 8
-0, 4
0, 0
4, 8
4, 8
0, 0
4.375, 2
1, 0
8, 4
3, 4
11.5, 0.5
6, 2.25
4, 0
-0, 0
5.75, 4
9.75, 5.625
4, 8
8, 8
4, 8
5.25, 8
3, 6
8, 8
8, 4
-0, -0
6, 10
2.75, 8
-0, -0
10.5, 4
4, -0
0, -0
8, 2.375
8, 0
8, 0
8, 3.25
4, 4
1, 7
0, -0
8, 0
8, 8
2.5, 6.875
3, 6
-0, 0
8, 8
8, 4
4, 8
8, 4
2.25, 8
0, -0
0, 4
4, -0
3.5, 3.125
0, 0
-0, 5
1.5, 6.875
8, 4
6.5, -0
3, 3
8, 5
-0, 0
0, 4
4.5, 0
8, 0
8, 4
8, -0
5.5, 9
10, 3
0, 2
2, 4.5
8, 2
9.375, 8
4, 8
3.25, 6
8, 4
4, 10
10, 4
0, 8
2, 11.75
0, 0
5, 4
10, 1.5
0, -0
1, 2.5
8, -0
4, 0.75
8, 4
3, 9
8, 4
8, -0
7, 9
-0, 5
8, 11

7.25, 6
1.875, 3
10, 6
4, 8
4, -0
4, 0
4, 8
0, 8
-0, -0
8, 4
4, 2
8, 6.5
4, 4.5
8, 9
4, 0
7.125, 2.5
8, 11
4, 8
8, -0
4, 8
4, 4
7, 8
9, 1
11.875, -0
6.25, 0
4, 8
-0, 8
0, 0
-0, -0
4, 8
-0, 8
-0, 4
8, 8
4, 4
7.5, 3.625
6.75, 8.75
4, 4
0, 3
1.75, 2
4, 8
4, 8
-0, 8
4, 4
-0, 11
7.5, 10
0, 4
8, 8
2.5, 8
0.75, 0.5
6, 9.25
8.125, 8
4, 8
6, 7
4, -0
4, 4
0, 0
8, 8
4, -0
4, 4
3, 0
10, 8
8, -0
9.875, 10
11.5, 7.25
3.375, 9.75
0, 4
4, 0
9.25, 7
7.75, 1
4, 8
4, 0
4, 8
8.25, 8
1.25, 10
-0, 0
0, -0
4, 4
6, 4
4, 8
8, 8
5, 0
4, 4
4, 4
4, 5.125
4, 8
4, 0
8, 5.5
8, 4
1, 3
4, 4
8, 8
4, 0
1.5, 4.5
5, 1
-0, 4
8, 0
4, 0
4, 8
8, 8
-0, 8
4, 4
4, -0
4, 8
2, 2
8, 0
9, 0
8.5, 1.75
8, -0
7, 8
10, 2
6, 11
4, 4
4, 0
2, 4
0, 0
8, 8
4, -0
1.75, 2.125
10, 5
4, 3
6, 3
4, 3
2.125, 6
4, 8
3.125, 6
0, 8
10.25, 0
2, 0
4, -0
8.25, 0.75
4, 4
10, -0
0, 6.5
4, 8
5, 3.5
4, 4
-0, 4.75
1, 4
5, 1
8, 4
8, 9
10, 11
8, 8
8, 7

4.5, 7
3.25, 8
4, 9
4, 4
-0, 4
8, 4
4, 0
0, 4
-0, 4
10, 1
3, 1.5
8, 8.375
8, 11.625
8, 2
0, 4
1.75, 1.25
4, 4
8, 8
8, 8
8, 8
8, 4
8, 8
7.5, 1
11.625, 6.375
11.5, 10
0, 0
-0, 4
4, 0
-0, -0
8, 8
-0, 4
9, 0
10, 10.5
-0, 4
11.5, 0.25
8.5, 11.125
4, 0
2, 9
5.875, 6
8, 8
0, -0
8, 4
-0, 4
7, 4
7.5, 9
5.5, -0
-0, 4
3, 2
6.5, 7.5
4, 7
11.625, 8
0, -0
2, 0
8, 4
4, 8
8, 8
4, -0
8, 4
8, 8
7.875, 10
6, 0
4, -0
0.5, 10
11, 10
-0, 4.625
0, 4
-0, 0
9.5, 7.5
10.5, 5.625
0, 4
0, 4
4, 0
6, -0
2.75, 10
8, 0
8, 4
8, 8
4, 0
2, 4
4, 4
5.5, 0
4, 8
8, -0
0, 0.875
0, 4
-0, 4
-0, 8.25
8, 0
10, 4
4, 4
8, 8
4, 4
11, 6.875
4.375, 5
-0, 4
8, 0
4, 4
4, 4
0, 0
9.75, 0
0, -0
8, 4
4, -0
10.25, 1.9375
8, 8
5, 7
9.75, 1.875
-0, 4
5.75, -0
11, 11
1, 11
8, 8
8, 8
10.75, 8
8, 8
-0, 4
0, 4
9.5, 11.875
6, 2
0, 4
6, 1.5
4, 4
9.625, 0
-0, 4
9.625, 2
0, -0
1.75, 11.5
9, 4
0, 4
2.5, 6
4, 0
9, 8
6, 10
8, -0
11, 10
4, -0
8, 5.375
5, 4
11.5, -0
4, 4
4, 1
5, 11
-0, 4
11, 0

6.5, 4
1.875, 7
5, 3
4, 0
4, 8
8, 0
-0, 8
0, -0
8, 4
1, 9
0.5, 10.5
8, 9.375
0, 5.375
4, 11
4, 8
7.375, 6
4, 8
4, -0
8, 8
4, 0
8, 0
9, 0
9.5, 6
11.25, 5
5.75, 0
4, 0
8, 0
4, 4
-0, 8
-0, 4
-0, 8
1, 0
6, 3
8, 8
1.5, 10.625
4, 11.75
4, 8
0, 2
10.875, 4
4, 0
0, 8
4, 8
8, 8
2, 9
0.5, 3
8.25, -0
4, 8
1, 9
3.5, 3
4.5, 2.5
2, 4
8, -0
4, 0
8, 4
-0, 0
4, 0
-0, 4
8, -0
0, 4
4.75, 10
10, 4
4, 8
6.125, 8
3.5, 2.25
8, 0.875
4, 8
4, 4
0, 4
10.125, 4
0, -0
8, 4
4, 0
2, 4
8.25, 6
-0, 8
4, -0
-0, 4
-0, 4
11.25, 4
4, -0
7, 0
-0, 8
0, 8
0, 8.75
0, 4
4, 8
-0, 9
8, 0
9.5, 5
4, -0
-0, 0
-0, 8
9.5, 1.875
6.375, 4
4, 8
-0, 8
4, 0
4, 0
8, 8
10.75, 8
4, -0
4, -0
0, 8
1.5, 2.375
4, 0
7, 9
3, 1.375
4, 8
4.75, -0
4, 1
11, 4
4, 0
0, 8
0.25, 0
4, 8
-0, 8
4, 8
4.75, 1.75
4, 2
8, 11
8, 6
8, 6
6.5, 6
-0, 0
6.875, -0
8, -0
8.5, 5
7, 8
4, 8
0.5, 2.25
8, 0
1, -0
2, 6
4, 8
5, 1.5
8, 8
4, 10.125
7, 8
3.5, 3
4, 8
4, 8
11, 8
8, 4
1, 4

6.5, -0
4.875, 11
3, 7
0, 0
4, -0
8, 4
8, 4
4, 8
-0, 4
-0, 1
9, 9
0, 5.125
8, 2.875
4, 6
8, 0
11.375, 1
-0, 4
-0, -0
8, -0
0, 4
-0, 8
5, 4
10.5, 1
3.375, 5
4.5, 0
0, 4
-0, 4
8, 4
-0, -0
-0, 4
8, 0
3, 4
4, 9
4, 8
3.5, 0.75
8, 7.0625
8, 0
8, 1
10.875, 4
4, 0
8, -0
8, -0
8, 0
2, 10
10.5, 8
10, -0
4, 8
1, 2
3.75, 0
8, 4
7.375, -0
0, 4
3, 1
8, -0
4, 4
0, 4
8, 8
8, 4
8, 0
8.125, 10
7, 8
8, 4
6.625, 4
0, 2.75
8.75, 5
8, 0
8, 8
11.25, 3
8.625, 10.625
8, -0
0, 0
0, 0
8, -0
11.5, 11
-0, 4
8, -0
8, -0
10, 4
11.75, 8
8, -0
2.5, 4
-0, -0
0, 4
0, 7.625
4, 0
4, 8
8, 0.25
4, 0
1, 4
4, -0
-0, 4
-0, 0
3, 8.375
9.125, 9
-0, 0
-0, 4
8, 0
0, 0
8, 0
-0, 0
0, 4
8, 4
0, 8
3.5, 0.6875
0, 0
3, 2
3.25, 8.375
4, 4
6.25, -0
7, 11
0, 0
4, 0
8, 0
7.5, 0
0, 0
8, 0
4, -0
6, 5.875
6, 4
0, 4
2, 11
-0, 9
7.875, 5
8, 0
3.875, 2
8, 8
9.5, 11
9, 4
4, 8
4.75, 4.5
8, 8
5, -0
2, 8.5
8, 4
3, 9
8, -0
-0, 9.25
6.5, 4
6.5, 1
0, -0
0, 10
8, 3
8, 7
8, 0

0.75, 8
3.75, 7
0, 10
0, 0
-0, -0
4, 4
4, 0
8, 4
4, 8
-0, 3
8.5, 7.5
8, 6.5
6, 8.5
0, 1
4, 0
8.25, 10.5
-0, 6
4, -0
4, 4
8, 0
-0, 4
8, 8
9, 2
6.5, 6.75
3.75, 10
0, 0
-0, 0
4, 4
8, 4
4, -0
8, 4
8, 0
4, 3
-0, 4
5.25, 11.75
11.5, 1.375
0, 0
10, 5
9.125, 6
8, 0
8, 4
4, 4
-0, 8
6, 8
3.5, 7
2.5, -0
4, 0
-0, 0
6.5, 10
5.5, 8.25
6.5, 8
0, 4
4, 2
4, 8
8, 4
0, 0
8, -0
4, 4
0, 4
3.625, 0
8, 4
8, -0
1.375, 10
3, 6
3.625, 5.625
4, 0
8, 0
9.5, 11
8.125, 4.875
8, 8
0, 0
0, 0
8.75, 4
7.25, -0
-0, 8
8, -0
-0, 4
4, 2
1.25, 0
-0, -0
0.5, 0
4, -0
4, -0
4, 11.25
8, 0
-0, 0
4, 2.25
0, 0
4, 5
0, -0
-0, 4
4, 0
5.5, 7.5
6.5, 10
-0, 4
4, 0
0, 4
0, 0
8, 4
5.5, 4
4, -0
0, -0
0, 4
3, 5.3125
0, 0
4, 0
11.75, 10.875
8, 8
4.75, -0
7, 6.5
3, 6
-0, 4
8, 4
1.5, 4
8, 8
4, 0
0, -0
2.5, 4.625
4, 8
8, 7
2, 6
8, 9
11.625, 0
8, 8
0.875, 10
8, 4
3, 6
3, 8
4, 8
6.75, 7
8, 4
4, 8
4, 2.5
0, -0
4, 1.5
-0, -0
4, 6.5
2.5, 8
3, 8
8, -0
0, 4
2, 1
4, 6
8, 10

9.25, 8
9.75, 7
11, -0
4, 4
8, 4
8, 4
8, 0
4, 8
-0, -0
9, 0
10, 5
0, 3.375
6, 5.375
0, 6
0, 4
8.75, 10.5
4, 10
4, 4
0, -0
8, 0
-0, 4
3, 4
1.5, 11
3.75, 0.625
3.75, 0
4, 4
4, 8
4, 4
4, 8
8, -0
4, 8
9, 8
6, 2
-0, 4
8.5, 8.125
3.25, 1.1875
8, 0
4, 6
0.75, 4
8, 4
4, 8
4, -0
4, 4
-0, 1
6.5, 6
2.5, 8
-0, 8
-0, 0
4.5, 3
9.5, 3
7, 4
4, 8
-0, 4
8, 8
8, 8
4, 4
-0, 4
8, 4
8, 4
11.5, 2
3, 0
4, 4
3.875, 6
10, 3
1.875, 11.75
0, 8
-0, 8
4.75, 1
11.375, 9.625
0, 4
4, 4
4, 4
6, 4
1, 11
8, 8
0, 4
-0, -0
-0, 0
6.5, 8
4, 4
2, 4
4, 4
4, 4
0, 3.25
0, 8
-0, 8
8, 4
0, 4
-0, 4
0, 8
-0, 4
4, 4
1, 7.875
2.25, 10
4, 8
4, 4
8, 0
4, 4
0, 8
1, 4
4, 4
4, -0
8, 8
9.5, 5.75
4, 4
7, 0
11.25, 6.875
8, -0
10.5, -0
3, 3
11, 6
8, 0
4, 0
7, 0
4, 0
4, 8
8, 4
8.25, 7.875
4, 3
4, 6
8, 7
8, 9
6.375, 6
-0, 4
6.25, 4
8, -0
8.5, 3.5
5, 8
0, 8
0.75, 6.5
4, 4
7, 8
6, 5.5
8, -0
6, 6.5
-0, 4
4, 10.625
7, 8
9, 9
8, 4
8, 1
1, 6
8, 2
4, 0

2, 6
7.75, 4
11, 10
0, 4
4, -0
4, 8
4, 8
0, 8
4, 8
6, 8
5, 6.5
0, 11.25
9, 1.25
0, 1
8, 4
8.875, 0.25
8, 3
-0, 4
0, 4
0, 4
4, 8
0, 8
3, 4
7.375, 10.5
5.25, 0
0, 4
4, 8
4, 0
8, 4
4, -0
-0, 0
9, 8
2, 5
8, 8
5.75, 8
3.75, 6.5
4, 4
0, 2
7.875, 6
8, 0
8, -0
4, 8
4, 8
9, 6
-0, 3
10.75, 4
8, 8
9.5, 0
8.25, 1
3, 7.25
5.375, 8
0, 4
1, 5
8, 4
-0, 8
0, 4
-0, 4
4, 8
4, 4
2.75, 3
7, 4
0, 8
8, 0
7.5, 2.5
4.5, 11.5
0, 8
-0, 0
8, 10
4.625, 11.375
8, -0
4, 8
4, 4
5.5, -0
9.5, 1
4, 0
0, 4
4, 4
6, 4
4.25, 0
4, 8
11, 4
4, 8
4, -0
0, 10.375
8, 0
-0, 0
8, 11.75
0, 0
11, 10
4, -0
-0, 8
4, 8
9.5, 4.125
11.625, 8
-0, 0
-0, 4
0, 8
0, 4
4, 4
2.25, 8
8, -0
4, 8
0, -0
5.5, 9.875
0, 4
1, 3
8.25, 4.5
8, -0
9, 8
11, 6
3, 9
-0, 4
4, 8
6.5, 4
4, 8
4, 0
4, -0
9.5, 1
10, 3
0, 6
2, 6.5
8, 4
11.5, 11
8, 0
9.625, 8
8, -0
7.25, 5
2, 0
4, 8
2.5, 9
0, 8
4, 8
0, 2
4, -0
11, 5
4, 4
4, 10.375
8, -0
1.5, 3
8, -0
0, 7
-0, 6
8, 4
8, 10

3, 3
10.875, 5
9, -0
0, 0
8, 4
4, 4
8, 4
4, -0
-0, -0
3, 6
0.5, 0.5
0, 5.125
5, 8.5
8, 11
0, 0
2.875, 6
4, 10
4, 4
8, 8
0, 8
4, 4
7, 8
4, -0
4, 3.125
11.25, 0
8, 8
8, 4
8, 4
8, -0
-0, 4
8, 4
7, 8
8, 11.5
-0, -0
2.5, 11.25
0.75, 4.5
8, 4
10, 0
9.125, 10
8, 0
8, 4
8, 8
8, 8
11, 8
6, 5
9, 4
-0, 0
4.5, 9
7.75, 0
7.5, 4.5
8, 4
0, 8
3, 3
8, -0
8, 4
0, 0
8, 4
4, 4
0, 0
6.5, 4
0, 4
8, 4
8.625, 10
11, 3
6.25, 10.75
8, 8
-0, 8
6.75, 2.5
1.875, 0.125
0, 8
8, 8
4, 4
5, 8
9, 2
-0, 0
4, -0
-0, -0
10, 10
0.5, 0
8, 8
5, 4
4, 8
0, -0
0, 11.125
8, 4
-0, 0
8, 5.5
4, 4
3, 5
0, 8
4, 0
8, 8
3, 10.25
11.375, 1
-0, 0
-0, 0
8, 4
0, 0
4, 8
1.75, 8
8, 4
8, 8
4, 8
0.25, 8.9375
0, 8
4, 3
6.75, 4.75
8, -0
9.75, 4
8, 4
0, 1
-0, 0
4, 8
10.25, 0
0, 0
-0, 0
8, 4
5.5, 1.125
10, 2
0, 2
2, 2
-0, 4
8.75, 0
-0, 8
6, -0
8, 4
7, 3
5, 8
8, 8
11.5, 8.5
8, 4
10, 8
10, 1
8, 4
10, 9
-0, -0
8, 1.75
10, 8
-0, -0
8, 4
0, 6
1, 1
8, 5
6, 5

5.25, 1
0.5, 9
4, 5
8, 8
-0, -0
8, 0
4, 8
8, 8
8, 4
3, 7
1, 5
8, 10.375
11, 5.375
4, 10
0, 0
4, 7.5
8, 10
-0, 4
8, 8
8, 8
8, 0
4, 8
1.5, 9
5.5, 7.875
8.25, 4
8, 8
-0, 8
4, 0
4, 8
8, 8
8, 0
7, 8
6, 5.5
8, 8
5.75, 7.75
4.75, 3.3125
0, 8
0, 10
1.875, 4
8, 8
8, -0
8, -0
8, 8
8, 3
0.5, 2
11.25, 4
8, 8
8, 2
3, 5.5
11.5, 0.5
2.125, -0
8, 8
1, 7
4, 8
4, 4
8, 8
8, 8
8, -0
4, 8
9.875, 9
8, 4
4, 4
9.75, 2
0.5, 4
4, 7.375
8, 8
8, 8
9.5, 8
10.5, 7.875
8, 8
0, 4
0, 4
0, 4
9.5, 11
4, 8
8, 4
4, 8
10, 2
11.5, 0
-0, 4
8.5, 0
-0, 4
4, 8
4, 9.875
8, 4
8, 8
8, 3
0, 0
1, 9
4, 8
-0, 0
-0, 4
0.5, 8.5
7.5, 10
8, 8
-0, 8
4, 4
8, 8
4, 8
10, 8
8, -0
4, 4
4, 8
3.5, 11.8125
8, 8
8, 8
8.75, 8.25
4, 8
8.5, -0
11, 0
2, 7
-0, 8
0, 8
11.5, 8
4, 8
-0, 0
0, -0
11, 8.875
10, 2
8, 6
6, 3.5
8, 4
10.75, 3
8, 8
7.625, -0
4, 8
10.5, 2
7, 4
8, 8
8.5, 10.5
4, 4
10, -0
2, 4
4, -0
1, 0
8, 8
4, 0.25
0.5, -0
6.5, 5
8, 8
0, 4
4, 6
-0, 0
11, 7

7.25, 1
10.625, 7
1, 5
0, 8
-0, -0
8, 4
8, 0
8, 8
4, 4
8, 5
10, 1
4, 0.5
9, 5.125
0, 1
0, 4
8.5, 0.5
8, 6
8, 8
8, 8
8, 8
8, 0
10, 0
8, 7
7.625, 1.25
11.5, 4
8, 0
8, 8
4, 8
-0, -0
-0, 8
8, 8
2, 8
10, 6
4, 8
11.5, 11.25
4.5, 2.5625
8, 8
2, 0
10.25, 4
4, 0
4, 4
4, 8
4, 8
11, 3
3.5, 3
5.75, 8
-0, 0
4, 8
9.75, 4
7, 5.25
9, 8
8, -0
7, 7
4, -0
4, 4
8, 8
8, 8
8, 4
8, 8
6.75, 7
6, 8
8, -0
8.75, 6
11, 10
2.125, 3.375
0, 0
-0, 0
8.5, 7.5
11.375, 9.375
8, 8
4, 0
8, 8
4.25, 8
5.5, 1
4, 0
4, 4
4, -0
2, 2
3.75, 0
4, -0
3.5, 4
8, -0
0, 8
8, 2.125
8, 8
8, 0
4, 4.25
8, 8
4, 9
8, -0
4, 0
4, 0
6.5, 10.375
7.75, 6
-0, 8
-0, 8
0, 0
0, 8
0, 0
8.25, 8
8, -0
4, -0
8, 4
3.5, 10.9375
0, 8
1, 11
5.5, 4
8, 4
0.25, 8
6, 1
7, 8
8, 8
0, 4
9.75, 0
4, 4
-0, 4
0, -0
5, 3.625
2, 10
8, 4
10, 5.5
8, 5
4.875, 1
8, 8
2, 4
8, 4
6.5, 2.5
7, 0
8, 8
4.5, 3.5
8, 8
8, 8
6, 9
4, -0
11, 3
4, 4
8, 4.5
4.5, -0
7, 4
8, -0
8, 9
6, 1
8, 6
9, 0

3.75, 11
0.875, 7
7, 11
8, 8
-0, 8
-0, 8
-0, 8
0, 8
8, 4
5, 6
6, 10
8, 6.5
10, 7.125
8, 7
4, 8
3.625, 8.5
4, 5
8, 8
4, 4
8, 8
4, 4
10, 4
10.5, 7
6, 7.25
8.5, 4
8, 8
8, 0
4, 8
8, -0
8, 8
-0, 8
10, 0
10, 9
-0, 8
6.5, -0
5.5, 10.75
8, 8
0, 0
11, -0
8, 8
0, 8
4, 4
-0, 4
7, 10
3, 2
4.75, -0
-0, 8
6, 8
9.75, 3.75
1.5, 4.75
11.25, 4
8, 8
1, 11
8, 4
-0, 0
8, 8
4, -0
0, 8
8, 4
6.875, 9
2, 0
8, 4
0.625, 2
9.5, 4.25
7, 10.5
8, 8
-0, 8
1.5, 6.5
11.5, 2.625
0, 4
8, 4
8, 8
7.25, 4
11.25, 9
4, 8
0, 4
8, 4
6, 6
1.75, 4
8, 4
7.5, 4
4, 8
4, 4
8, 11.625
8, 0
-0, 8
4, 6.5
8, 8
0.5, -0
4, 8
4, 0
8, 4
2, 7.375
10.5, 1
-0, 4
4, 4
4, 4
8, 8
0, 8
1.75, 0
8, 4
4, 8
0, 4
2.5, 11.875
8, 8
1, 9
10.75, 11.5
4, 4
6, 8
4, 2.5
5, 9
4, 4
8, 8
1.25, 0
8, 8
-0, 8
0, 8
4, 3.75
10, 10
0, 8
10, 9.5
8, 1
8.25, 0
-0, 4
4.5, 8
0, 8
4.75, 1
1, 8
4, 4
10, 1.5
0, 0
2, 8
8, 5.5
8, 4
11, 11.5
4, -0
8, 9.625
9.5, -0
5.5, 1
0, 4
4, 5
1, 9
8, 8
6, 3

9.5, 10
1.25, 9
8, 4
4, 8
-0, 8
8, 0
8, 4
8, 8
4, -0
1, 11
11, 8
8, 7.25
8, 11.25
0, 9
8, 8
0.125, 5
8, 4
4, 8
4, 8
8, 0
4, 8
4, 4
2, 8
2.5, 6.75
0.75, 4
4, 8
8, 0
0, 8
4, 4
4, 8
8, 0
10, 4
-0, 2
8, -0
6, 3.5
11.5, 0.3125
8, 4
10, 11
2.125, 4
8, 0
8, -0
-0, 8
-0, 8
6, 6
9.5, 11
6.75, -0
-0, 8
5, 10
10, 7
8, 4
10.125, 4
4, 8
2, 3
4, 8
8, 8
8, 4
-0, -0
8, -0
4, 8
9.75, 11
7, 0
8, 8
7.5, 0
6, 6.5
3.25, 7.625
0, 4
-0, 8
9.75, 11
0.375, 8.875
4, -0
4, 8
8, 0
2.25, 8
7, 10
8, 4
4, 4
4, 8
-0, 8
2, 4
4, 8
7.5, 8
8, 8
8, -0
4, 6.75
0, 4
8, 4
4, 7.25
4, 0
8, 4
0, -0
8, 0
8, 8
10, 10.75
3.75, -0
4, 4
8, 0
4, 0
4, 8
8, 8
4.25, 4
8, 4
8, 4
0, 4
5.5, 9.6875
4, 8
10, 6
5.75, 3.625
8, 8
-0, 8
9, 11
0, 10
8, 4
4, 4
7.75, 0
4, 8
-0, 0
0, 8
7, 11.75
2, 3
0, 1
10, 10
-0, 10
1, 1
4, 0
3.625, 8
0, 4
4.75, 1.5
-0, 0
0, -0
3.75, 11.5
8, 0
7, -0
2, 6
0, 4
2, 9
8, 4
4, 6.125
0.5, 8
1, 5
8, -0
0, 7
7, 9
4, 5
8, 6

1, 2
11.375, 9
0, -0
4, 8
4, 8
-0, 8
-0, 8
0, 8
8, 8
6, 4
7, 8.5
0, 4.375
11, 1.875
8, 8
4, 8
7.25, 2.75
8, 9
8, -0
4, 8
4, 8
-0, 0
10, 8
6.5, 5
11.375, 1.625
2, 4
4, 8
4, 8
4, 0
4, 8
4, 8
-0, 8
5, 4
6, 9
-0, -0
5.25, 10.5
3.75, 10.1875
8, 4
0, 5
7.5, -0
4, 8
0, 8
4, -0
4, 8
-0, -0
3, 3
11, 8
8, 0
0.5, 5
7.5, 3.75
5.5, 2
10.625, 4
4, 8
4, 9
4, 8
-0, 8
4, 8
-0, 8
0, 8
0, 0
1.25, 3
1, 8
8, 8
1.625, 2
2, 5
5.5, 7.25
8, 0
-0, 8
0.25, 4.5
2.125, 8.875
0, 8
0, 0
4, 8
11, 4
6.75, 6
-0, 0
4, 8
-0, -0
6, 4
7.5, 8
-0, -0
0, 0
4, 8
8, -0
8, 0.875
8, 8
-0, 0
8, 1.75
0, 0
8, 10
0, -0
-0, 8
8, 0
3.5, 6.125
10.125, -0
-0, 8
4, 8
8, 8
4, 8
4, 8
1.75, 8
0, 8
0, 8
4, 8
4.75, 10.4375
4, 8
4, 1
4, 6.75
8, -0
6.75, -0
3, 3.5
1, 4
4, 8
4, 8
2, 8
8, 0
8, 8
4, 8
4.75, 3.75
2, 11
0, 11
6, 2
-0, 4
6.875, 11
-0, 8
3.25, 4
0, 8
5, 7.5
6, 8
4, 8
10.75, 8.25
8, 0
1, 8
0, 1
0, 8
3, 6
8, 4
-0, 10.75
10, 8
9, 3
0, 8
8, 7
5, 1
8, 2
-0, 3

0.5, 4
10.75, 11
5, -0
0, 4
8, 4
8, 8
-0, 4
0, 4
4, 4
7, 3
9.5, 11.5
4, 9.25
7, 2.125
0, 11
8, 8
11.75, 6.25
-0, 6
-0, 4
4, -0
0, 4
-0, 4
0, 4
9, 3
1, 7.125
7.75, 8
0, 8
4, 8
8, 4
-0, 8
4, 8
8, 4
10, 8
8, 0
4, -0
3.25, 10.5
5.75, 4.3125
4, 8
0, 11
3.625, 4
8, 4
8, 4
-0, 8
-0, 4
8, 7
7, 11
1.5, -0
-0, 0
6.5, 9
8.5, 6.25
1, 11.5
5.125, -0
0, 4
5, 4
4, 4
-0, 4
0, 4
8, 4
8, 8
4, 8
11.5, 3
9, 8
0, 8
3.25, 2
8, 7
4.875, 5.625
0, 8
4, 4
9.5, 7
7.75, 11.875
0, 8
4, 4
0, 4
0.25, 8
6.5, 6
-0, 4
8, -0
4, 8
10, 8
9, 4
4, 4
11.5, 8
-0, -0
8, -0
8, 1.875
8, 8
8, 4
4, 2.5
8, 0
5, 7
0, 4
-0, 8
-0, 4
3, 0.375
11.625, 10
-0, 4
8, 0
4, 0
0, 4
0, 8
0.25, 4
0, 8
8, 4
0, -0
2.75, 9.5
4, 8
8, 7
3.5, 5.625
-0, -0
6.25, -0
2, 2
1, 5
4, 0
8, 8
7.25, 8
4, 4
8, 8
8, 4
9.25, 1
-0, 5
8, 4
10, 4
8, 4
4.25, 2
-0, 8
3.875, 8
0, 4
0, 0.5
11, 4
0, 8
6, 0.5
0, 0
7, 8
2, 4
0, 8
11, 1.5
4, 8
4, 11.25
6, -0
11, 1
8, 4
0, 10
10, 11
4, 0
2, 8

3.25, 3
9.5, 1
0, 3
8, 0
-0, 8
8, 8
8, 0
0, -0
4, -0
1, 4
1, 1
8, 3.875
2, 2.625
8, 5
4, 0
11.25, 5.25
4, 4
8, -0
0, -0
8, 0
8, 0
7, 0
8, 4
9.5, 5.75
5.25, 10
8, 0
8, 4
4, 0
8, 4
-0, 4
4, 8
11, 0
4, 9
8, 4
11.5, 10.25
11, 9.875
8, 8
6, 7
7.875, 10
8, 8
4, 4
4, 8
4, 8
11, 6
8.5, 0
10.75, -0
4, 0
-0, 4
1.25, 10.25
4, 7.5
5.375, 4
8, -0
7, 9
8, -0
-0, 8
8, 0
8, -0
8, 8
0, 0
2.875, 0
11, 0
0, 4
9.875, 4
1, 2.5
9.5, 4.125
8, 4
-0, 0
9, 3.5
9.125, 9.125
0, 4
4, 0
8, 0
9.5, 4
7.75, 4
4, 0
4, 4
-0, -0
2, 4
2.5, 8
4, -0
7, 0
8, -0
4, -0
4, 5.875
8, 0
8, 0
8, 2.75
4, 0
3, 5
8, 8
8, 8
4, 0
8, 7.125
7.25, 11
8, 8
8, 0
4, 0
8, 0
8, 8
9.5, 4
8, -0
0, 4
8, -0
6.5, 0.5625
8, 0
6, 7
4.75, 3.75
4, 8
10.5, -0
11, 0
3, 3
-0, 0
8, 0
0.25, 8
8, 8
4, 4
0, 8
7, 4.75
8, -0
8, 2
2, 6.5
-0, 7
11.25, 3
-0, 4
11.375, -0
8, 8
8, 7
4, 4
0, 8
5, 4
4, 4
2, -0
8, 1
4, -0
10, 6.5
8, -0
4, 2.25
11, -0
-0, 8
4, 4
4, 11
9, 1
4, 1
3, 9

11.5, 10
5.125, 7
0, 11
0, 8
4, -0
4, 0
-0, 8
8, -0
-0, 4
9, 1
11, 7
8, 3.625
1, 5.375
8, 10
8, 0
5.875, 2.75
8, 1
-0, 8
4, -0
0, 8
-0, 0
5, 8
8, 8
11.875, 3.125
4.75, 4
0, 8
8, 4
0, 0
4, 8
8, 4
-0, 4
1, 8
4, 4
-0, 8
7.5, 8.75
5.25, 9.0625
0, 8
0, 6
7.875, 8
-0, 4
0, 4
4, 4
-0, 8
4, 8
1.5, 3
5.25, 4
-0, 8
10, 3
6.5, 10.5
6, 10.25
5.375, -0
8, 4
3, 0
4, -0
-0, 4
0, 8
-0, 8
4, -0
4, 4
3.5, 5
6, 4
0, 8
9.75, 10
5.5, 7.25
11.125, 6.625
0, 8
8, 4
2, 0.5
4.75, 6.25
4, 4
8, 4
0, 8
7.5, -0
1.25, 11
8, 4
4, 4
4, -0
10, 6
9.75, 0
8, 4
5.5, 4
8, 4
4, -0
8, 3
4, 0
8, 4
4, 5.75
8, 4
5.5, -0
4, 4
8, 4
8, 4
2.5, 1.875
9, 5
-0, 8
4, 8
4, 8
0, 8
4, 8
9.25, 8
8, 4
8, 4
8, -0
1.25, 5.875
0, 8
2, 7
4, 1.875
4, 4
7.75, -0
5, 5
9, 9
-0, 4
4, 0
3.75, 8
0, 4
8, 4
4, -0
7, 0.625
10, 4
0, 7
10, 9.5
8, 2
3, 6
4, 4
11.375, 10
0, 4
11.25, 1
1, 0
4, 8
5.25, 7.75
0, 8
5, 4
6, 11.5
0, 8
10, 11.5
-0, 8
4, 10.375
9, 8
8, 4
0, 4
4, 2
5, -0
4, 7
1, 9

0.25, 6
5.5, 9
4, 1
0, 4
-0, 4
-0, 8
-0, 0
0, -0
-0, -0
3, 1
9.5, 5.5
0, 1.25
4, 5.125
4, 3
0, 4
11.875, 7.5
4, 8
4, 8
0, -0
4, 8
4, 8
1, 8
1, 11
6.75, 11.125
11.5, 10
8, 0
8, 4
0, 0
-0, 4
4, -0
8, 8
11, 0
10, 5.5
8, -0
2.75, 9.25
8.5, 0.8125
4, 0
4, 4
1.625, 10
8, 4
4, -0
8, 8
4, 4
6, 11
8.5, 6
9.5, 8
8, 0
6, 2
7, 2.25
1.5, 11
4.625, 8
8, 4
9, 4
-0, 4
4, 4
8, 0
8, -0
0, 8
8, 0
9.25, 0
0, 0
4, 8
1.625, 2
6, 5.5
3.375, 6.75
4, 0
-0, 4
4.5, 7
2, 0.25
4, 4
0, 8
4, 8
6, 4
8.25, 11
-0, 8
0, 4
8, -0
10, 4
7, 8
-0, 8
9, 4
4, 4
4, 8
0, 1
4, 4
-0, 4
-0, 6.5
4, 0
1.5, 8
8, 8
-0, 0
-0, 4
3, 1.125
3.125, -0
-0, 4
4, 8
4, 4
0, 4
0, 4
10, 8
4, 8
4, -0
4, 4
10.5, 4.625
8, 0
8, 4
9.5, 8.625
4, 4
6.5, -0
7, 2
3, 9
-0, 4
4, 4
3.75, 4
0, 0
4, 4
0, 4
6.75, 1
10, 4
4, 3
4, 0.5
4, 10
3.25, 9
4, 4
7.375, 4
0, -0
9.25, 3
8, 8
0, 4
8.25, 6.5
4, 8
3, 8
10, 4
8, 4
11, 7.5
-0, 4
8, 3.625
7, -0
5, 2
0, 8
8, 11
7, 3
8, 10
7, 6

9.75, 2
10.75, 11
0, 8
8, 4
4, 8
8, 4
8, 8
8, -0
4, -0
11, 8
4.5, 1.5
0, 8.125
3, 5.875
4, 3
8, 8
3.625, 1
8, 1
8, 4
4, -0
8, 4
4, 8
4, 0
5.5, -0
6.875, 7.75
10, 4
8, 8
8, 4
4, 8
4, 4
4, 8
4, 4
5, 4
6, 0.5
4, 4
8.75, 1.5
2, 4.8125
4, 8
10, 0
5.25, 8
4, 0
0, 4
4, 4
4, 0
2, 2
11.5, 9
8.75, 8
-0, 4
-0, 5
0.25, 4
6.5, 10
7.875, -0
8, 4
2, 10
4, -0
4, 0
8, 8
4, 8
8, 4
4, 8
10.375, 11
5, 8
0, -0
8.5, 6
6.5, 10.75
9.25, 7.25
4, 4
8, 8
2, 6
8.875, 5.125
8, 8
8, 8
8, 4
9.5, 4
7.5, 6
4, 4
4, 4
8, -0
10, 0
11.5, 8
8, 8
9, 0
-0, 8
8, 4
0, 0.625
4, 4
4, 0
4, 8
4, 8
0.5, -0
8, 4
8, 8
8, 0
4.5, 8.25
2.25, 1
-0, 0
-0, 8
4, 8
8, 4
4, 0
10.25, 0
0, -0
8, 8
8, 4
11, 5
8, 8
9, 11
7.5, 0.625
-0, -0
8.5, -0
-0, 4.5
4, 9
4, 8
4, 4
10.75, 4
0, 0
4, 8
4, 8
7.75, 2.125
10, 6
8, 5
4, 5
4, 11
11.625, 5
8, 8
5.625, 6
0, 4
2.75, 1
2, 4
8, 8
11.25, 9.5
0, 4
10, -0
6, 7
0, 4
9, 8.5
4, 8
-0, 6.5
7, 8
3, 3
8, -0
0, 6
-0, 7
4, 3
4, 10

6.75, 9
2.625, 9
11, -0
8, 0
8, 8
4, 0
-0, 4
4, 4
8, -0
3, 10
2.5, 1
8, 9.375
3, 3.625
8, 8
0, 4
2.25, 10.5
4, 7
8, -0
8, 4
8, 4
-0, 8
1, 4
2, 8
10.375, 0.125
8.25, 0
8, 0
8, 8
8, 8
-0, -0
8, 8
4, 0
6, 0
2, 5.5
4, 4
1.75, 6.5
4.5, 11.3125
0, 8
8, 7
7.375, 6
-0, 4
0, 4
8, 4
4, 8
11, 2
-0, 4
1.25, 4
4, 4
6, 4
0.25, 10.5
5.5, 2
0.5, 4
8, 8
6, 1
4, -0
-0, 4
8, 0
8, 8
4, -0
4, 0
7.625, 4
11, 8
4, 8
11.375, 2
10, 1.75
1.625, 8.75
0, 4
8, 8
1, 6.5
0.875, 6.125
0, 4
8, 4
8, 0
4.75, 4
1, 10
4, 0
8, -0
8, -0
-0, 0
4, 0
8, 4
5, 4
8, 4
8, 8
8, 1.625
4, 8
4, 0
8, 6.5
8, 8
4.5, 10
0, 4
4, 4
-0, 8
2, 3.375
4.75, -0
4, 0
-0, 0
0, 4
8, 0
4, 0
5, 4
8, 4
4, 4
4, 8
7, 7.625
8, 0
9, 2
2.25, 3
8, -0
0.25, -0
3, 4.5
0, 7
8, 4
8, 4
1.75, 4
8, 4
8, 0
8, 8
1.5, 6.25
8, 2
0, 2
0, -0
4, 9
0.125, 3
-0, 4
11, -0
8, -0
8.5, 7
3, 4
8, 4
7.25, 0.5
4, 8
4, -0
0, 10.5
4, -0
6, 7
-0, 8
4, 2.5
10.5, 8
2, 6
4, 4
0, -0
7, 11
4, 4
9, 0

8.75, 2
5.25, 6
4, 11
4, 0
8, 4
-0, 4
-0, 4
4, 4
8, 8
1, 5
9.5, 8
4, 2.375
5, 6
8, 1
0, 8
10, 5.75
-0, 0
4, -0
4, -0
4, 0
-0, 4
10, 0
8.5, 4
10.875, 11.25
1.25, 4
4, 0
4, 0
8, 0
4, -0
4, -0
4, 4
3, 0
10, 8.5
-0, 4
3.75, 6.625
-0, 9.625
8, 0
2, 2
1, 10
8, 4
4, 4
-0, 4
4, 8
1, 1
3.5, 10
9.75, -0
4, 4
4, 10
11, 8
1.5, 9.25
0.875, 4
4, -0
5, 4
4, 4
8, 8
4, 0
-0, 4
0, 4
0, 4
6.625, 3
4, 8
4, 8
0.625, 6
1.5, 5.5
0.375, 3.875
0, 4
-0, 4
4.5, 2
1.125, 9.5
0, 4
0, 4
4, 0
2.5, 4
8.75, 5
-0, 8
8, -0
-0, 4
8, 0
10.75, 8
-0, 4
3, 8
4, 4
0, 4
8, 9.25
0, 4
8, 4
8, 5
8, 0
8.5, 4
8, -0
-0, 4
-0, 8
1.5, 1.25
7.625, 6
4, 4
4, 0
8, 8
4, 0
0, 4
10.25, 8
0, 4
0, 4
8, 4
1.25, 2.875
4, 0
8, 6
9.75, 6.25
-0, 4
11.25, 4
-0, 4
9, 7
-0, 4
0, 4
4, 4
4, 0
8, 8
8, 4
2.25, 1.125
6, 8
0, 4
10, 8
-0, 1
2.625, 9
-0, 4
3.375, 10
8, -0
5.5, 1.5
11, 8
0, 4
5.5, 4.5
0, 4
10, 8
8, 1
0, 4
3, 9
8, -0
4, 10.125
9, 4
4.5, 2
0, 4
8, 4
9, 3
8, 9
7, 8

6.75, -0
1.125, 6
9, 1
0, 4
4, -0
4, 0
4, 0
8, 8
-0, 8
10, 10
9, 7.5
4, 4
0, 0.25
0, 11
4, 8
6.875, 7.25
4, 4
-0, -0
4, -0
0, 0
-0, 4
6, 8
0, 8
10.625, 3.75
8.25, 8
0, 0
4, 0
4, 0
-0, -0
-0, 4
4, 0
6, 0
-0, 1
8, 8
8.5, 8
9.5, 5.0625
4, 4
4, 0
2.5, 6
8, 4
4, 8
-0, 4
-0, 0
2, 10
4.5, 8
4.5, 4
-0, 0
4, 0
10.25, 11.5
6.5, 3.25
2.625, 4
0, -0
5, 9
4, 8
4, 0
0, 0
4, 4
4, -0
0, 0
8.125, 0
9, 0
4, 8
1.375, 0
9, 8.25
8.25, 7.125
8, 8
4, 4
5.5, 8.5
8.75, 9.75
4, -0
4, 8
0, 0
8, 4
8.25, 4
4, 0
0, 4
4, 8
-0, 2
8, 0
4, 8
0, 4
4, 8
0, -0
4, 2.5
4, 4
4, 0
4, 9.5
8, 0
7, 3
8, 4
-0, 8
4, 8
3.5, 6
6, 6
-0, 0
-0, 0
8, 4
0, 4
0, 0
11.5, 8
0, -0
4, -0
0, 4
2.5, 5.75
0, 4
6, 6
10.75, 3.75
4, 4
7.25, 8
2, 6
0, 5
-0, 0
4, 8
6.5, 4
8, 4
4, 0
4, -0
10, 8.375
2, -0
4, 8
6, 3
-0, 2
8.125, 5
4, 0
5.375, 6
4, 4
7.5, 5
4, 0
0, -0
5.75, 11
4, 4
8, -0
0, 11
8, -0
4, 1.5
4, 4
4, 0.125
8, 8
6, 11
4, 4
4, 4
6, 1
4, 4
8, 5

4.5, 6
10.125, 6
0, 3
4, 0
8, 4
4, 0
-0, 0
0, -0
4, -0
-0, 10
1.5, 3
0, 7.875
5, 0.75
8, 7
8, 4
10.5, 3
8, 9
4, -0
0, 8
4, 0
-0, 8
11, 8
9, 10
5.75, 11.625
9.5, 2
8, 4
-0, 0
0, 4
-0, -0
-0, 8
-0, 8
9, 0
-0, 10.5
-0, -0
5.5, 10
0.25, 8.5625
4, 0
6, 5
5.75, 6
4, 0
0, 4
8, 4
4, 0
8, 3
4, 8
7.5, 8
-0, 0
8, 8
4.75, 4.25
5, 0.5
4.5, 4
8, 4
9, 2
8, 4
4, 0
4, 0
-0, -0
4, -0
8, 4
6.375, 2
10, 8
8, 4
2.5, 8
1.5, 11.75
8.75, 0.5
0, 0
8, 4
9, 9.5
1.125, 11.875
4, 8
8, 4
8, 4
11, -0
8.25, 8
8, 4
4, -0
8, 4
8, 10
1.75, 8
8, 4
5, 4
8, 4
0, -0
0, 9.75
8, 4
8, 0
4, 2.75
0, 0
5, 7
4, 4
8, 0
8, 4
1.5, 9.75
6.75, 6
-0, 0
-0, 0
8, 4
4, 0
4, 4
0.25, 0
0, 4
0, 8
0, 8
1, 3.1875
4, 0
1, 7
5, 9.5
8, 8
4.25, -0
11, 3
7, 11
8, 4
8, 4
1.75, 0
4, 0
8, 4
8, 4
3.75, 11.875
2, -0
8, 4
4, 5.5
8, 9
10.625, 3
4, 8
3.5, 10
8, 8
10.75, 4.5
6, 8
8, 4
9.75, 8.5
8, 8
0, -0
2, 2
0, 8
4, 3
8, 4
4, 8.125
4.5, 4
6.5, 5
8, 4
0, 11
3, 4
8, 0
11, 11

8.75, 3
10, 3
11, 3
0, 8
8, 8
4, 8
8, 0
8, 8
8, -0
6, 8
1, 8
0, 5.375
7, 7
0, 4
0, 8
9.125, 7.5
4, 10
-0, 8
0, 8
0, 8
-0, 8
0, 0
5.5, -0
7.375, 5
6.5, 4
0, 8
-0, 8
4, 0
4, -0
-0, 8
-0, 8
-0, 0
2, 8.5
4, 4
1.75, 1.25
1.25, 3.0625
8, 4
4, 1
0.125, 10
-0, 8
0, 8
-0, 8
8, 0
3, -0
8, 6
9.75, 8
4, 4
6, 2
5.25, 6.5
11.5, 2.5
0.875, -0
0, 8
2, 8
-0, 8
-0, 8
0, 8
-0, 4
4, 8
4, 8
5.75, 5
10, 8
4, -0
4.5, 10
9, 1.5
3.25, 5.5
4, 4
8, 8
10.5, -0
9.25, 2.625
0, 8
0, 4
0, 8
5.75, 4
7.25, 5
4, 8
4, 4
4, 8
6, 10
8.5, 8
-0, 4
6.5, 0
-0, 8
4, -0
0, 4.75
8, 8
8, 8
4, 3.25
4, 8
8, 5
4, -0
4, 4
8, 0
2, 8.75
5.5, 7
-0, 8
4, 0
8, 8
0, 8
0, 8
11.75, 8
0, 8
0, 8
8, 8
7.75, 6.875
0, 8
9, 4
10.25, 8.75
-0, 4
11.75, 4
9, 7
6, 2
-0, 8
0, 4
5.75, 8
8, 0
4, 4
8, 8
11, 8.25
2, 11
8, 11
0, 10
-0, 6
3.5, 11
-0, 8
10.5, 4
0, 4
3.5, 2.5
6, 8
0, 8
4.25, 11
4, 0
9, -0
8, 5
0, 8
7, 5
-0, 8
4, 6
3, 4
2, 4
8, 4
8, 4
6, -0
8, 9
2, 1

4.25, 10
11.25, 4
6, -0
8, 4
4, 4
4, 0
-0, 0
4, 4
8, 8
5, 10
7, 5
4, 1.125
3, 0.125
4, 4
4, 4
9, 5.5
4, 9
8, 8
0, -0
8, 4
-0, 0
7, 8
11, 10
1.25, 5.625
1.5, 10
8, 4
4, 0
4, 4
4, 4
4, -0
8, 8
7, 4
-0, 3
-0, 8
7.25, 11.125
1.5, 3.9375
0, 0
2, 2
0.125, -0
4, 8
4, -0
4, -0
4, 0
8, 11
10.5, 3
0, 4
-0, 8
2.5, 0
1.25, 1.5
11.5, 2.25
11.5, 4
4, -0
6, 10
4, 4
8, 4
8, 4
4, 8
4, -0
4, 8
9.875, 8
9, 4
8, -0
4.625, 0
0, 4.25
10.25, 8
4, 8
4, 4
1.5, 4.5
4.125, 7.5
0, -0
4, 4
8, 4
4.75, 4
5.5, -0
-0, 8
4, 4
4, -0
-0, 4
7.5, 8
4, 4
1, 4
4, 4
0, -0
0, 4.25
0, 8
8, 0
4, 4.25
4, 0
9, 1
4, 4
-0, 8
-0, 8
4, 4.5
0.125, 11
8, 0
4, 8
4, 4
8, 4
4, 4
7, 0
8, 4
4, -0
4, 8
2.25, 5.125
8, 4
4, 0
10.5, 5.125
8, 8
4.25, 4
-0, 4
9, 4
4, 0
4, 4
1.75, 8
4, 8
8, 0
4, 4
3.25, 11
10, 11
4, 6
6, 4.5
-0, 5
7.25, 1
-0, 0
10.125, 2
8, 8
10.75, 2.5
4, 0
8, 8
8.75, 6
4, 4
6, 4
6, 7
0, 8
9, 11.5
-0, -0
4, 3.875
4.5, -0
1, 7
4, 4
8, 4
8, -0
8, 1
8, 4

8, 8
11.5, 2
7, -0
0, 4
4, -0
-0, 0
-0, 4
0, -0
8, 4
5, 5
6, 6.5
4, 1.625
2, 0.625
8, 11
4, 0
10.125, 8
4, 1
-0, -0
0, 4
0, 0
-0, 8
5, 8
8, 8
2.875, 3.375
7.5, 10
8, 0
8, 0
4, 0
8, 8
8, -0
-0, 0
9, 8
4, 9
4, -0
4.25, 7.25
6.75, 8.8125
8, 0
6, 10
2.375, 8
8, 0
0, -0
4, 4
-0, 4
6, 2
9, 6
3, 8
4, 0
1, 6
10.5, 3.25
9, 7
2.5, 4
0, -0
6, 8
8, -0
-0, 0
8, 0
-0, -0
0, -0
8, 8
11.625, 9
11, 8
0, -0
7.5, 10
2, 4
0.5, 7.75
4, 0
-0, 4
2, -0
9.375, 5.875
8, 8
0, 4
0, 0
4.75, 4
4.5, 8
-0, 4
0, 4
-0, 4
2, 4
3.5, 4
-0, 4
0, 0
-0, 4
0, 4
8, 7.125
8, 8
8, 4
4, 10.5
8, 4
6, 3
8, 8
-0, 4
-0, 4
5.5, 2.5
6.5, 9
8, 0
4, 4
0, 4
0, 4
0, 4
4, 4
4, -0
0, -0
8, -0
8.25, 9.5
0, 0
4, 7
0, 1.25
-0, -0
5, 4
7, 3
5, 6
-0, 4
0, 4
10.5, 8
8, 0
8, 0
4, -0
11.25, 1.75
8, 6
4, 4
10, 10
8, 5
2, 9
8, 8
11, -0
8, 8
3.25, 6.5
1, 8
0, 4
5.25, 6.5
0, 0
3, -0
8, 9
0, 4
6, 3
8, 8
4, 7.125
11, -0
5, -0
4, -0
0, -0
8, 5
8, 3
8, 7

5.25, 6
1.75, 10
9, 8
8, 8
8, 4
-0, 0
-0, 4
0, -0
4, 8
2, 10
1.5, 5
0, 1.125
7, 0.375
8, 10
4, 0
11.875, 0.75
8, 10
8, 8
4, -0
8, 8
8, 0
4, 4
4.5, 3
4.625, 5.375
5.25, 0
8, 0
8, 8
0, 8
8, 4
8, 8
8, 0
8, 8
8, 2
8, 8
8.75, 10.625
11.25, 4.4375
4, 4
10, 6
9.875, -0
8, 4
8, -0
8, -0
8, 0
8, 1
2, 5
10.5, 4
4, 0
4, 7
11, 9
6, 7.75
8.625, 4
4, -0
9, 11
8, 8
8, 0
8, 8
-0, 4
0, -0
4, 0
9.25, 4
11, 0
8, 8
4.25, 8
7.5, 11.5
2.25, 1.375
8, 8
4, 0
6, 1
-0, 1
0, -0
4, 0
8, 8
2.5, -0
8.75, 6
4, 4
0, 4
8, -0
-0, 4
8.5, 8
4, -0
7, 8
8, 8
4, -0
0, 6.625
0, 4
8, 4
4, 5.5
0, 4
7, 11
4, -0
4, 0
8, 0
10, 11.25
9.875, 11
8, 4
8, 8
0, 4
8, 8
0, 0
2.5, 0
0, 4
0, -0
8, 4
9.25, 0.6875
8, 8
5, 7
2, 11.75
8, 4
7.5, 4
7, 5
1, 10
4, 0
8, 8
0.5, 8
8, 8
8, 0
8, 4
8.75, 3
6, 10
8, 4
2, 5
4, 7
4.75, 4
-0, 0
1, -0
8, 4
5, 10
11, 0
4, -0
3.75, 4.5
4, 0
11, 4
0, 7
8, -0
3, 8.5
4, -0
4, 4.75
10, 8
4, -0
8, -0
4, -0
1, 6
8, 4
7, 3

0.5, 1
5, 8
3, 5
0, 4
4, -0
4, 4
8, 4
0, -0
8, 8
8, 0
8, 6.5
4, 6.875
10, 1
0, 3
4, 8
10.25, 7.5
8, 10
-0, 4
0, -0
0, 4
4, 0
2, 4
6, 5
6.25, 0.25
8.75, 2
0, 4
8, 8
0, 8
4, -0
8, 8
4, 4
6, 8
2, 5.5
-0, -0
0.25, 7.25
3, 4.125
0, 0
2, 10
8, 2
4, 4
0, -0
4, -0
4, 8
2, 9
7, 2
10.25, 4
-0, 0
9, 6
8.25, 5.75
6.5, 8.25
11.5, -0
8, 8
8, 8
4, 8
4, 4
0, 4
4, 4
4, 4
8, 8
1.625, 1
1, 0
8, -0
10.875, 6
4, 5.5
5.375, 3
0, 0
4, 0
5, 4.5
6.25, 6.375
0, -0
4, 8
0, 4
10, 8
11, -0
-0, 0
4, -0
-0, -0
6, 4
4.75, 8
4, 8
10, 0
4, 8
4, 4
4, 10.375
0, 0
-0, 0
4, 0
8, 0
10, 4
0, 8
-0, 0
4, 8
3, 3.875
2.375, 5
4, 8
8, 4
4, 8
0, 4
4, 4
5.75, 0
0, 4
0, -0
0, 4
7.5, 6.9375
0, 4
2, 7
7.75, 0.5
-0, -0
1.5, 4
-0, 3
10, 10
8, 8
4, 8
4.5, 0
8, 0
8, 4
4, -0
9.75, 8.625
6, 4
0, 3
8, 1.5
-0, 5
8.25, 7
-0, 0
11.75, 4
8, -0
2.25, 9
1, 8
4, -0
10.5, 2.75
0, 8
0, -0
4, 3
8, 4
10, 1
-0, -0
4, 2
2.5, -0
10, 6
4, 4
8, 7
1, 4
4, 5
5, 2

2.5, 4
9.75, 7
4, 5
8, 0
-0, -0
-0, 4
8, 0
8, 4
-0, -0
9, 9
10.5, 4
8, 9
9, 4
4, 5
8, 4
1.625, 8.5
4, 5
-0, 8
8, 8
0, 8
-0, 8
8, 0
11, 5
7, 11.625
7.25, 0
0, 4
-0, 4
4, 4
-0, 4
-0, 4
4, 0
7, 8
2, 2
-0, -0
6.5, 5.625
5, 0.8125
8, 8
6, 0
4, 8
-0, 4
4, -0
8, 4
4, 0
5, 2
11, 9
10, 8
8, 8
10.5, 2
11.75, 3.5
4, 11.75
1.625, 8
8, 8
-0, 11
8, 8
8, 8
0, 8
-0, 4
0, 4
0, 4
2.25, 6
4, 4
0, 8
4.625, 6
3, 9
4, 9.5
8, 8
-0, 4
0.25, 11.5
7.5, 10.75
0, 4
0, 4
8, 0
6, 8
3.5, 11
4, 8
4, 4
-0, 4
2, 0
0.25, 4
-0, 4
2.5, 4
8, 4
0, 8
4, 2.25
0, 8
-0, 4
4, 11
0, 0
3.5, 9
4, -0
8, 8
8, 8
2, 3.25
1.5, 3
8, 8
-0, 8
0, 4
8, 0
0, 8
8.5, 8
0, -0
8, 8
8, -0
6, 5.375
0, 8
9, 11
10.5, 11.125
-0, 4
8.75, -0
3, 10
5, 8
8, 8
0, 4
1.5, 4
4, 4
4, 0
0, -0
6, 10.25
6, 5
0, 7
10, 10.5
8, 9
3.375, 3
-0, 4
5.375, 10
8, 4
10, 10
11, 8
8, 4
8.5, 8
0, 8
10, 4
8, 6.5
8, 4
7, 11.5
-0, 4
-0, 10.5
1.5, 8
-0, 11
0, -0
4, 4
11, 7
8, 9
3, 1

10, 7
7.875, 5
10, 7
8, 4
4, 8
8, 0
4, 4
4, -0
-0, -0
6, 1
3, 5
8, 6.625
3, 10.5
4, 2
0, 4
6.875, 1.5
-0, 2
8, 4
8, 4
0, 4
8, 4
10, 4
1.5, -0
4.5, 10.625
11.5, 6
8, 4
4, 8
4, 8
4, 4
8, 4
4, 0
-0, 0
-0, 2.5
4, -0
1.5, 11.375
2, 11.5
0, 0
10, 7
5, -0
4, 8
4, 4
4, -0
4, 0
10, 5
7, 10
1, 8
4, 0
0.5, 4
4.5, 5.75
6, 2.5
5.375, 4
0, 4
8, 6
-0, 4
-0, 4
8, 4
-0, 4
8, -0
0, 0
3.625, 2
3, 4
4, 4
4.125, 10
7, 1.5
4.125, 11.25
4, 0
4, 4
9, 2
3.625, 1.25
4, 8
8, 4
8, 4
7.5, 8
5, 3
-0, 4
0, 4
4, 8
4, 10
0.25, 8
8, 4
5, 0
-0, 8
4, 4
4, 2.125
4, 8
-0, 4
-0, 9.75
8, 8
8.5, 3
4, -0
-0, 4
-0, 4
2.5, 11.875
6.125, 1
4, 8
4, 4
8, 4
8, 4
4, 0
5.75, 8
4, 4
0, 8
8, 4
9.5, 9.9375
8, 4
4, 8
7.25, 6
4, 8
10.25, 8
-0, 1
11, 9
8, 4
8, 4
5, 4
8, 8
4, 4
4, 8
4.75, 5.375
8, 11
0, 9
0, 6
8, 7
9.75, 7
4, 8
2.125, 2
4, 8
8, 9
7, 4
4, 8
0.5, -0
4, 4
0, -0
8, 2
8, -0
2, 9.5
-0, -0
4, 10.75
8.5, -0
-0, -0
4, -0
4, -0
4, 1
8, 11
3, 2

0.25, 1
10.625, 5
3, 5
4, 8
-0, -0
4, 8
8, 0
4, 8
4, 8
3, 4
5.5, 5.5
4, 5.5
6, 6.75
8, 2
0, 8
7.5, 2
8, 2
-0, 8
4, 4
4, 8
-0, 8
5, 8
7, -0
6, 0.75
0, 2
4, 8
-0, 4
0, 0
4, -0
4, 8
-0, 4
5, 4
6, 10
4, 8
3.25, 2.625
11.25, 4.625
8, 0
6, 8
5.625, 4
8, 0
0, 4
-0, 4
8, 0
11, -0
8.5, 8
9.75, 4
4, 8
6.5, 7
10, 6.75
10, 7.5
1.75, 8
4, 8
7, 4
-0, 8
-0, 4
4, 8
4, 8
4, 8
4, 8
4, 8
6, 4
4, 8
8.25, 8
4, 10
0.25, 10.75
4, 8
-0, 0
10.5, 1
4.25, 6.875
8, 4
0, 8
0, 0
5, 4
8.5, 7
-0, 8
4, 4
4, 8
8, 6
1.5, 4
-0, 8
10, 4
-0, 8
8, 4
0, 6.375
8, 0
8, 0
8, 5
4, 8
5.5, 7
0, 4
-0, 8
-0, 8
8.5, 9.375
11.25, 8
-0, 0
-0, 0
8, 0
4, 8
4, 0
6, 8
8, -0
8, 4
0, -0
1, 7.375
4, 8
5, 5
5, 5.375
4, 8
8.25, -0
7, 7
8, 10
4, 8
0, 8
6.25, 8
0, 4
-0, 4
0, -0
10.75, 1.75
-0, 8
0, 3
8, 9
8, 4
1.25, 0
8, 4
6.875, 6
4, 8
4.75, 10
4, 4
8, 8
7, 11.25
0, 4
6, 4
4, 8
4, 8
1, 9
8, -0
4, 0.875
2.5, 4
-0, 1
0, 4
8, 7
3, 7
-0, 11
1, 1

2.75, 7
5.875, 11
5, 3
4, 0
-0, -0
8, 0
-0, 0
8, 8
4, 8
1, 6
3, 3
0, 1.5
6, 10
4, 9
4, 4
11.625, 7.75
4, 10
4, -0
0, 4
4, 0
4, 8
1, 8
7, 3
11.75, 9.625
2.25, 8
4, 0
4, 0
4, 8
8, -0
8, -0
8, 8
5, 0
8, 4
4, -0
5.25, 10.25
11.75, 2.375
4, 0
8, 6
0.875, 4
4, 8
8, 8
4, 4
4, 8
3, 5
5, 2
6.75, 4
8, 8
-0, 4
10.75, 10.25
-0, 1
9.375, 4
8, -0
1, 0
4, -0
4, 4
4, 0
8, 8
8, -0
0, 8
10.125, 3
6, 8
0, 4
3.375, 10
1.5, 4
7.875, 0.25
0, 4
-0, 0
10, 2
10.375, 8
0, -0
4, 0
4, 0
6.75, 4
8, 7
8, 8
0, -0
4, -0
8, 6
-0, 0
4, -0
3.5, 0
4, -0
4, -0
4, 1.75
8, 0
4, 0
-0, 6
0, 0
6.5, 5
4, 8
8, 0
-0, 4
9.5, 2.125
8.5, 8
8, 4
4, 0
4, 4
4, 0
8, 8
2, 4
4, 8
0, -0
0, -0
3.5, 10.0625
0, 4
-0, 8
9.5, 7.625
-0, 4
8.5, 8
7, 5
8, 7
-0, 0
0, 4
10.25, 4
0, 4
8, 4
0, -0
1, 3.875
8, 11
4, 10
8, 5
4, 4
5.5, 8
-0, 0
0.375, 10
0, 4
10, 2
9, 0
8, 8
10.75, 7.75
8, 0
3, 8
10, 2
4, 8
3, 5.5
4, -0
4, 2.625
1.5, 8
11, 4
4, -0
4, 9
3, -0
-0, 7
2, 1

8, 6
7, 6
3, 11
0, 8
8, 4
8, 4
4, 0
4, 8
-0, -0
10, 6
1.5, 0.5
0, 9.625
5, 8.25
0, 7
8, 4
2.375, 10.25
4, 9
-0, 4
0, -0
0, 8
-0, 8
5, 4
1, 3
4.125, 9.875
3, 8
0, 8
4, 8
4, 4
8, 8
-0, 8
-0, 4
7, 0
10, 10
-0, -0
1.75, 4.875
0.5, 9.8125
0, 8
8, 9
11.5, -0
8, 4
0, 4
4, -0
4, 0
9, -0
6, 11
9.25, -0
-0, 0
4, 10
3.5, 10.25
7.5, 6.25
1, 4
0, 8
5, 5
8, -0
4, 8
0, 8
4, 8
8, 4
0, 0
0.125, 0
7, 4
0, 4
8.375, 2
7.5, 7.25
4.625, 0.375
0, 0
4, 0
9.25, 11.5
6.75, 8.75
0, 8
8, 8
0, 4
11.75, -0
6.75, 6
4, 4
0, -0
8, 8
10, 6
5.75, 8
8, 8
1, 0
4, -0
0, 8
0, 8.125
4, 8
8, 4
-0, 10.25
4, 0
3, 7
4, 8
-0, 4
8, 8
5.5, 10.875
8.75, 8
4, 0
8, 8
4, 0
0, 8
8, 4
4.5, 4
0, 8
8, 8
4, 8
4.75, 9.3125
8, 8
8, 9
8.75, 4.875
8, -0
2, 8
9, 11
5, 4
8, 4
8, 8
2, 0
8, 0
8, 8
8, 4
8.25, 3.125
-0, 5
0, 4
4, 9
8, 7
2, 3
-0, 8
7.75, 8
0, 4
2, 9.5
11, 0
0, -0
3.25, 2.5
0, 0
2, -0
6, 5
4, -0
4, 0
-0, 8
4, 8.75
4.5, -0
5, 4
0, 8
8, 8
11, 1
8, 2
-0, 3

0.25, 11
9.625, 1
8, 10
4, 4
4, 4
4, 8
4, 4
4, -0
4, 8
7, 3
10, 5
8, 4
6, 2.625
0, -0
4, 8
4.875, 0.5
-0, 1
8, -0
4, 4
4, 4
-0, 0
1, 0
5, 11
4.375, 3.75
8, 2
4, 4
8, 0
4, 4
8, 4
4, 4
4, 4
2, 4
-0, 9.5
-0, -0
0.5, 10.625
7.25, 0
8, 0
4, 6
3.5, 4
4, 8
4, 4
4, -0
-0, 0
11, 3
-0, 10
11, 4
-0, 0
2, 1
2.75, 6.25
11, 1.5
2.375, 4
8, -0
10, 11
4, 8
4, 4
4, 4
-0, -0
4, 8
4, 8
9.25, 1
6, 4
0, -0
0.875, 0
3.5, 11.75
4.125, 5.625
0, 0
4, 8
4.5, 3
6, 9.125
0, -0
4, 8
4, 4
6.75, -0
0.5, 2
8, 0
8, 8
8, 8
2, 8
2.75, 4
4, 8
8, 4
4, 8
4, 4
4, 8.75
0, 0
4, 4
8, 2.5
4, 8
6.5, 11
4, 4
8, 0
4, 0
5, 4.25
10.25, 8
8, 0
-0, 0
4, 4
4, 4
0, 0
3.5, 4
4, 8
4, 8
8, 4
10.5, 2
4, 4
8, 10
8, 11.375
4, -0
9.5, 8
11, 3
4, 3
4, 4
4, 8
10.25, 8
0, 0
4, 4
4, 4
0, 11.375
6, 7
8, 6
0, 6
8, 1
11, 8
-0, 0
11.875, 4
4, 8
7.25, 2
2, 4
4, -0
9, 9.75
4, 8
9, 8
6, 8
4, 4
1, 8.5
8, -0
-0, 11.5
10, 8
4, 3
0, -0
0, 9
10, -0
8, 6
9, 1

5.5, 7
6.625, 9
1, -0
8, 4
4, -0
4, 4
8, 4
0, 4
4, -0
6, 10
9.5, 2
8, 0
3, 6.875
4, 3
8, 4
11, 8
4, 1
8, 4
8, 4
8, 4
4, 4
7, 4
4.5, 5
0.875, 5.875
2.5, 4
8, 4
4, 8
4, 4
-0, -0
4, 8
8, 0
5, 0
2, 0
4, -0
8.75, 10.375
4.25, 4.125
8, 4
6, 10
9, 4
4, 4
8, -0
4, -0
8, 0
7, 6
7.5, 7
1.25, -0
4, 0
10, 11
3.75, 9.5
7, 9
2.5, 4
8, 4
8, 6
8, 4
8, 4
8, 4
8, 4
4, 4
4, 8
6.75, 3
5, 0
0, 4
9.125, 0
2, 2
4.75, 6.5
0, 8
4, 0
6.5, 1.5
1.75, 5.125
8, 4
8, 4
8, 4
0, 8
0.5, 5
8, 0
0, 4
4, 4
8, 0
9.75, 0
8, 4
1.5, 8
4, -0
4, 4
0, 11.25
0, 4
4, 0
4, 3.25
4, 4
5, 8
8, -0
8, 0
8, 4
2, 3.375
3.125, 10
4, 4
8, 4
8, 8
8, 4
0, 4
-0, 4
4, -0
8, 4
8, -0
1.5, 11.125
8, 4
3, 11
10.25, 4.5
8, 4
8, 4
5, 1
8, 7
8, 4
8, 4
1, 8
4, 8
4, 0
4, -0
0.5, 9.25
6, 2
8, 2
0, 1
-0, 10
1.375, 0
8, 4
8, 2
4, 4
7.25, 7
4, 8
4, -0
10.75, 1.25
0, 0
10, 4
8, 10
8, 4
9, 2
8, 4
4, 10.375
3.5, 4
1.5, 10
0, 4
4, 7
5, 3
8, 2
6, 10

3.75, 4
0.625, 1
0, 8
0, 8
8, 8
4, 0
-0, 8
0, -0
4, 4
1, 1
2.5, 0.5
0, 10.75
0, 7
4, 8
8, 4
9.875, 9.75
4, 6
-0, 8
4, 4
0, 0
4, 4
8, 8
10, 11
3.875, 4.625
0.75, 0
0, 8
8, 8
0, 8
-0, 8
8, 8
-0, 0
5, 0
-0, 5
-0, 8
10.5, 10.5
-0, 8
0, 8
10, 4
5.375, -0
8, 4
0, -0
8, 8
4, 4
11, 3
3, 10
7.75, -0
-0, 8
-0, 9
9.5, 11
3, 2.75
10.625, -0
4, 4
1, 11
4, -0
-0, 0
0, 8
-0, 8
4, -0
0, 8
1.375, 2
4, 0
8, 4
8, 10
8.5, 0.75
9.125, 7
0, 8
8, 8
11.75, 0.5
9.75, 9.75
8, -0
4, 0
0, 8
5.75, -0
10.5, 1
4, 8
0, -0
8, 4
4, 2
1.25, 8
4, -0
6, 4
8, 4
8, 8
0, 7.875
0, 4
8, 8
-0, 3.25
4, 4
3, 1
0, 8
8, 4
8, 4
10.5, 3.625
5.5, -0
8, 0
8, 8
4, 8
0, 8
0, 8
4, 8
0, 4
0, 4
0, 8
3.5, 11.25
0, 8
5, 6
10.75, 0.875
-0, 4
10.75, 4
-0, 2
7, 8
4, 4
4, 0
7.75, 8
4, 4
-0, 0
8, 8
0.5, 3.125
6, 7
0, 1
4, 1
4, 11
0.625, 6
8, 0
4.125, 8
0, 8
3, 10
3, 8
8, 4
2.5, 4
4, 0
1, -0
8, 1
4, -0
6, 2
-0, 8
8, 10.125
1.5, 4
5.5, 7
0, 8
0, 2
9, 11
8, 11
7, 11

1.25, -0
7.5, 9
3, 8
8, 4
4, 4
8, 8
4, 4
8, 8
8, 4
6, 8
4, 2.5
0, 5.875
9, 3.875
0, -0
0, 8
7, 5.25
-0, 5
4, 8
8, 8
8, 4
4, 4
3, 0
4, 8
4.5, 1.25
5.25, 10
8, 4
8, 4
0, 4
4, 4
8, 4
-0, 4
7, 0
8, 4.5
-0, 4
2.5, 5.375
3.25, 3.9375
8, 4
2, 9
8.625, 6
-0, 4
4, 4
4, 8
-0, 8
7, -0
4, 8
4.25, 4
-0, 8
1, 2
1.25, 9.5
7.5, 9.5
9.625, -0
8, 4
9, 0
-0, 8
-0, 8
8, 4
4, 8
8, 8
4, 4
6.625, 1
2, 0
4, 8
1.375, 0
2, 1.5
7.625, 10.625
4, 4
-0, 8
8.75, 10
7.25, 10.5
4, 4
0, 0
0, 8
7.5, 8
3, 6
4, 8
4, 8
4, -0
-0, 10
7, 4
-0, -0
1.5, 8
4, 4
4, -0
0, 9.875
4, 4
4, 4
4, 5.5
8, 4
5, 11
0, 8
4, 4
-0, 8
9, 1.375
2.5, 2
8, 8
8, 4
0, 4
8, 4
4, 4
7.75, 0
4, -0
4, 8
0, 4
1, 9.5
8, 4
1, 7
1.5, 2.375
-0, 4
4.5, -0
5, 11
3, 7
-0, 0
4, 4
4, 4
8, 4
8, 8
4, 4
11, 2.625
6, 1
0, 3
10, 8.5
-0, 2
1.125, 10
4, 4
3.75, -0
4, 8
10.5, 0.5
1, 8
4, 8
1.75, 7.5
0, 4
8, 8
4, 1
8, 4
9, 8.5
8, 4
8, 5.75
0.5, -0
10, -0
4, 8
8, 2
4, 1
-0, 9
4, 7

5.75, 4
0.75, -0
5, 1
4, 0
-0, 4
8, 4
8, 8
0, 4
8, -0
9, 4
2.5, 10
4, 7.125
5, 11.5
8, 3
8, 4
0.875, 1.75
8, 5
4, -0
8, -0
4, 0
8, 0
1, 0
6.5, 4
1, 1.875
9, 4
4, 0
8, 8
0, 0
4, 8
-0, 8
-0, 4
11, 0
4, 10
-0, 8
8.5, 10.5
-0, 3.125
8, 8
6, 1
2.125, 2
4, 4
0, 8
-0, 4
8, 0
8, 6
10.5, 0
10.75, 8
8, 8
6, 4
7.5, 8
4, 1.25
11.5, -0
4, -0
4, 11
8, 4
-0, 8
4, 0
4, 4
8, 4
4, 8
5.875, 10
3, 8
8, 8
-0, 4
11.5, 2.25
8.375, 6.125
8, 8
-0, 4
4.75, -0
1.25, 7.25
8, -0
8, 4
4, 0
3.25, -0
6.5, 9
-0, 0
0, 8
4, -0
2, 4
0.5, 8
8, 4
4, 0
-0, -0
8, -0
4, 7.5
8, 4
-0, 4
8, 7.75
4, 4
2.5, 6
0, 4
-0, 0
8, 4
10, 10
2, 8
8, 8
8, 0
0, 8
4, 0
0, 0
1, 4
4, 4
8, -0
0, -0
1.5, 8.3125
4, 0
9, 7
0.25, 0.125
8, 8
9.5, 8
9, 0.5
8, 10
-0, 8
8, 4
8, 4
8, 0
8, 0
0, 4
1.5, 0.25
8, 2
0, 4
6, 11
4, 8
9.5, 7
8, 0
9.375, -0
8, 4
8, 2.5
8, 4
0, 4
10.5, 7.5
0, 8
5, 4
4, 2
8, -0
7, 6
-0, 8
4, 2.625
5, 4
11, 3
0, 8
8, 8
4, 10
-0, 2
7, 1

5, 9
3.375, 1
8, 4
0, 0
4, 4
8, 8
-0, 8
0, 8
-0, 4
9, 5
9, 8.5
8, 3.5
1, 0.375
8, 10
8, 8
0, 9.5
8, 6
8, 4
8, 8
4, 4
4, 4
4, 4
3, 4
10.375, 1
9.75, 0
0, 0
8, 8
4, 4
8, -0
8, 8
-0, 8
9, 0
10, 11
8, 8
0.75, 9.875
2.75, 5.5
8, 8
10, 6
6, 2
8, 4
0, 8
-0, -0
-0, 0
9, 3
11.5, 5
9, 8
-0, 8
5, 7
4.75, 10.25
-0, 8.25
5, -0
8, 8
2, 9
-0, 8
-0, 4
0, 0
-0, 8
8, 8
0, 8
0.875, 3
5, 4
0, -0
4.125, 4
1, 4.25
5.875, 7.125
0, 8
4, 4
7.75, 11
5, 9.375
0, 8
8, 8
4, 4
0.75, -0
3.25, 11
8, 8
0, 8
-0, -0
2, 8
5, 8
8, 8
9, 4
8, 8
4, -0
0, 0.75
8, 8
4, 0
8, 0
4, 4
9, 3
0, -0
4, 0
8, 8
-0, 4.375
5.5, 4
8, 4
-0, 4
8, 8
0, 0
8, 8
8.5, 0
8, 8
4, -0
0, 8
3.5, 3
0, 0
10, 6
9.5, 4.25
-0, -0
8.25, 8
-0, 11
2, 1
-0, 0
8, 8
4.75, 0
8, 8
8, 8
4, 4
1.5, 1
-0, 9
4, 10
0, 1
8, 4
3, 8
-0, 8
10.5, -0
0, -0
3.75, 5.5
10, 0
4, 4
11.75, 11
0, 4
9, -0
0, 11
4, -0
0, 10
8, 8
8, 6.625
10.5, -0
4.5, 9
8, 4
8, 5
1, -0
8, 6
7, 5

7, 3
11.25, 11
3, 1
4, 0
-0, 4
8, 4
4, 8
0, -0
4, 8
5, 1
7, 4.5
4, 0.375
6, 4.625
8, 9
0, 4
0.25, 7.75
4, 6
4, 8
8, 8
4, 0
4, 0
4, 8
9.5, 9
10, 9.875
6.75, 8
4, 0
-0, 4
4, 8
4, 4
-0, 4
-0, 0
1, 8
-0, 2
-0, 4
7.25, 7.75
5, 5.375
4, 8
4, 3
3, -0
4, 8
0, -0
8, 8
8, 0
10, 6
3, 0
3.25, 4
4, 0
8.5, 2
10.5, 5.25
4, 10
1.25, -0
8, 8
2, 0
4, 4
4, 4
4, 0
4, 8
8, 4
0, 4
11.5, 0
4, 4
0, 4
7.5, 6
8.5, 2
7.875, 5.75
4, 0
4, 4
5.5, 2.5
4.375, 0.375
0, 4
4, 0
4, 8
8.5, -0
2.5, 1
-0, 4
4, 4
-0, 4
8, 0
7.25, 8
4, -0
11.5, 4
-0, 4
0, 4
4, 0.375
8, 4
-0, 4
8, 11.75
0, 0
8.5, -0
8, -0
4, 8
-0, 4
9, 0.75
4.25, 1
8, 4
-0, 4
4, 0
4, 0
4, 8
3.5, 8
8, 4
0, 4
8, 8
1, 2.8125
4, 8
2, 9
7.5, 3.875
-0, 4
-0, 8
5, 8
2, 9
8, 8
0, 4
2.5, 0
4, 4
-0, 0
0, 4
11.75, 7.375
6, 4
4, 7
6, 10
4, 8
6.75, 3
-0, 4
0.375, 10
0, 4
9.25, 4.5
2, 4
4, 8
3.75, 0.5
0, 4
10, 4
4, 2.5
8, 4
2, 11
4, 8
8, 10.375
2.5, -0
2.5, 11
4, -0
0, 6
1, 2
8, 7
5, 6

11.75, 9
1.625, 2
9, 4
8, 0
4, -0
-0, 0
8, 8
4, -0
4, 8
7, 9
4.5, 3.5
8, 11.5
10, 5.875
4, -0
4, 0
11.875, 2
8, 9
8, 4
8, 4
0, 0
-0, 0
2, 4
6, 4
3.125, 1
5.25, 10
0, 0
8, 4
4, 4
-0, -0
8, 4
4, 0
6, 0
-0, 3
-0, -0
10.25, 10.5
6, 8.8125
0, 8
0, 1
1.375, 10
-0, 0
4, -0
4, -0
4, 0
2, 6
6.5, 8
9.75, 4
4, 0
4.5, 11
9.75, 0
8, 3.75
0.75, 4
8, -0
6, 10
4, -0
4, 0
8, 0
-0, -0
0, -0
0, 8
0.875, 1
8, 4
0, 8
6.125, 2
9, 0.25
1.875, 9.75
4, 8
4, 0
2.5, 5
6.75, 2.5
8, 8
4, 0
8, 4
5.5, -0
8.5, -0
4, 0
4, 4
-0, 8
-0, 4
3.75, 0
4, -0
1.5, 8
4, 8
8, 4
0, 6.5
8, 0
8, 8
-0, 10
8, 0
3, 6
4, -0
4, 4
4, 0
-0, 3.625
1.875, 1
-0, 0
-0, 4
4, 0
8, 0
4, 4
4.5, 8
0, 8
4, 8
4, -0
7.75, 6.125
8, 0
9, 3
3.5, 5.5
4, -0
1, 8
3, 2
11, 8
8, 4
0, 0
4.75, 4
4, 0
8, 4
4, -0
7.5, 0.75
2, 2
0, 4
2, 8
-0, 11
1, 0
8, 8
2.875, 4
4, -0
1.5, 5
1, 8
4, -0
11, 8
0, 4
4, 4
4, 7.5
4, -0
1, 11
4, 4
-0, 5
8.5, -0
-0, -0
4, -0
4, 2
2, 3
8, 8
-0, 7

1.75, 5
10.625, 7
6, 1
4, 0
4, 4
4, 8
-0, 4
4, 4
8, 4
10, 6
10, 2
0, 7.375
9, 5.25
8, 11
0, 8
6.25, 7.75
4, 11
8, 4
4, 4
8, 4
-0, 0
10, 4
7, 6
10.875, 7.5
0.75, 0
8, 4
8, 0
0, 4
4, -0
-0, -0
-0, 4
8, 4
-0, 4
-0, 4
4.5, 11.625
11, 9.1875
4, 0
4, 8
4, 2
8, 4
8, 4
8, -0
8, 4
10, 5
10, 5
8, -0
4, 0
9, 2
6, 7
6.5, 2.25
5.125, 8
0, -0
5, 6
-0, 8
4, 4
4, 0
4, -0
4, 8
4, 4
6.25, 5
10, 4
4, 4
4.75, 4
3.5, 7.75
1.25, 0.625
0, 4
4, 4
10.5, 7.5
11.25, 8
0, 4
8, 8
8, 4
9, -0
9.5, 10
8, 4
8, 4
4, 4
10, 8
11.25, 0
8, 8
0.5, 0
4, 4
8, -0
0, 9.875
8, 8
-0, 4
4, 5.75
0, 4
5, 6
8, 4
-0, 4
-0, 8
2, 8.875
10.625, 1
8, 4
-0, 0
0, 0
4, 0
4, 0
10.25, 4
0, 4
0, 4
8, 4
4.25, 1.1875
8, 4
-0, 1
7.5, 9
4, 4
3, 8
3, 4
6, 7
8, 4
4, 4
9.5, 4
4, 0
-0, 0
4, 4
4, 2.75
10, 2
4, 3
8, -0
8, 1
0.875, 7
-0, 4
0.625, -0
8, 4
0.25, 6.5
11, 4
8, 4
8.5, 5
4, 0
1, -0
10, 1
4, 4
3, 0
8, -0
4, 5.5
5, -0
10, 8
0, 4
0, 2
5, 5
8, 2
9, 2

3.75, 1
9.125, 3
11, 3
8, 0
4, 8
8, 4
8, 4
0, -0
8, 4
4, 1
3.5, 8
0, 6.5
0, 2.75
8, 9
4, 4
3.5, 10.25
-0, 7
8, 4
8, 4
8, 4
4, 8
3, 0
8.5, 3
7.125, 9.625
2.5, 8
8, 0
4, 8
4, 4
4, -0
8, 4
8, 4
8, 8
2, 6
8, 4
1.25, 10.875
9, 5.6875
8, 0
2, 10
9.125, -0
-0, 0
8, -0
-0, 4
4, 8
4, 2
9.5, 11
10.75, 8
4, 8
5.5, 6
9.5, 1
2, 1
2.75, -0
8, -0
5, 4
4, 4
4, 4
8, 0
4, 4
8, 4
8, 0
9.875, 2
3, 8
0, -0
11.125, 10
4.5, 6.25
9.75, 11
0, 0
8, 0
3, 10
11.5, 4.625
8, 8
8, 0
8, 4
2.5, 4
1, -0
8, 4
8, -0
8, -0
4, 6
11, 4
8, -0
9, 0
8, 8
8, 4
4, 11.25
4, 4
4, 8
8, 9.5
8, 8
4.5, 9
8, -0
8, 0
4, 4
8, 10.375
0.75, 1
8, 4
-0, 4
4, 4
8, 0
8, 0
0.75, 4
8, 4
8, -0
0, -0
5.5, 8.4375
8, 4
6, 5
1.25, 5
4, -0
2, -0
2, 7.5
9, 2
4, 8
8, 8
3.5, 4
4, 8
-0, 0
4, 8
9.5, 6.375
4, 5
4, 9
6, 1
4, 10
6.25, 5
8, 8
0.5, -0
8, -0
7.75, 0.5
4, 4
4, 4
9, 3.75
8, 0
0, 8
8, 2.5
8, 4
1, 2
8, -0
-0, 3.125
-0, 4
-0, 4
8, -0
4, -0
5, 8
4, 1
5, 3

1.75, 2
11.125, 3
3, 5
4, 4
-0, -0
4, 8
4, 0
0, 8
8, -0
7, 6
4, 4.5
4, 1.125
11, 11
8, 2
0, 8
3.5, 5.5
4, 2
4, 4
4, 4
0, 8
4, 8
6, 8
9, 5
8.25, 11.625
3.25, 2
8, 8
8, 4
0, 0
-0, 4
8, 4
-0, 0
8, 0
-0, 1.5
-0, -0
1.25, 1.25
3.5, 3
4, 4
10, 1
5.5, 6
4, 0
0, -0
8, -0
4, 8
2, 4
1.5, 4
8.75, -0
-0, 0
5, 6
7, 4.25
1, 1.25
11.25, 4
0, 8
4, 2
4, -0
-0, 0
4, 4
-0, 8
4, 8
8, 4
8.875, 10
4, 8
8, 4
6.75, 4
0, 2
3.125, 6.5
0, 0
-0, 0
2.75, 1.5
8.875, 4.625
8, -0
8, 0
8, 8
1.25, 8
9, -0
8, 0
4, 8
8, 4
8, 6
11.75, 0
8, -0
0, 4
8, -0
0, 8
0, 8.75
8, 4
-0, 0
8, 3
8, 8
0.5, 6
0, 4
-0, 4
-0, 8
5, 5.25
4.5, 11
-0, 8
-0, 8
4, 8
4, 4
4, 0
9.75, 4
0, -0
0, 4
0, 4
10.5, 0.0625
0, 8
1, 3
9.25, 0.5
4, 4
11.75, -0
1, 2
7, 3
8, 0
0, 8
5.75, 8
0, 0
4, 0
0, -0
10.75, 5.875
6, 6
0, 11
0, 8
-0, 11
0.75, 9
8, 0
7.75, 10
8, 4
2, 9.5
3, 4
0, -0
0, 10.25
0, 0
3, -0
10, 7.5
8, 4
11, 9.5
4, 4
4, 6
11.5, 8
5, 3
4, -0
8, 6
5, 3
4, 3
1, 2

11, 7
3.5, 1
7, 1
4, 0
8, -0
8, 4
4, 8
4, -0
8, -0
8, 7
3.5, 1.5
0, 2.375
2, 5.5
4, 11
4, 8
1.875, 9
8, 10
4, -0
4, -0
0, 0
8, 8
7, 4
6, 9
9.125, 1.125
11.5, 8
4, 0
8, 8
0, 4
4, -0
4, -0
4, 8
11, 8
10, 2
8, 8
9.25, 9.375
10.25, 10.6875
4, 8
10, 6
6.25, 8
-0, 4
4, 8
4, 4
4, 8
11, 8
4, 8
7.5, -0
8, 8
10.5, 2
10.75, 7.25
1, 6
2.375, -0
8, 8
-0, 1
4, 8
4, 8
4, 0
-0, 8
8, 4
0, 0
3.125, 7
7, 0
4, 4
8.75, 0
4, 9.25
9, 11
8, 8
8, 0
8, 8
4, 0.375
8, 8
0, 8
4, 4
8.5, -0
3, 6
8, 8
0, -0
-0, -0
6, 8
1, 4
-0, 8
0.5, 0
4, -0
0, -0
4, 4.375
8, 8
8, 4
-0, 4.25
4, 4
10, 4
4, -0
4, 0
4, 8
2.5, 11
3, 8
4, 4
4, 0
4, 4
4, 0
8, 8
3.25, 0
0, 4
4, 8
4, 8
3, 6.1875
0, 0
7, 1
8, 7.125
4, 4
7.25, -0
1, 0
0, 0
8, 8
4, 8
9.25, 0
8, 4
-0, 4
8, -0
9.5, 2.375
8, 7
4, 5
2, 4.5
-0, 2
9.75, 3
8, 8
7.75, 10
4, 4
11.5, 2
5, 0
4, 8
3.5, 5.75
4, 0
0, 4
0, 0
8, 8
8, 11.5
4, 8
-0, 5.25
2, 8
10, 10
4, 8
8, 3
9, 5
-0, 0
4, 4

3.25, 9
10.5, 11
2, 7
4, 0
-0, 4
4, 0
8, 0
4, 4
-0, -0
8, 9
9.5, 0.5
0, 10.125
11, 7.625
8, 9
4, 0
0.875, 0.75
8, 10
8, -0
4, -0
4, 4
4, 0
2, 8
3, 10
10, 9.625
1.5, 6
4, 0
4, 0
4, 0
4, 4
8, -0
8, 8
2, 0
8, 0
8, 8
4.25, 6.25
5, 9.5
4, 0
4, 7
4.375, -0
4, 4
8, 8
-0, -0
4, 0
10, 2
11.5, 2
3, -0
8, 8
11, 7
10, 0.75
9.5, 3.75
1.625, 8
8, -0
-0, 1
-0, 4
4, 8
4, 0
4, 4
4, -0
8, 4
1.75, 4
1, 4
0, -0
0.375, 6
9.5, 3.25
10.625, 9
8, 8
-0, 8
9, 4.5
11.875, 2.5
0, 8
8, 8
4, 0
10.25, -0
4.25, 9
8, 8
0, 4
8, 4
10, 10
11, 8
8, 8
2.5, 0
4, 8
8, -0
4, 1
8, 0
-0, 4
8, 6
0, 0
1.5, 1
8, 8
-0, 4
4, 0
5.5, 10.25
0.125, 3
4, 0
8, 0
0, 4
4, 0
4, 8
9, 4
8, 8
0, 8
4, 8
8.75, 1.5
0, 4
8, 3
5, 9.875
4, 4
3, 8
9, 5
10, 2
8, 0
8, 8
7.25, 4
0, 4
-0, 8
0, 4
10.5, 5.375
4, 3
8, 7
8, 7
-0, 0
1, 5
-0, 8
5, 6
0, -0
4.5, 8
-0, 0
4, 8
3.25, 11.25
4, 0
9, 8
4, 6
0, 4
2, 9
4, -0
4, 5.875
2.5, 8
0.5, 11
0, 8
0, 4
2, 4
8, 11
5, 2

11.75, 3
8.875, 4
10, 3
0, 0
4, 4
8, 8
8, 8
8, 8
-0, 8
2, 6
2, 6.5
4, 11.125
3, 8.375
4, 7
4, 0
5, 9.5
8, 6
8, 8
8, 8
0, 0
8, 4
3, 4
10, 2
6.5, 9.375
2.5, 6
0, 0
-0, 0
4, 8
-0, -0
8, 8
8, 8
3, 8
10, 11
4, -0
3.75, -0
4.75, 4.9375
0, 0
6, 11
8, 10
-0, 0
8, 8
4, 4
8, 0
10, 8
11, 9
6.25, 8
4, 0
9, 3
-0, 6.25
11.5, 10.25
10.375, 8
8, 8
8, 5
8, -0
-0, 8
0, 0
8, 8
8, 8
8, 8
9.875, 9
7, 8
8, 4
4.875, 8
10.5, 9.5
9.25, 3
4, 0
4, 4
11.25, 10.5
7.125, 2.5
8, 8
4, 0
8, 8
11, -0
8, 2
-0, 4
8, 4
4, 8
8, 2
1, 4
4, -0
6, 0
4, -0
8, 4
0, 7.375
8, 0
4, 4
-0, 8.75
0, 8
2, 10
0, 8
4, 8
4, 0
3.5, 8.25
1.875, 8
8, 8
8, 8
8, 8
0, 0
0, 8
6.5, 8
4, 4
0, 8
0, 8
9.5, 5.3125
0, 0
7, 7
0.25, 5.25
8, 4
7.5, 8
7, 0
1, 4
4, 8
8, 0
1.75, 8
0, 8
8, 8
4, 4
3.25, 6.375
2, 5
8, 11
4, 1.5
-0, 7
0, 6
8, 8
3.625, -0
8, 4
9.25, 4
10, 0
0, -0
8, 1
8, 0
6, -0
8, 11
4, 4
1, 0.5
8, 8
4, 6.125
10.5, -0
5, -0
4, -0
0, 7
4, 10
-0, 1
-0, 5

2, 9
7.625, 7
6, 6
8, 0
-0, 8
4, 8
-0, 4
4, -0
4, 4
8, 1
10, 11
0, 4.625
7, 3
4, 10
8, 0
10, 6
8, 3
8, 4
8, 4
8, 4
4, 8
10, 0
11, 4
11.375, 8.25
9.25, 4
8, 4
8, 8
8, 8
4, 4
8, 4
4, 0
6, 0
8, 1
8, -0
2.5, 6
5.5, 6.125
8, 4
4, 6
11, 8
8, 0
0, 8
4, -0
4, 4
7, 11
0.5, 11
5.5, -0
8, 0
1, 7
10.5, 3.75
6.5, 5.5
8.625, 8
8, 4
9, 11
-0, 4
8, 8
8, 0
8, -0
4, 8
8, 8
2.75, 4
11, 0
0, 4
3.125, 10
8, 4.5
6.625, 1.75
8, 0
8, 4
4.5, 9
11.375, 11.25
0, 8
0, 4
8, 4
3.5, -0
4.75, -0
-0, 4
8, -0
8, 4
6, 2
4, 4
-0, 4
1, 8
8, -0
4, -0
4, 7.5
8, 4
4, 4
4, 5
8, 4
4.5, 6
4, -0
-0, 8
8, 0
5, 4
5.75, 10
8, 4
8, 0
0, 4
8, 0
8, 0
3.25, 4
8, -0
0, 8
0, 8
10.75, 10.75
8, 4
3, 5
7, 6.375
4, -0
3, -0
7, 10
9, 2
8, 8
0, 4
2.75, 8
8, 0
-0, 8
0, 8
1, 6.625
2, 9
8, 4
2, 2.5
4, 4
9.625, 1
-0, 8
2, 10
0, 4
9.5, 1
8, 4
8, 8
0, 3
4, 0
1, 8
6, 1
4, 8
9, 10
-0, 8
8, 7.375
4, -0
7, 2
0, 8
0, 3
3, 1
-0, 7
1, 9

4.5, 3
1.5, 1
2, 2
4, 8
-0, 8
8, 0
4, 4
0, 8
-0, 4
5, 9
2, 8.5
4, 0.875
0, 7.25
8, 3
0, 0
0.375, 6.75
8, 5
-0, 8
0, 8
0, 0
4, 4
6, 0
5.5, 6
6.125, 1.125
9, 8
0, 8
4, 8
0, 4
4, 4
4, 8
4, 4
5, 8
10, 10
-0, 8
1.25, 6.375
3, 11.125
4, 8
0, 9
11.875, -0
4, 4
4, 4
8, -0
4, 4
2, 1
7, 3
2, 8
4, 8
0.5, 10
1, 8.5
6, 10
3.875, 8
4, 8
10, 4
4, 8
4, 4
4, 8
4, 4
8, -0
4, 8
2, 0
0, 4
8, -0
0.375, 10
3.5, 6.5
1, 10.125
4, 8
-0, 8
3, 2
3.875, 3.25
4, 4
4, 8
0, 8
2.5, -0
1.25, 8
4, 4
0, 8
4, 8
4, 4
9, 8
4, 8
9, 0
8, 8
0, 8
8, 9.375
0, 0
-0, 8
8, 8.25
0, 8
10, 5
4, 4
4, 4
-0, 0
0.5, 10.125
8, 6
8, 4
-0, 8
4, 8
4, 8
4, 4
6, 8
0, -0
0, 8
4, 8
9, 1.75
0, 8
6, 2
5, 11.625
8, -0
8, 8
2, 6.5
3, 2
4, 8
0, 8
9.75, 8
0, 4
8, 8
0, 8
4.75, 0.5
2, -0
8, 1
0, 5.5
8, 5
7.375, 1
4, 4
6.375, 6
8, -0
11, 6
9, 0
0, 8
1.25, 1
8, 0
10, 8
8, 5
0, 8
2, 0
4, 8
4, 1.25
10.5, 4
1.5, 1
0, 8
4, 1
8, 6
4, 10
5, 9

0.75, 9
1, 10
2, 3
8, 0
-0, 8
-0, 4
-0, 0
8, 4
4, 4
7, 7
9.5, 1.5
4, 3.5
0, 8.875
0, 11
8, 4
5.875, 0.5
-0, 5
8, -0
0, 8
4, 0
4, 0
10, 0
8, 1
8.75, 3.75
4.75, 2
4, 8
4, 8
8, 0
-0, 8
4, 8
8, 4
8, 0
8, 0
-0, 4
4.5, 11.875
10, 10.625
4, 8
6, 6
2.75, 2
4, 0
8, 8
-0, 4
4, 0
9, -0
9, 0
10.5, 8
8, 0
11, 10
6, 3
11.5, 4.25
5.375, 8
0, 8
10, 10
-0, -0
8, 4
8, 0
-0, 8
0, 4
8, 4
0.625, 3
9, 0
8, -0
11.375, 2
0.5, 7.5
10.875, 1.125
0, 4
-0, 8
0.25, 10.5
9.625, 0.875
0, -0
0, 0
4, 0
2.5, 8
4, 2
4, 0
4, -0
4, 4
10, 2
7, 4
-0, -0
7.5, 8
-0, -0
4, -0
8, 6.25
0, 8
4, 0
8, 0.25
4, 0
-0, -0
8, -0
-0, 0
8, 4
6.5, 0.5
9.625, 9
8, 0
4, 4
4, 0
8, 0
0, 4
2.25, 8
0, -0
4, 4
0, 4
5, 0.1875
4, 8
1, 1
9.75, 7.5
8, 4
2.25, -0
1, 1
8, 4
4, 8
4, 4
3, 0
4, 4
-0, 8
0, 8
7.25, 9
-0, 9
0, 10
6, 5.5
-0, 8
0.375, 3
-0, 0
4.125, 10
0, -0
9.25, 2.5
5, 8
8, 4
4.5, 7.5
8, 4
6, 8
2, 2.5
8, 4
4, 0
4, 8
4, 11.125
8.5, 8
4, 9
8, -0
0, 5
11, 1
4, 2
2, 8

4, 3
6.125, 11
0, 1
0, 4
8, 4
4, 8
4, 8
0, 4
4, 8
4, 3
0.5, 0.5
8, 7.125
9, 4.5
4, 8
4, 8
1.375, 3.25
4, 3
-0, 4
8, 4
8, 0
4, 8
1, 0
11, 6
11.5, 4.625
7.5, 10
0, 4
-0, 0
4, 0
8, 4
8, 4
4, 8
7, 0
2, 3
8, -0
3, 11.25
4.5, 8.5
4, 8
6, 8
1.625, 2
-0, 4
8, 8
-0, 4
-0, 4
9, 11
6.5, 2
10.75, -0
8, 8
3, 9
3, 9.5
11.5, 10.75
11.625, -0
8, -0
6, 0
4, 8
-0, 4
0, 4
-0, 4
4, 8
0, 0
0.625, 7
8, 4
0, 4
10.875, 8
0, 2
9, 5.5
8, 8
8, 4
0, 3
3, 5.75
8, 8
0, 4
0, 4
2, 8
11.25, 2
4, 8
4, 8
-0, -0
4, 0
0.25, 4
-0, 4
11.5, 0
-0, 4
0, 4
4, 1.75
0, 0
-0, 4
8, 6
4, 4
5, 4
0, 8
4, 8
4, 8
0.5, 6.875
1.625, 4
4, 8
-0, 4
4, 8
0, 4
0, 8
6.5, 0
4, 8
0, 4
8, 8
4.25, 8.5
0, 4
10, 0
9, 4.75
-0, 4
6.25, 8
7, 0.5
0, 6
4, 8
4, 8
6, 8
4, 0
-0, 4
8, 4
10.5, 6.75
10, 9
8, 5
8, 9
8, 8
4.625, 9
8, 8
11.5, -0
0, 4
5.25, 1.5
7, 8
8, -0
2, 4
4, 4
4, 4
6, 2.5
8, 4
2, 11
4, 8
8, 7
4.5, 4
5.5, -0
8, 4
4, 9
1, 9
4, 6
6, 3

7, 3
11.875, 5
10, 4
4, 4
4, 4
4, 0
4, 4
4, -0
4, 8
5, 8
5, 9.5
8, 5
11, 3.125
8, 5
8, 8
10.625, 0.25
4, 7
4, 4
8, 4
4, 4
-0, 8
4, 4
8.5, 8
5.5, 4.375
5.25, 6
4, 4
8, 4
4, 4
4, 4
8, 8
8, 0
7, 0
6, 1
8, -0
3, 4.75
3.5, 5.375
0, 0
4, 4
4, 2
4, 8
8, -0
4, 8
4, 0
3, -0
0.5, 1
2.75, -0
4, 0
7.5, 4
10.5, 2.75
5, 5
8, 4
4, -0
3, 11
8, -0
8, 8
4, 4
4, 4
4, -0
8, 8
5.5, 3
0, 4
8, -0
11.25, 2
3.5, 5.75
9.5, 0.25
8, 8
4, 4
0.5, 7.5
8.375, 11.125
4, 4
8, 8
4, 4
11, 8
10, 8
8, 8
4, 4
8, 8
4, 4
1.5, 0
8, 8
0.5, 8
4, -0
8, 4
4, 6.25
0, 4
4, 4
8, 1
8, 8
2, 8
4, 4
-0, 4
8, 8
2, 4.875
10.25, 11
4, 4
4, 0
4, 4
4, 4
0, 8
5.25, 4
4, -0
4, 8
4, -0
1.5, 1
4, 4
11, 3
0.5, 4.875
4, -0
-0, 4
5, 8.5
10, 1
8, 8
8, 0
1.75, 8
4, 8
8, 4
4, 4
6, 1.625
4, -0
8, 8
4, 11
8, 2
8.375, 4
4, 4
10.625, -0
8, 8
8.75, 1.5
6, 0
8, 8
10, 5.75
8, 8
3, 4
8, 6
8, 4
10, 2.5
4, 4
4, 4.25
9, 4
9.5, 10
4, -0
8, 10
11, 6
8, 7
2, 7

0.5, 4
2.375, 6
8, 11
4, 0
4, 4
8, 0
8, 0
8, 8
4, 4
9, 3
6, 11
4, 3.75
8, 5.5
4, 3
4, 8
7.375, 9
-0, 8
4, 8
4, 8
4, 8
8, 8
6, 4
1.5, 3
6.375, 0.25
2, 4
4, 8
4, 8
4, 4
8, 8
4, 8
8, 8
11, 4
4, 1
8, -0
0.5, 2.125
11.5, 3.9375
4, 4
10, 9
1.125, 6
8, 0
8, 8
4, 8
8, 8
10, 7
2.5, 1
7.25, 8
4, 0
-0, 8
6.25, 9
3.5, 3.75
7.875, -0
4, 8
6, 11
4, 4
4, 8
4, 0
4, 4
8, -0
0, 0
7.625, 10
0, 8
4, 4
11.375, 6
0, 6.5
11.875, 7.25
4, 8
8, 8
2.25, 9
2.25, 10.375
8, 4
0, 0
0, 0
5.5, -0
9.5, -0
8, 8
4, 4
-0, -0
8, 2
7.75, 0
-0, -0
9.5, 4
8, 8
4, -0
0, 3.625
4, 4
4, 0
4, 7
4, 8
3.5, 9
4, 4
8, 0
4, 8
5.5, 10.75
3, 7
4, 4
4, 4
4, 0
4, 0
4, 0
3.25, 0
8, 8
4, 4
4, 4
4.75, 1.875
4, 8
5, 5
10.75, 4.375
8, -0
2.25, 4
10, 7
0, 2
4, 8
0, 0
6.75, 4
0, 4
-0, 8
4, 4
0.25, 6.875
-0, 6
0, 4
10, 9
4, 3
6.25, 0
8, 4
6.375, 4
8, -0
8.25, 4
6, 4
4, -0
5, 5.5
4, 0
5, -0
2, 8.5
8, 4
1, 10
8, -0
-0, 3.875
-0, -0
4, 1
4, 4
4, 3
7, 2
8, 10
2, 1

3.25, 1
1.875, 5
10, 8
4, 0
4, 4
8, 8
-0, 4
0, -0
8, 8
5, 7
5, 6.5
8, 10.625
6, 1.25
4, -0
0, 8
6.875, 2.75
-0, 5
4, -0
0, 4
4, 0
8, 8
5, 8
1, 3
1.25, 7.375
9.5, 0
4, 0
4, 8
4, 8
8, 8
4, 8
4, 8
2, 4
-0, 4
8, -0
4.75, 5.25
0.25, 7.75
0, 8
8, 7
4, 10
4, 8
4, 8
-0, 4
4, 8
-0, 11
7, 9
2.25, 8
4, 4
9, 5
10, 3.25
2.5, 11.5
3.75, -0
4, 8
5, 8
-0, 4
4, 0
4, 0
8, -0
8, 8
0, 8
11.375, 7
2, 0
8, 8
5.375, 0
9.5, 4.75
4.5, 4.875
4, 4
4, 4
1, 11.5
3.5, 3.375
8, -0
4, 8
8, 4
8, 8
2.75, 6
-0, 0
4, 4
-0, 8
2, 2
4.75, 8
4, 8
1.5, 4
-0, 4
0, 4
8, 4
0, 4
4, 8
8, 10
8, 8
4, 2
4, 8
8, 4
-0, 8
1.5, 0.875
10.25, -0
-0, 4
-0, 4
0, 4
4, 0
4, 4
5.25, 4
4, 8
0, -0
4, -0
2.75, 1.625
4, 0
11, 10
0.25, 4.25
8, 8
5.5, 4
6, 10.5
8, 9
-0, 4
0, 4
5.5, 0
8, 8
4, 8
4, 4
0.75, 6.875
-0, 3
0, -0
6, 9.5
8, 8
1.625, 3
8, 0
2.875, 6
8, 8
7.25, 7.5
5, 8
4, -0
7.25, 7.5
8, 8
1, -0
6, 2.5
4, 8
2, 2.5
-0, 8
4, 9.375
9.5, 8
3, 5
8, -0
0, 2
10, 3
4, 7
5, 1

10.25, 6
4.875, -0
7, 2
8, 4
4, 8
4, 4
-0, 8
0, 8
4, -0
6, 9
3.5, 9.5
8, 3.75
4, 10.5
8, 5
8, 0
7, 8.75
8, 2
8, -0
4, -0
8, 4
4, 4
2, 0
11, 9
1, 1
2, 6
8, 4
8, 8
8, 4
8, 4
4, 8
8, 4
2, 0
8, 5
-0, -0
8, 9.5
4, 7.5625
0, 8
10, 1
10.875, 2
8, 0
8, 4
-0, -0
4, 0
-0, 3
3.5, 2
0, 4
4, 0
9, 4
3.5, 10.25
5.5, 3
3.75, -0
8, 8
2, 11
8, -0
4, 8
8, 4
8, 8
4, 4
8, 4
10.75, 7
2, 4
4, -0
9.875, 0
5.5, 8.75
5, 4
4, 0
4, 0
3.5, 4
2.25, 4.125
8, 8
8, 0
4, 0
5, -0
9, 5
4, 0
8, 4
8, 4
10, 4
5.5, 0
8, -0
4, 0
8, 4
4, -0
4, 11.625
8, 8
4, 0
4, 6
8, 4
7.5, 8
4, 4
4, 0
8, 0
9.5, 0.5
5.5, 10
8, 8
-0, 0
4, 0
8, 4
0, 4
3, 8
8, 4
0, -0
4, -0
10.75, 10.3125
4, 8
3, 9
0, 11.875
8, 8
9, 8
7, 5
1, 11
8, 4
0, 8
8, 8
4, 0
8, 8
4, 8
6.5, 11.75
8, 10
8, 4
8, 2.5
-0, 6
0.875, 11
8, 8
5.375, 4
8, 4
11.5, 4.5
-0, 8
4, -0
4, 3.5
4, 0
11, -0
4, 7
0, -0
2, 8
8, -0
4, 8
9, -0
4.5, 8
0, 8
8, 9
-0, -0
8, 2
6, 1

11.75, 2
10, 8
5, 10
0, 4
4, 4
-0, 0
8, 8
8, -0
-0, 8
5, 4
2, 6.5
8, 9.75
4, 1.375
4, 3
0, 4
1.75, 3.25
8, 8
-0, 4
8, 8
0, 8
8, 8
5, 8
5.5, 8
0.75, 7.125
2, 6
0, 8
-0, 4
8, 4
-0, -0
4, -0
8, 8
-0, 0
6, 3
-0, -0
8.5, 2.5
8, 10.125
0, 8
10, 7
4, 10
8, 8
8, 8
8, -0
8, 8
4, 5
11, 3
4, 4
4, 4
6, 3
9.75, 3.75
10, 6
0.875, 8
0, 4
-0, 0
4, -0
-0, 0
0, 4
-0, -0
0, -0
0, 4
9.625, 4
2, 4
8, 8
8.25, 4
0, 3.25
11.875, 9.625
4, 4
8, 0
0.75, 2
10, 8.5
8, 4
0, 4
0, 4
7.25, 4
5, 5
4, 0
0, 4
-0, 4
-0, 10
8.75, 4
-0, 4
9, 8
-0, 4
0, 4
8, 5.75
8, 8
4, 8
-0, 10.25
0, 0
10, 3
0, 8
-0, 8
-0, 4
7.5, 11.5
0.375, 3
-0, 8
8, 8
4, 0
0, 4
0, 0
9.25, 4
8, 8
4, 4
0, 8
7.25, 9.3125
0, 8
6, 3
0.75, 11
8, 8
1, -0
-0, 5
5, 1
-0, 4
0, 4
11.75, 0
4, 8
4, 0
4, 4
3.75, 8.5
6, 11
8, 10
0, 3.5
-0, 3
1.375, 1
8, 4
0.875, -0
0, -0
6.5, 9.5
11, 8
4, 4
9.25, 7.25
8, 8
11, -0
2, 1
8, 8
5, 5.5
-0, 8
4, 2.125
0.5, 4
-0, 8
4, 8
8, 8
4, 4
-0, 2
9, 6

4, 4
0.5, 8
10, 2
8, 0
4, 8
8, 0
4, 8
4, 4
8, 8
1, 11
8, 2
0, 2.375
2, 0.375
0, 9
0, 8
9, 6
-0, 5
8, -0
8, -0
8, 8
8, 8
5, 4
1.5, 4
6.875, 11.875
7, 2
8, 8
8, 0
4, 0
4, 4
8, -0
4, 4
5, 4
6, 7
8, 8
8.25, 3.5
4, 6.4375
8, 0
8, 1
8.875, 2
4, 4
4, 4
4, -0
-0, 0
6, 6
8, 0
7.5, -0
-0, 0
2, 6
6, 2
9, 3.25
8.125, 8
8, -0
11, 5
-0, 8
4, 0
8, 0
4, -0
8, -0
4, 8
0.625, 11
8, 0
8, 8
1.75, 6
6.5, 2.75
9.5, 7.5
0, 0
4, 8
5.25, 10
10.375, 7.25
8, -0
4, 8
8, 0
10.5, -0
5.75, 10
4, 0
4, 4
4, 8
-0, 4
4.75, 4
4, 8
10, 8
8, -0
8, -0
8, 8.75
0, 0
4, 8
-0, 4.5
8, 4
7, 3
8, -0
8, 8
-0, 8
5, 4.625
4.75, 2
4, 4
8, 0
4, 8
8, 0
4, 4
0.75, 4
4, 4
4, 8
8, 8
11.5, 0.0625
0, 0
7, 7
10, 3.875
8, 8
10, 4
4, 6
6, 8
8, 0
8, 0
2.5, 0
8, 0
-0, 8
4, 8
9, 10.625
-0, 5
8, 8
10, 9
8, 3
4.5, 1
8, 0
10.125, -0
8, 8
6, 4.5
6, 0
4, 8
3.25, 7.75
0, 4
2, 4
0, 6
8, -0
4, 6
8, -0
4, 3.125
4, 4
11, 2
8, 4
8, 5
6, 3
4, 9
2, 10

7.25, 6
10.75, -0
7, -0
0, 8
-0, 4
-0, 4
-0, 4
8, 4
8, 4
2, 0
2, 1.5
4, 11.625
3, 11.125
0, 8
8, 4
2.75, 10.75
4, 2
-0, 4
8, 8
8, 8
8, 4
4, 4
3, -0
11.25, 11.25
8, 6
0, 4
-0, 4
4, 4
-0, 8
-0, 4
4, 0
7, 0
6, 5
4, 8
2, 9.875
7.25, 7.6875
0, 4
0, 6
2, 8
8, 0
4, -0
-0, -0
-0, 0
6, 2
3, 8
2.75, -0
4, 8
11.5, 4
6, 10.75
5.5, 8.75
2, 4
0, 8
9, 4
8, 4
4, 0
0, 8
-0, 8
0, 4
4, 0
7.625, 9
7, 8
4, 8
7.625, 0
3, 8
11.5, 0.125
0, 4
-0, 4
3.5, 2.5
8.625, 6.875
4, 8
4, 0
0, 4
9, 8
5.75, 6
8, 4
8, 8
4, -0
8, 10
0.25, 0
4, -0
8, 4
-0, 4
0, 4
8, 7.625
0, 8
-0, 4
8, 10.5
0, 4
6, 4
8, 4
4, 0
8, 4
6.5, 11.125
9.125, 8
-0, 4
8, 8
8, 4
0, 8
4, 4
10, 4
0, 8
0, -0
4, 4
6.5, 5.25
0, 8
11, 5
5.5, 5.5
8, 4
9.5, -0
4, 9.5
4, 10
8, 8
0, 4
6, 0
0, 0
8, 8
0, 4
1.25, 4.375
8, 10
8, -0
6, 3
8, 3
0.625, 7
4, 8
4.25, -0
4, -0
5.5, 3
-0, 0
8, 4
7.25, 10.25
8, 0
7, -0
0, 2
4, -0
4, 3
4, -0
8, 2.75
3.5, -0
1.5, 1
0, 4
8, 1
1, 11
4, 11
1, 1

1.75, 5
5.5, 2
0, 11
4, 4
4, -0
4, 4
-0, 0
0, 8
4, -0
6, 1
1.5, 1
0, 0
5, 10.25
4, 8
4, 4
2.625, 4
8, 9
4, 4
8, 4
4, 4
4, 0
10, 4
9.5, 8
8.125, 3.25
4.75, 0
0, 8
4, 8
0, 0
8, 8
-0, 8
-0, 0
-0, 0
2, 0.5
8, 8
9, 1.25
4, 4.125
0, 4
4, 11
7.875, 2
-0, 0
8, 4
-0, -0
4, 8
1, 2
11, 9
11.75, 8
-0, 4
6, 0
1.75, 11
1, 9
6.875, -0
0, 8
2, 8
-0, 4
4, 4
4, 4
8, 4
4, 4
8, 0
4.25, 10
0, 0
0, -0
-0, 2
11, 5.25
4.5, 6
0, 4
4, 4
1.75, 4
2.75, 11.375
0, 8
0, 4
0, 0
0.5, -0
8.25, -0
4, 8
8, 8
8, -0
4, 2
9.25, 8
-0, 4
2.5, 0
8, 8
0, -0
0, 8.125
8, 0
-0, 0
4, 8.5
8, 4
9, 11
0, -0
4, 4
4, 4
9, 8.5
7.625, 4
-0, 8
4, 4
4, 8
4, 4
0, 8
2.5, 4
8, 4
0, -0
8, -0
4, 3.1875
4, 4
6, 9
0.5, 1.75
8, 8
8.25, 8
11, 1
4, 4
4, 8
8, 8
2.75, 0
8, 8
-0, 4
4, -0
2.5, 11.875
8, 8
8, 4
2, 5.5
-0, 4
6.375, 8
-0, 8
0.375, 6
4, -0
2, 10
6, 4
8, 8
8.5, 7
8, 8
1, 4
8, 0
8, 4
10, 4.5
4, 4
-0, 0.625
2, -0
4, 4
4, 4
8, 4
2, 3
-0, 5
9, 0

11, 11
2.125, 1
11, 1
4, 8
-0, 8
-0, 4
8, 0
0, 4
4, 4
9, 5
11, 1.5
4, 4.25
7, 0.375
0, 1
0, 4
4.5, 1
4, 11
4, 4
0, 8
0, 8
8, 0
8, 0
3.5, 7
2.25, 9.375
7, 6
4, 4
-0, 8
4, 0
8, 4
-0, 8
4, 0
7, 4
-0, 1
4, 8
4.75, 8.5
2.5, 4
4, 4
6, 8
11.125, 4
-0, 8
4, -0
-0, 8
4, 0
3, -0
3.5, 5
7.25, -0
4, 8
2, 4
7.5, 9.5
1, 1
1.5, 8
0, 8
10, 6
4, -0
8, 8
4, 8
-0, 8
0, 4
0, 8
8.125, 8
0, 0
8, 8
11.625, 6
7, 2.25
6.75, 0.625
4, 8
4, 4
0.5, 3
10.25, 5.875
8, -0
8, 0
4, 4
10.5, 8
10.5, 5
4, 0
8, -0
-0, 8
-0, 0
6.5, 8
8, -0
1.5, 4
4, -0
4, -0
4, 8.125
0, 8
4, 4
-0, 1.75
0, 0
2, 7
0, 8
8, 0
-0, 4
6, 11.375
2.875, 11
8, 4
4, 4
8, 0
4, 8
0, 4
8.75, 0
8, -0
4, 4
4, 4
0, 11.6875
4, 4
-0, 6
10.5, 2.5
4, 4
11.75, 8
7, 8
3, 3
-0, 8
4, 0
9.25, 8
4, 0
-0, 8
0, 8
7.5, 1.625
8, 2
8, 3
4, 5
-0, 4
0.375, 7
8, 0
6.625, 2
4, 4
7, 7
9, 4
4, -0
3.5, 4.75
8, 8
5, -0
4, 5.5
4, -0
8, 1.5
4, 4
4, 11.375
7.5, 4
5, 7
0, 8
4, 1
8, 8
4, 1
9, 7

11.25, 8
1.25, 10
1, 9
8, 0
8, 4
4, 4
8, 0
0, 8
-0, 4
9, 4
7, 8.5
0, 3.625
2, 1.75
8, 6
4, 0
10.25, 2.5
-0, 9
-0, 8
0, 4
8, 8
4, 0
5, 4
2, 2
5.25, 8.5
7.5, 4
8, 4
8, 4
4, 4
8, 8
-0, -0
8, 4
9, 8
2, 2
-0, 8
7.5, 5.375
9.5, 11.75
8, 4
2, 2
5.875, 10
8, 4
0, 8
8, 4
8, 8
1, 1
7, 10
2.25, -0
-0, 4
2.5, 10
11.5, 9
5.5, 1.75
3.625, 4
8, 4
7, 8
4, -0
8, 8
8, 0
8, 8
4, 4
0, 8
0.375, 4
0, 0
8, 4
10.625, 0
10, 8.5
10.375, 4.625
0, 4
8, 8
4, -0
2.5, 1.875
8, 8
4, 0
8, 4
7.5, -0
1.5, 10
4, 0
0, 8
-0, 4
4, 6
2.25, 8
4, -0
8.5, 8
4, 4
0, 8
0, 2.875
8, 8
8, 0
-0, 7
4, 0
11.5, 4
0, 8
8, 8
4, 0
11, 3.125
1.875, 6
8, 4
4, 0
0, 0
8, 0
8, 8
1.75, 8
0, -0
4, -0
4, -0
5.25, 3.8125
8, 0
3, 3
5.75, 8.375
8, 4
11.25, 8
10, 11.5
8, 6
-0, 4
4, 4
0.5, 0
0, 4
-0, 4
8, 4
0.25, 3.875
10, 1
0, 2
4, 2.5
-0, 9
7.375, 0
8, 8
3, 6
8, 4
0, 8.5
11, 4
8, 8
10, 10
8, 4
4, 4
10, 10
8, 8
10, 11.5
-0, 8
4, 9.25
5, 8
-0, 2
0, 8
0, 6
9, 3
-0, 7
2, 8

5, 3
1.5, 4
2, 8
4, 0
8, 4
-0, 0
8, 4
8, -0
8, 4
11, 2
5, 3
8, 11.125
9, 10.5
8, 6
4, 4
9.875, 5
8, 0
8, 8
8, -0
4, 0
-0, 4
11, 4
8.5, -0
1.375, 0.625
11.5, 0
8, 8
8, 0
8, 4
4, 4
8, -0
-0, 4
6, 0
10, 11
-0, 4
9.75, 2.375
9.75, 0.3125
8, 4
0, 11
4.75, 8
8, 4
0, 4
4, -0
8, 4
1, 10
2, 3
8.5, -0
-0, 8
4, 5
7.5, 8
10, 0.5
11.5, 4
8, -0
10, 2
4, 4
8, 4
4, 0
4, 8
0, -0
4, 4
10, 11
11, 4
0, 4
1.375, 2
8, 8.5
3.625, 2.5
0, 8
8, 4
7.75, 5.5
4.25, 11.625
0, -0
4, 4
8, 8
7, 4
4.75, 6
4, 4
0, 4
-0, 8
4, 0
5, 0
4, 4
6, 4
8, -0
4, 8
4, 2.875
0, 8
8, 4
4, 5
0, 4
6, 9
4, -0
4, 4
4, 4
4.5, 4.875
4.25, 11
4, 0
4, 0
8, 4
4, 0
0, 8
6, 4
0, 8
8, 4
0, 4
7.5, 3.875
8, 8
-0, 5
1.25, 3.125
8, 4
5, -0
6, 8
10, 4
8, 0
8, 0
11.25, 8
8, 4
8, 0
8, 4
3.5, 10.5
2, 6
0, -0
2, 0.5
8, 3
8.5, 2
-0, 0
9.125, 10
0, -0
9.5, 2
4, 4
4, 8
9.75, -0
8, 0
10, 4
4, 5
4, 8
10, 5.5
8, 4
4, 0.75
2, 8
9, 9
4, 8
4, 10
11, 7
4, 5
2, 8

11.25, 9
5.125, 6
5, -0
0, 8
8, 8
4, 0
4, 4
0, 4
-0, 4
8, 4
0.5, 9
0, 0.625
11, 4.375
8, 6
0, 4
9.125, 3.25
4, 2
-0, 4
0, 4
0, 4
8, 0
10, 0
7, 11
6.375, 3.25
11, 2
0, 8
-0, 4
0, 4
8, 8
-0, 4
-0, 0
4, 4
4, 2.5
-0, 4
6.5, 7.875
-0, 0.5
0, 0
10, 4
6.25, 10
8, 4
0, -0
-0, 4
-0, 4
10, 9
1, 2
7, 8
-0, 4
2.5, 1
3.75, 2.5
2.5, 7.5
7.125, -0
0, 4
9, 10
-0, 4
8, 8
0, 8
-0, 8
4, -0
0, 8
9.375, 6
6, 8
0, 4
-0, 2
10.5, 6
8.25, 0.5
4, 4
8, 8
1.5, 4
8.625, 11.625
0, -0
0, 0
0, 8
7.75, 4
3, 10
8, 8
4, 4
8, 8
8, 10
2, 0
-0, -0
7, 8
-0, 4
0, 8
8, 0.25
8, 0
8, 4
-0, 11.5
8, 0
9.5, 3
8, -0
-0, 4
-0, 4
9, 1.5
7.875, 4
-0, 4
-0, 8
4, 4
0, 8
8, 8
9.75, 4
0, 4
8, 8
8, 4
6.25, 5.1875
0, 8
3, 11
4.5, 1.75
8, 4
10, 8
7, 1.5
1, 4
-0, 4
0, 4
8.25, 0
0, 0
-0, 0
8, 8
6, 6.875
10, 6
8, 2
2, 10.5
4, 2
2.5, 9
-0, 0
9.625, 8
0, 8
10.5, 3.5
6, 0
0, 4
3.5, 7
8, 4
5, -0
10, 6
0, -0
11, 11
-0, 4
-0, 2
6.5, 4
10, 9
8, 8
8, 7
4, 2
4, 11
8, 1

6, 11
4.75, 2
7, 7
4, 4
8, -0
4, 4
8, 4
8, 4
8, 8
9, 5
2, 4
4, 7.125
0, 6.25
0, 9
8, 4
10.125, 4.25
-0, 2
4, 4
4, 4
4, 4
8, 4
6, 4
9, 3
3.5, 2.125
9.25, 10
4, 4
4, 8
8, 8
8, -0
4, 8
8, 4
2, 0
6, 10
8, 4
2, 4.875
10.25, 11.0625
4, 8
2, 0
10.125, 4
8, 4
4, 8
4, -0
8, 4
11, 4
3, 7
9, -0
-0, 8
11.5, 8
11, 8.5
1.5, 7
10.125, 4
0, 8
4, 3
4, 4
8, 4
4, 4
8, -0
4, 4
8, 4
6.75, 5
11, 4
8, 4
10.375, 8
5.5, 9.75
4.5, 1.25
0, 8
8, 4
9.75, 11.5
11.125, 0.125
4, 4
0, 8
4, 4
5, 8
1, 2
-0, 4
4, 8
8, 4
-0, 8
11.5, 8
-0, 8
2.5, 4
8, -0
4, 4
8, 7.25
0, 0
8, 0
4, 8
0, 8
5, 4
8, -0
-0, 4
8, 4
4, 7.5
11.375, 7
8, 4
-0, 0
8, 4
4, 4
8, 0
10.75, 8
4, 4
8, -0
0, -0
11, 0.4375
4, 4
8, 8
2, 9.625
8, -0
11.5, 4
3, 8.5
4, 5
4, 4
8, 0
7.25, 0
0, 4
8, 0
8, -0
1.5, 11.625
6, 2
0, 1
6, 3.5
-0, 1
1.375, 10
4, 4
7.625, 8
4, 8
7.25, 3
-0, 8
8, 4
6.75, 0.5
8, 4
7, -0
6, 6.5
4, 4
5, 7
4, 8
8, 10.125
-0, 8
5.5, 9
4, 4
8, 4
7, 11
-0, 1
9, 6

5.75, 1
11.375, 2
8, 11
8, 0
8, -0
-0, 0
-0, 0
4, 8
4, -0
3, 1
6, 3
8, 5.875
2, 11.375
8, 10
0, 4
3.75, 6.25
-0, 5
8, 4
8, 4
8, 4
8, 0
4, 0
4.5, 7
0.875, 9.75
11.5, 10
0, 0
4, 8
8, 0
4, 8
4, 8
4, 0
10, 4
6, 5
4, -0
9.25, 9.5
1.75, 7.8125
4, 8
10, 10
0.75, -0
8, 0
8, -0
4, -0
-0, 0
9, 6
-0, 4
6, -0
4, 0
5, 10
6.75, 5.75
9.5, 5.5
0.5, 4
8, 8
8, 1
4, 8
8, 0
8, 0
-0, 4
0, -0
8, 8
8, 3
5, 4
8, -0
2.875, 2
2, 9.25
6.625, 4.75
0, 4
8, 0
2, 3
2.625, 5
4, 8
8, 0
4, 0
11.25, -0
10, 7
-0, 4
8, -0
8, 4
4, 6
1.75, 8
8, -0
8.5, 0
-0, -0
0, -0
0, 8.75
0, 4
4, 8
4, 7.75
8, 8
4.5, 10
4, -0
4, 0
-0, 4
7.5, 9.125
1.625, 3
8, 0
-0, 0
4, 8
8, 0
0, 4
8.25, 8
8, -0
0, 4
0, 4
1, 4.6875
0, 4
9, 3
6.75, 11.25
8, 8
5.75, 8
8, 4
0, 7
8, 4
0, 0
2.5, 8
8, 8
4, 0
8, -0
8.75, 11.375
4, 2
0, 8
4, -0
8, 8
2.375, 4
4, 8
10.375, 10
4, 8
10.5, 5
10, 0
8, -0
1.25, 6
4, 8
10, -0
8, 4
8, -0
11, 4.5
4, 8
-0, 8.125
3.5, 8
7, 11
8, -0
4, 3
7, 9
-0, 4
1, 3

4.75, 5
9.375, 7
0, 9
4, 0
8, 8
-0, 8
8, 0
8, 4
-0, 4
3, 10
3.5, 5.5
8, 11.625
4, 1.625
0, 1
4, 4
7, -0
8, 3
-0, -0
0, 8
0, 8
-0, 0
6, 4
10, 5
7.625, 3.375
9.75, 2
4, 4
-0, 8
8, 8
8, 4
4, 4
8, 8
8, 0
8, 5
8, 4
1, 8.125
7.25, 2.25
4, 8
2, 9
8.125, -0
4, 4
8, 8
-0, 4
8, 8
6, 11
11, 0
6.5, 4
8, 4
3, 9
2.5, 6.25
-0, 4.25
9.625, -0
0, -0
11, 2
4, 4
8, 4
4, 0
4, 8
0, 8
8, 8
2.625, 9
3, 0
8, 8
1.375, 0
11.5, 0
1.75, 7.625
8, 8
8, 4
11.75, 1
8, 6.625
4, 4
4, 4
4, 0
11, 4
3.5, 9
4, 4
8, 8
8, 8
2, 0
8.25, 0
4, 4
7.5, 0
4, 4
4, -0
0, 4.875
4, 8
8, 8
-0, 7.75
4, 4
6.5, 1
4, -0
-0, 8
4, 4
4, 0.125
8.75, 7
-0, 8
4, 0
8, 8
4, 0
4, 8
0.75, 4
4, 4
4, -0
8, 8
4, 4
4, 0
5, 6
5, 10.875
4, -0
5, 4
7, 5
6, 11
-0, 8
4, 4
3.5, 4
4, 4
-0, 4
8, 8
9, 1.875
10, 7
4, 7
8, 6.5
4, 9
9.375, 8
4, 4
2.125, 6
0, 4
0.5, 5
4, 4
8, 4
10.75, -0
8, 8
7, 4
6, 7.5
4, 8
6, 10
8, -0
8, 8.25
7, -0
2, 1
8, 4
4, -0
1, 11
8, 7
2, 2

7.5, 4
-0, 9
4, -0
0, 0
8, -0
-0, 8
-0, 8
4, -0
-0, 8
-0, 8
11.5, 0.5
4, 1.5
0, 1.75
4, -0
0, 4
9.125, 6.25
8, 6
-0, -0
4, -0
0, 0
8, 8
9, 4
10.5, 8
11.875, 6
0, 10
0, 8
-0, 4
8, 0
8, 8
-0, 4
4, 8
-0, 4
6, 5.5
8, -0
8.25, 7.5
1.5, 2
8, 8
4, 4
11.875, 10
-0, 8
4, 8
8, 4
4, 0
7, 9
0.5, 11
0.25, 8
8, 0
2, 8
9.5, 10
1, 10.75
7.625, 8
8, 4
3, 3
-0, 8
8, 8
0, 0
-0, 4
0, 8
8, 4
3, 5
11, 4
4, 4
1.625, 2
3, 7.75
2.625, 3.125
4, 8
8, 8
11, 10
3.75, 7.125
0, 8
8, 0
0, 8
11.75, 8
6, 8
4, 8
8, 4
8, 4
-0, 0
0.5, 4
8, -0
3.5, 0
8, -0
0, 8
8, 0.125
0, 8
8, 8
-0, 4.75
4, 8
11.5, 11
4, -0
4, 8
-0, 4
11.5, 4.125
11.75, 1
-0, 8
8, 8
4, 8
0, 0
0, 8
-0, 0
8, -0
0, 4
0, -0
1.75, 7.375
8, 4
8, 4
3, 8.25
4, -0
11, 4
3, 11
10, 0
-0, 4
8, 0
6.75, 8
4, 8
-0, 4
8, -0
3, 3.375
2, -0
4, 2
8, 5
8, 8
0.875, 10
-0, 8
2.25, -0
4, -0
3.75, 11
-0, 8
4, 8
11.25, 8.5
4, 0
0, 4
4, 10
4, -0
0, 6
8, 8
8, 2.25
11.5, 8
4.5, 1
8, -0
8, 5
8, 10
8, 10
10, 5

0.75, 8
11, 2
4, 11
0, 4
4, 4
4, 4
4, 4
4, 4
4, 4
1, 2
11, 6
4, 7.25
0, 6.375
4, 7
4, 4
5.875, 2.25
-0, 10
-0, 4
8, 8
8, 8
4, 8
10, 4
1.5, 11
8.375, 10.25
6, 4
8, 8
8, 8
0, 8
4, 8
4, 4
4, 4
2, 0
2, 6.5
4, -0
4, 9.5
10.25, 0.125
0, 4
10, 3
6.75, 10
4, 4
4, -0
4, 4
4, 4
1, 1
11.5, 1
4.25, 8
4, 0
-0, 1
9.5, 10
2, 0.25
4.625, 8
0, 4
7, 2
4, 4
4, 4
0, 4
4, 8
4, 4
4, 4
2.75, 2
1, 4
4, 4
9.375, 10
4, 4.75
9, 2.25
4, 8
4, 4
9.5, 11.5
10.875, 0.875
8, 4
4, 4
0, 4
10.25, 8
4.25, 2
4, 4
4, 4
4, 4
4, 0
11.25, 4
4, 4
7, 8
4, -0
4, 4
4, 4.75
4, 8
8, 0
8, 1.75
4, 4
10, 10
4, -0
8, 4
4, 4
11.5, 4.75
7.125, 2
4, 4
-0, 0
4, 0
0, 4
4, 0
9, 0
4, -0
8, 4
4, 4
9.25, 2.6875
8, 4
4, 5
0.5, 3.25
4, 4
5.5, -0
10, 7
4, 5
-0, 0
4, 0
7.5, 8
0, 0
-0, 0
4, 4
3.5, 11.375
2, 4
4, 4
8, 5
8, 0
3.375, 3
8, 4
8.625, 2
0, -0
11, 3.5
10, 8
8, 8
1, 3.75
0, 0
4, 8
2, 3.5
8, 8
6, 3
-0, 4
4, 1.75
5.5, -0
2, 11
0, 8
4, 3
10, 8
4, 7
10, 8

6, 5
10.75, 2
1, 2
8, 4
-0, 4
4, 4
8, 0
8, 4
-0, 4
1, 7
4, 8
0, 2.875
11, 8.75
8, 10
0, 8
9.25, 4.5
-0, 1
8, 4
4, 8
8, 4
-0, 0
8, 0
0, 9
0.125, 3
3.5, 8
8, 4
4, 8
0, 0
4, 4
4, 8
-0, 4
-0, 0
-0, 8
-0, 4
11.5, 7
9, 2.9375
8, 4
8, 7
2.5, 6
4, 4
0, 4
8, 4
8, 4
8, 10
8, 8
9.25, 8
-0, 4
10, 3
1.5, 0.5
10, 3.75
8.375, 4
4, 8
-0, 7
-0, 8
4, 0
8, 4
8, -0
4, 4
0, 0
10, 2
7, 8
0, 8
2.875, 6
11, 1
9, 8.5
0, 4
-0, 4
5, 5.5
4.375, 7.25
8, 8
0, 8
8, 4
8, 4
6, -0
4, 4
0, 4
-0, -0
6, 2
1.5, 8
-0, 8
3.5, 0
-0, 8
4, 8
4, 2.125
0, 8
-0, 4
4, 6.75
8, 8
9, 2
8, -0
-0, 8
-0, 8
1, -0
0.75, 8
-0, 4
8, 4
4, 4
8, 4
0, 4
9, 4
0, 8
0, -0
8, 8
7.25, 5.5
8, 4
9, 4
2.75, 6.75
-0, 8
7, -0
8, 10
6, 1
8, 4
0, 8
10.5, 8
8, 4
4, 8
0, 4
2, 7.25
8, 7
4, 5
0, 4
-0, 11
9, 3
8, 8
6.75, 10
0, -0
11, 6.5
5, 4
4, 4
0.25, -0
0, 0
4, 8
2, 9.5
8, 4
6, 5
8, 4
4, 11.25
11, -0
0.5, 3
4, 4
0, 2
6, -0
-0, 2
6, 2

1.5, 9
-0, 7
1, -0
4, 0
-0, 8
-0, 0
4, 0
4, -0
8, 4
7, 7
10.5, 3
0, 3.75
2, 1.125
8, 5
0, 0
8.75, 3.25
-0, 6
4, -0
8, 8
4, 4
8, 0
2, 4
11.5, 1
-0, 8.375
6, 8
4, 0
4, 0
4, 4
4, 4
4, 4
-0, 8
1, 4
2, 5.5
4, -0
4.25, 4.25
8, 1.4375
8, 4
2, 2
8.875, -0
4, 0
0, 8
4, -0
-0, 4
3, 1
1, 11
10.75, 4
4, 0
4.5, 7
1.75, 3.75
4, 11.25
1.125, 8
4, 4
10, 11
-0, 4
8, 4
4, 0
4, 4
0, -0
8, 8
6.125, 5
6, 0
0, 4
8, 6
2.5, 6
5.625, 1.375
0, 8
4, 8
0.75, 8
4.125, 0.5
4, 8
8, 4
4, 0
0.75, -0
8.25, 11
4, 0
8, 4
8, 8
10, 10
5.75, 8
8, 4
0, 8
-0, -0
0, 4
0, 8.875
0, 8
4, 8
-0, 4
8, 4
8, 11
4, 8
-0, 0
-0, 0
8, 8.375
2.75, 9
4, 8
8, 8
0, 4
4, 0
4, 0
10.5, 4
8, 8
8, -0
0, 8
1, 4.5
4, 0
-0, 4
9, 0.5
-0, 4
3, -0
9, 3.5
3, 7
8, 8
0, 0
10, 8
8, 4
8, 0
0, 8
8.5, 10.625
10, 7
4, 7
0, 5
4, 10
8.375, 8
4, 8
4.375, -0
0, 4
4.25, 10
7, 4
0, 8
4.5, 10
0, 4
3, 4
6, 10
4, 4
0, 2
8, 4
-0, 6.5
6.5, 4
2, -0
8, 4
0, 3
9, 10
-0, 3
3, 8

5.25, 9
7.125, 2
7, 6
8, 8
-0, 4
4, 8
4, 4
0, -0
4, 8
9, 4
5.5, 2
0, 9.125
1, 1.25
4, 3
8, 0
8.125, 3
8, 10
8, -0
8, -0
8, 0
4, 0
6, 8
4.5, 3
6.125, 11.375
6.5, 8
0, 8
4, 8
8, 0
4, 8
4, 4
4, 0
5, 0
8, 2
4, 8
7.75, 10.75
4.25, 5.5
4, 8
4, 9
6.375, 8
8, 0
4, -0
4, 8
4, 8
-0, 7
1, 4
10.75, -0
4, 0
-0, 7
5, 9.5
5.5, 9
9.5, 4
8, -0
7, 8
8, -0
8, 4
8, 8
8, 8
4, 8
8, 8
2.375, 1
0, 4
0, -0
1.125, 4
9.5, 9
4.875, 6.5
8, 4
4, 0
8.5, 8.5
9.125, 3.875
8, 8
8, 0
8, 0
6, -0
5, -0
8, 0
0, -0
8, 8
4, 8
9.25, 0
8, -0
3, 4
8, -0
8, 4
0, 0.5
8, 8
-0, 4
4, 4.75
0, 8
11, 11
8, 8
8, 4
8, 0
8.5, 6.75
0.25, 7
8, 8
4, 8
4, 0
8, 8
8, 0
5.25, 4
8, -0
8, 4
8, -0
8.75, 1.4375
8, 8
8, 9
4.5, 6.5
-0, -0
11.5, -0
2, 9
5, 6
4, 4
8, 0
9, 4
0, 8
4, 0
0, 4
9, 6
2, 11
0, 5
4, 4.5
-0, 11
3.125, 8
8, 8
2.125, 4
8, -0
10.75, 8.5
2, 4
8, -0
1.5, 8.75
4, 8
8, 8
8, 3
8, 8
11, 8
4, 8
-0, 10.75
1, 4
2, -0
8, -0
8, 7
3, 6
8, 9
3, 3

-0, 8
0.375, 5
1, 6
0, 4
-0, 8
-0, 8
-0, 8
0, -0
-0, 8
6, 5
0, 11.5
4, 7.875
9, 11.875
8, 1
8, 8
5.25, 5.5
-0, 9
-0, -0
0, 4
8, 8
-0, 8
10, 0
1, 9
0.625, 1.75
6, 10
0, 4
-0, 0
0, 0
4, 4
8, 8
-0, 8
3, 4
10, 7
8, -0
4.5, 7.125
7, 7.625
8, 8
8, 11
1.75, 6
4, 8
0, 8
-0, -0
8, 0
3, 5
0.5, 11
11.75, 4
-0, 8
1.5, 6
3, 8.25
-0, 2.75
7.125, -0
8, -0
5, 1
-0, 8
-0, 4
0, 4
-0, 8
0, 8
4, 4
4.125, 2
0, 8
0, -0
2.875, 6
8.5, 3.25
4, 11.75
0, 4
-0, 8
3.5, 10.5
11.375, 9.75
4, 8
0, 8
0, 0
6.25, -0
4.5, 9
4, 8
4, -0
4, 4
8, 8
3, 8
-0, 8
10, 4
-0, 8
0, 4
8, 3.125
0, 8
8, 0
-0, 11.75
8, 4
8.5, 3
8, 4
4, 0
8, 8
8.5, 6.125
0.875, 6
4, 4
8, 0
8, 8
0, 4
0, 0
6, 4
4, 8
4, 4
8, 8
0, 3.9375
8, 0
11, 4
6.5, 8.5
8, 8
4, -0
3, 3.5
6, 8
8, 0
0, 8
7, 8
4, 8
-0, 4
0, 8
8.5, 5
8, 6
0, 2
4, 1
4, 9
10.5, 11
4, 8
4.375, -0
0, -0
7, 8
9, 4
8, -0
5.25, 0.25
0, 8
5, 8
8, 8
0, 8
8, 7
8, 8
4, 8.5
3.5, -0
9, 11
0, 8
0, 5
-0, 10
-0, 1
6, 1

8.5, 3
1.5, 1
3, 4
8, 8
4, 8
-0, 0
8, 4
0, 8
-0, -0
1, 0
1.5, 3.5
4, 4.25
1, 3.375
0, 6
0, 0
5.5, 10
8, 0
8, 8
0, 8
8, 8
8, 4
1, 8
11.5, 7
1.875, 1
3, 4
8, 8
8, 4
8, 4
8, 8
-0, 8
4, 4
4, 8
-0, 11
-0, -0
3.5, 1.875
6.25, 4.25
4, 8
0, 6
8.25, -0
8, 4
4, 4
4, 8
4, 8
2, 8
7, 0
6, -0
4, 0
11.5, 2
10.5, 4
10.5, 2
8.5, -0
8, 8
9, 6
4, -0
4, 0
8, 8
4, -0
0, -0
8, 4
11.75, 10
1, 4
4, 8
5.625, 8
7, 3.75
2.125, 2.25
4, 0
4, 4
1.5, 4
0.25, 1.875
0, 8
0, 0
8, 8
0.75, 8
4, 9
4, 4
8, 8
8, 4
6, 6
11, 0
-0, -0
1, 0
-0, -0
8, 8
0, 10
0, 8
4, 4
4, 7.5
0, 4
6, 4
4, 4
4, 8
-0, 0
1.5, 1.625
7.875, 10
4, 8
-0, 8
4, 0
8, 8
4, 0
8.25, 4
0, 4
0, -0
4, 4
3.25, 9.125
8, 8
7, 8
9.25, 5
4, 4
8, -0
4, 1
1, 11
-0, 8
0, 0
3, 0
0, 0
4, 4
4, 8
7.75, 8.25
6, 6
0, 1
6, 3
4, 9
10.5, 7
-0, 8
4.125, 4
0, 4
7.5, 2
10, 8
4, -0
8.25, 4
0, 4
6, -0
8, 11
8, 4
6, 3
4, 8
8, 4.5
11, 4
11, 1
4, 4
0, 2
8, 3
-0, 7
4, 3

2.5, 10
1.125, -0
7, 1
0, 8
4, 8
4, 8
4, 0
4, 8
-0, 8
11, 5
3.5, 2
0, 4
8, 2.5
4, 6
0, 0
6.5, 2.75
8, 9
-0, 8
0, 4
0, 8
4, 0
10, 0
8, 9
11.75, 10.375
2.5, 4
0, 8
4, 8
0, 8
8, 4
8, 8
4, 8
2, 4
-0, 7
4, 4
2, 2.625
1.75, 5.1875
4, 4
2, 2
5.125, 10
8, 0
4, 8
8, -0
4, 8
5, 2
5.5, 2
8.5, -0
4, 0
0.5, 9
10.75, 4
10, 6.25
10.125, 4
8, 4
1, 6
-0, -0
8, 8
0, 8
-0, 4
4, 8
0, 4
5.25, 10
1, 0
0, 8
9.125, 8
9.5, 2.25
1.75, 2
0, 0
4, 8
10, 11
8.375, 9.875
0, -0
4, 8
0, 8
9.75, -0
5.5, 6
4, 8
8, 8
-0, 4
-0, 8
1.75, 4
4, 8
8, 8
-0, -0
8, -0
0, 3.875
8, 4
8, 0
4, 1
4, 4
1, 7
4, 8
4, 8
-0, 0
9, 10.375
9.75, 2
-0, 4
8, 0
8, 8
0, 8
4, 8
7.75, 0
4, -0
4, 8
0, 8
9, 11.4375
0, 8
10, 10
1, 9
-0, -0
3.5, 4
7, 5
8, 11
8, 4
0, 0
2.75, 4
8, 8
4, 4
4, 8
0.25, 6.875
6, 5
4, 3
0, 9
8, 1
0, 6
-0, 0
3.125, 6
0, 8
10, 2
8, 8
0, 8
3, 7.25
4, 4
9, -0
10, 0.5
4, -0
5, 6.5
-0, 4
4, 0.125
9, -0
0.5, 11
4, -0
4, -0
7, 2
-0, 1
6, 8

3.75, 2
4, 10
4, 11
0, 8
8, 4
4, 8
8, 4
0, 8
8, 4
10, 0
4, 9
0, 5.5
5, 4.75
8, 5
8, 4
5.25, 11.75
8, 2
4, 4
4, 4
0, 8
8, 4
5, 8
2.5, 1
1.75, 11.25
6.5, 2
4, 8
4, 4
0, 4
4, -0
-0, -0
8, 4
-0, 0
6, 1
8, 4
8.5, 7
8.25, 6.375
0, 8
6, 9
10.875, 2
-0, 4
8, 4
4, 8
-0, 4
3, 6
9.5, 8
3, -0
8, 4
10, 6
6.75, 9.25
4.5, 7.5
2.375, -0
4, 4
10, 1
8, -0
-0, 4
0, 8
8, 4
4, 8
4, 8
11.5, 8
6, 8
8, 4
4.75, 8
10, 2.5
10.875, 1.875
8, 4
-0, 8
10.25, 9.5
1.125, 3.625
8, 4
8, 0
4, 4
4.75, 4
1, 6
8, 4
4, 4
4, 8
6, 0
2, 4
8, -0
6.5, 4
8, 4
4, 4
8, 4.375
4, 4
8, 4
-0, 5
8, 0
8, 8
4, 8
-0, 0
8, 4
1, 10.875
11.125, 10
-0, 0
8, 0
0, 8
0, 8
0, 0
2.5, 8
8, 4
0, 4
4, -0
9.5, 8.5625
0, 8
2, 1
0.25, 5.875
8, 4
10, -0
5, 2.5
2, 1
4, 4
8, 4
1.25, 0
0, 8
8, 4
8, 4
5.25, 0.125
8, 11
0, 7
6, 10.5
4, 10
2.875, 8
8, 4
9.375, -0
8, 4
3.25, 8.5
1, 4
8, 4
11.75, 4.5
8, 4
7, -0
10, 5
8, -0
8, 0
4, 8
4, 3.375
3, -0
11, 7
8, -0
0, -0
8, 7
-0, 7
2, 5

5, 6
1.875, 7
4, 6
0, 4
-0, 8
8, 0
-0, 0
0, 4
4, 8
1, 11
11, 9
0, 1.625
6, 8.75
0, 4
8, 4
0.75, 7.5
-0, 1
-0, 4
0, 4
0, 0
-0, 0
2, 0
7.5, 9
8.375, 5.875
9.5, 8
0, 0
8, 4
0, 4
8, 4
8, 8
-0, 0
7, 8
6, 3
8, 4
10.75, 6.375
2.75, 9.3125
8, 8
0, 6
7.875, -0
4, 0
4, 4
-0, 4
-0, 8
5, 11
5, 9
4.5, -0
-0, 4
4, 5
8, 10.75
2.5, 1
9.875, 8
0, 4
10, 11
8, 4
4, 8
0, 4
-0, -0
8, -0
0, 8
5.75, 4
6, 8
0, -0
0.375, 4
5, 0.5
11.875, 10.5
0, 0
8, 0
0, 2
7.125, 9.625
0, -0
8, 4
0, 4
11.5, -0
10.75, 1
-0, 0
8, -0
-0, 8
10, 6
1.5, 0
8, 4
8, 4
8, 4
8, 4
8, 6.125
0, 4
-0, 8
-0, 2.25
0, 4
2.5, 11
0, -0
4, 4
8, 4
2.5, 2.75
10.625, 8
-0, 4
-0, 0
4, 4
0, 4
8, 4
2.25, 0
4, 8
8, -0
8, -0
9, 9.8125
0, 4
7, 6
5.5, 2
4, 4
5.75, -0
8, 11.5
11, 11
-0, 4
8, 4
8.75, 4
8, 4
-0, 0
0, 8
2.5, 4.375
2, 5
8, -0
2, 6
4, 7
9.125, 3
-0, 0
4.75, 10
0, -0
11.75, 8.5
-0, 8
0, 4
10.25, 3
8, 0
4, -0
6, 6
8, -0
4, 6
4, -0
-0, 1.125
10.5, 4
2.5, 3
0, -0
0, 1
4, 1
4, 9
8, 9

1.75, 5
8.25, 4
3, 7
4, 4
8, 8
4, 8
8, 8
0, 8
8, 4
2, 2
10, 4.5
4, 8.875
7, 2.75
4, 11
4, 0
5.25, 11.25
4, 1
4, 8
4, 8
4, 4
8, 4
0, 0
2, 5
7, 10.125
5, 4
4, 8
4, 4
4, 4
8, 4
8, 4
8, 8
2, 8
4, 11
4, 4
1, 10.25
5.25, 5.5
8, 4
0, 0
11, 2
-0, 0
0, 4
4, 8
4, 4
4, 9
6, 11
5.75, -0
4, 8
2, 10
-0, 6
7, 6
8.625, -0
4, 4
9, 8
8, 4
4, 4
4, 4
4, 8
4, 8
8, 4
8.75, 3
0, 0
0, -0
11.625, 10
0, 6.75
6.125, 11.375
8, 8
8, 8
8, 2.5
4.875, 9.625
0, 8
4, 8
4, 8
10.5, 4
9, 3
-0, 8
4, 4
8, 4
2, 2
4.75, 8
4, 8
9, 8
4, 8
0, 4
8, 1.75
4, 8
4, 8
8, 7.25
8, 4
10, 9
4, -0
4, 4
4, 0
5.5, 4
10.5, 7
4, 8
8, 4
4, 4
4, 4
0, 0
-0, 4
4, 4
4, 8
4, 8
7.25, 5.8125
4, 8
9, 11
0.75, 5.25
4, -0
7, 4
11, 7.5
0, 11
4, 8
4, 8
3.75, 8
0, 8
4, 4
8, 8
7, 3.75
2, 11
0, 3
0, 2
8, 9
4.75, 0
-0, 8
0.25, 10
0, -0
1, 4.5
10, 4
4, 4
2.5, 0.75
0, 0
1, 4
10, 2
8, 8
0, 8
4, 4
8, 7.125
1.5, 8
9, 10
4, 8
0, 6
2, 6
-0, 3
7, 3

1.5, 3
6, 4
10, 6
0, 4
4, -0
4, 8
-0, 8
0, -0
8, 8
7, 6
5.5, 11
8, 8
1, 7.625
0, 10
0, 4
8.125, 2
8, 3
4, -0
8, 8
0, 0
4, 0
4, 0
5, 11
1.875, 1.125
10.25, 10
8, 8
8, 8
8, 8
8, 4
8, 8
8, 4
8, 8
-0, 4
-0, 8
6.5, 9.25
7.5, 5.625
4, 0
2, 6
3.5, 10
4, 4
8, 4
4, 8
8, 8
3, 9
8, 8
9.75, 4
4, 8
11.5, 11
2.75, 4
1, 1.25
1.5, 4
8, 8
9, 8
-0, -0
4, 0
0, 4
-0, 4
4, 8
8, 4
3.625, 3
8, 4
0, 8
0.375, 10
3, 11
0.25, 3
0, 0
-0, 8
8.75, 0.5
5.75, 8.375
8, 4
0, 0
4, 0
7.75, 8
6.25, 11
-0, 0
0, 4
8, 4
-0, 8
8.5, 4
-0, -0
10, 0
-0, -0
8, 4
4, 10
4, 8
-0, 8
4, 10.75
8, 8
8, -0
4, 4
8, 0
-0, 4
8, 11
6.375, 11
8, 4
8, 8
0, 4
0, 4
8, 4
1.25, 0
4, 8
0, 4
8, 8
6.5, 3.5625
4, 0
6, 9
5.75, 8.75
-0, 8
2.25, 4
1, 10
10, 10
8, 8
0, 0
11, 4
0, 0
4, 4
4, -0
10, 0
4, 11
0, 6
2, 1
4, 10
3.5, 0
8, 4
4.125, 2
0, 8
3.5, 0
8, 8
0, -0
4.75, 2.5
8, 8
9, -0
10, 4
0, -0
8, 11
8, 8
8, 7.875
1.5, 4
2, 3
0, 8
8, 9
10, 9
8, 6
5, 1

8.75, 7
2.75, 2
6, 9
8, 0
4, 4
8, 0
-0, 0
0, 8
4, -0
2, 2
2, 7
8, 0.75
3, 1.375
4, 6
4, 8
11.375, 6.5
-0, 10
8, -0
8, 8
8, 0
4, 8
5, 0
10, 4
7.25, 3.25
7.75, 10
8, 0
-0, 0
8, 8
4, 4
8, 8
-0, 8
2, 0
8, 8
4, -0
1.75, 3.625
9.25, 1.25
8, 0
4, 8
8.375, -0
-0, 4
0, 8
4, 4
8, 8
-0, 7
11.5, 7
7.75, -0
4, 4
11.5, 9
6.75, 8.75
1, 3.5
8.625, 8
8, -0
11, 6
4, -0
-0, 4
8, 0
4, 4
8, -0
8, 0
6.5, 9
5, 8
0, 4
1.125, 0
1.5, 8.25
3.125, 0.5
0, 8
-0, 8
1, 6
0.875, 0.5
4, 4
0, 8
8, 0
5.75, 8
0.5, 4
4, 8
4, 4
8, -0
2, 6
8.75, 0
-0, 8
5, 4
-0, -0
4, -0
0, 11.125
0, 0
-0, 0
4, 6.25
8, 8
-0, 10
4, 4
-0, 8
4, 8
5, 5.75
11.875, 1
4, 4
4, 0
4, 4
8, 0
4, 4
7.75, 4
0, 8
4, 4
0, -0
9.5, 5.375
4, 0
10, 0
9.25, 7.125
4, -0
8.75, -0
11, 0.5
1, 10
8, 8
0, 0
5, 0
4, 8
4, 4
4, 4
7.25, 8.125
-0, 10
4, 6
2, 8
-0, 6
9.875, 0
4, 4
1.125, 6
0, 4
8.75, 3
2, 0
8, 8
0.25, 7.5
8, 8
8, 8
10, 1
4, 4
4, 1
8, -0
8, 5.625
2.5, 8
-0, 11
8, 8
8, 7
1, 7
4, 1
1, 8

10, 8
11.375, 11
8, 6
4, 0
-0, 4
4, 0
-0, 0
4, 4
4, -0
9, 1
10.5, 11.5
4, 1.375
4, 11.875
0, 7
8, 4
7.75, 2.5
-0, 0
4, -0
8, -0
4, 0
8, 8
2, 0
6, 8
10.5, 0.375
11.25, 10
4, 0
8, 8
4, 0
4, 8
8, 8
4, 0
3, 8
8, 6.5
4, 4
9, 7.5
10, 6.3125
0, 4
8, 10
6.875, -0
8, 8
4, -0
-0, 4
4, 0
11, 5
10, 11
4.75, 8
4, 4
5.5, 3
9, 4
1.5, 2
1.125, 8
4, 8
11, 10
8, -0
4, 0
4, 0
4, -0
4, -0
0, 4
4.25, 5
3, 8
4, 8
9.125, 2
5, 4.25
6.625, 7.5
4, 4
4, 0
3.5, 3
3.625, 4.125
4, -0
4, 4
4, 0
8.5, 4
1.5, -0
8, 8
4, 4
-0, 4
10, 6
3.5, 8
4, 4
1, 8
4, 4
8, -0
8, 10.375
4, 0
4, 0
4, 11.75
8, 0
0.5, 7
8, 8
4, 8
8, 4
9.5, 9.25
7.625, 6
8, 8
8, 0
8, 0
4, 0
8, 8
6.25, 0
4, 8
8, -0
8, -0
10.5, 7.0625
4, 0
1, 6
5, 0
4, 4
0.25, -0
7, 4
5, 0
8, 0
4, 4
5.25, 0
4, 8
8, 8
0, 4
3.25, 9.75
4, 4
8, 2
0, 5
8, 6
4.75, 4
4, 0
9.75, 10
8, 8
10.5, 0
-0, 0
4, 4
8.25, 0.5
8, 8
10, -0
6, 4
4, -0
9, 0
-0, 4
4, 5.5
3, 8
3, 4
4, -0
8, 10
8, 11
-0, 7
11, 1

4.25, 5
7.5, 1
6, 10
8, 0
8, 4
-0, 4
8, 0
0, 8
-0, -0
4, 1
5, 9
4, 6.375
10, 2.875
8, 9
8, 0
5.625, 9
8, 9
8, -0
8, -0
8, 0
8, 8
4, 0
1, 1
6.375, 9.75
5.75, 4
8, 0
4, 8
4, 4
8, 4
8, -0
4, 0
-0, 0
6, 5
8, -0
6.5, 8.25
8.25, 0.9375
8, 0
4, 9
5.75, -0
8, 8
8, 4
4, -0
4, 0
3, 8
4.5, 11
5.5, -0
8, 0
10.5, 11
9, 1.25
1, 5.25
7, 8
0, 4
3, 7
4, 8
4, 8
8, 0
8, -0
0, 4
4, 0
6.75, 10
8, 4
8, 4
3.125, 0
5, 0.5
0.625, 3.25
8, 0
8, 4
3.75, 11.5
8.375, 3.5
8, 4
8, 0
4, 4
10, -0
9.5, 2
4, 8
4, 8
4, -0
-0, 0
3.75, 4
8, -0
6.5, 4
4, -0
0, 4
8, 11.75
4, 8
8, 0
4, 6.75
4, 0
10.5, 6
4, 8
-0, 4
8, 0
9, 7
5.75, 4
4, 4
8, 0
4, 8
8, 0
0, 8
5.25, 8
4, 4
4, 8
0, -0
2.25, 9.375
8, 0
9, 9
3.5, 10
-0, -0
1.25, -0
10, 3
4, 1
8, 0
4, 0
2.5, 8
4, 0
8, 0
8, 4
7.5, 6.25
2, 2
8, 9
10, 6
-0, 5
10.75, 5
8, 4
9.375, 6
0, 8
7, 6.5
5, 4
0, 8
11.5, 8.5
8, 8
3, -0
0, 11.5
8, -0
5, 3.5
-0, 8
4, 1.25
1.5, 4
11, 5
8, -0
4, 4
5, 1
8, 5
5, 8

11.25, 11
8, 9
1, 3
8, 8
4, 4
-0, 0
8, 8
4, 8
4, 4
8, 5
10.5, 4.5
8, 3.5
6, 0.75
4, 1
4, 4
0.25, 9
4, 4
8, 8
8, 8
8, 8
8, 8
11, 8
6.5, 3
8.625, 9.25
3.25, 8
8, 8
8, 8
8, 0
8, 8
8, 8
8, 4
9, 0
8, 10
8, -0
7.25, 3.5
7, 9.0625
8, 8
10, 10
8.625, 8
8, 8
4, 4
4, 4
-0, 0
7, 3
3, 8
10.5, -0
8, 0
7, 9
5.5, 4
5, 2
11.875, -0
8, 8
11, 3
-0, -0
-0, 4
8, 8
8, -0
0, -0
4, 8
2.25, 8
2, 8
0, 4
7.125, 8
6, 0.5
2.625, 2.875
8, 0
8, 8
3.75, 6.5
0.875, 1.5
8, -0
4, 8
8, 8
7.25, 4
3.5, 9
4, 4
4, 8
4, 8
4, 4
1.5, 0
4, 8
6, 4
-0, -0
0, 4
4, 9.75
4, 0
8, 8
8, 9
8, 0
1, 10
4, 8
4, 4
4, 4
8.5, 10.625
6.25, 5
8, 8
8, 8
8, 4
8, 8
0, 8
7, 4
8, 8
4, -0
0, -0
3.25, 0.375
8, 8
11, 0
3.25, 5.125
8, -0
10, 4
6, 7
1, 2
8, 8
0, 0
10, 0
8, 4
8, 4
4, 4
3.75, 10.125
8, 8
8, 4
6, -0
4, 6
1.25, 9
8, 0
11.125, 8
8, -0
10.75, 9
6, 4
4, 8
6.75, 10.5
8, 0
1, 4
2, 5
0, 8
11, 7.5
8, 8
4, 11.875
6, -0
2, -0
4, -0
8, 10
2, 4
4, 5
-0, 11

6.75, 8
0.375, 4
0, 8
8, 0
-0, 8
-0, 0
-0, 4
4, 8
4, 4
9, 3
8, 2
4, 4.75
10, 9
0, 1
0, 0
4.75, -0
-0, 0
-0, 4
0, -0
0, 4
-0, 0
5, 0
4.5, 10
8.25, 4.25
11.5, 8
0, 4
8, 0
8, 8
-0, -0
-0, -0
4, 8
11, 4
4, 3.5
-0, 4
2, 11.75
4.5, 0.5625
8, 0
0, 2
8, 4
4, 4
4, 4
-0, 8
-0, 4
11, 4
9, 5
4, -0
-0, 4
6.5, 1
11.25, 3.5
9, 3.5
9.625, 8
0, -0
8, 8
-0, -0
4, 4
8, 0
4, 4
0, -0
8, 0
5.25, 3
7, 0
8, 4
9.875, 0
5.5, 7.25
6.625, 2.5
4, 8
-0, 4
6.5, 9
5.5, 0.75
8, 8
0, 0
8, 4
0, -0
2.5, 4
8, 0
4, 4
8, -0
10, 10
8, 0
-0, -0
11, 4
-0, -0
8, -0
8, 11.5
4, 4
-0, 4
4, 7.75
8, 4
3, 4
0, 8
4, 8
-0, 0
6, 4.375
9, 11
-0, 0
4, 4
8, 0
8, 0
0, 0
0.75, 0
4, 8
0, 8
0, 4
3.5, 9.625
0, 4
3, 4
3.25, 9.5
4, 4
2, 8
8, 8
6, 4
-0, 0
0, 0
11.5, 4
4, 4
4, 4
0, 8
0.75, 4.875
2, -0
8, 5
2, 4
8, 3
3.625, 7
8, 8
10.125, 10
4, 8
11, 6.5
5, 4
4, 8
3, 0.25
4, 8
11, 8
8, 10
0, 8
6, 10
8, 8
-0, 7.75
9, -0
5, 1
4, 8
0, 10
-0, 9
-0, 0
-0, 5

9.25, 1
4.5, -0
8, 4
0, 0
-0, 4
8, 4
-0, 8
0, 4
8, -0
4, 2
1, 5.5
4, 3.875
4, 9.5
8, 11
8, 8
2.75, 4.5
-0, 6
-0, -0
4, -0
0, 0
4, 0
6, 4
0, 9
1.375, 6.125
9.25, 2
0, 8
4, 8
4, 0
-0, 4
-0, -0
-0, 4
6, 0
8, 11.5
-0, 8
4.75, 6.875
8.25, 2.5625
8, 8
2, 8
10.625, -0
4, 0
4, -0
4, -0
4, 0
-0, 10
11, 7
6, 4
-0, 0
-0, 8
7.5, 6.25
9.5, 0.5
6.75, 8
4, -0
7, 2
-0, 8
-0, 4
0, 0
4, 4
8, 4
8, 8
10.75, 4
3, 0
4, -0
11.125, 10
2, 3
5.375, 7.375
0, 0
-0, 8
6.25, 11
9, 0.125
0, 8
8, 8
0, 0
0.5, 8
5.75, 4
-0, 4
8, 8
8, 8
6, 10
11.75, 4
8, 8
5, 8
8, 8
0, -0
8, 6.625
4, 4
8, 0
4, 11.25
0, 8
9.5, 7
4, -0
-0, 8
8, 8
11, 2.125
8.25, 3
8, 4
4, 8
4, 8
0, 0
4, 8
1.25, 8
4, -0
0, 4
0, 4
0, 11.25
0, 0
11, 10
2.5, 10.25
-0, 8
6.5, -0
9, 4
3, 8
-0, 8
8, 8
7.75, 4
4, 0
4, 0
0, 4
3.5, 2.375
6, 4
8, 7
4, 4
4, 7
8.75, 2
-0, 8
3.5, 8
0, 4
10, 6.5
10, 4
0, 4
5.75, 11
0, 8
0, -0
8, 3.5
4, 4
1, 0.5
8, 8
4, 7.375
1.5, -0
11.5, 6
8, -0
4, 9
7, 4
-0, 5
11, 9

7.5, 6
3.375, 6
0, 4
4, 8
8, 4
-0, 8
4, 0
0, -0
4, 8
5, 4
7, 9.5
4, 4.25
2, 9.125
0, 11
8, 4
11.25, 9.5
4, 6
4, 8
0, -0
4, 8
8, 4
7, 0
1.5, 1
5.5, 5.125
4.75, 8
4, 8
4, 8
0, 4
-0, 8
-0, 4
-0, 0
2, 0
10, 5
4, -0
6.5, 6.625
5.25, 1.625
4, 8
0, 10
8.625, -0
8, 4
0, -0
8, 4
4, 8
3, 1
3, 7
8.75, 4
8, 0
9, 7
6, 10
5, 6.5
9.625, 4
4, 8
2, 6
4, -0
8, 4
4, 8
4, 8
0, 8
0, 0
9.125, 10
3, 4
0, 4
3.25, 6
8.5, 7
10.75, 10.875
8, 0
4, 0
2.25, 1.5
4.25, 0.125
0, -0
8, 8
8, 0
6.5, -0
10.25, 11
8, 4
8, 8
-0, -0
4, 0
3.5, 4
8, 8
9, 4
8, 8
8, -0
4, 11
8, 4
4, 0
4, 5.25
0, 4
-0, 4
4, 8
8, 0
8, 4
6.5, 5.5
7.75, 5
4, 4
8, 0
4, 4
4, 8
4, 8
1.5, 4
4, -0
8, 8
4, 4
1.5, 2.625
4, 0
-0, 5
8, 0.875
8, -0
3.5, 4
8, 5
10, 7
4, 8
8, 8
2, 0
8, 8
4, 4
8, 4
2.5, 6.375
2, 4
0, 7
6, 7.5
8, 6
10, 6
-0, 0
4.875, 10
0, -0
10.5, 7
6, 0
4, 4
7.5, 8
4, 0
10, 8
0, 0
8, -0
3, 3
4, 8
8, 5.625
2, 4
9, 2
8, 4
0, 8
-0, 9
8, 0
6, 3

3.75, 1
9.75, 8
4, 7
4, 4
4, 8
4, 0
8, 0
8, 4
-0, 8
9, 6
9.5, 1
0, 7.625
0, 4.25
4, 3
0, 8
2, 6.25
8, 10
8, -0
8, 8
4, 4
4, 0
5, 0
2.5, 9
6.75, 2.125
9.75, 10
4, 4
8, 8
4, 0
-0, 8
8, -0
4, 0
9, 0
2, 10.5
8, 4
11, 8
10, 2.4375
8, 8
8, 10
7.5, 2
8, 4
4, -0
4, -0
4, 0
3, 4
9.5, 2
4.75, 8
8, 4
1.5, 1
2.5, 0.5
4.5, 10.5
9.25, 4
4, 4
8, 10
-0, 8
8, 8
4, 4
4, -0
4, -0
4, 8
5, 5
10, 4
4, -0
9.875, 6
8, 4.25
9.5, 7.125
0, 8
4, 0
11.25, 10.5
10.125, 6.125
4, 8
0, 8
4, 4
8, 4
6.5, -0
-0, 0
0, 4
-0, 8
6, 2
9.25, 0
-0, 8
1, 0
-0, -0
4, -0
4, 11.25
4, 0
4, 0
-0, 0
8, 4
5, 1
4, -0
8, 0
-0, 8
8.5, 4.75
1.375, 2
4, 0
4, 4
8, 8
4, 4
8, 0
5.75, 0
0, -0
4, -0
8, -0
8.25, 7.625
4, 4
4, 0
7.25, 0.875
-0, 4
4.5, -0
1, 0.5
3, 4
8, 8
0, 0
1, 8
4, 0
4, 0
4, 8
9, 9.5
10, 8
8, 1
10, 6.5
8, 10
2.375, 8
4, 8
4.875, 6
4, -0
10.25, 5
7, 8
8, 4
1.5, 0.25
8, 4
9, 8
6, 10
0, -0
8, 5
8, 8
4, 1.375
4, -0
9, 4
4, -0
0, 11
8, -0
8, 4
7, 3

5.25, 6
10.25, 7
2, 4
8, 0
4, 8
-0, 0
4, 8
4, 8
8, 8
3, 5
1.5, 2.5
0, 5
0, 10.625
0, 7
4, 0
7.375, 4
4, 5
-0, -0
0, 8
0, 0
-0, 0
6, 4
10.5, 4
1.375, 11.625
1.5, 6
8, 0
8, 4
4, 8
-0, -0
8, 8
-0, 0
8, 4
2, 0
4, 4
4.75, 11.375
4.25, 11.0625
0, 8
10, 9
10.875, 2
4, 8
0, -0
8, -0
8, 8
10, 3
9, 11
6.25, 8
4, 8
7, 2
2.75, 7
7.5, 4
9.5, 8
8, 4
6, 7
8, 8
8, 0
8, 0
8, -0
0, -0
0, 0
8.375, 10
5, 0
4, 8
8.125, 2
1, 9
11.75, 9.25
4, 8
4, 8
0.5, 11.5
0.875, 7.875
4, 4
4, 0
0, 0
0.5, 4
10, 1
4, 0
8, 4
-0, -0
8, 0
0.25, 8
4, -0
4.5, 8
8, 8
0, 8
8, 6.75
4, 8
8, 8
-0, 5
0, 4
8, 6
4, -0
-0, 8
4, 0
6, 7.75
10.125, 6
8, 8
8, 8
8, 8
8, 0
4, 8
11.5, 4
0, 8
0, 8
0, 8
6.5, 10.1875
8, 4
-0, 5
1.5, 7
4, 4
6, 8
11, 7
11, 8
-0, 8
8, 8
7.5, 8
8, 4
4, 0
4, 8
6.75, 10.25
10, 3
0, 10
0, 1
8, 8
10.125, 0
4, 4
3.375, 8
0, 8
4.25, 4.5
7, 8
0, -0
3.5, 9
4, 4
8, -0
2, 11
0, 8
5, 9.5
-0, 8
8, 6.375
1.5, 4
10, -0
8, 8
8, 8
8, 4
4, 0
4, 10

3, 4
10, 8
2, 4
8, 0
-0, 8
4, 8
4, 0
4, -0
-0, 4
3, 3
11, 2
0, 6.875
5, 11
8, 4
8, 8
2.875, 5
-0, 9
8, -0
8, -0
8, 0
8, 4
9, 8
11.5, 4
7.125, 1.625
10.5, 6
8, 0
4, 4
0, 0
-0, 8
4, -0
4, 8
4, 4
6, 11.5
8, 4
1.5, 1.375
10, 1.75
0, 4
8, 4
10, -0
-0, 8
4, 8
4, 8
-0, 8
6, 8
10.5, 9
8.25, 8
4, 8
5.5, 9
10, 3
7.5, 3
0.75, 4
4, 4
-0, 1
4, 4
-0, 4
8, 0
4, 8
4, 8
0, 0
10.125, 6
6, 4
0, 8
5, 2
4, 3.75
8.875, 6
8, 4
-0, 4
0.25, 8.5
2.875, 7.75
0, 4
0, 0
8, 0
9.75, 4
2.25, 1
4, 0
0, 8
-0, -0
2, 0
5.25, 0
-0, -0
2, 8
4, 4
0, 8
0, 8
4, 0
-0, 4
-0, 1.25
0, 8
8, 5
4, 4
-0, 4
8, 8
8, -0
7.125, 10
-0, 8
8, 8
0, 8
8, 0
0, 8
8.75, 0
0, -0
8, 8
4, 8
1, 0.6875
8, 0
-0, 10
2.75, 3.375
4, 8
7, -0
-0, 4.5
2, 11
8, 0
4, 4
2, 0
4, 4
-0, 8
0, 8
5, 10
6, 2
0, 9
2, 5.5
4, 2
11.75, 6
-0, 4
0.25, 2
0, -0
4.75, 1
-0, 4
0, -0
5.75, 6
4, 0
6, 8
0, 3
8, 4
2, 10
-0, 4
4, 6.25
7, 8
11.5, 11
8, 4
0, 4
3, 1
4, 5
2, 5

3.5, 9
3.25, 3
4, 6
0, 4
8, 4
8, 8
4, 4
4, -0
8, 8
10, 4
6, 8
8, 0.75
3, 9.75
4, 4
8, 8
5.5, 7.5
8, 9
-0, 4
0, 4
4, 0
4, 8
11, 8
8, -0
3, 10.875
1.5, 6
0, 4
4, 4
4, 8
8, 4
8, 8
4, 0
7, 0
6, 5.5
8, 8
2, 7.5
0.75, 0.1875
0, 4
2, 4
1.5, 4
-0, 4
4, -0
8, 8
8, 8
8, 3
6.5, 3
2, 8
8, 8
9, 3
2.75, 4.25
11, 9
0.625, 8
4, 4
3, 2
8, -0
4, 0
0, 4
8, -0
8, 8
4, 0
2.5, 10
11, 0
4, 4
8.625, 6
4.5, 10
7.125, 9.5
8, 4
-0, 8
11, 10.5
0.75, 10.625
4, 4
8, 0
0, 0
1.25, -0
2.5, 1
8, 0
0, 4
4, -0
2, 0
2, 8
8, -0
3, 8
8, -0
4, -0
8, 10.5
4, 4
-0, 8
-0, 1
0, 8
1, 2
4, 8
8, 4
8, 8
0.5, 10.375
2.125, 5
-0, 4
4, 0
8, 8
0, 4
4, 0
6.5, 0
4, 8
8, -0
8, 4
10.5, 10.3125
4, 0
7, 6
5.25, 6.5
4, -0
3, 4
1, 2.5
11, 1
-0, 4
8, 0
11.75, 0
8, 0
-0, 8
8, 4
7.5, 8.75
2, 10
4, -0
4, 6
-0, 7
1.125, 1
4, 4
3, 10
4, 4
0, 3
6, 4
0, 8
5, 2.25
8, 8
8, 8
0, 1
4, 4
2, 10
-0, 4
8, 0.125
1, 4
4.5, 1
8, -0
8, 10
-0, 4
4, 1
11, 5

4.75, 10
0.125, 7
10, 5
4, 0
8, -0
4, 0
4, 0
0, 8
4, 4
-0, 8
5.5, 10
4, 6.5
9, 6.875
4, 1
0, 0
5.5, 7
4, 6
8, 4
4, 8
8, 4
4, 0
11, 8
3, 11
10, 11.375
7.25, 0
8, 4
-0, 0
8, 0
8, -0
-0, -0
-0, 4
9, 4
2, 6.5
8, 8
-0, 10.25
8, 5
4, 8
6, 6
10.5, -0
4, 0
0, 4
-0, 8
-0, 0
-0, 2
1, 11
11.75, 4
8, 8
4, 6
4, 4
7, 6
3.375, 4
0, -0
3, 9
-0, -0
8, 4
4, 0
4, 8
4, -0
8, 0
9.5, 5
8, 0
4, -0
1.625, 2
2.5, 2
8.125, 5.625
8, 0
-0, 4
2.5, 10.5
4.125, 9.375
8, 8
0, 0
8, 4
6.25, -0
2.75, 3
-0, 0
0, -0
8, -0
6, 6
1.5, 4
-0, -0
9, 0
8, 8
0, 4
8, 5.125
4, 8
8, 8
8, 3.5
4, 0
9, 3
4, 8
-0, 4
-0, 0
2.5, 9.75
11.5, 11
4, 0
-0, 4
4, 8
4, 0
4, 8
1.5, 4
0, 8
8, 4
8, -0
9.75, 10.6875
4, 0
1, 4
2, 9.875
8, 8
1, 4
6, 0
7, 8
4, 8
8, 8
5, 4
0, 0
-0, 0
8, -0
3, 4.75
6, 1
4, 4
6, 5
4, 0
0.125, 3
8, 8
11.5, 8
4, 4
8.5, 10.5
11, 0
0, 8
10.5, 11.5
4, 0
11, 4
4, 7
4, 8
0, 11.5
8, 4
4, 6.375
2.5, -0
-0, 1
4, -0
0, 1
3, -0
4, 0
2, 11

4, 2
11, 6
6, 8
8, 4
-0, 8
4, 4
8, 4
0, 8
-0, 4
7, 7
4.5, 9
4, 4
0, 7.5
0, 2
8, 8
9.75, 2
8, 7
-0, -0
8, 4
8, 0
-0, 8
6, 0
10, 7
4.625, 2.125
10.5, 4
8, 0
-0, 8
8, 0
8, 4
8, -0
-0, 8
2, 8
8, 2.5
8, 8
8.5, 8.875
7.75, 7.3125
0, 4
0, 0
3.75, 8
4, 0
0, 8
8, 4
4, 8
11, 4
1.5, 8
0.75, 4
4, 8
5.5, 5
5.5, 4
6.5, 4.25
8.25, -0
0, 8
-0, 11
4, 8
8, 8
8, 4
8, -0
4, 4
0, 8
1.375, 7
9, 0
0, 8
4.625, 2
8, 2.75
11.5, 4.625
8, 8
-0, 8
9.5, 11
1.875, 11.25
0, -0
8, 8
0, 8
11, -0
2.75, 5
-0, 0
4, 8
-0, 8
8, 4
5, 0
8, 8
5, 4
4, 4
8, -0
4, 3.375
8, 8
8, 0
8, 0.5
0, 8
4, 4
4, 8
8, 8
8, 8
8.5, 2
3.75, 9
-0, 8
8, 4
8, 0
8, 4
0, 8
7, 8
8, 8
0, 8
0, 8
5.75, 8.6875
0, 8
1, 11
4, 1.25
-0, 8
3.25, 4
4, 3.5
3, 2
8, 4
4, 4
3.5, 0
8, 4
-0, 0
0, 8
10, 2.625
4, 4
8, 6
2, 3
8, 2
5.875, 6
-0, 0
2.125, -0
8, 8
3.5, 8.5
6, 0
8, 8
6.5, 10
0, 4
8, 4
10, 1
8, -0
3, 3
-0, 4
8, 4
5, 8
11, 11
8, 8
0, 1
4, 2
-0, 8
3, 0

0.25, -0
3.875, 1
3, 11
8, 0
4, 4
8, 4
-0, 0
8, 8
8, 8
1, 10
10.5, 5
8, 5.625
7, 11.625
4, 1
4, 8
7.125, 11
4, 0
8, 8
0, -0
8, 0
8, 0
7, 4
4, 10
2.625, 7.5
5, 0
8, 0
8, 0
4, 0
-0, 4
8, 8
8, 8
6, 0
4, 11
-0, 4
10, 0.375
1, 5.625
0, 0
4, 9
8.5, 8
-0, 4
8, 8
4, 4
8, 0
1, 2
6, 1
4.5, -0
-0, 4
5.5, 3
7.75, 1
4.5, 1
10.875, 8
4, 4
2, 7
4, -0
4, 4
8, 0
4, 8
8, 4
8, 4
0.375, 11
0, 4
4, -0
9.875, 4
11, 3.5
2.375, 6
0, 4
8, 0
2.5, 11
7.875, 5.875
8, 4
4, 0
8, 8
5, -0
7.75, 11
8, 4
0, -0
8, 4
6, 4
11.5, 4
4, -0
3, 4
4, -0
8, -0
0, 1.375
8, 0
4, 0
4, 11.5
4, 0
7, 2
8, 8
4, 0
4, 8
7, 9
4.75, 3
8, 0
8, 0
0, 0
8, 0
8, 0
10, 4
8, 8
4, 8
4, -0
4, 11.75
8, 0
3, 0
10.25, 3.625
8, -0
5.75, 8
7, 2.5
2, 11
8, 0
4, 0
11, 8
0, 8
8, 4
4, 4
3.25, 11.375
4, 9
4, -0
4, 10
-0, 11
7.5, 11
8, 4
6.625, 2
4, 4
1, 2.5
8, 4
8, 8
11.75, 1
4, 4
4, -0
6, 9
0, -0
8, 5.5
8, -0
-0, 5.625
11, 4
11.5, 3
8, 8
8, 9
3, -0
8, 1
-0, 7

3, 3
3.125, 8
0, 6
4, 8
-0, 8
4, 4
4, 4
8, -0
-0, 4
8, 10
2.5, 4.5
8, 0.875
11, 10.625
0, 11
4, 0
3.375, 11.75
8, 0
8, -0
8, -0
4, 8
4, 0
1, 4
2.5, 2
7, 6.625
6.75, 2
4, 8
-0, 0
4, 8
-0, 8
8, 8
-0, 4
4, 8
-0, 4
4, 4
-0, 9.75
6.5, 4.375
4, 4
6, 5
1.125, -0
-0, 4
0, 4
4, 4
-0, 4
10, 11
6, 11
0.25, -0
-0, 0
4.5, 1
10, 3.5
9, 9
7.375, 4
4, 4
1, 9
-0, -0
4, 4
4, 8
-0, -0
4, 4
8, 4
4.625, 2
6, 8
8, 4
5.75, 6
6, 2.25
6.125, 9.125
4, 4
-0, 4
10.25, 8.5
8.875, 8.75
0, 4
0, 0
8, 0
5.5, 8
8, 6
-0, 0
0, -0
8, 4
4, 0
7.25, 8
-0, -0
10, 8
8, 8
0, -0
8, 4.875
0, 0
4, 4
4, 3.75
4, 4
2, 9
4, 8
-0, 0
4, 0
3.5, 0.375
8.625, -0
8, 0
8, 0
4, 0
4, 8
4, 8
2, 4
0, 4
8, 8
8, 4
9.75, 7.75
4, 8
6, 7
10, 5.25
8, 4
2.75, 8
-0, 2
0, 3
8, 0
8, 8
2, 0
0, 0
-0, 8
0, 8
8.75, 3.125
8, 2
0, 1
8, 8
4, 11
4.875, 11
-0, 4
5.375, 6
8, 4
2.5, 6
11, 4
0, 4
11, 2
8, 4
3, -0
10, 0.5
0, 4
4, 4.5
4, 4
4, 0.125
10, -0
7.5, 8
0, 4
0, 7
11, 8
8, 10
4, 7

3, 3
6.625, 5
7, 7
4, 8
-0, 4
-0, 4
8, 4
4, 4
-0, 4
10, 0
2.5, 4
0, 6.375
8, 2.5
4, 3
0, 4
11.625, 2.25
-0, 11
4, 4
8, 4
8, 4
8, 8
6, 0
10, 4
10.875, 7.625
0.75, 4
4, 8
8, 4
0, 0
8, 8
4, 4
-0, 4
6, 0
8, 0
-0, 4
4.5, 8.875
-0, 1.4375
8, 4
10, 7
7.875, 2
8, 8
4, -0
4, 4
8, 4
9, 9
10, 9
6.25, -0
4, 4
11.5, 2
7.75, 3.25
3, 11.5
4.5, 8
8, 8
8, 3
4, 4
-0, 8
4, 8
-0, -0
0, 4
0, 4
8.125, 9
7, 4
4, 8
1.625, 4
5.5, 0.75
8.625, 2.125
0, 8
-0, 4
10, 3
6.125, 10
4, -0
8, 8
4, 4
1.75, -0
1, 8
-0, 8
8, 4
-0, 4
6, 10
0.5, 0
8, 8
11.5, 0
8, -0
0, 8
4, 9.875
8, 0
-0, 4
-0, 8.25
8, 4
10.5, 1
0, 4
-0, 0
-0, 4
4, 4.875
11.125, 1
8, 0
4, 8
0, 4
4, 8
0, 4
4.75, 8
8, 8
4, -0
4, 4
5.75, 1.1875
4, 8
9, 9
0.5, 9.125
4, 4
4.5, 4
-0, 8.5
2, 10
8, 4
8, 0
3.75, 8
4, 4
-0, 4
0, 4
7, 1.5
10, 10
4, 8
4, 7
-0, 4
6.375, 2
4, 0
7, 6
4, 8
6, 6.5
7, 4
0, 4
10.75, 2.75
4, 8
2, 8
6, 0
4, 8
4, 2.5
8, 4
8, 6.5
9, -0
6, 5
4, 4
8, 6
1, 4
4, 6
10, 10

10.75, 10
6, 6
6, 2
0, 4
4, 4
8, 4
8, 4
0, 8
8, 4
8, 5
1, 2
4, 4.5
7, 9.875
8, 10
0, 8
0.875, 7.5
8, 5
-0, 4
0, 4
0, 4
-0, 0
11, 8
8, 4
9.875, 11
8, 4
0, 4
8, 0
8, 0
-0, -0
-0, 8
4, 0
5, 8
2, 1
4, 4
5, 0.375
8, 4.9375
0, 4
2, 11
7.25, 10
8, 8
4, -0
4, 8
-0, 8
5, 4
6, 11
6, -0
4, 4
9.5, 1
11.25, 7.5
6, 4.5
10.75, -0
4, 8
10, 4
8, -0
-0, 0
0, 4
-0, 8
8, 4
0, 4
1.375, 2
0, 4
0, 4
5.25, 0
4, 11
11.625, 5.125
0, 4
8, 0
5.25, 0.5
1.625, 10.875
8, 4
8, 0
0, 4
4.25, 4
0.5, 3
4, 4
0, -0
-0, 4
-0, 8
11, 8
8, -0
2, 0
4, 4
0, 4
0, 6.125
4, 8
-0, 8
4, 0.25
0, 8
5.5, 6
8, 4
4, 8
-0, 8
8, 10
10.875, 5
8, 0
-0, 4
8, 4
0, 4
0, 0
3, 4
8, -0
8, -0
0, 4
11, 10
0, 4
4, 8
9, 2.5
4, -0
6, -0
2, 2.5
3, 4
8, 0
4, 4
2.75, 0
4, 0
-0, 0
4, 4
1.5, 1.375
8, 3
4, 8
2, 11.5
-0, 3
1.25, 5
8, 4
4.375, 8
4, -0
4, 0
3, 0
4, -0
9.5, 1.75
0, 4
10, -0
0, 2.5
4, 8
6, 2
-0, 4
4, 6.625
6.5, -0
1, 1
4, 4
8, 4
7, 2
-0, 9
3, 6

2, 11
3.875, 6
6, 9
4, 8
4, 4
-0, 0
8, 8
4, 8
4, 4
8, 3
0, 9
4, 2.625
6, 5.375
4, 8
8, 4
10.25, 4.5
4, 4
-0, 8
8, -0
4, 4
-0, 0
10, 8
3, 9
7, 1.125
6, 6
4, 4
8, 8
4, 4
4, 4
8, 8
4, 8
4, 4
6, 6
4, 8
6.75, 4.375
2, 7.6875
4, 8
2, 6
10.625, 10
4, 8
4, 4
4, -0
4, 0
3, 3
4, 7
6.75, 8
4, 8
-0, 8
7, 2.25
5, -0
3, -0
8, 8
10, 6
-0, -0
4, 0
4, 8
8, 8
0, -0
8, 0
10.75, 10
10, 0
8, 8
8.125, 4
4, 7.25
9.125, 7.5
4, 8
-0, 8
10.75, 2.5
0.5, 4.125
0, 4
0, 0
8, 0
1.25, 8
3.5, 7
8, 0
8, 4
8, -0
2, 6
3.25, 8
-0, -0
11, 4
8, 4
4, 4
8, 8.875
8, 0
-0, 8
8, 3
4, 8
7.5, 1
8, 4
8, 0
8, 4
8.5, 9.375
10.875, 6
4, 8
8, 0
4, 0
4, 8
4, 4
5, 0
8, 8
8, 8
8, 8
8.25, 7.125
4, 4
7, 7
4, 7.5
8, 4
5, 8
6, 11
0, 8
4, 8
8, 4
2.5, 0
0, 0
8, 8
4, 4
0.5, 9
2, 8
8, 10
8, 10
4, 3
3.625, 11
-0, 4
10.125, 6
4, -0
7.5, 0
6, 4
4, 4
2.5, -0
4, 0
3, 4
6, 10
8, -0
3, 2
4, 8
4, 7.625
11, 8
4, 7
4, 8
4, 4
7, -0
-0, 10
9, 1

6.25, -0
1.125, 7
11, 9
0, 8
8, -0
-0, 0
8, 4
8, -0
-0, 8
5, 3
6, 5.5
4, 10.125
4, 6.125
8, 9
8, 4
0.625, -0
-0, 6
-0, 8
0, 8
0, 8
-0, 0
4, 4
0, 8
7.75, 11.25
6.25, 8
0, 8
8, 4
0, 8
8, 4
4, 4
8, 0
4, 8
4, 3
-0, -0
10.5, 9.625
11.5, 7.5625
4, 4
0, 2
3.625, 10
4, 0
8, -0
4, -0
4, 0
2, 1
10.5, 5
4.5, 4
8, 0
8, 11
10.5, 9.25
11, 6.25
4.125, -0
4, 4
1, 11
8, 4
-0, 4
0, 8
8, 8
0, -0
8, 0
9.75, 3
4, 4
8, 8
6.25, 2
5, 5.25
1.625, 5.25
4, 4
4, 0
10.75, 3.5
3.125, 2.75
4, 4
4, 8
0, 8
2, 4
4.75, -0
8, 0
8, 4
8, -0
2, 0
8.5, 0
4, 8
1, 4
8, 4
4, 4
0, 3.625
4, 8
-0, 8
8, 6.5
8, 8
0.5, 1
4, -0
8, 0
8, 4
7, 0.125
0.125, 4
4, 8
8, 8
8, 4
0, 8
8, 0
7.75, 8
0, 8
8, -0
4, -0
4.5, 8.25
0, 8
4, 10
10.25, 6.75
-0, 8
11.5, 4
-0, 11
2, 6
-0, 8
8, 4
8.5, 4
0, 0
8, 0
8, -0
10.5, 2.875
8, 2
0, 5
0, 2
4, 0
9.75, 1
4, 4
3.625, 10
8, 8
1.5, 1
1, 8
0, 8
11, 1.75
8, 8
9, -0
10, 4.5
8, -0
3, 4
4, 4
8, 2.25
9, -0
7, 8
8, 8
0, 2
2, 1
-0, 2
8, 7

0.75, -0
11.875, 3
0, 1
0, 4
-0, 8
4, 4
-0, 0
0, 8
4, 4
6, 4
8, 10
8, 7.375
6, 3.125
4, 9
4, 0
5.5, 7.5
8, 3
-0, 8
0, -0
0, 8
-0, 0
0, 4
10.5, 1
3.125, 4.25
2, 0
0, 8
8, 8
8, 8
4, -0
-0, -0
8, 8
2, 0
-0, 10
-0, 8
-0, 0.5
9.5, 4.125
0, 0
6, 7
7.5, 6
8, 8
8, 8
8, -0
4, 0
11, 10
5, 5
11.75, 4
4, 0
1, 9
8.25, 7
4.5, 8.75
1.625, 8
4, 8
4, 9
-0, 8
-0, 8
0, 4
-0, 8
4, 4
8, 0
7.75, 10
4, 4
8, 8
0.125, 4
4.5, 1.25
7.375, 1.25
0, 8
8, 4
11, 4
3.25, 5.375
8, 8
0, 8
0, 8
1.25, 8
8.75, 5
-0, 0
0, 4
4, -0
4, 10
2.5, 4
-0, 8
6.5, 4
-0, 8
4, 8
8, 9.25
0, 0
8, 8
-0, 7.75
8, 0
4.5, 3
0, 8
4, 0
4, 0
9.5, 9.125
10, 6
-0, 8
4, 8
0, 8
0, 4
0, 8
2.5, 4
8, 8
4, 8
4, -0
8, 4.3125
0, 8
8, 2
11.25, 6.25
8, 8
0.75, 4
5, 11
4, 1
4, 8
0, 8
4, 8
4, 8
-0, 4
0, 8
8.25, 0.375
8, 2
8, 3
6, 7
4, 6
10.5, 7
8, 8
11.25, 10
8, 8
11.75, 6
4, 0
0, 8
4.25, 8
8, 8
7, 8
10, 2
4, -0
7, 4
8, -0
4, 9.5
9.5, 4
10.5, 6
4, -0
4, 11
1, 6
8, 8
-0, 11

0.5, 11
0.5, 4
8, 9
4, 0
8, 8
8, 8
-0, 4
8, 8
8, 8
2, 5
9.5, 6.5
0, 7.625
1, 9.875
8, 7
8, 8
11.625, 3.25
-0, 3
8, 4
4, -0
4, 0
8, 8
11, 4
3, 4
3.125, 3.5
9, 0
4, 0
8, 8
4, 4
8, -0
-0, 8
8, 0
9, 4
8, 0.5
4, 4
6, 8.25
8.5, 4.1875
8, 4
6, 4
2.5, 10
4, 8
8, -0
4, 4
4, 8
1, 2
1.5, 10
7.5, 8
4, 8
4.5, 7
4.75, 8.5
3.5, 9.75
6.125, 4
8, 8
11, 6
8, 8
8, 4
4, 0
4, 4
8, 8
8, 4
0.375, 6
2, 8
8, 8
5.125, 8
1, 11
8.75, 10.25
8, 8
8, 8
3.5, 6.5
9.375, 2.25
8, 8
8, 8
0, 8
3.5, -0
9.5, 11
8, 0
8, 4
8, 4
2, 4
7, 4
8, 8
10.5, 4
8, 8
8, 4
4, 7
4, 4
4, 4
-0, 8.5
0, 0
11, 7
4, -0
8, 8
8, 8
3.5, 6.625
0.125, 11
8, 8
8, 8
8, 8
4, 0
4, 4
6.75, 8
0, 8
8, 4
4, -0
3.75, 6.75
4, 0
8, 8
9.5, 3.875
8, 8
10.5, -0
6, 2
5, 3
4, 0
8, 8
10.25, 4
8, 8
8, 4
8, 8
11.25, 8.125
10, 11
8, 5
2, 10.5
-0, 1
3.5, 9
8, 8
7, 4
8, 4
11.25, 2
4, 4
8, 8
5.25, 5
4, 4
7, 4
0, 7
8, 4
11, 11.5
8, 4
-0, 3.625
1, -0
10, 6
0, 4
0, 7
-0, 7
8, 0
-0, 11

6.5, 5
6.375, 2
7, 6
4, 8
4, 4
4, 4
4, 8
4, 4
8, -0
3, 4
8, 10.5
8, 2
6, 2.375
8, 8
4, 8
0.625, 11.5
8, 7
4, 4
4, 8
4, 8
-0, 8
2, 8
4, 6
3.75, 8.75
4.25, 6
4, 4
4, 4
4, 4
-0, -0
8, 4
-0, 0
9, 8
4, 1.5
-0, 4
6, 10.5
10.75, 6.4375
8, 8
0, 2
10.5, 8
4, 4
4, 4
4, -0
4, 4
10, 10
2.5, 5
6, -0
-0, 4
6.5, 8
9.25, 11
9, 8.75
3.75, 4
4, 8
9, 2
-0, -0
8, 8
4, 8
4, 4
4, 4
4, 0
3.5, 5
3, 8
4, -0
9.25, 8
3, 0
0.875, 6
0, 4
4, 4
7.25, 3.5
1.625, 0.625
8, 4
4, 8
4, 4
8.75, -0
7.5, 10
4, 4
0, 8
-0, 8
2, 6
2, 8
4, 8
6.5, 0
4, 8
4, 4
4, 9.25
4, 0
4, 4
-0, 8.75
8, 8
7.5, -0
8, 8
4, 4
4, 8
7, 11.625
4.5, 7
4, 4
4, 4
4, 0
4, 8
8, 0
11.5, 4
0, 4
8, 4
0, 4
6, 4.6875
4, 4
7, 6
9.75, 3.25
8, 4
5, 8
11, 7
3, 10
4, 8
4, 8
10.25, 0
8, 0
4, 4
4, 4
0, 11.875
4, 2
4, 4
2, 2
8, 10
2, 1
8, 4
10, -0
4, -0
5, 6
9, 8
4, 4
1.75, 9
4, 0
2, -0
10, 9
4, 4
2, 8.5
-0, -0
-0, 1.125
6.5, 8
3, 2
8, 4
4, 9
7, 7
-0, 7
3, 1

11.75, -0
4.125, 11
4, -0
8, 8
8, 8
8, 8
8, 8
4, 8
-0, 4
9, 2
8.5, 7.5
4, 8.125
10, 3.375
8, 10
8, 0
5.375, 5.5
8, 8
8, 8
0, 4
4, 8
4, 0
4, 8
3, 10
1.625, 10
6.25, 8
8, 8
4, 4
4, 0
8, -0
8, 4
4, 8
8, 8
2, 7
-0, 4
9.75, 0.875
1.25, 8.4375
8, 4
2, 0
7.625, 8
4, 8
0, -0
4, 4
4, 8
3, 6
7, 5
10.5, 8
8, 0
6, 6
1.75, 5
3, 10.5
10.375, 8
0, 4
11, 7
-0, 4
-0, 8
8, 8
-0, 8
8, 8
8, 4
11.375, 2
4, 4
0, 4
2, 0
5, 10
2, 4.625
8, 0
4, 0
6.75, 11.5
3, 1.375
8, 4
4, 4
8, 8
10.5, 8
8, 8
4, 8
0, 4
-0, 8
4, 10
3.25, 8
4, 4
0, 0
-0, 4
0, 8
4, 11.375
0, 8
8, 4
4, 2.5
4, 4
10.5, 6
4, 8
-0, 8
8, 0
8, 8
0.125, -0
8, 4
4, 8
4, 8
8, 8
0, 8
6, 8
8, 8
4, 4
4, -0
5, 6.75
8, 8
11, 6
3.75, 5.125
-0, 4
2, 8
5, 0
5, 6
-0, 4
0, 4
6.25, 4
8, 4
4, 8
8, 8
5.5, 0.25
2, 8
0, 11
2, 7.5
4, 6
6.125, 9
8, 4
11.5, -0
0, 4
11.5, 5
3, 8
8, 4
11, 8
0, 4
1, 8
6, 6
4, 8
6, 9.5
8, 4
4, 0.25
0.5, -0
7, 9
0, -0
4, 5
9, 3
4, 5
3, 4

2.25, 9
8, 4
9, 11
4, 4
4, 4
4, 8
4, 4
8, 4
4, 4
10, 0
11, 0
0, 8.125
5, 0.5
0, 1
4, 4
3.25, 7.25
8, 8
4, 8
0, 4
4, 8
8, 8
5, 8
8, 8
5, 8.875
0.75, 0
8, 8
-0, 4
8, 8
-0, -0
4, 4
8, 4
3, 4
4, 9.5
8, 8
8.5, 8
7.5, 11
4, 4
8, 4
10.625, -0
4, 4
8, 4
4, 4
4, 8
3, 9
5, 3
5.25, 8
4, 4
10, 9
2.5, 7.75
9.5, 0.75
1.875, 8
0, 4
8, 6
4, 4
4, 4
4, 4
8, 4
4, 8
4, 4
9.875, 0
1, 0
8, 8
7.125, 2
8, 9
2.625, 7.875
8, 8
4, 4
3.75, 11.5
10.75, 4.5
4, 8
0, 4
8, 8
9.25, -0
11, 4
4, 8
8, 8
4, 4
8, 2
-0, 8
-0, 4
2.5, 0
4, 4
4, 8
0, 1.25
4, 8
-0, 0
-0, 8
8, 4
9, 10
4, 8
4, 4
4, 4
6.5, 11.5
4.25, 8
4, 8
4, 8
0, 4
4, 4
4, 8
8.25, 8
0, 8
4, -0
4, 4
7.5, 4
8, 8
1, 2
7.5, 2
8, 4
8, 4
3, 6.5
8, 3
-0, 4
4, 4
0.25, 8
8, 8
-0, 4
4, 4
8, 7.375
2, 9
8, 1
8, 1.5
8, 8
0.375, 3
4, 8
8.875, 4
8, 8
9, 10
1, 4
0, 4
3.75, 8.75
8, 8
0, 4
0, 1.5
4, 4
7, 6.5
4, 4
-0, 3.375
4, 8
8.5, 4
0, 8
8, 4
-0, 10
8, 1
9, 10

0.25, 11
2.75, 4
4, -0
4, 4
8, 4
4, 8
-0, 0
4, 4
4, 4
9, 6
6.5, 2
0, 0.125
0, 7.5
0, 10
8, 8
9.25, 7.5
-0, 9
4, 4
4, -0
4, 4
-0, 0
4, 0
2, 2
7.5, 7.5
4.25, 10
4, 4
-0, 4
0, 4
4, -0
4, 4
4, 0
11, 0
2, 4.5
4, 8
7.75, 3.375
11, 10.0625
4, 4
4, 8
11.125, 6
4, 4
4, -0
-0, 8
4, 0
10, 5
6, 6
7, 8
4, 4
1, 5
9.25, 11.75
4.5, 6.5
3.375, 4
0, -0
-0, 6
8, 8
4, 0
4, 4
4, 4
4, 8
4, 0
3.375, 4
4, 8
4, 8
8.25, 2
0.5, 6.5
4.25, 5.875
4, 4
4, 4
4.5, 9
3.875, 2.625
8, 4
8, 8
0, 0
5, -0
0.25, 7
8, 8
0, -0
-0, 4
2, 2
0.5, 0
8, 8
0, 4
8, 8
0, 4
0, 9.625
4, 4
4, 0
4, 0.75
0, 0
6, 8
4, -0
-0, 8
8, 8
8, 2.625
9.5, 8
-0, 0
4, 4
4, 0
4, 4
4, 0
3.5, 8
0, -0
8, 4
8, -0
5.25, 7.625
4, 4
1, 2
11, 3.625
8, 8
3.25, -0
9, 2.5
0, 3
-0, 0
8, 8
5.5, 0
4, 4
4, 0
8, 4
1.75, 8.5
6, 5
8, 5
2, 10
-0, 5
3, 6
8, 4
3.875, 2
4, 4
7.75, 2
11, 0
0, 4
2.75, 10
8, 8
6, -0
6, 7
8, 8
9, 8.5
4, -0
-0, 11.125
11, 8
6.5, -0
8, -0
4, 5
2, 10
4, 8
1, 0

9, 10
5.75, 11
10, 11
8, 0
-0, 4
4, 4
-0, 0
4, 8
8, 4
11, 3
5.5, 6.5
0, 6.25
11, 5.375
0, 1
0, 0
4.875, 1.5
-0, 4
4, 4
8, -0
8, 4
-0, 8
8, 0
7, 3
5, 4.5
9.5, 2
8, 0
-0, 8
8, 4
4, 4
8, -0
8, 4
9, 4
8, 1
8, -0
0.5, -0
6.75, 11.25
8, 8
10, 0
9.375, 2
-0, 0
8, 4
8, -0
4, 4
3, 2
5, 9
4.75, -0
8, 4
4, 10
3.75, 7.5
5, 11.5
3, 4
8, 4
-0, 0
8, 8
-0, 4
8, 0
-0, 4
4, 4
8, 0
7, 9
7, 4
0, -0
9.75, 10
6.5, 7.5
5.375, 8.375
8, 0
4, 8
11.5, 9.5
9.5, 0.875
8, 8
0, 0
8, 4
8, -0
3.5, 9
4, 4
8, 8
8, -0
-0, 4
8.25, 0
-0, -0
9, 0
8, -0
8, -0
0, 7.25
0, 4
-0, 4
4, 0.25
8, 8
9.5, 5
8, 4
4, 4
-0, 0
4, 5.625
2.625, 8
-0, 8
-0, 8
4, 4
8, 0
4, 8
9.75, 8
8, 4
8, 4
8, 8
11.5, 10.375
8, 4
10, 0
4, 8.625
8, 4
11.5, 4
2, 8.5
9, 4
8, 0
8, 0
4.5, 8
8, 0
-0, 4
0, 4
9, 3
10, 2
0, 2
6, 3.5
4, 9
9.25, 3
8, 8
5.125, 8
0, 8
10, 9
9, 4
0, -0
4.5, 3.5
8, 0
9, 4
4, 8
0, -0
6, 9
8, 8
8, 5.875
2, -0
3, 4
0, 4
4, 2
4, 3
8, 0
1, 0

1.75, 1
7, 7
1, 7
4, 4
-0, -0
4, 4
4, 8
4, 8
8, -0
10, 0
11.5, 3.5
0, 0.375
7, 4.5
0, 9
8, 4
10.125, 1.5
4, 4
-0, 8
0, 8
4, 4
4, 8
4, 4
4, 5
4, 6.5
11.75, 8
0, 8
4, 8
4, 4
-0, 8
4, 8
4, 8
6, 8
2, 0
-0, 4
2, 2.25
4.25, 4.375
4, 8
0, 10
10.875, -0
-0, 4
4, 8
4, 8
-0, 0
3, 6
1.5, 7
5.75, -0
-0, 4
4, 2
6, 3
10, -0
11, 8
0, 4
11, 9
4, 4
4, 0
4, 4
-0, -0
4, 4
0, 8
4.625, 2
0, 8
0, 4
0.5, 10
11, 8.5
11.5, 11.75
4, 8
-0, 0
10.75, 11
5.75, 1.875
8, 4
4, 8
0, 8
2.75, 8
11.75, 1
4, 8
0, -0
4, 8
-0, 2
10.25, 0
4, 8
5, 8
8, 4
4, 4
8, 1.875
0, 0
-0, 0
8, 2.25
8, 0
5.5, 5
4, 8
-0, 0
8, 4
6.5, 3.875
10.875, 2
-0, 8
4, 4
0, 4
4, 4
0, 8
4.75, 0
0, -0
8, 4
4, 8
1.5, 0
4, 4
5, 6
9.25, 10.625
-0, -0
2.25, 4
2, 7.5
9, 10
8, 4
8, 4
5, 0
8, 4
4, 8
0, -0
3.5, 8.625
6, 5
4, 4
4, 7
-0, 5
3.75, 8
8, 4
2.75, 4
8, -0
11.5, 8.5
6, 4
4, 4
4, -0
0, 4
5, 8
4, 3
8, -0
4, 11.5
4, 8
4, 3.75
-0, 4
1, 5
0, -0
0, 6
5, 10
-0, 0
7, 10

9, 5
5, 5
8, 4
0, 8
-0, 4
-0, 8
4, 0
8, 8
-0, -0
5, 6
5.5, 7.5
0, 10.375
1, 5
4, 11
0, 0
3.625, 10.25
-0, 7
-0, -0
0, 8
0, 0
8, 4
8, 0
3.5, 9
5, 4.25
3.5, 10
0, 0
-0, 8
0, 0
-0, -0
4, -0
-0, 0
7, 8
-0, 8
4, 8
5.25, 10.25
7.75, 0.4375
0, 0
8, 6
6, 6
-0, 0
0, -0
4, 8
8, 4
9, 8
8.5, 1
1.75, 8
-0, 0
8.5, 6
11, 1
5.5, 4
4.5, 8
0, -0
1, 7
4, 4
4, 4
0, 8
4, -0
0, 8
0, 0
0.25, 0
11, 8
0, -0
4.875, 10
2.5, 6.25
5.625, 9.875
0, 0
4, 8
9.25, 2
11.75, 0.5
4, 8
0, 4
0, 4
10.5, 4
1.25, 4
-0, 0
8, 4
-0, -0
2, 4
6, 8
-0, 4
5.5, 8
-0, 4
0, 4
8, 11
4, 0
-0, 4
4, 0.5
0, 4
2.5, 11
8, -0
-0, 8
-0, 0
5, 6
4.875, 5
-0, 4
-0, 0
8, 0
0, 8
0, 0
5.75, 0
0, 4
0, 8
0, 4
5.75, 7.75
0, 0
2, 9
10.5, 9
-0, 4
6, 4
4, 4.5
9, 3
8, 0
0, 4
4.5, 8
4, 0
8, 4
0, 4
5.5, 4.375
4, 2
4, 8
0, 11
8, 6
7.625, 11
4, 8
4.5, 2
0, 4
1.25, 5
-0, 0
4, 8
10.75, 9.25
4, 8
9, -0
8, 10
8, 4
9, 10
-0, 8
-0, 11.75
9.5, 4
3, 7
0, -0
8, -0
11, 3
4, 0
5, 7

11.75, 10
4.625, -0
1, 10
8, 4
8, -0
4, 4
-0, 4
8, 8
4, -0
1, 4
8.5, 9.5
0, 6
11, 11.875
4, 10
4, 4
6.5, 3.25
8, 3
8, -0
8, -0
8, 4
-0, 8
11, 0
2.5, -0
10, 8.75
5.75, 10
8, 0
4, 8
8, 0
4, -0
8, -0
8, 0
2, 4
4, 11.5
4, 4
10.5, 0.875
6.25, 6.0625
4, 8
10, 2
5.375, 6
4, 4
8, -0
8, -0
8, 0
10, 4
8.5, 2
7.25, 8
4, 4
0.5, 9
7.5, 5.25
5, 11
10, 4
0, -0
10, 1
-0, -0
-0, 0
8, 4
-0, -0
4, 4
0, 0
5.625, 6
0, 4
8, 4
7.625, 10
7, 2
1.625, 9.125
8, 0
4, 0
4.25, 7
1.125, 8.625
8, -0
0, 4
8, 4
9, 4
7, 11
8, 0
0, 8
-0, -0
10, 6
7.25, 0
-0, 4
0, 0
-0, -0
0, -0
0, 11.625
0, 0
8, 0
4, 11.75
4, 4
2.5, 11
8, 8
-0, 4
4, 4
11.5, 2.375
7.125, 5
8, 8
8, 4
8, 8
8, 4
8, 4
8, 0
4, 8
8, -0
4, 4
2, 7.4375
0, 8
9, 4
8, 6
8, 8
9.75, -0
-0, 6.5
2, 9
4, 8
0, 0
11.5, 8
8, 0
8, 0
8, -0
6.5, 3.5
10, 9
8, 6
10, 8
-0, 5
7.5, 1
8, 0
8.5, -0
8, 8
6.5, 8.5
11, 4
8, 8
9.5, 3.75
8, 0
6, -0
10, 3
4, -0
8, 4
4, 8
4, 0.875
5, 4
1, 11
4, 4
8, 7
-0, 7
8, 10
4, 11

7.75, 9
11, -0
6, 5
8, 0
-0, 4
4, 0
8, 0
8, 8
8, 8
3, 6
5, 5.5
8, 2.5
1, 8
0, 8
4, 4
11.5, 3.5
4, 6
8, -0
4, 4
8, 0
8, 0
0, 4
3.5, 8
6.375, 9
3.75, 4
8, 0
4, 0
8, 4
4, -0
8, 4
-0, 0
4, 8
8, 9.5
-0, 4
10.5, 7.25
11.25, 0.25
8, 4
2, 8
2.625, 6
8, 4
0, -0
4, 4
4, 4
2, 8
1, 7
0.5, 8
8, 8
10.5, 5
1.25, 1.5
5, 8
10.625, -0
4, -0
9, 6
4, 8
-0, 0
8, 0
-0, 4
4, -0
0, 0
0.125, 10
11, 4
4, 4
11.625, 6
5, 6.5
7.25, 3.375
0, 8
4, 0
10, 8
4.75, 2.75
8, -0
4, 8
8, 0
4.5, 4
7, 5
4, 8
8, -0
-0, -0
2, 0
10.5, 8
4, 8
8, 4
-0, -0
8, -0
4, 2.125
0, 4
-0, 4
8, 10.5
0, 0
6.5, 11
4, 8
-0, 0
4, 4
5, 7.125
11.375, 5
8, 0
-0, 8
0, 4
8, 0
4, 0
4.5, 4
8, 8
0, 8
8, -0
11.75, 6.5625
8, 0
7, 2
9.5, 4.75
4, 4
11.75, 8
7, 5
2, 5
8, 4
0, 0
2.25, 4
8, 8
-0, 8
0, 4
7, 11.875
10, 2
8, 9
4, 1
8, 0
8.625, 3
8, 0
2.875, 10
4, 4
5.75, 11.5
5, 0
0, 4
8.25, 11.25
4, 4
8, -0
0, 0.5
4, 4
6, 1
4, 4
4, 1.75
6.5, 4
10.5, 2
8, -0
0, 9
9, 4
-0, 10
11, 5

3.75, 5
3.875, 6
2, 9
0, 0
8, -0
8, 8
4, 4
0, 4
8, 4
9, 3
9, 8
0, 2.375
3, 2.375
4, 10
4, 8
4.125, 2.5
-0, 1
-0, 8
0, 4
8, 8
4, 8
6, 4
3, 2
6.75, 7.25
3.25, 4
8, 8
-0, 4
4, 0
-0, -0
-0, 4
4, 8
1, 0
8, 4
4, 8
7.5, 2.375
6, 0.5625
0, 0
2, 1
9, 2
-0, 8
0, 4
4, 8
-0, 4
-0, 8
0.5, 8
4.25, 4
4, 8
4, 11
3.25, 3.5
10.5, 4.5
6.75, -0
8, 8
2, 11
8, -0
-0, 0
0, 0
-0, -0
8, 8
4, 4
1.625, 4
2, 0
0, 4
6.125, 6
11, 5.5
1.375, 8
0, 4
8, 0
8, 2
7.5, 6.125
4, 8
8, 0
8, 8
8.5, 4
1, 4
4, 8
8, -0
8, 8
4, 0
10.75, 4
8, -0
0, 4
4, -0
8, 8
4, 3.875
0, 0
8, 0
8, 2.5
0, 4
2, 6
0, -0
-0, 0
4, 8
8.5, 0.75
4.125, 11
4, 0
8, 8
4, 4
0, 0
0, 8
5.75, 8
4, 4
8, -0
0, 4
11.5, 4.75
0, 0
10, 8
1.25, 7.625
4, -0
6, -0
-0, 11.5
0, 11
-0, 0
4, 0
3, 0
0, 8
4, 4
8, -0
6.5, 4.75
6, 4
4, 9
2, 7.5
-0, 5
0, 8
4, 8
1.5, 8
4, -0
8.5, 8
5, 0
4, 8
6.5, 11.75
4, 0
10, -0
2, 3.5
0, -0
3, 3.5
-0, -0
4, 0.75
10, -0
4.5, 10
8, -0
4, -0
1, 1
-0, 6
2, 11

5, 6
6.375, 3
0, 11
8, 4
4, 8
8, 8
-0, 0
4, -0
4, 8
3, 6
4, 10
0, 11
10, 4
4, 3
4, 0
3.5, 6.5
8, 10
8, 4
0, -0
8, 4
8, 8
7, 0
11, -0
3.625, 0.625
11.25, 0
0, 0
8, 4
4, 8
-0, 8
-0, -0
-0, 8
6, 0
-0, 8
8, -0
3.75, 7
9, 7.5
0, 8
0, 6
9.625, 6
-0, 4
0, 8
4, 4
8, 8
5, 10
10.5, 8
0.75, -0
4, 0
4.5, 7
1.25, 9.75
7.5, 3
9.625, 8
8, 4
-0, 6
4, -0
4, 0
8, 4
4, -0
8, 8
0, 4
4, 10
2, 4
0, 8
3, 6
0, 2.25
9.5, 9.5
8, 0
4, 8
11.75, 11.5
6.375, 7.625
8, -0
4, 0
8, 4
2, -0
7, 3
4, 8
8, 8
-0, -0
6, 2
3.25, 4
4, -0
7, 8
4, -0
8, -0
0, 0.375
4, 8
4, 8
-0, 3.75
0, 4
11, 7
8, 8
-0, 0
4, 0
9.5, 5.25
6.125, 4
-0, 8
-0, 8
8, 4
8, 4
0, 0
2.75, 4
4, -0
0, 8
4, -0
6.75, 1.625
8, 4
8, 8
10.75, 6
4, -0
6, 4
9, 2
1, 2
8, 4
4, 0
9.75, 4
4, 4
-0, 8
4, 8
1.25, 8.5
2, 4
8, 1
10, 9.5
8, 3
10.375, 8
8, 0
1.5, 6
0, 8
9, 7
7, 0
0, 4
2.75, 11
8, 4
5, 4
0, 8.5
4, -0
0, 8.5
-0, 8
8, 1.375
1, 4
6.5, 8
4, -0
8, 11
11, 11
-0, 2
-0, 4

3.5, 2
0.875, 11
11, 5
0, 4
4, -0
4, 8
8, 4
0, 4
4, 8
5, 1
7, 9
0, 10.375
10, 4.125
8, 3
4, 4
9.125, 2.5
4, 10
-0, 4
0, 4
8, 8
-0, 8
7, 4
11, 8
0.5, 2.5
4.25, 0
8, 8
4, 8
0, 8
8, 8
4, 8
-0, 8
4, 8
6, 10
-0, 8
11.75, 4.125
0.75, 7.5
0, 0
4, 8
1.125, 2
8, 8
0, 8
4, -0
8, 8
9, -0
3, 3
2.5, 8
4, 0
2, 1
3, 4.5
3, 11
9, -0
0, 4
5, 1
8, 4
-0, 8
0, 4
4, 4
4, 8
0, 4
0.625, 6
1, 4
0, -0
9.75, 8
1, 1
11.75, 3.125
0, 8
-0, 8
10.75, 1
8.5, 0.5
4, -0
0, 8
4, 8
5.75, -0
8, 8
-0, 8
8, 8
-0, 4
6, 2
2.25, 8
-0, 8
9, 4
4, 8
8, 4
0, 7.875
8, 8
4, 0
8, 3
4, 4
0.5, 3
4, 8
-0, 0
4, 4
5, 5.625
0.625, 3
4, 0
-0, 4
0, 4
0, 4
8, 8
11.25, 8
8, 8
4, 8
8, 8
8.25, 7.4375
8, 8
1, 6
2, 8
-0, 8
8.75, 4
6, 5
3, 7
-0, 4
4, 8
7.5, 4
4, 0
-0, 0
4, -0
2, 11.375
4, 2
8, 10
8, 10
4, 1
8.875, 8
4, 0
3.25, -0
8, 4
10.75, 5.5
-0, 4
0, 8
10.25, 7
0, 8
6, 4
10, 4.5
4, 8
7, 1
-0, -0
8, 2.125
7, -0
5.5, 6
8, -0
0, 7
11, 1
4, 2
-0, 7

8.75, 8
1.5, 11
2, 6
4, 8
8, -0
-0, 8
4, 8
8, -0
8, -0
3, 11
4, 0
0, 1.625
9, 6.375
8, 8
0, 0
5.625, 11.75
8, 6
4, 8
0, 8
4, 8
8, 4
7, 8
6.5, 2
6, 7.25
7, 2
8, 8
-0, 0
4, 8
-0, 8
8, -0
8, 0
8, 4
4, 1.5
8, 4
10, 3.25
8.5, 0.0625
4, 8
2, 5
9, 8
-0, 8
8, -0
4, -0
8, 4
1, 7
3.5, 5
9, -0
8, 0
3.5, 10
4.25, 8
10, 3
5.25, 8
0, 8
1, 11
8, 4
8, 4
4, 8
4, 8
0, 8
8, 8
2.875, 10
4, 0
0, 4
10.75, 10
9, 9.5
3.375, 11.375
8, 0
4, 8
1.25, 6.5
5.5, 4
0, -0
4, 0
8, 8
4.25, -0
8.75, 10
4, 8
0, -0
8, 4
-0, 10
6.75, 0
4, -0
8, 0
8, -0
8, 8
0, 6
0, 4
8, 0
8, 7.25
4, 4
11, 3
8, -0
-0, 4
-0, 0
3.5, 4
8.75, 8
4, 4
8, 8
4, 0
4, 8
0, 8
2, 8
0, 8
0, 4
8, -0
1.75, 5.6875
4, 8
11, 6
1.5, 9.25
8, 4
10.25, 8
11, 10.5
0, 1
4, 4
8, 0
-0, 8
8, 0
-0, 4
8, -0
4.5, 2.625
6, 11
0, 5
4, 5.5
8, 1
3.75, 5
-0, 0
0.25, 4
0, 4
10.25, 3
10, 0
0, -0
6.25, -0
8, 0
4, -0
0, 11
4, 4
2, 1
4, 8
4, 10
10, -0
4, 7
0, 4
4, 11
11, 2
4, 0
-0, 11

10.5, 6
6.5, 10
10, 1
8, 0
-0, -0
8, 8
-0, 0
0, 4
8, 4
1, 1
0, 1
4, 8.5
2, 1.25
8, 8
0, 4
4.875, 0.5
4, 2
-0, -0
8, -0
0, 0
-0, 4
0, 0
6.5, 3
5.125, 3
6.75, 0
0, 0
4, 8
8, 8
-0, 4
8, -0
4, 8
4, 8
4, 7.5
8, 8
10, 3
4, 4.25
4, 0
6, 8
2.75, -0
4, 4
0, 4
-0, 4
-0, 8
4, 8
10, 9
10.75, 8
-0, 0
4, 5
-0, 6
0.5, 11
10.25, -0
8, -0
4, 4
8, 8
4, 8
8, 0
-0, -0
8, 8
8, 0
3.625, 8
0, 4
4, 4
6, 6
1.5, 4.75
-0, 1.75
8, 8
-0, 0
11, 6.5
11.75, 0.375
4, 8
0, 4
4, 0
10, 8
9, 5
-0, 8
0, 4
8, -0
-0, 6
9.25, 0
-0, 4
0, 4
4, 4
0, -0
8, 6.75
0, 0
-0, 8
4, 0
0, 0
6, 6
8, -0
-0, 4
-0, 4
3, 1.25
0.5, 6
-0, 0
4, 8
0, 0
8, 0
0, 4
11.25, 4
0, -0
0, 4
4, -0
1.25, 6
0, 0
10, 2
7, 11.125
4, 8
11.75, 8
-0, 8
0, 9
8, 0
4, 4
0.75, 4
8, 4
8, 8
0, -0
5.75, 7.875
2, 8
0, 11
0, 0.5
-0, 11
1.25, 0
4, 8
1.375, 2
8, 8
8.5, 6
8, 8
8, 8
1.25, 5.75
8, 4
4, -0
8, 9
4, -0
8, 10
4, 8
8, 11.5
10, 8
5.5, -0
0, -0
4, 3
4, 2
8, 1
2, 9

11.5, 6
10, 4
9, 2
0, 0
4, 8
4, 8
-0, 4
4, 8
-0, 8
9, 2
8.5, 1.5
4, 3.5
7, 4.375
4, 6
8, 4
3.125, 8
4, 3
8, 4
0, -0
0, 0
8, 4
6, 8
9.5, 10
10.125, 1.75
8.5, 0
4, 8
8, 4
4, 4
8, 4
8, 4
4, 8
2, 0
6, 8
8, 4
5.75, 7.375
7, 7.6875
0, 0
10, 3
8.5, -0
8, 4
4, 8
8, -0
4, 8
5, 10
7.5, 9
4, -0
-0, 0
5.5, 0
11, 8.5
1, 10
3, 8
8, 4
1, 11
4, 8
8, 0
0, 0
4, 4
4, 8
8, 4
5.125, 7
8, 8
4, -0
10.125, 8
8, 8.75
0.5, 7.375
0, 8
-0, 0
2.25, 7
1.375, 6.875
0, 4
8, 4
8, 4
11.5, 4
4, 3
4, 8
8, 4
8, 4
2, 2
2.5, 4
8, 4
11.5, 8
8, 4
4, 4
8, 8.375
8, 8
-0, 0
-0, 11
8, 4
9, -0
4, 4
4, 0
8, 4
6, 1.625
9.875, 5
8, 0
8, 4
4, 8
0, 0
0, 4
2.5, 8
0, 4
4, -0
8, 4
8.5, 3.625
4, 8
-0, 10
11, 5.875
-0, 8
5.75, -0
6, 3
6, 11
8, 4
8, 4
10.5, 4
0, 4
-0, 4
4, 8
10.5, 7.375
4, 11
4, 3
10, 6.5
8, 6
3.625, 11
-0, 4
5.25, 6
4, 8
5.25, 11.5
9, 8
0, -0
11, 2.75
8, 8
8, -0
0, 0
0, -0
11, 9.5
4, 8
8, 1.625
-0, -0
2.5, 7
0, -0
0, 4
8, 1
8, 5
4, 0

11.75, 11
11.625, 4
11, 3
0, 0
-0, -0
-0, 8
4, 8
8, -0
4, 8
10, 2
1.5, 0
4, 6
11, 1.25
0, 6
8, 8
7, 0.5
8, 3
-0, -0
8, -0
0, 8
8, 4
11, 8
4, 3
1, 9.625
3, 8
4, 8
4, 8
4, 8
4, 8
4, 8
8, 8
-0, 4
6, 10.5
-0, 4
9.25, 2.25
5.5, 5.1875
8, 0
10, 4
3.375, 8
8, 8
8, 8
4, 8
4, 8
11, 6
11, 5
10.75, 4
-0, 4
6.5, 9
5.25, 6.5
0.5, 10.25
6.875, 4
4, 8
1, 1
4, 8
-0, 4
0, 0
4, 4
0, 8
0, 8
5.25, 8
4, 8
8, 8
0.25, 10
8, 0
7, 6.875
0, 4
8, 4
1.75, 3.5
2.75, 9
4, 4
8, 8
0, 0
4.5, 4
8, 1
8, 8
0, -0
8, -0
6, 2
2.25, 0
8, 8
8.5, 8
8, 8
4, 8
8, 8.625
4, 4
-0, 4
8, 6.25
0, 0
4, 7
4, 8
-0, 0
8, 8
7.5, 2.75
4.125, 9
4, 4
4, 8
4, 4
0, 0
4, 8
3.75, 0
4, -0
4, 8
0, -0
4.5, 3.25
4, 8
8, 0
8.5, 5
8, 8
11.25, -0
6, 5.5
11, 3
4, 8
8, 8
5.5, 0
8, 8
4, 0
0, -0
0.25, 8.875
10, 7
8, 4
10, -0
-0, 2
2.875, 4
4, 4
3.25, 10
8, 8
4.75, 0
4, 4
4, 8
8.5, 11.75
8, 0
9, -0
0, 8.5
0, 4
3, 9
-0, 8
8, 10
2, 8
11, 4
8, 8
0, 2
11, 2
-0, 6
3, 7

0.25, 11
8.875, -0
8, 4
0, 0
4, 8
4, 0
8, 8
8, 8
4, -0
8, 8
11.5, 4.5
0, 4.5
8, 2.125
4, 3
4, 8
1.625, 9
4, 2
-0, -0
0, -0
0, 0
-0, 0
0, 8
1.5, 6
3.5, 7.5
8.5, 6
8, 8
8, 8
4, 4
8, 8
-0, -0
4, 4
6, 8
10, 0
8, 8
5.75, 9.25
6.75, 5.375
8, 8
4, 10
11.625, 10
-0, 8
4, -0
-0, 4
-0, 0
1, 2
7, 1
4.75, 8
-0, 0
1, 8
11.75, 0.5
6, 3
4.875, 8
8, -0
-0, 11
-0, 8
4, 4
0, 0
8, 8
4, -0
8, 8
9.25, 8
10, 0
8, 4
6.375, 8
6, 6.25
11.625, 5.625
0, 0
-0, 0
3, 9
4, 10.125
8, 8
8, 0
0, 0
5.5, 8
1.25, 8
4, 0
0, -0
-0, -0
8, 10
4.5, 4
8, -0
4, 4
-0, 8
4, 8
0, 10
4, 8
4, 8
-0, 0
4, 0
10, 3
0, 8
-0, 0
4, 8
8.5, 0.25
3.5, 10
-0, 4
-0, 0
4, 8
0, 0
8, 8
11.75, 0
8, -0
4, 4
0, 8
7.25, 1.25
0, 0
4, 6
5, 4.125
4, 4
3.25, 8
11, 8.5
2, 11
-0, 0
0, 8
1, 0
4, 0
-0, 8
4, 8
2, 10.25
8, 3
8, 2
0, 11
-0, 6
6.75, 6
8, 8
3.25, 2
4, 4
4.25, 11.5
6, 8
8, 4
4, 4
4, 4
10, -0
8, 8.5
4, 4
9, 7.5
8, 8
8, 5
10, 4
4, 7
8, 8
0, 4
8, 11
4, 8
8, 2

8, 1
2.5, -0
2, 5
0, 0
4, 8
8, 0
8, 8
4, -0
4, -0
4, 6
8, 4.5
0, 1.5
6, 5.75
4, 6
4, 4
8.625, 2.5
4, 3
-0, 8
0, 8
0, 0
-0, 0
3, 8
8, 4
1, -0
11.75, 4
0, 8
-0, 0
8, 8
4, 4
-0, 8
8, 0
9, 0
2, 11
8, -0
1.5, 4.375
10.75, 2.25
0, 8
2, 0
10.5, 6
8, 4
8, -0
4, -0
8, 8
5, 5
1, 3
9, -0
8, 0
10, 6
6.5, 9.5
-0, 6.75
8.25, -0
0, 8
11, 1
8, 4
8, 4
0, 0
8, 8
8, -0
8, 8
2.125, 6
11, 8
8, -0
8.625, 2
4, 4
6.75, 10.5
8, 0
4, 8
11, 2.5
2.5, 8.625
0, 4
4, 4
8, 8
11, -0
3, 7
-0, 8
4, -0
8, 8
4, 10
0.25, 8
4, 4
3, 8
8, 4
4, 8
4, 3.75
0, 0
4, 8
4, 5.25
4, 0
8, 7
0, -0
4, 0
4, 4
6, 5.25
4, 4
-0, 0
-0, 8
4, 0
0, 0
8, 0
5.75, 8
4, 8
8, 4
4, -0
11, 0
0, 8
8, 9
1, 8
8, 8
0.5, 4
9, 9
4, 3
-0, 8
8, 4
0.5, 4
0, 4
4, 8
4, 8
7.75, 3.375
4, 7
4, 11
6, 6
4, 1
8.75, 3
-0, 4
0.625, 10
8, 8
3.75, 7
2, 4
4, 8
9, 7
4, 0
3, -0
8, 0
8, 4
5, 2
-0, 8
4, 9.375
8, 8
3, 1
8, -0
8, 4
8, 8
-0, 10
1, 3

3, 5
7.375, 11
11, 8
4, 0
-0, 8
4, 8
8, 8
0, -0
-0, 8
10, 11
8, 0
0, 3
5, 7.5
4, 10
0, 4
4, 1.5
8, 9
-0, 4
0, -0
8, 4
-0, 0
4, 0
0, 8
8, 10
8, 2
8, 4
4, 0
0, 8
4, -0
4, -0
-0, 8
8, 0
8, 3
-0, 4
5.75, 1.375
9.5, 11.6875
0, 8
10, 3
5.375, 8
4, 0
0, 8
-0, 8
-0, 8
6, 5
2.5, 9
9, -0
4, 4
8.5, 5
8, 7.5
7, 3
4.375, 4
0, 8
-0, 3
-0, 4
4, 4
4, 0
-0, 8
4, 8
4, 4
8.25, 4
2, 8
0, 4
4.625, 2
6.5, 8.5
8.25, 2.75
4, 4
8, 0
1, 2
5.875, 0.375
4, 8
0, 4
0, 0
9.75, 4
1, 9
-0, 0
4, -0
4, 4
8, 10
9, 0
-0, 4
2, 8
-0, 4
8, 4
0, 0.625
0, 8
4, 0
4, 10.75
0, 0
10.5, 5
8, 8
8, 8
-0, 4
8.5, 9.625
1.125, 4
-0, 0
8, 4
0, 4
4, 0
0, 8
2.5, 8
0, 4
8, 4
4, -0
4.25, 1.875
8, 4
-0, 4
7, 9.5
4, 8
5.5, 8
11, 3
4, 3
4, 0
0, 4
3.25, 4
4, 0
4, 0
0, 8
4.25, 5.875
10, 8
4, 8
8, 11.5
-0, 3
8.625, 4
4, 8
7.625, 10
4, 8
11.75, 9
2, 0
8, 8
8.25, 1.5
0, 8
11, -0
10, 1
4, -0
4, 4.5
-0, 8
4, 11.625
11, 8
7.5, 2
0, 8
0, 7
5, 6
4, 8
11, 11

3.75, 4
8, 2
9, 2
8, 0
4, -0
4, 4
4, 0
4, 8
4, -0
3, 11
5, 5.5
8, 5.625
9, 4.125
4, 1
4, 8
0.625, 0.5
-0, 7
4, 4
8, 8
8, 8
8, 0
0, 4
9.5, 9
4.375, 5
8, 8
8, 0
8, 8
8, 8
8, -0
8, -0
-0, 0
10, 4
8, 11
-0, 8
1, 3.875
0.25, 1.875
8, 8
8, 1
6.5, 4
-0, 8
4, 8
4, 8
-0, 4
6, 3
4, 4
4.5, -0
8, 8
6, 3
5.75, 11.5
8.5, 5.75
7, -0
8, 8
4, 4
4, 8
8, 4
8, 0
4, 8
4, 4
0, 0
1.75, 7
1, 8
0, 8
8.75, 6
8, 7
6.875, 4.5
0, 8
4, 8
1, 8
4.5, 3.125
4, -0
4, 8
8, 8
4.75, 4
7, 5
8, 4
0, -0
-0, -0
6, 10
9.5, 0
4, 8
11.5, 8
4, 8
0, 4
0, 4.75
4, 8
4, 8
-0, 9
0, 4
11.5, 11
4, 8
4, 0
4, 8
4.5, 1.375
9.125, 11
4, 8
-0, 4
4, 0
8, 0
4, 0
9.5, 4
4, 8
0, 8
0, 4
9.25, 8.9375
8, 0
7, 1
3.5, 3.625
4, -0
9.75, 4
7, 6
3, 5
8, 0
4, 8
5, 0
8, 8
8, 0
4, -0
8.25, 4.625
6, 7
8, 7
0, 8
8, 11
8.5, 3
4, 0
0.5, 8
8, -0
6, 7
6, 4
4, 8
7, 1
0, 4
0, -0
4, 7
4, 8
11, 6
8, 8
8, 1.375
5, 8
9, 2
0, -0
4, 2
3, 6
-0, 7
10, 3

4.75, 8
9.125, 5
2, 2
4, 8
4, -0
4, 8
4, 4
4, 8
4, -0
3, 5
9, 4
4, 4
5, 3.625
4, 7
8, 0
10.75, 5.75
4, 9
4, 8
4, 8
4, 8
4, 0
8, 8
1, 5
2.625, 5.625
6, 8
4, 8
-0, 4
0, 0
-0, 4
4, 8
4, 0
2, 0
10, 8.5
4, -0
10.5, 11.5
0.5, 9.125
4, 8
2, 11
2.375, 6
4, 0
4, -0
4, -0
4, 0
7, 10
8.5, 0
2.75, 4
4, 0
4, 4
5, 5.5
8, 5
11.5, 4
0, 4
1, 2
4, -0
-0, 4
4, 8
4, 8
4, 8
0, 8
3.375, 4
11, 0
0, 8
0.25, 8
6, 10.75
5.25, 1.125
4, 0
4, 0
6.25, 8.5
1, 8.25
4, -0
4, 0
4, 4
8, 4
7, 11
4, 0
4, -0
-0, 8
4, 0
-0, 8
4, -0
2, 8
4, -0
0, 4
4, 8.875
4, 8
4, 8
-0, 0.5
4, 8
4, 4
4, -0
4, 0
8, 0
1, 4
1, 7
4, 8
-0, 4
4, 0
4, 8
0, 8
7.25, 0
4, 8
4, -0
4, 8
4, 6.625
4, 8
6, 7
5, 9.875
8, 4
10.5, -0
3, 1.5
2, 4
-0, 4
4, 0
6, 4
0, 8
4, 0
4, -0
3, 4.625
4, 10
0, 11
10, 5
-0, 2
0.125, 8
4, 0
8.625, 10
0, -0
7.75, 10
11, 8
4, -0
6.25, 2.25
0, 8
5, 4
6, 4
4, 8
6, 7.5
4, 8
8, 9
5.5, 4
6, 9
4, 8
4, -0
10, 11
-0, 5
4, 1

11.5, 5
9.75, 1
4, 8
8, 4
4, 8
8, 4
4, 8
0, 4
4, 4
11, 2
5, 2
8, 8.25
7, 10
4, 5
0, 8
4.125, 2.5
4, 7
8, 4
8, 4
8, 4
-0, 8
6, 0
6, 11
10.625, 7.125
9, 4
8, 4
8, 4
8, 0
4, 4
8, 4
4, 8
-0, 8
10, 8.5
8, -0
7, 9.375
10, 0.0625
8, 4
0, 1
11.875, -0
8, 8
0, 4
-0, -0
-0, 8
4, 9
3.5, 3
4.75, -0
8, 4
0.5, 1
4, 7.5
3.5, 0.5
3.625, 8
8, 4
10, 9
-0, 4
4, 4
8, 4
-0, 4
8, 4
8, 4
5.75, 11
9, 8
0, -0
6.5, 0
3, 0.5
3.875, 4.375
8, 0
-0, 4
7.75, 6
8.375, 11
4, 4
4, 0
4, 4
2.5, 4
6, 4
-0, 4
0, 4
8, 4
8, 0
11.75, 8
4, -0
2, 0
-0, 4
4, 4
4, 11.125
0, 4
-0, 4
4, 4.25
8, 4
11, 1
0, 8
4, 4
-0, 8
3.5, 4.125
7.75, 7
8, 4
4, 4
4, 8
8, 4
4, 4
6, 8
8, 8
0, 4
0, -0
10.5, 3.3125
8, 4
-0, 0
6.5, 6.125
4, 8
10.5, 4
3, 2.5
1, 5
8, 4
0, 4
1.75, 4
4, 0
-0, 8
4, 8
7, 3.875
2, 7
8, 9
10, 11
8, 3
1.25, 7
4, 4
0.625, 4
0, -0
9.75, 3
6, 4
4, 8
2.75, 1
4, 4
6, -0
2, 8
4, 4
8, 7.5
8, 4
8, 4.5
6.5, -0
11.5, 11
0, 4
4, 2
10, 6
-0, 7
8, 10

2, 4
4.125, 2
0, 3
8, 0
4, 4
4, 0
-0, 4
4, 4
-0, 8
-0, 7
7.5, 7
8, 11.25
1, 8.5
8, 11
0, 0
2.375, 9.75
4, 4
-0, 8
8, 8
8, 0
4, 0
7, 0
0.5, 9
1.125, 11.375
9.25, 6
0, 8
8, 8
0, 0
4, 4
4, 4
4, 0
1, 0
6, 5
8, 4
8, 7.5
2, 4.3125
0, 4
10, 3
3.375, 8
8, 4
4, -0
4, 4
8, 8
-0, 3
2, 1
4, -0
4, 4
11.5, 1
0.5, 5.5
1.5, 11.25
5.625, 4
8, 8
2, 4
-0, -0
8, 8
8, 0
8, 8
4, -0
8, 0
6.25, 6
10, 4
8, 4
6.75, 0
1, 3.25
5.5, 4.625
8, 4
8, 8
6.25, 5
7, 4.75
0, 4
8, 8
0, 4
1.25, -0
1.75, 7
-0, 4
8, 4
8, -0
8, 8
2.25, 4
8, 8
5, 4
8, 8
4, -0
8, 5.125
8, 0
4, 4
4, 1.5
8, 4
11, -0
8, 4
8, 4
-0, 0
2.5, 0.375
7, 6
4, 8
4, 0
0, 4
8, 0
0, 4
0.5, 0
8, -0
0, 8
0, -0
1.75, 11.0625
0, 8
6, 9
6.5, 3.5
4, 4
8.25, -0
10, 8.5
5, 9
8, 8
8, 8
4, 0
8, 8
8, 8
4, 4
3.5, 1.375
4, -0
0, 1
6, 5
4, 11
11.25, 1
-0, 4
10.625, 6
8, 4
5, 2.5
-0, 4
8, 8
7.25, 4.5
4, 4
6, 4
2, 7
0, 8
4, 7
8, -0
4, 11.375
1.5, 4
3.5, 4
0, -0
8, 2
2, 8
-0, 6
6, 10

-0, 4
5.375, 1
6, 2
4, 0
8, 8
4, 8
-0, 8
4, 8
-0, 8
7, 9
2.5, 3.5
0, 4.875
6, 0.125
8, 11
8, 8
0, 9
-0, 2
4, -0
4, 8
4, 0
8, 4
10, 4
6, 11
10, 1.625
3, 6
0, 8
4, 8
4, 8
8, 8
-0, -0
8, 4
9, 8
8, 2.5
8, 8
2.75, 3.125
4.75, 7.5
0, 8
8, 9
1.5, -0
8, 4
8, 4
4, 8
4, 0
3, -0
4, 3
10.5, 8
8, 4
4.5, 3
6.5, 5.5
1.5, 8
3.25, 8
0, 8
1, 10
4, -0
4, 4
4, 0
4, -0
4, 8
4, 8
2.75, 2
3, 0
0, 4
1.125, 10
4.5, 7.5
11.75, 8
0, 8
4, 4
7, 2
9.875, 8.875
0, 4
4, 0
4, 0
2, 8
4.5, 1
4, 0
4, 4
4, 8
-0, 4
2.75, 0
4, -0
8, 4
4, -0
8, 8
0, 6.125
4, 8
4, 8
-0, 4
8, 4
9, 11
4, -0
4, 8
8, 8
2.5, 11.5
10.625, 11
8, 4
8, 8
8, 0
4, 0
4, 0
0.75, 0
0, 8
4, 4
4, 4
10.75, 1.875
4, 0
6, 5
4.5, 5.5
-0, 4
8, 8
10, 0.5
3, 0
4, 8
4, 0
1.25, 0
4, 0
8, 8
8, 8
10.5, 6.5
8, 3
0, 5
8, 5
4, 11
4.625, 8
-0, 4
7.375, 4
4, 8
3.25, 8
1, 4
8, 4
10.5, 10.5
4, 8
9, 4
10, 7
8, 8
10, 2.5
-0, 8
-0, 9.5
4, -0
2, 5
4, -0
4, 10
8, 1
4, 1
-0, 1

10, 11
11, 6
9, 6
4, 8
-0, 8
-0, 8
8, 4
0, -0
8, -0
5, 11
5.5, 2.5
4, 2.5
3, 7.875
8, 6
4, 0
10.375, 6.75
-0, 3
4, -0
8, 4
4, 8
8, 4
11, 8
8, -0
3.125, 5.875
8.75, 8
8, 8
8, 0
4, 4
4, -0
8, -0
-0, 0
5, 8
6, 3
-0, -0
10.25, 11.625
8.5, 9.5
8, 8
10, 1
4.375, 4
4, 8
0, -0
4, -0
4, 0
9, 11
8.5, 3
10.5, 8
8, 4
7.5, 7
7.25, 0.75
8, 10
11.125, 8
8, -0
10, 2
4, -0
4, 0
4, 8
4, 4
0, 8
8, 0
2.125, 7
4, 4
8, -0
10.625, 4
7.5, 7.5
11.5, 6.75
0, 0
4, 0
2.75, 8.5
3.125, 11.75
4, 8
4, 0
4, 0
6.25, 4
9.75, 6
4, 8
4, -0
8, -0
8, 0
3.25, 0
4, -0
11, 4
8, 4
0, 4
4, 1.375
4, 8
4, 8
-0, 9.25
4, 0
5, 10
4, -0
4, 4
4, 0
11.5, 2.375
0.375, 3
8, 8
-0, 4
4, 0
4, 8
4, 8
4.75, 0
8, 4
8, 4
0, -0
2.75, 7.6875
0, 4
1, 3
2.5, 10.25
4, -0
7.25, 4
8, 6.5
5, 4
4, 8
8, 4
6.75, 4
4, 0
4, 8
0, 8
6, 5.875
10, 4
4, 4
10, 3
4, 3
1.125, 6
4, 8
8, 4
0, -0
10.75, 5
10, 8
4, -0
1.5, 3
8, 4
0, -0
6, 6.5
4, -0
7, 0.5
8, 8
8, 5.25
5.5, -0
3.5, 11
8, 4
0, 10
10, 8
8, 11
5, 7

6, 3
10.25, -0
6, -0
4, 4
-0, -0
4, 8
4, 4
8, 8
-0, 8
9, 3
1.5, 9
8, 9.375
9, 9.375
4, 10
0, 0
10, 6.25
-0, 9
4, 4
8, -0
4, 4
-0, 4
8, 4
0.5, 6
4.375, 4.25
2.75, 6
8, 8
4, 0
4, 8
4, 8
4, 4
4, 0
9, 8
4, 4.5
4, 4
11, 1.75
5, 7.875
4, 0
8, 7
10.375, 6
8, 0
0, -0
4, 8
-0, 0
10, 5
9.5, 11
8.25, 4
-0, 0
8.5, 10
4, 6
2, 1
3.625, 8
4, 4
3, 2
-0, -0
8, 8
4, 4
8, 8
4, 8
4, 8
5.625, 6
6, 0
0, -0
8.875, 2
2.5, 3.5
2.25, 0.25
4, 4
8, 0
8.75, 1.5
9.875, 1.625
4, 4
8, 0
4, 4
11.75, -0
1.25, 1
4, 8
4, 4
4, 8
-0, 2
8.75, 8
8, -0
7.5, 4
4, 4
4, 4
0, 1.75
8, 8
-0, 0
8, 0.25
8, 0
4, 3
4, -0
4, 4
-0, 0
6.5, 7.375
8.75, 2
4, 0
4, 4
0, 0
4, 4
4, 4
1.75, 0
4, -0
0, 4
4, -0
9, 5.25
4, 0
9, 3
0, 6.5
4, -0
1.25, -0
1, 0.5
2, 10
8, 0
4, 4
5.5, 8
4, 0
4, 4
0, -0
6.25, 9.875
8, 7
4, 3
10, 2.5
4, 3
4.375, 6
4, 4
8.5, 8
0, -0
1, 7
8, 4
8, 8
3.25, 8.25
0, 8
5, -0
10, 0.5
0, -0
8, 3
4, -0
4, 4.75
0.5, 4
7, 6
4, 8
4, 1
6, 11
4, 2
3, 5

9.5, 7
5.25, 8
8, 6
8, 0
4, -0
4, 0
-0, 4
4, -0
8, -0
4, 1
10.5, 9
8, 8.25
4, 6
8, 1
8, 0
3.5, 3.5
-0, 0
4, 4
8, 8
8, 0
4, 4
5, 0
6, -0
-0, 0.5
10, 2
8, 8
8, 0
4, 8
4, 8
8, 4
-0, 0
3, 4
10, 3.5
8, -0
11.5, 4
9.25, 9.4375
8, 0
10, 4
1.625, -0
-0, 4
8, -0
4, -0
8, 0
9, 1
9.5, 10
9.75, 4
8, 0
11, 7
5.25, 11
9, 4
5.375, -0
8, 8
7, 2
-0, 8
4, 4
8, 0
4, 8
4, -0
4, 4
10.5, 6
5, 0
4, 8
4, 4
2, 1.25
3.75, 8
0, 0
4, 0
0.5, 7.5
6.375, 11.625
4, 8
0, 8
8, 0
11.75, 4
7.75, -0
8, 0
4, 4
4, 8
10, 10
0.75, 8
-0, 8
8.5, 4
8, 4
8, 4
0, 3.75
8, 0
-0, 8
-0, 10.25
8, 0
2.5, 3
8, -0
8, 0
8, 0
9.5, 7.375
3.75, 3
8, 4
8, 4
0, 8
8, 0
8, 0
8, 0
4, 4
0, 8
0, 4
6.75, 9
8, 0
9, 9
0.75, 1.125
4, -0
0.25, 8
6, 10
4, 8
8, 4
8, 4
1.5, 8
8, 0
4, 0
4, -0
10.25, 5.5
8, 6
0, 1
0, 2
8, 5
4.375, 9
4, 8
0.75, 8
0, 4
0.25, 0
2, 8
0, 4
3.5, 4.5
4, 4
2, -0
2, 1
8, -0
11, 3
8, -0
8, 10.625
6.5, -0
9.5, 5
8, -0
4, 1
6, 1
-0, 6
6, 8

6, 2
2, 1
8, 9
8, 0
-0, 4
4, 0
8, 0
0, 4
-0, 4
3, 1
8, 8
4, 4.375
9, 8.125
4, 7
0, 4
10, 6.25
8, 3
-0, 4
8, -0
8, 0
-0, 8
7, 4
11, 5
7, 4.625
2, 4
8, 0
-0, 4
4, 0
4, 4
-0, 4
-0, 4
5, 8
8, 5.5
-0, 4
2, 11.5
4, 9.375
8, 4
8, 0
0.5, 8
4, 8
0, 4
4, 4
8, 8
9, 5
6, 3
5, 8
-0, 4
3, 0
9.25, 6.5
10.5, 11.25
7.25, -0
0, 4
2, 7
-0, 4
4, 4
8, 0
8, 4
4, -0
0, 4
7.75, 2
6, 4
8, 4
4.375, 6
7.5, 3.5
10.5, 5.875
0, 4
-0, 4
0.5, 3.5
2, 1.75
0, -0
8, 8
0, 4
1, 8
0.75, 6
-0, 4
8, 8
-0, 4
6, 4
0.5, 0
8, 8
3, 8
-0, 4
4, 4
4, 11.75
8, 0
8, 0
-0, 4.75
8, 0
11, 5
8, 8
-0, 4
-0, 4
1, 8.5
3.125, 2
-0, 4
4, 4
8, 0
8, 0
4, 8
7.5, 0
0, 4
0, 4
0, 4
7.75, 2.3125
0, 4
7, 0
6.5, 8.875
4, 8
4.5, -0
2, 1
9, 1
8, 0
0, 4
2.25, 4
0, 4
-0, 4
0, 4
11.25, 5.25
-0, 8
0, 8
0, 5
8, 7
10.875, 7
-0, 0
7.75, 8
0, -0
8, 4
7, 8
0, 4
6.5, 10
4, 4
10, -0
2, 2
0, 4
7, 11.5
8, 4
8, 10.625
0.5, 4
1, 1
4, 8
4, 2
5, 7
8, 9
3, 7

10.5, 11
9.875, 2
9, -0
4, 4
8, 4
4, 4
8, 4
4, -0
-0, 4
8, 6
5, 7
0, 5.875
0, 1.25
8, 6
8, 8
11.25, 7.75
4, 10
4, 4
0, 8
4, 4
-0, 4
3, 4
9, 2
7, 8.25
0.75, 10
8, 4
8, 4
4, 8
4, 4
4, 4
4, 4
8, 0
6, 7
4, 8
3, 7.375
-0, 9.1875
0, 8
8, 3
8.25, 2
-0, 4
4, 4
4, -0
8, 4
7, 11
3.5, 4
2.25, 4
8, 0
10.5, 6
7.5, 9.25
6, -0
8.25, -0
0, 8
7, 7
8, 8
8, 8
4, 4
4, 8
4, 4
0, 4
2.625, 9
6, 4
4, 8
1, 8
4, 2
-0, 0.375
8, 4
8, 4
8.75, 5.5
8.375, 3.25
8, 4
8, 8
8, 4
6.5, -0
5, 4
8, 4
4, -0
-0, 8
-0, 6
10.5, 0
8, 8
6.5, 8
8, 4
0, 4
0, 4.625
0, 4
4, 8
-0, 10.5
8, 8
1.5, 1
8, 8
-0, 0
8, 8
6.5, 11.125
1.75, 11
8, 4
-0, 4
8, 8
4, 4
0, 0
0.5, 8
0, 4
8, 4
0, 4
9.75, 2.875
4, 4
3, 8
7, 3.125
4, 8
4.25, 8
1, 9
1, 5
-0, 8
8, 4
10.75, 8
8, 8
-0, 4
8, 4
10, 8.625
6, 6
4, 4
6, 4.5
8, 6
5.875, 6
8, 4
6, 2
4, -0
0, 3.5
6, 4
8, -0
9.5, 8
4, 0
9, -0
0, 11
0, 8
9, 9
-0, 8
8, 8
5.5, 8
-0, 3
8, 8
8, 3
5, 3
4, 11
2, 0

7, 10
2.75, 1
6, 8
8, 4
4, 8
8, 4
8, 8
0, -0
4, -0
2, 2
9.5, 1.5
4, 6.75
8, 0.875
0, 6
8, 8
11.125, 1
8, 11
8, 4
0, 4
8, 4
8, 8
1, 0
5.5, 10
7, 3.375
0.75, 6
0, 8
8, 4
0, 0
4, 4
8, 4
8, 8
2, 4
-0, 7.5
-0, 4
1.5, 4.375
1.5, 3.6875
0, 4
2, 1
10.375, 10
-0, 8
8, 8
-0, -0
-0, 8
5, 9
3, 10
5.75, -0
-0, 4
8.5, 9
5, 3.25
-0, 2
9.125, 8
0, 4
6, 1
8, 8
-0, 0
8, 4
8, 4
8, 4
8, 4
7.5, 6
2, 0
0, 8
2.75, 0
0.5, 0
4.25, 2.25
8, 8
-0, 4
8, 3.5
5.5, 4.125
0, 4
8, 8
8, 4
9, -0
2.75, -0
8, 8
4, 4
-0, -0
10, 4
2.75, 8
8, 8
10, 0
8, 8
0, 4
4, 0.25
4, 8
-0, 0
-0, 6.25
8, 8
10.5, 2
0, -0
4, 8
8, 8
-0, 5.375
8.5, 2
-0, 8
-0, 4
4, 8
8, 4
8, 4
4.5, 0
8, 8
8, 4
4, 8
4, 2.4375
8, 4
10, 2
11.25, 6.5
8, 8
8.75, 8
9, 3
8, 4
4, 8
8, 8
10.25, 4
8, 0
4, 8
4, 8
6, 1.75
8, 7
8, 2
4, 7
8, 0
10, 7
-0, 4
10.125, 10
8, 8
9.75, 5
5, 0
0, -0
8, 6.5
8, 8
7, -0
10, 4
8, 4
7, 0.5
-0, 8
4, 7.5
2, -0
9, 10
4, -0
0, 1
5, 4
8, 10
11, 2

5.5, 3
8.25, 7
11, 9
4, 8
-0, 8
-0, 0
8, 8
8, 4
8, -0
11, 10
1, 9
0, 0.125
9, 4.75
4, 2
0, 0
3.125, 2
4, 8
4, 8
4, 8
4, 8
8, 0
2, 4
10.5, 5
9.375, 3.75
2.75, 4
4, 8
-0, 4
0, 8
8, 8
4, 8
-0, 0
-0, 0
-0, 8
-0, -0
2.5, 5.125
0.5, 2.3125
4, 8
6, 11
3.625, 2
8, 8
8, -0
-0, 4
8, 8
9, 6
1, 2
5.5, 4
4, 4
9, 10
3.5, 2.75
10.5, 2.25
0.5, 8
0, 4
7, 4
4, 4
4, 4
4, 8
8, 8
0, -0
8, 0
11.25, 4
10, 8
4, 4
2.25, 4
0, 0.5
8.75, 3.875
4, 4
-0, 0
4.5, 9
10.375, 3.5
0, 4
0, 0
0, 4
5.5, 8
7.75, 7
4, 0
0, -0
8, -0
8, 10
7.5, 8
-0, -0
8.5, 4
-0, -0
4, 4
8, 0.125
8, 0
-0, 8
-0, 3.25
4, 4
4.5, 9
4, 4
-0, 4
-0, 0
9, 10.875
11.375, 8
-0, 8
4, 4
4, 0
4, 8
8, 8
0.25, 4
0, 8
0, -0
0, -0
5.25, 7.1875
4, 8
6, 1
9.75, 1.125
8, 8
3.75, 8
11, 3
2, 11
-0, 0
0, 0
8.5, 4
4, 4
-0, 4
0, 8
11.25, 7.125
8, 3
0, 2
4, 8.5
8, 9
7.25, 5
-0, 4
9.25, 8
0, 4
5.25, 4.5
-0, 8
4, -0
8.5, 2.5
8, 8
11, 8
2, 7.5
4, 4
7, 9
4, 8
-0, 9.75
4.5, 8
11.5, 9
0, -0
4, 9
5, 9
4, 9
11, 11

0.25, 5
3.25, 4
8, 3
4, 4
8, -0
8, 4
-0, 8
0, -0
8, -0
6, 10
6.5, 4
8, 7.625
9, 7.5
0, 1
8, 8
1, 3.25
-0, 6
8, -0
4, 4
8, 0
4, 8
0, 0
1.5, -0
7.5, 7.375
9.5, 2
8, 0
4, 4
8, 8
-0, 4
4, 4
-0, 0
11, 0
8, 8
-0, -0
0.5, 8.375
3.5, 0.5
8, 0
6, 5
2.5, 4
4, 4
0, 8
-0, -0
4, 8
9, 9
2.5, 1
7, 4
4, 4
6, 11
11.5, 7.75
7.5, 7.75
1.125, 4
4, 8
1, 3
8, 8
-0, 0
4, 4
4, -0
8, 4
4, 8
1.75, 1
8, 0
0, -0
3.75, 4
4.5, 3.5
3, 1
0, 0
-0, 8
5.75, 9.5
4.75, 5.375
0, 4
8, 8
0, 8
0.5, -0
10.25, 3
4, 8
0, 4
4, 8
4, 4
11.5, 4
8, 8
7, 8
8, 8
4, 4
0, 7.5
8, 0
-0, 0
4, 7
8, 0
5.5, 10
0, 4
8, 0
8, 8
10.5, 8.875
4.125, 5
-0, 8
4, 4
0, 0
4, 4
0, 8
1.5, 8
0, 8
4, -0
4, 8
9.75, 6.375
4, 4
9, 11
3, 11.625
-0, -0
2.75, 8
9, 0
1, 7
4, 8
8, 8
1.5, 4
0, 8
-0, 8
8, -0
9.75, 11.25
8, 5
0, 8
10, 7
8, 8
10.5, 7
-0, 4
1.875, 2
0, -0
2.75, 9.5
9, 0
0, -0
4.75, 8.75
0, 0
11, 4
10, 7
8, 8
0, 2
4, 8
-0, 8.25
11, 4
9, 5
4, 8
0, 1
2, 11
8, 0
10, 5

9.75, 6
4, 9
11, 11
0, 4
8, -0
8, 0
-0, 0
0, 8
4, -0
8, 11
10.5, 8
8, 3.25
1, 7
0, 8
8, 8
0.125, 9
8, 5
-0, -0
0, -0
8, 8
4, 0
8, 0
9.5, 9
6, -0
10.75, 8
8, 8
-0, 4
8, 4
4, 4
8, 4
8, 0
6, 4
6, 5
8, 8
10.25, 0.875
9.5, 5.8125
8, 8
4, 1
1.375, 8
4, 0
4, 4
4, -0
-0, 0
6, 9
10.5, 11
7.75, -0
8, 8
7.5, 5
5.75, 10.5
8, 2
11.5, -0
4, -0
-0, 3
-0, -0
-0, 0
0, 4
8, -0
8, -0
8, 8
6.5, 5
6, 0
0, 8
4.25, 0
2.5, 6
3, 6.125
8, 8
-0, 0
0.25, 5.5
5.125, 5.625
0, -0
0, 0
4, 0
11.75, 8
8.75, 7
-0, 8
4, -0
8, 8
10, 10
11.25, 0
-0, -0
2, 8
-0, -0
4, -0
4, 3.625
8, 0
-0, 0
8, 7
8, 8
1, 3
8, -0
-0, 8
8, 8
6.5, 0.5
2.625, 11
8, 8
8, 8
8, 0
0, 4
4, 4
5, 8
8, 8
8, -0
8, -0
6.75, 6.1875
4, 0
7, 9
11.25, 10.875
-0, -0
1.25, -0
3, 10.5
9, 4
4, 0
0, 0
5, 4
8, 4
8, 8
8, -0
0.25, 0.125
8, 6
8, 11
10, 8.5
8, 4
6.75, 0
-0, 0
11.625, 2
8, -0
8, 4
5, 8
8, 8
0.5, 11.25
0, 8
10, 8
4, 0
8, -0
8, 4
-0, 8
-0, 6
9, -0
9, 5
8, -0
8, 9
9, 4
-0, 9
4, 1

6.75, 6
6.625, 3
7, 8
4, 0
4, -0
4, 4
4, 0
8, -0
-0, -0
4, 1
0, 6.5
0, 1.375
7, 5.5
4, 5
4, 4
1.625, 4.75
4, 5
4, -0
4, 8
4, 8
8, 0
5, 0
0, 6
3.75, 3.5
0.75, 6
4, 0
4, 0
8, 0
4, 4
4, -0
-0, 4
3, 0
8, 6
8, 4
8.75, 2.625
11.5, 8.875
4, 4
0, 3
9.25, 10
8, 4
0, 4
-0, 4
4, 0
5, 9
4, 4
0.5, 4
-0, 4
1, 6
2, 6.25
8, 2
0.375, 4
4, -0
3, 9
4, 4
-0, 4
4, 0
8, 8
4, 4
0, 8
10.875, 10
11, 8
0, 4
9.5, 0
9.5, 5.25
4, 9.75
0, 4
4, 0
5.5, 0.5
5.875, 1.25
4, -0
8, 4
4, 0
5, 8
9.25, 10
8, 0
8, 4
-0, 8
4, 6
2.75, 0
8, 4
5.5, 0
-0, -0
8, -0
4, 3
4, 8
4, 0
4, 11.75
4, 0
6, 4
4, -0
4, 4
4, 4
5.5, 11.25
1.5, 7
8, 0
8, 0
4, 0
4, 0
8, 4
1.5, 4
0, 4
0, 4
8, 8
7, 0.875
4, 0
8, 8
1.75, 0.25
-0, 4
6.25, 4
8, 1
9, 3
4, 0
0, 0
9.75, 4
0, 4
4, 0
4, -0
7.75, 5.875
4, 1
4, 11
0, 7
-0, 4
6.875, 10
4, 0
4.625, -0
0, 4
6.5, 2.5
10, 4
4, 8
8, 0.5
8, 4
4, -0
10, 0.5
8, 4
0, 7
4, 4
-0, 2.625
11, 8
5.5, 9
8, -0
8, 7
10, 6
4, 10
8, 8

5, 10
6, 5
4, 7
8, 0
-0, 8
-0, 0
-0, 0
0, 4
4, 8
9, 11
3, 4.5
0, 4.25
7, 6.5
4, 4
0, 0
1.125, 2.25
-0, 9
4, 8
0, 4
8, 0
-0, 8
3, 0
1.5, 8
3.75, 5.375
11, 4
4, 8
-0, 4
0, 0
8, -0
4, 8
8, 0
10, 8
10, 11.5
4, -0
8.5, 6.25
3.25, 0.8125
0, 4
4, 1
1.625, 4
-0, 0
8, -0
-0, 4
8, 0
4, 10
-0, 11
8.25, 8
4, 0
9, 3
1.5, 1.5
7.5, 6.75
9, 4
8, -0
9, 7
-0, -0
4, 4
8, 0
-0, -0
0, -0
0, 4
4.875, 5
7, 8
8, 8
6.625, 0
4.5, 9.25
10, 1
8, 8
4, 0
9.5, 5
11.125, 0.375
0, 8
0, 0
4, 8
5.75, -0
9.75, 5
4, 8
4, -0
4, 8
6, 2
5, 4
-0, -0
11, 4
4, -0
0, -0
0, 6
0, 0
4, 0
4, 1.75
0, 4
7, -0
4, 8
-0, 4
-0, 0
7.5, 3.5
8.75, 11
8, 0
-0, 4
4, 4
8, 0
8, 0
4, 4
4, -0
8, 4
4, -0
11.75, 3.3125
8, 0
9, 0
11.5, 4.25
-0, -0
6.5, 8
10, 5
7, 1
-0, 4
4, 0
2.25, 4
0, 8
4, 0
0, 8
4.5, 3.5
8, 9
0, 5
4, 2.5
-0, 11
1.75, 3
-0, 8
0, 6
0, 4
1.5, 8
1, 0
0, -0
8, 1.75
0, 0
11, 4
0, 11
8, 4
8, 4
4, 8
8, 2.75
4, 8
4.5, 5
4, 8
0, 11
-0, 3
-0, 10
6, 6

7.75, 6
5.125, 1
11, 1
4, 8
-0, 4
4, 8
4, 8
0, 8
-0, 8
-0, 3
0.5, 8
8, 10.5
7, 6.625
4, 2
8, 0
5.625, 9.25
8, 3
4, 4
4, 4
4, 8
-0, 4
8, 4
6, 1
8.75, 7.75
2.25, 0
4, 8
-0, 8
4, 0
8, 8
4, 4
4, 0
8, 8
8, 3.5
4, 4
1.5, 5.875
-0, 8.375
4, 8
0, 4
11.5, 10
8, 8
4, -0
4, 8
-0, 0
3, 8
5, 0
4.75, 8
4, 4
2, 1
4, 10.75
1, 2
9.875, 8
0, 8
6, 8
4, 8
4, 8
4, 8
4, 4
4, 8
0, 4
8, 1
10, 0
8, 8
0.375, 0
11, 3.25
9.875, 3.75
8, 0
-0, 8
2.25, 3.5
4, 3.25
4, -0
8, 0
4, 4
0.5, -0
2.5, 8
8, 0
8, 4
-0, 4
6, 8
7.5, 4
8, -0
0.5, 0
-0, 4
8, -0
4, 6
8, 0
8, 0
-0, 6
8, 4
5, 2
4, -0
8, 0
8, 0
9, 5.75
1.625, 4
4, 8
4, 4
4, 8
4, 8
8, 8
9.25, 0
4, -0
4, 8
8, -0
9.5, 5.875
4, 8
9, 4
11, 7.625
-0, 8
2.75, 4
9, 4
7, 7
4, 4
0, 4
7.75, 0
8, 8
8, 0
0, 4
11, 5
4, 9
4, 2
2, 10
4, 9
7.25, 10
4, 0
7.875, 2
8, 8
4.25, 8
4, 4
0, 8
9.75, 11.5
0, 4
6, -0
0, 11
4, 4
10, 10.5
-0, 8
-0, 6.875
4.5, 8
6, 7
4, -0
0, 5
6, 8
4, 5
3, 3

0.75, 10
8.875, 3
11, 7
8, 8
8, 4
8, 4
8, 0
0, -0
8, 4
10, 6
4, 8
0, 0.25
7, -0
8, 11
4, 0
9.375, 6.25
8, 7
8, 8
0, -0
8, 8
8, 8
9, 8
5, 6
7, 10.875
8.25, 0
0, 4
8, 8
4, 8
-0, 4
8, 8
8, 8
9, 0
4, 8
8, 8
7.5, 6
3, 5.125
8, 8
0, 9
8.625, 8
4, 0
8, 8
8, -0
4, 0
10, 8
10.5, 10
10, 8
-0, 4
7.5, 1
6, 5
9, 0.75
8.375, 8
8, 8
7, 7
4, -0
8, 4
8, 8
8, -0
8, 4
0, 8
2.875, 10
3, 8
8, 4
6.5, 2
11, 9.5
3.25, 3.875
0, 0
-0, 8
1.75, 7
3.25, 10.875
0, -0
4, 0
0, 8
1.25, -0
2.25, 1
4, 8
4, -0
8, -0
-0, 4
9, 8
4, -0
9, 8
4, -0
8, 4
4, 0.625
0, 0
-0, 4
8, 0.5
4, 8
4.5, 11
4, -0
4, 0
4, 0
1.5, 5.125
4, 3
8, 8
8, 4
4, 0
8, 8
0, 4
0.5, 4
8, 4
8, 4
8, 8
7.75, 9.4375
8, 8
-0, 1
8.5, 0.75
8, 4
3.5, 8
9, 10
11, 2
-0, 0
4, 0
0.75, 4
4, 0
-0, 8
8, 4
9, 6.125
-0, 4
0, 2
2, 10.5
8, 3
3.375, 3
-0, 0
9.125, -0
8, 8
9, 0
7, 8
8, 4
9, 8.25
8, 4
9, -0
4, 5
0, -0
8, 6
8, 8
8, 11
-0, -0
4, 4
8, 8
8, 9
10, 3
-0, 9
11, 8

-0, 7
3.625, 11
5, 7
4, 4
-0, -0
-0, 8
-0, 0
0, 4
8, -0
2, 1
8.5, 3
0, 4.25
3, 1.375
4, 5
8, 0
0.875, 5.25
8, 3
4, -0
8, -0
8, 0
8, 0
9, 8
6.5, 3
7.125, 2.375
9.75, 4
4, 4
-0, 0
0, 8
-0, -0
8, -0
-0, 4
11, 0
4, 5
8, -0
9.5, 6.125
1.25, 5.4375
8, 0
10, 2
2.5, 6
8, 8
0, 4
4, 8
4, 4
10, 9
5.5, 6
0, -0
-0, 4
6, 9
2.75, 5.25
4.5, 5.5
4.75, -0
4, 8
11, 4
4, 8
8, 4
4, 4
8, -0
0, 8
4, 4
2, 0
6, 4
0, -0
10.5, 0
10.5, 1
7.125, 10.875
0, 4
-0, 4
11, 8.5
1.5, 2.375
0, 8
8, 4
4, 8
6.5, 4
4.25, 9
8, 0
0, 4
-0, 4
-0, 10
2.75, 4
8, 4
0, 0
-0, 4
8, -0
0, 9.5
8, 0
-0, 4
-0, 0
4, 4
4.5, 3
0, 4
8, 4
8, 0
5.5, 2
8.75, 10
8, 0
-0, 8
4, 8
4, 4
0, 0
11, 0
8, 8
0, 8
8, -0
4.25, 10
4, 4
9, 10
9.75, 11.375
-0, 8
4.25, 8
-0, 9.5
9, 0
8, 0
0, 4
1.75, 4
4, 4
-0, 4
0, -0
2.75, 9.875
-0, 3
8, 5
0, 11.5
-0, 2
0, 0
-0, 8
6.5, 4
0, 8
7.25, 10
2, 0
4, 4
10.75, 7
0, 4
6, 4
4, 6
4, 8
8, 11.5
8, -0
-0, 10.75
8, 4
6, 8
0, -0
0, 9
2, 11
4, 7
1, 10

4, 9
4.625, 2
3, -0
0, 0
-0, -0
-0, 8
-0, 0
0, -0
8, 8
4, 8
0, 10.5
0, 3.75
6, 2.625
0, 9
4, 4
1.375, 7.5
-0, 5
-0, -0
8, -0
0, 0
4, 8
11, 8
3.5, 6
8.875, 4.75
2, 6
0, 0
-0, 0
0, 8
8, 8
-0, -0
4, 8
8, 4
6, 7
-0, 8
7, 0.375
9.25, 8.4375
8, 4
0, 7
9.5, 10
4, 8
4, 4
4, -0
-0, 4
9, 8
7.5, 11
1.75, 8
-0, 0
4, 7
5, 2
6, 8.75
10, -0
0, -0
1, 11
-0, 4
8, 0
0, 0
-0, -0
0, 8
4, 0
6.25, 5
5, 0
4, 8
2.75, 0
6, 3
6.875, 3.25
4, 8
-0, 4
4, 1
11.875, 2.875
0, 8
4, 8
0, 4
11.25, 4
6.25, 10
8, 8
8, 8
4, -0
-0, 6
1.75, 0
4, 8
8, 0
4, 8
4, 8
4, 4.375
4, 4
8, 4
-0, 10
4, 8
-0, 7
4, 8
-0, 0
4, 4
5.5, 0.875
1.375, 6
-0, 4
4, 8
8, 4
0, 0
8, 8
10, 4
4, 4
8, 4
8, -0
11, 1.375
0, 0
9, 2
3.5, 3.625
4, -0
2.75, 4
9, 9
7, 11
8, 0
4, 8
5, 4
0, 8
-0, 0
0, -0
3.25, 6.75
6, 3
4, 10
6, 11.5
4, 3
7.875, 5
-0, 8
11.125, -0
4, -0
10.25, 4.5
11, 8
0, 4
2.5, 5.75
4, 4
8, -0
6, 7
8, -0
3, 1
-0, 8
-0, 11.5
9.5, -0
5, -0
8, 8
8, 11
4, 9
4, 9
1, 8

9.75, 4
1.875, 8
1, 5
0, 8
8, 4
-0, 4
8, 0
8, 8
4, 8
1, 4
11, 3
8, 4.375
3, 2.875
4, 5
8, 0
5.5, 2.25
4, 6
-0, 8
8, -0
0, 8
-0, 8
7, 8
11, 8
4.625, 9.5
1.75, 8
0, 8
8, 0
0, 4
8, 8
8, 4
8, 8
3, 0
6, 1.5
4, 8
11.75, 1.5
3.25, 1.4375
8, 4
2, 8
11.875, 8
4, 4
8, 8
8, -0
4, 4
10, 2
7.5, 3
4, 8
4, 4
6, 2
3, 5
8, 0.5
4.625, -0
4, 8
4, 5
4, 4
8, 4
0, 8
4, 4
0, 4
0, 4
4.125, 0
7, 4
8, 8
6, 2
5.5, 5.75
9.875, 7.625
4, 8
8, 0
2.5, -0
1.125, 2.25
0, 4
4, 4
0, 8
11.25, 8
7.75, 4
4, 4
8, 4
-0, 4
2, 2
6, 8
4, 4
5.5, 8
4, 4
4, -0
4, 4.75
8, 8
8, 4
4, 11.5
8, 8
5, 6
8, -0
-0, 8
8, 0
6, 6.875
10.25, 2
-0, 8
4, 0
4, 4
0, 8
8, 8
10.75, 0
8, -0
0, 4
4, -0
11.75, 8
0, 8
2, 9
2.25, 3.625
8, 4
9.25, 4
10, 2.5
2, 8
-0, 0
4, 4
7.5, 0
0, 4
4, 8
8, 4
9.5, 9.25
10, 8
4, 11
8, 10
-0, 2
5.25, 10
-0, 4
10.875, 10
8, -0
6.75, 2
6, 8
8, 4
8, 4.75
8, 4
4, -0
6, 4
8, -0
6, 6.5
8, -0
4, 5.25
9.5, 4
2.5, 9
0, -0
4, 10
8, 4
4, 11
-0, 9

-0, 9
1.25, 6
0, 8
0, 8
8, -0
8, 0
4, 8
0, 4
8, -0
8, 7
4, 1.5
0, 6.875
7, 11.125
4, 6
8, 0
0.375, 1.5
4, 8
-0, 8
4, 8
0, 8
-0, 0
8, 0
9.5, 4
9.875, 10.375
8.75, 6
0, 8
8, 0
0, 8
4, 8
-0, 8
8, 0
2, 0
2, 0.5
8, -0
1.5, 7.5
10.25, 4.3125
8, 0
2, 6
9.75, 8
4, 8
0, -0
-0, 4
4, 0
9, -0
11.5, 1
4.5, 4
8, 4
3, 4
6.75, 1
3, 11.25
8.25, 4
4, 8
-0, 7
8, -0
8, 4
0, 8
8, -0
8, -0
8, 8
7.25, 4
4, 8
4, 4
4, 4
9, 7.5
11, 1.875
8, 0
4, 4
9.5, -0
4.75, 3.5
8, -0
8, 0
0, 8
7.5, 8
8.5, 10
4, 0
4, 4
-0, 4
8, 0
3.5, 4
8, -0
4, 0
8, -0
4, -0
4, 2
4, 0
-0, 4
8, 11.5
0, 4
11, 2
8, -0
-0, 8
8, 0
1, 9.375
8.75, -0
-0, 8
-0, 8
4, 4
0, 8
4, 8
5.5, 4
4, 8
8, 4
4, 8
1.25, 0.375
0, 8
6, 3
9, 5.25
-0, 4
7.25, 8
8, 4
11, 3
8, 0
8, 0
6.75, 4
8, 0
4, 8
8, -0
9.75, 4.875
2, 6
0, -0
6, 4.5
4, 9
10.25, 5
8, 0
7.625, 10
4, -0
3, 5.5
11, 0
4, 4
10.75, 3.75
4, 0
6, 8
6, 10
8, 4
5, 0.5
-0, 4
4, 3.375
3.5, -0
8, 7
8, -0
4, 7
-0, 10
-0, 11
10, 0

7.25, 2
11.125, 7
11, 8
4, 8
4, -0
4, 0
8, 8
8, 4
8, 8
2, 8
10, 6.5
8, 7.75
2, 4.375
4, 6
8, 8
6.625, 6.5
4, 1
4, 8
4, 4
8, 4
8, 8
1, 8
3, 5
7.75, 1.25
8.75, 10
4, 8
-0, 8
4, 8
8, -0
4, 8
8, 8
-0, 0
-0, 4
8, 4
8, 0.5
8.75, 8.75
0, 0
10, 10
2, 2
-0, 4
8, 8
8, 8
8, 4
8, 8
7.5, 9
6, 8
4, 4
10.5, 0
11, 6.25
1, 3.25
5.875, -0
4, 8
4, 0
8, 8
8, 4
4, 8
4, 4
4, -0
4, 0
2.75, 10
0, 0
8, 4
9.875, 2
1, 1.5
5.5, 9
8, 4
8, 4
4.25, 1.5
2.75, 5.125
0, 8
8, 8
4, 4
11, 4
3.25, 9
-0, 8
4, 4
4, -0
6, 2
11.25, 8
8, 8
5, 8
8, 4
4, 8
0, 5.75
4, 4
8, 4
8, 8.75
8, 8
9, 11
4, 8
-0, 4
8, 8
10.5, 1.75
11.875, 8
8, 8
4, 8
0, 8
4, 8
0, 4
2.75, 4
0, -0
4, 4
8, 8
4, 0.875
4, 8
6, 0
0.5, 4
8, 4
5.5, -0
7, 1
9, 2
4, 8
8, 4
11, 8
4, 4
8, 4
4, -0
8.75, 3.25
10, 8
8, 4
2, 1
4, 5
7.875, 11
-0, 8
5, 2
8, 4
4, 10
10, 8
8, 4
3.5, 5
0, 8
9, -0
6, 4.5
8, 4
9, 4.5
4, -0
4, 8.625
5.5, 4
11, 8
8, 8
4, 7
5, 4
-0, 1
3, 10

3.75, 6
5.5, 7
8, -0
4, 4
4, -0
8, 0
8, 0
4, -0
4, 8
10, 0
0.5, 0
8, 2.5
1, 10.125
8, 2
4, 0
1.25, 9.25
4, 5
8, -0
4, 4
4, 4
8, 4
2, 4
0.5, 1
3.375, 6.5
9.25, 10
8, 0
-0, 8
4, 4
8, 4
4, 4
8, 0
9, 4
6, 1
8, 4
4.75, 4.875
3.5, 7.5625
4, 4
10, 7
1.875, 8
8, 8
8, -0
4, 4
8, 0
6, 3
10, 11
6.25, -0
8, 4
6, 0
8.5, 10.75
-0, 5.5
9.375, 4
0, 8
4, 5
-0, 8
8, 0
4, 4
-0, 4
8, -0
4, 8
4.625, 9
5, 8
0, -0
9.5, 10
11, 5.75
9.875, 10.5
8, 4
4, 0
7, 4
7.75, 3
4, 4
8, 8
8, 0
5, 4
5, 5
8, 4
8, 4
4, 8
4, 6
10.75, 4
8, 8
7, 8
-0, 8
0, 8
4, 9.625
4, 0
4, 0
8, 2.75
8, 4
5, 4
8, -0
8, 4
4, 0
2.5, 10.375
11.75, 7
4, 8
8, 4
4, 4
4, 4
0, 0
2.75, 0
4, 4
0, 4
8, 8
5.5, 9.625
8, 0
5, 6
10, 2.625
-0, -0
5, 4
4, 10
1, 4
4, 4
0, 8
11.25, 8
0, 4
4, 4
4, -0
10.75, 2.125
8, 2
0, 6
4, 11.5
4, 10
8.25, 11
4, 4
2.25, -0
8, 4
1.75, 0
11, 0
8, 8
8.25, 2.75
8, 0
6, 4
6, 5
8, 8
10, 11
4, 4
-0, 5.125
6, -0
0.5, 7
8, -0
8, 6
9, 6
8, 1
1, 6

6.75, 7
6.625, 1
8, -0
0, 8
4, 8
-0, 0
8, 8
4, -0
8, 8
6, 3
9, 9
0, 4.875
9, 8
8, 9
4, 8
9, 8.5
-0, 6
-0, 8
4, 8
0, 8
8, 0
8, 4
11, 5
9.375, 11.875
0.25, 4
4, 4
8, 0
8, 8
8, 4
4, 8
4, 4
3, 0
10, 3
4, 8
10, 6.875
5, 8.6875
0, 4
4, 9
11.875, 4
4, 8
4, 4
4, -0
4, 4
10, -0
11, 10
6.5, 4
8, 0
1.5, 1
6, 3.5
2, 1.75
10, -0
8, -0
1, 6
4, 8
4, 4
0, 8
4, 8
0, -0
8, 8
10.5, 4
8, 0
4, 4
7.75, 2
8.5, 4.5
5.75, 5.875
0, 8
4, 8
1.25, 4
8.25, 7
4, 4
4, 0
0, 8
6.5, 4
2.5, 10
4, 8
4, 4
8, -0
2, 8
5.25, 0
4, -0
9, 8
8, 8
4, 8
8, 2.5
4, 4
4, 8
8, 6.25
8, 8
1.5, 8
4, 8
-0, 8
4, 8
0.5, 11.875
0, 10
8, 0
-0, 4
4, 4
0, 8
8, 4
9.5, 4
8, 4
4, 8
4, 8
11.75, 10.125
0, 8
9, 6
8.5, 6.5
4, 8
3.25, -0
8, 2
7, 8
4, 8
8, 8
4, 0
0, 8
4, 4
4, 8
1.5, 4.5
-0, 3
4, 11
8, 1.5
8, 11
4.75, 10
4, 4
9, 6
4, 8
8, 1
3, 4
8, 8
2, 10.75
8, 4
1, 8
10, 10
4, 8
1, 5
-0, 4
4, 3.125
9, 8
7, 8
4, 4
0, 5
11, 6
8, 4
6, 1

8, 11
5.625, 1
3, 7
4, 0
8, -0
-0, 0
4, 0
4, -0
-0, -0
3, 0
5, 2
0, 5.625
9, 10.125
0, 4
4, 8
6, 0.75
4, 6
4, -0
4, -0
4, 0
4, 4
9, 0
6.5, 11
3.25, 2.375
5.75, 10
0, 8
-0, 4
4, 0
4, 8
-0, 8
4, 8
11, 4
6, 9.5
8, 4
5.75, 11.5
5.75, 3.25
0, 4
4, 4
11.5, 10
4, 0
4, 8
4, 4
-0, 8
5, 1
10, 10
11, 8
-0, 0
3.5, 10
9, 10.75
4.5, 3.5
7.875, -0
4, 4
6, 10
-0, 8
8, 0
4, 0
-0, -0
0, -0
0, 4
7.25, 5
4, 0
4, 4
11.25, 4
3.5, 0.25
3, 9.25
0, 0
4, 0
8.5, 8
3.375, 2.25
4, -0
0, 8
4, 0
10.5, -0
9, 2
4, 0
0, 4
8, 4
2, 2
4.5, 8
-0, 8
4, 0
4, -0
8, 4
0, 3.25
8, 4
-0, 0
8, 4.5
4, 4
1.5, 1
4, 4
4, 0
4, 8
2, 1.875
4.75, 10
4, 0
4, 0
4, 4
4, 0
4, 8
2.25, 4
0, 8
8, -0
4, 4
2.5, 4.875
0, 8
10, 2
0.5, 4.625
4, -0
7.5, -0
6, 2
3, 3
4, 4
4, 0
10, 0
4, 0
4, 4
8, -0
5, 1.625
-0, -0
4, 11
0, -0
4, 2
10.5, 10
4, 0
4, 8
4, 4
6, 5
1, 4
8, 4
1.75, 11.75
4, 4
5, 8
4, 6
0, 4
7, 4.5
-0, 4
4, 0.375
4, 4
11.5, 3
8, 4
8, 8
-0, 1
4, 7
5, 3

1, 9
3.375, 6
8, 2
0, 4
4, -0
8, 0
-0, 8
4, 4
4, 4
10, 2
4, 4.5
4, 9.125
3, 0.75
4, 3
4, 8
4.75, 7.75
4, 4
8, -0
8, -0
8, 4
-0, 0
3, 0
1.5, 11
11.125, 8.375
11.5, 4
8, 0
-0, 4
4, 4
4, 8
-0, 4
-0, 8
5, 0
8, 7.5
4, 8
3, 1.375
1.5, 10.1875
4, 8
10, 3
2.75, 10
4, 8
0, 8
4, 8
-0, 4
3, 3
10.5, 8
5.5, 8
4, 8
11, 3
0.25, 3.5
4, 7
3.375, 4
0, 4
9, 3
-0, 4
-0, 4
0, 4
4, 8
8, -0
0, 4
4.875, 11
1, 8
8, 4
9.75, 10
8, 11
0.75, 10.125
8, 4
4, 4
5, 8.5
7.125, 2.5
0, -0
0, 0
8, 0
10.5, -0
5.25, 4
-0, 0
4, 4
-0, 8
2, 10
7.25, 0
-0, -0
3, 4
4, 8
0, 8
4, 9
4, 0
4, 4
8, 9.5
4, 4
4, 1
0, -0
-0, 8
4, 8
10.5, 8.75
4.375, 8
8, 0
-0, 8
4, 4
0, 4
4, 0
-0, 8
0, -0
8, 8
4, 4
2, 5.25
8, 0
10, 10
8, 11.75
-0, 8
10.75, -0
3, 0
2, 6
-0, 8
4, 8
2.75, 0
8, 4
8, 4
4, -0
9.5, 4.375
4, 4
0, 1
6, 10
-0, 5
4.375, 1
-0, 0
4.25, 2
0, 8
5.25, 11.5
8, 4
4, 8
9, 7.25
4, 8
9, 8
4, 8
0, 8
2, 3.5
4, 8
4, 9
7, -0
7.5, 9
4, 4
0, 8
10, 7
8, 3
10, 6

1, 8
11.625, 5
1, 10
0, 0
8, 8
-0, 0
-0, 8
4, 8
-0, 4
4, 8
1, 2
4, 6.125
10, 5.5
0, 5
4, 4
3.125, 10.25
4, 2
4, 4
8, 8
8, 4
4, 4
8, 8
5, 6
8, 3.25
0, 4
8, 4
8, 4
8, 8
4, 8
-0, 8
-0, 0
4, 0
10, 9.5
-0, -0
7.75, 6.5
5, 8.625
4, 4
2, 4
8.5, 8
8, 8
0, -0
4, 8
8, 0
8, 4
1, 6
9.75, 8
4, 8
11.5, 9
1, 8
8, 6.5
1.625, 4
8, 4
9, 3
8, -0
8, 0
0, 0
4, 4
0, -0
8, 8
1.375, 1
5, 0
8, 8
6.125, 8
5, 3.5
0.25, 0.25
0, 4
8, 8
3.5, 8
3.625, 1.625
4, 8
8, 0
8, 4
4.75, -0
5.75, 9
8, 0
8, 4
8, 8
8, 2
-0, 4
8, -0
11, 4
-0, -0
8, 8
4, 1
4, 4
8, 8
8, 10
0, 0
2.5, 10
8, -0
8, 0
4, 4
-0, 9.375
6.625, 10
4, 4
8, 8
4, 8
0, 0
8, 4
3, 0
4, 4
8, -0
4, 8
4.75, 9.0625
8, 4
10, 3
5, 4.625
4, 8
3, -0
9, 6
8, 3
4, 8
0, 0
5.5, 8
0, 0
-0, 0
8, 8
3.75, 7.125
8, 1
0, 9
10, 4.5
-0, 3
10, 11
4, 8
10.625, 10
4, 4
11.5, 2
7, 8
4, 8
6.75, 7
0, 8
7, 4
2, 9.5
4, 8
4, 9.5
4, 4
-0, 1.375
3, -0
3.5, 2
0, -0
0, 3
2, 7
-0, 9
9, 0

0.5, 5
11.125, 11
4, 4
4, 4
4, -0
8, 8
8, 0
4, 4
4, 8
-0, 6
0.5, 3.5
8, 3.25
7, 2.375
0, 8
4, 0
6.375, 1.75
4, 0
4, 4
8, 4
0, 0
-0, 8
4, 8
8, 9
5.625, 1.625
0.75, 10
0, 0
4, 0
4, 4
4, 4
4, -0
4, 8
2, 0
8, 11
4, -0
4, 3.375
2.75, 5.8125
4, 0
6, 9
2.75, 8
4, 8
4, 8
-0, 4
-0, 4
8, 2
6, 6
9.25, 4
4, 4
7.5, 11
7, 0.5
2, 3.75
7.5, 8
8, -0
10, 11
8, 4
4, 4
4, 4
4, 4
8, 8
0, 4
7.375, 9
9, 8
0, -0
6.25, 6
0, 10.25
6, 9
4, 4
4, 0
4.25, 7
8.375, 3.875
4, 8
4, 0
0, 0
3, -0
5, 2
4, 8
0, 4
-0, 4
10, 10
11.5, 4
4, -0
1, 0
4, 4
8, -0
4, 3.5
0, 0
4, 4
-0, 7.5
4, 4
6.5, 11
8, 8
4, 8
4, 0
11, 5.375
4.375, 1
8, 0
-0, 4
4, 4
4, 4
4, 0
1.5, 4
4, 8
4, 4
4, 4
8, 0.4375
4, 4
8, 3
2, 6.875
8, -0
5.5, 4
7, 6
8, 11
8, 0
4, 4
11.25, 0
0, 4
4, 4
4, -0
0.5, 1.5
2, 2
8, 2
6, 0.5
-0, 3
10.625, 1
4, 8
2.875, 10
4, 8
11.75, 0
7, 0
4, 8
10.5, 8
0, 0
9, 4
0, 10
4, 4
7, 7
4, -0
4, 0.875
9.5, -0
8.5, 7
4, 4
4, 7
3, 8
4, 2
10, 5

2.5, 3
5.125, 7
4, 5
4, 4
4, 8
8, 8
-0, 8
4, -0
8, 8
9, 1
6, 4
0, 3.875
2, 5.75
4, 10
0, 8
3.5, 8.75
-0, 4
4, 8
8, -0
4, 4
8, 8
4, 0
6.5, 7
7, 4.125
8.25, 0
8, 0
4, 4
4, 4
8, -0
4, 4
4, 0
3, 8
2, 0.5
4, -0
10.75, 3.25
9.25, 11
0, 8
0, 11
0.625, 4
4, 0
4, -0
8, -0
4, 8
5, 3
6, 1
5.25, 8
-0, 8
-0, 8
6, 11
8.5, 10.5
1, 8
4, 4
7, 9
-0, -0
4, 4
4, 4
-0, 8
8, 8
8, 0
11.625, 5
3, 4
0, -0
3.75, 4
11.5, 3.5
3.75, 8.375
4, 0
4, 8
6.25, 6
9.75, 5
0, 8
0, 0
8, 8
4.75, 4
5.25, -0
-0, 8
0, 8
4, 4
-0, 0
8.75, 4
-0, -0
7, 4
-0, -0
8, 8
8, 8.625
4, 8
8, 8
4, 10.75
8, 8
7, 4
0, 8
8, 4
-0, 8
-0, 5
3.75, -0
4, 0
8, 8
8, 0
4, 4
8, 4
6.25, 0
4, 8
4, -0
0, 8
5.5, 0.1875
8, 0
5, 6
7, 1.5
-0, 8
9, 4
1, 11.5
2, 5
8, 0
0, 0
3.75, 4
8, 8
-0, 8
4, 8
1.75, 3
8, 1
4, -0
8, 2
-0, 7
5.5, 9
-0, 8
5, 10
0, -0
0.25, 0
4, 0
8, 8
2.25, 7.75
8, 8
7, 8
6, 5
4, 4
10, 3
4, 4
8, 6.75
3.5, 4
2, 2
4, 8
8, 2
10, 3
4, 8
11, 1

8.5, 3
8, 5
6, 10
8, 4
4, 4
8, 4
8, 0
4, 8
8, 8
4, 3
5, 10.5
4, 9.625
5, 9.875
0, 9
4, 0
4.125, 4.5
4, 4
-0, 8
4, 4
8, 4
4, 0
10, 4
11.5, 10
0.5, 2.875
3.75, 10
0, 8
-0, 0
4, 4
4, 4
-0, 8
8, 0
7, 8
2, 8.5
4, 8
10.25, 6.125
11.75, 10.8125
4, 4
4, 7
2.75, 10
8, 8
0, -0
4, 8
8, 8
-0, 5
0.5, 1
3, 8
-0, 8
10.5, 8
2, 7.75
9.5, 6.25
5.125, -0
8, 8
6, 6
8, 4
-0, 4
8, 4
4, -0
8, 4
8, 0
6.125, 8
5, 0
4, 4
4.25, 4
10, 7.5
5.75, 2.375
4, 4
4, 0
2.25, 7
4.375, 0.625
0, 8
4, 0
0, 8
7, -0
7.75, 5
4, 0
4, 4
8, -0
10, 10
5, 0
4, -0
5, 4
8, 4
8, 4
8, 8.25
4, 0
-0, 0
8, 11.75
8, 8
11, 8
8, -0
-0, 8
4, 0
9, 5.25
5.125, 6
8, 0
-0, 8
8, 0
8, 4
0, 4
11.75, 4
8, -0
4, -0
4, -0
4, 4.1875
0, 8
10, 3
2, 0.5
4, 4
0.5, 4
11, 7
10, 9
4, 4
8, 4
1.5, 8
0, 8
8, 0
4, 4
10, 5.75
10, 10
4, 3
10, 3
4, 4
9.625, 0
-0, 8
2.75, 2
8, 8
9.5, 11.5
2, 0
4, 4
11, 4
8, 8
1, -0
0, 8.5
8, -0
4, 4
4, 4
-0, 3
6, 8
2.5, 9
4, 4
8, 9
2, 6
4, 2
5, 5

3, 4
0.25, 4
4, -0
8, 8
-0, -0
8, 4
-0, 0
4, -0
-0, -0
2, 11
11, 2
4, 9
2, 9.75
8, 1
8, 8
2.125, 10
8, 1
4, 4
8, 4
8, 8
-0, 0
4, 0
11.5, 2
3.875, 4.125
0.25, 6
4, 4
-0, 0
8, 8
8, -0
-0, -0
8, 4
2, 8
-0, 8
8, 4
7.5, 9.5
1.25, 2.25
0, 4
8, 8
1, 8
8, 0
4, -0
4, -0
4, 0
1, 2
8, 0
11.5, -0
-0, 0
-0, 6
-0, 11
9, 9.5
1.75, -0
0, 4
4, 0
8, 8
8, 0
8, 8
4, -0
8, 4
4, 4
11.875, 11
6, 0
8, 8
11.125, 8
11.5, 3.75
5.75, 11.25
8, 4
-0, 0
11.5, 0.5
3.5, 11.5
4, -0
8, 8
8, 8
2.5, -0
5, 7
4, 0
0, -0
8, 4
6, 6
5.25, 8
8, 8
3.5, 4
8, 8
8, 8
4, 8.625
4, 0
-0, 0
8, 1
4, 0
2, 7
4, -0
4, 4
8, 8
1.5, 11
9.625, 3
-0, 0
8, 8
4, 4
8, 8
4, 4
7.25, 8
0, -0
0, 8
8, 4
2.5, 5.25
4, 4
-0, 5
9, 9.375
8, -0
11, -0
1, 2
10, 5
8, 4
8, 8
6.5, 8
4, 0
8, 4
0, -0
7.5, 5.375
10, 1
4, 11
0, 2.5
8, 8
10.25, 2
4, 0
3.375, 2
8, -0
2.5, 5.5
10, 4
0, 8
11.5, 8
8, 0
9, -0
10, 0
4, 8
1, 5.5
-0, 4
-0, 9.375
5.5, 4
2, 11
0, -0
8, 6
11, 6
-0, 5
5, 10

11.25, 10
4.5, 10
5, 11
8, 8
4, 4
-0, 4
8, 4
0, -0
4, 4
8, 3
6.5, 1
8, 10.625
0, 1.875
0, 3
8, 0
6.875, 10
4, 4
8, -0
8, 4
8, 8
-0, 8
6, 0
1.5, 9
9.25, 8.5
11.5, 4
4, 8
8, 8
4, 4
8, -0
8, 4
8, 0
1, 4
2, 11
8, -0
1.25, 4.25
0.25, 5.25
8, 8
8, 9
0.625, 2
-0, 0
8, -0
8, 8
8, 0
6, 9
7.5, 4
0, 4
8, 8
2, 10
1.25, 8
4.5, 6.75
9, 4
8, 8
10, 10
4, -0
4, 4
8, 8
8, -0
0, 4
0, 0
0.25, 4
6, 0
0, -0
3.875, 4
10, 10
10.75, 3.375
0, 4
8, 8
2, 11
10.125, 11.25
8, 8
8, 8
0, 4
8.25, 4
6.75, 10
-0, 8
4, 4
8, 8
4, 10
9.5, 0
8, 8
8, 8
8, -0
8, 8
0, 4.875
8, 0
-0, 4
-0, 6.25
8, 8
7, 8
0, 8
-0, 8
8, 0
11, 1
0.25, 1
8, 8
4, 8
8, 4
8, 8
8, 0
2, 0
0, -0
0, 8
0, -0
10.25, 0.875
8, 8
9, 1
5.5, 9.875
-0, 8
0.25, -0
9, 0
0, 2
8, 4
8, 0
0.25, 8
0, 8
8, 0
4, 4
11.25, 3.875
-0, 6
4, 4
4, 4.5
-0, 2
6, 8
8, 8
6.625, 6
0, -0
2.75, 9
2, 8
8, 8
8, 5
0, 8
5, 4
8, 7
8, 4
11, 2
8, 4
4, 2.5
2, 4
3, 11
0, 4
8, 3
1, 7
8, 3
8, 10

9.25, 7
3.375, 4
3, 2
8, 0
4, 4
-0, 8
8, 0
0, 4
8, 8
4, 8
0, 2.5
0, 6.75
4, 10.5
8, 6
4, 8
5.75, 7.5
4, 9
-0, -0
8, 4
0, 8
4, 8
6, 0
1, 7
0.25, 7.625
7.5, 2
0, 8
8, 0
4, 0
4, 8
4, -0
8, 0
7, 0
10, 0
4, 8
11.5, 0.375
11.25, 1
8, 8
10, 3
0.125, 8
-0, 0
8, -0
4, 4
8, 4
10, 8
4, 5
4.25, 4
-0, 8
8.5, 8
4.5, 3.5
-0, 2.5
0.25, -0
4, -0
-0, 6
4, 8
4, 8
8, 0
4, -0
0, 8
8, 0
2, 8
8, 8
0, -0
2.125, 6
7, 4
8.625, 3.5
4, 4
4, 4
6, 2.5
10.375, 3.75
0, 4
4, 8
8, 0
10.5, -0
0.5, 8
4, 4
0, 8
4, 4
6, 2
1.75, 4
4, 8
4, 4
4, 8
0, 8
8, 9.75
4, 0
4, 4
8, 3
0, 8
8, 2
4, -0
4, 8
4, 8
4, 8.875
6.75, 5
-0, 8
-0, 8
8, 4
8, 0
4, 8
1, 4
4, 8
8, 4
4, 8
3.5, 5.9375
4, 0
3, 0
2, 5.75
-0, 4
3.25, -0
4, 7
7, 1
8, 4
4, 8
1.75, 4
0, 8
8, 0
4, 4
10.5, 3
10, 10
0, 5
0, 10.5
8, 0
5.625, 4
-0, 4
3.375, 8
0, -0
3.25, 3
4, 4
4, 4
4.75, 10.25
0, 4
7, 8
10, 0.5
4, 8
7, 0
8, -0
4, 7.125
3.5, 4
2, 5
0, 4
0, 8
9, 6
-0, 11
3, 8

7.5, 5
6.625, 10
9, 7
8, 8
4, -0
4, 0
-0, 4
8, -0
-0, 8
5, 5
9, 5.5
0, 3.5
2, 6.5
4, 2
8, 0
6.25, 9.25
8, 1
8, 8
0, -0
8, 4
8, 4
5, 0
11, 1
2.25, 11.375
3.5, 2
8, 4
8, 4
4, 4
-0, 4
8, 4
-0, 4
6, 0
6, 9.5
8, 4
5.75, 8.625
11, 2.4375
8, 4
10, 4
2.125, -0
4, 8
0, 4
-0, 4
4, 8
3, 5
1, 4
9, 8
8, 4
6.5, 4
2.25, 2.5
10.5, 11.5
5.375, -0
8, 4
8, 10
4, -0
8, 4
8, 8
8, -0
4, -0
8, 4
8.25, 2
9, 8
0, 4
8.25, 4
0.5, 2
2.125, 7.125
0, 4
-0, 4
11.75, 6.5
10, 10.125
0, 4
8, 0
8, 8
2.25, -0
4.75, 6
-0, 8
8, 4
8, 4
10, 6
2, 8
8, -0
3, 4
4, -0
8, 8
0, 8
0, 4
-0, 4
-0, 11
0, 8
8, 10
8, -0
8, 4
8, 0
8.5, 7
0.625, 6
8, 8
8, 8
0, 4
8, 8
0, 4
9, 0
8, 4
8, 4
0, 4
1.5, 5.1875
8, 4
1, 6
2.75, 1.375
-0, 4
8, 8
-0, 1
7, 4
-0, 0
4, 0
10, 4
0, 4
8, 8
4, -0
1.25, 5
-0, 8
0, 2
0, 4
8, 0
8, 7
-0, 4
1.875, 10
0, 4
9.5, 1.5
2, 4
4, -0
9.5, 2
4, 4
1, 8
2, 8
8, 4
0, 3
-0, 8
-0, 9.375
11.5, 4
5, -0
0, 8
0, 2
8, 11
8, 8
1, 6

4, 4
2.875, 4
8, 8
8, 8
4, -0
8, 8
4, 0
4, 8
8, 8
4, 2
3, 5.5
4, 9.125
2, 1
4, 7
8, 8
0.625, 8.75
8, 9
4, 4
4, 8
0, 8
-0, 8
5, 4
11.5, 9
8, 7.875
6, 10
0, 8
8, 0
4, 0
4, 8
4, 4
4, 8
4, 8
-0, 3.5
-0, 8
10, 11.25
5.75, 1.4375
4, 0
10, 1
1, 2
4, 8
4, 8
4, 4
4, 8
8, 11
5.5, 2
1.5, 8
-0, 8
5, 11
8.5, 2.5
2.5, 3.25
4, 4
8, 8
10, 0
4, 8
8, 4
8, 8
-0, 8
8, 8
8, 4
6.375, 1
8, 8
4, -0
4.875, 8
10, 2.5
4.625, 6.5
4, 8
4, 8
7, 6.5
11.375, 2
4, 8
0, 8
4, 4
2.5, 8
4, 1
8, 0
4, 4
4, 4
10, 8
1.75, 0
-0, 8
5, 0
8, -0
4, 4
4, 5.125
4, 0
4, 8
4, 11.5
0, 8
1, 8
0, 4
8, 0
8, 8
8, 0.375
9.375, 7
4, 0
-0, 4
4, 0
8, 8
4, 8
2, 4
4, 8
8, 4
0, 8
10.5, 1.875
8, 8
7, 10
3, 8.25
4, 8
10.25, 4
3, 10
11, 4
4, 8
8, 0
2, 0
4, 8
4, 8
4, -0
7.5, 1.25
-0, 3
4, 2
2, 10.5
4, 7
11.375, 7
4, 8
1.125, 6
4, 8
2.25, 5
8, 8
4, -0
6.75, 4
4, 0
10, -0
10, 0
4, -0
10, 6.5
8, -0
-0, 6.375
4, 4
5, 10
0, 8
8, 5
3, 8
4, 9
10, 4

4, -0
7, 2
11, 7
8, 8
4, 4
8, 8
-0, 4
8, 8
4, 8
5, 9
2.5, 4
4, 5.625
2, 2.5
8, 6
8, 8
9.875, 3
8, 0
8, 8
0, 4
8, 8
4, 4
11, 0
2.5, 10
4.25, 4.25
9.25, 6
8, 8
-0, 4
4, 8
4, -0
4, 8
4, 0
5, 8
10, 5.5
4, 4
6.25, 3.375
5.75, 5.5625
8, 8
8, 0
1.75, 4
4, 4
8, 4
4, 4
8, 8
2, 7
4.5, 2
0, -0
4, 8
7, 4
7.25, 1
1.5, 5.5
11.375, 4
8, 8
3, 3
8, 8
-0, 4
8, 8
8, 8
8, 8
4, 8
-0, 0
7, 8
8, -0
8.25, 6
3, 1.25
0.75, 11.625
8, 8
8, 4
7.75, 7
11.375, 0.75
8, 4
8, 8
8, 8
0, -0
5.75, 8
8, 0
0, 4
4, 8
2, 0
4.25, 8
8, 8
0, 0
8, 8
4, 8
4, 9
8, 8
-0, 0
8, 6
8, 8
9, 2
8, 4
8, 8
8, 8
2, 9.375
6.125, 1
-0, 0
4, 8
8, 8
8, 8
4, 0
11.5, 4
4, 4
4, 4
8, 4
8.25, 9.25
4, 8
3, 0
10, 8.75
8, -0
11.25, 4
7, 7
8, 3
-0, 4
8, 8
8, 0
8, 0
8, 4
4, 4
8, 5.125
2, 1
4, -0
6, 7
-0, 3
6.125, 5
8, 4
2.625, 2
8, -0
3.75, 4
11, 8
0, 8
3.75, 5.5
0, 8
9, -0
10, 0.5
4, 4
4, 2.5
8, 8
4, 1.375
4.5, -0
5.5, 1
4, 8
4, 6
10, 10
8, 11
2, 5

8.25, 1
11.875, 3
1, 11
4, 0
8, -0
8, 4
4, 0
8, 8
4, -0
5, 10
0, 7
0, 9.625
10, 1.875
4, 11
4, 8
8, 10
-0, 9
4, 4
8, -0
8, 4
-0, 8
9, 4
0.5, -0
11.625, 9.25
4.5, 6
8, 4
4, 0
8, 8
4, 8
4, -0
-0, 4
2, 4
-0, 2
-0, -0
11.5, 2.625
9.25, 0.125
8, 4
4, 0
6.5, 6
-0, 0
4, 8
4, 8
-0, 8
9, 7
6, 10
1.75, 8
-0, 0
7.5, 9
0.75, 1.75
6, 9.25
10.625, -0
4, -0
5, 11
4, -0
4, 0
4, 0
4, 4
8, 4
4, 8
10.875, 5
3, 8
4, 4
8.125, 2
8, 1
10, 9.25
0, 0
8, 0
1, 6.5
10.125, 5
4, 8
4, 8
8, 4
1, 4
5.5, 10
4, 4
0, 8
4, 8
4, 8
6, 4
4, 8
2, 8
4, 8
8, 4
8, 7.875
4, 0
4, 4
8, 11.75
8, 0
11, 8
0, 8
4, 4
4, 8
-0, 3.25
9.125, 4
4, 0
8, 4
8, 8
4, 0
4, 8
3.75, 8
4, -0
0, 8
0, 4
0.5, 2.875
4, 0
-0, 0
4.25, 5.875
-0, 8
10.25, 4
3, 9
4, 0
8, 0
4, 8
0.5, 4
4, 4
4, 0
8, -0
4, 9.875
10, 6
0, 10
8, 4
-0, 7
6.125, 3
4, 8
3.875, 8
8, -0
11.75, 8
8, 8
8, -0
11.5, 6
8, 8
4, 8
0, 9
4, 4
3, 7
-0, 8
8, 2.25
11, 4
4.5, 10
0, -0
0, 2
6, 9
8, 6
7, 7

11, 4
0.875, 4
0, 10
8, 0
8, -0
4, 0
-0, 8
8, 8
-0, 8
7, 6
10, 3
8, 3.5
8, 7.125
4, 2
8, 8
1.875, 8.5
-0, 11
4, -0
8, -0
0, 4
8, 0
1, 4
3.5, 7
11.75, 7.25
11.75, 8
0, 4
8, 0
4, 4
4, 4
8, -0
-0, 8
-0, 8
10, 3
4, -0
3.25, 7.25
2.75, 4.0625
0, 4
10, 9
7.25, 10
-0, 4
4, 4
4, 4
4, 0
2, -0
2.5, 10
8.25, 4
4, 4
6.5, 7
9.75, 10
7.5, 7.75
10.375, 4
0, 4
8, 6
4, -0
-0, 4
8, 0
-0, -0
4, -0
4, 8
4, 0
2, 8
4, 8
5.625, 4
11, 0.5
3.875, 5.25
4, 0
-0, 0
1.75, 5.5
8, 0.875
4, 4
4, 4
4, 0
6.75, 8
2.5, 7
4, 0
4, 4
8, 4
4, 0
8.5, 4
4, 4
11.5, 8
4, -0
8, -0
4, 0.875
8, 8
4, 4
4, 6.25
0, 4
9, 9
0, -0
8, 8
8, 8
8.5, 6.875
11.75, 6
8, 0
8, 0
4, 4
8, 0
4, 4
7.5, 4
0, 8
8, 4
0, 4
3, 7
8, 0
3, 6
6.5, 0.25
-0, -0
3, 8
6, 10
5, 0
8, 0
4, 0
2.75, 4
8, 0
8, 8
8, -0
2.5, 4.125
10, 4
0, 6
0, 7
4, 8
2.5, 10
4, 4
0.625, 6
4, 8
11.5, 8.5
11, 4
0, -0
1, 6.5
0, 8
4, 4
0, 9
0, 4
7, 4.5
-0, 4
4, 0.875
5.5, -0
1, 8
0, -0
0, 6
11, 2
8, 0
11, 9

9, 2
8.25, 9
0, 1
4, 4
-0, 4
8, 4
4, 0
8, 8
-0, 4
4, 2
11, 4
4, 2.125
10, 9.625
4, 6
0, 0
7.375, 10.25
8, 1
4, 4
4, 4
4, 4
-0, 8
7, 8
2, -0
10.25, 5.125
0.25, 4
4, 4
-0, 4
0, 0
-0, 4
-0, 4
4, 4
9, 0
2, 10.5
8, 8
4.5, 0.25
2.75, 0
4, 4
0, 10
9.625, -0
4, 0
4, 4
-0, -0
4, 4
-0, 1
8.5, 7
7.25, -0
-0, 0
4, 5
0.25, 6.5
10, 6.25
0.375, 8
0, 4
11, 4
-0, 4
-0, 4
4, 4
-0, -0
8, 4
4, 4
4, 1
8, 4
4, -0
11.125, 0
7.5, 2.5
10.5, 3.125
0, 0
-0, 4
0.75, 8.5
1, 9.125
4, -0
0, 0
4, 4
4.25, 4
0.5, 6
-0, 0
4, 4
-0, 4
6, 10
4.5, 4
-0, -0
7, 8
-0, -0
4, 4
4, 9.875
4, 0
-0, 8
-0, 7.5
8, 4
8, 5
4, 4
-0, 4
-0, 0
6, 9.125
0.875, 8
4, 0
4, 4
8, 4
4, 4
0, 4
9.25, 0
8, 4
4, -0
4, 4
2, 2.125
8, 4
11, 0
1, 2.125
4, 8
0.75, 4
7, 8
5, 1
4, 4
0, 0
6.25, 4
8, 4
-0, 4
0, 4
1, 11.375
2, 2
4, 1
10, 6.5
8, 1
8.625, 2
4, 0
6, 4
8, 4
10.75, 6
5, 0
4, 4
8.5, 3
0, 8
4, -0
10, 1.5
8, 4
6, 5
4, 4
-0, 1.25
11, 8
9, 6
8, 4
0, 7
2, 8
-0, 9
1, 8

8.75, 11
5.5, 3
10, 4
0, 0
4, 4
8, 8
4, 4
4, -0
8, 4
10, 11
2, 6
8, 5.625
11, 0.625
0, 3
8, 4
1.875, -0
-0, 8
8, 8
4, 8
0, 0
4, 4
1, 4
9, 6
9.875, 11.375
7.75, 6
0, 0
-0, 0
8, 8
4, 4
-0, -0
-0, 8
4, 4
6, 4
4, 8
7.25, 9.25
9.5, 5.3125
0, 8
6, 8
5.25, 4
4, 4
0, 8
8, 8
4, 8
5, 5
7, 5
0.25, 8
4, 0
3, 0
11, 0.5
8, 10.25
8.125, 4
0, 4
4, 3
8, 4
8, 8
0, 0
8, 8
8, 8
4, 8
4.875, 11
11, 0
0, -0
1.875, 10
1.5, 11
0.25, 4
8, 8
8, 8
4.75, 2.5
10.625, 3.5
4, 8
8, 4
8, 8
2.25, 8
6, 5
4, 0
4, 8
8, -0
8, 4
10.5, 0
8, 4
3, 0
8, -0
8, 8
0, 0.375
4, 8
4, 0
4, 1.5
0, 8
6, 5
4, -0
8, 8
8, 4
1, 5.875
2.125, -0
-0, 8
8, 8
8, 0
0, 0
4, 4
8.75, 0
0, 4
8, 4
8, 4
5.75, 0.25
8, 4
6, 1
10.25, 11.875
-0, 8
2.25, 4
5, 5
1, 7
4, 8
8, 0
8.5, 4
8, 4
4, 8
4, 4
6, 6.125
6, 2
8, 8
6, 6
-0, 6
0.25, 4
4, 8
8.75, -0
8, 8
7.5, 0
7, 0
8, -0
1.5, 4.25
4, 8
3, -0
8, 1
4, 4
8, 1
-0, 8
8, 1.75
4.5, 4
4, 4
8, 8
4, 2
11, 11
-0, 1
4, 10

7.5, 9
8.25, -0
9, 3
8, 4
8, -0
8, 4
-0, 8
4, 8
8, 8
8, 7
5.5, 3
0, 4.625
7, 4.375
8, 6
0, 4
8.625, 11.25
-0, 6
-0, 8
0, 8
4, 8
8, 4
6, 4
5, 1
7.25, 8.5
1.25, 4
0, 8
-0, 8
8, 0
8, 4
-0, 8
8, 0
1, 4
8, 8
-0, 8
7.25, 11.25
2.5, 11.375
0, 8
8, 10
1, 4
4, 0
8, -0
4, 8
-0, 0
11, 10
1.5, 11
7.25, 4
-0, 8
3, 9
6.75, 10.75
1, 0.25
6.375, 8
8, 4
5, 3
-0, 4
4, 8
8, 4
4, 4
8, 4
4, 8
7.25, 2
1, 0
8, 4
0.375, 4
9, 11
8.5, 6.5
8, 8
8, 4
4.5, 10
8.125, 10.875
8, 4
4, 8
8, 4
2.75, 8
8, 3
4, 0
4, 4
4, 8
-0, 0
6, 8
4, 8
11, 8
-0, 8
4, 4
0, 5.25
4, 4
8, 4
4, 7
8, 0
10.5, 10
4, -0
4, 4
-0, 4
2.5, 6.75
9.25, 7
-0, 4
4, 4
4, 4
8, 4
8, 4
0.5, 8
0, 4
0, 4
0, -0
5.25, 5.3125
4, 8
10, 6
2.25, 5.375
8, -0
6.75, 8
3, 11
4, 0
-0, 8
0, 8
5.5, 4
4, 8
4, 8
8, -0
0.25, 7.5
4, 11
4, -0
10, 9
-0, 2
5.5, 9
8, 4
2, 10
0, 8
1.75, 11
-0, 8
8, 4
9.75, 6.5
4, 0
5, 4
4, 4.5
8, 8
2, 1
-0, 8
-0, 4.25
1, -0
2, 3
8, 4
8, -0
5, 9
4, 0
11, 2

5.5, 5
3.625, 8
8, 4
4, 4
8, 8
4, 0
8, 8
8, 4
4, 4
10, 6
2, 6.5
8, 10.875
11, 0.125
8, 10
8, 0
4.75, 2.5
-0, 7
8, 8
4, 8
8, 8
-0, 8
6, 4
7, 10
1, 1.375
3.25, 4
8, 8
8, 4
0, 0
8, 8
-0, 4
8, 8
9, 4
4, 10
8, 4
0.75, 1.875
11.25, 0.5
8, 0
8, 5
2, -0
4, 8
8, 8
-0, -0
8, 8
2, 5
0.5, 3
10.5, -0
8, 0
7, 0
7.5, 3.5
-0, 9
1.25, -0
0, 4
6, 3
8, -0
8, 8
4, 4
8, 8
4, -0
8, 0
1.875, 0
3, 4
8, -0
10.875, 8
10.5, 6
5.375, 0.375
8, 0
8, 8
11.75, 7.5
4.375, 0.5
4, 8
8, 0
8, 8
6.75, -0
0.5, 10
8, 0
4, -0
8, 4
-0, 6
11.25, 8
8, -0
6, 8
8, -0
0, 8
4, 5.625
4, 0
8, 8
-0, 0.75
8, 4
11, 5
8, 4
4, 8
8, 0
3, 1.375
2.5, 3
8, 8
-0, 8
8, 8
4, 4
8, 8
6, 4
8, 8
4, 4
8, 8
2.5, 11.5625
8, 8
5, 4
4.75, 6.25
8, -0
11.75, 8
10, 1.5
4, 8
4, 8
8, 0
10.5, 8
4, 4
-0, 4
8, 8
5, 1.625
8, 1
8, 1
10, 1
-0, 6
2.625, 5
4, 8
2.25, -0
0, -0
5.5, 7.5
-0, 0
0, -0
3.5, 10.5
8, 4
1, -0
10, 6
0, 8
0, 5.5
8, -0
4, 7.875
7.5, 8
1, 7
8, 4
0, -0
-0, 7
-0, 3
10, 3

0.25, -0
10.875, 11
2, 9
4, 8
4, 8
4, 8
4, 8
4, 8
-0, 8
3, 4
1.5, 5
0, 7.5
10, 0.375
0, 8
4, 8
10.75, 9
4, 1
4, 8
8, 8
4, 8
8, 0
3, 0
3, 9
8.25, 4.5
11.75, 4
8, 8
8, 8
4, 8
-0, 4
8, 4
8, 8
5, 4
2, 10
-0, -0
2, 9.25
2, 5.875
8, 8
6, 3
5.5, 8
8, 8
8, 8
-0, -0
4, 8
10, 8
2, 6
11.5, -0
4, 8
7.5, 0
10, 4
6.5, 6
1.875, 4
8, 8
-0, 0
-0, 4
4, 8
4, 8
4, 8
4, 8
0, 8
1.125, 8
7, 0
8, 8
1.25, 10
0.5, 11.5
11.25, 1
0, 0
4, 8
0.5, 4.5
7.125, 6.375
4, 8
4, 8
4, 8
8, -0
11.5, 8
8, 4
0, 8
8, 8
-0, 0
10.25, 0
4, 8
8, 8
8, -0
8, 4
0, 10
0, 8
8, 0
4, 3
4, 8
5.5, 5
4, 8
4, 4
4, 8
1.5, 8.75
1.75, 3
4, 8
8, 4
4, 8
4, 8
0, 4
8.75, 0
8, 8
4, 8
8, -0
1.25, 5.6875
4, 8
1, 11
10.5, 1.875
4, 8
8, -0
4, 2
0, 4
8, 8
8, 0
9, 0
0, 8
4, 8
4, 8
9, 8
-0, 10
8, 10
2, 9
8, 0
7, 11
4, 8
11.375, 2
8, 8
3.5, 0
6, 0
0, 8
5.75, 9.25
8, 8
0, 4
0, 6.5
0, 8
7, 4
8, 8
-0, 4.625
11, -0
2.5, 7
4, 8
8, 4
3, 10
-0, 3
11, 3

11, 2
10.75, 5
8, 3
0, 0
8, 8
-0, 8
4, 4
8, 8
-0, 4
4, 8
9.5, 2
4, 2.375
1, 11.625
0, 1
0, 8
7.375, 5.5
-0, 1
8, -0
8, 8
0, 0
4, 0
9, 8
5, 1
5.5, 3.75
4, 6
0, 0
4, 0
4, 8
-0, 8
8, 4
8, 0
9, 8
2, 10
8, 4
6, 8.25
7, 3.25
0, 4
2, 0
10.875, 10
4, 8
8, -0
4, 8
8, 8
9, 10
2.5, 7
10.25, -0
4, 4
-0, 4
11.5, 10
4.5, 9.5
7.875, 8
0, -0
5, 10
8, 8
8, 4
0, 0
4, 4
0, 8
4, 8
6.125, 5
3, 8
4, 4
3.875, 0
7, 3.75
3.5, 9.875
4, 4
8, 8
0.75, 7.5
3.75, 1.375
0, 8
0, 8
0, 0
5.5, 8
8.75, 10
8, 4
0, 4
-0, 4
4, 2
4.5, 4
-0, 8
10, 0
8, 8
8, -0
8, 5.75
4, 4
8, 8
-0, 1
8, 4
3, 3
0, 4
8, 8
-0, 8
2.5, 4.25
9.875, 5
8, 8
8, 4
8, 8
0, 0
0, 8
6.75, 0
0, 8
8, -0
0, 8
1.75, 9.375
0, 0
2, 7
8.25, 6.875
4, 4
8, 4
9, 10
9, 9
8, 8
8, 8
0.75, 4
4, 4
-0, 4
8, 8
7.75, 2.25
6, 10
0, 9
0, 5
4, 10
8.75, 2
-0, 8
2.375, 2
4, -0
5, 9.5
7, 8
4, 4
7.5, 1.75
4, 4
8, 8
4, 1
0, 4
2, 3.5
8, 8
8, 5.5
6, 8
-0, 7
0, -0
8, 9
1, -0
4, 8
3, 5

0.5, 8
10.25, 5
0, 7
8, 0
-0, 8
4, 0
4, 8
8, 8
4, 4
7, 11
5.5, 7
0, 8.125
4, 2.875
4, 8
8, 0
4.375, 2.25
4, 3
-0, 4
8, -0
8, 0
8, 8
8, 8
0, 1
4.625, 11.875
11.75, 4
8, 0
-0, 8
8, 8
4, 8
8, -0
8, 8
4, 0
8, 11
4, -0
3.5, 6.875
4.25, 6.0625
8, 0
4, 2
9.25, 6
-0, 4
0, -0
8, 8
4, 8
9, 1
4.5, 6
4.25, -0
4, 0
2, 7
3.25, 7
4.5, -0
6.125, 4
0, 8
8, 0
8, -0
4, 4
8, 0
-0, 8
4, -0
0, 0
8.5, 2
2, 0
8, 8
-0, 4
8, 11.5
11.75, 7.375
4, 0
4, 4
5.5, 9.5
9.125, 8.625
8, -0
4, 4
0, 8
0.25, 4
9.25, 4
4, 0
8, 4
4, -0
2, 8
0.75, 8
4, 4
10, 0
4, 8
0, 8
0, 10.5
4, 0
8, 0
4, 0.5
8, 0
11.5, 11
0, -0
-0, 8
8, 0
9.5, 7.875
4.625, 2
8, 0
4, 4
0, 0
8, 0
4, 8
10.5, 4
0, 8
0, 4
8, -0
8.5, 11.5625
8, 0
7, 10
10, 11.625
8, 8
7.5, 8
1, 2
10, 7
8, 0
4, 8
5.5, 0
4, 8
8, 0
0, 8
1, 8.25
-0, 5
4, 3
2, 4
8, 7
3.25, 5
8, 0
2.75, 4
0, 8
8.5, 8.5
8, 8
4, 8
7.75, 9.5
0, 8
3, 4
6, 10
0, 8
8, 9
-0, 8
4, 2.125
7, 4
6, 8
4, -0
0, 7
4, 11
-0, 9
6, 4

5, 8
11.75, 1
0, 2
0, 4
8, 4
-0, 0
-0, 4
4, 8
4, 8
3, 6
6.5, 10.5
8, 7.5
7, 1
8, 7
8, 4
4.375, 11
-0, 11
-0, 4
0, 4
0, 4
8, 0
5, 0
4, 11
6.875, 0.5
5, 6
0, 4
4, 8
4, 0
4, 8
-0, 4
4, 8
10, 8
2, 0
4, 8
0.5, 3.75
2.25, 1.125
4, 8
8, 7
11.25, -0
8, 8
8, -0
4, 8
4, 8
7, 9
1.5, 6
10.5, 8
4, 0
6.5, 2
8, 4.5
1, 5.5
7.25, 4
4, -0
-0, 8
-0, 8
8, 0
0, 4
-0, -0
0, -0
4, 4
11.125, 8
10, 4
8, 4
9.25, 8
5, 5.75
3.875, 8.5
8, 4
4, 8
2.5, 6
9.5, 8.75
4, 8
8, 4
0, 4
3, -0
8, 2
-0, 0
4, 8
-0, 8
6, 8
2.25, 0
8, 4
3.5, 8
8, 4
4, -0
8, 6.5
4, 8
8, 0
-0, 7
4, 8
5, 6
0, 8
8, 8
8, 4
4, 2.5
4.25, 9
4, 8
8, 8
8, 0
0, 4
4, 8
11.5, 8
4, 8
0, 4
8, 8
10, 9.9375
0, 4
11, 9
10.25, 4
8, -0
1, 4
4, 9
6, 4
-0, 4
8, 4
8.75, 0
4, 8
8, 8
8, 4
3.5, 10.125
10, 8
8, 3
8, 9
-0, 4
3.25, 5
4, 8
10.875, 4
0, -0
2, 5
1, 0
0, -0
3.5, 7.25
0, 4
1, 8
8, 0
0, -0
7, 0
-0, 4
4, 0.75
9.5, 4
5, 10
8, 4
0, 5
7, 7
8, 8
9, 0

6.5, 4
2.125, 10
7, 11
4, 8
-0, 4
4, 0
8, 8
8, 8
-0, 8
3, 4
10, 4.5
8, 0.375
2, 1.625
4, 1
4, 8
3, 1.5
8, 8
-0, -0
8, -0
4, 8
4, 0
3, 0
0, -0
4.875, 1.875
1.25, 6
4, 8
4, 8
0, 4
8, 8
-0, -0
-0, 0
6, 4
8, 11.5
8, 8
0.75, 0.875
9.5, 3.625
4, 8
2, 10
2.875, 8
-0, 8
0, -0
4, 4
4, 4
7, 1
8, 11
4.75, 4
-0, 8
5.5, 5
4.25, 5.5
1, 1.5
11.5, 8
4, 8
1, 3
8, 8
4, 4
4, 8
8, 8
4, -0
8, 0
10.625, 7
0, 0
0, 8
0.625, 0
7.5, 8.5
0.5, 10
8, 8
-0, 0
10, 11
4, 7.125
4, -0
0, 0
0, 0
5.25, 4
3.5, 9
-0, 0
4, 4
4, 4
2, 0
9, 8
-0, -0
11.5, 8
-0, 8
4, 8
8, 11.125
8, 8
-0, 8
4, 11
8, 8
5.5, 11
4, -0
-0, 8
4, 8
11, 9.625
3.25, 8
4, 8
8, 8
4, 8
4, 8
8, 8
10.25, 0
0, 8
0, 8
8, 8
10.75, 6.5
4, 8
2, 3
8.25, 8.25
-0, 8
1, 8
8, 9
1, 0
8, 0
0, 8
6.5, 8
0, 4
4, 4
0, 4
11.5, 7.625
6, 9
4, 3
2, 10
-0, 9
7.5, 11
4, 0
2.5, 8
0, 4
4.75, 10
7, 4
0, -0
8.5, 0.5
0, 4
2, 4
4, 9
4, -0
6, 4
4, 8
4, 10.5
-0, 8
-0, 2
0, 8
8, 4
8, 1
8, 3
1, 8

1.25, 10
8, 7
8, 9
0, 0
-0, 4
8, 4
-0, 0
4, -0
8, 4
8, 8
4, 6
8, 7.875
9, 11.875
4, 5
4, 0
11.25, 4.25
4, 8
-0, -0
8, -0
0, 4
-0, 0
0, 8
1.5, 9
4.875, 3.375
10.25, 0
0, 4
8, 4
0, 4
8, -0
-0, -0
4, 4
4, 0
4, 1
4, -0
2.5, 2.875
0.75, 3.125
0, 4
6, 7
4, -0
8, 8
4, 4
-0, 8
4, 0
8, 9
6, 4
4, -0
4, 8
5, 0
8.75, 2
8.5, 6
3.75, 8
8, -0
-0, 2
-0, -0
4, 4
0, 0
-0, -0
8, 4
0, 0
-0, 2
5, 0
4, 4
1.625, 4
2, 5.5
3, 4.75
0, 0
-0, 4
4.75, 9
7.25, 0.5
0, 4
8, 4
0, 0
2.5, 8
9.5, 11
-0, 0
8, 4
8, -0
-0, 4
1, 0
8, 4
10, 0
-0, -0
8, 8
4, 2.625
0, 4
-0, 4
-0, 10.5
8, 0
8, 5
0, 4
-0, 8
4, 0
9.5, 8.75
3.875, 3
-0, 4
-0, 0
4, 8
0, 0
8, 0
11.75, 0
0, 4
4, 4
0, -0
7, 6.125
0, 4
7, 0
2, 8.75
4, 4
10.5, 4
3, 7
2, 5
8, 0
0, 0
1.25, 0
0, 4
-0, 4
0, 4
2.75, 0.125
6, 2
0, 5
0, 3
4, 0
3.625, 6
-0, 4
5.25, 6
4, 4
3.25, 2
-0, 4
4, 8
11.75, 6.5
4, 4
7, -0
4, 8
8, 4
11, 3.5
8, -0
-0, 11.875
10, 4
7, 7
0, 8
0, -0
5, 6
4, 8
-0, 3

1.5, 10
11, 3
3, 7
4, 4
4, 8
8, 8
4, 4
4, -0
-0, 8
7, 1
6, 2
0, 9.625
5, 3.25
0, 6
4, 0
6.375, 4
-0, 11
4, 4
4, 4
4, 0
4, 0
0, 8
2, 4
3.875, 4.75
3.75, 2
8, 4
4, 4
8, 4
-0, -0
8, 4
4, 8
5, 0
-0, 6
4, -0
6, 2.5
5.5, 3.9375
4, 0
0, 8
4.125, 10
-0, 4
4, -0
4, -0
4, 0
5, 9
11, 5
7.25, 4
4, 0
9, 0
11, 1.5
3, 11
8.625, -0
4, -0
6, 9
8, -0
4, 0
4, 4
4, 8
8, 8
0, 8
11.125, 8
2, 4
4, -0
6.875, 4
8, 9
0.25, 6.5
4, 0
4, 0
6.5, 5.5
3.875, 6.625
8, 8
8, 0
0, 0
0.75, 4
5.5, 3
4, 0
4, 4
-0, 4
6, 6
5.5, 4
8, -0
5, 0
8, -0
0, 4
4, 7.25
4, 4
4, 4
-0, 4.25
4, 0
-0, 5
4, 8
4, 0
4, 0
8, 3.25
11.375, 1
8, 4
-0, 0
4, 4
4, 4
0, 0
2, 8
0, 8
4, -0
4, 4
8, 5.1875
4, 4
9, 1
4, 5.875
8, 8
9.75, 8
1, 5
7, 11
4, 4
8, 0
9.25, 0
0, 0
4, 4
4, 8
10.25, 8.25
6, 8
4, 2
6, 10
-0, 0
2.125, 8
8, 8
9.75, 6
4, 8
9.75, 6
5, 0
4, -0
5.5, 5
4, 8
2, 8
4, 0
8, 4
0, 1
8, 8
4, 5.25
11.5, 4
0.5, 5
4, -0
0, 11
11, 10
-0, 6
8, 5

11.75, 11
2.75, 5
9, -0
4, 4
8, 8
8, 8
4, 8
8, 8
8, 8
7, 1
0.5, 8
8, 1.875
3, 9.25
4, 8
8, 8
10.25, 5.25
4, 10
4, 8
4, 8
4, 8
4, 0
11, 4
9, 4
7.25, 8.5
3.75, 8
8, 8
8, 8
0, 8
-0, 8
8, 8
8, 4
8, 8
8, 1
4, 4
0.25, 1
10, 8.25
4, 4
4, 10
8.625, -0
8, 8
8, 4
4, 4
4, 4
11, -0
6, 9
4.5, -0
4, 4
8.5, 3
4.5, 3
2, 8
9.625, 4
8, 8
5, 3
4, 8
8, 8
4, 4
-0, 8
8, 8
8, 4
2.875, 0
10, 4
8, 4
2, 8
5, 9.75
-0, 10
4, 4
8, 8
8.75, 7
3, -0
8, 4
4, 8
4, 8
0.25, 4
4.25, 7
8, 8
0, -0
8, -0
6, 10
9.75, 0
4, 8
1.5, 4
4, 8
4, 8
8, 8
8, 8
8, 8
4, 5.5
0, 0
8.5, 10
8, 8
4, 4
8, 8
3.5, 11.125
3.875, 3
4, 4
8, 8
4, 0
4, 4
0, 8
4.75, 0
8, 8
8, 8
8, -0
1.5, 1.9375
4, 8
-0, 1
3.5, 5.625
4, 8
11, -0
7, 10.5
7, 3
4, 8
4, 8
3.75, 8
4, 4
8, 4
8, 8
3.75, 0.75
8, 4
8, 10
4, 11
8, 11
5.5, 9
8, 4
9.5, 4
8, 4
4.25, 1
4, 4
8, 8
8.75, 11
4, 8
6, 8
2, 1
0, 4
6, 1
4, 4
4, 1.375
10, 8
10, 10
0, 8
8, 3
5, 7
8, 0
11, 9

10.25, 5
6.25, 3
8, 9
4, 0
8, 8
8, 4
-0, 4
0, 4
4, 4
2, 7
6.5, 6.5
8, 0.625
8, 3
8, 1
0, 4
11.125, 11
-0, 1
4, -0
8, -0
4, 8
-0, 8
2, 8
9, 7
8.625, 6.5
7, 10
4, 0
4, 0
0, 4
-0, 4
4, -0
-0, 4
7, 4
2, 5.5
8, -0
6, 10.625
11, 4.875
4, 0
2, 11
0, 4
-0, 4
0, 4
4, -0
4, 0
6, 5
0.5, 0
8, 4
4, 0
10, 6
3, 0.75
9.5, 11.25
1.625, -0
4, 8
4, 3
-0, 4
8, 4
4, 0
-0, -0
8, 4
8, 4
9.125, 3
4, 0
0, 4
8.125, 6
5, 10
2.625, 1
4, 0
8, 8
9.5, 1.5
11.625, 1.25
4, 8
4, 4
4, 0
4.5, -0
5, 7
8, 8
8, 4
8, -0
2, 2
2.25, 8
4, 4
5.5, 8
-0, 4
0, 8
0, 3.125
0, 0
8, 8
-0, 10.5
4, 4
6, 1
4, 8
-0, 8
-0, 4
7.5, 6.125
7, 8
8, 4
-0, 8
0, 4
4, 0
0, 4
6.75, 8
8, 4
4, 4
4, 4
9.75, 0.375
8, 8
1, 3
2.25, 4.25
8, 8
10, 4
2, 8
9, 1
8, 0
0, 4
7.75, 8
4, 4
8, 0
8, 8
11.75, 1.5
2, 4
4, -0
4, 10
4, 9
7.625, 7
4, 8
2.375, 2
0, -0
4.75, 2
5, 8
8, 8
5.5, 7
8, 8
11, 8
10, 11.5
8, 4
6, 10
4, -0
-0, 0.375
10, -0
2, 7
0, 4
0, 2
1, 7
-0, 3
9, 2

-0, 7
5, 7
3, 6
8, 0
8, 8
8, 4
-0, 4
4, 8
8, 4
11, 11
8, 10.5
8, 11.375
5, 3.125
4, -0
0, 8
0.625, 2.5
4, 0
-0, 4
8, 8
8, 4
-0, 4
5, 4
1, 1
11.625, 0.5
3.75, 6
8, 8
-0, 4
4, 8
8, -0
-0, 4
-0, 4
3, 0
10, 7.5
8, 8
0.5, 3.25
6.5, 9.1875
4, 0
8, 5
9.875, 2
-0, 4
0, 4
8, -0
4, 8
-0, 1
4, 8
7, 4
8, 4
7.5, 9
11.5, 8
11.5, 4.5
3.625, 8
0, 8
8, 7
4, -0
8, 4
8, 0
8, 8
8, 4
0, 8
2.375, 0
6, 4
0, -0
4.375, 8
5, 7.25
9.5, 8.75
8, 4
8, 8
11, 2
2.375, -0
8, -0
4, 4
4, 0
9.5, 4
10, 11
-0, 8
4, 4
4, -0
4, 0
10.75, 0
4, 4
5, 0
4, 8
4, -0
4, 8.375
8, 8
8, 4
-0, 6.75
4, 8
11.5, 1
8, -0
4, 4
-0, 8
1, -0
5.375, 1
8, 4
4, 0
4, 4
8, 0
8, 0
10.5, 4
8, 8
0, -0
8, 8
2.75, 6.5625
8, 0
1, 4
9.5, 11.25
4, 8
0.75, 8
1, 3.5
1, 10
8, 8
4, 8
4.75, 4
0, 0
8, 4
8, 8
2.75, 8.75
2, 4
0, 5
2, 10.5
8, 6
9.125, 3
8, 0
0, 4
4, 8
6.5, 4.5
-0, 4
0, 4
11.25, 3.5
8, 8
5, 4
10, 5
8, -0
0, 8
-0, 8
4, 3.875
8, 8
4, 3
0, 4
4, 1
6, 11
8, 10
6, 0

11.75, 2
2, 10
7, 9
8, 0
-0, 8
8, 4
4, 8
4, 4
8, 4
8, 1
2, 0.5
4, 6.5
4, -0
8, 5
0, 4
8.5, 6.25
8, 7
4, 4
4, 4
4, 4
-0, 0
5, 0
7.5, 5
3.5, 6.25
1.5, 2
8, 0
4, 4
8, 0
8, 4
4, -0
8, 8
9, 8
4, 2
4, 4
3, 3.5
11.5, 8.8125
4, 4
4, 5
10.5, 10
4, 4
8, 8
4, 4
4, 4
11, 8
11.5, 4
10, -0
-0, 0
1, 9
11, 5
5, 11.25
3.25, -0
4, 4
10, 10
-0, 4
-0, 8
8, 0
4, -0
8, 4
4, 4
11.75, 2
6, 4
0, -0
1.125, 2
10, 4.25
4.25, 8
4, 4
-0, 8
2.5, 4
10.375, 3.125
8, 8
8, 4
4, 4
9, 8
6.75, 3
8, 8
0, 4
4, 4
6, 8
-0, 4
8, 4
2, 8
-0, 4
0, 8
4, 7.375
8, 0
-0, 8
-0, 2
4, 4
9.5, 10
0, -0
8, 4
-0, 4
1.5, 1.5
10.25, 8
8, 0
-0, 8
4, 4
8, 0
8, 4
7.75, 8
4, -0
0, 8
4, -0
10, 10.875
4, 4
-0, 4
8.75, 2.5
8, 8
10.25, 8
8, 11
7, 6
4, 4
0, 4
8.25, 8
8, 0
4, 0
0, 8
7, 4.25
10, 6
0, 6
4, 3.5
-0, 6
4.125, 11
8, 8
2.5, 2
8, 8
9.5, 10
10, 4
4, 4
6.5, 4.25
0, 0
0, 4
8, 7
4, 4
0, 0
-0, 8
8, 1.25
6, -0
-0, 7
0, 8
4, 6
4, 9
-0, 3
-0, 6

5.75, 7
6.5, 4
5, 1
4, 0
-0, 8
4, 4
8, 0
4, 4
4, 8
8, 8
0, 6
8, 3.125
0, 11
8, 6
4, 0
9.125, 3.25
-0, 6
4, 8
4, 8
4, 8
8, 8
8, 4
10, 6
3.875, 9.375
11.25, 10
4, 0
4, 8
4, 8
8, 4
-0, -0
8, 4
-0, 0
6, 8
-0, 8
0.75, 8.625
1, 0.9375
4, 4
4, 11
8.5, -0
4, 8
0, -0
8, 4
8, 4
8, 11
3, 1
6.5, 4
-0, 8
8, 0
5, 8.25
9, 11.5
5.75, -0
8, 4
3, 6
8, 8
-0, 0
4, 0
4, -0
4, 4
8, 0
6.625, 3
4, 0
4, 4
5.125, 4
1, 11.75
11.375, 6.25
0, 8
-0, 8
2.5, 4.5
10.75, 4.25
4, 8
4, 4
4, 8
8, -0
0.75, 1
4, 4
4, 4
8, -0
6, 0
8.75, 0
4, 4
1, 4
8, 8
0, -0
4, 0.125
8, 0
8, 4
-0, 3.75
4, 8
11.5, -0
8, 4
4, 0
4, 0
1.5, 4.375
3.25, 9
4, 8
4, 8
0, 0
4, 0
8, 4
2.75, 4
8, 4
8, 4
8, -0
4, 8.125
8, 4
9, 10
5, 3.75
-0, -0
10, 8
6, 8
2, 3
4, 8
8, 8
4.5, 0
4, 8
4, 4
0, 8
8.25, 6.25
-0, 11
4, 6
6, 9.5
4, 5
4.375, 0
4, 8
11.875, 6
0, -0
6.75, 8.5
-0, 0
4, 8
0, 2
0, 0
6, 4
10, 7.5
8, 8
0, 7.5
4, -0
4, 0.375
11, 4
11, 8
8, -0
4, 3
9, 1
-0, 3
8, 4

11.5, 9
2.25, 11
6, 10
0, 4
-0, 4
8, 8
-0, 4
8, -0
8, -0
5, 8
1, 7
0, 3.5
6, 10.25
8, 10
0, 4
9.375, 1.5
8, 3
-0, 4
8, 4
4, 8
8, 0
6, 4
3, 5
2.375, 10.375
6.25, 2
0, 4
-0, 0
0, 4
-0, 4
8, 4
8, 8
2, 8
8, 7.5
-0, 4
8.25, 11.875
9.25, 9.5
0, 4
8, 8
9, 6
4, 8
8, 8
-0, 4
8, 8
11, -0
8, 1
1, 4
8, 4
11, 3
3, 0.75
6.5, 1
6.25, 8
0, -0
5, 8
-0, 4
8, 4
0, 4
-0, 4
8, 8
4, 8
6, 0
8, 8
8, 8
9.375, 4
7, 6
3.375, 10.125
0, 4
8, 0
5.5, 10.5
11.875, 2
0, 4
0, 4
4, 8
3, 4
10, 2
4, 0
0, 8
4, 8
10, 6
2.75, 8
-0, 4
5, 4
-0, 4
8, 4
0, 4.875
4, 8
-0, 4
-0, 2.25
8, 8
4, 10
0, -0
4, 4
-0, 4
11, 6.25
3.625, 4
-0, 4
-0, 0
0, 4
0, 4
0, 4
8.75, 4
4, 8
8, -0
8, 8
11, 7.1875
8, 4
3, 3
10.5, 11.5
8, 8
0.5, -0
6, 1.5
9, 4
8, 4
0, 4
-0, 0
8, 0
4, 8
0, 4
11, 7.75
6, 3
0, 3
4, 6
-0, 3
4.25, 11
-0, 4
6.125, 6
8, 4
6, 6
4, 8
0, 4
10, 6.75
8, 8
3, 8
8, 3
0, -0
7, 6
8, 8
4, 10.5
3, -0
3, 2
4, -0
4, 1
8, 4
4, 2
11, 3

1.5, 9
1.625, 10
10, 4
0, 8
4, 8
4, 8
8, 0
0, 8
4, 4
9, 9
8.5, 11
4, 7.5
11, 3.375
4, 7
8, 0
6.75, 8.5
-0, 10
4, -0
0, 4
8, 0
-0, 0
9, 0
0, -0
2.625, 4.125
8.5, 10
0, 8
-0, 8
4, 8
4, 8
4, 4
8, 0
7, 8
6, 9.5
8, -0
7, 11
6.5, 5.625
0, 0
6, 10
1.25, -0
8, 8
8, 4
4, 4
8, 4
8, 11
10, 5
0.5, 4
-0, 0
3.5, 9
7.25, 10.75
0.5, 4.5
7.625, 8
4, 4
6, 1
8, -0
4, 4
0, 8
8, -0
4, 8
0, 8
10, 8
11, 0
0, -0
6.25, 2
0.5, 5.75
6.5, 4.625
8, 0
4, 8
9.75, 11
3.75, 1
8, 8
8, 0
4, 4
1.75, 8
4.75, -0
8, 0
4, -0
-0, -0
6, 0
10.5, 8
8, -0
7, 0
8, -0
4, 4
8, 0.625
4, 8
4, 4
4, 4.75
4, 0
9, -0
4, -0
-0, 8
8, 0
8.5, 8.5
4.625, 9
4, 4
8, 8
4, 4
0, 8
4, 8
5.5, 4
0, 8
0, -0
4, 4
6, 11.75
4, 0
7, 5
7.5, 7.5
-0, -0
7, -0
1, 6.5
2, 0
-0, 4
8, 0
7, 8
8, 4
4, 8
4, 8
9, 1.875
4, 6
4, 7
8, -0
8, 10
10.5, 0
8, 8
4, 2
0, -0
1, 5
10, 0
4, 8
3.5, 2.5
8, 4
1, -0
2, 8.5
4, 4
10, 6
-0, -0
-0, 4.875
10, -0
9.5, 9
4, 8
4, -0
3, 6
4, 8
8, 10

8, 5
7.625, 11
8, 8
0, 8
-0, 4
-0, 8
-0, 4
4, 8
-0, 8
1, 7
1, 10.5
0, 2.625
10, 11.75
4, 8
4, 0
7.625, 7.25
8, 11
-0, -0
0, 8
8, 0
-0, 0
3, 8
4.5, 9
6.375, 4.875
10.75, 2
0, 0
-0, 0
4, 4
8, -0
-0, -0
8, 0
8, 0
6, 11
4, 4
0.25, 4.125
9, 4.75
0, 8
8, 3
5.375, 4
8, 0
8, -0
4, 8
-0, 8
4, 4
6, 8
10, 8
8, 4
7, 1
3.75, 0.5
6, 5.5
4.5, 8
0, 8
4, 0
4, 8
-0, 4
0, 8
-0, 4
0, 8
4, 4
7.5, 9
5, 0
8, 8
4.125, 10
6, 11.25
-0, 7
4, 8
4, 0
8, 7
10.625, 10.25
0, -0
4, 0
0, 0
7, -0
8.5, 7
-0, 0
8, 4
4, 8
4, 2
8.5, 0
4, -0
5.5, 8
4, 4
4, 8
0, 10.25
4, 8
8, 4
4, 2
8, 0
0.5, 5
4, -0
8, 8
4, 0
11.5, 9.25
3.375, 9
-0, 0
4, 0
8, 0
0, 8
8, 0
0.75, 8
0, 8
8, 4
8, 4
6.75, 0.0625
8, 0
4, 0
7.5, 0.875
8, 8
11, -0
8, 11.5
4, 6
-0, 8
4, 4
10.25, 8
4, 0
8, 0
0, 4
0, 9.125
8, 6
8, 8
6, 9.5
8, 0
9.375, 0
-0, 0
0.125, 8
8, 4
3.25, 11
2, 4
0, 4
10.75, 11.25
8, 4
1, 4
8, 9.5
4, -0
6, 0
-0, 8
4, 2
2.5, 8
1, 6
4, 8
8, 11
10, 4
-0, 8
7, 3

6, 6
3.5, 3
0, 6
4, 0
4, -0
-0, 4
4, 4
0, -0
-0, -0
8, 4
11.5, 8
4, 10.375
1, 2.125
8, 7
0, 0
5, 11
-0, 9
-0, 4
4, -0
4, 8
-0, 0
2, 8
11.5, 7
3.125, 7.625
1.5, 6
4, 0
8, 0
0, 8
8, 8
8, 4
4, 4
1, 8
-0, 7
-0, -0
4.5, 4
9.5, 3.375
4, 4
2, 9
0.625, 2
4, 0
8, 4
8, 8
8, 4
5, 9
3, 11
8.75, 4
-0, 0
3, 2
11.5, 0.25
2, 8.5
7.625, 8
8, 4
5, 1
4, -0
4, 8
4, 0
-0, -0
0, 4
4, 8
10.375, 1
5, 0
4, -0
11.75, 0
10, 2
8.5, 9.125
0, 0
8, 4
7.5, 1
1.875, 7.25
8, 4
8, 8
0, 4
11, 4
2.75, 10
-0, 4
8, 4
8, 4
6, 2
11, 8
8, 8
8, 8
8, 8
8, 4
8, 4.875
8, 0
8, 0
4, 11.5
0, 0
-0, 5
4, -0
4, 4
-0, 0
2, 5
7, 9
4, 0
4, 8
4, 0
4, 0
8, 8
11.75, 4
4, -0
4, 4
8, 4
10.5, 11.3125
4, 0
-0, 4
7.25, 6.75
8, -0
6.5, 8
1, 2.5
4, 10
4, 0
8, 8
5.5, 4
4, 8
-0, 4
4, -0
4, 8.75
2, 10
0, 9
4, 8
4, 9
5.625, 8
8, 4
0, 6
8, -0
4, 3
10, 4
0, -0
5, 2.5
4, 0
1, 8
10, 0.5
0, 4
8, 9.5
4, 4
4, 3.5
11, 8
1, 4
4, -0
8, 7
11, 2
8, 7
1, 11

9.25, 1
11.875, 8
10, 3
4, 8
-0, 4
4, 4
8, 0
4, 8
-0, -0
11, 9
5.5, 4
8, 8
10, 7.875
0, 4
0, 8
11.5, -0
8, 2
4, 8
0, -0
4, 4
-0, 0
5, 4
7, 1
3.875, 3.125
7.25, 0
4, 8
4, 8
4, 8
-0, 8
-0, -0
4, 0
8, 0
4, 4.5
-0, 8
7.25, 2
5.5, 9.625
0, 0
0, 0
2.125, 6
4, 4
4, -0
4, 8
8, 4
7, -0
9.5, 7
1, 4
8, 0
7.5, 2
0.75, 9.5
5.5, 10
6.125, -0
0, -0
3, 11
-0, 4
-0, 0
4, 8
8, 4
4, 4
8, 8
8.75, 3
7, 8
4, 4
10, 0
3.5, 5.75
3.375, 11.25
0, 8
-0, 4
1.25, 4
9.25, 8.375
4, -0
0, 8
4, 8
9.25, -0
6.25, 2
8, 8
0, 8
8, 8
10, 0
0.25, 4
-0, 8
10, 8
-0, -0
0, 4
8, 9
0, 8
4, 4
-0, 8.5
4, 8
4.5, 7
8, -0
-0, 0
-0, 8
11, 3.375
8, 2
8, 8
4, 4
0, 4
4, 8
0, 8
4.25, 8
4, 4
4, 4
4, 8
2.5, 11.3125
4, 8
3, 6
6.75, 0.5
4, -0
2, 4
1, 10
0, 11
-0, 0
0, 0
8.75, 4
0, 8
-0, 4
0, 4
7.75, 1.625
6, 4
8, 5
2, 7
4, 10
3.25, 1
4, 0
7.875, 10
4, -0
6.75, 8
2, 0
0, 4
6.75, 7
4, 4
4, 4
0, 10
8, 4
8, 2
8, -0
-0, 9.25
3, -0
3.5, 5
4, -0
8, 4
1, 8
4, 2
3, 6

6, 5
2, 6
4, 4
4, 0
-0, 8
8, 8
-0, 0
0, -0
4, -0
1, 7
8.5, 2.5
8, 6.5
6, 5.625
8, -0
4, 4
0.875, 10.5
-0, 5
8, 4
0, -0
8, 0
-0, 8
10, 0
3, 11
9.25, 9.125
6, 10
8, 4
8, 4
0, 0
8, 8
-0, -0
8, 8
3, 0
-0, 0
8, 4
3.25, 10.5
0.5, 2.3125
8, 0
4, 5
1.875, 6
-0, 8
8, 8
4, 4
8, 4
7, 9
7.5, 5
5.75, 4
8, 4
10, 11
9, 8.5
2, 2.5
3.375, 4
8, 4
5, 2
8, 4
4, 8
4, 0
8, 4
8, 8
8, 8
1.125, 0
0, 0
4, -0
10.5, 8
7, 1
5.625, 9.125
0, 0
-0, 8
5.75, 11.5
6.125, 1.875
8, 8
4, 0
8, 0
7.25, -0
9.75, -0
4, 4
8, 8
8, 8
8, 10
8.25, 4
4, -0
4.5, 0
4, 4
0, -0
4, 11.25
4, 4
-0, 8
4, 3.75
4, 8
3, 6
8, 4
8, 8
4, 4
1, 8.125
8.125, 7
8, 4
-0, 0
8, 0
4, 0
8, 8
2.5, 8
8, 8
0, -0
0, 8
5.75, 11.25
8, 4
5, 10
4.5, 4
8, 8
4.75, 4
10, 6.5
0, 3
-0, 0
4, 4
6.5, 4
4, 0
-0, 8
0, 8
10, 9.375
2, 7
4, 7
2, 3.5
8, 9
10.125, 2
8, 8
4.625, 6
8, 8
6.5, 9
9, 0
8, 8
2.25, 4.75
4, 0
8, -0
6, 0
4, -0
5, 3.5
8, 4
4, 7.375
9.5, 4
8.5, 4
8, 8
0, 8
4, 11
-0, 9
2, 1

7, 3
0.125, 1
8, 7
0, 8
4, 8
4, 0
4, 0
4, -0
4, 8
5, 1
3, 8
4, 11.75
2, 1.125
8, 10
8, 0
7.25, 7.25
4, 5
-0, 4
8, 4
8, 4
8, 8
6, 4
0, 7
10.375, 5.75
10, 8
0, 8
-0, 8
8, 4
4, 4
-0, 4
8, 4
-0, 0
2, 7.5
-0, 4
9, 6
3.75, 0.4375
0, 8
4, 6
8.875, 10
8, 4
4, 8
4, 8
-0, 4
4, 10
-0, 8
4.5, -0
8, 8
2, 5
8.5, 7
9.5, 1.75
2.375, -0
4, -0
5, 2
4, -0
4, 8
0, 8
-0, 8
4, -0
4, 4
1, 8
11, 4
0, 8
3.875, 6
9.5, 0.5
8.25, 6.375
0, 4
8, 4
11.5, 0.5
4.25, 8.125
8, 4
8, 0
0, 4
10, 8
11, 10
4, 8
0, 4
4, -0
-0, 6
9.75, 0
8, -0
7, 8
4, -0
4, -0
4, 8.5
8, 8
-0, 8
8, 10.25
0, 4
6.5, 4
0, -0
8, 0
8, 0
11.5, 5.5
2.625, 1
8, 8
4, 0
0, 0
0, 8
4, 4
2.25, 4
4, 4
4, 4
8, 4
6.25, 11.9375
0, 8
8, 6
4.25, 7.25
-0, 8
7.25, -0
2, 9
10, 7
8, 4
4, 0
4, 4
0, 4
-0, 0
4, 8
10.75, 10.5
4, 1
4, 1
0, 5
4, 3
7.5, 1
8, 4
6.5, 6
8, 8
1, 0.5
7, 0
4, -0
5.25, 4.25
8, 8
10, -0
2, 11
4, 8
5, 8.5
4, 8
-0, 9.625
-0, 8
7.5, 5
0, 8
0, 11
6, 5
4, 2
8, 3

-0, 6
9.375, 5
0, 2
4, 4
4, 8
4, 8
-0, 0
4, 8
8, 8
11, 2
9, 9
0, 3.875
1, 5.625
4, 9
0, 4
6.25, 9.25
8, 8
-0, -0
4, 8
8, 4
4, 4
4, 8
1, 10
7.875, 0.875
6.25, 0
8, 0
8, 4
4, 8
-0, 8
4, 8
8, 0
7, 8
2, 10
4, 8
11.75, 5.125
-0, 2.3125
8, 4
6, 9
9.625, -0
8, 0
4, 4
8, 8
4, 0
11, -0
2.5, 11
0.5, 4
4, 8
9.5, 5
10, 1
4.5, 1.5
4.625, 8
4, 4
10, 5
-0, 4
8, 0
4, 4
4, 8
4, 8
4, 4
10.75, 10
8, 4
4, -0
8.75, 0
7, 6.25
5.125, 8.75
0, 4
8, 0
1.75, 9.5
5.375, 4.5
8, 8
0, 4
8, 0
1.75, 8
10, 7
-0, 4
4, 4
4, 4
2, 0
3.5, 4
-0, 4
4, 0
-0, 8
4, 4
8, 3.875
4, 0
4, 8
4, 10.25
8, 4
0.5, 9
8, -0
4, 0
-0, 4
6, 10.75
8.375, 1
4, 8
-0, 4
4, 8
4, 4
0, 8
11.75, 8
4, 4
0, -0
4, 8
9.5, 9.75
8, 0
9, 4
7, 2.875
-0, 4
10.5, -0
1, 8
8, 6
4, 8
0, 8
9.75, 0
4, 8
4, 4
4, 8
11, 1.5
10, -0
4, 10
0, 1
-0, 9
11.875, 6
8, 8
9.75, 4
8, 4
1.5, 10.5
5, 4
8, 8
11, 4.75
4, 4
5, 8
0, 0
0, -0
4, 9.5
8, 4
-0, 8.125
10, 4
0.5, 1
4, -0
4, 6
2, 5
8, 1
6, 1

11.25, 2
1.75, 6
1, 6
0, 4
4, 4
8, 8
-0, 8
8, 4
4, 4
10, 3
11.5, 9.5
0, 11.5
11, 10.75
4, 3
8, 0
6.75, 10.25
-0, 3
-0, 4
0, 8
0, 4
8, 8
7, 8
1, 3
8.375, 1.875
5.75, 2
0, 4
8, 4
8, 0
-0, 4
8, 4
4, 0
5, 8
2, 5
8, 4
10, 8.875
11, 9.0625
0, 0
2, 1
10.25, 8
8, 4
4, -0
4, 8
-0, 8
2, 10
8.5, 9
4.75, 4
4, 4
6, 2
10, 7.25
7, 3
8, -0
0, 4
3, 11
8, -0
-0, 8
0, 4
8, -0
8, 8
8, 4
6.375, 2
5, 8
8, 4
6.5, 6
8, 2.25
5.375, 8.125
4, 4
8, 0
7.75, 9
9.875, 6.125
0, -0
4, 4
0, 4
2.5, 4
2.25, 5
8, 0
8, 8
8, 4
-0, 2
7.5, 4
4, 4
11.5, 8
4, 4
8, 4
0, 2.375
8, 4
8, 8
8, 2.25
0, 8
6, 6
8, 8
8, 0
8, 0
7.5, 9
11.125, 7
-0, 4
4, 4
8, 0
0, 4
0, 4
10.75, 0
0, -0
0, 4
0, -0
8.75, 2.625
0, 4
10, 7
4.75, 6
4, -0
9, 4
3, 9
2, 10
-0, 8
4, 4
6.5, 8
8, 0
4, 4
4, 4
9, 4
8, 8
0, 2
0, 5.5
8, 3
2.375, 8
-0, 0
4.25, -0
4, -0
10.25, 1.5
2, 4
4, 4
4, 8
4, 0
11, -0
4, 3
0, 4
9, 8
-0, -0
4, 6
5, 4
11, 4
8, 8
0, 8
9, 7
8, 2
1, 9

6, 6
7.875, 2
0, 3
0, 0
4, 8
-0, 0
4, 8
8, -0
4, 4
11, 7
9.5, 11
0, 11.875
9, 2.25
4, 10
4, 8
7, 1.25
4, 3
8, 4
0, 4
0, 0
8, 0
11, 4
0, 6
3.5, 8.5
5.75, 0
0, 0
-0, 0
4, 0
8, 4
-0, 4
-0, 4
7, 8
8, 1
-0, -0
7.5, 1.125
9.5, 0.0625
0, 0
6, 1
1.5, 6
-0, 4
8, 8
4, 8
8, 0
1, 5
1, 3
6.5, -0
-0, 0
10, 2
-0, 1
-0, 2.75
7.75, 8
8, 4
1, 7
-0, 4
4, 0
0, 0
4, -0
0, -0
0, 4
8.875, 2
10, 8
8, -0
8.375, 8
3, 9.5
9.25, 0.625
0, 4
8, 0
1.75, 4
0.625, 10.75
0, 8
0, 4
0, 4
4.25, -0
5, 5
4, 4
0, -0
-0, 4
4, 10
8.75, 4
-0, 4
11, 4
-0, 4
0, -0
4, 10.5
8, 4
-0, 4
8, 7
8, 0
10, 2
8, -0
8, 8
4, 8
10, 7.625
10.125, -0
8, 8
-0, 0
0, 8
0, 0
8, 4
3.5, 4
0, 4
0, 4
0, 8
0.5, 9.3125
0, 0
5, 3
0.25, 1.625
4, -0
9.75, -0
8, 2
1, 9
-0, 4
0, 4
0.5, 8
0, 0
-0, 8
4, 8
5.25, 6.5
10, 4
0, 8
2, 9.5
8, 6
10.375, 7
-0, 8
1.375, 2
8, 8
11.5, 2.5
2, 0
0, 8
5, 3.75
4, 0
0, -0
8, 4
8, -0
1, 8.5
-0, -0
4, 7.375
3.5, 8
4.5, 10
8, 8
0, 10
2, 11
4, 3
9, 8

6.25, -0
3.875, 2
6, 4
4, 0
-0, 8
4, 8
8, 0
0, 4
4, 8
7, 9
1.5, 4
8, 1.625
4, 6.75
4, 6
8, 0
4.5, 7.5
-0, 4
4, 4
4, 4
4, 0
4, 0
0, 0
2.5, 6
6.375, 0.125
4, 6
4, 0
4, 0
8, 0
4, 8
8, -0
4, 8
6, 0
8, 9.5
-0, 4
7.75, 8
4.75, 0.6875
0, 8
8, 1
1.5, -0
8, 4
8, 8
4, -0
8, 8
-0, 4
2.5, 11
2.5, 4
-0, 0
6, 5
1, 4.5
4.5, 11
3.125, 4
4, -0
4, 9
-0, 8
-0, 4
4, 0
4, -0
4, 8
0, 8
5.75, 1
9, 8
0, 8
9.25, 8
5.5, 4.75
7.375, 7.75
0, 4
8, 0
0.75, 6
5.75, 6.875
4, -0
0, 8
0, 8
5, 4
7.25, 8
8, 8
4, 4
-0, 8
2, 4
6.75, 4
-0, 8
10, 8
-0, 8
0, 8
4, 6
4, 0
-0, 8
4, 4.25
0, 8
5, 10
8, -0
8, 0
8, 0
7.5, 6.25
4.375, 7
-0, 8
8, 0
0, 8
4, 0
4, 8
8, 8
0, 8
8, 8
0, -0
2.75, 4.9375
4, 0
3, 10
11.75, 1.125
8, -0
0.75, 4
9, 4
0, 4
4, 4
0, 8
7, 8
4, 8
8, 0
0, 8
5.5, 5.875
-0, 3
0, 10
0, 1.5
-0, 0
6.5, 10
4, 0
11.75, 8
0, 8
5.5, 6
2, 0
0, 4
5.75, 2.25
0, 0
8, 8
0, 11.5
4, 4
3, 2
8, -0
4, 11.875
7, 8
-0, 5
4, -0
0, 7
6, 1
-0, 4
6, 2

4, 10
8.875, 2
5, 7
0, 8
-0, 8
4, 8
-0, 0
0, 8
-0, 8
10, 10
5, 3
4, 4.875
8, 3
4, 9
0, 4
6, 7.25
8, 2
-0, 8
8, 8
8, 0
-0, 8
1, 4
3, 8
9.375, 2.875
9, 4
0, 8
8, 0
4, 4
8, 4
-0, 4
4, 8
5, 4
6, 7.5
-0, 4
9, 6.5
11.75, 10.875
8, 4
0, 11
2, 10
4, 8
4, 8
4, 4
4, 4
6, 3
0.5, 5
0.25, 4
-0, 8
5, 11
1, 4.5
8.5, 5
7.5, 4
8, 4
11, 1
-0, 4
-0, 8
0, 8
4, -0
4, 8
0, 4
5.25, 6
4, 8
4, -0
0.25, 8
11, 1.75
1.25, 4.25
0, 4
-0, 8
8, 0.5
6, 5.75
4, 4
0, 4
8, 8
6.25, 4
2.5, 6
8, 0
0, 8
-0, 4
8, 10
7.25, 0
-0, 4
4, 8
4, 8
0, 8
0, 2
8, 0
8, 8
4, 0
0, 0
0.5, 6
4, -0
4, 0
-0, 4
2.5, 6.75
9.75, 6
-0, 4
-0, 8
4, 0
0, 8
8, 4
5.75, 8
0, 8
4, -0
0, 8
4.75, 6
0, 8
1, 0
8.75, 10.875
-0, 4
8.25, 4
11, 10
7, 11
8, 8
4, 8
4.25, 4
0, 8
8, 4
0, 8
5.25, 0
4, 5
0, 10
2, 2
8, 3
11.75, 8
4, 4
3.75, 8
0, -0
7, 10
4, 4
4, 8
9.75, 7.5
8, 4
10, 4
4, 0
4, -0
3, 7
8, 4
4, 8
9, 4
4.5, 7
0, 4
0, 1
4, 2
8, 10
6, 2

-0, 8
6.875, -0
1, 10
8, 4
4, -0
8, 0
-0, 0
0, 8
8, -0
2, 0
8, 11
8, 7.25
4, 4
0, 7
4, 0
9.125, 9.5
8, 7
-0, 8
0, 8
0, 8
-0, 8
2, 0
2.5, 7
9.5, 10.25
9, 0
8, 0
8, 4
8, 4
-0, -0
-0, 8
-0, 4
4, 0
-0, 3
-0, 4
7.5, 9
10.75, 5.1875
0, 8
4, 3
6, 2
-0, 4
4, -0
-0, 4
-0, 8
-0, 10
4.5, 4
2, 8
-0, 4
10.5, 6
2.25, 10
1.5, 1.75
10.5, 8
8, -0
8, 11
-0, 4
4, 4
8, 4
-0, -0
8, -0
4, 0
2.75, 4
1, 8
0, 4
5.25, 4
9, 4.75
1.375, 0.25
0, 4
-0, 0
10.75, 9
8.25, 3.875
0, 8
0, 4
0, 8
10.5, -0
2.5, 7
4, 4
4, 4
8, 4
6, 4
5, 8
-0, 4
3.5, 4
4, 4
8, 8
8, 6.375
0, 0
8, 4
-0, 8.25
4, 0
3.5, 3
8, -0
4, 4
4, 0
4, 7.125
1.875, 3
4, 4
-0, 8
0, 0
8, 4
0, 0
7.75, 0
0, 4
4, 4
0, 8
4.25, 3.9375
8, 0
5, 1
5, 1.5
-0, 4
9.25, 4
5, 7
6, 0
-0, 8
4, 4
9.75, 4
0, 8
4, 0
4, -0
8, 6.625
-0, 7
4, 11
4, 10
4, 5
10.25, 6
-0, 8
5.5, 10
0, -0
6.75, 7
5, 4
0, 4
0.25, 3.5
0, 4
11, -0
2, 3
0, 4
4, 0.5
-0, 8
4, 1
2, 4
5.5, 7
0, -0
4, -0
11, 2
-0, 11
7, 7

4, 5
9.25, 4
0, 2
4, 0
4, 4
8, 0
8, 0
0, 8
8, 4
5, 1
6, 7.5
0, 7
10, 8.375
4, 9
0, 4
6.875, 3
-0, 8
4, -0
4, -0
4, 0
-0, 8
0, 4
1.5, 7
0.625, 2
4.75, 0
4, 0
8, 0
8, 4
4, 8
-0, 8
-0, 8
-0, 4
-0, 6.5
4, 4
0.5, 11.875
8, 1.0625
4, 0
6, 6
6.5, 6
8, 0
4, -0
4, -0
4, 4
-0, 9
3, 8
6.5, -0
4, 4
11, 6
6.5, 0
-0, 10.75
0.125, 4
0, 8
1, 8
4, 4
4, 0
4, 0
-0, 4
8, -0
8, 0
11.75, 10
0, 8
4, 4
6.75, 8
6, 1.25
1.25, 2
4, 0
4, 4
1.75, 5.5
1.5, 3
4, 4
4, 8
8, 0
0.75, 8
2.25, 5
-0, 8
8, 4
8, -0
10, 6
7.25, 0
4, 8
10, 0
4, 8
4, -0
8, 2.25
0, 8
4, 4
-0, 1.75
0, 4
8.5, 2
4, 4
-0, 8
-0, 4
11.5, 4.875
11.5, 2
4, 4
8, 4
8, 8
4, 0
4, 8
6.75, 8
4, 4
8, -0
0, 4
9.75, 8.875
4, 0
1, 5
11.25, 9.25
4, 4
9, 4
8, 5
9, 7
4, 0
4, 8
4.25, 4
4, 4
8, 8
4, 4
7.75, 3.5
-0, 7
0, 1
2, 3.5
-0, 0
1.5, 2
4, 4
10.625, 2
0, 8
10, 6
9, 8
8, -0
4.5, 9
4, 4
7, -0
10, 5
0, 8
1, 9
4, -0
4, 4.875
9.5, -0
5, 4
8, -0
8, -0
9, 1
8, 6
9, 6

-0, 8
4.25, 10
5, 10
0, 8
4, -0
-0, 8
8, 0
0, -0
4, 8
8, 0
10.5, 0.5
0, 5.875
1, 3.5
0, 5
4, 8
1.625, 9.5
8, 0
8, -0
4, 8
4, 8
4, 4
4, 0
0, 1
11.875, 7.125
2.5, 10
4, 8
8, 4
8, 4
8, 8
-0, -0
-0, 0
8, 8
2, 2
4, 4
8.5, 10.125
6, 0.25
8, 4
2, 10
3.125, 2
8, 0
0, -0
8, 8
4, 0
1, 11
5.5, 2
8, -0
8, 4
3, 6
10.25, 4
10.5, 11.5
7, 8
4, 8
9, 7
8, -0
-0, 4
0, 8
4, 8
0, 8
4, 4
1.125, 7
0, 8
4, 8
8.125, 2
1.5, 2
2.625, 11.75
4, 4
8, 4
8.5, 5.5
8, 9
0, 4
4, 8
8, 0
0.25, -0
6, -0
4, 0
8, -0
4, 4
8, 10
3.5, 8
4, 8
10, 8
-0, 4
0, -0
0, 11.25
8, 8
4, 0
8, 4.5
8, 0
10.5, 7
4, 4
-0, 4
4, 8
7.5, 8.25
0, 3
4, 8
-0, 0
4, 4
0, 8
8, 8
2.5, 8
0, 4
8, 4
0, -0
9.25, 0.125
8, 0
-0, 11
11.5, 4.625
4, 4
2.75, 4
9, 7
6, 4
4, 8
0, 4
11, 4
4, 8
4, 0
4, -0
9.5, 4.75
4, 10
4, 4
8, 2
8, 1
2.5, 8
-0, 4
5.875, 4
8, 4
1.5, 0
2, 0
4, -0
1.5, 1.5
4, 8
2, 4
10, 9
0, -0
8, 6
8, 4
4, 10
7, -0
5, 2
8, 8
8, 2
4, 8
4, 7
3, 6

4.5, 10
11.125, 2
8, 6
0, 8
-0, 4
4, 0
-0, 8
8, 4
4, -0
-0, 1
0, 11
8, 0.5
7, 3.125
0, 9
4, 0
9.25, 2
-0, 7
-0, 8
8, -0
0, 8
4, 8
2, 0
3.5, 1
8.5, 0.75
9.75, 0
4, 8
4, 8
8, 8
8, -0
-0, 8
4, 0
6, 0
-0, 7
8, -0
4.75, 9
8.25, 0.5
8, 0
2, 4
3.375, 4
-0, 0
8, 4
8, -0
-0, 0
11, 8
2.5, 8
11, 4
8, 0
-0, 7
10.5, 6.25
7.5, 5
11.625, -0
4, 8
2, 8
4, -0
-0, 4
0, 8
-0, 8
4, -0
0, 0
4.75, 2
0, 4
4, 4
4.5, 8
6.5, 11.5
6.375, 9.75
0, 8
-0, 4
4.5, 9.5
1.75, 4
4, 4
4, 0
0, 8
5.25, 4
0.75, 5
-0, 8
4, 4
8, -0
2, 2
1, 8
4, -0
6, 4
4, -0
8, -0
8, 3.75
0, 8
4, 0
-0, 7.25
4, 0
1, 1
8, 4
4, 8
4, 0
11, 1.625
4.125, 6
4, 0
8, 0
4, 4
0, 8
8, 0
3.5, 4
0, 4
4, 4
8, -0
0.75, 8.625
8, 4
5, 8
7, 9.375
-0, -0
3.5, -0
5, 2
5, 0
8, 0
4, 0
0.25, 8
0, 0
-0, 4
0, 4
5.75, 9.375
8, 4
4, -0
4, 9.5
-0, 1
0.25, 4
4, 4
8.25, -0
0, -0
11.25, 6.5
6, 0
0, 8
2.25, 7.75
0, 0
0, -0
8, 8.5
4, 4
8, 5.5
-0, 8
-0, 6.375
0.5, -0
3, 10
8, 4
8, 10
-0, 8
-0, 5
1, 2

5.75, 9
6, 11
6, 11
8, 8
-0, 8
4, 4
4, 4
4, 4
4, 8
8, 6
7.5, 6.5
0, 8.75
5, 11.75
8, 6
8, 0
10.25, 7.5
-0, 4
4, 4
0, -0
0, 0
8, 0
4, 8
8.5, 8
2.625, 1.375
4.75, 10
0, 0
8, 4
4, 4
4, -0
8, 8
4, 0
10, 0
8, 7.5
8, 8
2.75, 6.625
6, 10.0625
0, 4
2, 0
11.375, 6
8, 4
4, -0
4, -0
4, 4
10, 5
0.5, 2
10, 4
8, 8
11, 1
1.25, 3.5
0.5, 2.75
7.5, 8
0, -0
11, 0
8, 4
-0, 8
8, 8
8, -0
4, 4
0, 0
9, 3
4, 0
0, 8
11.75, 8
4.5, 6
4.125, 8.875
4, 0
-0, 8
8.75, 7.5
2, 9
0, 4
4, 0
8, 8
3, 8
10.25, 2
-0, 8
0, -0
-0, -0
6, 2
2.5, 8
4, -0
11, 0
8, 8
8, 8
8, 1.625
0, 8
-0, 8
8, 8.5
8, 4
7.5, 9
4, -0
-0, 0
8, 0
2.5, 7.875
9.75, 4
8, 8
8, 8
4, 8
8, 8
4, 0
7.25, 4
8, 8
8, 4
8, 8
5.5, 8.5625
0, 0
8, 11
1, 9.75
8, 4
5, -0
8, 2
8, 2
-0, 0
8, 8
5.25, 4
4, 4
4, 0
0, 8
6, 4.875
10, 5
8, 8
10, 11
4, 9
8.75, 5
-0, 4
1, -0
0, 8
3, 7.5
2, 0
0, 4
6, 8.75
4, 0
5, -0
8, 9
8, 8
9, 3
-0, 4
4, 2.75
1.5, 8
2, 8
8, -0
4, 1
9, 6
8, 4
4, 2

3.75, -0
8.75, 11
10, 10
0, 4
4, -0
4, 8
-0, 8
0, 4
-0, -0
-0, 11
4.5, 6.5
4, 0.5
0, 3.125
8, 6
0, 4
7.5, 10
-0, 2
-0, 4
4, 8
0, 4
8, 4
5, 8
5, -0
3.625, 7.5
2.75, 2
0, 4
-0, 8
4, 8
4, 4
4, 8
-0, 4
1, 0
-0, 0.5
8, 4
2, 4.25
1.5, 8.0625
8, 8
8, 3
10.25, -0
-0, 4
0, 4
4, 4
4, 0
6, 10
2, 6
4.75, 4
8, 4
8.5, 4
6.25, 6
8, 10.5
10.125, 4
4, -0
-0, 10
-0, 4
8, 4
0, 4
-0, 4
4, 8
0, 8
5.75, 5
10, 4
4, 4
1.125, 0
7, 7
9.25, 1.25
0, 4
4, 8
7.5, 8
0.25, 9.25
8, 4
4, 4
8, 8
4.75, -0
7.5, -0
-0, 0
4, 8
-0, 4
4, 0
6, 8
4, 4
5, 8
4, 4
0, 8
8, 7.125
0, 4
4, 4
8, 9.25
4, 8
9.5, 10
4, -0
4, 4
-0, 4
-0, 6.25
6.75, -0
-0, 4
-0, 8
0, 0
0, 4
4, 4
0.75, 4
0, 4
0, 4
4, 4
2, 7.8125
0, 4
-0, 5
10.5, 6.625
4, 4
6.25, -0
7, 2.5
0, 5
-0, 8
4, 4
3.25, 0
4, 4
-0, 4
4, -0
1, 4.25
-0, 8
0, 3
10, 11
-0, 6
0.125, 11
8, 4
4.75, 4
4, 4
5.5, 9.5
3, 0
0, -0
11.5, 8.25
4, 4
2, 8
0, 4
0, 4
7, 4.5
8, 8
4, 11.125
3.5, 4
0.5, 11
4, 4
4, 10
7, 3
4, 6
6, 8

10.25, 2
2.625, 7
10, 9
0, 8
8, 8
8, 4
8, 0
8, -0
-0, -0
7, 7
2, 4.5
8, 4.375
1, 6.25
8, 4
0, 8
6.25, 1
8, 10
4, 4
4, 8
8, 0
4, 0
10, 8
0.5, 7
9.5, 7.875
9.75, 6
8, 0
-0, 8
8, 0
-0, 4
-0, 8
8, 4
11, 0
4, 8
-0, -0
7, 3.75
10.75, 2.875
4, 4
2, 7
10.625, -0
4, 8
8, 4
4, 4
4, 4
1, 6
0.5, 9
4.5, 8
-0, 0
8.5, 2
6.5, 11.25
11.5, 11.5
11.125, -0
8, -0
7, 10
4, -0
4, 4
0, 8
-0, -0
8, 4
4, 4
10.25, 8
8, 8
8, 4
3.25, 8
9, 0
1.5, 1.875
8, 0
8, 4
3.5, 9
11.625, 2.75
8, 4
0, 0
0, 8
8, 8
5, 5
8, 4
0, 8
4, 4
6, 2
9, 4
-0, -0
3, 8
8, 4
4, -0
8, 7.125
0, 0
4, 4
8, 6.75
0, 8
4.5, 4
4, 8
-0, 4
-0, 8
8, 11.25
2.125, 2
8, 8
4, 0
0, 0
0, 8
0, 4
0.5, 8
0, 8
8, 4
0, -0
8.75, 5.4375
0, 8
8, 11
10, 4.875
8, 4
3.25, 4
10, 6
0, 8
4, 8
8, 4
10.25, 8
8, 0
8, 0
8, 8
0.5, 9
-0, 8
4, 8
2, 9.5
8, 3
8.375, 11
8, 4
8.25, 4
8, 8
7, 2
4, 8
4, 4
6.5, 3.25
4, 0
7, -0
6, 6
8, 4
1, 5
4, 4
8, 2.5
11.5, 4
10, 5
4, 4
4, 6
-0, 4
-0, 5
1, 3

4.75, 2
0.625, 9
0, 4
4, 0
8, -0
4, 4
-0, 4
4, 4
-0, 8
4, 5
0.5, 7
8, 1.125
5, 10.625
0, 9
8, 8
5.25, 4
4, 11
8, 4
8, -0
8, 4
8, 8
7, 4
1.5, 6
1.25, 7.25
7, 2
4, 0
8, 4
0, 8
-0, -0
-0, 8
8, 0
2, 4
10, 9.5
8, 4
3, 7
3.75, 3.75
0, 8
6, 9
8.25, 10
4, 0
8, -0
8, -0
-0, 8
3, 10
2, 11
10, 8
8, 4
2.5, 9
8.25, 1.5
10, 0.75
8.625, 8
8, -0
5, 6
4, 4
-0, 8
4, 0
-0, 8
4, 4
0, 0
9, 8
4, 8
0, 8
9.5, 0
3, 2.75
3.625, 3
8, 4
4, 8
8.5, 6
11.125, 11.25
8, 8
4, 4
0, 8
2, -0
1.75, 10
-0, 8
8, -0
4, 4
4, 2
5, 0
4, 4
7, 8
8, 8
0, 8
0, 6.75
0, 4
8, 0
4, 8.75
0, 4
0.5, 2
0, 8
4, 0
8, 8
10, 6.375
0, 1
4, 4
-0, 8
0, 4
4, 0
0, 0
4.25, 8
4, 8
4, 4
4, -0
6.75, 5.6875
4, 0
11, 9
3, 7.125
4, 8
10.5, 4
8, 2.5
5, 9
8, 0
8, 8
2, 4
0, 4
4, 4
8, -0
5.75, 0.875
2, 8
8, 6
0, 1.5
4, 7
11.125, 7
8, 8
2.25, -0
0, 8
8.5, 1.5
1, 0
8, -0
10.5, 10.5
0, 8
8, -0
4, 8
8, -0
0, 8
-0, 8
4, 0.25
7, -0
1.5, 6
8, 4
4, -0
2, 2
-0, 11
5, 7

11.75, 3
4.5, 5
0, 7
0, 8
-0, 4
8, 0
-0, 8
8, -0
-0, 4
5, 1
2.5, 7.5
4, 2.5
10, 10
4, 2
4, 0
7.875, 10.5
-0, 4
-0, -0
4, 4
0, 0
4, 0
4, 8
11.5, -0
6.875, 2.25
8.5, 2
0, 0
4, 4
4, 4
-0, -0
4, 4
-0, 4
6, 8
8, 3
4, -0
6.75, 4.75
1.25, 2.125
4, 4
10, 6
9.875, -0
-0, 0
0, 4
4, -0
-0, 4
6, 6
3, 6
5.5, 8
8, 0
8.5, 3
7.25, 10
6, 8.75
11.125, -0
4, 4
9, 3
4, -0
-0, 8
0, 8
-0, -0
8, -0
4, 4
6.125, 10
2, 8
0, -0
1.375, 2
0, 9.25
4, 9.75
8, 0
-0, 4
4.75, 2.5
9.75, 10.625
0, 4
4, 0
0, 0
2.5, 8
4.25, 1
4, 8
8, -0
4, 4
-0, 10
2.25, 4
4, -0
10, 0
-0, 8
8, -0
8, 11
0, 0
-0, 4
8, 4.75
4, 4
8.5, 10
0, 4
-0, 8
4, 0
6, 6.125
9.625, 7
4, 4
4, 4
0, 8
0, 8
0, 0
6, 0
0, 8
0, -0
8, 4
4.25, 0.625
0, 8
1, 2
9.75, 6.375
-0, 4
11.75, 4
10, 3
0, 5
4, 4
0, 8
11, 4
0, 0
8, 0
0, 4
7.75, 5.875
8, 9
4, 7
4, 1
-0, 11
7.125, 6
-0, 4
9.5, 6
0, 4
1.25, 7
10, 0
4, -0
8.5, 10.75
0, 4
10, 8
10, 4
4, 4
8, 0
-0, -0
4, 1.625
9, -0
10, 8
8, 4
8, 1
1, 10
8, 7
9, 10

3, 8
11.375, 11
11, 7
8, 8
4, -0
8, 8
8, 8
0, -0
8, 8
10, 3
0.5, 1
8, 3.875
2, 9.875
4, 5
8, 8
11.375, 5
8, 10
8, 8
8, 8
8, 8
-0, 8
5, 0
9, 7
7.5, 6.25
10.5, 8
4, 0
8, 4
4, 0
8, 8
4, 8
8, 8
5, 0
4, 10
-0, 8
1.25, 9.875
3.25, 2.25
8, 4
6, 8
3.625, 10
4, 0
0, -0
-0, -0
-0, 8
9, 10
9.5, 6
7.75, 8
4, 4
11, 3
5, 0.5
5, 0.75
5.75, -0
8, 4
1, 3
8, 8
4, 0
8, 8
-0, 4
8, 8
8, 8
7.625, 6
10, 8
4, 8
6.625, 8
3, 9.5
6.625, 4.625
4, 8
8, 8
9.25, 10.5
2.875, 0.125
4, -0
4, 0
8, 4
0, 4
8.5, -0
8, 8
4, 4
8, 8
6, 6
8.25, 8
4, -0
11, 4
8, 8
4, 8
8, 11.25
0, 0
8, 0
8, 10.5
0, 0
0.5, 10
8, 8
-0, 4
8, 8
-0, 11.625
0.125, 10
8, 8
4, 4
4, 0
8, 8
8, 8
1.5, 4
4, -0
0, 4
0, 8
6.75, 0.125
8, 8
5, 0
4.75, 1.875
8, 4
6, 4
3, 11.5
3, 2
8, 8
8, 8
8.5, 0
0, 8
8, 8
4, -0
5, 1.25
6, 7
4, 10
8, 7.5
-0, 9
8, 3
4, 0
10.25, 4
8, 4
3.25, 2.5
-0, 4
8, -0
6.75, 11
4, 8
9, -0
8, 11
0, 4
1, 1.5
8, 4
8, 2.875
1.5, 8
5, 4
4, -0
4, 6
1, 11
-0, 1
1, 10

6, 11
4.625, 6
4, 11
4, 4
4, 4
8, 0
8, 0
8, 8
8, 4
-0, 5
0.5, 3.5
0, 11.125
7, 11.625
8, -0
0, 8
2.125, 9
8, 9
4, 4
0, 8
0, 8
8, 0
11, 8
8, 4
0.625, 4.75
6.5, 8
0, 8
-0, 0
0, 4
-0, -0
-0, -0
8, 8
10, 4
6, 1
-0, 4
4.5, 9.5
3, 5.4375
0, 4
6, 6
5, -0
-0, 8
8, 8
4, 4
4, 8
8, 8
1, 11
0.25, 8
4, 8
4, 0
9.75, 9
9.5, 6.5
0.125, 8
4, 4
3, 9
-0, 8
8, 0
4, 4
4, -0
8, -0
4, 0
3.25, 3
3, 0
4, -0
7, 6
3, 0.5
11.625, 9.125
8, 8
4, 8
3, 1
6.375, 1.75
0, -0
4, 4
4, 4
5.5, 4
3, 3
-0, 0
0, -0
4, -0
6, 6
0.5, 0
4, 4
11, 8
4, 4
0, 8
4, 6.75
4, 8
4, 8
8, 1.75
0, 0
4, 7
4, -0
8, 4
-0, 8
2.5, 10.5
3, 10
4, 4
-0, 8
4, 4
4, 4
0, 0
7.5, 4
8, -0
0, 8
8, 4
6.25, 10.1875
4, 4
-0, 4
2.5, 7
-0, 8
9.75, 4
8, 7.5
10, 4
-0, 8
4, 4
0.5, 4
0, 4
-0, 0
4, 4
11.75, 6.25
4, 8
4, 4
4, 10.5
8, 9
11.5, 7
-0, 0
2.5, 10
4, -0
4.25, 5.5
6, 4
0, -0
7, 10.5
4, 8
5, -0
0, 5
0, 4
3, 7.5
4, -0
8, 5.5
7, 4
4, 11
0, 4
4, -0
10, 5
8, 1
3, 9

3.75, 3
4, 9
3, 4
8, 8
-0, -0
-0, 0
8, 0
8, 8
8, 8
3, 2
3, 10
4, 5.375
9, 2.875
8, 11
8, 0
6.25, 0.5
8, 0
4, -0
4, 8
0, 0
8, 0
2, 8
9.5, 4
2.125, 5
10, 2
0, 0
8, 8
4, 8
4, 4
8, 8
4, 4
10, 8
10, 0
-0, -0
2.75, 2
4.5, 9.1875
4, 8
4, 11
2.875, 4
4, 0
0, 4
-0, -0
4, 0
11, 8
7.5, 9
8.25, 4
4, 4
6, 11
4.5, 11.25
9.5, 9
1.25, -0
0, -0
1, 10
4, -0
8, 8
8, 8
8, 8
0, -0
4, 8
4, 2
5, 4
8, -0
5.875, 2
9, 0
10.5, 5.125
0, 0
4, 4
7.25, 7
1.375, 6.5
4, -0
8, 8
4, 0
4.75, 4
1.5, 10
4, 0
4, 8
8, 8
10, 10
1.5, 4
8, 8
2, 0
8, -0
4, -0
4, 8.5
8, 8
4, 4
8, 5.75
0, 0
1.5, 2
0, 4
-0, 8
8, 0
5.5, 0.125
1.875, 9
8, 0
4, 0
4, 8
8, 8
4, 4
5.5, 4
4, -0
8, 8
8, 8
8, 0.625
8, 8
6, 8
5.25, 8.125
8, -0
3.75, -0
6, 4
7, 8
4, 8
8, 0
10, 8
4, 8
4, 8
0, -0
10.75, 4.125
2, 7
8, -0
4, -0
4, 0
2.625, 2
4, 0
10, 8
0, 4
2.5, 6
9, 8
0, -0
10.75, 4
0, 0
0, 4
6, 9
4, -0
7, 8.5
4, 8
-0, 6.875
9.5, 8
7.5, 9
8, 8
8, 1
4, 4
4, 9
5, 9

6.5, 11
2.375, 4
8, 7
4, 8
4, -0
4, 0
8, 4
0, -0
8, 8
9, 1
8, 2
4, 5.125
3, 11.125
4, 6
0, 8
8.875, 7.5
4, 0
4, 8
4, 8
4, 8
8, 0
4, 8
0.5, 10
1.875, 6.125
5.25, 8
0, 4
8, 4
4, 4
-0, 4
4, 8
4, 0
11, 8
-0, 1
4, 8
2.25, 7.25
8, 6.75
8, 0
8, 3
8.625, 10
4, 0
4, -0
4, 8
8, 0
5, 7
8, 7
4, 4
-0, 8
4, 1
4.5, 10.75
6.5, 9.25
1.125, 8
4, 8
5, 8
-0, 8
4, 4
4, 8
4, 8
4, -0
4, 0
11.5, 4
1, 0
0, 8
5, 8
1, 1.75
5, 2.75
0, 8
4, 8
2.75, 4.5
2.75, 6.75
4, 8
0, 8
4, 8
8.25, -0
5, 4
4, 8
0, 8
4, 8
2, 10
1, 8
-0, 8
11.5, 8
4, 8
4, 8
4, 10.375
4, 8
4, 0
4, 4.25
8, 0
8, 10
0, -0
4, 0
-0, 8
7.5, 0.875
0.5, 8
4, 8
4, 8
4, 0
4, 8
0, 4
6, 0
0, 4
0, 8
0, 8
6, 10.4375
4, 8
-0, 8
8, 11.75
-0, -0
11.5, 4
2, 5
4, 5
4, 8
4, 8
7.25, 0
4, 8
8, 4
4, -0
11.25, 0.75
2, 11
0, 9
0, 5.5
8, 0
1.875, 1
4, 8
3.75, -0
0, 8
1.25, 6
9, 0
4, 4
3.75, 0.75
4, 8
5, 4
0, 11
0, 8
7, 2
8, -0
-0, 7.5
7, -0
11, 9
4, -0
0, 10
-0, 1
-0, 0
7, 7

2, 5
6.875, 1
9, 1
4, 0
8, 8
8, 0
4, 0
8, -0
-0, -0
8, 1
9.5, 3
4, 0.375
8, 11.75
0, 10
4, 0
5.125, 2.5
4, 6
-0, -0
0, -0
4, 0
8, 0
10, 8
8, 1
6.75, 3.125
5, 0
0, 0
8, 0
4, 0
8, 4
8, -0
8, 0
9, 0
10, 0
8, -0
2.25, 6.875
2.5, 10.4375
8, 0
4, 2
7.125, -0
-0, 8
8, 8
4, -0
4, 8
1, 4
1, 2
11.25, -0
8, 0
-0, 8
5.5, 10.5
6.5, 3.75
5, 4
4, -0
1, 11
8, 8
8, 0
4, 0
-0, 8
8, -0
8, 0
6.875, 0
3, 0
8, -0
1.125, 8
0.5, 2.25
6.625, 4.875
8, 0
4, 0
8.75, 1
6.25, 7.25
8, -0
0, 0
0, 0
5.5, -0
11.25, 4
-0, 8
0, 4
8, -0
8, 10
9.5, 0
-0, -0
7, 8
-0, 4
4, -0
0, 11.375
0, 0
4, 0
4, 4.25
4, 0
2.5, -0
8, -0
-0, 0
4, 0
4.5, -0
6.125, 2
-0, 0
8, 0
4, 0
4, 0
8, 4
5, 8
8, -0
0, -0
0, -0
8.5, 5.3125
4, 0
6, 11
0.5, 5.125
8, -0
9, -0
10, 1
11, 1
-0, 0
0, 4
1, 8
0, 0
8, 8
8, 8
11.75, 1.5
10, 9
0, 4
4, 9
8, 1
5.5, 5
8, 0
5.625, 2
8, 8
6, 7.5
5, 4
0, 4
5.75, 1.5
8, 4
3, 4
10, 2
8, 8
3, 9.5
8, -0
8, 7
4, 8
9.5, 1
8, 8
4, 7
10, 11
8, 7
4, 4

9.5, 4
11.875, 5
7, 2
4, 4
-0, 4
-0, 0
8, 4
4, -0
8, 4
1, 7
2, 3
0, 5.375
7, 7.25
4, -0
8, 8
3.75, 4
8, 7
4, 8
4, -0
4, 4
4, 8
10, 8
0, -0
0.5, 11
8.5, 8
4, 0
-0, 4
4, 4
8, 4
4, -0
8, 8
5, 4
10, 3
4, 4
7, 11.875
5.75, 9.1875
8, 4
2, 11
6, 2
8, 4
8, 8
8, 8
4, 8
2, 6
3.5, 5
2.25, 4
4, 4
4, 10
9.5, 2.75
1, 4
10.625, 4
0, -0
-0, 11
8, 8
4, 4
4, 4
4, 8
0, -0
8, 0
4.5, 4
4, 4
8, 4
3, 2
1, 11
6.5, 8.25
0, 0
4, 0
3.5, 9
10.375, 7.5
0, 8
4, 0
4, 8
6, 8
8, 1
4, 0
8, 4
-0, 8
8, 4
4.75, 0
4, -0
8, 8
-0, 4
4, 4
8, 11.25
0, 4
-0, 4
8, 11
0, 0
-0, 8
8, 8
-0, 8
8, 8
4, 7.625
11.125, 10
4, 8
4, 4
4, 4
4, 4
8, 4
0.75, 8
8, 8
8, -0
8, 8
1, 7.375
4, 4
11, 5
6.5, 4.125
-0, 8
10.75, 8
5, 4
8, 1
4, 0
0, 4
3.25, 4
0, 0
8, 4
0, 4
4.5, 3.625
2, 7
8, 3
10, 9
8, 7
11.125, 10
-0, 8
6, 10
8, 4
5, 3
8, 4
0, -0
1.25, 3.75
8, 0
7, -0
0, 6
8, 4
11, 8
8, 4
4, 5.125
2, -0
6.5, 11
0, -0
0, -0
11, 9
8, 6
7, 1

4.25, 1
5.625, 5
9, 5
8, 4
8, 8
8, 8
-0, 8
8, 4
4, 4
7, 8
8.5, 9.5
4, 7.25
2, 1.625
4, 11
4, 4
7.25, 9
4, 3
8, -0
8, -0
8, 4
8, 0
4, 8
1, 5
9.625, 6.625
1.5, 2
8, 4
8, 0
0, 4
-0, 8
8, -0
8, 4
1, 0
-0, 5
-0, -0
6.75, 3.875
2.5, 0.8125
8, 4
10, 6
5.75, 6
-0, 8
8, 4
4, 4
8, 0
8, 4
6.5, 11
3, -0
-0, 4
7, 10
4, 5.5
2, 11.75
9.375, 8
0, 8
5, 10
-0, 8
-0, 4
8, 4
4, -0
8, 8
8, 4
7, 6
6, 8
8, 8
8.75, 6
11, 9
3.375, -0
0, 4
4, 8
9, 5.5
1.25, 8.875
8, 4
0, 8
8, 0
4.5, 4
10, 5
-0, 8
0, 4
8, 8
4, 4
3.75, 4
-0, 8
0.5, 0
-0, 8
4, -0
4, 0.625
8, 4
4, 4
-0, 11
0, 4
11.5, 1
0, 8
-0, 8
4, 4
9, 3.375
11.75, 2
8, 4
4, 4
4, 0
8, 4
0, 8
7, 0
8, 4
4, 8
4, -0
4.5, 3.75
8, 4
2, 10
1.5, 3.875
-0, -0
2.75, -0
7, 4.5
7, 10
8, 0
0, 8
9.5, 0
8, 4
-0, 4
8, 8
8, 2.875
10, 4
4, 5
8, 6
4, 3
2.875, 8
8, 4
10.5, -0
0, 4
0, 2
3, 8
0, 4
8, 6
0, 4
7, 8
4, 6
8, 4
3, 7
8, 4
4, -0
-0, 4
5, 1
8, 4
0, 7
4, 10
-0, 0
10, 4

2.5, 1
8.75, 7
2, 4
0, 4
-0, -0
4, 0
8, 4
8, 4
4, 8
11, 2
11, 10
4, 9.375
5, 4.5
4, 7
8, 4
4.625, 5
-0, 9
8, 8
8, 8
0, 4
8, 4
11, 8
4, 7
0.375, 1.5
7.5, 6
0, 4
8, 8
4, 0
-0, 4
8, 8
4, 4
3, 8
-0, 2
4, -0
0.5, 11.25
4.25, 4.0625
8, 0
4, 11
5.75, 2
4, 4
4, 4
4, 8
4, 0
6, 1
8.5, 9
9.25, 8
4, 0
1.5, 7
0.75, 3.5
1.5, 1.75
3.5, -0
4, -0
3, 0
8, 4
-0, 0
0, 4
4, -0
4, -0
0, 4
5.625, 10
2, 4
8, 4
9.875, 4
7, 8
0.25, 1.625
4, 0
4, 4
0.25, 4
1.625, 9.875
4, 8
4, 8
8, 8
1.5, -0
7.75, 1
8, 0
4, -0
-0, 4
2, 6
9.5, 8
4, 8
4.5, 0
4, 8
0, -0
4, 5.625
0, 4
4, 0
8, 6
0, 0
8, 10
4, -0
8, 0
8, 4
1.5, 11.5
3.625, 9
8, 0
8, 4
4, 4
0, 4
0, 4
11.5, 4
0, -0
4, -0
8, -0
0.25, 11.375
0, 4
1, 11
6.5, 6.125
8, 4
6, -0
-0, 7
5, 5
8, 8
4, 8
8.75, 4
8, 8
8, 0
0, -0
0, 11
6, -0
4, 2
6, 11
-0, 7
9.625, 0
4, 8
8.625, 4
8, 4
6.75, 2.5
10, 8
0, 4
3.75, 1.5
8, 8
2, 4
8, 10
4, 4
7, 10
8, -0
4, 5.125
6, 8
8.5, 9
4, -0
4, 2
5, 4
8, 11
9, 6

1, 11
10.625, 2
5, 11
8, 0
8, -0
-0, 0
8, 0
8, -0
8, 8
9, 3
11, 4
4, 4.125
1, 11.875
8, 3
0, 8
0.5, 5
-0, 11
8, -0
4, 8
8, 0
8, 0
0, 8
5, -0
6.375, 3.375
5.5, 8
8, 0
4, 4
0, 4
8, 4
8, 4
-0, 8
1, 8
10, 6
8, -0
0.25, 11.25
10.5, 8.0625
0, 8
2, 6
4, 10
8, 0
8, 4
8, 8
4, 8
11, 6
2, 10
2.75, -0
8, 0
11, 10
5.5, 5
3, 5.75
10.75, -0
4, 4
9, 10
8, 8
-0, 4
8, 0
8, 4
0, -0
0, 4
4.5, 8
4, 0
8, -0
0.25, 8
8.5, 2.75
11.375, 6.125
8, 0
-0, 0
2.5, 5
2.375, 1.625
8, -0
0, 0
8, 0
0, 4
7.5, 10
-0, 8
4, 4
8, 8
-0, 0
4.75, 0
-0, -0
1.5, 4
-0, 8
4, 8
4, 8.125
8, 0
-0, 4
8, 2
0, 8
4.5, 4
4, -0
-0, 0
-0, 8
1.5, 2.75
10.875, 9
8, 0
-0, 4
0, 8
8, 0
8, 4
5, 8
0, 8
0, 8
0, -0
5.25, 11.25
8, 0
11, 4
6.5, 8.25
8, 8
6.75, -0
9, 10.5
10, 2
4, 8
0, 8
3, 0
0, 0
-0, 4
8, -0
5, 11.75
6, -0
4, 9
10, 8
-0, 10
7, 10
8, 0
3.75, 8
8, -0
6, 6
7, 0
8, -0
10.25, 5.25
8, 0
8, 4
8, 11
0, 4
3, 4
-0, 8
4, 6.875
10.5, -0
9, 3
0, 8
4, 4
-0, 7
8, 8
5, 7

9.25, 11
0.625, 3
4, 3
8, 4
8, 4
-0, 4
8, 8
4, 8
4, 4
6, 9
0, 2
8, 5.875
8, 1.875
0, -0
8, 0
6.125, 3.5
8, 2
-0, 4
4, 8
8, 4
8, 4
4, 4
3, 7
9.625, 7.125
3.5, 8
0, 4
8, 8
4, 0
8, 4
8, 4
8, 4
8, 0
-0, 8
8, -0
9.5, 2.375
3.25, 0.875
0, 4
8, 8
11.625, 6
8, 0
8, 4
4, -0
8, 0
1, 2
0.5, 7
1.5, -0
8, 0
11.5, 11
2.75, 2.75
1.5, 7.75
11.875, 8
0, 4
10, 7
8, -0
4, 0
8, 4
8, -0
0, 4
4, 0
0.375, 8
8, 4
4, 8
8.375, 0
5.5, 4
2.625, 6.625
8, 0
8, 0
1.75, 6
0.625, 10.875
4, -0
0, 8
0, 4
0.5, -0
0.25, 8
4, 0
0, -0
4, 8
4, 8
11.5, 8
-0, 8
2, 4
4, -0
8, 4
0, 3.75
4, 0
8, 4
8, 2.25
8, 0
11.5, 3
4, -0
-0, 8
8, 0
9, 9.5
8.5, 2
-0, 8
8, 4
4, 0
8, 4
8, 4
4.25, 0
8, -0
0, 8
0, 4
6.25, 9.375
8, 4
11, 11
3, 11.75
4, 8
11.5, 8
-0, 5
10, 8
4, 8
4, 0
3.5, 0
8, 4
8, 4
8, 4
4.25, 10.5
2, 11
8, 10
2, 6.5
4, 1
7.875, 5
4, 0
6.5, 8
8, 4
5.5, 11
1, 4
8, 4
4.25, 7
8, 4
3, -0
0, 11
0, 4
8, 4
-0, 4
8, 1.375
11, 4
5, 7
4, 4
8, 9
11, 11
4, 6
-0, 9

8.25, 11
11.125, 6
1, 2
8, 4
4, 8
8, 8
-0, 8
8, 4
-0, 4
7, 3
6, 5.5
0, 6.125
11, 9.25
0, 9
0, 4
8.375, 6.25
4, 0
8, 4
8, -0
8, 4
8, 0
7, 8
5.5, 8
8.875, 10.375
11.5, 8
8, 4
-0, 8
8, 4
4, 8
8, 4
-0, 0
-0, 0
10, 7
8, -0
10.25, 1
1.5, 2.3125
4, 4
4, 10
7.875, 2
4, 8
0, -0
-0, -0
-0, 0
2, 1
7, 0
3.25, -0
8, 0
5.5, 2
11, 10.5
7, 5.75
8.875, -0
4, 4
5, 3
4, -0
8, 4
8, 4
4, 4
8, 8
0, 4
7.25, 5
6, 4
4, 4
8.875, 8
5.5, 11
9.75, 5.375
8, 0
8, 8
8, 5.5
10.75, 8.25
0, 8
4, 0
0, 8
7.5, 8
4.25, 11
4, 0
4, 4
-0, 4
10, 4
7.75, 0
4, -0
0, 4
8, 8
8, -0
4, 8
4, 8
4, 8
4, 2.25
4, 8
2.5, 6
0, 8
4, 8
-0, 4
1.5, 10.5
9.625, 10
8, 0
8, 4
0, 4
8, 4
4, 8
2.75, 8
8, 4
0, 4
8, 8
7.5, 9.375
8, 4
3, 7
4.75, 10.5
8, 8
10.5, -0
11, 4.5
6, 9
8, 0
8, 8
-0, 0
4, 0
-0, 0
4, 8
6, 0.5
4, 5
0, 10
2, 5.5
4, 11
7.375, 5
-0, 8
3, 6
8, 8
11.25, 7
10, 4
8, 8
6.75, 8
8, 8
11, 8
0, 7
4, 4
11, 0
4, 4
4, 3.5
8.5, -0
-0, 9
0, 4
4, 9
7, 4
-0, 10
1, 8

2.25, 6
11.625, 10
4, 7
0, 0
-0, -0
-0, 4
4, 4
4, 8
4, -0
3, 6
3.5, 11.5
8, 5.625
1, 10.75
4, 1
8, 8
0.25, 8.5
4, 10
-0, -0
8, 8
0, 0
-0, 0
3, 8
7.5, 11
1.25, 5.75
11, 10
0, 0
-0, 8
0, 4
4, 8
4, 4
8, 0
4, 4
8, 8
-0, -0
4.5, 10.25
11.5, 4.6875
0, 8
0, 9
5.25, 10
4, 4
4, 4
4, 8
8, 4
7, 4
-0, 5
8.75, 4
4, 8
9, 2
6.5, 1.75
11, 9.5
0.625, 8
4, 4
-0, 8
-0, -0
8, 4
0, 0
-0, -0
0, 4
0, 4
3.75, 6
6, 0
0, -0
6.5, 2
1, 7.75
0.875, 1.875
0, 0
4, 4
10.75, 9.5
0.875, 1.75
0, 8
0, 0
0, 8
4.5, -0
6.5, 8
-0, 0
8, 4
-0, 4
8, 8
7.75, 8
-0, -0
2.5, 8
8, 8
4, 4
4, 2.125
4, 4
-0, 0
-0, 8.25
0, 0
4, 1
8, -0
-0, 8
8, 8
10.5, 0.125
3.125, 10
4, 4
-0, 0
4, 4
0, 0
4, 8
7.5, 4
8, -0
8, 8
0, 4
5.5, 1.75
0, 0
7, 3
3.5, 1.5
-0, -0
7, -0
9, 7.5
3, 10
8, 8
8, 8
11.25, 4
0, 4
-0, 8
0, -0
1.25, 10.125
6, 5
4, -0
8, 1
8, 5
2.75, 9
-0, 8
2, 2
0, -0
10, 6.5
-0, 0
0, 8
3, 4.75
0, 4
11, 8
10, 5
0, -0
11, 11
-0, 8
-0, 1
10, -0
4, 11
0, -0
8, -0
1, 10
4, 11
7, 2

8.5, 7
0.25, 5
4, 4
0, 0
4, -0
8, 4
-0, 8
4, 4
8, -0
-0, 3
11, 0
8, 8.75
8, 5.5
4, 1
4, 8
1.375, 10
8, 11
4, 4
4, -0
0, 0
-0, 4
2, 4
4.5, 6
6.375, 4.75
0.25, 0
4, 4
4, 4
4, 0
-0, 4
4, -0
4, 4
2, 4
4, 8
4, -0
3.25, 6.25
2, 4.625
4, 0
2, 10
6.625, -0
-0, 4
4, 4
-0, 8
8, 4
9, 2
2, 10
6, 8
8, 0
8, 5
10.75, 4.5
2.5, 6.5
4.125, 4
0, -0
11, 4
4, 8
-0, 4
0, 0
8, 4
8, 4
8, 0
7.875, 2
0, 4
8, 8
6, 2
5, 0.5
8.125, 6.75
8, 0
4, 0
2.25, 2
6.75, 4.5
4, 8
4, 8
0, 8
4, -0
1, 4
4, 8
8, 8
8, -0
-0, 8
-0, 4
4, 8
1, 4
4, 8
0, 8
0, 10
8, 4
4, 0
8, 0
8, 4
6, 6
8, 4
4, 0
4, 8
9, 11.625
10.75, 7
4, 0
8, 0
0, 4
0, 0
0, 4
2.5, 8
4, -0
4, 8
0, 4
9, 10.75
0, 0
2, 7
7.75, 1.75
4, -0
2, 4
1, 5
4, 2
4, 0
4, 8
9, 0
8, 0
8, 4
4, -0
4.25, 1.125
6, 10
4, 8
2, 6.5
-0, 10
10.875, 4
4, 8
9.125, 2
4, 4
2, 7
6, 8
4, -0
10.75, 3.5
4, 4
4, 8
6, 3.5
4, 4
3, 4.5
-0, -0
4, 3.125
1, -0
4.5, 7
8, 4
0, 3
7, 9
-0, 4
7, 7

11, 11
9.125, 8
3, 11
4, 4
4, 8
-0, 8
4, 8
4, -0
8, 4
7, 9
10, 9.5
8, 8.5
6, 3.125
4, 4
8, 4
7.125, 2.25
-0, 6
-0, 4
0, -0
4, 4
4, 0
6, 4
6.5, 9
11.875, 4.75
0, 10
8, 4
4, 4
4, 4
8, 8
8, 4
4, 8
6, 4
-0, 7
4, -0
2.75, 6.875
-0, 5.375
4, 4
2, 0
4.5, 6
8, 4
4, 8
-0, -0
8, 0
10, 8
8, 2
3.25, 4
8, 0
4, 10
7.5, 1.75
-0, 2
7.25, 8
8, 4
5, 4
8, 4
4, 0
4, 4
8, 4
0, 8
4, 8
10.625, 3
4, 8
8, 4
9.75, 0
0, 8
9.25, 7.375
0, 0
4, 8
10.25, 5
2.5, 2.625
8, 4
8, 8
0, 4
8.25, -0
2.25, 11
8, 4
8, 8
8, 8
6, 10
6.5, 0
8, 8
8, 4
4, 4
0, 4
4, 6.875
4, 0
4, 8
4, 9
0, 0
5, 3
0, 8
4, 0
8, 4
11, 6.875
6.25, 2
4, 8
4, 8
4, 0
4, 4
8, 8
4, 8
8, 4
0, 4
4, 8
5, 9.125
4, 4
6, 5
8.75, 9.625
4, 8
3, -0
3, 8
2, 5
-0, 0
4, 4
3.25, 8
0, 8
8, 4
4, 8
3, 7.625
4, 1
0, 5
2, 9
4, 10
4.5, 4
8, 4
0.75, -0
8, 4
10, 11.5
3, 8
8, 4
9.5, 5.25
4, 4
6, 8
8, 1
8, 4
0, 10.5
4, 4
4, 6.25
4, 4
1.5, 3
4, 8
8, 2
1, 2
-0, 9
1, 9

0.75, 9
2.25, 1
10, 8
0, 4
-0, -0
-0, 0
8, 4
0, 8
8, 8
5, 7
8.5, 0.5
0, 1
4, 0.625
4, 3
0, 8
11.5, 1.75
8, 0
-0, -0
8, 4
0, 4
8, 0
10, 4
8, 3
10.5, 6.125
1, 4
4, 0
-0, 4
0, 4
8, 8
4, -0
-0, 0
2, 0
6, 5.5
-0, 8
8.25, 9
1, 3.1875
8, 4
10, 5
4.625, 4
8, 4
0, -0
8, -0
4, 0
10, 8
1.5, 10
7.25, 4
-0, 8
9.5, 9
6, 8.75
5, 8.5
5.125, 4
4, -0
6, 1
-0, -0
-0, 8
0, 4
8, -0
0, -0
0, 0
4.625, 3
4, 8
0, 4
9.25, 10
3.5, 3
1.25, 1.375
0, 8
-0, 0
10, 5
2.25, 11
0, -0
0, 8
0, 4
5.25, 8
8, 9
8, 8
8, -0
-0, -0
8, 4
5.5, 4
-0, 8
4, 8
-0, 8
4, -0
4, 7.75
8, 0
8, 8
-0, 6
4, 4
8, 2
0, -0
8, 8
-0, 8
5.5, 5
8.625, -0
-0, 0
-0, 4
4, 0
0, 4
8, 8
7.75, 8
8, 4
8, 4
0, 8
5, 5.75
0, 4
2, 1
10, 9.375
-0, 4
3.5, 4
2, 4
9, 8
8, 4
0, 8
8.75, 4
4, 0
-0, 0
0, -0
1.75, 7
6, 3
8, 2
0, 7.5
-0, 9
11.375, 3
-0, 0
4.875, 6
4, 4
7.25, 9.5
2, 0
0, 8
9, -0
0, 4
3, 4
6, 6.5
8, 8
1, 3
8, 4
-0, 9.625
-0, 8
7.5, 2
8, 8
0, 4
2, 8
-0, 1
1, 1

10.25, -0
8.875, 7
8, 1
0, 8
8, 4
8, 4
-0, 8
0, -0
4, 8
11, 3
10, 7
4, 10.5
4, 4.75
4, 2
4, 0
8.75, 7.5
8, 8
-0, 8
4, 8
0, 8
8, 4
9, 0
10, 8
10.625, 9.25
4.5, 0
0, 8
8, 0
0, 4
8, 8
4, -0
4, 0
8, 4
4, 8
8, 8
6.5, 5.25
6.25, 11.3125
4, 0
0, 9
8.375, 4
4, 0
4, -0
-0, -0
4, 4
2, 2
7, 8
10, -0
-0, 0
6.5, 5
3, 8
6, 3
0.125, -0
4, 8
4, 5
8, 8
4, 8
0, 8
4, 4
8, 4
4, 0
10.875, 8
7, 4
4, 4
9.875, 8
9, 7.25
3.375, 1.25
8, 0
8, 8
11, 9.5
11.375, 11.375
4, -0
0, 8
0, 4
1.25, 4
2.25, 8
4, 8
0, 8
-0, 4
4, 0
11.75, 0
-0, 8
5, 8
-0, 8
4, 8
4, 7.875
4, 4
-0, 0
-0, 8.5
8, 4
5.5, 10
8, 4
8, 4
4, 0
10, 2.75
8.875, 2
4, 4
4, 8
4, 0
0, 8
8, 8
-0, 0
8, 4
0, 8
0, -0
11, 4.5
0, 8
7, 4
1.5, 7.875
-0, 8
3.25, 8
3, 2.5
4, 0
4, 8
0, 8
9.75, 8
4, 8
4, 0
8, 4
7.5, 1.125
8, 7
4, 2
6, 5.5
8, 2
0.75, 5
4, 0
3, 2
0, 8
10, 1
11, 8
4, 8
6.75, 4.5
8, 0
11, 8
8, 6
8, 8
5, 6.5
4, -0
4, 10.5
6, -0
-0, 4
8, 4
8, 5
5, 11
-0, 4
3, 4

5, 5
3.125, 5
9, 10
4, 4
4, 4
4, 8
4, 8
0, 8
-0, 8
5, 11
6, 5
0, 6
4, 0.5
8, 9
4, 4
6.25, 8.5
-0, 7
4, 4
0, 4
4, 4
8, 4
9, 8
4, 2
1.5, 0.125
5.75, 10
4, 4
4, 8
4, 8
-0, -0
-0, 4
-0, 4
10, 4
10, 11
8, 8
6.75, 8.25
5.5, 5.375
4, 8
10, 3
11.875, 8
-0, 0
0, 4
-0, -0
4, 4
3, -0
9.5, 11
9, -0
8, 8
9.5, 11
3.5, 10.5
4, -0
7.375, 8
0, -0
9, 2
-0, 8
8, 8
4, 4
4, 4
4, 8
4, 0
10.875, 7
5, 4
0, 4
0.875, 10
7, 8.75
8.375, 7.75
8, 8
4, 4
11.75, 4
5.375, 5.5
4, -0
8, 8
4, 4
3.25, 4
6.75, 4
4, 4
4, 8
-0, 4
10, 2
9, 8
8, 8
5, 4
-0, 8
4, -0
4, 11.5
8, 8
-0, 4
8, 4.25
4, 8
6, 5
4, 8
8, 4
4, 4
3.5, 2.75
11.125, 4
4, 0
4, 4
4, 8
4, 4
0, 0
5.25, 4
8, 8
8, 8
4, 4
1.5, 6.5
4, 4
9, 11
1, 0.375
-0, 8
5.75, -0
3, 11
3, 5
-0, 4
0, 8
8.5, 8
0, 4
-0, 4
4, 4
11.75, 9.75
4, 5
0, 8
2, 11
4, 10
3.125, 0
4, 0
11.5, -0
0, 4
7.75, 6.5
1, 0
8, 8
1.25, 3.25
4, 4
1, 8
2, 1
8, 4
10, 10.5
4, 8
4, 10.375
9, -0
11.5, 4
4, 4
4, 1
2, 1
4, 4
3, 7

2.75, 1
2.125, 4
9, 4
8, 0
4, -0
4, 8
8, 4
0, 8
-0, -0
4, 7
3.5, 9.5
4, 0.375
6, 6.5
0, 4
0, 4
5.125, 5.5
-0, 3
-0, 4
8, 8
8, 0
-0, 4
5, 4
6, 9
3.75, 10
1.5, 2
8, 8
8, 8
8, 8
4, 8
8, 8
4, 4
7, 8
10, 8
4, 4
2.5, 7.375
11.75, 0.9375
4, 0
0, 1
4.625, -0
-0, 8
0, 8
4, -0
4, 0
7, 1
5.5, 6
3.25, -0
-0, 8
3.5, 7
4, 0.25
7, 10.25
0.125, 8
8, 8
-0, 8
-0, -0
-0, 4
8, 0
8, 4
4, 8
4, 0
9.625, 8
0, 4
0, 8
5.875, 6
2, 7.75
0.25, 2.5
0, 0
4, 0
1, 3.5
11.125, 11
0, 8
0, 4
8, 0
2.5, 4
7, 5
8, 8
8, 4
-0, -0
-0, 4
3.25, 8
-0, 4
7, 8
4, 4
0, 4
8, 10.125
4, 8
4, 0
4, 4
0, 4
7.5, 6
0, -0
4, 4
-0, 4
1, 8.625
8.375, 3
-0, 8
-0, 4
4, 8
8, 0
4, 8
2, 4
0, 8
4, 8
0, 8
3.25, 8.25
8, 0
7, 8
6.5, 6.125
-0, 8
6.75, -0
-0, 7
3, 5
8, 8
4, 4
3, 8
0, 0
4, 4
4, -0
0.75, 10
2, 4
8, 6
8, 4
4, 10
3.5, 3
-0, 8
2.5, 8
0, 8
3, 8
1, 4
4, 4
3.5, 7
4, 8
10, 4
4, 7
4, -0
7, 4
4, -0
-0, 6.375
9, 4
8, 10
0, 8
0, 6
9, 7
4, 6
7, 3

8.25, 6
2.125, 3
10, 9
0, 8
4, 4
8, 4
8, 8
8, 4
8, 4
4, 2
9.5, 5
8, 8.875
10, 0.875
4, 7
0, 0
7.75, 5
8, 5
8, 4
0, 8
0, 8
8, 8
4, 4
11.5, 7
7.625, 11
7.25, 0
0, 8
8, 8
0, 4
8, 8
8, 8
-0, 0
2, 4
4, 2.5
8, 4
1.5, 2.375
6, 4
8, 8
0, 9
9.75, 10
-0, 8
8, 4
4, -0
-0, 0
2, 3
10.5, 4
6.25, -0
8, 4
10, 4
9.75, 8
7, 8.25
11, -0
0, 8
7, 6
-0, -0
4, 8
0, 8
4, 8
8, 4
4, 8
7.375, 10
4, 4
0, -0
5, 0
8.5, 7
0.625, 9.5
4, 8
4, 8
5.5, 10
0.125, -0
8, 8
8, 0
0, 8
1, 8
4.75, 10
-0, 4
0, 4
4, 8
6, 4
3.75, 0
8, -0
2, 8
-0, -0
0, 8
0, 9.25
4, 0
8, 4
4, 5
4, 8
5, 6
4, 8
-0, 4
-0, 0
3.5, 1.625
4.25, 5
-0, 0
8, 0
8, 4
0, 8
8, 8
0.5, 4
8, 4
0, 4
8, -0
3, 0.75
0, 8
10, 9
3.25, 2.875
-0, 4
6.75, 8
11, 6
10, 9
-0, 8
0, 0
11.75, 0
8, 4
4, 4
4, 4
9.5, 1.5
2, -0
8, -0
6, 11.5
4, 4
11.125, 4
8, 8
2.25, 10
0, -0
8.5, 5.5
3, 4
0, -0
11, 4
0, 4
8, 8
0, 9
4, -0
5, 3
8, 8
-0, 7.25
9.5, -0
1, 7
4, 8
0, 11
6, 6
8, 9
4, 5

5.25, 5
6.625, 2
5, 10
8, 0
8, 4
4, 4
-0, 0
8, 4
8, -0
2, 1
10, 10.5
8, 6.5
7, 5.25
4, 4
0, 4
7, 7
-0, 8
8, 4
0, 8
8, 0
-0, 4
6, 8
3, 11
6.75, 3.875
6.75, 0
8, 4
4, 0
4, 0
-0, 8
4, -0
4, 0
9, 0
6, 3.5
4, -0
8.5, 3.625
1.25, 1.4375
4, 8
0, 7
10.75, 6
-0, 8
0, 8
8, 4
8, 8
1, 7
-0, 5
10, 4
4, 0
2.5, 7
9, 6
4, 0.25
3.5, -0
8, 4
8, 3
-0, -0
-0, 0
8, 0
8, 8
4, 4
0, 4
6.625, 9
7, 4
4, 8
6.875, 8
11.5, 0.75
1.5, -0
4, 0
4, 0
7.5, 11
5.375, 4.5
0, 4
8, 0
4, 0
7.25, 8
3.25, 9
4, 0
0, -0
-0, 8
8, 2
3, 0
8, -0
0, 8
8, 4
0, 8
8, -0
8, 8
-0, 0
8, 7.75
8, 0
2, 9
0, 8
-0, 0
-0, 4
9, 7.625
0.625, 3
4, 8
4, 0
0, 4
8, 0
0, 8
4.75, 0
0, 4
0, 4
4, 4
11.5, 0.125
8, 0
5, 4
3.5, 1.25
4, 8
7.25, 8
5, 2.5
2, 3
-0, 8
8, 4
0.25, 0
0, 0
4, 0
8, 4
7.25, 2.375
8, 9
8, 2
2, 6
-0, 11
6.625, 7
-0, 4
2.25, 2
4, 8
5.75, 10
2, 8
4, -0
11.75, 7
8, 4
2, -0
2, 2
8, -0
7, 0.5
4, 8
8, 7.875
7, 4
7.5, 6
8, 8
0, 9
9, 5
-0, 7
2, 9

0.5, 7
2.875, 7
6, 3
8, 4
8, -0
-0, 4
-0, 0
4, 4
-0, 4
11, 1
5, 2
8, 3.75
5, 2.25
8, 9
8, 4
1.875, 2.5
8, 2
8, 4
4, 4
8, 4
8, 0
1, 0
8, 10
5, 11.375
3.5, 0
8, 4
4, 4
0, 4
8, -0
4, 4
4, 8
1, 4
2, 5
-0, 4
6.25, 0.875
3, 11.8125
4, 8
8, 5
8.5, 2
-0, 0
4, 4
4, 8
-0, 0
7, 6
8.5, 0
9.5, 8
-0, 4
7.5, 9
4.75, 1.75
5, 6.25
4.125, 4
8, 8
7, 1
8, 4
4, 4
8, 4
8, 4
0, 4
4, 4
0.875, 2
11, 0
8, 8
9.5, 2
9.5, 3.5
8.375, 7.375
0, 4
-0, 0
6, 2
7, 11.625
8, -0
8, 8
4, 8
0.5, -0
7.75, 11
8, 4
0, -0
4, -0
2, 0
1.75, 0
8, 8
4, 8
8, 4
4, -0
8, 10.625
8, 4
-0, 0
4, 5.75
0, 4
8.5, -0
4, -0
-0, 4
8, 4
5, 4.5
5, 10
4, 4
4, 4
4, 4
8, 4
8, 0
6.5, 4
0, 8
0, 8
0, 4
11, 3.125
8, 4
6, 4
8.5, 11.625
-0, -0
11, -0
6, 10.5
7, 1
4, 4
8, 4
1.25, 0
0, 4
8, 4
8, -0
2.75, 3
-0, 2
8, 10
4, -0
-0, 9
7.5, 3
8, 0
9, 10
0, -0
3.25, 3
2, 8
4, 4
11.5, 4.25
0, 0
0, 4
8, 3
4, 4
10, 10
4, 8
4, 11.875
7.5, -0
7, 9
0, -0
8, 3
5, 6
8, 9
9, 10

7, 10
5.25, 8
9, 11
8, 8
8, 4
4, 8
-0, 4
4, 8
4, 8
3, 5
8.5, 1
8, 3.25
0, 8.875
4, 2
8, 8
7.75, 5
8, 11
8, 8
4, 4
8, 8
4, 0
11, 4
6.5, 6
10.375, 2.75
11.25, 2
8, 8
4, 8
8, 0
4, 8
4, 8
-0, 4
-0, 0
-0, 11.5
-0, 4
5.75, 11
1.5, 8.125
4, 4
10, 11
2.875, 8
8, 8
0, 4
4, -0
4, 8
7, 7
7.5, 2
11.75, 8
4, 0
11, 3
1.75, 0
6.5, 11.5
9.125, 8
4, 8
6, 11
4, -0
4, 8
8, 8
-0, 4
4, 8
8, 8
4.375, 3
7, 8
0, 8
6.25, 8
0, 8
5, 9.625
4, 0
8, 4
9, 11
4.125, 0.75
4, 8
8, 8
8, 8
7.5, 4
5, -0
8, 8
8, 4
4, 8
10, 6
4, 4
8, 8
11.5, 0
-0, 4
8, 8
4, 8.25
4, 8
4, 8
8, 9.5
0, 8
0.5, 2
4, 8
-0, 4
8, 8
6.5, 6.625
0.375, 2
4, 8
4, 8
0, 4
8, 8
4, 8
5.75, 0
4, 8
4, 8
4, 8
2.25, 11.125
8, 8
-0, 2
0.75, 6.5
-0, 8
1.75, 4
3, 5
0, 4
4, 4
0, 4
0.5, 0
0, 8
-0, 4
8, 4
10, 6.625
4, 6
0, 7
6, 2.5
8, 9
5.75, 4
4, 8
6.125, -0
4, -0
9.25, 3.5
5, 0
4, -0
0.5, 3
4, 8
9, -0
10, 7.5
8, -0
6, 5.5
4, 4
-0, 8
8, 4
8, 8
0, 8
8, 8
6, 11
8, 6
6, 10

6.25, 4
8.25, 9
10, 5
4, 0
8, -0
4, 0
-0, 8
0, 8
4, -0
6, 4
0.5, 7.5
8, 0.25
9, 4.875
8, 9
0, 4
5.5, 10
8, 11
4, -0
0, 8
4, 0
8, 8
11, 0
1.5, 3
1.375, 0.375
10.25, 10
4, 0
4, 4
8, 4
-0, -0
-0, 8
-0, 8
5, 0
10, 9
-0, 4
6.5, 3.5
0.5, 10.5625
4, 4
10, 1
5.875, 6
8, 4
0, 8
4, 8
4, 4
5, -0
8, 8
2.5, 8
8, 0
4.5, 0
2.5, 1.75
-0, 0.75
4.125, 4
4, 4
3, 1
8, 4
-0, 8
4, 0
-0, 4
4, -0
4, 8
4.5, 10
7, 8
8, 4
1.75, 4
2.5, 6.75
3.5, 6.75
8, 0
-0, 8
8.5, 1
2.125, 5.875
0, -0
0, 4
4, 0
3.25, -0
0, 2
8, 4
8, 8
-0, 8
6, 0
3.25, 8
-0, 4
9, 8
-0, -0
0, 8
8, 0.5
8, 0
8, 0
-0, 6
0, 0
7, 8
4, -0
4, 8
-0, 4
1.5, 8.875
10.375, 4
-0, 0
-0, 4
8, 8
4, 0
0, 0
6.5, 8
4, -0
4, 4
0, 4
9, 11.875
4, 0
2, 9
9.75, 5.875
4, 8
4.75, -0
8, 8
3, 4
-0, 8
0, 0
5.75, 4
0, 0
4, 0
8, -0
5.25, 9.375
4, 2
4, 10
0, 2.5
4, 6
1.625, 3
-0, 0
0.375, 8
0, 4
2, 1
6, 0
0, 8
4, 3
4, 0
0, 8
0, 3
4, -0
10, 6
4, 4
4, 7.75
8, -0
2, 4
8, -0
4, 1
8, 9
4, 6
3, 8

11.5, 9
6.75, 8
9, 6
0, 8
8, 8
-0, 8
8, 8
8, -0
4, 4
3, 4
6, 0
0, 0.375
11, 10.125
8, 3
0, 8
5.625, 3
-0, 11
-0, 8
4, 8
0, 8
4, 8
6, 8
8.5, 7
8.375, 8.375
1, 0
0, 8
-0, 0
4, 0
8, 8
4, -0
8, 8
1, 0
4, 2
-0, 8
0.75, 6.875
3.75, 9.3125
0, 8
4, 1
10.25, 8
8, 4
0, 4
4, -0
-0, 8
4, 10
0.5, 3
9, -0
-0, 8
11, 0
2.25, 5.5
4, 8.5
2.375, 8
0, 4
-0, 11
4, 4
4, 8
0, 8
8, 4
0, 8
8, 4
3.625, 8
3, 4
0, -0
2.5, 2
8, 9
1.75, 3.25
8, 4
-0, 4
7.75, 10.5
0.5, 9.125
4, -0
0, 8
0, 8
11.75, 4
4.25, 3
4, 4
8, 4
8, 4
-0, 8
1, 0
-0, 8
8, 0
8, 8
0, 4
8, 4.125
0, 8
4, 0
-0, 1.75
4, 8
10, 9
0, -0
-0, 4
-0, 8
9.5, 11.875
10.75, 5
4, 4
-0, 4
0, 4
0, 8
8, 8
-0, 4
4, 8
0, 8
4, 4
1.5, 4
0, 8
1, 0
8, 1
-0, 8
8.5, 4
-0, 2
4, 3
4, 8
8, 8
11.25, 4
8, 0
-0, 4
8, 8
5, 7.625
8, -0
0, -0
6, 11.5
8, 4
8.625, 5
4, 0
5.375, 4
0, -0
9.5, 5.5
-0, 0
4, 4
5, 9.25
0, 0
0, -0
0, 10
8, 8
0, 0
-0, 8
-0, 7.625
4, 8
2.5, -0
4, -0
0, 9
6, 10
-0, 3
7, 10

11.25, 7
8.375, 9
7, -0
4, 8
4, 4
8, 8
8, 0
0, -0
-0, 4
-0, 2
10.5, 10.5
8, 3.875
9, 1
4, 2
4, 4
1.5, 11.25
8, 2
-0, 4
8, 4
4, 8
8, 4
4, 4
5, 9
11.25, 10
5, 2
0, 4
8, 4
8, 8
-0, -0
4, 4
4, 8
7, 0
-0, 5.5
-0, 4
5.5, 9.75
2.5, 6.375
8, 8
10, 9
7.5, 8
8, 4
0, -0
4, 8
4, 0
5, 4
11.5, 3
1.5, 8
-0, 4
7, 3
9.5, 8
7.5, 1.25
5.75, -0
8, 4
11, 0
8, 8
4, 0
4, 8
-0, 4
8, 8
8, 0
2.875, 7
0, 0
8, 8
3.625, 4
10.5, 2.5
0.75, 11.25
4, 0
4, 4
1, -0
0.875, 8.125
4, 8
4, 4
4, 8
2, 8
1.25, 2
8, 4
8, 8
8, -0
2, 6
9.75, 4
4, 4
8.5, 0
8, -0
0, 4
8, 0.375
0, 4
4, 0
8, 6.5
8, 4
8.5, 5
4, -0
-0, 0
4, 4
5, 2
7.875, 1
8, 4
4, 8
8, 4
4, 8
0, 0
8.5, 8
4, 4
8, -0
0, 4
8, 1.875
4, 8
8, 8
5, 10.75
8, 8
4.75, 8
11, 8
5, 3
8, 4
8, 0
0.25, 0
4, 0
-0, 4
4, 4
10.5, 5.25
6, 9
4, 11
6, 2.5
4, 9
7.25, 2
4, 8
6.375, 4
4, 4
4.75, 2
11, 0
0, 4
11, 1
4, 8
7, -0
0, 1.5
8, 4
0, 5
8, 8
4, 1
1, 8
11, 5
4, 4
0, 2
-0, 5
4, 2
9, 2

-0, 9
10.875, 4
10, -0
4, 0
-0, 4
8, 0
4, 0
4, 8
8, 8
10, 2
9.5, 1
0, 10.25
6, 5.25
0, -0
8, 8
4.375, 6.5
-0, 0
-0, 4
0, 4
4, 0
-0, 4
2, 0
1, 7
5.75, 10.375
2.25, 6
0, 4
4, 4
0, 0
8, 4
-0, 4
-0, 0
2, 0
10, 9
8, 4
-0, 11.875
11.75, 3
8, 8
10, 0
2.75, 8
8, 8
0, -0
8, 8
-0, 4
2, 6
1, 4
7.25, -0
4, 8
2, 5
5.5, 2
11, 4.5
11.75, 4
8, 8
6, 3
8, 8
8, 4
4, 0
4, 8
8, -0
0, 4
4.25, 8
6, 4
0, -0
11.25, 6
2, 2
8.25, 0.5
4, 8
4, 4
1.25, -0
0.25, 2.375
4, 8
8, 8
0, 4
3.75, 4
1, 6
8, 0
4, 4
-0, 4
6, 4
2.75, 0
8, 8
10, 0
8, -0
8, 8
0, 2.75
8, 8
-0, 4
4, 7.75
8, 8
6, 10
4, -0
8, 0
8, 8
4, 10.125
0, 4
8, 8
8, 8
8, 4
4, 0
8, 4
1, 4
8, 8
4, 8
8, 4
10.25, 2.375
4, 0
-0, 5
7.5, 10.5
-0, 4
6.75, 8
1, 7.5
11, 5
-0, 4
8, 0
2.75, 8
8, 8
4, 8
0, 4
2.5, 9
2, 8
0, -0
8, 7.5
4, 5
11.5, 5
4, 8
11.25, -0
8, -0
11.25, 3.5
7, 0
8, -0
1.5, 7
4, 8
4, 8
2, 9
8, 4
5, 0.5
8, 8
8, -0
2, -0
7, 11
0, 4
8, 4
3, 5
4, 5
4, 8

5.75, 4
1.75, 4
4, 3
0, 8
8, 4
-0, 0
8, 0
8, 4
4, 8
3, 7
11.5, 10
0, 0.75
11, 6.125
0, 8
0, 8
0.125, 6
8, 11
4, 4
0, 8
0, 8
-0, 4
7, 0
0, 6
0.625, -0
7.25, 6
0, 8
4, 4
8, 0
8, 8
4, 4
8, 0
3, 0
10, 3
8, 4
9.75, 5.125
5.5, 0.5625
0, 8
6, 2
3.5, -0
4, 8
8, -0
8, 4
8, 0
10, 8
-0, 5
10.5, -0
8, 8
4.5, 1
10.5, 1.5
2.5, 1.25
4.125, -0
0, -0
6, 0
-0, 4
8, 8
0, 8
-0, -0
0, -0
0, 8
10.875, 9
4, 8
4, -0
1.25, 8
8.5, 2
10.625, 2
8, 4
8, 4
2.75, 9.5
1.5, 8.625
8, -0
0, 8
0, 8
4.5, -0
7.25, 7
4, 8
0, -0
8, -0
-0, 10
9.25, 8
-0, 8
0, 4
-0, -0
8, 8
4, 2.125
8, 4
8, 0
-0, 7
4, 0
8.5, -0
0, 4
4, 0
-0, 8
8.5, 10.5
1.125, 7
4, 4
8, 8
8, 8
0, 8
8, 8
3.25, 0
0, 4
8, 4
0, 8
2.75, 8.375
0, 8
-0, 1
8.25, 5.25
4, -0
3.5, 8
1, 2
10, 1
-0, 8
0, 0
1, 4
8, 8
-0, 0
8, 4
6.75, 3.75
2, 6
4, 4
4, 1
-0, 9
9.75, 11
8, 0
3.75, 6
8, 4
6.5, 7
5, 0
0, 4
5.5, 8
4, 0
10, -0
6, 8
8, -0
1, 0.5
-0, 8
4, 1.125
9.5, -0
10, 3
8, 4
0, 2
10, 5
4, 5
9, 10

11, 10
1.875, 11
7, 2
8, 8
8, 8
-0, 0
-0, 8
4, -0
8, 8
10, 11
9.5, 0.5
4, 4.25
9, 6.25
8, 5
8, 0
3, 5.25
4, 3
-0, 8
0, 8
8, 8
-0, 8
2, 4
2, 2
9.125, 8.125
7, 4
0, 8
-0, 0
8, 0
8, 8
-0, -0
4, 0
11, 0
6, 4.5
-0, -0
5.25, 10.25
10.25, 0.3125
8, 8
0, 7
8.125, 8
8, 8
0, -0
4, 8
4, 0
1, 7
2, 4
10.75, -0
4, 8
2.5, 0
4, 7
2.5, 3.25
11.125, 8
8, 4
11, 9
8, -0
-0, 0
8, 8
4, 4
0, -0
0, 8
10.25, 11
7, 4
8, -0
10.75, 6
2.5, 3
3.25, 1.875
0, 0
-0, 8
3.75, 7
4.375, 11.375
8, -0
8, 0
0, 8
5.25, 4
5, 10
4, 0
4, -0
4, -0
2, 4
10.25, 8
8, -0
6, 0
8, -0
0, 8
0, 8
4, 4
4, 0
8, 8
8, 0
1, 5
8, 8
-0, 8
8, 0
4, 7.25
10.625, 8
-0, 8
8, 8
4, 0
8, 8
8, 8
11.75, 4
0, -0
8, -0
8, 8
8.5, 9.375
8, 8
3, 8
9.25, 11.5
8, -0
0.25, -0
6, 0
10, 11
-0, 8
8, 0
6.5, 0
0, 8
4, 0
8, 8
11.75, 8.75
2, 5
8, 2
6, 11
4, 1
10.75, 10
8, 0
4.5, 10
8, -0
2.25, 0
7, 0
0, 8
4, 0.75
4, 4
1, -0
4, 8
4, -0
6, 5
8, 8
4, 7.125
1.5, -0
7, -0
0, -0
4, 7
1, 7
-0, 8
-0, 5

6.75, 3
10.125, 11
8, 8
8, 8
4, 4
-0, 4
4, 4
4, 8
-0, 4
2, 4
1, 7
8, 10.5
7, 8
8, 10
4, 4
6.5, 3.25
4, 0
8, 8
0, 8
8, 8
-0, 4
2, 8
3.5, 2
3.875, 2.125
6.25, 2
0, 8
-0, 8
8, 4
-0, 8
-0, 8
8, 0
10, 8
6, 3.5
8, 8
10.25, 2.375
6.25, 2.9375
8, 0
4, 4
2.25, 10
8, 4
0, -0
4, 4
8, 0
4, 2
-0, 1
11, -0
4, 4
9, 0
0.75, 4.5
3, 5.75
10.375, 4
0, 8
6, 6
4, 4
-0, 0
8, 8
-0, -0
0, 4
0, 8
11.375, 5
7, 0
8, 8
3.5, 8
9, 6.25
3.5, 10.375
8, 8
4, 8
4.25, 6
9.875, 6.375
8, 4
4, 4
0, 0
11.75, 8
3.5, 4
8, 0
4, 4
-0, 8
10, 6
5.25, 0
4, 4
8.5, 4
8, -0
4, 4
8, 9.875
4, 8
8, 8
8, 7
0, 8
3, 6
0, -0
4, 4
4, 4
4.5, 0.875
2.75, 2
8, 8
4, 4
8, 8
8, 8
0, 8
11.5, 0
0, 4
0, 4
0, -0
2, 11.625
8, 8
7, 1
7.25, 3.75
8, 4
5.75, -0
11, 0
8, 0
-0, 8
8, 0
9.75, 8
0, 0
4, 8
4, 4
7.5, 10.625
6, 4
0, 10
10, 9.5
-0, 4
1.25, 6
8, 4
1.25, 2
8, -0
1.25, 8
1, 8
4, 4
8, 4.5
8, 8
11, 4
4, 4
8, 8
8, 3
8, -0
-0, 9
-0, -0
2.5, 10
4, 8
0, 9
-0, 9
4, 8
7, 5

8.75, 5
3.25, 11
0, 4
4, 4
8, 4
8, 0
8, 8
4, 8
8, 8
10, 10
3, 7.5
4, 9
2, 6.25
8, 10
8, 4
8.375, 1.25
4, 10
4, 4
4, 8
4, 4
-0, 8
3, 8
7.5, 11
2, 8.625
7, 6
4, 4
-0, 4
4, 4
8, 4
4, 8
4, 8
10, 8
8, 7
-0, 8
10.25, 10.625
7.5, 3.9375
4, 4
8, 10
3, 6
4, 4
4, 8
8, 4
4, 4
10, 4
3, 2
4.5, 8
8, 0
9, 6
10.75, 6.75
2, 8.75
1.875, 4
4, 4
1, 2
-0, 4
8, 4
4, 4
-0, 8
8, -0
0, 8
7, 11
3, 4
4, 8
1.125, 2
4.5, 1.25
10.375, 6.125
8, 0
4, 8
7, 4.5
10.375, 0.125
4, -0
8, 4
4, 4
8, -0
3.25, 3
8, 4
8, 4
-0, 8
2, 8
9, 0
8, 4
9.5, 4
8, 4
8, 8
4, 2.875
0, 8
8, 8
-0, 1.5
8, 4
5, 3
4, 8
8, 8
8, 4
0.5, 0.125
7.25, 5
8, 8
8, 8
4, 8
4, 4
8, 4
10, 4
4, 4
0, 4
4, -0
10.25, 0.75
4, 4
-0, 4
1.5, 0.25
4, 4
9.5, 4
11, 9.5
7, 11
4, 8
8, 4
8, 4
8, 0
-0, 8
8, 4
3, 7.625
8, 10
0, 9
4, -0
4, 5
6.25, 10
4, 0
5.125, 4
4, 8
8.25, 8.5
2, 4
8, -0
3.5, 7.5
0, 8
1, 4
2, 10
8, 8
8, 0
4, 4
-0, 3.375
9, 8
11.5, 7
8, 4
4, 4
4, 10
4, 11
10, 4

-0, 5
5.75, 8
9, 5
4, 4
4, -0
4, 4
4, 4
4, -0
-0, 4
8, 8
10, 5.5
4, 0.5
7, 1.25
8, 8
4, 0
2.25, 8
4, 8
4, 4
4, -0
4, 4
-0, 0
8, 4
5.5, 7
11.25, 2.25
5.75, 4
4, 4
4, 0
4, 8
4, -0
4, 4
4, 4
2, 8
4, 2.5
4, 4
8, 11.5
3.5, 7
8, 8
2, 0
6.5, -0
4, 0
4, 4
4, -0
4, 0
8, 7
4.5, 8
3.25, 4
4, 4
3.5, 11
1.25, 6.5
1, 8.5
7.125, 4
4, -0
6, 11
4, -0
-0, 0
4, 4
4, -0
4, 4
4, 4
3.625, 6
8, 4
0, -0
10.5, 8
10, 11.75
10.25, 6.625
4, 4
4, 8
7.25, 8
9.375, 6.625
0, 4
8, 8
4, 4
11, 4
9.75, 7
4, 0
8, -0
4, 4
-0, 6
5.5, 8
8, 8
1, 4
4, -0
4, 4
0, 4
0, 0
8, 8
-0, 11.5
0, 0
5, 6
4, -0
4, 4
4, 0
0.5, 4.125
4, 5
8, 0
8, 4
8, 4
4, 4
4, 0
2, 8
4, -0
0, 4
0, 4
10.25, 11.625
4, 4
10, 8
1.5, 6.25
-0, -0
1.25, -0
7, 7
10, 10
4, 0
4, 0
8.25, 4
0, 4
4, 4
4, -0
0, 8.5
-0, 5
4, -0
6, 7
4, 8
6.625, 8
-0, 4
5.5, 2
0, -0
1.25, 1.5
11, 0
4, -0
6, 2.75
4, 0
4, 8
2, 5
8, 4
9, 6
-0, -0
4, 7.75
4, 8
4, 11
0, -0
8, 8
5, 6
-0, 9
4, 7

0.25, 1
5.75, 9
9, -0
4, 8
-0, -0
-0, 0
4, 0
4, 8
-0, -0
11, 1
0, 8
4, 0.375
2, 2.5
8, 9
4, 0
9.25, 1.75
4, 11
4, 8
4, -0
4, 0
8, 0
8, 8
7, 5
7.125, 1.625
8.5, 10
4, 0
-0, 8
0, 8
4, 4
4, -0
4, 0
5, 8
8, 4
4, 4
-0, 2.875
2, 0.3125
8, 8
4, 1
5.5, 4
4, 8
4, -0
-0, 8
4, 0
7, 9
8, 2
9.75, -0
8, 0
7.5, 8
6.5, 9.75
0.5, 1.5
4, -0
0, 8
9, 0
-0, -0
4, 4
4, 8
4, -0
0, -0
8, 4
7.625, 2
8, 8
4, 4
11.25, 0
6, 7
1.75, 0.125
0, 0
8, 0
11.25, 11
6.75, 6.125
4, 4
8, 8
4, 8
4.25, 8
11.75, 4
4, 8
4, 8
8, 4
10, 8
10, 4
8, 8
8.5, 8
-0, -0
0, 4
4, 11.875
0, 0
-0, 8
-0, 9.25
8, 0
8.5, 2
0, -0
8, 8
4, 0
4, 8.125
1.75, 6
4, 8
4, 0
4, 0
4, 8
4, 4
5, 0
4, 4
0, -0
0, 8
11.5, 0.25
4, 0
5, 8
0, 2.625
4, -0
2.25, 8
11, 5
7, 0
4, 0
0, 0
7.5, 0
0, 0
4, 0
0, -0
11.75, 11.875
8, -0
0, 5
8, 4.5
-0, 8
8.75, 7
4, 4
8.875, -0
4, -0
9.5, 11
8, 0
8, -0
9.25, 3
8, 0
10, 4
2, 2
4, 8
5, 1.5
4, 4
-0, 11.875
3, 4
4, 6
8, 8
0, 4
1, 1
-0, 3
4, 10

2.25, 9
8.125, 3
9, 7
8, 0
4, 4
8, 8
4, 0
4, 8
4, 8
3, 4
6, 10.5
8, 5.125
8, 3.625
8, 9
8, 8
4.625, 3.5
8, 0
8, -0
8, -0
0, 8
-0, 0
9, 0
10, 6
0.125, 0.75
0.75, 0
8, 0
-0, 0
8, 0
4, 4
8, -0
4, 8
1, 4
-0, 1.5
4, 8
3.5, 9.25
10.5, 1.5625
8, 0
10, 10
3.375, 2
-0, 4
4, 8
8, -0
4, 0
2, 3
3, 4
5.25, -0
8, 8
11.5, 10
4.5, 6.5
5.5, 6.5
9.125, 8
0, -0
-0, 0
4, 8
4, 4
8, 0
-0, -0
8, 8
0, 8
6.75, 5
9, 8
8, 8
8.25, 2
7, 8
0.5, 3.375
4, 8
8, 4
7.75, 10.5
1.125, 10.75
4, 8
8, 8
8, 0
1.75, 8
3.25, 3
4, 8
4, 4
-0, 8
8, 2
0.75, 4
8, 8
7, 0
8, 8
8, -0
8, 2.375
8, 8
8, 4
4, 3.25
0, 8
2, 11
4, 8
8, 0
8, 8
6, 10.625
1, 10
8, 0
8, 0
4, 8
8, 0
4, 4
10.75, 8
8, -0
8, 8
4, 8
0.5, 6.75
0, 8
7, 1
11, 6
4, 8
8.25, 4
1, 7.5
2, 6
8, 0
8, 8
8.25, 4
4, 8
4, 4
4, 4
0.25, 11.125
2, 5
8, 10
2, 10.5
-0, 10
6.25, 4
4, 8
10.125, 2
8, 8
11, 8.5
1, 4
4, 8
9.75, 10
4, 8
6, 8
4, 11
0, 8
9, 11.5
8, -0
8, 8.875
-0, -0
10, 8
4, -0
8, 2
4, 1
8, 7
4, 6

4.75, 9
3.125, 4
5, 11
4, 0
4, 4
-0, 8
-0, 0
8, 8
-0, 8
2, 0
1, 10.5
4, 5.125
6, 5.75
4, 11
0, 8
7, 10
4, 6
4, -0
8, 4
4, 0
8, 8
0, 4
1, 6
7.25, 7.875
0.5, 4
4, 8
4, 8
4, 0
-0, 8
4, -0
4, 0
2, 4
6, 0.5
4, 8
6.75, 9.5
5.25, 1.8125
0, 4
10, 8
2, 8
-0, 4
4, -0
4, 4
4, 0
6, 3
3, 8
9.5, 8
4, 4
1, 4
1, 5.75
8, 10.5
2.375, 4
0, -0
8, 11
4, 4
-0, 8
4, 0
4, 8
0, 8
0, 4
10.625, 6
4, 0
0, 8
7, 10
11, 10
8.25, 11.875
4, 4
4, 4
3.5, 4.5
8.5, 0.5
0, 8
4, 8
4, 0
10.75, 8
6, 3
-0, 8
0, -0
8, -0
2, 6
0.5, 8
4, 8
11, 8
8, 4
4, 8
4, 9.75
4, 8
-0, 0
-0, 3.5
0, 8
0.5, 10
0, -0
4, 8
-0, 8
8, 1.75
7.625, 8
8, 0
4, 0
8, 4
4, 0
0, 8
8.5, 8
8, 8
4, 8
4, -0
9.75, 7.125
4, 0
6, 1
2.5, 7.875
8, 8
1, -0
7, 3
7, 10
8, 4
8, 4
5, 4
0, 8
8, 8
4, 4
1.25, 5.25
-0, 1
0, 9
10, 6
8, 7
3.625, 10
-0, 8
2.5, 10
8, 4
3.75, 11
3, 8
0, -0
6, 2.5
8, 8
11, -0
2, 3
4, 8
9, 2.5
8, 4
4, 0.875
9, 8
2.5, 9
4, 8
0, 2
11, 10
-0, 11
11, 9

4.25, 6
0.375, 4
3, 1
8, 8
8, 8
8, 8
4, 8
4, -0
8, -0
11, 11
3, 11.5
4, 2.375
1, 1.875
0, 5
4, 0
8.5, 0.75
-0, 3
8, 4
4, 8
8, 8
-0, 0
9, 0
1, 6
1.75, 10.625
11.25, 0
8, 8
8, 4
4, 8
4, -0
-0, 4
4, 0
8, 4
2, 2.5
8, -0
3.75, 8.25
3.75, 1.5625
8, 4
10, 4
1.875, 6
4, 8
4, -0
4, 4
4, 8
5, 4
7, 9
10.75, -0
4, 0
2, 10
0.75, 0.75
11, 6.75
4.25, 8
8, 4
7, 10
4, -0
4, 4
8, 8
8, 8
8, 8
8, 4
4.5, 11
3, 8
4, 8
5, 2
7.5, 5.25
8.125, 8.875
4, 0
4, 0
11.5, 6
1.375, 9.75
4, 8
4, 0
8, 4
6.25, -0
11, 11
8, 8
4, 8
8, -0
2, 4
5.5, 8
4, -0
2.5, 8
4, -0
8, 8
4, 6
0, 8
-0, 0
8, 6
0, 0
3, 2
8, -0
-0, 4
4, 0
7, 10.875
1.25, 2
8, 8
8, 8
4, 4
8, 8
4, 0
6.5, 4
8, 8
8, 8
4, 4
2, 0.875
8, 8
-0, 8
3.5, 8.25
4, 8
6, 8
11, 9
11, 4
4, 8
4, 0
6.25, 8
8, 8
8, 0
8, 8
1.5, 2.375
2, 7
0, 10
6, 9.5
4, 1
2.625, 3
4, 8
4.125, 4
4, 8
9, 9
4, 8
4, -0
4.5, 8
4, 8
7, -0
8, 7.5
8, 4
3, 11.5
8, 4
-0, 10.25
4, 4
8.5, 8
8, -0
0, 10
8, 5
-0, 9
9, 11

2.5, -0
8, 4
8, 5
4, 8
8, 4
8, 0
4, 8
8, 4
8, -0
7, 0
4, 6
0, 11.125
2, 9.625
4, 7
4, 8
10.125, 6
8, 0
4, 8
0, 8
4, 4
4, 8
0, 8
0.5, 11
6, 8.75
8.25, 2
0, 8
-0, 8
4, 4
8, 8
4, 8
4, 4
7, 0
2, 11.5
8, 4
1.5, 5.375
1, 8.5
8, 8
4, 1
11.5, 4
4, 8
4, -0
8, 4
-0, 4
11, -0
1, 3
11, 8
4, 8
8.5, 1
0.25, 2.5
3, 11.5
6.625, 4
4, 4
9, 10
-0, 8
4, 4
4, 8
8, 4
8, -0
4, 0
8.375, 10
1, 8
4, -0
8.625, 6
0, 8.5
8.875, 7.5
4, 8
8, 4
8.25, 10
10.625, 11.375
4, 8
0, 8
0, 8
11.25, 8
6.25, 10
4, 8
8, 8
-0, 8
8, 8
5.75, 8
-0, 8
7.5, 8
4, 8
4, 8
4, 10.75
4, 4
4, 8
8, 4.25
0, 4
6, 1
0, 4
-0, 8
4, 8
4, 8.875
5.25, 9
4, 8
-0, 8
8, 4
4, 8
8, 8
2.25, 0
4, 8
4, 8
8, 8
10.75, 1.375
4, 4
3, 7
1.5, 8.5
4, 4
11, 4
8, 2.5
9, 4
-0, 8
4, 8
10.25, 8
8, 8
4, 4
8, 4
10, 7.125
8, 9
8, 2
0, -0
8, 2
8.25, 9
4, 8
9.375, 4
4, -0
6, 5.5
5, 8
4, 8
7.25, 11
4, 0
3, 8
6, 8.5
8, 8
2, 4.5
4, -0
4, 4.25
6, -0
8.5, -0
8, -0
8, 6
5, 1
8, 3
6, 7

4.25, -0
10.25, 2
4, -0
8, 0
-0, 4
-0, 8
-0, 4
0, 8
4, 8
6, 4
8.5, 1
8, 2.75
6, 0.375
4, 1
8, 8
6.875, 7.5
8, 4
4, -0
0, 4
4, 8
4, 0
4, 8
8.5, 3
8.25, 2.5
5, 4
8, 8
-0, 4
0, 0
-0, 8
8, 4
-0, 0
5, 0
2, 0.5
-0, 8
10.25, 10.125
10.25, 5.8125
8, 8
10, 4
8.5, 4
4, 0
0, -0
-0, -0
8, 8
2, 8
4.5, 3
9, -0
-0, 4
8.5, 3
8.75, 2.5
8, 4.25
8.75, 4
4, 4
11, 6
8, 4
8, 8
8, 0
4, 8
0, 8
4, 0
10.375, 9
6, 0
0, -0
2.25, 10
5, 5.25
4.75, 7.25
0, 4
4, 0
4.5, 9
0.875, 3.25
0, -0
8, 0
8, 8
3.5, 8
8, 6
4, 4
4, 4
4, -0
4, 2
10, 8
8, -0
0, 0
8, 8
4, 8
4, 11
4, 0
-0, 0
4, 1.25
8, 8
9, 8
0, -0
4, 8
8, 8
3, 1.75
0.25, 10
8, 0
4, 8
0, 8
8, 0
0, 8
-0, 0
4, -0
4, 4
0, -0
4.5, 3.875
4, 8
5, 6
7.75, 2.5
-0, 4
3.75, 8
1, 7.5
4, 10
-0, 4
8, 8
9.25, 0
8, 0
8, 8
0, 4
5, 2.125
2, 4
4, 2
6, 5.5
4, 3
1.375, 6
-0, 0
0.875, 4
8, 8
4.5, 1.5
1, 8
0, 8
11, 11.25
0, 4
4, -0
6, 3
4, 8
7, 7.5
8, 8
8, 7.75
6, 4
11, 10
0, 8
8, 7
11, 9
8, 8
2, 1

6.75, 4
5.625, 1
5, 11
8, 0
-0, 4
4, 4
-0, 4
0, 4
-0, 8
7, 1
2, 9
4, 2.5
10, 2.625
0, -0
0, 0
3, 5.75
-0, 2
8, -0
0, 4
8, 0
-0, 0
9, 0
0.5, 8
1.5, 11.125
4, 4
0, 0
-0, 4
8, 0
-0, 4
-0, 4
8, 0
-0, 0
2, 1
8, -0
1, 0.375
9.5, 4.25
0, 0
2, 4
5.875, 10
4, 0
8, 8
4, -0
4, 4
11, -0
11, 4
6, 8
8, 0
7, 6
1.5, 1.5
1, 8.5
7.875, -0
4, -0
7, 3
4, -0
4, 4
8, 0
-0, -0
4, 4
0, 4
8.75, 11
10, 4
4, -0
9.375, 8
6, 11.25
9.5, 11.125
0, 4
4, 4
10.75, 3
1.375, 9.5
0, 4
0, 0
0, 4
10.75, -0
4, -0
-0, 0
4, 4
-0, 4
-0, 0
9, 4
-0, -0
5, 0
4, -0
8, -0
4, 0.75
4, 8
4, 4
4, 4.75
4, 0
4, 4
4, 4
4, 0
-0, 0
3, 6.875
6.75, 7
-0, 0
8, 0
4, 0
8, 0
0, 4
8.25, 8
0, 8
4, 4
4, -0
9.5, 6.5
8, 0
6, 4
8, 5
-0, -0
6.5, -0
-0, 7.5
0, 6
-0, 4
4, 0
9.5, 8
4, 0
-0, 0
0, 4
11.25, 7.125
8, 4
4, 6
4, 1.5
8, 4
6.5, 0
-0, 4
8.5, -0
0, -0
11.5, 0.5
2, 8
0, 4
8.5, 8.25
0, 0
1, 4
10, 6
4, 8
6, 3.5
-0, 4
8, 10.625
4.5, 4
4.5, 5
0, 4
4, 8
10, 1
-0, 3
2, 6

2.75, 11
0.125, 3
3, 4
4, 4
4, 4
-0, 4
4, 8
4, 8
8, -0
9, 1
0, 8.5
4, 1.75
8, 9
0, 9
0, 4
11.375, 7.5
8, 5
4, -0
4, -0
4, 4
-0, 0
2, 0
11, 3
7.625, 10
3, 2
4, 0
8, 4
4, 4
-0, -0
8, 4
4, 4
11, 8
2, 9.5
4, 8
6, 10.25
1.5, 9.125
8, 0
4, 2
5.875, 4
-0, 8
4, 4
4, 8
4, 0
3, 6
7, 10
11, 4
4, 0
3, 6
8, 0.25
5, 9
1.375, -0
4, 4
5, 10
-0, -0
4, 4
4, 4
4, 4
0, 4
8, 8
3.625, 11
6, 0
8, 4
10.875, 6
7.5, 5
-0, 1.5
4, 0
4, 4
5.25, 5.5
4.5, 6.875
4, 4
0, 0
4, 4
9.75, -0
9.5, -0
8, 0
4, 4
-0, -0
2, 2
4, 8
-0, -0
7, 8
8, -0
4, -0
8, 10.5
0, 4
-0, 4
8, 5
4, 4
4.5, 4
4, -0
-0, 0
-0, 4
7.5, 1
3.5, 10
8, 8
4, 0
4, 4
4, 4
0, 0
6, 4
0, 8
0, 4
4, 4
10.75, 0.125
4, 4
10, 1
1.75, 5.625
4, 8
4.5, 4
10, 7
10, 3
4, 0
8, 0
5.5, 0
0, 4
4, 0
4, 4
8, 3
4, 10
8, 5
4, 5
4, 11
9.75, 5
4, 4
11.25, 10
0, -0
0.5, 11.5
3, 0
4, 8
2.5, 4.75
0, 4
6, 8
10, 8.5
8, 8
1, 10.5
8, -0
-0, 1
3.5, -0
1.5, 4
4, 8
0, 2
6, 6
-0, 0
8, 10

3.5, -0
5.125, 3
3, -0
0, 4
8, 4
8, 8
4, 0
8, 8
4, 8
2, 0
0.5, 2
0, 8.5
11, 10.75
4, 8
8, 0
10.75, 4.5
4, 1
4, 4
0, 4
0, 4
-0, 0
7, 0
5.5, 1
2.375, 8.625
2, 6
4, 0
-0, 8
0, 8
8, -0
-0, 4
8, 0
7, 8
4, 10
8, -0
10.5, 3.375
11.5, 0.75
4, 4
0, 10
6, 4
8, 0
8, -0
8, 8
8, 4
8, 10
5, 8
3, 4
8, 8
1, 4
9.5, 10.25
2.5, 10.5
10.125, 8
8, -0
7, 11
8, 8
-0, 4
0, 4
4, -0
8, 8
4, 0
1.5, 5
9, 8
8, -0
11.375, 6
1.5, 3
10.75, 2.125
8, 8
8, 4
0.25, 4.5
-0, 10.125
8, -0
8, 8
4, 0
8.75, 8
11.5, 9
8, 0
8, -0
4, -0
8, 0
1.75, 4
8, 8
2, 8
8, 8
0, 8
8, 6.75
4, 0
8, 0
8, 11.25
0, 0
7, 9
4, 4
8, 0
8, 0
10, 7.875
4.75, 1
-0, 4
-0, 8
8, 8
0, 4
8, 0
8.75, 8
8, 4
4, -0
4, -0
2.75, 5.875
0, 4
7, 5
2.25, 7.75
4, -0
3.25, 4
4, 0
7, 9
-0, 4
8, 8
2.25, 0
8, 8
8, 0
8, 4
6.5, 6.875
4, 3
4, 7
8, 7
-0, 9
4.5, 5
8, 0
11.625, 10
4, 8
0.5, 0
5, 4
8, -0
2.75, 11.5
4, 0
2, 8
2, 6.5
8, -0
3, 3
4, 4
8, 5.875
11, 4
10, 9
8, -0
0, 2
5, 4
4, 7
3, 6

1.75, 10
1, 11
8, 2
4, 0
4, 8
-0, 0
8, 0
4, -0
-0, -0
6, 10
11.5, 9.5
0, 3
4, 3.75
4, 8
0, 0
5.375, 1
8, 3
4, 8
4, -0
4, 8
4, 4
2, 8
2.5, 6
7, 2.5
4.25, 0
4, 0
8, 8
8, 4
4, -0
8, 8
-0, 8
3, 8
4, 6
-0, -0
10.5, 9
1.75, 11.5
4, 0
4, 3
7.5, 4
-0, 4
4, 4
4, -0
4, 0
7, 10
-0, 5
1.25, -0
-0, 0
4, 1
9.75, 0.5
4.5, 10
0.75, 4
4, 8
7, 6
-0, -0
4, 4
4, 0
4, 8
0, -0
4, 0
10.25, 9
2, 8
4, 8
1.75, 0
10.5, 2.5
10.625, 11.875
0, 0
-0, 4
1.75, 8
8.5, 10.375
4, 4
0, 0
4, 8
11.25, 8
2, 7
-0, 0
8, 4
8, 8
4, 2
6.5, 4
-0, -0
11, 0
-0, -0
4, 8
4, 8.25
4, 8
-0, 4
4, 8.5
0, 0
2.5, 10
0, 8
-0, 8
-0, 0
10, 9.375
8.125, 10
4, 0
4, 8
4, 4
4, 0
4, 0
1.75, 0
4, 4
4, -0
4, 8
0.75, 6.625
4, 8
-0, 5
1.25, 7.5
-0, 8
8.5, -0
7, 1.5
7, 8
4, 0
0, 0
7.75, 0
0, 8
-0, 8
4, 8
8.75, 4.5
-0, 9
8, -0
4, -0
4, 3
3.5, 4
4, 4
9.625, 6
0, 8
7.25, 4.5
5, 4
0, -0
8.75, 2
0, 0
1, -0
0, 5
0, -0
5, 7.5
4, -0
4, 0.125
8.5, 4
8.5, 9
0, 4
0, 11
10, 3
-0, 5
4, 7

4.5, -0
7.125, -0
1, 7
8, 8
8, -0
-0, 0
8, 4
0, 8
8, -0
2, 8
3.5, 0
0, 5.125
1, 5.625
0, 3
4, 4
10.125, 1
-0, 9
8, 4
8, 8
4, 8
8, 4
2, 4
4.5, 1
9.875, 3.875
0.25, 2
8, 8
-0, 8
0, 4
8, 4
-0, 8
-0, 4
7, 0
-0, 7
4, -0
10, 7.875
0.75, 1
8, 4
4, 10
0.625, 4
4, 8
0, 4
-0, 8
4, 0
7, 1
5.5, 9
11.75, -0
4, 0
11.5, 9
4.5, 7.5
3, 2
7.625, 4
0, 4
7, 8
4, 4
-0, 8
8, 8
-0, 8
0, -0
8, 8
0.125, 11
7, 0
4, -0
5.125, 10
2, 7
4, 4.75
4, 0
8, 4
7.5, 11
6.25, 1.875
8, 4
0, 8
0, 4
9, 8
10, 5
8, 4
4, 8
-0, 4
6, 8
4, 8
-0, 8
11.5, 8
-0, 8
0, 4
4, 7.375
4, 4
8, 0
-0, 6
0, 8
3.5, 11
0, 8
-0, 8
4, 4
8, 1.5
8.375, 11
4, 0
-0, 8
8, 4
8, 8
8, 4
2.5, 8
8, 8
4, 8
0, 8
6.75, 10.25
4, 8
8, 10
7.25, 4.75
-0, 8
10.5, 8
10, 2.5
5, 7
8, 8
0, 8
6.5, 4
4, 0
8, 0
8, -0
1, 10.75
-0, 8
0, 5
6, -0
-0, 1
9.5, 4
8, 4
11.5, 10
0, 4
10, 2
9, 4
8, 4
4.75, 11
4, 8
1, 8
4, 0
8, 4
10, 0
8, 4
-0, 6.75
0.5, 4
11.5, 6
4, -0
4, 5
2, 10
-0, 6
10, 10

9.75, 1
9.75, 9
10, 1
0, 0
8, 8
-0, 0
4, 0
0, -0
8, -0
11, 5
7, 0.5
4, 1.375
2, 10.75
8, 2
8, 0
6.625, 5
8, 6
8, -0
8, 8
4, 4
-0, 0
6, 4
3.5, 3
7.125, 1.375
10.5, 6
4, 4
-0, 8
0, 0
8, 4
-0, 8
8, 8
1, 8
10, 5.5
4, -0
5.75, 1.625
2, 9.4375
4, 0
8, 3
4.625, 4
4, 4
0, -0
8, 8
-0, 0
9, 7
6.5, 4
3, 8
4, 0
0.5, 7
10.75, 2
7.5, 3.75
9.125, 4
8, -0
8, 0
-0, -0
4, 4
0, 0
8, 8
0, -0
0, 4
11.625, 1
11, 4
8, -0
4.875, 6
6.5, 3.5
8.125, 3.875
4, 0
8, 8
10.5, 7
8.875, 1.125
0, 8
8, 0
4, 4
1.5, -0
9.5, 5
8, 8
0, -0
-0, 4
4, 0
8, 0
8, -0
11, 4
8, -0
8, -0
4, 9.75
8, 8
8, 8
4, 5.25
8, 0
8.5, 7
0, 8
8, 0
8, 0
3, 3.25
2, 10
4, 4
-0, 0
0, 0
0, 0
8, 4
0.5, 8
4, -0
8, 4
0, 8
3.75, 7.625
4, 4
5, 2
10, 5.375
8, -0
1.5, 8
9, 0
1, 1
8, 8
8, 0
10.5, 0
4, 8
4, 8
8, 8
6, 2.5
4, 5
8, -0
8, 1
-0, 3
1.625, 3
-0, 8
5.875, 8
8, -0
8.75, 9
11, 8
8, -0
6.25, 8.5
8, 0
1, 4
4, 0
8, -0
2, 3
4, -0
4, 6.25
-0, -0
-0, 4
8, 4
0, 11
11, 9
-0, 0
1, 6

10.5, 4
2.5, 6
0, 4
0, 8
8, -0
4, 8
4, 4
8, -0
8, 4
10, 2
7, 5
0, 11.875
11, 6
0, 3
4, 4
0.5, 10.5
-0, 8
8, 4
8, 4
8, 0
-0, 0
7, 8
10, 4
3.75, 6.625
3.75, 8
0, 8
8, 4
8, 0
8, -0
8, 4
-0, 4
11, 4
10, 2.5
4, 4
5, 8.5
6.75, 5.25
8, 0
2, 10
10.375, -0
4, 8
0, 4
-0, 4
-0, 4
6, 3
9.5, 3
6.25, 4
-0, 0
7, 9
11.25, 10.75
3, 8.5
2.625, 8
8, 4
2, 3
4, 4
-0, 4
0, 8
8, -0
4, 8
4, 4
10.25, 9
1, 8
8, -0
0.25, 4
0, 6.25
9.25, 10
8, 0
8, 4
1.5, 2.5
5.25, 1
4, 4
4, 4
8, 4
3.75, -0
3, 1
8, 4
8, 4
8, 4
6, 0
3.5, 4
4, 4
11, 4
4, 4
4, 8
0, 4.5
4, 8
-0, 8
4, 3.25
8, 4
8, 2
8, -0
8, 4
4, 4
11, 7.25
5.5, 6
-0, 8
4, 8
0, 0
0, 8
8, 0
-0, 0
0, -0
0, 4
8, 8
10, 6.875
8, 0
7, 11
9.5, 7.625
8, 8
10.25, -0
5, 7
10, 2
8, 4
4, 4
5, 0
8, 0
8, 4
8, -0
11.5, 0
4, 11
8, 7
10, 4.5
-0, 11
3.25, 9
4, 4
7.75, -0
8, 8
11.5, 0
11, 8
0, -0
10.5, 11.25
8, 8
2, -0
2, 4.5
8, -0
6, 9.5
8, -0
-0, 8.625
6, 4
8, 11
4, 4
0, 9
-0, 11
8, 11
7, 4

6.5, 4
11.875, 8
9, 6
8, 4
8, 4
-0, 8
8, 4
0, 8
-0, 8
1, 9
1, 9
8, 7
9, 10.875
8, -0
0, 8
9.125, 4
-0, 6
-0, 8
8, 4
8, 4
4, 4
7, 8
8.5, 8
-0, 5.125
5.25, 0
8, 8
-0, 8
4, 8
-0, 8
4, 4
-0, 8
6, 0
4, 5.5
-0, 8
5.25, 5.25
9.25, 4.75
0, 8
8, 7
2.375, 8
-0, 4
0, 8
4, 8
-0, 8
3, 7
1.5, 10
7.5, 8
-0, 8
0.5, 4
-0, 2.5
7, 4.5
0.625, 4
0, 8
11, 11
-0, 8
4, 4
8, 4
4, 4
0, 8
8, 8
9, 6
8, 4
8, -0
7.25, 6
9.5, 7.5
7.375, 4.5
0, 8
8, 8
5, 6.5
4.125, 9.75
0, 8
0, 8
0, 8
0.5, 8
9.5, 1
8, 0
8, 4
-0, -0
6, 10
8.75, 0
-0, 8
4, 4
-0, 8
0, -0
4, 3.25
4, 4
8, 4
-0, 7.25
0, 4
8, 11
0, 8
4, 4
-0, 8
11, 1.5
6.375, 7
8, 4
4, 4
4, 4
8, 4
0, 8
7.5, 0
0, 8
0, 4
4, -0
0.25, 10.5
8, 4
5, 7
2.5, 11.75
-0, -0
2.25, -0
8, 8
11, 3
8, 4
0, 8
9.25, 0
4, 8
-0, 8
8, 4
7.25, 3.625
-0, 6
0, 8
2, 10
8, 0
3.25, 11
-0, 8
1.625, -0
0, 8
5.75, 10
2, 8
0, 8
10, 4.75
8, 0
0, 8
10, 9
0, 4
4, 4
-0, 8
8, 10
0.5, 4
3.5, 5
0, -0
0, 10
11, 5
4, 3
9, 0

1.5, 11
11.875, 2
5, 9
4, 8
8, 8
8, 4
4, 8
8, 4
8, 4
6, 7
4.5, 10.5
4, 9.75
4, -0
8, 8
0, 4
3, 9.5
-0, 11
-0, 8
4, -0
4, 8
4, 8
4, 0
1.5, 10
7.125, 3.25
10.75, 2
4, 0
-0, 0
8, 0
4, 8
4, -0
-0, 0
9, 0
2, 11
-0, 4
5, 9
11, 11.5625
0, 0
8, 2
4.625, -0
-0, 8
8, 8
4, 4
-0, 0
6, 11
8, 9
9, 4
-0, 4
-0, 5
2, 0.75
2, -0
0.375, -0
0, -0
11, 4
8, 8
-0, 0
4, 8
4, -0
8, 4
4, 8
2.625, 9
0, 0
8, 8
6.875, 6
4.5, 6.25
4.375, 0.75
0, 4
8, 8
6.25, 10
5, 7.75
0, 4
8, 8
0, 4
2.5, -0
3.5, 11
4, 8
4, 8
4, 8
4, 2
2.5, 8
8, 8
10.5, 4
-0, 4
4, 4
4, 1.25
0, 8
-0, 8
-0, 3
4, 8
7.5, 11
8, 8
-0, 4
-0, 4
1.5, 5.5
10.25, 1
-0, 0
8, 8
4, 4
4, 8
4, 8
6.25, 0
4, 8
8, 4
0, 8
2.5, 7.125
4, 8
2, 7
4.75, 4.25
8, 4
6.5, -0
11, 0.5
9, 1
4, 0
0, 4
4.5, 8
4, 8
-0, 8
8, 8
6.75, 11.875
6, 7
0, 1
4, 3.5
4, 7
8.875, 4
-0, 4
0.5, 2
8, 8
7, 0
11, 0
0, 8
9.5, 0.25
8, 8
8, 4
0, 5
4, 4
3, 5
-0, -0
4, 7.25
6.5, 4
6.5, 1
4, 4
8, 9
10, -0
-0, 6
2, 1

9.5, 10
11.625, 10
4, 2
4, 4
-0, 8
4, 8
-0, 8
4, 8
8, 8
2, 11
0.5, 4.5
0, 2.375
4, 3.75
0, 6
4, 8
0.25, 5.75
8, 11
-0, 8
8, -0
4, 4
4, 8
9, 4
1.5, 6
9.875, 0.125
7.25, 8
4, 4
8, 0
4, 8
4, 4
8, -0
4, 4
4, 8
8, 10
-0, 4
6.5, 3.375
9.75, 9.875
4, 4
2, 11
9.375, -0
-0, 8
8, 8
4, 8
8, 8
-0, 1
2, 8
5, -0
-0, 4
5.5, 7
10.25, 11.5
1, 4.75
5.5, 4
8, -0
2, 6
8, 4
-0, 8
4, 4
8, 4
4, 8
8, 8
4.25, 8
0, 4
8, -0
1, 0
4.5, 9.5
4.125, 4.875
0, 4
-0, 8
8.25, 6.5
5.25, 9.25
8, 8
0, 8
4, 0
5.25, 8
0, 8
4, 8
8, 8
8, 8
6, 8
4, 0
-0, 8
2, 4
8, 4
4, 4
4, 3.625
8, 0
-0, 8
-0, 2
0, 4
6, 1
0, 8
8, 0
4, 8
3, 11
9.75, 6
-0, 4
8, 4
4, 8
4, 4
4, 4
5, 0
8, 8
4, 4
0, 8
10.5, 0.75
4, 4
9, 4
0.25, 1.375
-0, 8
6, -0
6, 8
11, 4
8, 0
8, 4
6, 0
4, 0
4, 4
0, 8
1.25, 0.375
8, 8
4, 9
0, 2
4, 10
8.125, 5
8, 8
11.875, 8
0, 8
0, 1.5
9, 0
0, 8
8.5, 8
4, 4
4, 8
8, 9
0, 8
5, 11.5
4, 4
-0, 1.75
9, 8
0.5, 6
4, 8
8, 11
5, 8
8, 8
4, 2

8.75, 7
0.5, 4
3, -0
4, 8
4, -0
4, 0
4, 0
4, 8
-0, 8
8, 10
3, 7.5
4, 9
7, 9.75
0, 3
0, 0
3.625, 5
-0, 4
4, -0
4, 8
4, 8
8, 8
1, 8
2.5, 8
6.75, 3.125
7.75, 2
8, 0
4, 0
0, 8
8, 4
4, -0
4, 8
3, 0
-0, 10.5
4, 8
5, 10.375
7.5, 11.875
4, 4
4, 1
5.625, -0
8, 8
4, 8
-0, 8
4, 8
2, -0
10, 5
1.75, 8
4, 8
5, 6
1.75, 7
5, 8
0.25, -0
8, -0
5, 6
-0, 4
8, 8
4, 8
4, 8
4, -0
4, 0
8.25, 1
2, 8
8, 8
5.625, 8
8.5, 10.5
9.75, 6.75
8, 0
-0, 8
7.25, 6.5
4.625, 0.875
4, -0
4, 8
0, 0
9.25, 4
5, 2
-0, 8
0, -0
4, 8
2, 4
10.75, 0
4, 8
2.5, 0
8, 8
4, -0
4, 11.5
8, 0
-0, 8
-0, 0.5
4, 8
7, 5
4, 8
4, 4
-0, 0
2.5, 1
0.125, -0
4, 0
8, 4
4, 4
4, 8
8, 4
9, 4
4, 4
8, -0
4, -0
9.25, 6.75
4, 8
1, 0
5.5, 11.5
4, 8
1.25, -0
2, 0.5
3, 0
4, 8
8, 8
7.25, 8
8, 0
4, 0
4, -0
2.5, 9.25
-0, 9
4, 4
10, 7.5
4, 11
4.375, 6
4, 0
5, 4
8, 8
4.25, 6
11, 8
4, 8
5.25, 6.75
4, 0
2, 8
10, 0
0, -0
0, 9
4, 4
4, 10.75
4.5, 4
9, 2
4, -0
8, 1
6, 10
4, 8
1, 1

5.25, 4
3, 5
8, 3
0, 8
4, -0
-0, 0
-0, 0
4, -0
-0, -0
10, 5
1, 7
8, 8.5
5, 3.625
0, -0
4, 0
1.375, 11.75
4, 7
-0, 8
0, 8
0, 8
8, 0
3, 8
0, 1
6.75, 10.25
1.75, 2
0, 8
8, 0
4, 0
4, -0
4, 4
8, 8
11, 0
4, 11
4, -0
9, 1.5
9.5, 11.1875
8, 8
8, 9
5.375, 2
4, 4
4, -0
4, 4
4, 8
5, -0
11, 11
4.5, -0
4, 4
2.5, 2
9, 8.5
9.5, 10.75
7.625, -0
0, 8
10, 1
4, 8
4, 0
0, 8
8, 4
0, -0
4, 0
5.5, 9
3, 8
8, 8
9.625, 8
1, 10.5
10.875, 1.875
8, 0
8, 8
8, 1.5
0.125, 10.375
0, 8
0, 0
0, 8
6.5, -0
0.5, 10
4, 4
0, 4
8, 8
4, 6
4.5, 4
-0, -0
0, 8
4, -0
8, -0
8, 2
4, 8
4, 8
-0, 0
4, 0
3, 3
0, -0
-0, 8
4, 0
9.5, 6.625
1, 2
-0, 8
-0, 8
4, 4
0, 8
4, 0
6.5, 8
0, -0
0, -0
4, 4
7, 10.875
0, 8
2, 11
11, 10.625
4, 4
7, -0
-0, 0.5
8, 8
-0, 8
4, 0
8.5, 8
0, 0
8, 8
4, -0
9.25, 7.875
10, 6
4, -0
6, 4
4, 11
2.25, 0
-0, 8
5, 8
4, -0
5.5, 10.5
1, 0
0, -0
10.5, 5.5
8, 0
3, -0
4, 11
8, 8
4, 9
-0, 8
8, 5.25
3, 8
2, 7
4, 4
8, 1
-0, 1
4, 9
4, 0

11.25, 4
3.25, 6
0, 1
4, 0
8, 4
4, 8
-0, 0
4, -0
8, 8
11, 11
6, 3
0, 6.25
11, 3.25
0, 10
0, 4
9.25, 4.25
4, 2
4, -0
4, 4
4, 0
-0, 4
0, 4
0, 4
11.5, 11.5
9.25, 8
8, 0
4, 4
4, 0
8, 4
4, 4
8, 4
3, 0
8, 5.5
8, -0
0.25, 9.375
3, 8.625
4, 4
2, 3
10.875, 10
4, 8
8, 4
-0, 8
4, 0
10, 3
11.5, 10
11.75, 4
4, 8
10, 7
-0, 10
6, 8.25
9.375, 8
0, -0
9, 5
4, -0
-0, 4
4, 0
4, 8
4, 8
8, 8
0.875, 0
9, 8
4, 4
8, 6
2.5, 0
5.375, 11.625
4, 0
4, 8
5.25, 4
11.75, 4.375
4, 8
4, 0
4, 0
9.25, 8
8.25, 3
4, 8
0, -0
8, 4
2, 2
6.5, 8
4, -0
6.5, 8
4, 8
0, 4
4, 6
4, 0
-0, 4
8, 11.25
8, 8
5, 2
8, -0
4, 4
-0, 4
6.5, 3.75
4.5, 7
4, 8
-0, 4
8, 0
4, 0
8, 4
11.25, 8
4, 8
4, -0
0, 8
8, 10.375
4, 0
5, 1
9.25, 11.375
4, 4
1.75, 8
4, 5
4, 6
4, 4
4, 8
10.25, 8
8, 0
-0, 8
8, 4
5.75, 5.5
10, 3
8, 10
0, 3
4, 6
0.25, 4
4, 8
10.25, -0
8, 8
8.25, 2
1, 8
4, 8
0.25, 8.75
8, 4
7, 8
2, 3.5
4, 4
4, 3.5
4, 4
8, 2.25
1.5, 8
4, 1
0, 4
0, 5
4, 11
4, 1
5, 11

9, -0
5.5, 2
2, 1
8, 8
8, 4
8, 8
8, 8
8, 8
-0, -0
3, 2
9.5, 9
0, 11.875
3, 10
8, 9
8, 8
0.125, 8.5
4, 11
8, -0
8, -0
8, 0
8, 8
3, 8
7, 9
11.25, 7.5
8.25, 8
8, 0
8, 0
4, 4
8, 8
-0, 8
-0, 0
2, 4
2, 4.5
8, 8
0.75, 6
7, 8.9375
8, 8
6, 5
9.75, 6
-0, 8
8, 8
8, 8
4, 0
9, -0
1.5, 1
2.5, -0
8, 8
1, 0
3.25, 10.25
4.5, 7
10.25, 8
8, -0
6, 7
-0, 8
-0, 0
8, 8
4, -0
8, 8
8, 0
2, 6
6, 8
8, 8
9, 0
2.5, 2.5
1.875, 1.5
0, 8
8, 8
10.75, 9.5
6.125, 1
4, 4
0, 8
8, 0
3.75, -0
0.5, 6
-0, 0
8, 8
8, 8
2, 10
9.5, 4
-0, 8
11, 4
8, 8
8, -0
0, 11.125
8, 8
8, 8
4, 9
8, 4
1, 10
0, 8
-0, 0
8, 8
10.5, 1.125
1.875, 5
8, 4
8, 0
8, 4
8, 8
8, 8
8.5, 0
4, 4
4, -0
0, 4
4.75, 8.625
8, 0
10, 5
0.5, 4.5
4, 4
11.25, 4
9, 9.5
6, 4
8, 0
8, 8
2, 0
4, 4
8, 8
8, 4
3.5, 7.25
2, 1
8, 7
8, 8
4, 1
3.75, 3
4, 4
9.625, 4
0, -0
4.5, 9.5
9, 4
0, -0
9.5, 6
4, 4
11, 4
8, 11.5
0, 8
2, 7.5
8, 8
4, 4.875
3.5, -0
6.5, 6
8, 8
8, 5
11, 7
-0, 0
7, 3

-0, -0
11.125, 9
5, 3
0, 0
4, 8
-0, 8
4, 0
4, -0
8, 8
1, 8
8, 10
8, 6.75
4, 7.25
0, 4
8, 8
6.25, 4.75
-0, 4
-0, -0
4, -0
0, 0
8, 0
7, 0
5.5, 10
2, 2
8.25, 2
0, 0
8, 0
4, 0
4, 8
-0, 4
4, 8
1, 0
-0, 7.5
4, 8
11.25, 9.625
10.5, 2.1875
8, 4
0, 1
9, 8
4, 0
4, 8
8, -0
-0, 4
1, 9
5.5, 7
3.5, 4
4, 4
5.5, 4
2.25, 1
6, 5.5
9, 4
8, -0
4, 4
8, 8
-0, 4
0, 0
4, 4
0, 8
8, 4
8.375, 7
10, 8
4, 8
2.5, 2
8, 4.25
0.125, 5.375
4, 4
4, 8
3, 10.5
5.25, 4.125
0, 4
4, 0
8, 8
11.75, -0
3.75, 6
8, 0
4, -0
8, 4
4, 0
1.75, 0
4, -0
6, 8
4, 4
8, 8
8, 3.875
4, 4
8, 0
-0, 1.5
8, 0
5, -0
4, -0
4, 0
8, 8
7.5, 11.5
10.5, 4
-0, 8
8, 8
0, 0
0, 0
4, 8
7, 4
4, -0
4, 4
8, 8
2, 6
0, 0
3, 5
1.25, 4.875
4, 8
1.5, 8
10, 10
10, 11
4, 0
4, 4
4, 4
8, 8
4, 4
4, 8
11.5, 2
8, 1
4, -0
2, 9.5
-0, 11
10.75, 2
-0, 4
2.625, 8
4, 8
9.5, 1
3, 4
0, 4
6.25, 3.25
4, 8
1, 8
6, 1
8, 8
6, 5
-0, 8
8, 2.375
2, 8
10.5, 6
4, 8
0, 3
7, 3
8, 11
9, 9

7.5, 7
0.875, 4
9, 2
4, 4
8, 4
4, 0
4, 0
8, 4
8, 4
11, 5
10.5, 9.5
0, 5
7, 4.5
8, 3
4, 8
5.625, 3
8, 1
-0, -0
0, 4
4, 4
4, 8
8, 0
8, 4
11.125, 11.5
6.75, 6
4, 4
8, 0
4, 0
4, -0
4, 4
8, 0
11, 8
10, 1.5
8, 4
-0, 5.625
4.25, 6.5
8, 0
0, 11
7.875, 6
4, 4
8, -0
-0, 8
-0, 0
7, 4
8.5, 0
0.75, 4
4, 4
9, 1
3.5, 8
1.5, 2.75
10.5, 8
8, -0
11, 2
4, 8
4, 8
4, 4
4, -0
4, -0
0, 0
1.5, 3
2, 8
4, 4
10.25, 0
2.5, 1.5
8, 3.875
8, 4
-0, 8
1, 3.5
4.75, 7.375
4, -0
4, 8
4, 0
4.5, 4
3, 6
4, 8
4, 8
-0, -0
8, 6
2.25, 4
4, 8
6, 0
-0, 4
4, -0
4, 8.75
8, 4
-0, 8
4, 5.5
0, 4
11.5, 11
8, 8
-0, 8
4, 8
7, 0.875
5.25, 11
8, 4
4, 0
4, 4
4, 4
4, 0
3.25, 4
0, 8
8, 4
8, -0
6.25, 9.75
4, 4
2, 6
7.25, 5
8, 8
1, 4
5, 3
0, 6
-0, 4
0, 4
3.5, 4
8, 4
-0, 4
8, 4
5.5, 10
-0, 9
0, 9
8, 0.5
4, 9
8.25, 4
4, 0
5.5, 10
4, 4
7.25, 5.5
7, 8
4, 4
5.5, 11.25
4, 4
10, -0
8, 6
4, 8
9, 10
8, -0
4, 7.875
11, 8
1.5, 6
4, 4
8, 6
9, 6
4, 5
3, 1

10.25, 5
0.875, 10
5, 5
8, 0
4, -0
-0, 0
-0, 0
8, -0
4, 4
11, 8
7.5, 11
8, 9.375
4, 9.75
8, 6
8, 4
10.5, 8
-0, 8
8, -0
8, -0
4, 0
4, 0
7, 4
3, 9
9.375, 6.25
10, 4
4, 0
4, 4
0, 8
-0, -0
4, -0
8, 8
9, 0
-0, 9
8, 4
0.75, 11.5
8.5, 9.0625
4, 4
8, 2
8.125, 4
-0, 0
0, -0
4, -0
-0, 0
1, 2
6.5, 9
6.75, 8
8, 8
5.5, 8
2, 11.5
4.5, 9
0.5, -0
4, -0
-0, 3
8, 4
4, 0
8, 0
8, 8
0, -0
0, 0
1.75, 8
7, 8
4, 8
4.875, 2
3, 6
0.875, 6.125
4, 8
8, 8
5, 8.5
8.625, 3.375
4, -0
8, 0
4, 4
4.75, -0
9.75, 7
8, 8
0, 8
4, 4
2, 6
4.25, 0
8, -0
2, 0
8, 8
8, -0
0, 0.875
4, 0
8, 8
8, 0
4, 4
6.5, 5
4, -0
-0, 4
8, 4
4, 6.375
2.875, 10
4, 0
8, 0
4, 0
8, 0
0, 0
7, 8
8, -0
4, -0
4, -0
5.75, 5.375
4, 0
7, 9
11, 8
8, -0
1.5, -0
10, 10
2, 1
8, 0
8, 8
8.75, 8
8, 8
-0, 4
4, -0
10, 10
8, 6
4, 10
10, 3
8, 6
11.125, 5
4, 0
5.25, 8
4, -0
7, 11
3, 4
8, 8
5, 1.75
4, 8
2, -0
4, 3
0, -0
1, 1
4, 4
4, 8
9, 4
2.5, 3
8, 8
8, 8
5, 9
-0, 10
3, 10

8.5, 6
2.875, 7
0, -0
8, 4
4, -0
8, 0
8, 0
0, -0
-0, -0
-0, 5
6, 7
4, 8
9, 4
0, 6
8, 4
4.125, 2.25
8, 5
4, 4
8, 4
8, 4
8, 4
0, 0
9, 10
3.25, 2.875
1, 0
8, 4
4, 4
0, 8
4, 4
8, 4
4, 8
10, 4
10, 6
8, -0
4, 10.375
2.25, 7.4375
8, 8
4, 8
6.125, 8
8, 0
4, 8
8, -0
8, 8
8, 3
9.5, 7
5, 4
-0, 8
8, 1
7.5, 10.75
-0, 4.75
10.875, 4
4, 4
1, 4
4, 8
-0, 0
8, 4
8, -0
8, -0
8, 8
7.25, 2
8, 0
0, 4
-0, 0
10, 2
2.75, 6.5
8, 0
4, 0
10, 7
3.875, 4.125
0, 4
4, 8
4, 4
0.75, 8
8, 10
8, 8
8, 8
4, -0
10, 8
0.75, 4
4, 8
7, 0
4, 8
8, 4
8, 9.5
0, 8
4, 0
4, 10.5
8, 4
0.5, 5
4, -0
8, 0
8, 4
8, 5
8.125, 7
8, 0
8, 4
4, 0
8, 4
4, 4
6, 8
8, -0
0, -0
0, 8
4.75, 5.875
8, 4
6, 10
8.5, 4.25
4, 8
9.75, 4
10, 3
0, 0
8, 4
4, 8
4.75, 4
0, 0
-0, 0
4, -0
4, 4.625
4, 6
0, 6
4, 3
-0, 6
4, 9
-0, 4
10.625, 10
0, 4
10, 6
5, 0
4, -0
6, 5
0, 4
9, -0
6, 4
8, 4
7, 1.5
8, 8
4, 7.375
2, -0
9.5, 11
0, -0
4, -0
3, 1
4, 6
11, 3

4.25, 10
5.25, 1
11, -0
4, 4
-0, 4
8, 4
-0, 4
4, -0
4, -0
11, 3
8.5, 9.5
8, 5.375
11, 9.375
4, 11
4, 0
6, 0.25
4, 1
4, 4
8, 4
4, 4
8, 0
6, 4
6, 10
8.125, 9.625
2.75, 8
4, 4
8, 0
0, 4
-0, 4
-0, 4
4, 8
8, 8
-0, 11
4, -0
3.5, 2.5
5.25, 9.6875
4, 0
8, 11
9.875, 2
-0, 8
4, 8
4, -0
-0, 8
3, -0
1, 9
6.75, -0
4, 8
7, 11
10.25, 4.75
10, 8.75
10, 4
0, 4
6, 2
4, -0
4, 4
4, 4
4, 4
8, 4
0, 8
8.875, 0
1, 4
4, 4
5.875, 0
10.5, 11
9.125, 8.25
4, 0
4, 8
1, 11
3.625, 2
4, 8
0, 4
8, 0
3, 4
7.25, 6
8, 8
8, 8
8, -0
4, 0
2.75, 8
-0, 4
6, 0
-0, 4
0, -0
4, 11.875
4, 0
4, 8
-0, 8.75
0, 0
10, 2
0, 4
8, 8
4, 0
10, 10
6.875, 1
4, 0
-0, 4
4, 8
4, 4
0, 4
7.25, 8
8, 4
4, -0
8, 4
10.5, 9.625
4, 4
6, 2
3, 5.5
4, 8
9.75, 4
11, 4.5
6, 1
8, 4
0, 4
3, 0
4, 0
-0, 4
0, 4
5.75, 9.5
-0, 3
4, 4
0, 2
4, 5
11.25, 6
4, 8
10.5, 8
4, 8
1.75, 11.5
6, 0
4, -0
2.25, 9.5
4, 4
3, 4
8, 3
4, 4
11, 10
4, -0
8, 10.125
11, 4
2, -0
4, 8
8, 4
5, 7
4, 3
11, 2

7.5, 9
10.5, 4
10, 6
4, 4
8, 4
-0, 8
8, 8
8, -0
4, -0
6, 2
2, 7
8, 7.5
8, 3.75
0, 4
4, 0
4, 1.5
-0, 2
4, 4
4, 8
4, 4
4, 0
10, 0
0, 5
4.375, 11.125
5.5, 0
4, 4
4, 8
4, 0
8, -0
4, 8
4, 8
5, 8
8, 6.5
-0, -0
3.5, 6
7, 0.5
8, 8
10, 4
10.625, 6
-0, 4
4, 8
-0, -0
4, 0
9, 2
1.5, 9
1.5, 8
-0, 0
2, 1
0.25, 5.5
10.5, 5
11.25, 8
4, 8
6, 11
4, 4
8, 8
4, 4
8, 8
0, 8
4, 8
2.875, 3
1, 4
4, -0
4, 6
4, 6.75
5.75, 5.75
8, 4
8, 8
4.5, 10.5
5.25, 10.5
4, 8
8, 0
4, 4
0, 8
4.25, 2
8, 4
0, 8
4, 8
6, 4
1.25, 8
8, -0
11.5, 8
4, -0
4, 4
0, 0.125
8, 8
4, 8
8, 1.5
0, 0
3, 6
8, 8
8, 4
4, 0
10, 9.625
11.625, 5
8, 8
4, 0
8, 8
4, 4
8, 0
1, 0
8, -0
0, 4
0, 8
1.75, 7
4, 4
11, 1
6.5, 7.875
8, 4
11.75, 4
2, 5.5
1, 5
4, 8
4, 0
3.25, 0
8, 4
4, 8
8, 4
6, 8.25
2, 7
8, 2
6, 9.5
4, 2
1.75, 3
4, 8
3.75, 6
4, -0
11.25, 7
5, 8
0, -0
1.25, 3
4, 0
10, 4
4, 6
0, 8
3, 4.5
8, 8
8, 7.75
6, 8
6.5, 3
8, 8
8, 11
-0, 10
4, 9
10, 6

5.25, 3
3.625, 7
8, 11
4, 4
-0, 4
8, 8
-0, 8
8, -0
-0, 4
11, 6
9.5, 10.5
0, 11.125
1, 5.25
8, 5
4, 8
5.25, 7
8, 8
4, 8
4, 8
4, 8
-0, 4
5, 8
6, 10
0.125, 2.5
2.75, 4
4, 4
-0, 8
8, 0
4, 8
4, 8
8, 0
5, 4
8, 1
4, 8
8.25, 9.5
5.25, 8.625
4, 4
2, 11
7, 10
8, 8
8, 8
-0, 8
8, 0
9, 6
9, 7
11.75, -0
4, 8
7, 0
11.5, 1
4, 9.25
5.25, 8
0, 8
9, 10
-0, 4
-0, 4
4, 4
4, 8
8, 8
4, 8
5.125, 7
7, 0
8, 8
3.125, 6
1.5, 8.5
9, 0.5
8, 4
-0, 4
6.75, 2
3.25, 0.25
4, 4
0, 4
4, 8
3.25, -0
6.5, 5
-0, 4
0, 8
4, 8
4, 6
1.5, 8
-0, 4
2.5, 8
-0, 4
4, 8
0, 8.25
4, 8
-0, 0
-0, 3
0, 4
5.5, 6
8, -0
4, 8
4, 8
5.5, 10.25
9.5, 5
4, 8
-0, 8
4, 4
4, 4
4, 8
0.25, 0
0, 4
0, 4
0, 4
4, 5.875
4, 8
7, 7
6, 0.375
8, 4
6.25, 4
3, 11
9, 1
4, 8
0, 4
10.75, 0
8, 8
8, 0
0, 4
8.5, 0.25
4, 3
8, -0
4, 3
-0, 4
8.75, 0
4, 4
6.5, 6
8, -0
8.5, 1.5
2, 0
8, 8
1.5, 9
8, 0
5, -0
10, 11.5
0, 8
2, 5.5
8, 8
8, 3.625
6.5, -0
2.5, 3
8, -0
8, 2
8, -0
8, 4
4, 8

1.75, 1
8.875, 2
6, 9
4, 8
4, 8
4, 4
-0, 8
0, 8
8, 4
1, 1
6.5, 6.5
4, 4
1, 8.75
4, -0
4, 4
7.375, 10
8, 1
4, 8
0, 8
4, 8
-0, 8
0, 8
7.5, 10
9.125, 8.5
6, 4
4, 8
-0, 0
4, 4
4, 4
4, 8
4, 4
-0, 0
2, 9.5
8, -0
0.25, 1.5
6.75, 7.6875
0, 0
0, 0
7.875, 6
8, 0
4, 4
8, 8
4, 8
1, 8
7.5, 7
6.5, 8
4, 0
3.5, 7
2.5, 1.75
10.5, 9.75
9, 8
4, 8
11, 3
4, -0
8, 4
4, 8
4, 8
4, 4
8, 8
3.5, 10
1, 0
0, 4
2, 0
8.5, 10.75
9, 11.875
4, 0
4, 8
4.25, 5.5
8.125, 11.875
0, 8
4, 0
4, 8
7.25, -0
8, 2
4, 0
8, 4
8, 8
-0, 8
3.75, 4
4, -0
7.5, 8
8, -0
8, 8
4, 4.375
4, 8
8, 4
4, 10.5
0, 8
-0, 11
4, -0
8, 4
4, 4
9, 11.75
4.5, 1
8, 4
8, 8
4, 4
4, 8
4, 4
7.25, 0
4, 8
4, 8
8, 8
8.5, 7.75
4, 8
5, 5
6.25, 5.625
4, 4
11.5, 8
4, 11.5
6, 8
-0, 8
8, 0
4.5, 4
4, 0
4, 0
4, 8
4.75, 2
8, 5
8, 9
4, 5.5
-0, 1
4.625, 9
-0, 8
9.25, 2
0, 8
4.25, 0.5
3, 0
4, -0
2.75, 3.5
4, 0
11, -0
2, 2.5
4, 8
5, 6.5
4, 8
-0, 1
8, 8
10.5, -0
4, 8
8, 3
4, 11
-0, 4
-0, 2

10, 1
6.625, 10
8, 10
8, 4
4, 8
4, 4
4, 4
4, 4
-0, 8
5, 3
8, 11.5
0, 4.375
3, 5.375
0, 10
8, 4
4.75, 4
4, 9
4, -0
8, 8
8, 4
8, 4
10, 8
3.5, -0
0.75, 0.75
8.75, 0
8, 4
8, 8
4, 4
-0, 8
-0, 8
4, 4
10, 4
-0, 1.5
-0, 8
4.25, 10
7, 7.5625
4, 4
6, 4
9.75, -0
-0, 4
4, 8
-0, 8
4, 4
11, 5
11, 4
6, 8
8, 8
8, 8
8.5, 5.25
6, 2.25
1.375, 4
4, 8
8, 4
8, 4
4, 0
8, 4
4, 4
4, 4
8, 4
1.25, 1
8, 4
4, 4
8.25, 6
8, 1.25
5.25, 5.625
4, 4
4, 8
0, 9.5
8, 3.625
8, 8
8, 0
4, 0
4, 4
2.75, 3
-0, 4
4, -0
8, 4
8, 10
5, 8
8, -0
2, 0
-0, 8
8, 4
8, 2.375
4, 4
4, 8
4, 7.25
4, 4
10.5, 1
4, 4
8, 4
8, 4
1.5, 11.125
0.375, 3
-0, 8
8, 4
0, 8
8, 4
0, 8
9.25, 0
4, 4
8, 8
0, 8
1, 9
8, 4
3, 5
9.5, 11.875
4, -0
0.25, 4
10, 5.5
5, 9
8, 8
0, 8
5.75, 0
8, 4
-0, 4
4, 8
7.25, 1.125
6, 10
4, 7
0, 3
8, 4
9.25, 2
8, 8
6.375, 4
4, 8
3, 6
7, 8
4, 8
5.75, 2
0, 4
1, 4
2, 6
0, 8
6, 9.5
4, 8
4, 2.5
1, 4
6, -0
0, -0
4, 2
2, 3
4, 10
5, 2

4, 4
1.75, 7
6, 5
4, 0
4, -0
8, 4
8, 4
8, 4
4, 4
7, 0
3, 2
4, 5.75
4, 2.625
0, -0
4, 8
6.375, 3.5
-0, 10
4, -0
4, -0
4, 0
4, 0
10, 4
4, 3
8.875, 5
11.25, 4
4, 0
4, 0
0, 8
8, -0
4, -0
8, 8
3, 8
10, 5.5
8, -0
0.75, 11.875
4.25, 6.1875
4, 8
2, 2
4, 4
8, 0
8, 8
8, 8
8, 8
10, 8
5.5, 8
7, -0
-0, 4
11, 1
2.5, 7.5
1, 9.5
1.875, 4
4, -0
6, 6
-0, 4
4, 4
4, 0
8, 4
8, 4
4, 0
9.875, 7
9, 0
4, 4
3.75, 8
10, 5.75
7, 11.5
8, 0
4, 0
7, 3.5
9.375, 9.625
4, -0
4, 8
4, 0
8.5, 4
2.75, 7
8, 0
0, 4
4, -0
8, 6
4, 0
4, 8
6, 8
4, 8
8, -0
0, 4.125
8, 4
-0, 4
-0, 6
4, 8
6, 7
8, 8
-0, 0
4, 8
1.5, 8.375
6, 6
4, 0
4, 0
4, 8
4, 0
8, 0
3.25, 0
8, 4
0, 4
8, 8
4.5, 6.25
4, 0
11, 0
9.25, 0
4, -0
2.25, 4
4, 10
7, 11
4, 0
4, 8
8.5, 4
4, 8
8, 0
4, -0
5, 8.25
6, 4
8, 4
8, 5
4, 11
0.125, 2
4, 0
5.875, 10
4, 4
1, 9.5
7, 4
0, 4
3.75, 0.75
4, 0
6, 8
6, 4
4, -0
11, 3
4, 8
-0, -0
5, 8
8, 8
8, 4
4, 10
11, 8
-0, 0
11, 10

1.75, 2
1, 7
2, 6
8, 4
-0, -0
-0, 4
8, 8
8, 8
4, 4
7, 9
2.5, 8.5
8, 8.5
3, 6.75
4, 10
0, 0
10.625, 6.25
4, 1
8, 4
0, 4
0, 4
-0, 8
7, 0
6.5, 8
9, 11.375
5.25, 6
4, 8
4, 0
4, 8
-0, 4
-0, -0
8, 8
1, 0
8, 6
8, 8
4.5, 0.75
2.25, 9.3125
8, 4
0, 8
11.75, 6
-0, 4
8, 8
4, 8
-0, 0
4, 6
8, 2
10.25, 8
4, 0
6.5, 11
3.5, 3.25
3, 3
6.5, 8
0, 4
8, 2
-0, -0
4, 0
8, 4
-0, 8
0, 4
0, 0
5.125, 8
0, 0
0, 4
10, 6
4, 11.75
8.125, 1.25
8, 8
-0, 0
0.25, 10
7.75, 11.75
8, -0
0, 0
8, 4
4.25, 4
6.5, 1
-0, 0
0, 4
-0, -0
-0, 10
2.5, 4
-0, -0
0, 0
-0, -0
0, 4
4, 11
0, 0
-0, 0
8, 8.5
0, 0
9, 11
8, 4
8, 0
-0, 0
1.5, 9
9.875, 1
-0, 4
-0, 4
0, 0
8, 4
0, 4
11.25, 8
0, -0
0, 4
0, -0
3.25, 1.625
0, 4
-0, 0
8.25, 3
-0, 4
1.75, 8
11, 5
11, 6
-0, 4
0, 0
7.75, 8
0, 4
-0, 0
0, -0
10.75, 3
-0, 6
0, 4
2, 11.5
-0, 0
1.5, 7
8, 0
3.375, 2
0, 4
2.75, 7
9, 4
4, 8
2.5, 5
0, 0
0, -0
10, 9.5
0, -0
4, 6
8, 4
4, 2.625
5, 4
2.5, 3
4, 4
8, 3
3, 7
-0, 4
10, 4

11, 1
8.125, 6
2, 3
8, 8
-0, -0
-0, 4
8, 8
0, -0
-0, 8
5, 5
0, 10
8, 11.125
8, 2
4, 6
4, 4
11.625, 8.5
4, 8
4, 8
4, 8
4, 8
-0, 4
2, 8
2.5, 3
10, 7.125
9.75, 0
4, 8
-0, 0
0, 4
4, 8
-0, -0
4, 8
-0, 0
4, 11
-0, -0
8.25, 11
8, 0.75
8, 4
0, 0
6.25, -0
4, 8
4, 8
4, 8
8, 8
-0, 10
7, 0
6, -0
-0, 0
2.5, 11
1.25, 8
5.5, 1
10.125, 8
8, 4
2, 2
4, 4
-0, 0
8, 8
-0, -0
0, 4
0, 0
7, 4
7, 0
8, 8
10.875, 8
6.5, 5.5
9, 2.875
0, 0
-0, 0
8.5, 7
9.375, 7.625
4, 4
0, 0
4, 8
3.25, 4
11.5, 2
8, 8
8, 4
4, 4
4, 4
2.25, 4
-0, -0
8.5, 0
4, 4
4, 4
4, 10.875
0, 4
-0, 4
8, 8.75
4, 8
2, 7
8, 8
-0, 8
4, 4
5.5, 8.625
5.5, 6
8, 8
4, 8
0, 4
8, 8
4, 8
3, 0
8, 8
8, 8
8, 4
4.5, 0.125
4, 8
6, 7
4, 2.75
-0, 4
0.25, -0
1, 0
6, 7
4, 8
4, 4
2, 4
0, 0
8, 8
0, -0
8.25, 7.25
-0, 6
4, 6
2, 4
-0, 10
6.625, 4
4, 4
6.25, 8
8, 4
6.75, 7
10, 0
0, -0
9.25, 8
0, 0
7, -0
6, 8.5
8, 4
2, 9
8, 4
8, 11.75
8.5, -0
2.5, 5
4, 8
8, 5
2, -0
-0, 4
1, 0

6.5, 5
7.875, 11
2, -0
4, 8
-0, 8
4, 8
4, 8
0, -0
-0, 4
3, 1
7.5, 10
4, 11
1, 0.125
4, 2
8, 4
6, 7.75
4, 2
8, 8
8, -0
8, 8
4, 8
8, 0
7, 9
5.5, 6.25
2, 4
0, 0
4, 8
0, 0
-0, 4
4, 8
4, 8
8, 4
6, 2.5
-0, 4
10.5, 6.875
3, 2.125
0, 0
4, 8
6.375, 8
8, 0
8, -0
8, -0
-0, 0
5, 11
2.5, 10
8.5, -0
4, 8
-0, 4
8.5, 4.25
-0, 10.75
6.75, -0
8, 8
2, 2
8, 4
-0, 0
4, 8
8, -0
4, 8
4, 0
1.75, 8
3, 0
4, 8
5.75, 2
5.5, 10
3, 11.625
8, 8
-0, 0
10.5, 4.5
10.625, 2
4, 8
8, 8
0, 4
3.5, 8
10, 7
8, 0
0, 4
4, -0
-0, 4
10.25, 4
8, 8
6, 4
4, -0
4, 4
4, 9.125
8, 4
4, 8
-0, 11.25
0, 8
-0, 6
8, 8
-0, 8
8, 4
11.5, 5.75
4.5, -0
8, 0
-0, 0
8, 4
4, 8
0, 4
9.5, 0
8, 4
0, 4
4, 8
1.25, 4.5
8, 8
-0, 9
1.75, 5.5
4, 8
0.75, 4
5, 7
7, 2
8, 0
4, 0
8.25, 4
0, 8
8, 8
0, 8
5.75, 7.25
10, 9
0, 3
8, 5.5
4, 9
8.375, 1
4, 8
10.75, 10
0, -0
0.75, 5
10, 0
0, 8
6.75, 11.5
4, 8
3, 4
0, 7
0, -0
7, 5.5
8, 8
4, 2.375
1, -0
2, 4
4, 4
4, 11
5, 4
8, 11
1, 0

4.25, 7
9.25, 7
10, 2
8, 0
4, 4
-0, 8
-0, 0
4, -0
-0, 4
11, 4
4, 11
8, 9.375
1, 3.625
4, 7
4, 4
4.5, 5.5
4, 3
-0, 8
0, -0
0, 0
8, 4
11, 4
10, 3
3.375, 10.5
6, 4
0, 0
4, 0
8, 4
8, 8
4, 8
4, 0
9, 0
2, 9.5
-0, 8
7.5, 1.75
2, 11.6875
4, 0
10, 8
5.625, 10
8, 8
8, 4
-0, 8
8, 0
8, -0
8.5, 10
8.25, 4
8, 4
-0, 0
-0, 0
11, 10.25
4.375, 4
0, 4
2, 9
4, -0
-0, 4
8, 0
8, -0
0, 8
0, 0
9.375, 9
4, 0
0, 4
0.75, 4
0.5, 8.5
3.625, 11.25
8, 0
4, 4
7, 4
2.75, 11.875
4, 8
4, 0
0, 4
7.75, 8
10.5, 7
4, 0
0, 4
-0, -0
10, 2
10.75, 8
4, -0
9, 0
4, 4
0, 4
8, 4.375
0, 4
4, 4
8, 3.25
0, 4
2.5, 5
4, 4
4, 0
4, 4
9.5, 5
3.375, 10
-0, 0
-0, 8
8, 0
8, 0
8, 8
8.75, 0
0, 4
4, -0
8, 8
1.5, 2.125
0, 0
9, 3
8.25, 6
8, 4
0.75, 8
10, 7
0, 8
-0, 0
4, 4
8, 8
4, 0
4, 0
4, 4
10.5, 8.5
-0, 8
4, 4
10, 0.5
-0, 9
5.25, 10
4, 8
2, 10
4, 8
3.75, 4
8, 4
4, 8
9, 5
0, 4
9, 4
6, 4.5
0, 4
1, 6
-0, -0
-0, 5.25
2.5, 8
11, 8
0, 8
0, 3
9, 7
8, 9
6, 0

11.5, 8
10.875, 1
9, 6
0, 0
-0, 8
8, 4
4, 0
8, -0
8, -0
11, 2
11, 1
0, 8.375
4, 0.75
4, 3
0, 8
10.625, 7.25
4, 2
-0, 8
0, -0
0, 8
4, 0
3, 0
9, 5
5.25, 6.5
10.25, 10
0, 8
4, 4
4, 4
4, -0
4, -0
4, 8
7, 0
8, 6.5
4, 4
11.5, 11.75
11.25, 7.4375
4, 0
4, 5
9.25, 10
8, 8
4, 8
4, 8
-0, 0
-0, 6
1, 6
7.5, 4
-0, 8
11.5, 1
0.25, 1.25
9, 4.5
5.5, 4
4, -0
6, 2
4, 4
8, 0
0, 0
-0, -0
8, 4
4, 0
6.75, 0
9, 4
0, 8
6.625, 10
9.5, 9.75
11.625, 11.375
4, 4
-0, 8
4.5, 10.5
6.625, 4.75
0, 4
4, 4
0, 8
1, -0
6.5, 5
8, 8
0, 4
4, -0
-0, 2
10.75, 0
4, 4
9, 0
8, 8
0, 8
0, 7.75
0, 0
-0, 8
4, 4.25
4, 8
7, 4
4, 4
8, 4
-0, 8
4.5, 4.125
4.75, 3
8, 0
4, 8
8, 0
0, 0
4, 0
11.25, 0
4, 8
0, 8
8, 8
4, 5
0, 8
11, 2
10, 5.125
-0, 8
2.5, -0
4, 3
11, 9
-0, 0
8, 8
10.5, 8
0, 0
-0, 0
0, 8
9.25, 8.5
-0, 10
8, 11
4, 11.5
4, 11
4.125, 11
-0, 4
3.625, 10
4, -0
2, 1
8, 0
8, -0
4.75, 4.25
4, 4
4, 4
8, 1
4, -0
0, 7
-0, 8
4, 11.125
8.5, 8
7.5, 7
0, 8
0, 7
10, 9
8, 6
6, 9

9, 5
3.25, 11
11, 6
8, 0
8, -0
-0, 8
8, 0
8, 4
4, 4
2, 9
11.5, 10
8, 11.25
1, 3.875
0, 7
0, 4
10.75, 10
8, 11
-0, 8
0, 8
0, 0
8, 0
2, 4
2.5, 1
5.625, 8
6, 10
8, 0
8, 0
4, 4
4, -0
8, -0
4, 4
3, 8
4, 6.5
8, 4
10.25, 0.375
7.75, 0.3125
8, 0
2, 10
2.125, -0
4, 4
4, 4
-0, 4
-0, 8
9, 11
5, 0
11.25, -0
8, 4
6, 8
0.25, 6
9.5, 3.5
7.5, 8
8, -0
11, 0
4, 8
8, 0
8, 0
4, 8
0, 8
4, 4
6.375, 7
6, 0
8, 8
6.375, 0
7.5, 5.5
6.5, 3.375
8, 4
8, 0
3.25, 10
5.625, 8.25
8, -0
4, 8
8, 0
3, 8
9.25, 5
8, 0
0, 8
4, 4
8, 4
1.75, 8
4, 8
1, 0
4, 8
0, -0
4, 3
0, 0
8, 0
4, 0.5
8, 0
1.5, 5
8, 8
8, 8
-0, 4
9.5, 10.75
9.875, 11
8, 0
-0, 0
4, 8
8, 0
4, 0
2.25, 8
8, 8
8, 8
8, 4
1, 11.125
0, 0
6, 5
2.25, 4
-0, 8
3.25, 4
9, 4.5
11, 3
-0, 8
4, 8
4.25, 4
4, 8
8, 8
8, -0
3.75, 4.5
10, -0
4, 11
10, -0
-0, 11
6.5, 4
8, 0
9.375, 6
8, 8
5.75, 2.5
-0, 4
4, -0
5.5, 5.25
0, 4
6, 4
8, 5
0, 8
3, 2.5
8, -0
-0, 10.5
8, 4
10, 10
4, 4
0, 3
8, 5
8, 7
4, 6

7.5, 2
7.75, 1
2, 2
8, 0
-0, -0
-0, 4
4, 4
0, -0
4, -0
6, 4
11.5, 6.5
4, 5.125
1, 9.25
0, 8
8, 0
7.75, 1.5
8, 9
8, -0
0, -0
8, 0
8, 0
4, 8
8.5, 5
6.875, 7.75
8.75, 8
8, 0
8, 4
8, 0
4, 4
-0, -0
4, 8
6, 4
4, 0
4, 4
8.25, 3.25
3.75, 1.5
4, 8
2, 3
6.875, 10
4, 8
4, 8
8, -0
4, 0
-0, 9
6, 3
2.25, -0
4, 4
7, 7
2, 6.5
5.5, 2
1.25, 8
8, 4
11, 0
8, -0
4, 4
8, 0
4, 8
0, 4
0, 0
5.375, 0
0, 4
0, -0
10.5, 4
0, 7
3.75, 11.875
0, 0
4, 0
0.75, -0
11.375, 1.125
4, 8
8, 0
8, 0
5, 4
8, 1
4, 8
8, 4
-0, -0
8, 10
10.75, 0
8, -0
4, 4
4, -0
4, -0
4, 9.5
4, 0
4, 8
-0, 11
4, 8
7, 2
4, 8
-0, 8
8, 0
9, 0.5
0, 5
4, 8
4, 0
4, 4
8, 0
4, 4
3.25, 4
8, 4
8, 8
0, -0
10.5, 7.625
8, 0
3, 0
3.5, 6
-0, -0
1, 8
-0, 9.5
8, 9
4, 8
4, 0
4.75, 8
0, 8
4, 0
0, -0
3.5, 7.375
10, 1
0, -0
8, 5
-0, 4
7.75, 8
4, 8
8, 4
0, -0
2, 4
3, 8
4, 4
7.75, 5
0, 0
10, 8
8, 6
4, 8
4, 1
4, 8
8, 10.25
4, -0
9, 8
4, 4
4, -0
1, 5
4, 3
2, 2

0.25, 10
6.875, 2
3, 5
8, 8
4, 4
4, 0
8, 0
4, 4
-0, 4
-0, 0
4, 0
0, 0.5
1, 2
8, 4
8, 0
7.375, 3.75
-0, 0
8, -0
4, 4
4, 4
8, 4
0, 8
9, 4
3.75, 3.125
3.5, 6
8, 8
4, 4
8, 8
-0, 4
8, -0
-0, 8
3, 0
-0, 7
8, -0
11.5, 4.875
8, 1.125
8, 4
2, 8
11.75, 8
8, 4
0, 8
8, 4
4, 4
11, 10
6, 4
0.25, 4
8, 0
3, 0
-0, 3.25
11.5, 10.25
2.625, -0
4, 4
11, 10
8, 4
-0, 8
8, 8
8, 8
4, -0
8, 0
8.875, 1
1, 8
8, -0
3.25, 0
7.5, 10.75
10.25, 0.5
8, 0
4, 4
8.75, 6
6.375, 5.75
8, 8
4, 4
8, 4
11, -0
1.5, 10
-0, 4
0, 4
8, -0
2, 8
0.5, 8
4, 4
6, 8
4, 4
8, -0
8, 3
8, 0
4, 4
4, 3.25
8, 8
5, 4
4, 4
4, 4
8, 0
8, 10.75
1.375, 2
8, 0
8, 0
8, 4
8, 8
0, 4
0.5, 4
8, 4
8, 4
4, 8
4.75, 4.875
4, 4
5, 11
0.5, 9.5
8, 8
11, 8
-0, 1.5
2, 4
8, 0
4, 4
1.75, 0
4, 4
8, 4
4, 4
4, 0.25
10, 4
8, 10
2, 2
-0, 10
2.375, 0
8, 8
9.75, 6
4, 4
3.25, 1
2, 0
4, 4
0.75, 4
8, 4
3, 4
0, 8.5
0, 4
1, 1.5
8, 4
4, 3.125
9, -0
0.5, 10
8, -0
8, 9
-0, 6
4, 11
2, 3

4, 1
3.25, 1
9, 7
0, 8
8, 4
4, 4
4, 0
0, 8
8, -0
3, 2
7, 2
0, 4.25
4, 3.375
0, 5
8, 0
3.125, 4
-0, 7
-0, 8
4, 8
0, 8
4, 0
4, 8
5, -0
4.75, 10.125
6.75, 10
0, 8
4, 8
0, 0
4, -0
4, -0
-0, 0
3, 4
4, 11.5
8, 8
7.25, 6.125
6.5, 1.125
4, 8
6, 2
5.75, 6
8, 4
0, -0
-0, -0
4, 0
8, 3
9, 1
10.75, 8
4, 0
2.5, 4
9.5, 6
8.5, 9.75
11.625, 8
0, 8
5, 1
-0, -0
8, 4
0, 8
-0, -0
4, 4
8, 4
8.5, 6
1, 0
4, 4
5, 2
2.5, 10
0.625, 6.375
0, 8
-0, 0
9.75, 9
8.125, 0.625
4, -0
8, 0
0, 8
2.25, 4
6, 11
-0, 0
8, 4
8, 4
8, 0
5.25, 8
8, -0
4, 0
8, -0
4, -0
0, 6.75
8, 0
8, 4
4, 7.75
0, 0
-0, 5
0, 8
-0, 8
8, 0
2.5, 8.625
9, 7
-0, 4
4, 0
4, 4
0, 8
4, 0
8.75, 0
4, -0
0, -0
8, 8
3.25, 4.25
0, 8
7, 3
2.75, 2.125
8, 4
6.75, -0
1, 10.5
11, 7
4, 8
8, 0
7.75, 0
8, 4
-0, 0
8, 4
10, 10.375
-0, 3
8, -0
2, 3
4, 5
9.625, 10
4, 0
4, 8
4, -0
6, 11.5
8, 4
0, -0
5.25, 1
8, 4
7, -0
0, 3
0, 4
3, 0
4, -0
-0, 0.25
11, -0
2, 8
0, 4
4, 11
2, 11
8, 8
1, 7

7.75, 10
7.625, 3
3, 10
0, 8
-0, 8
4, 8
-0, 8
4, -0
-0, 4
2, 2
3, 11
4, 0
6, 8.375
4, 9
0, 0
7, 0.25
8, 5
8, 4
0, 8
8, 8
8, 0
2, 4
4.5, 1
0.125, 1.25
2.25, 4
0, 8
-0, 4
4, 0
8, 8
-0, 4
-0, 4
4, 0
6, 0.5
8, -0
3.25, 5.375
11.5, 0.125
0, 8
2, 1
0.375, 10
4, 4
0, 4
-0, -0
4, 8
5, 4
6, 4
2, -0
4, 0
1, 9
7.5, 0.25
4, 8
2.5, 8
8, 4
-0, 10
4, 4
4, 0
0, 8
4, -0
4, 8
0, 0
10.75, 8
1, 0
8, 4
9.25, 4
9, 9
0.5, 9.75
0, 4
4, 4
0.75, 5.5
3.875, 9.625
8, -0
0, 0
0, 8
6.25, 8
9.5, 9
-0, 0
8, 4
-0, 8
4, 2
8.75, 4
-0, -0
0, 4
8, -0
0, 8
0, 9.375
8, 4
-0, 8
-0, 5.25
8, 4
11.5, 9
0, -0
4, 4
-0, 0
8, 3.875
10.875, 9
8, 8
4, 0
4, 4
0, 8
8, 8
9, 4
8, -0
0, -0
4, 8
6.5, 6.625
8, 8
3, 8
0.5, 3.5
4, -0
6, -0
2, 4
11, 6
-0, 8
8, 0
0.75, 4
8, 8
4, 0
0, 8
5.25, 9.625
8, 1
0, 6
10, -0
4, 1
6.5, 9
8, 0
3.75, 6
8, -0
11.5, 7.5
11, 0
4, 8
0.5, 7.5
8, 0
6, -0
0, 10.5
8, 8
9, 2
-0, 8
-0, 9.125
-0, -0
6.5, 11
4, 4
8, 9
2, 1
8, 4
8, 4

6, -0
6, 1
1, 1
0, 4
4, 4
-0, 0
-0, 0
8, -0
4, -0
2, 6
7, 2.5
4, 3.125
11, 4.875
0, 11
0, 0
1.625, 9.5
-0, 6
4, 4
0, -0
8, 4
-0, 0
0, 4
8, 8
2.625, 9.5
9.5, 10
8, 4
8, 4
4, 0
4, 8
-0, -0
4, 4
5, 4
-0, 8
4, -0
11, 2.75
0.5, 2.5625
0, 8
2, 3
7.5, 2
4, 8
4, 4
-0, 8
4, 0
9, 5
3.5, 1
0, -0
8, 0
8.5, 9
3, 5
7, 9.5
1.375, 4
0, 4
3, 9
-0, -0
8, 4
0, 4
8, -0
0, -0
4, 8
6.25, 11
4, 8
8, -0
0.125, 8
2, 2.5
2, 1.125
8, 4
-0, 8
7.75, 2.5
5.875, 2.5
8, 4
0, 8
8, 0
9.25, 8
5.25, 5
8, 8
8, 4
8, 4
-0, 8
8.75, 4
-0, 8
8.5, 4
-0, -0
4, -0
4, 5.125
4, 0
-0, 8
-0, 7
4, 8
8, 6
0, 8
4, 0
-0, 0
0.5, 9.25
4.375, 7
-0, 8
-0, 0
0, 8
0, 4
4, 8
1.5, 4
4, -0
4, 4
8, 4
6.25, 9.625
8, 4
1, 3
4.25, 3.375
4, 8
5.75, -0
10, 8
9, 3
-0, 0
0, 0
3, 8
0, 0
-0, 8
4, 4
6.25, 5.5
4, 4
4, 6
6, 10
-0, 2
0.75, 5
8, 4
5.375, 2
4, -0
8.5, 8.5
2, 8
4, -0
9.25, 2.5
0, 8
10, -0
4, 6
0, -0
10, 2.5
-0, 8
4, 5.25
2.5, -0
10, 9
8, -0
0, 2
5, 8
-0, 8
7, 5

11, 7
5.125, 8
2, 11
0, 4
-0, -0
-0, 0
8, 0
4, 8
8, 4
4, 5
11, 4
4, 9
5, 3.25
8, 6
0, 8
3.625, 1
4, 0
-0, 4
4, -0
0, 4
8, 0
7, 0
5, 10
0.5, 8.5
9.5, 8
0, 8
-0, 8
4, 8
4, 4
4, -0
-0, 8
6, 4
4, 4
-0, 8
2, 2.25
7.5, 2.25
4, 0
0, 6
4.75, -0
-0, 0
0, 8
4, 8
8, 0
8, 1
11.5, 1
3.5, 4
4, 4
-0, 9
3, 7.5
8.5, 7.75
2.625, 4
4, -0
9, 3
4, 4
8, 4
0, 4
8, 8
0, -0
4, 0
3.375, 0
1, 8
4, 8
8.375, 8
3.5, 9.75
3.5, 1.125
0, 8
-0, 0
3.75, 10
8, 10.125
4, 4
4, 4
0, 4
6.25, -0
6.25, 9
-0, 8
0, 8
-0, 8
4, 6
5.5, 0
4, 4
0.5, 8
-0, 4
4, 8
4, 10
4, 0
4, 8
-0, 2.75
0, 4
-0, 10
4, 8
-0, 0
-0, 8
2, 0.125
0.5, 11
8, 4
4, 8
4, 8
0, 4
4, 4
4, 0
0, -0
8, 4
0, -0
8, 0.25
0, 4
9, 1
1.5, 5.25
4, 8
6, 8
6, 4.5
4, 4
4, 0
0, 4
11.75, 0
0, 0
4, 0
0, -0
5.25, 10
2, 5
4, 2
4, 5.5
8, 2
11.625, 3
4, 4
1.25, -0
4, 4
10.5, 0
5, 4
8, 4
2.25, 8.25
4, 4
2, -0
6, 10
8, -0
11, 9
4, -0
-0, 4.125
4, 8
4.5, 5
0, 8
8, 6
1, 11
4, 5
6, 0

5.5, 11
3.875, 3
0, 8
4, 0
4, 4
-0, 4
8, 4
4, 4
8, 4
8, 7
7.5, 7.5
4, 0.625
7, 4.25
4, 7
4, 4
8.25, 8.5
8, 2
4, 4
0, 8
8, 4
-0, 4
10, 4
1, 11
7.375, 5.25
3.25, 10
0, 8
-0, 8
4, 4
8, 4
8, 4
8, 4
8, 4
8, 1
8, 4
11, 6.625
10.5, 1.25
8, 4
6, 7
6.75, 10
4, 4
8, 4
8, 8
-0, 4
5, 9
9.5, 10
3.75, 8
4, 4
7.5, 3
9.5, 8.75
9, 5
1.125, 4
0, 8
11, 3
4, 4
4, 4
4, 0
4, 8
0, 4
0, 0
10.25, 4
7, 8
4, -0
5.875, 0
9.5, 11
8.5, 2.25
8, 0
8, 8
10.5, -0
8.625, 6.5
4, 4
0, 0
4, 0
11.5, -0
5, -0
-0, 0
8, 4
4, 4
8, 6
7, 0
-0, -0
1, 4
-0, -0
8, -0
4, 4.25
8, 4
8, 8
-0, 5.5
4, 8
11, 5
0, -0
4, 8
4, 4
5.5, 9
8.625, 8
8, 4
8, 0
4, 4
4, 0
8, 4
4.25, 4
8, 8
0, 4
4, 4
9.25, 0.25
8, 4
10, 6
9.75, 5.5
-0, -0
5.25, -0
1, 9
2, 2
-0, 8
0, 0
4.5, 8
0, 4
8, 4
4, 4
4.5, 6.125
6, 3
0, 2
6, 3.5
-0, 2
3.25, 5
4, 4
9.75, 10
8, -0
8.25, 8.5
6, 0
8, -0
5.75, 4.5
8, 4
8, 4
0, 7.5
4, 4
0, 2.5
8, 4
8, 5.25
-0, -0
8.5, 2
4, 4
0, 7
-0, 2
8, 6
7, 6

3, 9
6.875, 5
10, 1
0, 4
4, 4
-0, 4
-0, 4
0, -0
4, 8
7, 3
6.5, 9.5
4, 2.5
7, 3.25
4, 2
0, 4
11.875, 0.75
4, 8
4, -0
4, -0
4, 0
-0, 4
1, 4
8, 7
2, 4.625
3.75, 6
0, 4
-0, 4
8, 0
8, 8
4, -0
8, 0
9, 0
8, 1
4, 4
6.25, 6.875
1.75, 7.6875
8, 8
2, 4
2.25, 4
-0, 8
0, 8
-0, -0
8, 8
11, 3
1, 0
10.75, 4
-0, 8
0.5, 9
6, 1.25
9, 4.5
3.875, 8
4, -0
7, 7
4, 4
-0, 4
0, 4
4, -0
0, 4
0, 8
9.5, 0
0, 4
0, 4
5.375, 0
0, 0.5
6.125, 5.625
4, 4
4, 4
2.25, -0
9.875, 10
4, 4
4, 0
4, 0
5.75, -0
6.5, 3
4, 4
8, 4
-0, -0
10, 10
3.5, 0
4, -0
2.5, 0
4, 4
8, -0
4, 2.625
4, 4
4, 4
-0, 8.25
4, 4
7, 10
4, 4
4, 0
-0, 4
1.5, 7.5
3, 1
-0, 8
4, 0
8, 8
0, 4
8, 8
11.75, 0
4, 8
0, 4
4, -0
9, 2.875
4, 0
9, 3
6.25, 10.375
4, 8
4.75, 4
1, 3
9, 4
-0, 8
4, 4
5.5, 0
0, 8
-0, 4
4, 4
0.5, 7.875
4, 5
0, 10
0, 9
8, 6
10, 3
4, 4
4.625, -0
0, 4
2.75, 3
1, 4
8, 4
4.75, 11.5
8, 0
10, -0
0, 7
8, 4
5, 7.5
-0, 8
8, 7
7.5, 8
7, 7
8, 4
0, 3
7, 10
4, 6
11, 4

6.25, 10
9, 2
1, -0
8, 0
8, 8
-0, 8
4, 8
4, 4
8, 4
11, 2
5, 6.5
8, 0
4, 9.5
0, 3
0, 8
2.625, 2.5
4, 4
8, -0
4, 8
8, 0
8, 4
5, 4
4, 2
6.875, 11.875
7.75, 4
8, 0
8, 0
4, 4
8, 4
8, -0
-0, 8
6, 0
10, 2
8, 4
7.5, 11.375
10, 2.875
8, 4
10, 2
4.625, 4
-0, 8
0, 8
-0, 4
4, 8
3, 7
8, 6
9, 4
8, 4
7, 8
2, 5
1, 7
0.125, -0
8, 4
5, 7
-0, 8
4, 4
8, 0
-0, -0
0, 8
8, 4
3.875, 5
0, 8
4, 4
8.125, 0
9, 8.5
3.5, 6
8, 4
4, 4
11.75, 11
9.25, 11.25
4, 8
0, 8
8, 0
1, 4
0, 5
-0, 0
0, 4
8, 4
6, 0
8.5, 8
-0, 8
2.5, 0
-0, 8
8, -0
4, 1.625
8, 0
8, 8
-0, 4.5
8, 8
8, 5
4, 8
-0, 0
-0, 8
8.5, 9
0.75, 3
8, 8
4, 0
4, 4
8, 0
8, 4
3.5, 8
8, 4
0, 8
4, 4
4.75, 0.25
8, 0
-0, 2
8, 0.375
-0, 4
10, -0
7, 6.5
5, 2
8, 4
0, 8
3, 8
0, 4
-0, 8
8, 8
0.25, 10.625
-0, 7
4, 10
2, 3.5
4, 4
9.5, 5
4, 8
6, 4
4, 4
7.25, 4.5
8, 8
8, -0
10.5, 0.25
4, 0
10, 8
0, 1
0, 4
5, 2.5
8, 4
4, 3.375
6.5, -0
3.5, 11
0, 8
0, 2
8, 9
8, 0
11, 8

10.75, 5
1.625, 5
10, 2
0, 0
-0, 4
4, 4
8, 0
4, 4
-0, 4
7, 0
2.5, 4
0, 11.375
4, 1.125
8, 10
8, 4
4.625, 11
8, 3
8, 4
4, 8
8, 4
4, 4
3, 0
2, 3
4.625, 10.375
9, 2
8, 4
8, 0
4, 4
-0, -0
8, -0
8, 8
8, 8
4, 5
-0, 4
8.5, 5.125
5.75, 2.9375
0, 0
4, 11
10.75, 10
8, 4
0, -0
-0, -0
4, 0
8, 7
3.5, 6
1, -0
-0, 4
7, 8
11.25, 8.75
4, 1
11.625, 8
4, 4
8, 2
4, 8
-0, 4
0, 0
4, 8
4, 4
8, 0
8.25, 3
11, 0
8, 4
0.75, 2
1.5, 9
8.5, -0
0, 4
-0, 0
6, 4.5
6.625, 6.875
8, 4
8, 4
8, 4
11, -0
5.75, 2
-0, 4
0, 4
-0, -0
-0, 2
8.5, 4
8, 4
2.5, 8
8, 4
4, 4
0, 7.75
0, 8
8, 8
-0, 10.75
8, 4
3, 1
4, 8
-0, 0
8, 4
7, 4.125
9.25, 9
8, 4
4, 4
4, 4
0, 0
0, 0
2.75, 4
8, 4
0, 4
0, 4
10.5, 7.125
8, 4
2, 1
2, 2.125
-0, -0
2.75, -0
8, 8.5
1, 1
8, 0
8, 4
4.5, 4
4, 4
-0, 0
0, 4
2.25, 10.5
10, 6
8, 3
4, 1
4, 4
2.25, 8
8, 4
4, 2
8, 4
8, 11.5
1, 8
8, 4
6, 0.75
8, 4
2, 4
6, 2
8, 4
7, 7
4, 8
8, 2.875
8, 4
5, 3
0, -0
8, 2
6, 8
-0, 6
10, 5

11.25, 3
2, 10
9, 4
8, 0
4, -0
8, 0
4, 0
8, 4
4, -0
-0, 6
2, 11.5
0, 3.625
3, 4
0, 7
0, 4
6.375, 11.75
8, 1
8, 8
8, -0
8, 0
4, 8
4, 0
8.5, 7
-0, 10.875
0.5, 8
8, 0
8, 0
8, 8
4, -0
8, 8
4, 8
-0, 0
6, 6.5
4, -0
4, 9.5
4, 6.0625
8, 0
2, 6
8.625, 8
-0, 0
4, 8
8, 4
8, 0
8, 9
9.5, 7
2.25, 4
4, 0
3, 1
7.75, 10.5
10, 4.5
4.875, 8
8, -0
7, 10
4, 8
4, 0
8, 0
-0, -0
8, -0
4, 8
7.75, 2
8, 8
8, -0
2.25, 0
9, 0.25
11.5, 5.25
0, 4
8, 8
9, 1.5
3.25, 8.75
0, -0
4, 8
8, 0
8.25, 4
10.5, 8
8, 0
0, 8
8, -0
8, 6
0.5, 8
4, 8
1.5, 8
4, 4
4, 8
4, 11.875
0, 0
4, 0
4, 0.75
0, 0
6.5, 4
4, -0
8, 4
-0, 4
1, 2
5.25, 1
8, 0
4, 8
4, 8
8, 0
4, 0
10, 4
4, -0
4, 8
8, -0
8.5, 5.625
8, 0
8, 8
3.5, 0.875
8, 8
5.75, -0
7, 11.5
5, 2
8, 0
4, 4
4, 8
4, 4
8, 0
4, -0
6.75, 9.875
10, 8
0, -0
4, 7
8, 10
2.5, 10
-0, 0
3.5, 4
0, 4
1.5, 0.5
3, 0
8, 8
0, 9.75
8, 8
5, -0
8, 9
8, -0
5, 9
8, -0
8, 10.25
3, -0
2.5, -0
4, -0
0, 6
6, 2
4, 3
8, 4

10.75, 6
11.875, -0
1, 7
8, 8
4, -0
8, 0
8, 4
8, -0
4, 4
8, 5
0.5, 3
0, 3.875
4, 10.375
4, 5
4, 0
7.75, 8.75
8, 9
4, -0
4, 4
8, 4
-0, 4
2, 4
11.5, 11
11, 11.5
7.25, 4
8, 8
8, 8
4, 8
8, -0
8, 8
8, 0
6, 8
2, 10
-0, -0
7.75, 4.375
0.5, 10.0625
8, 4
0, 3
6.5, 8
8, 0
8, -0
-0, -0
8, 0
-0, 10
1, 5
6, 4
4, 0
11, 1
9, 8.75
2.5, 8.75
1.125, -0
4, 4
8, 2
4, 4
-0, 0
8, 8
8, 8
8, -0
8, 0
8.25, 3
3, 4
0, 4
11.5, 8
10.5, 5
6.5, 8
4, 0
8, 0
11.5, 3
4.125, 4.375
8, 4
8, 0
8, 8
5.25, -0
6, 10
-0, 8
0, 8
8, -0
10, 10
11.75, 4
8, -0
2, 4
4, -0
8, -0
4, 0.75
8, 0
-0, 4
8, 2
0, 0
5, 10
0, 8
4, 4
4, 0
5.5, 3.75
4.625, 10
-0, 0
8, 0
4, 0
8, 8
8, 0
-0, 0
0, -0
4, -0
0, -0
7, 2.375
8, 4
6, 8
10.75, 10.5
8, 4
4.5, 8
9, 11.5
8, 7
-0, 8
4, 0
1.25, 0
8, 0
-0, 0
4, -0
6.75, 3.5
2, 8
0, 1
10, 3.5
4, 5
4, 9
8, 4
7.125, 2
8, 4
7, 7.5
4, 8
4, -0
10.5, 3.5
4, 4
9, -0
6, 11.5
8, 4
6, 7
8, 4
4, 6.25
9.5, 8
6.5, 2
4, 4
8, 3
8, 8
4, 10
8, 2

11, 6
7.25, 6
9, 7
0, 8
-0, 4
-0, 4
-0, 0
8, 8
4, 8
1, 2
2.5, 8.5
8, 6
3, 0.25
4, -0
4, 4
2.125, 2.5
4, 5
-0, -0
4, 4
0, 8
8, 4
4, 8
11.5, 1
4.75, 4.5
6.25, 8
4, 0
8, 0
8, 8
8, 4
-0, 8
8, 8
11, 4
4, 1
-0, 8
7, 6.875
3.5, 4
8, 0
4, 5
8, -0
8, 8
0, -0
8, 8
4, 0
1, 9
3.5, 5
5.5, 4
8, 4
10.5, 4
11.5, 6.5
4.5, 0.5
3.375, -0
0, 8
2, 2
8, 4
8, 4
0, 8
-0, -0
0, 4
4, 4
1.875, 9
3, 8
0, -0
2.5, 8
0, 1
7.25, 11.875
0, 8
8, 8
7.25, 3.5
10.75, 9.875
0, 4
8, 4
8, 0
1.5, 4
7.75, 7
-0, 0
4, 8
4, 4
8, 0
11.75, 4
8, 4
5, 0
4, 8
4, -0
4, 10.5
0, 0
8, 8
-0, 3
8, 8
9.5, 6
0, 8
-0, 8
4, 4
6.5, 2.5
10.875, 4
8, 0
4, 0
4, 4
0, 8
8, 4
1.5, 4
4, 4
8, -0
0, 4
7.5, 7.25
0, 8
8, 8
9, 10
4, 4
10.25, 4
-0, 6.5
2, 4
-0, 8
4, 8
11.5, 0
8, 8
8, 4
0, 4
7.5, 7.25
10, -0
4, 3
10, 2.5
4, 2
5.5, 5
-0, 4
3.875, 4
8, -0
9.75, 11
6, 0
8, -0
8, 3.75
8, 4
3, 8
0, 11
0, 4
2, 8
8, -0
4, 5.5
7, 4
8, -0
0, 4
0, 7
5, 6
4, 7
6, 6

8.25, 4
6.625, 10
11, 11
0, 8
-0, -0
8, 0
8, 8
0, -0
4, -0
8, 11
9.5, 8.5
8, 8.75
1, 2.75
4, 9
0, 4
5.125, 7
8, 2
8, -0
8, 4
8, 0
-0, 4
4, 8
8.5, -0
5.75, 5.375
1.25, 6
8, 0
8, 4
8, 8
4, 4
4, -0
8, 0
11, 0
4, 11.5
4, 8
2, 7.625
8.75, 9.0625
4, 0
6, 10
7.5, 4
-0, 8
8, -0
4, 8
4, 8
11, 4
6, 11
7, 4
4, 4
4, 10
5.75, 0
4, 11
8.25, 8
4, -0
4, 10
-0, 4
8, 8
0, 8
-0, -0
8, -0
0, 0
2.125, 2
7, 8
8, 8
10.625, 4
4.5, 3
2.875, 1.5
4, 8
-0, 0
7.5, 2.5
2, 9.625
8, 4
0, 4
8, 0
2.5, -0
6.75, 2
-0, 0
8, 4
4, -0
6, 8
10.5, 0
-0, 4
2.5, 8
-0, 4
8, -0
4, 2.375
0, 0
4, 4
4, 0.25
8, 4
-0, 5
4, 4
-0, 4
-0, 4
9.5, 5.25
6.5, 5
8, 0
8, 0
0, 4
0, 8
4, 4
3.25, 0
8, 4
0, -0
8, 8
8.25, 11.375
8, 0
5, 6
9.5, 8.125
4, -0
8.75, -0
7, 11.5
9, 4
8, 4
0, 4
8, 8
4, 0
-0, 0
0, -0
1, 2
8, 10
4, 8
8, 4.5
4, 3
7.5, 8
8, 4
9.875, 6
8, 8
0.75, 6.5
-0, 0
4, 4
10.75, 4.5
0, 0
4, 4
10, 9
4, -0
9, 8
4, -0
4, 7.25
4, -0
9, 8
4, -0
4, 11
7, 2
4, 10
3, 11

3, 9
10.125, 7
4, 8
8, 8
4, -0
4, 8
-0, 4
0, -0
8, 8
6, 0
11, 7
0, 3.25
9, 5.125
0, 7
0, 8
1.875, 8
-0, 8
8, 4
0, 4
4, 8
4, 0
4, 0
4.5, 6
4.125, 11.375
2.25, 6
8, 4
8, 4
4, 0
4, 8
8, 8
-0, 0
3, 8
-0, 11
8, -0
8.25, 4.625
11.5, 8.4375
8, 8
4, 9
7.75, -0
-0, 0
0, 4
8, 4
8, 0
9, 8
1, 11
1.75, -0
4, 0
5, 4
2.25, 5.25
-0, 6.25
0.375, -0
4, -0
6, 0
4, -0
-0, 4
8, 8
4, -0
4, 8
8, 4
2.375, 1
6, 0
0, -0
1.125, 4
2, 1.25
4.125, 7.875
8, 0
8, 0
9, 4
11.875, 1.625
0, 4
0, 8
4, 0
6, 8
8.5, 2
-0, 4
0, -0
8, 4
4, 6
1.75, 4
-0, 8
3.5, 8
-0, 8
8, -0
8, 10.875
4, 4
8, 0
8, 0
4, 4
10.5, 2
0, 8
4, 0
-0, 8
10, 11.625
11.875, 8
8, 0
8, 4
0, 4
8, 8
4, 8
10.5, 4
4, 8
8, 4
0, 4
11.25, 11.875
4, 8
10, 10
10, 2.625
8, 8
7.5, 4
5, 7.5
1, 3
8, 4
0, 8
7.25, 8
4, 8
8, 4
4, -0
1.25, 1
8, 5
4, 8
6, 7.5
4, 4
8.5, 6
-0, 4
8.375, -0
8, 8
9, 5
6, 4
4, 4
6.75, 6
8, 4
7, -0
4, 9
4, -0
3, 0
8, 8
8, 2.25
8.5, -0
11.5, 11
8, -0
4, 3
11, 2
-0, 5
10, 3

10.25, 6
6.625, -0
11, 5
8, 0
-0, 8
8, 8
8, 4
8, -0
4, -0
10, 7
3.5, 1
0, 10.875
9, 10.625
4, 6
0, 8
7.25, 10
8, 8
8, 4
4, -0
8, 4
8, 0
4, 0
4, 4
11.25, 5
2.25, 4
4, 8
8, 4
8, 0
4, 4
4, -0
8, 0
1, 0
6, 6.5
4, 4
3.75, 1.375
-0, 6.625
4, 8
6, 8
6.75, -0
-0, 8
8, -0
4, -0
4, 0
10, 11
1.5, 11
0.25, 4
-0, 8
5.5, 4
9, 10
1.5, 7
6.25, -0
4, -0
6, 5
-0, 4
-0, 8
8, 0
8, -0
8, 8
0, 4
4.875, 3
1, 8
4, -0
8.5, 0
11, 0
0.375, 6.375
0, 8
-0, 8
7.5, 5
3.875, 2
8, 8
8, 0
4, 0
11.5, 4
7.75, 2
8, 0
4, 4
-0, 4
8, 4
5.5, 4
8, -0
1, 4
-0, 8
8, 4
0, 5.25
8, 0
-0, 8
8, 3.75
4, 4
1.5, -0
0, -0
8, 4
-0, 8
6, 11.75
9.25, 3
8, 4
8, 4
4, 8
8, 0
4, 4
-0, 4
0, -0
8, -0
0, 4
10, 1.875
8, 4
1, 0
0.25, 9.875
8, 8
2.25, -0
7, 2
2, 6
8, 4
0, 8
3, 4
4, 0
-0, 4
0, 8
8, 2.75
-0, 8
8, 3
6, 1
4, 11
4.5, 0
8, 8
6.125, 8
0, 4
9.25, 6
2, 8
0, 8
3, 0.5
8, 4
4, -0
10, 5
0, 4
6, 11
4, 8
8, 6.75
8, 4
4.5, -0
8, -0
0, 6
3, 2
-0, 7
11, 3

11, 2
11.375, 10
11, 1
8, 8
8, 8
8, 8
8, 4
0, -0
8, -0
10, 7
3, 1
0, 11.375
11, 9.375
0, 7
4, 0
8.75, 4.5
4, 5
8, 8
4, 4
8, 8
4, 8
1, 0
10, 9
0.5, 9.125
3.5, 10
8, 4
4, 4
8, 4
4, 4
4, 4
-0, 4
-0, 4
2, 6.5
-0, 4
10.5, 10.25
6.75, 5.5625
8, 4
0, 7
2.25, 10
-0, 4
4, 4
4, -0
4, 8
5, 5
2.5, 2
8, 8
4, 0
2.5, 1
10, 6
11, 7.5
5.375, 4
4, 8
1, 11
4, -0
4, 4
8, 8
-0, 8
8, 8
4, 4
4.625, 6
6, 8
4, 8
2.375, 2
10.5, 4
5.75, 2.75
4, 4
-0, 0
9.25, 7
1.25, 5.125
0, 4
8, 0
4, 8
5.5, -0
2, 2
4, 4
8, 4
8, 8
8, 0
5, 8
8, -0
4.5, 0
8, 4
8, 8
4, 3.75
0, 8
-0, 0
-0, 8
4, 4
4, 10
8, 4
8, 4
4, 0
6, 7
7.25, 6
4, 8
8, 8
8, 4
8, 8
4, 4
8, 0
4, 8
4, 4
8, 8
7.5, 6.5
8, 8
8, 11
7, 9
4, 8
5.5, 4
6, 6.5
4, 2
4, 4
8, 4
9.5, 8
4, 8
8, 4
8, 8
6.5, 4.625
6, 1
4, 4
2, 1.5
8, 3
9.625, 3
-0, 4
2.75, 10
4, 8
3, 3
5, 8
0, -0
0.25, 8.25
4, 8
9, -0
2, 6
4, 4
11, 4.5
8, 4
4, 3.125
7, 4
10.5, 1
0, 4
8, 7
-0, 11
-0, 9
2, 8

7, 8
2.5, 6
0, 4
0, 8
-0, -0
4, 0
8, 4
0, -0
8, -0
1, 0
5, 3.5
8, 0.375
2, 10.25
8, -0
8, 4
2.625, 5
4, 11
-0, 8
0, 8
0, 8
8, 4
10, 8
5, 11
8, 3.875
10, 10
4, 4
8, 4
4, 8
-0, 8
4, 4
-0, 8
6, 0
2, 3
-0, -0
5.75, 0.125
8.75, 4.125
4, 4
4, 2
1.5, 2
8, 0
0, 4
4, 8
-0, 0
7, 7
5.5, 1
6.25, 4
-0, 0
3, 6
4.5, 0.5
5, 10.75
1.25, -0
0, 8
-0, 5
4, -0
-0, 4
0, 8
-0, 4
4, -0
0, 4
10.375, 0
3, 4
4, -0
4.75, 6
8, 4.5
6.75, 8.625
0, 0
-0, 0
4.25, 8
7.375, 9
8, 8
4, 0
0, 8
7.25, -0
1, 7
4, 0
8, -0
-0, 8
6, 6
4.25, 0
4, -0
6, 8
-0, -0
4, -0
4, 1.5
4, 4
-0, 0
-0, 8.5
8, 8
4.5, 4
4, 4
-0, 8
8, 4
2.5, 2.125
4.25, 4
4, 0
4, 0
0, 4
0, 8
0, 8
3.5, 4
4, -0
4, 8
4, 8
4.5, 4.5
0, 8
2, 4
9, 3.625
8, -0
10.5, -0
10, 6
2, 0
-0, 8
0, 0
5.75, 0
8, 8
-0, 0
0, -0
5.25, 8.125
10, 1
0, -0
8, 7
4, 2
1.75, 2
8, 8
11.125, 2
4, 8
11.25, 6
11, 4
4, -0
0.25, 9
8, 8
4, -0
8, 1
0, -0
5, 8.5
4, 4
8, 2.5
8, -0
-0, 8
4, -0
4, 3
6, 5
-0, 7
1, 4

8.5, 9
6.5, 4
1, -0
8, 8
8, 8
8, 4
-0, 0
4, 4
4, 4
5, 4
0.5, 9.5
8, 9.375
9, 11.375
0, 5
4, 4
6.875, 10
-0, 0
8, -0
0, 4
8, 4
4, 4
4, 0
0.5, 2
3, 9.875
9, 4
8, 8
4, 4
0, 4
4, -0
-0, 4
-0, 0
6, 4
10, 5.5
-0, -0
10.5, 6.125
3, 5.5625
0, 8
10, 0
10.5, 2
4, 4
0, -0
8, 4
4, 0
11, -0
6.5, 6
7.25, 8
-0, 0
11, 7
1.25, 8
2.5, 6
2.875, 8
0, 4
5, 7
-0, -0
8, 4
8, 8
-0, 8
8, 4
0, 4
3.5, 10
6, 0
4, 4
2.125, 6
0, 3
3.375, 11.875
0, 0
8, 8
10, 4.5
9.5, 10.875
8, -0
4, 8
0, 8
4, 8
4.25, 2
8, 4
0, 4
-0, 4
-0, 4
0.75, 0
4, 8
3.5, 0
-0, -0
8, -0
0, 9.875
4, 4
8, 8
-0, 5
4, 0
8, 4
4, -0
8, 8
4, 4
6, 2.625
6.875, 3
-0, 0
8, 0
8, 8
8, 8
4, 0
8.25, 4
0, 8
8, 4
0, 8
10.75, 6.25
8, 4
2, 3
0.75, 10.75
-0, 4
5.75, 8
10, 2
2, 5
-0, 4
0, 0
0.5, 0
4, 4
-0, 0
8, 8
8.75, 9
-0, 3
0, 7
8, 3
4, 9
0.375, 4
8, 0
0.5, 2
4, 4
11, 5
11, 0
0, -0
1, 4.25
0, 4
3, -0
6, 0.5
4, -0
5, 3.5
-0, 8
4, 5.5
7, 8
8.5, 5
0, -0
4, 2
4, -0
4, 11
9, 2

10, 2
6.375, 8
7, 5
4, 8
8, 8
4, 0
8, 8
4, 8
-0, -0
8, 2
10, 1.5
8, 8.5
7, 4.875
4, 4
8, 8
8.625, 1
-0, 6
-0, 8
4, 4
0, 8
4, 8
0, 4
5.5, 2
9.25, 11.125
1.5, 8
0, 8
-0, 8
0, 8
4, -0
-0, 8
8, 4
1, 8
-0, 8.5
4, 8
5.5, 3.75
10, 5.5625
0, 8
8, 10
7.25, 6
4, 8
8, 4
4, -0
8, 4
7, 11
4, 2
7, 8
4, 8
1, 9
3.5, 2.5
8.5, 10
6.875, -0
0, 8
10, 3
8, -0
8, 4
4, 8
8, 8
4, -0
4, 4
1.625, 7
6, 0
4, 8
6.125, 4
0, 10
0.375, 6.25
4, 8
8, 8
2.75, 10.5
1.75, 11.125
4, -0
4, 0
0, 8
6.5, -0
10, -0
8, 4
0, -0
-0, 8
2, 4
1.75, 0
4, -0
4, 0
4, -0
0, 8
0, 5
8, 8
4, 8
-0, 2
0, 8
3, 11
8, 4
8, 0
8, 8
4.5, 6.75
7.25, 9
8, 8
-0, 8
8, 4
4, 8
4, 0
1, 8
4, 8
8, 4
4, 4
2.75, 6.125
0, 8
6, 10
9.75, 3.125
8, -0
8.25, 4
6, 10.5
7, 8
-0, 8
4, 0
1.25, 8
4, 8
8, 4
8, 8
4, 11.375
6, 4
0, 3
0, -0
8, 8
4.5, 6
4, 0
1.25, 10
8, -0
11.75, 8
9, 4
8, 4
8.25, 0.25
8, 0
1, 4
8, 4.5
8, 8
5, 11
-0, 8
-0, 3.375
8, 8
1.5, 10
8, 4
8, 8
-0, 3
4, 11
4, 0

10.75, 9
9.75, 4
10, 4
4, 8
4, 8
8, 8
4, 4
4, 8
4, 4
4, 9
4, 7
0, 10.5
7, 7.125
0, 8
0, 0
6.25, 7.75
4, 1
4, -0
8, -0
8, 0
8, 8
10, 0
5.5, 4
0.75, 9
11.75, 0
4, 8
4, 8
4, 8
8, 4
-0, -0
4, 4
1, 0
-0, 3
8, 4
11, 3.625
10, 3.4375
8, 0
10, 7
11.5, 6
-0, 0
4, 4
8, -0
4, 8
4, 7
3.5, 3
2, -0
8, 4
5.5, 9
-0, 5
11.5, 2.5
4.625, -0
0, -0
2, 3
8, 8
-0, 4
4, 8
4, 4
8, 8
4, 0
0.875, 8
11, 4
8, 8
1, 8
2, 9.25
5.5, 11.375
4, 8
4, 8
1, 7
4.625, 2.875
4, 8
8, 8
8, 0
10.75, 4
8, 9
-0, 0
8, 4
4, -0
8, 4
7.75, 0
8, 8
4, 8
4, 4
4, -0
4, 1.25
0, 0
4, 4
8, 5.75
8, 8
7, 5
8, -0
8, 0
-0, 0
6.5, 1.5
5.75, -0
4, 8
4, 0
8, 0
4, 8
8, 4
7, 0
4, 8
0, -0
8, 8
10.25, 11.5
8, 0
8, 7
10.25, 9.75
8, -0
3.75, -0
11, 6
1, 5
8, 8
4, 4
5.25, 0
8, 8
-0, 4
4, 8
1.75, 6.375
8, 7
8, 11
8, 7
8, 0
8.25, 2
4, 8
0.375, -0
8, -0
1.25, 6
5, 0
4, 4
9, 11.75
8, 8
10, 4
6, 10
4, -0
3, 3.5
8, -0
-0, 4.875
3, -0
8.5, -0
4, 8
0, 1
11, 11
-0, 1
4, 10

2.5, 2
5.625, 2
0, 6
4, 8
4, 4
-0, 0
4, 8
4, -0
-0, 4
9, 7
7.5, 5.5
0, 5
0, 7.875
4, 10
0, 0
11.125, 9
4, 10
8, 4
8, 4
4, 8
-0, 0
11, 8
6, 1
11.25, 4.375
4.75, 8
0, 0
8, 0
4, 0
-0, 8
4, -0
4, 0
3, 8
-0, 10
8, 4
8.75, 1.875
3.5, 8.3125
4, 8
0, 3
0.125, 10
4, 4
4, -0
-0, 4
-0, 0
11, 6
0.5, 4
11.5, -0
8, 4
7, 5
6, 11
4, 7
9.75, 8
4, 8
1, 2
4, 8
4, 0
4, 8
4, -0
0, -0
4, 0
5.25, 6
7, 4
0, 4
9.5, 6
1.5, 6
5.625, 10
8, 4
8, 0
3, 7
2.375, 9
8, 4
4, 4
8, 4
7.75, -0
1, 9
4, 0
8, 4
4, -0
8, 10
4.75, 8
4, 4
0, 0
4, 8
4, -0
0, 2.875
0, 8
4, 0
-0, 5.75
8, 4
9.5, 6
4, 8
-0, 4
-0, 0
8, 5.75
0.625, 6
8, 4
-0, 4
4, 8
4, 8
0, 8
4.25, 4
4, -0
4, 8
0, -0
9.75, 8.75
4, 8
-0, 9
0.5, 10.25
8, 4
10.5, -0
9, 3
0, 6
4, 8
4, 8
2, 0
0, 8
4, 8
4, 4
5.75, 3.5
-0, 9
4, 3
6, 6
4, 8
4.125, 9
8, 4
3, 4
4, 4
6.25, 4
4, 0
8, -0
10.75, 4
4, 4
7, 8
0, 4
8, -0
4, 7
4, 8
4, 8.875
8.5, 8
11, 5
8, -0
0, 11
7, 7
-0, 2
-0, 2

11.75, 8
1.125, 10
7, 6
4, 8
4, -0
8, 4
-0, 8
4, -0
-0, 4
9, 11
9, 9.5
0, 6.625
7, 11.75
4, 11
8, 0
10.75, 8.75
8, 7
-0, 4
4, 8
0, 4
4, 8
2, 0
9, 3
4.375, 6.25
11, 4
4, 8
-0, 4
0, 8
-0, 4
8, -0
4, 8
2, 4
4, 0
4, -0
1, 5.25
3.5, 2.5625
0, 4
4, 1
3.75, 8
8, 0
4, 8
-0, 4
4, 0
7, 4
6, 9
1.5, 8
4, 0
3.5, 11
6, 1.25
3, 9
11.625, 4
4, 4
9, 1
-0, 4
4, 8
4, 8
4, -0
8, 4
4, 8
1.125, 1
2, 4
4, 8
3, 0
1.5, 10.75
2.375, 6.625
0, 4
4, 8
6, 11.5
8.5, 4.5
0, 4
4, 8
0, 8
11.75, -0
7, 1
8, 4
8, -0
8, 8
10, 0
5, 4
4, 8
7.5, 0
8, -0
4, 8
0, 7.125
4, 8
4, 8
-0, 7.5
0, 0
5, 2
4, 4
-0, 4
8, 0
7.5, 7.25
10.375, 5
8, 0
8, 0
4, 0
4, 8
0, 4
11, 4
8, -0
0, 4
4, 8
11.25, 5.125
0, 4
11, 1
5, 8
8, 4
5, -0
6, 3
9, 7
4, 8
8, 0
11.75, 8
0, 0
8, 4
4, -0
10.5, 9
8, 8
4, 2
8, 6
-0, 9
10.125, 1
-0, 4
7.625, 2
4, 8
9.75, 8
6, 8
4, -0
6.75, 6
4, 8
7, 8
10, 8
8, 8
9, 0
-0, 4
-0, 6.375
10, 8
7, 2
4, 8
8, -0
7, 8
8, 10
9, 11

1, 9
8.75, 9
11, -0
8, 4
4, -0
4, 8
4, 4
8, -0
8, -0
1, 2
7, 1.5
8, 0.5
2, 9.375
8, 1
8, 8
6.125, 9
-0, 4
8, 8
4, 4
8, 0
8, 8
11, 0
1.5, 10
10.875, 5.5
0, 10
8, 4
8, 4
4, 0
-0, 4
8, -0
8, 4
3, 4
4, 5
8, -0
2.75, 10.75
8.5, 7.625
8, 4
4, 1
6.5, 2
-0, 0
8, 4
-0, 4
4, 4
5, 11
5, 10
5.75, 4
8, 0
6, 6
11.25, 1.5
11.5, 2
1.5, 8
4, 4
6, 1
8, 8
8, 4
8, 4
4, 4
4, 8
8, 4
9.75, 3
8, 0
8, 4
2, 0
1, 5.25
3.875, 3.125
0, 0
4, 0
2.25, 4.5
1.875, 4.25
8, 8
8, 0
8, 4
6.75, 4
5.25, 1
4, 8
8, 8
-0, 4
6, 4
1.75, 0
8, -0
10, 4
8, 8
8, -0
0, 5.125
4, 4
4, 0
8, 10.25
4, 8
-0, 9
4, 4
8, 8
8, 8
2.5, 6.625
5.5, 9
8, 4
-0, 4
4, 0
8, 4
0, 4
7.75, 4
4, 4
4, -0
4, 8
4, 0.5
8, 0
7, 7
10, 5.125
-0, 4
9.75, 4
7, 3
4, 0
8, 0
8, 8
4, 8
4, 8
-0, 0
4, -0
8, 6.75
-0, 6
8, 5
4, 6
4, 6
6, 3
8, 8
2.875, 4
8, 4
5.5, 10
10, 4
0, -0
10.25, 10
8, 4
10, 4
6, 7.5
8, -0
4, 6.5
8, -0
-0, 3.375
9.5, 8
2, 4
0, 8
8, 1
9, 8
-0, 11
9, 5

5.75, 9
10.625, 4
7, 9
0, 0
4, -0
8, 4
-0, 0
8, 8
8, 8
4, 6
3.5, 11.5
0, 4.25
1, 2.875
4, 9
4, 4
0.125, 1.25
8, 1
-0, -0
4, 8
0, 8
4, 4
11, 0
2, 3
5.125, 10.375
5.75, 10
0, 8
4, 8
4, 8
-0, 8
4, 8
8, 8
10, 0
10, 6.5
4, -0
9.25, 3.5
0.25, 3
0, 0
6, 2
2.875, 4
8, 4
8, 8
4, 8
4, 0
3, 10
1, 7
9.25, 8
4, 0
2.5, 6
0.25, 10.75
1, 1
3.75, 8
8, 4
5, 2
8, 4
4, 0
0, 0
4, 4
8, 4
0, 4
4.25, 4
0, 8
4, 4
0.75, 2
9.5, 0
8.375, 2.125
0, 8
4, 0
9.25, 8
6.5, 1.25
4, 8
0, 4
0, 0
3.25, -0
6.75, 11
8, 0
4, 8
8, 4
6, 2
6.25, 8
-0, 4
6, 8
-0, 4
4, -0
0, 0.5
4, 4
8, 8
-0, 2.5
4, 0
11.5, 2
4, -0
4, 8
4, 4
11.5, 6.25
10.375, 10
-0, 8
4, 8
4, 0
0, 0
0, 8
2.5, 0
4, 8
0, -0
8, -0
1.25, 8.75
0, 8
9, 0
9.5, 1.625
4, 4
10.5, -0
11, 6.5
5, 8
4, 8
0, 4
11.5, 0
0, 8
4, 8
4, -0
2.75, 1.125
4, 11
8, 9
10, 2.5
8, 3
2.125, 0
4, 8
2.875, 2
0, -0
6.75, 6
8, 0
8, 4
5, 1
0, 4
9, -0
6, 1
4, 8
3, 10.5
4, -0
4, 1.75
3, 8
2.5, 9
4, 8
4, 9
7, -0
-0, 8
7, 5

3, 5
2.75, 8
4, 8
8, 0
-0, 8
-0, 0
8, 0
0, 4
-0, -0
11, 4
3, 11
4, 8.75
1, 7.375
8, 3
0, 8
9.75, 10.25
4, 8
-0, -0
0, 8
8, 8
8, 8
8, 4
10.5, 8
0.25, 10.625
8.5, 10
8, 8
-0, 8
0, 4
-0, -0
-0, -0
-0, 8
7, 8
8, 7.5
4, 8
2.25, 4.875
4.5, 8
8, 4
4, 2
9.5, 4
8, 8
0, 8
-0, 4
-0, 8
4, 11
10.5, 2
5, -0
4, 8
6, 2
10, 1.75
0.5, 8.75
6.125, -0
8, 4
5, 1
4, -0
-0, 4
8, 0
-0, 8
0, -0
4, 8
4.875, 8
11, 8
0, 4
0.5, 10
10.5, 0
10.875, 1.375
0, 4
-0, 8
7, 10.5
11.375, 0.75
8, 8
0, 8
0, 0
0.5, 8
9, 3
-0, 4
8, 4
4, 8
10, 8
7.75, 8
-0, 8
7, 0
-0, 8
4, 8
0, 7.875
4, 8
8, 4
8, 8.25
4, 8
5, 2
4, -0
4, 0
-0, 8
3, 4.25
10, 2
4, 8
4, 8
0, 4
8, 0
0, 0
1.75, 0
8, 4
8, 8
8, -0
8.5, 6.625
8, 8
3, 0
4.75, 3.625
-0, 4
7.75, 4
9, 7
4, 9
4, 8
0, 8
2.25, 8
4, 8
-0, 4
0, 8
7.75, 6.5
2, 11
0, 7
6, 1
-0, 2
3.875, 3
8, 8
8.25, 6
0, 4
10.25, 3
3, 8
0, 8
7.25, 4.5
0, 8
2, 8
0, 1
4, 4
8, 8
8, 4
8, 10.75
5.5, 4
1, 3
8, 8
4, 11
6, 3
-0, 1
11, 2

9.5, 1
5.25, 2
7, 5
4, 4
-0, 8
-0, 8
-0, 8
0, 8
-0, 8
4, 6
4, 2
4, 2.875
3, 9.125
0, -0
4, 8
2.5, 3.75
8, 11
8, -0
0, 8
8, 0
-0, 8
3, 4
3.5, 9
10.875, 7.5
7.5, 6
8, 0
4, 4
4, 0
-0, 4
4, 4
8, 0
1, 0
8, 11.5
-0, -0
1.75, 8.625
11.5, 0
8, 8
0, 0
8.75, 2
8, 0
8, -0
-0, 8
4, 8
4, 1
0.5, 11
0, 4
-0, 0
8, 7
1, 4.25
4, 4.25
5.375, 8
8, -0
7, 11
4, 8
-0, 8
4, 4
8, -0
0, 8
0, 8
6.625, 2
7, 4
0, -0
0.875, 2
4, 2
5.625, 0.125
0, 0
8, 0
1, 4
7, 7.75
8, 8
0, 0
8, 8
7.5, 4
7, 10
8, 0
0, 8
-0, 8
4, 8
10, 4
-0, -0
8.5, 0
-0, -0
4, 4
0, 2.5
0, 4
-0, 8
8, 1
8, 4
5.5, 2
0, 8
4, 8
4, 8
9, 9.5
9.375, 1
8, 8
4, 4
8, 0
4, 4
0, 4
9, 4
0, -0
4, 8
8, 4
10, 6
8, 0
2, 4
2.25, 4.125
4, 8
4.75, 8
5, 8
4, 2
-0, 8
0, 0
7.25, 0
8, 0
8, 8
0, 8
10, 7.75
8, -0
0, 10
2, -0
4, 2
0.625, 9
8, 8
8.875, 2
0, -0
11, 2
2, 8
0, -0
6.5, 6.75
0, 8
0, -0
0, 3.5
8, -0
3, 8.5
8, 8
-0, 4.75
4, -0
-0, 1
0, 8
8, 11
7, 11
-0, 9
9, 10

8.25, 2
8.25, 5
10, 1
8, 8
4, 4
-0, 8
-0, 4
4, 4
4, 4
4, 7
8, 5
4, 9.125
6, 10.875
4, 6
0, 8
3, 5
8, 2
8, 8
0, 4
4, 4
-0, 0
2, 0
9, 6
1.875, 10.875
0.5, 6
0, 0
8, 4
4, 8
4, 4
4, 4
4, 4
5, 0
4, 6.5
4, 4
9.5, 2.25
4.75, 0
4, 4
10, 10
2.375, 10
4, 8
4, 4
-0, 8
8, 4
6, 9
6, 5
9.5, -0
4, 4
2.5, 9
5, 8
2.5, 5.25
5.5, 4
0, -0
5, 1
4, 4
-0, 4
8, 8
-0, 4
0, 8
8, 8
1.625, 1
0, 4
0, -0
10.25, 10
1, 2.25
7.625, 11.375
4, 4
8, 0
4, -0
6.25, 2.625
0, 4
0, 0
0, 8
8.25, 8
0.25, 7
-0, 8
4, 4
8, 8
-0, 6
8.5, 4
-0, -0
10.5, 4
4, 4
4, 4
0, 3.625
0, 4
8, 4
8, 2.25
0, 0
4.5, 3
4, -0
4, 8
-0, 8
7, 3
4.625, -0
-0, 0
-0, 0
8, 4
8, 8
4, 4
-0, 4
0, 4
4, 4
8, 4
5.25, 2.375
4, 4
2, 1
4.75, 5.25
4, 8
11, 8
-0, 11.5
8, 10
-0, 4
4, 4
1.5, 0
4, 4
-0, 4
4, 4
10, 3.875
-0, 11
4, 10
6, 9
8, 4
5.875, 0
-0, 4
3, 4
4, 8
1.25, 1
2, 0
4, -0
9.75, 3
4, 8
7, -0
2, 0.5
0, 4
11, 9
-0, 4
-0, 2
8, -0
7, 11
4, 4
0, 11
2, 5
4, 11
10, 9

8.25, 6
3.75, 1
6, 4
4, 4
4, 8
8, 4
8, 8
8, -0
8, 4
7, 6
2.5, 4.5
4, 9.75
9, 5.375
0, -0
8, 0
7, 11.25
-0, 10
8, 8
0, 4
4, 4
8, 4
10, 4
5.5, 2
9.375, 1.875
9, 2
4, 4
4, 0
4, 0
-0, 8
-0, 4
4, 0
8, 0
10, 7
8, -0
2.25, 7
7.5, 4
4, 4
10, 3
0.625, 10
4, 0
4, -0
4, -0
-0, 8
7, 6
0.5, 1
0.5, -0
8, 0
10, 3
2, 4.25
5.5, 6
4.75, -0
4, -0
6, 1
4, 8
4, 4
4, 4
8, -0
8, 4
0, 4
10.875, 0
6, 8
0, 4
0.375, 10
2, 10.5
5.5, 6.375
8, 0
4, 0
8.5, 4
0.625, 9.375
0, -0
0, 0
0, 0
11.5, -0
9.75, 11
-0, 0
8, 8
-0, 4
-0, 6
4.25, 4
-0, -0
7.5, 0
4, 8
0, 4
0, 9.375
8, 0
4, 0
-0, 11.25
8, 8
-0, 11
8, 8
-0, 8
8, 0
2, 3.625
5.875, 3
4, 4
-0, 0
4, 0
4, 4
0, 8
0.75, 4
0, 8
0, 8
0, -0
8.75, 7.75
4, 4
-0, 4
4.25, 9.5
4, 8
3.25, 4
-0, 1
7, 0
4, 4
4, 8
11.5, 4
0, 0
4, 0
4, 8
4, 6.5
10, 9
0, 9
2, 1.5
-0, 3
7.875, 4
-0, 0
5, 10
4, 8
5, 8.5
3, 0
4, -0
8, 5.25
4, 8
7, 4
8, 10
0, 4
6, 8.5
4, 4
8, 3
6.5, 4
6.5, 7
4, 8
4, 11
9, 11
4, 0
2, 6

1.75, 1
5.125, -0
0, 8
8, 4
4, 4
4, 4
4, 0
8, 8
8, 4
11, 1
9.5, 0.5
4, 5.375
9, 1.625
0, 9
8, 0
5.75, 2.25
-0, 1
8, 4
8, 4
8, 4
-0, 4
9, 8
4.5, 2
6.625, 1.25
4.25, 8
0, 8
-0, 4
8, 8
4, 4
8, 4
8, 8
1, 0
4, 10
4, -0
9.25, 5.875
9.25, 5
0, 8
4, 3
1.375, 8
4, 4
8, 8
8, 8
8, 8
7, 9
2.5, 1
5.75, -0
4, 0
7, 2
8.25, 4
8.5, 2
8.25, 4
8, 8
7, 10
4, 8
-0, 8
8, 4
4, 4
4, 4
0, 4
9, 6
1, 8
8, -0
7.875, 6
3, 7
1, 10.375
8, 8
4, 4
7.5, 11.5
7.5, 0.125
4, 4
0, 4
0, 4
5.75, 8
10.25, 5
4, 0
8, 4
-0, 4
4, 2
2.75, 8
-0, 4
0, 0
4, 8
8, 4
4, 6.75
4, 8
8, 8
-0, 11.25
4, 4
9, 5
4, 8
8, 8
8, 0
7, 8.625
0.25, 9
8, 4
4, 4
4, 4
8, 4
4, 4
4, 8
8, 8
8, 8
0, -0
2.5, 10.625
8, 4
4, 11
6.5, 0
8, -0
8.25, -0
11, 0.5
11, 11
4, 0
4, 8
11.25, 8
4, 8
4, 4
4, 4
9, 7
2, 8
4, 8
0, 9.5
8, 8
4.5, 9
4, 4
5, 8
8, -0
1.75, 0
1, 0
4, 4
0.5, 10.25
8, 8
11, 8
6, 6.5
4, 4
9, 5
-0, 8
-0, 1.625
2, 8
2.5, 11
4, 4
4, 2
-0, -0
4, 5
2, 2

4.5, 3
9.25, 4
0, 1
4, 0
-0, 8
8, 0
-0, 8
4, -0
8, -0
1, 6
4, 8.5
4, 1.125
1, 3.25
0, 5
8, 8
4.625, 0.25
4, 5
-0, 8
0, 4
4, 0
-0, 4
0, 0
11, 8
9.25, 0.75
10.5, 4
0, 0
8, 8
0, 0
-0, 8
4, -0
8, 4
3, 4
10, 2
-0, 8
2, 6.25
5.5, 1
8, 4
4, 11
0.375, 8
-0, 0
8, 4
4, -0
-0, 8
7, 9
10.5, 1
6, 4
-0, 8
2, 0
5, 11.75
6.5, 1
8.75, 8
4, -0
9, 7
8, -0
-0, 4
4, 0
8, -0
8, -0
0, 8
3.375, 10
9, 4
0, -0
11.625, 8
11.5, 0.25
4.625, 8.25
4, 0
-0, 0
3.75, 5.5
10.625, 4
8, 4
8, 0
0, 8
5.75, 4
0, 5
4, 8
0, 4
-0, 8
6, 8
9.5, 4
8, -0
4.5, 8
8, -0
4, 4
8, 0.25
0, 8
-0, 0
-0, 11.25
0, 0
11, 5
8, -0
-0, 0
8, 8
1, 8.625
10.5, 1
-0, 8
8, 8
4, 4
4, 0
0, 8
10, 8
8, 4
8, 4
4, -0
10.5, 5.25
4, 0
9, 10
0.25, 8.5
4, -0
3.75, 4
11, 7
0, 1
-0, 4
8, 0
2.75, 8
8, 0
-0, 8
0, 8
6.25, 11.25
8, 10
8, 9
4, 7
-0, 0
10.125, 2
8, 4
2.75, 8
0, -0
0.5, 10.5
8, 4
0, 4
2, 4.5
8, 4
10, 4
10, 4
8, -0
0, 10.5
8, 4
8, 1.75
8.5, -0
5.5, 11
0, -0
0, 11
1, 1
4, 6
11, 0

9, 5
10.25, 4
6, 9
0, 0
4, -0
4, 8
8, 4
8, -0
8, -0
-0, 4
2.5, 3
4, 11.625
1, 7.25
0, 6
8, 0
10.625, 0.5
8, 7
-0, -0
4, -0
0, 0
4, 0
3, 0
8, -0
3.875, 9.125
2, 8
4, 8
4, 8
8, 0
8, 4
8, -0
8, 0
3, 0
2, 0.5
8, -0
10.75, 8.125
6.5, 3
4, 8
10, 11
0.75, -0
8, 0
8, -0
-0, 4
4, 0
4, 10
8.5, 1
1, 4
8, 0
3.5, 2
7, 10
1.5, 9.25
7.25, 4
4, -0
4, 11
8, -0
-0, 4
0, 0
-0, -0
4, 8
4, 8
1.5, 3
11, 0
8, 8
9, 0
3, 5.5
8.75, 7.25
8, 0
8, 0
0, 8
7.875, 6.5
0, 8
8, 0
4, 8
1.75, 8
0.75, 4
8, 0
0, 4
4, 8
10, 4
10.75, 0
8, -0
2, 8
8, -0
4, -0
0, 4.125
0, 0
8, 0
8, 4.75
4, 8
8, 9
8, -0
8, 8
8, 0
10.5, 0.5
7.5, 11
4, 8
4, 0
4, 0
0, 0
8, 4
5.25, 8
8, -0
8, -0
8, -0
11, 10.125
0, 0
10, 0
8, 10.5
4, 8
7.75, 4
5, 2
11, 11
4, 0
8, 0
5.75, 0
0, 8
8, 0
4, -0
2.75, 7.75
8, 10
0, 2
0, 5
8, 3
3.875, 0
-0, 8
7.875, 6
8, 8
11.75, 9.5
8, 0
8, -0
3, 5
8, 0
2, -0
2, 1
4, -0
8, 11
4, 8
-0, 0.625
7, -0
10.5, 9
8, -0
0, 6
2, 6
4, 1
11, 11

1.25, 8
7.875, 10
8, 10
4, 8
4, -0
-0, 8
-0, 8
4, 8
4, -0
11, 4
0.5, 4
8, 8.625
7, 0.25
0, -0
8, 0
2.625, 6
4, 6
4, -0
8, 8
4, 8
-0, 0
5, 8
4.5, 11
11.875, 0.25
1.5, 4
0, 0
8, 8
0, 8
8, -0
8, 8
4, 0
5, 8
10, 3.5
8, -0
3.5, 7.375
8.75, 5
4, 8
6, 5
7, 4
4, 0
4, -0
-0, 8
4, 0
2, 7
6, 3
10.25, 4
8, 0
9.5, 2
9.75, 4
3, 4.5
9.375, 4
4, 8
1, 4
8, -0
8, 8
4, 8
-0, 8
0, 8
4, 8
6.125, 2
0, 4
8, -0
5.125, 10
8, 0.25
9.375, 3.25
0, 0
4, 0
7.5, 9
3.875, 6.25
0, -0
8, 0
4, 0
2.25, 4
5, 8
4, 8
0, 8
4, 8
8, 0
3.25, 4
8, -0
8, 0
8, -0
8, 4
4, 3
0, 8
4, 0
8, 4
0, 4
1.5, 4
0, -0
8, 4
8, 0
2, 8.75
9.625, 4
4, 0
8, 4
4, 4
4, 8
8, 0
9, 4
0, -0
8, 4
4, -0
4.5, 4.5
4, 8
2, 4
0.5, 0
4, -0
8.25, 4
7, 11.5
7, 1
4, 0
8, 0
10.5, 0
0, 8
4, 0
4, -0
0.75, 11.25
10, 7
8, -0
0, 1
-0, 9
0.375, 6
-0, 0
2.875, 4
4, 4
9.5, 6
5, 8
0, 8
1.25, 8.75
8, 0
5, 4
0, 6
8, -0
8, 0
4, 8
8, 5.25
10.5, 4
9, 3
0, -0
0, 2
11, 11
-0, 2
6, 7

9.5, -0
3.5, 7
0, 9
4, 4
4, -0
-0, 0
8, 8
8, 8
-0, -0
3, 4
11.5, 0.5
0, 3.75
7, 7.125
8, 1
4, 8
11.75, 11.5
4, 7
4, 4
4, 4
4, 0
4, 8
2, 4
4, 11
1.125, 1.875
6.75, 2
4, 0
4, 0
8, 0
-0, -0
8, 4
-0, 8
8, 8
4, 0.5
8, 8
6, 8.375
3, 7
4, 0
6, 10
0.625, -0
-0, 8
0, -0
4, 4
4, 4
7, 11
7, 7
3.5, 4
8, 8
0.5, 11
7.5, 10
8, -0
9.875, -0
8, -0
1, 10
8, -0
4, 0
4, 4
-0, 8
0, -0
4, 4
3.625, 4
9, 0
0, -0
1.25, 0
11, 8.75
-0, 7.125
8, 0
4, 8
6.25, 8.5
10.625, 6.875
8, -0
4, 8
4, 4
1.5, 4
10.5, 6
4, 4
0, 8
4, 8
2, 6
-0, 0
4, 8
10, 0
8, -0
4, 4
8, 2.75
8, 0
4, 8
-0, 4
4, 4
9.5, 10
4, 8
-0, 8
4, 8
11, 3.25
7.875, 3
4, 0
4, 4
4, 8
4, 4
0, 0
4.25, 4
0, -0
0, -0
8, -0
8, 3.625
4, 0
4, 6
0.75, 0.25
-0, -0
8.75, 4
-0, 6
2, 0
4, 0
8, 0
8.75, 4
4, 4
4, 0
4, -0
6.25, 8.25
6, 10
4, 8
2, 8
8, 1
8.5, 5
8, 0
4.25, 4
0, 8
4, 2.5
3, 4
4, -0
3.75, 3.5
0, 8
5, 4
0, 4.5
4, -0
10, 0.5
8, 8
4, 2.625
4, -0
8, 4
4, 4
8, 8
9, 2
8, 7
3, 8

0.5, -0
9, 8
6, 1
4, 0
-0, 4
8, 0
4, 0
0, 4
-0, 4
6, 9
8, 11.5
0, 10.375
1, 7.375
8, 5
0, 4
10.125, 4.25
4, 3
4, -0
0, 4
4, 0
4, 8
6, 8
1, 1
11.375, 9.625
6.25, 6
8, 8
4, 8
4, 4
-0, 4
4, -0
-0, 0
9, 0
10, 3
-0, 4
10.25, 1.75
11, 11
0, 4
6, 0
8.625, 10
-0, 4
4, 8
8, 8
-0, 8
2, 4
7.5, 3
9, -0
-0, 4
5, 3
10.25, 0.5
4.5, 3.5
2.5, 4
8, 8
2, 11
-0, 4
4, 0
4, 0
4, -0
8, -0
8, 0
5.5, 4
1, 8
4, 4
11.75, 6
2, 5.5
4.625, 0.625
0, 4
-0, 4
9.25, 9
8.75, 10.25
8, -0
0, 4
8, 4
8.5, 4
4.75, 8
8, 8
0, -0
-0, -0
10, 10
3.25, 0
-0, 4
5, 4
-0, 4
0, 4
0, 2.5
0, 0
-0, 8
-0, 10.25
0, 4
-0, 6
4, 4
8, 0
-0, 4
5.5, 2.375
4.75, 2
8, 4
-0, 4
4, 4
4, 0
0, 4
5, 4
0, 4
8, 4
4, -0
2.5, 4.5
4, 0
10, 1
6, 9.375
-0, -0
8.25, -0
2, 8
10, 5
-0, 0
0, 4
8.75, 4
0, 8
-0, 0
0, 4
5.5, 5.125
6, 8
0, 6
6, 4.5
4, 4
3.5, 3
8, 0
4, 4
0, 8
4.25, 9
1, 0
4, -0
3.25, 0.75
0, 0
11, 4
2, 9
0, 4
5, 1.5
-0, -0
4, 3.25
9, 4
6, 4
0, 8
4, 3
5, 2
-0, 10
8, 10

5.5, 2
4.25, -0
6, 10
4, 8
8, 4
8, 4
-0, 4
4, -0
4, 4
4, 1
3, 7.5
8, 9.5
7, 0.125
8, 11
4, 0
4, 5.5
8, 11
-0, -0
0, 4
4, 8
8, 8
3, 8
2, 1
8.875, 3.125
6, 2
0, 4
4, 0
4, 0
4, 8
4, 4
4, 4
6, 4
8, 8.5
4, -0
0.25, 10.625
8, 10
4, 4
10, 11
10.75, 8
4, 8
4, -0
4, -0
8, 4
-0, 10
7.5, 4
2.25, 4
4, 0
10.5, 1
1, 5.5
9.5, 6.75
2.375, 8
0, 4
1, 8
4, -0
4, 8
4, 8
4, 4
8, 4
4, 4
6.25, 11
2, 8
4, -0
4.875, 6
5.5, 4.75
5.75, 7.25
4, 0
4, 4
6, 2
1.125, 1.25
0, 8
4, 0
4, 0
0.25, 4
9, 5
8, 8
8, 4
4, 4
2, 0
1.25, 4
4, -0
1.5, 0
4, -0
8, -0
8, 8.875
4, 0
8, 4
4, 10
0, 4
11, 3
0, 4
8, 4
4, 0
7, 3.625
4, 3
4, 4
4, 4
4, 8
4, 8
4, 8
0.5, 0
0, 4
8, 4
0, 4
6.5, 8.25
4, 8
10, 1
2.75, 6.375
-0, -0
6.75, 8
-0, 6
0, 8
4, 0
4, 0
8.75, 8
8, 8
-0, 4
8, 4
5, 1.25
2, 11
8, 7
2, 7.5
-0, 0
11.25, 8
-0, 8
0.375, 10
4, -0
1, 8.5
7, 8
4, -0
4, 3.75
0, 0
6, 8
4, 0.5
8, -0
1, 11.5
4, 4
4, 7
1.5, 8
3.5, 4
8, 8
8, 1
5, 11
-0, 0
10, 3

5.75, 7
-0, -0
0, 6
8, 8
8, 4
4, 4
-0, 4
0, -0
-0, 8
7, 11
1, 9.5
4, 5.75
4, 8.375
8, 2
0, 4
0, 9.5
4, 2
8, -0
0, -0
8, 8
-0, 0
11, 8
10, -0
10.875, 11.875
10.5, 2
8, 0
4, 4
8, 4
4, -0
-0, 4
4, 4
9, 4
4, 8
4, 8
2.75, 3.5
7.75, 7
4, 4
2, 6
6.375, 6
4, 4
4, 4
8, 4
4, 4
4, 6
9.5, 11
0.75, -0
4, 8
7, 6
8.25, 1.5
8, 4
1, 4
4, 4
8, 4
4, 4
8, 4
8, 8
4, 8
4, 4
4, 0
6.125, 6
9, 0
0, 8
4.625, 0
8.5, 8.5
5.625, 6
8, 4
-0, 4
7.75, 8
7.75, 8.75
0, 8
4, 8
8, 0
9.25, 8
6, -0
-0, 4
0, 8
4, -0
8, 4
10, 4
4, 8
5.5, 0
4, 4
0, 4
0, 7.75
4, 0
8, 4
8, 11
8, 4
4, 10
0, -0
4, 8
-0, 4
5, 6
1.5, 2
-0, 8
4, 4
8, 4
8, 8
4, 0
5.75, 8
0, 8
4, 4
8, 4
0.5, 0.125
8, 8
10, 0
2.5, 8
8, 8
5, -0
6, 9
4, 0
-0, 0
4, 4
5, 8
4, 0
8, 8
8, 4
5.25, 8.125
10, 5
0, 5
8, 2
8, 0
10.375, 2
-0, 8
0.25, 8
0, 8
6.5, 8
2, 4
8, 4
3, 6
8, 0
9, -0
8, 0
4, 4
3, 11
-0, 4
8, 6.25
7, 8
9, 8
8, -0
0, 8
11, -0
-0, 10
2, 0

3.25, 7
-0, 11
4, 5
8, 8
-0, 8
4, 0
8, 0
8, 8
4, 8
11, 10
9.5, 5
8, 11.125
6, 8.625
0, 11
8, 4
0.5, 1
8, 0
8, 8
8, 8
4, 4
8, 8
4, 8
11, 8
6.25, 2.25
4.5, 8
8, 8
4, 4
8, 0
4, 4
8, 8
8, 8
11, 4
2, 11
4, 8
9.5, 5
11.5, 7
0, 8
8, 11
6.75, 6
-0, 8
8, 8
8, 8
-0, 8
8, 9
5, 7
8.75, 8
4, 8
2, 7
2.25, 10.25
7.5, 2.5
5.375, -0
8, 8
2, 3
-0, 8
8, 8
8, 8
8, 4
4, -0
8, 8
3.375, 1
7, 4
8, -0
3.5, 10
4, 9.5
5.5, 7.75
4, 8
4, 8
8.75, 9.5
11.875, 10.125
4, -0
8, 8
4, 4
5.75, 8
2, 5
4, 8
4, 8
4, 8
-0, 0
1, 0
8, 8
10.5, 0
-0, 8
0, 4
8, 4.5
8, 0
-0, 8
4, 6
0, 8
10, 1
4, 8
4, 4
8, 4
2.5, 7
3.125, 7
4, 8
4, 4
4, 8
8, 8
4, 4
6, 0
0, 8
8, -0
0, 8
9.75, 11.5
4, 4
-0, 3
1.25, 3.25
8, 4
7.75, 8
11, 6.5
11, 8
8, 8
0, 8
9, 0
4, 4
4, 8
0, 8
11.5, 9.75
10, -0
0, 7
2, 0.5
4, 9
3.375, 8
4, 0
10.625, 10
8, 8
10.25, 11
11, 8
8, -0
0.5, 11
8, 0
3, -0
10, 8.5
8, 8
8, 9
-0, 8
8, 8.5
-0, -0
11.5, 10
8, -0
4, 5
4, 2
-0, 11
3, 11

5.25, 8
0.75, 7
5, 5
8, 8
-0, -0
-0, 0
-0, 4
4, 8
4, 8
2, 4
10, 5
0, 0.25
5, 4.875
0, 2
4, 4
4.25, 0.75
-0, 1
8, 8
4, 8
8, 8
8, 0
5, 8
4.5, 11
7.625, 6.25
5.75, 2
0, 4
4, 8
0, 8
-0, 8
8, 8
4, 0
-0, 0
8, 5
-0, 8
3.5, 5.125
0.75, 6
4, 0
6, 8
8.125, 4
8, 0
8, -0
4, 8
8, 8
9, 9
-0, 1
8, 8
-0, 8
5, 4
11, 3
1.5, 5.25
1.125, 4
0, 4
6, 0
-0, -0
8, 4
8, 8
-0, 4
0, -0
0, 4
8.75, 8
7, 8
0, -0
6.375, 0
1.5, 11.5
1.5, 0.25
8, 0
4, 0
11.25, 8
11.125, 7.625
0, 4
8, 8
8, 8
8.25, 4
4.25, 1
-0, 0
4, -0
-0, 4
4, 10
6.25, 8
8, 8
10, 0
-0, -0
8, 8
0, 7.625
8, 0
4, 0
-0, 1.5
4, 0
0.5, 10
4, 8
8, 4
4, 4
2.5, 2.625
6.125, -0
8, 0
4, 8
0, 4
8, 8
0, 8
8.25, 4
0, 4
0, 4
0, -0
8, 4
8, 8
6, 0
3.25, 8.5
-0, 8
7.25, 8
5, 3
5, 3
4, 8
0, 0
2.5, 0
4, 8
-0, 4
0, -0
7.75, 6.5
2, 10
8, 9
0, 3
4, 7
3.875, 0
-0, 4
2.75, 4
0, 8
0, 8
-0, 4
0, 4
2, 8.5
0, 0
11, 8
6, 5.5
0, 8
11, 10.5
4, -0
4, -0
-0, 8
4, 2
8, -0
4, -0
6, 2
8, 11
11, 6

7, 7
9.125, -0
4, 7
4, 4
4, -0
4, 8
8, 0
4, 4
-0, 8
11, 7
1.5, 5
0, 10.125
2, 2.5
4, 8
8, 0
0.25, 10.5
-0, 1
8, -0
4, 4
0, 0
4, 8
7, 8
0, 1
9.75, 1.125
8, 6
4, 0
4, 4
4, 0
-0, 8
-0, -0
4, 8
4, 8
2, 5
4, 4
0.25, 6.875
7.5, 8
8, 4
6, 4
3.25, 2
-0, 4
4, 4
-0, 8
4, 0
7, 2
11.5, 7
5.5, 4
4, 4
11.5, 1
7.5, 9
9, 7
2.375, 8
0, -0
8, 2
4, -0
4, 0
4, 4
8, -0
4, 8
4, 8
3.125, 3
6, 4
4, 4
3, 4
3, 3.25
9.75, 4.75
4, 0
4, 8
8.25, 6
4, 10.5
8, 8
8, 0
4, 4
5, -0
1.25, 3
8, 0
8, 8
4, 8
-0, 6
1.5, 8
8, -0
9, 0
4, -0
0, 4
8, 2.125
8, 0
4, 8
4, 6.5
4, 4
4.5, 10
4, -0
4, 0
8, 0
9.5, 1.375
5.875, 5
-0, 0
-0, 0
4, 4
4, 4
0, 8
9.5, 8
4, 8
4, -0
8, 4
9.75, 0.75
0, 0
8, 11
1.75, 4.5
4, -0
7.75, 4
5, 9
7, 1
-0, 0
4, 0
3, 4
0, 8
8, 4
4, -0
4.75, 6.25
4, 4
0, 5
10, 6
4, 7
5.125, 9
8, 8
5.25, 4
4, -0
3.25, 8
-0, 4
4, 4
9.25, 0.5
4, 4
4, 8
2, 1
0, -0
10, 9
8, 4
4, 6.375
4, 8
1.5, 10
8, 4
0, 7
9, 2
8, 10
11, 2

1, 1
6.125, 5
5, 6
8, 4
4, 4
8, 4
8, 0
4, 4
8, 4
2, 10
6, 3
0, 7.75
9, 3
4, 3
0, 0
9.375, 3
4, 1
4, 4
4, -0
4, 4
4, 0
7, 8
5, 8
9.25, 3.5
5.25, 8
8, 4
-0, 4
8, 4
-0, 8
8, -0
8, 8
2, 0
-0, 10
8, 4
6.25, 11.75
9, 2
8, 4
0, 8
0.875, 8
4, 4
8, 8
8, 4
8, 4
11, 8
4, 1
1.75, -0
8, 4
8, 2
0.75, 5.75
10, 8.75
6, -0
0, 4
4, 5
-0, 8
4, 0
8, 4
-0, 8
8, 4
4, 0
5.25, 10
5, 8
8, 4
3, 8
0, 1.25
1.75, 5.125
8, 4
-0, 8
6.75, 0.5
5.25, 3.5
4, 8
0, 0
8, 4
6.75, 8
5.75, 2
4, 8
0, 4
4, -0
2, 4
1.25, 4
-0, -0
5.5, 8
-0, 8
4, 4
0, 2.5
8, 4
8, 4
8, 9
8, 8
4.5, 7
4, 4
-0, 0
-0, 0
10.5, 0.125
1.25, -0
8, 4
-0, 4
0, 4
8, 4
0, 8
4.25, 8
8, 4
0, 4
8, -0
1, 3.25
4, 4
11, 5
4, 11.625
8, 4
5.25, -0
9, 6.5
7, 11
4, 8
0, 8
5.75, 4
0, 4
8, 8
4, 4
7.75, 8.5
10, 4
0, 5
10, 8.5
8, 2
4.625, 5
4, 8
11.125, 8
8, 4
1.25, 10
10, 4
4, -0
10.25, 9.5
4, 0
3, 8
8, 8.5
0, 4
8, 3
8, 4
4, 8.625
7.5, -0
-0, -0
8, 4
4, 2
2, 4
-0, 3
11, 11

4, 1
9.25, 2
3, 1
4, 4
8, 4
-0, 4
-0, 8
0, 4
8, 4
2, 0
6, 9
8, 9.625
3, 1
8, -0
4, 0
11.875, 0.5
4, 2
-0, 8
8, -0
4, 8
4, 0
8, 8
4, 8
4.5, 11.75
5, 4
0, 8
8, 0
8, 4
4, 8
8, -0
-0, 4
2, 0
8, 8
8, 4
2.25, 7.875
5.5, 10
8, 0
0, 6
9.75, 8
4, 8
8, 4
8, 8
8, 0
3, 3
9.5, 7
9.75, -0
8, 4
0.5, 11
2.75, 2.5
2, 3.75
3.375, 4
8, -0
2, 7
-0, -0
-0, 4
4, 4
8, 8
0, 4
4, 4
6.125, 8
6, 4
8, 8
0.5, 2
1, 10.5
8.625, 7.625
8, 0
8, 4
6.5, 10
2.125, 1.125
4, 8
8, 4
0, 8
9.25, 8
10.25, 10
4, 0
8, 4
-0, -0
8, 0
4, 0
8, 4
7.5, 4
-0, -0
8, 8
0, 9.375
0, 8
-0, 4
-0, 9
8, 4
10.5, 3
4, -0
-0, 8
4, 0
4, 7.25
11.875, 6
8, 4
8, 8
8, 4
4, 4
4, 8
10.5, 4
4, -0
4, 4
0, 4
5.25, 4.875
4, 8
4, 10
6.25, 5.25
8, 8
-0, 8
4, 3
10, 8
-0, 8
0, 0
2, 0
8, 4
-0, 4
8, 4
5.75, 3
6, 11
8, 1
6, 4
-0, 2
10, 7
4, 8
0.375, -0
8, 8
9.5, 2
4, 4
8, 4
2.25, 4.25
8, 8
11, -0
2, 5.5
0, 8
10, 0.5
8, -0
-0, 3.125
4.5, -0
5, -0
8, 4
0, 2
4, 6
8, 4
-0, 0

11.75, 8
6.625, 5
0, 1
4, 8
-0, 8
8, 0
8, 8
8, 4
4, -0
11, 1
3, 0.5
0, 1.5
2, 2.75
0, 5
8, 8
6.5, 4.75
-0, 1
-0, 8
0, 8
8, 8
-0, 8
2, 0
9, 4
0.875, 0.625
7, 10
0, 8
8, 0
4, 0
4, 4
-0, -0
8, 8
7, 8
2, 8.5
8, 8
1.75, 5.5
8, 6
8, 8
0, 11
0, 6
8, 8
8, 8
-0, -0
-0, 4
-0, 7
2, 1
4.5, -0
8, 8
-0, 9
4.5, 5.75
5, 6.5
7.125, 8
8, -0
-0, 8
-0, -0
4, 0
4, 8
8, 4
8, -0
4, 8
6.875, 7
3, 0
4, -0
9.25, 8
7, 3
4.5, 10.75
0, 0
8, 0
8.75, 2
7, 1.5
8, 4
8, 8
0, 8
4, 4
10, 9
8, 4
4, 4
-0, 8
10, 4
6.75, 8
8, 8
2.5, 4
-0, -0
4, 8
8, 3.125
0, 8
8, 4
-0, 9
4, 0
7, 11
8, 4
4, 0
8, 8
11.5, 1.125
10.75, 6
8, 8
4, 8
8, 8
4, 8
4, 4
8.25, 0
8, -0
4, 4
0, 8
0.5, 7.625
8, 8
9, 10
2, 8.75
4, -0
-0, 4
-0, 6.5
1, 3
-0, 8
0, 0
4.5, 4
4, 4
-0, 8
0, 8
1.25, 8
10, -0
8, -0
8, 1
4, 8
6.25, 5
8, 4
4.5, -0
8, 4
1.5, 9
3, 0
8, -0
4.5, 9.5
8, 0
11, -0
6, 7.5
4, 8
4, 1
8, 8
4, 5.25
9.5, 4
11, 3
8, 4
0, 2
3, 10
8, 4
1, 1

10, 3
9.125, 8
9, 7
4, 4
4, 4
4, 0
-0, 0
4, 4
-0, 8
11, 1
11, 11
4, 9.125
6, 4.375
4, 1
4, 0
5.125, 6
4, 8
4, 8
0, 8
4, 4
-0, 0
10, 4
6, 7
5.375, 6.125
0.25, 10
0, 8
-0, 8
4, 4
4, 8
-0, -0
-0, 8
-0, 0
4, 7
8, -0
5.75, 9.25
9.75, 1
0, 8
0, 0
8.125, 8
4, 4
0, 8
4, -0
8, 8
8, -0
9.5, 4
3.5, 8
8, 0
1, 2
0.25, 4
-0, 7.5
1.5, 8
0, -0
1, 3
8, 8
-0, 4
4, 4
4, 4
4, -0
0, 8
4.375, 4
7, 8
4, 8
1.375, 2
7, 3.25
4.75, 2.5
8, 0
4, 4
11.5, 8
7.125, 10.5
0, 8
0, 4
0, 0
11.5, 4
11, 5
-0, 0
8, 8
-0, 8
2, 0
1.75, 0
-0, 4
11.5, 8
8, 8
0, -0
0, 3.375
4, 4
8, 4
-0, 3.5
0, 4
11, 10
4, 4
-0, 4
4, 0
1, 0.25
1.5, 2
-0, 0
-0, 0
4, 8
4, 4
4, 8
6.5, 4
0, 8
0, -0
4, 4
4.5, 3.75
4, 4
8, 11
7.25, 7.875
4, 8
5.25, 4
-0, 8
2, 11
-0, 0
8, 8
11, 4
0, 8
-0, 8
4, 4
1.25, 5.625
8, -0
4, 10
8, 5
-0, 11
0.625, 6
-0, 8
7.625, 8
4, 8
11.75, 4
2, 4
8, 4
6, 11
4, 4
9, 4
6, 0
8, 4
5, 3.5
-0, 8
8, 8.75
7, 4
2, 6
8, -0
8, 9
10, 4
8, 4
1, 4

3, 6
4, 7
1, 9
8, 4
8, -0
8, 4
4, 8
0, 8
4, 4
1, 5
1, 5
0, 5.5
8, 11.75
8, 9
4, 8
9.125, 7.5
8, 2
4, 4
8, 4
4, 8
-0, 0
3, 8
3.5, 5
1.5, 5.625
11.25, 6
4, 4
4, 8
4, 4
8, 4
4, 4
8, 8
9, 8
-0, 4
4, 4
4.5, -0
9, 6
0, 0
4, 11
4, 6
-0, 0
8, -0
4, 4
8, 8
4, 10
5, 10
1.75, -0
4, 4
1.5, 3
6.5, 8
1, 6
6.875, 8
0, -0
6, 9
4, 4
4, 4
8, 4
-0, -0
8, 4
8, 0
4.625, 0
3, 4
8, -0
11.5, 8
7.5, 10.5
1.375, 0.75
8, 0
8, 0
4, 11.5
2.375, 9.5
4, 4
4, 8
4, 8
7.75, -0
4.75, 11
4, 0
4, 4
4, -0
6, 6
11, 8
4, 8
11, 8
4, 4
4, 8
8, 0.5
0, 0
8, 0
8, 10
4, 4
9, 3
4, 4
4, 0
4, 8
1.5, 7.5
10.25, 4
-0, 4
-0, 4
4, 8
8, 4
8, 4
7.5, 8
0, -0
4, 4
4, 4
0, 7.875
4, 8
10, 10
4.75, 3
8, -0
5.5, 8
4, 11.5
2, 0
4, 4
4, 4
9.5, 4
0, 8
8, 0
8, -0
0.5, 9.625
6, 9
4, -0
6, 9.5
4, 9
7.875, 11
4, 4
11.75, 2
4, 4
4.25, 0
5, 4
4, 4
10, 7.25
8, 0
11, -0
10, 7
4, 4
0, 7
-0, -0
-0, 11
5, 4
5.5, 3
8, -0
8, 10
4, 1
8, 10
8, 7

6.25, 1
3.625, 9
11, 2
8, 0
8, 4
-0, 8
4, 4
0, -0
4, -0
9, 4
9.5, 6.5
8, 5.625
3, 2.75
8, 9
8, 0
10.375, 2.75
4, 10
4, 4
8, -0
8, 0
-0, 8
8, 0
9, 1
3.25, 5.125
2, 6
8, 0
-0, 0
0, 0
4, 4
-0, -0
4, 8
6, 0
-0, 3
4, 8
11, 1.875
5.25, 5
4, 4
0, 0
7, 8
8, 0
8, -0
4, 8
-0, 0
7, 4
8, 1
3, 4
4, 8
3, 1
7.75, 10
6, 8.25
5.625, 8
8, 4
1, 5
8, 4
8, 4
8, 0
-0, 4
0, 8
8, 4
3.25, 8
8, 4
0, -0
1.375, 10
10, 3.5
10, 11
0, 4
8, 4
3.5, 6.5
5, 8.25
4, 8
0, 0
4, 8
8.25, -0
8.5, 11
8, 4
8, 4
8, 4
10, 10
8.75, 8
-0, -0
0, 0
8, 4
8, 8
8, 8.125
8, 4
8, 4
8, 2
8, 4
-0, 6
0, 8
4, 8
8, 0
4.5, 9.25
10, 2
8, 4
-0, 0
0, 4
8, 0
4, 4
2, 8
4, 8
8, 4
8, -0
2, 1.75
8, 0
7, 10
10.75, 3.875
8, 4
10, 8
8, 2
0, 5
4, 4
8, 4
3.5, 8
4, 4
8, 0
8, 4
9.5, 0.375
10, 11
0, -0
4, 4
8, 5
8.625, 3
4, 8
3.875, 6
8, -0
3.25, 4
4, 0
8, -0
6.75, 7.75
0, 0
4, 8
4, 5
0, 4
5, 2
4, 4
4, 5.875
11.5, 8
6, 11
8, 4
0, 1
10, 1
8, 8
4, 3

8, 9
6.5, 4
5, 11
0, 8
8, -0
-0, 0
8, 8
4, 4
4, 4
4, 3
6.5, 10
8, 11.75
5, 11.125
0, 2
8, 8
3.875, 5.75
-0, 1
8, 8
0, 8
8, 8
-0, 0
8, 8
3, 5
8.25, 4.875
2, 2
4, 0
8, 8
8, 8
8, -0
8, -0
8, 8
6, 0
-0, 8
4, -0
1.5, 11.625
2, 2
4, 0
4, 7
6.5, 8
-0, 0
8, 8
4, 4
-0, 0
10, 6
11, 5
2.75, 8
4, 0
8, 9
11.5, 9.75
5, 11.5
4, -0
0, -0
10, 8
-0, 4
4, 4
0, 8
4, 8
0, -0
0, 0
5, 7
7, 0
0, 8
2.875, 0
1, 1
7, 6.75
8, 8
4, 8
11.75, 1
3.125, 8.5
8, 4
8, 8
4, 0
5, -0
1, 3
8, 4
0, 4
-0, -0
-0, 0
11.25, 4
8, 8
9, 8
-0, 4
8, 8
0, 1.125
4, 0
4, 4
8, 1
0, 0
11, 4
4, 4
8, 8
8, 8
1.5, -0
2.75, 6
4, 8
8, 8
4, 4
0, 8
8, 0
5.25, 0
4, 4
4, 8
0, -0
4.75, 6.25
8, 8
11, 8
8, 9.625
8, 8
5.75, 8
2, 8
7, 1
8, 8
0, 4
2.5, 0
8, 8
4, 4
8, -0
7.25, 5.875
4, 5
4, 5
4, 7.5
8, 8
9.25, 5
8, 4
7.75, 8
8, 8
1.75, 0.5
3, 4
4, -0
2.5, 4.25
0, 8
11, -0
6, 1.5
4, 4
7, 2.5
4, -0
4, 10
0.5, -0
3, 2
4, 8
0, 1
4, 9
8, 5
4, 5

0.5, 2
8.25, 2
0, 9
4, 8
4, 8
4, 0
4, 8
4, -0
-0, 4
7, 6
4, 10
4, 8.75
10, 1.625
4, 1
8, 0
11.375, 8.5
4, 5
4, 8
8, 4
0, 0
-0, 0
9, 8
9, 4
6, 11.375
7.75, 2
4, 8
-0, 0
4, 0
4, 8
4, 8
4, 0
10, 4
10, 4.5
4, -0
7.75, 6.625
9.25, 0
8, 8
2, 6
11.5, 10
4, 4
4, -0
-0, 4
8, 0
3, 1
6, 10
5, -0
4, 0
11.5, 3
4.75, 5.75
4.5, 4
5.75, 8
0, -0
3, 11
4, 4
8, 0
4, 8
-0, -0
4, -0
0, 8
8, 0
0, 0
4, 4
0.875, 2
5.5, 6
2.375, 3.5
8, 8
4, 0
11.5, 9
9.5, 8.75
4, 4
8, 0
0, 0
3.75, 8
8.5, 3
8, 0
4, 8
-0, 8
-0, 4
4.75, 4
8, -0
2.5, 8
4, 4
8, 8
8, 9.375
0, 0
8, 0
-0, 11.75
8, 0
3, 3
0, 4
4, 4
8, 0
1.5, 6
6.5, -0
4, 8
8, 8
4, 0
4, 8
4, 8
11.75, 4
4, 4
8, -0
4, 4
5, 8
0, 0
-0, 7
11, 9
4, 4
10, -0
5, 9.5
1, 3
8, 8
4, 4
1, 4
0, 4
4, 8
4, 8
11.75, 2.75
4, 6
4, 1
8, 6
-0, 6
6.5, 8
4, 4
10.625, 6
4, 4
11.75, 4
8, 4
8, -0
11, 0.5
4, 8
11, -0
8, 2
0, -0
9, 6.5
8, 8
-0, 3.75
10.5, -0
6.5, 8
4, -0
8, 10
1, 2
4, 6
3, 8

10.5, 11
5.625, 6
2, 1
8, 4
4, 4
4, 4
8, 4
4, 8
8, -0
10, 2
7.5, 3.5
8, 9.625
8, 7
4, 11
4, 0
10, 3.5
-0, 4
8, 4
8, 4
8, 4
4, 4
1, 0
7.5, 7
5.5, 6
0.25, 6
8, 4
4, 4
4, 4
-0, 8
4, 4
8, 0
5, 8
-0, 1.5
8, -0
8.5, 6.25
7.75, 4
8, 4
10, 5
6.125, 10
8, 0
8, -0
4, -0
4, 4
11, 11
9.5, 5
8.5, 4
8, 0
1, 8
0.5, 1
11, 3.5
3, 4
4, 4
6, 8
4, 8
4, 4
8, 4
8, -0
4, 4
8, 4
1.375, 8
10, 8
4, 8
11.375, 6
11.5, 11
4.125, 8.375
4, 0
8, 0
2, 6
5, 0.625
8, 4
8, 0
8, 4
9.75, 4
9, 11
-0, 8
4, 4
8, 4
-0, 4
9, 0
8, -0
5, 8
4, 8
0, 4
0, 4.75
4, 8
8, 0
4, 1.5
8, 0
4.5, 7
4, 4
8, 8
4, 0
3, 6.125
4, 5
4, 4
-0, 4
4, 4
8, 4
0, 8
9.75, 4
4, 8
4, 4
8, -0
5.25, 5.875
8, 4
4, 4
0, 11.875
8, -0
2, -0
7, 2
2, 2
-0, 0
4, 8
6.25, 8
4, 0
-0, 0
4, 4
1, 10.625
8, 11
4, 10
2, 3
8, 11
5.875, 3
8, 4
1.75, 8
4, 4
1.75, 4
5, 0
0, 4
7.75, 11
0, 8
9, 4
0, 6
4, 4
6, 0
8, 4
8, 7.5
11, -0
2.5, 11
4, 8
8, 5
2, 10
8, 5
10, 2

6.25, 7
6.625, 10
0, 9
4, 4
8, 8
-0, 0
8, 0
8, 8
-0, 8
10, 2
5, 11
0, 10
5, 2.625
8, 3
4, 8
3.75, 11.25
8, 8
-0, 4
0, 4
0, 4
-0, 4
0, 8
7.5, 6
1.875, 11
8, 6
0, 4
4, 0
8, 4
8, 8
-0, 8
4, 0
7, 8
4, 11
-0, -0
1, 11.5
1.5, 8
4, 4
4, 2
8.75, -0
8, 8
4, -0
8, 8
8, 8
11, 8
1, 9
1, 8
-0, 0
6.5, 4
5, 5
5, 4.5
7.25, 8
4, -0
4, 3
-0, 8
8, 8
4, 4
-0, 8
0, -0
4, 0
0.25, 5
9, 0
4, 4
3.5, 8
0.5, 5
3.125, 6
0, 8
8, 8
10.5, 4.5
1, 1.75
0, -0
4, 8
4, 4
6.25, 8
6, 6
4, 8
8, 8
4, -0
6, 2
5.5, 0
4, 8
9.5, 4
-0, 8
0, 8
0, 8.375
0, 0
8, 8
4, 4.75
0, 0
10, 1
0, 8
-0, 8
4, 8
10, 9.75
6.75, 6
8, 8
-0, 8
8, 4
4, 4
8, 8
1.75, 0
0, 4
4, 8
0, 8
0.5, 5.375
0, 4
10, 0
0, 11
4, 4
10.75, 4
9, 11
8, 8
-0, 4
0, 8
5.25, 4
4, 8
-0, 0
8, 8
0, 2.125
10, 2
4, 11
6, 4.5
-0, 4
2.125, 8
-0, 0
9.125, 2
8, 8
3.5, 4.5
7, 4
0, 8
4.75, 6.5
4, 4
9, -0
2, 7
4, 4
0, 2
4, 4
-0, 0.25
2.5, 4
6.5, 6
0, -0
8, 2
4, 5
-0, 6
8, 7

2.75, 11
5.125, 11
2, 6
0, 0
-0, -0
4, 0
4, 0
8, 4
8, -0
7, 4
5.5, 1.5
4, 0
8, 2.625
4, 3
0, 4
2.625, 5
4, 10
8, -0
8, -0
0, 0
8, 0
8, 4
6.5, 5
8.875, 1.625
7, 2
4, 0
4, 4
8, 8
-0, 4
8, -0
-0, 4
-0, 8
6, 8
4, -0
3.25, 6
6, 6
8, 0
10, 7
8.875, 2
8, 8
0, 4
4, -0
4, 4
3, 9
0.5, 6
5, 8
4, 0
2, 2
7, 8
4, 10.75
4.625, 8
8, -0
7, 4
4, 4
8, 8
0, 0
-0, 4
4, -0
8, 0
1.75, 10
2, 0
8, 4
2.75, 8
1, 7
4, 8.125
8, 0
8, 4
10.5, 5.5
8.25, 1.5
4, 8
0, 4
8, 4
10, 8
1, 8
-0, 8
4, -0
8, -0
4, 2
9.75, 4
-0, 4
2, 4
4, 4
4, 4
4, 7.875
8, 4
-0, 4
-0, 0
0, 0
7, 9
8, -0
4, 8
-0, 4
6, 2
6.625, 3
-0, 8
4, 4
0, 8
0, 0
0, 4
8.75, 0
0, 8
8, 4
4, -0
8, 10.5
0, 0
8, 7
4, 6.625
4, 4
6.75, 4
8, 7
6, 1
8, 0
4, 4
10.5, 0
4, 0
4, 4
0, -0
8, 5.5
6, 10
0, 8
0, 2
-0, 7
9.25, 8
4, 8
0.5, 8
8, 8
10.75, 4
6, 4
8, -0
1, 0.25
8, 0
1, -0
2, 2
4, 4
3, 1.5
8, -0
8, 7.125
10, 8
9.5, -0
8, 8
8, 4
4, 2
8, 6
9, 2

10, 3
8.75, 8
9, 6
8, 4
8, 4
4, 0
-0, 8
8, 4
4, 4
8, 3
4.5, 3
4, 10.375
11, 4.375
4, 10
0, 0
9.5, 3.75
8, 3
4, 8
0, 8
0, 4
-0, 8
10, 4
3, 7
1.125, 6.25
4.25, 2
8, 4
8, 4
4, 4
8, 8
8, 4
-0, 0
2, 4
10, 7.5
8, 4
6, 2.125
4, 9
8, 4
2, 0
0.875, 4
8, 4
0, -0
4, 4
4, 4
4, 8
1, 10
5.75, 8
8, 4
3.5, 2
8.25, 0.75
1.5, 2.75
0.875, 4
8, 4
2, 1
4, -0
8, 4
8, 4
-0, -0
4, -0
4, 4
2.5, 3
11, 0
8, 8
2.875, 10
9, 4.5
5, 6
8, 4
-0, 0
0.5, 4.5
10.25, 1.125
0, -0
0, 4
0, 8
4.5, 4
8.75, 8
8, 4
4, 4
4, 4
8, 4
5.5, 8
-0, 4
6, 0
4, -0
8, -0
8, 2.125
0, 0
8, 4
-0, 6
0, 0
6, 4
4, 8
8, 8
-0, 0
10.5, 5.25
5, 3
-0, 4
8, 0
0, 4
8, 4
8, 8
5.5, 4
0, 4
8, 4
0, 4
8.25, 9.5
0, 4
10, 8
0, 0.75
8, 4
3, 8
4, 4.5
7, 2
-0, 8
4, 0
9.25, 8
4, 8
-0, 0
8, 4
0.5, 11.25
6, 4
0, 5
6, 1
8, 11
5, 6
-0, 0
8, -0
8, 4
3, 10
10, 4
8, 8
9.5, 2.5
8, 0
9, -0
8, 9.5
4, 8
1, 11
8, 4
-0, 5.25
-0, -0
1, 2
4, -0
8, -0
1, -0
8, 4
2, 0

1.25, 11
7.125, 11
11, 7
8, 4
8, 4
4, 4
-0, 8
8, 4
-0, -0
10, 4
8, 9
8, 4
5, 1.625
8, -0
4, 0
10.625, 4
-0, 10
8, 4
8, 4
8, 0
-0, 0
6, 0
3.5, 8
3.75, 0.875
2, 10
8, 0
4, 4
4, 8
4, 8
4, 4
-0, 8
7, 0
4, 8
4, -0
11.5, 2.375
10.75, 4
8, 0
2, 6
6.875, 2
-0, 8
0, 8
4, 4
-0, 0
-0, 11
2, 2
9.75, 8
4, 0
6, 11
5.25, 0
9, 11
7.75, 4
0, -0
6, 8
4, -0
8, 4
8, 4
8, -0
4, 4
0, 8
5.125, 5
3, 0
0, 4
6.5, 10
2, 11.25
6.5, 2.75
4, 0
-0, 8
0, 3
5.375, 1.75
8, 4
4, 0
0, 0
1.5, -0
8.5, 3
4, 4
0, 4
4, 8
6, 2
5.25, 8
4, -0
0.5, 0
4, -0
8, 4
0, 7.125
8, 4
8, 4
8, 4.5
0, 4
10.5, 11
0, 4
8, 0
4, 0
6, 1.75
9.875, 5
8, 0
4, 0
0, 0
8, 4
4, 8
9, 8
8, 8
8, 4
0, 8
1.5, 6.125
8, 0
11, 7
5.5, 0.625
4, -0
11, 4
2, 7
2, 1
-0, 8
4, 0
1, 4
8, 0
8, 4
8, 4
5.75, 0.625
-0, 7
0, 11
2, 5
-0, 1
2.5, 10
8, 4
3.75, 10
0, -0
4.25, 3.5
11, 0
8, 4
7, 9.25
0, 0
9, -0
4, 4
4, -0
4, 0
4, 4
-0, 7.125
8, 8
10.5, 3
4, 8
0, 6
8, 5
-0, 11
3, 7

6.5, 11
11.625, 6
5, 10
4, 4
4, 8
8, 4
8, 0
4, 8
-0, -0
-0, 2
10.5, 7
4, 1.375
3, 1.75
0, 3
4, 0
7.375, 8
4, 6
4, 4
4, 4
4, 4
4, 0
6, 0
2.5, 4
11.625, 5.875
4.75, 4
4, 4
4, 4
8, 0
-0, -0
4, 4
-0, 4
11, 0
6, 6
-0, -0
9.75, 3
5.5, 6
8, 0
8, 7
0.25, -0
-0, 0
0, 4
8, -0
-0, 0
4, 10
11, 2
7, -0
-0, 0
5.5, 0
11.25, 10
8.5, 11.75
5.5, 8
4, 4
2, 1
8, 4
-0, 0
4, 4
4, 4
8, 4
4, 8
10.375, 9
6, 4
0, 4
7.5, 2
9, 6.5
10.625, 5.375
0, 0
4, 8
7.5, 3.5
1.875, 7.625
0, 4
8, 4
0, 0
1.75, 4
6.5, -0
4, 0
0, -0
4, 8
-0, 6
6.75, 8
8, 4
8, 8
8, 4
4, 4
8, 8.125
4, 8
4, 8
-0, 6.25
0, 0
9.5, 10
8, -0
8, 4
4, 0
-0, 11.375
4.25, 9
4, 4
4, 4
8, 4
4, 4
0, 0
8.75, 0
8, 4
4, -0
0, -0
8, 0.75
4, 4
4, 11
1, 6
-0, 4
7.5, 4
11, 9.5
3, 6
4, 8
8, 4
8.5, 0
0, 0
8, 0
4, 8
10.25, 4.5
8, 3
4, 10
6, 3.5
8, 9
4, 0
-0, 4
4.375, 6
0, 4
4.25, 0.5
10, 4
0, -0
6, 4
0, 4
1, -0
8, 1
4, 4
9, 6.5
8, -0
4, 10.375
8.5, 8
8.5, 5
0, -0
0, 11
9, 6
4, 3
3, 6

0.5, 6
11.875, 11
3, 4
8, 8
8, 4
-0, 8
8, 4
0, 8
8, -0
11, 4
4.5, 2.5
8, 3.625
1, 2.125
4, -0
8, 0
11.875, 7
-0, 5
4, -0
8, -0
4, 0
4, 4
11, 0
0, 2
8.875, 7.75
11, 6
4, 4
4, 0
0, 8
-0, 4
8, 4
8, 0
-0, 0
4, 4
-0, 8
5, 9.25
8.5, 7
8, 4
4, 10
9.625, 4
8, 8
8, -0
-0, 8
-0, 0
6, 5
1, 11
11.25, -0
-0, 8
11.5, 0
11.25, 6.5
2, 5
1.125, 8
8, 4
4, 6
4, 8
-0, 4
8, 8
4, -0
0, 8
4, 4
9.375, 5
6, 0
8, -0
8, 0
8, 11
10.75, 0.625
8, 0
4, 0
0.25, 3.5
7.125, 9.75
8, 4
8, 0
4, 0
11.5, 4
11.5, 4
-0, 0
4, 4
4, 4
10, 4
10.25, 4
8, -0
6, 0
4, 8
4, -0
4, 7.625
4, 0
4, 0
4, 11.25
8, 0
3, 8
4, 8
4, 0
8, 0
2, 1.125
6.625, 3
4, 4
4, 4
0, 8
8, 8
0, 4
3.5, 8
0, 8
8, 8
8, -0
5, 4.875
4, 0
1, 1
2, 8
-0, 8
1.25, 8
5, 9.5
4, 7
4, 0
4, 8
4.75, 8
0, 8
4, 0
8, 4
11, 9.875
2, 7
8, 1
10, 5
-0, 1
10.375, 9
8, 4
10.625, 10
8, -0
4.25, 10.5
9, 0
8, -0
3.5, 2.25
8, 0
4, 8
8, 5.5
4, -0
3, 10
4, -0
8, 6.5
3.5, -0
5, 11
8, 4
0, -0
9, -0
8, 10
-0, 4

1.5, 3
1.375, 3
8, 4
8, 4
4, -0
8, 4
8, 8
8, 8
8, 8
2, 3
0.5, 7
0, 0.875
0, 6.375
4, 4
8, 4
7.5, 2
4, 0
8, 8
8, 8
4, 8
-0, 4
5, 0
8, 9
0.625, 7
6, 8
8, 8
8, 8
4, 0
8, 8
8, 8
8, 4
7, 8
6, 0
8, 8
8.5, 9.375
10.5, 6
8, 0
4, 8
7.5, 2
-0, 4
8, 4
8, 4
8, 8
5, -0
10, 0
3.75, 8
8, 8
-0, 1
1.5, 1.25
2.5, 10.25
7.5, -0
8, 4
11, 9
4, 4
4, 4
8, 4
8, 8
8, 4
8, 0
6, 2
11, 8
4, 8
11.375, 6
6.5, 5.5
8.875, 6.125
0, 4
4, 0
7.25, 9
10.75, 6.375
4, 8
8, 0
8, 8
4.75, -0
9, -0
-0, 0
8, 8
8, -0
6, 8
10.5, 0
8, -0
8, 8
4, 4
8, -0
4, 4.375
0, 0
4, 4
-0, 6.5
8, 4
11, 4
8, 8
8, 8
8, 4
1, 1.125
1.625, 9
8, 4
-0, 4
4, 4
8, 4
8, 8
11.5, 4
4, -0
4, -0
8, -0
8.25, 7.5
4, 8
10, 4
3.5, 7
4, 4
1.5, -0
5, 5
9, 3
8, 8
4, 4
1, 8
8, 8
-0, 4
4, -0
4.5, 0.375
10, 10
4, 2
8, 7
-0, 8
6.75, 1
4, 8
8.25, 6
4, 4
8.75, 3
-0, 8
8, 8
4.75, 11.75
4, 0
3, -0
10, 6.5
8, 8
8, 8
-0, 4
4, 1.25
6, -0
9.5, 7
4, -0
4, 7
6, 10
4, 2
8, 3

1.5, 2
6.75, 3
2, -0
0, 0
4, 4
-0, 4
8, 4
8, 4
4, 4
11, 5
9, 9
8, 9.625
4, 11.625
4, 5
8, 0
3.25, 0.75
-0, 9
-0, -0
0, -0
4, 4
-0, 4
3, 4
4.5, -0
6.125, 7.625
11.5, 6
0, 0
4, 4
0, 8
-0, 8
4, 4
4, 0
9, 0
8, 11
4, -0
11.25, 4.5
10, 9
8, 8
6, 9
10, -0
-0, 4
4, -0
4, -0
8, 4
9, 4
4.5, 5
3, 4
4, 0
11.5, 2
11.75, 8.75
11, 5
0.375, -0
0, -0
11, 4
8, 8
8, 4
0, 0
4, 4
0, 4
4, 4
10.375, 4
9, 8
0, 4
5.125, 8
5, 7.25
0.75, 2.75
4, 4
4, 4
11, 0.5
11.375, 6.125
8, -0
4, 4
0, 0
8.25, 8
11.5, 5
4, 0
4, 4
4, 4
4, 2
9.75, 0
4, 4
7, 4
8, 8
4, 4
8, 11.25
4, 4
-0, 8
8, 1
4, 0
1, 2
0, -0
-0, 4
8, 0
8.5, 3
9.625, -0
4, 4
4, 4
8, 4
0, 0
0, 8
4.75, 8
8, 4
4, 4
4, -0
2.25, 3.875
4, 4
-0, 4
1, 11.875
-0, -0
8.25, 8
11, 1.5
8, 10
-0, 0
8, 8
3.25, 0
0, 4
8, 4
4, 4
4, 7.125
8, 11
0, 1
8, 4.5
-0, 1
2.875, 0
8, 0
4, 6
0, -0
3.5, 2
-0, 8
4, -0
3, 4
8, 0
10, -0
0, 7
0, 4
3, 2
8, -0
4, 0.5
2.5, 8
4.5, 9
4, -0
4, 1
11, 1
4, 11
8, 6

4, 3
3.875, 8
2, 7
8, 0
4, -0
-0, 4
4, 0
8, -0
4, 4
10, 10
8, 0
4, 11
9, 11.5
8, 2
0, 4
11.375, 3.25
-0, 3
4, 4
8, -0
8, 4
-0, 4
8, 4
7, 4
5.25, 10.75
0.5, 0
4, 8
4, 8
4, 0
-0, 4
-0, 4
-0, 4
5, 8
10, 10
8, -0
7.5, 11.875
-0, 3
4, 0
4, 6
7.375, 4
4, 4
0, 4
4, 8
8, 0
-0, 8
8, 6
6.5, -0
8, 0
10, 8
10.5, 11.75
5, 2.25
6.25, 8
4, 8
11, 7
-0, 4
4, 4
8, 0
8, -0
0, 4
4, 8
9.5, 6
5, 4
0, 4
3.125, 8
7.5, 8
5.625, 11.75
8, 0
4, 8
7.25, 11.5
6.5, 8.875
0, 8
0, 0
4, 4
0, 8
3.75, 6
-0, 4
4, -0
4, 8
6, 4
7.5, 8
-0, -0
4, 8
-0, 4
8, -0
8, 9.125
8, 4
-0, 4
4, 2.5
8, 4
10.5, 1
4, -0
-0, 4
-0, 4
11.5, 4.125
10.375, 9
4, 8
8, 0
0, 4
8, 0
0, 4
5.25, 4
4, -0
0, 4
4, -0
6, 11.5
8, 4
4, 5
3.5, 1.625
8, -0
7.75, 8
6, 1.5
4, 6
8, 0
0, 4
5.5, 0
0, 4
8, 8
4, -0
3.25, 11
8, 8
0, 3
4, 6.5
4, 0
1.5, 2
-0, 8
5.25, -0
0, 4
6.5, 11.5
2, 0
0, -0
5, 2.75
0, 4
5, 8
8, 4
4, 8
10, 4
4, -0
4, 9.875
1, -0
8.5, 6
4, 8
0, 3
8, -0
-0, 5
10, 9

-0, 6
5.875, 10
11, 11
0, 0
4, -0
4, 0
8, 0
8, -0
4, 4
9, 8
0, 6.5
0, 11.625
8, 7.25
0, 1
8, 4
3.625, 6
4, 6
4, 4
4, 4
4, 4
8, 0
3, 0
0.5, 1
6.25, 4.375
3.75, 2
0, 0
4, 4
4, 0
8, -0
4, 4
-0, 4
9, 0
2, 0
-0, 8
3.75, 3.625
1.25, 10
0, 0
2, 8
3.875, 10
8, 0
0, 4
8, 4
8, 0
10, 6
4, 5
11.25, 8
-0, 8
9, 5
8.5, 4.5
0.5, 4
8.25, 4
4, 4
7, 5
8, -0
4, 0
0, 0
-0, -0
4, -0
0, 0
5.5, 8
1, 0
0, 4
6.125, 4
10, 7.25
2.375, 6
0, 8
-0, 0
4.25, 4
1.375, 7.25
4, 4
8, 4
4, 4
9, 4
3.75, 7
-0, 0
0, -0
-0, -0
4, 2
6, 8
8, 4
7, 0
8, -0
8, -0
0, 8.5
0, 8
4, 4
8, 5.5
4, 4
11, 11
0, -0
4, 8
8, 4
8, 5.75
6, 6
4, 4
8, 0
4, 8
0, 0
8, 0
8.5, 0
4, -0
8, 4
0, 8
10, 9.875
4, 4
5, 9
10.25, 11.5
-0, 8
6, 4
9, 11
3, 10
4, 4
8, 0
8.5, 4
0, 4
-0, 8
4, -0
1, 6.875
8, 8
0, 9
2, 9.5
-0, 1
3.25, 0
4, 4
11, 6
0, -0
9.5, 7
11, 8
4, 8
9.25, 4.25
0, 8
3, 8
4, 1
8, -0
9, 10
-0, -0
4, 2.25
8, -0
0.5, 5
0, 4
0, 10
3, 7
-0, 7
-0, 10

-0, 4
7.125, 1
6, 5
0, 0
8, 8
-0, 4
-0, 8
8, 4
4, 4
5, 4
2, 5
4, 8.5
7, 1.875
8, 1
0, 8
11.625, 9
8, 9
-0, 4
0, 4
8, 8
8, 8
8, 8
8, 8
3, 5
7.75, 8
8, 0
8, 8
8, 0
4, 8
-0, 4
-0, 4
7, 8
10, 8
-0, 4
6.5, 1.125
3, 11
4, 8
4, 4
2.875, 2
4, 4
0, -0
4, 8
8, 4
5, 7
2.5, 2
4.25, 8
-0, 4
1, 8
11, 3
5, 9
6.625, -0
0, 4
3, 0
4, 4
-0, 4
0, 0
-0, 4
0, 4
4, 8
7.875, 10
10, 8
0, 4
1.875, 8
11.5, 6.75
7.5, 10.875
8, 4
-0, 8
5.5, 6
10.375, 1.75
4, 4
0, 8
0, 4
3.25, 8
4, 11
-0, 0
0, 4
4, 8
4, 6
2.75, 4
-0, 8
9, 4
4, 4
8, 8
4, 6.25
0, 8
-0, 4
8, 0.5
0, 0
7, 3
8, -0
8, 8
-0, 8
5.5, 11.875
8.5, 3
8, 4
8, 8
8, 4
0, 0
4, 8
9, 0
8, 4
8, 4
0, -0
6.75, 6.625
8, 8
9, 5
5, 1.25
-0, 8
1.75, 8
8, 6
6, 8
-0, 4
4, 4
10.75, 8
8, 0
-0, 4
8, 8
1, 5.875
-0, 5
8, 5
2, 3
8, 7
8.125, 11
4, 4
3.75, 10
0, 4
7, 11.5
4, 4
0, 4
1.25, 10.75
0, 8
6, -0
10, 9.5
0, 8
4, 11.5
-0, -0
-0, 0.75
0.5, 4
7.5, 3
0, 8
8, 10
4, 3
4, 0
2, 6

11.75, 8
2.875, 8
6, 2
8, 8
8, 4
-0, 8
-0, 4
4, -0
4, 4
1, 7
11, 8.5
4, 5.875
7, 4.75
8, 10
8, 0
3.125, 5.25
8, 6
8, 8
8, 8
8, 8
-0, 8
10, 8
5.5, 6
11.375, 10.625
6, 0
8, 8
8, 8
0, 0
4, 8
4, 4
-0, 4
6, 8
4, 6
8, 8
4, 4.75
9, 11
8, 8
6, 5
7, 4
4, 4
0, 4
-0, 8
4, 0
5, 7
7.5, 7
8.75, 4
8, 8
7, 0
2.75, 3
11.5, 1.75
6.5, -0
4, 4
3, 11
8, -0
8, 4
8, 8
-0, 8
0, 8
8, 8
10, 4
3, 8
4, -0
10.625, 10
0, 7.25
2.125, 8.5
0, 4
-0, 8
7, 7.5
8.375, 4.25
0, 8
4, 8
8, 8
6, -0
11, 5
4, 0
8, 4
8, 8
4, 4
8.5, 0
4, 8
10.5, 0
8, -0
8, 8
8, 6.5
0, 8
-0, 4
8, 10.25
0, 0
11, 1
4, -0
8, 4
8, 0
2.5, 3.75
8.375, 7
8, 4
4, 0
8, 8
8, 8
4, 8
0.75, 4
8, 8
0, 4
0, 4
8.5, 0.25
8, 8
3, 5
5.75, 2.625
4, -0
6.25, 8
11, 9
2, 4
8, 8
8, 0
5.5, 8
4, 8
-0, 8
8, 4
6, 9.625
-0, 1
4, 8
2, 5
8, 3
3.25, 0
-0, 8
3.375, 6
0, 4
7, 6
10, 0
0, -0
3.75, 5.25
0, 8
9, -0
8, 0
0, 8
2, 7
8, 8
4, 2.25
11.5, -0
5.5, 9
0, 8
4, 2
-0, 8
4, 5
2, 4

-0, 7
3.25, 8
7, 11
0, 0
-0, -0
4, 4
8, 8
0, 8
-0, 4
5, 9
4, 11.5
0, 8.25
0, 4.625
8, 1
0, 8
8.625, 6.25
4, 3
4, 8
8, 8
0, 0
8, 4
8, 0
10, 1
6.875, 7.25
1, 6
4, 4
-0, 0
0, 8
8, -0
-0, 8
-0, 0
9, 8
10, 3
4, 4
9, 9.5
9.75, 5
4, 8
2, 10
1, 10
-0, 0
0, -0
-0, 4
4, 0
9, 2
9, 8
6.75, 4
4, 4
2.5, 11
4, 9.25
9, 3.25
5.625, 4
0, 8
7, 11
4, -0
-0, 4
0, 0
4, 8
4, 4
0, 4
3, 5
10, 0
0, 4
5.5, 2
1.5, 1.5
11.125, 8.875
0, 4
4, 4
9.5, 5
2.125, 5.25
8, -0
4, 0
4, 4
5.75, -0
0.5, 4
-0, 8
0, 4
-0, 4
4, 10
11.75, 4
4, -0
4, 0
4, -0
8, 8
0, 10
0, 0
8, 4
-0, 2.75
8, 0
3, 4
0, 4
-0, 0
-0, 8
1, 6.25
6.625, -0
4, 8
8, 0
4, 4
0, 0
8, 0
0.5, 8
0, -0
8, 4
0, -0
2, 2.625
0, 0
11, 10
6.5, 3.875
-0, 4
2, 8
9, 3
7, 10
8, 8
4, 0
0.25, 4
4, 4
-0, 0
0, -0
4.5, 5.5
6, 6
0, 7
2, 8.5
4, 3
11.125, 7
8, 0
8, 10
0, 4
7.5, 2
3, 0
4, 4
6, 3.25
0, 8
3, -0
8, 7
0, -0
6, 11
4, 8
8, 10.375
2, -0
10.5, 10
4, 8
0, 3
8, -0
4, 8
5, 10

2.5, 2
2.75, -0
4, -0
4, 4
-0, 4
8, 4
8, 0
0, -0
-0, -0
10, 0
10, 11
4, 5.25
4, 3.75
0, 6
4, 0
3, 5.75
-0, 7
4, 4
0, 8
4, 0
-0, 0
10, 4
6, 2
8.375, 1.75
11.25, 8
4, 4
-0, 8
0, 8
4, 4
4, 4
-0, 8
-0, 0
4, 4
8, 8
5.75, 10.75
11.25, 6
4, 4
8, 6
1.875, 4
-0, 4
0, 4
4, -0
8, 0
10, 2
1, 4
11.25, 4
8, 8
10, 0
11.25, 6
6.5, 1.75
2.125, 4
4, 4
2, 6
-0, 8
-0, 4
4, 4
4, 8
8, 4
0, 0
8.75, 1
8, 8
0, 4
9.75, 0
4, 11.75
5.125, 3
0, 0
8, 8
2, 5
2.125, 0.25
0, -0
4, 0
4, 0
3.75, 8
8, 7
4, 4
8, 8
-0, -0
6, 6
10.75, 8
4, -0
10, 8
-0, 8
8, 8
0, 0.5
8, 8
8, 8
-0, 1.25
8, 0
1.5, 8
4, -0
-0, 0
4, 0
7, 0.75
11.75, 7
4, 0
-0, 0
4, 4
4, 4
4, 4
4, 4
4, -0
0, 8
8, 8
4.5, 2.125
4, 0
4, 7
1.25, 3
-0, 4
4, -0
4, 10
11, 2
8, 8
0, 8
8.25, 0
8, 8
8, 8
0, 4
1.75, 1.75
2, 9
0, 10
8, 3
8, 8
10.25, 0
-0, 0
6.875, 8
0, 8
11.5, 2.5
7, 0
8, 8
9.5, 7.25
0, 8
0, 4
0, 10.5
4, 8
10, 3.5
-0, 8
4, 7.5
4.5, -0
7, 5
8, -0
0, 3
6, 1
-0, 4
-0, 10

11.5, 4
5, 6
11, 10
8, 4
4, -0
-0, 8
-0, 8
0, -0
8, 4
3, 4
5.5, 3.5
0, 2.5
7, 8
4, 2
4, 8
7, 8.75
8, 2
8, 4
8, 8
8, 4
-0, 8
7, 0
10, 2
5.25, 10.75
3.25, 2
8, 4
8, 4
4, 8
8, -0
4, -0
4, 8
-0, 0
10, 7
-0, 4
10.5, 3.625
0.5, 8
4, 0
6, 10
9.625, 8
-0, 8
4, 8
-0, -0
4, 8
1, 6
2, 8
3.5, 8
-0, 4
6, 6
11.5, 8
5.5, 4.25
1.375, 4
4, -0
5, 4
4, 4
-0, 0
8, 4
4, -0
0, 8
4, 0
7.875, 4
6, 4
0, -0
3.375, 6
2, 0.25
11, 7.875
0, 4
-0, 4
6.25, 6
4, 0.75
4, 8
8, 0
8, 4
4.5, -0
3.75, 2
-0, 8
0, 4
4, -0
8, 10
10.25, 8
8, -0
2, 0
4, 4
0, 8
4, 1.5
4, 0
-0, 0
8, 4
0, 8
0.5, 11
4, -0
-0, 0
4, 8
2.5, 6.25
10.75, -0
8, 0
-0, 8
8, 4
8, 4
8, 0
10.25, 0
0, 8
0, 4
0, 8
9.5, 5.25
8, 4
1, 10
3.5, 2.625
-0, -0
2, 4
11, 10
3, 0
4, 0
4, 4
10.5, 8
8, 4
-0, 4
4, -0
4.5, 1.125
2, 7
4, 7
6, 4
4, 5
2.375, 8
4, 8
1.875, 6
4, 4
5.5, 2
6, 4
0, -0
8, 9.5
4, 8
10, 8
0, 6
4, -0
1, 8.5
4, -0
8, 11.125
5, 4
2, 6
4, 8
0, 6
2, -0
8, 1
-0, 8

8.75, 2
8.875, 11
11, 2
8, 4
4, 4
8, 8
4, 8
4, 8
4, -0
2, 1
6, 0
8, 2.75
3, 9.375
8, 9
0, 0
4.125, 0.5
8, 1
-0, 8
4, 4
8, 4
8, 8
3, 0
11, 8
11, 11.75
11.25, 4
0, 8
8, 4
4, 4
8, -0
-0, 8
8, 4
10, 0
10, 6.5
-0, -0
1.25, 4
4.25, 0
8, 4
10, 11
3.625, 10
4, 4
8, 4
4, 8
-0, 8
5, -0
8.5, 9
3.5, 8
-0, 0
5, 8
6.75, 9.25
8, -0
2.75, -0
8, 4
-0, 6
8, 8
4, 8
8, 4
8, 8
8, 8
8, 4
1, 9
1, 4
0, -0
3.875, 10
8, 4.5
-0, 2
0, 0
8, 8
5, 6.5
0.25, 10.25
8, 8
8, 8
0, 8
8, -0
4.75, 5
4, 8
4, 4
8, 4
6, 2
8.25, 4
8, 8
1, 4
8, 8
0, 8
8, 11.625
8, 8
8, 8
4, 11.75
8, 8
6.5, 1
4, 8
-0, 0
-0, 0
9.5, 2.625
6.375, 3
-0, 8
-0, 8
8, 4
8, 4
8, 0
8.5, 4
0, 8
8, 4
8, 8
0, 1.625
8, 4
9, 11
2.5, 5.875
-0, -0
8, 4
7, 2.5
5, 5
4, 4
8, 8
-0, 8
4, 8
-0, 0
4, 4
0.25, 10.875
2, 11
8, 3
10, 4
4, 2
6.875, 2
8, 8
8.125, 4
8, -0
11, 8
1, 4
8, 8
6.75, 4.75
8, 0
7, -0
2, 9
8, 4
1, 11
-0, 4
4, 1.5
10.5, 4
6, 8
8, 8
0, 11
11, 6
4, 8
1, 2

8.5, -0
0.125, 5
7, 7
0, 8
8, 8
-0, 0
4, 0
4, 4
-0, -0
10, 3
9.5, 2
0, 9
1, 7.625
4, 5
4, 4
0.125, 1.5
-0, 6
4, 8
4, -0
0, 8
4, 0
10, 0
9, 1
6.5, 4.125
9.5, 8
0, 8
-0, 8
0, 0
4, 4
4, -0
4, 8
-0, 0
4, 9
8, 8
0.5, 1.625
2.5, 9
4, 0
8, 6
11.125, -0
8, 4
4, 8
4, -0
4, 8
4, 2
10.5, 2
2, 4
8, 8
7, 1
2.75, 0.25
9.5, 4.5
9.25, 4
4, -0
7, 1
8, -0
8, 4
0, 8
8, 8
0, -0
8, 4
2.125, 1
7, 8
4, 8
7.625, 6
10, 0.75
8.375, 10.875
4, 8
8, 8
5, 8.5
7.125, 8.75
8, 4
4, 4
8, 4
8.75, -0
3.5, 3
8, 8
8, 4
8, 4
2, 8
7.75, 0
4, 4
8, 8
8, -0
4, -0
8, 6
8, 4
8, 8
4, 8
0, 8
8, -0
4, 8
8, 8
4, 4
9, 6.625
2.25, 2
8, 8
4, 4
4, 4
0, 8
4, 4
4.5, 4
4, 4
4, 8
8, 8
3.5, 2
0, 8
1, 7
8.75, 11.125
8, 8
4.25, 8
8, 10
10, 5
4, 0
8, 0
9.5, 4
4, 8
8, 8
8, 8
8.5, 1.375
-0, 3
4, 5
2, 0.5
-0, 1
11.75, 7
8, 4
6.125, 10
8, 8
1, 6
10, 0
8, 4
2.75, 6
4, 4
6, 8
10, 5
0, 8
7, 7.5
4, -0
8, 5.125
4.5, 4
10.5, 11
8, 8
0, 8
6, 10
4, 3
6, 0

11, 1
2, 1
5, 10
0, 4
8, 8
8, 4
4, 0
4, 4
-0, -0
6, 0
10.5, 5
4, 3
6, 6.375
0, 11
4, 4
5.125, 8.5
8, 5
8, 8
4, -0
0, 4
4, 4
9, 0
1.5, 7
2.875, 4.25
11.25, 6
0, 8
8, 4
4, 4
-0, -0
8, 8
8, 8
9, 0
2, 0.5
8, 4
0.5, 5.5
10.75, 4
8, 0
0, 11
8, 4
8, 8
8, 8
4, 8
4, 4
1, 10
-0, 9
7.75, -0
8, 4
10.5, 2
7.5, 8.25
11.5, 11.5
11.125, -0
8, 4
6, 5
4, 8
-0, 4
0, 4
8, 4
8, 4
4, 8
2, 9
8, 4
4, -0
8.75, 2
6, 10.5
10.5, 0.5
0, 4
-0, 4
8.25, 2.5
8.125, 6.5
8, 4
4, 0
8, 4
10.5, 8
7.25, 1
-0, 4
8, -0
4, 8
-0, 6
2.25, 0
4, -0
8, 0
4, 8
8, 4
4, 0.25
0, 8
8, 8
4, 3
8, 4
6.5, 6
4, -0
8, 0
4, 4
8.5, 11.25
6.625, -0
-0, 8
4, 4
0, 4
0, 4
0, 0
4.5, 0
8, 8
8, 4
0, 4
4.5, 6.75
0, 4
1, 1
0, 9.75
8, 4
11.25, 8
2, 0
6, 5
8, 4
4, 8
0.75, 0
4, 4
8, 8
8, 8
2, 8.125
2, 4
4, 10
8, 7
-0, 4
1.5, 4
8, 4
8.5, -0
8, 4
7.5, 1
9, 0
0, 4
7.25, 8.5
8, 8
4, -0
6, 6.5
8, 4
3, 7
8, -0
8, 11.75
1.5, 8
3.5, 10
0, 8
0, 5
2, 10
8, 5
8, 0

6, 3
8, 2
7, 9
4, 4
4, 8
-0, 4
-0, 4
0, 4
8, 4
1, 0
7, 0
0, 7.875
3, 1.375
8, 6
8, 0
1.75, 4.25
-0, 2
4, 8
0, -0
4, 4
-0, 4
0, 8
1.5, 8
9.5, 7.75
9, 4
0, 0
-0, 0
8, 4
4, -0
-0, -0
-0, 0
7, 4
-0, 9.5
-0, 4
5.75, 4.625
1, 8
0, 8
0, 3
2.875, 6
-0, 0
0, -0
8, 4
-0, 4
8, 4
5.5, 6
1.25, 8
-0, 4
3, 7
10.5, 7
8, 9.75
2, -0
0, -0
7, 6
-0, -0
-0, 4
4, 4
-0, 4
0, 4
0, 0
4.25, 1
11, 4
8, 8
1, 0
1, 9.5
9.5, 4.875
8, 8
-0, 0
10, 7.5
2.375, 5.25
0, 4
4, 8
4, 8
10, 8
7.5, 3
-0, 4
0, 4
-0, -0
4, 4
11.75, 8
4, 8
9, 4
-0, -0
8, 4
0, 1
0, 4
-0, 0
-0, 10.5
4, 4
10.5, 3
8, -0
-0, 0
8, 0
7.5, 7.625
10.875, -0
4, 8
8, 4
0, 0
4, 4
4, 0
0.75, 0
0, 8
8, 4
8, 8
6.75, 5.625
4, 4
5, 3
7, 3.375
-0, 8
5.75, 8
8, 2
8, 2
4, 8
0, 0
11.75, 4
0, 0
-0, 8
4, 8
2.25, 2.625
4, 6
4, -0
2, 0.5
-0, 1
9.625, 6
-0, 4
10.625, 6
8, 4
3.75, 7
10, 8
8, 8
0.75, 5.5
4, 8
5, -0
8, 11
4, 4
0, 8
-0, 8
8, 6.125
10, 8
6.5, 1
8, 8
8, 6
8, 4
-0, 1
6, 3

-0, 7
9.25, 9
3, 11
0, 0
8, 4
8, 0
-0, 8
0, -0
4, 4
11, 11
8, 9.5
0, 5.25
6, 0.5
4, 10
0, 0
10.125, 2
8, 11
-0, -0
8, 4
0, 0
8, 8
10, 8
5.5, 8
11.375, 5
8.75, 10
0, 0
-0, 0
0, 0
-0, 4
-0, -0
8, 4
4, 0
10, 3
-0, -0
9.25, 8.5
10, 2
0, 0
10, 8
4.25, 4
-0, 0
0, 8
-0, -0
4, 0
4, 4
5.5, 11
8.25, 8
-0, 0
11, 2
3, 0
-0, 10
10.5, 4
8, 4
9, 1
-0, -0
-0, 8
0, 0
8, 4
8, -0
8, 4
8.375, 1
9, 4
0, 4
1.125, 6
8.5, 0.5
1.875, 3.75
4, 0
4, 8
9.25, 8
1, 1.75
4, 4
8, 0
0, 0
1.75, -0
0.5, 10
-0, 8
0, 4
8, 4
6, 0
10.5, 0
8, -0
2, 8
-0, -0
8, 4
8, 6.75
4, 8
4, 8
4, 1.75
4, 0
-0, 8
8, -0
-0, 8
-0, 0
10, 6.125
10.375, 6
8, 4
8, 4
0, 8
0, 0
0, 4
7.75, 0
0, -0
4, 4
4, -0
4, 6.25
0, 0
3, 10
2.25, 6.25
-0, -0
7, 4
10, 10
3, 3
8, 4
0, 0
3, 0
0, 0
4, 8
8, 4
0.5, 10.375
6, -0
4, 4
6, 10.5
4, 2
8.25, 5
4, 4
7.125, 2
0, -0
2.5, 0
6, 8
4, 8
0.75, 10.5
4, 0
7, -0
10, 10
4, 4
11, 6
-0, -0
4, 1.125
2, 8
7.5, 7
8, 4
8, 1
4, 6
-0, 1
11, 10

9.75, 9
10, 3
7, -0
8, 4
8, 4
8, 4
4, 0
0, -0
-0, 8
9, 9
6.5, 5.5
4, 8.75
4, 3.25
8, -0
0, 8
11.25, 3
-0, 8
8, 4
8, 4
8, 4
4, 0
0, 4
2, 3
11.5, 0.25
1.75, 8
4, 0
4, 8
4, 4
4, 4
8, 4
-0, 4
2, 4
6, 4.5
4, 8
6.25, 11.125
10, 7
8, 4
6, 11
5, 10
4, 4
0, 4
-0, -0
4, 8
-0, 3
5, 1
7.5, -0
4, 8
9, 8
1.5, 9.75
5, 0.75
0.375, 8
0, 8
9, 2
4, -0
4, 0
8, 4
8, -0
8, 4
8, 0
10.25, 10
6, 8
4, 8
6.125, 2
2.5, 10.5
2.875, 8.625
4, 8
4, 8
5, 7.5
6.75, 11.125
4, -0
4, 8
8, 0
5.75, 4
9.75, 1
-0, 4
8, 4
8, -0
10, 0
3, 4
4, 8
11.5, 4
4, -0
8, 4
0, 1.75
8, 0
8, 4
-0, 11.5
8, 4
4.5, 1
4, 4
-0, 0
-0, 8
7, 3.75
0.5, 3
-0, 8
4, 8
0, 8
8, 4
4, 4
0.5, 4
8, 8
4, 8
0, 8
9.25, 1
8, 4
3, 11
11.75, 3.625
4, -0
6.5, 8
3, 11
8, 8
8, 4
4, 0
10.25, 4
8, 4
-0, 4
8, 4
0.75, 0.25
8, 3
4, 10
10, 4.5
4, 3
5.75, 7
4, 0
9.75, 8
4, 8
6.5, 9
5, 4
4, 8
4, 7.5
0, 8
9, 8
10, 6
0, -0
10, 11.5
8, 4
8, 10.875
10, 8
4.5, 11
8, 4
4, 1
5, 8
4, 1
3, 4

3, 6
7, 1
9, 6
0, 4
4, -0
8, 0
8, 8
8, -0
-0, 8
10, 8
8.5, 11.5
4, 6.625
6, 6.125
8, 4
4, 8
8.25, 3.5
8, 7
8, 8
4, 4
0, 4
-0, 8
7, 0
1.5, 3
6.375, 10.625
9.5, 0
0, 4
-0, 4
4, 8
-0, 4
8, 8
8, 0
11, 4
4, 11.5
-0, 8
-0, 2.625
0.75, 10
0, 0
8, 3
5.875, 8
4, 8
8, -0
-0, 8
-0, 4
1, 5
9.5, 5
0, -0
-0, 8
8.5, 7
8, 5
6, 2
2.125, 4
0, 4
8, 11
4, 4
4, 8
0, 4
-0, 4
8, -0
4, 4
9.625, 2
2, 8
8, 8
11.125, 6
3.5, 7
6.625, 9.125
4, 0
8, 8
4.5, 6.5
10.5, 8.25
0, -0
4, 8
8, 8
6.75, -0
5, 7
4, 4
8, 8
4, 4
8, 0
0.75, 4
4, 8
9, 0
4, 4
8, 8
8, 0.625
0, 4
8, 8
8, 2.25
0, 4
1.5, -0
4, -0
4, 8
4, 8
3.5, 4
6.375, 5
8, 0
8, 8
4, 4
0, 4
0, 4
7, 4
4, -0
4, 8
8, 4
2.25, 3
0, 4
9, 8
10.75, 4.625
8, 8
5.5, -0
7, 0
3, 8
4, 4
4, 4
11.25, 0
8, 8
-0, 8
4, -0
7.75, 7.875
10, 4
4, 9
6, 2
8, 0
3.875, 10
-0, 0
0.5, -0
0, 4
6.25, 2
2, 4
4, -0
10.5, 10.5
8, 8
5, -0
6, 4
0, 8
8, 3
-0, -0
4, 2.125
5, 4
0.5, 7
8, -0
0, 8
1, 10
8, 10
9, 6

8.25, 11
7, 1
10, 2
0, 4
-0, 8
-0, 8
8, 0
4, 4
4, 8
9, 5
10, 1
0, 5.5
10, 9.125
0, 3
4, 8
3.875, 4
4, 4
8, -0
4, -0
0, 4
8, 4
7, 4
2, 5
10.125, 1.125
8, 2
8, 0
-0, 4
4, 4
4, 8
-0, 4
-0, 4
5, 0
8, 4
-0, 8
4.25, 7.875
4.5, 9
8, 0
10, 0
1.125, 8
4, 4
0, 4
-0, 8
4, 4
8, 2
10.5, 1
10.25, 4
-0, 8
5.5, 7
9.25, 11.5
11.5, 3.5
11.5, 8
0, 4
9, 6
8, 8
4, 4
0, 4
8, -0
0, 8
8, 4
1.375, 0
10, 0
8, 8
0.25, 8
1.5, 4
0.875, 1
4, 4
-0, 4
0, 1
9.625, 7.125
4, -0
4, 8
8, 0
11.75, -0
7.5, 4
-0, 4
4, 4
8, 4
-0, 2
5.5, 4
4, 8
10.5, 8
8, 8
8, 8
0, 8.625
0, 8
-0, 4
4, 9.5
4, 8
0.5, 10
4, 8
4, 8
4, 8
8, 8.875
7, 1
-0, 4
4, 8
4, 4
0, 4
4, 8
5.75, 0
8, 8
0, 4
4, 8
11, 11
0, 4
5, 2
7.5, 3.625
4, -0
4.25, 4
1, 1.5
0, 5
4, 0
8, 8
0.5, 8
4, 8
8, 8
0, 8
10.25, 4.75
6, 7
0, 9
10, 3
4, 0
0.125, 4
4, 0
9.5, 4
4, -0
4.75, 4.5
7, 0
0, 4
10.75, 11.75
4, 0
6, 4
8, 6
4, 8
1, 9
8, -0
8, 10.75
10.5, 4
11.5, 9
8, 4
4, 6
5, 7
8, 11
7, 3

0.5, 2
10, 9
7, 4
8, 0
4, 8
-0, 8
-0, 0
4, -0
-0, 8
6, 4
7.5, 8
8, 9.5
9, 1.25
0, 7
0, 4
1.625, 9.75
8, 11
-0, 4
0, 4
8, 0
-0, 8
11, 4
6, 10
0.25, 5.25
6, 6
8, 4
8, 0
4, 4
4, 8
8, 4
-0, 0
11, 4
6, 6
4, 8
4.75, 6.125
4.25, 9
0, 4
10, 3
8, 10
8, 0
0, -0
8, 8
4, 0
6, -0
2.5, 3
3.5, -0
4, 8
0.5, 11
4.5, 11.25
1, 5
9.5, -0
8, -0
6, 11
4, 4
8, 0
8, 0
-0, 4
0, 8
4, 4
8.375, 8
8, 0
8, 4
11.75, 10
11, 11
1.25, 5.75
4, 4
-0, 0
1.25, 7.5
7.25, 10.75
4, 8
4, 4
0, 4
1, 8
4, 11
-0, 4
4, 8
4, 4
2, 2
10, 4
4, 4
5.5, 4
4, 4
0, 4
0, 7
8, 4
-0, 0
8, 7.5
4, 0
9, 6
4, 4
4, 8
-0, 4
6, 11.75
4.5, 6
8, 4
4, 0
4, 0
8, 0
4, 8
3.25, 0
8, -0
0, 4
8, 4
4.5, 4.25
8, 0
8, 5
3.25, 0.125
8, -0
9.5, 4
6, 11.5
1, 11
-0, 4
4, 4
11, 0
8, 4
-0, 8
4, 8
2.5, 2.25
6, 7
0, -0
0, 2.5
4, 9
6.875, 7
4, 8
6.5, -0
8, 8
8.25, 2.5
2, 0
4, 4
7.75, 4.5
4, 0
9, 4
8, 9.5
0, -0
0, 5.5
-0, 4
4, 6.75
2, 8
5.5, 4
4, 8
4, 6
5, 5
8, 11
5, 9

4.25, 8
1.125, 4
11, 3
8, 8
8, -0
-0, 8
8, 4
0, 4
-0, 8
11, 6
2, 8.5
4, 9.75
6, 11.875
0, 9
0, 4
11.375, 3.75
-0, 3
8, 8
0, -0
8, 8
8, 8
1, 8
7.5, 3
2.5, 7
7.25, 8
8, 8
-0, 4
4, 8
8, -0
8, 8
-0, 8
9, 0
-0, 6
-0, 4
6.25, 5.375
6.75, 7
8, 8
8, 8
4.75, -0
8, 8
8, -0
4, -0
-0, 0
9, 7
2.5, 6
2, 8
-0, 4
11, 3
10.75, 7.75
8, 0.75
7.875, 8
0, 4
7, 2
8, 8
8, 0
8, 8
4, 8
0, 8
8, 0
11.25, 9
3, 0
0, 8
4.75, 8
9, 4.5
10.25, 6.375
0, 4
8, 4
3.75, 11
7.25, 10.75
4, -0
0, 4
8, 8
2.75, -0
7.25, 1
8, 4
8, 4
8, -0
2, 0
1.25, 4
-0, 4
8.5, 8
8, 8
8, 8
8, 2.375
8, 8
-0, 4
-0, 9.75
8, 0
8.5, 11
8, -0
-0, 4
-0, 4
4, 7.625
4.25, 7
8, 8
8, 8
8, 8
8, 8
8, 0
8.75, 8
8, -0
0, 8
8, 8
8.75, 3.75
8, 8
7, 9
6, 5.5
-0, -0
3.25, -0
8, 5
7, 11
-0, 0
8, 8
6.75, 8
8, 8
-0, 8
8, -0
0, 2
2, 4
0, 10
8, 1.5
4, 11
0.25, 10
4, 0
9.125, 6
0, -0
5, 9.5
2, 4
0, 4
5.25, 6
0, 0
8, -0
6, 0.5
4, 8
1, 8.5
4, -0
4, 3.625
3, 8
6.5, 6
4, -0
4, 2
2, 11
8, 11
2, 5

2, 4
4, 5
11, 10
0, 8
-0, 8
8, 0
4, 4
0, -0
-0, -0
9, 11
3, 7
0, 1.25
5, 1.5
0, 5
8, 4
0.375, 5
4, 9
4, 8
0, 4
4, 8
8, 8
10, 0
10, 8
10.75, 6.5
7.5, 6
4, 8
4, 8
4, 4
8, -0
-0, 4
8, 0
5, 4
-0, 11
8, -0
9.25, 3.5
4.25, 7
0, 4
10, 0
4.375, 4
8, 8
0, 8
-0, 4
-0, 8
7, 10
2.5, 9
1.75, 8
8, 0
2.5, 9
2.25, 8.5
7.5, 5.5
1, 4
4, 8
7, 7
8, 4
8, 4
0, 8
8, 4
8, -0
0, 4
11.625, 3
10, 4
0, 8
11.375, 2
0, 2.75
9, 3.25
8, 0
8, 4
4, 7
11.375, 8.75
8, 4
8, 0
4, 8
11.75, 4
5, 4
4, 8
8, -0
-0, 4
6, 0
9.75, 4
8, -0
9, 8
8, 4
0, 8
4, 4
8, 4
-0, 8
4, 9.5
8, 8
-0, 6
0, -0
4, 4
8, 4
5.5, 8.875
3, -0
4, 4
-0, 4
4, 0
0, 8
8, 0
1.25, 4
8, -0
8, 4
0, 4
1.75, 1.625
4, 8
-0, 10
2.5, 0.875
-0, 8
0.25, 4
-0, 11
11, 6
-0, 4
8, 4
7.25, 8
4, 0
8, 0
0, 8
2.25, 2.875
6, 4
8, 3
6, 3.5
-0, 9
1.625, 7
8, 4
4.875, 4
4, 8
11.25, 7.5
3, 0
0, 8
10.75, 1
8, 0
6, -0
10, 6
8, 8
5, 11
8, 4
8, 11.5
8, 4
5.5, 3
4, 8
0, 11
11, 1
-0, 5
-0, 2

4, 7
5.75, 2
11, 8
4, 8
8, 8
8, 0
4, 8
4, 8
4, 8
8, 5
2.5, 5
0, 2.125
10, 7.125
0, 1
8, 0
1, 10
4, 8
-0, 8
4, 4
0, 4
-0, 8
0, 4
4, 1
11.125, 2.25
10.25, 6
0, 4
4, 4
4, 0
4, -0
-0, 8
4, 0
2, 0
10, 8.5
8, -0
10.5, 3.75
0.5, 6
0, 8
8, 10
3.875, 2
4, 8
4, -0
-0, -0
4, 8
2, 10
10, 6
7.5, -0
8, 0
10, 0
2, 11
7, 7.5
10.5, -0
4, 4
4, 7
8, 8
4, 0
4, 8
4, 4
8, -0
0, 8
4.75, 0
10, 4
4, 4
4.5, 6
2.5, 1.5
10.25, 8.5
8, 0
4, 0
9.75, 3.5
5.625, 10.75
4, -0
8, 0
8, 0
0, 4
4.25, -0
8, 0
4, -0
-0, 8
4, 10
8, 4
8, -0
9, 0
8, 8
0, 8
8, 5
4, 4
4, 4
4, 9.5
4, 0
4, 2
4, 8
8, 0
8, 0
2, 3.875
0.375, 3
4, 8
4, 4
8, 8
4, 8
4, 0
11, 8
4, 8
8, -0
0, -0
9.25, 2.5
0, 4
4, 6
5, 0.125
8, -0
5.75, 8
11, 0.5
7, 0
4, 4
8, 8
7, 0
0, 0
8, 8
8, 8
6.25, 5
2, 6
8, 1
8, 1
8, 4
2.5, 2
4, 0
7.25, 8
0, 4
0, 2
2, 8
8, 8
4.75, 9.75
4, 0
2, 8
4, 11
0, 8
0, 5
-0, 8
8, -0
7.5, 4
3, 8
8, -0
4, 1
9, 2
-0, 8
6, 7

5.5, 9
3.375, 8
3, 6
0, 8
8, 4
-0, 4
4, 8
8, 4
4, 4
4, 10
4, 7
0, 2.875
1, 8.375
8, 6
0, 4
11.75, 5.5
-0, 11
4, 8
4, 4
4, 4
4, 8
4, 8
10, 2
5.125, 9.25
2.25, 4
0, 8
4, 4
0, 0
8, 4
4, 4
4, 0
1, 0
6, 2
8, 4
11, 4.125
11.5, 4
4, 0
2, 1
2.125, 6
8, 0
4, -0
-0, -0
-0, 0
9, 3
11, 6
10.25, 8
8, 4
3, 2
5.25, 4.5
10, 2
5.375, 8
4, 4
10, 5
4, -0
8, 4
0, 8
8, 4
0, 4
4, 8
4.625, 10
2, 8
4, 4
11.875, 0
9, 0
2.125, 11.75
0, 4
-0, 0
4.5, 1
1.5, 2.5
4, -0
8, 4
4, 8
9, -0
2.25, 10
-0, 0
0, -0
4, 8
2, 10
10.5, 4
8, 4
3, 4
4, -0
4, 8
8, 1.125
8, 4
-0, 0
4, 9.25
8, 0
3.5, 10
4, 8
-0, 8
-0, 4
5.5, 0.5
3.875, 1
4, 8
8, 4
0, 0
0, 8
8, 4
10.25, 0
8, 8
0, 4
0, 8
1.25, 1.375
4, 4
11, 0
2.75, 7.75
-0, -0
7, -0
7, 5.5
11, 4
4, 4
4, 0
4.25, 8
4, 4
8, 4
8, 4
10.5, 6.625
4, 1
0, 11
8, 5
4, 5
2.75, 0
4, 0
1.375, 2
4, -0
1.75, 6
2, 4
0, 8
6, 7.25
0, 8
9, -0
10, 6.5
4, 4
1, 7
4, -0
4, 3.875
4, 8
8, 2
0, -0
0, 7
8, 6
8, 3
1, 4

5.5, 8
9.75, 5
1, 10
4, 4
-0, 8
4, 4
8, 4
4, 4
4, 8
7, 5
7, 7
0, 2.125
11, 0.375
4, 6
4, 0
0.375, 0.5
-0, 4
4, 8
8, 4
4, 4
4, 0
8, 8
0.5, 10
6.125, 4.125
10, 4
4, 4
4, 8
4, 0
-0, 8
8, 8
8, 4
1, 0
-0, 10.5
8, 4
11.5, 1.625
10, 7
8, 4
2, 5
4.125, 10
8, 8
8, 4
4, 4
-0, 0
11, 10
6, 0
3.25, 4
8, 4
2, 8
10.5, 4.25
0.5, 10.75
5.625, -0
4, 8
8, 0
4, -0
8, 4
4, 4
8, -0
4, 4
8, 4
0.75, 0
3, 0
8, 4
9.625, 10
8, 11.25
10.75, 2.125
4, 4
4, 4
7.25, 11.5
10, 5.5
0, 8
4, 0
4, 8
11, -0
2.75, 3
4, 4
4, 4
8, 4
2, 6
-0, 8
4, -0
4, 4
4, -0
8, 4
4, 9.125
0, 4
4, 0
4, 6
8, 4
7, 6
0, 4
4, 0
4, 0
11, 1
4.875, 10
8, 8
8, 4
0, 0
4, 4
0, 8
6.5, 0
4, 4
8, 8
8, 4
3.5, 10.5
4, 4
3, 8
11.75, 0.25
-0, -0
7.75, 8
1, 4
5, 2
8, 4
4, 0
0.5, 0
4, 4
-0, 0
0, 8
10.75, 5.125
4, 1
0, -0
6, 10
8, 8
0.875, 7
-0, 8
11, 4
4, 8
10.5, 10
-0, 8
4, 4
3.75, 6
0, 8
9, 8
0, 4
8, 8
0, 0
8, 4
-0, 10.875
2.5, 8
5, 3
8, -0
0, 5
8, 6
-0, 10
7, 7

7.75, 11
5, 10
10, 6
4, 8
-0, 4
8, 8
4, 4
8, -0
-0, 4
11, 7
10, 8
0, 1.125
0, 3.75
8, 1
8, 0
0.75, 4
-0, 8
8, 8
4, -0
4, 8
4, 0
5, 8
6, 3
3.125, 6.875
7.25, 6
4, 8
8, 4
4, 4
8, 4
4, 8
4, 4
2, 4
8, 8
-0, -0
1, 6.875
11.75, 6
4, 8
8, 0
5.625, 4
8, 0
4, 4
4, -0
4, 4
11, 4
10.5, 5
5.25, -0
-0, 0
3.5, 4
5.25, 1.75
10, 8
5.75, -0
8, 4
9, 10
4, 8
-0, 8
4, 8
4, 4
8, 8
8, 8
10.625, 3
4, 8
4, 4
3.125, 6
0, 8
5.375, 8.375
0, 4
-0, 8
4.75, 2
4.875, 6.5
8, 8
4, 0
8, 8
8, -0
2.25, 7
4, 0
4, 4
8, 8
10, 0
2, 0
4, -0
6, 4
4, 8
0, 4
0, 5.25
0, 4
8, 8
-0, 4.25
4, 4
7.5, 8
4, -0
4, 4
8, 0
8, 7.625
11.75, 1
8, 0
8, 8
0, 8
4, 8
8, 4
10.75, 0
8, 8
4, 4
8, 8
5.5, 0.5
4, 8
-0, 0
8.25, 0.125
4, 4
9.25, 8
10, 0
2, 2
4, 0
4, 8
6.25, 0
8, 8
-0, 0
0, 4
5.25, 2.75
6, 7
8, 10
6, 11.5
8, 4
0.5, 11
8, 8
3.5, 8
4, 4
6.5, 4
11, 8
4, -0
7, 1.5
4, 0
9, 4
10, 0.5
8, 4
3, 5
8, 4
8, 9.125
-0, 4
6, 8
0, -0
4, -0
4, 9
4, 1
11, 4

4.75, 10
6.625, 5
0, 9
4, 4
8, -0
-0, 4
4, 4
8, 8
4, -0
10, 7
3.5, 8
4, 0.625
4, 6.625
0, 9
4, 8
11.875, 9.5
8, 0
4, -0
0, 4
4, 0
-0, 0
10, 0
11.5, 1
8.75, 11.375
10.75, 6
4, 0
4, 4
4, 4
8, 4
-0, -0
4, 4
2, 0
-0, 6.5
8, -0
5.25, 2.625
11.25, 3
4, 0
10, 10
5.5, 8
-0, 0
4, 4
-0, -0
4, 0
7, 10
11.5, 10
11.5, 8
8, 0
3.5, 11
8, 2.5
6, 5
4, 4
4, 4
4, 5
4, 8
-0, 0
4, 4
4, 4
0, 4
0, 0
6.5, 2
3, 8
4, 4
3.625, 0
3, 7.25
4.875, 0.25
8, 0
-0, 0
11.75, 2
9.75, 7
0, 4
4, 8
4, 0
1, 4
4, -0
4, 0
8, -0
-0, -0
8, 10
0.5, 4
4, 8
11, 8
4, 8
0, 4
0, 0.125
8, 0
-0, 0
8, 11
4, 0
4.5, 7
4, -0
8, 0
4, 8
11, 9.5
6.25, 8
4, 8
4, 0
8, 0
4, 4
8, 4
5, 8
0, -0
0, -0
0, -0
1, 1.125
4, 0
3, 1
6.25, 11.75
-0, 4
11.5, 8
9, 11
11, 9
4, 4
4, 8
3.5, 8
4, 8
4, 8
8, -0
6.75, 1.375
4, 9
0, 3
0, 6
-0, 2
2.25, 9
-0, 4
2.625, 4
8, 8
1, 1
3, 8
0, 4
8.5, 8
0, 8
11, 8
4, 5.5
4, 4
7, 1.5
4, -0
8, 9.375
3, 4
2.5, 2
4, 4
0, 9
4, 5
4, 11
1, 6

1, 10
5.5, 6
9, 4
4, 0
8, 8
4, 8
4, 0
4, 4
8, -0
-0, 11
4, 3.5
0, 2.25
7, 8.375
0, 4
8, 0
7.25, 4.5
8, 1
4, -0
0, 8
8, 4
-0, 0
10, 0
9, 8
0.125, 8.75
0.5, 0
4, 4
4, 0
0, 4
-0, -0
4, -0
8, 8
8, 4
10, 7.5
-0, -0
2, 6.25
-0, 10
0, 8
2, 9
11.25, 6
-0, 8
4, 8
8, -0
4, 0
7, 7
5, 8
3.75, 8
-0, 0
6, 4
7.75, 4
4.5, 0.75
7, 4
4, -0
2, 11
-0, 4
-0, 4
4, 0
4, -0
4, 8
8, 4
8.125, 7
0, 4
8, 4
10.125, 8
11.5, 3.5
9.875, 6.75
0, 0
8, 8
7.5, 1
11.625, 3.5
0, 4
8, 4
4, 0
10, -0
5.5, 2
-0, 4
0, 4
8, 4
8, 2
9, 0
8, 4
7, 0
-0, 4
0, -0
0, 9.375
8, 8
4, 8
8, 11.25
0, 4
2.5, 9
4, -0
-0, 4
8, 0
5.5, 10.75
2.75, 3
4, 4
8, 0
4, 0
4, 0
0, 0
0.75, 0
4, -0
0, 4
8, -0
11.5, 4.875
8, 4
11, 6
3, 10.125
4, 4
4, 4
2, 5
7, 11
8, 0
0, 4
4.75, 0
8, 0
-0, 4
8, 8
5.25, 4.75
10, -0
0, 6
10, 8.5
4, 6
0.75, 6
-0, 4
6.75, -0
0, 4
4.75, 2
7, 8
8, 4
11.5, 0.5
8, 4
6, 8
6, 0.5
4, -0
5, 10.5
-0, 8
4, 6.625
8, 4
8.5, 7
8, 4
8, 6
3, 1
8, 1
9, 2

10.75, 6
1.375, 9
8, 1
0, 4
-0, -0
-0, 8
4, 0
0, 4
4, -0
5, 7
0.5, 1
4, 6.75
1, 5.25
4, 9
0, 8
6.5, 1
4, 6
8, 8
8, -0
0, 0
8, 8
2, 0
10, 11
3.75, 6.375
3.25, 0
4, 4
4, 4
4, 0
4, 4
8, -0
4, 0
8, 0
4, 6.5
4, -0
0.25, 9.375
7, 1
0, 0
4, 7
10, 2
-0, 4
4, -0
-0, 4
-0, 0
5, 3
10, 2
6, 4
4, 0
6, 9
2, 10
11.5, 5.75
3.25, 8
4, 4
6, 7
-0, 4
8, 4
0, 4
-0, 4
0, 8
8, 0
4.25, 3
8, 8
4, -0
2.125, 0
3, 3.25
3.25, 1.5
4, 0
-0, 0
11.25, 3
10.75, 2.625
0, 8
0, 8
8, 8
9.75, -0
1.25, 6
4, 0
0, 4
8, -0
10, 10
1.5, 8
-0, 8
4, 8
-0, 4
4, 4
8, 9
4, 0
4, 0
-0, 3.75
8, 0
6.5, -0
4, -0
4, 8
-0, 8
8.5, 10.75
4.875, 4
-0, 0
4, 0
8, 4
0, 4
4, 4
9.75, 0
8, -0
4, -0
4, -0
2, 8
0, 0
3, 1
1.25, 7.125
4, 8
2.25, 8
9, 10.5
10, 9
-0, 0
0, 4
10.25, 0
0, 0
-0, 0
0, -0
9, 0
6, 1
4, 9
4, 10.5
4, 4
3.5, 5
-0, 8
4.25, 8
4, 8
6.5, 2
3, 0
8, 4
9.75, 5.75
0, 8
1, -0
6, 10
4, 4
4, 6
-0, -0
-0, 4
1, 4
7, -0
4, 4
8, 3
2, 3
8, 0
7, 8

4, 7
1.375, 8
1, -0
0, 0
8, 4
-0, 4
-0, 4
8, 8
4, 4
11, 8
1.5, 9
0, 10.25
9, 9.875
0, 9
0, 4
2.875, 5.5
8, 2
-0, 4
4, -0
0, 0
4, 0
5, 4
6, 3
8.25, 2
6.75, 2
0, 0
-0, 4
4, 8
-0, 4
8, 8
-0, 4
5, 0
2, 11.5
8, 4
8, 3.875
9.25, 10
4, 0
4, 7
8.625, -0
8, 4
0, 4
8, 8
4, 8
7, 8
11, 5
2.25, -0
8, 4
8, 10
1, 8
11, 4
11.875, 4
0, 4
8, 6
4, 8
-0, 8
0, 0
8, -0
0, 4
4, 0
1.75, 1
5, 0
8, 4
10.375, 2
3, 7.5
1.5, 0.25
8, 4
8, 0
11.75, 7
6.75, 10.25
0, 4
4, 8
0, 0
6.5, -0
11.5, 11
4, 0
8, 4
4, -0
2, 0
1.25, 0
4, 8
3.5, 4
4, 8
8, 4
8, 0.5
8, 0
4, 0
4, 0.75
4, 4
2.5, -0
4, -0
8, 0
-0, 4
2.5, 4
4.25, 4
4, 8
8, 8
8, 4
0, 0
0, 4
7.75, 4
8, -0
4, -0
4, -0
11.5, 7.375
0, 0
11, 9
9, 11.75
4, -0
4.5, 8
6, 8
5, 8
-0, 0
4, 8
11.25, 0
4, 8
8, 4
8, 4
11, 1
4, 4
4, 7
0, 11
8, 8
6.75, 3
-0, 4
8.125, 10
8, 4
6.75, 1
4, 0
4, 4
7.5, 9
4, 8
0, 8
2, 10
8, 8
10, 8
4, -0
-0, 5.375
4.5, 8
6, 11
8, 4
0, 9
8, 6
-0, 5
5, 9

2, 10
10.5, 2
8, 5
4, 8
-0, -0
8, 4
8, 4
4, -0
-0, 4
2, 2
3, 0.5
0, 2.875
9, 1
4, 3
8, 4
6.625, 3.25
8, 2
4, 8
8, 8
4, 8
8, 4
5, 4
7, 10
8.75, 0.25
8.5, 6
4, 8
4, 8
0, 4
4, 8
4, 8
8, 4
2, 0
2, 5.5
-0, 8
7.75, 0.375
1, 9
0, 0
4, 11
6.625, 2
8, 4
8, 4
4, 8
8, 8
9, 1
-0, 11
1.25, -0
-0, 8
10.5, 8
3.75, 9.5
9.5, 1.5
8.375, 4
4, 8
2, 1
-0, -0
4, 4
4, 8
8, -0
8, 4
0, 0
3.5, 1
4, 8
4, 8
3.75, 0
5, 10.5
8.375, 4.125
4, 0
4, 0
10.5, 6.5
4.125, 9.5
0, -0
0, 0
0, 0
1.75, 4
0, 2
4, 0
0, 8
-0, -0
4, 4
1, 4
-0, -0
9, 8
-0, -0
0, 4
0, 10
8, 0
4, 0
8, 9.75
8, 8
-0, 11
8, 4
-0, 8
8, 4
8, 7.125
11.625, 10
8, 4
8, 4
8, 4
4, 8
4, 8
3.75, 4
0, -0
4, 8
8, 8
0.5, 3.75
4, 8
10, 4
6.25, 0
8, 8
3, -0
8, 6
4, 7
-0, 0
0, 0
1.75, 0
4, 8
8, 8
0, -0
6.5, 7.625
2, 7
4, 10
8, 7.5
8, 1
6.375, 8
-0, 0
3.375, 10
8, 4
10.75, 5
1, 8
4, 8
11.75, 0.25
8, 8
8, -0
4, 5.5
4, 8
8, 0
-0, -0
4, 10.375
2, -0
6, 9
4, -0
0, 11
9, 10
8, 1
4, 3

11.5, 8
5.375, 4
11, 2
8, 8
4, 8
-0, 4
4, 8
4, 4
4, -0
6, 4
2, 9
4, 6.625
10, 9.25
4, 9
8, 4
2.75, 9.5
8, 0
8, 8
8, 8
8, 8
8, 0
7, 8
7, 6
0.625, 8.75
0.25, 8
8, 8
8, 0
0, 4
4, -0
8, -0
8, 4
7, 8
10, 6
4, 4
3, 6.375
2.25, 8
0, 8
0, 8
0.875, -0
4, 8
8, 4
4, 4
-0, 0
1, 2
4, 10
2.25, -0
4, 4
11.5, 3
2.25, 1
0.5, 5.25
11.125, 8
8, -0
2, 8
-0, 8
4, 4
8, 8
4, 4
0, 4
0, 8
10.875, 7
10, 0
0, 8
3.125, 6
8, 9.75
0.25, 9.5
4, 8
-0, 4
4.75, 3
9.375, 1.125
0, -0
4, 4
8, 8
8, 4
2.75, 1
-0, 8
0, -0
-0, 8
8, 2
10.75, 4
4, 4
2.5, 4
-0, 8
4, 8
0, 10.375
4, 4
-0, 4
8, 1.5
4, 0
4.5, 1
4, 4
4, 4
8, 4
7, 6.125
8, -0
8, 4
8, 8
0, 4
8, 8
4, 0
3, 8
4, 8
8, 8
4, 4
4, 7.375
8, 8
11, 3
11, 10.75
4, 4
2.25, 8
8, 0.5
2, 10
4, 4
0, 8
8.25, 8
0, 8
8, 0
4, 8
6.75, 4.375
6, 10
4, 5
4, 1
-0, 7
2.625, 10
-0, 0
5.25, 2
0, 8
2.75, 5.5
3, 8
4, 8
5.75, 2.5
0, 8
5, -0
6, 10.5
8, 4
4, 11
-0, 8
8, 7
3, 4
7, 9
8, -0
0, 8
8, 7
-0, 3
6, 9

3.25, 5
8.125, 8
6, 7
4, 4
4, 4
4, 4
8, 4
8, 8
-0, 8
-0, 6
7, 5
8, 2
5, 9
4, 9
0, 8
10.75, 3
8, 11
8, -0
4, 8
8, 0
4, 0
1, 8
9, 11
8.625, 7.375
3.25, 8
8, 0
8, 0
0, 4
-0, 4
8, -0
4, 8
10, 0
10, 6.5
4, -0
7.25, 8.75
11, 1
4, 4
0, 2
1.5, 6
4, 4
4, 8
4, 8
4, 4
11, 11
1.5, 1
0.75, -0
4, 0
11, 10
8.75, 6.75
-0, 6.5
5.875, -0
8, -0
6, 4
4, -0
4, 0
4, 4
4, 4
4, 4
4, 4
10, 6
8, 4
4, 4
9.5, 2
11, 10
-0, 2.625
4, 8
4, 0
3.25, 9.5
4.5, 0.5
8, -0
4, 0
8, 0
5, 4
2, 9
4, 0
4, 4
4, 4
8, 6
8, 0
4, -0
1.5, 8
4, -0
0, 8
0, 3
4, 4
4, 4
8, 5
0, 0
8, 2
4, -0
4, 0
-0, 8
10.5, 5.375
2.25, 1
8, 8
-0, 8
4, 4
4, 4
0, 4
2, 4
8, 4
4, 4
4, 4
8.75, 5.875
8, 0
1, 1
1, 6.125
4, 4
0.25, -0
11, 9
8, 0
4, 4
4, 0
3.25, 0
0, 8
4, 4
4, 4
8.5, 4.75
6, 2
4, 11
6, -0
-0, 10
3.125, 4
8, 0
9.75, 8
0, 4
0, 1
3, 0
4, 4
3.25, 4
8, 0
5, -0
8, 8
8, -0
3, 2
4, 4
8, 1.25
-0, 8
5, 1
4, 4
4, 6
1, 10
8, 0
4, 5

9.75, 11
6.25, 2
5, 7
4, 4
8, 8
4, 0
4, 8
8, 4
-0, 8
7, 4
11.5, 1
4, 5
9, 4.125
8, -0
8, 8
10, 4.5
8, 0
8, -0
0, -0
8, 8
8, 0
1, 4
4, -0
9.25, 5.625
4.5, 2
8, 8
8, 0
4, 8
8, 8
4, -0
4, 4
-0, 0
10, 8
4, 8
5.5, 3.75
6, 5
4, 0
6, 8
6.75, 10
-0, 8
4, 4
4, 8
4, 0
5, 1
5.5, 3
11.75, 8
4, 8
9, 6
3.5, 10
2, 10.25
2.5, 8
8, -0
5, 8
4, 8
4, 4
4, 4
8, -0
4, -0
0, 8
8.625, 2
3, 0
8, 8
0.625, 10
2, 9.25
0.25, 7.625
4, 8
8, 8
8.75, 9
2.125, 7.625
8, 4
4, 0
4, 4
5.25, 8
7, 10
4, 0
0, 4
-0, 8
6, 8
4.75, 4
4, -0
3, 8
4, 8
8, 8
0, 5.5
8, 0
4, 4
-0, 2.5
4, 0
11.5, 8
0, 4
8, 0
8, 8
5, 1.375
5.875, 5
8, 8
8, 8
4, 0
4, 4
8, 8
8.25, 8
4, 4
4, 4
4, 4
0, 7.125
8, 8
8, 8
7, 0.625
8, 8
-0, 4
8, 2
4, 5
-0, 0
4, 8
10.25, 4
4, 0
8, 8
8, 8
1, 7.75
2, 10
8, 2
6, 7
8, 6
8.125, 3
8, 4
5, 4
8, 8
11.25, 2.5
5, 0
4, 8
0, 9.5
8, 0
2, 8
0, 9
8, -0
9, 11
4, -0
8, 1.5
-0, -0
4.5, 1
8, 8
8, 9
8, 1
-0, 0
4, 5

3.5, 10
-0, 1
1, 11
8, 0
8, 4
4, 4
8, 8
4, 8
-0, 4
10, 6
9, 9.5
0, 3.5
4, 10.125
0, 3
8, 8
2.375, 10.25
8, 5
4, 8
4, 4
8, 0
8, 0
1, 0
1, 1
8.25, 3.875
0, 8
4, 8
4, 4
8, 0
4, 4
4, 8
4, 4
8, 4
6, 10.5
8, 8
3.25, 2
10.75, 11
4, 4
4, 1
10.75, 10
-0, 0
4, 4
8, 8
8, 0
6, 11
4, 7
8.75, -0
8, 8
2, 0
7, 5.75
8.5, 3
1.25, -0
4, 4
9, 1
-0, -0
4, 4
8, 0
4, 4
4, 4
8, 0
8.125, 1
0, 4
0, 4
9.375, 4
7, 7.25
1, 4.125
8, 0
4, 0
3.5, 11.5
4.125, 1.375
8, -0
8, 8
8, 0
7, 8
7, 2
8, 4
8, -0
8, -0
4, 2
11.75, 8
8, 8
3.5, 8
-0, -0
0, 8
8, 7.875
4, 8
8, 4
-0, 7.25
8, 4
2.5, 9
0, -0
4, 4
8, 8
8.5, 8.375
6.75, 1
4, 8
-0, 8
4, 4
8, 0
4, 4
8, 0
0, -0
4, 8
0, 8
4, 7.25
8, 0
-0, 0
7, 5.375
8, -0
9.75, -0
11, 3
1, 1
4, 4
0, 0
1.5, 4
0, 4
4, 8
8, 4
4.75, 10.875
6, 1
8, -0
6, 8
4, 1
10.875, 0
8, 0
6.625, 2
8, 8
5.5, 10
9, 8
0, -0
5, 0.25
8, 0
0, 8
4, 10
8, -0
2, 4.5
8, -0
4, 1.625
10, 8
7.5, 3
4, 8
4, 5
3, 10
4, 3
11, 0

8.25, 1
6, -0
5, 9
0, 0
8, -0
-0, 4
-0, 4
4, 4
-0, 4
7, 8
3.5, 1
0, 5.25
10, 7.5
4, 2
4, 0
2.25, 9.5
4, 6
4, 4
8, 4
0, 0
4, 0
3, 0
6, 6
7.625, 7.375
7, 8
0, 0
4, 0
4, 0
4, -0
8, 8
-0, 4
4, 4
4, 10
4, 8
2, 0.25
10, 8
4, 4
6, 0
0.75, 2
-0, 0
0, 4
-0, 4
-0, 4
1, 9
11.5, 1
6.5, 4
4, 8
0.5, 10
11.25, 3.5
11, 9.25
11.5, -0
4, -0
7, 11
4, -0
8, 0
0, 0
4, 4
0, 4
4, 4
6.375, 10
7, 8
4, 8
8.125, 8
9, 9
6.25, 2.75
4, 8
4, 4
11.25, 0.5
0.375, 7.5
0, 8
0, 4
0, 0
4.25, 4
7.25, 4
4, 0
4, 4
4, 4
6, 4
8, 0
-0, 4
8.5, 8
4, -0
4, -0
0, 1.5
4, 0
-0, 4
4, 9.75
4, 4
-0, 10
0, 4
4, 4
4, 0
4.5, 8.375
6.875, 10
-0, 0
4, 0
4, 4
0, 0
4, 0
7.25, 8
0, 4
4, 4
8, -0
10.25, 8.75
0, 0
10, 4
0, 2.375
-0, -0
7.75, -0
7, 3.5
2, 1
-0, 0
4, 0
3, 4
8, 4
4, 8
8, -0
5.5, 11.125
4, 8
4, 7
8, 11
8, 9
5.625, 8
-0, 8
3.125, 2
4, 4
11.5, 5
4, 8
4, 4
7.75, 5.25
4, 4
5, -0
4, 0
8, -0
2, 3.5
4, 4
-0, 11.625
11, 4
1, 9
0, 4
8, 11
11, 8
-0, 5
1, 10

1.75, 11
3.5, 5
8, 8
4, 8
8, 4
8, 0
8, 8
8, 8
-0, 8
8, 6
3, 10
8, 11.875
2, 1.5
0, 9
4, 0
3.75, 6.25
8, 9
8, -0
8, 8
4, 8
4, 8
5, 4
4, 3
6, 11.125
11, 4
4, 0
4, 0
4, 0
8, 8
4, -0
-0, 0
4, 4
10, 11.5
8, -0
10.25, 7.5
2.5, 11
4, 0
0, 1
0.75, 8
8, 4
8, 4
4, -0
8, 8
5, 5
7, 11
6.75, -0
8, 0
6, 1
-0, 8
7.5, 6.5
5.5, -0
4, -0
9, 1
8, 8
4, 4
4, 8
8, 4
8, -0
8, 4
5.125, 11
0, 8
8, 4
10, 0
2, 8.25
4.25, 4.25
8, 0
4, 0
5.75, 6
6.25, 9.125
8, -0
4, 4
0, 4
11, 4
6.25, 8
8, 0
8, 8
8, 4
2, 6
3.75, 8
4, 4
9.5, 4
8, 8
4, -0
4, 5.75
4, 8
4, 0
8, 5
0, 0
2.5, 8
8, 8
4, 8
4, 0
9.5, 1
8.375, 9
4, 4
4, 0
8, 4
4, 8
8, 8
11.75, 8
8, 4
8, -0
0, -0
6, 10
4, 8
8, 11
3.5, 9.125
8, 4
11.75, 8
1, 11
1, 8
8, 8
8, 8
7, 4
8, 4
8, 4
8, 4
6, 3.125
6, 4
8, 6
4, 2
8, 4
4.875, 5
8, 0
8.625, -0
8, -0
10.25, 6
1, 4
8, 4
8, 11
8, 4
8, 8
6, 1
8, -0
1, 10
4, -0
-0, 9.5
6.5, -0
6.5, 1
8, 4
8, 5
8, 5
-0, 10
10, 5

6.25, 1
2.75, 2
4, 5
4, 4
4, 8
8, 0
8, 0
0, 8
4, 8
1, 3
4, 9
0, 9.125
11, 6.5
4, 6
0, 8
8.625, -0
-0, 8
8, 8
0, -0
4, 4
-0, 8
8, 8
5.5, 9
8, 8.375
0, 8
4, 4
8, 4
4, 0
4, 4
-0, -0
-0, 4
4, 8
6, 1.5
8, -0
5.5, 11.25
4, 2
4, 8
10, 7
9.875, 2
8, 0
4, 8
8, -0
4, 8
4, 6
2, 4
0, -0
8, 0
4, 10
9.25, 11.5
4, 4
0, 8
8, 4
11, 0
-0, 8
-0, 4
4, 4
4, 8
8, -0
8, 4
10.5, 9
4, 8
0, -0
8.75, 4
10.5, 10.5
1.625, 4.375
8, 0
8, 0
9.25, 2.5
11.375, 7.625
4, 8
4, 4
4, 8
7, 8
3.5, 4
4, 0
4, -0
-0, 4
2, 4
8.75, 8
4, 4
5, 8
-0, 8
0, -0
8, 0.375
0, 8
-0, 4
8, 7
0, 4
11, 11
8, 8
8, 8
-0, 8
2.5, 10.375
7.5, 2
8, 8
-0, 4
0, 4
4, 4
4, 4
5.5, 0
8, 4
0, 4
4, -0
3, 1.75
4, 4
7, 5
1.75, 3
8, -0
9.5, 8
3, 11.5
6, 3
4, 8
0, 8
0.75, 0
0, 4
4, 8
4, 8
7, 5.875
6, 10
0, -0
6, 4.5
8, 6
8.375, 11
4, 8
8.5, 8
8, -0
4.5, 1
4, 0
0, 8
11.25, 6.5
0, 4
3, 8
4, 2
4, 8
7, 8.5
4, -0
8, 1.75
2, 4
1, 6
4, 8
4, 8
2, 9
-0, 2
-0, 5

6.25, 4
6.125, 3
5, 11
4, 0
4, -0
-0, 4
8, 4
4, 4
-0, 4
9, 8
7, 3
0, 4.375
3, 9
8, -0
0, 4
3, 9.75
4, 4
4, -0
8, 8
0, 8
4, 0
4, 8
7, 6
3.875, 5
2.5, 8
4, 0
4, 0
8, 8
4, 4
4, 4
8, 8
4, 4
4, 1
4, -0
2.25, 0.125
6.5, 6
4, 8
0, 7
7.75, 2
4, 0
8, 8
8, 4
4, 0
11, 9
11, 0
2.75, 8
4, 0
8.5, 4
8.75, 5
6.5, 11
5.375, 4
4, -0
10, 10
4, -0
8, 8
4, 0
8, 8
0, 4
4, 0
7.125, 6
8, 0
4, 4
3.25, 2
6.5, 6.5
7.25, 0.5
4, 0
4, 4
0.25, 2
7, 2.375
4, 4
8, 4
4, 0
4.75, 8
8, 2
4, 0
0, 4
4, -0
-0, 8
0.25, 8
8, 4
0, 0
4, -0
4, -0
0, 2
0, 4
4, 4
8, 4
8, 4
3, 4
4, -0
8, 4
-0, 4
3, 2.625
3.125, 7
8, 4
4, 0
0, 8
4, 0
4, 4
8, 4
8, 4
0, 8
8, 8
4.25, 4.25
0, 8
7, 7
8.25, 10.625
4, 4
10.5, 4
11, 2.5
11, 11
4, 0
4, 0
7.25, 4
0, 0
8, 8
4, -0
7, 5.75
8, 5
4, 1
8, -0
4, 2
6.625, 9
4, 4
2.625, 10
4, -0
5.25, 10
4, 4
4, 4
0.75, 1.25
4, 0
3, -0
2, 11.5
8, 4
1, 4.5
4, 8
4, 1.375
8.5, 8
1, 7
0, 4
8, -0
9, 1
-0, 5
11, 8

