0	1.27705e-08	48.0001
0.2	2.57971e-06	48.0002
0.4	1.40482e-05	48.0001
0.6	0.00067469	47.9998
0.8	0.0427089	48.0015
1	0.796164	48.0859
1.2	0.784691	48.217
1.4	0.674905	48.5123
1.6	0.645074	48.6165
1.8	0.617129	48.3737
2	0.617493	48.3729
2.2	0.736362	48.485
2.4	0.694105	48.6266
2.6	0.680287	48.5944
2.8	0.720071	48.3792
3	0.825842	48.6548
3.2	0.9426	49.2674
3.4	0.936227	49.7604
3.6	0.999276	49.0653
3.8	1.03757	48.6043
4	0.912422	48.6361
4.2	0.828945	48.7852
4.4	1.07258	48.4604
4.6	0.997086	48.4382
4.8	1.0127	48.8233
5	0.948441	49.1224
5.2	0.880756	48.9815
5.4	1.05092	48.9342
5.6	1.01774	48.7796
5.8	0.900912	48.8951
6	1.0174	48.5729
6.2	1.03104	48.7799
6.4	0.994658	49.0757
6.6	0.857286	49.1748
6.8	1.00881	48.9544
7	0.952895	48.9295
7.2	1.05721	48.9255
7.4	0.946044	48.9434
7.6	0.97137	48.7069
7.8	1.00859	48.4262
8	0.959163	48.5173
8.2	0.975354	48.7057
8.4	1.06189	48.7758
8.6	0.966776	48.4288
8.8	1.01458	48.353
9	0.932229	48.7415
9.2	0.893588	48.9519
9.4	0.933578	48.7103
9.6	0.970732	48.8476
9.8	0.92751	49.0747
10	0.927152	49.222
10.2	1.13512	48.7756
10.4	0.933933	48.4596
10.6	0.980333	48.8155
10.8	1.01425	48.8953
11	1.00211	48.7073
11.2	1.06786	48.6273
11.4	1.02894	48.9117
11.6	0.988056	48.8936
11.8	0.927731	48.9647
12	0.931964	48.701
12.2	1.03711	48.6066
12.4	0.975343	48.9436
12.6	0.983187	49.0475
12.8	1.12507	48.6089
13	0.978168	48.5416
13.2	0.919036	48.8324
13.4	0.984545	48.6986
13.6	0.967653	48.6379
13.8	0.927834	48.66
14	1.08989	49.0033
14.2	0.91711	48.6353
14.4	0.984949	48.6683
14.6	0.956532	48.6401
14.8	0.954671	48.6943
15	0.976487	48.3583
15.2	1.00695	48.6712
15.4	0.980833	48.725
15.6	0.920994	48.7074
15.8	1.04465	48.4437
16	1.07491	48.4919
16.2	0.997806	48.7931
16.4	0.924331	48.5864
16.6	0.932214	48.3794
16.8	0.993725	48.6615
17	0.917832	49.3321
17.2	0.979048	49.0313
17.4	0.960346	48.788
17.6	0.930851	48.6477
17.8	1.05327	48.5876
18	0.935838	48.6257
18.2	0.954261	48.746
18.4	0.962468	48.9111
18.6	0.959509	48.849
18.8	0.994763	48.8751
19	1.02266	48.5776
19.2	0.889584	48.5333
19.4	0.925577	48.4688
19.6	1.02329	48.6156
19.8	1.01621	48.772
20	0.941996	48.8608
20.2	0.971464	48.9817
20.4	0.983932	48.9096
20.6	0.946637	48.7741
20.8	1.14118	48.6602
21	0.880576	48.627
21.2	0.878168	48.7033
21.4	1.03405	48.715
21.6	0.976442	48.7825
21.8	0.946091	48.8059
22	0.944533	48.9762
22.2	0.933911	49.0952
22.4	1.03793	48.7662
22.6	0.987423	48.837
22.8	0.950209	48.8368
23	1.02283	48.8034
23.2	1.00318	48.7273
23.4	0.925038	48.8204
23.6	1.03065	48.9536
23.8	0.941841	48.7949
24	0.919334	48.528
24.2	1.01623	48.8505
24.4	1.09725	48.8803
24.6	1.03126	48.8066
24.8	0.953638	48.5431
25	1.00225	48.8439
25.2	0.965461	49.1505
25.4	0.987598	49.0913
25.6	1.03737	48.8867
25.8	1.08191	49.0111
26	1.04771	48.9941
26.2	0.904398	48.9004
26.4	0.942301	48.8482
26.6	1.014	49.0168
26.8	0.937459	49.1971
27	0.984904	49.2138
27.2	0.941868	48.9572
27.4	0.983195	49.4964
27.6	1.0379	49.5703
27.8	1.04931	49.2877
28	0.983738	48.9642
28.2	1.07561	49.3005
28.4	1.01847	49.4724
28.6	0.918301	49.0553
28.8	0.984749	49.1201
29	1.03388	49.3199
29.2	0.999845	49.5256
29.4	0.999307	49.221
29.6	1.04889	49.1893
29.8	0.962301	49.2641
30	0.893369	48.7808
30.2	1.01087	48.9533
30.4	0.926767	49.1551
30.6	1.01071	49.0387
30.8	0.855624	48.6825
31	1.01893	48.9002
31.2	0.959614	49.165
31.4	1.06269	49.0132
31.6	1.05601	49.0201
31.8	0.998606	49.0483
32	1.05528	49.2413
32.2	0.942278	49.1038
32.4	0.957907	48.879
32.6	0.953851	49.1572
32.8	1.03028	49.3316
33	0.916814	48.8945
33.2	0.895104	48.7429
33.4	1.08949	48.6543
33.6	1.02611	48.7939
33.8	1.00394	48.6866
34	0.920427	48.4833
34.2	0.966504	48.4979
34.4	0.979048	48.8133
34.6	0.944844	49.043
34.8	0.947049	48.9537
35	1.03138	48.7436
35.2	0.94835	48.6675
35.4	1.04141	49.0665
35.6	0.883314	49.3268
35.8	1.02266	49.0661
36	1.0448	48.8371
36.2	1.02322	48.7361
36.4	0.949655	49.1204
36.6	0.944522	49.0213
36.8	0.944936	48.7717
37	0.912362	48.4917
37.2	0.906801	48.9675
37.4	1.11439	49.1284
37.6	1.01896	49.1051
37.8	0.966083	48.9073
38	0.959986	48.8726
38.2	1.04264	49.1043
38.4	0.97629	48.9802
38.6	1.06189	48.6988
38.8	0.792654	48.6222
39	1.05528	48.8608
39.2	0.990063	49.1264
39.4	0.887268	48.8687
39.6	0.910986	48.8657
39.8	1.01263	49.1093
40	0.979984	48.9665
40.2	0.958909	49.2072
40.4	0.96276	49.548
40.6	1.06354	49.4731
40.8	0.980042	49.6864
41	0.931292	49.8013
41.2	1.04073	49.9875
41.4	1.00183	49.8644
41.6	0.983199	49.4493
41.8	0.958442	49.4121
42	0.862852	49.6247
42.2	1.04248	49.2863
42.4	0.85981	48.8903
42.6	0.912253	48.9916
42.8	0.991497	48.8641
43	0.959196	48.9559
43.2	1.00239	48.908
43.4	1.02439	49.0236
43.6	1.11889	49.076
43.8	1.01767	48.9461
44	0.962291	48.971
44.2	0.992489	49.204
44.4	0.897296	49.1094
44.6	0.993429	48.9924
44.8	1.02502	48.9612
45	1.02399	49.0424
45.2	0.977825	49.1494
45.4	0.976741	48.9604
45.6	1.00747	49.409
45.8	1.06599	49.5155
46	0.936715	49.626
46.2	0.983087	49.579
46.4	1.00975	49.3966
46.6	1.04214	49.0657
46.8	1.00248	49.1015
47	1.01413	49.2872
47.2	0.949245	49.0635
47.4	0.964268	48.9003
47.6	1.01365	49.3328
47.8	0.970849	49.2704
48	0.911833	49.3054
48.2	1.02424	49.0401
48.4	0.950521	49.2395
48.6	0.933373	49.4095
48.8	0.936439	49.2873
49	0.970258	48.9858
49.2	0.892452	49.1621
49.4	0.979876	49.3378
49.6	0.94169	49.2219
49.8	1.00168	48.9577
50	1.04456	49.3192
50.2	1.07006	49.3411
50.4	0.945097	49.3594
50.6	0.867955	49.1471
50.8	0.886206	49.2943
51	0.945469	49.2919
51.2	1.09985	49.3945
51.4	1.00385	49.3166
51.6	0.961894	49.2638
51.8	0.930016	49.5089
52	0.965893	49.667
52.2	0.950266	49.5804
52.4	0.94824	49.131
52.6	0.896258	49.4654
52.8	1.00916	49.4837
53	0.935775	49.2918
53.2	1.04329	49.5516
53.4	0.974677	49.7933
53.6	1.09584	49.8945
53.8	0.95238	49.651
54	1.03445	49.5468
54.2	1.03839	49.6427
54.4	1.05221	49.7807
54.6	1.06414	49.7074
54.8	1.06178	49.6437
55	1.10644	49.7827
55.2	0.935734	50.2831
55.4	1.0485	49.9629
55.6	1.05844	49.6344
55.8	0.999906	49.5841
56	0.88277	49.7812
56.2	1.00008	49.7246
56.4	0.935999	49.5468
56.6	1.00608	49.7742
56.8	1.00552	49.7538
57	1.01636	49.8357
57.2	0.932129	49.8376
57.4	0.97675	49.9861
57.6	1.07632	50.0734
57.8	0.891036	49.8583
58	0.968037	49.6279
58.2	0.905661	49.4665
58.4	0.96772	49.4326
58.6	0.937266	49.7366
58.8	0.99437	50.0653
59	0.99092	49.7857
59.2	1.05601	49.9462
59.4	0.97344	49.968
59.6	0.978218	49.7148
59.8	0.904012	49.8363
60	1.02242	50.1711
60.2	1.06997	49.7812
60.4	0.97045	49.6352
60.6	1.01142	49.7293
60.8	0.893093	50.1444
61	1.01954	49.6556
61.2	0.804992	49.3326
61.4	0.994758	49.7707
61.6	0.938442	50.1786
61.8	0.950453	49.6927
62	1.09043	49.7168
62.2	1.02294	50.1435
62.4	0.869513	50.352
62.6	0.920339	49.9005
62.8	0.913271	49.8475
63	0.997095	50.0389
63.2	1.00782	50.236
63.4	0.955994	49.7412
63.6	0.930927	49.7068
63.8	1.02402	50.104
64	0.958461	50.2264
64.2	1.03031	50.264
64.4	0.973763	50.2684
64.6	1.00582	50.1284
64.8	0.99505	50.0488
65	0.996597	49.9559
65.2	0.893448	49.7358
65.4	1.04121	50.0697
65.6	0.92163	49.9824
65.8	0.928924	50.0963
66	1.06823	50.1713
66.2	0.922829	50.0866
66.4	0.970263	50.2216
66.6	0.944894	49.7828
66.8	1.02165	49.9137
67	0.939527	50.1025
67.2	0.948634	50.1587
67.4	0.911664	50.0609
67.6	0.993969	50.1212
67.8	0.935386	50.4398
68	0.898758	50.2976
68.2	0.985313	49.932
68.4	0.957751	49.7675
68.6	0.998566	50.097
68.8	0.905107	50.3777
69	1.02767	49.7319
69.2	1.04061	49.4361
69.4	1.00957	50.071
69.6	1.003	50.3033
69.8	0.969656	49.9748
70	0.977507	49.3381
70.2	0.945435	49.8128
70.4	0.99042	49.6745
70.6	1.06544	49.358
70.8	0.930026	49.3867
71	0.998218	49.7904
71.2	1.01686	49.7633
71.4	0.988012	49.5411
71.6	1.06986	49.5789
71.8	0.871724	50.0204
72	0.998285	50.0545
72.2	0.886143	49.535
72.4	1.05081	49.452
72.6	0.843059	49.7242
72.8	1.06072	49.7933
73	0.938218	49.9967
73.2	1.02314	49.7683
73.4	1.02317	49.8605
73.6	0.949476	50.1039
73.8	1.02856	49.9952
74	1.0112	49.7448
74.2	1.0242	49.9262
74.4	1.03752	49.9974
74.6	1.01552	50.3609
74.8	0.979383	50.2903
75	1.09767	50.1967
75.2	0.921929	50.1715
75.4	0.908163	50.1636
75.6	1.06367	49.9653
75.8	1.02305	50.0063
76	0.959884	50.363
76.2	1.03337	50.1553
76.4	0.929906	50.1551
76.6	1.04564	50.081
76.8	0.997997	50.1818
77	1.04371	50.3014
77.2	0.945999	50.0075
77.4	1.02618	50.1444
77.6	1.01655	50.4578
77.8	0.964405	50.3052
78	0.996577	50.0419
78.2	0.838588	49.8487
78.4	0.988789	49.8108
78.6	1.0696	50.0493
78.8	1.0653	49.9365
79	1.06429	49.9013
79.2	0.983681	50.1631
79.4	0.958986	49.98
79.6	1.05086	49.568
79.8	0.835687	49.687
80	0.990394	49.9573
80.2	1.08354	50.1139
80.4	1.03709	50.0337
80.6	1.09979	50.3967
80.8	0.920171	50.3
81	0.964992	50.2443
81.2	1.05372	50.2079
81.4	1.05525	50.2641
81.6	0.912006	50.0767
81.8	0.921451	49.9241
82	0.994893	49.7366
82.2	1.06372	50.087
82.4	0.912459	50.2413
82.6	0.923863	50.442
82.8	1.07932	50.1015
83	0.985548	50.0213
83.2	0.941097	49.9685
83.4	0.896882	49.9263
83.6	0.996166	49.6954
83.8	0.999283	49.735
84	1.09311	50.3564
84.2	1.01288	50.186
84.4	0.918491	49.9445
84.6	1.04572	49.99
84.8	0.966587	50.0828
85	1.06611	49.807
85.2	0.995164	49.5388
85.4	0.952042	49.9618
85.6	0.922213	50.3899
85.8	0.901238	50.2896
86	1.05846	49.7227
86.2	0.954551	50.0823
86.4	0.969954	50.2496
86.6	0.941021	49.9867
86.8	1.08348	49.8746
87	0.961339	50.2175
87.2	0.906178	50.3083
87.4	0.866376	49.9838
87.6	1.007	49.7279
87.8	1.02842	50.0516
88	0.988316	50.1341
88.2	0.931534	50.0418
88.4	0.997227	50.0324
88.6	0.962995	50.1401
88.8	1.03898	50.0222
89	0.980153	49.9567
89.2	0.966933	49.7874
89.4	0.849292	49.8565
89.6	1.04636	49.8048
89.8	0.998725	49.927
90	0.871905	49.5624
90.2	0.96639	49.4742
90.4	0.893869	49.9209
90.6	0.887663	50.382
90.8	0.977726	50.061
91	0.995275	49.8672
91.2	1.04547	50.0972
91.4	0.986573	50.4258
91.6	0.955404	50.0489
91.8	1.08491	49.8532
92	1.04867	50.0203
92.2	0.856261	50.4292
92.4	0.89636	50.0124
92.6	0.947139	49.6472
92.8	0.93087	49.9708
93	0.894699	50.369
93.2	0.957592	50.075
93.4	0.966382	49.6322
93.6	0.976324	49.5996
93.8	1.03742	49.874
94	0.997031	49.5917
94.2	0.968769	49.3329
94.4	0.958726	49.4894
94.6	1.02657	50.1143
94.8	0.941412	50.0734
95	0.948235	49.7537
95.2	0.943567	49.745
95.4	0.950712	50.3107
95.6	0.994704	50.4264
95.8	1.00347	49.836
96	0.939688	49.9077
96.2	1.04344	50.0819
96.4	0.950864	50.1696
96.6	0.978352	49.841
96.8	0.889172	50.0755
97	0.974048	50.0597
97.2	0.894136	50.1511
97.4	1.00117	49.9332
97.6	0.990211	49.6839
97.8	1.01225	50.2108
98	0.986588	50.1886
98.2	0.888015	50.0284
98.4	1.06327	50.0274
98.6	0.96005	50.0396
98.8	0.952592	50.0536
99	1.01802	50.0919
99.2	1.02512	50.0373
99.4	0.97645	50.0059
99.6	0.990829	49.5547
99.8	0.909267	49.6742
100	0.903511	50.2181
100.2	1.00974	50.1945
100.4	0.865256	49.7852
100.6	1.03302	49.6852
100.8	0.960605	50.1869
101	0.950804	50.2262
101.2	0.918952	49.7402
101.4	1.04316	49.4324
101.6	0.94168	50.0333
101.8	0.924761	50.1171
102	1.08022	50.0444
102.2	0.975936	49.6803
102.4	0.986761	50.0558
102.6	1.02395	50.2088
102.8	1.0292	49.9579
103	1.05617	49.7489
103.2	0.997641	49.7785
103.4	1.00895	49.6733
103.6	0.968077	49.6391
103.8	0.949012	49.5578
104	1.03598	49.7868
104.2	1.03069	49.6641
104.4	0.944562	49.848
104.6	1.01833	49.4053
104.8	1.06432	49.4376
105	0.98402	49.4692
105.2	1.01588	49.4643
105.4	0.95487	49.4464
105.6	0.97021	49.6798
105.8	1.00567	49.7085
106	0.953913	49.5235
106.2	1.06873	49.4754
106.4	1.00668	49.3958
106.6	0.886674	49.3347
106.8	0.949327	49.408
107	0.990029	49.4011
107.2	1.00629	49.7313
107.4	1.04358	49.6105
107.6	1.09786	49.3299
107.8	1.04317	49.3401
108	1.03614	49.5841
108.2	0.893903	49.7309
108.4	0.936524	49.3159
108.6	0.950075	49.1447
108.8	0.956567	49.7668
109	0.986498	50.1264
109.2	0.963564	49.9794
109.4	0.993469	49.495
109.6	1.06481	49.6088
109.8	0.915701	49.9123
110	0.904794	49.6183
110.2	0.963406	49.3335
110.4	1.02932	49.5101
110.6	0.922946	49.9472
110.8	0.910775	49.8581
111	0.989997	49.6086
111.2	0.997381	49.3858
111.4	0.95627	49.5997
111.6	1.06813	49.8694
111.8	1.04666	49.8525
112	0.938828	49.5187
112.2	0.923296	49.6063
112.4	0.992199	49.9855
112.6	0.922563	49.7677
112.8	1.02286	49.548
113	1.0931	49.5495
113.2	1.00248	49.6384
113.4	1.05979	49.5862
113.6	0.952467	49.6077
113.8	0.998069	49.5931
114	0.997689	49.7556
114.2	0.989524	49.6251
114.4	1.04004	49.7163
114.6	1.02051	49.6829
114.8	1.01986	49.9073
115	0.904545	49.864
115.2	0.980342	49.8159
115.4	0.986568	49.943
115.6	1.07181	49.8088
115.8	1.02695	49.5997
116	0.908858	49.6056
116.2	0.972349	49.8026
116.4	1.00576	49.6208
116.6	0.967557	49.4423
116.8	0.933136	49.949
117	0.877715	50.101
117.2	0.922943	49.5427
117.4	0.987908	49.0762
117.6	0.962495	49.4625
117.8	1.00654	49.9886
118	1.13236	49.7108
118.2	0.989431	49.4329
118.4	0.973035	49.9483
118.6	0.987279	50.6884
118.8	0.977758	50.36
119	0.991185	49.2498
119.2	0.940425	49.313
119.4	0.923792	50.1375
119.6	0.938222	50.3964
119.8	1.0063	49.6193
120	1.01727	49.6796
120.2	1.01666	50.2134
120.4	0.958154	50.488
120.6	1.12068	49.686
120.8	0.881857	49.104
121	0.92313	49.6249
121.2	0.962166	50.5265
121.4	0.941287	50.1124
121.6	0.891901	49.7684
121.8	1.03165	50.221
122	1.04662	50.6818
122.2	0.944505	50.2964
122.4	0.91115	50.26
122.6	1.03351	50.4089
122.8	1.02505	50.4948
123	0.938935	50.2985
123.2	1.03648	49.7425
123.4	1.01769	49.594
123.6	1.0015	49.9117
123.8	1.0829	50.2617
124	1.04015	49.7937
124.2	1.01005	49.6452
124.4	0.866049	49.7752
124.6	0.918281	50.2449
124.8	0.957617	49.7504
125	0.874669	49.782
125.2	0.996229	50.1862
125.4	0.872777	50.4629
125.6	0.969686	50.3386
125.8	0.97911	49.9233
126	1.00802	49.8408
126.2	1.00957	50.1541
126.4	0.963455	50.7133
126.6	0.995653	50.6615
126.8	1.07022	50.4128
127	0.932345	51.0125
127.2	0.927757	50.9183
127.4	1.06168	50.6018
127.6	0.979714	50.516
127.8	1.10846	50.6081
128	1.0374	50.4724
128.2	1.02749	50.6534
128.4	1.03617	50.9794
128.6	0.929903	51.0908
128.8	1.06255	50.6241
129	1.04111	50.5908
129.2	1.0041	50.5209
129.4	1.06139	50.4344
129.6	0.831854	50.5288
129.8	0.998095	50.9102
130	1.06067	51.055
130.2	1.05716	50.6266
130.4	0.992624	50.5624
130.6	0.95244	50.931
130.8	0.944052	51.3556
131	1.00394	50.8185
131.2	1.01023	50.5642
131.4	0.937368	50.8946
131.6	1.01464	51.1622
131.8	1.02252	50.4895
132	1.03688	50.3886
132.2	0.998171	50.9844
132.4	1.07988	51.1743
132.6	0.919204	50.5623
132.8	0.999995	50.5133
133	1.07714	50.9563
133.2	0.947401	51.4134
133.4	0.981656	50.6789
133.6	0.96986	50.474
133.8	1.19214	50.7235
134	1.03732	50.9866
134.2	1.00786	50.708
134.4	0.963327	50.4252
134.6	0.982761	50.5114
134.8	1.04369	50.8035
135	1.00573	50.5606
135.2	0.950613	50.5765
135.4	0.810774	50.7823
135.6	0.999392	51.0198
135.8	1.03939	50.7462
136	0.960883	50.3954
136.2	1.04793	50.4669
136.4	0.99245	50.4001
136.6	1.02064	50.6537
136.8	1.02724	50.4748
137	1.01087	50.3921
137.2	1.00971	50.5249
137.4	0.9484	50.9831
137.6	0.923756	50.6915
137.8	0.913631	50.2861
138	0.94817	50.5842
138.2	1.01718	50.8748
138.4	1.06974	50.6976
138.6	1.03981	50.467
138.8	1.02869	50.2632
139	0.91793	50.5978
139.2	0.971892	50.6579
139.4	0.971787	50.6485
139.6	1.0034	50.5445
139.8	1.01447	50.6585
140	0.957395	50.6601
140.2	0.922865	50.5467
140.4	0.964458	50.3591
140.6	0.961925	50.2854
140.8	1.02549	50.3075
141	0.943945	50.4348
141.2	1.00797	50.3864
141.4	1.00149	50.4864
141.6	1.014	50.8359
141.8	0.961177	50.7411
142	1.00821	50.4834
142.2	0.997721	50.5132
142.4	0.97358	50.8635
142.6	0.931367	50.9887
142.8	1.00462	50.7614
143	1.01559	50.5629
143.2	0.995023	50.6597
143.4	0.930401	50.702
143.6	0.971676	50.5826
143.8	0.977977	50.5384
144	0.954888	50.6382
144.2	1.09302	50.779
144.4	0.919488	50.7318
144.6	0.988384	50.416
144.8	0.992447	50.1937
145	1.04662	50.3437
145.2	0.869082	50.7083
145.4	1.05497	50.5013
145.6	0.999577	50.3261
145.8	0.952431	50.3436
146	0.951978	50.5376
146.2	0.97734	50.6365
146.4	1.09223	50.6978
146.6	1.00829	50.8091
146.8	0.930592	50.7664
147	0.991124	50.6239
147.2	0.963263	50.6005
147.4	0.980554	50.8477
147.6	0.983426	50.9606
147.8	0.928699	50.8039
148	1.02692	50.4214
148.2	1.09648	50.3005
148.4	1.00881	50.5068
148.6	0.982845	50.7538
148.8	0.948659	50.7841
149	0.998086	50.832
149.2	0.940344	50.972
149.4	1.0354	51.0821
149.6	1.04061	51.2229
149.8	0.984143	50.9943
150	1.03647	50.7622
150.2	1.04761	51.1033
150.4	1.00255	51.2898
150.6	0.939475	50.8095
150.8	1.01391	50.7746
151	0.949205	51.1756
151.2	0.940635	51.4526
151.4	1.03069	51.3183
151.6	1.01476	50.9358
151.8	0.985816	51.2533
152	0.959391	51.516
152.2	1.02501	51.1696
152.4	0.982104	51.0628
152.6	1.00886	51.1138
152.8	0.909524	51.1533
153	0.936617	51.032
153.2	0.94922	51.2917
153.4	0.939438	51.6624
153.6	0.945351	51.7591
153.8	0.99411	51.6373
154	1.01676	51.3091
154.2	0.971595	51.2375
154.4	0.833479	51.5631
154.6	0.949006	51.3311
154.8	0.950215	51.5842
155	0.95973	51.6712
155.2	1.01293	51.6149
155.4	1.0381	51.4409
155.6	0.854735	51.343
155.8	0.965432	51.2933
156	0.964074	51.4112
156.2	0.972272	51.5248
156.4	1.02754	51.6298
156.6	1.08042	51.3246
156.8	1.01865	51.5349
157	1.07524	51.8152
157.2	0.958914	51.5111
157.4	0.879066	51.4817
157.6	1.09452	51.4305
157.8	0.868722	51.6892
158	0.861669	51.9396
158.2	1.03081	51.3854
158.4	0.940187	51.6383
158.6	1.03654	51.8376
158.8	1.01497	51.6826
159	1.0049	51.6143
159.2	0.974077	51.6468
159.4	1.00747	51.8019
159.6	1.02631	51.6957
159.8	0.999023	51.7068
160	0.884147	51.7209
160.2	0.998114	51.3768
160.4	1.01464	51.2212
160.6	0.940803	51.4147
160.8	0.988905	51.4172
161	0.977146	51.3078
161.2	1.09962	51.3719
161.4	0.960631	51.6547
161.6	1.0648	51.7238
161.8	0.98874	51.5937
162	0.920457	51.4903
162.2	1.00715	51.6628
162.4	0.895189	51.5325
162.6	0.961517	51.4611
162.8	0.900627	51.1025
163	1.05447	51.4108
163.2	0.960124	51.5146
163.4	0.979073	51.3312
163.6	0.894924	51.4589
163.8	1.06416	51.3979
164	0.899507	51.2744
164.2	1.08026	51.4316
164.4	0.96812	51.488
164.6	0.966305	51.4081
164.8	1.02995	51.5098
165	0.997339	51.5214
165.2	1.02704	51.2709
165.4	1.02096	51.1851
165.6	0.995876	51.3418
165.8	0.957394	51.5423
166	1.06427	51.4512
166.2	0.969772	51.3469
166.4	0.900447	51.3125
166.6	1.01164	51.3898
166.8	0.959171	51.4018
167	0.91753	51.3242
167.2	1.00352	51.6056
167.4	0.976803	51.5103
167.6	1.06754	51.6132
167.8	0.966979	51.588
168	1.0455	51.5486
168.2	1.1293	51.3703
168.4	0.905455	51.7756
168.6	0.98825	52.0057
168.8	1.11135	52.0256
169	0.991737	51.7493
169.2	1.00947	51.3602
169.4	0.944065	51.8059
169.6	1.04732	51.9313
169.8	1.0254	51.6291
170	0.996089	51.6969
170.2	1.0158	51.6826
170.4	1.08562	51.5038
170.6	0.917954	51.4646
170.8	1.05898	51.664
171	1.04784	51.9318
171.2	0.847943	51.8293
171.4	0.85838	51.728
171.6	0.929018	52
171.8	1.00211	51.9381
172	0.970818	51.8331
172.2	0.946903	51.4471
172.4	0.941458	51.7363
172.6	0.994861	52.1986
172.8	0.881224	52.0101
173	0.949138	51.9594
173.2	0.889542	52.112
173.4	1.06923	51.9392
173.6	1.00765	51.6027
173.8	1.00382	51.5855
174	0.880033	51.7993
174.2	0.996342	51.5554
174.4	0.865689	51.7168
174.6	0.979319	51.7639
174.8	0.909168	51.859
175	0.950459	51.7485
175.2	0.950981	51.9571
175.4	1.01478	51.988
175.6	0.962571	51.989
175.8	0.985356	51.5101
176	1.01651	51.6295
176.2	1.0859	51.8389
176.4	1.11347	51.8266
176.6	0.951939	51.5977
176.8	1.03548	51.4287
177	0.949847	51.6157
177.2	0.959853	51.9582
177.4	0.938984	52.1363
177.6	0.867349	51.875
177.8	0.920066	51.8425
178	0.937807	52.1395
178.2	1.03148	52.1336
178.4	0.967447	51.3946
178.6	0.991485	51.4201
178.8	0.978841	51.7699
179	1.0412	51.9479
179.2	0.99248	51.6039
179.4	0.935186	52.0485
179.6	1.00522	52.2606
179.8	1.0126	51.9671
180	1.00749	51.8867
180.2	0.982582	51.9094
180.4	0.972525	52.0436
180.6	0.972925	51.9465
180.8	0.983486	51.4847
181	0.945208	51.5529
181.2	0.950366	51.78
181.4	0.994062	52.2509
181.6	0.920683	52.1187
181.8	0.863059	51.5657
182	0.99791	51.8315
182.2	0.932485	52.2407
182.4	1.04222	52.111
182.6	1.02982	51.7604
182.8	0.9636	51.307
183	0.890601	51.2761
183.2	0.947156	51.7464
183.4	1.01153	51.9806
183.6	0.840577	52.1016
183.8	1.10811	51.5023
184	0.96065	51.5601
184.2	0.924905	51.8646
184.4	0.99446	51.8275
184.6	0.982245	51.9246
184.8	0.86773	52.036
185	0.903032	52.1053
185.2	1.04687	52.054
185.4	0.900289	51.8327
185.6	1.07145	51.816
185.8	0.995384	51.8613
186	0.916622	52.0393
186.2	1.01244	51.973
186.4	0.911704	51.6578
186.6	1.09563	51.667
186.8	1.0079	52.0888
187	0.993345	52.4158
187.2	1.02453	52.1601
187.4	1.02789	51.8604
187.6	1.03306	51.7243
187.8	0.964085	51.7305
188	0.925174	51.85
188.2	0.911815	51.9016
188.4	1.00746	52.0001
188.6	0.963341	51.9441
188.8	0.956162	52.1368
189	0.985033	52.0067
189.2	1.03525	51.7696
189.4	1.00377	51.879
189.6	1.07503	52.2609
189.8	1.068	52.3386
190	1.0696	51.7971
190.2	1.08047	51.7479
190.4	0.918725	52.149
190.6	0.941293	52.3014
190.8	1.04704	51.7957
191	0.97217	51.702
191.2	1.0551	51.8418
191.4	1.03609	52.0774
191.6	1.01089	51.9451
191.8	0.995702	52.1377
192	0.997117	51.9916
192.2	0.979084	51.5877
192.4	0.963431	51.5172
192.6	0.932717	51.802
192.8	1.02725	51.7199
193	0.951908	51.9766
193.2	1.00263	51.6791
193.4	0.791302	51.4213
193.6	0.988539	51.9153
193.8	0.967413	52.2447
194	0.956785	51.9115
194.2	1.00759	51.5181
194.4	0.966025	51.6907
194.6	1.02024	51.8422
194.8	1.06999	51.7397
195	0.991777	51.6858
195.2	0.924906	51.4929
195.4	0.960445	51.8655
195.6	1.01932	52.4313
195.8	1.03855	52.5036
196	0.928346	51.9291
196.2	0.931107	51.9558
196.4	1.12309	52.0877
196.6	0.908723	52.0056
196.8	1.08157	51.7689
197	0.958373	51.5334
197.2	1.06448	51.742
197.4	0.925331	51.98
197.6	0.934828	51.9239
197.8	0.902923	51.619
198	0.941714	51.6949
198.2	0.974565	52.0827
198.4	0.991558	52.0889
198.6	0.994535	51.5843
198.8	0.963599	51.6786
199	0.978885	51.9752
199.2	1.05012	51.9796
199.4	0.906395	51.7792
199.6	1.07756	51.3924
199.8	1.01494	51.8355
200	1.04665	52.1037
200.2	0.876072	52.0345
200.4	1.0229	51.5938
200.6	1.00386	51.6732
200.8	1.02848	52.0502
201	0.928748	51.9379
201.2	0.950946	51.4805
201.4	0.925428	51.4584
201.6	1.07566	51.7698
201.8	1.05962	51.8835
202	1.02375	51.6241
202.2	0.987549	51.4305
202.4	0.939357	51.7903
202.6	0.959508	51.6312
202.8	0.980333	51.633
203	0.97941	51.5023
203.2	1.03165	51.8209
203.4	1.03863	51.721
203.6	1.0685	51.6077
203.8	0.89887	51.5293
204	0.92879	52.1231
204.2	0.966066	52.0467
204.4	1.00381	51.7579
204.6	0.988685	51.6943
204.8	1.09573	52.2737
205	0.963575	52.0184
205.2	0.943486	51.6855
205.4	0.945891	51.6427
205.6	1.05318	52.0242
205.8	0.95724	51.8716
206	1.02882	51.4291
206.2	0.994564	51.6801
206.4	0.999691	51.7958
206.6	1.08625	51.98
206.8	1.00416	51.7481
207	0.947124	51.736
207.2	0.974109	51.9645
207.4	1.02199	51.9018
207.6	1.04692	51.9018
207.8	0.912381	51.7166
208	0.992175	51.8955
208.2	0.994059	51.861
208.4	0.868876	51.6541
208.6	1.00095	51.7815
208.8	0.948875	52.139
209	0.926165	52.1264
209.2	0.941549	52.167
209.4	0.99387	52.2641
209.6	1.01303	52.0607
209.8	1.0101	51.9932
210	0.914905	51.7455
210.2	0.994973	51.5991
210.4	1.06754	51.8769
210.6	1.01916	52.2757
210.8	0.983302	52.0397
211	1.00402	52.0348
211.2	0.970796	51.7949
211.4	1.00229	51.9373
211.6	0.953051	51.8579
211.8	0.977003	51.908
212	0.924821	51.721
212.2	1.08711	51.6683
212.4	0.98583	51.8665
212.6	0.979051	52.1428
212.8	1.03057	51.9148
213	0.93531	51.6827
213.2	1.02584	51.8172
213.4	1.03343	52.1727
213.6	0.902206	51.9521
213.8	0.97334	51.8607
214	0.987805	51.7585
214.2	0.913039	52.0931
214.4	0.982319	52.153
214.6	0.997778	51.9338
214.8	1.02389	51.8187
215	0.954705	51.5097
215.2	1.01487	51.5433
215.4	0.998047	51.7405
215.6	1.08655	52.0093
215.8	0.91732	52.0156
216	0.898033	51.7147
216.2	0.946805	51.7837
216.4	0.932352	51.8725
216.6	0.999061	51.8467
216.8	1.01293	51.5978
217	0.976737	51.6585
217.2	1.01843	51.5342
217.4	0.994954	51.8265
217.6	1.10522	51.7103
217.8	0.961979	51.7502
218	0.921613	51.7723
218.2	0.928808	51.7794
218.4	0.945585	51.8582
218.6	1.00858	51.8542
218.8	1.01895	51.6119
219	1.00383	51.7081
219.2	1.03281	51.7325
219.4	0.97124	51.5807
219.6	0.937151	51.6048
219.8	1.06255	51.8783
220	0.923051	51.843
220.2	1.0838	51.3628
220.4	0.963837	51.5882
220.6	0.960871	51.4778
220.8	0.900612	51.3824
221	0.965374	51.2851
221.2	1.04153	51.3366
221.4	0.896258	51.5183
221.6	0.991799	51.6141
221.8	0.968268	51.3866
222	0.994442	51.3528
222.2	0.880364	51.626
222.4	0.98934	51.5289
222.6	0.968321	51.6828
222.8	0.936549	51.6136
223	1.04723	51.5797
223.2	0.973486	51.6672
223.4	0.93233	51.2629
223.6	0.972395	51.1938
223.8	0.887012	50.8324
224	1.04205	50.9551
224.2	0.995608	51.1905
224.4	0.952251	51.3489
224.6	0.958216	51.2373
224.8	0.92863	51.1139
225	0.956753	51.2806
225.2	0.985971	51.503
225.4	1.02983	51.5497
225.6	0.995478	51.2148
225.8	1.00868	51.0181
226	0.989491	51.4246
226.2	0.969671	51.6775
226.4	1.02126	51.6898
226.6	0.941206	51.6295
226.8	1.0208	51.2606
227	0.953074	51.4804
227.2	0.967389	51.4061
227.4	1.0502	51.1885
227.6	0.853979	50.9546
227.8	1.01279	51.4517
228	0.90573	51.7937
228.2	0.914034	51.6572
228.4	0.969812	51.4599
228.6	0.953268	51.7643
228.8	0.946865	52.0021
229	0.994304	52.1405
229.2	1.00323	52.086
229.4	0.960024	51.8896
229.6	0.985516	52.1241
229.8	0.955629	52.028
230	0.959551	52.0832
230.2	0.95248	51.5304
230.4	1.02562	51.701
230.6	0.958643	51.8111
230.8	0.980368	51.8381
231	1.05851	51.6725
231.2	1.06525	51.5693
231.4	1.02654	51.9184
231.6	0.942264	51.9058
231.8	0.992185	51.7566
232	1.01404	51.6121
232.2	0.819443	51.7219
232.4	0.907812	52.0067
232.6	0.934422	52.1303
232.8	1.01639	52.1262
233	1.09217	52.2288
233.2	0.97915	52.2033
233.4	0.965785	51.9234
233.6	1.05787	51.8443
233.8	1.01546	51.598
234	0.952293	52.0058
234.2	1.05646	52.1421
234.4	0.974833	52.0124
234.6	0.977416	52.2704
234.8	1.0096	52.3358
235	0.95297	52.3574
235.2	0.973881	52.0941
235.4	1.00088	52.2853
235.6	0.977799	52.3728
235.8	1.03126	52.5656
236	0.959348	52.686
236.2	1.00717	52.8412
236.4	1.0826	52.797
236.6	0.987303	52.8248
236.8	1.02109	52.8501
237	1.01495	52.4925
237.2	0.935318	52.124
237.4	0.899217	51.9371
237.6	1.00514	52.4201
237.8	1.05354	52.632
238	0.974071	52.5396
238.2	1.04512	52.4116
238.4	1.03805	52.5293
238.6	1.00665	52.2586
238.8	0.999915	52.1899
239	0.99575	52.348
239.2	1.0774	52.6525
239.4	0.914143	52.8198
239.6	0.91126	52.6101
239.8	1.0755	52.7441
240	0.905607	52.8353
240.2	0.976277	52.5127
240.4	0.871111	52.1645
240.6	0.933971	52.521
240.8	1.00413	52.8396
241	1.08331	52.8989
241.2	0.974681	52.2717
241.4	1.03491	52.5093
241.6	0.848036	52.8759
241.8	0.951711	52.5025
242	1.04426	52.1812
242.2	1.0166	52.368
242.4	1.03051	52.7367
242.6	0.877649	52.8466
242.8	0.981175	52.3879
243	1.057	52.1923
243.2	0.964972	52.4557
243.4	0.953054	52.6186
243.6	1.01247	52.0809
243.8	0.871344	52.1713
244	1.0525	52.3368
244.2	0.908604	52.96
244.4	0.969351	52.8476
244.6	0.970348	52.0908
244.8	0.945458	51.953
245	0.975142	52.5381
245.2	1.05444	53.0059
245.4	1.05371	52.7031
245.6	0.97553	52.2864
245.8	1.0515	52.7114
246	0.928371	52.9071
246.2	0.892414	52.5671
246.4	0.989799	52.2048
246.6	0.951076	52.2174
246.8	0.975155	52.5439
247	1.04623	52.472
247.2	0.981631	52.1898
247.4	1.02972	52.3886
247.6	0.905349	52.6914
247.8	1.0232	52.4523
248	0.952606	52.2451
248.2	1.01659	52.3229
248.4	0.981578	52.7542
248.6	0.959183	52.6104
248.8	0.980996	52.4381
249	0.867812	52.2105
249.2	1.02421	52.5651
249.4	1.02809	52.6186
249.6	0.886649	52.3142
249.8	0.968051	52.4705
250	1.02244	52.6831
250.2	0.969283	52.6885
250.4	1.00168	52.316
250.6	1.10639	52.3065
250.8	0.855351	52.4165
251	1.06204	52.5099
251.2	0.987827	52.6273
251.4	0.9587	52.1858
251.6	1.01512	52.3028
251.8	0.95789	52.6295
252	1.03271	52.6612
252.2	0.950466	52.2705
252.4	0.932806	52.0886
252.6	0.917396	52.2848
252.8	0.964743	52.3858
253	0.893122	52.0458
253.2	0.930095	52.2044
253.4	1.01317	52.6665
253.6	0.964613	52.2655
253.8	0.942518	52.2112
254	1.05328	52.2531
254.2	1.03704	52.164
254.4	0.899871	51.9759
254.6	0.988971	51.9434
254.8	0.932756	52.0467
255	0.90213	52.3008
255.2	1.01097	52.1808
255.4	1.0025	52.0258
255.6	0.86325	52.2188
255.8	0.939549	52.2737
256	0.983351	52.1465
256.2	1.0861	51.9951
256.4	0.938442	52.1031
256.6	0.960842	52.4016
256.8	0.89449	52.5324
257	1.04114	51.9272
257.2	1.01575	52.2106
257.4	0.942179	52.1749
257.6	0.90735	52.4112
257.8	0.93608	52.3271
258	1.00325	52.2444
258.2	1.01328	52.1892
258.4	0.990091	52.4257
258.6	0.990133	52.3118
258.8	1.01098	52.0637
259	0.96386	52.0247
259.2	1.04558	52.1339
259.4	0.975137	52.4198
259.6	1.05431	52.3947
259.8	1.02483	52.1163
260	1.01437	52.1208
260.2	0.896822	52.4095
260.4	1.00935	52.0497
260.6	0.952018	51.6204
260.8	0.965235	51.7813
261	0.947107	52.1341
261.2	0.963516	52.3523
261.4	0.989679	52.2039
261.6	0.925771	52.3728
261.8	0.995497	52.3916
262	1.05523	52.5058
262.2	0.980563	51.8538
262.4	0.966831	51.5409
262.6	0.981128	52.2423
262.8	0.946903	52.4384
263	1.01263	52.518
263.2	0.963059	52.0758
263.4	1.01867	52.6657
263.6	0.9391	52.6368
263.8	0.903283	52.154
264	1.00059	51.9866
264.2	0.992137	52.2861
264.4	0.95	52.3636
264.6	1.03359	51.762
264.8	1.00149	51.6627
265	1.00123	52.2807
265.2	1.01188	52.5198
265.4	0.983679	51.9706
265.6	1.00504	51.6041
265.8	1.03647	51.8346
266	1.06665	52.6155
266.2	0.952765	52.3681
266.4	0.829153	52.193
266.6	1.01359	52.1162
266.8	0.989803	52.2973
267	0.951812	52.1447
267.2	0.85739	52.0339
267.4	1.01533	52.1621
267.6	1.00131	52.5871
267.8	0.958938	52.744
268	1.06131	52.3984
268.2	1.02991	52.479
268.4	0.987286	52.6023
268.6	1.00372	52.6961
268.8	1.02513	52.4314
269	1.0511	52.5416
269.2	0.911846	52.6525
269.4	0.985509	52.8824
269.6	1.0756	53.0635
269.8	0.976258	52.6205
270	1.01877	52.8389
270.2	1.04859	52.6819
270.4	1.04816	52.6225
270.6	0.930141	52.4989
270.8	1.06458	52.7121
271	0.986943	52.8216
271.2	0.929392	52.9164
271.4	0.790223	52.8051
271.6	1.14202	52.8559
271.8	0.864715	52.8579
272	0.806451	52.8526
272.2	1.05278	52.4107
272.4	0.970002	52.5386
272.6	0.977366	53.0341
272.8	1.04057	53.1651
273	0.924353	53.0507
273.2	0.978426	52.8569
273.4	0.983878	53.0824
273.6	1.01178	53.2807
273.8	1.14193	52.8807
274	1.00488	52.6211
274.2	1.02252	52.9289
274.4	1.10693	53.1807
274.6	1.04637	52.8548
274.8	1.06825	52.4959
275	0.927955	52.6519
275.2	1.00843	52.6779
275.4	0.990669	52.5159
275.6	0.893296	52.407
275.8	1.01463	52.3681
276	0.986868	52.7912
276.2	1.03676	52.8673
276.4	1.03159	52.6707
276.6	1.0293	52.5221
276.8	1.02975	52.7315
277	1.04628	52.5532
277.2	1.0573	52.2244
277.4	0.961838	52.1817
277.6	0.953178	52.4868
277.8	0.974866	52.2948
278	0.867174	52.2941
278.2	0.958159	52.1499
278.4	1.03345	52.1614
278.6	0.978555	52.3035
278.8	1.00305	52.2484
279	0.959303	52.422
279.2	1.04607	52.5461
279.4	1.03448	52.1672
279.6	1.00033	51.8254
279.8	0.959785	52.0334
280	1.01066	52.362
280.2	1.05223	52.4218
280.4	1.01926	52.2445
280.6	0.971944	52.575
280.8	0.94089	52.3654
281	0.96168	52.1938
281.2	0.939502	52.1377
281.4	0.90846	52.2958
281.6	0.975354	52.461
281.8	0.910335	52.2039
282	0.968715	52.5513
282.2	0.877495	52.4983
282.4	1.04416	52.6628
282.6	0.998046	52.3324
282.8	0.915372	52.5561
283	0.981892	52.5564
283.2	0.958902	52.5697
283.4	0.986404	52.6293
283.6	0.871072	52.7633
283.8	0.986024	52.6305
284	0.916555	52.8224
284.2	1.10338	52.2917
284.4	0.892744	52.2166
284.6	0.919247	52.4447
284.8	0.909251	52.6045
285	1.0739	52.8087
285.2	0.973523	52.5868
285.4	1.00343	52.5633
285.6	1.05199	52.9024
285.8	0.871173	53
286	0.988387	52.6867
286.2	0.943265	52.4816
286.4	1.04468	52.6757
286.6	0.975635	53.0144
286.8	1.00991	52.6963
287	0.978273	52.4121
287.2	0.953288	52.5768
287.4	1.02423	53.0441
287.6	0.947674	52.5872
287.8	1.01834	52.6082
288	1.1013	52.9378
288.2	0.997597	53.1003
288.4	1.02322	53.2146
288.6	0.98729	52.988
288.8	0.987591	52.837
289	0.925378	52.7767
289.2	0.993147	52.7609
289.4	0.920432	52.8882
289.6	0.984865	53.2005
289.8	1.03424	53.4131
290	0.983433	53.0491
290.2	0.937003	53.069
290.4	1.00891	53.767
290.6	1.0209	53.4137
290.8	0.991065	53.1226
291	0.990176	53.0945
291.2	0.933041	53.2098
291.4	0.954913	52.951
291.6	1.02983	52.3482
291.8	0.957302	52.797
292	0.931333	53.0613
292.2	1.05403	53.1107
292.4	0.968941	52.7508
292.6	0.956737	52.9208
292.8	0.967545	53.2597
293	1.01681	52.9431
293.2	0.976702	52.9394
293.4	0.932705	52.8334
293.6	1.01157	52.9482
293.8	0.9633	52.8482
294	0.974291	52.9269
294.2	0.94679	53.0439
294.4	0.942448	52.7242
294.6	0.960698	52.4447
294.8	0.975856	52.521
295	0.978186	52.7331
295.2	0.970335	52.706
295.4	0.955283	52.8629
295.6	1.05503	52.8452
295.8	0.939887	53.1065
296	1.0344	53.2181
296.2	1.02244	52.8298
296.4	0.982893	52.7933
296.6	0.865982	52.967
296.8	0.930168	53.3049
297	0.955764	52.8676
297.2	1.05336	52.6809
297.4	0.942837	52.8878
297.6	0.990511	52.9509
297.8	0.99908	52.6746
298	1.00496	52.2622
298.2	1.01177	52.4123
298.4	1.02176	52.6696
298.6	1.05434	52.5516
298.8	0.983731	52.818
299	0.915296	52.618
299.2	1.05819	52.6952
299.4	0.998303	53.1459
299.6	1.0052	53.0858
299.8	0.868253	52.7462
300	1.08592	52.4488
300.2	0.935698	52.9193
300.4	1.01311	52.9321
300.6	0.967257	52.7781
300.8	1.00446	52.8445
301	0.918099	53.2439
301.2	0.965443	53.4
301.4	0.931917	53.1079
301.6	1.07623	52.5968
301.8	0.984543	53.2096
302	0.999416	53.2679
302.2	0.98919	53.0284
302.4	1.10633	52.799
302.6	0.972468	53.1756
302.8	0.980403	53.4411
303	0.956786	53.1903
303.2	0.981814	52.995
303.4	1.01054	53.1417
303.6	1.022	53.5128
303.8	0.976646	52.9135
304	0.965002	53.0116
304.2	1.07275	52.9147
304.4	1.07685	53.105
304.6	0.895333	53.1985
304.8	0.963638	53.1296
305	0.971018	52.7986
305.2	0.961446	52.798
305.4	1.02092	53.3482
305.6	0.91656	53.4702
305.8	0.914718	52.9218
306	0.958794	53.3941
306.2	1.03508	53.3787
306.4	0.972538	53.2431
306.6	0.943981	53.1955
306.8	1.01178	53.2385
307	0.984625	53.0776
307.2	0.972406	53.4514
307.4	1.07086	53.243
307.6	0.984419	53.1611
307.8	0.981827	53.5891
308	1.07198	53.6217
308.2	0.965989	53.1965
308.4	0.907245	53.1431
308.6	0.94981	53.3762
308.8	0.942465	53.5744
309	1.09537	53.1601
309.2	1.06321	52.9233
309.4	0.919643	53.2838
309.6	1.00518	53.7006
309.8	1.01347	53.1792
310	0.970716	53.1009
310.2	0.958368	53.1972
310.4	0.945675	53.2957
310.6	0.987125	53.2167
310.8	0.97127	53.0995
311	0.959892	53.1878
311.2	1.04623	53.4649
311.4	1.02992	53.2256
311.6	0.989527	52.9417
311.8	0.875915	53.0044
312	0.990565	53.2604
312.2	0.956427	53.2462
312.4	1.02196	53.2912
312.6	0.88104	52.9428
312.8	0.946137	53.1702
313	0.97968	53.2744
313.2	0.927563	53.4246
313.4	0.983407	53.3617
313.6	1.07715	52.9186
313.8	1.07546	53.0037
314	0.944562	53.2176
314.2	0.98662	53.3136
314.4	0.953632	53.136
314.6	0.900531	53.2743
314.8	0.952987	53.4828
315	0.920695	53.4139
315.2	1.00927	53.1029
315.4	1.00822	53.2431
315.6	0.972038	53.4913
315.8	0.946837	53.496
316	1.0853	53.4597
316.2	0.982643	53.1808
316.4	1.05969	53.2413
316.6	1.07612	53.096
316.8	0.924291	53.2229
317	0.935812	53.4614
317.2	0.97877	53.3071
317.4	0.991955	53.0584
317.6	1.03521	53.0121
317.8	0.925645	53.1538
318	1.00703	53.1116
318.2	0.914274	53.1747
318.4	1.05853	53.3641
318.6	1.01183	53.3827
318.8	0.903911	53.1466
319	1.03074	53.0088
319.2	0.888358	53.2192
319.4	0.987686	53.2051
319.6	1.02461	52.8829
319.8	0.969573	53.1216
320	1.01988	53.1435
320.2	0.995741	53.4675
320.4	1.02787	53.3441
320.6	0.971776	53.4627
320.8	0.996896	53.7075
321	0.919896	53.5867
321.2	1.08289	53.7752
321.4	1.07078	53.604
321.6	0.971857	53.2594
321.8	1.05385	53.2879
322	1.02934	53.5911
322.2	0.932363	53.7579
322.4	1.1011	53.6031
322.6	1.00529	53.6288
322.8	0.891068	53.9788
323	1.01363	53.8292
323.2	0.896548	53.4401
323.4	0.870464	53.4089
323.6	1.03061	53.7797
323.8	0.929892	53.862
324	0.971235	53.5561
324.2	1.07442	53.3685
324.4	0.960467	53.9821
324.6	1.01416	54.0696
324.8	1.04648	54.1213
325	0.937106	53.7482
325.2	1.1519	53.7372
325.4	0.924433	53.8111
325.6	0.999838	54.0186
325.8	0.971767	53.8975
326	0.981583	53.9536
326.2	1.0551	54.2738
326.4	1.05225	54.3092
326.6	1.02359	54.0855
326.8	0.862823	54.0263
327	0.973351	54.2805
327.2	0.979398	54.3615
327.4	1.09161	54.0481
327.6	0.999786	53.5762
327.8	0.959306	53.8706
328	0.989512	54.3417
328.2	0.865785	53.9524
328.4	1.09096	53.7599
328.6	1.02815	53.9204
328.8	0.92839	54.1156
329	1.01003	54.0752
329.2	1.00778	53.6337
329.4	0.858137	53.2475
329.6	1.00846	53.6851
329.8	0.9259	54.2581
330	0.849658	53.9331
330.2	0.98644	53.5838
330.4	0.974154	53.3676
330.6	0.91119	53.5879
330.8	0.944819	53.9349
331	1.05	53.9463
331.2	0.971357	53.8207
331.4	1.03113	53.9451
331.6	1.00365	54
331.8	1.02298	53.5391
332	1.06866	53.3597
332.2	1.0226	53.5103
332.4	0.972542	53.8418
332.6	0.978397	53.6915
332.8	0.980187	53.7004
333	0.824045	53.9581
333.2	0.90831	54.1502
333.4	0.998049	53.9987
333.6	0.920185	53.6689
333.8	0.973148	53.7522
334	0.955943	54.145
334.2	1.01924	54.0789
334.4	1.02701	53.5383
334.6	0.987564	53.5819
334.8	0.98168	53.6
335	1.02421	53.4592
335.2	0.871899	52.9539
335.4	0.955604	52.9109
335.6	0.970212	53.3838
335.8	0.896727	53.3927
336	0.899322	53.2017
336.2	1.01603	53.1055
336.4	1.00357	53.0935
336.6	0.955906	52.8671
336.8	1.06199	52.8882
337	1.08925	53.3812
337.2	1.00263	53.7192
337.4	0.958186	53.2144
337.6	1.04539	53.1857
337.8	1.0057	53.3551
338	0.968451	53.8149
338.2	0.893271	53.711
338.4	1.02284	53.8524
338.6	1.02185	53.8718
338.8	0.91831	53.8212
339	1.03455	53.6762
339.2	1.02369	53.8378
339.4	0.995354	53.7811
339.6	0.896424	54.0687
339.8	0.857521	53.8725
340	0.946388	53.696
340.2	1.00328	53.5441
340.4	1.0103	53.6727
340.6	0.916077	54.31
340.8	0.885911	54.6098
341	1.02942	54.363
341.2	0.991968	53.5051
341.4	0.858655	53.996
341.6	0.994553	54.0202
341.8	0.932332	54.428
342	0.958011	54.2749
342.2	0.960093	54.3122
342.4	1.03355	54.0539
342.6	0.96718	54.0431
342.8	0.901942	53.9381
343	1.02492	54.0332
343.2	0.900121	54.4863
343.4	0.935029	54.5621
343.6	0.989687	54.1483
343.8	0.988564	54.4256
344	0.937165	54.5886
344.2	0.945505	54.6842
344.4	0.90112	54.5888
344.6	0.934401	54.5117
344.8	0.946263	54.2558
345	0.950305	54.2032
345.2	0.923014	54.2176
345.4	1.03004	53.9131
345.6	0.963281	53.871
345.8	0.945079	54.2865
346	0.932245	54.5289
346.2	0.898715	54.4348
346.4	0.994101	53.9337
346.6	0.992431	54.135
346.8	0.975553	54.6191
347	0.912527	54.2071
347.2	0.979184	53.942
347.4	1.08373	54.4424
347.6	0.913567	55.0099
347.8	0.910122	54.9397
348	1.04045	54.1345
348.2	1.02848	54.3621
348.4	0.978027	54.8632
348.6	1.03881	54.4019
348.8	1.02779	54.2095
349	0.99448	54.4635
349.2	0.956396	54.7602
349.4	0.921971	55.0145
349.6	0.945722	54.7664
349.8	0.947512	54.3865
350	0.985434	54.9021
350.2	0.941279	55.1788
350.4	0.951366	54.862
350.6	0.932671	54.4952
350.8	0.987599	54.6751
351	0.997348	54.8441
351.2	1.00262	54.4962
351.4	0.934106	54.4616
351.6	0.977296	54.4752
351.8	1.06426	54.9377
352	0.977281	54.9778
352.2	1.03501	55.0005
352.4	1.06826	54.7833
352.6	0.9993	54.8369
352.8	0.985947	55.0226
353	1.07714	55.0518
353.2	1.0218	54.3342
353.4	0.881495	54.6705
353.6	1.00643	55.0964
353.8	0.981648	55.1717
354	0.981724	54.6416
354.2	0.970056	54.6201
354.4	0.915575	54.63
354.6	1.02491	55.1346
354.8	0.94138	54.9995
355	1.01287	54.6284
355.2	0.907518	54.8182
355.4	1.02104	54.774
355.6	0.93501	54.5221
355.8	1.08684	54.6355
356	1.05992	54.7371
356.2	0.938073	54.4461
356.4	0.992116	54.6051
356.6	0.986613	54.3739
356.8	0.95136	54.5677
357	0.984117	54.3724
357.2	0.960022	54.8387
357.4	0.982174	54.8782
357.6	0.94448	54.9826
357.8	0.97547	55.0472
358	1.05152	54.7068
358.2	0.925015	54.2669
358.4	1.08102	54.2507
358.6	1.03243	54.6786
358.8	0.954272	54.6421
359	1.0146	54.7589
359.2	0.911155	54.5668
359.4	0.973468	54.6106
359.6	0.893522	54.5247
359.8	1.01799	54.8207
360	0.987799	54.7257
360.2	0.887203	54.5473
360.4	0.905394	54.2184
360.6	0.945565	54.4964
360.8	0.867312	54.7646
361	1.02798	54.4641
361.2	1.05351	54.7002
361.4	0.996528	54.6008
361.6	0.939998	54.6535
361.8	0.894669	54.6347
362	0.92814	54.9343
362.2	0.956741	54.7903
362.4	0.99258	54.7652
362.6	0.919959	55.0442
362.8	0.936776	54.9866
363	0.977597	54.6429
363.2	0.996359	54.4614
363.4	0.943713	54.8054
363.6	0.951531	55.4387
363.8	1.05776	55.3471
364	0.9342	55.0194
364.2	1.02543	54.9167
364.4	0.988868	54.9731
364.6	0.93027	55.0229
364.8	0.998839	55.0439
365	0.934684	54.9304
365.2	0.941983	55.1394
365.4	0.972919	55.3959
365.6	1.05356	55.6971
365.8	1.01353	55.423
366	1.03093	55.3778
366.2	1.02596	55.36
366.4	0.949218	55.6477
366.6	0.968098	55.6695
366.8	0.99596	55.342
367	0.948485	55.1626
367.2	0.89501	55.3203
367.4	0.947655	55.5518
367.6	1.02109	55.1195
367.8	0.905139	55.2204
368	0.94702	55.5946
368.2	0.975526	55.7876
368.4	1.01117	55.42
368.6	0.947568	55.1774
368.8	1.01791	55.3919
369	0.9472	55.6412
369.2	1.07889	55.5034
369.4	0.986939	55.4602
369.6	0.997875	55.5889
369.8	0.90239	55.7254
370	0.986098	55.5353
370.2	0.990291	55.2572
370.4	1.07996	54.9508
370.6	0.959815	55.4376
370.8	1.01635	55.3128
371	1.00991	55.3429
371.2	1.01183	55.243
371.4	0.994293	55.1008
371.6	0.981097	55.4531
371.8	0.993139	55.5249
372	0.924697	55.3922
372.2	0.92291	54.9844
372.4	0.999349	54.812
372.6	1.0661	55.1017
372.8	1.05849	55.2644
373	0.924295	55.2485
373.2	0.97118	55.2034
373.4	0.927919	54.7558
373.6	1.08707	55.0003
373.8	0.894952	55.2056
374	0.941462	55.2249
374.2	1.04597	55.3404
374.4	0.894121	55.3333
374.6	0.882702	55.6507
374.8	1.01312	55.618
375	1.00375	55.2331
375.2	0.986156	54.7392
375.4	0.984406	55.2758
375.6	1.03669	55.9653
375.8	0.891582	55.5164
376	0.972552	55.1554
376.2	1.01734	55.0609
376.4	1.01125	55.4262
376.6	1.02547	55.357
376.8	0.964025	55.6026
377	1.0087	55.6334
377.2	0.919541	55.7496
377.4	0.91664	55.4949
377.6	1.00347	55.1312
377.8	1.06941	55.3576
378	1.0116	55.6896
378.2	0.901231	55.4883
378.4	1.1139	55.5969
378.6	1.00805	55.8431
378.8	0.943521	55.9299
379	0.863137	55.6659
379.2	0.996344	55.6447
379.4	0.88333	55.8219
379.6	0.962064	55.5519
379.8	0.868282	55.6567
380	1.00114	55.555
380.2	0.982043	55.6622
380.4	0.907382	55.6817
380.6	1.0524	55.558
380.8	0.981259	55.2798
381	1.07093	55.2192
381.2	0.954877	55.5081
381.4	0.978786	55.7884
381.6	0.900044	55.805
381.8	1.05421	55.8996
382	0.936214	56.1208
382.2	1.04775	56.0514
382.4	0.964827	56.0517
382.6	0.956915	55.9685
382.8	0.95582	55.6844
383	1.03256	55.9655
383.2	1.03431	56.1515
383.4	0.966201	55.8597
383.6	1.0513	55.8536
383.8	0.955545	56.2743
384	1.02483	56.4668
384.2	1.01913	55.9677
384.4	0.923661	55.6352
384.6	1.00368	55.3804
384.8	1.02401	55.7459
385	1.00028	55.7293
385.2	1.05332	56.1201
385.4	1.01883	56.0467
385.6	0.970101	55.7418
385.8	1.04048	55.6393
386	1.00457	55.3439
386.2	0.940133	55.5789
386.4	0.943343	55.904
386.6	1.01072	56.0367
386.8	1.02991	55.4781
387	0.959366	55.3001
387.2	1.11408	55.6432
387.4	1.0367	56.1116
387.6	0.899798	55.9866
387.8	1.04387	55.7078
388	0.94318	55.8458
388.2	0.918712	55.647
388.4	0.985323	55.5799
388.6	0.965503	55.3057
388.8	0.951311	55.6538
389	0.925217	56.0759
389.2	0.927885	55.8891
389.4	0.978855	55.8739
389.6	0.982524	55.8776
389.8	1.01648	56.0725
390	0.882118	55.7042
390.2	0.962211	55.6413
390.4	1.02321	55.6005
390.6	1.01183	55.7633
390.8	0.923996	55.7001
391	0.987612	55.9987
391.2	0.908763	55.9398
391.4	0.976709	55.7387
391.6	1.00257	55.2678
391.8	1.01362	55.5632
392	0.894977	55.6937
392.2	0.996729	55.6111
392.4	0.960821	55.6167
392.6	0.964323	55.8642
392.8	1.00896	56.2016
393	1.0548	55.888
393.2	0.97012	55.5943
393.4	1.06963	55.4177
393.6	0.970094	55.6248
393.8	1.00967	55.8126
394	1.05304	55.5252
394.2	1.00841	55.3405
394.4	1.04133	55.2901
394.6	0.95467	55.568
394.8	1.0259	55.7695
395	0.962809	55.9759
395.2	1.06185	55.8235
395.4	1.08325	56.2871
395.6	1.00032	55.9969
395.8	1.02926	55.6416
396	1.01618	55.9343
396.2	0.977563	55.8178
396.4	0.998116	56.0746
396.6	0.921334	56.1224
396.8	1.01753	55.6943
397	0.977362	55.8545
397.2	0.998761	56.126
397.4	0.885024	56.533
397.6	0.953794	56.2358
397.8	1.01047	55.8225
398	1.08945	55.6966
398.2	0.918505	55.5108
398.4	0.922757	55.7848
398.6	1.00122	55.5832
398.8	0.947713	55.7646
399	0.98872	56.0428
399.2	1.05656	56.0973
399.4	0.892904	55.7384
399.6	0.98472	55.4457
399.8	1.01812	55.7347
400	0.987459	55.8818
400.2	0.971969	55.3637
400.4	0.937313	55.2108
400.6	0.94327	55.1644
400.8	1.0772	55.5721
401	1.01801	55.421
401.2	0.962206	54.9688
401.4	1.0685	55.1619
401.6	0.95482	55.1504
401.8	0.900235	55.3537
402	1.00583	55.1831
402.2	1.02214	55.1439
402.4	0.947845	55.5202
402.6	0.891867	55.1548
402.8	1.12206	55.5115
403	1.04447	55.5276
403.2	0.916846	55.7038
403.4	0.999548	55.5591
403.6	1.08461	55.4612
403.8	0.990192	55.4582
404	1.03735	55.4789
404.2	0.997361	55.4871
404.4	0.951466	54.8645
404.6	0.909381	54.7693
404.8	0.982991	55.0808
405	0.994461	55.6906
405.2	1.04725	55.6772
405.4	0.961333	55.457
405.6	0.950307	55.4049
405.8	0.81736	55.4555
406	0.936906	55.1986
406.2	0.964678	55.234
406.4	0.927066	55.3274
406.6	0.943934	55.6101
406.8	1.04393	55.322
407	0.96101	55.1131
407.2	0.951434	55.1723
407.4	0.976198	55.1598
407.6	0.96232	55.0065
407.8	1.05689	55.0244
408	1.01815	55.2021
408.2	0.956906	55.716
408.4	0.898141	55.5886
408.6	0.96563	54.9942
408.8	0.927175	55.1427
409	0.941059	55.227
409.2	1.00528	55.5115
409.4	0.878124	55.2238
409.6	0.988153	55.3124
409.8	1.00239	55.4477
410	1.00324	55.3827
410.2	1.00179	55.496
410.4	1.06396	55.282
410.6	0.974911	55.1048
410.8	0.951357	55.2844
411	0.965399	55.6179
411.2	0.949303	55.708
411.4	0.977494	55.4425
411.6	0.956301	55.8342
411.8	1.01078	55.8515
412	0.959924	55.5062
412.2	0.930907	54.9997
412.4	0.995234	54.9542
412.6	0.943923	55.6749
412.8	0.955871	55.5799
413	1.02151	55.0317
413.2	1.04513	54.5652
413.4	1.10053	55.2112
413.6	0.998213	55.4302
413.8	1.04937	55.1436
414	0.898808	55.1492
414.2	0.983217	55.3559
414.4	0.976056	55.6245
414.6	1.05349	55.2804
414.8	0.9936	55.2908
415	0.94634	55.0604
415.2	0.985337	55.3119
415.4	1.00173	55.2094
415.6	0.950198	55.328
415.8	0.870578	55.5803
416	0.88429	55.3358
416.2	0.881539	55.1363
416.4	1.03553	55.1538
416.6	0.950864	55.0999
416.8	1.02111	55.0725
417	1.0295	55.2786
417.2	0.9361	55.7377
417.4	0.872435	55.765
417.6	0.933037	55.3812
417.8	0.918043	55.6182
418	0.957792	55.7018
418.2	1.00881	55.5357
418.4	0.980906	55.5864
418.6	0.946664	55.8676
418.8	1.06173	56.2118
419	1.08242	56.0444
419.2	1.02841	55.4607
419.4	0.971579	55.542
419.6	0.886573	55.9551
419.8	0.901841	55.6521
420	0.985641	55.5721
420.2	0.956228	55.5385
420.4	1.13732	55.9881
420.6	0.981704	56.0546
420.8	1.10814	55.7618
421	0.958316	55.8497
421.2	0.965317	56.4768
421.4	1.00805	56.3794
421.6	1.08797	55.906
421.8	0.865269	55.7925
422	1.0248	56.1759
422.2	1.12402	56.6073
422.4	1.14263	56.1831
422.6	0.958239	55.7773
422.8	0.992307	55.9715
423	0.967228	56.2014
423.2	0.978859	55.7868
423.4	1.01968	55.9626
423.6	0.952889	56.3286
423.8	1.10627	56.2302
424	0.998002	56.224
424.2	0.963939	56.351
424.4	1.00281	56.0747
424.6	0.920219	55.8956
424.8	0.97655	55.659
425	0.987364	56.1513
425.2	1.0249	56.2159
425.4	1.04323	56.2403
425.6	0.981513	55.9648
425.8	1.027	56.2025
426	0.931314	56.4052
426.2	1.01849	56.233
426.4	0.858821	55.7327
426.6	0.920692	55.8783
426.8	0.920592	56.6175
427	1.07453	56.6381
427.2	0.932009	56.1181
427.4	0.935403	55.8858
427.6	0.99408	56.0761
427.8	0.97318	56.2747
428	0.95812	56.1164
428.2	0.992352	55.7466
428.4	0.965862	55.859
428.6	0.888608	56.2308
428.8	0.992005	56.1759
429	1.06234	56.0119
429.2	0.986741	55.9685
429.4	0.942747	56.0683
429.6	1.02449	56.1697
429.8	0.943812	56.4035
430	0.94783	56.4002
430.2	0.967641	56.0571
430.4	1.03379	55.8008
430.6	0.959444	55.7415
430.8	1.07814	55.7741
431	0.877917	55.4009
431.2	0.970152	55.3366
431.4	0.94066	55.3757
431.6	0.983026	55.4659
431.8	0.94568	55.4471
432	0.875199	55.5943
432.2	0.905014	55.6984
432.4	0.975947	55.6484
432.6	0.928353	55.5408
432.8	0.912405	55.8095
433	1.02035	55.8704
433.2	1.0026	55.9756
433.4	0.919618	55.8913
433.6	1.08117	56.1994
433.8	0.948542	56.1007
434	1.0335	56.0409
434.2	0.948809	55.9419
434.4	1.02385	56.0634
434.6	0.876958	55.8839
434.8	1.0282	55.8135
435	1.03728	55.7909
435.2	1.04856	55.7291
435.4	1.00044	55.9872
435.6	1.01613	56.0682
435.8	1.03632	56.2799
436	1.00114	55.883
436.2	0.959349	55.8171
436.4	1.04085	55.7157
436.6	1.01557	55.5706
436.8	1.0344	55.6996
437	1.02406	55.422
437.2	1.02217	55.7671
437.4	0.947525	56.2538
437.6	0.987949	56.4509
437.8	1.0881	56.0651
438	0.917422	55.9179
438.2	0.981513	56.0348
438.4	0.971096	56.1157
438.6	0.940866	56.2169
438.8	0.990116	56.0129
439	1.01268	56.1977
439.2	1.05257	56.2173
439.4	0.980039	56.3176
439.6	0.997944	55.7744
439.8	0.961079	55.8487
440	0.889339	56.2804
440.2	1.09019	56.0798
440.4	1.08497	55.9044
440.6	1.01954	56.4236
440.8	0.945875	56.5708
441	0.895977	56.2722
441.2	1.04338	56.1851
441.4	1.02941	55.8961
441.6	1.00524	55.8095
441.8	0.967962	55.9772
442	0.953416	55.9878
442.2	0.997219	56.1066
442.4	0.912855	56.5227
442.6	0.849081	56.4545
442.8	0.94151	55.9673
443	0.959317	55.852
443.2	0.996823	55.7789
443.4	0.996382	56.0035
443.6	0.957773	56.0217
443.8	1.08414	56.2141
444	0.918917	56.6353
444.2	1.00011	56.5573
444.4	1.13764	55.914
444.6	1.01073	55.8981
444.8	0.972728	56.5506
445	0.97712	56.5412
445.2	1.05979	56.3588
445.4	0.998985	56.1035
445.6	1.04817	56.2545
445.8	0.897087	56.4551
446	0.992674	56.3969
446.2	0.995068	56.3629
446.4	0.977294	56.9345
446.6	0.928816	56.7347
446.8	0.962483	56.2793
447	0.915517	56.0788
447.2	0.916959	56.4046
447.4	0.989042	56.445
447.6	1.03346	56.5001
447.8	0.979656	56.4393
448	0.982784	56.4377
448.2	0.994479	56.5684
448.4	0.958085	56.5982
448.6	0.925246	56.48
448.8	1.12137	56.7665
449	0.977303	56.7944
449.2	0.918277	56.4211
449.4	1.01855	56.0203
449.6	1.05547	56.0682
449.8	0.97272	56.2621
450	0.940073	56.1272
450.2	1.00572	56.4089
450.4	1.06758	56.9262
450.6	0.890606	56.9151
450.8	0.922728	56.4078
451	0.997662	56.3171
451.2	1.02499	56.5921
451.4	0.951102	56.3648
451.6	0.987834	56.2356
451.8	0.988522	56.5133
452	0.982316	56.8724
452.2	0.933972	57.1047
452.4	0.884305	56.7882
452.6	0.995496	56.4108
452.8	1.04684	56.6176
453	1.03213	56.9828
453.2	0.89841	57.286
453.4	1.09628	56.9576
453.6	0.950611	56.7232
453.8	1.02498	57.0087
454	0.975482	56.9309
454.2	1.06871	56.5769
454.4	0.988043	56.5607
454.6	0.982242	56.7131
454.8	1.00905	57.2934
455	1.01759	57.6358
455.2	0.94469	57.1944
455.4	0.971762	56.7434
455.6	0.952567	57.0446
455.8	0.950465	57.6276
456	1.05577	57.3474
456.2	0.914417	56.9537
456.4	0.935742	56.927
456.6	1.01486	57.0694
456.8	1.06404	56.8414
457	1.15193	56.5607
457.2	0.883412	56.9186
457.4	1.01011	57.2773
457.6	0.941106	57.4907
457.8	0.931864	57.3895
458	1.07993	57.0837
458.2	0.977736	57.4344
458.4	0.960285	57.4014
458.6	1.03957	57.0056
458.8	0.993658	56.7603
459	0.982699	57.0407
459.2	1.01258	57.5744
459.4	0.976838	57.1897
459.6	0.967601	57.2642
459.8	0.980026	57.2063
460	0.969043	57.3251
460.2	1.04026	56.9199
460.4	0.912369	56.7765
460.6	1.00157	56.9101
460.8	0.975368	57.3352
461	0.958481	57.1216
461.2	0.946141	56.5819
461.4	0.972495	56.7248
461.6	1.00427	57.0122
461.8	0.956688	56.6878
462	1.06844	56.3274
462.2	0.912525	56.8122
462.4	0.935049	57.0941
462.6	0.918543	56.962
462.8	0.867581	56.6826
463	0.926118	56.6553
463.2	0.975912	56.8916
463.4	0.975265	56.5933
463.6	1.05412	56.5239
463.8	1.16541	56.5555
464	0.940034	57.1863
464.2	0.944832	56.9604
464.4	0.97759	57.0863
464.6	0.94914	57.0306
464.8	0.889918	56.9215
465	1.03824	56.6198
465.2	0.928758	56.8619
465.4	1.06252	56.9857
465.6	1.06632	57.0763
465.8	0.926242	57.2408
466	0.961326	57.103
466.2	0.898311	57.4069
466.4	0.966744	57.4439
466.6	1.00693	57.0166
466.8	0.980366	57.0362
467	0.925671	57.2111
467.2	1.04289	57.0638
467.4	0.946422	57.1872
467.6	0.825701	57.3955
467.8	1.04514	57.7053
468	0.928788	57.5195
468.2	0.9899	56.8187
468.4	1.07085	56.7839
468.6	0.962876	57.2368
468.8	0.958567	56.7492
469	1.01406	57.0252
469.2	1.01908	56.8206
469.4	0.975369	57.0244
469.6	0.935957	56.8666
469.8	0.962197	57.154
470	0.94541	57.2731
470.2	1.02653	56.9527
470.4	0.878565	57.3235
470.6	0.941977	57.255
470.8	0.938772	57.2
471	1.00629	57.3189
471.2	0.963641	57.4517
471.4	0.87889	57.476
471.6	0.948697	57.1136
471.8	1.03035	57.1077
472	0.954224	57.3454
472.2	0.924389	57.5321
472.4	1.02394	57.5961
472.6	0.957307	57.6416
472.8	0.915446	57.5877
473	0.961928	57.6467
473.2	0.982627	57.5092
473.4	1.01361	57.3428
473.6	0.961097	57.0007
473.8	0.914392	57.2467
474	0.946157	57.2436
474.2	0.958091	57.5273
474.4	0.999651	57.6097
474.6	0.936659	57.8745
474.8	0.982061	57.9164
475	0.914337	57.5727
475.2	1.03204	57.2066
475.4	0.992122	57.1046
475.6	0.963558	57.1814
475.8	0.914868	57.2923
476	1.01125	57.0492
476.2	0.949517	57.1676
476.4	1.05081	57.5446
476.6	0.909814	57.3182
476.8	0.952533	56.996
477	0.991439	56.91
477.2	1.0572	57.1328
477.4	0.999738	57.071
477.6	0.98738	57.0794
477.8	0.974267	56.9867
478	1.03575	56.9861
478.2	1.0362	57.0847
478.4	0.966269	57.0755
478.6	0.949596	56.8136
478.8	1.05108	56.3838
479	0.907737	56.501
479.2	1.02206	56.6821
479.4	0.896611	56.5123
479.6	0.965573	56.5934
479.8	1.04043	56.5487
480	1.00683	56.7251
480.2	0.986632	56.8644
480.4	1.0347	56.5787
480.6	0.99473	56.3588
480.8	0.939288	56.7513
481	1.06077	56.7468
481.2	0.962622	56.6899
481.4	0.997588	56.6551
481.6	1.01828	56.7399
481.8	0.986176	56.6781
482	0.8999	56.6918
482.2	1.02404	56.7592
482.4	1.02706	56.8944
482.6	0.959745	56.896
482.8	0.928524	56.9613
483	0.973362	56.9089
483.2	1.05153	57.0459
483.4	1.06253	56.8646
483.6	0.942444	56.9313
483.8	0.955235	57.027
484	1.00766	56.8406
484.2	1.05753	57.0153
484.4	0.902052	57.1782
484.6	0.961355	57.4276
484.8	0.881825	57.5748
485	1.01328	57.7204
485.2	0.954811	57.1477
485.4	0.9242	57.2978
485.6	0.9243	57.4132
485.8	1.02003	57.7246
486	0.982503	57.7749
486.2	0.944611	57.7684
486.4	1.00244	57.6986
486.6	0.985518	57.5294
486.8	0.902114	57.6326
487	1.05209	57.4659
487.2	0.889635	57.4027
487.4	1.02118	57.2903
487.6	0.947956	57.5377
487.8	1.03405	57.4402
488	1.02029	57.7425
488.2	0.953233	57.7534
488.4	0.973113	58.0666
488.6	1.00076	58.058
488.8	1.00526	57.8219
489	1.04579	57.562
489.2	0.990515	57.5358
489.4	1.05485	57.1959
489.6	0.900044	57.0608
489.8	0.997916	57.0909
490	1.00721	57.1139
490.2	1.02817	57.3297
490.4	0.983552	57.5137
490.6	0.996864	57.3553
490.8	1.02218	57.1809
491	0.92394	57.6204
491.2	1.05085	57.8199
491.4	1.04595	57.6339
491.6	0.99033	57.1518
491.8	0.893406	57.3771
492	0.958318	57.5149
492.2	0.969921	57.6218
492.4	0.937406	57.4366
492.6	1.01996	57.5162
492.8	1.0102	57.6131
493	0.885116	57.8764
493.2	0.888733	57.3305
493.4	0.964781	57.2739
493.6	0.952082	57.0315
493.8	0.971476	57.6081
494	1.07223	57.8743
494.2	0.95146	57.7023
494.4	1.02924	57.6148
494.6	0.966408	57.5129
494.8	1.03973	57.0341
495	0.991516	56.9861
495.2	0.976864	57.2175
495.4	0.918985	57.2549
495.6	0.95447	57.2603
495.8	1.00062	57.0246
496	1.01204	56.9719
496.2	1.02228	57.4762
496.4	0.995558	57.4779
496.6	1.03443	57.0582
496.8	1.00871	56.9213
497	0.994244	57.1749
497.2	1.01782	57.1818
497.4	1.07453	57.2534
497.6	0.943947	57.2469
497.8	0.970218	57.0189
498	0.947559	57.0554
498.2	0.899529	57.048
498.4	1.00324	57.2587
498.6	0.981929	57.486
498.8	0.980483	57.1857
499	0.968903	57.2739
499.2	0.996095	57.118
499.4	1.02194	57.1329
499.6	1.01088	57.0535
499.8	0.997648	57.0313
500	1.31646	57.0927
500.2	1.10585	57.2556
500.4	1.10072	57.2187
500.6	1.03157	57.3679
500.8	1.06888	57.273
501	1.24459	57.4698
501.2	1.08594	56.9309
501.4	1.10588	57.1147
501.6	1.11814	57.3391
501.8	1.12538	57.4387
502	1.10712	57.3298
502.2	1.20938	57.2782
502.4	1.17552	57.5274
502.6	1.14939	57.376
502.8	1.07354	56.9344
503	1.1335	56.815
503.2	1.03698	56.8501
503.4	1.03533	57.1884
503.6	1.19086	57.4019
503.8	1.15531	57.0311
504	1.11698	56.8589
504.2	1.10927	56.7344
504.4	1.00195	57.0074
504.6	1.09635	57.0416
504.8	1.04847	56.7458
505	1.07005	56.9391
505.2	1.20861	57.4862
505.4	1.13857	57.4046
505.6	1.05431	57.3489
505.8	1.17015	57.6667
506	1.00944	58.0096
506.2	1.1148	57.9024
506.4	1.04711	57.6552
506.6	1.15283	57.4422
506.8	1.07367	57.4982
507	1.09862	57.6803
507.2	1.10984	57.931
507.4	1.14115	57.7535
507.6	1.08376	57.6972
507.8	1.17585	57.9799
508	1.13242	58.3671
508.2	1.13255	58.1972
508.4	1.03867	57.926
508.6	1.20264	58.1955
508.8	1.01163	58.3858
509	1.17171	58.0852
509.2	1.10294	57.9575
509.4	1.04817	58.0066
509.6	1.11597	58.0585
509.8	0.988193	58.0658
510	1.20935	57.8812
510.2	1.06266	58.0058
510.4	1.05781	58.0534
510.6	1.09078	58.0017
510.8	1.0845	58.0638
511	1.08591	58.3343
511.2	1.19428	58.07
511.4	1.07753	58.0987
511.6	1.122	58.0954
511.8	1.14031	58.0724
512	1.23571	57.6375
512.2	1.12922	57.7436
512.4	1.16372	57.7531
512.6	1.0732	57.8249
512.8	1.0215	57.5274
513	1.11653	57.9842
513.2	1.11735	58.2659
513.4	1.16571	58.224
513.6	1.11166	57.8925
513.8	1.18213	57.8323
514	1.09085	57.5848
514.2	1.14689	58.0171
514.4	1.15894	57.9693
514.6	1.12344	58.0556
514.8	1.07062	58.3949
515	1.04879	58.3179
515.2	1.10315	57.9793
515.4	1.03687	58.0105
515.6	1.09094	58.1603
515.8	1.13151	58.3535
516	1.16147	58.0503
516.2	1.11459	57.9248
516.4	1.04918	58.2733
516.6	1.07681	58.1058
516.8	1.09444	58.0597
517	1.0193	57.7693
517.2	1.14857	57.9674
517.4	0.945324	58.0483
517.6	1.16862	58.1041
517.8	1.12011	58.4012
518	1.14016	58.0852
518.2	0.967369	57.8423
518.4	1.18003	57.8403
518.6	1.1442	57.9818
518.8	1.13909	58.118
519	1.18437	57.462
519.2	1.11012	57.7757
519.4	1.06157	58.1955
519.6	1.1594	58.3702
519.8	1.11923	57.8153
520	1.13052	57.556
520.2	1.21303	57.7727
520.4	1.22832	57.5886
520.6	1.07015	57.6924
520.8	1.08493	57.6963
521	1.23419	58.2874
521.2	1.17544	58.5562
521.4	1.03704	58.3997
521.6	1.06983	57.9155
521.8	1.20501	57.8196
522	1.12995	58.1742
522.2	1.13829	57.8933
522.4	1.01366	57.4615
522.6	1.13829	57.9613
522.8	1.17404	58.2199
523	1.03284	58.1818
523.2	1.16383	57.932
523.4	1.02824	57.5604
523.6	1.12837	57.6156
523.8	1.18527	57.5633
524	1.06978	57.3577
524.2	1.12868	57.6506
524.4	1.08931	58.0487
524.6	1.13059	57.8995
524.8	1.00154	57.6035
525	1.10603	57.4707
525.2	1.02374	57.2489
525.4	1.18798	57.4656
525.6	1.16251	57.8797
525.8	1.16959	57.7934
526	1.07583	57.884
526.2	0.979309	58.1096
526.4	1.11495	57.8436
526.6	1.06267	57.7506
526.8	1.14981	57.7317
527	1.20837	57.7933
527.2	1.1991	57.8929
527.4	1.15469	58.0016
527.6	1.08702	58.2877
527.8	1.06289	57.8342
528	1.07548	57.9146
528.2	1.09412	58.1323
528.4	1.04584	58.4402
528.6	1.08816	58.5711
528.8	1.06243	58.5383
529	1.11802	58.5618
529.2	1.05881	58.7548
529.4	1.23814	58.8677
529.6	1.13639	58.6005
529.8	1.09568	58.446
530	1.14266	58.5412
530.2	1.15674	58.4769
530.4	1.21546	58.5408
530.6	1.06527	58.2029
530.8	1.09786	58.3517
531	1.20593	58.5464
531.2	1.20625	58.5173
531.4	1.03451	58.393
531.6	1.08617	58.4526
531.8	1.05246	58.6525
532	1.08888	58.6778
532.2	0.992743	58.3979
532.4	1.0131	58.2837
532.6	1.09316	58.7812
532.8	1.04513	58.6583
533	1.08286	58.8926
533.2	1.00144	58.8367
533.4	1.10008	58.7112
533.6	1.0586	58.6506
533.8	1.04701	58.6762
534	1.00749	58.7878
534.2	1.15362	58.758
534.4	1.1246	58.7514
534.6	1.08296	58.836
534.8	1.07718	58.5736
535	1.10979	58.4264
535.2	1.14447	58.487
535.4	1.0373	58.6657
535.6	1.1104	58.3066
535.8	1.12175	58.6374
536	1.07927	58.5723
536.2	1.00055	58.586
536.4	1.23039	58.6138
536.6	1.06563	58.7123
536.8	1.11896	58.4947
537	1.18025	58.2213
537.2	1.14431	58.5395
537.4	1.12216	58.6328
537.6	1.14563	58.7566
537.8	1.04435	58.4044
538	1.06698	58.5249
538.2	1.23582	58.3057
538.4	1.15529	58.2714
538.6	1.05167	58.468
538.8	1.08049	58.7677
539	1.04138	58.9717
539.2	1.10771	58.7103
539.4	1.01942	58.6022
539.6	1.01943	58.5207
539.8	1.10407	58.3663
540	1.11905	58.6482
540.2	1.04393	59.0125
540.4	1.12331	58.7976
540.6	1.00082	58.7749
540.8	1.15535	58.4624
541	1.10632	58.5964
541.2	1.09818	58.6538
541.4	1.06723	58.5973
541.6	1.07975	58.7206
541.8	1.05336	58.9253
542	1.08776	58.6625
542.2	1.06518	58.646
542.4	1.04846	58.6516
542.6	1.16537	58.5838
542.8	1.22032	58.4193
543	1.19712	58.2522
543.2	1.10039	58.7514
543.4	1.06083	59.0303
543.6	1.17223	58.7412
543.8	1.20384	58.3757
544	1.0791	58.3876
544.2	1.01704	58.5258
544.4	1.13097	58.5635
544.6	1.03598	58.3027
544.8	1.12408	58.8184
545	1.12278	59.0066
545.2	1.22077	58.6536
545.4	1.12165	58.3856
545.6	1.07531	58.2864
545.8	1.12388	58.5387
546	1.10486	58.9174
546.2	1.16853	58.7105
546.4	1.22536	59.3233
546.6	1.027	59.1757
546.8	1.0937	58.9957
547	1.12285	58.7251
547.2	1.10143	58.7677
547.4	1.07691	58.2698
547.6	1.1702	58.2965
547.8	1.09883	58.8431
548	1.20787	59.1586
548.2	1.0914	59.0294
548.4	1.10696	59.0034
548.6	1.03605	58.8484
548.8	1.06633	58.2157
549	1.06499	57.9586
549.2	1.03218	58.0156
549.4	1.07278	58.3883
549.6	1.07363	58.5233
549.8	1.04571	58.3536
550	1.05773	58.3519
550.2	1.06292	58.4415
550.4	1.10914	58.3154
550.6	1.10013	58.3054
550.8	1.09585	58.3926
551	1.15349	58.3561
551.2	1.06407	57.8917
551.4	1.05602	58.4587
551.6	1.0894	58.8437
551.8	1.12832	58.9171
552	1.12596	58.816
552.2	1.11862	58.3602
552.4	1.09084	58.2482
552.6	1.10264	58.0989
552.8	1.02317	58.2573
553	1.0429	58.1652
553.2	1.12586	58.4402
553.4	1.00714	58.7739
553.6	1.26203	58.9441
553.8	1.11682	58.5169
554	1.10151	58.2627
554.2	1.12773	58.0335
554.4	1.16777	58.2669
554.6	1.11201	58.5954
554.8	1.1176	58.8672
555	0.90718	59.0097
555.2	1.15783	58.6376
555.4	1.01982	58.5096
555.6	1.23347	58.3808
555.8	1.06676	58.6004
556	1.12596	58.9329
556.2	1.04677	58.3549
556.4	1.15552	58.7398
556.6	1.10366	58.7834
556.8	1.1695	58.8374
557	1.12028	58.6577
557.2	1.1993	58.5361
557.4	1.10732	58.5928
557.6	1.15099	58.8657
557.8	1.25403	58.6799
558	1.17103	58.7641
558.2	1.15802	59.0564
558.4	1.1704	58.7437
558.6	1.24315	58.762
558.8	1.07191	58.3797
559	1.08047	58.6117
559.2	1.08516	58.8444
559.4	1.06783	58.8905
559.6	1.02308	58.6182
559.8	1.02375	58.4533
560	1.03556	58.8593
560.2	0.981725	58.6527
560.4	1.12963	58.5582
560.6	1.13771	58.686
560.8	1.1619	58.8722
561	1.15319	58.8351
561.2	1.10337	58.7432
561.4	1.17641	58.692
561.6	1.07114	58.6826
561.8	1.14093	58.4335
562	1.26774	58.2827
562.2	1.0221	58.6941
562.4	1.17328	58.9033
562.6	1.10576	58.8219
562.8	1.1558	58.4442
563	1.1512	58.6561
563.2	1.07467	58.7788
563.4	1.21111	58.5547
563.6	1.11964	58.5744
563.8	1.07211	58.5602
564	1.03136	58.7267
564.2	1.01376	58.5979
564.4	1.25529	58.7464
564.6	1.02286	59.0121
564.8	1.16815	58.5813
565	1.00243	58.3501
565.2	1.11536	58.3281
565.4	1.12038	58.4857
565.6	1.09252	58.6684
565.8	1.13628	58.7473
566	1.20112	58.8917
566.2	1.02582	58.9474
566.4	1.11987	58.6552
566.6	1.18154	58.6356
566.8	1.10513	58.4787
567	1.14457	58.3896
567.2	1.06228	58.3632
567.4	1.11423	58.5886
567.6	1.16	58.8659
567.8	1.11675	59.1077
568	1.04383	58.5623
568.2	1.1298	58.0426
568.4	1.10041	58.5292
568.6	1.04518	58.4211
568.8	1.12482	58.234
569	1.07934	58.4303
569.2	1.13412	58.7329
569.4	1.19183	58.7923
569.6	1.00048	58.3736
569.8	1.12929	58.0719
570	1.04844	58.0791
570.2	1.07317	58.4476
570.4	1.04161	58.6164
570.6	1.105	58.3556
570.8	1.05946	58.2529
571	1.0467	58.5241
571.2	1.00506	58.6791
571.4	1.12056	58.5064
571.6	1.0474	57.9267
571.8	1.19384	58.1904
572	0.974792	58.1518
572.2	1.15027	58.1957
572.4	1.0402	57.6544
572.6	1.215	58.2394
572.8	0.986165	58.538
573	1.15921	58.2878
573.2	1.07323	57.8771
573.4	1.09013	58.5328
573.6	0.946656	58.5153
573.8	1.06906	58.3943
574	1.00296	58.166
574.2	1.09802	58.1542
574.4	1.13994	58.1125
574.6	1.03365	58.0714
574.8	1.07387	57.852
575	1.12957	58.3953
575.2	1.19568	58.4129
575.4	1.03545	58.2756
575.6	1.18209	58.3168
575.8	1.12759	58.2639
576	1.16637	57.973
576.2	1.11315	57.8332
576.4	1.06803	58.0123
576.6	1.20522	58.334
576.8	1.22846	58.4455
577	1.04196	58.4956
577.2	1.09122	58.1547
577.4	1.11565	58.3685
577.6	1.07966	58.1624
577.8	1.09369	58.3838
578	1.1164	58.3156
578.2	1.24622	58.427
578.4	1.12995	58.286
578.6	1.05854	58.5435
578.8	1.03365	58.56
579	1.11482	58.4642
579.2	1.03727	58.0667
579.4	1.11925	58.219
579.6	1.06039	58.2206
579.8	1.10219	58.324
580	1.07232	58.5438
580.2	1.09312	58.688
580.4	1.06409	58.7475
580.6	1.11073	58.6143
580.8	1.0897	58.3113
581	1.14669	58.128
581.2	1.0318	58.3903
581.4	1.03738	58.2154
581.6	1.07551	58.3381
581.8	1.06248	58.7068
582	1.19003	58.8475
582.2	1.13304	58.6186
582.4	1.05552	58.3291
582.6	1.12522	58.5451
582.8	1.0494	58.7844
583	1.15327	58.7252
583.2	1.27631	58.3483
583.4	1.18313	58.4974
583.6	1.00869	58.7311
583.8	1.0676	58.2675
584	1.00786	57.9503
584.2	1.11772	58.5138
584.4	1.06416	58.7986
584.6	1.1511	58.4013
584.8	1.11136	57.8031
585	1.2181	58.2202
585.2	1.11257	58.5605
585.4	1.0864	59.0237
585.6	1.09411	58.8757
585.8	1.01712	59.0323
586	1.12748	59.0189
586.2	1.11833	58.4137
586.4	1.00965	58.0161
586.6	1.03553	57.8084
586.8	1.11937	58.2335
587	1.11983	58.2435
587.2	1.00998	58.5659
587.4	1.08268	58.6051
587.6	1.12698	58.8011
587.8	1.14419	58.2636
588	1.03714	58.2876
588.2	1.15918	58.4645
588.4	1.14313	58.5145
588.6	1.15365	58.4502
588.8	1.06294	58.7472
589	1.11757	58.5168
589.2	1.15918	58.5453
589.4	1.18472	58.203
589.6	1.03791	58.2151
589.8	1.05018	58.1144
590	1.09129	58.4808
590.2	1.05178	58.6797
590.4	1.06348	58.8585
590.6	1.04879	58.8501
590.8	1.04998	58.7201
591	1.1479	58.4454
591.2	1.11039	58.2681
591.4	1.10045	58.5585
591.6	1.20117	58.4651
591.8	1.08015	58.9306
592	1.14756	59.0864
592.2	1.16252	59.1773
592.4	1.15275	58.8898
592.6	0.987287	58.771
592.8	1.07794	58.4252
593	1.05601	58.4922
593.2	1.12507	58.5095
593.4	1.10734	58.322
593.6	1.13481	58.5285
593.8	1.1252	58.713
594	1.16366	58.3282
594.2	1.07362	58.5946
594.4	1.26193	58.7199
594.6	1.0489	58.897
594.8	1.08317	58.5718
595	1.11001	58.3608
595.2	1.13608	58.306
595.4	1.06491	58.4552
595.6	1.0903	58.4179
595.8	1.09482	58.1957
596	1.09174	58.1721
596.2	1.1605	58.6933
596.4	0.994422	58.784
596.6	1.10296	58.472
596.8	1.11536	58.1246
597	1.08423	58.4651
597.2	1.13417	58.6753
597.4	1.11235	58.6382
597.6	1.04268	58.502
597.8	1.19673	58.3031
598	1.03749	58.657
598.2	1.05798	58.833
598.4	1.09693	58.6472
598.6	1.25877	58.485
598.8	1.18549	58.4052
599	1.013	58.711
599.2	1.06288	58.6334
599.4	1.02828	58.8295
599.6	1.16227	58.8511
599.8	1.15062	58.5437
600	1.15281	58.496
600.2	1.05686	58.5357
600.4	1.13555	58.4368
600.6	1.07199	58.3521
600.8	1.15195	58.3687
601	1.08226	58.9429
601.2	1.17773	58.8125
601.4	1.02989	58.458
601.6	1.04004	58.2469
601.8	1.0327	58.6087
602	1.14204	58.927
602.2	1.17491	58.7795
602.4	1.16454	58.753
602.6	1.0635	59.0092
602.8	1.13841	58.533
603	1.15979	58.6813
603.2	1.06168	58.7634
603.4	1.21157	58.4627
603.6	1.17016	58.1793
603.8	1.06468	58.4034
604	1.0988	58.4881
604.2	1.12408	58.7371
604.4	1.06187	58.6861
604.6	1.00825	58.6606
604.8	1.15938	58.409
605	1.04362	58.5179
605.2	1.19077	58.5599
605.4	1.10319	58.7614
605.6	1.11639	58.9251
605.8	1.03113	58.6277
606	1.10129	59.0023
606.2	1.13847	58.6762
606.4	1.12992	58.3563
606.6	1.09987	58.2952
606.8	1.14653	58.4332
607	1.11632	58.3556
607.2	1.0855	58.1585
607.4	1.11357	58.6976
607.6	1.10872	58.714
607.8	1.12084	58.9148
608	1.06319	58.5047
608.2	1.0009	58.4633
608.4	1.17964	58.618
608.6	1.14012	58.5006
608.8	1.17966	58.6795
609	1.23288	58.9284
609.2	1.11445	58.8481
609.4	1.11688	58.8414
609.6	1.09407	58.5969
609.8	1.13809	58.5091
610	1.12674	58.7228
610.2	1.08119	58.3625
610.4	1.13993	58.3212
610.6	1.24226	58.5127
610.8	1.02759	58.6096
611	1.19064	58.4898
611.2	1.09056	58.657
611.4	1.09492	58.5471
611.6	1.04432	58.19
611.8	1.18906	57.9324
612	1.04466	58.1865
612.2	1.02864	58.5172
612.4	1.16198	58.303
612.6	1.0753	58.1105
612.8	1.01044	58.3836
613	1.09086	58.7722
613.2	1.09823	58.6868
613.4	1.03671	58.1466
613.6	1.02768	58.4641
613.8	1.09822	58.8533
614	1.13764	58.2571
614.2	1.07483	57.8808
614.4	1.20311	57.8457
614.6	1.14155	58.1818
614.8	0.995208	58.4602
615	1.15288	58.3855
615.2	1.08696	58.6807
615.4	1.10095	59.145
615.6	1.07797	58.736
615.8	1.06375	58.2411
616	1.16531	58.3986
616.2	0.998516	58.7927
616.4	1.06832	58.6711
616.6	1.08406	58.319
616.8	1.19523	58.6818
617	1.06934	58.8943
617.2	1.31645	58.8593
617.4	1.15718	58.8824
617.6	1.14978	58.3654
617.8	1.063	58.7485
618	1.06223	58.6321
618.2	1.08892	58.6196
618.4	1.07152	58.2478
618.6	1.10695	58.5197
618.8	1.20048	58.6039
619	1.12693	58.9003
619.2	1.08015	59.0307
619.4	1.11856	58.8358
619.6	1.1195	58.7784
619.8	1.18092	58.6495
620	1.12475	58.9395
620.2	1.10613	58.5859
620.4	1.0741	58.6893
620.6	1.01476	59.3491
620.8	1.10502	59.4212
621	1.03765	58.8479
621.2	1.13575	58.9346
621.4	1.05506	59.3294
621.6	1.06289	59.5446
621.8	1.01411	59.0844
622	1.08988	58.5657
622.2	1.18721	58.6596
622.4	1.13634	58.534
622.6	1.03344	58.752
622.8	1.02653	58.7598
623	1.08068	58.795
623.2	0.995494	59.1547
623.4	1.19047	59.0344
623.6	1.16157	59.2013
623.8	1.07478	59.3957
624	1.07283	58.5491
624.2	1.07979	58.3315
624.4	1.11722	58.3777
624.6	1.07525	58.4888
624.8	1.16913	58.8682
625	1.09267	58.9882
625.2	1.11668	58.5247
625.4	1.1052	58.9134
625.6	1.06095	59.008
625.8	1.09003	58.9671
626	1.04395	58.7342
626.2	1.20802	58.7649
626.4	1.10921	58.7719
626.6	1.10333	58.5399
626.8	1.0705	58.59
627	1.13591	58.5392
627.2	1.19794	58.8947
627.4	1.15576	58.5941
627.6	1.10955	58.3826
627.8	1.09306	58.5655
628	1.10029	58.9231
628.2	1.16992	58.6889
628.4	1.10918	58.5948
628.6	1.07795	58.7058
628.8	1.15255	58.8948
629	1.16052	58.3456
629.2	0.993106	58.3483
629.4	1.18188	58.2951
629.6	1.02083	58.3457
629.8	1.03395	58.3797
630	1.09424	58.4866
630.2	1.15567	58.6344
630.4	1.11831	58.9978
630.6	1.04363	58.8951
630.8	1.08582	58.712
631	1.04455	58.6335
631.2	1.07457	58.627
631.4	1.12146	58.8569
631.6	1.2108	59.0243
631.8	1.09985	58.889
632	1.05157	58.9905
632.2	1.054	58.8669
632.4	1.03957	58.6279
632.6	1.06941	58.701
632.8	1.0521	58.8039
633	1.10871	59.0937
633.2	1.16188	59.1027
633.4	1.19786	58.8402
633.6	1.07385	58.9184
633.8	1.19922	58.9057
634	1.13932	59.2794
634.2	1.04292	58.6483
634.4	1.18545	58.7691
634.6	0.993938	59.1503
634.8	1.1401	58.5685
635	1.0595	58.6791
635.2	1.13096	58.9386
635.4	1.04428	59.0112
635.6	1.24331	58.7071
635.8	1.09491	58.8975
636	1.14753	58.5489
636.2	1.08561	58.5639
636.4	1.13888	58.7102
636.6	1.12876	58.527
636.8	1.14886	59.0009
637	1.01074	58.8024
637.2	1.09177	58.5541
637.4	1.06447	58.9512
637.6	1.14174	59.0624
637.8	1.07208	58.8556
638	1.12465	58.9245
638.2	1.18125	59.3123
638.4	0.982978	59.4898
638.6	1.0351	59.484
638.8	1.11741	59.4511
639	1.1437	59.2877
639.2	1.03796	59.1433
639.4	1.20921	59.1412
639.6	1.08491	59.1403
639.8	1.03975	58.9737
640	1.06053	58.6377
640.2	1.14365	59.1245
640.4	1.13028	59.2698
640.6	0.980165	58.9801
640.8	1.06147	59.1522
641	1.11155	58.9158
641.2	1.12519	58.9613
641.4	1.15253	59.0992
641.6	1.13822	59.0523
641.8	1.08614	59.0441
642	1.09737	59.356
642.2	1.18033	59.3692
642.4	1.12212	58.8188
642.6	1.16846	59.1196
642.8	1.11049	59.307
643	1.04372	59.3992
643.2	1.09964	59.1719
643.4	1.11173	59.2856
643.6	1.10585	59.2246
643.8	1.16191	59.2794
644	1.10916	59.3003
644.2	1.1939	59.3333
644.4	1.17048	59.1796
644.6	1.25368	59.3512
644.8	1.14851	59.0988
645	1.12753	59.1622
645.2	1.23488	58.8536
645.4	1.05469	58.5447
645.6	1.14669	59.0051
645.8	1.12529	58.997
646	1.09482	58.895
646.2	1.07064	59.0286
646.4	1.09988	59.1652
646.6	1.18581	59.3291
646.8	0.980492	59.2251
647	1.07143	59.0905
647.2	1.03667	58.937
647.4	1.11378	59.0088
647.6	1.02259	59.1341
647.8	1.2584	58.7149
648	0.992447	58.8308
648.2	1.20298	58.605
648.4	1.12547	58.4301
648.6	1.06161	58.5081
648.8	1.1024	58.66
649	1.12979	58.7833
649.2	1.06166	58.7952
649.4	1.12334	58.6782
649.6	1.13832	58.5227
649.8	1.21415	58.8205
650	1.26503	58.7158
650.2	1.17476	58.9509
650.4	0.999522	59.1109
650.6	1.09896	59.1825
650.8	1.09527	59.0991
651	1.02034	59.1698
651.2	1.07769	58.856
651.4	1.02001	58.919
651.6	1.08953	58.7132
651.8	1.13609	58.8016
652	1.17785	59.4157
652.2	1.05228	59.3181
652.4	1.12764	59.4881
652.6	1.20505	59.4405
652.8	0.987	59.4942
653	1.0763	59.1963
653.2	0.93306	58.8551
653.4	1.05131	59.1032
653.6	1.18618	59.5592
653.8	1.22757	59.1326
654	0.965333	58.7877
654.2	1.10614	58.7032
654.4	1.13902	58.8419
654.6	1.06545	58.5871
654.8	1.10211	58.9258
655	1.00873	58.8695
655.2	1.10128	59.5631
655.4	1.12439	59.295
655.6	1.01205	59.2529
655.8	1.12333	59.4756
656	1.14199	59.351
656.2	1.04423	59.4128
656.4	1.17334	59.3627
656.6	1.09267	59.2893
656.8	1.09835	59.5247
657	1.06349	59.1769
657.2	1.08557	59.1257
657.4	1.12054	59.1167
657.6	1.01483	59.1813
657.8	1.19996	59.4584
658	1.0965	59.1931
658.2	1.00799	59.0908
658.4	1.06464	58.8141
658.6	1.13864	58.9772
658.8	1.21747	59.4233
659	1.07601	59.6413
659.2	1.13548	59.108
659.4	1.1077	59.2925
659.6	1.08684	59.3093
659.8	1.16538	59.4617
660	1.1057	58.9126
660.2	1.1389	58.9373
660.4	1.01598	59.4368
660.6	1.08708	59.1984
660.8	1.07886	58.6254
661	1.09318	59.0447
661.2	1.19445	59.3157
661.4	1.21339	59.3248
661.6	1.00343	59.396
661.8	1.08146	59.0628
662	1.11647	59.4622
662.2	1.12108	58.9929
662.4	1.08624	59.0535
662.6	0.935258	59.11
662.8	1.06951	59.031
663	1.15303	59.3078
663.2	1.19684	59.4238
663.4	1.00339	59.703
663.6	1.15743	59.5069
663.8	1.06008	59.4729
664	1.12367	59.6114
664.2	1.17509	59.5027
664.4	1.13893	59.3674
664.6	1.23397	59.4429
664.8	1.02953	59.4623
665	1.13101	58.928
665.2	1.09757	59.4775
665.4	1.13434	59.5932
665.6	1.08981	59.7136
665.8	1.07616	59.3484
666	1.06636	59.3943
666.2	1.11986	59.2875
666.4	1.07898	59.1865
666.6	1.20515	59.5688
666.8	1.18954	59.4637
667	1.13411	59.6352
667.2	1.04513	59.5717
667.4	1.15661	59.5463
667.6	1.12004	59.3362
667.8	1.05351	59.246
668	1.12457	59.2636
668.2	1.00266	59.3614
668.4	1.10713	59.5153
668.6	1.00806	59.1014
668.8	1.00311	59.3329
669	1.03817	59.7716
669.2	1.03378	59.7123
669.4	1.17687	59.4235
669.6	1.098	59.4775
669.8	1.14259	59.3856
670	1.11475	59.4387
670.2	1.14547	59.4945
670.4	1.09158	59.6443
670.6	1.079	59.6072
670.8	1.1816	59.1881
671	1.04528	59.2493
671.2	1.10583	59.1943
671.4	1.10788	59.0883
671.6	1.15929	59.3246
671.8	1.14286	59.6026
672	1.20608	59.4808
672.2	1.00414	59.8387
672.4	1.06099	59.9221
672.6	1.11137	59.6223
672.8	1.06496	59.6129
673	1.1044	59.6645
673.2	1.14091	59.4488
673.4	1.01843	59.5759
673.6	1.11881	59.4758
673.8	1.15419	59.8188
674	1.06423	59.8947
674.2	1.14811	59.6272
674.4	1.05731	59.5612
674.6	1.09312	59.6168
674.8	0.918445	59.8328
675	1.11402	59.5236
675.2	1.13164	59.4742
675.4	1.06091	59.5023
675.6	1.06495	59.9236
675.8	1.0647	59.784
676	1.19903	59.4821
676.2	1.08285	59.28
676.4	1.17099	59.256
676.6	1.03878	59.4768
676.8	1.19382	59.6227
677	1.15195	59.5872
677.2	0.986933	59.8047
677.4	1.09725	59.7807
677.6	0.98844	58.9711
677.8	1.17943	59.2677
678	1.06994	59.6628
678.2	1.18185	59.6987
678.4	1.11743	59.5778
678.6	1.12383	59.3351
678.8	1.09711	59.7816
679	1.14997	59.5559
679.2	1.06025	59.0658
679.4	1.3156	59.307
679.6	1.08817	59.471
679.8	1.16792	59.3731
680	1.00935	59.1509
680.2	1.07165	59.1586
680.4	0.954382	59.3095
680.6	1.04402	59.2233
680.8	1.06157	58.7733
681	1.05191	58.9605
681.2	1.1491	59.039
681.4	1.21743	59.0984
681.6	1.08292	59.1875
681.8	1.19374	59.6171
682	1.17252	60.02
682.2	1.11161	59.8261
682.4	1.22179	59.111
682.6	1.1488	59.1275
682.8	1.05761	59.1291
683	1.17774	59.4153
683.2	1.10032	59.3347
683.4	1.07018	59.5269
683.6	0.960243	59.6319
683.8	1.02061	59.6868
684	1.14369	59.5529
684.2	0.974328	59.5424
684.4	1.00537	59.5973
684.6	1.13085	59.3392
684.8	1.1367	59.6154
685	1.14283	59.7666
685.2	1.1216	59.9913
685.4	1.10927	59.9631
685.6	1.03345	59.55
685.8	1.11753	60.0382
686	1.10712	60.0532
686.2	1.09475	59.7878
686.4	1.12183	59.8885
686.6	1.08067	59.9683
686.8	1.09002	60.3208
687	1.07982	60.2726
687.2	1.0788	60.1116
687.4	1.08397	60.0212
687.6	1.19921	60.2015
687.8	1.10053	60.193
688	1.06576	59.8259
688.2	1.10366	59.9479
688.4	1.18276	59.9305
688.6	1.11286	60.0068
688.8	1.02428	60.0605
689	1.08319	60.0391
689.2	1.10047	60.1621
689.4	0.986792	60.2217
689.6	1.18208	59.8556
689.8	1.14822	59.7934
690	1.03332	60.3102
690.2	1.22727	60.3422
690.4	1.11687	60.023
690.6	1.09582	59.8124
690.8	1.0856	59.9303
691	1.12503	60.3648
691.2	1.16407	60.2301
691.4	1.18013	60.13
691.6	1.0706	60.0241
691.8	1.13507	60.0811
692	1.01623	59.9047
692.2	1.19763	59.7145
692.4	1.05306	59.8928
692.6	1.14988	60.03
692.8	1.03302	60.0893
693	1.24077	60.056
693.2	1.20136	60.1374
693.4	1.2075	59.8864
693.6	1.06097	59.8383
693.8	1.07863	60.1497
694	1.11296	60.0715
694.2	1.11574	60.3812
694.4	1.18918	59.9601
694.6	1.14127	59.8901
694.8	1.11878	60.1921
695	1.07379	59.938
695.2	1.06256	59.7282
695.4	0.954527	60.3368
695.6	1.04922	60.1184
695.8	1.11545	60.1378
696	1.02093	59.898
696.2	1.02201	59.9004
696.4	1.13462	60.1826
696.6	1.13409	60.2938
696.8	1.03576	60.3726
697	1.07719	60.5667
697.2	1.15039	60.8008
697.4	1.14261	60.648
697.6	1.05201	60.2075
697.8	1.1148	60.5324
698	1.14777	60.5784
698.2	1.13493	60.5833
698.4	1.13032	60.3961
698.6	1.10448	60.2012
698.8	1.08273	60.3807
699	1.16332	60.2478
699.2	1.1308	60.1244
699.4	1.10024	60.3397
699.6	1.03307	60.2537
699.8	1.19417	60.3005
700	0.97112	60.0157
700.2	1.08299	60.0429
700.4	1.16785	60.4721
700.6	1.15669	60.0578
700.8	1.08098	59.9625
701	1.05563	59.9359
701.2	1.11823	60.4839
701.4	1.02257	60.3159
701.6	1.1834	60.1988
701.8	1.06463	60.604
702	1.05733	60.561
702.2	1.26227	59.8196
702.4	1.12489	59.8362
702.6	1.07144	60.1233
702.8	1.11271	59.9843
703	0.992409	60.053
703.2	1.16575	60.4109
703.4	1.06555	60.3916
703.6	1.07344	60.2235
703.8	1.13784	60.209
704	1.18915	60.3529
704.2	1.09111	60.2169
704.4	1.08656	60.1814
704.6	1.11629	60.1093
704.8	0.970912	60.6204
705	1.01022	60.3411
705.2	1.05999	60.122
705.4	1.09458	60.0919
705.6	1.12872	60.2598
705.8	1.13978	60.0889
706	1.17368	60.1494
706.2	1.0911	60.2041
706.4	1.0848	60.466
706.6	1.09192	60.4467
706.8	1.07421	60.3922
707	1.1515	60.5174
707.2	1.05762	60.4389
707.4	1.1528	60.0704
707.6	1.16484	60.4429
707.8	0.954677	60.41
708	1.20653	60.1689
708.2	1.09277	60.2306
708.4	1.08398	60.5187
708.6	1.05324	60.0875
708.8	1.11739	60.488
709	1.14717	60.2944
709.2	1.10067	60.5119
709.4	1.18406	60.7367
709.6	1.02951	60.4138
709.8	1.15119	60.2959
710	1.13484	60.062
710.2	1.09412	60.3243
710.4	1.04888	60.2643
710.6	1.02826	60.3591
710.8	1.16085	60.4037
711	1.15254	60.5426
711.2	1.0263	60.6791
711.4	1.04334	60.4132
711.6	1.11696	60.5705
711.8	1.13207	60.2995
712	1.02387	60.3656
712.2	1.20137	60.308
712.4	1.05948	60.999
712.6	1.17201	60.9493
712.8	1.05527	60.3459
713	1.05291	60.2401
713.2	1.11362	60.5214
713.4	1.15001	60.4138
713.6	1.10125	60.6468
713.8	1.04264	60.9738
714	1.056	60.7913
714.2	1.04785	60.6297
714.4	1.11771	60.0943
714.6	1.12874	60.2091
714.8	1.10734	60.3825
715	1.14116	60.4331
715.2	1.15725	60.4562
715.4	1.106	60.5011
715.6	1.07021	60.7482
715.8	1.01909	60.5072
716	1.06225	60.6577
716.2	1.19173	60.4187
716.4	1.20052	60.4963
716.6	1.07567	60.0336
716.8	1.0438	59.7669
717	1.11634	60.1167
717.2	1.11366	60.4788
717.4	1.08599	60.3845
717.6	1.18503	60.5939
717.8	1.04425	60.2598
718	1.09258	60.6536
718.2	1.01645	60.5154
718.4	1.13376	60.3418
718.6	1.02836	60.3082
718.8	1.03625	60.6176
719	1.11574	60.4272
719.2	1.0183	60.2492
719.4	1.09314	59.987
719.6	1.04298	60.5278
719.8	1.1144	60.2909
720	1.16878	60.0045
720.2	1.16377	60.1534
720.4	1.0402	60.373
720.6	1.0875	60.4861
720.8	1.0351	60.069
721	0.992726	59.6469
721.2	1.06622	59.546
721.4	1.08523	59.8854
721.6	1.03841	59.9864
721.8	1.065	60.1319
722	1.17997	60.1064
722.2	1.12097	59.5668
722.4	1.05786	59.763
722.6	1.1031	60.0352
722.8	1.19272	59.7473
723	1.0833	59.5673
723.2	1.09253	59.7638
723.4	1.19883	60.08
723.6	1.13443	60.04
723.8	1.13502	59.9852
724	1.19001	59.9146
724.2	1.06581	59.9905
724.4	1.10224	59.8554
724.6	1.03708	59.7486
724.8	1.06047	60.0478
725	1.1081	59.8868
725.2	1.11002	60.1446
725.4	1.07445	59.5932
725.6	1.12186	60.1323
725.8	1.13754	60.3528
726	1.20231	60.2255
726.2	1.14225	59.8959
726.4	1.03339	60.0171
726.6	1.07477	60.2213
726.8	1.16713	59.7819
727	1.14007	59.3601
727.2	1.06799	59.7041
727.4	1.20592	60.1396
727.6	1.21239	59.9963
727.8	1.10454	60.054
728	1.14263	60.388
728.2	1.12136	60.5381
728.4	1.24044	60.0212
728.6	1.12109	59.764
728.8	1.16426	59.7007
729	1.14398	59.8286
729.2	1.09887	59.8293
729.4	1.19515	59.4219
729.6	1.10443	59.9692
729.8	1.05466	59.8758
730	1.05984	59.8082
730.2	1.09172	59.7706
730.4	1.11596	59.8737
730.6	1.20183	60.0593
730.8	1.19505	59.6469
731	0.996202	59.7456
731.2	1.13794	60.2823
731.4	0.979543	60.1605
731.6	1.22026	59.596
731.8	1.06769	59.6358
732	0.962787	60.2534
732.2	1.04173	60.4325
732.4	1.1078	60.085
732.6	1.11855	59.8748
732.8	1.03062	60.1023
733	1.14334	59.9354
733.2	1.13328	59.6846
733.4	1.0656	59.6354
733.6	1.06458	59.9744
733.8	1.06021	59.9602
734	1.2116	59.8597
734.2	1.16471	59.8879
734.4	1.08013	59.9724
734.6	1.11079	59.4311
734.8	1.17805	59.6715
735	1.21658	59.9938
735.2	1.02994	60.3756
735.4	1.12709	60.2008
735.6	1.1091	59.8932
735.8	1.1315	59.624
736	1.09451	59.4672
736.2	1.15077	59.3064
736.4	1.19304	59.6144
736.6	1.08271	59.8046
736.8	1.07178	59.7904
737	1.1276	59.5798
737.2	1.13659	59.2229
737.4	1.02548	59.782
737.6	1.15313	59.9628
737.8	1.18613	59.7188
738	1.11856	59.6429
738.2	1.06672	59.5565
738.4	1.06794	59.7552
738.6	1.00876	59.7989
738.8	1.19079	60.2015
739	1.03275	60.2069
739.2	1.00654	60.0063
739.4	1.20385	60.0881
739.6	1.232	60.1039
739.8	1.14155	60.052
740	1.09564	59.5979
740.2	1.01092	59.8152
740.4	1.17494	59.9768
740.6	1.08457	60.091
740.8	1.08119	59.7239
741	1.13091	59.4835
741.2	1.14182	59.779
741.4	1.05862	60.2494
741.6	1.13272	60.1606
741.8	1.12793	59.8027
742	1.14908	59.5017
742.2	1.09595	59.7078
742.4	1.15931	59.9406
742.6	1.08087	60.1399
742.8	1.0496	60.2029
743	1.10314	59.8288
743.2	1.07433	59.7636
743.4	1.05248	59.731
743.6	1.08333	59.9841
743.8	1.00661	60.3202
744	1.03135	60.1717
744.2	1.10278	60.1899
744.4	1.05591	60.4738
744.6	1.0932	60.7029
744.8	1.08606	60.955
745	1.07091	61.0061
745.2	1.13387	61.0909
745.4	1.1694	60.6946
745.6	1.02575	60.2912
745.8	1.19767	60.1025
746	1.16087	60.3652
746.2	1.12031	60.5467
746.4	1.11274	60.7277
746.6	1.10138	60.3862
746.8	1.11679	60.505
747	1.2355	60.8285
747.2	1.12227	60.6018
747.4	1.15282	60.4738
747.6	1.12683	60.0829
747.8	1.09357	60.4636
748	1.04729	60.4066
748.2	1.0634	60.3844
748.4	1.13451	60.0251
748.6	1.11119	60.5169
748.8	1.04365	60.2243
749	1.01295	60.4371
749.2	1.14	60.5659
749.4	1.07258	60.9685
749.6	1.214	60.6814
749.8	1.17315	60.2152
750	1.23498	59.9373
750.2	0.907413	59.9018
750.4	1.13811	60.298
750.6	1.03461	60.4447
750.8	1.11153	60.43
751	1.13771	60.5898
751.2	1.03419	60.7917
751.4	1.09982	60.79
751.6	1.08301	60.5664
751.8	1.05651	60.3499
752	1.15792	60.3466
752.2	1.09018	60.3392
752.4	1.13825	60.6177
752.6	1.20531	60.6985
752.8	1.00138	60.5773
753	1.13096	60.3414
753.2	1.09957	60.3843
753.4	1.15382	60.6933
753.6	1.23823	60.5114
753.8	1.16871	60.4286
754	1.14447	60.3787
754.2	1.02064	61.0125
754.4	1.04877	60.5443
754.6	1.14062	60.4448
754.8	1.12122	60.5746
755	1.25238	60.84
755.2	1.128	60.3253
755.4	1.12707	60.3827
755.6	1.27109	60.7206
755.8	1.12077	60.6495
756	1.09842	60.4324
756.2	1.06614	60.6078
756.4	1.04651	60.6463
756.6	1.17368	60.8239
756.8	1.09626	60.5995
757	1.12213	60.3631
757.2	1.20047	60.6038
757.4	1.0556	60.5396
757.6	1.12811	60.5234
757.8	1.18532	60.2942
758	1.25456	60.571
758.2	1.12651	60.8265
758.4	1.09688	60.978
758.6	1.04823	60.5614
758.8	1.02869	60.4719
759	1.08274	60.6815
759.2	1.07961	60.6271
759.4	1.03962	60.5454
759.6	1.10267	60.2837
759.8	0.987087	60.5028
760	0.993513	60.7077
760.2	1.08426	60.6753
760.4	1.17233	60.6279
760.6	1.15549	60.3842
760.8	1.02033	60.6641
761	1.0829	60.2943
761.2	1.10838	60.4294
761.4	1.08918	60.4917
761.6	1.07618	60.2244
761.8	1.03621	60.3833
762	1.07312	60.666
762.2	1.03155	60.9082
762.4	1.17137	60.619
762.6	1.07259	60.5582
762.8	1.16211	60.2579
763	1.12356	60.5761
763.2	1.12449	60.3793
763.4	1.09352	60.4913
763.6	1.09068	60.605
763.8	1.16461	60.7044
764	1.06313	60.6651
764.2	1.13211	60.6912
764.4	1.08421	60.4431
764.6	1.14723	60.3018
764.8	1.06791	60.4873
765	1.06498	60.9094
765.2	1.14941	61.0923
765.4	1.12696	60.8366
765.6	1.01985	60.2566
765.8	1.02569	60.6602
766	1.15779	60.6679
766.2	1.04829	60.5622
766.4	1.11267	60.302
766.6	1.05623	60.2225
766.8	1.2192	60.4039
767	1.11566	60.6136
767.2	1.01808	60.5522
767.4	1.12671	60.2735
767.6	0.987674	60.5477
767.8	1.02703	60.7094
768	1.09612	60.6703
768.2	0.976364	60.2977
768.4	1.11619	60.401
768.6	1.16027	60.5432
768.8	1.15535	60.9572
769	1.13793	60.6539
769.2	1.10808	60.6725
769.4	1.069	60.4256
769.6	1.03559	60.4693
769.8	1.10193	60.2771
770	1.08003	60.4006
770.2	1.0083	60.6953
770.4	1.01352	60.8154
770.6	1.19357	60.8498
770.8	1.1201	60.5385
771	1.17612	60.2023
771.2	1.0452	60.2548
771.4	1.04249	60.678
771.6	1.16563	60.4199
771.8	1.16285	60.4383
772	1.08023	60.5209
772.2	1.02804	60.8375
772.4	1.00659	60.5278
772.6	1.14513	60.3544
772.8	1.07538	60.4917
773	1.1198	60.1192
773.2	0.979111	60.2343
773.4	1.15009	60.6768
773.6	1.0918	60.5982
773.8	1.24243	60.8157
774	1.17158	60.5637
774.2	1.12192	60.2514
774.4	1.12753	60.6718
774.6	1.09303	60.7971
774.8	1.17597	60.816
775	1.14405	60.9953
775.2	1.14805	60.7712
775.4	1.17016	60.6407
775.6	1.12936	60.7777
775.8	1.09932	60.5959
776	1.16081	60.5089
776.2	1.18362	60.558
776.4	1.09719	60.7454
776.6	1.1592	60.8663
776.8	1.09334	61.1131
777	1.21389	60.9182
777.2	1.04126	60.8154
777.4	1.0626	60.6181
777.6	1.12384	60.6682
777.8	1.10153	60.755
778	1.08843	60.7585
778.2	1.24344	60.767
778.4	1.06023	60.8745
778.6	0.994191	60.9605
778.8	1.14556	60.8789
779	1.07588	60.6481
779.2	1.13747	60.7597
779.4	1.1101	60.8903
779.6	1.16551	60.826
779.8	1.11623	60.6428
780	1.21179	60.6655
780.2	1.1687	60.9366
780.4	1.03636	61.1763
780.6	1.06272	60.7406
780.8	1.17023	60.3655
781	1.15521	60.6998
781.2	1.10197	60.5334
781.4	1.15865	60.5399
781.6	1.10037	60.6465
781.8	1.07191	61.1085
782	1.11562	60.8203
782.2	1.16287	60.1574
782.4	1.08484	60.194
782.6	1.04313	60.5413
782.8	1.17417	60.6259
783	1.03814	60.7925
783.2	1.18831	60.995
783.4	1.09545	60.8808
783.6	1.15891	60.7033
783.8	1.0029	60.2288
784	1.14016	60.4635
784.2	1.11593	60.8903
784.4	1.08166	61.1379
784.6	1.01593	60.7283
784.8	1.09533	60.7784
785	1.1261	60.7044
785.2	1.10876	60.4661
785.4	1.16544	60.6489
785.6	1.08547	60.6902
785.8	1.13535	61.0692
786	1.05208	61.0583
786.2	1.13355	60.5454
786.4	1.05419	60.4108
786.6	1.01911	60.4843
786.8	1.03002	61.166
787	1.05619	60.9251
787.2	1.01657	60.3326
787.4	1.03918	60.2418
787.6	1.07748	60.6448
787.8	1.07585	60.8873
788	1.00814	60.6267
788.2	1.05483	61.0609
788.4	1.04173	60.8094
788.6	1.15511	60.914
788.8	1.19001	60.2927
789	1.09027	60.4941
789.2	1.10262	60.5288
789.4	1.092	60.9636
789.6	1.15257	60.9291
789.8	1.09466	61.0207
790	1.01319	60.8469
790.2	1.1726	60.6943
790.4	1.12663	60.5584
790.6	1.07034	60.7771
790.8	0.984908	60.8187
791	1.144	60.8041
791.2	1.05501	60.9774
791.4	1.16085	60.9487
791.6	1.13269	60.6154
791.8	1.05972	60.756
792	1.13501	60.8195
792.2	1.17955	60.5363
792.4	1.05631	60.2423
792.6	1.14322	60.3876
792.8	1.20682	61.142
793	1.07144	61.064
793.2	1.05989	60.5132
793.4	1.22846	60.3314
793.6	1.08745	60.8196
793.8	1.06105	60.8402
794	1.23487	60.6478
794.2	1.10488	60.6574
794.4	1.06672	60.7177
794.6	1.15184	60.6303
794.8	1.1653	60.5771
795	1.12353	60.4371
795.2	1.12432	60.7151
795.4	1.09095	60.5865
795.6	1.0346	60.6603
795.8	1.10768	60.4152
796	1.07676	60.4896
796.2	1.13121	61.0299
796.4	1.06282	60.7105
796.6	1.23845	60.3161
796.8	1.16033	60.1832
797	1.00663	60.1005
797.2	1.12791	60.4657
797.4	1.12925	60.6602
797.6	1.00516	60.8354
797.8	0.992825	60.6385
798	1.01452	60.6933
798.2	1.19082	60.625
798.4	1.14583	60.4854
798.6	1.00709	60.5074
798.8	1.04076	60.5273
799	1.16137	60.5486
799.2	1.12067	60.3145
799.4	1.22596	60.6323
799.6	1.11555	60.8433
799.8	1.04641	60.744
800	1.15246	60.4776
800.2	1.15777	60.538
800.4	1.11345	60.8758
800.6	1.14763	60.5488
800.8	1.02616	60.383
801	1.12563	60.5466
801.2	1.09052	60.4229
801.4	1.12608	60.3597
801.6	1.27553	60.5868
801.8	1.09202	60.6342
802	1.09058	60.3244
802.2	0.998498	60.4139
802.4	1.11587	60.7132
802.6	1.02413	60.5856
802.8	0.911287	60.5001
803	1.12561	60.2952
803.2	1.02528	60.3038
803.4	0.988079	60.0704
803.6	1.07186	60.2315
803.8	1.0089	60.1651
804	1.09357	60.3324
804.2	1.22345	60.3042
804.4	1.12738	60.3218
804.6	1.06474	60.4231
804.8	1.1529	60.977
805	1.05102	60.525
805.2	1.21409	60.151
805.4	1.07496	60.0764
805.6	1.13987	60.2115
805.8	1.15509	59.9171
806	1.00553	59.9679
806.2	1.10458	60.48
806.4	1.14056	60.478
806.6	1.06048	60.2842
806.8	1.09782	60.309
807	1.06606	60.0655
807.2	1.14472	60.423
807.4	1.11275	60.3919
807.6	0.981596	60.3455
807.8	1.20401	60.4064
808	1.01079	60.418
808.2	1.14693	60.5012
808.4	1.1424	60.23
808.6	1.10145	60.3288
808.8	1.18075	60.2704
809	1.06983	60.6335
809.2	1.09334	60.3266
809.4	1.08012	60.5353
809.6	1.042	60.4895
809.8	1.03942	60.6382
810	1.19463	60.5067
810.2	1.18348	60.5676
810.4	1.14696	60.5113
810.6	1.15936	60.5724
810.8	1.09911	60.5497
811	1.1179	60.7157
811.2	1.08253	60.8654
811.4	1.07678	60.8524
811.6	1.06853	60.3244
811.8	1.15299	60.3679
812	1.10186	60.1723
812.2	1.12139	60.5144
812.4	1.08964	60.811
812.6	1.13851	60.6144
812.8	1.1481	60.3865
813	1.14029	60.1937
813.2	1.04859	60.0725
813.4	1.09993	60.4843
813.6	1.10693	60.6668
813.8	0.991878	60.1314
814	1.20418	60.1833
814.2	1.06167	60.4143
814.4	1.06818	60.5097
814.6	1.14932	60.2721
814.8	1.07648	60.4417
815	1.0407	60.7665
815.2	1.1249	60.76
815.4	1.03173	60.5886
815.6	1.13061	60.8227
815.8	1.07104	61.2051
816	1.08726	60.7133
816.2	1.08367	60.6511
816.4	1.16787	60.752
816.6	1.08612	60.6991
816.8	1.18671	60.715
817	1.06831	60.5897
817.2	1.183	60.9495
817.4	1.05913	61.167
817.6	1.09554	60.8924
817.8	1.0357	60.7947
818	1.19139	60.6947
818.2	1.18275	60.9635
818.4	1.12905	60.5773
818.6	1.13726	60.6221
818.8	1.26742	61.0778
819	1.03012	61.1984
819.2	1.07013	61.1411
819.4	1.11023	61.0561
819.6	1.15236	61.1288
819.8	1.07911	61.1121
820	0.981149	60.6269
820.2	1.04467	60.6852
820.4	1.10216	60.9628
820.6	1.06337	60.9251
820.8	1.06999	60.8213
821	1.08682	60.8866
821.2	1.0828	61.0389
821.4	1.13332	61.0718
821.6	1.14627	61.0458
821.8	1.02468	60.7965
822	1.13237	60.8251
822.2	1.04291	60.7905
822.4	1.17538	60.6434
822.6	1.10154	60.9129
822.8	1.09969	61.0671
823	1.17877	61.079
823.2	1.10025	61.1109
823.4	1.12867	61.0741
823.6	1.23785	60.9728
823.8	1.07778	60.9529
824	1.17126	60.7135
824.2	1.09096	60.3743
824.4	1.11952	60.7413
824.6	1.03572	60.6398
824.8	1.0583	61.0361
825	1.05336	60.7723
825.2	1.01948	60.9489
825.4	1.19026	60.4889
825.6	1.07328	60.5803
825.8	1.17766	60.9467
826	1.07046	60.9035
826.2	1.08187	60.6946
826.4	1.12412	60.4978
826.6	1.17217	60.7571
826.8	1.18055	60.4437
827	1.25312	60.5272
827.2	1.08154	60.6949
827.4	1.19156	60.9217
827.6	1.1422	60.6733
827.8	1.15705	60.0738
828	1.20944	60.2751
828.2	1.20422	61.1955
828.4	1.00687	61.3635
828.6	1.0205	60.7234
828.8	1.08355	60.733
829	1.09602	60.7478
829.2	1.11298	61.19
829.4	1.14238	60.7684
829.6	1.0802	60.4697
829.8	1.18482	60.7451
830	1.03042	61.0094
830.2	1.24685	61.1984
830.4	1.11323	60.8812
830.6	1.21933	60.603
830.8	1.05364	60.8556
831	1.22789	61.0409
831.2	1.26689	60.8228
831.4	1.17401	60.733
831.6	1.03973	60.835
831.8	1.11988	60.7225
832	1.03915	60.8082
832.2	1.17091	60.57
832.4	1.17207	60.4816
832.6	1.03904	60.5376
832.8	1.06647	60.4955
833	1.0635	60.6953
833.2	1.21027	60.3018
833.4	1.05304	60.6841
833.6	1.16552	60.5934
833.8	1.16637	60.7658
834	1.03191	60.3925
834.2	1.16548	60.1291
834.4	1.07219	60.616
834.6	1.16295	61.0541
834.8	1.07018	60.8787
835	1.10707	60.6356
835.2	1.0562	60.8102
835.4	1.07742	61.1712
835.6	1.18692	60.8605
835.8	1.09044	60.7683
836	1.06795	60.715
836.2	1.12243	60.8551
836.4	1.05774	60.3418
836.6	1.07595	60.6147
836.8	1.10784	61.0076
837	1.17505	60.7727
837.2	1.00764	60.3544
837.4	1.17466	60.4942
837.6	1.05474	60.7643
837.8	1.12941	60.5263
838	0.959427	60.1256
838.2	1.1361	60.5381
838.4	1.05899	61.0588
838.6	0.986822	61.0822
838.8	1.12598	60.5822
839	1.08288	60.4195
839.2	1.19063	60.9132
839.4	0.948478	61.2528
839.6	1.13628	60.7632
839.8	1.1409	60.2014
840	1.16225	60.7871
840.2	1.08732	60.8801
840.4	1.11445	60.9412
840.6	1.06341	60.6579
840.8	0.918358	60.791
841	1.25125	61.1368
841.2	1.14835	61.0532
841.4	0.970715	60.4948
841.6	1.11066	60.7779
841.8	1.11676	60.9333
842	1.13976	60.6069
842.2	1.08695	60.7091
842.4	0.940937	60.8847
842.6	1.17619	60.9203
842.8	1.12356	60.6517
843	1.10686	60.5639
843.2	1.0847	60.7079
843.4	1.0936	60.6482
843.6	1.10399	60.6344
843.8	1.2268	60.7704
844	1.13987	61.0413
844.2	1.17944	61.2843
844.4	1.19485	61.0082
844.6	0.980408	60.7927
844.8	0.988634	60.7764
845	1.08819	60.9029
845.2	1.16379	60.7135
845.4	1.15143	60.5199
845.6	1.10463	60.7178
845.8	1.13673	61.0613
846	1.06258	61.0787
846.2	1.08725	61.017
846.4	0.988513	61.1437
846.6	1.11858	61.1401
846.8	1.19342	60.8439
847	1.15523	60.6371
847.2	1.02172	60.9271
847.4	1.07733	61.1128
847.6	1.0915	60.9471
847.8	1.01452	60.9366
848	1.07796	60.9737
848.2	1.0361	60.9053
848.4	1.19923	60.6565
848.6	1.01933	60.6418
848.8	1.08291	60.9039
849	1.23885	60.9708
849.2	1.15226	61.0256
849.4	1.02582	60.8592
849.6	1.0884	60.8148
849.8	1.05993	60.7952
850	1.07168	60.8975
850.2	1.05914	61.099
850.4	1.0398	60.9798
850.6	1.13284	60.8799
850.8	1.0275	61.0286
851	1.16396	61.1932
851.2	1.13608	61.5172
851.4	1.08294	61.2023
851.6	1.10883	60.9423
851.8	1.1462	60.8715
852	0.992534	60.9873
852.2	1.1682	60.741
852.4	1.10722	60.7853
852.6	1.0827	61.2395
852.8	1.04853	61.1738
853	1.06472	61.1956
853.2	1.04777	60.9655
853.4	1.0804	61.0725
853.6	1.0989	61.1022
853.8	1.15062	61.2002
854	1.11541	61.2307
854.2	1.03692	61.2225
854.4	1.15078	61.7061
854.6	1.07444	61.5096
854.8	1.17228	61.4735
855	1.15579	61.0306
855.2	1.15016	61.4325
855.4	1.07097	61.7187
855.6	1.13608	61.8972
855.8	1.1489	61.5982
856	1.1038	61.3905
856.2	1.08897	61.6069
856.4	1.2058	61.1926
856.6	1.06454	61.3252
856.8	1.03664	61.3691
857	1.09731	61.8781
857.2	1.02952	61.8761
857.4	0.962791	61.4929
857.6	1.00739	61.2455
857.8	1.01535	60.7528
858	1.09371	61.1963
858.2	1.20135	61.1483
858.4	1.02917	60.5435
858.6	1.2154	60.6093
858.8	1.08108	60.8119
859	1.04649	60.8425
859.2	1.06073	60.3227
859.4	1.10735	60.4142
859.6	1.18034	60.8763
859.8	1.11703	60.9789
860	1.16815	60.5071
860.2	1.00542	60.8928
860.4	0.969045	61.3283
860.6	1.18551	61.5232
860.8	1.04927	61.2946
861	1.08181	61.1713
861.2	1.06363	61.2436
861.4	1.04541	61.2457
861.6	1.15207	60.9852
861.8	1.12479	61.0498
862	1.12149	61.4367
862.2	1.18355	61.2642
862.4	1.09542	61.6154
862.6	1.09493	61.2202
862.8	1.05648	61.2589
863	1.10066	61.2148
863.2	1.07749	61.4272
863.4	1.11914	61.3466
863.6	1.13764	61.4301
863.8	1.10058	61.5938
864	1.10005	61.465
864.2	1.17294	61.2314
864.4	1.31283	61.0672
864.6	1.2234	61.1405
864.8	0.991642	61.2583
865	1.24805	61.2302
865.2	1.20808	61.1113
865.4	1.01657	61.4999
865.6	0.981178	61.8759
865.8	1.13756	61.4331
866	1.01392	60.8281
866.2	1.09	60.9765
866.4	1.22025	61.3816
866.6	1.01186	61.4901
866.8	1.12112	61.2014
867	1.13412	61.2136
867.2	1.10958	61.5514
867.4	1.10785	61.6319
867.6	1.04614	61.3304
867.8	1.03762	61.2636
868	1.00938	61.3948
868.2	1.07291	61.3819
868.4	1.11294	61.2648
868.6	1.24329	60.9398
868.8	1.09662	61.0516
869	1.08126	61.0642
869.2	1.1923	61.1108
869.4	1.10872	61.3483
869.6	1.1541	61.4141
869.8	1.00821	61.2
870	1.06561	61.4773
870.2	1.10207	61.0074
870.4	1.11481	60.9847
870.6	1.16255	61.257
870.8	1.2169	61.198
871	0.988229	61.2068
871.2	1.13938	61.14
871.4	1.07688	61.4236
871.6	0.990451	61.2282
871.8	1.01811	61.2158
872	1.0983	61.0119
872.2	1.14317	61.271
872.4	1.00692	61.5041
872.6	1.14106	60.9367
872.8	1.13757	61.1038
873	1.24247	61.5244
873.2	1.10093	61.493
873.4	1.22111	60.9244
873.6	1.21072	60.9253
873.8	1.06048	61.3374
874	1.00989	61.5298
874.2	1.05974	61.3155
874.4	1.14281	60.8348
874.6	1.03031	61.0885
874.8	1.06172	61.6711
875	1.1431	61.4185
875.2	1.03809	61.1956
875.4	1.04668	61.0676
875.6	1.02536	61.6848
875.8	1.14268	61.853
876	1.02188	61.5681
876.2	1.08823	61.2797
876.4	1.17915	61.3279
876.6	1.12628	61.2458
876.8	1.04661	61.3174
877	1.19249	61.4722
877.2	1.11095	61.3441
877.4	1.0224	61.2651
877.6	1.07744	61.3788
877.8	1.08215	61.6615
878	1.11153	61.5794
878.2	1.16144	61.3213
878.4	1.15233	61.2879
878.6	1.06141	61.4073
878.8	1.07102	61.1295
879	1.16194	60.9513
879.2	1.02814	61.1116
879.4	1.05815	61.4125
879.6	1.09285	61.5082
879.8	1.14591	61.3713
880	1.09563	61.3356
880.2	1.05711	61.4903
880.4	1.0628	61.2137
880.6	1.11431	61.3252
880.8	1.13448	61.2586
881	1.20005	61.3382
881.2	1.05265	61.2002
881.4	1.05059	61.3362
881.6	1.1772	61.704
881.8	1.10919	61.4276
882	0.981404	61.6266
882.2	1.21648	61.7423
882.4	1.098	61.5292
882.6	1.00515	61.3282
882.8	1.09169	60.8723
883	1.13297	61.3122
883.2	1.06653	61.3214
883.4	1.11905	60.8264
883.6	1.09768	61.2724
883.8	1.23319	61.2545
884	1.16186	61.494
884.2	1.18694	61.5476
884.4	1.19972	61.1046
884.6	1.15397	61.2606
884.8	1.09915	61.3943
885	1.13913	61.4497
885.2	1.1483	61.2545
885.4	1.05286	61.1898
885.6	1.13744	61.396
885.8	1.1235	61.4653
886	1.10168	61.3375
886.2	1.13793	61.554
886.4	1.12551	61.1449
886.6	1.10204	61.5301
886.8	1.09135	61.2784
887	1.14249	61.3051
887.2	1.11767	61.4932
887.4	1.23707	61.264
887.6	1.1461	61.0208
887.8	1.10579	61.0096
888	0.98593	61.1925
888.2	1.13387	61.1483
888.4	1.09427	61.0762
888.6	0.989604	61.2003
888.8	1.06246	61.6503
889	1.0752	61.2807
889.2	1.10749	61.5315
889.4	1.18708	61.5832
889.6	1.21077	61.2299
889.8	0.994461	60.8103
890	1.12475	61.0664
890.2	1.11331	61.5863
890.4	1.15529	61.6695
890.6	1.18618	61.1896
890.8	1.1054	60.7347
891	1.06259	61.129
891.2	1.16595	60.9778
891.4	1.19764	60.9031
891.6	1.16244	60.7148
891.8	1.06306	60.7173
892	1.11626	60.937
892.2	1.09987	61.1228
892.4	1.17984	61.1323
892.6	1.0781	61.4606
892.8	1.08601	61.6231
893	1.09156	61.4244
893.2	1.10466	61.0489
893.4	1.16656	60.8745
893.6	1.15969	61.2048
893.8	1.03821	61.3232
894	1.08283	61.0124
894.2	1.00451	61.1956
894.4	1.12746	61.5162
894.6	1.08084	61.1373
894.8	1.08246	60.6969
895	1.13454	60.8783
895.2	1.15459	61.2128
895.4	1.12207	61.1103
895.6	1.21285	61.075
895.8	1.14305	61.1608
896	1.02501	61.3191
896.2	1.20822	60.7711
896.4	1.01979	60.5929
896.6	1.26671	61.0817
896.8	1.05512	61.0784
897	1.07247	60.9397
897.2	1.04083	61.1137
897.4	1.007	61.0196
897.6	1.18206	61.0689
897.8	1.02497	60.991
898	1.13461	60.5939
898.2	0.984813	61.0575
898.4	1.15873	61.3955
898.6	0.987712	61.3128
898.8	1.08382	61.3004
899	1.01108	61.0344
899.2	1.20861	61.7864
899.4	1.04852	61.7909
899.6	1.11234	61.4218
899.8	1.04859	61.4226
900	1.06366	61.5424
900.2	1.21141	61.4505
900.4	1.11864	61.4993
900.6	1.23478	61.2554
900.8	1.10687	61.875
901	1.15554	61.7454
901.2	1.08154	61.4121
901.4	1.17058	61.561
901.6	1.18969	61.6364
901.8	1.13324	61.5361
902	1.08993	61.3778
902.2	1.12139	61.5226
902.4	1.04473	62.013
902.6	1.07487	62.0197
902.8	1.08444	61.3881
903	1.05008	61.4652
903.2	1.13342	61.5202
903.4	1.19486	61.6786
903.6	1.12881	61.3408
903.8	1.12446	61.3836
904	1.11506	61.5299
904.2	1.05213	61.7663
904.4	1.01874	61.8585
904.6	1.16067	61.7612
904.8	1.18711	61.6826
905	1.08956	61.7343
905.2	1.06325	61.7764
905.4	1.05696	61.7063
905.6	1.03263	61.4966
905.8	1.13019	61.5622
906	1.16104	61.9217
906.2	1.0814	61.7755
906.4	1.06278	61.5552
906.6	0.999581	61.2814
906.8	1.05374	61.9598
907	1.0488	61.9953
907.2	1.002	61.5544
907.4	1.09681	61.447
907.6	1.09798	61.6857
907.8	1.12173	61.6616
908	1.17049	61.4099
908.2	1.11525	61.3762
908.4	1.11698	62.0541
908.6	1.13641	61.8566
908.8	1.01336	61.5432
909	1.04939	61.2031
909.2	1.01758	61.1813
909.4	1.12889	61.646
909.6	1.04093	61.6858
909.8	1.12667	61.7083
910	1.1056	62.0102
910.2	1.06993	61.8956
910.4	1.16594	61.7492
910.6	1.0688	61.51
910.8	1.13935	61.3075
911	0.926422	61.5445
911.2	1.1035	61.7008
911.4	1.16171	61.4169
911.6	1.07797	61.4427
911.8	1.09783	61.9876
912	1.07768	62.0864
912.2	1.18413	61.6539
912.4	1.0577	61.5678
912.6	0.991587	61.2749
912.8	1.09636	61.471
913	1.02009	61.6709
913.2	0.999642	61.6103
913.4	1.06373	61.7571
913.6	1.19361	61.6915
913.8	1.14893	61.2313
914	1.11766	61.2938
914.2	1.21308	61.2898
914.4	1.10008	61.5025
914.6	1.13594	61.671
914.8	1.15144	61.6534
915	1.12992	61.7791
915.2	1.24307	61.6948
915.4	1.18043	61.9226
915.6	1.02844	61.906
915.8	1.20483	61.3938
916	1.19069	61.3353
916.2	1.06136	61.5185
916.4	1.05466	61.5101
916.6	1.17101	61.7324
916.8	1.02233	61.8309
917	1.10451	61.8571
917.2	1.18466	61.901
917.4	1.11842	61.8454
917.6	1.08747	61.5527
917.8	1.11255	61.5883
918	1.04409	61.2742
918.2	1.13588	61.4667
918.4	1.12128	61.5342
918.6	1.05225	61.6825
918.8	1.0918	61.9317
919	1.17326	61.4806
919.2	1.07233	61.5793
919.4	1.08791	61.6913
919.6	1.047	61.5485
919.8	1.07096	61.3278
920	1.07472	61.2407
920.2	1.08956	61.6786
920.4	1.02341	61.6003
920.6	1.12816	61.7631
920.8	1.02433	61.7217
921	0.993993	61.7622
921.2	1.116	61.7793
921.4	1.01743	61.4387
921.6	1.10902	61.6233
921.8	1.07845	61.7622
922	1.01983	61.8457
922.2	1.06403	61.7019
922.4	1.13449	61.8078
922.6	1.01514	61.8026
922.8	1.0463	61.7692
923	1.1584	61.5917
923.2	1.17695	61.6095
923.4	1.03537	61.4771
923.6	1.12573	62.0152
923.8	1.06876	61.751
924	1.15626	61.6378
924.2	1.22189	61.4486
924.4	1.07254	61.4968
924.6	1.09986	61.151
924.8	1.12707	61.042
925	1.19504	61.5605
925.2	1.0706	61.5795
925.4	1.19257	61.4929
925.6	1.28732	61.5098
925.8	1.08893	61.2861
926	1.15928	61.1353
926.2	1.07274	60.6869
926.4	1.06991	60.8881
926.6	1.10138	61.1816
926.8	1.0748	61.1316
927	1.18066	61.3636
927.2	1.106	61.3165
927.4	1.18955	61.5724
927.6	1.21313	61.3082
927.8	1.09747	60.9365
928	1.09817	61.0065
928.2	1.23501	61.04
928.4	1.12966	61.1686
928.6	1.20251	60.7918
928.8	1.13181	61.0367
929	1.11582	61.1545
929.2	1.05113	61.3033
929.4	1.12394	61.0421
929.6	1.11426	61.0452
929.8	1.15905	61.3871
930	1.13073	61.5692
930.2	1.19226	61.1798
930.4	1.10755	60.9107
930.6	1.12	60.5411
930.8	1.0781	60.8913
931	1.13186	60.5414
931.2	1.02171	60.5082
931.4	1.06025	60.9335
931.6	1.12504	61.21
931.8	1.02761	61.0838
932	1.09148	60.7157
932.2	1.09902	60.7462
932.4	1.17571	60.9882
932.6	1.1104	61.2093
932.8	1.11285	60.9911
933	1.08165	60.6002
933.2	1.13742	60.7059
933.4	1.09593	61.2389
933.6	1.16141	61.5797
933.8	1.11252	61.1198
934	1.1223	61.4179
934.2	1.08877	61.2813
934.4	1.06908	61.0549
934.6	1.13601	60.9537
934.8	1.07051	60.9441
935	1.16162	61.2249
935.2	1.2313	60.9353
935.4	1.17828	61.1251
935.6	0.998514	61.3661
935.8	1.16675	61.5134
936	1.03552	61.4706
936.2	1.07945	61.4367
936.4	1.10158	61.6433
936.6	1.21015	61.2339
936.8	1.05651	61.3371
937	1.18864	61.4844
937.2	1.13079	61.2236
937.4	1.03767	61.0146
937.6	1.09956	60.9997
937.8	1.05963	61.2618
938	1.0804	61.0633
938.2	1.05284	60.8549
938.4	1.17504	61.2394
938.6	1.03443	61.5254
938.8	1.03963	61.068
939	1.1124	61.0452
939.2	1.19349	61.3307
939.4	1.12006	61.3581
939.6	1.05088	61.4529
939.8	1.17101	61.2365
940	1.05897	61.3507
940.2	1.02401	61.3934
940.4	1.16706	61.5821
940.6	1.13917	61.3599
940.8	1.17502	61.2706
941	1.21469	61.4194
941.2	1.15642	61.338
941.4	1.15769	61.226
941.6	1.09168	61.2028
941.8	1.13831	61.64
942	1.11509	61.9276
942.2	1.05537	61.5211
942.4	1.1376	61.0968
942.6	1.19762	61.2895
942.8	0.996455	61.1478
943	1.01839	61.0532
943.2	0.930659	60.9607
943.4	1.10509	61.1772
943.6	1.07254	61.6352
943.8	1.11702	61.4469
944	1.09545	61.3403
944.2	1.14007	61.4389
944.4	1.15844	61.5687
944.6	1.16668	61.3684
944.8	1.13344	61.3146
945	1.1383	60.9753
945.2	1.1044	61.3117
945.4	1.178	61.4952
945.6	1.13592	61.4933
945.8	1.15612	61.5912
946	1.13716	61.6744
946.2	1.0049	61.3989
946.4	1.07608	61.4804
946.6	1.09097	61.5433
946.8	1.21205	61.4648
947	1.20347	61.5365
947.2	1.20243	61.6516
947.4	1.17188	61.2901
947.6	1.14299	61.4847
947.8	1.03504	61.6514
948	1.0576	61.6369
948.2	1.03713	61.2611
948.4	1.106	61.3644
948.6	1.14495	61.4687
948.8	1.13342	61.4792
949	1.09035	61.5579
949.2	1.12733	61.5057
949.4	1.12213	61.4556
949.6	1.01286	61.113
949.8	1.16855	60.8953
950	1.00928	60.9546
950.2	1.06912	61.2041
950.4	1.09081	61.3385
950.6	1.25982	61.1102
950.8	1.06207	61.1993
951	1.01376	61.0537
951.2	1.09178	60.7463
951.4	1.14168	60.9469
951.6	1.20256	60.5463
951.8	1.02842	60.2848
952	1.15089	60.4647
952.2	1.05624	60.8671
952.4	1.17704	60.7155
952.6	1.07144	60.6082
952.8	1.17126	60.9075
953	1.06785	60.9484
953.2	1.16087	61.0108
953.4	1.01503	60.762
953.6	1.08955	61.1645
953.8	1.13497	61.1577
954	1.17147	60.8351
954.2	1.07183	60.8946
954.4	0.974958	61.0575
954.6	1.1641	61.291
954.8	1.13729	61.1589
955	1.18566	61.1242
955.2	1.12957	60.7546
955.4	1.1413	60.9617
955.6	1.10492	61.0412
955.8	1.16088	61.0713
956	1.06623	60.835
956.2	1.06904	60.495
956.4	0.984716	60.9435
956.6	1.19472	61.0145
956.8	1.05435	61.3081
957	1.03655	61.4762
957.2	1.17472	61.47
957.4	1.11119	61.5643
957.6	0.986524	61.3385
957.8	1.18966	61.2934
958	1.18711	61.0806
958.2	1.14291	61.4665
958.4	1.12801	61.7107
958.6	1.25164	61.6262
958.8	0.999047	61.8725
959	1.09262	61.5542
959.2	1.0461	61.6437
959.4	1.12442	61.8738
959.6	1.27727	61.6926
959.8	1.13996	61.7038
960	1.0506	62.0138
960.2	1.09998	62.004
960.4	1.09001	62.2458
960.6	1.07928	62.1754
960.8	1.08344	62.2505
961	1.08803	62.0854
961.2	1.04818	61.7917
961.4	1.17719	62.1288
961.6	0.991501	62.1797
961.8	1.12203	61.7723
962	1.15336	61.9529
962.2	1.16714	62.2636
962.4	1.10911	62.2651
962.6	1.02418	62.1052
962.8	1.13591	61.9714
963	1.12957	61.9131
963.2	1.023	61.9368
963.4	1.14195	62.1697
963.6	0.978438	62.202
963.8	1.08658	62.1683
964	1.09844	62.1367
964.2	1.11254	62.0219
964.4	0.949992	61.724
964.6	1.07343	61.6983
964.8	1.11639	61.7332
965	1.07231	61.8121
965.2	1.20431	61.5286
965.4	1.12298	61.8849
965.6	1.17531	61.6538
965.8	1.21052	61.8857
966	1.11697	61.7366
966.2	1.13214	61.6371
966.4	1.12871	61.9087
966.6	1.11503	61.9801
966.8	1.15284	62.1694
967	1.05141	61.9519
967.2	1.09813	62.1263
967.4	1.10387	61.9049
967.6	1.0959	61.5856
967.8	1.10955	61.6408
968	1.08909	61.969
968.2	1.07585	61.5929
968.4	1.03924	61.7942
968.6	1.14942	61.963
968.8	1.11688	61.9348
969	1.18346	61.3052
969.2	1.0071	61.7379
969.4	1.14628	61.7761
969.6	1.09363	61.578
969.8	1.2778	61.5978
970	1.07684	61.8918
970.2	1.0198	61.6102
970.4	1.08556	61.3341
970.6	1.08718	61.681
970.8	1.11446	61.5636
971	1.01885	61.5777
971.2	1.10884	61.0346
971.4	1.0662	61.417
971.6	1.10616	61.5299
971.8	1.11578	61.7655
972	1.08521	61.4533
972.2	1.146	60.9939
972.4	1.16058	61.4633
972.6	1.08142	61.3893
972.8	1.1261	61.1406
973	1.17371	61.0558
973.2	1.11978	61.5985
973.4	1.07385	61.4654
973.6	1.15957	61.1885
973.8	1.04502	61.138
974	1.08562	61.2687
974.2	1.0802	61.2684
974.4	1.18347	61.1571
974.6	1.04019	61.4525
974.8	1.04887	61.3183
975	1.11686	60.8923
975.2	1.11351	60.801
975.4	1.08714	60.6612
975.6	1.10602	61.4753
975.8	1.08343	61.1902
976	1.13033	61.0193
976.2	1.09817	61.0181
976.4	1.06669	61.08
976.6	1.11311	61.2631
976.8	1.13886	61.3112
977	1.02775	61.0466
977.2	1.06533	60.8715
977.4	1.06388	61.0444
977.6	1.11113	61.4158
977.8	1.11326	61.5285
978	0.970801	61.5856
978.2	1.15299	61.6146
978.4	1.03951	61.6186
978.6	1.1302	61.4631
978.8	1.05208	61.3113
979	1.07191	61.2649
979.2	1.10371	61.4863
979.4	1.10754	61.5631
979.6	1.08056	61.7199
979.8	1.14349	61.7572
980	1.08102	61.4902
980.2	1.02939	61.3368
980.4	1.13345	61.3536
980.6	1.11498	61.7478
980.8	1.09442	62.1046
981	1.10232	61.9794
981.2	1.17339	61.9927
981.4	1.08841	61.8704
981.6	1.02806	62.0132
981.8	1.09321	61.8882
982	1.07082	61.9612
982.2	0.985796	61.8853
982.4	1.06481	62.0261
982.6	1.12776	61.9576
982.8	1.13165	61.9026
983	1.11585	62.391
983.2	1.18384	62.1661
983.4	1.12138	61.8871
983.6	1.10933	61.6704
983.8	1.1506	62.0032
984	1.17858	62.432
984.2	1.16241	62.5601
984.4	0.948601	62.5484
984.6	1.02143	62.34
984.8	1.05231	62.3135
985	1.13266	62.357
985.2	1.08625	62.091
985.4	1.09898	61.8315
985.6	1.06546	62.0315
985.8	1.0557	62.5876
986	1.10119	62.3686
986.2	1.07783	62.2141
986.4	1.189	62.4543
986.6	1.08392	62.4378
986.8	1.0959	62.1414
987	1.14908	62.1756
987.2	1.07378	62.1145
987.4	1.08444	62.3238
987.6	1.15676	62.3105
987.8	1.15795	62.4339
988	1.09245	62.1035
988.2	1.18842	62.5263
988.4	1.06119	62.6959
988.6	1.06051	62.8459
988.8	1.16355	62.6753
989	1.06371	62.2489
989.2	1.09754	62.3309
989.4	1.24935	62.9176
989.6	1.07125	62.7136
989.8	1.11357	62.9042
990	1.08559	62.9815
990.2	1.15846	63.0621
990.4	1.10154	62.8023
990.6	1.19005	62.2111
990.8	1.09723	62.4247
991	1.06296	63.0332
991.2	1.21403	62.8787
991.4	1.05036	62.4263
991.6	1.15598	62.3805
991.8	1.10452	62.7659
992	1.10888	62.852
992.2	0.985167	62.732
992.4	1.11113	62.8996
992.6	1.22011	62.9229
992.8	1.07577	62.3845
993	1.09083	62.1873
993.2	1.05584	62.575
993.4	1.13364	62.6055
993.6	1.18346	62.5443
993.8	1.11084	62.5388
994	1.08369	62.8896
994.2	1.17116	63.1514
994.4	1.1425	62.915
994.6	1.16307	62.7059
994.8	0.982739	62.6821
995	1.19997	62.5616
995.2	1.11759	62.5675
995.4	1.1147	62.2805
995.6	1.03555	62.0794
995.8	1.11914	62.2892
996	1.02439	62.8129
996.2	1.15833	62.8355
996.4	1.0569	62.9296
996.6	1.14087	62.9232
996.8	1.1276	63.066
997	1.02364	63.0662
997.2	1.0697	62.5295
997.4	1.09086	62.8814
997.6	1.06795	62.9411
997.8	1.18787	62.8429
998	1.08902	63.1651
998.2	1.19413	63.1316
998.4	1.05822	63.3276
998.6	1.02907	63.0835
998.8	1.04647	63.1129
999	1.10774	62.9324
999.2	1.01011	63.1413
999.4	1.17581	63.1333
999.6	1.10746	63.2653
999.8	1.13986	63.5083
1000	1.38065	63.4927
1000.2	1.13418	63.3528
1000.4	1.19422	62.8409
1000.6	1.16713	62.9965
1000.8	1.10686	62.991
1001	1.18397	63.3794
1001.2	1.10036	63.6801
1001.4	1.30022	63.775
1001.6	1.21499	63.8565
1001.8	1.23793	63.6495
1002	1.07242	63.3803
1002.2	1.33281	63.5719
1002.4	1.143	63.5704
1002.6	1.2729	63.4705
1002.8	1.1848	63.6086
1003	1.10321	63.7768
1003.2	1.27656	63.7022
1003.4	1.29363	63.7992
1003.6	1.27711	63.8535
1003.8	1.16438	64.0291
1004	1.19884	63.6787
1004.2	1.10967	63.8748
1004.4	1.28573	63.8303
1004.6	1.19324	63.7036
1004.8	1.08847	63.9745
1005	1.38413	64.1709
1005.2	1.16503	64.2438
1005.4	1.20748	63.8914
1005.6	1.3543	63.9248
1005.8	1.31218	63.8657
1006	1.29218	63.921
1006.2	1.22829	63.8617
1006.4	1.32636	64.0518
1006.6	1.17246	64.1983
1006.8	1.23823	64.2017
1007	1.20553	64.0783
1007.2	1.27294	63.9492
1007.4	1.2389	64.0748
1007.6	1.2261	63.8902
1007.8	1.3328	63.8468
1008	1.24972	64.1084
1008.2	1.27202	64.2829
1008.4	1.30578	63.9874
1008.6	1.27297	63.8399
1008.8	1.23116	63.9365
1009	1.28341	64.1358
1009.2	1.13855	63.7316
1009.4	1.24341	64.1016
1009.6	1.18781	64.1065
1009.8	1.23318	63.9068
1010	1.28878	63.9314
1010.2	1.29964	64.1181
1010.4	1.21642	63.8056
1010.6	1.30265	63.9571
1010.8	1.33466	63.8893
1011	1.21117	63.9678
1011.2	1.16805	63.6482
1011.4	1.23569	64.022
1011.6	1.36449	64.3534
1011.8	1.22378	64.0572
1012	1.32027	64.3062
1012.2	1.18098	64.17
1012.4	1.18344	64.1925
1012.6	1.18011	64.0501
1012.8	1.31576	63.8669
1013	1.26367	63.9815
1013.2	1.23654	63.9145
1013.4	1.19704	64.0663
1013.6	1.29357	63.9994
1013.8	1.18258	64.4393
1014	1.30455	64.2551
1014.2	1.29504	64.1675
1014.4	1.30849	64.2891
1014.6	1.24358	64.2268
1014.8	1.18573	64.2348
1015	1.14503	64.0714
1015.2	1.36448	64.247
1015.4	1.13582	63.9774
1015.6	1.22094	64.0436
1015.8	1.36116	63.8138
1016	1.20166	64.1144
1016.2	1.27875	63.9719
1016.4	1.19316	64.2119
1016.6	1.18073	64.4913
1016.8	1.31256	64.4109
1017	1.31013	64.2399
1017.2	1.17443	63.6496
1017.4	1.24699	64.0635
1017.6	1.27308	64.5168
1017.8	1.24795	64.4672
1018	1.29689	64.2037
1018.2	1.33179	63.9543
1018.4	1.31539	64.3848
1018.6	1.13337	64.3843
1018.8	1.26069	64.2654
1019	1.18661	63.7789
1019.2	1.39524	64.4842
1019.4	1.17928	64.7996
1019.6	1.24007	64.1972
1019.8	1.0899	63.9371
1020	1.19527	64.2557
1020.2	1.33134	64.3911
1020.4	1.25078	63.9321
1020.6	1.23231	63.8873
1020.8	1.09638	64.4873
1021	1.21024	64.1916
1021.2	1.22782	64.1012
1021.4	1.20332	63.8358
1021.6	1.27088	64.5763
1021.8	1.24797	64.1358
1022	1.24069	63.7725
1022.2	1.22933	63.8648
1022.4	1.25179	64.3418
1022.6	1.32026	64.3432
1022.8	1.20985	63.8874
1023	1.20886	63.9156
1023.2	1.39683	64.3594
1023.4	1.27323	64.5815
1023.6	1.21034	64.0187
1023.8	1.1515	64.0011
1024	1.24262	64.2173
1024.2	1.06652	64.5148
1024.4	1.30212	64.3143
1024.6	1.19382	64.1539
1024.8	1.18725	64.7191
1025	1.202	64.541
1025.2	1.33636	64.1667
1025.4	1.30823	63.8651
1025.6	1.25389	63.937
1025.8	1.18723	64.1991
1026	1.21733	63.6637
1026.2	1.21557	63.8822
1026.4	1.2088	64.5225
1026.6	1.30678	64.444
1026.8	1.31666	64.2526
1027	1.32904	64.0343
1027.2	1.25443	64.2208
1027.4	1.22887	64.2364
1027.6	1.31388	64.0314
1027.8	1.14513	64.1388
1028	1.27327	64.5935
1028.2	1.35441	64.184
1028.4	1.17558	63.9916
1028.6	1.25858	64.0205
1028.8	1.30185	64.3618
1029	1.16044	64.5619
1029.2	1.23288	64.0905
1029.4	1.23672	64.0937
1029.6	1.11279	63.9878
1029.8	1.21382	63.4568
1030	1.22736	63.5534
1030.2	1.35646	63.8083
1030.4	1.20497	64.2918
1030.6	1.14006	64.1537
1030.8	1.37784	63.7346
1031	1.31126	64.1725
1031.2	1.31543	64.2513
1031.4	1.33635	63.9754
1031.6	1.25649	63.7574
1031.8	1.19522	63.9221
1032	1.17509	64.1552
1032.2	1.26456	63.7444
1032.4	1.17024	63.5058
1032.6	1.29129	63.9629
1032.8	1.15447	64.0325
1033	1.26913	64.0304
1033.2	1.25015	63.8345
1033.4	1.1856	63.7768
1033.6	1.16585	64.0962
1033.8	1.34822	64.0647
1034	1.18901	64.1057
1034.2	1.1505	64.0498
1034.4	1.25634	64.3291
1034.6	1.20845	64.0549
1034.8	1.14112	63.96
1035	1.30333	63.9201
1035.2	1.17713	64.1282
1035.4	1.14144	63.9155
1035.6	1.07268	63.7661
1035.8	1.21985	63.7168
1036	1.22236	63.7547
1036.2	1.26088	63.7737
1036.4	1.31317	64.123
1036.6	1.42454	64.0247
1036.8	1.19722	64.1002
1037	1.17659	64.2704
1037.2	1.17682	64.0631
1037.4	1.3006	63.973
1037.6	1.1091	64.2893
1037.8	1.24801	64.2806
1038	1.14643	64.3791
1038.2	1.21719	64.1351
1038.4	1.19014	64.222
1038.6	1.17194	64.246
1038.8	1.21354	64.1233
1039	1.273	64.2231
1039.2	1.27181	64.2248
1039.4	1.1844	64.5423
1039.6	1.24649	64.3485
1039.8	1.1426	64.1408
1040	1.22781	64.0919
1040.2	1.18783	64.2183
1040.4	1.31604	64.261
1040.6	1.16225	64.3988
1040.8	1.28481	64.1702
1041	1.29554	64.1403
1041.2	1.14698	64.0445
1041.4	1.20241	64.0037
1041.6	1.26685	64.4664
1041.8	1.30372	64.1182
1042	1.22424	64.0332
1042.2	1.15145	64.133
1042.4	1.14741	64.1145
1042.6	1.33673	64.3294
1042.8	1.16017	64.4432
1043	1.31222	64.4542
1043.2	1.38845	64.8931
1043.4	1.19866	64.5026
1043.6	1.29082	64.0135
1043.8	1.24183	64.1938
1044	1.25358	64.4834
1044.2	1.09499	64.5411
1044.4	1.26626	64.4909
1044.6	1.1723	64.6053
1044.8	1.30743	64.7173
1045	1.14952	64.4459
1045.2	1.09104	64.7201
1045.4	1.15101	64.3571
1045.6	1.3207	64.6174
1045.8	1.20429	64.7309
1046	1.09511	64.7492
1046.2	1.26962	64.8081
1046.4	1.23543	64.5464
1046.6	1.29292	64.5999
1046.8	1.32658	64.5302
1047	1.11435	64.78
1047.2	1.36171	64.9991
1047.4	1.19378	65.2887
1047.6	1.20975	64.8479
1047.8	1.1071	64.8657
1048	1.11596	64.5726
1048.2	1.19146	64.3584
1048.4	1.28932	64.2574
1048.6	1.14137	64.6793
1048.8	1.19588	64.8353
1049	1.15043	64.8851
1049.2	1.33402	64.7183
1049.4	1.21258	64.7897
1049.6	1.24898	65.0242
1049.8	1.1149	65.1434
1050	1.17279	65.1633
1050.2	1.12423	64.7972
1050.4	1.24407	64.5633
1050.6	1.22155	65.0873
1050.8	1.32071	65.3126
1051	1.24555	64.9815
1051.2	1.16384	64.8893
1051.4	1.32414	65.1
1051.6	1.17648	65.0377
1051.8	1.1162	64.885
1052	1.22967	64.8049
1052.2	1.31159	64.9839
1052.4	1.15779	65.3002
1052.6	1.2052	65.1212
1052.8	1.18012	64.8106
1053	1.28714	64.779
1053.2	1.27038	65.1168
1053.4	1.19455	65.5005
1053.6	1.24504	65.4508
1053.8	1.16797	65.4533
1054	1.30112	65.0939
1054.2	1.23979	64.8905
1054.4	1.13526	64.9631
1054.6	1.15922	64.675
1054.8	1.31177	64.5057
1055	1.12727	64.8576
1055.2	1.17811	65.082
1055.4	1.23287	65.0579
1055.6	1.30524	64.6991
1055.8	1.20699	65.0724
1056	1.18515	65.2153
1056.2	1.23637	64.9242
1056.4	1.24857	64.9649
1056.6	1.29214	65.3321
1056.8	1.11774	65.392
1057	1.14064	64.9077
1057.2	1.32838	64.9445
1057.4	1.37204	64.963
1057.6	1.293	65.1981
1057.8	1.20425	65.2103
1058	1.16704	65.4205
1058.2	1.30518	65.5361
1058.4	1.21855	65.0079
1058.6	1.27967	65.2248
1058.8	1.1341	65.085
1059	1.18374	65.3037
1059.2	1.2651	65.4012
1059.4	1.24194	64.9193
1059.6	1.17353	65.0935
1059.8	1.23124	65.407
1060	1.18762	65.3695
1060.2	1.4402	65.393
1060.4	1.18654	65.3338
1060.6	1.21307	65.4846
1060.8	1.22678	65.4459
1061	1.16841	65.0997
1061.2	1.30441	65.2213
1061.4	1.14876	65.2934
1061.6	1.30259	65.4317
1061.8	1.24777	65.7353
1062	1.10969	65.2649
1062.2	1.29974	65.3459
1062.4	1.21474	64.8652
1062.6	1.28037	65.3725
1062.8	1.23769	65.5726
1063	1.09388	65.5428
1063.2	1.2011	65.1501
1063.4	1.22118	64.9599
1063.6	1.20817	65.2823
1063.8	1.36375	64.9041
1064	1.28701	64.9836
1064.2	1.36218	65.2894
1064.4	1.23182	65.4851
1064.6	1.21438	65.068
1064.8	1.16732	64.7155
1065	1.21298	64.9024
1065.2	1.19505	65.6431
1065.4	1.27958	65.6477
1065.6	1.24202	64.9923
1065.8	1.19987	65.2756
1066	1.17802	65.5816
1066.2	1.19402	65.6773
1066.4	1.3428	65.4079
1066.6	1.29141	65.1236
1066.8	1.23491	65.3451
1067	1.2533	65.3123
1067.2	1.20252	64.9369
1067.4	1.37875	65.216
1067.6	1.24868	65.3206
1067.8	1.1612	65.4398
1068	1.0432	65.6504
1068.2	1.2773	65.555
1068.4	1.30031	66.0203
1068.6	1.21809	65.8838
1068.8	1.33638	65.7408
1069	1.21566	65.7429
1069.2	1.16102	65.4341
1069.4	1.20121	65.2231
1069.6	1.24585	65.4163
1069.8	1.28015	65.5356
1070	1.2798	65.3908
1070.2	1.24823	65.5073
1070.4	1.1878	65.3515
1070.6	1.3013	65.7229
1070.8	1.28188	65.7385
1071	1.08025	65.4636
1071.2	1.18889	65.674
1071.4	1.19096	65.7196
1071.6	1.24744	65.717
1071.8	1.26885	65.4912
1072	1.26153	65.4884
1072.2	1.43199	65.5344
1072.4	1.22417	65.7545
1072.6	1.16515	65.7603
1072.8	1.15951	65.465
1073	1.28971	65.4381
1073.2	1.29428	65.3846
1073.4	1.15339	65.4417
1073.6	1.15118	65.8296
1073.8	1.19656	65.7134
1074	1.25896	65.8157
1074.2	1.1925	65.819
1074.4	1.19698	65.7268
1074.6	1.26559	65.4784
1074.8	1.35687	65.4768
1075	1.22438	65.5358
1075.2	1.13507	65.6142
1075.4	1.17725	65.7122
1075.6	1.32439	65.607
1075.8	1.28693	65.5959
1076	1.09686	65.8107
1076.2	1.19238	65.9137
1076.4	1.12605	65.644
1076.6	1.22725	65.4326
1076.8	1.29391	65.8365
1077	1.23283	65.5634
1077.2	1.12015	65.2847
1077.4	1.25391	65.2348
1077.6	1.25923	65.82
1077.8	1.25535	65.8692
1078	1.25359	65.5657
1078.2	1.24197	65.4462
1078.4	1.22751	65.8319
1078.6	1.28305	66.0217
1078.8	1.13099	65.8158
1079	1.33432	65.7942
1079.2	1.1796	65.8277
1079.4	1.21407	65.5241
1079.6	1.2217	65.2883
1079.8	1.3438	65.3961
1080	1.06811	65.779
1080.2	1.29436	65.5032
1080.4	1.34717	65.6166
1080.6	1.23009	65.8637
1080.8	1.20465	65.493
1081	1.28919	65.266
1081.2	1.19613	65.2863
1081.4	1.30764	65.5489
1081.6	1.23782	65.3199
1081.8	1.36082	65.136
1082	1.3228	65.3313
1082.2	1.09744	65.435
1082.4	1.18383	65.4278
1082.6	1.1991	65.2548
1082.8	1.22644	65.2586
1083	1.29312	65.1363
1083.2	1.16158	65.2201
1083.4	1.19965	64.9755
1083.6	1.29226	65.2669
1083.8	1.30169	65.0851
1084	1.17155	65.0187
1084.2	1.30866	65.4657
1084.4	1.30812	65.389
1084.6	1.36948	65.4088
1084.8	1.33478	64.9892
1085	1.169	65.5784
1085.2	1.22501	65.6363
1085.4	1.31082	65.5373
1085.6	1.20396	65.5962
1085.8	1.37209	65.2653
1086	1.33299	65.7179
1086.2	1.29811	65.6418
1086.4	1.35094	65.4784
1086.6	1.17101	65.1937
1086.8	1.27196	65.4997
1087	1.37301	65.3358
1087.2	1.37965	64.981
1087.4	1.21542	64.9601
1087.6	1.26327	65.182
1087.8	1.26887	65.4532
1088	1.26275	65.4131
1088.2	1.17342	65.4969
1088.4	1.22598	65.2714
1088.6	1.22878	65.3956
1088.8	1.1836	64.9981
1089	1.22254	65.0021
1089.2	1.14826	65.3057
1089.4	1.292	65.6777
1089.6	1.29746	65.8443
1089.8	1.1506	65.4969
1090	1.20862	65.807
1090.2	1.20236	65.4954
1090.4	1.14127	65.3598
1090.6	1.13292	65.4207
1090.8	1.21543	66.034
1091	1.21342	66.286
1091.2	1.35399	66.0627
1091.4	1.2728	66.376
1091.6	1.24248	66.0626
1091.8	1.16923	65.9257
1092	1.27359	65.7884
1092.2	1.208	66.1008
1092.4	1.35391	66.1205
1092.6	1.27958	65.4628
1092.8	1.24107	65.9207
1093	1.31969	66.0863
1093.2	1.28881	66.1456
1093.4	1.30829	66.1104
1093.6	1.07697	66.1336
1093.8	1.20304	65.9146
1094	1.21513	66.0599
1094.2	1.27498	65.954
1094.4	1.22109	65.9767
1094.6	1.35867	66.2094
1094.8	1.3297	65.9567
1095	1.1743	66.2063
1095.2	1.34273	66.2257
1095.4	1.23042	65.7275
1095.6	1.19869	66.1022
1095.8	1.23897	66.0207
1096	1.11348	66.0741
1096.2	1.1325	66.3308
1096.4	1.22902	66.4247
1096.6	1.14239	66.6385
1096.8	1.22925	65.97
1097	1.12577	65.6313
1097.2	1.30304	65.921
1097.4	1.28246	66.2264
1097.6	1.31805	65.9303
1097.8	1.25586	66.0919
1098	1.15205	65.8644
1098.2	1.27184	65.4831
1098.4	1.30257	65.8969
1098.6	1.23901	66.1405
1098.8	1.25753	66.6728
1099	1.12774	66.5823
1099.2	1.29215	66.4398
1099.4	1.21332	65.8414
1099.6	1.11473	65.7816
1099.8	1.1979	66.0577
1100	1.23491	65.9577
1100.2	1.35577	66.0912
1100.4	1.27363	66.4565
1100.6	1.16968	66.3337
1100.8	1.19291	66.0297
1101	1.33016	66.0067
1101.2	1.29027	66.1172
1101.4	1.18408	66.6682
1101.6	1.18428	66.5674
1101.8	1.2044	66.3432
1102	1.16077	66.0641
1102.2	1.323	66.2025
1102.4	1.23654	66.34
1102.6	1.28391	66.0479
1102.8	1.16968	66.2063
1103	1.16665	66.3024
1103.2	1.26891	66.6364
1103.4	1.29523	66.469
1103.6	1.33812	66.283
1103.8	1.20794	66.5482
1104	1.12043	66.2152
1104.2	1.18561	66.7397
1104.4	1.33085	66.541
1104.6	1.17488	66.6411
1104.8	1.1176	66.3587
1105	1.22362	66.3262
1105.2	1.21196	66.3887
1105.4	1.22158	66.1491
1105.6	1.24104	65.9732
1105.8	1.20889	65.9981
1106	1.27186	66.0954
1106.2	1.15313	66.0839
1106.4	1.19928	65.9774
1106.6	1.21311	65.9024
1106.8	1.4495	65.7826
1107	1.26274	66.212
1107.2	1.30053	65.5942
1107.4	1.09091	65.957
1107.6	1.30942	65.8744
1107.8	1.14315	65.903
1108	1.12407	65.9848
1108.2	1.28158	65.9691
1108.4	1.19535	66.108
1108.6	1.24597	66.2678
1108.8	1.31326	66.2113
1109	1.32622	66.098
1109.2	1.12139	66.0795
1109.4	1.31064	66.1897
1109.6	1.18555	65.9259
1109.8	1.27556	65.8219
1110	1.13326	65.6155
1110.2	1.23624	66.0185
1110.4	1.1912	66.312
1110.6	1.18604	66.0066
1110.8	1.27223	65.6546
1111	1.15989	66.1902
1111.2	1.10423	66.0012
1111.4	1.27861	66.6438
1111.6	1.2403	66.9573
1111.8	1.32854	66.1425
1112	1.31524	66.0421
1112.2	1.20825	65.9996
1112.4	1.2233	66.3877
1112.6	1.1942	66.0149
1112.8	1.18741	65.7528
1113	1.24737	66.0042
1113.2	1.1524	65.8473
1113.4	1.26578	65.9554
1113.6	1.29268	65.7635
1113.8	1.33763	65.8141
1114	1.17426	65.704
1114.2	1.26769	65.2797
1114.4	1.2653	65.5821
1114.6	1.16417	65.8058
1114.8	1.26837	65.7879
1115	1.21816	65.8469
1115.2	1.07785	65.3542
1115.4	1.21071	65.6759
1115.6	1.2561	65.9686
1115.8	1.23798	65.6864
1116	1.1429	65.6889
1116.2	1.20672	65.8579
1116.4	1.2685	65.8915
1116.6	1.29548	65.8366
1116.8	1.15967	65.665
1117	1.21352	65.7745
1117.2	1.39624	65.5896
1117.4	1.22035	65.6862
1117.6	1.16419	65.7031
1117.8	1.26336	65.7225
1118	1.30346	66.0542
1118.2	1.27325	66.1701
1118.4	1.20444	65.8773
1118.6	1.38527	65.9606
1118.8	1.35534	65.6439
1119	1.19207	65.6827
1119.2	1.21382	65.6662
1119.4	1.25347	65.7667
1119.6	1.2084	65.6982
1119.8	1.24919	65.6285
1120	1.22351	65.5806
1120.2	1.20312	65.9773
1120.4	1.22098	65.848
1120.6	1.24018	65.8725
1120.8	1.23984	65.8756
1121	1.22637	66.2051
1121.2	1.24719	65.8887
1121.4	1.3009	65.3747
1121.6	1.11971	65.3505
1121.8	1.23112	65.9448
1122	1.24774	65.9043
1122.2	1.21816	65.7342
1122.4	1.2306	66.0225
1122.6	1.33368	66.1007
1122.8	1.43806	65.9792
1123	1.2114	65.783
1123.2	1.29739	65.7783
1123.4	1.21812	65.7747
1123.6	1.29043	65.5403
1123.8	1.37395	65.7912
1124	1.16726	66.2823
1124.2	1.09443	65.9671
1124.4	1.30769	65.7317
1124.6	1.23015	65.6512
1124.8	1.26893	65.3545
1125	1.31036	65.8595
1125.2	1.21199	65.6808
1125.4	1.31319	66.1315
1125.6	1.22781	66.269
1125.8	1.20173	66.0686
1126	1.29314	65.5561
1126.2	1.27701	65.6169
1126.4	1.26562	65.5264
1126.6	1.27372	65.7028
1126.8	1.36419	65.5527
1127	1.17466	66.1329
1127.2	1.13863	66.238
1127.4	1.21581	66.0587
1127.6	1.33266	65.9665
1127.8	1.11743	66.0615
1128	1.31663	65.8584
1128.2	1.24848	65.9382
1128.4	1.30418	65.8414
1128.6	1.09745	66.2477
1128.8	1.2485	66.3656
1129	1.15696	65.6218
1129.2	1.10087	66.065
1129.4	1.19339	66.3664
1129.6	1.32455	66.2528
1129.8	1.19452	66.4984
1130	1.16907	66.3766
1130.2	1.24595	66.4916
1130.4	1.33664	66.47
1130.6	1.11893	66.3913
1130.8	1.16778	66.0843
1131	1.19311	65.7919
1131.2	1.22614	66.0209
1131.4	1.28029	66.2427
1131.6	1.23412	66.5983
1131.8	1.2982	65.9795
1132	1.16025	66.1971
1132.2	1.26436	66.1737
1132.4	1.17216	66.2668
1132.6	1.14721	66.1372
1132.8	1.23021	66.0861
1133	1.19863	66.434
1133.2	1.13435	66.4703
1133.4	1.13891	66.2248
1133.6	1.36992	66.2102
1133.8	1.20791	66.355
1134	1.19557	65.7157
1134.2	1.34192	65.9571
1134.4	1.2753	65.9679
1134.6	1.27281	66.246
1134.8	1.27918	66.4008
1135	1.18525	66.5458
1135.2	1.29874	66.3439
1135.4	1.28449	66.541
1135.6	1.20214	66.1369
1135.8	1.11838	66.2468
1136	1.23076	66.1968
1136.2	1.21066	66.0774
1136.4	1.28121	66.2122
1136.6	1.2009	66.5936
1136.8	1.30475	66.5877
1137	1.15161	66.4329
1137.2	1.25838	66.3828
1137.4	1.22092	66.2985
1137.6	1.32115	66.4631
1137.8	1.15819	66.5684
1138	1.09984	66.7188
1138.2	1.21368	66.3974
1138.4	1.21602	66.0587
1138.6	1.29936	66.3447
1138.8	1.36616	66.6618
1139	1.33505	66.8123
1139.2	1.26528	66.6129
1139.4	1.29821	66.9058
1139.6	1.17455	67.0169
1139.8	1.21517	66.9937
1140	1.2774	66.8548
1140.2	1.26918	66.6625
1140.4	1.15516	66.6876
1140.6	1.15513	66.6692
1140.8	1.21984	66.5069
1141	1.0908	66.1388
1141.2	1.28221	66.4087
1141.4	1.21373	66.4905
1141.6	1.23398	66.0928
1141.8	1.27574	66.2569
1142	1.25071	66.3603
1142.2	1.20739	66.4839
1142.4	1.24564	66.839
1142.6	1.17012	66.6567
1142.8	1.25318	66.2318
1143	1.23344	65.8219
1143.2	1.23501	66.2424
1143.4	1.25679	66.5502
1143.6	1.28673	66.1378
1143.8	1.22287	66.0255
1144	1.24708	66.8839
1144.2	1.21586	66.9046
1144.4	1.36498	66.8782
1144.6	1.232	66.4742
1144.8	1.19493	66.7249
1145	1.34874	66.6567
1145.2	1.27072	66.4711
1145.4	1.24492	66.5503
1145.6	1.35904	66.8861
1145.8	1.10666	67.561
1146	1.25618	67.2454
1146.2	1.19175	66.771
1146.4	1.33193	66.5602
1146.6	1.24941	66.7998
1146.8	1.14221	67.1218
1147	1.3367	66.9965
1147.2	1.20753	67.04
1147.4	1.12292	67.4428
1147.6	1.1571	67.6099
1147.8	1.19221	67.1544
1148	1.1538	66.7031
1148.2	1.21647	66.9543
1148.4	1.22893	67.1132
1148.6	1.31447	67.0122
1148.8	1.20508	67.3411
1149	1.18437	67.2481
1149.2	1.34792	67.2153
1149.4	1.30308	67.6042
1149.6	1.17165	67.1795
1149.8	1.27384	67.0461
1150	1.18358	67.1461
1150.2	1.35954	66.987
1150.4	1.33541	67.2334
1150.6	1.21201	67.1646
1150.8	1.23718	66.8959
1151	1.12664	66.7605
1151.2	1.30541	67.0803
1151.4	1.26603	67.0431
1151.6	1.15771	66.5695
1151.8	1.31887	66.6724
1152	1.23174	66.7999
1152.2	1.23363	67.0282
1152.4	1.08561	66.7154
1152.6	1.27597	66.9927
1152.8	1.27654	67.2988
1153	1.20574	67.2658
1153.2	1.14463	67.1438
1153.4	1.24671	66.6834
1153.6	1.23958	66.7447
1153.8	1.32587	67.046
1154	1.20021	66.6075
1154.2	1.27303	66.7362
1154.4	1.4077	66.7969
1154.6	1.36703	67.1273
1154.8	1.13436	66.6138
1155	1.1601	66.1403
1155.2	1.33358	66.0431
1155.4	1.22155	66.4852
1155.6	1.31702	66.6522
1155.8	1.32097	66.5989
1156	1.21058	66.8556
1156.2	1.31884	66.6517
1156.4	1.17657	66.7663
1156.6	1.28268	67.1593
1156.8	1.17748	66.8387
1157	1.27669	66.4387
1157.2	1.24864	66.5621
1157.4	1.17747	66.387
1157.6	1.15349	66.3711
1157.8	1.27895	66.702
1158	1.28313	66.8569
1158.2	1.27967	66.6649
1158.4	1.20123	66.2924
1158.6	1.1645	66.3343
1158.8	1.20629	67.1445
1159	1.30839	66.8707
1159.2	1.32306	66.7524
1159.4	1.23356	66.2627
1159.6	1.10416	66.6316
1159.8	1.28529	66.9257
1160	1.3281	66.7531
1160.2	1.15901	66.5062
1160.4	1.25926	66.9279
1160.6	1.15383	66.5084
1160.8	1.18617	66.6064
1161	1.18879	66.6362
1161.2	1.26398	66.4786
1161.4	1.39524	66.9712
1161.6	1.21783	66.8229
1161.8	1.34077	67.0712
1162	1.20794	67.0596
1162.2	1.30146	66.7613
1162.4	1.2321	67.0124
1162.6	1.19607	66.8718
1162.8	1.15178	66.8868
1163	1.27779	67.0047
1163.2	1.25717	67.2516
1163.4	1.27173	66.8071
1163.6	1.36391	66.8661
1163.8	1.20009	66.533
1164	1.15735	66.3869
1164.2	1.22966	66.791
1164.4	1.21464	66.7024
1164.6	1.16885	66.9455
1164.8	1.15107	66.7356
1165	1.28016	66.1617
1165.2	1.17861	66.1308
1165.4	1.25028	66.58
1165.6	1.14278	66.8749
1165.8	1.28159	66.6287
1166	1.13712	66.7853
1166.2	1.16995	66.0792
1166.4	1.2452	66.4792
1166.6	1.1974	66.822
1166.8	1.27081	66.8679
1167	1.22083	66.5063
1167.2	1.15687	66.4578
1167.4	1.26414	66.756
1167.6	1.23807	66.5059
1167.8	1.20838	66.1236
1168	1.24622	66.4508
1168.2	1.28538	67.0352
1168.4	1.13747	66.8078
1168.6	1.20676	66.4309
1168.8	1.31002	66.3951
1169	1.20786	66.4819
1169.2	1.23163	66.6273
1169.4	1.24643	66.4802
1169.6	1.28858	66.2305
1169.8	1.30381	66.3366
1170	1.16646	66.0717
1170.2	1.13563	66.1633
1170.4	1.21756	66.1371
1170.6	1.12033	66.0477
1170.8	1.28505	66.4567
1171	1.21357	66.3171
1171.2	1.34259	65.9954
1171.4	1.13575	65.9076
1171.6	1.3493	66.4061
1171.8	1.15121	66.6003
1172	1.22038	66.6434
1172.2	1.30869	66.529
1172.4	1.17461	66.4833
1172.6	1.18185	66.0351
1172.8	1.23645	65.9249
1173	1.12865	65.9076
1173.2	1.29057	66.5003
1173.4	1.25629	66.4119
1173.6	1.24382	66.5166
1173.8	1.18035	66.3572
1174	1.30829	66.3511
1174.2	1.2457	66.7454
1174.4	1.27658	66.507
1174.6	1.13901	66.5381
1174.8	1.13648	66.9571
1175	1.21606	66.8482
1175.2	1.24891	66.683
1175.4	1.06745	67.4377
1175.6	1.25504	67.005
1175.8	1.1615	67.0684
1176	1.26846	67.0084
1176.2	1.22591	67.0702
1176.4	1.16551	66.9607
1176.6	1.23421	66.6901
1176.8	1.21633	67.0613
1177	1.17903	66.8255
1177.2	1.31492	67.1687
1177.4	1.18436	67.2474
1177.6	1.17583	67.4934
1177.8	1.27604	67.497
1178	1.29524	67.2467
1178.2	1.30606	67.3907
1178.4	1.11465	67.3653
1178.6	1.21631	67.2086
1178.8	1.27682	67.3777
1179	1.23344	67.2332
1179.2	1.11751	67.3234
1179.4	1.28669	67.321
1179.6	1.08533	67.1109
1179.8	1.08802	67.4894
1180	1.24309	67.4266
1180.2	1.17963	66.9183
1180.4	1.19254	66.761
1180.6	1.31273	67.2357
1180.8	1.21424	67.5216
1181	1.21973	67.3813
1181.2	1.14863	67.3608
1181.4	1.24148	67.5511
1181.6	1.21327	67.6076
1181.8	1.24876	67.0475
1182	1.36131	66.9155
1182.2	1.28812	67.1738
1182.4	1.04457	67.2723
1182.6	1.27823	67.2648
1182.8	1.12091	67.3638
1183	1.25593	67.639
1183.2	1.18162	67.6866
1183.4	1.20966	67.5321
1183.6	1.34648	67.271
1183.8	1.27743	67.2107
1184	1.33053	67.4207
1184.2	1.34872	67.4166
1184.4	1.24207	67.0871
1184.6	1.322	67.1323
1184.8	1.37901	67.1547
1185	1.21003	67.3414
1185.2	1.30844	67.2012
1185.4	1.19983	66.9046
1185.6	1.22732	67.3551
1185.8	1.3217	67.3846
1186	1.23698	67.4769
1186.2	1.28739	67.1997
1186.4	1.30005	67.1153
1186.6	1.2264	67.0652
1186.8	1.2377	66.99
1187	1.16293	66.7531
1187.2	1.30202	67.1291
1187.4	1.17248	67.2965
1187.6	1.29219	67.5647
1187.8	1.33358	67.0284
1188	1.29874	66.6192
1188.2	1.15964	67.0368
1188.4	1.19044	67.0891
1188.6	1.29765	66.8047
1188.8	1.34441	66.8824
1189	1.32153	67.2752
1189.2	1.27141	67.2618
1189.4	1.17786	66.9971
1189.6	1.14308	66.4342
1189.8	1.23214	66.7118
1190	1.22871	67.2385
1190.2	1.29279	66.951
1190.4	1.21415	66.6936
1190.6	1.27206	66.9781
1190.8	1.21724	67.5933
1191	1.2179	67.4461
1191.2	1.13584	66.6216
1191.4	1.07716	67.041
1191.6	1.10688	67.098
1191.8	1.18222	67.0283
1192	1.21784	66.4645
1192.2	1.22635	66.8475
1192.4	1.34981	67.3213
1192.6	1.25197	67.5841
1192.8	1.16749	67.1361
1193	1.15014	67.3202
1193.2	1.21004	67.3128
1193.4	1.15897	67.1305
1193.6	1.2895	66.876
1193.8	1.26593	66.9069
1194	1.14025	67.1369
1194.2	1.28363	67.0212
1194.4	1.27541	67.1131
1194.6	1.20072	67.0081
1194.8	1.22599	66.8493
1195	1.15002	66.942
1195.2	1.1884	67.0702
1195.4	1.09209	67.3937
1195.6	1.27619	67.1144
1195.8	1.24426	67.1016
1196	1.17172	67.1834
1196.2	1.27348	67.0224
1196.4	1.31112	66.8645
1196.6	1.19529	67.0511
1196.8	1.28893	67.1482
1197	1.146	67.1183
1197.2	1.11191	66.8308
1197.4	1.16272	67.1117
1197.6	1.24023	67.2136
1197.8	1.19108	66.8101
1198	1.25812	67.0868
1198.2	1.20609	66.981
1198.4	1.29467	66.9572
1198.6	1.09693	67.0475
1198.8	1.32472	67.3072
1199	1.26084	67.113
1199.2	1.19449	66.9959
1199.4	1.2456	66.9787
1199.6	1.10305	66.874
1199.8	1.06467	66.4728
1200	1.27162	66.7364
1200.2	1.17853	66.6152
1200.4	1.22484	66.8185
1200.6	1.36102	66.7779
1200.8	1.21089	67.1954
1201	1.13233	67.1474
1201.2	1.20944	66.7699
1201.4	1.25203	67.1086
1201.6	1.16613	67.0321
1201.8	1.23647	67.1753
1202	1.32776	66.6329
1202.2	1.39752	66.7573
1202.4	1.13559	66.8455
1202.6	1.0422	67.0644
1202.8	1.30518	67.0387
1203	1.22818	67.2523
1203.2	1.42864	67.0704
1203.4	1.21815	67.1323
1203.6	1.30833	66.8715
1203.8	1.26254	66.8379
1204	1.21484	67.0246
1204.2	1.18914	67.5702
1204.4	1.27557	67.3941
1204.6	1.23128	67.2384
1204.8	1.23169	66.9968
1205	1.17796	67.0083
1205.2	1.11951	67.0867
1205.4	1.27366	66.9822
1205.6	1.21939	67.0954
1205.8	1.24506	67.2725
1206	1.09589	67.2351
1206.2	1.10592	66.9167
1206.4	1.23806	67.1236
1206.6	1.22124	66.9526
1206.8	1.17239	67.3925
1207	1.26446	67.1032
1207.2	1.25518	67.3232
1207.4	1.1232	67.2815
1207.6	1.18981	67.1795
1207.8	1.24036	67.2514
1208	1.19437	67.1524
1208.2	1.19733	67.5231
1208.4	1.20026	67.3853
1208.6	1.26066	67.0105
1208.8	1.19161	67.1237
1209	1.24676	67.2764
1209.2	1.24824	67.0568
1209.4	1.32417	66.8985
1209.6	1.12708	66.8025
1209.8	1.17315	67.3322
1210	1.21539	67.6489
1210.2	1.18022	67.3785
1210.4	1.18582	67.1687
1210.6	1.2727	66.9691
1210.8	1.26126	66.9742
1211	1.22249	67.4709
1211.2	1.20514	67.0108
1211.4	1.31057	66.9359
1211.6	1.27674	66.9524
1211.8	1.27627	67.4319
1212	1.08166	67.4894
1212.2	1.26985	67.4159
1212.4	1.23175	67.0428
1212.6	1.27755	67.376
1212.8	1.31543	66.9415
1213	1.16571	66.8833
1213.2	1.19631	66.9837
1213.4	1.19783	66.9419
1213.6	1.33173	67.4764
1213.8	1.09267	67.3535
1214	1.28443	66.849
1214.2	1.20248	67.3445
1214.4	1.25219	66.8286
1214.6	1.31135	67.2669
1214.8	1.26056	67.5706
1215	1.26426	66.9752
1215.2	1.32906	66.9265
1215.4	1.32564	66.9921
1215.6	1.05417	67.3805
1215.8	1.28494	67.497
1216	1.27877	67.1598
1216.2	1.13969	67.2967
1216.4	1.15266	67.0231
1216.6	1.26627	66.9502
1216.8	1.24414	66.7409
1217	1.24669	66.9997
1217.2	1.30726	66.9963
1217.4	1.22342	67.1826
1217.6	1.23865	66.8986
1217.8	1.15097	66.5169
1218	1.22654	66.7108
1218.2	1.1723	67.0286
1218.4	1.36625	67.2981
1218.6	1.17652	67.0886
1218.8	1.35964	66.8939
1219	1.27568	66.6196
1219.2	1.22652	66.9824
1219.4	1.26776	66.9393
1219.6	1.29786	67.0313
1219.8	1.28564	67.1246
1220	1.33173	67.1659
1220.2	1.21554	67.319
1220.4	1.20955	67.0722
1220.6	1.26843	66.7188
1220.8	1.15756	66.6898
1221	1.18603	66.7378
1221.2	1.18973	66.8454
1221.4	1.2773	67.2078
1221.6	1.22042	67.2474
1221.8	1.24286	67.2369
1222	1.28752	67.2622
1222.2	1.25764	67.5833
1222.4	1.21108	67.1698
1222.6	1.29768	66.7192
1222.8	1.21072	66.767
1223	1.26142	66.9719
1223.2	1.18398	67.0496
1223.4	1.24296	66.5576
1223.6	1.21247	66.64
1223.8	1.32595	66.7002
1224	1.35651	66.8385
1224.2	1.21898	66.6287
1224.4	1.27327	66.7748
1224.6	1.18047	66.8223
1224.8	1.33898	66.6128
1225	1.23543	67.0259
1225.2	1.15343	67.0117
1225.4	1.31223	67.1894
1225.6	1.10425	66.8192
1225.8	1.18307	66.4697
1226	1.16537	66.4601
1226.2	1.15681	66.8878
1226.4	1.24714	67.2359
1226.6	1.28621	66.9479
1226.8	1.29927	66.6597
1227	1.22414	67.0873
1227.2	1.11377	66.9339
1227.4	1.26253	66.9801
1227.6	1.34987	66.8112
1227.8	1.1901	66.9935
1228	1.33161	67.0187
1228.2	1.28736	67.1457
1228.4	1.21819	66.8836
1228.6	1.23802	66.7192
1228.8	1.18586	66.9182
1229	1.19492	66.6485
1229.2	1.26683	66.6683
1229.4	1.22231	67.3106
1229.6	1.19383	67.0588
1229.8	1.23484	67.0958
1230	1.17563	66.7494
1230.2	1.27887	66.8669
1230.4	1.31927	66.7268
1230.6	1.23145	66.8716
1230.8	1.3242	66.9005
1231	1.25285	66.857
1231.2	1.21707	66.8102
1231.4	1.14098	67.1116
1231.6	1.3678	67.0443
1231.8	1.22657	66.9736
1232	1.18009	67.0321
1232.2	1.17448	67.0054
1232.4	1.21702	67.153
1232.6	1.26154	66.8881
1232.8	1.29606	66.7239
1233	1.21769	66.9231
1233.2	1.21721	66.9918
1233.4	1.09759	66.647
1233.6	1.23807	66.8347
1233.8	1.28967	66.9537
1234	1.20343	66.6072
1234.2	1.25286	66.7113
1234.4	1.29937	66.7781
1234.6	1.26152	67.1
1234.8	1.28302	66.5371
1235	1.23298	66.4957
1235.2	1.16379	66.2409
1235.4	1.27598	66.3987
1235.6	1.20904	66.7161
1235.8	1.212	66.2817
1236	1.38852	66.6801
1236.2	1.31685	66.4521
1236.4	1.30639	66.6069
1236.6	1.28526	66.4062
1236.8	1.30711	66.2647
1237	1.22926	66.623
1237.2	1.24693	66.8177
1237.4	1.32813	66.4101
1237.6	1.2977	66.5671
1237.8	1.29518	66.6755
1238	1.33032	66.4952
1238.2	1.16199	66.6618
1238.4	1.2069	66.5716
1238.6	1.19145	66.7318
1238.8	1.36281	66.3895
1239	1.25418	65.7815
1239.2	1.15454	65.8863
1239.4	1.24024	66.0215
1239.6	1.35338	66.2168
1239.8	1.19512	66.0764
1240	1.20799	66.2501
1240.2	1.13378	66.5389
1240.4	1.23507	66.7786
1240.6	1.30911	66.9825
1240.8	1.17502	66.6998
1241	1.23867	66.6528
1241.2	1.23244	66.4853
1241.4	1.3276	66.5982
1241.6	1.2538	66.9902
1241.8	1.30506	66.9001
1242	1.28993	66.8944
1242.2	1.20807	67.0077
1242.4	1.32522	66.7023
1242.6	1.23644	66.7108
1242.8	1.28944	66.6677
1243	1.24325	66.7189
1243.2	1.27442	66.5267
1243.4	1.32638	66.6811
1243.6	1.3001	66.6677
1243.8	1.22112	66.7561
1244	1.1637	66.7684
1244.2	1.1567	66.6898
1244.4	1.18288	66.7195
1244.6	1.15169	66.6524
1244.8	1.10715	66.2893
1245	1.16812	66.4951
1245.2	1.24791	66.7705
1245.4	1.23931	66.6541
1245.6	1.3011	66.3688
1245.8	1.28557	66.5915
1246	1.08996	67.0448
1246.2	1.1591	66.9905
1246.4	1.25361	66.4164
1246.6	1.37152	66.3416
1246.8	1.18696	66.9448
1247	1.22708	66.9937
1247.2	1.19786	66.8318
1247.4	1.15164	66.4321
1247.6	1.23791	66.8834
1247.8	1.25297	66.6613
1248	1.22971	66.3808
1248.2	1.1923	66.0982
1248.4	1.31234	66.4026
1248.6	1.20286	66.6438
1248.8	1.2273	66.4196
1249	1.28281	66.4378
1249.2	1.29312	66.5341
1249.4	1.26149	67.0484
1249.6	1.23561	66.753
1249.8	1.10418	66.7287
1250	1.1485	66.6376
1250.2	1.18483	67.1085
1250.4	1.20305	67.0529
1250.6	1.19481	67.327
1250.8	1.26458	66.7074
1251	1.31817	66.7251
1251.2	1.20146	66.8961
1251.4	1.24387	66.5862
1251.6	1.39204	66.7992
1251.8	1.1982	67.0828
1252	1.25875	66.8738
1252.2	1.27626	66.8675
1252.4	1.07907	66.6668
1252.6	1.34495	66.5184
1252.8	1.2883	66.8576
1253	1.19499	67.0936
1253.2	1.22891	67.0927
1253.4	1.25959	66.7204
1253.6	1.2638	66.5339
1253.8	1.2345	66.5478
1254	1.25443	66.4341
1254.2	1.30698	66.8006
1254.4	1.1896	66.9169
1254.6	1.17511	67.1713
1254.8	1.33025	66.9673
1255	1.25365	66.5692
1255.2	1.37278	66.5113
1255.4	1.28476	66.5576
1255.6	1.2407	66.8275
1255.8	1.37273	66.8675
1256	1.23769	66.6764
1256.2	1.30304	66.6646
1256.4	1.23391	66.532
1256.6	1.19575	66.6474
1256.8	1.22964	66.8369
1257	1.22355	66.8462
1257.2	1.1856	66.5521
1257.4	1.23706	66.2681
1257.6	1.23089	66.7683
1257.8	1.26609	66.8058
1258	1.15523	66.6634
1258.2	1.11966	66.454
1258.4	1.24691	66.477
1258.6	1.14196	66.7348
1258.8	1.24631	66.8489
1259	1.17523	66.4133
1259.2	1.24801	66.3329
1259.4	1.10697	66.3026
1259.6	1.17403	66.6985
1259.8	1.25031	66.4949
1260	1.33955	66.6251
1260.2	1.30038	66.676
1260.4	1.23692	66.5033
1260.6	1.19497	66.2238
1260.8	1.17384	66.3676
1261	1.24612	66.5288
1261.2	1.24721	66.4642
1261.4	1.17963	66.469
1261.6	1.18659	66.2429
1261.8	1.12629	66.5838
1262	1.1275	66.5688
1262.2	1.04338	66.6614
1262.4	1.3596	66.8046
1262.6	1.21597	66.7782
1262.8	1.27434	66.4346
1263	1.36575	66.3978
1263.2	1.17791	66.4685
1263.4	1.18543	66.5179
1263.6	1.10613	66.1624
1263.8	1.2158	66.2581
1264	1.27366	66.7287
1264.2	1.2801	66.6973
1264.4	1.26519	66.4567
1264.6	1.2684	66.3505
1264.8	1.22694	66.406
1265	1.23685	66.5765
1265.2	1.11555	66.5016
1265.4	1.24254	66.7108
1265.6	1.22166	66.6912
1265.8	1.37103	66.4851
1266	1.29892	66.4811
1266.2	1.1924	66.7198
1266.4	1.19564	66.5912
1266.6	1.34348	66.5054
1266.8	1.2641	66.133
1267	1.33488	66.3552
1267.2	1.26754	66.5507
1267.4	1.16935	66.7719
1267.6	1.13953	67.0347
1267.8	1.2978	66.6214
1268	1.22518	66.408
1268.2	1.25302	66.5855
1268.4	1.09327	66.6229
1268.6	1.22047	66.7467
1268.8	1.20822	66.63
1269	1.19816	66.9516
1269.2	1.37902	66.4673
1269.4	1.18828	66.5198
1269.6	1.20112	66.7854
1269.8	1.23106	66.6544
1270	1.2019	66.3378
1270.2	1.31122	66.0914
1270.4	1.1876	66.5109
1270.6	1.1305	66.8355
1270.8	1.25794	66.4082
1271	1.36557	66.2198
1271.2	1.32378	66.4639
1271.4	1.29473	66.2182
1271.6	1.11849	66.3055
1271.8	1.16998	66.4689
1272	1.23179	66.7262
1272.2	1.14352	66.7753
1272.4	1.19017	66.8974
1272.6	1.20608	66.6775
1272.8	1.24089	67.0877
1273	1.26186	66.8047
1273.2	1.27284	66.4315
1273.4	1.11826	66.235
1273.6	1.24465	66.609
1273.8	1.15807	66.9865
1274	1.26221	67.0061
1274.2	1.13459	67.1823
1274.4	1.18622	66.7696
1274.6	1.45512	66.7607
1274.8	1.30446	66.6434
1275	1.12132	66.3544
1275.2	1.2582	66.4943
1275.4	1.31548	66.7801
1275.6	1.175	67.5092
1275.8	1.14826	67.2288
1276	1.29255	66.7276
1276.2	1.06046	67.0082
1276.4	1.24061	67.2411
1276.6	1.19756	67.3364
1276.8	1.19336	67.3308
1277	1.27185	67.1336
1277.2	1.14784	67.2851
1277.4	1.23423	67.0246
1277.6	1.31437	67.0458
1277.8	1.26027	67.1369
1278	1.2087	67.4545
1278.2	1.2603	67.4729
1278.4	1.22383	67.3611
1278.6	1.1565	67.5922
1278.8	1.31909	67.0453
1279	1.19087	67.0287
1279.2	1.16022	67.2313
1279.4	1.24654	67.144
1279.6	1.28635	67.152
1279.8	1.25187	66.978
1280	1.22906	67.1496
1280.2	1.35675	67.0378
1280.4	1.13972	67.4961
1280.6	1.29601	67.1246
1280.8	1.07299	67.0838
1281	1.15929	67.3201
1281.2	1.25239	67.1374
1281.4	1.32569	67.2479
1281.6	1.17697	67.2381
1281.8	1.19744	66.9488
1282	1.18495	67.4098
1282.2	1.33941	67.5049
1282.4	1.31821	67.3333
1282.6	1.31665	67.1459
1282.8	1.22022	67.3096
1283	1.21276	67.1441
1283.2	1.17766	66.9451
1283.4	1.28059	67.1095
1283.6	1.20948	67.4689
1283.8	1.13327	67.2145
1284	1.26088	67.5584
1284.2	1.24251	67.343
1284.4	1.25126	67.1319
1284.6	1.2691	67.1878
1284.8	1.10274	67.0805
1285	1.2645	67.2392
1285.2	1.13361	67.5217
1285.4	1.31568	67.4868
1285.6	1.25964	67.6677
1285.8	1.31186	67.793
1286	1.20122	67.1818
1286.2	1.14724	67.1725
1286.4	1.31202	67.0665
1286.6	1.19369	67.6147
1286.8	1.22592	67.4935
1287	1.34216	67.354
1287.2	1.2051	67.3807
1287.4	1.13615	67.7741
1287.6	1.2114	67.9725
1287.8	1.20296	67.3842
1288	1.09551	67.095
1288.2	1.32683	67.129
1288.4	1.16859	67.4704
1288.6	1.31704	67.4704
1288.8	1.19627	67.4627
1289	1.12912	67.5261
1289.2	1.30018	67.5414
1289.4	1.21668	67.0901
1289.6	1.27862	67.066
1289.8	1.25454	67.428
1290	1.19747	67.4964
1290.2	1.23664	67.614
1290.4	1.2061	67.6395
1290.6	1.21265	67.1085
1290.8	1.18154	67.0748
1291	1.39312	67.3956
1291.2	1.19307	67.5622
1291.4	1.20942	67.7203
1291.6	1.21527	67.4157
1291.8	1.22156	67.3476
1292	1.08999	67.311
1292.2	1.21153	67.0496
1292.4	1.31903	67.3928
1292.6	1.17541	67.539
1292.8	1.11828	67.8401
1293	1.29781	67.4136
1293.2	1.14523	66.9792
1293.4	1.18227	67.0321
1293.6	1.09759	67.0714
1293.8	1.28063	67.4326
1294	1.28353	67.1525
1294.2	1.23679	67.3013
1294.4	1.26079	67.3035
1294.6	1.13945	67.2978
1294.8	1.24344	67.5096
1295	1.22018	67.5052
1295.2	1.26607	67.3006
1295.4	1.27773	67.2089
1295.6	1.26465	67.7773
1295.8	1.16527	67.7406
1296	1.18234	67.0836
1296.2	1.15473	67.1053
1296.4	1.23159	67.4601
1296.6	1.20168	67.4074
1296.8	1.31941	67.3705
1297	1.3873	67.5365
1297.2	1.25882	67.5834
1297.4	1.28333	67.448
1297.6	1.12813	67.4124
1297.8	1.19618	67.3032
1298	1.16508	67.5042
1298.2	1.18879	67.5876
1298.4	1.23679	67.1818
1298.6	1.23153	67.6099
1298.8	1.2836	67.9295
1299	1.21265	67.2534
1299.2	1.14203	67.0146
1299.4	1.07996	67.1203
1299.6	1.20483	67.3677
1299.8	1.33712	67.4993
1300	1.19298	67.5746
1300.2	1.3521	67.7758
1300.4	1.15027	67.7705
1300.6	1.24961	67.7798
1300.8	1.28177	67.5104
1301	1.09487	67.2702
1301.2	1.27495	67.0239
1301.4	1.16466	67.4406
1301.6	1.39826	67.6558
1301.8	1.33001	67.3336
1302	1.18421	67.8151
1302.2	1.33344	67.2627
1302.4	1.2633	67.5798
1302.6	1.36425	67.5277
1302.8	1.31437	67.4874
1303	1.2293	67.6711
1303.2	1.22727	67.5812
1303.4	1.35299	67.3542
1303.6	1.31118	67.1786
1303.8	1.23596	67.2023
1304	1.31278	67.3741
1304.2	1.24726	67.502
1304.4	1.16613	67.4715
1304.6	1.12591	67.4111
1304.8	1.19571	67.415
1305	1.23226	67.3925
1305.2	1.13492	67.5205
1305.4	1.26904	67.0651
1305.6	1.21062	67.1954
1305.8	1.17645	67.4686
1306	1.17721	67.1456
1306.2	1.30388	67.0083
1306.4	1.18792	67.3942
1306.6	1.25003	67.7666
1306.8	1.28975	67.3398
1307	1.27724	67.3218
1307.2	1.19847	67.1104
1307.4	1.15915	67.493
1307.6	1.08366	67.0887
1307.8	1.10465	67.2997
1308	1.23942	67.5401
1308.2	1.28239	67.9126
1308.4	1.20418	67.415
1308.6	1.21578	67.6765
1308.8	1.27767	67.5122
1309	1.11011	67.0343
1309.2	1.19542	66.9749
1309.4	1.29237	67.2884
1309.6	1.28068	67.3659
1309.8	1.42635	67.169
1310	1.3143	67.3301
1310.2	1.30499	67.5772
1310.4	1.34927	67.6073
1310.6	1.19364	67.5947
1310.8	1.17336	67.1632
1311	1.38189	67.0742
1311.2	1.258	67.2322
1311.4	1.1979	67.3019
1311.6	1.35973	67.8272
1311.8	1.21071	67.3989
1312	1.20737	67.5156
1312.2	1.33841	67.5301
1312.4	1.14657	67.3525
1312.6	1.11023	66.822
1312.8	1.22784	67.2001
1313	1.18577	67.263
1313.2	1.45411	67.2724
1313.4	1.28515	67.339
1313.6	1.38759	67.5393
1313.8	1.13323	67.5276
1314	1.25168	67.4475
1314.2	1.30815	67.3625
1314.4	1.24274	67.5215
1314.6	1.28101	67.9387
1314.8	1.14817	67.8783
1315	1.23581	67.5216
1315.2	1.14987	67.1361
1315.4	1.33317	67.2902
1315.6	1.17519	67.6111
1315.8	1.25768	67.6619
1316	1.23683	67.5651
1316.2	1.31376	67.2351
1316.4	1.23169	67.5429
1316.6	1.35348	67.4761
1316.8	1.25052	67.5858
1317	1.31527	67.2848
1317.2	1.12882	67.6626
1317.4	1.31795	67.4451
1317.6	1.25074	67.5639
1317.8	1.20036	67.2596
1318	1.12833	67.4597
1318.2	1.1617	67.3914
1318.4	1.23643	67.7429
1318.6	1.22216	67.4089
1318.8	1.40612	67.2974
1319	1.23989	67.4032
1319.2	1.27167	67.5987
1319.4	1.13281	66.8409
1319.6	1.1638	67.1986
1319.8	1.13201	67.5883
1320	1.21731	67.7539
1320.2	1.25744	67.7349
1320.4	1.28498	67.5045
1320.6	1.12758	67.606
1320.8	1.26909	67.0172
1321	1.2446	67.2584
1321.2	1.19587	67.2175
1321.4	1.13976	67.2541
1321.6	1.14325	67.2521
1321.8	1.28006	66.9071
1322	1.36057	67.1585
1322.2	1.14325	67.4705
1322.4	1.24978	67.926
1322.6	1.28981	67.4823
1322.8	1.2718	67.1875
1323	1.20867	67.5116
1323.2	1.28117	67.2451
1323.4	1.31843	67.1658
1323.6	1.39101	67.5253
1323.8	1.25658	67.385
1324	1.28568	67.3261
1324.2	1.20278	67.2348
1324.4	1.33392	67.2411
1324.6	1.26737	66.9603
1324.8	1.31889	67.3129
1325	1.23716	67.217
1325.2	1.25532	67.3735
1325.4	1.23229	67.4076
1325.6	1.20422	67.4547
1325.8	1.22114	67.6117
1326	1.29544	67.2524
1326.2	1.26403	67.4576
1326.4	1.26201	67.3468
1326.6	1.09375	66.9752
1326.8	1.17737	67.0327
1327	1.26139	67.2965
1327.2	1.34805	67.7284
1327.4	1.14505	67.4208
1327.6	1.27849	67.2856
1327.8	1.11436	67.1713
1328	1.14545	67.4503
1328.2	1.23586	67.3837
1328.4	1.24275	67.2708
1328.6	1.35284	67.4268
1328.8	1.28482	67.3666
1329	1.19372	67.6711
1329.2	1.16745	67.0769
1329.4	1.13655	67.1718
1329.6	1.15411	67.0331
1329.8	1.09632	67.4253
1330	1.15299	67.3301
1330.2	1.30506	66.824
1330.4	1.18577	66.8625
1330.6	1.29915	66.9896
1330.8	1.29025	67.2548
1331	1.24796	67.1624
1331.2	1.22391	67.0153
1331.4	1.10998	67.4721
1331.6	1.14203	67.5068
1331.8	1.2528	67.1048
1332	1.27109	67.2166
1332.2	1.13741	67.4691
1332.4	1.10511	67.4857
1332.6	1.12294	67.3842
1332.8	1.35098	67.4277
1333	1.236	67.3976
1333.2	1.27208	67.6712
1333.4	1.1175	67.6235
1333.6	1.21461	67.3574
1333.8	1.1624	67.3562
1334	1.16557	67.5868
1334.2	1.34432	67.9846
1334.4	1.22544	67.4132
1334.6	1.26017	67.2349
1334.8	1.24992	67.4038
1335	1.26965	67.8636
1335.2	1.21064	67.8415
1335.4	1.21224	67.2976
1335.6	1.32564	67.7285
1335.8	1.26071	68.0381
1336	1.3898	67.8409
1336.2	1.22484	67.4671
1336.4	1.2597	67.6705
1336.6	1.15791	68.0074
1336.8	1.31335	67.5899
1337	1.25341	67.3032
1337.2	1.27276	67.2458
1337.4	1.2746	67.7873
1337.6	1.28122	67.796
1337.8	1.27953	67.6102
1338	1.29348	67.5617
1338.2	1.18659	67.951
1338.4	1.2254	67.6442
1338.6	1.18528	67.656
1338.8	1.27184	67.6184
1339	1.21422	67.7055
1339.2	1.32313	67.8541
1339.4	1.1113	67.8845
1339.6	1.23789	67.9085
1339.8	1.31554	67.9333
1340	1.20583	67.6046
1340.2	1.2239	67.7727
1340.4	1.23818	67.7983
1340.6	1.41882	67.9306
1340.8	1.29407	68.0431
1341	1.2643	67.7781
1341.2	1.30551	67.8562
1341.4	1.22801	67.5323
1341.6	1.29956	67.972
1341.8	1.18619	68.1445
1342	1.34431	67.6359
1342.2	1.28363	67.6025
1342.4	1.37015	67.7481
1342.6	1.30408	67.9842
1342.8	1.21049	67.7717
1343	1.13308	67.8536
1343.2	1.28495	67.6798
1343.4	1.39233	67.847
1343.6	1.10361	67.7414
1343.8	1.17201	67.4868
1344	1.26664	67.6308
1344.2	1.33569	67.9115
1344.4	1.34733	67.8334
1344.6	1.26166	67.5857
1344.8	1.33563	67.5123
1345	1.14834	67.5168
1345.2	1.23425	67.5894
1345.4	1.31557	67.3779
1345.6	1.16503	67.4884
1345.8	1.28612	67.6473
1346	1.11344	67.3452
1346.2	1.15335	67.2915
1346.4	1.21243	67.3657
1346.6	1.2409	67.3781
1346.8	1.13303	67.8289
1347	1.15904	67.7613
1347.2	1.07604	67.8647
1347.4	1.16884	67.5961
1347.6	1.21959	67.6923
1347.8	1.14616	67.4191
1348	1.08086	67.5198
1348.2	1.33896	67.7252
1348.4	1.28103	67.6832
1348.6	1.22382	67.7156
1348.8	1.11962	67.823
1349	1.21331	67.6527
1349.2	1.19363	67.398
1349.4	1.30057	67.6285
1349.6	1.34484	67.6983
1349.8	1.1488	67.5691
1350	1.22211	67.6456
1350.2	1.33134	67.7121
1350.4	1.21477	67.807
1350.6	1.38539	67.8922
1350.8	1.182	67.6722
1351	1.37888	67.223
1351.2	1.22044	67.4632
1351.4	1.29567	67.7616
1351.6	1.324	67.6932
1351.8	1.29795	68.0402
1352	1.13482	67.8417
1352.2	1.23036	67.9473
1352.4	1.19373	67.8906
1352.6	1.30137	67.3583
1352.8	1.3636	67.3699
1353	1.44619	67.4717
1353.2	1.24167	68.0482
1353.4	1.25337	68.0474
1353.6	1.27283	67.8056
1353.8	1.1983	68.1154
1354	1.19693	67.8153
1354.2	1.18228	67.9794
1354.4	1.24936	67.7952
1354.6	1.20364	67.7011
1354.8	1.30573	67.5068
1355	1.24718	67.7326
1355.2	1.19562	67.7866
1355.4	1.32349	68.0249
1355.6	1.34227	67.8869
1355.8	1.2557	68.2785
1356	1.38224	67.9847
1356.2	1.329	67.8535
1356.4	1.27304	67.687
1356.6	1.33179	67.6043
1356.8	1.24178	67.5589
1357	1.1395	67.8432
1357.2	1.21842	67.9003
1357.4	1.33802	68.413
1357.6	1.18096	67.8567
1357.8	1.21021	67.7757
1358	1.23671	67.9188
1358.2	1.20438	67.7857
1358.4	1.262	67.733
1358.6	1.21784	67.4021
1358.8	1.30955	67.5133
1359	1.15549	67.7619
1359.2	1.20248	68.0669
1359.4	1.34467	67.8328
1359.6	1.28036	67.8969
1359.8	1.22779	67.875
1360	1.20992	67.6651
1360.2	1.25745	67.6224
1360.4	1.28985	67.7649
1360.6	1.42761	67.8843
1360.8	1.34211	67.5565
1361	1.32587	67.8042
1361.2	1.28226	67.9212
1361.4	1.25831	67.7477
1361.6	1.2075	67.6076
1361.8	1.06893	67.5253
1362	1.2541	68.0341
1362.2	1.17857	68.0333
1362.4	1.23122	67.8225
1362.6	1.30907	67.5842
1362.8	1.15805	67.9068
1363	1.20883	67.6424
1363.2	1.14578	67.3894
1363.4	1.3438	67.6301
1363.6	1.26319	68.0792
1363.8	1.209	67.9162
1364	1.2185	67.6317
1364.2	1.18693	67.8493
1364.4	1.22534	68.1466
1364.6	1.11069	68.287
1364.8	1.13899	67.9557
1365	1.21824	67.5078
1365.2	1.1546	67.4555
1365.4	1.25301	67.9692
1365.6	1.20215	68.0924
1365.8	1.16735	67.9727
1366	1.29915	68.0232
1366.2	1.20732	68.1927
1366.4	1.267	67.859
1366.6	1.31794	67.5793
1366.8	1.14411	67.692
1367	1.11893	68.2598
1367.2	1.26735	68.1582
1367.4	1.1759	67.8518
1367.6	1.30411	67.9779
1367.8	1.2871	67.9122
1368	1.16131	67.8634
1368.2	1.21223	67.7779
1368.4	1.20007	68.2655
1368.6	1.19132	68.0246
1368.8	1.15607	68.0538
1369	1.18164	68.2304
1369.2	1.24372	67.8638
1369.4	1.23221	68.1257
1369.6	1.22668	68.1447
1369.8	1.21708	68.2641
1370	1.06981	68.5476
1370.2	1.2435	68.1352
1370.4	1.17554	67.8518
1370.6	1.26353	68.1739
1370.8	1.27819	68.238
1371	1.21523	68.1881
1371.2	1.14136	67.9278
1371.4	1.28721	68.3606
1371.6	1.12675	68.33
1371.8	1.16385	68.1835
1372	1.34855	68.0425
1372.2	1.28207	68.0288
1372.4	1.19777	68.024
1372.6	1.26748	68.1195
1372.8	1.30033	68.3268
1373	1.27113	68.2941
1373.2	1.3115	68.2861
1373.4	1.2732	68.6431
1373.6	1.3084	68.1342
1373.8	1.15339	68.5531
1374	1.19966	68.5859
1374.2	1.2361	68.4455
1374.4	1.20941	68.3429
1374.6	1.2233	68.5264
1374.8	1.33381	68.5525
1375	1.23546	68.3245
1375.2	1.155	68.2378
1375.4	1.1566	68.5864
1375.6	1.03608	68.61
1375.8	1.235	68.2987
1376	1.18563	68.0645
1376.2	1.23328	68.5395
1376.4	1.16206	68.4724
1376.6	1.22573	68.9543
1376.8	1.21522	68.325
1377	1.1863	67.8366
1377.2	1.27437	67.9021
1377.4	1.31806	68.3347
1377.6	1.05705	68.259
1377.8	1.29562	68.5069
1378	1.23184	68.6097
1378.2	1.21541	68.8599
1378.4	1.31935	68.9447
1378.6	1.28869	68.3465
1378.8	1.21669	68.4171
1379	1.16872	68.8665
1379.2	1.23511	68.6561
1379.4	1.26092	68.5981
1379.6	1.19601	68.5664
1379.8	1.22429	68.5665
1380	1.22659	68.3449
1380.2	1.19582	68.1853
1380.4	1.23057	67.8929
1380.6	1.22749	68.2785
1380.8	1.33802	68.4494
1381	1.14788	68.5201
1381.2	1.25548	68.6025
1381.4	1.36327	68.3575
1381.6	1.14881	68.6285
1381.8	1.14537	68.8448
1382	1.23108	68.4835
1382.2	1.271	68.1798
1382.4	1.2834	68.3461
1382.6	1.24975	68.2818
1382.8	1.24482	68.5034
1383	1.17414	68.4456
1383.2	1.36717	68.1827
1383.4	1.2838	68.229
1383.6	1.24749	68.6176
1383.8	1.32435	68.4612
1384	1.21006	68.8757
1384.2	1.19236	68.7256
1384.4	1.22819	68.573
1384.6	1.28232	68.2397
1384.8	1.27838	68.3417
1385	1.29528	68.3352
1385.2	1.1998	68.3415
1385.4	1.17035	68.2667
1385.6	1.22187	68.6353
1385.8	1.21748	68.7035
1386	1.17956	69.0663
1386.2	1.21394	68.4694
1386.4	1.29546	68.5374
1386.6	1.18163	68.515
1386.8	1.21317	68.5028
1387	1.22764	68.4754
1387.2	1.11721	68.4449
1387.4	1.07294	68.2597
1387.6	1.31856	68.4752
1387.8	1.29667	68.4382
1388	1.31071	68.8592
1388.2	1.20347	68.8568
1388.4	1.14655	68.825
1388.6	1.24971	68.606
1388.8	1.14092	68.5747
1389	1.33937	68.7044
1389.2	1.28974	68.7147
1389.4	1.19092	68.5711
1389.6	1.22486	68.5721
1389.8	1.33109	68.48
1390	1.20502	68.5703
1390.2	1.20745	68.4574
1390.4	1.26047	68.233
1390.6	1.18102	68.5464
1390.8	1.20449	68.634
1391	1.19802	68.363
1391.2	1.36318	68.4646
1391.4	1.27533	68.6783
1391.6	1.3336	68.86
1391.8	1.16835	68.6653
1392	1.21659	68.352
1392.2	1.26475	68.3094
1392.4	1.16686	68.3125
1392.6	1.19111	68.1019
1392.8	1.24089	68.0337
1393	1.29462	68.2871
1393.2	1.21128	68.3458
1393.4	1.13569	68.7832
1393.6	1.20107	68.4023
1393.8	1.14595	68.6133
1394	1.25065	68.7796
1394.2	1.25946	68.735
1394.4	1.29627	68.7127
1394.6	1.12278	68.5205
1394.8	1.24049	68.1259
1395	1.22193	68.0652
1395.2	1.24601	68.3894
1395.4	1.25274	68.6005
1395.6	1.25483	68.9752
1395.8	1.24168	69.0937
1396	1.40075	68.6736
1396.2	1.25235	68.2534
1396.4	1.16364	68.0856
1396.6	1.20303	68.3783
1396.8	1.11489	68.6965
1397	1.22046	68.7532
1397.2	1.09545	68.9346
1397.4	1.27728	68.3126
1397.6	1.32975	68.4956
1397.8	1.16041	68.658
1398	1.10791	68.575
1398.2	1.31053	68.2393
1398.4	1.2286	68.7694
1398.6	1.22251	68.8802
1398.8	1.17492	68.6757
1399	1.20258	68.4297
1399.2	1.19699	68.559
1399.4	1.30367	68.6
1399.6	1.1648	68.7667
1399.8	1.1789	68.5884
1400	1.29927	68.5399
1400.2	1.21451	68.7018
1400.4	1.29202	68.4812
1400.6	1.16174	68.2046
1400.8	1.31661	68.5206
1401	1.24474	68.7391
1401.2	1.341	68.4064
1401.4	1.27805	68.5425
1401.6	1.21919	68.3821
1401.8	1.30126	68.555
1402	1.25723	68.3039
1402.2	1.25447	68.5271
1402.4	1.09212	68.672
1402.6	1.23322	68.3973
1402.8	1.23036	68.2859
1403	1.15015	68.5195
1403.2	1.14333	68.2362
1403.4	1.27402	68.2185
1403.6	1.30486	68.158
1403.8	1.24902	68.3806
1404	1.17878	68.1608
1404.2	1.1979	68.3485
1404.4	1.24748	68.4288
1404.6	1.30929	68.0423
1404.8	1.26289	68.2929
1405	1.26132	68.3008
1405.2	1.11735	68.5379
1405.4	1.32506	68.2974
1405.6	1.27725	68.6734
1405.8	1.30775	68.5632
1406	1.28435	68.5884
1406.2	1.22941	68.3799
1406.4	1.18263	68.3823
1406.6	1.32815	68.1087
1406.8	1.13771	68.3785
1407	1.205	68.3306
1407.2	1.19776	68.4083
1407.4	1.19832	68.6666
1407.6	1.3624	68.5442
1407.8	1.30471	68.3514
1408	1.22608	68.3781
1408.2	1.11603	67.9653
1408.4	1.15712	68.3807
1408.6	1.24897	68.78
1408.8	1.35854	68.5764
1409	1.12363	68.5876
1409.2	1.2061	68.723
1409.4	1.28688	68.7743
1409.6	1.28329	68.7744
1409.8	1.23871	68.9543
1410	1.3475	69.019
1410.2	1.1941	68.3504
1410.4	1.35635	68.7934
1410.6	1.23274	68.9158
1410.8	1.28466	68.6893
1411	1.40508	68.6005
1411.2	1.19204	68.6074
1411.4	1.19122	69.1276
1411.6	1.22718	69.3064
1411.8	1.26297	69.0651
1412	1.22803	68.9278
1412.2	1.151	68.875
1412.4	1.2393	68.9528
1412.6	1.17135	68.9534
1412.8	1.24932	68.6464
1413	1.21123	69.0591
1413.2	1.3343	69.2598
1413.4	1.26489	69.45
1413.6	1.18863	68.961
1413.8	1.10871	69.1797
1414	1.28797	69.2504
1414.2	1.2768	69.3981
1414.4	1.25354	68.8153
1414.6	1.18153	68.9559
1414.8	1.24439	68.8083
1415	1.15274	68.8795
1415.2	1.1442	69.0796
1415.4	1.01678	69.1796
1415.6	1.10081	68.7659
1415.8	1.15424	68.9492
1416	1.24538	68.9563
1416.2	1.08926	69.2577
1416.4	1.14513	69.2404
1416.6	1.27241	69.0087
1416.8	1.2497	69.1228
1417	1.08474	68.8723
1417.2	1.09969	68.8492
1417.4	1.16727	68.8267
1417.6	1.2104	69.1352
1417.8	1.25889	69.3809
1418	1.25139	69.3302
1418.2	1.23528	69.3804
1418.4	1.14843	69.3759
1418.6	1.22112	69.5612
1418.8	1.35081	69.1606
1419	1.10806	68.8462
1419.2	1.21664	69.3359
1419.4	1.27991	69.0316
1419.6	1.1535	69.3884
1419.8	1.17612	69.1982
1420	1.23258	69.1334
1420.2	1.26799	69.7097
1420.4	1.23034	69.1197
1420.6	1.32715	68.9146
1420.8	1.2075	69.0342
1421	1.24653	68.8509
1421.2	1.29216	69.3799
1421.4	1.22149	68.8943
1421.6	1.07003	69.1353
1421.8	1.33995	69.1394
1422	1.2953	69.1652
1422.2	1.15118	68.9019
1422.4	1.222	68.5516
1422.6	1.27219	69.205
1422.8	1.31446	69.4874
1423	1.06212	69.4488
1423.2	1.22939	69.3986
1423.4	1.18236	68.7482
1423.6	1.23987	69.056
1423.8	1.32148	69.3667
1424	1.27197	69.461
1424.2	1.31808	69.3033
1424.4	1.11425	69.2735
1424.6	1.2965	68.8191
1424.8	1.12446	68.958
1425	1.1798	68.994
1425.2	1.29805	69.1678
1425.4	1.26116	69.4162
1425.6	1.25727	69.4014
1425.8	1.33208	69.2298
1426	1.14449	69.4242
1426.2	1.2686	69.3465
1426.4	1.28067	69.0553
1426.6	1.23103	68.5682
1426.8	1.25994	69.2741
1427	1.23713	69.2965
1427.2	1.2669	69.5806
1427.4	1.17714	69.3766
1427.6	1.36027	68.7746
1427.8	1.31813	68.8535
1428	1.2906	69.2857
1428.2	1.17234	69.2824
1428.4	1.2854	69.2382
1428.6	1.16446	69.4437
1428.8	1.24543	69.1472
1429	1.28528	69.3554
1429.2	1.32585	69.0246
1429.4	1.21182	68.8439
1429.6	1.24608	69.4913
1429.8	1.22594	69.4608
1430	1.28374	69.1852
1430.2	1.32764	69.5152
1430.4	1.2219	69.2893
1430.6	1.23709	69.2706
1430.8	1.41442	68.9763
1431	1.13297	69.0011
1431.2	1.31654	69.0393
1431.4	1.33179	69.0479
1431.6	1.29167	69.3305
1431.8	1.20292	69.7978
1432	1.12792	69.8149
1432.2	1.2866	69.2292
1432.4	1.30401	68.9343
1432.6	1.31705	69.0902
1432.8	1.1195	69.2659
1433	1.20681	69.2544
1433.2	1.22318	69.3404
1433.4	1.17807	69.6582
1433.6	1.18067	69.4711
1433.8	1.33596	69.1186
1434	1.16781	68.8502
1434.2	1.14523	69.0978
1434.4	1.1744	69.412
1434.6	1.27765	69.2336
1434.8	1.15691	69.62
1435	1.20352	69.6802
1435.2	1.4188	69.3744
1435.4	1.21421	69.1954
1435.6	1.22636	69.28
1435.8	1.22214	69.3624
1436	1.38845	69.2152
1436.2	1.37081	68.8578
1436.4	1.20829	69.3332
1436.6	1.21215	69.3887
1436.8	1.24441	69.1413
1437	1.08502	69.347
1437.2	1.21004	69.0165
1437.4	1.25907	69.4379
1437.6	1.30163	69.7302
1437.8	1.37543	69.0395
1438	1.33207	69.1489
1438.2	1.29435	69.4442
1438.4	1.20554	69.5643
1438.6	1.26062	69.4725
1438.8	1.35995	69.2394
1439	1.28751	69.4574
1439.2	1.16803	69.1188
1439.4	1.29858	69.0627
1439.6	1.18817	69.1786
1439.8	1.18449	69.0625
1440	1.18229	68.9947
1440.2	1.19506	68.9962
1440.4	1.05294	68.6329
1440.6	1.24819	68.8473
1440.8	1.2077	69.1289
1441	1.23699	68.735
1441.2	1.15767	69.2054
1441.4	1.28505	69.2823
1441.6	1.31478	69.2341
1441.8	1.34392	69.563
1442	1.32483	69.1867
1442.2	1.38649	68.927
1442.4	1.19951	69.1399
1442.6	1.24641	69.4683
1442.8	1.19691	69.052
1443	1.2806	69.1556
1443.2	1.18595	69.3983
1443.4	1.2217	69.4465
1443.6	1.34792	69.5211
1443.8	1.18655	69.3278
1444	1.22104	69.3403
1444.2	1.37691	69.1925
1444.4	1.16111	69.3751
1444.6	1.25099	69.1129
1444.8	1.20031	69.5079
1445	1.23335	69.6953
1445.2	1.32401	69.4517
1445.4	1.2724	69.2752
1445.6	1.35474	69.2528
1445.8	1.22967	69.4148
1446	1.17615	69.2707
1446.2	1.12299	69.2713
1446.4	1.18645	69.3507
1446.6	1.22163	69.9407
1446.8	1.23641	69.453
1447	1.24945	69.227
1447.2	1.21314	69.6206
1447.4	1.2006	69.2668
1447.6	1.22465	69.4225
1447.8	1.34134	69.4296
1448	1.34764	69.5455
1448.2	1.32937	69.4855
1448.4	1.24059	69.6709
1448.6	1.24766	69.3826
1448.8	1.29492	69.4354
1449	1.108	69.3573
1449.2	1.2337	69.3082
1449.4	1.17393	69.1734
1449.6	1.29532	69.1407
1449.8	1.22426	69.5055
1450	1.19453	69.5641
1450.2	1.22782	69.3898
1450.4	1.28969	69.2135
1450.6	1.3797	69.085
1450.8	1.18167	69.54
1451	1.36	69.442
1451.2	1.37516	69.4272
1451.4	1.27867	69.444
1451.6	1.22052	69.3372
1451.8	1.14136	69.5559
1452	1.26208	69.316
1452.2	1.16181	69.0898
1452.4	1.23485	69.4249
1452.6	1.22355	69.4223
1452.8	1.20843	69.3506
1453	1.27019	69.3907
1453.2	1.23345	69.5069
1453.4	1.2446	69.5878
1453.6	1.23543	69.6425
1453.8	1.34353	69.466
1454	1.22445	68.889
1454.2	1.1994	69.3649
1454.4	1.26304	69.3793
1454.6	1.27532	69.7301
1454.8	1.22105	69.5423
1455	1.14842	69.1759
1455.2	1.06117	69.5215
1455.4	1.22257	69.9071
1455.6	1.34343	69.7703
1455.8	1.21975	69.4928
1456	1.26914	69.239
1456.2	1.20717	69.2618
1456.4	1.34547	69.5641
1456.6	1.27905	69.9164
1456.8	1.19158	70.2021
1457	1.18604	69.7659
1457.2	1.19212	69.8283
1457.4	1.33847	69.9353
1457.6	1.20884	69.8167
1457.8	1.2681	69.8635
1458	1.1395	69.9735
1458.2	1.26917	70.0884
1458.4	1.31947	70.091
1458.6	1.22986	69.5181
1458.8	1.30156	69.6618
1459	1.16446	70.0148
1459.2	1.24675	70.0323
1459.4	1.29228	70.0639
1459.6	1.21165	70.0428
1459.8	1.33821	69.6854
1460	1.20108	69.8374
1460.2	1.13949	70.2292
1460.4	1.29663	69.8874
1460.6	1.26678	69.8786
1460.8	1.30643	69.7404
1461	1.25334	69.5504
1461.2	1.26203	69.8174
1461.4	1.20795	69.8567
1461.6	1.29062	69.7685
1461.8	1.26261	70.3641
1462	1.12254	70.2829
1462.2	1.1623	70.0164
1462.4	1.30884	69.5496
1462.6	1.24402	69.6265
1462.8	1.25161	69.8691
1463	1.22396	69.7294
1463.2	1.23739	69.6976
1463.4	1.23897	70.0797
1463.6	1.26339	70.2424
1463.8	1.17795	70.1282
1464	1.20604	69.9142
1464.2	1.25673	69.9481
1464.4	1.20102	70.2939
1464.6	1.17799	69.9725
1464.8	1.25601	69.7765
1465	1.2703	69.955
1465.2	1.27774	70.2989
1465.4	1.1814	70.3507
1465.6	1.19069	69.8132
1465.8	1.16708	70.2661
1466	1.31785	70.4358
1466.2	1.32138	70.5048
1466.4	1.23069	70.1738
1466.6	1.20112	69.8762
1466.8	1.12362	69.8952
1467	1.27604	70.0997
1467.2	1.26314	69.8208
1467.4	1.24396	69.7115
1467.6	1.26314	69.8147
1467.8	1.27309	69.9191
1468	1.27437	70.4705
1468.2	1.29145	69.9099
1468.4	1.25611	69.8414
1468.6	1.15541	69.9626
1468.8	1.18666	69.6921
1469	1.20789	69.8293
1469.2	1.21743	69.5603
1469.4	1.20797	69.3115
1469.6	1.32887	69.9268
1469.8	1.1539	69.987
1470	1.25637	69.9947
1470.2	1.17918	70.0298
1470.4	1.16991	70.1766
1470.6	1.19226	69.8991
1470.8	1.21126	69.5557
1471	1.37113	69.9817
1471.2	1.24878	70.4972
1471.4	1.17703	69.8976
1471.6	1.25532	69.6956
1471.8	1.29814	69.7877
1472	1.26546	69.9943
1472.2	1.18586	69.9734
1472.4	1.16247	69.6965
1472.6	1.24499	70.0322
1472.8	1.27872	69.9374
1473	1.30818	70.0456
1473.2	1.26754	70.0321
1473.4	1.18888	70.1381
1473.6	1.35251	69.7586
1473.8	1.10812	69.7672
1474	1.22278	69.5808
1474.2	1.33016	70.0241
1474.4	1.17853	70.0524
1474.6	1.11016	69.9236
1474.8	1.26741	69.7722
1475	1.25191	69.6849
1475.2	1.19275	69.9425
1475.4	1.27955	70.3686
1475.6	1.25326	70.6231
1475.8	1.2899	70.5561
1476	1.26415	70.5544
1476.2	1.35059	70.1925
1476.4	1.11733	70.3468
1476.6	1.28672	69.8166
1476.8	1.2303	70.1968
1477	1.32951	70.3804
1477.2	1.27635	70.8275
1477.4	1.15911	70.5736
1477.6	1.22669	70.4954
1477.8	1.12196	70.5393
1478	1.14179	70.3553
1478.2	1.23746	70.2479
1478.4	1.27058	70.4111
1478.6	1.13148	70.4059
1478.8	1.14518	70.4111
1479	1.3055	70.4183
1479.2	1.23347	70.2026
1479.4	1.29135	70.1731
1479.6	1.33417	70.3376
1479.8	1.23331	70.5047
1480	1.18497	70.2996
1480.2	1.19769	70.1229
1480.4	1.28507	70.2409
1480.6	1.28651	70.2973
1480.8	1.20564	69.899
1481	1.17732	69.8607
1481.2	1.23031	70.0876
1481.4	1.27485	70.3201
1481.6	1.18813	70.602
1481.8	1.22895	70.1614
1482	1.16463	69.887
1482.2	1.27514	69.9991
1482.4	1.13379	70.3261
1482.6	1.24281	70.4085
1482.8	1.17905	70.3613
1483	1.23637	70.154
1483.2	1.26449	70.0978
1483.4	1.23518	70.3017
1483.6	1.22929	70.3383
1483.8	1.27344	70.1954
1484	1.15975	70.3294
1484.2	1.29088	70.2484
1484.4	1.09667	70.2329
1484.6	1.31587	70.2178
1484.8	1.17739	70.3296
1485	1.34065	70.3484
1485.2	1.20499	70.0916
1485.4	1.17407	70.1871
1485.6	1.19573	70.3757
1485.8	1.16628	69.9066
1486	1.40538	69.7849
1486.2	1.39899	69.802
1486.4	1.31049	70.3367
1486.6	1.22522	70.2112
1486.8	1.38422	70.3752
1487	1.1571	70.2438
1487.2	1.29901	69.9114
1487.4	1.19979	70.0585
1487.6	1.18025	70.0238
1487.8	1.30528	70.3906
1488	1.25982	70.4205
1488.2	1.17301	70.2363
1488.4	1.2719	70.3573
1488.6	1.24839	70.671
1488.8	1.29533	70.1892
1489	1.2336	69.9273
1489.2	1.26169	70.0962
1489.4	1.24701	70.6903
1489.6	1.19279	70.3926
1489.8	1.33662	70.4759
1490	1.36392	70.0515
1490.2	1.30849	70.4979
1490.4	1.24622	70.5303
1490.6	1.29593	70.211
1490.8	1.22545	69.9863
1491	1.15047	69.8172
1491.2	1.28176	70.2173
1491.4	1.3631	70.3214
1491.6	1.18442	70.5281
1491.8	1.14932	70.6101
1492	1.20211	70.2484
1492.2	1.30845	70.595
1492.4	1.26169	69.9118
1492.6	1.2137	69.7168
1492.8	1.20844	70.4465
1493	1.1972	70.8967
1493.2	1.18182	70.802
1493.4	1.21108	70.5533
1493.6	1.31867	70.1995
1493.8	1.29308	70.0896
1494	1.22605	70.1037
1494.2	1.32014	70.2016
1494.4	1.29147	70.3467
1494.6	1.21377	70.4224
1494.8	1.23429	70.7092
1495	1.24781	70.1589
1495.2	1.20787	69.9595
1495.4	1.25718	70.1249
1495.6	1.30807	70.3234
1495.8	1.21441	70.3245
1496	1.29798	70.3548
1496.2	1.37177	70.0831
1496.4	1.25493	70.3758
1496.6	1.35039	70.9015
1496.8	1.26267	71.0335
1497	1.19753	70.5156
1497.2	1.15172	70.1922
1497.4	1.09126	70.5365
1497.6	1.26302	70.4675
1497.8	1.14684	70.8034
1498	1.25823	70.906
1498.2	1.24718	70.5704
1498.4	1.16375	70.8465
1498.6	1.23222	70.4803
1498.8	1.18615	70.6008
1499	1.31497	70.4244
1499.2	1.28055	70.0211
1499.4	1.2607	70.2814
1499.6	1.14155	70.3461
1499.8	1.14058	70.7265
1500	1.46315	70.4812
1500.2	1.44053	70.4934
1500.4	1.46041	70.3183
1500.6	1.39953	70.2372
1500.8	1.42127	70.0592
1501	1.48374	70.3888
1501.2	1.28498	70.6631
1501.4	1.3663	70.9919
1501.6	1.39367	70.6522
1501.8	1.316	70.3658
1502	1.37225	70.4807
1502.2	1.31722	70.5007
1502.4	1.27861	70.8924
1502.6	1.26676	70.7798
1502.8	1.33405	70.7123
1503	1.37422	70.828
1503.2	1.41888	71.1836
1503.4	1.26155	71.0731
1503.6	1.29126	71.1718
1503.8	1.4418	71.0512
1504	1.29974	70.6322
1504.2	1.38802	70.9739
1504.4	1.28669	71.2367
1504.6	1.38735	70.8676
1504.8	1.43158	70.9004
1505	1.46388	70.757
1505.2	1.36207	71.0589
1505.4	1.34542	71.1802
1505.6	1.27752	71.3549
1505.8	1.34339	71.2869
1506	1.33808	71.003
1506.2	1.3204	70.4695
1506.4	1.41183	71.0873
1506.6	1.35983	71.5575
1506.8	1.31288	71.083
1507	1.31011	70.9015
1507.2	1.43621	71.3566
1507.4	1.49013	71.223
1507.6	1.39438	70.9549
1507.8	1.39896	70.4993
1508	1.39214	71.2936
1508.2	1.29116	71.2381
1508.4	1.40812	70.8644
1508.6	1.38482	70.8806
1508.8	1.32473	71.5136
1509	1.28845	71.2379
1509.2	1.52198	71.1862
1509.4	1.26194	71.0483
1509.6	1.39957	71.1437
1509.8	1.28185	71.117
1510	1.31418	71.2784
1510.2	1.27184	71.4104
1510.4	1.2853	71.7169
1510.6	1.30366	71.1501
1510.8	1.32626	71.3041
1511	1.48166	71.3299
1511.2	1.36074	71.1428
1511.4	1.31373	71.0008
1511.6	1.27737	71.0761
1511.8	1.38544	71.3261
1512	1.25137	71.2437
1512.2	1.31431	71.1848
1512.4	1.35698	71.5487
1512.6	1.41163	71.5833
1512.8	1.42864	71.6943
1513	1.36914	71.3783
1513.2	1.45908	71.3374
1513.4	1.45751	71.3898
1513.6	1.46341	71.2778
1513.8	1.24625	71.5222
1514	1.27285	71.6022
1514.2	1.25395	71.8126
1514.4	1.47124	72.0227
1514.6	1.32399	71.9295
1514.8	1.45018	71.7023
1515	1.34461	71.437
1515.2	1.26434	71.6874
1515.4	1.2913	71.4876
1515.6	1.41193	71.3705
1515.8	1.44382	71.3487
1516	1.41115	71.4622
1516.2	1.38742	71.6985
1516.4	1.22741	71.4192
1516.6	1.35321	71.6188
1516.8	1.35192	71.8736
1517	1.2983	71.6842
1517.2	1.31734	71.6031
1517.4	1.35368	71.7871
1517.6	1.25073	72.0079
1517.8	1.28296	72.1345
1518	1.43453	71.3089
1518.2	1.39472	71.3472
1518.4	1.36348	71.2174
1518.6	1.28964	71.4953
1518.8	1.24315	71.6607
1519	1.41311	71.6416
1519.2	1.34727	71.769
1519.4	1.37681	71.4204
1519.6	1.28035	71.5098
1519.8	1.26993	71.3315
1520	1.2308	71.5758
1520.2	1.48191	71.7321
1520.4	1.37402	72.1575
1520.6	1.41143	71.5336
1520.8	1.20268	71.6742
1521	1.31114	71.8954
1521.2	1.34726	71.9864
1521.4	1.43251	71.8228
1521.6	1.41803	72.1088
1521.8	1.37899	72.1927
1522	1.36516	72.202
1522.2	1.39655	72.795
1522.4	1.26614	73.0883
1522.6	1.48592	72.8104
1522.8	1.39108	72.8713
1523	1.34239	72.8731
1523.2	1.28962	72.8241
1523.4	1.38678	72.2105
1523.6	1.31609	72.2106
1523.8	1.40076	72.9178
1524	1.26123	72.997
1524.2	1.4183	72.8483
1524.4	1.29682	72.8052
1524.6	1.31886	72.8879
1524.8	1.43165	72.8447
1525	1.37324	72.8639
1525.2	1.48125	72.5346
1525.4	1.43992	72.4285
1525.6	1.36032	72.6654
1525.8	1.25636	72.7063
1526	1.26044	72.6548
1526.2	1.36043	72.8669
1526.4	1.32717	72.892
1526.6	1.4334	73.1708
1526.8	1.32886	72.8196
1527	1.33584	73.2672
1527.2	1.36614	73.5235
1527.4	1.34847	73.3374
1527.6	1.43143	73.4975
1527.8	1.2593	73.9419
1528	1.40478	73.4681
1528.2	1.41223	73.5128
1528.4	1.32119	73.0489
1528.6	1.4721	73.3085
1528.8	1.37408	73.3251
1529	1.27886	73.1743
1529.2	1.4457	73.4752
1529.4	1.26163	73.6152
1529.6	1.37018	73.0895
1529.8	1.40657	73.1869
1530	1.43346	73.4881
1530.2	1.36112	73.4307
1530.4	1.44574	73.2607
1530.6	1.35622	73.1541
1530.8	1.48304	73.1007
1531	1.31486	73.1377
1531.2	1.33192	73.0496
1531.4	1.44515	72.8143
1531.6	1.36564	73.2239
1531.8	1.372	72.7814
1532	1.368	72.8154
1532.2	1.37631	72.7528
1532.4	1.26923	73.1847
1532.6	1.40167	73.0192
1532.8	1.39905	73.0716
1533	1.20888	73.09
1533.2	1.44124	72.9132
1533.4	1.39068	73.2303
1533.6	1.43385	73.3636
1533.8	1.36386	73.5644
1534	1.32018	73.6377
1534.2	1.44773	73.5654
1534.4	1.41414	73.5105
1534.6	1.50918	73.5769
1534.8	1.47692	73.6097
1535	1.36612	73.3655
1535.2	1.37942	73.5172
1535.4	1.34894	73.7284
1535.6	1.25743	73.7901
1535.8	1.41505	73.6971
1536	1.39963	73.7132
1536.2	1.53458	73.7211
1536.4	1.49294	73.4802
1536.6	1.40464	73.4772
1536.8	1.39424	73.4375
1537	1.40471	73.4209
1537.2	1.34489	73.6227
1537.4	1.39376	73.7298
1537.6	1.43043	73.9354
1537.8	1.39226	74.0732
1538	1.39693	73.8886
1538.2	1.35152	73.5994
1538.4	1.37327	73.6542
1538.6	1.36277	73.4913
1538.8	1.34118	73.7665
1539	1.21354	73.5705
1539.2	1.44005	73.5683
1539.4	1.25421	74.124
1539.6	1.51706	74.0972
1539.8	1.45405	73.8859
1540	1.47521	73.7591
1540.2	1.48493	73.4944
1540.4	1.33851	73.5905
1540.6	1.39471	73.7697
1540.8	1.49245	74.0554
1541	1.46023	73.759
1541.2	1.46493	73.8327
1541.4	1.37576	73.6279
1541.6	1.3999	73.9999
1541.8	1.29317	73.9077
1542	1.35157	73.9505
1542.2	1.24375	73.4978
1542.4	1.38446	73.7126
1542.6	1.46828	74.0097
1542.8	1.36283	73.7352
1543	1.29254	73.6067
1543.2	1.49807	74.0222
1543.4	1.3515	74.1895
1543.6	1.37359	73.5311
1543.8	1.31308	73.6067
1544	1.49112	73.5685
1544.2	1.35142	73.9935
1544.4	1.29552	74.167
1544.6	1.39705	73.6601
1544.8	1.37183	73.5453
1545	1.38755	73.8111
1545.2	1.4924	73.6907
1545.4	1.2935	73.8434
1545.6	1.32952	73.4535
1545.8	1.31273	73.3499
1546	1.44899	73.346
1546.2	1.46068	73.3709
1546.4	1.53229	73.74
1546.6	1.28249	74.0576
1546.8	1.24996	73.5998
1547	1.41008	73.239
1547.2	1.42639	73.6987
1547.4	1.41711	73.438
1547.6	1.34333	73.3285
1547.8	1.36441	72.8001
1548	1.35061	73.44
1548.2	1.34451	73.322
1548.4	1.42205	73.0531
1548.6	1.37332	73.5788
1548.8	1.29584	73.8928
1549	1.47521	73.4928
1549.2	1.49321	73.263
1549.4	1.38799	73.2468
1549.6	1.43845	73.2861
1549.8	1.35635	73.4322
1550	1.46814	73.123
1550.2	1.40064	73.3643
1550.4	1.48858	73.5228
1550.6	1.44376	73.3324
1550.8	1.41085	73.3381
1551	1.39075	73.2742
1551.2	1.35406	73.3251
1551.4	1.34241	73.3267
1551.6	1.20004	73.4252
1551.8	1.42943	73.2691
1552	1.27412	73.4123
1552.2	1.37197	73.1218
1552.4	1.34572	73.1692
1552.6	1.34381	73.4597
1552.8	1.3753	73.8422
1553	1.33584	73.5072
1553.2	1.41373	73.196
1553.4	1.32556	73.1564
1553.6	1.41238	72.8443
1553.8	1.35396	73.1428
1554	1.32058	73.4437
1554.2	1.30143	73.3315
1554.4	1.31085	73.2545
1554.6	1.29733	73.3766
1554.8	1.39723	73.6342
1555	1.28814	73.3742
1555.2	1.58811	73.3161
1555.4	1.14794	73.4675
1555.6	1.33626	73.943
1555.8	1.21445	73.8764
1556	1.36612	73.7471
1556.2	1.18637	73.7432
1556.4	1.3702	73.6786
1556.6	1.28885	73.7615
1556.8	1.29142	73.9068
1557	1.32199	73.6583
1557.2	1.33795	73.6492
1557.4	1.49418	73.9193
1557.6	1.20911	74.0649
1557.8	1.39537	73.7258
1558	1.34044	73.446
1558.2	1.30833	73.3902
1558.4	1.42646	73.8042
1558.6	1.25555	73.8191
1558.8	1.30356	73.7312
1559	1.38032	74.2812
1559.2	1.27545	74.1277
1559.4	1.43113	74.2697
1559.6	1.3668	73.9487
1559.8	1.32987	73.6247
1560	1.1216	74.0597
1560.2	1.44286	73.8579
1560.4	1.32751	73.1914
1560.6	1.23058	73.1729
1560.8	1.3599	73.7577
1561	1.50307	73.9785
1561.2	1.4511	73.1959
1561.4	1.37417	73.2723
1561.6	1.44556	73.5917
1561.8	1.19325	73.8431
1562	1.30855	73.4642
1562.2	1.41373	73.5607
1562.4	1.40861	73.7199
1562.6	1.28856	73.3517
1562.8	1.46243	73.0901
1563	1.22979	73.3551
1563.2	1.35696	73.6243
1563.4	1.35853	73.6688
1563.6	1.45815	73.7149
1563.8	1.37367	73.7874
1564	1.3705	73.5859
1564.2	1.3517	73.8469
1564.4	1.49439	73.4071
1564.6	1.3153	73.2363
1564.8	1.42929	73.4093
1565	1.42199	73.4845
1565.2	1.42927	73.8305
1565.4	1.30943	73.7275
1565.6	1.41695	73.8083
1565.8	1.29554	73.7164
1566	1.32304	73.9225
1566.2	1.37801	73.496
1566.4	1.37525	73.3949
1566.6	1.40612	73.8182
1566.8	1.52323	73.918
1567	1.25136	73.7382
1567.2	1.34454	73.4272
1567.4	1.46744	73.9562
1567.6	1.40154	74.0557
1567.8	1.29258	73.8893
1568	1.33545	73.6454
1568.2	1.47773	73.3367
1568.4	1.30689	73.7774
1568.6	1.39005	73.6134
1568.8	1.32701	73.4537
1569	1.35888	73.8008
1569.2	1.3759	73.7282
1569.4	1.41888	73.7282
1569.6	1.56515	73.3614
1569.8	1.43455	73.2941
1570	1.47318	73.5456
1570.2	1.50376	73.6815
1570.4	1.31104	73.402
1570.6	1.41767	73.7644
1570.8	1.43945	73.7197
1571	1.34664	73.7327
1571.2	1.35136	73.9802
1571.4	1.37546	73.7836
1571.6	1.48153	73.7517
1571.8	1.3439	73.6973
1572	1.32164	73.5576
1572.2	1.41632	73.8525
1572.4	1.3388	74.0989
1572.6	1.40433	73.8913
1572.8	1.32721	73.6441
1573	1.48055	73.4431
1573.2	1.28057	73.9018
1573.4	1.34668	73.5597
1573.6	1.46297	73.3858
1573.8	1.31454	73.3657
1574	1.27511	73.7528
1574.2	1.2958	73.8742
1574.4	1.4302	73.8822
1574.6	1.26412	73.4544
1574.8	1.2183	73.4533
1575	1.33105	73.6665
1575.2	1.47111	74.1465
1575.4	1.36978	73.6249
1575.6	1.41577	73.5352
1575.8	1.34108	73.891
1576	1.41719	74.0784
1576.2	1.41249	73.9097
1576.4	1.38815	73.557
1576.6	1.4397	73.9471
1576.8	1.38171	74.2761
1577	1.29399	73.9177
1577.2	1.51551	73.9564
1577.4	1.49169	73.8419
1577.6	1.36223	74.059
1577.8	1.48462	74.0171
1578	1.51408	73.5661
1578.2	1.37693	73.9245
1578.4	1.47503	74.1028
1578.6	1.26786	74.1366
1578.8	1.30961	74.15
1579	1.27322	73.9661
1579.2	1.47224	73.7348
1579.4	1.34217	74.0036
1579.6	1.37722	74.0599
1579.8	1.4882	73.7579
1580	1.47385	74.074
1580.2	1.44454	74.0867
1580.4	1.26781	73.9976
1580.6	1.26202	73.9287
1580.8	1.26858	73.8178
1581	1.41109	74.3509
1581.2	1.21756	74.463
1581.4	1.27244	73.8864
1581.6	1.49241	74.0906
1581.8	1.37829	74.4673
1582	1.397	74.3704
1582.2	1.47327	74.6405
1582.4	1.2862	74.2517
1582.6	1.37638	74.2685
1582.8	1.30777	73.9937
1583	1.4388	73.9883
1583.2	1.3352	74.4173
1583.4	1.31957	74.3153
1583.6	1.33773	74.5076
1583.8	1.48571	74.6024
1584	1.25207	74.055
1584.2	1.40153	74.1359
1584.4	1.35017	74.0504
1584.6	1.37525	74.1539
1584.8	1.33736	74.5434
1585	1.26714	74.3128
1585.2	1.42236	74.3584
1585.4	1.32445	74.3498
1585.6	1.401	74.3601
1585.8	1.36706	74.1097
1586	1.45503	74.1881
1586.2	1.34696	74.2684
1586.4	1.39176	73.9132
1586.6	1.43628	73.9827
1586.8	1.39091	74.416
1587	1.45586	74.6017
1587.2	1.344	74.0876
1587.4	1.40688	74.0938
1587.6	1.49489	74.1003
1587.8	1.22839	74.111
1588	1.33383	74.1589
1588.2	1.26952	73.8975
1588.4	1.3055	74.0669
1588.6	1.16024	74.2034
1588.8	1.35241	74.1007
1589	1.33267	73.9205
1589.2	1.43823	73.8987
1589.4	1.36965	73.926
1589.6	1.51049	73.6206
1589.8	1.43744	73.7717
1590	1.48984	74.2254
1590.2	1.36872	74.2223
1590.4	1.33714	74.2531
1590.6	1.44797	74.0265
1590.8	1.24845	73.9653
1591	1.32568	74.1682
1591.2	1.29566	74.1297
1591.4	1.34788	73.9719
1591.6	1.34832	74.2767
1591.8	1.3117	74.1436
1592	1.32356	73.9801
1592.2	1.30169	74.4306
1592.4	1.3505	74.2973
1592.6	1.36758	74.2221
1592.8	1.39356	74.0632
1593	1.49668	74.1455
1593.2	1.46058	73.7516
1593.4	1.29479	73.7378
1593.6	1.46513	73.591
1593.8	1.35203	73.7498
1594	1.36535	74.1204
1594.2	1.12112	73.9689
1594.4	1.52061	73.7028
1594.6	1.37462	73.8666
1594.8	1.40812	74.2283
1595	1.3631	74.1946
1595.2	1.38639	73.9675
1595.4	1.37421	73.6743
1595.6	1.32611	74.3245
1595.8	1.38389	74.2902
1596	1.40678	74.051
1596.2	1.40975	73.6682
1596.4	1.34127	73.7082
1596.6	1.31433	73.8483
1596.8	1.486	74.1123
1597	1.28216	74.361
1597.2	1.41149	74.324
1597.4	1.31074	74.5336
1597.6	1.35537	74.4785
1597.8	1.37405	73.8292
1598	1.53126	73.7282
1598.2	1.37486	74.0194
1598.4	1.38628	73.946
1598.6	1.34836	74.054
1598.8	1.35785	74.1368
1599	1.24396	74.623
1599.2	1.43237	74.2999
1599.4	1.46927	74.1116
1599.6	1.43728	73.8079
1599.8	1.36211	74.0623
1600	1.35425	73.992
1600.2	1.30982	74.1878
1600.4	1.31696	74.2642
1600.6	1.39918	74.2677
1600.8	1.44835	73.9995
1601	1.39623	73.8215
1601.2	1.50981	74.1574
1601.4	1.41856	74.0167
1601.6	1.37576	74.2003
1601.8	1.39461	74.0552
1602	1.27032	73.549
1602.2	1.42717	73.5031
1602.4	1.29589	73.5602
1602.6	1.39659	73.5768
1602.8	1.53387	73.7006
1603	1.30959	73.8813
1603.2	1.34181	73.7863
1603.4	1.40294	73.8571
1603.6	1.28096	73.5654
1603.8	1.40396	74.0328
1604	1.33782	74.0276
1604.2	1.40403	73.8004
1604.4	1.30861	73.6433
1604.6	1.42442	74.0976
1604.8	1.33148	73.7676
1605	1.22233	73.1567
1605.2	1.43288	73.2259
1605.4	1.25467	73.5092
1605.6	1.43826	73.4496
1605.8	1.25498	73.1954
1606	1.24536	73.6993
1606.2	1.45291	73.6284
1606.4	1.36986	73.24
1606.6	1.41552	73.4298
1606.8	1.41183	73.411
1607	1.36664	73.2762
1607.2	1.3642	73.4054
1607.4	1.34535	73.0354
1607.6	1.51676	73.3166
1607.8	1.39752	73.5486
1608	1.39353	73.7653
1608.2	1.48927	73.914
1608.4	1.39922	73.8306
1608.6	1.44949	73.5286
1608.8	1.30916	73.754
1609	1.30548	73.8309
1609.2	1.50027	73.7607
1609.4	1.36617	73.7548
1609.6	1.54197	73.6476
1609.8	1.31843	73.9907
1610	1.46186	73.6513
1610.2	1.34891	73.2705
1610.4	1.54827	73.7164
1610.6	1.28923	73.3772
1610.8	1.40853	73.2483
1611	1.16591	73.3454
1611.2	1.37278	73.39
1611.4	1.40899	73.6291
1611.6	1.35002	73.6644
1611.8	1.261	73.292
1612	1.34653	73.4837
1612.2	1.37537	73.8015
1612.4	1.23974	73.6531
1612.6	1.22949	73.6412
1612.8	1.3217	73.7807
1613	1.31071	73.7377
1613.2	1.44503	73.6036
1613.4	1.27797	73.2566
1613.6	1.44768	73.4219
1613.8	1.34611	73.0967
1614	1.34748	73.9555
1614.2	1.31122	73.9339
1614.4	1.3855	73.7047
1614.6	1.3659	73.57
1614.8	1.43555	73.1363
1615	1.39644	73.5069
1615.2	1.38619	73.6292
1615.4	1.31961	73.2378
1615.6	1.52137	73.4617
1615.8	1.39501	73.7356
1616	1.43821	73.884
1616.2	1.37263	73.7259
1616.4	1.51231	73.3421
1616.6	1.40564	73.3081
1616.8	1.34182	73.623
1617	1.33684	73.4439
1617.2	1.36911	73.1919
1617.4	1.38981	73.2089
1617.6	1.40734	73.7478
1617.8	1.31112	73.7395
1618	1.43375	74.0295
1618.2	1.41347	73.594
1618.4	1.3665	73.6065
1618.6	1.44095	73.5042
1618.8	1.33663	73.5805
1619	1.55368	73.6029
1619.2	1.39438	73.6292
1619.4	1.2794	73.5135
1619.6	1.40364	73.3989
1619.8	1.50711	73.6611
1620	1.50054	73.2672
1620.2	1.38262	73.2821
1620.4	1.37641	73.752
1620.6	1.39788	73.7136
1620.8	1.39622	73.7017
1621	1.29858	73.1908
1621.2	1.47019	73.6638
1621.4	1.37032	73.4947
1621.6	1.50136	73.115
1621.8	1.33694	73.1376
1622	1.27216	73.6298
1622.2	1.41235	73.6686
1622.4	1.51056	73.9072
1622.6	1.49013	73.6177
1622.8	1.25939	73.2544
1623	1.36526	73.1123
1623.2	1.48175	73.2688
1623.4	1.48949	73.1491
1623.6	1.24027	73.3415
1623.8	1.24521	73.3856
1624	1.57927	73.2598
1624.2	1.1582	73.0972
1624.4	1.41413	73.5663
1624.6	1.37703	73.5301
1624.8	1.36955	73.6799
1625	1.42354	73.4101
1625.2	1.40297	73.6039
1625.4	1.42274	73.6154
1625.6	1.36655	73.1144
1625.8	1.26057	73.0693
1626	1.45136	73.1593
1626.2	1.36459	73.2472
1626.4	1.32772	72.7047
1626.6	1.47111	72.6568
1626.8	1.31352	72.8194
1627	1.37542	73.4568
1627.2	1.41304	73.3083
1627.4	1.41294	73.1047
1627.6	1.43071	72.9972
1627.8	1.38261	73.1728
1628	1.37592	73.0916
1628.2	1.33733	73.0042
1628.4	1.25209	73.3279
1628.6	1.19777	73.358
1628.8	1.39063	73.4929
1629	1.3735	73.2032
1629.2	1.26114	73.3358
1629.4	1.32343	73.475
1629.6	1.31521	73.1805
1629.8	1.45262	73.0115
1630	1.43621	73.2254
1630.2	1.40449	72.984
1630.4	1.28236	73.5349
1630.6	1.29889	73.2339
1630.8	1.36396	73.2688
1631	1.36606	72.6492
1631.2	1.16017	72.8937
1631.4	1.24727	72.7618
1631.6	1.49605	72.9811
1631.8	1.34839	73.0126
1632	1.34284	72.8411
1632.2	1.40444	72.8847
1632.4	1.33331	72.5597
1632.6	1.48369	73.1296
1632.8	1.30894	72.9462
1633	1.33668	72.6881
1633.2	1.40477	72.7516
1633.4	1.32032	73.0856
1633.6	1.32625	72.5773
1633.8	1.26854	72.5615
1634	1.26578	73.0335
1634.2	1.25883	73.0034
1634.4	1.43946	72.633
1634.6	1.44816	72.502
1634.8	1.36786	72.9569
1635	1.35831	73.0869
1635.2	1.41368	73.0431
1635.4	1.4255	72.9764
1635.6	1.37925	73.1125
1635.8	1.36366	72.8833
1636	1.47852	73.0594
1636.2	1.467	73.0744
1636.4	1.35787	72.759
1636.6	1.28149	72.8215
1636.8	1.47034	72.7106
1637	1.38359	72.7577
1637.2	1.34894	73.0223
1637.4	1.24807	73.0625
1637.6	1.35639	73.0562
1637.8	1.42285	72.9913
1638	1.3318	72.8629
1638.2	1.33259	72.8837
1638.4	1.47336	72.5752
1638.6	1.37222	72.8583
1638.8	1.31923	72.509
1639	1.40965	72.4003
1639.2	1.43667	72.679
1639.4	1.33901	72.9121
1639.6	1.31841	72.8291
1639.8	1.3942	72.3942
1640	1.2772	72.8284
1640.2	1.38056	73.0556
1640.4	1.54014	72.9311
1640.6	1.38991	72.953
1640.8	1.36781	72.7944
1641	1.27598	72.7711
1641.2	1.32721	72.7757
1641.4	1.37488	72.6732
1641.6	1.2783	72.6649
1641.8	1.52065	72.3539
1642	1.35122	72.5699
1642.2	1.35515	73.0275
1642.4	1.40057	72.7805
1642.6	1.41202	72.8602
1642.8	1.33087	72.6612
1643	1.22683	72.6725
1643.2	1.54528	72.7963
1643.4	1.45614	72.9032
1643.6	1.40705	72.8531
1643.8	1.40769	73.0924
1644	1.34829	72.5481
1644.2	1.51138	72.5047
1644.4	1.4076	72.8144
1644.6	1.19075	72.6273
1644.8	1.28397	72.6035
1645	1.31684	72.8903
1645.2	1.25877	72.4497
1645.4	1.33756	72.5324
1645.6	1.42419	72.8848
1645.8	1.36333	72.828
1646	1.33765	73.0072
1646.2	1.30613	72.8447
1646.4	1.36337	72.8603
1646.6	1.31976	72.8823
1646.8	1.36185	72.7561
1647	1.41719	72.9124
1647.2	1.4034	72.7625
1647.4	1.46161	72.9682
1647.6	1.41517	72.6251
1647.8	1.3467	72.3629
1648	1.3155	72.8449
1648.2	1.46037	73.0124
1648.4	1.33276	72.7742
1648.6	1.32386	72.902
1648.8	1.31006	72.5979
1649	1.29939	72.8561
1649.2	1.39949	72.6096
1649.4	1.3455	72.4062
1649.6	1.55548	72.268
1649.8	1.34923	72.6694
1650	1.40377	72.2318
1650.2	1.4098	72.2843
1650.4	1.36837	72.5137
1650.6	1.36705	72.4085
1650.8	1.28406	72.5122
1651	1.45364	72.2104
1651.2	1.38478	71.9698
1651.4	1.30719	72.5894
1651.6	1.35821	72.4925
1651.8	1.25566	72.5027
1652	1.17303	72.3493
1652.2	1.35253	72.3327
1652.4	1.32467	72.6222
1652.6	1.43416	72.5154
1652.8	1.38498	72.3656
1653	1.34874	72.9729
1653.2	1.41618	73.2108
1653.4	1.31734	72.8322
1653.6	1.38618	72.75
1653.8	1.36257	72.3032
1654	1.3381	72.3133
1654.2	1.25185	72.4962
1654.4	1.38704	72.3969
1654.6	1.47702	72.6929
1654.8	1.2688	73.2277
1655	1.34688	73.36
1655.2	1.50131	73.2813
1655.4	1.44135	73.01
1655.6	1.47021	73.0259
1655.8	1.44005	73.1554
1656	1.34659	72.7838
1656.2	1.25765	72.8079
1656.4	1.52886	73.0276
1656.6	1.39995	73.0805
1656.8	1.39691	73.2273
1657	1.14585	73.5831
1657.2	1.41275	73.3661
1657.4	1.41733	72.9969
1657.6	1.42969	72.6669
1657.8	1.43587	72.6351
1658	1.30857	72.6741
1658.2	1.39303	72.4476
1658.4	1.30273	72.7343
1658.6	1.34706	72.8712
1658.8	1.27401	73.1235
1659	1.32634	72.5589
1659.2	1.33953	72.2246
1659.4	1.40715	72.4972
1659.6	1.4406	72.6584
1659.8	1.33679	72.3821
1660	1.36352	72.9164
1660.2	1.35553	72.8912
1660.4	1.44288	73.1788
1660.6	1.41702	72.724
1660.8	1.37677	72.8778
1661	1.44723	72.8653
1661.2	1.29507	72.4822
1661.4	1.31065	72.708
1661.6	1.353	72.892
1661.8	1.4217	72.7591
1662	1.27412	72.8128
1662.2	1.40186	72.6735
1662.4	1.30712	73.2521
1662.6	1.50483	73.3842
1662.8	1.29628	73.6763
1663	1.40604	73.9545
1663.2	1.38619	74.4441
1663.4	1.37881	74.2421
1663.6	1.2507	73.8823
1663.8	1.27982	73.9271
1664	1.45111	74.0285
1664.2	1.30907	73.7677
1664.4	1.40655	74.1255
1664.6	1.39964	74.2477
1664.8	1.31551	74.5462
1665	1.37366	74.2012
1665.2	1.29353	74.1097
1665.4	1.39736	74.3285
1665.6	1.1713	74.3898
1665.8	1.39184	73.8078
1666	1.52137	73.7701
1666.2	1.41022	73.7795
1666.4	1.30731	73.871
1666.6	1.23982	74.1891
1666.8	1.39455	74.2846
1667	1.30918	74.08
1667.2	1.42902	74.259
1667.4	1.45501	74.3574
1667.6	1.32756	73.9635
1667.8	1.345	73.872
1668	1.43665	73.9759
1668.2	1.31566	73.9593
1668.4	1.34256	74.2578
1668.6	1.30264	74.0406
1668.8	1.42937	73.6589
1669	1.27856	73.6294
1669.2	1.3572	74.1709
1669.4	1.43126	73.9881
1669.6	1.20681	74.0647
1669.8	1.24197	73.7197
1670	1.33506	73.6536
1670.2	1.3584	73.9833
1670.4	1.38628	73.7965
1670.6	1.37975	73.9734
1670.8	1.42304	73.9384
1671	1.26263	74.2019
1671.2	1.51375	73.6481
1671.4	1.22846	73.6126
1671.6	1.41595	73.6928
1671.8	1.33643	74.087
1672	1.35965	73.8986
1672.2	1.1428	73.7166
1672.4	1.39548	73.9547
1672.6	1.40867	74.1357
1672.8	1.33893	73.9179
1673	1.4453	74.1124
1673.2	1.40322	74.2664
1673.4	1.42863	73.7998
1673.6	1.40756	73.9122
1673.8	1.32286	74.0265
1674	1.48839	74.0696
1674.2	1.36914	74.5501
1674.4	1.40321	74.1591
1674.6	1.361	74.0578
1674.8	1.35458	74.1399
1675	1.30853	74.3773
1675.2	1.37343	73.6238
1675.4	1.35026	73.7178
1675.6	1.3369	74.1066
1675.8	1.37991	74.3461
1676	1.36856	73.8388
1676.2	1.44369	74.3426
1676.4	1.27621	74.464
1676.6	1.40846	74.2483
1676.8	1.27883	74.215
1677	1.3863	74.1756
1677.2	1.38301	74.6408
1677.4	1.5771	74.2504
1677.6	1.58872	74.1776
1677.8	1.389	74.1095
1678	1.32307	73.6127
1678.2	1.43028	74.2894
1678.4	1.36636	74.2017
1678.6	1.32895	74.1846
1678.8	1.27678	74.6766
1679	1.37641	74.2678
1679.2	1.49659	74.1884
1679.4	1.47636	74.271
1679.6	1.39393	73.9751
1679.8	1.44391	74.4253
1680	1.42233	74.2306
1680.2	1.47097	74.3228
1680.4	1.29605	74.4098
1680.6	1.41565	74.516
1680.8	1.36316	74.6181
1681	1.27982	74.1143
1681.2	1.47603	73.9011
1681.4	1.35926	74.5328
1681.6	1.3174	73.7941
1681.8	1.5959	73.9764
1682	1.37569	74.1811
1682.2	1.39578	74.2457
1682.4	1.37377	74.1869
1682.6	1.41407	73.9853
1682.8	1.32972	73.9316
1683	1.36337	74.3953
1683.2	1.47908	73.9498
1683.4	1.36806	73.799
1683.6	1.35084	74.0138
1683.8	1.36681	73.9839
1684	1.48511	74.2895
1684.2	1.43922	73.7781
1684.4	1.28219	74.1553
1684.6	1.36317	74.1517
1684.8	1.30844	74.103
1685	1.34675	74.148
1685.2	1.51991	74.4208
1685.4	1.33987	74.148
1685.6	1.31126	74.1693
1685.8	1.19844	74.0898
1686	1.27889	73.4995
1686.2	1.49468	73.9004
1686.4	1.44875	73.4124
1686.6	1.38736	73.7409
1686.8	1.27881	73.7935
1687	1.38496	73.4444
1687.2	1.49384	73.5858
1687.4	1.38278	74.1045
1687.6	1.27613	73.7746
1687.8	1.32671	73.9494
1688	1.31153	73.9416
1688.2	1.37822	73.8219
1688.4	1.45049	73.7449
1688.6	1.27666	73.6509
1688.8	1.37307	73.6896
1689	1.34219	73.6652
1689.2	1.31131	73.9765
1689.4	1.47715	73.8791
1689.6	1.37298	74.0248
1689.8	1.4125	74.0578
1690	1.47378	73.757
1690.2	1.43857	73.8972
1690.4	1.43556	73.8416
1690.6	1.35747	74.0522
1690.8	1.39135	73.868
1691	1.30209	74.2133
1691.2	1.344	73.6086
1691.4	1.45582	74.246
1691.6	1.25463	74.246
1691.8	1.37561	74.1921
1692	1.40852	74.1037
1692.2	1.22526	73.8151
1692.4	1.34458	74.0882
1692.6	1.38076	74.0702
1692.8	1.29394	74.1885
1693	1.35832	74.1417
1693.2	1.35706	74.3731
1693.4	1.40077	74.4958
1693.6	1.43853	74.1419
1693.8	1.45128	73.73
1694	1.38586	73.5186
1694.2	1.4443	73.9267
1694.4	1.40584	73.5103
1694.6	1.45228	73.425
1694.8	1.45152	73.3687
1695	1.57253	73.4282
1695.2	1.4456	73.3518
1695.4	1.39508	73.0457
1695.6	1.30566	73.0745
1695.8	1.37421	73.4845
1696	1.42987	73.4731
1696.2	1.47694	73.6608
1696.4	1.32448	73.9389
1696.6	1.38719	73.99
1696.8	1.37227	73.6454
1697	1.57704	73.2686
1697.2	1.28873	72.9662
1697.4	1.35769	73.2272
1697.6	1.33445	73.636
1697.8	1.31003	73.2755
1698	1.36058	73.6771
1698.2	1.47074	73.9473
1698.4	1.46506	73.8208
1698.6	1.32296	73.6992
1698.8	1.3074	73.8026
1699	1.36279	73.7659
1699.2	1.35968	74.0391
1699.4	1.36532	73.7644
1699.6	1.29948	73.806
1699.8	1.36883	73.8514
1700	1.36108	74.257
1700.2	1.39475	73.8317
1700.4	1.35258	73.5816
1700.6	1.49451	73.6329
1700.8	1.23876	73.7059
1701	1.39503	73.5936
1701.2	1.38508	73.9806
1701.4	1.47967	73.7199
1701.6	1.34228	73.9022
1701.8	1.39967	73.7032
1702	1.35281	73.3749
1702.2	1.33741	73.5275
1702.4	1.39408	73.0847
1702.6	1.32424	73.7972
1702.8	1.33694	73.8589
1703	1.5269	73.709
1703.2	1.24535	73.5826
1703.4	1.36342	73.7256
1703.6	1.46184	73.9482
1703.8	1.35713	73.5433
1704	1.27021	73.0761
1704.2	1.31749	73.708
1704.4	1.35507	73.9033
1704.6	1.317	74.0472
1704.8	1.35512	74.36
1705	1.49482	74.0972
1705.2	1.31621	73.7058
1705.4	1.30651	73.7195
1705.6	1.29506	73.2515
1705.8	1.40158	73.4364
1706	1.21342	73.5632
1706.2	1.3867	73.6317
1706.4	1.32103	73.6909
1706.6	1.39472	73.7167
1706.8	1.36113	73.9376
1707	1.50209	73.9951
1707.2	1.49109	73.2238
1707.4	1.30805	73.8856
1707.6	1.44685	73.896
1707.8	1.32301	74.1283
1708	1.32196	73.879
1708.2	1.42478	74.0656
1708.4	1.32399	73.8395
1708.6	1.3134	73.5794
1708.8	1.42832	73.594
1709	1.43958	73.432
1709.2	1.29874	73.6402
1709.4	1.43316	73.1407
1709.6	1.34178	73.7177
1709.8	1.28549	73.5032
1710	1.41111	73.3281
1710.2	1.37345	73.7982
1710.4	1.60607	73.4529
1710.6	1.31897	73.2741
1710.8	1.32713	74.1231
1711	1.27697	74.2866
1711.2	1.34735	74.0351
1711.4	1.38524	73.662
1711.6	1.39544	73.9571
1711.8	1.36807	73.8891
1712	1.41985	73.6024
1712.2	1.32881	73.7437
1712.4	1.4411	73.6568
1712.6	1.38804	74.2742
1712.8	1.50176	73.7891
1713	1.49453	73.6845
1713.2	1.40692	74.1455
1713.4	1.35969	74.0775
1713.6	1.34614	73.7523
1713.8	1.32573	73.8931
1714	1.39806	73.8594
1714.2	1.42198	74.2717
1714.4	1.47099	74.1124
1714.6	1.38683	73.9149
1714.8	1.23974	74.0637
1715	1.23087	74.2488
1715.2	1.28273	73.9369
1715.4	1.33962	73.899
1715.6	1.41086	74.0957
1715.8	1.36497	74.5716
1716	1.32616	73.7882
1716.2	1.42042	74.0576
1716.4	1.46313	73.8617
1716.6	1.50746	73.7913
1716.8	1.23113	73.702
1717	1.43928	73.885
1717.2	1.31432	73.9777
1717.4	1.33365	73.9255
1717.6	1.26282	74.3564
1717.8	1.37331	74.1296
1718	1.4057	74.0099
1718.2	1.276	73.4109
1718.4	1.43701	73.6152
1718.6	1.35702	73.5257
1718.8	1.3653	73.5288
1719	1.36296	73.3976
1719.2	1.29804	73.1978
1719.4	1.59565	73.4576
1719.6	1.27805	73.5575
1719.8	1.11946	73.5969
1720	1.54145	73.3801
1720.2	1.39318	73.5323
1720.4	1.35744	73.506
1720.6	1.26132	73.2984
1720.8	1.49217	73.1362
1721	1.35493	73.2192
1721.2	1.3758	73.3009
1721.4	1.35381	73.193
1721.6	1.40759	73.348
1721.8	1.46667	73.4081
1722	1.42771	73.4365
1722.2	1.32527	73.2893
1722.4	1.36757	73.169
1722.6	1.53446	73.5031
1722.8	1.23766	73.4094
1723	1.31963	73.0526
1723.2	1.34879	73.2213
1723.4	1.39548	73.3263
1723.6	1.41593	72.8053
1723.8	1.39905	73.493
1724	1.38833	73.4873
1724.2	1.47085	73.3556
1724.4	1.39153	73.511
1724.6	1.32411	73.5268
1724.8	1.40774	73.6392
1725	1.40472	73.6045
1725.2	1.42229	72.9627
1725.4	1.47579	73.08
1725.6	1.49025	73.2382
1725.8	1.41294	73.3812
1726	1.34758	73.4427
1726.2	1.28434	73.8371
1726.4	1.47353	72.8535
1726.6	1.31009	73.0667
1726.8	1.40506	73.6106
1727	1.31981	72.892
1727.2	1.13342	72.9116
1727.4	1.45643	72.9578
1727.6	1.2765	73.367
1727.8	1.34699	72.9983
1728	1.48224	72.5198
1728.2	1.38534	72.6499
1728.4	1.31053	72.8104
1728.6	1.25725	72.7106
1728.8	1.4121	72.7498
1729	1.47754	72.6702
1729.2	1.39604	72.7725
1729.4	1.4056	73.04
1729.6	1.47298	72.7131
1729.8	1.39264	72.7666
1730	1.29487	73.006
1730.2	1.40082	73.1422
1730.4	1.46597	72.7056
1730.6	1.32497	73.0007
1730.8	1.41587	72.7575
1731	1.36943	72.8451
1731.2	1.33913	72.8602
1731.4	1.31726	72.758
1731.6	1.45617	72.8957
1731.8	1.3673	72.8081
1732	1.27452	72.8413
1732.2	1.46118	72.7639
1732.4	1.36931	73.224
1732.6	1.31775	72.9616
1732.8	1.29982	72.664
1733	1.34123	72.8212
1733.2	1.29936	73.1714
1733.4	1.31261	73.0678
1733.6	1.38531	72.8782
1733.8	1.39227	73.0745
1734	1.38691	73.4295
1734.2	1.42434	72.881
1734.4	1.33058	72.9779
1734.6	1.30201	73.5187
1734.8	1.47234	73.1283
1735	1.19269	73.1214
1735.2	1.38626	73.2646
1735.4	1.36255	73.516
1735.6	1.37934	73.1368
1735.8	1.4172	73.045
1736	1.37528	73.4952
1736.2	1.43053	73.3306
1736.4	1.41115	73.4751
1736.6	1.55512	73.5874
1736.8	1.41255	73.5185
1737	1.38099	73.6184
1737.2	1.47842	73.5078
1737.4	1.43609	73.491
1737.6	1.3442	73.7569
1737.8	1.46029	73.4389
1738	1.44134	73.4847
1738.2	1.50315	73.6304
1738.4	1.42138	73.5996
1738.6	1.30731	73.6003
1738.8	1.30145	73.4521
1739	1.23424	73.778
1739.2	1.33314	73.4586
1739.4	1.32926	73.5368
1739.6	1.31737	73.5585
1739.8	1.25061	73.5178
1740	1.33518	72.9251
1740.2	1.37197	73.2978
1740.4	1.44875	73.1364
1740.6	1.37447	73.5757
1740.8	1.39835	73.1412
1741	1.366	73.1465
1741.2	1.41585	73.3302
1741.4	1.3414	73.5159
1741.6	1.46616	73.0553
1741.8	1.38854	73.0947
1742	1.35479	73.5792
1742.2	1.48736	73.4344
1742.4	1.33517	73.6407
1742.6	1.36006	73.6748
1742.8	1.28909	73.3603
1743	1.36815	73.1917
1743.2	1.30081	72.9353
1743.4	1.63099	73.4204
1743.6	1.41328	73.5418
1743.8	1.34133	73.2236
1744	1.39003	73.5444
1744.2	1.28012	73.3729
1744.4	1.24817	73.6379
1744.6	1.3683	73.5004
1744.8	1.56088	73.0726
1745	1.40371	73.2905
1745.2	1.41691	73.2749
1745.4	1.33209	73.2777
1745.6	1.42119	73.5032
1745.8	1.28135	73.5142
1746	1.57722	73.3149
1746.2	1.39474	73.443
1746.4	1.31456	73.6707
1746.6	1.23339	73.5399
1746.8	1.49817	73.2861
1747	1.31054	73.0905
1747.2	1.31807	73.2574
1747.4	1.37745	73.1095
1747.6	1.37413	73.0481
1747.8	1.43104	73.0074
1748	1.48494	73.1415
1748.2	1.26982	73.2014
1748.4	1.34563	73.0365
1748.6	1.47081	72.6764
1748.8	1.5225	72.9669
1749	1.34089	73.4079
1749.2	1.3578	73.0307
1749.4	1.30063	73.0423
1749.6	1.43358	72.688
1749.8	1.41058	73.1277
1750	1.2876	72.9069
1750.2	1.4097	72.7831
1750.4	1.44431	72.8564
1750.6	1.39647	73.0381
1750.8	1.23235	73.3399
1751	1.39576	72.8651
1751.2	1.36466	72.9391
1751.4	1.47834	72.9819
1751.6	1.33574	73.0457
1751.8	1.32306	72.9506
1752	1.39991	73.2466
1752.2	1.3653	73.2815
1752.4	1.39607	72.8985
1752.6	1.31866	73.415
1752.8	1.38064	73.2191
1753	1.45018	72.7262
1753.2	1.41895	72.8588
1753.4	1.49894	73.029
1753.6	1.35986	73.2777
1753.8	1.45338	73.0406
1754	1.41073	72.8678
1754.2	1.51422	72.9915
1754.4	1.33455	73.3551
1754.6	1.33938	72.9634
1754.8	1.38583	73.1376
1755	1.46147	72.9747
1755.2	1.41571	72.8628
1755.4	1.24314	73.0769
1755.6	1.28014	73.2363
1755.8	1.36258	73.0115
1756	1.29644	72.6737
1756.2	1.33611	72.7551
1756.4	1.28384	72.9519
1756.6	1.61097	72.9893
1756.8	1.40389	72.8702
1757	1.32959	72.928
1757.2	1.38898	73.4276
1757.4	1.41964	72.994
1757.6	1.34846	73.2687
1757.8	1.27525	73.0227
1758	1.34223	72.8843
1758.2	1.35042	73.0915
1758.4	1.37945	72.8347
1758.6	1.39057	73.4308
1758.8	1.36713	72.9358
1759	1.35997	73.1454
1759.2	1.35664	73.4061
1759.4	1.47775	72.8465
1759.6	1.3374	72.9151
1759.8	1.43367	73.1975
1760	1.31935	73.0761
1760.2	1.47175	73.0839
1760.4	1.32952	72.6854
1760.6	1.31908	73.1626
1760.8	1.2415	73.307
1761	1.43641	73.102
1761.2	1.48398	73.1228
1761.4	1.3431	72.9673
1761.6	1.36453	72.8235
1761.8	1.29851	72.6943
1762	1.55875	73.236
1762.2	1.3464	73.2318
1762.4	1.36378	73.358
1762.6	1.27416	73.5395
1762.8	1.25892	73.2203
1763	1.34141	72.7881
1763.2	1.27104	72.9498
1763.4	1.29394	73.3362
1763.6	1.3744	73.3581
1763.8	1.32322	73.5669
1764	1.235	72.9348
1764.2	1.36134	73.0928
1764.4	1.34211	73.1754
1764.6	1.37312	73.199
1764.8	1.27349	73.6111
1765	1.35439	73.5806
1765.2	1.32372	73.0077
1765.4	1.38948	73.0753
1765.6	1.41053	73.4776
1765.8	1.4526	73.521
1766	1.41735	73.3952
1766.2	1.26918	73.2583
1766.4	1.31349	73.4698
1766.6	1.39634	73.4429
1766.8	1.31233	73.3387
1767	1.2733	73.4337
1767.2	1.36982	73.4881
1767.4	1.37841	73.3134
1767.6	1.46508	73.5679
1767.8	1.34866	73.7574
1768	1.25734	73.4123
1768.2	1.49454	73.5266
1768.4	1.41726	73.6098
1768.6	1.29278	73.3369
1768.8	1.45887	73.4303
1769	1.41512	73.827
1769.2	1.45504	73.6846
1769.4	1.31043	73.7224
1769.6	1.40901	73.6539
1769.8	1.38442	73.8677
1770	1.39508	73.7194
1770.2	1.44981	73.564
1770.4	1.29273	73.3478
1770.6	1.52172	73.6288
1770.8	1.47934	73.8121
1771	1.39008	73.8489
1771.2	1.37449	73.6319
1771.4	1.4711	73.4995
1771.6	1.33141	73.7347
1771.8	1.16875	73.64
1772	1.26577	73.459
1772.2	1.34303	73.4262
1772.4	1.38924	73.4285
1772.6	1.45506	73.6782
1772.8	1.41636	73.3733
1773	1.37334	73.4258
1773.2	1.27771	73.5485
1773.4	1.33567	73.6812
1773.6	1.3794	73.4012
1773.8	1.31372	73.5204
1774	1.33962	73.8319
1774.2	1.45189	73.4565
1774.4	1.39918	73.8335
1774.6	1.32074	74.1481
1774.8	1.37677	74.1251
1775	1.40936	74.3829
1775.2	1.38122	74.3712
1775.4	1.29176	74.0062
1775.6	1.36459	74.1761
1775.8	1.29903	74.0355
1776	1.38276	73.9804
1776.2	1.29559	73.9316
1776.4	1.27245	73.8662
1776.6	1.41471	74.2929
1776.8	1.34621	74.4722
1777	1.27168	74.1075
1777.2	1.48873	74.1755
1777.4	1.32275	74.5541
1777.6	1.44544	74.0135
1777.8	1.41155	74.1714
1778	1.30649	74.7599
1778.2	1.31282	74.9544
1778.4	1.3596	74.2776
1778.6	1.36345	74.1707
1778.8	1.36134	74.2199
1779	1.4102	74.1147
1779.2	1.2037	73.978
1779.4	1.4019	73.9662
1779.6	1.32488	74.4682
1779.8	1.48181	74.6724
1780	1.37412	74.3981
1780.2	1.36243	74.2632
1780.4	1.34113	74.2818
1780.6	1.25977	74.2148
1780.8	1.39935	74.362
1781	1.42723	74.1559
1781.2	1.38402	74.6126
1781.4	1.27207	74.4459
1781.6	1.25755	74.2817
1781.8	1.5404	74.2603
1782	1.36746	74.2575
1782.2	1.30595	73.7205
1782.4	1.37782	74.0193
1782.6	1.30886	74.6402
1782.8	1.42975	74.3844
1783	1.51731	74.1527
1783.2	1.30478	74.0979
1783.4	1.31074	73.9775
1783.6	1.31652	74.2566
1783.8	1.36597	74.344
1784	1.33027	74.344
1784.2	1.4688	74.2739
1784.4	1.23222	74.7109
1784.6	1.47937	74.3823
1784.8	1.32833	74.0429
1785	1.28267	73.8591
1785.2	1.29153	74.275
1785.4	1.3213	74.2169
1785.6	1.30313	74.4912
1785.8	1.33704	74.3258
1786	1.33417	74.7958
1786.2	1.42162	74.3218
1786.4	1.32351	74.054
1786.6	1.3914	74.0542
1786.8	1.31824	74.3654
1787	1.36257	74.2999
1787.2	1.46068	74.2572
1787.4	1.37521	74.3663
1787.6	1.32743	74.2892
1787.8	1.38219	74.0528
1788	1.33623	74.0033
1788.2	1.39946	73.7243
1788.4	1.38838	74.1284
1788.6	1.37372	74.4663
1788.8	1.28166	74.247
1789	1.42066	74.1071
1789.2	1.43189	74.2149
1789.4	1.27303	74.1874
1789.6	1.38424	74.1983
1789.8	1.37379	73.7487
1790	1.38324	74.1166
1790.2	1.24896	74.29
1790.4	1.24088	74.1323
1790.6	1.34316	74.3269
1790.8	1.42196	74.1537
1791	1.38177	73.9178
1791.2	1.42393	73.6677
1791.4	1.3398	74.2428
1791.6	1.28017	73.8974
1791.8	1.21436	74.1664
1792	1.40617	74.0612
1792.2	1.3837	74.3082
1792.4	1.5341	74.1896
1792.6	1.28777	74.108
1792.8	1.32892	73.7809
1793	1.32198	74.2016
1793.2	1.33976	73.8898
1793.4	1.44331	74.251
1793.6	1.41638	74.1745
1793.8	1.33203	74.3496
1794	1.21751	74.3894
1794.2	1.29944	74.0662
1794.4	1.25185	74.3576
1794.6	1.30054	74.4066
1794.8	1.40939	74.4925
1795	1.42362	74.1754
1795.2	1.38224	74.3278
1795.4	1.36655	74.7124
1795.6	1.23125	74.532
1795.8	1.44675	74.2209
1796	1.32398	74.2325
1796.2	1.3219	74.0194
1796.4	1.35469	74.5854
1796.6	1.46036	74.4638
1796.8	1.52001	74.4858
1797	1.42587	74.4089
1797.2	1.40859	74.3439
1797.4	1.2572	74.4099
1797.6	1.32308	74.8288
1797.8	1.41943	74.4906
1798	1.39963	74.1671
1798.2	1.31196	74.4654
1798.4	1.47134	74.4433
1798.6	1.44766	74.3797
1798.8	1.35091	74.36
1799	1.34152	74.5295
1799.2	1.3206	75.0111
1799.4	1.28475	74.7433
1799.6	1.2875	73.9258
1799.8	1.3426	74.047
1800	1.3903	74.0935
1800.2	1.53315	74.3257
1800.4	1.40617	74.5171
1800.6	1.40388	74.1773
1800.8	1.32479	74.5935
1801	1.2814	74.3299
1801.2	1.26272	73.9394
1801.4	1.40938	73.9331
1801.6	1.39156	74.1208
1801.8	1.47338	73.841
1802	1.30329	73.8798
1802.2	1.41598	74.0525
1802.4	1.52979	74.253
1802.6	1.4073	74.3412
1802.8	1.54416	74.3274
1803	1.33399	74.1364
1803.2	1.40007	74.4278
1803.4	1.28761	74.3139
1803.6	1.47114	73.9464
1803.8	1.42505	74.3222
1804	1.27412	74.4161
1804.2	1.58482	74.7821
1804.4	1.31758	74.5632
1804.6	1.53169	74.5741
1804.8	1.35271	74.6343
1805	1.34095	75.0034
1805.2	1.45094	74.4543
1805.4	1.34803	73.8791
1805.6	1.23823	74.0606
1805.8	1.33334	74.5357
1806	1.39153	74.6456
1806.2	1.45178	74.7533
1806.4	1.47879	74.7012
1806.6	1.36545	75.2506
1806.8	1.32518	75.1718
1807	1.52789	74.7133
1807.2	1.40991	74.6411
1807.4	1.50376	74.8817
1807.6	1.49702	74.6846
1807.8	1.38086	74.682
1808	1.46096	74.8964
1808.2	1.38291	75.0205
1808.4	1.35807	75.0524
1808.6	1.45684	74.6587
1808.8	1.42546	74.4835
1809	1.47719	74.6726
1809.2	1.26375	74.3891
1809.4	1.33659	74.3934
1809.6	1.1856	74.6371
1809.8	1.44694	74.9156
1810	1.41405	75.0905
1810.2	1.50872	74.3198
1810.4	1.51205	74.3165
1810.6	1.36951	74.1002
1810.8	1.35576	74.0464
1811	1.41176	74.1726
1811.2	1.37439	74.2293
1811.4	1.42714	74.3163
1811.6	1.33487	74.0932
1811.8	1.19246	74.0358
1812	1.36169	74.0297
1812.2	1.3419	74.0953
1812.4	1.27243	74.1753
1812.6	1.28872	74.0099
1812.8	1.36515	73.9042
1813	1.30323	74.2048
1813.2	1.44201	74.4391
1813.4	1.38044	74.3691
1813.6	1.40468	74.2248
1813.8	1.34358	73.8947
1814	1.56547	74.0604
1814.2	1.45198	74.3894
1814.4	1.50706	74.4048
1814.6	1.35182	74.6809
1814.8	1.48283	74.6995
1815	1.40184	74.7797
1815.2	1.23259	74.5575
1815.4	1.47512	74.5436
1815.6	1.45248	74.592
1815.8	1.35198	75.1066
1816	1.42414	75.2144
1816.2	1.36488	74.8675
1816.4	1.38539	75.3013
1816.6	1.2935	75.3995
1816.8	1.32444	75.4859
1817	1.31122	75.1897
1817.2	1.49592	75.0389
1817.4	1.30575	75.0466
1817.6	1.39648	74.9229
1817.8	1.3223	74.6474
1818	1.38774	74.3541
1818.2	1.32784	74.3563
1818.4	1.32208	74.2911
1818.6	1.39466	73.5943
1818.8	1.48243	74.0942
1819	1.32746	74.3294
1819.2	1.31382	73.9998
1819.4	1.37658	73.6564
1819.6	1.48042	74.1956
1819.8	1.49652	74.1191
1820	1.34752	74.3791
1820.2	1.53729	73.8822
1820.4	1.40134	74.0944
1820.6	1.45061	74.3434
1820.8	1.3416	73.9149
1821	1.54006	74.043
1821.2	1.40567	73.9984
1821.4	1.33537	74.3113
1821.6	1.28103	74.3312
1821.8	1.25782	74.2643
1822	1.42118	74.3844
1822.2	1.34669	73.9093
1822.4	1.44253	74.0548
1822.6	1.32396	73.9809
1822.8	1.53502	74.1824
1823	1.3829	74.0475
1823.2	1.47266	74.1307
1823.4	1.44789	73.7981
1823.6	1.44318	74.1253
1823.8	1.5196	74.0662
1824	1.29186	74.2718
1824.2	1.31103	74.1261
1824.4	1.38013	74.072
1824.6	1.40596	74.1728
1824.8	1.32859	74.046
1825	1.45352	73.5464
1825.2	1.26221	74.2533
1825.4	1.31043	74.0653
1825.6	1.2943	73.927
1825.8	1.3464	73.7764
1826	1.38908	73.9656
1826.2	1.57921	74.2237
1826.4	1.39104	74.2079
1826.6	1.25867	73.6747
1826.8	1.45256	73.4889
1827	1.3321	73.9005
1827.2	1.42693	73.9573
1827.4	1.47498	74.0438
1827.6	1.2809	74.1184
1827.8	1.42168	74.2885
1828	1.26722	74.2928
1828.2	1.38579	74.0913
1828.4	1.36165	74.1738
1828.6	1.34206	74.6358
1828.8	1.37405	74.5171
1829	1.31776	74.2336
1829.2	1.40775	74.3729
1829.4	1.27214	74.5551
1829.6	1.39387	74.3378
1829.8	1.33982	73.9728
1830	1.48146	74.3909
1830.2	1.32717	74.3767
1830.4	1.43905	74.2975
1830.6	1.28243	74.143
1830.8	1.43447	74.2675
1831	1.46845	74.0585
1831.2	1.3466	73.7311
1831.4	1.33889	73.8525
1831.6	1.3437	73.924
1831.8	1.41521	74.164
1832	1.3861	73.7679
1832.2	1.37764	73.3552
1832.4	1.34503	73.8739
1832.6	1.36664	73.4878
1832.8	1.31165	73.6594
1833	1.26127	73.6198
1833.2	1.37863	74.0039
1833.4	1.40733	74.1401
1833.6	1.44157	74.0607
1833.8	1.34126	73.7412
1834	1.34921	73.9374
1834.2	1.41004	73.7223
1834.4	1.49293	73.6158
1834.6	1.27844	73.266
1834.8	1.3167	73.4292
1835	1.36722	73.6183
1835.2	1.46264	73.6698
1835.4	1.35965	73.7817
1835.6	1.4342	73.5547
1835.8	1.32711	73.8861
1836	1.36016	74.0867
1836.2	1.41478	73.6813
1836.4	1.30018	73.5446
1836.6	1.25969	74.0156
1836.8	1.34731	74.1078
1837	1.34307	74.2812
1837.2	1.44119	74.0814
1837.4	1.30571	74.1716
1837.6	1.28495	74.2137
1837.8	1.28853	74.5254
1838	1.36967	74.8205
1838.2	1.37021	74.3082
1838.4	1.30214	74.1731
1838.6	1.45794	74.2498
1838.8	1.21456	74.4236
1839	1.31947	74.1138
1839.2	1.31629	74.5629
1839.4	1.30965	74.828
1839.6	1.31994	74.8967
1839.8	1.34626	74.5077
1840	1.38356	74.3073
1840.2	1.25227	74.0572
1840.4	1.36285	74.1259
1840.6	1.26654	74.2981
1840.8	1.32501	74.3367
1841	1.33963	74.2511
1841.2	1.47042	74.532
1841.4	1.40455	74.3923
1841.6	1.39497	73.8991
1841.8	1.32499	74.2627
1842	1.43116	74.5828
1842.2	1.44779	74.5141
1842.4	1.41246	74.2607
1842.6	1.38939	74.7694
1842.8	1.32658	74.4461
1843	1.30879	74.0445
1843.2	1.37993	74.6689
1843.4	1.29201	74.0303
1843.6	1.47509	74.1702
1843.8	1.3648	74.1007
1844	1.44317	74.2537
1844.2	1.42364	74.5139
1844.4	1.41135	74.1667
1844.6	1.36151	74.7051
1844.8	1.45246	74.4033
1845	1.39306	74.6661
1845.2	1.28083	74.3845
1845.4	1.31954	74.6599
1845.6	1.5316	74.2392
1845.8	1.396	74.6934
1846	1.37481	74.7403
1846.2	1.26274	74.6706
1846.4	1.35764	74.385
1846.6	1.33446	74.3705
1846.8	1.40629	74.5655
1847	1.38633	74.289
1847.2	1.33636	74.7393
1847.4	1.3924	74.6288
1847.6	1.31544	74.9115
1847.8	1.60449	74.5512
1848	1.36916	74.3424
1848.2	1.40265	74.5183
1848.4	1.29336	74.3025
1848.6	1.40305	74.7241
1848.8	1.28524	74.5778
1849	1.31226	74.5878
1849.2	1.38061	74.7817
1849.4	1.33172	74.8637
1849.6	1.39971	74.3829
1849.8	1.23828	74.705
1850	1.27557	74.6698
1850.2	1.47919	74.689
1850.4	1.38233	74.7618
1850.6	1.2521	74.6673
1850.8	1.55476	74.6236
1851	1.24763	74.5941
1851.2	1.31993	74.4271
1851.4	1.4942	74.8988
1851.6	1.30444	74.6749
1851.8	1.52235	74.5074
1852	1.32652	74.6788
1852.2	1.34554	74.3392
1852.4	1.43552	75.0049
1852.6	1.33356	74.6996
1852.8	1.33712	74.8738
1853	1.39088	74.9721
1853.2	1.46644	74.6837
1853.4	1.59427	74.2827
1853.6	1.40141	74.2077
1853.8	1.41492	74.4094
1854	1.37996	74.3347
1854.2	1.2146	74.6141
1854.4	1.38841	74.3369
1854.6	1.45136	75.0044
1854.8	1.40161	75.0002
1855	1.48725	74.3681
1855.2	1.29508	74.5007
1855.4	1.42419	74.6941
1855.6	1.42385	74.7499
1855.8	1.30428	74.5403
1856	1.32055	74.5394
1856.2	1.32214	74.6578
1856.4	1.44322	74.6268
1856.6	1.44664	74.5092
1856.8	1.42985	74.4089
1857	1.46086	74.4254
1857.2	1.41311	74.6259
1857.4	1.32175	74.7885
1857.6	1.26018	74.572
1857.8	1.50948	74.369
1858	1.24299	74.3042
1858.2	1.37079	74.4901
1858.4	1.36102	74.3984
1858.6	1.46327	74.8298
1858.8	1.3821	74.6007
1859	1.36358	75.0288
1859.2	1.33799	74.7601
1859.4	1.26474	74.435
1859.6	1.43184	74.5769
1859.8	1.15896	74.4115
1860	1.33006	74.5753
1860.2	1.32556	74.4693
1860.4	1.28033	74.8993
1860.6	1.28476	74.6538
1860.8	1.32982	74.8262
1861	1.3828	74.6375
1861.2	1.3241	74.5255
1861.4	1.27571	74.444
1861.6	1.47934	74.5185
1861.8	1.3472	74.3688
1862	1.53376	74.5858
1862.2	1.28051	75.5937
1862.4	1.45888	75.0997
1862.6	1.38892	74.5157
1862.8	1.30279	74.2279
1863	1.37292	74.6581
1863.2	1.41009	74.5842
1863.4	1.34224	74.8993
1863.6	1.46052	74.9958
1863.8	1.40531	74.7162
1864	1.21555	74.4792
1864.2	1.29793	74.2567
1864.4	1.39576	74.0711
1864.6	1.18336	74.3987
1864.8	1.41701	74.65
1865	1.365	74.4907
1865.2	1.54632	74.5252
1865.4	1.30853	74.4108
1865.6	1.25922	74.4936
1865.8	1.28162	74.2076
1866	1.21021	74.4429
1866.2	1.36688	74.6157
1866.4	1.36803	74.6694
1866.6	1.43789	74.7266
1866.8	1.39839	74.4571
1867	1.52205	74.4747
1867.2	1.33065	74.3488
1867.4	1.47657	74.432
1867.6	1.34915	74.4177
1867.8	1.36259	74.4201
1868	1.43292	74.9324
1868.2	1.3213	74.6387
1868.4	1.39533	74.1084
1868.6	1.43503	74.524
1868.8	1.25395	74.3245
1869	1.39993	74.4471
1869.2	1.29299	74.3643
1869.4	1.2798	74.2689
1869.6	1.41722	74.8531
1869.8	1.451	74.5382
1870	1.25275	74.4089
1870.2	1.42918	74.3231
1870.4	1.34555	74.3704
1870.6	1.34308	74.4264
1870.8	1.32796	74.2419
1871	1.30424	74.4757
1871.2	1.27887	74.5391
1871.4	1.35478	74.3615
1871.6	1.39845	74.4965
1871.8	1.50863	74.2502
1872	1.63456	74.4515
1872.2	1.46504	74.3715
1872.4	1.56464	74.4046
1872.6	1.39661	74.5471
1872.8	1.46704	74.5171
1873	1.33898	74.6472
1873.2	1.40063	74.0979
1873.4	1.37609	74.493
1873.6	1.40402	74.3973
1873.8	1.36387	74.4283
1874	1.47932	74.1367
1874.2	1.4292	74.3324
1874.4	1.40694	74.3605
1874.6	1.25374	74.613
1874.8	1.31506	74.4172
1875	1.45325	74.1512
1875.2	1.28902	74.4439
1875.4	1.32883	74.6933
1875.6	1.41684	74.7137
1875.8	1.37598	74.6498
1876	1.40269	74.6632
1876.2	1.49697	74.5571
1876.4	1.40019	74.4618
1876.6	1.42189	74.4944
1876.8	1.43924	74.3128
1877	1.34128	74.7046
1877.2	1.31323	74.6318
1877.4	1.33234	74.711
1877.6	1.27711	74.6531
1877.8	1.48961	74.5596
1878	1.32671	74.7866
1878.2	1.31286	74.5221
1878.4	1.30377	74.7096
1878.6	1.42664	74.4938
1878.8	1.43356	74.4186
1879	1.50612	74.7168
1879.2	1.31758	75.0781
1879.4	1.37049	74.8349
1879.6	1.31207	74.7212
1879.8	1.41913	74.6448
1880	1.4098	74.4124
1880.2	1.44617	73.9606
1880.4	1.26268	74.1537
1880.6	1.37327	74.9621
1880.8	1.23904	74.8424
1881	1.35918	74.6356
1881.2	1.39382	74.5262
1881.4	1.34473	74.7726
1881.6	1.4616	74.5683
1881.8	1.41172	74.7405
1882	1.41838	74.8436
1882.2	1.40587	74.7993
1882.4	1.34411	75.0883
1882.6	1.21319	75.0144
1882.8	1.56101	74.9474
1883	1.28598	75.0576
1883.2	1.34537	75.3165
1883.4	1.44357	74.9783
1883.6	1.35968	74.9991
1883.8	1.43287	75.2165
1884	1.40718	75.2135
1884.2	1.36003	75.1981
1884.4	1.37956	74.8248
1884.6	1.26274	74.469
1884.8	1.51495	74.5553
1885	1.40617	74.7528
1885.2	1.53478	74.3912
1885.4	1.32765	74.55
1885.6	1.38241	74.6404
1885.8	1.41908	74.5591
1886	1.38178	74.8632
1886.2	1.33871	74.6809
1886.4	1.45191	74.654
1886.6	1.33908	74.7914
1886.8	1.20944	74.4838
1887	1.31013	74.6726
1887.2	1.23827	74.6936
1887.4	1.51366	74.6305
1887.6	1.39454	74.7939
1887.8	1.43708	74.2766
1888	1.26607	74.7613
1888.2	1.49618	74.6941
1888.4	1.43871	74.7795
1888.6	1.36916	74.9993
1888.8	1.29317	75.0486
1889	1.33707	74.9984
1889.2	1.32146	74.7776
1889.4	1.37484	74.2739
1889.6	1.38259	74.6102
1889.8	1.43558	74.9181
1890	1.31994	74.9906
1890.2	1.37774	74.5039
1890.4	1.25229	74.676
1890.6	1.46199	75.1132
1890.8	1.44234	74.8695
1891	1.4102	74.6958
1891.2	1.36609	75.0339
1891.4	1.38095	74.8194
1891.6	1.30367	74.8122
1891.8	1.34064	74.6591
1892	1.27219	75.013
1892.2	1.42827	74.7764
1892.4	1.42457	74.9145
1892.6	1.48219	74.9636
1892.8	1.30398	74.6971
1893	1.30166	74.9361
1893.2	1.33377	74.6822
1893.4	1.40499	74.8538
1893.6	1.40139	74.7512
1893.8	1.49337	74.6573
1894	1.37939	74.9141
1894.2	1.34337	74.682
1894.4	1.43531	74.6231
1894.6	1.26816	74.2457
1894.8	1.51038	74.3889
1895	1.39261	74.529
1895.2	1.37511	74.3048
1895.4	1.44398	74.4583
1895.6	1.47231	74.204
1895.8	1.38158	74.5277
1896	1.28931	74.9626
1896.2	1.33945	74.4503
1896.4	1.28831	74.2483
1896.6	1.32764	74.2875
1896.8	1.36377	74.1518
1897	1.45048	74.2478
1897.2	1.42365	74.469
1897.4	1.24323	74.6449
1897.6	1.30628	74.5796
1897.8	1.21369	74.4952
1898	1.3052	74.3318
1898.2	1.30741	74.2441
1898.4	1.39784	74.2718
1898.6	1.43673	74.4713
1898.8	1.40285	74.5387
1899	1.44914	74.4805
1899.2	1.37734	74.3998
1899.4	1.36965	74.3816
1899.6	1.38471	74.8276
1899.8	1.24318	74.6219
1900	1.24228	74.7186
1900.2	1.43073	74.7343
1900.4	1.33832	75.2244
1900.6	1.26383	74.9002
1900.8	1.47458	74.745
1901	1.34503	74.593
1901.2	1.36785	74.8336
1901.4	1.30598	74.7494
1901.6	1.36428	74.6959
1901.8	1.34843	74.6142
1902	1.37482	74.5531
1902.2	1.4222	74.5789
1902.4	1.43943	74.8741
1902.6	1.45578	74.5522
1902.8	1.45741	74.5508
1903	1.29495	74.7547
1903.2	1.37594	75.0881
1903.4	1.37075	75.0669
1903.6	1.43244	74.8675
1903.8	1.45698	75.0586
1904	1.35725	74.823
1904.2	1.35677	74.8333
1904.4	1.35476	74.3482
1904.6	1.39705	74.4896
1904.8	1.38513	74.6973
1905	1.40729	74.9884
1905.2	1.45655	74.4391
1905.4	1.28129	75.1235
1905.6	1.4158	75.243
1905.8	1.30954	74.5957
1906	1.39349	74.5276
1906.2	1.34391	74.5948
1906.4	1.33279	74.7968
1906.6	1.32851	74.8817
1906.8	1.27246	74.8048
1907	1.45821	74.5038
1907.2	1.35573	75.0481
1907.4	1.58062	74.8209
1907.6	1.2547	74.5564
1907.8	1.42361	74.3393
1908	1.34252	74.8866
1908.2	1.26545	74.7034
1908.4	1.38716	74.1592
1908.6	1.403	74.8416
1908.8	1.38628	74.7752
1909	1.39453	74.747
1909.2	1.33271	74.4439
1909.4	1.33944	74.6568
1909.6	1.42606	74.4187
1909.8	1.35068	74.5284
1910	1.42308	74.2066
1910.2	1.49034	74.4925
1910.4	1.3495	74.5741
1910.6	1.36987	74.2915
1910.8	1.35184	74.0023
1911	1.39303	74.3265
1911.2	1.48817	74.8282
1911.4	1.25804	74.4464
1911.6	1.28766	74.3853
1911.8	1.31737	74.3635
1912	1.45826	74.5247
1912.2	1.26706	74.3484
1912.4	1.35664	74.3031
1912.6	1.51473	74.3932
1912.8	1.44289	74.7114
1913	1.21692	74.5775
1913.2	1.3011	74.3797
1913.4	1.39466	74.636
1913.6	1.26747	74.7769
1913.8	1.3263	74.3102
1914	1.43339	74.7078
1914.2	1.47831	74.3485
1914.4	1.42564	74.5667
1914.6	1.36674	74.411
1914.8	1.26946	74.4724
1915	1.35134	74.656
1915.2	1.4773	74.3758
1915.4	1.26653	74.226
1915.6	1.48713	74.4845
1915.8	1.37907	74.6728
1916	1.37803	74.4984
1916.2	1.47105	74.6481
1916.4	1.31521	74.5232
1916.6	1.44318	74.4753
1916.8	1.45332	74.5758
1917	1.46985	74.7414
1917.2	1.45969	74.3652
1917.4	1.40601	74.6247
1917.6	1.41456	74.578
1917.8	1.42866	74.5966
1918	1.37381	74.3772
1918.2	1.40051	74.3744
1918.4	1.37658	74.37
1918.6	1.4402	74.4712
1918.8	1.44116	74.2768
1919	1.3867	74.4696
1919.2	1.25026	74.1953
1919.4	1.41676	74.5338
1919.6	1.36782	74.5758
1919.8	1.42005	74.473
1920	1.46927	74.7928
1920.2	1.29183	74.9444
1920.4	1.31684	74.4388
1920.6	1.49601	74.3873
1920.8	1.2783	74.3745
1921	1.4151	74.2297
1921.2	1.43491	74.2658
1921.4	1.44499	74.1081
1921.6	1.42384	74.9957
1921.8	1.38886	74.6901
1922	1.31467	74.438
1922.2	1.33589	74.4318
1922.4	1.22649	74.3265
1922.6	1.38037	74.3249
1922.8	1.34943	74.5141
1923	1.40273	74.205
1923.2	1.3606	74.1787
1923.4	1.19581	74.167
1923.6	1.47692	74.104
1923.8	1.27484	73.8468
1924	1.32047	73.7938
1924.2	1.5079	74.2443
1924.4	1.32113	74.2936
1924.6	1.39111	73.9028
1924.8	1.43441	74.0531
1925	1.37212	74.0461
1925.2	1.34691	74.0961
1925.4	1.3552	74.1358
1925.6	1.51448	74.2612
1925.8	1.35471	74.1877
1926	1.32704	74.3014
1926.2	1.40151	73.8282
1926.4	1.39093	73.9515
1926.6	1.25874	73.9744
1926.8	1.40344	74.3604
1927	1.41706	74.1457
1927.2	1.38295	73.4177
1927.4	1.42811	73.9706
1927.6	1.28093	74.1274
1927.8	1.4303	73.7658
1928	1.26429	73.9221
1928.2	1.46208	73.9826
1928.4	1.47603	74.0894
1928.6	1.29902	73.9521
1928.8	1.3129	73.9183
1929	1.4288	73.8799
1929.2	1.49077	74.082
1929.4	1.51531	73.8276
1929.6	1.27305	73.6592
1929.8	1.40784	73.6632
1930	1.36232	73.6441
1930.2	1.45778	73.7815
1930.4	1.35144	74.2684
1930.6	1.3868	74.2262
1930.8	1.34301	73.9178
1931	1.33132	73.9953
1931.2	1.41131	73.6804
1931.4	1.4474	73.888
1931.6	1.29435	74.3137
1931.8	1.33303	74.1287
1932	1.32403	73.604
1932.2	1.23116	73.5894
1932.4	1.2975	73.5557
1932.6	1.41024	73.7328
1932.8	1.26101	73.4683
1933	1.4152	73.9648
1933.2	1.31931	74.0833
1933.4	1.33894	74.1882
1933.6	1.40039	73.9236
1933.8	1.29649	74.1464
1934	1.38561	74.2159
1934.2	1.34043	74.2377
1934.4	1.36775	73.9946
1934.6	1.25815	73.9837
1934.8	1.4599	73.9327
1935	1.41634	74.1617
1935.2	1.41077	74.4267
1935.4	1.3183	74.9878
1935.6	1.3881	74.5933
1935.8	1.25629	74.2266
1936	1.43289	74.774
1936.2	1.14969	74.9599
1936.4	1.36133	74.7893
1936.6	1.27599	74.8736
1936.8	1.34537	74.7819
1937	1.40505	75.0752
1937.2	1.12942	75.2011
1937.4	1.25876	75.1793
1937.6	1.42448	75.1337
1937.8	1.38841	74.7557
1938	1.2345	74.8869
1938.2	1.31417	74.9747
1938.4	1.40738	75.3851
1938.6	1.36807	75.2295
1938.8	1.26924	75.4176
1939	1.43578	75.1646
1939.2	1.35673	75.1554
1939.4	1.29938	74.9367
1939.6	1.37383	75.0584
1939.8	1.33691	74.9906
1940	1.29216	75.2233
1940.2	1.51998	74.9766
1940.4	1.39647	75.0244
1940.6	1.35406	75.2443
1940.8	1.29275	75.0926
1941	1.408	74.6679
1941.2	1.43852	74.7832
1941.4	1.35575	74.8936
1941.6	1.37638	74.7452
1941.8	1.28596	74.62
1942	1.45963	74.7953
1942.2	1.20429	75.0857
1942.4	1.40667	75.0942
1942.6	1.20681	75.1014
1942.8	1.26346	74.7639
1943	1.4509	74.9525
1943.2	1.32734	74.9651
1943.4	1.34542	74.898
1943.6	1.39576	74.9718
1943.8	1.34819	75.2359
1944	1.39261	74.9804
1944.2	1.31355	75.2613
1944.4	1.22241	75.1062
1944.6	1.4505	75.0883
1944.8	1.35441	75.082
1945	1.45998	75.0365
1945.2	1.45434	75.1862
1945.4	1.32898	74.718
1945.6	1.41186	75.0364
1945.8	1.36173	75.1442
1946	1.30866	75.273
1946.2	1.28171	75.1708
1946.4	1.50494	75.3205
1946.6	1.33868	75.1047
1946.8	1.37077	75.2482
1947	1.33684	75.3101
1947.2	1.21539	75.0628
1947.4	1.31544	75.3385
1947.6	1.51299	75.1232
1947.8	1.30884	75.242
1948	1.3803	75.5814
1948.2	1.39715	75.0593
1948.4	1.32813	75.2924
1948.6	1.43934	75.2315
1948.8	1.2546	75.3033
1949	1.38937	75.3375
1949.2	1.33553	75.4689
1949.4	1.48735	75.5867
1949.6	1.576	75.0001
1949.8	1.31264	75.0936
1950	1.45004	74.9346
1950.2	1.3427	75.5288
1950.4	1.3906	75.2947
1950.6	1.39157	75.2967
1950.8	1.32183	74.9527
1951	1.34664	75.3062
1951.2	1.42258	75.3816
1951.4	1.37119	75.6749
1951.6	1.28158	75.1584
1951.8	1.37702	75.3519
1952	1.43996	75.4771
1952.2	1.39724	75.5343
1952.4	1.24626	75.5671
1952.6	1.3861	75.3769
1952.8	1.53956	75.553
1953	1.34712	75.3915
1953.2	1.40721	75.2381
1953.4	1.40973	75.7846
1953.6	1.28571	75.7107
1953.8	1.45923	75.6891
1954	1.38662	75.7386
1954.2	1.35672	75.4682
1954.4	1.41265	75.1496
1954.6	1.37935	75.994
1954.8	1.35203	75.734
1955	1.41265	75.7758
1955.2	1.42093	75.8462
1955.4	1.43153	75.4363
1955.6	1.36296	75.4915
1955.8	1.35786	75.3003
1956	1.28282	75.4852
1956.2	1.26206	75.5758
1956.4	1.41204	75.665
1956.6	1.33203	75.7921
1956.8	1.47579	75.5694
1957	1.52876	75.6501
1957.2	1.39015	75.8442
1957.4	1.41894	75.4663
1957.6	1.45354	75.0835
1957.8	1.41664	75.2568
1958	1.36967	75.397
1958.2	1.43985	75.7359
1958.4	1.32333	75.3134
1958.6	1.48701	75.2501
1958.8	1.28802	75.9107
1959	1.30604	75.7824
1959.2	1.32928	75.6012
1959.4	1.30128	75.5572
1959.6	1.45097	76.086
1959.8	1.33238	75.7731
1960	1.38234	75.5564
1960.2	1.27914	75.7498
1960.4	1.30885	75.8249
1960.6	1.4278	75.9457
1960.8	1.38656	75.9063
1961	1.36045	75.8492
1961.2	1.37541	75.9428
1961.4	1.4338	76.0842
1961.6	1.46423	75.8137
1961.8	1.40697	76.1258
1962	1.46492	75.9891
1962.2	1.46486	76.1839
1962.4	1.3089	75.9479
1962.6	1.29773	75.5332
1962.8	1.32084	75.7668
1963	1.41855	75.9866
1963.2	1.29224	75.4891
1963.4	1.45562	75.6431
1963.6	1.30298	75.8137
1963.8	1.41938	75.8332
1964	1.3891	75.6407
1964.2	1.33501	75.523
1964.4	1.29734	75.5135
1964.6	1.45311	75.7165
1964.8	1.27736	76.0436
1965	1.25753	75.8669
1965.2	1.30083	75.3271
1965.4	1.37723	75.7388
1965.6	1.28849	76.1067
1965.8	1.54806	75.9374
1966	1.29701	75.7465
1966.2	1.39223	76.2515
1966.4	1.33095	76.1627
1966.6	1.36602	76.1217
1966.8	1.25365	75.7609
1967	1.39622	75.7267
1967.2	1.52589	76.0018
1967.4	1.39159	76.5898
1967.6	1.36932	76.1098
1967.8	1.49482	76.0429
1968	1.38077	76.1434
1968.2	1.44591	75.678
1968.4	1.33106	76.0624
1968.6	1.40717	76.2893
1968.8	1.25215	76.1447
1969	1.49376	76.4094
1969.2	1.35816	75.85
1969.4	1.38405	75.4614
1969.6	1.23645	75.4524
1969.8	1.42384	75.6351
1970	1.45587	76.1171
1970.2	1.46366	75.8996
1970.4	1.3012	75.3986
1970.6	1.36626	75.5567
1970.8	1.48934	75.4213
1971	1.39895	75.4622
1971.2	1.38928	75.6599
1971.4	1.3854	75.6585
1971.6	1.4076	75.7482
1971.8	1.3474	75.6621
1972	1.42188	76.2378
1972.2	1.20621	76.449
1972.4	1.53358	75.8313
1972.6	1.39878	75.6189
1972.8	1.44892	75.8182
1973	1.31435	76.0785
1973.2	1.39848	76.1632
1973.4	1.41421	75.799
1973.6	1.39148	76.2091
1973.8	1.30798	76.4797
1974	1.43444	76.3424
1974.2	1.48339	75.9478
1974.4	1.37902	76.0458
1974.6	1.2747	75.9852
1974.8	1.2856	75.8213
1975	1.41305	75.9296
1975.2	1.40267	75.7871
1975.4	1.35519	76.3393
1975.6	1.35309	76.0394
1975.8	1.35742	75.7399
1976	1.29655	75.77
1976.2	1.42864	75.9129
1976.4	1.26092	76.2435
1976.6	1.36103	76.0293
1976.8	1.40914	76.1451
1977	1.36372	76.2348
1977.2	1.31426	76.1058
1977.4	1.34611	76.1599
1977.6	1.36422	76.2704
1977.8	1.49403	76.5443
1978	1.40548	76.6362
1978.2	1.36433	76.3326
1978.4	1.2915	76.2466
1978.6	1.23411	76.1376
1978.8	1.34578	76.6866
1979	1.32914	76.2349
1979.2	1.46619	76.7529
1979.4	1.39725	76.0817
1979.6	1.37382	76.2425
1979.8	1.41847	76.3002
1980	1.36713	76.2295
1980.2	1.3411	76.3618
1980.4	1.27109	76.6183
1980.6	1.38843	76.5874
1980.8	1.32734	76.7067
1981	1.52151	76.2928
1981.2	1.47532	76.2198
1981.4	1.62014	76.2389
1981.6	1.33487	76.5819
1981.8	1.40464	76.4055
1982	1.34724	76.4729
1982.2	1.41003	76.3485
1982.4	1.24504	76.1959
1982.6	1.49838	76.4021
1982.8	1.36494	76.5425
1983	1.43423	76.6834
1983.2	1.33782	76.7933
1983.4	1.4572	76.8574
1983.6	1.41112	76.781
1983.8	1.20034	76.6934
1984	1.3971	76.8859
1984.2	1.47422	76.4328
1984.4	1.26822	76.8142
1984.6	1.36056	77.0095
1984.8	1.30555	77.007
1985	1.36708	76.7359
1985.2	1.30691	76.8497
1985.4	1.41163	77.2286
1985.6	1.31701	77.1997
1985.8	1.46886	77.195
1986	1.41275	77.3756
1986.2	1.26834	76.8943
1986.4	1.20273	76.899
1986.6	1.3648	77.101
1986.8	1.43259	76.9221
1987	1.20725	77.0582
1987.2	1.29448	77.0985
1987.4	1.31498	77.1167
1987.6	1.20336	77.4858
1987.8	1.42248	77.701
1988	1.29565	77.8641
1988.2	1.49232	77.3952
1988.4	1.3349	77.0734
1988.6	1.40087	77.3671
1988.8	1.25825	77.2855
1989	1.43246	77.3387
1989.2	1.34081	77.2136
1989.4	1.28674	77.5801
1989.6	1.28593	77.4167
1989.8	1.21789	77.6357
1990	1.46519	77.5505
1990.2	1.25481	77.3938
1990.4	1.3238	77.2103
1990.6	1.31218	77.3378
1990.8	1.2806	77.1943
1991	1.35915	77.3415
1991.2	1.40868	77.1863
1991.4	1.39883	77.3678
1991.6	1.30364	77.5769
1991.8	1.41765	77.0622
1992	1.44798	76.7357
1992.2	1.37851	76.7204
1992.4	1.42901	76.5093
1992.6	1.3611	76.9992
1992.8	1.2705	76.8232
1993	1.51454	77.2918
1993.2	1.26346	77.4233
1993.4	1.29508	76.6317
1993.6	1.37363	76.9284
1993.8	1.47366	76.885
1994	1.31693	77.2217
1994.2	1.32189	76.9691
1994.4	1.32507	77.1567
1994.6	1.39016	76.5855
1994.8	1.35543	76.7817
1995	1.42748	77.0062
1995.2	1.35913	77.1754
1995.4	1.28928	76.8979
1995.6	1.42347	76.9838
1995.8	1.27798	76.88
1996	1.28902	76.8376
1996.2	1.38366	76.9779
1996.4	1.38633	76.9533
1996.6	1.43985	76.9602
1996.8	1.36433	76.9878
1997	1.42803	76.7621
1997.2	1.4194	76.6318
1997.4	1.29644	77.0968
1997.6	1.37077	76.7849
1997.8	1.26654	76.6651
1998	1.34674	76.4353
1998.2	1.31566	76.7661
1998.4	1.40105	76.6344
1998.6	1.37581	76.5386
1998.8	1.38022	76.1512
1999	1.36428	76.4498
1999.2	1.28059	76.7158
1999.4	1.32602	76.9433
1999.6	1.28643	76.9147
1999.8	1.303	76.6442
2000	1.63847	76.6181
2000.2	1.53286	76.8731
2000.4	1.5536	76.5686
2000.6	1.52943	76.5815
2000.8	1.40719	76.9718
2001	1.63977	76.7051
2001.2	1.53958	76.8062
2001.4	1.52111	76.5376
2001.6	1.49732	76.6775
2001.8	1.54929	76.7278
2002	1.39658	76.8579
2002.2	1.41678	76.9384
2002.4	1.64896	77.0225
2002.6	1.61742	76.9586
2002.8	1.52508	76.5609
2003	1.49308	76.9534
2003.2	1.48467	76.749
2003.4	1.37662	77.0157
2003.6	1.68976	76.7783
2003.8	1.61638	76.7251
2004	1.46941	76.6487
2004.2	1.79487	76.832
2004.4	1.50382	76.6783
2004.6	1.49458	76.8968
2004.8	1.42193	77.0605
2005	1.49818	76.9073
2005.2	1.74991	76.7448
2005.4	1.58278	77.0541
2005.6	1.70553	76.7503
2005.8	1.61765	76.6706
2006	1.70398	76.3933
2006.2	1.5295	76.6695
2006.4	1.47121	76.9675
2006.6	1.52876	77.2504
2006.8	1.43076	77.222
2007	1.41948	77.32
2007.2	1.55547	76.8029
2007.4	1.644	76.9682
2007.6	1.62948	76.8002
2007.8	1.62247	77.0155
2008	1.44296	76.9047
2008.2	1.63628	76.8546
2008.4	1.60572	76.8468
2008.6	1.44623	76.9096
2008.8	1.41756	77.0326
2009	1.52971	76.7642
2009.2	1.55672	77.1115
2009.4	1.67426	77.1685
2009.6	1.56907	76.8766
2009.8	1.45359	76.9813
2010	1.36606	76.8622
2010.2	1.57076	77.1106
2010.4	1.56727	77.2144
2010.6	1.52657	76.7152
2010.8	1.54156	76.8641
2011	1.44848	77.0342
2011.2	1.52695	76.7043
2011.4	1.53383	76.4942
2011.6	1.57066	76.9472
2011.8	1.3775	77.2188
2012	1.57037	76.9699
2012.2	1.49616	77.1704
2012.4	1.60232	77.0101
2012.6	1.52533	77.2376
2012.8	1.47361	77.1935
2013	1.51557	77.0555
2013.2	1.58733	77.5804
2013.4	1.47747	77.682
2013.6	1.54621	77.1003
2013.8	1.67087	77.1665
2014	1.56813	77.1832
2014.2	1.56376	77.1818
2014.4	1.50346	77.0951
2014.6	1.48177	76.9914
2014.8	1.4393	77.0363
2015	1.52808	76.92
2015.2	1.58686	77.1848
2015.4	1.6274	76.8045
2015.6	1.44597	76.884
2015.8	1.42965	76.8817
2016	1.36422	77.1229
2016.2	1.6212	77.2742
2016.4	1.46639	77.326
2016.6	1.51613	76.7515
2016.8	1.50396	76.9998
2017	1.5614	76.8457
2017.2	1.49302	76.7645
2017.4	1.6029	76.8308
2017.6	1.38216	77.2319
2017.8	1.51299	76.8562
2018	1.56524	77.1314
2018.2	1.49189	76.8555
2018.4	1.47167	77.2001
2018.6	1.53771	76.989
2018.8	1.5205	76.9336
2019	1.51084	77.2982
2019.2	1.6292	77.2318
2019.4	1.58282	77.1819
2019.6	1.55874	77.1536
2019.8	1.58428	77.2825
2020	1.43241	77.2897
2020.2	1.49592	77.1657
2020.4	1.5577	76.9892
2020.6	1.64458	77.167
2020.8	1.28363	76.952
2021	1.64147	77.1291
2021.2	1.55444	77.3329
2021.4	1.39503	77.271
2021.6	1.60047	77.1535
2021.8	1.5661	77.1528
2022	1.4276	77.3481
2022.2	1.69692	77.375
2022.4	1.59221	77.1514
2022.6	1.43491	77.3216
2022.8	1.51747	77.1828
2023	1.56994	77.6662
2023.2	1.53156	76.9196
2023.4	1.5777	76.7076
2023.6	1.7358	77.307
2023.8	1.42442	77.4246
2024	1.62303	77.4678
2024.2	1.5785	77.5219
2024.4	1.57862	77.2068
2024.6	1.67332	77.7896
2024.8	1.51991	77.6109
2025	1.59589	77.4917
2025.2	1.63847	77.7704
2025.4	1.55326	77.7697
2025.6	1.57471	77.7327
2025.8	1.39976	77.5491
2026	1.53147	77.8713
2026.2	1.4191	77.6333
2026.4	1.47584	77.8377
2026.6	1.5039	77.6559
2026.8	1.44175	77.4562
2027	1.5892	77.626
2027.2	1.55081	77.5846
2027.4	1.44938	77.9096
2027.6	1.437	78.2387
2027.8	1.46852	78.2001
2028	1.40371	78.427
2028.2	1.63198	78.2452
2028.4	1.4393	77.6137
2028.6	1.55179	77.6701
2028.8	1.43754	77.7288
2029	1.43969	77.8603
2029.2	1.60689	78.0635
2029.4	1.39881	77.8162
2029.6	1.54207	77.9521
2029.8	1.76127	77.5648
2030	1.51276	77.7398
2030.2	1.53744	77.5994
2030.4	1.59881	77.7772
2030.6	1.62173	77.6383
2030.8	1.51324	78.0281
2031	1.53079	77.5985
2031.2	1.70394	77.841
2031.4	1.62336	78.0316
2031.6	1.53261	77.8524
2031.8	1.40198	78.0045
2032	1.41434	77.5682
2032.2	1.47154	77.5165
2032.4	1.50339	77.7434
2032.6	1.52067	77.5979
2032.8	1.76184	77.9497
2033	1.68119	77.8329
2033.2	1.44886	77.852
2033.4	1.45826	77.7972
2033.6	1.49654	77.6921
2033.8	1.46333	78.0737
2034	1.5491	77.922
2034.2	1.65265	77.5263
2034.4	1.60264	77.664
2034.6	1.45745	77.7766
2034.8	1.52322	77.6858
2035	1.64314	77.6629
2035.2	1.55728	77.6822
2035.4	1.54209	77.9115
2035.6	1.61324	78.0047
2035.8	1.42859	77.633
2036	1.46636	77.0539
2036.2	1.50894	77.4824
2036.4	1.40369	77.3884
2036.6	1.55593	77.5287
2036.8	1.6511	77.5951
2037	1.43712	77.9808
2037.2	1.53387	77.7552
2037.4	1.48091	77.5505
2037.6	1.54231	77.3637
2037.8	1.49803	77.4492
2038	1.60851	77.7584
2038.2	1.48731	77.6965
2038.4	1.35954	77.6482
2038.6	1.60341	77.7632
2038.8	1.4038	77.8966
2039	1.40129	77.6459
2039.2	1.41089	77.7763
2039.4	1.47737	77.8874
2039.6	1.50209	77.9215
2039.8	1.62572	78.4332
2040	1.38839	77.9461
2040.2	1.46338	77.6171
2040.4	1.39322	77.9114
2040.6	1.49598	78.2206
2040.8	1.58565	78.2196
2041	1.65908	77.8707
2041.2	1.48217	77.8699
2041.4	1.43081	78.1196
2041.6	1.43126	78.0401
2041.8	1.556	78.4659
2042	1.51588	78.7014
2042.2	1.58518	78.5928
2042.4	1.57885	78.4686
2042.6	1.4687	78.339
2042.8	1.57497	78.1541
2043	1.57203	78.2601
2043.2	1.5907	78.4468
2043.4	1.64595	78.4304
2043.6	1.49662	78.4568
2043.8	1.5441	78.7353
2044	1.66657	78.764
2044.2	1.59234	78.3802
2044.4	1.53642	78.3371
2044.6	1.46936	78.3462
2044.8	1.55767	78.396
2045	1.64163	78.5816
2045.2	1.51617	78.55
2045.4	1.43078	78.7016
2045.6	1.65931	78.7176
2045.8	1.53334	78.3024
2046	1.58033	78.3308
2046.2	1.52173	78.3526
2046.4	1.59932	78.5435
2046.6	1.3616	78.2805
2046.8	1.49113	77.9724
2047	1.53392	78.3176
2047.2	1.403	78.4597
2047.4	1.48235	78.7326
2047.6	1.4647	78.4862
2047.8	1.49551	78.2088
2048	1.56727	78.542
2048.2	1.68095	78.0159
2048.4	1.47173	78.2263
2048.6	1.55566	78.0804
2048.8	1.51353	78.2534
2049	1.59129	78.2836
2049.2	1.54851	78.1635
2049.4	1.57235	78.3415
2049.6	1.55788	78.315
2049.8	1.42421	78.4702
2050	1.47499	78.0915
2050.2	1.56948	78.2461
2050.4	1.66756	78.4782
2050.6	1.62557	78.3171
2050.8	1.61332	78.4667
2051	1.54996	78.349
2051.2	1.61599	78.1845
2051.4	1.30833	78.1738
2051.6	1.57411	78.489
2051.8	1.5275	78.3758
2052	1.51711	78.5745
2052.2	1.31213	78.7215
2052.4	1.4708	78.6239
2052.6	1.61536	78.4325
2052.8	1.43916	78.2047
2053	1.56661	78.0008
2053.2	1.64289	78.1204
2053.4	1.41002	78.0039
2053.6	1.47046	78.1263
2053.8	1.43603	77.5321
2054	1.64087	78.0879
2054.2	1.50193	78.1147
2054.4	1.51151	78.0586
2054.6	1.58047	78.4158
2054.8	1.44533	78.1403
2055	1.5132	78.2409
2055.2	1.35759	78.1175
2055.4	1.4399	78.3277
2055.6	1.53801	78.271
2055.8	1.68134	78.6327
2056	1.60216	78.2761
2056.2	1.56218	78.0787
2056.4	1.61571	78.1867
2056.6	1.54067	78.0746
2056.8	1.57034	78.1489
2057	1.63339	78.5569
2057.2	1.51232	78.394
2057.4	1.50734	78.7245
2057.6	1.41105	78.4005
2057.8	1.49821	78.3352
2058	1.51156	78.5044
2058.2	1.51908	78.3506
2058.4	1.53861	78.2412
2058.6	1.46406	78.1299
2058.8	1.57471	78.5285
2059	1.47122	78.5362
2059.2	1.50099	78.0441
2059.4	1.47455	78.0185
2059.6	1.49582	78.4319
2059.8	1.38585	78.7458
2060	1.48968	78.3
2060.2	1.58719	78.5501
2060.4	1.4722	78.4963
2060.6	1.43572	78.5722
2060.8	1.52501	78.2767
2061	1.55807	78.1035
2061.2	1.36901	78.6789
2061.4	1.68949	78.4446
2061.6	1.42322	78.1734
2061.8	1.5531	78.5164
2062	1.59039	78.4902
2062.2	1.71196	78.5453
2062.4	1.43077	78.4709
2062.6	1.43008	78.4957
2062.8	1.62549	78.3694
2063	1.5309	78.7347
2063.2	1.61431	78.3664
2063.4	1.45586	78.2686
2063.6	1.53345	78.5016
2063.8	1.42204	78.6082
2064	1.49064	78.754
2064.2	1.44685	77.849
2064.4	1.3697	78.5263
2064.6	1.73916	78.2092
2064.8	1.59448	78.6301
2065	1.40854	78.3308
2065.2	1.68294	78.5872
2065.4	1.59348	78.3839
2065.6	1.65047	78.2125
2065.8	1.48592	78.3355
2066	1.48897	78.2588
2066.2	1.62174	78.1433
2066.4	1.56028	78.2096
2066.6	1.60031	77.8874
2066.8	1.57706	77.6759
2067	1.53783	78.3361
2067.2	1.68966	77.9858
2067.4	1.5436	77.6726
2067.6	1.38762	77.9102
2067.8	1.66627	78.0332
2068	1.51242	78.1525
2068.2	1.71017	77.8512
2068.4	1.54825	77.8901
2068.6	1.53019	77.9781
2068.8	1.37333	78.0077
2069	1.5843	78.213
2069.2	1.4671	78.1613
2069.4	1.53006	77.9544
2069.6	1.62235	78.2162
2069.8	1.61226	78.2649
2070	1.62382	78.0087
2070.2	1.51011	78.1542
2070.4	1.52248	77.946
2070.6	1.44677	78.1911
2070.8	1.5447	77.9783
2071	1.48792	78.1652
2071.2	1.58461	78.2606
2071.4	1.50116	78.4454
2071.6	1.56791	78.7261
2071.8	1.53942	78.7168
2072	1.55731	78.5524
2072.2	1.59454	78.1801
2072.4	1.55904	78.1438
2072.6	1.56628	78.441
2072.8	1.40082	78.4921
2073	1.52257	78.7558
2073.2	1.53056	78.5698
2073.4	1.4458	78.2691
2073.6	1.53415	78.5137
2073.8	1.61986	78.5266
2074	1.54888	78.8193
2074.2	1.32883	78.6522
2074.4	1.44361	78.433
2074.6	1.68605	78.286
2074.8	1.58757	78.3081
2075	1.44145	78.0999
2075.2	1.58233	78.1428
2075.4	1.42577	78.532
2075.6	1.50082	78.472
2075.8	1.47304	78.9636
2076	1.51785	78.8475
2076.2	1.50172	78.8467
2076.4	1.47869	78.055
2076.6	1.39251	78.6189
2076.8	1.72749	78.5684
2077	1.71009	78.6427
2077.2	1.57097	78.6463
2077.4	1.49595	78.1576
2077.6	1.38716	78.2529
2077.8	1.50429	78.4753
2078	1.59847	78.4556
2078.2	1.45159	77.8507
2078.4	1.63372	77.9638
2078.6	1.5019	77.8748
2078.8	1.56794	78.051
2079	1.579	77.9068
2079.2	1.62596	77.9329
2079.4	1.41843	77.9708
2079.6	1.59048	78.3147
2079.8	1.5261	78.4069
2080	1.56423	77.9914
2080.2	1.51311	77.9912
2080.4	1.5776	78.0404
2080.6	1.50139	77.5398
2080.8	1.50647	77.9454
2081	1.48133	78.1336
2081.2	1.41698	78.3534
2081.4	1.466	78.3824
2081.6	1.56048	77.8885
2081.8	1.47833	78.4678
2082	1.5332	78.3831
2082.2	1.83202	78.0686
2082.4	1.47117	77.7588
2082.6	1.54449	78.0569
2082.8	1.62931	78.0194
2083	1.51574	78.1159
2083.2	1.50372	78.0859
2083.4	1.43248	78.3823
2083.6	1.51234	78.3058
2083.8	1.61783	78.6287
2084	1.59623	78.3524
2084.2	1.53721	77.7713
2084.4	1.39478	77.8897
2084.6	1.45281	77.8652
2084.8	1.39837	77.8652
2085	1.5021	78.0333
2085.2	1.38188	78.1361
2085.4	1.40325	78.1072
2085.6	1.55127	78.1009
2085.8	1.60428	77.7467
2086	1.58665	77.5885
2086.2	1.53501	77.7851
2086.4	1.57868	77.6889
2086.6	1.57255	77.9541
2086.8	1.57291	78.068
2087	1.47141	78.3493
2087.2	1.46079	78.3957
2087.4	1.52058	77.5761
2087.6	1.52154	77.2109
2087.8	1.44517	77.7259
2088	1.43552	77.9038
2088.2	1.52679	77.7877
2088.4	1.47602	77.7852
2088.6	1.60362	77.9341
2088.8	1.42407	77.7951
2089	1.47509	77.8193
2089.2	1.54192	77.2272
2089.4	1.51024	77.368
2089.6	1.49928	77.3221
2089.8	1.51047	77.3587
2090	1.6139	77.1803
2090.2	1.36977	77.7187
2090.4	1.58468	77.5168
2090.6	1.36668	77.0333
2090.8	1.60724	77.2574
2091	1.54912	77.1531
2091.2	1.49164	77.4785
2091.4	1.57743	77.2665
2091.6	1.48332	77.0562
2091.8	1.62761	77.3596
2092	1.50174	77.3763
2092.2	1.41504	77.5292
2092.4	1.65091	77.33
2092.6	1.43454	77.1788
2092.8	1.5117	77.2847
2093	1.38809	76.5561
2093.2	1.34404	76.9187
2093.4	1.60641	76.914
2093.6	1.61613	77.3576
2093.8	1.30598	76.904
2094	1.56833	77.3465
2094.2	1.52848	77.5688
2094.4	1.55619	77.3922
2094.6	1.51566	77.1415
2094.8	1.57649	77.5005
2095	1.60114	77.4689
2095.2	1.65183	77.0086
2095.4	1.53266	77.2718
2095.6	1.55087	77.5232
2095.8	1.39855	77.4852
2096	1.44559	77.475
2096.2	1.55295	77.0989
2096.4	1.53435	77.239
2096.6	1.57965	76.8204
2096.8	1.65236	76.9811
2097	1.51218	76.9849
2097.2	1.59573	77.2236
2097.4	1.45449	77.2507
2097.6	1.44354	77.1104
2097.8	1.42125	76.953
2098	1.59086	77.3145
2098.2	1.53443	77.5995
2098.4	1.59992	77.6157
2098.6	1.39723	77.3862
2098.8	1.48496	77.3346
2099	1.40003	77.4528
2099.2	1.43847	77.5682
2099.4	1.63459	77.7563
2099.6	1.53793	77.632
2099.8	1.6278	77.4992
2100	1.49898	78.0577
2100.2	1.33269	77.5203
2100.4	1.38817	77.3961
2100.6	1.58114	77.8555
2100.8	1.26843	77.3135
2101	1.74211	77.6345
2101.2	1.45134	77.6794
2101.4	1.49938	77.5324
2101.6	1.43956	77.7699
2101.8	1.45009	77.5996
2102	1.51275	77.5479
2102.2	1.45037	77.6311
2102.4	1.50589	77.7252
2102.6	1.54038	77.6184
2102.8	1.50392	77.7228
2103	1.33297	77.4918
2103.2	1.52355	77.5867
2103.4	1.43331	77.5054
2103.6	1.36873	77.4816
2103.8	1.49981	77.5157
2104	1.46983	77.3724
2104.2	1.55473	77.5206
2104.4	1.6299	77.4847
2104.6	1.46346	77.6432
2104.8	1.42624	77.6099
2105	1.39795	77.9199
2105.2	1.52245	77.9341
2105.4	1.59419	77.5158
2105.6	1.6166	77.6734
2105.8	1.50187	77.679
2106	1.6976	77.72
2106.2	1.45292	77.6417
2106.4	1.50684	77.6122
2106.6	1.67475	77.8178
2106.8	1.55333	77.452
2107	1.45309	77.4325
2107.2	1.46186	77.1539
2107.4	1.64937	77.3117
2107.6	1.48956	77.3107
2107.8	1.80118	77.2436
2108	1.4033	77.3075
2108.2	1.54196	77.2674
2108.4	1.427	77.6501
2108.6	1.43388	77.319
2108.8	1.32068	76.6785
2109	1.49478	76.7341
2109.2	1.49699	76.9397
2109.4	1.61823	77.1116
2109.6	1.61294	77.1936
2109.8	1.55101	77.4512
2110	1.57832	77.2111
2110.2	1.5606	76.9382
2110.4	1.62844	77.1179
2110.6	1.41148	76.7977
2110.8	1.55458	76.6236
2111	1.53068	77.2651
2111.2	1.48416	76.9211
2111.4	1.41205	77.1899
2111.6	1.51415	76.7396
2111.8	1.44143	77.0915
2112	1.4179	77.2084
2112.2	1.70378	77.1139
2112.4	1.61236	76.9377
2112.6	1.49755	76.8523
2112.8	1.41533	76.9671
2113	1.60175	77.0343
2113.2	1.5422	77.0112
2113.4	1.40545	77.1141
2113.6	1.66101	77.0053
2113.8	1.53574	77.3088
2114	1.52736	77.311
2114.2	1.52719	76.887
2114.4	1.5774	77.0412
2114.6	1.56498	76.7517
2114.8	1.52124	76.8793
2115	1.42979	76.8459
2115.2	1.4836	76.6864
2115.4	1.46264	76.8621
2115.6	1.59755	76.6166
2115.8	1.57034	76.8093
2116	1.32899	76.7578
2116.2	1.42853	77.2581
2116.4	1.46378	76.8218
2116.6	1.44888	76.5516
2116.8	1.5145	77.099
2117	1.53914	77.2993
2117.2	1.50677	76.9849
2117.4	1.60733	77.2097
2117.6	1.62996	77.3818
2117.8	1.53756	77.1163
2118	1.52036	77.2673
2118.2	1.48283	77.2757
2118.4	1.61381	77.4275
2118.6	1.63803	77.7939
2118.8	1.65827	77.4624
2119	1.432	77.7545
2119.2	1.70361	77.319
2119.4	1.57195	77.1922
2119.6	1.41993	77.0761
2119.8	1.38737	77.1629
2120	1.46792	77.425
2120.2	1.52411	77.3856
2120.4	1.51268	77.4466
2120.6	1.58709	77.4938
2120.8	1.52473	77.7459
2121	1.46363	77.3857
2121.2	1.60207	77.0434
2121.4	1.53863	77.7661
2121.6	1.45746	77.4971
2121.8	1.54704	77.4676
2122	1.45695	77.7823
2122.2	1.49315	77.8231
2122.4	1.46971	77.5365
2122.6	1.56975	77.576
2122.8	1.47474	77.4669
2123	1.42691	77.4322
2123.2	1.5622	77.1779
2123.4	1.57475	77.4797
2123.6	1.51454	77.2467
2123.8	1.65337	77.4028
2124	1.5453	77.0741
2124.2	1.44483	77.3657
2124.4	1.45396	76.852
2124.6	1.7087	77.3599
2124.8	1.61641	76.9199
2125	1.38581	76.6263
2125.2	1.45041	76.6965
2125.4	1.50982	76.9216
2125.6	1.58394	76.534
2125.8	1.6018	76.38
2126	1.58958	77.0459
2126.2	1.54476	77.2357
2126.4	1.54989	77.0443
2126.6	1.38367	76.775
2126.8	1.55466	76.5557
2127	1.61017	77.1505
2127.2	1.63923	77.2722
2127.4	1.43869	77.0661
2127.6	1.33307	77.441
2127.8	1.5562	77.2577
2128	1.48931	77.0705
2128.2	1.47646	76.952
2128.4	1.56616	77.0313
2128.6	1.4447	77.2738
2128.8	1.58354	77.1817
2129	1.35972	77.2127
2129.2	1.56244	77.1863
2129.4	1.40723	77.7709
2129.6	1.56048	77.3283
2129.8	1.35037	77.3169
2130	1.53575	77.1045
2130.2	1.63553	77.8514
2130.4	1.41434	77.3153
2130.6	1.51678	77.4558
2130.8	1.42155	77.2169
2131	1.35377	77.279
2131.2	1.64965	77.0716
2131.4	1.54759	77.0132
2131.6	1.56556	77.3814
2131.8	1.49262	77.1943
2132	1.48652	77.0237
2132.2	1.43384	77.194
2132.4	1.46624	77.587
2132.6	1.53711	77.2122
2132.8	1.61169	77.5047
2133	1.59304	77.4531
2133.2	1.45851	77.3545
2133.4	1.43869	77.2306
2133.6	1.62003	77.5959
2133.8	1.57606	77.4753
2134	1.38583	77.7259
2134.2	1.59418	77.6718
2134.4	1.74523	77.6291
2134.6	1.52416	77.2698
2134.8	1.62231	77.3187
2135	1.61366	77.5385
2135.2	1.55127	77.4683
2135.4	1.55117	77.161
2135.6	1.63617	77.6964
2135.8	1.59073	77.6895
2136	1.63268	77.8171
2136.2	1.61747	77.7105
2136.4	1.54252	77.9671
2136.6	1.53318	77.5856
2136.8	1.63195	77.7512
2137	1.48524	77.8557
2137.2	1.59528	78.3003
2137.4	1.50936	77.7869
2137.6	1.56474	77.8103
2137.8	1.65808	78.2128
2138	1.46101	77.9466
2138.2	1.48255	78.2714
2138.4	1.75208	77.8277
2138.6	1.57798	77.9891
2138.8	1.59371	77.8141
2139	1.6377	77.8929
2139.2	1.51978	78.2768
2139.4	1.50899	78.2763
2139.6	1.39579	78.6213
2139.8	1.63357	77.886
2140	1.55339	78.0698
2140.2	1.61185	77.7282
2140.4	1.56479	77.6115
2140.6	1.5647	77.9352
2140.8	1.61494	77.6729
2141	1.58957	78.3419
2141.2	1.48626	78.1866
2141.4	1.54036	78.1583
2141.6	1.50313	77.8585
2141.8	1.45967	78.2379
2142	1.63402	78.5213
2142.2	1.58091	78.4402
2142.4	1.62199	78.2173
2142.6	1.46086	78.7936
2142.8	1.36972	78.1784
2143	1.55979	78.1996
2143.2	1.51604	78.1773
2143.4	1.39429	78.3629
2143.6	1.47368	78.3986
2143.8	1.55899	78.3809
2144	1.4945	78.4118
2144.2	1.60812	78.7502
2144.4	1.41972	77.9309
2144.6	1.35241	78.2508
2144.8	1.61743	78.5492
2145	1.52154	78.3479
2145.2	1.6057	78.5051
2145.4	1.61072	78.5445
2145.6	1.38402	78.7797
2145.8	1.59545	78.7098
2146	1.67442	78.518
2146.2	1.53647	78.5847
2146.4	1.60209	79.0403
2146.6	1.71729	78.6297
2146.8	1.54718	78.7169
2147	1.61545	78.6861
2147.2	1.55228	78.7315
2147.4	1.69137	78.796
2147.6	1.41084	78.6762
2147.8	1.37856	78.9257
2148	1.48084	78.624
2148.2	1.4877	78.2673
2148.4	1.55382	78.1614
2148.6	1.51009	78.6667
2148.8	1.56888	78.1856
2149	1.4991	78.0539
2149.2	1.46511	78.1976
2149.4	1.55547	78.198
2149.6	1.59349	78.4466
2149.8	1.59504	78.3686
2150	1.59161	78.457
2150.2	1.54643	79.0147
2150.4	1.47659	78.9319
2150.6	1.45339	79.3819
2150.8	1.37815	79.3372
2151	1.37204	79.5423
2151.2	1.53781	79.209
2151.4	1.50019	78.6951
2151.6	1.55731	78.8934
2151.8	1.39278	78.7869
2152	1.35148	78.9791
2152.2	1.64215	79.1302
2152.4	1.48997	79.0082
2152.6	1.65282	79.0386
2152.8	1.51625	78.9365
2153	1.53658	79.0538
2153.2	1.45045	78.8383
2153.4	1.54369	78.8079
2153.6	1.51445	79.1039
2153.8	1.63212	79.1088
2154	1.43093	79.2669
2154.2	1.48638	79.4659
2154.4	1.43873	79.2569
2154.6	1.56592	79.4219
2154.8	1.45922	79.3276
2155	1.52221	79.4868
2155.2	1.55384	79.4501
2155.4	1.5982	79.3175
2155.6	1.47388	79.4111
2155.8	1.4688	79.3955
2156	1.58884	79.6189
2156.2	1.48679	79.3698
2156.4	1.50917	79.1149
2156.6	1.53296	79.2075
2156.8	1.46757	79.4056
2157	1.43596	79.4222
2157.2	1.54899	79.3797
2157.4	1.58175	79.3806
2157.6	1.59457	79.0844
2157.8	1.49875	79.8699
2158	1.41454	79.9655
2158.2	1.44617	79.5569
2158.4	1.5341	79.8888
2158.6	1.59419	79.4145
2158.8	1.51605	79.2755
2159	1.61508	79.1324
2159.2	1.47371	79.0231
2159.4	1.46988	79.1052
2159.6	1.53308	79.2527
2159.8	1.56951	79.0295
2160	1.47917	80.3572
2160.2	1.52342	80.237
2160.4	1.57743	79.5584
2160.6	1.45177	79.3472
2160.8	1.50268	79.2466
2161	1.43663	79.7057
2161.2	1.55754	79.6771
2161.4	1.71892	79.8067
2161.6	1.36109	79.8613
2161.8	1.46549	80.2449
2162	1.71973	80.1743
2162.2	1.68766	80.0753
2162.4	1.39064	80.2157
2162.6	1.48925	80.0975
2162.8	1.3923	79.9994
2163	1.62724	80.2894
2163.2	1.54393	80.7762
2163.4	1.5944	80.3335
2163.6	1.5194	80.3769
2163.8	1.55821	80.4008
2164	1.59551	80.1355
2164.2	1.6653	79.6769
2164.4	1.57291	80.0585
2164.6	1.56102	80.4554
2164.8	1.54051	79.8782
2165	1.42841	80.1797
2165.2	1.68157	80.2374
2165.4	1.51134	80.1575
2165.6	1.66523	79.9081
2165.8	1.48266	79.7944
2166	1.47689	79.9574
2166.2	1.46145	79.9426
2166.4	1.50881	80.4628
2166.6	1.51265	80.2144
2166.8	1.56631	80.2202
2167	1.43113	80.6149
2167.2	1.6158	80.3703
2167.4	1.4442	80.0482
2167.6	1.58748	80.7461
2167.8	1.63356	80.2816
2168	1.61238	80.4742
2168.2	1.61786	80.175
2168.4	1.50376	80.3159
2168.6	1.5141	80.6704
2168.8	1.43442	80.3812
2169	1.5855	80.4966
2169.2	1.54929	80.5935
2169.4	1.60035	80.8591
2169.6	1.47032	80.6392
2169.8	1.48051	80.3931
2170	1.49306	80.2845
2170.2	1.5183	80.6225
2170.4	1.39782	80.4478
2170.6	1.47702	80.3109
2170.8	1.45948	80.5994
2171	1.66572	80.56
2171.2	1.56394	80.5369
2171.4	1.4656	80.6666
2171.6	1.66846	80.5859
2171.8	1.29304	80.3465
2172	1.45127	80.6933
2172.2	1.51847	80.8935
2172.4	1.48783	80.5782
2172.6	1.53626	80.6824
2172.8	1.441	80.5272
2173	1.38384	80.6032
2173.2	1.54949	80.5634
2173.4	1.49074	80.5896
2173.6	1.53697	80.4079
2173.8	1.49371	80.0756
2174	1.50353	80.1449
2174.2	1.51031	80.2153
2174.4	1.53093	80.2471
2174.6	1.39336	80.3269
2174.8	1.4428	79.8199
2175	1.53273	79.8243
2175.2	1.49863	79.8542
2175.4	1.3619	80.0018
2175.6	1.47329	80.0092
2175.8	1.51715	79.7274
2176	1.54243	80.0628
2176.2	1.44677	80.1501
2176.4	1.32701	80.0826
2176.6	1.52549	79.9721
2176.8	1.63117	80.611
2177	1.46361	80.593
2177.2	1.54217	80.0038
2177.4	1.57542	79.8304
2177.6	1.49284	80.3197
2177.8	1.5206	80.4466
2178	1.48696	80.2492
2178.2	1.52449	80.6523
2178.4	1.54447	80.4426
2178.6	1.66164	80.6878
2178.8	1.57407	80.5691
2179	1.45456	80.4988
2179.2	1.46679	80.4772
2179.4	1.44869	80.5266
2179.6	1.45716	80.4061
2179.8	1.39423	80.317
2180	1.44936	80.4696
2180.2	1.63177	80.4592
2180.4	1.39147	80.0427
2180.6	1.73201	80.1577
2180.8	1.39706	80.4286
2181	1.70571	80.3592
2181.2	1.53626	80.1542
2181.4	1.43593	80.1839
2181.6	1.51402	80.5027
2181.8	1.58626	80.0347
2182	1.50469	80.1372
2182.2	1.62356	79.4614
2182.4	1.6819	80.2263
2182.6	1.56939	80.023
2182.8	1.61389	80.2686
2183	1.64898	80.1381
2183.2	1.46298	80.5381
2183.4	1.7072	80.4302
2183.6	1.59549	80.0659
2183.8	1.47606	80.2898
2184	1.46195	80.2386
2184.2	1.53569	80.3178
2184.4	1.5073	80.2686
2184.6	1.42009	80.275
2184.8	1.52432	80.603
2185	1.53727	80.6345
2185.2	1.45497	80.3592
2185.4	1.45569	80.1199
2185.6	1.56914	80.2309
2185.8	1.4848	79.9855
2186	1.47229	80.2043
2186.2	1.45202	80.2697
2186.4	1.52581	80.2225
2186.6	1.54823	80.2546
2186.8	1.59846	79.9575
2187	1.54864	80.1253
2187.2	1.48594	79.6728
2187.4	1.57726	80.1477
2187.6	1.60696	80.0432
2187.8	1.45142	80.2413
2188	1.59707	80.3991
2188.2	1.60891	80.0932
2188.4	1.67002	80.0101
2188.6	1.53147	80.0981
2188.8	1.40983	79.9926
2189	1.61056	80.0938
2189.2	1.62455	80.0961
2189.4	1.32528	80.3505
2189.6	1.44018	80.1716
2189.8	1.5315	80.4478
2190	1.55476	80.2573
2190.2	1.59795	80.4081
2190.4	1.41082	79.9394
2190.6	1.61627	79.8091
2190.8	1.60491	79.9197
2191	1.50922	79.6446
2191.2	1.59342	79.9997
2191.4	1.42809	79.7401
2191.6	1.56622	79.9251
2191.8	1.55324	80.0805
2192	1.4436	79.9505
2192.2	1.65334	79.9629
2192.4	1.49959	79.9088
2192.6	1.45434	80.2345
2192.8	1.61869	80.0671
2193	1.48061	79.9197
2193.2	1.403	80.113
2193.4	1.45949	80.1297
2193.6	1.55891	80.0771
2193.8	1.55502	79.7826
2194	1.45585	80.2234
2194.2	1.61802	80.4649
2194.4	1.63518	80.7943
2194.6	1.68944	80.7362
2194.8	1.39528	80.6245
2195	1.56455	80.9037
2195.2	1.56517	80.7468
2195.4	1.4683	80.512
2195.6	1.50351	80.785
2195.8	1.43414	80.4924
2196	1.44027	80.583
2196.2	1.46339	80.405
2196.4	1.55241	80.6115
2196.6	1.5612	80.501
2196.8	1.50431	80.5618
2197	1.58767	80.6714
2197.2	1.51494	81.1728
2197.4	1.65478	80.8074
2197.6	1.46412	80.4109
2197.8	1.55017	80.795
2198	1.46409	81.3502
2198.2	1.55552	80.9715
2198.4	1.39353	79.7437
2198.6	1.53148	80.2685
2198.8	1.55075	80.3494
2199	1.58997	80.3927
2199.2	1.59619	80.2101
2199.4	1.58945	80.6168
2199.6	1.57261	80.8036
2199.8	1.54044	80.5402
2200	1.43953	80.6531
2200.2	1.65937	80.685
2200.4	1.39463	80.8428
2200.6	1.41781	80.7781
2200.8	1.56729	80.6187
2201	1.67516	80.892
2201.2	1.50631	80.5038
2201.4	1.68082	80.5103
2201.6	1.42763	80.1873
2201.8	1.47705	80.6362
2202	1.59915	80.8524
2202.2	1.44694	80.7161
2202.4	1.53271	80.6363
2202.6	1.50025	81.0454
2202.8	1.60741	81.2639
2203	1.56528	80.8179
2203.2	1.51367	81.1327
2203.4	1.49482	80.651
2203.6	1.56819	81.221
2203.8	1.45534	81.4872
2204	1.49302	81.2471
2204.2	1.58962	81.7299
2204.4	1.65349	81.3232
2204.6	1.57239	81.8811
2204.8	1.5125	81.5408
2205	1.52456	82.1389
2205.2	1.58697	81.5651
2205.4	1.49992	81.2318
2205.6	1.37116	81.6175
2205.8	1.54558	81.8051
2206	1.58878	81.297
2206.2	1.52009	81.32
2206.4	1.47037	81.6501
2206.6	1.39794	81.2782
2206.8	1.50472	81.3171
2207	1.55702	81.086
2207.2	1.61496	81.2688
2207.4	1.53615	81.4811
2207.6	1.53705	81.0537
2207.8	1.58718	80.8427
2208	1.54473	81.1195
2208.2	1.61802	81.1695
2208.4	1.38413	80.8415
2208.6	1.64597	80.5463
2208.8	1.464	80.8532
2209	1.51177	80.9504
2209.2	1.36154	81.0803
2209.4	1.64307	80.7347
2209.6	1.64347	80.2307
2209.8	1.45482	80.8292
2210	1.44026	81.112
2210.2	1.5546	80.9136
2210.4	1.45055	81.2217
2210.6	1.57516	81.6656
2210.8	1.56925	81.3371
2211	1.53571	80.928
2211.2	1.58189	80.8745
2211.4	1.36935	81.2541
2211.6	1.54595	81.1778
2211.8	1.51641	81.3661
2212	1.59976	81.3157
2212.2	1.53456	81.2714
2212.4	1.5917	81.6181
2212.6	1.50782	81.3652
2212.8	1.54182	81.3685
2213	1.36551	81.1159
2213.2	1.64907	81.0951
2213.4	1.55621	80.9037
2213.6	1.50806	80.8989
2213.8	1.63003	81.2475
2214	1.46278	81.0009
2214.2	1.50109	80.8412
2214.4	1.55422	80.8388
2214.6	1.48553	81.0812
2214.8	1.66484	80.7678
2215	1.46055	80.8106
2215.2	1.53278	80.7826
2215.4	1.46122	80.9888
2215.6	1.54124	81.0753
2215.8	1.64298	81.1295
2216	1.55447	80.9953
2216.2	1.53585	81.5261
2216.4	1.6212	81.433
2216.6	1.57067	81.2543
2216.8	1.4401	81.5708
2217	1.41844	80.9886
2217.2	1.36095	81.3515
2217.4	1.4897	81.4385
2217.6	1.56395	81.2463
2217.8	1.54666	81.5137
2218	1.42749	81.3414
2218.2	1.63027	81.3129
2218.4	1.48394	81.2356
2218.6	1.31163	81.2424
2218.8	1.58343	81.2784
2219	1.48607	81.0635
2219.2	1.5834	81.2723
2219.4	1.39119	81.4099
2219.6	1.4673	80.9091
2219.8	1.46753	81.4275
2220	1.41598	81.3926
2220.2	1.44993	81.0041
2220.4	1.52257	81.1199
2220.6	1.47551	81.3306
2220.8	1.59077	81.4001
2221	1.59761	81.2677
2221.2	1.45476	81.0911
2221.4	1.35396	81.4105
2221.6	1.57021	81.363
2221.8	1.48529	81.2741
2222	1.49171	80.951
2222.2	1.41404	81.6678
2222.4	1.46267	81.8536
2222.6	1.56929	81.684
2222.8	1.40749	81.3823
2223	1.48572	81.3522
2223.2	1.4146	81.3499
2223.4	1.43228	81.1574
2223.6	1.59035	81.4231
2223.8	1.49505	81.515
2224	1.43271	81.5943
2224.2	1.5114	81.6379
2224.4	1.50845	81.4047
2224.6	1.68815	81.6494
2224.8	1.59906	81.1304
2225	1.52763	81.3733
2225.2	1.48923	81.2889
2225.4	1.55707	81.5742
2225.6	1.39037	81.5704
2225.8	1.44541	81.4724
2226	1.36906	81.4694
2226.2	1.50564	81.0848
2226.4	1.52523	81.2195
2226.6	1.48238	81.2171
2226.8	1.43191	81.6693
2227	1.43931	81.4516
2227.2	1.45976	81.2844
2227.4	1.44093	81.4423
2227.6	1.41645	81.754
2227.8	1.64626	81.2275
2228	1.55799	81.2518
2228.2	1.51848	81.154
2228.4	1.69216	81.7156
2228.6	1.6195	81.7161
2228.8	1.52601	81.4178
2229	1.42044	81.6562
2229.2	1.37001	81.4606
2229.4	1.63702	81.3439
2229.6	1.58073	81.1595
2229.8	1.53	81.4971
2230	1.39913	81.5666
2230.2	1.52706	81.3017
2230.4	1.48805	81.4335
2230.6	1.349	81.4654
2230.8	1.46593	81.2529
2231	1.51919	81.3719
2231.2	1.43703	81.2106
2231.4	1.49042	81.384
2231.6	1.45484	81.3073
2231.8	1.44168	81.4097
2232	1.42572	81.6069
2232.2	1.53728	81.6509
2232.4	1.42161	81.3379
2232.6	1.52119	81.1636
2232.8	1.48419	81.2677
2233	1.4679	81.4113
2233.2	1.6109	81.188
2233.4	1.58772	81.6584
2233.6	1.50195	81.5571
2233.8	1.5959	81.4463
2234	1.54805	81.4124
2234.2	1.55607	81.3461
2234.4	1.41825	81.4977
2234.6	1.44913	81.5093
2234.8	1.47749	81.5509
2235	1.36824	81.4407
2235.2	1.46049	81.7103
2235.4	1.50694	81.7419
2235.6	1.39744	81.9079
2235.8	1.3686	82.0074
2236	1.53347	81.9604
2236.2	1.64271	81.7913
2236.4	1.53231	81.8249
2236.6	1.35792	81.6342
2236.8	1.4634	81.5413
2237	1.57112	81.7647
2237.2	1.5368	82.177
2237.4	1.5436	81.7304
2237.6	1.54298	81.8433
2237.8	1.70662	81.8546
2238	1.64303	81.7379
2238.2	1.3382	81.9355
2238.4	1.54914	81.9831
2238.6	1.51005	82.0592
2238.8	1.56303	81.9318
2239	1.71087	81.7341
2239.2	1.50927	81.9531
2239.4	1.59276	81.8937
2239.6	1.38815	81.9964
2239.8	1.70593	81.7279
2240	1.53735	82.2136
2240.2	1.56843	81.873
2240.4	1.46438	81.7727
2240.6	1.41426	81.9118
2240.8	1.49007	82.0049
2241	1.44827	81.988
2241.2	1.46573	82.2519
2241.4	1.42195	81.8312
2241.6	1.58529	81.6463
2241.8	1.62678	81.4748
2242	1.61561	81.3778
2242.2	1.68267	81.3785
2242.4	1.59862	81.4201
2242.6	1.54485	81.5717
2242.8	1.75238	81.6234
2243	1.52703	81.1911
2243.2	1.69749	81.4435
2243.4	1.64856	81.5741
2243.6	1.52354	81.2913
2243.8	1.48289	81.5534
2244	1.36175	81.3217
2244.2	1.57519	81.5743
2244.4	1.54498	81.2557
2244.6	1.60513	81.6229
2244.8	1.38689	81.4411
2245	1.51564	81.4734
2245.2	1.6298	81.1885
2245.4	1.47309	81.5115
2245.6	1.6734	81.3471
2245.8	1.66887	81.6964
2246	1.48112	81.8566
2246.2	1.406	81.4385
2246.4	1.33899	81.561
2246.6	1.5271	81.6985
2246.8	1.5996	81.872
2247	1.70348	82.1625
2247.2	1.51915	82.1348
2247.4	1.53257	81.7049
2247.6	1.44342	81.7136
2247.8	1.70144	81.6227
2248	1.47461	81.8778
2248.2	1.51809	81.9252
2248.4	1.42411	82.1397
2248.6	1.47114	82.1247
2248.8	1.4503	82.1659
2249	1.5286	81.7598
2249.2	1.69701	81.9095
2249.4	1.5212	81.9718
2249.6	1.47574	82.3775
2249.8	1.42855	81.9215
2250	1.49511	81.8944
2250.2	1.46153	81.7254
2250.4	1.56906	82.2503
2250.6	1.71888	82.2066
2250.8	1.44159	82.2789
2251	1.57247	82.0113
2251.2	1.49151	81.7108
2251.4	1.50529	82.3783
2251.6	1.48349	81.8196
2251.8	1.58104	81.78
2252	1.56864	81.9323
2252.2	1.48389	81.8831
2252.4	1.62649	81.771
2252.6	1.49051	81.8436
2252.8	1.50542	81.9215
2253	1.53584	82.039
2253.2	1.52738	81.8554
2253.4	1.64051	81.792
2253.6	1.42851	81.8901
2253.8	1.40025	82.0703
2254	1.41551	82.1338
2254.2	1.48654	82.2619
2254.4	1.74055	81.9417
2254.6	1.53206	81.8285
2254.8	1.67842	81.5178
2255	1.4903	81.563
2255.2	1.63932	81.904
2255.4	1.64614	81.7414
2255.6	1.53044	81.8206
2255.8	1.44573	82.0758
2256	1.39557	81.8436
2256.2	1.54011	81.9142
2256.4	1.65002	81.9917
2256.6	1.40516	81.9607
2256.8	1.58542	81.8338
2257	1.47396	81.815
2257.2	1.54863	81.9583
2257.4	1.48923	81.5837
2257.6	1.56771	81.3109
2257.8	1.52276	81.6654
2258	1.46221	81.6916
2258.2	1.52403	81.5101
2258.4	1.46176	81.8958
2258.6	1.47242	81.943
2258.8	1.48829	82.0081
2259	1.52414	82.1513
2259.2	1.48135	81.9246
2259.4	1.4844	82.0088
2259.6	1.42023	81.5427
2259.8	1.49882	81.4461
2260	1.41311	81.7616
2260.2	1.58406	81.8365
2260.4	1.63092	81.7569
2260.6	1.62362	81.2112
2260.8	1.45997	81.0894
2261	1.57039	81.3626
2261.2	1.48126	81.0277
2261.4	1.60426	81.3804
2261.6	1.40416	81.4824
2261.8	1.45037	81.8403
2262	1.38699	81.5495
2262.2	1.59703	81.5755
2262.4	1.59369	81.6608
2262.6	1.46186	81.3793
2262.8	1.6057	81.3786
2263	1.50194	81.6291
2263.2	1.67304	81.3817
2263.4	1.36362	81.7687
2263.6	1.51652	81.436
2263.8	1.65359	81.713
2264	1.78703	81.8617
2264.2	1.57449	81.4892
2264.4	1.54591	82.0479
2264.6	1.54581	81.935
2264.8	1.60368	82.0046
2265	1.5562	81.6101
2265.2	1.57314	81.7653
2265.4	1.29159	81.8689
2265.6	1.59902	81.9371
2265.8	1.54249	81.6491
2266	1.5542	81.9413
2266.2	1.49021	81.8734
2266.4	1.50175	81.5628
2266.6	1.42771	81.6116
2266.8	1.53987	81.2181
2267	1.63408	81.5857
2267.2	1.36303	81.6825
2267.4	1.44026	81.7061
2267.6	1.48388	82.0869
2267.8	1.48366	81.9938
2268	1.57309	82.1531
2268.2	1.58221	82.5398
2268.4	1.48543	82.8676
2268.6	1.50408	82.4806
2268.8	1.50655	82.1341
2269	1.44369	81.9777
2269.2	1.54582	82.1105
2269.4	1.46278	81.8589
2269.6	1.6238	81.8875
2269.8	1.49709	82.1663
2270	1.50574	82.4513
2270.2	1.45574	82.14
2270.4	1.62575	82.2178
2270.6	1.60328	82.1305
2270.8	1.60243	82.1801
2271	1.5534	81.8766
2271.2	1.54475	81.4521
2271.4	1.4272	81.9086
2271.6	1.54837	81.9169
2271.8	1.58071	82.0233
2272	1.4703	81.7562
2272.2	1.60995	82.3777
2272.4	1.48531	82.339
2272.6	1.52562	82.1247
2272.8	1.53049	81.6189
2273	1.479	82.2962
2273.2	1.60347	82.2764
2273.4	1.453	82.2552
2273.6	1.58538	81.9927
2273.8	1.63516	81.9782
2274	1.66344	82.1309
2274.2	1.49479	82.0162
2274.4	1.45223	82.1322
2274.6	1.52821	82.1512
2274.8	1.37991	82.0956
2275	1.43575	82.0205
2275.2	1.56233	81.8884
2275.4	1.53424	81.8731
2275.6	1.59571	82.0618
2275.8	1.4827	81.8715
2276	1.51457	81.4611
2276.2	1.50415	81.7323
2276.4	1.40504	81.0838
2276.6	1.56384	81.3391
2276.8	1.64176	81.0947
2277	1.59803	81.3662
2277.2	1.53425	81.4643
2277.4	1.53097	81.2362
2277.6	1.6198	81.519
2277.8	1.54535	81.2293
2278	1.39192	81.4722
2278.2	1.55117	81.2027
2278.4	1.61126	81.2758
2278.6	1.38873	81.2618
2278.8	1.29664	81.5328
2279	1.5661	81.6527
2279.2	1.46653	81.374
2279.4	1.41721	81.216
2279.6	1.67193	81.1595
2279.8	1.54187	81.3745
2280	1.72585	81.7049
2280.2	1.55775	81.3613
2280.4	1.58405	81.1734
2280.6	1.38481	81.7268
2280.8	1.66567	81.6526
2281	1.48092	81.3269
2281.2	1.5433	81.3005
2281.4	1.67551	81.403
2281.6	1.51299	81.5941
2281.8	1.56013	81.4671
2282	1.67823	81.415
2282.2	1.64936	81.0783
2282.4	1.36994	81.638
2282.6	1.55292	81.5156
2282.8	1.43878	81.4129
2283	1.52576	81.4314
2283.2	1.50317	81.6068
2283.4	1.54875	81.7222
2283.6	1.54274	81.644
2283.8	1.37331	81.2243
2284	1.64043	81.2744
2284.2	1.49674	81.6239
2284.4	1.61494	81.4481
2284.6	1.4656	81.4271
2284.8	1.61767	81.2975
2285	1.52276	81.8126
2285.2	1.43235	81.3413
2285.4	1.43289	81.141
2285.6	1.48208	81.53
2285.8	1.50031	81.3153
2286	1.68012	81.6029
2286.2	1.44177	81.7006
2286.4	1.58602	81.5796
2286.6	1.66793	81.4308
2286.8	1.46693	81.7336
2287	1.67098	82.0642
2287.2	1.59339	81.5752
2287.4	1.57697	81.6198
2287.6	1.47935	81.1401
2287.8	1.67407	81.2894
2288	1.46887	81.7605
2288.2	1.42017	81.7499
2288.4	1.57705	80.9642
2288.6	1.54123	81.1197
2288.8	1.36891	81.6625
2289	1.62067	81.5392
2289.2	1.50989	81.0932
2289.4	1.35196	81.306
2289.6	1.51134	81.2115
2289.8	1.50482	81.0891
2290	1.45115	81.3985
2290.2	1.56621	81.5467
2290.4	1.54654	81.3987
2290.6	1.69844	81.4475
2290.8	1.62848	81.1791
2291	1.40165	81.5942
2291.2	1.62592	81.4952
2291.4	1.55464	81.023
2291.6	1.57231	81.1888
2291.8	1.44497	81.3771
2292	1.48261	81.1425
2292.2	1.44255	80.9638
2292.4	1.45778	81.4687
2292.6	1.5664	81.2575
2292.8	1.51157	81.3295
2293	1.44745	81.6227
2293.2	1.44325	81.1538
2293.4	1.40287	81.4099
2293.6	1.51158	81.4078
2293.8	1.55489	81.8619
2294	1.59906	81.7197
2294.2	1.4838	81.4803
2294.4	1.58522	81.8176
2294.6	1.4516	81.401
2294.8	1.48656	81.3177
2295	1.47485	81.6308
2295.2	1.43262	81.5618
2295.4	1.59183	81.6284
2295.6	1.65888	81.766
2295.8	1.42252	82.0155
2296	1.44814	81.5217
2296.2	1.66479	81.4079
2296.4	1.47646	81.3577
2296.6	1.44369	81.3827
2296.8	1.46141	81.4233
2297	1.56314	81.7359
2297.2	1.69972	81.6636
2297.4	1.55799	81.8917
2297.6	1.56249	82.0437
2297.8	1.44097	81.9988
2298	1.46732	81.9073
2298.2	1.64504	81.7148
2298.4	1.54301	81.1944
2298.6	1.50384	81.3589
2298.8	1.44228	81.4354
2299	1.5436	81.7926
2299.2	1.57266	81.7458
2299.4	1.54469	81.7536
2299.6	1.60952	81.8366
2299.8	1.33642	81.8504
2300	1.62165	81.9374
2300.2	1.4083	82.1422
2300.4	1.60029	81.8559
2300.6	1.54788	81.9407
2300.8	1.39034	81.7993
2301	1.54201	82.1613
2301.2	1.45999	81.9526
2301.4	1.63574	81.7523
2301.6	1.70096	81.5833
2301.8	1.51398	81.8742
2302	1.51376	81.7661
2302.2	1.44336	81.9487
2302.4	1.49263	81.8236
2302.6	1.56883	82.2304
2302.8	1.44302	82.0496
2303	1.52677	82.015
2303.2	1.52673	82.1857
2303.4	1.55683	82.0886
2303.6	1.5667	82.1738
2303.8	1.50894	82.0433
2304	1.28711	82.0456
2304.2	1.67792	82.2752
2304.4	1.62323	82.347
2304.6	1.59904	81.9176
2304.8	1.49862	82.2023
2305	1.5838	81.8614
2305.2	1.54975	82.0301
2305.4	1.73309	82.0417
2305.6	1.54917	82.2079
2305.8	1.3644	82.0547
2306	1.38844	81.8196
2306.2	1.58175	81.6405
2306.4	1.30019	81.8457
2306.6	1.60795	81.6763
2306.8	1.61688	81.698
2307	1.55756	81.8943
2307.2	1.43604	82.4441
2307.4	1.53927	81.9337
2307.6	1.5011	82.1785
2307.8	1.54318	81.8246
2308	1.48014	81.9714
2308.2	1.36232	82.1613
2308.4	1.42811	82.1397
2308.6	1.66313	82.143
2308.8	1.45227	82.0098
2309	1.48303	81.3957
2309.2	1.46323	81.4271
2309.4	1.39628	81.8253
2309.6	1.57094	81.8483
2309.8	1.6111	82.0321
2310	1.5994	82.392
2310.2	1.47575	82.4293
2310.4	1.50311	82.3165
2310.6	1.5938	81.6541
2310.8	1.58887	82.0943
2311	1.41646	81.9235
2311.2	1.38533	82.065
2311.4	1.65796	81.9141
2311.6	1.61352	82.0048
2311.8	1.53059	82.0828
2312	1.6263	82.2637
2312.2	1.64057	82.0483
2312.4	1.37874	82.0565
2312.6	1.49015	82.0442
2312.8	1.68354	82.116
2313	1.5129	82.0909
2313.2	1.58553	82.2072
2313.4	1.48949	82.084
2313.6	1.46769	82.215
2313.8	1.47199	82.4871
2314	1.39628	82.0742
2314.2	1.49305	82.4572
2314.4	1.4441	82.3499
2314.6	1.5545	82.2318
2314.8	1.6723	82.2896
2315	1.49041	82.6386
2315.2	1.55205	82.3235
2315.4	1.51538	82.5202
2315.6	1.7572	82.5014
2315.8	1.60252	82.3849
2316	1.49502	82.2676
2316.2	1.36497	82.1752
2316.4	1.58629	82.4647
2316.6	1.58132	82.57
2316.8	1.5885	82.669
2317	1.45583	82.4703
2317.2	1.47391	82.8477
2317.4	1.69838	82.4833
2317.6	1.55992	82.5445
2317.8	1.49504	82.5434
2318	1.5998	82.4225
2318.2	1.45955	82.5764
2318.4	1.5263	82.346
2318.6	1.70311	82.5666
2318.8	1.59105	82.6713
2319	1.58676	82.6403
2319.2	1.54416	82.7923
2319.4	1.58182	82.4261
2319.6	1.45786	82.59
2319.8	1.61724	82.3893
2320	1.39342	82.2644
2320.2	1.56488	82.3831
2320.4	1.53976	83.0209
2320.6	1.50425	82.534
2320.8	1.55463	82.5267
2321	1.61038	82.5397
2321.2	1.61343	82.4664
2321.4	1.61627	82.4655
2321.6	1.56884	82.3732
2321.8	1.57686	82.344
2322	1.42965	82.6316
2322.2	1.46917	82.7957
2322.4	1.5673	82.7223
2322.6	1.52018	82.5259
2322.8	1.38228	82.4293
2323	1.56721	82.4069
2323.2	1.49554	83.1315
2323.4	1.63201	82.6108
2323.6	1.54692	82.493
2323.8	1.41512	82.8002
2324	1.56292	82.739
2324.2	1.63808	82.6599
2324.4	1.72123	82.4743
2324.6	1.46447	82.7266
2324.8	1.36165	82.5784
2325	1.53444	82.6933
2325.2	1.39076	82.789
2325.4	1.53765	82.7506
2325.6	1.5379	82.9364
2325.8	1.70484	82.8809
2326	1.64301	82.7783
2326.2	1.55635	82.801
2326.4	1.41142	83.2197
2326.6	1.55518	82.5356
2326.8	1.51003	82.5945
2327	1.52941	82.6273
2327.2	1.54968	83.0167
2327.4	1.69191	82.4674
2327.6	1.38819	82.5069
2327.8	1.63269	82.1858
2328	1.44136	82.2497
2328.2	1.62961	82.3686
2328.4	1.57105	82.4035
2328.6	1.57742	82.2993
2328.8	1.34266	82.2386
2329	1.56133	81.8594
2329.2	1.56002	82.1466
2329.4	1.53795	82.4893
2329.6	1.49025	82.3015
2329.8	1.47835	82.617
2330	1.5767	82.747
2330.2	1.47542	82.6108
2330.4	1.46096	82.3364
2330.6	1.41296	82.0324
2330.8	1.60071	82.487
2331	1.48812	82.3722
2331.2	1.66907	82.3058
2331.4	1.41671	82.5017
2331.6	1.43965	82.6812
2331.8	1.59829	82.5151
2332	1.59085	82.6081
2332.2	1.58876	82.1984
2332.4	1.41551	82.4027
2332.6	1.46221	82.545
2332.8	1.49027	82.4547
2333	1.5864	82.6377
2333.2	1.5799	82.5538
2333.4	1.54258	82.6734
2333.6	1.53104	82.4925
2333.8	1.4345	82.3967
2334	1.53235	82.5665
2334.2	1.66094	83.1234
2334.4	1.49479	82.6274
2334.6	1.53915	82.7375
2334.8	1.58126	82.5838
2335	1.63542	82.4938
2335.2	1.42797	82.6263
2335.4	1.45543	82.5131
2335.6	1.54408	82.4874
2335.8	1.6316	82.6834
2336	1.30644	82.5568
2336.2	1.5459	82.4372
2336.4	1.55785	82.4319
2336.6	1.57403	82.4164
2336.8	1.66568	82.5391
2337	1.52662	82.4567
2337.2	1.43423	82.3742
2337.4	1.62458	82.3287
2337.6	1.65459	82.0996
2337.8	1.52703	82.1692
2338	1.40098	82.3669
2338.2	1.57812	82.1263
2338.4	1.50446	82.2337
2338.6	1.54684	82.2138
2338.8	1.56433	82.099
2339	1.44852	82.0335
2339.2	1.58282	82.2548
2339.4	1.54982	82.2644
2339.6	1.61626	82.5334
2339.8	1.55561	82.481
2340	1.53327	82.7215
2340.2	1.48087	82.4191
2340.4	1.57137	82.9963
2340.6	1.51191	82.7225
2340.8	1.63586	82.6308
2341	1.41625	82.6877
2341.2	1.57052	81.9181
2341.4	1.66552	82.3822
2341.6	1.52619	82.4899
2341.8	1.64405	82.5927
2342	1.60354	82.6838
2342.2	1.67229	82.4735
2342.4	1.48739	82.5794
2342.6	1.59886	82.6485
2342.8	1.39533	82.5358
2343	1.51313	82.582
2343.2	1.45993	82.8907
2343.4	1.5491	82.7507
2343.6	1.61321	82.7293
2343.8	1.39736	82.6743
2344	1.55199	82.5811
2344.2	1.55976	82.8375
2344.4	1.46735	82.9682
2344.6	1.52153	82.7382
2344.8	1.46386	82.3922
2345	1.53854	82.8072
2345.2	1.46933	82.8567
2345.4	1.58293	82.6853
2345.6	1.34215	82.6009
2345.8	1.52479	82.3969
2346	1.72114	82.258
2346.2	1.45011	82.3167
2346.4	1.39756	82.436
2346.6	1.51996	82.704
2346.8	1.44876	82.8003
2347	1.6348	81.8617
2347.2	1.5699	82.0651
2347.4	1.48265	82.0951
2347.6	1.67714	82.3083
2347.8	1.45819	82.7944
2348	1.50381	82.9336
2348.2	1.47384	82.6177
2348.4	1.61387	82.4857
2348.6	1.65054	82.663
2348.8	1.54666	82.4346
2349	1.69099	82.6814
2349.2	1.48205	82.1362
2349.4	1.54645	82.3572
2349.6	1.63834	82.4056
2349.8	1.55697	82.3166
2350	1.51752	82.5873
2350.2	1.3336	82.6913
2350.4	1.51101	82.5907
2350.6	1.5054	82.6287
2350.8	1.60499	82.3356
2351	1.46326	82.7213
2351.2	1.37704	82.302
2351.4	1.52223	82.3471
2351.6	1.54613	82.6282
2351.8	1.59832	82.8093
2352	1.40663	82.3967
2352.2	1.61779	82.5854
2352.4	1.5563	82.7087
2352.6	1.50736	82.8025
2352.8	1.67899	82.476
2353	1.55639	82.6192
2353.2	1.47469	82.5033
2353.4	1.6562	82.4554
2353.6	1.4164	82.8533
2353.8	1.47668	82.7063
2354	1.5654	82.4753
2354.2	1.67474	82.672
2354.4	1.58293	82.9488
2354.6	1.55493	82.4823
2354.8	1.79669	82.54
2355	1.39101	82.6578
2355.2	1.58479	82.6965
2355.4	1.46771	82.3728
2355.6	1.52779	82.8667
2355.8	1.46541	82.8529
2356	1.59498	82.713
2356.2	1.48671	82.8344
2356.4	1.4888	82.4448
2356.6	1.57162	82.5174
2356.8	1.6325	82.7303
2357	1.51731	83.1781
2357.2	1.43844	82.6462
2357.4	1.59772	82.7886
2357.6	1.56752	82.8156
2357.8	1.50121	82.9211
2358	1.58856	82.9356
2358.2	1.63573	82.9067
2358.4	1.56054	83.1423
2358.6	1.70375	82.7554
2358.8	1.52456	82.7523
2359	1.59714	82.8995
2359.2	1.60237	83.0171
2359.4	1.38176	82.8397
2359.6	1.728	83.1715
2359.8	1.58781	82.6293
2360	1.51935	82.9256
2360.2	1.55266	83.0357
2360.4	1.54565	83.2039
2360.6	1.59256	82.7538
2360.8	1.36652	82.6699
2361	1.52789	82.8056
2361.2	1.4989	82.45
2361.4	1.53009	82.8534
2361.6	1.39259	82.89
2361.8	1.55115	82.5957
2362	1.52124	82.7184
2362.2	1.53717	83.1934
2362.4	1.53999	83.0665
2362.6	1.583	83.1637
2362.8	1.50467	82.5984
2363	1.53503	82.813
2363.2	1.53977	83.271
2363.4	1.57766	83.1736
2363.6	1.51991	83.0642
2363.8	1.69639	83.214
2364	1.58909	83.1903
2364.2	1.32027	82.9238
2364.4	1.54548	82.9997
2364.6	1.4856	82.999
2364.8	1.5356	83.0255
2365	1.70078	83.2091
2365.2	1.62278	82.8164
2365.4	1.49916	82.8533
2365.6	1.37751	82.9158
2365.8	1.55586	83.1139
2366	1.59238	83.0577
2366.2	1.6297	83.1266
2366.4	1.50766	82.7774
2366.6	1.52864	82.9421
2366.8	1.54143	83.1432
2367	1.46773	82.9247
2367.2	1.44543	82.8121
2367.4	1.61161	82.8705
2367.6	1.6032	82.7819
2367.8	1.41802	82.9292
2368	1.47149	83.1015
2368.2	1.63202	82.8565
2368.4	1.67164	82.8848
2368.6	1.61768	82.822
2368.8	1.62126	82.8476
2369	1.65638	83.0045
2369.2	1.59056	82.9352
2369.4	1.42634	82.7754
2369.6	1.44057	83.2173
2369.8	1.65553	82.8264
2370	1.56693	82.945
2370.2	1.389	82.7532
2370.4	1.4697	82.6972
2370.6	1.57003	83.2293
2370.8	1.72061	83.1149
2371	1.48008	82.7502
2371.2	1.57672	82.9521
2371.4	1.43036	83.0075
2371.6	1.48721	83.1422
2371.8	1.39441	83.0901
2372	1.48012	82.9641
2372.2	1.61584	82.8377
2372.4	1.55976	83.1877
2372.6	1.51836	82.5273
2372.8	1.42957	83.1096
2373	1.44634	83.1594
2373.2	1.37037	83.492
2373.4	1.56809	83.3417
2373.6	1.42133	83.4556
2373.8	1.42469	83.0769
2374	1.28405	83.089
2374.2	1.37976	83.1675
2374.4	1.49628	82.9095
2374.6	1.60874	83.1759
2374.8	1.55393	83.3902
2375	1.45655	83.4315
2375.2	1.48376	83.6878
2375.4	1.46197	83.7189
2375.6	1.57514	83.5114
2375.8	1.33011	83.2164
2376	1.55577	83.5049
2376.2	1.57324	83.7208
2376.4	1.49717	83.3517
2376.6	1.6206	83.5475
2376.8	1.5099	83.4246
2377	1.54548	83.4479
2377.2	1.50749	83.6734
2377.4	1.46413	83.3377
2377.6	1.55851	83.4953
2377.8	1.51521	83.7137
2378	1.47438	83.2889
2378.2	1.44509	83.8504
2378.4	1.53357	83.8672
2378.6	1.67286	83.816
2378.8	1.60074	83.3753
2379	1.40176	83.3145
2379.2	1.56378	83.6688
2379.4	1.61453	83.5373
2379.6	1.46434	83.5236
2379.8	1.46676	83.5177
2380	1.63541	83.506
2380.2	1.59873	83.6661
2380.4	1.6752	83.0449
2380.6	1.48958	83.1274
2380.8	1.52808	83.441
2381	1.56955	83.3301
2381.2	1.38849	83.4524
2381.4	1.64041	83.2301
2381.6	1.43836	83.1133
2381.8	1.6325	83.191
2382	1.41906	82.8682
2382.2	1.58104	82.8136
2382.4	1.63894	83.0429
2382.6	1.58687	83.4662
2382.8	1.54415	83.3687
2383	1.61026	83.1163
2383.2	1.50516	82.7843
2383.4	1.6105	82.8274
2383.6	1.61177	82.9649
2383.8	1.64053	83.4994
2384	1.36789	83.4617
2384.2	1.66018	83.9219
2384.4	1.55224	83.816
2384.6	1.64977	83.4456
2384.8	1.4523	83.1147
2385	1.57083	83.48
2385.2	1.43639	83.4087
2385.4	1.50243	83.6557
2385.6	1.46889	83.7713
2385.8	1.61612	83.7446
2386	1.56503	83.4853
2386.2	1.60452	83.3177
2386.4	1.39091	83.3784
2386.6	1.53462	83.1439
2386.8	1.58609	82.9201
2387	1.45607	82.7545
2387.2	1.5862	83.0613
2387.4	1.43483	82.796
2387.6	1.45546	82.82
2387.8	1.46244	83.1786
2388	1.59449	83.2622
2388.2	1.52607	83.2707
2388.4	1.39321	83.5441
2388.6	1.49758	83.3091
2388.8	1.71104	83.6878
2389	1.54539	83.4068
2389.2	1.59257	83.5659
2389.4	1.39936	83.711
2389.6	1.48076	83.817
2389.8	1.40675	83.6723
2390	1.52823	83.568
2390.2	1.46791	83.7722
2390.4	1.46338	83.5595
2390.6	1.38843	83.7876
2390.8	1.47765	83.6691
2391	1.36792	83.6234
2391.2	1.57806	82.9551
2391.4	1.51198	83.9237
2391.6	1.64119	84.0184
2391.8	1.49398	83.3964
2392	1.46634	83.4841
2392.2	1.337	83.6076
2392.4	1.61135	83.8329
2392.6	1.58853	83.557
2392.8	1.53493	83.6762
2393	1.3833	83.6933
2393.2	1.5186	83.4726
2393.4	1.48257	83.586
2393.6	1.7741	83.9642
2393.8	1.4818	83.7217
2394	1.62598	83.3562
2394.2	1.53156	83.7632
2394.4	1.47549	83.9777
2394.6	1.43043	84.0208
2394.8	1.61566	83.8246
2395	1.36683	83.509
2395.2	1.42094	83.4954
2395.4	1.55266	83.3945
2395.6	1.56884	83.6886
2395.8	1.45296	84.0927
2396	1.58007	83.6004
2396.2	1.53828	83.4603
2396.4	1.5744	83.6676
2396.6	1.5017	83.8424
2396.8	1.58393	84.0102
2397	1.59814	83.8578
2397.2	1.58792	83.9218
2397.4	1.42999	83.9969
2397.6	1.58246	84.2666
2397.8	1.59569	83.9351
2398	1.50261	84.2732
2398.2	1.54685	84.2018
2398.4	1.48402	84.4108
2398.6	1.49693	84.9433
2398.8	1.6284	84.8726
2399	1.54725	84.7972
2399.2	1.63554	84.6492
2399.4	1.49591	84.762
2399.6	1.43548	84.4887
2399.8	1.60325	84.4431
2400	1.66896	84.8622
2400.2	1.53939	84.9545
2400.4	1.54216	84.8404
2400.6	1.5736	84.5682
2400.8	1.61337	84.8693
2401	1.5345	85.0198
2401.2	1.57197	85.2087
2401.4	1.4656	85.1308
2401.6	1.52075	85.146
2401.8	1.70285	85.2541
2402	1.40025	85.3482
2402.2	1.59059	84.7775
2402.4	1.55493	85.0791
2402.6	1.35066	85.1411
2402.8	1.59578	85.2236
2403	1.52527	85.3098
2403.2	1.5212	84.9881
2403.4	1.6143	85.0301
2403.6	1.57396	85.2652
2403.8	1.55217	85.2807
2404	1.48232	84.7062
2404.2	1.47574	84.9617
2404.4	1.4242	85.0591
2404.6	1.48725	85.0632
2404.8	1.58728	85.2282
2405	1.43593	85.1841
2405.2	1.47074	85.28
2405.4	1.80932	85.66
2405.6	1.47231	85.2887
2405.8	1.47807	84.9045
2406	1.44651	85.5474
2406.2	1.59485	85.1845
2406.4	1.7359	85.2895
2406.6	1.47068	85.0841
2406.8	1.60696	85.1129
2407	1.44808	85.3111
2407.2	1.45635	84.7977
2407.4	1.40377	85.0136
2407.6	1.58048	85.3099
2407.8	1.50108	85.3776
2408	1.50414	85.1172
2408.2	1.62574	85.5982
2408.4	1.72293	85.8849
2408.6	1.41269	85.6393
2408.8	1.62537	85.8229
2409	1.6292	85.145
2409.2	1.58399	85.7142
2409.4	1.46696	85.4993
2409.6	1.4119	85.6397
2409.8	1.43213	85.8676
2410	1.61749	85.7465
2410.2	1.62723	85.7447
2410.4	1.48757	85.6436
2410.6	1.40377	85.5033
2410.8	1.39085	85.5443
2411	1.42211	85.7056
2411.2	1.35962	85.6512
2411.4	1.50651	85.5113
2411.6	1.58831	85.5549
2411.8	1.39144	85.4492
2412	1.53059	85.6717
2412.2	1.55973	85.392
2412.4	1.50205	85.6221
2412.6	1.51581	85.9519
2412.8	1.66335	85.8732
2413	1.41001	85.6125
2413.2	1.39791	85.713
2413.4	1.4922	85.6267
2413.6	1.51588	85.6329
2413.8	1.5538	85.7609
2414	1.38107	85.7823
2414.2	1.48553	85.9293
2414.4	1.55679	85.3086
2414.6	1.59288	85.8086
2414.8	1.48209	85.7543
2415	1.49714	86.0386
2415.2	1.44393	85.7738
2415.4	1.54943	85.5067
2415.6	1.52459	85.862
2415.8	1.63426	85.7089
2416	1.46827	85.7107
2416.2	1.65547	85.5627
2416.4	1.56459	85.8329
2416.6	1.54329	85.6324
2416.8	1.64588	85.5856
2417	1.49116	85.4711
2417.2	1.39742	85.5935
2417.4	1.63246	85.5688
2417.6	1.50225	85.8966
2417.8	1.63017	85.4815
2418	1.48811	85.8652
2418.2	1.57549	85.4916
2418.4	1.69535	85.2387
2418.6	1.40958	85.5814
2418.8	1.56195	85.6461
2419	1.56013	85.7653
2419.2	1.534	85.6425
2419.4	1.32397	85.4623
2419.6	1.40381	85.3453
2419.8	1.60014	85.7349
2420	1.64581	85.4008
2420.2	1.49989	85.2259
2420.4	1.54126	85.5994
2420.6	1.45878	86.0189
2420.8	1.41329	85.8457
2421	1.6416	85.6421
2421.2	1.54993	85.7673
2421.4	1.64356	85.625
2421.6	1.49036	85.1932
2421.8	1.5454	85.1886
2422	1.56968	85.6282
2422.2	1.55732	85.7478
2422.4	1.51439	85.5764
2422.6	1.5828	85.4902
2422.8	1.45451	85.7313
2423	1.56159	85.6896
2423.2	1.54354	85.1904
2423.4	1.52085	85.2441
2423.6	1.6193	85.423
2423.8	1.62246	86.0199
2424	1.61401	86.0835
2424.2	1.48075	85.9267
2424.4	1.57013	85.5313
2424.6	1.63751	85.6015
2424.8	1.50333	85.4452
2425	1.5722	85.5989
2425.2	1.48445	85.5227
2425.4	1.62638	85.7359
2425.6	1.55779	85.6204
2425.8	1.34176	85.6854
2426	1.54277	85.8964
2426.2	1.73903	85.4355
2426.4	1.54774	85.2638
2426.6	1.61465	85.7328
2426.8	1.42802	85.6693
2427	1.53741	85.3547
2427.2	1.43054	85.4125
2427.4	1.54257	85.4832
2427.6	1.74516	85.5948
2427.8	1.31522	85.6825
2428	1.54637	85.5636
2428.2	1.57912	85.7178
2428.4	1.54496	85.865
2428.6	1.62692	85.5658
2428.8	1.55884	85.7128
2429	1.5952	85.5536
2429.2	1.54679	85.229
2429.4	1.56999	85.3473
2429.6	1.52426	85.5213
2429.8	1.6414	85.2549
2430	1.46157	85.4332
2430.2	1.55035	85.367
2430.4	1.66142	85.4868
2430.6	1.42619	85.6432
2430.8	1.7088	85.6657
2431	1.57481	85.7266
2431.2	1.66152	85.5085
2431.4	1.52191	85.3213
2431.6	1.49338	85.0993
2431.8	1.58581	84.9395
2432	1.42695	85.469
2432.2	1.58966	85.5863
2432.4	1.49448	85.4607
2432.6	1.36847	85.1402
2432.8	1.51898	85.3805
2433	1.34577	85.4567
2433.2	1.58482	85.4149
2433.4	1.51735	85.1331
2433.6	1.58009	85.3565
2433.8	1.43011	84.7591
2434	1.56553	84.5473
2434.2	1.5201	85.0538
2434.4	1.64022	85.1439
2434.6	1.41119	85.0042
2434.8	1.50699	84.9306
2435	1.63786	84.885
2435.2	1.56025	84.8445
2435.4	1.63142	84.9078
2435.6	1.46841	85.0378
2435.8	1.75183	85.2239
2436	1.55304	85.2375
2436.2	1.47393	84.9567
2436.4	1.59799	85.0509
2436.6	1.63428	85.3394
2436.8	1.47058	85.3721
2437	1.49895	85.6082
2437.2	1.47259	85.6284
2437.4	1.47269	85.8346
2437.6	1.39837	85.5127
2437.8	1.4432	85.6507
2438	1.54858	85.2949
2438.2	1.47979	85.1872
2438.4	1.43116	85.4621
2438.6	1.53707	85.7631
2438.8	1.51284	85.5408
2439	1.4707	85.6623
2439.2	1.53108	85.6627
2439.4	1.40496	85.9875
2439.6	1.37147	85.566
2439.8	1.61323	85.6296
2440	1.60672	85.3941
2440.2	1.3625	85.8559
2440.4	1.59049	85.5109
2440.6	1.50957	85.4602
2440.8	1.50594	85.8741
2441	1.44181	85.5906
2441.2	1.59824	85.711
2441.4	1.4397	85.7191
2441.6	1.50438	85.8644
2441.8	1.47681	85.7045
2442	1.60581	85.9059
2442.2	1.48838	85.8762
2442.4	1.42916	85.75
2442.6	1.6144	85.5878
2442.8	1.54507	85.4964
2443	1.61046	85.4455
2443.2	1.54698	85.7282
2443.4	1.45397	85.496
2443.6	1.59061	85.5835
2443.8	1.46201	85.5046
2444	1.42382	85.2792
2444.2	1.47341	85.3257
2444.4	1.36593	85.5183
2444.6	1.59169	86.181
2444.8	1.59162	85.4699
2445	1.66388	85.5236
2445.2	1.39429	85.7111
2445.4	1.61646	85.7221
2445.6	1.62066	86.0167
2445.8	1.55696	86.001
2446	1.54339	86.001
2446.2	1.59227	86.106
2446.4	1.61676	85.6564
2446.6	1.55105	85.3676
2446.8	1.53758	85.9266
2447	1.44607	85.6686
2447.2	1.64959	85.6801
2447.4	1.49534	85.6172
2447.6	1.56998	85.6654
2447.8	1.588	85.5028
2448	1.60477	85.777
2448.2	1.42786	85.6025
2448.4	1.62058	85.5351
2448.6	1.62378	85.6257
2448.8	1.54757	85.5656
2449	1.48293	85.4317
2449.2	1.47159	85.7148
2449.4	1.56487	85.3328
2449.6	1.60308	85.6788
2449.8	1.451	85.4957
2450	1.43558	85.9566
2450.2	1.60404	86.144
2450.4	1.72937	85.6033
2450.6	1.53674	85.5168
2450.8	1.46785	85.3324
2451	1.60782	85.4273
2451.2	1.74627	85.8706
2451.4	1.73069	85.794
2451.6	1.53455	86.0297
2451.8	1.40018	86.0998
2452	1.41129	86.3299
2452.2	1.60837	85.8662
2452.4	1.4659	85.2294
2452.6	1.59194	85.7346
2452.8	1.51519	86.3392
2453	1.71109	85.8296
2453.2	1.46748	86.1279
2453.4	1.63358	86.3023
2453.6	1.58608	85.9149
2453.8	1.53534	86.0313
2454	1.61159	85.8183
2454.2	1.38671	85.9041
2454.4	1.45122	86.2071
2454.6	1.51529	85.7554
2454.8	1.71806	85.8632
2455	1.59997	85.6092
2455.2	1.50507	85.9275
2455.4	1.60774	86.0078
2455.6	1.6802	85.5789
2455.8	1.69368	85.6184
2456	1.64407	85.6444
2456.2	1.55721	85.8069
2456.4	1.46857	85.9791
2456.6	1.56434	85.9396
2456.8	1.40194	85.9091
2457	1.62849	85.5957
2457.2	1.44321	85.3156
2457.4	1.47783	85.4866
2457.6	1.6682	85.1731
2457.8	1.53958	85.4058
2458	1.62349	85.2643
2458.2	1.58754	85.2483
2458.4	1.45777	85.0315
2458.6	1.4642	85.3067
2458.8	1.55811	85.3667
2459	1.58642	85.3939
2459.2	1.43783	85.7962
2459.4	1.6531	85.6852
2459.6	1.54319	85.4912
2459.8	1.59202	85.626
2460	1.58106	85.5997
2460.2	1.52925	85.416
2460.4	1.67574	85.554
2460.6	1.464	85.1779
2460.8	1.45093	85.5005
2461	1.58204	85.309
2461.2	1.52275	85.6072
2461.4	1.64801	85.5002
2461.6	1.46636	85.3853
2461.8	1.51959	85.5722
2462	1.57047	85.2511
2462.2	1.6416	85.4077
2462.4	1.5367	84.8274
2462.6	1.6403	85.3486
2462.8	1.6073	85.181
2463	1.66588	85.6326
2463.2	1.55241	85.4058
2463.4	1.49396	85.7138
2463.6	1.62435	85.5334
2463.8	1.50537	85.6128
2464	1.55594	85.2006
2464.2	1.36325	85.4241
2464.4	1.44514	85.1847
2464.6	1.33156	85.6833
2464.8	1.56217	85.473
2465	1.55093	85.5762
2465.2	1.58456	85.3415
2465.4	1.63532	85.1392
2465.6	1.54529	85.5529
2465.8	1.47297	85.8382
2466	1.35047	85.6143
2466.2	1.38132	85.4109
2466.4	1.59205	85.5578
2466.6	1.51284	85.5114
2466.8	1.57917	85.7364
2467	1.43151	85.649
2467.2	1.46136	86.0133
2467.4	1.50619	85.2941
2467.6	1.63044	85.5865
2467.8	1.46207	85.4917
2468	1.50988	85.616
2468.2	1.57451	85.2646
2468.4	1.61346	85.4615
2468.6	1.66402	85.4639
2468.8	1.59494	85.65
2469	1.61228	86.055
2469.2	1.47874	85.5649
2469.4	1.52228	85.638
2469.6	1.51429	85.9337
2469.8	1.39806	86.1642
2470	1.54753	86.0105
2470.2	1.5877	85.6956
2470.4	1.55382	85.4507
2470.6	1.51341	85.2833
2470.8	1.62026	85.7478
2471	1.51824	85.849
2471.2	1.52801	85.3885
2471.4	1.50792	85.409
2471.6	1.4477	85.1238
2471.8	1.40039	85.5884
2472	1.6868	85.9007
2472.2	1.55078	85.6513
2472.4	1.65903	85.9851
2472.6	1.42892	85.3347
2472.8	1.39673	85.4721
2473	1.56073	85.3438
2473.2	1.47174	85.8637
2473.4	1.58498	85.897
2473.6	1.69273	85.7729
2473.8	1.60197	85.6416
2474	1.59429	85.5878
2474.2	1.44222	85.6369
2474.4	1.50749	85.7064
2474.6	1.50662	85.7139
2474.8	1.68025	85.5766
2475	1.50151	85.8101
2475.2	1.46165	85.6585
2475.4	1.66698	85.5294
2475.6	1.47975	85.527
2475.8	1.58279	85.5058
2476	1.42255	85.7645
2476.2	1.6095	85.6595
2476.4	1.43724	85.2449
2476.6	1.45254	85.5155
2476.8	1.55514	85.7194
2477	1.6971	86.0949
2477.2	1.54315	85.6057
2477.4	1.56234	85.5527
2477.6	1.42729	85.3671
2477.8	1.53557	85.57
2478	1.52011	85.545
2478.2	1.45109	85.5436
2478.4	1.46413	86.1201
2478.6	1.43605	85.8675
2478.8	1.55875	85.9048
2479	1.54916	85.4481
2479.2	1.35358	85.6109
2479.4	1.59818	85.7479
2479.6	1.55024	86.0168
2479.8	1.48575	85.5744
2480	1.48847	85.3559
2480.2	1.48007	85.7003
2480.4	1.65639	85.702
2480.6	1.57643	85.316
2480.8	1.54252	85.7559
2481	1.51824	85.1876
2481.2	1.58489	85.8204
2481.4	1.40812	85.773
2481.6	1.52387	85.7952
2481.8	1.39463	85.6901
2482	1.50907	85.6247
2482.2	1.56479	85.7239
2482.4	1.43636	85.4748
2482.6	1.60104	85.711
2482.8	1.56386	85.5157
2483	1.51462	85.9247
2483.2	1.48032	86.0354
2483.4	1.54688	85.4135
2483.6	1.52452	85.439
2483.8	1.57015	86.1296
2484	1.62546	85.9636
2484.2	1.47886	85.5885
2484.4	1.57598	85.6246
2484.6	1.60075	85.9603
2484.8	1.4138	85.2589
2485	1.61478	85.7267
2485.2	1.61948	85.8159
2485.4	1.57108	85.9114
2485.6	1.56139	85.8313
2485.8	1.45179	85.7337
2486	1.51054	85.9451
2486.2	1.45587	85.7103
2486.4	1.56911	85.4061
2486.6	1.64282	85.3851
2486.8	1.38433	85.5638
2487	1.53396	85.3384
2487.2	1.59014	85.6242
2487.4	1.45428	85.6713
2487.6	1.56104	85.5682
2487.8	1.37488	85.72
2488	1.51661	85.565
2488.2	1.63722	85.9611
2488.4	1.50505	85.6579
2488.6	1.64264	85.9833
2488.8	1.45779	86.3554
2489	1.48828	86.1618
2489.2	1.50249	85.7222
2489.4	1.62154	86.2045
2489.6	1.4497	85.6528
2489.8	1.59749	85.8637
2490	1.56984	86.0915
2490.2	1.71962	86.8348
2490.4	1.44907	86.4261
2490.6	1.49354	86.2115
2490.8	1.49832	85.9205
2491	1.43973	86.1254
2491.2	1.58983	85.7635
2491.4	1.5464	85.8703
2491.6	1.64578	86.063
2491.8	1.50868	86.2521
2492	1.67628	86.0394
2492.2	1.52219	85.5985
2492.4	1.38172	85.9132
2492.6	1.57819	86.1706
2492.8	1.47472	85.719
2493	1.47747	85.8181
2493.2	1.55196	86.0587
2493.4	1.38371	86.0664
2493.6	1.4614	86.1259
2493.8	1.47561	85.637
2494	1.50742	85.8753
2494.2	1.50235	86.2841
2494.4	1.66776	85.9573
2494.6	1.61427	85.8563
2494.8	1.45851	85.9221
2495	1.60292	85.9178
2495.2	1.60944	85.9033
2495.4	1.59522	85.8798
2495.6	1.29405	86.1448
2495.8	1.52843	86.2048
2496	1.49775	86.5569
2496.2	1.52349	86.0145
2496.4	1.58703	85.791
2496.6	1.49295	85.6587
2496.8	1.43234	85.9674
2497	1.33659	85.8216
2497.2	1.61763	86.0457
2497.4	1.57697	86.112
2497.6	1.5949	85.9937
2497.8	1.59755	86.0269
2498	1.48501	85.9413
2498.2	1.61813	86.2513
2498.4	1.49762	85.7008
2498.6	1.49934	85.9078
2498.8	1.61908	86.1133
2499	1.53215	85.7385
2499.2	1.43972	86.148
2499.4	1.56772	85.6863
2499.6	1.54101	85.8221
2499.8	1.58375	86.2906
