0, 0
1, 3.11077e-09
2, 1.07092e-08
3, 2.12062e-08
4, 3.90536e-08
5, 7.05887e-08
6, 1.25931e-07
7, 2.21816e-07
8, 3.85742e-07
9, 6.62269e-07
10, 1.12255e-06
11, 1.87847e-06
12, 3.10339e-06
13, 5.06175e-06
14, 8.15073e-06
15, 1.29576e-05
16, 2.03369e-05
17, 3.15121e-05
18, 4.82063e-05
19, 7.28052e-05
20, 0.000108556
21, 0.000159802
22, 0.000232242
23, 0.000333224
24, 0.000472025
25, 0.000660128
26, 0.000911436
27, 0.0012424
28, 0.00167197
29, 0.00222143
30, 0.00291389
31, 0.00377355
32, 0.00482462
33, 0.00608994
34, 0.00758925
35, 0.00933733
36, 0.0113418
37, 0.0136014
38, 0.0161034
39, 0.0188232
40, 0.0217223
41, 0.0247489
42, 0.0278386
43, 0.0309155
44, 0.0338957
45, 0.0366904
46, 0.0392103
47, 0.0413702
48, 0.0430938
49, 0.0443183
50, 0.0449979
51, 0.0451069
52, 0.044641
53, 0.0436181
54, 0.0420766
55, 0.0400735
56, 0.0376804
57, 0.0349797
58, 0.0320597
59, 0.0290099
60, 0.0259164
61, 0.0228585
62, 0.0199051
63, 0.0171129
64, 0.0145254
65, 0.0121724
66, 0.0100709
67, 0.00822636
68, 0.00663423
69, 0.00528225
70, 0.00415234
71, 0.00322264
72, 0.00246932
73, 0.00186805
74, 0.00139523
75, 0.00102885
76, 0.000749144
77, 0.000538144
78, 0.000381165
79, 0.000274021
80, 0.000182578
81, 0.000125143
82, 8.4709e-05
83, 5.64805e-05
84, 3.71388e-05
85, 2.41008e-05
86, 1.54394e-05
87, 9.76488e-06
88, 6.09746e-06
89, 3.75908e-06
90, 2.28804e-06
91, 1.37498e-06
92, 8.15797e-07
93, 4.7788e-07
94, 2.7638e-07
95, 1.57815e-07
96, 8.89694e-08
97, 4.95206e-08
98, 2.72135e-08
99, 1.47651e-08
100, 7.90936e-09
101, 4.18312e-09
102, 2.18431e-09
103, 1.12611e-09
104, 5.73195e-10
105, 2.88058e-10
106, 1.42926e-10
107, 7.00163e-11
108, 3.38643e-11
109, 1.61712e-11
110, 7.62424e-12
111, 3.54902e-12
112, 1.63109e-12
113, 7.40123e-13
114, 3.31579e-13
115, 1.46666e-13
116, 6.40514e-14
117, 2.76165e-14
118, 1.17597e-14
119, 4.94747e-15
120, 2.01634e-15
121, 8.57788e-16
122, 3.4667e-16
123, 1.37735e-16
124, 5.41363e-17
125, 2.10466e-17
126, 8.08626e-18
127, 3.06865e-18
128, 1.14993e-18
129, 4.25476e-19
130, 1.55435e-19
131, 5.60639e-20
132, 1.99655e-20
133, 7.02006e-21
134, 2.43704e-21
135, 8.35312e-22
136, 2.82681e-22
137, 9.44516e-23
138, 3.11591e-23
139, 1.01491e-23
140, 3.26385e-24
141, 1.03633e-24
142, 3.24888e-25
143, 1.00562e-25
144, 3.07326e-26
145, 9.27324e-27
146, 2.76267e-27
147, 8.12633e-28
148, 2.36008e-28
149, 6.76746e-29
150, 1.91599e-29
151, 5.35583e-30
152, 1.47819e-30
153, 4.02811e-31
154, 1.08378e-31
155, 2.87907e-32
156, 7.55147e-33
157, 1.9556e-33
158, 5.00035e-34
159, 1.26238e-34
160, 3.14667e-35
161, 7.74433e-36
162, 1.88186e-36
163, 4.51506e-37
164, 1.06957e-37
165, 2.50168e-38
166, 5.7773e-39
167, 1.31732e-39
168, 2.96573e-40
169, 6.59242e-41
170, 1.44688e-41
171, 3.13542e-42
172, 6.70862e-43
173, 1.41725e-43
174, 2.9562e-44
175, 6.08831e-45
176, 1.23805e-45
177, 2.48572e-46
178, 4.92772e-47
179, 9.6453e-48
180, 1.86407e-48
181, 3.55703e-49
182, 6.70178e-50
183, 1.24673e-50
184, 2.28998e-51
185, 4.15307e-52
186, 7.4368e-53
187, 1.31487e-53
188, 2.2954e-54
189, 3.95654e-55
190, 6.73366e-56
191, 1.13153e-56
192, 1.87744e-57
193, 3.07569e-58
194, 4.9751e-59
195, 7.94598e-60
196, 1.25301e-60
197, 1.94807e-61
198, 3.04615e-62
199, 4.99351e-63
200, 0


0, 0
1, 2.88466e-12
2, 5.11737e-11
3, 9.26646e-11
4, 8.78385e-11
5, 5.78648e-10
6, 8.51655e-10
7, 8.00442e-10
8, 2.45157e-09
9, 8.08704e-09
10, 1.93413e-08
11, 3.8641e-08
12, 7.12952e-08
13, 1.27426e-07
14, 2.24347e-07
15, 3.90432e-07
16, 6.71448e-07
17, 1.14037e-06
18, 1.91205e-06
19, 3.16462e-06
20, 5.17007e-06
21, 8.33727e-06
22, 1.32711e-05
23, 2.08519e-05
24, 3.23405e-05
25, 4.9512e-05
26, 7.48238e-05
27, 0.000111619
28, 0.000164364
29, 0.000238918
30, 0.000342822
31, 0.000485588
32, 0.000678966
33, 0.000937159
34, 0.00127692
35, 0.00171754
36, 0.00228056
37, 0.00298931
38, 0.00386811
39, 0.00494113
40, 0.00623098
41, 0.00775699
42, 0.00953317
43, 0.0115663
44, 0.0138536
45, 0.0163812
46, 0.0191228
47, 0.0220382
48, 0.0250741
49, 0.0281644
50, 0.0312324
51, 0.0341934
52, 0.0369584
53, 0.0394386
54, 0.0415498
55, 0.0432174
56, 0.0443807
57, 0.0449962
58, 0.045041
59, 0.0445136
60, 0.0434343
61, 0.0418438
62, 0.0398007
63, 0.0373774
64, 0.0346572
65, 0.0317304
66, 0.0286795
67, 0.0255894
68, 0.0225694
69, 0.0196333
70, 0.0168
71, 0.0143492
72, 0.0120783
73, 0.00972195
74, 0.00802991
75, 0.00680709
76, 0.00527152
77, 0.00368959
78, 0.00306959
79, 0.00290002
80, 0.002065
81, 0.00142965
82, 0.000963327
83, 0.000650665
84, 0.000436928
85, 0.000288394
86, 0.0001931
87, 0.000135518
88, 9.84746e-05
89, 7.14198e-05
90, 5.04174e-05
91, 3.44164e-05
92, 2.28018e-05
93, 1.47548e-05
94, 9.37461e-06
95, 5.86775e-06
96, 3.62425e-06
97, 2.21048e-06
98, 1.33156e-06
99, 7.92221e-07
100, 4.65509e-07
101, 2.70143e-07
102, 1.54824e-07
103, 8.76314e-08
104, 4.89844e-08
105, 2.70418e-08
106, 1.47434e-08
107, 7.93857e-09
108, 4.2216e-09
109, 2.21717e-09
110, 1.15006e-09
111, 5.89189e-10
112, 2.98078e-10
113, 1.48935e-10
114, 7.35621e-11
115, 3.58544e-11
116, 1.71994e-11
117, 8.19055e-12
118, 3.91948e-12
119, 1.80051e-12
120, 7.49659e-13
121, 3.62998e-13
122, 1.74329e-13
123, 8.30077e-14
124, 3.90206e-14
125, 1.8117e-14
126, 8.31214e-15
127, 3.73354e-15
128, 1.61552e-15
129, 6.65448e-16
130, 2.6062e-16
131, 9.79477e-17
132, 3.58826e-17
133, 1.30284e-17
134, 4.74524e-18
135, 1.74162e-18
136, 6.42736e-19
137, 2.3721e-19
138, 8.7069e-20
139, 3.16596e-20
140, 1.13787e-20
141, 4.03844e-21
142, 1.41503e-21
143, 4.89536e-22
144, 1.67243e-22
145, 5.64319e-23
146, 1.88088e-23
147, 6.19284e-24
148, 2.0143e-24
149, 6.47257e-25
150, 2.05471e-25
151, 6.4439e-26
152, 1.99653e-26
153, 6.11135e-27
154, 1.84813e-27
155, 5.52164e-28
156, 1.62985e-28
157, 4.75304e-29
158, 1.36945e-29
159, 3.89833e-30
160, 1.0964e-30
161, 3.04663e-31
162, 8.36446e-32
163, 2.26896e-32
164, 6.08122e-33
165, 1.6104e-33
166, 4.21366e-34
167, 1.08936e-34
168, 2.78277e-35
169, 7.02388e-36
170, 1.75177e-36
171, 4.317e-37
172, 1.05122e-37
173, 2.52943e-38
174, 6.01404e-39
175, 1.41297e-39
176, 3.28039e-40
177, 7.52574e-41
178, 1.70612e-41
179, 3.82217e-42
180, 8.46167e-43
181, 1.85119e-43
182, 4.00224e-44
183, 8.55093e-45
184, 1.80546e-45
185, 3.76732e-46
186, 7.76877e-47
187, 1.58326e-47
188, 3.18886e-48
189, 6.3476e-49
190, 1.24876e-49
191, 2.428e-50
192, 4.66577e-51
193, 8.86151e-52
194, 1.66354e-52
195, 3.08679e-53
196, 5.65017e-54
197, 1.02262e-54
198, 1.94853e-55
199, 3.4682e-56
200, 0


0, 0
1, 1.89417e-12
2, 2.66396e-12
3, 1.36734e-11
4, 2.50894e-11
5, 1.59098e-11
6, 9.62127e-11
7, 5.64763e-11
8, 9.46961e-11
9, 3.19288e-10
10, 2.91168e-10
11, 2.79401e-10
12, 9.28177e-10
13, 1.90904e-09
14, 2.53005e-09
15, 3.45331e-09
16, 7.15719e-09
17, 1.70882e-08
18, 3.71758e-08
19, 7.28865e-08
20, 1.33776e-07
21, 2.37063e-07
22, 4.12272e-07
23, 7.07797e-07
24, 1.20085e-06
25, 2.01254e-06
26, 3.33018e-06
27, 5.43937e-06
28, 8.76884e-06
29, 1.39521e-05
30, 2.19102e-05
31, 3.39596e-05
32, 5.19512e-05
33, 7.84425e-05
34, 0.000116905
35, 0.000171968
36, 0.000249689
37, 0.000357844
38, 0.000506212
39, 0.000706844
40, 0.00097425
41, 0.0013255
42, 0.00178013
43, 0.00235992
44, 0.00308828
45, 0.00398949
46, 0.00508748
47, 0.00640439
48, 0.00795882
49, 0.00976379
50, 0.0118248
51, 0.0141377
52, 0.0166868
53, 0.0194441
54, 0.0223688
55, 0.0254039
56, 0.0284819
57, 0.0315363
58, 0.0344641
59, 0.0371615
60, 0.0396369
61, 0.0417113
62, 0.043149
63, 0.0443905
64, 0.0451692
65, 0.0446513
66, 0.0440409
67, 0.0436738
68, 0.0418756
69, 0.0386953
70, 0.036596
71, 0.0355356
72, 0.032014
73, 0.0268039
74, 0.0244301
75, 0.0241678
76, 0.0205843
77, 0.0147786
78, 0.0129499
79, 0.0138309
80, 0.0111092
81, 0.00876662
82, 0.00675489
83, 0.00511377
84, 0.00378945
85, 0.00274153
86, 0.00196
87, 0.00138462
88, 0.000959044
89, 0.000658984
90, 0.000456296
91, 0.000315867
92, 0.0002155
93, 0.000146568
94, 0.000102726
95, 7.54965e-05
96, 5.70318e-05
97, 4.27206e-05
98, 3.09425e-05
99, 2.14869e-05
100, 1.4341e-05
101, 9.26639e-06
102, 5.8419e-06
103, 3.61613e-06
104, 2.20679e-06
105, 1.33054e-06
106, 7.93185e-07
107, 4.67538e-07
108, 2.72421e-07
109, 1.56873e-07
110, 8.92681e-08
111, 5.01855e-08
112, 2.78615e-08
113, 1.52852e-08
114, 8.29814e-09
115, 4.44434e-09
116, 2.3362e-09
117, 1.22189e-09
118, 6.47618e-10
119, 3.28139e-10
120, 1.48516e-10
121, 7.86133e-11
122, 4.11685e-11
123, 2.13272e-11
124, 1.09292e-11
125, 5.54216e-12
126, 2.7813e-12
127, 1.38103e-12
128, 6.78694e-13
129, 3.30186e-13
130, 1.5883e-13
131, 7.53883e-14
132, 3.52861e-14
133, 1.63065e-14
134, 7.44063e-15
135, 3.33664e-15
136, 1.45615e-15
137, 6.11276e-16
138, 2.44516e-16
139, 9.2769e-17
140, 3.34268e-17
141, 1.15279e-17
142, 3.86015e-18
143, 1.28013e-18
144, 4.29425e-19
145, 1.47956e-19
146, 5.25314e-20
147, 1.90629e-20
148, 6.97696e-21
149, 2.54464e-21
150, 9.17588e-22
151, 3.25882e-22
152, 1.1387e-22
153, 3.91649e-23
154, 1.32736e-23
155, 4.43785e-24
156, 1.46502e-24
157, 4.77834e-25
158, 1.54043e-25
159, 4.90928e-26
160, 1.54683e-26
161, 4.81863e-27
162, 1.48407e-27
163, 4.51887e-28
164, 1.36033e-28
165, 4.04857e-29
166, 1.19124e-29
167, 3.46535e-30
168, 9.96659e-31
169, 2.83404e-31
170, 7.96772e-32
171, 2.21482e-32
172, 6.08729e-33
173, 1.65425e-33
174, 4.44507e-34
175, 1.18103e-34
176, 3.10285e-35
177, 8.06087e-36
178, 2.07078e-36
179, 5.26046e-37
180, 1.32148e-37
181, 3.28288e-38
182, 8.06513e-39
183, 1.95948e-39
184, 4.70814e-40
185, 1.11879e-40
186, 2.62933e-41
187, 6.1115e-42
188, 1.40497e-42
189, 3.19455e-43
190, 7.18433e-44
191, 1.59811e-44
192, 3.51623e-45
193, 7.65244e-46
194, 1.64758e-46
195, 3.50993e-47
196, 7.37111e-48
197, 1.52888e-48
198, 3.42324e-49
199, 7.14263e-50
200, 0


0, 0
1, 1.56222e-13
2, 2.11443e-12
3, 2.30701e-12
4, 6.18264e-12
5, 1.24837e-11
6, 5.6191e-12
7, 3.5802e-11
8, 1.3037e-11
9, 3.90907e-11
10, 7.94988e-11
11, 2.70845e-11
12, 9.9566e-11
13, 1.91839e-10
14, 1.10031e-10
15, 1.72012e-10
16, 4.89065e-10
17, 6.34736e-10
18, 5.77767e-10
19, 1.01595e-09
20, 2.4224e-09
21, 4.39958e-09
22, 6.5224e-09
23, 9.93292e-09
24, 1.8238e-08
25, 3.73228e-08
26, 7.51314e-08
27, 1.42894e-07
28, 2.58616e-07
29, 4.52885e-07
30, 7.76981e-07
31, 1.31405e-06
32, 2.19506e-06
33, 3.62202e-06
34, 5.90153e-06
35, 9.49196e-06
36, 1.50682e-05
37, 2.36079e-05
38, 3.65043e-05
39, 5.57101e-05
40, 8.39138e-05
41, 0.000124746
42, 0.000183044
43, 0.000265124
44, 0.000378946
45, 0.00053464
46, 0.000745
47, 0.0010238
48, 0.00138813
49, 0.00186318
50, 0.00246271
51, 0.00320146
52, 0.00414734
53, 0.00528785
54, 0.0065591
55, 0.0081914
56, 0.0101514
57, 0.0120279
58, 0.0142829
59, 0.0172388
60, 0.0200259
61, 0.0222901
62, 0.0253431
63, 0.0296088
64, 0.0323955
65, 0.0334114
66, 0.0364477
67, 0.0417495
68, 0.0431869
69, 0.0406318
70, 0.0422606
71, 0.048223
72, 0.0475238
73, 0.0403138
74, 0.0397922
75, 0.0457261
76, 0.042834
77, 0.0321216
78, 0.0305755
79, 0.036485
80, 0.0321866
81, 0.0279966
82, 0.023948
83, 0.0201881
84, 0.0167397
85, 0.0136054
86, 0.010877
87, 0.00853968
88, 0.00656385
89, 0.00496717
90, 0.00370723
91, 0.00271526
92, 0.0019595
93, 0.00140603
94, 0.00100031
95, 0.000700612
96, 0.000486721
97, 0.000340683
98, 0.000240306
99, 0.000168138
100, 0.000116041
101, 8.07061e-05
102, 5.84913e-05
103, 4.45992e-05
104, 3.48273e-05
105, 2.68071e-05
106, 1.98234e-05
107, 1.39535e-05
108, 9.36503e-06
109, 6.03769e-06
110, 3.77452e-06
111, 2.30703e-06
112, 1.38646e-06
113, 8.2391e-07
114, 4.86605e-07
115, 2.84185e-07
116, 1.62557e-07
117, 9.29182e-08
118, 5.44404e-08
119, 3.03127e-08
120, 1.48562e-08
121, 8.56668e-09
122, 4.88878e-09
123, 2.76097e-09
124, 1.54309e-09
125, 8.53474e-10
126, 4.67131e-10
127, 2.53003e-10
128, 1.356e-10
129, 7.19182e-11
130, 3.77442e-11
131, 1.96036e-11
132, 1.00773e-11
133, 5.1265e-12
134, 2.5803e-12
135, 1.28492e-12
136, 6.33117e-13
137, 3.08558e-13
138, 1.48582e-13
139, 7.06146e-14
140, 3.31242e-14
141, 1.53579e-14
142, 7.04659e-15
143, 3.1948e-15
144, 1.42309e-15
145, 6.17024e-16
146, 2.57657e-16
147, 1.0263e-16
148, 3.87113e-17
149, 1.37669e-17
150, 4.61113e-18
151, 1.45941e-18
152, 4.40828e-19
153, 1.29714e-19
154, 3.84727e-20
155, 1.19969e-20
156, 4.04831e-21
157, 1.47045e-21
158, 5.5666e-22
159, 2.12227e-22
160, 7.96972e-23
161, 2.91853e-23
162, 1.03988e-23
163, 3.61105e-24
164, 1.22613e-24
165, 4.0855e-25
166, 1.34009e-25
167, 4.33779e-26
168, 1.38798e-26
169, 4.39445e-27
170, 1.37731e-27
171, 4.2738e-28
172, 1.31284e-28
173, 3.99167e-29
174, 1.20108e-29
175, 3.57605e-30
176, 1.05345e-30
177, 3.07027e-31
178, 8.85298e-32
179, 2.52554e-32
180, 7.12816e-33
181, 1.99054e-33
182, 5.49982e-34
183, 1.50356e-34
184, 4.06725e-35
185, 1.08868e-35
186, 2.88359e-36
187, 7.55803e-37
188, 1.96037e-37
189, 5.03188e-38
190, 1.2782e-38
191, 3.21335e-39
192, 7.99487e-40
193, 1.96856e-40
194, 4.79853e-41
195, 1.15856e-41
196, 2.75269e-42
197, 6.44648e-43
198, 1.67898e-43
199, 4.03199e-44
200, 0


0, 0
1, 2.3173e-13
2, 3.11165e-13
3, 1.84224e-12
4, 2.06951e-12
5, 3.46217e-12
6, 8.03127e-12
7, 2.65832e-12
8, 1.88833e-11
9, 5.46049e-12
10, 2.10006e-11
11, 3.12151e-11
12, 8.44601e-12
13, 5.36832e-11
14, 4.87908e-11
15, 2.10125e-11
16, 9.85139e-11
17, 1.07907e-10
18, 4.75653e-11
19, 1.45858e-10
20, 2.76959e-10
21, 2.19667e-10
22, 2.08872e-10
23, 5.37982e-10
24, 9.81228e-10
25, 1.17506e-09
26, 1.41053e-09
27, 2.61073e-09
28, 5.44739e-09
29, 9.80851e-09
30, 1.56895e-08
31, 2.52287e-08
32, 4.42793e-08
33, 8.29742e-08
34, 1.57657e-07
35, 2.91142e-07
36, 5.09929e-07
37, 8.81014e-07
38, 1.5184e-06
39, 2.45898e-06
40, 3.99071e-06
41, 6.85122e-06
42, 1.05897e-05
43, 1.57711e-05
44, 2.7384e-05
45, 4.18681e-05
46, 5.54689e-05
47, 9.32543e-05
48, 0.000148763
49, 0.000185883
50, 0.000267719
51, 0.000439675
52, 0.000604427
53, 0.000726453
54, 0.00103115
55, 0.0016312
56, 0.00206675
57, 0.00229363
58, 0.00319303
59, 0.00489774
60, 0.00584673
61, 0.00593499
62, 0.00789667
63, 0.011901
64, 0.0136117
65, 0.0127139
66, 0.0157927
67, 0.0232589
68, 0.0257181
69, 0.0224956
70, 0.0260545
71, 0.0370298
72, 0.0392412
73, 0.032173
74, 0.0352937
75, 0.048739
76, 0.0494116
77, 0.0374322
78, 0.0385534
79, 0.0522316
80, 0.0511572
81, 0.0492149
82, 0.0464716
83, 0.0431723
84, 0.0394956
85, 0.0355173
86, 0.0314602
87, 0.0274273
88, 0.0234762
89, 0.0197718
90, 0.016379
91, 0.0133099
92, 0.0106383
93, 0.00838015
94, 0.00648583
95, 0.00493676
96, 0.00371614
97, 0.00276494
98, 0.00202477
99, 0.00146486
100, 0.00105576
101, 0.000757247
102, 0.000536113
103, 0.000375149
104, 0.00026332
105, 0.000187276
106, 0.000133697
107, 9.42461e-05
108, 6.57091e-05
109, 4.66616e-05
110, 3.49528e-05
111, 2.76463e-05
112, 2.22404e-05
113, 1.75234e-05
114, 1.32782e-05
115, 9.49507e-06
116, 6.30772e-06
117, 4.04076e-06
118, 2.61807e-06
119, 1.57783e-06
120, 8.18399e-07
121, 5.00895e-07
122, 3.04852e-07
123, 1.84683e-07
124, 1.11311e-07
125, 6.66643e-08
126, 3.962e-08
127, 2.33412e-08
128, 1.36203e-08
129, 7.86869e-09
130, 4.4995e-09
131, 2.54643e-09
132, 1.42624e-09
133, 7.90587e-10
134, 4.33728e-10
135, 2.35512e-10
136, 1.26573e-10
137, 6.73279e-11
138, 3.54481e-11
139, 1.84735e-11
140, 9.52867e-12
141, 4.86359e-12
142, 2.4562e-12
143, 1.22735e-12
144, 6.06871e-13
145, 2.96843e-13
146, 1.43531e-13
147, 6.85593e-14
148, 3.23567e-14
149, 1.51102e-14
150, 6.9963e-15
151, 3.2146e-15
152, 1.46247e-15
153, 6.54864e-16
154, 2.86078e-16
155, 1.20722e-16
156, 4.87509e-17
157, 1.86878e-17
158, 6.75413e-18
159, 2.28815e-18
160, 7.22752e-19
161, 2.1181e-19
162, 5.73938e-20
163, 1.44184e-20
164, 3.43811e-21
165, 8.40779e-22
166, 2.43902e-22
167, 9.10771e-23
168, 3.95074e-23
169, 1.74119e-23
170, 7.33283e-24
171, 2.91025e-24
172, 1.09216e-24
173, 3.9073e-25
174, 1.3444e-25
175, 4.4855e-26
176, 1.4617e-26
177, 4.68018e-27
178, 1.47918e-27
179, 4.6293e-28
180, 1.43734e-28
181, 4.43092e-29
182, 1.35619e-29
183, 4.11956e-30
184, 1.2411e-30
185, 3.7061e-31
186, 1.09636e-31
187, 3.21183e-32
188, 9.31561e-33
189, 2.67469e-33
190, 7.60195e-34
191, 2.13882e-34
192, 5.95706e-35
193, 1.64233e-35
194, 4.48482e-36
195, 1.21445e-36
196, 3.22616e-37
197, 8.4234e-38
198, 2.53408e-38
199, 6.90016e-39
200, 0


0, 0
1, 3.44334e-14
2, 4.54093e-13
3, 4.22127e-13
4, 1.51859e-12
5, 1.91135e-12
6, 2.15113e-12
7, 5.89508e-12
8, 1.46778e-12
9, 1.19233e-11
10, 3.16703e-12
11, 1.29436e-11
12, 1.63085e-11
13, 5.11761e-12
14, 3.1598e-11
15, 1.63411e-11
16, 1.67367e-11
17, 5.32093e-11
18, 2.32297e-11
19, 3.01037e-11
20, 8.55731e-11
21, 5.2366e-11
22, 3.8815e-11
23, 1.31699e-10
24, 1.34516e-10
25, 8.43818e-11
26, 1.93534e-10
27, 2.76425e-10
28, 3.04957e-10
29, 7.70098e-10
30, 9.83041e-10
31, 3.65302e-11
32, 5.83478e-09
33, 1.15953e-08
34, 3.29616e-09
35, 2.51145e-08
36, 1.07426e-07
37, 7.23285e-08
38, 7.72869e-08
39, 4.96417e-07
40, 5.795e-07
41, 6.97417e-08
42, 8.17006e-07
43, 2.66673e-06
44, 2.15004e-06
45, 4.77959e-09
46, 5.46336e-06
47, 1.6827e-05
48, 1.17859e-05
49, 6.75187e-07
50, 3.12149e-05
51, 8.63962e-05
52, 6.46354e-05
53, 8.35046e-06
54, 0.000137429
55, 0.000375875
56, 0.00031111
57, 7.35578e-05
58, 0.000470402
59, 0.00130827
60, 0.00121798
61, 0.000461935
62, 0.00138018
63, 0.00366103
64, 0.00373408
65, 0.00195939
66, 0.00373305
67, 0.00866931
68, 0.00922234
69, 0.00581141
70, 0.00871187
71, 0.0175823
72, 0.0190681
73, 0.0133156
74, 0.0166559
75, 0.0293801
76, 0.0322851
77, 0.0243678
78, 0.0267651
79, 0.0409038
80, 0.0444418
81, 0.0474545
82, 0.0497054
83, 0.051099
84, 0.0516343
85, 0.0512217
86, 0.0499836
87, 0.0480186
88, 0.0453473
89, 0.0421688
90, 0.0386121
91, 0.0347442
92, 0.0307672
93, 0.0268224
94, 0.0229699
95, 0.0193456
96, 0.0160542
97, 0.0131027
98, 0.0105144
99, 0.00832483
100, 0.00650606
101, 0.00500536
102, 0.00379739
103, 0.00285484
104, 0.00212579
105, 0.00156141
106, 0.00113341
107, 0.00081898
108, 0.000590311
109, 0.000422278
110, 0.000298728
111, 0.000209672
112, 0.000147787
113, 0.000106529
114, 7.82499e-05
115, 5.56361e-05
116, 3.75113e-05
117, 2.71787e-05
118, 2.31577e-05
119, 1.89993e-05
120, 1.3218e-05
121, 1.10693e-05
122, 8.80254e-06
123, 6.60503e-06
124, 4.68704e-06
125, 3.16632e-06
126, 2.0541e-06
127, 1.29181e-06
128, 7.94844e-07
129, 4.82329e-07
130, 2.90399e-07
131, 1.74102e-07
132, 1.0407e-07
133, 6.19973e-08
134, 3.67565e-08
135, 2.16514e-08
136, 1.26527e-08
137, 7.32733e-09
138, 4.20215e-09
139, 2.38557e-09
140, 1.34041e-09
141, 7.45421e-10
142, 4.10301e-10
143, 2.23543e-10
144, 1.20557e-10
145, 6.43587e-11
146, 3.40117e-11
147, 1.77931e-11
148, 9.21376e-12
149, 4.72194e-12
150, 2.39486e-12
151, 1.20214e-12
152, 5.97296e-13
153, 2.93722e-13
154, 1.42889e-13
155, 6.87342e-14
156, 3.26975e-14
157, 1.54021e-14
158, 7.20087e-15
159, 3.34918e-15
160, 1.55063e-15
161, 7.12838e-16
162, 3.23437e-16
163, 1.43639e-16
164, 6.18678e-17
165, 2.56217e-17
166, 1.01252e-17
167, 3.79298e-18
168, 1.33865e-18
169, 4.42225e-19
170, 1.35666e-19
171, 3.82279e-20
172, 9.72853e-21
173, 2.17387e-21
174, 4.05333e-22
175, 5.7437e-23
176, 6.13138e-24
177, 2.19081e-24
178, 2.05667e-24
179, 1.41487e-24
180, 7.55168e-25
181, 3.42481e-25
182, 1.38843e-25
183, 5.18505e-26
184, 1.81944e-26
185, 6.08685e-27
186, 1.96407e-27
187, 6.17273e-28
188, 1.9053e-28
189, 5.8154e-29
190, 1.76419e-29
191, 5.33671e-30
192, 1.61189e-30
193, 4.85879e-31
194, 1.46166e-31
195, 4.38984e-32
196, 1.29127e-32
197, 3.72836e-33
198, 1.29579e-33
199, 3.96303e-34
200, 0


0, 0
1, 6.75374e-14
2, 8.82645e-14
3, 5.581e-13
4, 5.07302e-13
5, 1.2287e-12
6, 1.80033e-12
7, 1.41328e-12
8, 4.63527e-12
9, 8.88624e-13
10, 8.49926e-12
11, 2.23914e-12
12, 8.38288e-12
13, 9.80182e-12
14, 4.10155e-12
15, 2.57149e-11
16, 3.4794e-12
17, 3.17679e-12
18, 6.0606e-11
19, 6.66431e-11
20, 1.26594e-10
21, 1.22405e-10
22, 7.34676e-10
23, 2.12337e-09
24, 3.12632e-09
25, 7.38482e-09
26, 1.69607e-08
27, 3.49642e-08
28, 5.49874e-08
29, 9.67598e-08
30, 1.63801e-07
31, 2.31155e-07
32, 2.93254e-07
33, 3.80002e-07
34, 4.91508e-07
35, 5.97721e-07
36, 7.84782e-07
37, 1.24324e-06
38, 2.00799e-06
39, 2.86241e-06
40, 3.69236e-06
41, 5.31157e-06
42, 7.96647e-06
43, 1.09848e-05
44, 1.39899e-05
45, 1.99532e-05
46, 3.06536e-05
47, 3.97252e-05
48, 4.40992e-05
49, 5.78324e-05
50, 9.35869e-05
51, 0.000122196
52, 0.00011116
53, 0.000118172
54, 0.000218967
55, 0.000306279
56, 0.000224806
57, 0.0001503
58, 0.000387513
59, 0.000660452
60, 0.00042548
61, 8.90527e-05
62, 0.000595
63, 0.00137871
64, 0.000938538
65, 1.46555e-05
66, 0.000953462
67, 0.00287695
68, 0.00239575
69, 0.000457154
70, 0.00177928
71, 0.00557256
72, 0.00574547
73, 0.00285347
74, 0.00437233
75, 0.0102994
76, 0.0120017
77, 0.00886717
78, 0.010437
79, 0.0180184
80, 0.0216271
81, 0.025534
82, 0.0296175
83, 0.0337181
84, 0.0377298
85, 0.041412
86, 0.0446214
87, 0.0472712
88, 0.0491686
89, 0.0502984
90, 0.0506561
91, 0.0501554
92, 0.0488895
93, 0.0469419
94, 0.0443207
95, 0.0411851
96, 0.0376991
97, 0.0339348
98, 0.0300458
99, 0.0262093
100, 0.0225044
101, 0.0190089
102, 0.0158257
103, 0.0129905
104, 0.0105007
105, 0.00837466
106, 0.00660269
107, 0.00513098
108, 0.0039311
109, 0.00299301
110, 0.00226008
111, 0.00167121
112, 0.00122233
113, 0.000905005
114, 0.000664893
115, 0.000468688
116, 0.000326767
117, 0.000241772
118, 0.000183346
119, 0.000124201
120, 7.51569e-05
121, 5.72633e-05
122, 4.33497e-05
123, 3.21892e-05
124, 2.37612e-05
125, 1.81058e-05
126, 1.47217e-05
127, 1.26989e-05
128, 1.11625e-05
129, 9.59034e-06
130, 7.85379e-06
131, 6.07129e-06
132, 4.42865e-06
133, 3.06193e-06
134, 2.02057e-06
135, 1.28321e-06
136, 7.91235e-07
137, 4.77863e-07
138, 2.84919e-07
139, 1.68757e-07
140, 9.96875e-08
141, 5.88228e-08
142, 3.46583e-08
143, 2.0358e-08
144, 1.18973e-08
145, 6.90434e-09
146, 3.97295e-09
147, 2.26459e-09
148, 1.27794e-09
149, 7.13789e-10
150, 3.94586e-10
151, 2.15893e-10
152, 1.16922e-10
153, 6.26837e-11
154, 3.32698e-11
155, 1.74821e-11
156, 9.09429e-12
157, 4.68318e-12
158, 2.38734e-12
159, 1.20489e-12
160, 6.02158e-13
161, 2.97999e-13
162, 1.46e-13
163, 7.07888e-14
164, 3.39669e-14
165, 1.61451e-14
166, 7.61851e-15
167, 3.57967e-15
168, 1.67907e-15
169, 7.86609e-16
170, 3.67038e-16
171, 1.69566e-16
172, 7.6944e-17
173, 3.4004e-17
174, 1.45212e-17
175, 5.95247e-18
176, 2.32916e-18
177, 8.65797e-19
178, 3.04327e-19
179, 1.00641e-19
180, 3.11145e-20
181, 8.91423e-21
182, 2.33567e-21
183, 5.47998e-22
184, 1.11076e-22
185, 1.82835e-23
186, 2.29996e-24
187, 4.00933e-25
188, 2.82926e-25
189, 2.10514e-25
190, 1.20496e-25
191, 5.72462e-26
192, 2.39055e-26
193, 9.07185e-27
194, 3.20073e-27
195, 1.07037e-27
196, 3.36247e-28
197, 9.98463e-29
198, 3.55632e-29
199, 1.11946e-29
200, 0


0, 0
1, 1.88694e-14
2, 1.8532e-13
3, 7.13521e-14
4, 3.64138e-13
5, 1.28082e-12
6, 2.79705e-12
7, 1.32396e-12
8, 1.70241e-12
9, 1.47137e-11
10, 3.93779e-11
11, 1.21075e-10
12, 1.77989e-10
13, 4.13664e-10
14, 1.35416e-09
15, 2.88275e-09
16, 5.72218e-09
17, 1.1325e-08
18, 2.19255e-08
19, 4.21826e-08
20, 6.89685e-08
21, 1.05941e-07
22, 1.58899e-07
23, 2.18345e-07
24, 2.79491e-07
25, 3.23722e-07
26, 3.84426e-07
27, 4.86805e-07
28, 6.90194e-07
29, 1.02595e-06
30, 1.52829e-06
31, 2.19811e-06
32, 3.04488e-06
33, 4.10736e-06
34, 5.59797e-06
35, 7.86091e-06
36, 1.11978e-05
37, 1.55153e-05
38, 2.07438e-05
39, 2.72487e-05
40, 3.63529e-05
41, 4.84242e-05
42, 6.2974e-05
43, 7.89678e-05
44, 9.85169e-05
45, 0.000123227
46, 0.000151402
47, 0.000178922
48, 0.000207524
49, 0.000243984
50, 0.0002833
51, 0.000312692
52, 0.000334168
53, 0.000371376
54, 0.000422983
55, 0.000444084
56, 0.000430575
57, 0.000456151
58, 0.000546989
59, 0.000580664
60, 0.000484328
61, 0.000449796
62, 0.000631204
63, 0.000744178
64, 0.000497418
65, 0.000266499
66, 0.000560315
67, 0.000928014
68, 0.000584713
69, 3.58064e-05
70, 0.000426043
71, 0.00128807
72, 0.00110636
73, 0.00027279
74, 0.000702124
75, 0.00223736
76, 0.00266139
77, 0.001862
78, 0.00232769
79, 0.00456086
80, 0.00605105
81, 0.00788312
82, 0.010096
83, 0.0126861
84, 0.0156853
85, 0.0190446
86, 0.0226814
87, 0.0265558
88, 0.0304974
89, 0.034376
90, 0.0381028
91, 0.0414715
92, 0.0443856
93, 0.0467705
94, 0.0484506
95, 0.0494068
96, 0.0496586
97, 0.0491042
98, 0.0477631
99, 0.0457809
100, 0.0432383
101, 0.040184
102, 0.0367229
103, 0.0330498
104, 0.0293662
105, 0.0257181
106, 0.0221084
107, 0.0187012
108, 0.0156826
109, 0.0130351
110, 0.0106173
111, 0.00844081
112, 0.0066855
113, 0.00535441
114, 0.00420939
115, 0.00313709
116, 0.00229992
117, 0.00180803
118, 0.00145956
119, 0.00103148
120, 0.000632268
121, 0.000476403
122, 0.000359036
123, 0.000271202
124, 0.000203562
125, 0.00015056
126, 0.00011025
127, 8.1334e-05
128, 6.12876e-05
129, 4.68869e-05
130, 3.56726e-05
131, 2.66257e-05
132, 1.97068e-05
133, 1.49938e-05
134, 1.21704e-05
135, 1.05583e-05
136, 9.4347e-06
137, 8.30896e-06
138, 7.00509e-06
139, 5.58112e-06
140, 4.19084e-06
141, 2.97379e-06
142, 2.00487e-06
143, 1.29303e-06
144, 8.04006e-07
145, 4.86039e-07
146, 2.88087e-07
147, 1.68754e-07
148, 9.83308e-08
149, 5.7244e-08
150, 3.3358e-08
151, 1.94521e-08
152, 1.13305e-08
153, 6.57646e-09
154, 3.79458e-09
155, 2.17235e-09
156, 1.2323e-09
157, 6.92111e-10
158, 3.84721e-10
159, 2.11631e-10
160, 1.15212e-10
161, 6.20818e-11
162, 3.31168e-11
163, 1.74904e-11
164, 9.14611e-12
165, 4.73549e-12
166, 2.42782e-12
167, 1.23271e-12
168, 6.20009e-13
169, 3.08944e-13
170, 1.52497e-13
171, 7.45467e-14
172, 3.60849e-14
173, 1.73061e-14
174, 8.23768e-15
175, 3.90337e-15
176, 1.84779e-15
177, 8.76278e-16
178, 4.16453e-16
179, 1.97755e-16
180, 9.32613e-17
181, 4.33417e-17
182, 1.96905e-17
183, 8.68248e-18
184, 3.69425e-18
185, 1.50981e-18
186, 5.90589e-19
187, 2.20476e-19
188, 7.83488e-20
189, 2.64355e-20
190, 8.44595e-21
191, 2.54758e-21
192, 7.23077e-22
193, 1.92903e-22
194, 4.8528e-23
195, 1.155e-23
196, 2.89702e-24
197, 7.39903e-25
198, 2.29774e-25
199, 1.74297e-25
200, 0


0, 0
1, 5.08532e-11
2, 6.79746e-11
3, 1.56377e-10
4, 4.29849e-10
5, 9.40317e-10
6, 2.09476e-09
7, 4.30154e-09
8, 8.23667e-09
9, 1.58592e-08
10, 2.92373e-08
11, 4.87392e-08
12, 7.66485e-08
13, 1.1381e-07
14, 1.575e-07
15, 2.05517e-07
16, 2.45655e-07
17, 2.79099e-07
18, 3.24327e-07
19, 4.06458e-07
20, 5.77927e-07
21, 8.59481e-07
22, 1.26903e-06
23, 1.77915e-06
24, 2.39476e-06
25, 3.19334e-06
26, 4.33144e-06
27, 6.06716e-06
28, 8.50619e-06
29, 1.17376e-05
30, 1.57e-05
31, 2.07856e-05
32, 2.74785e-05
33, 3.65035e-05
34, 4.77682e-05
35, 6.1284e-05
36, 7.70636e-05
37, 9.63349e-05
38, 0.000119306
39, 0.000145641
40, 0.000173854
41, 0.000204581
42, 0.000237842
43, 0.000273004
44, 0.000307336
45, 0.000340638
46, 0.00037313
47, 0.000403754
48, 0.000431009
49, 0.000454983
50, 0.000477005
51, 0.000494165
52, 0.000508242
53, 0.000521874
54, 0.000532662
55, 0.000531781
56, 0.000523948
57, 0.000523228
58, 0.000517789
59, 0.000484606
60, 0.000434991
61, 0.00040814
62, 0.000399509
63, 0.000353872
64, 0.000267342
65, 0.000219225
66, 0.000248069
67, 0.000253696
68, 0.000151385
69, 6.44911e-05
70, 0.000136579
71, 0.00023853
72, 0.00015866
73, 1.11302e-05
74, 8.18879e-05
75, 0.000311292
76, 0.00036363
77, 0.000235707
78, 0.000310607
79, 0.00069011
80, 0.00101137
81, 0.00145091
82, 0.00204804
83, 0.00283038
84, 0.00384498
85, 0.00514243
86, 0.00674528
87, 0.0087127
88, 0.0110476
89, 0.013722
90, 0.016769
91, 0.0201241
92, 0.0236774
93, 0.0273572
94, 0.03107
95, 0.0347616
96, 0.0382588
97, 0.041299
98, 0.0439148
99, 0.0461675
100, 0.0477684
101, 0.0484849
102, 0.048438
103, 0.0478417
104, 0.0466923
105, 0.0447495
106, 0.0419672
107, 0.0388143
108, 0.0357783
109, 0.0326303
110, 0.0288474
111, 0.0248084
112, 0.0214991
113, 0.0189497
114, 0.0161427
115, 0.0128032
116, 0.0100986
117, 0.00873891
118, 0.00766004
119, 0.00573043
120, 0.00371226
121, 0.00299049
122, 0.00238592
123, 0.0018818
124, 0.00147208
125, 0.0011471
126, 0.000889303
127, 0.000682193
128, 0.000516995
129, 0.000389495
130, 0.000293976
131, 0.000222149
132, 0.000166514
133, 0.000122956
134, 8.9996e-05
135, 6.64597e-05
136, 5.01997e-05
137, 3.85662e-05
138, 2.95214e-05
139, 2.21739e-05
140, 1.64644e-05
141, 1.25008e-05
142, 1.011e-05
143, 8.79912e-06
144, 7.97765e-06
145, 7.19382e-06
146, 6.24098e-06
147, 5.12542e-06
148, 3.96542e-06
149, 2.8935e-06
150, 1.99938e-06
151, 1.31561e-06
152, 8.29774e-07
153, 5.05324e-07
154, 2.9951e-07
155, 1.74216e-07
156, 1.0025e-07
157, 5.74645e-08
158, 3.29728e-08
159, 1.89825e-08
160, 1.09624e-08
161, 6.33771e-09
162, 3.65749e-09
163, 2.10082e-09
164, 1.1981e-09
165, 6.77244e-10
166, 3.79033e-10
167, 2.09922e-10
168, 1.15033e-10
169, 6.23751e-11
170, 3.34744e-11
171, 1.77836e-11
172, 9.3541e-12
173, 4.87214e-12
174, 2.51326e-12
175, 1.28426e-12
176, 6.50248e-13
177, 3.26297e-13
178, 1.6228e-13
179, 7.99747e-14
180, 3.90469e-14
181, 1.88909e-14
182, 9.06679e-15
183, 4.32787e-15
184, 2.06223e-15
185, 9.84978e-16
186, 4.72961e-16
187, 2.28363e-16
188, 1.10509e-16
189, 5.32592e-17
190, 2.5367e-17
191, 1.18483e-17
192, 5.38747e-18
193, 2.37701e-18
194, 1.01029e-18
195, 4.11778e-19
196, 1.66505e-19
197, 5.82529e-20
198, 2.27992e-20
199, 1.19565e-20
200, 0


0, 0
1, 4.39218e-08
2, 3.58142e-08
3, 4.64699e-08
4, 9.95237e-08
5, 1.07693e-07
6, 1.56885e-07
7, 1.9175e-07
8, 2.11259e-07
9, 2.41755e-07
10, 2.75901e-07
11, 3.49427e-07
12, 4.95276e-07
13, 7.34759e-07
14, 1.06348e-06
15, 1.46758e-06
16, 1.94379e-06
17, 2.54111e-06
18, 3.42299e-06
19, 4.74781e-06
20, 6.65456e-06
21, 9.13164e-06
22, 1.21797e-05
23, 1.60303e-05
24, 2.11335e-05
25, 2.80751e-05
26, 3.69167e-05
27, 4.76337e-05
28, 6.02386e-05
29, 7.56605e-05
30, 9.45614e-05
31, 0.000116883
32, 0.000141615
33, 0.0001687
34, 0.00019896
35, 0.000232413
36, 0.000266984
37, 0.000300814
38, 0.000334475
39, 0.000368587
40, 0.000400739
41, 0.000427972
42, 0.000451167
43, 0.000472798
44, 0.000491047
45, 0.000503193
46, 0.000510461
47, 0.000516561
48, 0.000518996
49, 0.00051551
50, 0.000506828
51, 0.000495346
52, 0.000477342
53, 0.000452841
54, 0.000423456
55, 0.000389009
56, 0.000350187
57, 0.000311204
58, 0.000272695
59, 0.000231834
60, 0.000195533
61, 0.000167956
62, 0.000143455
63, 0.000117363
64, 9.4267e-05
65, 8.07133e-05
66, 7.2929e-05
67, 5.97344e-05
68, 3.86244e-05
69, 2.58978e-05
70, 3.00085e-05
71, 3.21323e-05
72, 1.71833e-05
73, 1.45967e-06
74, 9.03411e-06
75, 2.97977e-05
76, 3.25259e-05
77, 1.91044e-05
78, 2.59211e-05
79, 6.47868e-05
80, 0.000105171
81, 0.000167222
82, 0.000260986
83, 0.000395052
84, 0.000583809
85, 0.000861057
86, 0.00124235
87, 0.00174456
88, 0.00241715
89, 0.00331228
90, 0.00447606
91, 0.00589872
92, 0.00758495
93, 0.00964136
94, 0.0120961
95, 0.0148503
96, 0.0178055
97, 0.0209418
98, 0.0243832
99, 0.0281183
100, 0.0317223
101, 0.0348592
102, 0.0378274
103, 0.0410105
104, 0.0439777
105, 0.0457638
106, 0.046248
107, 0.0466764
108, 0.0477317
109, 0.0478204
110, 0.0453377
111, 0.0418327
112, 0.0401353
113, 0.0395418
114, 0.0364287
115, 0.0304382
116, 0.0259057
117, 0.0251537
118, 0.0242825
119, 0.0193833
120, 0.0133362
121, 0.0114842
122, 0.00978588
123, 0.00826925
124, 0.00693309
125, 0.0057554
126, 0.00472649
127, 0.00384903
128, 0.00311494
129, 0.00250116
130, 0.00198668
131, 0.001562
132, 0.00122088
133, 0.000950924
134, 0.000735688
135, 0.000562589
136, 0.000425473
137, 0.000320524
138, 0.000242111
139, 0.000182964
140, 0.000137012
141, 0.00010105
142, 7.39003e-05
143, 5.45672e-05
144, 4.12762e-05
145, 3.18435e-05
146, 2.45447e-05
147, 1.85746e-05
148, 1.38498e-05
149, 1.04947e-05
150, 8.4432e-06
151, 7.35209e-06
152, 6.74709e-06
153, 6.22099e-06
154, 5.55013e-06
155, 4.69801e-06
156, 3.74684e-06
157, 2.81491e-06
158, 1.99807e-06
159, 1.34608e-06
160, 8.65355e-07
161, 5.34114e-07
162, 3.18687e-07
163, 1.8522e-07
164, 1.05719e-07
165, 5.97508e-08
166, 3.36881e-08
167, 1.90524e-08
168, 1.08389e-08
169, 6.20251e-09
170, 3.56226e-09
171, 2.04633e-09
172, 1.17158e-09
173, 6.66494e-10
174, 3.75914e-10
175, 2.09916e-10
176, 1.15975e-10
177, 6.33812e-11
178, 3.42673e-11
179, 1.83329e-11
180, 9.70821e-12
181, 5.09002e-12
182, 2.64297e-12
183, 1.35954e-12
184, 6.93055e-13
185, 3.50228e-13
186, 1.75474e-13
187, 8.71619e-14
188, 4.29057e-14
189, 2.09368e-14
190, 1.01334e-14
191, 4.86161e-15
192, 2.33464e-15
193, 1.12381e-15
194, 5.2925e-16
195, 2.67123e-16
196, 1.36205e-16
197, 5.10558e-17
198, 3.92527e-17
199, 2.63017e-17
200, 0


0, 0
1, 5.36109e-07
2, 6.2973e-07
3, 5.9987e-08
4, 5.82024e-07
5, 1.01401e-06
6, 5.90462e-07
7, 1.32237e-06
8, 1.84622e-06
9, 1.81968e-06
10, 2.78695e-06
11, 3.95573e-06
12, 5.15993e-06
13, 7.2729e-06
14, 9.71744e-06
15, 1.25207e-05
16, 1.65403e-05
17, 2.19346e-05
18, 2.8892e-05
19, 3.74583e-05
20, 4.75823e-05
21, 5.98158e-05
22, 7.5038e-05
23, 9.35947e-05
24, 0.000114766
25, 0.000138262
26, 0.00016446
27, 0.000194293
28, 0.000226882
29, 0.000260302
30, 0.000293651
31, 0.00032772
32, 0.000362399
33, 0.000394642
34, 0.000422515
35, 0.000446755
36, 0.000469071
37, 0.000486911
38, 0.000498507
39, 0.000504981
40, 0.000509288
41, 0.000509356
42, 0.000504085
43, 0.000494894
44, 0.000483791
45, 0.000467446
46, 0.000445672
47, 0.000420856
48, 0.000393458
49, 0.000360244
50, 0.00032379
51, 0.000287525
52, 0.000250912
53, 0.000214143
54, 0.000180547
55, 0.000150924
56, 0.000124248
57, 0.000102455
58, 8.47146e-05
59, 6.94032e-05
60, 5.67993e-05
61, 4.71551e-05
62, 3.81475e-05
63, 2.97796e-05
64, 2.31512e-05
65, 1.76499e-05
66, 1.33264e-05
67, 9.41666e-06
68, 5.86638e-06
69, 4.07048e-06
70, 3.7187e-06
71, 3.03644e-06
72, 1.50575e-06
73, 3.76683e-07
74, 8.78443e-07
75, 2.09786e-06
76, 2.21904e-06
77, 1.32838e-06
78, 1.38925e-06
79, 4.08892e-06
80, 7.72581e-06
81, 1.25364e-05
82, 2.00654e-05
83, 3.55996e-05
84, 6.14514e-05
85, 9.86334e-05
86, 0.000149189
87, 0.000222179
88, 0.000344733
89, 0.000528422
90, 0.000767679
91, 0.00107763
92, 0.00150482
93, 0.00214149
94, 0.0030121
95, 0.0040062
96, 0.00511689
97, 0.0065645
98, 0.00857207
99, 0.0109779
100, 0.0132383
101, 0.0153349
102, 0.0181862
103, 0.0222261
104, 0.0261858
105, 0.0285877
106, 0.030362
107, 0.0340856
108, 0.0396244
109, 0.0429682
110, 0.0420425
111, 0.0411927
112, 0.0451109
113, 0.0503279
114, 0.0491535
115, 0.0421857
116, 0.0389615
117, 0.043332
118, 0.0462032
119, 0.0391782
120, 0.0285714
121, 0.0263767
122, 0.0241295
123, 0.0218798
124, 0.0196387
125, 0.0174459
126, 0.0153626
127, 0.013415
128, 0.0115989
129, 0.00992506
130, 0.00841941
131, 0.00708903
132, 0.00591637
133, 0.00488615
134, 0.00399752
135, 0.00324852
136, 0.00262303
137, 0.0020988
138, 0.00166109
139, 0.00130337
140, 0.00101812
141, 0.000792301
142, 0.000611651
143, 0.000466516
144, 0.000352231
145, 0.000265273
146, 0.000200433
147, 0.000151457
148, 0.00011335
149, 8.35207e-05
150, 6.10058e-05
151, 4.49949e-05
152, 3.40516e-05
153, 2.63738e-05
154, 2.04831e-05
155, 1.56365e-05
156, 1.17243e-05
157, 8.8726e-06
158, 7.09289e-06
159, 6.16181e-06
160, 5.70777e-06
161, 5.37165e-06
162, 4.92419e-06
163, 4.29495e-06
164, 3.53166e-06
165, 2.73371e-06
166, 1.99621e-06
167, 1.38026e-06
168, 9.0777e-07
169, 5.7074e-07
170, 3.44982e-07
171, 2.01754e-07
172, 1.14995e-07
173, 6.43998e-08
174, 3.57394e-08
175, 1.98134e-08
176, 1.10425e-08
177, 6.20843e-09
178, 3.52217e-09
179, 2.01129e-09
180, 1.15142e-09
181, 6.57963e-10
182, 3.73903e-10
183, 2.10721e-10
184, 1.17563e-10
185, 6.48747e-11
186, 3.54047e-11
187, 1.91016e-11
188, 1.0196e-11
189, 5.39221e-12
190, 2.81526e-12
191, 1.45684e-12
192, 7.5458e-13
193, 3.79526e-13
194, 1.8862e-13
195, 1.0134e-13
196, 4.78293e-14
197, 1.89265e-14
198, 1.5905e-14
199, 8.83485e-15
200, 0


0, 0
1, 3.28599e-06
2, 5.4644e-06
3, 2.07912e-06
4, 3.01032e-06
5, 8.29734e-06
6, 8.84201e-06
7, 7.61206e-06
8, 1.33552e-05
9, 2.06645e-05
10, 2.09366e-05
11, 2.80188e-05
12, 4.17199e-05
13, 4.67494e-05
14, 5.75043e-05
15, 7.7962e-05
16, 9.29445e-05
17, 0.000111082
18, 0.000137007
19, 0.000161433
20, 0.00018918
21, 0.000222258
22, 0.000253902
23, 0.000286022
24, 0.000320845
25, 0.000355287
26, 0.000386766
27, 0.000415089
28, 0.000440781
29, 0.00046387
30, 0.000482081
31, 0.000493495
32, 0.000500465
33, 0.000504285
34, 0.000503589
35, 0.000496765
36, 0.000486726
37, 0.000474575
38, 0.000458643
39, 0.000437747
40, 0.000415012
41, 0.000390579
42, 0.000362161
43, 0.000330001
44, 0.000297607
45, 0.00026445
46, 0.000229981
47, 0.00019658
48, 0.000166222
49, 0.000137571
50, 0.000112148
51, 9.1374e-05
52, 7.42272e-05
53, 5.95015e-05
54, 4.82638e-05
55, 3.94313e-05
56, 3.19081e-05
57, 2.58069e-05
58, 2.08056e-05
59, 1.60346e-05
60, 1.21218e-05
61, 9.07685e-06
62, 6.31155e-06
63, 4.28914e-06
64, 2.85391e-06
65, 1.83067e-06
66, 1.24817e-06
67, 8.83409e-07
68, 6.02573e-07
69, 5.06451e-07
70, 4.80995e-07
71, 3.8954e-07
72, 2.5286e-07
73, 1.00886e-07
74, 9.91995e-08
75, 1.44485e-07
76, 6.11173e-08
77, 1.04852e-08
78, 1.95262e-07
79, 4.43963e-07
80, 3.4311e-07
81, 3.27003e-07
82, 1.15117e-06
83, 3.19748e-06
84, 5.6169e-06
85, 6.78366e-06
86, 9.48543e-06
87, 2.02502e-05
88, 4.25449e-05
89, 6.82539e-05
90, 8.38286e-05
91, 0.000110851
92, 0.000201505
93, 0.000370203
94, 0.000547011
95, 0.000659247
96, 0.000839568
97, 0.00137003
98, 0.00223738
99, 0.00298319
100, 0.00334621
101, 0.00398468
102, 0.00590673
103, 0.00870706
104, 0.0104892
105, 0.0107306
106, 0.0119949
107, 0.0167264
108, 0.0226681
109, 0.0248095
110, 0.0231517
111, 0.0245668
112, 0.0329675
113, 0.041494
114, 0.0410819
115, 0.0349065
116, 0.0355823
117, 0.0462964
118, 0.0541572
119, 0.0483833
120, 0.0372799
121, 0.0368354
122, 0.0360849
123, 0.0350139
124, 0.0336302
125, 0.0320078
126, 0.0302001
127, 0.0282164
128, 0.0260979
129, 0.0239246
130, 0.0217458
131, 0.0195745
132, 0.0174429
133, 0.015407
134, 0.0134999
135, 0.0117213
136, 0.0100743
137, 0.00858005
138, 0.00725328
139, 0.00608431
140, 0.00505479
141, 0.00415747
142, 0.00339247
143, 0.00275177
144, 0.00221641
145, 0.00176764
146, 0.00139505
147, 0.00109304
148, 0.000853284
149, 0.0006633
150, 0.000511029
151, 0.000388899
152, 0.000293178
153, 0.000220665
154, 0.000166707
155, 0.00012596
156, 9.42427e-05
157, 6.93908e-05
158, 5.06051e-05
159, 3.72467e-05
160, 2.81722e-05
161, 2.18964e-05
162, 1.71421e-05
163, 1.32165e-05
164, 9.98169e-06
165, 7.55397e-06
166, 5.99729e-06
167, 5.18346e-06
168, 4.83101e-06
169, 4.63065e-06
170, 4.35689e-06
171, 3.91391e-06
172, 3.31799e-06
173, 2.64709e-06
174, 1.99023e-06
175, 1.41463e-06
176, 9.54256e-07
177, 6.13487e-07
178, 3.77621e-07
179, 2.2369e-07
180, 1.28275e-07
181, 7.17078e-08
182, 3.93946e-08
183, 2.1458e-08
184, 1.16901e-08
185, 6.41843e-09
186, 3.56637e-09
187, 2.00554e-09
188, 1.14013e-09
189, 6.52113e-10
190, 3.7125e-10
191, 2.11005e-10
192, 1.20477e-10
193, 6.61358e-11
194, 3.57328e-11
195, 2.13985e-11
196, 1.0905e-11
197, 4.39989e-12
198, 4.37461e-12
199, 2.64283e-12
200, 0


0, 0
1, 2.45743e-05
2, 4.56372e-05
3, 2.04898e-05
4, 1.63153e-05
5, 5.35588e-05
6, 6.3495e-05
7, 4.75877e-05
8, 6.73121e-05
9, 0.000110291
10, 0.00011585
11, 0.000117588
12, 0.000161225
13, 0.000200179
14, 0.000212405
15, 0.000236575
16, 0.000287233
17, 0.000322504
18, 0.000335254
19, 0.000376818
20, 0.000418753
21, 0.000427141
22, 0.000451945
23, 0.000483556
24, 0.000485896
25, 0.000491334
26, 0.000503708
27, 0.000499258
28, 0.000489695
29, 0.000482363
30, 0.000469141
31, 0.000451337
32, 0.000431803
33, 0.000409565
34, 0.000386144
35, 0.000360107
36, 0.00033117
37, 0.000301794
38, 0.000272384
39, 0.000241093
40, 0.000209764
41, 0.000180473
42, 0.000152405
43, 0.000125766
44, 0.000102781
45, 8.33442e-05
46, 6.62976e-05
47, 5.24141e-05
48, 4.1919e-05
49, 3.34364e-05
50, 2.66641e-05
51, 2.17269e-05
52, 1.76273e-05
53, 1.38925e-05
54, 1.10206e-05
55, 8.52495e-06
56, 6.21961e-06
57, 4.44928e-06
58, 3.05928e-06
59, 1.91675e-06
60, 1.27574e-06
61, 8.50031e-07
62, 5.62831e-07
63, 4.38933e-07
64, 3.52169e-07
65, 2.83765e-07
66, 2.59087e-07
67, 1.99319e-07
68, 1.20522e-07
69, 7.78745e-08
70, 3.11502e-08
71, 1.24201e-08
72, 1.8594e-08
73, 5.10969e-08
74, 7.34007e-08
75, 8.58268e-08
76, 8.33857e-08
77, 1.31447e-07
78, 1.92257e-07
79, 1.59557e-07
80, 1.68696e-07
81, 4.961e-07
82, 1.12161e-06
83, 1.29525e-06
84, 7.61712e-07
85, 6.03765e-07
86, 3.32888e-06
87, 9.31934e-06
88, 1.17628e-05
89, 5.86668e-06
90, 1.52116e-07
91, 1.83521e-05
92, 6.45706e-05
93, 9.17491e-05
94, 5.57697e-05
95, 1.56653e-05
96, 0.000123026
97, 0.000404009
98, 0.000603105
99, 0.00046334
100, 0.000278803
101, 0.000757627
102, 0.0020072
103, 0.0029574
104, 0.00258302
105, 0.00188657
106, 0.00326344
107, 0.00704254
108, 0.00995531
109, 0.00915182
110, 0.0071562
111, 0.00977129
112, 0.0176864
113, 0.0237349
114, 0.0221294
115, 0.0178027
116, 0.0209657
117, 0.0324671
118, 0.0410021
119, 0.0381595
120, 0.0308988
121, 0.0325109
122, 0.0339303
123, 0.0350759
124, 0.0359239
125, 0.0364908
126, 0.0367374
127, 0.0366248
128, 0.0361862
129, 0.0354542
130, 0.034414
131, 0.0330782
132, 0.0315146
133, 0.029773
134, 0.0278644
135, 0.0258233
136, 0.0237221
137, 0.0216138
138, 0.0195142
139, 0.017446
140, 0.0154578
141, 0.0135894
142, 0.0118478
143, 0.0102305
144, 0.00875048
145, 0.00742604
146, 0.00625778
147, 0.00522938
148, 0.00432697
149, 0.00354763
150, 0.00288906
151, 0.00233921
152, 0.0018794
153, 0.00149454
154, 0.00117685
155, 0.000920986
156, 0.000718458
157, 0.000557842
158, 0.000428993
159, 0.000325819
160, 0.000245239
161, 0.000184406
162, 0.000139249
163, 0.000105201
164, 7.87107e-05
165, 5.79244e-05
166, 4.21658e-05
167, 3.09446e-05
168, 2.33663e-05
169, 1.82118e-05
170, 1.4375e-05
171, 1.12064e-05
172, 8.54077e-06
173, 6.47547e-06
174, 5.10672e-06
175, 4.3803e-06
176, 4.09303e-06
177, 3.98549e-06
178, 3.8434e-06
179, 3.55375e-06
180, 3.10519e-06
181, 2.55336e-06
182, 1.97752e-06
183, 1.44633e-06
184, 1.00217e-06
185, 6.60635e-07
186, 4.15838e-07
187, 2.50612e-07
188, 1.45673e-07
189, 8.21301e-08
190, 4.4775e-08
191, 2.41487e-08
192, 1.31499e-08
193, 6.81309e-09
194, 3.60455e-09
195, 2.2743e-09
196, 1.14062e-09
197, 4.58193e-10
198, 5.81046e-10
199, 3.68395e-10
200, 0


0, 0
1, 0.000136159
2, 0.000250184
3, 0.000113441
4, 4.84892e-05
5, 0.000221169
6, 0.000290812
7, 0.000168704
8, 0.000178392
9, 0.000337941
10, 0.000365945
11, 0.000284158
12, 0.000338231
13, 0.000452828
14, 0.000445225
15, 0.000405991
16, 0.000459222
17, 0.000519221
18, 0.000489472
19, 0.000466318
20, 0.000502598
21, 0.000506389
22, 0.00046911
23, 0.00045179
24, 0.000457442
25, 0.000437236
26, 0.000393397
27, 0.000379997
28, 0.000369074
29, 0.000326122
30, 0.000297275
31, 0.000282162
32, 0.000248055
33, 0.000214816
34, 0.000193051
35, 0.000166023
36, 0.000137643
37, 0.000115681
38, 9.56097e-05
39, 7.61586e-05
40, 6.02968e-05
41, 4.78461e-05
42, 3.74372e-05
43, 2.90622e-05
44, 2.29314e-05
45, 1.83706e-05
46, 1.45401e-05
47, 1.16107e-05
48, 9.44855e-06
49, 7.45932e-06
50, 5.71021e-06
51, 4.42902e-06
52, 3.25348e-06
53, 2.30564e-06
54, 1.69983e-06
55, 1.15066e-06
56, 7.31316e-07
57, 4.74059e-07
58, 2.76174e-07
59, 1.67109e-07
60, 1.51991e-07
61, 1.35254e-07
62, 1.11847e-07
63, 9.65553e-08
64, 6.03283e-08
65, 2.38929e-08
66, 1.34983e-08
67, 2.24358e-08
68, 5.59909e-08
69, 1.19569e-07
70, 1.94832e-07
71, 2.20753e-07
72, 2.63321e-07
73, 2.98858e-07
74, 3.6522e-07
75, 5.065e-07
76, 7.41017e-07
77, 1.04318e-06
78, 1.41346e-06
79, 1.84192e-06
80, 2.479e-06
81, 4.06725e-06
82, 5.59938e-06
83, 6.51749e-06
84, 8.33702e-06
85, 1.2131e-05
86, 1.66896e-05
87, 1.96632e-05
88, 2.05053e-05
89, 2.61817e-05
90, 4.23017e-05
91, 6.57374e-05
92, 7.60753e-05
93, 6.16393e-05
94, 5.1929e-05
95, 0.000100756
96, 0.000213009
97, 0.000276231
98, 0.000190739
99, 5.0266e-05
100, 0.000153094
101, 0.000612898
102, 0.00101986
103, 0.000823325
104, 0.000181363
105, 0.00016265
106, 0.00149138
107, 0.0032048
108, 0.0033812
109, 0.00182166
110, 0.0010485
111, 0.00351572
112, 0.00790382
113, 0.00993987
114, 0.0079051
115, 0.00577664
116, 0.00871957
117, 0.0160509
118, 0.0213228
119, 0.0203929
120, 0.0172311
121, 0.01917
122, 0.0211712
123, 0.0231683
124, 0.0251457
125, 0.0270917
126, 0.0289337
127, 0.0306225
128, 0.0321574
129, 0.0334939
130, 0.0345627
131, 0.0353549
132, 0.0358784
133, 0.036092
134, 0.0359657
135, 0.0355314
136, 0.0348181
137, 0.0338138
138, 0.0325283
139, 0.0310217
140, 0.0293458
141, 0.0275144
142, 0.0255526
143, 0.0235228
144, 0.021483
145, 0.0194549
146, 0.0174527
147, 0.0155142
148, 0.0136828
149, 0.0119758
150, 0.01039
151, 0.00892862
152, 0.00760779
153, 0.00643711
154, 0.00540768
155, 0.00450274
156, 0.00371299
157, 0.00303672
158, 0.00246884
159, 0.00199539
160, 0.00159936
161, 0.00126864
162, 0.000997082
163, 0.000779467
164, 0.000607577
165, 0.000471204
166, 0.00036177
167, 0.00027426
168, 0.000206085
169, 0.000154758
170, 0.000116766
171, 8.82013e-05
172, 6.60072e-05
173, 4.85621e-05
174, 3.5281e-05
175, 2.57971e-05
176, 1.94238e-05
177, 1.5166e-05
178, 1.20685e-05
179, 9.52455e-06
180, 7.33911e-06
181, 5.58534e-06
182, 4.38162e-06
183, 3.72444e-06
184, 3.47107e-06
185, 3.42331e-06
186, 3.38693e-06
187, 3.21075e-06
188, 2.88518e-06
189, 2.46615e-06
190, 1.95293e-06
191, 1.45712e-06
192, 1.07036e-06
193, 7.09041e-07
194, 4.36118e-07
195, 3.05852e-07
196, 1.72576e-07
197, 6.98327e-08
198, 7.60117e-08
199, 4.84905e-08
200, 0


0, 0
1, 0.00043328
2, 0.00083101
3, 0.00038382
4, 6.38709e-05
5, 0.000524095
6, 0.000800463
7, 0.000388866
8, 0.000207739
9, 0.000598529
10, 0.000730271
11, 0.000410488
12, 0.000334733
13, 0.000599266
14, 0.000620958
15, 0.000400827
16, 0.000382547
17, 0.000519243
18, 0.000487612
19, 0.000349618
20, 0.000347865
21, 0.000401393
22, 0.000350708
23, 0.000273312
24, 0.000266219
25, 0.000275747
26, 0.000230551
27, 0.000181456
28, 0.000173557
29, 0.000161
30, 0.000126941
31, 9.95476e-05
32, 8.78881e-05
33, 7.59698e-05
34, 5.49497e-05
35, 4.07264e-05
36, 3.67814e-05
37, 2.77903e-05
38, 1.83328e-05
39, 1.60065e-05
40, 1.3254e-05
41, 9.03153e-06
42, 7.50561e-06
43, 6.58639e-06
44, 4.93231e-06
45, 3.93912e-06
46, 3.36473e-06
47, 2.68277e-06
48, 2.03813e-06
49, 1.48221e-06
50, 1.02747e-06
51, 6.47915e-07
52, 3.39909e-07
53, 1.80387e-07
54, 9.91398e-08
55, 5.59573e-08
56, 4.77231e-08
57, 6.57762e-08
58, 6.75261e-08
59, 5.20481e-08
60, 4.19956e-08
61, 3.44284e-08
62, 4.71771e-08
63, 1.13671e-07
64, 2.29627e-07
65, 3.36469e-07
66, 4.51993e-07
67, 5.89392e-07
68, 6.65085e-07
69, 8.0234e-07
70, 1.02876e-06
71, 1.3973e-06
72, 1.99461e-06
73, 2.79364e-06
74, 3.61736e-06
75, 4.65633e-06
76, 5.85674e-06
77, 7.35826e-06
78, 9.25874e-06
79, 1.16256e-05
80, 1.44858e-05
81, 2.22226e-05
82, 2.92642e-05
83, 3.29537e-05
84, 3.9238e-05
85, 5.10077e-05
86, 6.47132e-05
87, 7.72745e-05
88, 9.124e-05
89, 0.000113272
90, 0.000135864
91, 0.000153897
92, 0.000166212
93, 0.000188002
94, 0.000234251
95, 0.000290113
96, 0.00032586
97, 0.000309768
98, 0.000286323
99, 0.000336019
100, 0.000490343
101, 0.000627295
102, 0.000567022
103, 0.000324552
104, 0.000209606
105, 0.000533471
106, 0.00112137
107, 0.00135224
108, 0.000826238
109, 9.75093e-05
110, 0.000251909
111, 0.00161643
112, 0.00306266
113, 0.00312291
114, 0.0018685
115, 0.00123792
116, 0.00288981
117, 0.00604869
118, 0.00817063
119, 0.00791438
120, 0.00692323
121, 0.00807639
122, 0.00936554
123, 0.0107647
124, 0.0122837
125, 0.0139307
126, 0.0156667
127, 0.0174764
128, 0.0193672
129, 0.021296
130, 0.0232137
131, 0.0251165
132, 0.0269769
133, 0.0287249
134, 0.0303277
135, 0.0317818
136, 0.0330384
137, 0.0340376
138, 0.0347744
139, 0.0352546
140, 0.0354408
141, 0.035305
142, 0.0348745
143, 0.0341802
144, 0.0332149
145, 0.0319819
146, 0.0305317
147, 0.0289196
148, 0.0271653
149, 0.0252847
150, 0.0233273
151, 0.0213534
152, 0.019394
153, 0.0174597
154, 0.0155749
155, 0.0137805
156, 0.0121044
157, 0.0105491
158, 0.00911076
159, 0.00779783
160, 0.00662375
161, 0.00558955
162, 0.00468169
163, 0.0038855
164, 0.00319486
165, 0.00260774
166, 0.00211688
167, 0.00170795
168, 0.00136598
169, 0.00108113
170, 0.000848286
171, 0.000662453
172, 0.000515942
173, 0.000399681
174, 0.000306391
175, 0.000231906
176, 0.000173939
177, 0.000130353
178, 9.82678e-05
179, 7.4246e-05
180, 5.55199e-05
181, 4.08419e-05
182, 2.97038e-05
183, 2.15785e-05
184, 1.6092e-05
185, 1.26832e-05
186, 1.02363e-05
187, 7.98919e-06
188, 6.25402e-06
189, 5.0664e-06
190, 3.77488e-06
191, 2.86532e-06
192, 3.2313e-06
193, 3.34905e-06
194, 2.18323e-06
195, 3.30738e-06
196, 3.88397e-06
197, 9.7333e-07
198, 3.13975e-06
199, 3.46471e-06
200, 0


0, 0
1, 0.000811732
2, 0.00159307
3, 0.000785533
4, 2.1938e-05
5, 0.000749994
6, 0.00138503
7, 0.000673984
8, 6.97725e-05
9, 0.000625794
10, 0.00105665
11, 0.000515361
12, 0.000109538
13, 0.000476488
14, 0.000719167
15, 0.000360347
16, 0.000120951
17, 0.000332657
18, 0.000443667
19, 0.000234015
20, 0.000104116
21, 0.000206488
22, 0.00024765
23, 0.00013525
24, 6.99773e-05
25, 0.000106993
26, 0.000118182
27, 6.5429e-05
28, 3.38565e-05
29, 4.52997e-05
30, 4.50604e-05
31, 2.43271e-05
32, 1.22573e-05
33, 1.53508e-05
34, 1.53644e-05
35, 7.50241e-06
36, 4.18408e-06
37, 6.08747e-06
38, 5.85778e-06
39, 3.31441e-06
40, 2.14565e-06
41, 3.04375e-06
42, 3.11548e-06
43, 1.38221e-06
44, 7.82972e-07
45, 1.31582e-06
46, 8.12033e-07
47, 1.39002e-07
48, 1.61857e-07
49, 1.13925e-07
50, 2.71725e-09
51, 6.19808e-08
52, 5.97184e-08
53, 5.16398e-08
54, 1.26844e-07
55, 1.10324e-07
56, 8.51917e-08
57, 1.50077e-07
58, 2.44494e-07
59, 3.94582e-07
60, 6.48788e-07
61, 9.39933e-07
62, 1.16243e-06
63, 1.37592e-06
64, 1.66839e-06
65, 2.03496e-06
66, 2.69789e-06
67, 3.71916e-06
68, 4.96299e-06
69, 6.47867e-06
70, 8.35371e-06
71, 1.02811e-05
72, 1.25559e-05
73, 1.52885e-05
74, 1.86399e-05
75, 2.29408e-05
76, 2.80839e-05
77, 3.37616e-05
78, 4.03253e-05
79, 4.78078e-05
80, 5.64654e-05
81, 8.33937e-05
82, 0.000105261
83, 0.000111597
84, 0.000122396
85, 0.00015205
86, 0.000186261
87, 0.000207376
88, 0.000221809
89, 0.000249232
90, 0.000284185
91, 0.00031597
92, 0.00034069
93, 0.000371689
94, 0.000408123
95, 0.000430909
96, 0.000436685
97, 0.00043612
98, 0.000461664
99, 0.000504278
100, 0.000535584
101, 0.000507661
102, 0.000432999
103, 0.000383506
104, 0.000434634
105, 0.000565483
106, 0.000622284
107, 0.000483833
108, 0.000216058
109, 9.52044e-05
110, 0.000322456
111, 0.00076214
112, 0.000984138
113, 0.00073411
114, 0.00026744
115, 0.000201844
116, 0.000864856
117, 0.00187268
118, 0.0024828
119, 0.00240387
120, 0.00216086
121, 0.00261871
122, 0.00316244
123, 0.00378486
124, 0.00449902
125, 0.005325
126, 0.00625315
127, 0.00728911
128, 0.00845467
129, 0.0097367
130, 0.0111228
131, 0.0126301
132, 0.0142474
133, 0.0159392
134, 0.017704
135, 0.019539
136, 0.0213956
137, 0.0232373
138, 0.0250622
139, 0.0268364
140, 0.0284957
141, 0.030014
142, 0.0313867
143, 0.0325679
144, 0.0335027
145, 0.0341854
146, 0.0346235
147, 0.0347866
148, 0.034645
149, 0.0342193
150, 0.0335435
151, 0.0326181
152, 0.0314399
153, 0.030047
154, 0.0284961
155, 0.0268161
156, 0.0250178
157, 0.0231355
158, 0.0212259
159, 0.0193307
160, 0.0174632
161, 0.0156365
162, 0.0138823
163, 0.0122344
164, 0.010706
165, 0.00929259
166, 0.0079932
167, 0.00681848
168, 0.00577698
169, 0.00486277
170, 0.00406128
171, 0.00336122
172, 0.00275721
173, 0.0022461
174, 0.00182105
175, 0.00146753
176, 0.00117057
177, 0.00092415
178, 0.000725388
179, 0.000565846
180, 0.000438262
181, 0.000340465
182, 0.000262915
183, 0.00019506
184, 0.000145436
185, 0.000114461
186, 8.24149e-05
187, 5.76919e-05
188, 5.2108e-05
189, 3.69699e-05
190, 1.81384e-05
191, 2.2282e-05
192, 2.00315e-05
193, 4.74052e-06
194, 9.9874e-06
195, 1.65838e-05
196, 3.37253e-06
197, 3.19455e-06
198, 1.14379e-05
199, 5.98318e-06
200, 0


0, 0
1, 0.000906727
2, 0.00185562
3, 0.00100087
4, 9.08168e-06
5, 0.000693702
6, 0.00158007
7, 0.000933024
8, 2.77816e-05
9, 0.000450542
10, 0.00115544
11, 0.000744193
12, 4.31063e-05
13, 0.000244523
14, 0.00072787
15, 0.000513646
16, 4.94133e-05
17, 0.000104712
18, 0.000387848
19, 0.000303707
20, 4.38701e-05
21, 3.29619e-05
22, 0.00016842
23, 0.000148143
24, 2.84281e-05
25, 8.13398e-06
26, 5.91476e-05
27, 5.74226e-05
28, 1.35835e-05
29, 2.18128e-06
30, 1.99404e-05
31, 2.10704e-05
32, 5.38018e-06
33, 5.3035e-07
34, 7.67795e-06
35, 9.35296e-06
36, 2.76659e-06
37, 7.28582e-08
38, 2.65871e-06
39, 3.52671e-06
40, 1.48482e-06
41, 2.66853e-08
42, 4.81337e-07
43, 7.50737e-07
44, 3.22572e-07
45, 2.12869e-07
46, 2.34651e-07
47, 2.7793e-08
48, 1.32989e-07
49, 5.77406e-07
50, 4.12506e-07
51, 6.08524e-08
52, 6.66968e-07
53, 7.45565e-07
54, 4.16576e-07
55, 1.55065e-06
56, 2.01113e-06
57, 1.70904e-06
58, 2.92074e-06
59, 3.52622e-06
60, 3.57848e-06
61, 5.1149e-06
62, 6.63668e-06
63, 8.23172e-06
64, 1.12133e-05
65, 1.40571e-05
66, 1.68051e-05
67, 2.04382e-05
68, 2.43091e-05
69, 2.88591e-05
70, 3.48059e-05
71, 4.15225e-05
72, 4.93884e-05
73, 5.85704e-05
74, 6.83397e-05
75, 7.89822e-05
76, 9.07088e-05
77, 0.000103642
78, 0.000118364
79, 0.000134043
80, 0.000150313
81, 0.000212265
82, 0.00025726
83, 0.000254094
84, 0.000251815
85, 0.000293752
86, 0.000351621
87, 0.000373775
88, 0.00036895
89, 0.000386536
90, 0.000429684
91, 0.000464371
92, 0.000463579
93, 0.000455506
94, 0.000460869
95, 0.000470732
96, 0.000468861
97, 0.000454164
98, 0.000448223
99, 0.000440157
100, 0.000420855
101, 0.000379686
102, 0.000343423
103, 0.00032834
104, 0.000333454
105, 0.000324614
106, 0.0002737
107, 0.000191057
108, 0.000128121
109, 0.00013974
110, 0.000216013
111, 0.000285015
112, 0.00025534
113, 0.000129424
114, 1.51164e-05
115, 4.74714e-05
116, 0.000253297
117, 0.000509356
118, 0.000642334
119, 0.000613477
120, 0.000563354
121, 0.000701827
122, 0.000875544
123, 0.00108353
124, 0.00132942
125, 0.00162888
126, 0.00198178
127, 0.0023923
128, 0.00287967
129, 0.00344475
130, 0.00408713
131, 0.00482757
132, 0.00567054
133, 0.00660763
134, 0.0076555
135, 0.00882481
136, 0.010097
137, 0.0114709
138, 0.0129602
139, 0.014544
140, 0.0161929
141, 0.0179099
142, 0.0196854
143, 0.0214715
144, 0.0232381
145, 0.0249831
146, 0.0266727
147, 0.0282474
148, 0.0296827
149, 0.030975
150, 0.0320852
151, 0.0329604
152, 0.0335913
153, 0.0339888
154, 0.0341315
155, 0.0339879
156, 0.0335691
157, 0.0329112
158, 0.0320243
159, 0.0309022
160, 0.0295692
161, 0.0280778
162, 0.0264663
163, 0.0247494
164, 0.0229467
165, 0.0211013
166, 0.019264
167, 0.0174621
168, 0.0156969
169, 0.0139834
170, 0.0123651
171, 0.0108673
172, 0.00947079
173, 0.00817899
174, 0.00702763
175, 0.00598323
176, 0.00502539
177, 0.00423941
178, 0.00356486
179, 0.00288584
180, 0.00236587
181, 0.0019976
182, 0.00155079
183, 0.00121705
184, 0.00107111
185, 0.00079712
186, 0.000560011
187, 0.000528922
188, 0.000406085
189, 0.000242059
190, 0.000229827
191, 0.000206028
192, 0.000111747
193, 7.16178e-05
194, 9.23221e-05
195, 7.45353e-05
196, 2.06488e-05
197, 2.62576e-05
198, 5.24082e-05
199, 2.59098e-05
200, 0


0, 0
1, 0.000660187
2, 0.00140619
3, 0.000852711
4, 5.17339e-05
5, 0.000450778
6, 0.0012376
7, 0.000953704
8, 0.000173796
9, 0.000277631
10, 0.000936076
11, 0.000899699
12, 0.000289561
13, 0.000172465
14, 0.000591409
15, 0.000691921
16, 0.000323882
17, 0.00013381
18, 0.000315818
19, 0.000423506
20, 0.000261761
21, 0.000114969
22, 0.000157388
23, 0.000217946
24, 0.000160666
25, 7.84298e-05
26, 7.9495e-05
27, 0.00010553
28, 8.27944e-05
29, 4.04212e-05
30, 3.44416e-05
31, 4.80634e-05
32, 4.08229e-05
33, 1.96869e-05
34, 1.21896e-05
35, 1.70335e-05
36, 1.63883e-05
37, 9.77111e-06
38, 6.06008e-06
39, 5.3776e-06
40, 3.50302e-06
41, 3.22969e-06
42, 4.61046e-06
43, 2.90704e-06
44, 3.18176e-07
45, 1.77507e-06
46, 3.12155e-06
47, 8.77631e-07
48, 3.85824e-07
49, 3.2761e-06
50, 3.42469e-06
51, 1.49011e-06
52, 4.26712e-06
53, 6.87854e-06
54, 5.27105e-06
55, 5.95893e-06
56, 9.99501e-06
57, 1.19708e-05
58, 1.216e-05
59, 1.7884e-05
60, 2.43448e-05
61, 2.47275e-05
62, 3.0728e-05
63, 3.96095e-05
64, 4.1496e-05
65, 4.91131e-05
66, 6.11414e-05
67, 6.83986e-05
68, 7.96744e-05
69, 9.42424e-05
70, 0.000105329
71, 0.000118797
72, 0.000134676
73, 0.000149478
74, 0.000165651
75, 0.000184071
76, 0.000201784
77, 0.000219558
78, 0.000237396
79, 0.000254365
80, 0.000270828
81, 0.000368424
82, 0.000431471
83, 0.000401021
84, 0.000358177
85, 0.000393151
86, 0.00047116
87, 0.000492447
88, 0.00044829
89, 0.000418227
90, 0.000443253
91, 0.000475355
92, 0.000454299
93, 0.000405589
94, 0.000378341
95, 0.000384939
96, 0.000383014
97, 0.000351023
98, 0.000309595
99, 0.000279359
100, 0.000262583
101, 0.00023815
102, 0.000210736
103, 0.000184337
104, 0.00016759
105, 0.000147068
106, 0.000119917
107, 9.12373e-05
108, 7.77935e-05
109, 8.1734e-05
110, 9.04729e-05
111, 8.47301e-05
112, 5.64734e-05
113, 1.91888e-05
114, 1.00419e-06
115, 2.18559e-05
116, 7.40266e-05
117, 0.000128307
118, 0.000151283
119, 0.000140659
120, 0.000131779
121, 0.000167257
122, 0.000212852
123, 0.000271076
124, 0.000340222
125, 0.000427472
126, 0.000535348
127, 0.000662884
128, 0.00082027
129, 0.00101174
130, 0.0012362
131, 0.00150594
132, 0.00182806
133, 0.00220024
134, 0.00263591
135, 0.00314778
136, 0.00373158
137, 0.00439587
138, 0.00515835
139, 0.0060145
140, 0.00696142
141, 0.00801789
142, 0.00918576
143, 0.0104471
144, 0.0118061
145, 0.0132722
146, 0.0148208
147, 0.0164262
148, 0.0180923
149, 0.019807
150, 0.0215242
151, 0.0232157
152, 0.0248804
153, 0.026488
154, 0.0279811
155, 0.0293355
156, 0.0305509
157, 0.0315929
158, 0.0324107
159, 0.0329954
160, 0.0333581
161, 0.0334765
162, 0.0333273
163, 0.032933
164, 0.0322987
165, 0.0314141
166, 0.03036
167, 0.0291445
168, 0.0276442
169, 0.0260565
170, 0.0245675
171, 0.0227786
172, 0.020826
173, 0.019297
174, 0.017584
175, 0.015518
176, 0.0141109
177, 0.0127507
178, 0.0108173
179, 0.00953429
180, 0.00864703
181, 0.00717883
182, 0.00597592
183, 0.005357
184, 0.00455257
185, 0.0035708
186, 0.00298303
187, 0.00270307
188, 0.00212412
189, 0.00150565
190, 0.001375
191, 0.00127663
192, 0.000827109
193, 0.000525522
194, 0.000656712
195, 0.000593534
196, 0.000194098
197, 0.000192344
198, 0.000451933
199, 0.000258573
200, 0


0, 0
1, 0.000342789
2, 0.000763379
3, 0.000534773
4, 8.02476e-05
5, 0.000205781
6, 0.000674939
7, 0.000688175
8, 0.00027962
9, 0.000188456
10, 0.000534656
11, 0.000710247
12, 0.000475173
13, 0.000282745
14, 0.000422299
15, 0.000607752
16, 0.000536017
17, 0.000369022
18, 0.000369022
19, 0.000471657
20, 0.000460605
21, 0.000352208
22, 0.000307719
23, 0.000346131
24, 0.000343441
25, 0.000268799
26, 0.000215945
27, 0.000221284
28, 0.000223828
29, 0.000180531
30, 0.000137032
31, 0.000123667
32, 0.000116746
33, 9.72555e-05
34, 8.30433e-05
35, 7.2219e-05
36, 5.07023e-05
37, 3.75993e-05
38, 4.50977e-05
39, 4.21582e-05
40, 1.89065e-05
41, 1.42496e-05
42, 2.63943e-05
43, 1.79188e-05
44, 2.26117e-06
45, 1.29629e-05
46, 2.28598e-05
47, 7.12246e-06
48, 2.57556e-06
49, 2.00052e-05
50, 2.1199e-05
51, 7.32286e-06
52, 1.63138e-05
53, 3.2651e-05
54, 2.69253e-05
55, 2.52692e-05
56, 4.31542e-05
57, 5.36409e-05
58, 4.81004e-05
59, 5.67636e-05
60, 7.73907e-05
61, 8.13853e-05
62, 8.61767e-05
63, 0.00010752
64, 0.000126018
65, 0.000133109
66, 0.000145994
67, 0.000172137
68, 0.00018423
69, 0.000191211
70, 0.000219899
71, 0.000238176
72, 0.000244677
73, 0.000269288
74, 0.000287421
75, 0.000293343
76, 0.000310592
77, 0.000325306
78, 0.000331304
79, 0.000341908
80, 0.000351682
81, 0.000460149
82, 0.000525947
83, 0.0004677
84, 0.000375285
85, 0.000377495
86, 0.000456009
87, 0.000483493
88, 0.000413667
89, 0.000330945
90, 0.000322517
91, 0.000360296
92, 0.000357923
93, 0.000299074
94, 0.000239886
95, 0.000229133
96, 0.000237509
97, 0.000222247
98, 0.000176831
99, 0.000137618
100, 0.000123913
101, 0.000121627
102, 0.00011092
103, 8.76033e-05
104, 6.83424e-05
105, 5.72697e-05
106, 5.21969e-05
107, 4.40597e-05
108, 3.64523e-05
109, 3.03831e-05
110, 2.74975e-05
111, 2.19028e-05
112, 1.35376e-05
113, 4.77542e-06
114, 2.9019e-06
115, 9.76932e-06
116, 2.17765e-05
117, 3.17314e-05
118, 3.49704e-05
119, 3.10958e-05
120, 2.91801e-05
121, 3.79827e-05
122, 4.83633e-05
123, 6.29646e-05
124, 8.05137e-05
125, 0.000102233
126, 0.000131287
127, 0.000165981
128, 0.000208884
129, 0.000263952
130, 0.000329555
131, 0.000409936
132, 0.000510789
133, 0.0006303
134, 0.000773505
135, 0.000949207
136, 0.00115644
137, 0.00140012
138, 0.00169286
139, 0.00203511
140, 0.00242846
141, 0.00288879
142, 0.00342163
143, 0.00402367
144, 0.00470871
145, 0.00548901
146, 0.00635606
147, 0.00731189
148, 0.00837396
149, 0.009537
150, 0.0107844
151, 0.012126
152, 0.0135679
153, 0.0150766
154, 0.0166315
155, 0.018255
156, 0.019916
157, 0.0215353
158, 0.023158
159, 0.0248038
160, 0.0262719
161, 0.0276165
162, 0.0290626
163, 0.0301891
164, 0.0308918
165, 0.0319042
166, 0.0326664
167, 0.032464
168, 0.0326686
169, 0.0331275
170, 0.0321883
171, 0.0312565
172, 0.031203
173, 0.0300727
174, 0.0282151
175, 0.0271857
176, 0.0261853
177, 0.02422
178, 0.0221091
179, 0.0209444
180, 0.0196386
181, 0.0172175
182, 0.0153111
183, 0.0145343
184, 0.0131284
185, 0.010687
186, 0.00936141
187, 0.00933221
188, 0.00778483
189, 0.00545341
190, 0.00541154
191, 0.00578912
192, 0.00370413
193, 0.00219343
194, 0.00355059
195, 0.00345833
196, 0.000978756
197, 0.00111157
198, 0.003034
199, 0.0017996
200, 0


0, 0
1, 0.000135126
2, 0.000315692
3, 0.000256766
4, 7.15823e-05
5, 7.51301e-05
6, 0.000260013
7, 0.000345283
8, 0.000231593
9, 0.000145446
10, 0.000241634
11, 0.000377874
12, 0.000370206
13, 0.000290568
14, 0.000306308
15, 0.000410157
16, 0.000450002
17, 0.000403718
18, 0.000385294
19, 0.000445927
20, 0.000489682
21, 0.000457331
22, 0.000414022
23, 0.000432664
24, 0.000460389
25, 0.000438238
26, 0.000399691
27, 0.000386044
28, 0.000365253
29, 0.000329889
30, 0.000329858
31, 0.000328442
32, 0.000264084
33, 0.000203735
34, 0.000229972
35, 0.000239569
36, 0.000158229
37, 0.000117148
38, 0.000164551
39, 0.000147535
40, 5.85322e-05
41, 7.03372e-05
42, 0.000134107
43, 8.04302e-05
44, 8.00681e-06
45, 6.39895e-05
46, 0.000108713
47, 3.25727e-05
48, 9.28605e-06
49, 9.00366e-05
50, 9.4923e-05
51, 2.61726e-05
52, 5.20235e-05
53, 0.00012352
54, 9.52496e-05
55, 5.85027e-05
56, 0.000113046
57, 0.00015422
58, 0.000123552
59, 0.000125755
60, 0.00018655
61, 0.000201116
62, 0.000180228
63, 0.000206089
64, 0.000248608
65, 0.000250202
66, 0.000244442
67, 0.000279756
68, 0.000307529
69, 0.000299044
70, 0.000308938
71, 0.000334594
72, 0.000340219
73, 0.000334389
74, 0.000342962
75, 0.000359523
76, 0.000352032
77, 0.000342671
78, 0.00035581
79, 0.000349639
80, 0.000331255
81, 0.000432401
82, 0.000495011
83, 0.000418423
84, 0.000298551
85, 0.00027075
86, 0.000330202
87, 0.000366969
88, 0.000314186
89, 0.000219091
90, 0.000177115
91, 0.000205191
92, 0.00023277
93, 0.000201124
94, 0.000135339
95, 9.84743e-05
96, 0.000104473
97, 0.000117417
98, 0.000100781
99, 6.71652e-05
100, 4.43046e-05
101, 4.53193e-05
102, 5.15825e-05
103, 4.64566e-05
104, 3.08153e-05
105, 1.84828e-05
106, 1.58797e-05
107, 1.77093e-05
108, 1.72159e-05
109, 1.21408e-05
110, 7.09578e-06
111, 4.36988e-06
112, 3.75503e-06
113, 3.13879e-06
114, 2.92244e-06
115, 3.31316e-06
116, 5.31365e-06
117, 7.0655e-06
118, 7.75484e-06
119, 7.2007e-06
120, 6.58787e-06
121, 8.96324e-06
122, 1.13705e-05
123, 1.45728e-05
124, 1.9127e-05
125, 2.40921e-05
126, 3.09969e-05
127, 3.99179e-05
128, 5.03138e-05
129, 6.45539e-05
130, 8.22806e-05
131, 0.000103306
132, 0.000131
133, 0.000165039
134, 0.000205696
135, 0.000257697
136, 0.000320931
137, 0.000395585
138, 0.000488606
139, 0.000601707
140, 0.000734213
141, 0.000894255
142, 0.00108681
143, 0.00131122
144, 0.00157545
145, 0.00188715
146, 0.00224862
147, 0.00266953
148, 0.00315005
149, 0.00368951
150, 0.00432427
151, 0.00504561
152, 0.00579457
153, 0.00666683
154, 0.00772245
155, 0.00872428
156, 0.00975927
157, 0.0111886
158, 0.0125638
159, 0.0136328
160, 0.0152607
161, 0.0171407
162, 0.0182677
163, 0.0196714
164, 0.0218436
165, 0.0233126
166, 0.0242636
167, 0.0259304
168, 0.0277816
169, 0.0287336
170, 0.0291959
171, 0.030497
172, 0.0319298
173, 0.0318101
174, 0.0313713
175, 0.0322612
176, 0.0329709
177, 0.0314973
178, 0.0298492
179, 0.030798
180, 0.0308596
181, 0.0271877
182, 0.0252087
183, 0.027191
184, 0.0257514
185, 0.0198565
186, 0.0194435
187, 0.0228615
188, 0.018324
189, 0.0117016
190, 0.0151944
191, 0.0182426
192, 0.009897
193, 0.00589111
194, 0.0135851
195, 0.0131017
196, 0.00282017
197, 0.00472558
198, 0.0135807
199, 0.00790754
200, 0


0, 0
1, 3.84281e-05
2, 9.61768e-05
3, 9.24914e-05
4, 4.05265e-05
5, 2.88577e-05
6, 8.21143e-05
7, 0.00012987
8, 0.000116261
9, 8.8984e-05
10, 0.00011191
11, 0.000166677
12, 0.000186667
13, 0.000171283
14, 0.000180569
15, 0.000234144
16, 0.000271783
17, 0.00026785
18, 0.000270267
19, 0.000314486
20, 0.000349801
21, 0.000357231
22, 0.000380555
23, 0.000415891
24, 0.000398895
25, 0.000383063
26, 0.000452957
27, 0.000508497
28, 0.000427084
29, 0.000365879
30, 0.000466081
31, 0.000511104
32, 0.000370627
33, 0.000323923
34, 0.000471678
35, 0.000450059
36, 0.000235755
37, 0.00025713
38, 0.000455493
39, 0.000348663
40, 0.000106358
41, 0.000222507
42, 0.000408999
43, 0.00020928
44, 2.5397e-05
45, 0.000243876
46, 0.000362392
47, 0.000103734
48, 2.71488e-05
49, 0.000285832
50, 0.000301177
51, 5.81103e-05
52, 0.000101596
53, 0.000328744
54, 0.000259609
55, 9.11709e-05
56, 0.000212862
57, 0.000359458
58, 0.000252466
59, 0.000170841
60, 0.000300593
61, 0.000367788
62, 0.00026891
63, 0.000257924
64, 0.000360284
65, 0.000370376
66, 0.000302
67, 0.000316845
68, 0.000377708
69, 0.000356318
70, 0.000315919
71, 0.00033754
72, 0.000360709
73, 0.00033579
74, 0.000309068
75, 0.000321299
76, 0.000322876
77, 0.000290626
78, 0.000275662
79, 0.000277407
80, 0.000263292
81, 0.000316493
82, 0.000349913
83, 0.000302157
84, 0.000208164
85, 0.000152657
86, 0.000178283
87, 0.000230243
88, 0.000217113
89, 0.000137703
90, 7.83609e-05
91, 8.59939e-05
92, 0.0001203
93, 0.000121285
94, 8.29321e-05
95, 4.07336e-05
96, 2.91046e-05
97, 4.44842e-05
98, 5.60218e-05
99, 4.52054e-05
100, 2.20174e-05
101, 1.00384e-05
102, 1.38721e-05
103, 2.19855e-05
104, 2.04659e-05
105, 1.1686e-05
106, 3.46925e-06
107, 2.58044e-06
108, 5.64327e-06
109, 7.32716e-06
110, 5.12287e-06
111, 1.97029e-06
112, 3.31633e-07
113, 1.07664e-06
114, 2.40189e-06
115, 2.89024e-06
116, 2.32139e-06
117, 1.60955e-06
118, 1.00626e-06
119, 8.82321e-07
120, 8.96663e-07
121, 1.37428e-06
122, 2.20021e-06
123, 2.98715e-06
124, 4.29037e-06
125, 5.80384e-06
126, 7.44951e-06
127, 9.97263e-06
128, 1.26938e-05
129, 1.60178e-05
130, 2.07421e-05
131, 2.59999e-05
132, 3.27889e-05
133, 4.19696e-05
134, 5.26141e-05
135, 6.62539e-05
136, 8.36881e-05
137, 0.000104444
138, 0.000131725
139, 0.000164909
140, 0.000201488
141, 0.000251744
142, 0.000317894
143, 0.000381855
144, 0.000460199
145, 0.000586581
146, 0.000713464
147, 0.000818788
148, 0.00101889
149, 0.00128765
150, 0.00145377
151, 0.00168852
152, 0.00216579
153, 0.00253649
154, 0.00278412
155, 0.00339381
156, 0.00414202
157, 0.00459777
158, 0.00517762
159, 0.00618605
160, 0.00721521
161, 0.00795446
162, 0.00880395
163, 0.0102754
164, 0.01176
165, 0.0126039
166, 0.0136712
167, 0.0156655
168, 0.0176017
169, 0.0183222
170, 0.0191234
171, 0.0219239
172, 0.0243272
173, 0.0237762
174, 0.0241324
175, 0.0283675
176, 0.0305496
177, 0.0271983
178, 0.0274964
179, 0.0343473
180, 0.0343078
181, 0.0266581
182, 0.0292325
183, 0.0389823
184, 0.0334118
185, 0.021888
186, 0.0305844
187, 0.0411887
188, 0.026527
189, 0.015443
190, 0.0331593
191, 0.0393614
192, 0.0152475
193, 0.0117969
194, 0.0370797
195, 0.0326037
196, 0.00447196
197, 0.0144133
198, 0.040232
199, 0.0227655
200, 0


0, 0
1, 9.21585e-06
2, 2.34444e-05
3, 2.39168e-05
4, 1.27273e-05
5, 1.13808e-05
6, 2.67353e-05
7, 4.03685e-05
8, 3.72669e-05
9, 3.30716e-05
10, 4.72252e-05
11, 6.87234e-05
12, 7.32271e-05
13, 7.20603e-05
14, 8.93136e-05
15, 0.000110895
16, 0.000113439
17, 0.000128242
18, 0.000173449
19, 0.00018991
20, 0.00015442
21, 0.00017652
22, 0.00028145
23, 0.000309678
24, 0.000220426
25, 0.000240914
26, 0.000402401
27, 0.000410884
28, 0.000259139
29, 0.0003284
30, 0.000568658
31, 0.000495602
32, 0.000242483
33, 0.000395438
34, 0.000717795
35, 0.000525613
36, 0.000191695
37, 0.00046319
38, 0.000808374
39, 0.000455743
40, 0.000111067
41, 0.000538518
42, 0.00084641
43, 0.000339999
44, 5.76719e-05
45, 0.000593266
46, 0.000789852
47, 0.000204951
48, 7.10741e-05
49, 0.000645222
50, 0.000691095
51, 0.00012273
52, 0.000144804
53, 0.000661113
54, 0.000569163
55, 0.000107698
56, 0.00023954
57, 0.000625162
58, 0.000455681
59, 0.00014378
60, 0.000322541
61, 0.000561969
62, 0.000379306
63, 0.000194888
64, 0.000357
65, 0.000471491
66, 0.000318073
67, 0.0002297
68, 0.00034463
69, 0.000384762
70, 0.000271756
71, 0.000234001
72, 0.000298354
73, 0.000296375
74, 0.000223662
75, 0.000204958
76, 0.00023643
77, 0.00021997
78, 0.000173381
79, 0.00016479
80, 0.000172884
81, 0.00020972
82, 0.000217631
83, 0.000174994
84, 0.000115634
85, 8.07053e-05
86, 8.68635e-05
87, 0.000114728
88, 0.000120603
89, 8.70583e-05
90, 4.24069e-05
91, 2.46365e-05
92, 3.98399e-05
93, 6.13564e-05
94, 5.89451e-05
95, 3.03715e-05
96, 6.63078e-06
97, 8.43891e-06
98, 2.44691e-05
99, 3.07557e-05
100, 2.18203e-05
101, 7.62911e-06
102, 8.21631e-07
103, 3.67251e-06
104, 9.63652e-06
105, 1.13254e-05
106, 6.92924e-06
107, 1.56258e-06
108, 7.25916e-08
109, 2.26555e-06
110, 4.36423e-06
111, 4.25718e-06
112, 2.19273e-06
113, 3.84595e-07
114, 1.02966e-07
115, 9.41047e-07
116, 1.72177e-06
117, 2.02601e-06
118, 1.79669e-06
119, 1.15357e-06
120, 8.47889e-07
121, 6.62645e-07
122, 5.27631e-07
123, 5.27795e-07
124, 4.94171e-07
125, 7.34099e-07
126, 1.02968e-06
127, 1.52979e-06
128, 2.45237e-06
129, 3.45262e-06
130, 4.68552e-06
131, 6.22229e-06
132, 8.63151e-06
133, 1.15862e-05
134, 1.31027e-05
135, 1.66451e-05
136, 2.50178e-05
137, 2.89212e-05
138, 2.95334e-05
139, 4.53704e-05
140, 6.48534e-05
141, 6.23243e-05
142, 7.32855e-05
143, 0.000123362
144, 0.000145355
145, 0.000136839
146, 0.000196654
147, 0.000287225
148, 0.000304997
149, 0.00033204
150, 0.000459772
151, 0.000601961
152, 0.00067396
153, 0.000743342
154, 0.000958905
155, 0.00125984
156, 0.00141052
157, 0.00152367
158, 0.00191275
159, 0.00247581
160, 0.00280757
161, 0.00291018
162, 0.00350361
163, 0.0046946
164, 0.00523119
165, 0.00503723
166, 0.00605934
167, 0.00839083
168, 0.0090228
169, 0.007895
170, 0.00978985
171, 0.014252
172, 0.0141241
173, 0.0110281
174, 0.0150364
175, 0.0226252
176, 0.0198208
177, 0.0135821
178, 0.0222625
179, 0.0333529
180, 0.0242129
181, 0.0149112
182, 0.0319826
183, 0.0449697
184, 0.0249219
185, 0.0153127
186, 0.0445318
187, 0.0544416
188, 0.0204881
189, 0.0167003
190, 0.058987
191, 0.0582553
192, 0.0119979
193, 0.0217377
194, 0.0724105
195, 0.0543747
196, 0.00354438
197, 0.0315696
198, 0.0806662
199, 0.0440344
200, 0


0, 0
1, 2.13993e-06
2, 4.73564e-06
3, 3.41823e-06
4, 1.63365e-06
5, 5.02891e-06
6, 9.5802e-06
7, 8.73819e-06
8, 7.61129e-06
9, 1.44541e-05
10, 2.02642e-05
11, 1.50659e-05
12, 1.67297e-05
13, 4.1113e-05
14, 5.53684e-05
15, 3.16162e-05
16, 2.09277e-05
17, 7.42362e-05
18, 0.000117284
19, 7.14655e-05
20, 3.5724e-05
21, 0.000125123
22, 0.000201416
23, 0.000113838
24, 5.70678e-05
25, 0.000229662
26, 0.000352961
27, 0.000174938
28, 7.17746e-05
29, 0.00036069
30, 0.000547823
31, 0.000246684
32, 9.49027e-05
33, 0.000533604
34, 0.000769549
35, 0.000299317
36, 0.000110585
37, 0.000733289
38, 0.00099652
39, 0.000336498
40, 0.000117151
41, 0.000893259
42, 0.00113484
43, 0.000321332
44, 0.000125986
45, 0.00101208
46, 0.00119078
47, 0.000280695
48, 0.000130446
49, 0.00103157
50, 0.00112242
51, 0.000223693
52, 0.000144446
53, 0.000964581
54, 0.000964079
55, 0.000172704
56, 0.000169152
57, 0.000842325
58, 0.000779055
59, 0.000145147
60, 0.00018467
61, 0.000678739
62, 0.000580905
63, 0.000129378
64, 0.000189507
65, 0.000520646
66, 0.000418385
67, 0.000121703
68, 0.000175322
69, 0.000370678
70, 0.00028768
71, 0.000106587
72, 0.00014725
73, 0.000251116
74, 0.000190661
75, 8.99329e-05
76, 0.000111994
77, 0.000163067
78, 0.000122604
79, 6.78545e-05
80, 7.89315e-05
81, 0.000129829
82, 0.000144207
83, 0.000103581
84, 5.17624e-05
85, 3.07727e-05
86, 4.09436e-05
87, 5.80148e-05
88, 6.20402e-05
89, 4.63578e-05
90, 2.23599e-05
91, 8.39405e-06
92, 1.04423e-05
93, 2.2084e-05
94, 2.99827e-05
95, 2.46505e-05
96, 1.01648e-05
97, 7.69589e-07
98, 3.21329e-06
99, 1.21086e-05
100, 1.82115e-05
101, 1.49133e-05
102, 6.43881e-06
103, 1.09465e-06
104, 2.74026e-06
105, 7.08606e-06
106, 8.64195e-06
107, 5.89853e-06
108, 2.59665e-06
109, 8.46641e-07
110, 1.28424e-06
111, 2.86871e-06
112, 4.12545e-06
113, 3.70411e-06
114, 2.58586e-06
115, 1.12255e-06
116, 5.27679e-07
117, 8.16236e-07
118, 1.3411e-06
119, 1.28162e-06
120, 1.10063e-06
121, 1.1743e-06
122, 1.28969e-06
123, 1.46702e-06
124, 1.10775e-06
125, 1.11968e-06
126, 1.5829e-06
127, 9.27878e-07
128, 3.29537e-07
129, 1.06201e-06
130, 1.72107e-06
131, 1.1096e-06
132, 1.70687e-07
133, 2.71763e-06
134, 6.47327e-06
135, 3.34027e-06
136, 1.93328e-06
137, 1.19608e-05
138, 1.59425e-05
139, 7.59594e-06
140, 1.09035e-05
141, 2.71007e-05
142, 3.18432e-05
143, 2.4427e-05
144, 2.73863e-05
145, 5.31565e-05
146, 7.61791e-05
147, 6.61654e-05
148, 6.32912e-05
149, 0.000112933
150, 0.000170488
151, 0.000174577
152, 0.000151189
153, 0.00021773
154, 0.000391564
155, 0.000445626
156, 0.000324484
157, 0.00042151
158, 0.000865943
159, 0.00104808
160, 0.000673703
161, 0.000763093
162, 0.00186971
163, 0.00232276
164, 0.0012769
165, 0.00135202
166, 0.00385503
167, 0.00479976
168, 0.00224116
169, 0.00229879
170, 0.00764596
171, 0.00918199
172, 0.00354125
173, 0.0038499
174, 0.0143094
175, 0.0162101
176, 0.00494547
177, 0.00642666
178, 0.0250919
179, 0.0260845
180, 0.0060044
181, 0.0106328
182, 0.0408124
183, 0.0380572
184, 0.00611571
185, 0.0172101
186, 0.0609079
187, 0.0501159
188, 0.00495491
189, 0.0265962
190, 0.0827511
191, 0.0592048
192, 0.00286472
193, 0.0382065
194, 0.101831
195, 0.0625648
196, 0.000840157
197, 0.0500546
198, 0.113083
199, 0.0591162
200, 0


0, 0
1, 9.1496e-07
2, 1.15114e-06
3, 1.26787e-08
4, 1.72396e-06
5, 3.41708e-06
6, 8.64198e-07
7, 2.06602e-06
8, 1.18028e-05
9, 1.58895e-05
10, 5.04259e-06
11, 3.17338e-06
12, 2.61317e-05
13, 4.14524e-05
14, 1.77841e-05
15, 1.09729e-06
16, 4.14569e-05
17, 8.22318e-05
18, 4.25042e-05
19, 5.3975e-07
20, 7.42032e-05
21, 0.000170352
22, 0.000107683
23, 1.98583e-06
24, 0.000103992
25, 0.000289484
26, 0.000210257
27, 9.11844e-06
28, 0.000140903
29, 0.000458028
30, 0.00036576
31, 2.54916e-05
32, 0.000186064
33, 0.000680008
34, 0.000583195
35, 5.97085e-05
36, 0.000212361
37, 0.000896568
38, 0.000822203
39, 0.00010959
40, 0.000228595
41, 0.00110313
42, 0.00107986
43, 0.0001841
44, 0.000209325
45, 0.00120088
46, 0.00125862
47, 0.000258315
48, 0.000171475
49, 0.00118493
50, 0.00132049
51, 0.00031239
52, 0.000122012
53, 0.00106337
54, 0.00125571
55, 0.000339771
56, 7.11413e-05
57, 0.00085079
58, 0.00106852
59, 0.000319059
60, 3.58616e-05
61, 0.000626028
62, 0.000834759
63, 0.000275088
64, 1.52416e-05
65, 0.000413921
66, 0.000588773
67, 0.000212977
68, 8.11392e-06
69, 0.000254344
70, 0.000381664
71, 0.000153063
72, 7.46011e-06
73, 0.000145719
74, 0.000230481
75, 0.000102733
76, 8.71362e-06
77, 7.7014e-05
78, 0.000132017
79, 6.78491e-05
80, 1.00976e-05
81, 4.36074e-05
82, 9.635e-05
83, 9.49714e-05
84, 4.59651e-05
85, 6.59851e-06
86, 9.12414e-06
87, 3.25041e-05
88, 4.36897e-05
89, 3.29138e-05
90, 1.36524e-05
91, 1.77415e-06
92, 2.58982e-06
93, 9.58794e-06
94, 1.48382e-05
95, 1.50739e-05
96, 9.61308e-06
97, 3.09239e-06
98, 4.24987e-08
99, 1.95692e-06
100, 6.33248e-06
101, 9.35098e-06
102, 8.47357e-06
103, 5.2285e-06
104, 2.41303e-06
105, 2.5899e-06
106, 4.99312e-06
107, 7.06518e-06
108, 7.66792e-06
109, 6.21006e-06
110, 3.71707e-06
111, 2.54036e-06
112, 3.17329e-06
113, 4.20757e-06
114, 4.77311e-06
115, 3.64618e-06
116, 2.14831e-06
117, 2.12248e-06
118, 2.67214e-06
119, 1.44479e-06
120, 6.22786e-07
121, 1.98941e-06
122, 1.33641e-06
123, 1.98711e-07
124, 2.71938e-06
125, 2.31214e-06
126, 4.59537e-08
127, 3.55318e-06
128, 4.60828e-06
129, 5.01945e-07
130, 1.9411e-06
131, 5.36957e-06
132, 2.93622e-06
133, 4.18937e-08
134, 1.40713e-06
135, 3.53531e-06
136, 3.26825e-06
137, 1.35909e-06
138, 3.60314e-08
139, 3.22762e-06
140, 8.78789e-06
141, 8.16508e-06
142, 2.30863e-06
143, 3.44617e-06
144, 1.92958e-05
145, 3.28043e-05
146, 1.8489e-05
147, 2.46548e-06
148, 4.04841e-05
149, 9.64438e-05
150, 7.22483e-05
151, 4.02737e-06
152, 6.9682e-05
153, 0.0002555
154, 0.000246823
155, 3.04943e-05
156, 0.000119065
157, 0.00061293
158, 0.000713895
159, 0.00015467
160, 0.000190775
161, 0.00138728
162, 0.00183802
163, 0.000529628
164, 0.000299895
165, 0.00288826
166, 0.00423489
167, 0.00147638
168, 0.000464337
169, 0.00560888
170, 0.00880927
171, 0.00346841
172, 0.00067624
173, 0.0100816
174, 0.0167395
175, 0.00711497
176, 0.000909467
177, 0.0166997
178, 0.0290069
179, 0.0130001
180, 0.00108865
181, 0.0255088
182, 0.0458519
183, 0.0212996
184, 0.00110287
185, 0.0358095
186, 0.0662118
187, 0.0315007
188, 0.000891584
189, 0.0460653
190, 0.0872821
191, 0.0422773
192, 0.000514115
193, 0.0542382
194, 0.104984
195, 0.0516402
196, 0.000150251
197, 0.0584192
198, 0.115139
199, 0.0574882
200, 0


0, 0
1, 7.8192e-06
2, 1.27447e-05
3, 5.67959e-06
4, 7.87556e-06
5, 1.85388e-05
6, 1.63694e-05
7, 1.32484e-05
8, 2.16058e-05
9, 2.34558e-05
10, 1.77529e-05
11, 3.00048e-05
12, 4.57286e-05
13, 3.51002e-05
14, 2.85781e-05
15, 6.68497e-05
16, 0.00010272
17, 7.57576e-05
18, 4.19271e-05
19, 9.50238e-05
20, 0.000176075
21, 0.000146207
22, 5.66494e-05
23, 0.00010464
24, 0.000264652
25, 0.000268121
26, 0.000100621
27, 0.000102738
28, 0.000355964
29, 0.000440989
30, 0.000185863
31, 7.50851e-05
32, 0.000405297
33, 0.000631161
34, 0.000316947
35, 4.49258e-05
36, 0.000421522
37, 0.000845653
38, 0.000518982
39, 3.23961e-05
40, 0.000372108
41, 0.0010036
42, 0.00075063
43, 6.66656e-05
44, 0.000277499
45, 0.00107473
46, 0.00099017
47, 0.000168904
48, 0.000167603
49, 0.00103798
50, 0.00117587
51, 0.00032711
52, 7.88505e-05
53, 0.000876906
54, 0.00121528
55, 0.000477229
56, 4.23968e-05
57, 0.000659611
58, 0.00112008
59, 0.000573411
60, 4.80505e-05
61, 0.000428647
62, 0.000896705
63, 0.000571235
64, 7.40412e-05
65, 0.000245757
66, 0.00063736
67, 0.000489669
68, 9.36944e-05
69, 0.000118255
70, 0.000400236
71, 0.000371142
72, 9.83245e-05
73, 4.5472e-05
74, 0.000221503
75, 0.000254656
76, 8.77642e-05
77, 1.23989e-05
78, 0.000111115
79, 0.000163188
80, 7.0074e-05
81, 4.37318e-06
82, 2.30723e-05
83, 7.16602e-05
84, 7.86815e-05
85, 4.10673e-05
86, 6.39214e-06
87, 8.13929e-06
88, 3.11264e-05
89, 4.17091e-05
90, 3.01877e-05
91, 1.11217e-05
92, 2.21195e-06
93, 6.49344e-06
94, 1.38752e-05
95, 1.54506e-05
96, 1.12315e-05
97, 5.28649e-06
98, 1.54637e-06
99, 8.73514e-07
100, 2.184e-06
101, 3.96309e-06
102, 4.9299e-06
103, 4.8584e-06
104, 3.58493e-06
105, 2.2102e-06
106, 1.85711e-06
107, 2.81525e-06
108, 5.3143e-06
109, 7.43031e-06
110, 5.84204e-06
111, 3.57619e-06
112, 4.73684e-06
113, 5.08153e-06
114, 2.53778e-06
115, 3.04403e-06
116, 7.71055e-06
117, 6.52295e-06
118, 1.99884e-06
119, 5.21158e-06
120, 8.16527e-06
121, 2.78793e-06
122, 7.3704e-07
123, 5.18777e-06
124, 3.58789e-06
125, 1.24076e-07
126, 1.66127e-06
127, 3.58623e-06
128, 1.43688e-06
129, 1.86369e-07
130, 3.82882e-06
131, 4.19951e-06
132, 4.55584e-07
133, 1.6658e-06
134, 6.30092e-06
135, 6.44446e-06
136, 1.23784e-06
137, 2.14239e-06
138, 1.23077e-05
139, 1.60029e-05
140, 8.78975e-06
141, 7.51259e-06
142, 2.217e-05
143, 4.12476e-05
144, 4.87934e-05
145, 3.94114e-05
146, 4.98111e-05
147, 0.000116417
148, 0.000178048
149, 0.000149319
150, 0.000122037
151, 0.000286165
152, 0.000512546
153, 0.000474221
154, 0.000327484
155, 0.000623086
156, 0.00122283
157, 0.00127234
158, 0.000841487
159, 0.00122147
160, 0.00257856
161, 0.00301255
162, 0.00198515
163, 0.00215287
164, 0.0048121
165, 0.00633614
166, 0.00429433
167, 0.0034765
168, 0.00799964
169, 0.0118568
170, 0.00845207
171, 0.00515693
172, 0.0118335
173, 0.0199386
174, 0.0151926
175, 0.00709691
176, 0.0153936
177, 0.0302491
178, 0.0250866
179, 0.00933555
180, 0.0173445
181, 0.0414085
182, 0.0381396
183, 0.0122417
184, 0.0165243
185, 0.0511365
186, 0.0534083
187, 0.0165716
188, 0.0126892
189, 0.0569467
190, 0.0688526
191, 0.0231486
192, 0.00705078
193, 0.057142
194, 0.0816591
195, 0.0321503
196, 0.00201806
197, 0.0517168
198, 0.0889546
199, 0.042462
200, 0


0, 0
1, 4.24698e-05
2, 7.24105e-05
3, 2.55214e-05
4, 1.122e-05
5, 5.83915e-05
6, 5.94792e-05
7, 2.70864e-05
8, 5.14654e-05
9, 8.71261e-05
10, 7.30132e-05
11, 6.84334e-05
12, 0.000103729
13, 0.000114437
14, 0.000106486
15, 0.000127573
16, 0.000144555
17, 0.000127855
18, 0.000146429
19, 0.000206836
20, 0.000212918
21, 0.000159143
22, 0.000179977
23, 0.00028708
24, 0.000318479
25, 0.000215632
26, 0.000171869
27, 0.000306817
28, 0.000423472
29, 0.000311054
30, 0.000160242
31, 0.000272095
32, 0.000508774
33, 0.000459018
34, 0.00018705
35, 0.000182456
36, 0.000507612
37, 0.000604084
38, 0.000268003
39, 8.14223e-05
40, 0.000424424
41, 0.000722163
42, 0.00042443
43, 3.68372e-05
44, 0.000284724
45, 0.00077385
46, 0.000633954
47, 9.18725e-05
48, 0.000129084
49, 0.000710936
50, 0.000810207
51, 0.00025188
52, 4.10461e-05
53, 0.000568892
54, 0.000904997
55, 0.000473562
56, 5.81724e-05
57, 0.000389713
58, 0.000859994
59, 0.000649487
60, 0.000167763
61, 0.000253603
62, 0.000707549
63, 0.000716201
64, 0.000295463
65, 0.000175908
66, 0.000504058
67, 0.000661302
68, 0.000381614
69, 0.00015041
70, 0.00031451
71, 0.000522783
72, 0.000387028
73, 0.000140689
74, 0.00017771
75, 0.000364847
76, 0.000327286
77, 0.000123316
78, 9.46743e-05
79, 0.000228421
80, 0.000230564
81, 0.00014214
82, 5.74262e-05
83, 4.50306e-05
84, 7.94427e-05
85, 9.60311e-05
86, 6.99309e-05
87, 3.21933e-05
88, 1.92682e-05
89, 3.26554e-05
90, 4.61818e-05
91, 4.20566e-05
92, 2.6029e-05
93, 1.45223e-05
94, 1.45625e-05
95, 2.06758e-05
96, 2.35781e-05
97, 1.94392e-05
98, 1.30162e-05
99, 7.9501e-06
100, 5.16712e-06
101, 5.41336e-06
102, 7.61192e-06
103, 7.41163e-06
104, 4.18717e-06
105, 1.38745e-06
106, 2.43323e-06
107, 3.39081e-06
108, 1.38587e-06
109, 1.14023e-06
110, 5.93992e-06
111, 7.94419e-06
112, 3.35288e-06
113, 1.64925e-06
114, 6.61533e-06
115, 7.42194e-06
116, 2.3026e-06
117, 1.58446e-06
118, 6.92618e-06
119, 9.22162e-06
120, 5.41508e-06
121, 9.10286e-07
122, 4.19906e-06
123, 9.12286e-06
124, 4.49072e-06
125, 7.15066e-07
126, 5.62647e-06
127, 9.60888e-06
128, 4.24939e-06
129, 3.51199e-07
130, 9.14795e-06
131, 1.37727e-05
132, 6.82806e-06
133, 8.85811e-06
134, 2.4857e-05
135, 2.94676e-05
136, 2.29965e-05
137, 4.79152e-05
138, 8.35915e-05
139, 7.66552e-05
140, 8.09471e-05
141, 0.000155119
142, 0.00022174
143, 0.000217382
144, 0.000253551
145, 0.000401822
146, 0.000539243
147, 0.000594106
148, 0.000669189
149, 0.000884773
150, 0.00119751
151, 0.00145928
152, 0.00158675
153, 0.00179448
154, 0.00239726
155, 0.00311581
156, 0.00336004
157, 0.00341266
158, 0.00432717
159, 0.00585539
160, 0.00643379
161, 0.00607582
162, 0.00699322
163, 0.00968829
164, 0.0111955
165, 0.0101771
166, 0.0102251
167, 0.0140953
168, 0.0175696
169, 0.0160113
170, 0.0137684
171, 0.0180178
172, 0.0246911
173, 0.0235645
174, 0.0174754
175, 0.0200957
176, 0.0308074
177, 0.0322997
178, 0.0215982
179, 0.0193646
180, 0.0336155
181, 0.0409097
182, 0.0268203
183, 0.0161838
184, 0.0312441
185, 0.0473094
186, 0.033734
187, 0.012643
188, 0.0235534
189, 0.0491916
190, 0.0419938
191, 0.011794
192, 0.0129219
193, 0.0451813
194, 0.0498646
195, 0.0159497
196, 0.00366801
197, 0.0360864
198, 0.0547731
199, 0.0249895
200, 0


0, 0
1, 0.000111648
2, 0.000189287
3, 5.79887e-05
4, 3.35182e-05
5, 0.000192274
6, 0.000196265
7, 5.82829e-05
8, 0.000100525
9, 0.000230671
10, 0.000180179
11, 9.51253e-05
12, 0.000176128
13, 0.000245534
14, 0.000182964
15, 0.00016704
16, 0.000250789
17, 0.000271225
18, 0.000228963
19, 0.000245366
20, 0.000283038
21, 0.000270658
22, 0.000273374
23, 0.000314602
24, 0.000300446
25, 0.000250897
26, 0.000288278
27, 0.000377942
28, 0.000356126
29, 0.000244845
30, 0.000240807
31, 0.000369244
32, 0.00041273
33, 0.000275239
34, 0.000166347
35, 0.000274201
36, 0.000428992
37, 0.000356804
38, 0.000147623
39, 0.00014613
40, 0.000372713
41, 0.000443045
42, 0.00021016
43, 4.46138e-05
44, 0.000232083
45, 0.00046077
46, 0.000331735
47, 4.16398e-05
48, 8.84325e-05
49, 0.00040788
50, 0.000465373
51, 0.000159803
52, 1.38767e-05
53, 0.000288607
54, 0.00053318
55, 0.000350871
56, 6.93929e-05
57, 0.00018016
58, 0.000508319
59, 0.000524602
60, 0.000231864
61, 0.000141484
62, 0.000415823
63, 0.000613717
64, 0.000428386
65, 0.000194376
66, 0.000316958
67, 0.000588239
68, 0.000552341
69, 0.000282822
70, 0.000252693
71, 0.000494339
72, 0.000562429
73, 0.000339132
74, 0.000220918
75, 0.000378119
76, 0.000473565
77, 0.000322704
78, 0.000199627
79, 0.000279913
80, 0.000344709
81, 0.000347933
82, 0.000270568
83, 0.000179916
84, 0.00013978
85, 0.000149832
86, 0.000161052
87, 0.000141189
88, 9.8702e-05
89, 6.5039e-05
90, 5.76605e-05
91, 6.35733e-05
92, 6.28585e-05
93, 5.51927e-05
94, 4.22782e-05
95, 2.78092e-05
96, 2.74732e-05
97, 3.93811e-05
98, 3.68535e-05
99, 2.25389e-05
100, 2.20497e-05
101, 2.50778e-05
102, 1.49982e-05
103, 1.15985e-05
104, 2.04293e-05
105, 1.7168e-05
106, 5.46838e-06
107, 3.83549e-06
108, 7.74967e-06
109, 5.96663e-06
110, 2.0134e-06
111, 8.25285e-07
112, 3.47133e-06
113, 7.28996e-06
114, 6.95504e-06
115, 2.67169e-06
116, 2.20896e-07
117, 3.07279e-06
118, 8.14088e-06
119, 9.39475e-06
120, 4.73601e-06
121, 3.27843e-08
122, 7.28813e-06
123, 1.69284e-05
124, 9.02587e-06
125, 2.81299e-06
126, 2.41936e-05
127, 4.0608e-05
128, 2.20668e-05
129, 2.56017e-05
130, 7.86606e-05
131, 9.59235e-05
132, 6.67062e-05
133, 0.000108666
134, 0.000204971
135, 0.000218351
136, 0.000221342
137, 0.000347842
138, 0.000469389
139, 0.000504059
140, 0.000624188
141, 0.000858939
142, 0.00102465
143, 0.00114224
144, 0.00146248
145, 0.00188932
146, 0.00210069
147, 0.00234402
148, 0.00298133
149, 0.00367654
150, 0.00404122
151, 0.00445313
152, 0.00535115
153, 0.00639225
154, 0.00714975
155, 0.00775469
156, 0.0086732
157, 0.0100516
158, 0.0114769
159, 0.0123542
160, 0.0128934
161, 0.0142881
162, 0.0165865
163, 0.0180208
164, 0.0178501
165, 0.0184411
166, 0.0213614
167, 0.0239284
168, 0.0232647
169, 0.0219512
170, 0.0243617
171, 0.0285635
172, 0.0285545
173, 0.0247327
174, 0.0246412
175, 0.0301055
176, 0.0326312
177, 0.0271897
178, 0.022544
179, 0.0273167
180, 0.0339089
181, 0.0296755
182, 0.0198541
183, 0.0205963
184, 0.0308472
185, 0.0316977
186, 0.0189106
187, 0.0124949
188, 0.0231437
189, 0.0317104
190, 0.0209674
191, 0.00685736
192, 0.0127381
193, 0.0280564
194, 0.0249705
195, 0.00672165
196, 0.00363112
197, 0.0207407
198, 0.0281595
199, 0.0122983
200, 0


0, 0
1, 0.000255823
2, 0.000462373
3, 0.000173485
4, 3.35135e-05
5, 0.000332026
6, 0.000397902
7, 0.000107774
8, 0.000125484
9, 0.0004135
10, 0.000353126
11, 0.000112018
12, 0.000228641
13, 0.000445757
14, 0.000321125
15, 0.000161307
16, 0.00029549
17, 0.000410197
18, 0.000281378
19, 0.000213528
20, 0.000332085
21, 0.000372495
22, 0.000272311
23, 0.000254584
24, 0.000325365
25, 0.000324925
26, 0.000273847
27, 0.000278281
28, 0.000283068
29, 0.000243437
30, 0.000240765
31, 0.000291098
32, 0.000273065
33, 0.000186669
34, 0.000172332
35, 0.00025854
36, 0.000287328
37, 0.000188762
38, 9.93564e-05
39, 0.000152356
40, 0.000252722
41, 0.00022488
42, 9.01389e-05
43, 4.89582e-05
44, 0.000162937
45, 0.00024689
46, 0.000154729
47, 1.9192e-05
48, 5.39526e-05
49, 0.000205765
50, 0.000232002
51, 8.72438e-05
52, 2.7131e-06
53, 0.000121556
54, 0.000268479
55, 0.000216999
56, 5.64867e-05
57, 5.9587e-05
58, 0.000249572
59, 0.000344155
60, 0.000204779
61, 7.72953e-05
62, 0.000202285
63, 0.000404553
64, 0.000366574
65, 0.000177787
66, 0.000187915
67, 0.000402779
68, 0.000471286
69, 0.000304552
70, 0.00022573
71, 0.000378446
72, 0.000489811
73, 0.000387029
74, 0.000292087
75, 0.000371666
76, 0.000451798
77, 0.000390016
78, 0.000330585
79, 0.000371931
80, 0.000388729
81, 0.000440348
82, 0.000453305
83, 0.000399944
84, 0.000325207
85, 0.00028442
86, 0.000270048
87, 0.000261176
88, 0.000257943
89, 0.000233154
90, 0.000167333
91, 0.000123781
92, 0.000134205
93, 0.000129576
94, 9.36849e-05
95, 8.63559e-05
96, 8.56778e-05
97, 5.52274e-05
98, 4.3616e-05
99, 6.12348e-05
100, 5.69425e-05
101, 3.5626e-05
102, 3.14197e-05
103, 3.94158e-05
104, 3.86987e-05
105, 2.49007e-05
106, 2.04347e-05
107, 3.03965e-05
108, 3.05431e-05
109, 1.5901e-05
110, 6.4916e-06
111, 8.14766e-06
112, 1.51951e-05
113, 1.74325e-05
114, 8.02982e-06
115, 1.39292e-07
116, 5.96481e-06
117, 1.98731e-05
118, 2.82819e-05
119, 2.50141e-05
120, 1.84057e-05
121, 3.17972e-05
122, 6.1249e-05
123, 7.44362e-05
124, 6.61476e-05
125, 9.66363e-05
126, 0.00017437
127, 0.000200652
128, 0.000193787
129, 0.000295842
130, 0.000444599
131, 0.000470308
132, 0.000501931
133, 0.000755826
134, 0.0010035
135, 0.00103422
136, 0.00120263
137, 0.00167514
138, 0.0020159
139, 0.0021253
140, 0.0025473
141, 0.00328438
142, 0.00371858
143, 0.00404818
144, 0.00485172
145, 0.00574148
146, 0.00629514
147, 0.00706765
148, 0.00825202
149, 0.00921984
150, 0.00990346
151, 0.0110304
152, 0.0126439
153, 0.0137271
154, 0.0143374
155, 0.0156351
156, 0.017509
157, 0.0187254
158, 0.0192595
159, 0.0202658
160, 0.0219123
161, 0.0233517
162, 0.0239917
163, 0.0242491
164, 0.0249585
165, 0.0264005
166, 0.0275299
167, 0.0271561
168, 0.026233
169, 0.0268792
170, 0.028692
171, 0.0285934
172, 0.0260982
173, 0.0247666
174, 0.0265872
175, 0.0279174
176, 0.0252294
177, 0.0213239
178, 0.0214677
179, 0.0244066
180, 0.0237705
181, 0.0184179
182, 0.0151894
183, 0.0180501
184, 0.0209289
185, 0.0170211
186, 0.0104637
187, 0.0103961
188, 0.0158073
189, 0.0163217
190, 0.00913509
191, 0.00437062
192, 0.00887386
193, 0.0144002
194, 0.0106912
195, 0.00256831
196, 0.0025737
197, 0.0102642
198, 0.0126282
199, 0.00530053
200, 0


0, 0
1, 0.000411752
2, 0.000767295
3, 0.000308264
4, 2.15102e-05
5, 0.000506488
6, 0.000727259
7, 0.000238141
8, 8.05318e-05
9, 0.00054125
10, 0.000614611
11, 0.000178015
12, 0.000157658
13, 0.000543763
14, 0.000494182
15, 0.000143041
16, 0.000219473
17, 0.00051742
18, 0.00040925
19, 0.000148031
20, 0.000244791
21, 0.000436326
22, 0.000318346
23, 0.000152443
24, 0.000240249
25, 0.000343347
26, 0.000239957
27, 0.000146709
28, 0.000212566
29, 0.00026279
30, 0.00019629
31, 0.00014777
32, 0.000169516
33, 0.000171357
34, 0.000140079
35, 0.000140481
36, 0.000147089
37, 0.000108401
38, 7.15137e-05
39, 0.000102134
40, 0.000141244
41, 0.000107805
42, 4.10758e-05
43, 4.01918e-05
44, 0.000100156
45, 0.00012428
46, 6.82414e-05
47, 9.94394e-06
48, 3.28969e-05
49, 0.000105257
50, 0.00011805
51, 4.82311e-05
52, 4.96363e-08
53, 5.63941e-05
54, 0.00014308
55, 0.000127689
56, 3.40686e-05
57, 1.71941e-05
58, 0.000120646
59, 0.000188876
60, 0.000118028
61, 3.60267e-05
62, 9.66466e-05
63, 0.000215347
64, 0.000209004
65, 0.0001131
66, 0.000116296
67, 0.000226509
68, 0.000269468
69, 0.000208544
70, 0.000194692
71, 0.000269009
72, 0.000305814
73, 0.00027608
74, 0.000283555
75, 0.000338372
76, 0.000346401
77, 0.000306529
78, 0.000328783
79, 0.000417225
80, 0.000408844
81, 0.000406009
82, 0.000435448
83, 0.000500213
84, 0.000495461
85, 0.000405713
86, 0.000369337
87, 0.000402848
88, 0.00038627
89, 0.000343029
90, 0.000349552
91, 0.000337362
92, 0.000263402
93, 0.000215385
94, 0.000220935
95, 0.000222031
96, 0.000183
97, 0.000135366
98, 0.000125956
99, 0.000130385
100, 0.000102025
101, 7.29464e-05
102, 7.27354e-05
103, 7.93897e-05
104, 7.38933e-05
105, 4.7784e-05
106, 2.96429e-05
107, 5.10803e-05
108, 7.69614e-05
109, 5.50583e-05
110, 1.26073e-05
111, 2.43681e-05
112, 8.48733e-05
113, 8.83846e-05
114, 2.28777e-05
115, 2.07414e-05
116, 0.000116776
117, 0.000178279
118, 0.000133018
119, 0.000109297
120, 0.000216014
121, 0.000363515
122, 0.000334028
123, 0.00035091
124, 0.000535304
125, 0.000706391
126, 0.000804893
127, 0.000928323
128, 0.00115306
129, 0.0014739
130, 0.00174991
131, 0.0019471
132, 0.00231523
133, 0.00293034
134, 0.00337457
135, 0.00363917
136, 0.00432426
137, 0.00527612
138, 0.00582914
139, 0.00626166
140, 0.00735323
141, 0.00864186
142, 0.00923196
143, 0.00986266
144, 0.0113749
145, 0.0128345
146, 0.0134794
147, 0.0143311
148, 0.0160271
149, 0.0174006
150, 0.0180456
151, 0.0191628
152, 0.0207735
153, 0.0216361
154, 0.0221919
155, 0.0234704
156, 0.0247211
157, 0.0250328
158, 0.0251224
159, 0.0261123
160, 0.0271741
161, 0.0270017
162, 0.0263176
163, 0.0266124
164, 0.0273366
165, 0.0270417
166, 0.0259085
167, 0.0250794
168, 0.024982
169, 0.0248955
170, 0.0240435
171, 0.0223597
172, 0.0209473
173, 0.0206701
174, 0.0206991
175, 0.0192855
176, 0.0167257
177, 0.0153452
178, 0.0158764
179, 0.0158826
180, 0.013492
181, 0.0106677
182, 0.0103387
183, 0.0116741
184, 0.0111205
185, 0.0079918
186, 0.00576206
187, 0.00679792
188, 0.00848348
189, 0.00710745
190, 0.00368753
191, 0.00264378
192, 0.00494389
193, 0.00640061
194, 0.00406477
195, 0.000945362
196, 0.00147951
197, 0.00455757
198, 0.0051419
199, 0.00208451
200, 0


0, 0
1, 0.000528732
2, 0.001028
3, 0.000475249
4, 6.85615e-06
5, 0.000558716
6, 0.000971384
7, 0.000404784
8, 1.83219e-05
9, 0.00055204
10, 0.000868161
11, 0.000336345
12, 3.6129e-05
13, 0.000499723
14, 0.000716379
15, 0.00026502
16, 6.04516e-05
17, 0.000432644
18, 0.000555042
19, 0.000190339
20, 7.13196e-05
21, 0.000363767
22, 0.000424825
23, 0.000143209
24, 7.22303e-05
25, 0.000281882
26, 0.000309144
27, 0.000112917
28, 6.94667e-05
29, 0.000200225
30, 0.000206695
31, 8.03591e-05
32, 5.43991e-05
33, 0.000132336
34, 0.000136504
35, 6.33608e-05
36, 4.20732e-05
37, 7.64775e-05
38, 7.98201e-05
39, 5.33098e-05
40, 4.80139e-05
41, 5.38949e-05
42, 3.84795e-05
43, 2.75586e-05
44, 4.85834e-05
45, 6.71512e-05
46, 4.15712e-05
47, 9.72912e-06
48, 2.66831e-05
49, 7.05293e-05
50, 7.07829e-05
51, 2.47161e-05
52, 2.10924e-06
53, 3.93155e-05
54, 7.86092e-05
55, 5.81265e-05
56, 9.87361e-06
57, 1.14263e-05
58, 6.21626e-05
59, 8.21576e-05
60, 4.39701e-05
61, 1.87374e-05
62, 5.23676e-05
63, 8.9557e-05
64, 7.91356e-05
65, 5.99056e-05
66, 7.99228e-05
67, 0.000109999
68, 0.000109703
69, 0.000102682
70, 0.000135517
71, 0.000177857
72, 0.000157271
73, 0.000128874
74, 0.000206969
75, 0.000284841
76, 0.00022093
77, 0.000170978
78, 0.00026687
79, 0.000341588
80, 0.000308782
81, 0.00035003
82, 0.000385815
83, 0.000382184
84, 0.000408038
85, 0.00045721
86, 0.00045776
87, 0.000411797
88, 0.000385239
89, 0.000421084
90, 0.00046339
91, 0.000435496
92, 0.00037875
93, 0.000371536
94, 0.000376614
95, 0.000352663
96, 0.000308482
97, 0.000265124
98, 0.00025973
99, 0.000280117
100, 0.000247658
101, 0.000160606
102, 0.000117557
103, 0.000180039
104, 0.000230425
105, 0.000129205
106, 2.37321e-05
107, 0.000117565
108, 0.000250302
109, 0.000156233
110, 5.5914e-06
111, 0.000142389
112, 0.000405259
113, 0.000349289
114, 0.000120147
115, 0.000272098
116, 0.000702973
117, 0.000794965
118, 0.000556339
119, 0.000691293
120, 0.00132758
121, 0.00172462
122, 0.00123483
123, 0.00154619
124, 0.00257623
125, 0.00274775
126, 0.00258231
127, 0.00337042
128, 0.00433277
129, 0.00460633
130, 0.00497203
131, 0.0059469
132, 0.00690206
133, 0.00759653
134, 0.00834499
135, 0.0092769
136, 0.0104625
137, 0.0116162
138, 0.0124304
139, 0.013351
140, 0.014828
141, 0.0162001
142, 0.0168322
143, 0.0177417
144, 0.0194658
145, 0.0207009
146, 0.0209944
147, 0.021768
148, 0.0234561
149, 0.0244086
150, 0.0242516
151, 0.0247105
152, 0.0260339
153, 0.0264885
154, 0.0259933
155, 0.0260965
156, 0.0267286
157, 0.0265395
158, 0.0257307
159, 0.025636
160, 0.0256331
161, 0.0246356
162, 0.0235536
163, 0.0232944
164, 0.0229444
165, 0.0215934
166, 0.0200578
167, 0.0193854
168, 0.019103
169, 0.0179414
170, 0.0161652
171, 0.0149716
172, 0.0145168
173, 0.0138672
174, 0.0126017
175, 0.0111295
176, 0.0100727
177, 0.00961615
178, 0.00926092
179, 0.00830279
180, 0.00683362
181, 0.00587649
182, 0.00591806
183, 0.00601278
184, 0.00503966
185, 0.00354771
186, 0.00302192
187, 0.00363803
188, 0.00386439
189, 0.00277254
190, 0.00145157
191, 0.00143401
192, 0.00238553
193, 0.00257727
194, 0.00141407
195, 0.00034802
196, 0.000748597
197, 0.00188473
198, 0.0019612
199, 0.000768518
200, 0


0, 0
1, 0.000558855
2, 0.00113514
3, 0.000598421
4, 2.12921e-06
5, 0.000481843
6, 0.00104681
7, 0.000579244
8, 5.42595e-06
9, 0.000411207
10, 0.000937793
11, 0.000544732
12, 1.00128e-05
13, 0.00032729
14, 0.000797269
15, 0.000492248
16, 1.67095e-05
17, 0.000230959
18, 0.00061541
19, 0.000399314
20, 2.04918e-05
21, 0.000156933
22, 0.000447281
23, 0.000301664
24, 2.03974e-05
25, 0.000103306
26, 0.000313214
27, 0.000224919
28, 2.06506e-05
29, 5.79157e-05
30, 0.000203686
31, 0.000160967
32, 2.21458e-05
33, 3.11997e-05
34, 0.000129634
35, 0.000114816
36, 2.30991e-05
37, 1.88613e-05
38, 8.55836e-05
39, 8.70037e-05
40, 2.54549e-05
41, 1.17368e-05
42, 5.00291e-05
43, 5.6921e-05
44, 2.69954e-05
45, 1.78453e-05
46, 2.81677e-05
47, 2.38135e-05
48, 1.62987e-05
49, 2.6805e-05
50, 2.975e-05
51, 1.05063e-05
52, 1.98066e-06
53, 2.16181e-05
54, 3.32698e-05
55, 1.70371e-05
56, 2.67193e-06
57, 1.28215e-05
58, 2.67045e-05
59, 2.37978e-05
60, 1.39887e-05
61, 1.80734e-05
62, 3.14484e-05
63, 2.96974e-05
64, 1.78895e-05
65, 3.48428e-05
66, 6.65804e-05
67, 5.23048e-05
68, 2.29295e-05
69, 5.62507e-05
70, 0.000103177
71, 8.89652e-05
72, 5.99276e-05
73, 6.83496e-05
74, 0.000107826
75, 0.000152705
76, 0.000146491
77, 9.78739e-05
78, 0.000117546
79, 0.000211811
80, 0.000246804
81, 0.000246856
82, 0.00022608
83, 0.000250412
84, 0.000321923
85, 0.000363176
86, 0.000356375
87, 0.000350567
88, 0.000362848
89, 0.000395624
90, 0.000422787
91, 0.000407699
92, 0.000374866
93, 0.000394586
94, 0.000472863
95, 0.000503786
96, 0.000383518
97, 0.000265493
98, 0.000386955
99, 0.000585028
100, 0.00047392
101, 0.000163272
102, 0.000185932
103, 0.00057469
104, 0.000646344
105, 0.000192373
106, 3.78708e-05
107, 0.000588717
108, 0.000967204
109, 0.00051422
110, 0.000141513
111, 0.000774722
112, 0.00152047
113, 0.00123165
114, 0.00072979
115, 0.00144403
116, 0.00266959
117, 0.00272884
118, 0.0021542
119, 0.00285103
120, 0.0046208
121, 0.00534984
122, 0.00366088
123, 0.00482353
124, 0.00764007
125, 0.00727521
126, 0.00632869
127, 0.00875061
128, 0.0109482
129, 0.0101657
130, 0.0104145
131, 0.0131626
132, 0.0145484
133, 0.0141365
134, 0.0152179
135, 0.017468
136, 0.0184189
137, 0.0186627
138, 0.0197878
139, 0.0212451
140, 0.0221227
141, 0.0227367
142, 0.0233497
143, 0.0240691
144, 0.0249583
145, 0.0254339
146, 0.0253186
147, 0.0255154
148, 0.0262433
149, 0.0262931
150, 0.0254605
151, 0.0251903
152, 0.0256579
153, 0.0252658
154, 0.0239083
155, 0.0231955
156, 0.0232678
157, 0.0226484
158, 0.021055
159, 0.0200143
160, 0.019708
161, 0.0188416
162, 0.0173486
163, 0.0162896
164, 0.0157193
165, 0.0146733
166, 0.0132664
167, 0.0124183
168, 0.0119396
169, 0.0108542
170, 0.00949953
171, 0.00875733
172, 0.00845771
173, 0.00777194
174, 0.00662349
175, 0.00572406
176, 0.00543425
177, 0.0052294
178, 0.004581
179, 0.00375052
180, 0.00322229
181, 0.0030558
182, 0.00293966
183, 0.00260783
184, 0.0020452
185, 0.00157639
186, 0.00149845
187, 0.00165705
188, 0.00154118
189, 0.00102391
190, 0.000591363
191, 0.000689986
192, 0.00102698
193, 0.000977622
194, 0.000475162
195, 0.000129143
196, 0.000344736
197, 0.000756308
198, 0.000736007
199, 0.000280315
200, 0


0, 0
1, 0.000488178
2, 0.00102589
3, 0.000596249
4, 1.38272e-05
5, 0.000370094
6, 0.000977245
7, 0.00069334
8, 6.02061e-05
9, 0.000231603
10, 0.000816903
11, 0.000691951
12, 0.000107775
13, 0.000135355
14, 0.000642971
15, 0.000638872
16, 0.000146351
17, 7.5752e-05
18, 0.000488667
19, 0.000576123
20, 0.000192197
21, 3.57662e-05
22, 0.000316812
23, 0.00045414
24, 0.000200863
25, 1.91858e-05
26, 0.000182824
27, 0.000328042
28, 0.000178255
29, 1.35397e-05
30, 0.000107155
31, 0.000245779
32, 0.000162013
33, 1.53472e-05
34, 5.8048e-05
35, 0.000172476
36, 0.000129473
37, 1.40649e-05
38, 3.10536e-05
39, 0.000112924
40, 8.69587e-05
41, 8.80317e-06
42, 2.05182e-05
43, 7.40773e-05
44, 5.60161e-05
45, 6.1034e-06
46, 1.03574e-05
47, 3.59252e-05
48, 2.55116e-05
49, 3.12309e-06
50, 2.32109e-06
51, 7.94255e-06
52, 4.0866e-06
53, 5.76135e-07
54, 2.33387e-06
55, 1.01071e-06
56, 1.66065e-06
57, 1.04636e-05
58, 8.77498e-06
59, 8.56977e-07
60, 1.55878e-05
61, 3.07743e-05
62, 1.68114e-05
63, 3.8977e-06
64, 1.54104e-05
65, 2.9413e-05
66, 3.22729e-05
67, 2.20653e-05
68, 9.07079e-06
69, 2.11649e-05
70, 5.29041e-05
71, 5.97421e-05
72, 3.04477e-05
73, 1.5682e-05
74, 5.74936e-05
75, 0.000102733
76, 7.67988e-05
77, 3.48097e-05
78, 6.14856e-05
79, 0.000120482
80, 0.00013184
81, 0.000131083
82, 0.000130111
83, 0.000151939
84, 0.000193316
85, 0.000224432
86, 0.000220735
87, 0.000203216
88, 0.000251153
89, 0.000373757
90, 0.000400298
91, 0.000260643
92, 0.000195452
93, 0.000422952
94, 0.000685575
95, 0.000535393
96, 0.000150999
97, 0.00026316
98, 0.000883864
99, 0.00104173
100, 0.000381622
101, 3.07936e-05
102, 0.000876617
103, 0.00176772
104, 0.00120677
105, 0.000158157
106, 0.000740944
107, 0.00245426
108, 0.00267695
109, 0.00122454
110, 0.00107681
111, 0.00327031
112, 0.00475597
113, 0.00363336
114, 0.0027236
115, 0.00477219
116, 0.00745986
117, 0.00732747
118, 0.0060498
119, 0.00758419
120, 0.0111092
121, 0.0123252
122, 0.00821863
123, 0.0102225
124, 0.0159064
125, 0.0146775
126, 0.0117271
127, 0.015931
128, 0.0200419
129, 0.0172996
130, 0.0162539
131, 0.0211651
132, 0.0231269
133, 0.020189
134, 0.0207205
135, 0.0248177
136, 0.0251138
137, 0.0228192
138, 0.023915
139, 0.0264347
140, 0.0259047
141, 0.0244267
142, 0.0251122
143, 0.0260688
144, 0.0253481
145, 0.0243982
146, 0.0242556
147, 0.0240879
148, 0.0234535
149, 0.0226378
150, 0.0217602
151, 0.02096
152, 0.0204387
153, 0.0196085
154, 0.0182255
155, 0.0171731
156, 0.0167187
157, 0.0159543
158, 0.0144262
159, 0.0132097
160, 0.0128058
161, 0.0121978
162, 0.0108614
163, 0.00965485
164, 0.0091759
165, 0.00873754
166, 0.00774995
167, 0.00674756
168, 0.00628782
169, 0.00588567
170, 0.00515889
171, 0.00447263
172, 0.0041593
173, 0.00386063
174, 0.00326126
175, 0.00271866
176, 0.0025802
177, 0.00249222
178, 0.00207927
179, 0.00159943
180, 0.00141175
181, 0.00144119
182, 0.00134896
183, 0.00104385
184, 0.000752475
185, 0.000681729
186, 0.000729282
187, 0.000698609
188, 0.000537317
189, 0.00035208
190, 0.000266257
191, 0.000321022
192, 0.000398207
193, 0.000343554
194, 0.000164433
195, 5.87901e-05
196, 0.000146403
197, 0.000296211
198, 0.000282739
199, 0.000107478
200, 0


0, 0
1, 0.000379334
2, 0.000827482
3, 0.000536527
4, 3.60007e-05
5, 0.000218832
6, 0.000726345
7, 0.000633133
8, 0.000124025
9, 0.000117241
10, 0.00059734
11, 0.000688965
12, 0.000246771
13, 6.29986e-05
14, 0.000421903
15, 0.000649489
16, 0.000351057
17, 6.58255e-05
18, 0.000255986
19, 0.000532195
20, 0.0003968
21, 0.000103745
22, 0.000159792
23, 0.000430589
24, 0.000419114
25, 0.000147896
26, 9.4148e-05
27, 0.000318903
28, 0.000386964
29, 0.000169952
30, 5.31983e-05
31, 0.000205219
32, 0.000296699
33, 0.000147581
34, 3.70384e-05
35, 0.000138452
36, 0.000216841
37, 0.000114859
38, 3.13201e-05
39, 9.25147e-05
40, 0.000139849
41, 7.98897e-05
42, 2.85832e-05
43, 5.31174e-05
44, 7.45761e-05
45, 4.40375e-05
46, 2.16251e-05
47, 3.9995e-05
48, 4.05893e-05
49, 1.75956e-05
50, 2.77803e-05
51, 3.6306e-05
52, 1.16898e-05
53, 1.11502e-05
54, 2.85531e-05
55, 1.75554e-05
56, 1.93234e-06
57, 2.35734e-06
58, 5.70004e-06
59, 4.1791e-06
60, 1.54617e-06
61, 5.71056e-06
62, 9.57778e-06
63, 2.92193e-06
64, 1.69652e-06
65, 1.96507e-05
66, 3.346e-05
67, 1.63116e-05
68, 8.04063e-07
69, 2.0789e-05
70, 4.29257e-05
71, 3.24104e-05
72, 9.65183e-06
73, 9.68128e-06
74, 3.53467e-05
75, 5.04758e-05
76, 3.33209e-05
77, 1.40918e-05
78, 2.9006e-05
79, 6.72022e-05
80, 6.65259e-05
81, 4.28771e-05
82, 5.25295e-05
83, 0.000126277
84, 0.000180655
85, 0.000124563
86, 3.28268e-05
87, 0.000114383
88, 0.000369297
89, 0.000455372
90, 0.000195024
91, 1.11767e-05
92, 0.000375967
93, 0.000931943
94, 0.00083242
95, 0.000165035
96, 0.000174273
97, 0.00129065
98, 0.00204103
99, 0.00121881
100, 0.000215455
101, 0.0012169
102, 0.00336019
103, 0.00355922
104, 0.0016269
105, 0.00123615
106, 0.00411336
107, 0.00662758
108, 0.00532117
109, 0.00299829
110, 0.00478462
111, 0.00939874
112, 0.0106538
113, 0.00770535
114, 0.00693394
115, 0.011544
116, 0.0158681
117, 0.0146969
118, 0.0120006
119, 0.014378
120, 0.0200467
121, 0.0217003
122, 0.0137654
123, 0.0157152
124, 0.0250364
125, 0.0232803
126, 0.0164999
127, 0.0211287
128, 0.0282041
129, 0.0239383
130, 0.0193036
131, 0.0251379
132, 0.0291786
133, 0.0237734
134, 0.0213868
135, 0.0268222
136, 0.028138
137, 0.022858
138, 0.0219952
139, 0.0260607
140, 0.0255483
141, 0.0212184
142, 0.0209142
143, 0.0232762
144, 0.0220047
145, 0.0188327
146, 0.0184768
147, 0.0192911
148, 0.017993
149, 0.0158785
150, 0.015242
151, 0.0150369
152, 0.0139421
153, 0.0126451
154, 0.0117947
155, 0.0110936
156, 0.010287
157, 0.00949401
158, 0.00862298
159, 0.00775229
160, 0.007199
161, 0.00677435
162, 0.00601669
163, 0.00516265
164, 0.00473762
165, 0.00456115
166, 0.00407364
167, 0.00333644
168, 0.00294052
169, 0.00286479
170, 0.00262428
171, 0.0021335
172, 0.00178139
173, 0.00169416
174, 0.0015803
175, 0.00128858
176, 0.00106196
177, 0.00100762
178, 0.000923632
179, 0.000720855
180, 0.000570661
181, 0.000577382
182, 0.00057975
183, 0.000438066
184, 0.000277978
185, 0.000268145
186, 0.000331453
187, 0.000311132
188, 0.000199399
189, 0.000112528
190, 0.000118438
191, 0.000170514
192, 0.000173205
193, 0.000109762
194, 4.48439e-05
195, 3.47817e-05
196, 7.00199e-05
197, 0.00010162
198, 8.45656e-05
199, 3.06898e-05
200, 0


0, 0
1, 0.000253417
2, 0.000572619
3, 0.000407677
4, 5.08278e-05
5, 0.000118996
6, 0.000484596
7, 0.00051774
8, 0.000175798
9, 5.01361e-05
10, 0.000344153
11, 0.000548893
12, 0.000329742
13, 7.56994e-05
14, 0.000217579
15, 0.000507618
16, 0.000456071
17, 0.000166579
18, 0.000139788
19, 0.000413702
20, 0.00050449
21, 0.000254164
22, 0.000102915
23, 0.000300451
24, 0.000475073
25, 0.000309653
26, 0.000111
27, 0.000222338
28, 0.000408842
29, 0.000321049
30, 0.00013612
31, 0.000180056
32, 0.000321147
33, 0.000280663
34, 0.000144723
35, 0.000136454
36, 0.000219093
37, 0.000211155
38, 0.00012409
39, 0.000114695
40, 0.00016152
41, 0.000129131
42, 9.27971e-05
43, 0.000127572
44, 0.000111699
45, 6.54108e-05
46, 9.05714e-05
47, 0.000102893
48, 6.06074e-05
49, 4.21428e-05
50, 5.65835e-05
51, 6.7279e-05
52, 4.90855e-05
53, 2.1841e-05
54, 3.12071e-05
55, 5.69026e-05
56, 4.6163e-05
57, 1.20484e-05
58, 1.71844e-05
59, 4.93081e-05
60, 3.76573e-05
61, 4.25595e-06
62, 6.28111e-06
63, 2.07896e-05
64, 1.49937e-05
65, 2.91722e-06
66, 4.25106e-06
67, 6.91331e-06
68, 1.78256e-06
69, 3.66937e-06
70, 1.76737e-05
71, 2.00693e-05
72, 3.50299e-06
73, 8.08569e-06
74, 3.82665e-05
75, 3.36553e-05
76, 3.05535e-06
77, 2.20398e-05
78, 7.00362e-05
79, 4.80817e-05
80, 4.56754e-07
81, 6.23855e-05
82, 0.00020708
83, 0.000259894
84, 0.000139848
85, 3.39843e-05
86, 0.000211207
87, 0.00058478
88, 0.00068595
89, 0.000351292
90, 0.000179788
91, 0.000767089
92, 0.00160963
93, 0.00160154
94, 0.000797064
95, 0.000775274
96, 0.00230931
97, 0.00373607
98, 0.00316683
99, 0.00172269
100, 0.00247118
101, 0.00558717
102, 0.00729975
103, 0.00547235
104, 0.00369773
105, 0.00632979
106, 0.0112408
107, 0.0121968
108, 0.00867596
109, 0.00757935
110, 0.0127658
111, 0.0183984
112, 0.0173688
113, 0.0127976
114, 0.0137122
115, 0.0209745
116, 0.0254456
117, 0.021961
118, 0.017682
119, 0.0209854
120, 0.0283636
121, 0.0298806
122, 0.0176663
123, 0.0185406
124, 0.03105
125, 0.0296484
126, 0.0184706
127, 0.021285
128, 0.0315636
129, 0.0277629
130, 0.0184388
131, 0.0224543
132, 0.0299021
133, 0.024677
134, 0.0175526
135, 0.0218355
136, 0.0265075
137, 0.0209002
138, 0.0158507
139, 0.019668
140, 0.0220941
141, 0.016943
142, 0.0135332
143, 0.0164385
144, 0.0174131
145, 0.0132078
146, 0.0109058
147, 0.0127711
148, 0.0129848
149, 0.00995769
150, 0.00834033
151, 0.00925399
152, 0.00914136
153, 0.00723129
154, 0.00611692
155, 0.0063242
156, 0.00607728
157, 0.00502453
158, 0.00430026
159, 0.00413918
160, 0.00384219
161, 0.00332759
162, 0.00290578
163, 0.00259922
164, 0.00232033
165, 0.00209863
166, 0.00190182
167, 0.00160004
168, 0.00132088
169, 0.00123598
170, 0.0012025
171, 0.000998794
172, 0.000743698
173, 0.000657881
174, 0.000697262
175, 0.00062761
176, 0.000447193
177, 0.00034715
178, 0.000364652
179, 0.000359265
180, 0.000274393
181, 0.000200903
182, 0.000200614
183, 0.000202412
184, 0.000148183
185, 0.000101649
186, 0.000114635
187, 0.000133354
188, 9.65208e-05
189, 4.03803e-05
190, 3.60964e-05
191, 7.39649e-05
192, 7.99855e-05
193, 3.92472e-05
194, 5.88642e-06
195, 1.0247e-05
196, 3.1523e-05
197, 4.07339e-05
198, 2.99787e-05
199, 9.91658e-06
200, 0


0, 0
1, 0.000147054
2, 0.000348533
3, 0.000277026
4, 5.3149e-05
5, 4.95735e-05
6, 0.000283893
7, 0.000385211
8, 0.000197348
9, 3.52055e-05
10, 0.000174357
11, 0.000392937
12, 0.0003342
13, 0.000105715
14, 0.000103515
15, 0.000342328
16, 0.000420975
17, 0.000214451
18, 9.10738e-05
19, 0.000276672
20, 0.000453208
21, 0.000323879
22, 0.000137117
23, 0.000218759
24, 0.00039749
25, 0.000354758
26, 0.000194157
27, 0.000190442
28, 0.000319064
29, 0.000340419
30, 0.000221327
31, 0.000188604
32, 0.000286807
33, 0.00029204
34, 0.0002149
35, 0.000240642
36, 0.000266711
37, 0.000204758
38, 0.000209285
39, 0.000251358
40, 0.000210876
41, 0.000162936
42, 0.000168984
43, 0.000191759
44, 0.000182059
45, 0.000132082
46, 0.00011122
47, 0.000149622
48, 0.000170621
49, 0.000115676
50, 6.4863e-05
51, 0.000113001
52, 0.000150261
53, 8.31061e-05
54, 3.71019e-05
55, 7.82797e-05
56, 0.000102776
57, 5.74757e-05
58, 2.13982e-05
59, 5.00388e-05
60, 7.6163e-05
61, 4.82631e-05
62, 1.41131e-05
63, 3.39583e-05
64, 6.70045e-05
65, 3.67442e-05
66, 2.85563e-06
67, 3.15648e-05
68, 4.53692e-05
69, 1.06653e-05
70, 6.96802e-06
71, 3.39387e-05
72, 2.77046e-05
73, 3.12906e-05
74, 5.77522e-05
75, 4.8878e-05
76, 7.14429e-05
77, 0.000166203
78, 0.00017006
79, 0.00010721
80, 0.000237706
81, 0.000544577
82, 0.000612271
83, 0.000394071
84, 0.000379629
85, 0.00085141
86, 0.00138001
87, 0.00140733
88, 0.00109977
89, 0.00121627
90, 0.00213635
91, 0.00316536
92, 0.00327416
93, 0.00263399
94, 0.00281966
95, 0.00466115
96, 0.00661275
97, 0.00654499
98, 0.0051861
99, 0.00571166
100, 0.00911663
101, 0.0121005
102, 0.0113588
103, 0.00897513
104, 0.0101317
105, 0.0154505
106, 0.0191223
107, 0.0169888
108, 0.0134036
109, 0.0155707
110, 0.0227563
111, 0.0263442
112, 0.0222936
113, 0.0177723
114, 0.0210547
115, 0.029109
116, 0.0314034
117, 0.025521
118, 0.0208217
119, 0.0248608
120, 0.0323335
121, 0.0327429
122, 0.018069
123, 0.0175834
124, 0.0313881
125, 0.0311076
126, 0.0172461
127, 0.0168204
128, 0.0287214
129, 0.0277146
130, 0.0154841
131, 0.0152755
132, 0.0248306
133, 0.0232614
134, 0.0131161
135, 0.0131085
136, 0.0203921
137, 0.0184917
138, 0.0104863
139, 0.0106372
140, 0.0159082
141, 0.0140142
142, 0.0079436
143, 0.00815703
144, 0.0118023
145, 0.0101556
146, 0.00574854
147, 0.00588983
148, 0.0083442
149, 0.00708254
150, 0.00401129
151, 0.00399442
152, 0.00557597
153, 0.00478676
154, 0.00274446
155, 0.00256653
156, 0.003476
157, 0.00309264
158, 0.00186996
159, 0.00160227
160, 0.0020269
161, 0.00186875
162, 0.001243
163, 0.00100596
164, 0.00112554
165, 0.00105755
166, 0.00078803
167, 0.000636016
168, 0.000614667
169, 0.000560177
170, 0.000479966
171, 0.000413148
172, 0.000344994
173, 0.000278591
174, 0.000266214
175, 0.000275333
176, 0.000225209
177, 0.000141384
178, 0.000123327
179, 0.000158136
180, 0.000154292
181, 9.35026e-05
182, 5.19759e-05
183, 6.66529e-05
184, 8.21076e-05
185, 5.7868e-05
186, 2.74853e-05
187, 2.42303e-05
188, 3.21374e-05
189, 2.54943e-05
190, 1.02483e-05
191, 9.2103e-06
192, 2.21457e-05
193, 2.55655e-05
194, 1.17542e-05
195, 5.65498e-07
196, 1.01374e-05
197, 2.99762e-05
198, 3.43109e-05
199, 1.41617e-05
200, 0


0, 0
1, 9.07872e-05
2, 0.000224983
3, 0.000195974
4, 4.89884e-05
5, 1.60344e-05
6, 0.000157994
7, 0.000255657
8, 0.00015413
9, 2.2943e-05
10, 9.32133e-05
11, 0.000267798
12, 0.000265453
13, 9.88101e-05
14, 6.02113e-05
15, 0.000222145
16, 0.000311114
17, 0.00019603
18, 8.94949e-05
19, 0.000166698
20, 0.000292226
21, 0.000266191
22, 0.000151309
23, 0.000170132
24, 0.000296295
25, 0.000289464
26, 0.000200729
27, 0.00023269
28, 0.000282743
29, 0.000244592
30, 0.000248324
31, 0.000287886
32, 0.000257278
33, 0.000223191
34, 0.000242887
35, 0.000275206
36, 0.000275564
37, 0.00023377
38, 0.000216361
39, 0.000259196
40, 0.000298756
41, 0.000256568
42, 0.000180187
43, 0.000219657
44, 0.000307965
45, 0.000250603
46, 0.000144053
47, 0.000170764
48, 0.000248313
49, 0.0002184
50, 0.000124926
51, 0.000123617
52, 0.000191721
53, 0.000193655
54, 0.000114355
55, 7.8926e-05
56, 0.000152951
57, 0.000177302
58, 7.57774e-05
59, 5.32816e-05
60, 0.000141923
61, 0.000117698
62, 1.94488e-05
63, 8.09194e-05
64, 0.000149346
65, 3.79524e-05
66, 3.12207e-05
67, 0.000188934
68, 0.000144304
69, 1.29504e-05
70, 0.000179123
71, 0.000339769
72, 0.000176649
73, 0.000154629
74, 0.000438211
75, 0.000501176
76, 0.000382606
77, 0.000538738
78, 0.000766896
79, 0.000802794
80, 0.000953887
81, 0.00147096
82, 0.0016256
83, 0.0015378
84, 0.00209097
85, 0.00310353
86, 0.00341031
87, 0.00302187
88, 0.00335723
89, 0.00491095
90, 0.00628193
91, 0.00632829
92, 0.00588642
93, 0.00666857
94, 0.00888911
95, 0.0109203
96, 0.0112232
97, 0.0103976
98, 0.0109173
99, 0.01395
100, 0.0172644
101, 0.0176552
102, 0.0156036
103, 0.0153713
104, 0.0193328
105, 0.0239965
106, 0.0241857
107, 0.0205039
108, 0.0192148
109, 0.0237872
110, 0.029471
111, 0.0293016
112, 0.0238093
113, 0.0210149
114, 0.0255556
115, 0.0318375
116, 0.0313585
117, 0.0245303
118, 0.0204113
119, 0.0243225
120, 0.0304123
121, 0.0296879
122, 0.0153677
123, 0.0139848
124, 0.0265283
125, 0.0274217
126, 0.0141057
127, 0.0108834
128, 0.0216757
129, 0.0238624
130, 0.0124547
131, 0.00806596
132, 0.0166345
133, 0.0195817
134, 0.0104757
135, 0.00576644
136, 0.0120849
137, 0.0151299
138, 0.00836352
139, 0.00400448
140, 0.00834431
141, 0.011092
142, 0.00635393
143, 0.00268544
144, 0.00549878
145, 0.00777193
146, 0.00462317
147, 0.00174003
148, 0.00345418
149, 0.00522263
150, 0.00324549
151, 0.00109553
152, 0.00205493
153, 0.00336976
154, 0.00222499
155, 0.000681922
156, 0.00113353
157, 0.00207156
158, 0.00149915
159, 0.000453262
160, 0.000561188
161, 0.00117645
162, 0.000974504
163, 0.000337721
164, 0.000265617
165, 0.00059703
166, 0.000584317
167, 0.000258362
168, 0.000146735
169, 0.000282286
170, 0.000312819
171, 0.000179787
172, 0.000100104
173, 0.000130618
174, 0.000148451
175, 0.000107085
176, 7.35937e-05
177, 6.34617e-05
178, 5.3771e-05
179, 4.60396e-05
180, 4.74396e-05
181, 4.05155e-05
182, 2.05e-05
183, 8.87675e-06
184, 2.03862e-05
185, 3.30488e-05
186, 2.46578e-05
187, 6.62261e-06
188, 3.44892e-06
189, 1.55796e-05
190, 2.35988e-05
191, 1.52414e-05
192, 5.25964e-06
193, 9.96945e-06
194, 1.76194e-05
195, 1.18888e-05
196, 4.59297e-06
197, 1.0476e-05
198, 1.77422e-05
199, 8.88763e-06
200, 0


0, 0
1, 7.12504e-05
2, 0.000173079
3, 0.000143405
4, 3.09302e-05
5, 1.4938e-05
6, 0.000119495
7, 0.000173466
8, 9.27042e-05
9, 1.23266e-05
10, 5.73183e-05
11, 0.000152575
12, 0.000154365
13, 6.91568e-05
14, 3.97939e-05
15, 0.000128781
16, 0.000188878
17, 0.000123356
18, 7.96099e-05
19, 0.000143931
20, 0.000175079
21, 0.00014256
22, 0.000151275
23, 0.00017194
24, 0.000160484
25, 0.000166655
26, 0.000197924
27, 0.000217207
28, 0.000207836
29, 0.000189383
30, 0.000205367
31, 0.000252673
32, 0.000275828
33, 0.000238758
34, 0.000192169
35, 0.000246339
36, 0.000326537
37, 0.000267288
38, 0.000177248
39, 0.000226475
40, 0.000322702
41, 0.000297832
42, 0.000196417
43, 0.0001993
44, 0.000294573
45, 0.000320536
46, 0.000237887
47, 0.000171701
48, 0.000254398
49, 0.000344903
50, 0.000235702
51, 0.000124837
52, 0.00024088
53, 0.000326274
54, 0.000160121
55, 0.000104063
56, 0.000297809
57, 0.000259095
58, 4.61823e-05
59, 0.000196622
60, 0.000395863
61, 0.000141473
62, 3.72775e-05
63, 0.000441738
64, 0.000469531
65, 6.28858e-05
66, 0.000290614
67, 0.000780367
68, 0.000483275
69, 0.000233673
70, 0.000878656
71, 0.0011379
72, 0.000605609
73, 0.000855382
74, 0.00171652
75, 0.00154704
76, 0.0011386
77, 0.00196218
78, 0.00269876
79, 0.00228245
80, 0.00234246
81, 0.0041448
82, 0.00522168
83, 0.00477518
84, 0.00491691
85, 0.00640732
86, 0.00743531
87, 0.00742071
88, 0.00823514
89, 0.0103243
90, 0.0115211
91, 0.0110463
92, 0.0113136
93, 0.0138746
94, 0.0165825
95, 0.0168909
96, 0.0157977
97, 0.0163233
98, 0.0192039
99, 0.0220941
100, 0.0225496
101, 0.0210439
102, 0.0203939
103, 0.0225926
104, 0.0262138
105, 0.0275912
106, 0.0252616
107, 0.0224104
108, 0.0233505
109, 0.0275649
110, 0.0298933
111, 0.0270013
112, 0.0221157
113, 0.0213013
114, 0.02542
115, 0.0287758
116, 0.0262385
117, 0.0200886
118, 0.0171719
119, 0.0202329
120, 0.0242973
121, 0.0229733
122, 0.0113347
123, 0.00950697
124, 0.0191979
125, 0.0209727
126, 0.0104965
127, 0.00590759
128, 0.013803
129, 0.0179255
130, 0.0098238
131, 0.00355657
132, 0.00890159
133, 0.0142305
134, 0.00897945
135, 0.00234359
136, 0.00508045
137, 0.0103982
138, 0.00779373
139, 0.00186726
140, 0.00253168
141, 0.00701315
142, 0.00629146
143, 0.00168168
144, 0.00109283
145, 0.00437002
146, 0.00471623
147, 0.00152332
148, 0.000397772
149, 0.00251159
150, 0.00331762
151, 0.00132303
152, 0.000121153
153, 0.00133212
154, 0.0022028
155, 0.00109182
156, 5.09926e-05
157, 0.000647118
158, 0.00139613
159, 0.000863264
160, 6.3197e-05
161, 0.000275424
162, 0.000841602
163, 0.00065666
164, 9.51883e-05
165, 8.91995e-05
166, 0.0004541
167, 0.000451929
168, 0.000113134
169, 1.4841e-05
170, 0.000198483
171, 0.000251402
172, 9.41108e-05
173, 3.79978e-07
174, 5.8171e-05
175, 0.000107495
176, 6.22501e-05
177, 6.76408e-06
178, 1.04685e-05
179, 3.57388e-05
180, 3.30439e-05
181, 1.293e-05
182, 5.24475e-06
183, 1.09636e-05
184, 1.45146e-05
185, 1.43232e-05
186, 1.76061e-05
187, 1.56493e-05
188, 6.99764e-06
189, 6.56655e-06
190, 1.92538e-05
191, 2.18146e-05
192, 7.30937e-06
193, 8.12617e-07
194, 9.82612e-06
195, 1.22412e-05
196, 3.86175e-06
197, 2.31296e-07
198, 3.38672e-06
199, 2.77592e-06
200, 0


0, 0
1, 5.13275e-05
2, 0.000118587
3, 9.18822e-05
4, 1.94144e-05
5, 1.65282e-05
6, 9.0372e-05
7, 0.000123143
8, 5.94767e-05
9, 1.28727e-05
10, 5.81137e-05
11, 9.5334e-05
12, 6.28561e-05
13, 4.23751e-05
14, 5.91241e-05
15, 6.6329e-05
16, 6.64748e-05
17, 7.69506e-05
18, 8.33931e-05
19, 8.25501e-05
20, 8.22277e-05
21, 9.30852e-05
22, 0.000116681
23, 0.000130787
24, 0.000124173
25, 0.000103411
26, 0.000111952
27, 0.000174209
28, 0.000194302
29, 0.000131372
30, 0.000114545
31, 0.000196129
32, 0.000247184
33, 0.000192714
34, 0.000138426
35, 0.000196123
36, 0.000282045
37, 0.000272703
38, 0.0001955
39, 0.000167973
40, 0.00026604
41, 0.000345279
42, 0.000237578
43, 0.00013924
44, 0.000272393
45, 0.000390798
46, 0.000226893
47, 0.000126165
48, 0.000355946
49, 0.000408898
50, 0.000136838
51, 0.000197405
52, 0.000532145
53, 0.000358971
54, 3.16002e-05
55, 0.000422487
56, 0.000766518
57, 0.000240816
58, 8.44889e-05
59, 0.000877434
60, 0.000956074
61, 0.000159785
62, 0.000510426
63, 0.0015431
64, 0.0010669
65, 0.000335197
66, 0.00141488
67, 0.00226413
68, 0.00123089
69, 0.00109478
70, 0.00275804
71, 0.00295518
72, 0.00177775
73, 0.00265738
74, 0.00436039
75, 0.00374126
76, 0.00313117
77, 0.00501341
78, 0.0061075
79, 0.00495942
80, 0.00542308
81, 0.00961188
82, 0.0115174
83, 0.0093115
84, 0.00837883
85, 0.0117049
86, 0.0149431
87, 0.0144918
88, 0.0133694
89, 0.0151633
90, 0.0178448
91, 0.0182394
92, 0.0179095
93, 0.0196565
94, 0.0219899
95, 0.0218873
96, 0.0206052
97, 0.0216856
98, 0.0248879
99, 0.0262622
100, 0.0243913
101, 0.0224926
102, 0.0235735
103, 0.0264145
104, 0.0275096
105, 0.0256758
106, 0.0229117
107, 0.0220693
108, 0.0237814
109, 0.0257272
110, 0.0251103
111, 0.0216802
112, 0.0185125
113, 0.0186283
114, 0.0212006
115, 0.0221472
116, 0.0190916
117, 0.0144678
118, 0.0126309
119, 0.0147054
120, 0.0170163
121, 0.0156454
122, 0.0074057
123, 0.00569515
124, 0.0122037
125, 0.0141925
126, 0.00727974
127, 0.00282935
128, 0.00747632
129, 0.0117972
130, 0.0074891
131, 0.00167278
132, 0.00366812
133, 0.00878363
134, 0.00734726
135, 0.00173817
136, 0.00125368
137, 0.00568297
138, 0.00654272
139, 0.00228424
140, 0.000193874
141, 0.00309461
142, 0.00515049
143, 0.00267948
144, 7.21184e-05
145, 0.00135049
146, 0.00356292
147, 0.00265425
148, 0.000349207
149, 0.000440858
150, 0.0021957
151, 0.00225991
152, 0.000628072
153, 0.000102941
154, 0.00121499
155, 0.00170239
156, 0.000747617
157, 4.98191e-05
158, 0.000605975
159, 0.00116414
160, 0.000709231
161, 9.16474e-05
162, 0.000281967
163, 0.000723094
164, 0.00057255
165, 0.000143402
166, 0.000130592
167, 0.000399456
168, 0.000420967
169, 0.000179748
170, 7.10778e-05
171, 0.000194213
172, 0.000274635
173, 0.000175558
174, 5.75e-05
175, 6.69438e-05
176, 0.000146602
177, 0.000143157
178, 5.0059e-05
179, 1.34791e-05
180, 6.67137e-05
181, 8.89087e-05
182, 3.54106e-05
183, 1.00321e-06
184, 2.70945e-05
185, 4.14751e-05
186, 1.60192e-05
187, 3.78781e-08
188, 6.84831e-06
189, 9.3967e-06
190, 3.05988e-06
191, 5.04913e-07
192, 4.77917e-07
193, 6.16236e-07
194, 3.04392e-06
195, 2.35282e-06
196, 7.87568e-08
197, 5.42731e-06
198, 1.18121e-05
199, 6.67723e-06
200, 0


0, 0
1, 3.79266e-05
2, 7.28783e-05
3, 3.89109e-05
4, 6.62544e-06
5, 2.05475e-05
6, 3.86432e-05
7, 3.86251e-05
8, 3.71339e-05
9, 3.82067e-05
10, 4.00109e-05
11, 4.47678e-05
12, 4.96726e-05
13, 5.45998e-05
14, 5.23793e-05
15, 4.66073e-05
16, 4.4458e-05
17, 4.97065e-05
18, 6.93015e-05
19, 7.62911e-05
20, 4.76986e-05
21, 3.65598e-05
22, 8.00973e-05
23, 0.000114826
24, 8.81075e-05
25, 4.85658e-05
26, 7.16966e-05
27, 0.000132464
28, 0.000138898
29, 9.55897e-05
30, 7.24714e-05
31, 0.000112864
32, 0.000187168
33, 0.000182685
34, 9.09619e-05
35, 9.40215e-05
36, 0.000237816
37, 0.000273441
38, 0.000115765
39, 0.000109714
40, 0.000336418
41, 0.00033153
42, 9.19062e-05
43, 0.000188458
44, 0.000484852
45, 0.0003144
46, 3.40439e-05
47, 0.000399706
48, 0.000728193
49, 0.00024815
50, 6.44313e-05
51, 0.000843206
52, 0.00103346
53, 0.00019371
54, 0.000363115
55, 0.00158381
56, 0.00135051
57, 0.000241438
58, 0.00107812
59, 0.00253056
60, 0.00162391
61, 0.000616512
62, 0.00235382
63, 0.00359439
64, 0.0019563
65, 0.0016398
66, 0.00422296
67, 0.00471165
68, 0.00263799
69, 0.00355069
70, 0.00654653
71, 0.00590663
72, 0.0040125
73, 0.00632935
74, 0.00902364
75, 0.0073176
76, 0.00632658
77, 0.00965882
78, 0.0113
79, 0.00907069
80, 0.0095199
81, 0.0162272
82, 0.0191818
83, 0.0150121
84, 0.0125839
85, 0.0176068
86, 0.0230495
87, 0.0214077
88, 0.0170875
89, 0.0184052
90, 0.0238242
91, 0.0255065
92, 0.0224391
93, 0.0209961
94, 0.0235897
95, 0.0257214
96, 0.024533
97, 0.0231573
98, 0.024399
99, 0.025733
100, 0.0242537
101, 0.0219326
102, 0.0223107
103, 0.024451
104, 0.0244229
105, 0.0213669
106, 0.0186145
107, 0.0188749
108, 0.0206715
109, 0.0208037
110, 0.0183589
111, 0.0152939
112, 0.0138753
113, 0.0144615
114, 0.0154537
115, 0.0148456
116, 0.0122916
117, 0.00943538
118, 0.00841801
119, 0.00952601
120, 0.0106358
121, 0.00962933
122, 0.00442052
123, 0.00307061
124, 0.00699469
125, 0.00872108
126, 0.00472719
127, 0.00128409
128, 0.00352684
129, 0.00690417
130, 0.00526741
131, 0.00114275
132, 0.00109265
133, 0.0045461
134, 0.00524128
135, 0.00192727
136, 7.20488e-05
137, 0.00232753
138, 0.00443047
139, 0.00276679
140, 0.000215045
141, 0.000827933
142, 0.00312853
143, 0.00307446
144, 0.00089494
145, 0.000210222
146, 0.0018236
147, 0.00274882
148, 0.00148348
149, 0.000237261
150, 0.000899568
151, 0.00204198
152, 0.00166301
153, 0.000502057
154, 0.000444004
155, 0.00131048
156, 0.00146412
157, 0.000705259
158, 0.000322323
159, 0.000752922
160, 0.00108497
161, 0.000753347
162, 0.000335419
163, 0.000422785
164, 0.000705674
165, 0.000655812
166, 0.00037139
167, 0.000261651
168, 0.000409927
169, 0.000519587
170, 0.00037801
171, 0.00018818
172, 0.000237854
173, 0.000389098
174, 0.00033733
175, 0.000152297
176, 0.00014287
177, 0.000268796
178, 0.000251835
179, 0.000116598
180, 9.24665e-05
181, 0.000156034
182, 0.000143816
183, 7.27701e-05
184, 6.12581e-05
185, 7.84558e-05
186, 5.62475e-05
187, 3.56414e-05
188, 4.21228e-05
189, 3.4784e-05
190, 1.28087e-05
191, 1.6347e-05
192, 2.75785e-05
193, 1.42957e-05
194, 4.33379e-07
195, 6.14361e-06
196, 9.43606e-06
197, 3.77202e-06
198, 8.37229e-07
199, 8.17277e-07
200, 0


0, 0
1, 1.1822e-06
2, 4.98438e-06
3, 9.37931e-06
4, 1.27056e-05
5, 1.44876e-05
6, 1.61511e-05
7, 2.17783e-05
8, 2.54887e-05
9, 2.88916e-05
10, 3.04623e-05
11, 2.02415e-05
12, 1.81194e-05
13, 4.26543e-05
14, 5.90855e-05
15, 3.85906e-05
16, 1.89817e-05
17, 4.42304e-05
18, 8.31001e-05
19, 7.21003e-05
20, 3.42097e-05
21, 3.01347e-05
22, 5.89189e-05
23, 8.5895e-05
24, 7.52729e-05
25, 3.18999e-05
26, 3.17813e-05
27, 0.000105571
28, 0.000144562
29, 6.9587e-05
30, 1.55541e-05
31, 0.000126908
32, 0.000220028
33, 0.000100705
34, 1.67338e-05
35, 0.000190898
36, 0.000293976
37, 8.91397e-05
38, 4.26159e-05
39, 0.000378562
40, 0.000428884
41, 5.57638e-05
42, 0.00017883
43, 0.000786649
44, 0.000676109
45, 7.4198e-05
46, 0.000520353
47, 0.00145078
48, 0.00100571
49, 0.000204795
50, 0.00116301
51, 0.00231969
52, 0.00137738
53, 0.000588175
54, 0.00227102
55, 0.00339441
56, 0.00181033
57, 0.00141029
58, 0.00397572
59, 0.00472975
60, 0.00248756
61, 0.00288792
62, 0.00627325
63, 0.00625747
64, 0.00356676
65, 0.00512738
66, 0.00899278
67, 0.00791365
68, 0.00523938
69, 0.00812475
70, 0.0118416
71, 0.00959383
72, 0.00752878
73, 0.0116522
74, 0.0145471
75, 0.0112583
76, 0.0102645
77, 0.0151886
78, 0.0167994
79, 0.012933
80, 0.013198
81, 0.0225613
82, 0.02704
83, 0.0208487
84, 0.0154419
85, 0.0203363
86, 0.0280199
87, 0.026794
88, 0.0197233
89, 0.0188814
90, 0.02565
91, 0.0292664
92, 0.0245294
93, 0.0193011
94, 0.0211712
95, 0.0261524
96, 0.0261498
97, 0.0215491
98, 0.0191312
99, 0.0209595
100, 0.0223648
101, 0.0204129
102, 0.0179529
103, 0.0179102
104, 0.0186404
105, 0.0172225
106, 0.0145265
107, 0.0136438
108, 0.0147784
109, 0.0150144
110, 0.012752
111, 0.00987298
112, 0.00894369
113, 0.00990207
114, 0.0104968
115, 0.00929923
116, 0.00707328
117, 0.00543524
118, 0.00521366
119, 0.00583872
120, 0.00612345
121, 0.00533311
122, 0.00242947
123, 0.00157477
124, 0.00366354
125, 0.00487274
126, 0.0028792
127, 0.00062119
128, 0.00143728
129, 0.0036328
130, 0.00337792
131, 0.000975777
132, 0.000182619
133, 0.0019936
134, 0.00323338
135, 0.00184821
136, 0.000105518
137, 0.00068421
138, 0.00242233
139, 0.00243797
140, 0.000787297
141, 0.000164733
142, 0.00142325
143, 0.00239718
144, 0.00155451
145, 0.000373478
146, 0.000724988
147, 0.00187941
148, 0.00190115
149, 0.000884703
150, 0.000521022
151, 0.00123956
152, 0.00174025
153, 0.00127563
154, 0.000656316
155, 0.000805725
156, 0.00131594
157, 0.00131954
158, 0.000863378
159, 0.000644741
160, 0.00086737
161, 0.00110963
162, 0.000965264
163, 0.000626193
164, 0.000573562
165, 0.000831485
166, 0.000904696
167, 0.000616906
168, 0.000414378
169, 0.000589809
170, 0.000730757
171, 0.000535034
172, 0.00033398
173, 0.000417122
174, 0.000526149
175, 0.000414687
176, 0.000284926
177, 0.000321943
178, 0.000356074
179, 0.000288644
180, 0.000253118
181, 0.000268242
182, 0.000232491
183, 0.000183685
184, 0.000212844
185, 0.000215606
186, 0.00013858
187, 0.000110333
188, 0.000152916
189, 0.000137863
190, 7.428e-05
191, 6.52696e-05
192, 8.19095e-05
193, 6.19968e-05
194, 4.48991e-05
195, 4.03979e-05
196, 2.23296e-05
197, 2.32507e-05
198, 4.0803e-05
199, 2.37174e-05
200, 0


0, 0
1, 1.76458e-07
2, 6.64626e-08
3, 8.46257e-07
4, 3.05866e-06
5, 4.71028e-06
6, 2.34797e-06
7, 7.52009e-08
8, 4.92989e-06
9, 1.57672e-05
10, 1.85148e-05
11, 6.13681e-06
12, 5.29052e-06
13, 2.93095e-05
14, 4.55369e-05
15, 3.48142e-05
16, 1.34208e-05
17, 1.99627e-05
18, 6.02965e-05
19, 7.48736e-05
20, 3.30276e-05
21, 3.85855e-06
22, 7.10266e-05
23, 0.000145699
24, 7.80242e-05
25, 5.83545e-07
26, 0.000102361
27, 0.000198459
28, 8.38567e-05
29, 5.3222e-06
30, 0.000178725
31, 0.000282343
32, 9.41893e-05
33, 4.68567e-05
34, 0.000374114
35, 0.000503989
36, 0.000185523
37, 0.000176577
38, 0.000767724
39, 0.000951255
40, 0.000416297
41, 0.000462621
42, 0.00140472
43, 0.00160053
44, 0.000768935
45, 0.000990113
46, 0.00242479
47, 0.00250132
48, 0.00127304
49, 0.00187004
50, 0.00392508
51, 0.00371856
52, 0.0020467
53, 0.0032418
54, 0.00593819
55, 0.00525105
56, 0.00322589
57, 0.00522022
58, 0.00840454
59, 0.00702142
60, 0.00483806
61, 0.00782266
62, 0.011234
63, 0.00896532
64, 0.00684683
65, 0.0109181
66, 0.0142364
67, 0.0109551
68, 0.00908374
69, 0.0141145
70, 0.0170322
71, 0.0128566
72, 0.0114273
73, 0.0170508
74, 0.0191974
75, 0.0144122
76, 0.0136987
77, 0.019535
78, 0.0205904
79, 0.015468
80, 0.0155905
81, 0.0265414
82, 0.0319734
83, 0.0242736
84, 0.015799
85, 0.0194473
86, 0.0291082
87, 0.0299314
88, 0.0211855
89, 0.0163374
90, 0.0218663
91, 0.0280711
92, 0.0250106
93, 0.0172395
94, 0.015806
95, 0.0213669
96, 0.0242212
97, 0.0195298
98, 0.013703
99, 0.0138504
100, 0.017691
101, 0.0182824
102, 0.0143603
103, 0.0109856
104, 0.0113232
105, 0.0127423
106, 0.0118709
107, 0.00947779
108, 0.00835921
109, 0.00878743
110, 0.00859896
111, 0.00689554
112, 0.00534446
113, 0.00543124
114, 0.00622706
115, 0.0059008
116, 0.00423176
117, 0.00275293
118, 0.00263588
119, 0.00334777
120, 0.00360976
121, 0.00290096
122, 0.00112717
123, 0.00075111
124, 0.00193685
125, 0.00257084
126, 0.00156494
127, 0.000321049
128, 0.00054744
129, 0.00172357
130, 0.00192808
131, 0.000790443
132, 1.10022e-05
133, 0.000725955
134, 0.00173902
135, 0.00144739
136, 0.000332111
137, 0.000146333
138, 0.00112095
139, 0.00167943
140, 0.00098497
141, 0.000218784
142, 0.000560655
143, 0.00139091
144, 0.00142422
145, 0.000721427
146, 0.000428086
147, 0.000961596
148, 0.00144744
149, 0.00120111
150, 0.000718123
151, 0.000740752
152, 0.00117187
153, 0.00138677
154, 0.00112566
155, 0.000803861
156, 0.000902233
157, 0.00127058
158, 0.00134286
159, 0.000995279
160, 0.0007668
161, 0.00102347
162, 0.00129215
163, 0.00108289
164, 0.000745963
165, 0.000816071
166, 0.00107287
167, 0.00100199
168, 0.000725764
169, 0.000701338
170, 0.000839288
171, 0.000803345
172, 0.000660534
173, 0.000643075
174, 0.000659254
175, 0.000583569
176, 0.000545381
177, 0.000584994
178, 0.00051492
179, 0.000402174
180, 0.00043137
181, 0.000487164
182, 0.000391442
183, 0.000300572
184, 0.000345076
185, 0.000356293
186, 0.000289685
187, 0.000270816
188, 0.000260849
189, 0.000213009
190, 0.000234657
191, 0.000259937
192, 0.000154334
193, 0.000104146
194, 0.000227487
195, 0.000218037
196, 4.70012e-05
197, 8.14336e-05
198, 0.000236859
199, 0.000140567
200, 0


0, 0
1, 4.51809e-06
2, 9.71301e-06
3, 5.97898e-06
4, 1.63238e-06
5, 2.79028e-06
6, 2.4127e-06
7, 1.73037e-06
8, 4.85988e-06
9, 9.51539e-06
10, 9.61776e-06
11, 6.19189e-06
12, 5.92888e-06
13, 1.93385e-05
14, 4.10907e-05
15, 3.79542e-05
16, 1.55359e-05
17, 3.39938e-05
18, 9.61894e-05
19, 8.8822e-05
20, 1.42139e-05
21, 7.76434e-05
22, 0.000205561
23, 0.000111927
24, 2.24938e-05
25, 0.000216536
26, 0.000340085
27, 0.000168285
28, 0.000120685
29, 0.000460582
30, 0.000669222
31, 0.000384057
32, 0.000344676
33, 0.000958631
34, 0.00122377
35, 0.000746896
36, 0.000778901
37, 0.00169024
38, 0.00201492
39, 0.0013542
40, 0.00139712
41, 0.00266615
42, 0.00318877
43, 0.00230473
44, 0.00232336
45, 0.00405935
46, 0.00480466
47, 0.00360211
48, 0.00362159
49, 0.00598018
50, 0.00695487
51, 0.00526083
52, 0.00529026
53, 0.00843637
54, 0.00958854
55, 0.00719788
56, 0.00721899
57, 0.0112581
58, 0.0125407
59, 0.00937276
60, 0.00933188
61, 0.0141377
62, 0.0154362
63, 0.0115346
64, 0.0114619
65, 0.0168283
66, 0.0179471
67, 0.013384
68, 0.0133809
69, 0.0191675
70, 0.0199495
71, 0.0147544
72, 0.0147798
73, 0.020843
74, 0.0213237
75, 0.0156279
76, 0.0155396
77, 0.0215526
78, 0.0217514
79, 0.0158527
80, 0.0156678
81, 0.0266601
82, 0.0325345
83, 0.0247408
84, 0.0145521
85, 0.0161863
86, 0.0262441
87, 0.0294405
88, 0.0209426
89, 0.0126566
90, 0.0151534
91, 0.0229952
92, 0.0237688
93, 0.0160587
94, 0.0104052
95, 0.0133117
96, 0.0186609
97, 0.0175931
98, 0.0111739
99, 0.0077214
100, 0.0105383
101, 0.0140352
102, 0.0124246
103, 0.00755373
104, 0.00527561
105, 0.0071225
106, 0.00909124
107, 0.00789034
108, 0.00497449
109, 0.00365934
110, 0.00442708
111, 0.00502757
112, 0.0041428
113, 0.00283497
114, 0.00251736
115, 0.00291098
116, 0.00276069
117, 0.00184465
118, 0.00113179
119, 0.00129675
120, 0.00184128
121, 0.00184267
122, 0.000699554
123, 0.00020132
124, 0.000971311
125, 0.00157389
126, 0.00100267
127, 0.000148522
128, 0.000216662
129, 0.000926465
130, 0.00112112
131, 0.000526732
132, 1.2753e-05
133, 0.000268953
134, 0.000835879
135, 0.000865106
136, 0.000341097
137, 5.35894e-05
138, 0.000414824
139, 0.000881345
140, 0.000781789
141, 0.000335443
142, 0.000255732
143, 0.000643046
144, 0.000937727
145, 0.000785642
146, 0.000477681
147, 0.000483762
148, 0.000820055
149, 0.00104494
150, 0.000886585
151, 0.000603175
152, 0.00066858
153, 0.00104917
154, 0.00118978
155, 0.000892691
156, 0.000692666
157, 0.000946163
158, 0.00125751
159, 0.0011361
160, 0.000848132
161, 0.000907341
162, 0.0011735
163, 0.00117432
164, 0.000980268
165, 0.000956257
166, 0.0010691
167, 0.0010449
168, 0.000971185
169, 0.00100698
170, 0.000989235
171, 0.000866903
172, 0.000867578
173, 0.000970519
174, 0.000898535
175, 0.000727014
176, 0.000747906
177, 0.000833669
178, 0.000743108
179, 0.000648729
180, 0.000661939
181, 0.000623122
182, 0.000561524
183, 0.000622295
184, 0.000580546
185, 0.000387344
186, 0.000440972
187, 0.000630855
188, 0.000445733
189, 0.000202846
190, 0.000449645
191, 0.00062734
192, 0.000259058
193, 0.000137259
194, 0.000556208
195, 0.000544765
196, 7.83813e-05
197, 0.00021324
198, 0.000656075
199, 0.000380742
200, 0


0, 0
1, 1.87919e-06
2, 8.72137e-06
3, 1.71187e-05
4, 1.39798e-05
5, 4.20217e-06
6, 2.02567e-05
7, 4.66565e-05
8, 4.11648e-05
9, 2.87284e-05
10, 4.36339e-05
11, 6.17236e-05
12, 6.33949e-05
13, 7.67048e-05
14, 8.25291e-05
15, 7.45075e-05
16, 0.000113357
17, 0.000152103
18, 0.000141629
19, 0.000149655
20, 0.000237674
21, 0.000350874
22, 0.000352052
23, 0.000343115
24, 0.000552823
25, 0.000810977
26, 0.000742739
27, 0.000638927
28, 0.00113728
29, 0.00162921
30, 0.00127004
31, 0.00115186
32, 0.0020627
33, 0.00255395
34, 0.00203242
35, 0.00203085
36, 0.00316443
37, 0.0038758
38, 0.00325057
39, 0.00314526
40, 0.00475615
41, 0.00576018
42, 0.00481425
43, 0.00465768
44, 0.00671127
45, 0.00802266
46, 0.0069473
47, 0.00651721
48, 0.00881674
49, 0.0106766
50, 0.00949352
51, 0.00854482
52, 0.0110261
53, 0.0135189
54, 0.0121977
55, 0.0105854
56, 0.0131778
57, 0.0163476
58, 0.0148084
59, 0.0123048
60, 0.0149092
61, 0.01886
62, 0.0172025
63, 0.013678
64, 0.0160191
65, 0.0206663
66, 0.0190973
67, 0.0146699
68, 0.0164992
69, 0.0215579
70, 0.0201995
71, 0.0151287
72, 0.016349
73, 0.0215586
74, 0.0204522
75, 0.0148949
76, 0.0154373
77, 0.0206922
78, 0.0200007
79, 0.0141817
80, 0.013944
81, 0.0238709
82, 0.0296262
83, 0.0228838
84, 0.0124387
85, 0.0117286
86, 0.0203488
87, 0.0253166
88, 0.0191955
89, 0.00985671
90, 0.00888976
91, 0.0159403
92, 0.0200901
93, 0.0151609
94, 0.00746647
95, 0.00627362
96, 0.0113704
97, 0.0144173
98, 0.0108042
99, 0.00516696
100, 0.00422678
101, 0.00774973
102, 0.00976577
103, 0.00711944
104, 0.00311938
105, 0.00239431
106, 0.00478705
107, 0.00627101
108, 0.00464461
109, 0.00194396
110, 0.00114531
111, 0.00237677
112, 0.00337049
113, 0.00269359
114, 0.00127001
115, 0.000666214
116, 0.00107452
117, 0.00147547
118, 0.00117994
119, 0.000618442
120, 0.000480384
121, 0.000762953
122, 0.000616466
123, 0.000159984
124, 0.000223297
125, 0.000726646
126, 0.000755979
127, 0.000227058
128, 1.69511e-05
129, 0.000434416
130, 0.000757655
131, 0.000480733
132, 6.92662e-05
133, 0.000125311
134, 0.00047175
135, 0.000558113
136, 0.000301947
137, 8.58207e-05
138, 0.000167479
139, 0.000399721
140, 0.000481704
141, 0.000331103
142, 0.000169492
143, 0.000228924
144, 0.000479122
145, 0.000612666
146, 0.000457697
147, 0.00027613
148, 0.000409824
149, 0.000711872
150, 0.000764388
151, 0.000525879
152, 0.000442997
153, 0.000694276
154, 0.000896934
155, 0.00077461
156, 0.000622734
157, 0.000727131
158, 0.000906373
159, 0.000891416
160, 0.000827771
161, 0.000885217
162, 0.000934369
163, 0.000899908
164, 0.000952672
165, 0.0010665
166, 0.00102221
167, 0.000898894
168, 0.00099311
169, 0.00113816
170, 0.00105404
171, 0.000939201
172, 0.00101395
173, 0.00104914
174, 0.000963766
175, 0.000997211
176, 0.00104268
177, 0.000852147
178, 0.000797671
179, 0.00106763
180, 0.00103418
181, 0.000615514
182, 0.000678157
183, 0.00114007
184, 0.000917917
185, 0.000372796
186, 0.000687331
187, 0.0011829
188, 0.000670648
189, 0.00020394
190, 0.000836534
191, 0.00114566
192, 0.000352759
193, 0.000203914
194, 0.00105514
195, 0.00097482
196, 9.54451e-05
197, 0.000397609
198, 0.0012182
199, 0.000695619
200, 0


0, 0
1, 6.84095e-05
2, 0.000120678
3, 5.80659e-05
4, 3.2488e-05
5, 8.22234e-05
6, 0.000111784
7, 0.000100088
8, 8.62716e-05
9, 0.000111407
10, 0.00017766
11, 0.000196955
12, 0.000163868
13, 0.000242035
14, 0.000372052
15, 0.000395207
16, 0.000435518
17, 0.000572477
18, 0.000701957
19, 0.000820445
20, 0.00098947
21, 0.00110995
22, 0.00120765
23, 0.00150315
24, 0.00178217
25, 0.00184043
26, 0.0020017
27, 0.00243515
28, 0.00286938
29, 0.0029377
30, 0.00297581
31, 0.00366052
32, 0.00449427
33, 0.00446999
34, 0.0042326
35, 0.00531272
36, 0.00672372
37, 0.00632399
38, 0.00577488
39, 0.00749957
40, 0.00912798
41, 0.0084175
42, 0.00791303
43, 0.00970395
44, 0.0116149
45, 0.0110796
46, 0.00998968
47, 0.0117118
48, 0.0143477
49, 0.0137799
50, 0.0120074
51, 0.0135288
52, 0.0165392
53, 0.0163103
54, 0.0140411
55, 0.0147339
56, 0.0179819
57, 0.0184755
58, 0.015725
59, 0.0153942
60, 0.0187855
61, 0.0200387
62, 0.0169054
63, 0.0153865
64, 0.0187088
65, 0.0209045
66, 0.0176616
67, 0.0147747
68, 0.0176266
69, 0.020789
70, 0.0179169
71, 0.0138511
72, 0.01578
73, 0.019602
74, 0.0175311
75, 0.0127796
76, 0.013616
77, 0.0177256
78, 0.0165937
79, 0.0115629
80, 0.0112938
81, 0.0193643
82, 0.0244239
83, 0.0192177
84, 0.00986213
85, 0.00751121
86, 0.0138982
87, 0.0195593
88, 0.0164886
89, 0.00824774
90, 0.00466403
91, 0.00907953
92, 0.0145388
93, 0.0133536
94, 0.00677643
95, 0.00265809
96, 0.00507707
97, 0.00967064
98, 0.00992645
99, 0.00541145
100, 0.00162375
101, 0.00242384
102, 0.00560602
103, 0.00644167
104, 0.00379557
105, 0.000990649
106, 0.00103757
107, 0.00309006
108, 0.00405908
109, 0.0026816
110, 0.000685259
111, 0.000281148
112, 0.00148399
113, 0.0024693
114, 0.0019969
115, 0.000694267
116, 6.19366e-05
117, 0.000530084
118, 0.00118134
119, 0.00111112
120, 0.000482532
121, 6.79465e-05
122, 0.000158352
123, 0.000321162
124, 0.000192682
125, 7.82786e-05
126, 0.000169271
127, 0.000187532
128, 4.41974e-05
129, 2.59659e-05
130, 0.00021643
131, 0.000315307
132, 0.000178862
133, 5.25834e-05
134, 0.000167772
135, 0.000378498
136, 0.000398328
137, 0.000210465
138, 0.000112677
139, 0.000265527
140, 0.000442728
141, 0.000375374
142, 0.000172566
143, 0.00013666
144, 0.000314236
145, 0.000425748
146, 0.00031658
147, 0.000173909
148, 0.000229409
149, 0.000395775
150, 0.000435031
151, 0.000341643
152, 0.000331661
153, 0.00043458
154, 0.000493702
155, 0.000491766
156, 0.000543199
157, 0.000599013
158, 0.000566414
159, 0.000572783
160, 0.000721274
161, 0.00078789
162, 0.000686242
163, 0.000672162
164, 0.000826085
165, 0.000877275
166, 0.000803093
167, 0.000853676
168, 0.000945817
169, 0.00084839
170, 0.000853721
171, 0.00110992
172, 0.00110696
173, 0.00075928
174, 0.000861635
175, 0.00137501
176, 0.001228
177, 0.000627395
178, 0.000898203
179, 0.00159221
180, 0.00120146
181, 0.0004628
182, 0.00101652
183, 0.00174904
184, 0.00100462
185, 0.000313192
186, 0.00122753
187, 0.00181144
188, 0.000706498
189, 0.000264645
190, 0.00149172
191, 0.00171624
192, 0.000377418
193, 0.000368382
194, 0.00171903
195, 0.00144359
196, 0.000108769
197, 0.000640019
198, 0.0018554
199, 0.00104415
200, 0


0, 0
1, 0.000288275
2, 0.000415117
3, 6.87749e-05
4, 0.000166592
5, 0.00052091
6, 0.000330546
7, 0.000166349
8, 0.000527471
9, 0.000690786
10, 0.000520802
11, 0.000650226
12, 0.00096485
13, 0.00110676
14, 0.00117612
15, 0.00129432
16, 0.00152827
17, 0.00187084
18, 0.00207112
19, 0.00210803
20, 0.00243107
21, 0.00292423
22, 0.00312363
23, 0.0033252
24, 0.00375268
25, 0.00413794
26, 0.00453012
27, 0.00504674
28, 0.00544665
29, 0.00572111
30, 0.00639126
31, 0.00719868
32, 0.00742504
33, 0.00764431
34, 0.00850842
35, 0.00952916
36, 0.00986929
37, 0.00972592
38, 0.0104976
39, 0.0121317
40, 0.0125902
41, 0.0117371
42, 0.0122585
43, 0.0145936
44, 0.0152138
45, 0.0135014
46, 0.0139003
47, 0.0167127
48, 0.0171406
49, 0.0151438
50, 0.0151509
51, 0.0176654
52, 0.0187354
53, 0.0167574
54, 0.0154941
55, 0.0178079
56, 0.0198065
57, 0.0178134
58, 0.0155358
59, 0.0171503
60, 0.0195796
61, 0.0183042
62, 0.0153968
63, 0.0157242
64, 0.018398
65, 0.0181917
66, 0.0148576
67, 0.013799
68, 0.0164685
69, 0.017469
70, 0.0142156
71, 0.0117597
72, 0.0138719
73, 0.0160813
74, 0.0136063
75, 0.0100195
76, 0.0109726
77, 0.0139274
78, 0.0127105
79, 0.0086838
80, 0.00828558
81, 0.0142346
82, 0.0183708
83, 0.0149015
84, 0.00749363
85, 0.00447624
86, 0.00857694
87, 0.0138319
88, 0.0132268
89, 0.00717077
90, 0.00254364
91, 0.00409203
92, 0.00887862
93, 0.0103996
94, 0.00660308
95, 0.00189308
96, 0.0013768
97, 0.00476733
98, 0.00729323
99, 0.0057425
100, 0.00200608
101, 0.000250859
102, 0.00186997
103, 0.00427494
104, 0.00437086
105, 0.00216365
106, 0.000229454
107, 0.000500724
108, 0.0021587
109, 0.00292927
110, 0.00189115
111, 0.000372532
112, 9.07365e-05
113, 0.00106221
114, 0.00185989
115, 0.00147877
116, 0.000481931
117, 3.16319e-05
118, 0.000432853
119, 0.000949689
120, 0.000916506
121, 0.000483954
122, 8.72345e-05
123, 0.000232938
124, 0.000479374
125, 0.000370208
126, 9.56422e-05
127, 2.71481e-05
128, 0.000130418
129, 0.000150257
130, 4.72825e-05
131, 7.50948e-06
132, 6.43933e-05
133, 6.31184e-05
134, 3.1175e-06
135, 5.18828e-05
136, 0.000186303
137, 0.000183677
138, 6.7535e-05
139, 9.90697e-05
140, 0.000282866
141, 0.000333928
142, 0.00020591
143, 0.000163724
144, 0.00028209
145, 0.000342206
146, 0.000280159
147, 0.000239476
148, 0.000264916
149, 0.00026531
150, 0.00024816
151, 0.000284619
152, 0.000312706
153, 0.000256132
154, 0.000225623
155, 0.000312256
156, 0.000392402
157, 0.000348346
158, 0.000313905
159, 0.000410557
160, 0.000473502
161, 0.000425902
162, 0.000494303
163, 0.000647597
164, 0.000572452
165, 0.000433782
166, 0.000683083
167, 0.000980212
168, 0.00070797
169, 0.00040616
170, 0.000861583
171, 0.00131457
172, 0.000827149
173, 0.000381399
174, 0.00107309
175, 0.00162499
176, 0.00086296
177, 0.000367621
178, 0.00135596
179, 0.00190228
180, 0.000811763
181, 0.00036911
182, 0.00169122
183, 0.00210334
184, 0.000679624
185, 0.000411419
186, 0.00200936
187, 0.00215745
188, 0.000476386
189, 0.000533784
190, 0.0022861
191, 0.00202304
192, 0.000243733
193, 0.000759294
194, 0.00250288
195, 0.00174059
196, 6.5352e-05
197, 0.00106445
198, 0.00262315
199, 0.00140077
200, 0


0, 0
1, 0.000995563
2, 0.00146742
3, 0.000306755
4, 0.000665166
5, 0.00187392
6, 0.00114073
7, 0.000651832
8, 0.00205931
9, 0.00231708
10, 0.00124299
11, 0.00193284
12, 0.00317921
13, 0.00262598
14, 0.00227336
15, 0.00344157
16, 0.00403131
17, 0.00363678
18, 0.00398442
19, 0.00483264
20, 0.00522223
21, 0.00550151
22, 0.00587637
23, 0.00635129
24, 0.0070999
25, 0.0077468
26, 0.00794856
27, 0.00835633
28, 0.0092661
29, 0.00985621
30, 0.0101671
31, 0.0108048
32, 0.0113842
33, 0.0118627
34, 0.0125746
35, 0.0131605
36, 0.0133036
37, 0.0136974
38, 0.0147534
39, 0.0152681
40, 0.0149274
41, 0.0151404
42, 0.0162631
43, 0.0170274
44, 0.0165124
45, 0.0158453
46, 0.0168339
47, 0.0183045
48, 0.0176615
49, 0.0160538
50, 0.0167278
51, 0.0188493
52, 0.018268
53, 0.0157266
54, 0.0160505
55, 0.0184603
56, 0.01805
57, 0.0153666
58, 0.0147692
59, 0.0166808
60, 0.0174066
61, 0.0150963
62, 0.013026
63, 0.0142943
64, 0.0160247
65, 0.0143637
66, 0.0116078
67, 0.0118514
68, 0.0137927
69, 0.0132967
70, 0.0105134
71, 0.00942563
72, 0.0111435
73, 0.0119414
74, 0.00961749
75, 0.00734274
76, 0.00830378
77, 0.0100978
78, 0.00886542
79, 0.00597757
80, 0.00570109
81, 0.00982872
82, 0.0129526
83, 0.010909
84, 0.00558921
85, 0.00261555
86, 0.00476176
87, 0.0088414
88, 0.00966513
89, 0.00598812
90, 0.00178576
91, 0.0013518
92, 0.00446931
93, 0.00700675
94, 0.00587052
95, 0.00234543
96, 0.000238886
97, 0.00144501
98, 0.00406536
99, 0.00491339
100, 0.00305193
101, 0.000600415
102, 0.00015434
103, 0.00186689
104, 0.00350649
105, 0.00316066
106, 0.0013238
107, 6.89022e-05
108, 0.000553494
109, 0.00185241
110, 0.00227207
111, 0.00138859
112, 0.000327056
113, 0.000186997
114, 0.000795578
115, 0.00123472
116, 0.00104479
117, 0.000564438
118, 0.000288586
119, 0.000346958
120, 0.000587915
121, 0.00081599
122, 0.000574827
123, 0.000267209
124, 0.000372401
125, 0.000673942
126, 0.00064352
127, 0.000308496
128, 0.000190683
129, 0.000401282
130, 0.000480402
131, 0.000250072
132, 7.06145e-05
133, 0.000140436
134, 0.000203107
135, 9.6744e-05
136, 7.56198e-06
137, 2.64403e-05
138, 3.20503e-05
139, 4.83741e-06
140, 1.66424e-05
141, 4.44006e-05
142, 5.78747e-05
143, 9.36511e-05
144, 0.000117094
145, 0.000114567
146, 0.000175739
147, 0.000266649
148, 0.000246934
149, 0.000190696
150, 0.000261387
151, 0.000344355
152, 0.00028616
153, 0.0002448
154, 0.000317739
155, 0.000312122
156, 0.000211353
157, 0.000261548
158, 0.000412857
159, 0.000336001
160, 0.000134768
161, 0.000256693
162, 0.000583914
163, 0.000515481
164, 0.00014374
165, 0.000272568
166, 0.000837776
167, 0.000791383
168, 0.000197243
169, 0.000347387
170, 0.00116729
171, 0.00108099
172, 0.000229489
173, 0.000466804
174, 0.00155841
175, 0.00135695
176, 0.000230921
177, 0.000598422
178, 0.00195965
179, 0.00160504
180, 0.000216392
181, 0.000742472
182, 0.00232857
183, 0.00178379
184, 0.000183362
185, 0.000922244
186, 0.0026638
187, 0.00186351
188, 0.000127589
189, 0.00113233
190, 0.00296701
191, 0.00187364
192, 6.39472e-05
193, 0.00135042
194, 0.00321246
195, 0.00182891
196, 1.66464e-05
197, 0.00155655
198, 0.0033494
199, 0.00171883
200, 0


0, 0
1, 0.00326909
2, 0.00517258
3, 0.00127764
4, 0.00129825
5, 0.00523381
6, 0.00381982
7, 0.00118131
8, 0.00413025
9, 0.00577658
10, 0.00292243
11, 0.00351652
12, 0.0067412
13, 0.00553314
14, 0.00394301
15, 0.00679641
16, 0.00820902
17, 0.0060431
18, 0.00663024
19, 0.00951099
20, 0.0092099
21, 0.00798069
22, 0.00963156
23, 0.0112834
24, 0.0107684
25, 0.0107088
26, 0.0119394
27, 0.0126565
28, 0.0129562
29, 0.0134248
30, 0.0136859
31, 0.0141465
32, 0.0149522
33, 0.0153016
34, 0.0152187
35, 0.0156246
36, 0.0162911
37, 0.0163942
38, 0.0164907
39, 0.0167783
40, 0.0167772
41, 0.0169082
42, 0.017334
43, 0.0172672
44, 0.0166704
45, 0.0167133
46, 0.0174792
47, 0.0173762
48, 0.0162592
49, 0.015849
50, 0.0165219
51, 0.0168788
52, 0.0157911
53, 0.0144231
54, 0.0147977
55, 0.0158794
56, 0.0149788
57, 0.0128379
58, 0.0126748
59, 0.0143018
60, 0.0139778
61, 0.011327
62, 0.0104749
63, 0.0121524
64, 0.0124968
65, 0.010337
66, 0.00867987
67, 0.00934803
68, 0.0105232
69, 0.00957128
70, 0.00728332
71, 0.00683763
72, 0.00829426
73, 0.008375
74, 0.00632716
75, 0.0050308
76, 0.00594093
77, 0.00687016
78, 0.00573639
79, 0.00387968
80, 0.00382575
81, 0.00655602
82, 0.00867158
83, 0.0074733
84, 0.00393357
85, 0.00149542
86, 0.0023322
87, 0.00503912
88, 0.00634441
89, 0.00462778
90, 0.00162852
91, 0.000324285
92, 0.00175982
93, 0.00408506
94, 0.00464621
95, 0.0028312
96, 0.000573707
97, 0.000151724
98, 0.00174316
99, 0.00339455
100, 0.00324914
101, 0.00152817
102, 0.000131354
103, 0.000445576
104, 0.00186176
105, 0.00264086
106, 0.00198264
107, 0.000759987
108, 0.000269607
109, 0.000787248
110, 0.0014881
111, 0.00160861
112, 0.00117823
113, 0.00067877
114, 0.000462147
115, 0.000586673
116, 0.000917703
117, 0.00114733
118, 0.000992686
119, 0.000531898
120, 0.000265128
121, 0.000534127
122, 0.000783556
123, 0.000563329
124, 0.000282259
125, 0.000442413
126, 0.000739627
127, 0.000630717
128, 0.000355741
129, 0.000409361
130, 0.000622074
131, 0.000577708
132, 0.000398578
133, 0.00037534
134, 0.000420943
135, 0.000373378
136, 0.000326375
137, 0.000286483
138, 0.000195118
139, 0.000142679
140, 0.000165633
141, 0.000127233
142, 3.71098e-05
143, 2.53069e-05
144, 3.95508e-05
145, 7.87103e-06
146, 1.32527e-05
147, 3.95024e-05
148, 2.30894e-05
149, 7.24405e-05
150, 0.000162187
151, 0.000106452
152, 8.10183e-05
153, 0.000314155
154, 0.000415549
155, 0.000155673
156, 0.000135974
157, 0.000565566
158, 0.000627188
159, 0.000161371
160, 0.000149271
161, 0.000702549
162, 0.000735211
163, 0.000159752
164, 0.000125197
165, 0.000764923
166, 0.000871037
167, 0.000220497
168, 8.6486e-05
169, 0.000858758
170, 0.00116219
171, 0.000384662
172, 5.6346e-05
173, 0.00103014
174, 0.00157784
175, 0.000599973
176, 4.67275e-05
177, 0.00125614
178, 0.00201687
179, 0.000789104
180, 5.1999e-05
181, 0.00149808
182, 0.00243272
183, 0.000967064
184, 5.30582e-05
185, 0.00172703
186, 0.00284925
187, 0.00117809
188, 3.9911e-05
189, 0.00189357
190, 0.00324663
191, 0.00142403
192, 1.98571e-05
193, 0.00196432
194, 0.00356093
195, 0.00166153
196, 5.00073e-06
197, 0.00194498
198, 0.00372924
199, 0.00184026
200, 0


0, 0
1, 0.00746389
2, 0.012128
3, 0.00311307
4, 0.0021071
5, 0.0115495
6, 0.00940987
7, 0.0016239
8, 0.00703454
9, 0.0130028
10, 0.00649911
11, 0.00411987
12, 0.0117334
13, 0.0119496
14, 0.00602764
15, 0.00911748
16, 0.0142365
17, 0.0105017
18, 0.00845513
19, 0.0138122
20, 0.0147093
21, 0.0105326
22, 0.0122383
23, 0.0164705
24, 0.0145836
25, 0.0122595
26, 0.0153821
27, 0.0173211
28, 0.0149728
29, 0.0144934
30, 0.0167906
31, 0.0172227
32, 0.0160508
33, 0.0162407
34, 0.0169749
35, 0.0168565
36, 0.0168802
37, 0.0169729
38, 0.0165857
39, 0.0165216
40, 0.0168521
41, 0.0166474
42, 0.0160532
43, 0.0159381
44, 0.0159801
45, 0.0156106
46, 0.0152873
47, 0.0149846
48, 0.0143415
49, 0.0140438
50, 0.0141997
51, 0.013811
52, 0.0126981
53, 0.0120915
54, 0.012482
55, 0.0124529
56, 0.0112853
57, 0.0102376
58, 0.0103112
59, 0.0107578
60, 0.0101521
61, 0.00859082
62, 0.00804646
63, 0.00891601
64, 0.00898885
65, 0.00729374
66, 0.00602189
67, 0.006795
68, 0.00766425
69, 0.00639776
70, 0.00462323
71, 0.00478848
72, 0.00584025
73, 0.0055108
74, 0.00401652
75, 0.00323949
76, 0.00388938
77, 0.00452335
78, 0.00366647
79, 0.00232675
80, 0.00236229
81, 0.00418371
82, 0.00551672
83, 0.00477371
84, 0.00257333
85, 0.000855533
86, 0.00103971
87, 0.00269059
88, 0.0039747
89, 0.00346755
90, 0.00161263
91, 0.000208722
92, 0.000550325
93, 0.00213028
94, 0.00321423
95, 0.00264784
96, 0.00103063
97, 2.38196e-05
98, 0.000549786
99, 0.00185888
100, 0.00245969
101, 0.00178747
102, 0.000647578
103, 0.000212002
104, 0.000697977
105, 0.00139892
106, 0.00161822
107, 0.00129598
108, 0.000814671
109, 0.000551935
110, 0.000667468
111, 0.00108247
112, 0.00149768
113, 0.00147961
114, 0.000977483
115, 0.00048715
116, 0.00058675
117, 0.00116499
118, 0.00148861
119, 0.00111692
120, 0.000508684
121, 0.000410359
122, 0.000677442
123, 0.000738164
124, 0.000494616
125, 0.000399628
126, 0.000525625
127, 0.00056003
128, 0.000497145
129, 0.000487684
130, 0.000471286
131, 0.000460807
132, 0.000555449
133, 0.000598624
134, 0.000463241
135, 0.000430261
136, 0.000596185
137, 0.000589568
138, 0.000411967
139, 0.000429606
140, 0.000522319
141, 0.000384133
142, 0.000284898
143, 0.000401388
144, 0.000344772
145, 0.000110276
146, 0.000155826
147, 0.00030701
148, 0.000151793
149, 1.29802e-06
150, 0.000140401
151, 0.000171339
152, 5.44559e-05
153, 0.000169243
154, 0.000254229
155, 5.5425e-05
156, 0.000146688
157, 0.000548138
158, 0.000404943
159, 4.94924e-06
160, 0.000403506
161, 0.000972556
162, 0.000518021
163, 1.14396e-06
164, 0.000671278
165, 0.00128763
166, 0.000597103
167, 6.44763e-06
168, 0.00078452
169, 0.00144269
170, 0.000704921
171, 1.64656e-05
172, 0.000728463
173, 0.00153466
174, 0.000936904
175, 5.47111e-05
176, 0.000618532
177, 0.00172448
178, 0.00134963
179, 0.000149352
180, 0.000521833
181, 0.00203188
182, 0.00190147
183, 0.000315086
184, 0.000423414
185, 0.00232027
186, 0.00249419
187, 0.000560034
188, 0.000303541
189, 0.00245122
190, 0.00301726
191, 0.000886513
192, 0.000164239
193, 0.00237696
194, 0.00341128
195, 0.00128679
196, 4.67748e-05
197, 0.00211471
198, 0.00362556
199, 0.0017227
200, 0


0, 0
1, 0.0134787
2, 0.0226212
3, 0.00646896
4, 0.00276263
5, 0.0201437
6, 0.0187104
7, 0.00265088
8, 0.009464
9, 0.0232988
10, 0.0132053
11, 0.00366964
12, 0.0165536
13, 0.0222314
14, 0.00926
15, 0.00839408
16, 0.0208913
17, 0.0186367
18, 0.00878161
19, 0.0141951
20, 0.0216408
21, 0.015122
22, 0.0112222
23, 0.0185458
24, 0.0199523
25, 0.0133792
26, 0.0144886
27, 0.0202169
28, 0.0176505
29, 0.0134185
30, 0.0168264
31, 0.0196227
32, 0.0159288
33, 0.0140724
34, 0.0172161
35, 0.0178481
36, 0.0150294
37, 0.0145602
38, 0.0160398
39, 0.0156799
40, 0.0143876
41, 0.0142782
42, 0.0142788
43, 0.0136273
44, 0.0133462
45, 0.0131752
46, 0.0124272
47, 0.0119026
48, 0.0118675
49, 0.0115498
50, 0.0108242
51, 0.0103198
52, 0.0100448
53, 0.00963106
54, 0.00932692
55, 0.00903454
56, 0.00830415
57, 0.00765676
58, 0.0076803
59, 0.0076991
60, 0.00697115
61, 0.00602003
62, 0.00587253
63, 0.00618152
64, 0.00583297
65, 0.00485729
66, 0.00427923
67, 0.00454126
68, 0.00483213
69, 0.00413175
70, 0.00304426
71, 0.00300833
72, 0.00373783
73, 0.00361382
74, 0.00243783
75, 0.00181173
76, 0.00245122
77, 0.00294361
78, 0.00221077
79, 0.00129183
80, 0.00137551
81, 0.00250943
82, 0.00341474
83, 0.00315299
84, 0.00183612
85, 0.000561688
86, 0.000469176
87, 0.00154305
88, 0.00258603
89, 0.00250068
90, 0.0013636
91, 0.000249323
92, 0.000135251
93, 0.000992873
94, 0.00186885
95, 0.00185833
96, 0.00101079
97, 0.000213964
98, 0.000162044
99, 0.000740827
100, 0.00129633
101, 0.00137893
102, 0.00102643
103, 0.000599495
104, 0.000394428
105, 0.000545072
106, 0.000985033
107, 0.00137629
108, 0.00134298
109, 0.000852184
110, 0.000412846
111, 0.000566063
112, 0.00122286
113, 0.00163126
114, 0.00131184
115, 0.000680778
116, 0.000523664
117, 0.000979641
118, 0.00137269
119, 0.001206
120, 0.000793351
121, 0.000705599
122, 0.000707803
123, 0.000689882
124, 0.000712287
125, 0.000749873
126, 0.00061472
127, 0.000487215
128, 0.000613009
129, 0.000695795
130, 0.000499116
131, 0.000417175
132, 0.000583519
133, 0.000570013
134, 0.000398679
135, 0.00051479
136, 0.000639752
137, 0.000416968
138, 0.000392891
139, 0.00076655
140, 0.000712521
141, 0.000268281
142, 0.000487427
143, 0.00102666
144, 0.000683588
145, 0.000135055
146, 0.000594303
147, 0.00108161
148, 0.000487232
149, 4.48543e-05
150, 0.000632716
151, 0.00087382
152, 0.000225271
153, 6.94208e-05
154, 0.00058372
155, 0.000543433
156, 0.000138899
157, 0.000282985
158, 0.000483184
159, 0.000276689
160, 0.00036319
161, 0.000665885
162, 0.000377355
163, 0.000172789
164, 0.000813449
165, 0.00107599
166, 0.00030737
167, 0.000216062
168, 0.00127952
169, 0.00141187
170, 0.000297811
171, 0.000287819
172, 0.00157832
173, 0.0016649
174, 0.000382554
175, 0.000277394
176, 0.00161233
177, 0.0018891
178, 0.000633641
179, 0.000192667
180, 0.00140753
181, 0.00212582
182, 0.00108411
183, 0.000136229
184, 0.00107023
185, 0.00235073
186, 0.00168757
187, 0.000215865
188, 0.000703421
189, 0.00246635
190, 0.00232845
191, 0.000478647
192, 0.000359749
193, 0.0023639
194, 0.00287504
195, 0.000918086
196, 0.000100032
197, 0.00200438
198, 0.00318846
199, 0.00147273
200, 0


0, 0
1, 0.0207146
2, 0.0362852
3, 0.0119144
4, 0.00256844
5, 0.0287559
6, 0.0314723
7, 0.00543452
8, 0.00920785
9, 0.0333674
10, 0.0238912
11, 0.00321617
12, 0.0171787
13, 0.0333942
14, 0.0164496
15, 0.0052581
16, 0.0235235
17, 0.029488
18, 0.0112825
19, 0.00971732
20, 0.0262536
21, 0.0237017
22, 0.00931189
23, 0.0143511
24, 0.0252552
25, 0.0180689
26, 0.00995967
27, 0.0175301
28, 0.0220199
29, 0.0139128
30, 0.0116029
31, 0.0184892
32, 0.0181028
33, 0.0116037
34, 0.0128421
35, 0.0174915
36, 0.0146192
37, 0.0104103
38, 0.012809
39, 0.0151617
40, 0.012081
41, 0.00975475
42, 0.0115836
43, 0.0123239
44, 0.0102063
45, 0.0092325
46, 0.0099126
47, 0.00967343
48, 0.00865071
49, 0.00834717
50, 0.00823434
51, 0.00758756
52, 0.00719722
53, 0.00716766
54, 0.00669294
55, 0.0060211
56, 0.00576445
57, 0.00565059
58, 0.0053137
59, 0.00489616
60, 0.00455844
61, 0.00417411
62, 0.00392472
63, 0.00393532
64, 0.00370462
65, 0.0030852
66, 0.00273525
67, 0.0028828
68, 0.0029316
69, 0.00245059
70, 0.00191023
71, 0.00191677
72, 0.0021992
73, 0.00208516
74, 0.00153298
75, 0.00115592
76, 0.00138696
77, 0.00175324
78, 0.00148475
79, 0.000822766
80, 0.000716134
81, 0.00152249
82, 0.00233556
83, 0.00226627
84, 0.0013017
85, 0.000348596
86, 0.000237873
87, 0.000888746
88, 0.0015356
89, 0.00155833
90, 0.000946788
91, 0.000235658
92, 1.12047e-05
93, 0.000376253
94, 0.000884462
95, 0.00105866
96, 0.000819917
97, 0.000444443
98, 0.000188798
99, 0.000207447
100, 0.000499788
101, 0.000905461
102, 0.00112947
103, 0.000936127
104, 0.000475224
105, 0.000232424
106, 0.00055874
107, 0.00116146
108, 0.00139818
109, 0.000994587
110, 0.000446828
111, 0.000413407
112, 0.000881514
113, 0.00122148
114, 0.00105564
115, 0.000727364
116, 0.000692732
117, 0.00091553
118, 0.00100388
119, 0.000898161
120, 0.000860593
121, 0.000967903
122, 0.000753617
123, 0.000642459
124, 0.000875979
125, 0.00094503
126, 0.000683087
127, 0.000672018
128, 0.000894723
129, 0.000744379
130, 0.000501183
131, 0.000755593
132, 0.00092681
133, 0.000488009
134, 0.000347483
135, 0.000902355
136, 0.000926789
137, 0.000259082
138, 0.000366802
139, 0.0011086
140, 0.000839771
141, 0.000107604
142, 0.000601725
143, 0.00132528
144, 0.000664657
145, 8.02559e-05
146, 0.000984704
147, 0.00147742
148, 0.00044751
149, 0.000175381
150, 0.00136454
151, 0.00146968
152, 0.000233692
153, 0.000326045
154, 0.00153162
155, 0.00123481
156, 9.24689e-05
157, 0.000457975
158, 0.00137491
159, 0.000866969
160, 0.000115616
161, 0.000581666
162, 0.00101647
163, 0.000558097
164, 0.000399429
165, 0.00076467
166, 0.00064917
167, 0.000464804
168, 0.000943844
169, 0.00105601
170, 0.000396107
171, 0.000553894
172, 0.00158225
173, 0.00142142
174, 0.000288443
175, 0.000629969
176, 0.00203121
177, 0.00177568
178, 0.000327404
179, 0.000547705
180, 0.00208655
181, 0.00204395
182, 0.000527807
183, 0.000330106
184, 0.0017394
185, 0.00219415
186, 0.000925204
187, 0.000155598
188, 0.00116039
189, 0.0021965
190, 0.00149182
191, 0.000217537
192, 0.00057179
193, 0.00201756
194, 0.00207239
195, 0.000573457
196, 0.000150545
197, 0.00163789
198, 0.00244219
199, 0.00110931
200, 0


0, 0
1, 0.0272491
2, 0.0495907
3, 0.0184747
4, 0.00173377
5, 0.0349856
6, 0.0451641
7, 0.0106639
8, 0.00638365
9, 0.0398435
10, 0.0375021
11, 0.00540108
12, 0.0125906
13, 0.040918
14, 0.028424
15, 0.00328237
16, 0.0185554
17, 0.0384276
18, 0.0199742
19, 0.00396608
20, 0.0226985
21, 0.033235
22, 0.0134668
23, 0.00624653
24, 0.0241784
25, 0.0266847
26, 0.00935024
27, 0.00876488
28, 0.0228787
29, 0.0200588
30, 0.00736912
31, 0.0107308
32, 0.0197444
33, 0.0143306
34, 0.00671896
35, 0.0115919
36, 0.0160331
37, 0.0101453
38, 0.00665129
39, 0.0113551
40, 0.0125303
41, 0.0074452
42, 0.00645495
43, 0.0101698
44, 0.00968803
45, 0.00586463
46, 0.00587427
47, 0.00819717
48, 0.00733437
49, 0.0049709
50, 0.00510787
51, 0.00612558
52, 0.00534546
53, 0.0042304
54, 0.0042881
55, 0.0043808
56, 0.00383113
57, 0.00346454
58, 0.00346562
59, 0.00315354
60, 0.00269911
61, 0.00264076
62, 0.00265354
63, 0.00237133
64, 0.00206848
65, 0.00193189
66, 0.00184691
67, 0.0017517
68, 0.00168325
69, 0.00153429
70, 0.00126286
71, 0.00116424
72, 0.00131839
73, 0.00130485
74, 0.000986966
75, 0.000766903
76, 0.000892957
77, 0.00106991
78, 0.000908595
79, 0.000560792
80, 0.00048877
81, 0.000896375
82, 0.00133287
83, 0.00134772
84, 0.000842062
85, 0.000229838
86, 3.56253e-05
87, 0.000345312
88, 0.000767703
89, 0.000893113
90, 0.00065958
91, 0.000296825
92, 6.82059e-05
93, 9.39668e-05
94, 0.00031629
95, 0.00059464
96, 0.000753199
97, 0.000659838
98, 0.00034101
99, 8.40637e-05
100, 0.000218198
101, 0.000692411
102, 0.00104414
103, 0.000881328
104, 0.00040942
105, 0.000156908
106, 0.000390843
107, 0.000811056
108, 0.000946672
109, 0.000717635
110, 0.000492037
111, 0.000539653
112, 0.000695578
113, 0.000734638
114, 0.000688005
115, 0.000721739
116, 0.000793924
117, 0.000784819
118, 0.00075334
119, 0.000810784
120, 0.000852641
121, 0.00074888
122, 0.000550638
123, 0.000814159
124, 0.00102151
125, 0.000643722
126, 0.000528583
127, 0.00111829
128, 0.00122588
129, 0.000509987
130, 0.000498323
131, 0.0013802
132, 0.00133282
133, 0.000358501
134, 0.000515665
135, 0.00153193
136, 0.00123048
137, 0.000185787
138, 0.000626533
139, 0.00160744
140, 0.000958344
141, 5.30936e-05
142, 0.000882857
143, 0.00164674
144, 0.000631914
145, 7.18452e-05
146, 0.00127869
147, 0.00164555
148, 0.000345281
149, 0.000273199
150, 0.00171934
151, 0.00159375
152, 0.000147697
153, 0.000585554
154, 0.00208635
155, 0.00146486
156, 4.09262e-05
157, 0.000890189
158, 0.0022521
159, 0.00126731
160, 1.6448e-05
161, 0.00106587
162, 0.00214354
163, 0.0010409
164, 0.000103855
165, 0.00108502
166, 0.00175667
167, 0.000839602
168, 0.000361903
169, 0.00104886
170, 0.00121909
171, 0.000709066
172, 0.000808366
173, 0.00111307
174, 0.00073382
175, 0.000637635
176, 0.00134914
177, 0.0013695
178, 0.000455631
179, 0.000557788
180, 0.00177014
181, 0.00175381
182, 0.000433375
183, 0.000391315
184, 0.00183549
185, 0.00207316
186, 0.000635691
187, 0.000172225
188, 0.00146486
189, 0.00211102
190, 0.000971777
191, 6.23307e-05
192, 0.000822315
193, 0.00179106
194, 0.00131091
195, 0.000210244
196, 0.000233936
197, 0.00122891
198, 0.00152411
199, 0.000635906
200, 0


0, 0
1, 0.0312657
2, 0.0589091
3, 0.0246281
4, 0.000755336
5, 0.0367537
6, 0.0556969
7, 0.0178525
8, 0.00286252
9, 0.0402675
10, 0.0497333
11, 0.0118038
12, 0.00582422
13, 0.0413334
14, 0.0418744
15, 0.00709728
16, 0.00905442
17, 0.0399125
18, 0.0332515
19, 0.0039883
20, 0.0119456
21, 0.0364747
22, 0.0250074
23, 0.00243839
24, 0.013893
25, 0.0316293
26, 0.0179121
27, 0.00207877
28, 0.0146071
29, 0.0260552
30, 0.0124206
31, 0.00238304
32, 0.013991
33, 0.0202734
34, 0.00845367
35, 0.00302509
36, 0.0124329
37, 0.0149033
38, 0.00569853
39, 0.00364974
40, 0.0104888
41, 0.0104245
42, 0.00392515
43, 0.00397835
44, 0.00852307
45, 0.00706775
46, 0.00278
47, 0.00389256
48, 0.00670129
49, 0.00483878
50, 0.00205984
51, 0.00325738
52, 0.00491911
53, 0.00338828
54, 0.00170777
55, 0.00249186
56, 0.00334365
57, 0.00241313
58, 0.0015281
59, 0.00189694
60, 0.00217376
61, 0.00168587
62, 0.00137915
63, 0.0015081
64, 0.00144761
65, 0.00116876
66, 0.00114125
67, 0.00124523
68, 0.00109118
69, 0.000860535
70, 0.000844547
71, 0.000882072
72, 0.000818921
73, 0.000723418
74, 0.000632949
75, 0.000537864
76, 0.000502642
77, 0.000549066
78, 0.000505692
79, 0.000319608
80, 0.000231511
81, 0.00040619
82, 0.000608842
83, 0.000616435
84, 0.000412117
85, 0.00014886
86, 6.07724e-06
87, 5.01673e-05
88, 0.00023249
89, 0.000442536
90, 0.000559206
91, 0.00047164
92, 0.000212857
93, 2.25668e-05
94, 0.00014532
95, 0.000534237
96, 0.000823972
97, 0.000707162
98, 0.000310011
99, 5.00676e-05
100, 0.000184086
101, 0.000505643
102, 0.000646623
103, 0.000496782
104, 0.000286403
105, 0.000246551
106, 0.000364981
107, 0.00046804
108, 0.000488465
109, 0.000517582
110, 0.000557575
111, 0.000532525
112, 0.000470223
113, 0.000514642
114, 0.000633566
115, 0.000629456
116, 0.00048478
117, 0.000516932
118, 0.00088541
119, 0.00111902
120, 0.00077021
121, 0.000272196
122, 0.000478485
123, 0.00118202
124, 0.000964688
125, 0.000215397
126, 0.000613031
127, 0.00153633
128, 0.0011106
129, 0.000181362
130, 0.000799087
131, 0.00183017
132, 0.0011278
133, 0.000139978
134, 0.00104345
135, 0.00205036
136, 0.00102861
137, 0.000100467
138, 0.00130501
139, 0.00217219
140, 0.000852512
141, 9.2526e-05
142, 0.00152041
143, 0.00214715
144, 0.000628841
145, 0.000152105
146, 0.00170526
147, 0.0019777
148, 0.000379349
149, 0.000321595
150, 0.00192438
151, 0.0017546
152, 0.000170985
153, 0.000622778
154, 0.00222852
155, 0.00157735
156, 5.64282e-05
157, 0.00100557
158, 0.00255827
159, 0.00148136
160, 2.28626e-05
161, 0.00131476
162, 0.00277284
163, 0.00142445
164, 3.02704e-05
165, 0.00139938
166, 0.00270205
167, 0.00133689
168, 7.24008e-05
169, 0.00124649
170, 0.00229169
171, 0.00117631
172, 0.000195002
173, 0.0010087
174, 0.001663
175, 0.000936781
176, 0.000446758
177, 0.000918057
178, 0.00104702
179, 0.000643515
180, 0.000781659
181, 0.00109506
182, 0.000664348
183, 0.000343975
184, 0.0010264
185, 0.00143165
186, 0.000608912
187, 0.000102609
188, 0.000988165
189, 0.00164364
190, 0.000809472
191, 7.43898e-06
192, 0.000637788
193, 0.00150828
194, 0.00109231
195, 0.000140386
196, 0.000199194
197, 0.00105916
198, 0.00128213
199, 0.000525699
200, 0


0, 0
1, 0.0319636
2, 0.062391
3, 0.0289881
4, 0.000123702
5, 0.0339588
6, 0.0602251
7, 0.0252745
8, 0.000470486
9, 0.0347331
10, 0.0561499
11, 0.0211059
12, 0.000991751
13, 0.0342489
14, 0.0505989
15, 0.0169226
16, 0.00158689
17, 0.0324642
18, 0.0438916
19, 0.0129706
20, 0.002181
21, 0.0296371
22, 0.0365946
23, 0.00940714
24, 0.00273637
25, 0.0262283
26, 0.0295098
27, 0.0064922
28, 0.00318707
29, 0.0225283
30, 0.0230429
31, 0.00429106
32, 0.00346116
33, 0.0188397
34, 0.0175146
35, 0.00278207
36, 0.00340398
37, 0.0150441
38, 0.012833
39, 0.0018143
40, 0.00310955
41, 0.0112899
42, 0.00880551
43, 0.00118776
44, 0.00271056
45, 0.00803976
46, 0.00570678
47, 0.000823097
48, 0.00235621
49, 0.00560315
50, 0.00357904
51, 0.000612238
52, 0.00208969
53, 0.00405193
54, 0.002337
55, 0.000479072
56, 0.00169945
57, 0.00297045
58, 0.00170255
59, 0.000440682
60, 0.00125522
61, 0.00204761
62, 0.0012377
63, 0.000468911
64, 0.000892474
65, 0.00127798
66, 0.0008356
67, 0.000473166
68, 0.000650851
69, 0.000706997
70, 0.000470501
71, 0.000398071
72, 0.000483969
73, 0.000408477
74, 0.00024241
75, 0.000225985
76, 0.000281877
77, 0.000237877
78, 0.000150491
79, 0.000117461
80, 0.000108292
81, 0.000135689
82, 0.000194312
83, 0.000255292
84, 0.000278738
85, 0.000212695
86, 8.10549e-05
87, 9.77757e-06
88, 0.00012536
89, 0.000372272
90, 0.000534762
91, 0.000444242
92, 0.000177559
93, 3.1043e-06
94, 0.000107289
95, 0.000370383
96, 0.000509115
97, 0.000398976
98, 0.0002012
99, 0.00012814
100, 0.000211636
101, 0.000303846
102, 0.000335076
103, 0.000356803
104, 0.000368767
105, 0.000317596
106, 0.000238031
107, 0.000262069
108, 0.000383608
109, 0.000430245
110, 0.000308506
111, 0.00023609
112, 0.000460923
113, 0.000808315
114, 0.000777014
115, 0.000317285
116, 0.000140867
117, 0.000712115
118, 0.001414
119, 0.00128812
120, 0.000439014
121, 5.13905e-05
122, 0.000787239
123, 0.00131552
124, 0.000550552
125, 6.74174e-05
126, 0.00102078
127, 0.00156402
128, 0.00055451
129, 0.00011429
130, 0.00133281
131, 0.00180444
132, 0.00053014
133, 0.000186363
134, 0.00169115
135, 0.00206852
136, 0.000515314
137, 0.000267433
138, 0.00200755
139, 0.00226038
140, 0.000485373
141, 0.000338815
142, 0.00222424
143, 0.00232861
144, 0.000425073
145, 0.000405436
146, 0.00235727
147, 0.00229585
148, 0.000341949
149, 0.000487007
150, 0.00242517
151, 0.00218035
152, 0.00026192
153, 0.000604339
154, 0.00246822
155, 0.00200328
156, 0.000189614
157, 0.000770112
158, 0.00252831
159, 0.00183199
160, 0.000123587
161, 0.000948957
162, 0.00264689
163, 0.00174671
164, 7.8368e-05
165, 0.00106056
166, 0.00275928
167, 0.00177108
168, 7.01559e-05
169, 0.0010233
170, 0.00270402
171, 0.00180437
172, 0.000105726
173, 0.000815201
174, 0.00233525
175, 0.00167326
176, 0.000176042
177, 0.000541045
178, 0.00166719
179, 0.00127819
180, 0.000247643
181, 0.000365443
182, 0.000951527
183, 0.000726527
184, 0.000275068
185, 0.000400637
186, 0.000542395
187, 0.000275845
188, 0.000238168
189, 0.000623858
190, 0.000643675
191, 0.000153814
192, 0.00014644
193, 0.000874877
194, 0.00111908
195, 0.000376267
196, 4.52746e-05
197, 0.000941329
198, 0.00154576
199, 0.00072961
200, 0


0, 0
1, 0.0297775
2, 0.0599103
3, 0.0306533
4, 4.44434e-05
5, 0.0281298
6, 0.058281
7, 0.0306848
8, 0.000161022
9, 0.0258683
10, 0.0552174
11, 0.029944
12, 0.000336234
13, 0.0231044
14, 0.0507286
15, 0.0282881
16, 0.000507156
17, 0.020158
18, 0.0454027
19, 0.0259591
20, 0.000647286
21, 0.0171235
22, 0.0395268
23, 0.0230798
24, 0.000710148
25, 0.0141254
26, 0.0332781
27, 0.0197302
28, 0.000675132
29, 0.0114017
30, 0.0272184
31, 0.0162273
32, 0.000591029
33, 0.00896915
34, 0.0215085
35, 0.0127755
36, 0.000478653
37, 0.00688385
38, 0.0165301
39, 0.00988556
40, 0.000399169
41, 0.00510775
42, 0.0124029
43, 0.00750759
44, 0.000319359
45, 0.00353198
46, 0.00889645
47, 0.00550732
48, 0.000231546
49, 0.00232692
50, 0.00615153
51, 0.00386965
52, 0.000160153
53, 0.00155891
54, 0.00414293
55, 0.00251897
56, 9.45656e-05
57, 0.00120978
58, 0.0028652
59, 0.00157923
60, 4.63796e-05
61, 0.00096817
62, 0.00197772
63, 0.000992162
64, 2.66387e-05
65, 0.000636274
66, 0.00121652
67, 0.000598994
68, 2.34107e-05
69, 0.000318995
70, 0.000610104
71, 0.000325347
72, 3.60608e-05
73, 0.000115602
74, 0.000234302
75, 0.00014417
76, 4.22819e-05
77, 8.32458e-05
78, 0.000143692
79, 0.000103566
80, 4.9929e-05
81, 0.000117519
82, 0.000257382
83, 0.000328723
84, 0.000274449
85, 0.000166426
86, 9.29844e-05
87, 7.64181e-05
88, 0.000131131
89, 0.000233123
90, 0.00027741
91, 0.000197293
92, 6.5308e-05
93, 1.39581e-05
94, 6.8706e-05
95, 0.000139537
96, 0.000177362
97, 0.000200574
98, 0.000204634
99, 0.000158918
100, 9.81578e-05
101, 0.000130875
102, 0.000268003
103, 0.00034852
104, 0.000249096
105, 0.000133351
106, 0.000259752
107, 0.000554964
108, 0.000589414
109, 0.000247852
110, 3.48509e-05
111, 0.000394775
112, 0.00100616
113, 0.00109727
114, 0.000506558
115, 7.10344e-06
116, 0.000379097
117, 0.00128461
118, 0.00160347
119, 0.000865367
120, 4.44845e-05
121, 0.000401885
122, 0.00129453
123, 0.000960458
124, 5.53279e-05
125, 0.000445387
126, 0.00146211
127, 0.00113775
128, 8.8502e-05
129, 0.000469539
130, 0.00172478
131, 0.00141727
132, 0.000120138
133, 0.000552725
134, 0.00204611
135, 0.00163767
136, 0.000128246
137, 0.000652253
138, 0.0023383
139, 0.00184643
140, 0.000140346
141, 0.000743063
142, 0.00263802
143, 0.0020915
144, 0.000170637
145, 0.00078591
146, 0.00286364
147, 0.00232609
148, 0.000227208
149, 0.000734161
150, 0.00289675
151, 0.00247532
152, 0.000303844
153, 0.000614835
154, 0.00273931
155, 0.0024758
156, 0.00036912
157, 0.000504726
158, 0.00248596
159, 0.00235135
160, 0.000390739
161, 0.000452291
162, 0.00228882
163, 0.00218686
164, 0.00036473
165, 0.000446604
166, 0.00220538
167, 0.00208214
168, 0.000328756
169, 0.000425996
170, 0.00214168
171, 0.00205083
172, 0.0003465
173, 0.00032648
174, 0.00192055
175, 0.00199618
176, 0.000455686
177, 0.000163991
178, 0.00144576
179, 0.00179134
180, 0.000615028
181, 2.85652e-05
182, 0.000849065
183, 0.00141556
184, 0.000710944
185, 1.27497e-05
186, 0.00041797
187, 0.000980667
188, 0.000639312
189, 0.000138415
190, 0.000360581
191, 0.000644523
192, 0.000399995
193, 0.000322054
194, 0.000621911
195, 0.000491874
196, 0.000124008
197, 0.000445024
198, 0.000899512
199, 0.000470586
200, 0


0, 0
1, 0.0255415
2, 0.0530257
3, 0.0295989
4, 0.000417463
5, 0.0211486
6, 0.0512812
7, 0.0329422
8, 0.00161513
9, 0.0167368
10, 0.0478725
11, 0.0350293
12, 0.0033298
13, 0.0128052
14, 0.0433983
15, 0.0358731
16, 0.00529692
17, 0.00944983
18, 0.0379854
19, 0.0352113
20, 0.00712486
21, 0.0068253
22, 0.0322003
23, 0.0331962
24, 0.00856205
25, 0.00492115
26, 0.0263571
27, 0.0299676
28, 0.00944397
29, 0.00356154
30, 0.0205849
31, 0.0257992
32, 0.00959999
33, 0.00264314
34, 0.0155392
35, 0.0214153
36, 0.00916668
37, 0.00203651
38, 0.0112969
39, 0.0171338
40, 0.00829544
41, 0.00157431
42, 0.00805041
43, 0.0135187
44, 0.00726154
45, 0.00123584
46, 0.00563076
47, 0.0105007
48, 0.00614694
49, 0.00095112
50, 0.00379114
51, 0.00769292
52, 0.00473165
53, 0.000690233
54, 0.00243222
55, 0.00522641
56, 0.00326266
57, 0.000448238
58, 0.00144612
59, 0.00317577
60, 0.00197356
61, 0.000260571
62, 0.000843038
63, 0.00184508
64, 0.00115866
65, 0.000189022
66, 0.000483865
67, 0.0010984
68, 0.000818181
69, 0.000199058
70, 0.000209135
71, 0.000642871
72, 0.000670987
73, 0.000217825
74, 3.97572e-05
75, 0.000396987
76, 0.000551052
77, 0.000191765
78, 1.77036e-05
79, 0.00027173
80, 0.000341071
81, 0.000193248
82, 0.000111842
83, 0.000195998
84, 0.000229838
85, 0.00011327
86, 1.01733e-05
87, 2.5009e-05
88, 7.84928e-05
89, 9.4274e-05
90, 7.63476e-05
91, 5.74718e-05
92, 3.73923e-05
93, 1.52899e-05
94, 5.65474e-07
95, 3.0957e-05
96, 0.000118993
97, 0.000176879
98, 0.00011371
99, 2.54463e-05
100, 0.000100534
101, 0.000311885
102, 0.000366595
103, 0.00015804
104, 1.88805e-06
105, 0.000237106
106, 0.000715739
107, 0.000893228
108, 0.000500414
109, 4.28766e-05
110, 0.000238507
111, 0.000996978
112, 0.00140084
113, 0.000869882
114, 0.000107264
115, 0.00021813
116, 0.00111776
117, 0.0015884
118, 0.000991044
119, 0.000135356
120, 0.000196271
121, 0.00115763
122, 0.00129177
123, 0.000346348
124, 0.000128329
125, 0.00113812
126, 0.0015639
127, 0.000584961
128, 6.47028e-05
129, 0.00114958
130, 0.00185109
131, 0.000792912
132, 4.32608e-05
133, 0.00112761
134, 0.00202619
135, 0.00102837
136, 3.56176e-05
137, 0.00108656
138, 0.00233331
139, 0.00136398
140, 3.54622e-05
141, 0.00109936
142, 0.00266514
143, 0.00169919
144, 6.24118e-05
145, 0.00101989
146, 0.0028598
147, 0.00206688
148, 0.000146607
149, 0.000830635
150, 0.00290261
151, 0.00243523
152, 0.000305514
153, 0.000586867
154, 0.00275553
155, 0.00268414
156, 0.000518109
157, 0.000346813
158, 0.00241365
159, 0.00273088
160, 0.000713456
161, 0.000167773
162, 0.00195729
163, 0.00252803
164, 0.000809624
165, 6.6513e-05
166, 0.0014922
167, 0.00215736
168, 0.000805146
169, 1.94059e-05
170, 0.00110387
171, 0.00182464
172, 0.000827909
173, 1.04645e-05
174, 0.000822316
175, 0.00170121
176, 0.0010344
177, 5.89377e-05
178, 0.000615902
179, 0.00176646
180, 0.001405
181, 0.000172088
182, 0.000438648
183, 0.00180315
184, 0.00168395
185, 0.000287883
186, 0.000281524
187, 0.00157831
188, 0.00156442
189, 0.000299849
190, 0.000164034
191, 0.00105996
192, 0.000992206
193, 0.000167877
194, 9.50888e-05
195, 0.000463254
196, 0.000306486
197, 1.84805e-05
198, 6.70832e-05
199, 7.66741e-05
200, 0


0, 0
1, 0.0205152
2, 0.0437831
3, 0.0265073
4, 0.000991344
5, 0.0145877
6, 0.0415326
7, 0.0316365
8, 0.00371214
9, 0.00958957
10, 0.0375556
11, 0.0353497
12, 0.00766215
13, 0.00592694
14, 0.032207
15, 0.0369456
16, 0.0119727
17, 0.00392722
18, 0.0263654
19, 0.0363915
20, 0.0159783
21, 0.00342926
22, 0.0204751
23, 0.0338172
24, 0.0190062
25, 0.00407712
26, 0.0152875
27, 0.0298369
28, 0.0205896
29, 0.00537555
30, 0.0111796
31, 0.0251684
32, 0.0208904
33, 0.0067581
34, 0.0080267
35, 0.0202647
36, 0.019801
37, 0.00771786
38, 0.00578822
39, 0.0157424
40, 0.0177684
41, 0.00803065
42, 0.00427553
43, 0.0117779
44, 0.0149315
45, 0.00762176
46, 0.00333759
47, 0.00854574
48, 0.0118135
49, 0.00672612
50, 0.0028349
51, 0.00613357
52, 0.00890105
53, 0.00563839
54, 0.00245575
55, 0.00421918
56, 0.00627563
57, 0.00444337
58, 0.00208587
59, 0.00267647
60, 0.00406106
61, 0.00334338
62, 0.00169895
63, 0.00144814
64, 0.00232688
65, 0.00240937
66, 0.00126839
67, 0.000608269
68, 0.00134582
69, 0.00181489
70, 0.000876616
71, 0.000237015
72, 0.00101284
73, 0.00139711
74, 0.00051697
75, 0.000152632
76, 0.000827619
77, 0.000909393
78, 0.000250503
79, 0.000155906
80, 0.000499173
81, 0.000593975
82, 0.000351612
83, 0.000109861
84, 2.59998e-05
85, 3.59665e-05
86, 7.4685e-05
87, 7.03133e-05
88, 1.58226e-05
89, 2.25016e-05
90, 0.000118775
91, 0.000148031
92, 4.75063e-05
93, 5.55785e-06
94, 0.00010783
95, 0.000184675
96, 0.000124529
97, 3.4863e-05
98, 4.95633e-05
99, 0.000190166
100, 0.000390008
101, 0.000493343
102, 0.000344907
103, 0.000116977
104, 0.000252978
105, 0.000778544
106, 0.0010829
107, 0.000733967
108, 0.000171552
109, 0.000190966
110, 0.000827254
111, 0.00126193
112, 0.000922493
113, 0.000236573
114, 0.00011805
115, 0.000805202
116, 0.00144553
117, 0.00117131
118, 0.000320348
119, 8.14975e-05
120, 0.000879885
121, 0.00171481
122, 0.00092424
123, 4.49827e-05
124, 0.000798078
125, 0.0017534
126, 0.00113167
127, 0.000117881
128, 0.000600649
129, 0.00172845
130, 0.00144923
131, 0.000283807
132, 0.000389166
133, 0.00166234
134, 0.00184276
135, 0.000568893
136, 0.000206196
137, 0.00157356
138, 0.00219286
139, 0.00088646
140, 0.000103893
141, 0.00133648
142, 0.00233657
143, 0.00127467
144, 7.21149e-05
145, 0.0010209
146, 0.00249254
147, 0.00174481
148, 0.000130905
149, 0.000762688
150, 0.00256638
151, 0.00216254
152, 0.000292381
153, 0.000482086
154, 0.00240678
155, 0.00247579
156, 0.000567646
157, 0.000217112
158, 0.00201043
159, 0.00257581
160, 0.000899584
161, 5.88633e-05
162, 0.00141976
163, 0.00236302
164, 0.00120498
165, 6.12736e-05
166, 0.000807944
167, 0.00194439
168, 0.00143966
169, 0.000202742
170, 0.000366713
171, 0.00156351
172, 0.00160357
173, 0.000379785
174, 0.000158929
175, 0.00138741
176, 0.00172846
177, 0.00048928
178, 0.000111872
179, 0.00139582
180, 0.00179825
181, 0.000499922
182, 0.00012792
183, 0.00140603
184, 0.00170185
185, 0.000455308
186, 0.000190733
187, 0.00124766
188, 0.00133816
189, 0.00040765
190, 0.00034813
191, 0.000932042
192, 0.000764047
193, 0.000371403
194, 0.000581886
195, 0.000612818
196, 0.000222677
197, 0.000359954
198, 0.00076199
199, 0.000420463
200, 0


0, 0
1, 0.0156238
2, 0.0342069
3, 0.022182
4, 0.001449
5, 0.00949024
6, 0.0315891
7, 0.0278544
8, 0.00543183
9, 0.00495075
10, 0.026821
11, 0.031316
12, 0.0109376
13, 0.00283995
14, 0.0210412
15, 0.0322374
16, 0.0168258
17, 0.00323514
18, 0.0153755
19, 0.0305115
20, 0.0216939
21, 0.005704
22, 0.0109405
23, 0.0268859
24, 0.024817
25, 0.009289
26, 0.0081763
27, 0.0223632
28, 0.0258505
29, 0.012915
30, 0.00696444
31, 0.0177345
32, 0.0249598
33, 0.0156989
34, 0.00697529
35, 0.0137934
36, 0.0225841
37, 0.0171028
38, 0.00760244
39, 0.010608
40, 0.0190523
41, 0.0167967
42, 0.00827658
43, 0.00839334
44, 0.015118
45, 0.0151071
46, 0.00854038
47, 0.00694145
48, 0.0114358
49, 0.0125186
50, 0.00818928
51, 0.00592085
52, 0.00831508
53, 0.00980509
54, 0.00753085
55, 0.00521245
56, 0.00583855
57, 0.00745567
58, 0.00687978
59, 0.00456003
60, 0.00385172
61, 0.00553155
62, 0.00605647
63, 0.00376423
64, 0.00243591
65, 0.00411667
66, 0.00485019
67, 0.00270423
68, 0.00155244
69, 0.00290734
70, 0.00321549
71, 0.00161411
72, 0.0010756
73, 0.00180975
74, 0.00172021
75, 0.000997936
76, 0.000829832
77, 0.000934784
78, 0.000953743
79, 0.000887523
80, 0.000544795
81, 0.000477039
82, 0.000800174
83, 0.00102731
84, 0.00069578
85, 0.00022795
86, 0.000287229
87, 0.000569279
88, 0.000430676
89, 6.94947e-05
90, 6.37934e-05
91, 0.000260788
92, 0.000190149
93, 5.83542e-05
94, 0.000249372
95, 0.00045677
96, 0.000296875
97, 0.000130813
98, 0.000418929
99, 0.000820416
100, 0.000754113
101, 0.000382399
102, 0.000255741
103, 0.000462145
104, 0.000710814
105, 0.00077864
106, 0.000604214
107, 0.000303672
108, 0.000218061
109, 0.000593876
110, 0.00105934
111, 0.000953113
112, 0.000358455
113, 0.000121538
114, 0.000657409
115, 0.00131866
116, 0.00122864
117, 0.000497575
118, 0.000100074
119, 0.000601805
120, 0.0014242
121, 0.00155018
122, 0.000435616
123, 0.000225942
124, 0.00143301
125, 0.00184228
126, 0.000670046
127, 0.000139014
128, 0.00131549
129, 0.00206434
130, 0.000995407
131, 0.000106064
132, 0.00102098
133, 0.00204838
134, 0.00137135
135, 0.000218354
136, 0.000592886
137, 0.00183267
138, 0.00177119
139, 0.000512406
140, 0.000252691
141, 0.00147771
142, 0.00206688
143, 0.000941345
144, 8.51615e-05
145, 0.0011027
146, 0.00217475
147, 0.00131648
148, 9.01291e-05
149, 0.000683309
150, 0.00196662
151, 0.00162453
152, 0.000254853
153, 0.000283713
154, 0.00164827
155, 0.00189415
156, 0.000589031
157, 6.97299e-05
158, 0.00122152
159, 0.00199329
160, 0.00107567
161, 7.53963e-05
162, 0.000722904
163, 0.00194828
164, 0.00165754
165, 0.000329858
166, 0.000332934
167, 0.00179505
168, 0.0021359
169, 0.000688376
170, 0.000113667
171, 0.00153846
172, 0.00227856
173, 0.000908328
174, 3.59567e-05
175, 0.00123006
176, 0.00200883
177, 0.000842316
178, 3.75069e-05
179, 0.00094361
180, 0.00146385
181, 0.000569243
182, 0.000125024
183, 0.000751157
184, 0.00088188
185, 0.000361008
186, 0.000409633
187, 0.000700795
188, 0.000439699
189, 0.000427081
190, 0.0009641
191, 0.000800029
192, 0.000174521
193, 0.00072058
194, 0.00164579
195, 0.000979819
196, 4.08976e-05
197, 0.00100767
198, 0.00212328
199, 0.00109617
200, 0


0, 0
1, 0.0114318
2, 0.0255705
3, 0.0175425
4, 0.00167357
5, 0.0058294
6, 0.0225121
7, 0.0225386
8, 0.00626706
9, 0.00246059
10, 0.0175539
11, 0.0250649
12, 0.0123684
13, 0.00222276
14, 0.0121628
15, 0.0245601
16, 0.0182425
17, 0.00500821
18, 0.00808846
19, 0.0217785
20, 0.0224427
21, 0.00967766
22, 0.00618398
23, 0.0178475
24, 0.0242723
25, 0.0147217
26, 0.00652966
27, 0.0140291
28, 0.0237268
29, 0.0188044
30, 0.00858019
31, 0.0111574
32, 0.0213381
33, 0.0209031
34, 0.0112665
35, 0.00965934
36, 0.0179667
37, 0.0208119
38, 0.0136381
39, 0.00954952
40, 0.0147918
41, 0.0189795
42, 0.0148837
43, 0.0101596
44, 0.0122299
45, 0.0161154
46, 0.0147747
47, 0.0108375
48, 0.0103147
49, 0.0129084
50, 0.0137594
51, 0.0112052
52, 0.00874948
53, 0.00982413
54, 0.0121712
55, 0.010919
56, 0.00728197
57, 0.00732411
58, 0.0103809
59, 0.00982747
60, 0.00605046
61, 0.0057897
62, 0.008505
63, 0.00796428
64, 0.00502643
65, 0.00489971
66, 0.00642409
67, 0.00585641
68, 0.00435127
69, 0.00411638
70, 0.00430343
71, 0.00421978
72, 0.00391595
73, 0.00301095
74, 0.00247601
75, 0.00321965
76, 0.0031788
77, 0.00163279
78, 0.00146262
79, 0.00265687
80, 0.00201056
81, 0.000910776
82, 0.000945308
83, 0.00164776
84, 0.00138278
85, 0.000519308
86, 0.00070217
87, 0.00156999
88, 0.00135074
89, 0.00029371
90, 0.000311695
91, 0.00138713
92, 0.001559
93, 0.000525702
94, 5.14482e-05
95, 0.000703997
96, 0.00109804
97, 0.000610632
98, 0.000278934
99, 0.000632722
100, 0.000808623
101, 0.000399241
102, 0.000230738
103, 0.000673944
104, 0.000963326
105, 0.000611635
106, 0.000212577
107, 0.000370425
108, 0.000785219
109, 0.000901961
110, 0.000694802
111, 0.000421183
112, 0.000307218
113, 0.000536414
114, 0.00100223
115, 0.00118599
116, 0.000760563
117, 0.000227891
118, 0.000418788
119, 0.00124484
120, 0.00167601
121, 0.00116366
122, 0.000203182
123, 0.000647061
124, 0.00174856
125, 0.00149639
126, 0.000346654
127, 0.000411889
128, 0.0016351
129, 0.00185505
130, 0.000640815
131, 0.00019049
132, 0.0013789
133, 0.0020915
134, 0.00103084
135, 0.000101912
136, 0.000966029
137, 0.00205873
138, 0.00141541
139, 0.000194973
140, 0.000505269
141, 0.00166698
142, 0.00162461
143, 0.000479932
144, 0.000134998
145, 0.00106683
146, 0.00162203
147, 0.00084859
148, 3.97837e-05
149, 0.00048042
150, 0.0013708
151, 0.00120438
152, 0.000255254
153, 0.00010782
154, 0.00101631
155, 0.00145569
156, 0.000690154
157, 3.84916e-06
158, 0.000620021
159, 0.0016111
160, 0.00130199
161, 0.000172832
162, 0.00034084
163, 0.00175663
164, 0.00190755
165, 0.000470922
166, 0.000185382
167, 0.0016926
168, 0.00215107
169, 0.000707566
170, 0.000113729
171, 0.00138853
172, 0.0019528
173, 0.000780687
174, 0.000187262
175, 0.00105581
176, 0.00140442
177, 0.000651905
178, 0.000421907
179, 0.000867176
180, 0.000767216
181, 0.00045024
182, 0.0007785
183, 0.000897249
184, 0.000310604
185, 0.000374237
186, 0.00122435
187, 0.0010601
188, 9.85638e-05
189, 0.000522543
190, 0.00172186
191, 0.00122304
192, 3.25908e-05
193, 0.000826951
194, 0.00218952
195, 0.00131269
196, 9.11113e-06
197, 0.00112395
198, 0.00248277
199, 0.00129255
200, 0


0, 0
1, 0.00782526
2, 0.0179259
3, 0.0131547
4, 0.00178249
5, 0.00327276
6, 0.0150363
7, 0.0171495
8, 0.00639508
9, 0.00133121
10, 0.0105819
11, 0.0184825
12, 0.0120885
13, 0.0027319
14, 0.00647188
15, 0.0170655
16, 0.0169016
17, 0.00680885
18, 0.00440409
19, 0.0140147
20, 0.019502
21, 0.0120249
22, 0.00498985
23, 0.0107599
24, 0.0195092
25, 0.0166037
26, 0.00782422
27, 0.00868575
28, 0.0174897
29, 0.0191986
30, 0.0116653
31, 0.00853614
32, 0.0148885
33, 0.0194714
34, 0.0150796
35, 0.0101463
36, 0.0129017
37, 0.0179139
38, 0.0168885
39, 0.0124644
40, 0.0120375
41, 0.0155346
42, 0.0171361
43, 0.0146959
44, 0.0120908
45, 0.0131515
46, 0.0162728
47, 0.0162312
48, 0.0124328
49, 0.011106
50, 0.014763
51, 0.0164972
52, 0.0124707
53, 0.00975042
54, 0.0130114
55, 0.0152352
56, 0.0118068
57, 0.00913126
58, 0.0111721
59, 0.0125525
60, 0.0104513
61, 0.00882493
62, 0.00925851
63, 0.00951852
64, 0.00920948
65, 0.0084908
66, 0.00719806
67, 0.00714946
68, 0.00849046
69, 0.00759569
70, 0.00510755
71, 0.00581377
72, 0.00779869
73, 0.00588122
74, 0.00353914
75, 0.00542104
76, 0.00655024
77, 0.00362821
78, 0.0028162
79, 0.00530611
80, 0.00447134
81, 0.00229851
82, 0.00226001
83, 0.00390142
84, 0.00354793
85, 0.00122765
86, 0.000753179
87, 0.00269099
88, 0.00327674
89, 0.00125274
90, 0.000137508
91, 0.00174997
92, 0.00306244
93, 0.00172055
94, 9.50878e-05
95, 0.000798251
96, 0.00221367
97, 0.0017441
98, 0.000282569
99, 0.000193196
100, 0.00115434
101, 0.00119986
102, 0.000401898
103, 0.000269471
104, 0.000823903
105, 0.000849991
106, 0.000350527
107, 0.000408576
108, 0.00103056
109, 0.00111237
110, 0.000512936
111, 0.000246832
112, 0.000727034
113, 0.00121621
114, 0.00109967
115, 0.00066024
116, 0.000444411
117, 0.000573799
118, 0.00094818
119, 0.00136084
120, 0.00138902
121, 0.000880204
122, 0.000273993
123, 0.000844756
124, 0.00169102
125, 0.0012078
126, 0.00024396
127, 0.000643145
128, 0.00171748
129, 0.00150581
130, 0.000375008
131, 0.000354296
132, 0.00148161
133, 0.0017233
134, 0.000637492
135, 0.000119277
136, 0.00103341
137, 0.00174556
138, 0.000987715
139, 6.00837e-05
140, 0.000519217
141, 0.00147253
142, 0.00125439
143, 0.000260686
144, 0.000104643
145, 0.000936824
146, 0.00133424
147, 0.000662995
148, 1.67614e-05
149, 0.000380243
150, 0.00116124
151, 0.00112641
152, 0.000320285
153, 6.66384e-05
154, 0.000894392
155, 0.00149178
156, 0.000821071
157, 3.15026e-05
158, 0.000607025
159, 0.0016249
160, 0.00123287
161, 0.000119561
162, 0.000373514
163, 0.00147325
164, 0.00129975
165, 0.000215822
166, 0.000208969
167, 0.00110981
168, 0.00112909
169, 0.000339429
170, 0.000311322
171, 0.000902684
172, 0.000827037
173, 0.00047285
174, 0.000757145
175, 0.000918451
176, 0.000457395
177, 0.000569587
178, 0.00136908
179, 0.00118676
180, 0.000224751
181, 0.000622932
182, 0.00194237
183, 0.00157958
184, 0.000153202
185, 0.000636996
186, 0.00226076
187, 0.0018041
188, 0.000148536
189, 0.000646713
190, 0.00229219
191, 0.00173165
192, 0.000116595
193, 0.000705413
194, 0.00217895
195, 0.00143931
196, 4.16845e-05
197, 0.000850025
198, 0.00207662
199, 0.00110379
200, 0


0, 0
1, 0.00505428
2, 0.0119168
3, 0.00936315
4, 0.00169112
5, 0.00164288
6, 0.00944575
7, 0.0124426
8, 0.00592916
9, 0.000882669
10, 0.00591675
11, 0.0129587
12, 0.010634
13, 0.00315308
14, 0.00336506
15, 0.0112714
16, 0.0139647
17, 0.00740754
18, 0.00306734
19, 0.00848572
20, 0.0147123
21, 0.0117863
22, 0.00529502
23, 0.00652617
24, 0.0133876
25, 0.0146584
26, 0.00907643
27, 0.006659
28, 0.0114023
29, 0.0153345
30, 0.0126948
31, 0.00884757
32, 0.0102415
33, 0.0142718
34, 0.0149103
35, 0.0120721
36, 0.0105879
37, 0.0127422
38, 0.0156827
39, 0.0152635
40, 0.0120602
41, 0.0114627
42, 0.0153053
43, 0.01738
44, 0.0138078
45, 0.0109499
46, 0.0143957
47, 0.0178956
48, 0.0149951
49, 0.0113903
50, 0.0135753
51, 0.0167029
52, 0.0150651
53, 0.0124302
54, 0.0130548
55, 0.0143863
56, 0.0141906
57, 0.0134989
58, 0.0125122
59, 0.0119156
60, 0.0132905
61, 0.0140171
62, 0.0112857
63, 0.00973743
64, 0.0126005
65, 0.0133446
66, 0.0092149
67, 0.00827773
68, 0.0120331
69, 0.0113647
70, 0.00688103
71, 0.00795739
72, 0.01134
73, 0.00829962
74, 0.00502148
75, 0.00857452
76, 0.0100561
77, 0.0050034
78, 0.00435321
79, 0.00931339
80, 0.00798343
81, 0.00381524
82, 0.00347591
83, 0.00718127
84, 0.0081132
85, 0.00415481
86, 0.00140933
87, 0.00363127
88, 0.00608558
89, 0.00409712
90, 0.000890683
91, 0.00137769
92, 0.00375268
93, 0.00328426
94, 0.000769373
95, 0.000604415
96, 0.0027162
97, 0.00305722
98, 0.000983518
99, 0.000169906
100, 0.00186549
101, 0.00290493
102, 0.00147848
103, 3.48601e-05
104, 0.000706675
105, 0.00187549
106, 0.00144294
107, 0.000327996
108, 0.000396731
109, 0.00116493
110, 0.0010873
111, 0.000447668
112, 0.00058065
113, 0.0013482
114, 0.00143383
115, 0.000679715
116, 0.000357144
117, 0.0010151
118, 0.00169374
119, 0.0015269
120, 0.000874009
121, 0.000547341
122, 0.000603214
123, 0.000920164
124, 0.0011154
125, 0.000797479
126, 0.000342678
127, 0.000630292
128, 0.00129107
129, 0.00107194
130, 0.000261221
131, 0.000327916
132, 0.00118378
133, 0.00125295
134, 0.000376433
135, 7.79582e-05
136, 0.000794191
137, 0.00124827
138, 0.000687032
139, 3.35476e-05
140, 0.000336459
141, 0.00110445
142, 0.00110966
143, 0.000328663
144, 4.75398e-05
145, 0.000838306
146, 0.00148531
147, 0.000869208
148, 3.89518e-05
149, 0.000525564
150, 0.00155316
151, 0.00131332
152, 0.000230622
153, 0.000227768
154, 0.00124999
155, 0.00139655
156, 0.000428925
157, 4.0649e-05
158, 0.000731597
159, 0.00111376
160, 0.000508588
161, 1.02951e-05
162, 0.000380011
163, 0.000730401
164, 0.000406156
165, 0.000146115
166, 0.000403753
167, 0.000484507
168, 0.000230859
169, 0.000423295
170, 0.000824638
171, 0.000502036
172, 7.57377e-05
173, 0.000705854
174, 0.00144201
175, 0.000824031
176, 1.28679e-05
177, 0.000916509
178, 0.00216747
179, 0.00134706
180, 2.33435e-05
181, 0.00103163
182, 0.00263856
183, 0.00171741
184, 5.78781e-05
185, 0.000962502
186, 0.00267984
187, 0.00183644
188, 9.15043e-05
189, 0.000839323
190, 0.00247892
191, 0.00169113
192, 7.89936e-05
193, 0.000792882
194, 0.00220015
195, 0.00136886
196, 2.84167e-05
197, 0.000857793
198, 0.00201159
199, 0.00105527
200, 0


0, 0
1, 0.00330051
2, 0.0079785
3, 0.0066029
4, 0.00140874
5, 0.000800619
6, 0.00595995
7, 0.00875616
8, 0.00478757
9, 0.00066425
10, 0.00332408
11, 0.00869797
12, 0.00825452
13, 0.00303536
14, 0.001858
15, 0.00685746
16, 0.0100288
17, 0.00662833
18, 0.00273847
19, 0.00495618
20, 0.00973062
21, 0.00963583
22, 0.00560738
23, 0.00467998
24, 0.0082875
25, 0.0107383
26, 0.00894315
27, 0.00648465
28, 0.00730388
29, 0.0101917
30, 0.011412
31, 0.00969122
32, 0.00782507
33, 0.00920803
34, 0.0126227
35, 0.0129902
36, 0.00963829
37, 0.00868534
38, 0.0127245
39, 0.0152136
40, 0.0119731
41, 0.00935387
42, 0.0124731
43, 0.0157624
44, 0.0138272
45, 0.0111806
46, 0.0125465
47, 0.0147769
48, 0.0145315
49, 0.013549
50, 0.0131915
51, 0.0132557
52, 0.0145188
53, 0.0156929
54, 0.0138465
55, 0.0119487
56, 0.0145356
57, 0.0170019
58, 0.0136705
59, 0.0109279
60, 0.0148101
61, 0.0171661
62, 0.0123994
63, 0.0104622
64, 0.0154555
65, 0.0159794
66, 0.0102128
67, 0.0107275
68, 0.0160805
69, 0.0134166
70, 0.00771725
71, 0.0114901
72, 0.0160915
73, 0.0102034
74, 0.00588956
75, 0.0124506
76, 0.014957
77, 0.00695028
78, 0.00528027
79, 0.0130507
80, 0.0124711
81, 0.00646341
82, 0.00425123
83, 0.00865469
84, 0.0115369
85, 0.00772421
86, 0.00333353
87, 0.00500036
88, 0.00883785
89, 0.00765217
90, 0.00313162
91, 0.00244436
92, 0.00575932
93, 0.00650558
94, 0.00295529
95, 0.000807873
96, 0.00299967
97, 0.00496596
98, 0.00296023
99, 0.000372092
100, 0.00137711
101, 0.00382608
102, 0.00329046
103, 0.000707861
104, 0.000422989
105, 0.00269607
106, 0.00356238
107, 0.00160711
108, 1.26087e-05
109, 0.00104158
110, 0.00259518
111, 0.00208802
112, 0.000544896
113, 0.000404391
114, 0.00145957
115, 0.00166695
116, 0.000792254
117, 0.000533447
118, 0.00134142
119, 0.00172927
120, 0.000979787
121, 0.000272498
122, 0.000590136
123, 0.00112533
124, 0.000778552
125, 0.000265504
126, 0.000380029
127, 0.000688177
128, 0.000668424
129, 0.000412158
130, 0.000209885
131, 0.000265594
132, 0.00057239
133, 0.000720816
134, 0.000381857
135, 6.66995e-05
136, 0.00045674
137, 0.00105516
138, 0.000834615
139, 0.000132298
140, 0.000298996
141, 0.00122115
142, 0.00129286
143, 0.000361789
144, 0.000141583
145, 0.0010768
146, 0.00149945
147, 0.000636945
148, 3.0639e-05
149, 0.000721238
150, 0.00137144
151, 0.000779182
152, 2.52566e-05
153, 0.000366512
154, 0.000989042
155, 0.000686113
156, 0.000108687
157, 0.000251985
158, 0.000576524
159, 0.000378636
160, 0.000193448
161, 0.000424304
162, 0.000446735
163, 0.000115988
164, 0.000215137
165, 0.000747153
166, 0.000717771
167, 0.000116414
168, 0.000182023
169, 0.0010885
170, 0.00128151
171, 0.000361504
172, 0.000136641
173, 0.0013033
174, 0.00182865
175, 0.000683453
176, 7.80852e-05
177, 0.00136438
178, 0.00217274
179, 0.000915547
180, 2.83524e-05
181, 0.00124503
182, 0.00224415
183, 0.00109536
184, 1.66236e-07
185, 0.00113075
186, 0.0023226
187, 0.00121301
188, 1.51681e-05
189, 0.00117386
190, 0.00236646
191, 0.00119292
192, 2.45899e-05
193, 0.00122176
194, 0.00239189
195, 0.00119123
196, 1.08707e-05
197, 0.00124773
198, 0.00246927
199, 0.00123573
200, 0


0, 0
1, 0.00236982
2, 0.00569768
3, 0.00471118
4, 0.00102564
5, 0.000514332
6, 0.00398511
7, 0.00596117
8, 0.00342236
9, 0.000534247
10, 0.00191938
11, 0.00540327
12, 0.00561241
13, 0.00251775
14, 0.00126914
15, 0.00386316
16, 0.00623797
17, 0.00506172
18, 0.00270703
19, 0.00299155
20, 0.00544438
21, 0.00665133
22, 0.00546044
23, 0.0039684
24, 0.00454129
25, 0.00687017
26, 0.00809137
27, 0.00648266
28, 0.00469894
29, 0.0063982
30, 0.00967711
31, 0.00933637
32, 0.00613737
33, 0.0062181
34, 0.0100188
35, 0.0112689
36, 0.00837681
37, 0.00717173
38, 0.00981272
39, 0.0116429
40, 0.0104911
41, 0.00946421
42, 0.0100506
43, 0.010964
44, 0.0119247
45, 0.0124351
46, 0.0111143
47, 0.0102898
48, 0.0128961
49, 0.0150385
50, 0.0123005
51, 0.010054
52, 0.0138391
53, 0.0167662
54, 0.0127346
55, 0.0102112
56, 0.0151378
57, 0.017483
58, 0.0121753
59, 0.0108821
60, 0.0169011
61, 0.0171403
62, 0.0107191
63, 0.0119349
64, 0.0188032
65, 0.0160525
66, 0.00891143
67, 0.0132042
68, 0.0203024
69, 0.0144666
70, 0.00749989
71, 0.0144156
72, 0.0205017
73, 0.0121842
74, 0.00663979
75, 0.0153246
76, 0.019074
77, 0.00929346
78, 0.00642714
79, 0.0157763
80, 0.0163308
81, 0.00987751
82, 0.00631279
83, 0.0103692
84, 0.0140794
85, 0.0105619
86, 0.00528086
87, 0.00649962
88, 0.0114011
89, 0.0111091
90, 0.00565127
91, 0.00365218
92, 0.00780951
93, 0.0105832
94, 0.00695142
95, 0.00245044
96, 0.00367346
97, 0.00763025
98, 0.00715991
99, 0.00269311
100, 0.00102226
101, 0.00398747
102, 0.00597019
103, 0.00338674
104, 0.000369811
105, 0.00158978
106, 0.00464572
107, 0.0043265
108, 0.00115937
109, 0.000249479
110, 0.00283746
111, 0.0045034
112, 0.00260882
113, 0.000199269
114, 0.000661187
115, 0.00254384
116, 0.00258768
117, 0.000900169
118, 6.23296e-05
119, 0.000737133
120, 0.0012823
121, 0.00078271
122, 6.65534e-05
123, 0.000486365
124, 0.000934619
125, 0.000444163
126, 6.22795e-05
127, 0.000540149
128, 0.000904855
129, 0.000464224
130, 9.96577e-05
131, 0.000498447
132, 0.000891546
133, 0.00063349
134, 0.000285742
135, 0.000377787
136, 0.000695031
137, 0.000840884
138, 0.000620002
139, 0.000273793
140, 0.000405166
141, 0.000944435
142, 0.000894743
143, 0.000214171
144, 0.000169643
145, 0.0008334
146, 0.000866238
147, 0.000191557
148, 7.51857e-05
149, 0.000565676
150, 0.000584231
151, 0.000175685
152, 0.000182894
153, 0.000414053
154, 0.000276384
155, 0.000148008
156, 0.000484735
157, 0.00064469
158, 0.000205839
159, 8.68983e-05
160, 0.000809283
161, 0.00118486
162, 0.000449844
163, 3.40379e-05
164, 0.000964142
165, 0.00166656
166, 0.000846943
167, 5.01252e-05
168, 0.000838812
169, 0.00182081
170, 0.00120541
171, 0.000148187
172, 0.000570994
173, 0.0016467
174, 0.00141245
175, 0.000286157
176, 0.000305342
177, 0.00142499
178, 0.0015297
179, 0.000378535
180, 0.000162012
181, 0.00131167
182, 0.00160654
183, 0.000440777
184, 0.000118809
185, 0.00137057
186, 0.00176272
187, 0.000505967
188, 0.00011158
189, 0.00147322
190, 0.00203999
191, 0.000699616
192, 6.74119e-05
193, 0.00158576
194, 0.00250655
195, 0.00102587
196, 2.45915e-05
197, 0.0015893
198, 0.00280643
199, 0.00134537
200, 0


0, 0
1, 0.00160419
2, 0.00386088
3, 0.00322981
4, 0.00076043
5, 0.000365166
6, 0.0025828
7, 0.00389115
8, 0.00239448
9, 0.000589703
10, 0.00120267
11, 0.00310263
12, 0.00349307
13, 0.00211552
14, 0.00116609
15, 0.00192773
16, 0.00340947
17, 0.00383582
18, 0.00276811
19, 0.00175792
20, 0.00264408
21, 0.00470761
22, 0.00501409
23, 0.00305362
24, 0.00232488
25, 0.00469581
26, 0.00663979
27, 0.00511233
28, 0.00312323
29, 0.00453271
30, 0.00708559
31, 0.00682153
32, 0.0050603
33, 0.0052016
34, 0.00670068
35, 0.00741772
36, 0.00742998
37, 0.00721444
38, 0.00668223
39, 0.00729031
40, 0.00947499
41, 0.00988851
42, 0.00744033
43, 0.00715513
44, 0.0109222
45, 0.0121699
46, 0.00840788
47, 0.00757655
48, 0.0124101
49, 0.013729
50, 0.00903901
51, 0.00864452
52, 0.0142822
53, 0.014559
54, 0.00908554
55, 0.0101791
56, 0.0165794
57, 0.0148917
58, 0.00853511
59, 0.0118587
60, 0.0191261
61, 0.0150727
62, 0.0078812
63, 0.0134183
64, 0.0212163
65, 0.0149836
66, 0.00745262
67, 0.0147572
68, 0.0221473
69, 0.0140934
70, 0.00732217
71, 0.0160768
72, 0.0219749
73, 0.0125072
74, 0.00752264
75, 0.0173132
76, 0.0208012
77, 0.0104014
78, 0.00802589
79, 0.0181675
80, 0.0185896
81, 0.0119626
82, 0.00855436
83, 0.013258
84, 0.0177316
85, 0.0140462
86, 0.00743885
87, 0.00775362
88, 0.013659
89, 0.0149779
90, 0.00907127
91, 0.00476017
92, 0.00822385
93, 0.0132392
94, 0.0113707
95, 0.00520112
96, 0.00401353
97, 0.00911575
98, 0.0119297
99, 0.00759644
100, 0.00244972
101, 0.0038748
102, 0.00880003
103, 0.00885322
104, 0.00364408
105, 0.000868826
106, 0.00386934
107, 0.00684816
108, 0.00475171
109, 0.000938186
110, 0.000987591
111, 0.0039333
112, 0.00467639
113, 0.00222498
114, 0.000368415
115, 0.00136298
116, 0.00319685
117, 0.0031514
118, 0.00139786
119, 0.000186546
120, 0.000810711
121, 0.00210985
122, 0.00141749
123, 7.22439e-05
124, 0.00061149
125, 0.00164331
126, 0.000930436
127, 5.25637e-05
128, 0.000787315
129, 0.00133951
130, 0.000498977
131, 0.000213885
132, 0.00107339
133, 0.00108499
134, 0.000231504
135, 0.000324038
136, 0.000979071
137, 0.000735537
138, 0.000118796
139, 0.000207078
140, 0.000504452
141, 0.000351771
142, 7.62972e-05
143, 2.76039e-05
144, 0.000115523
145, 0.00014001
146, 4.43638e-05
147, 4.34859e-05
148, 0.000216037
149, 0.000195999
150, 1.208e-05
151, 0.000279931
152, 0.000740812
153, 0.000482017
154, 4.95396e-06
155, 0.000512816
156, 0.001322
157, 0.000914808
158, 7.23415e-05
159, 0.000551582
160, 0.00163157
161, 0.00136947
162, 0.000248409
163, 0.000381184
164, 0.00161182
165, 0.00170789
166, 0.000484743
167, 0.000179086
168, 0.00134457
169, 0.00180516
170, 0.000684881
171, 5.90709e-05
172, 0.00102967
173, 0.00166821
174, 0.000765777
175, 2.52286e-05
176, 0.00075391
177, 0.00148664
178, 0.000833199
179, 3.87397e-05
180, 0.000575881
181, 0.00142397
182, 0.00101726
183, 0.000105336
184, 0.000452846
185, 0.00155486
186, 0.00138264
187, 0.0002295
188, 0.000347016
189, 0.0016964
190, 0.00183387
191, 0.000457525
192, 0.000205763
193, 0.00174606
194, 0.00227507
195, 0.000765918
196, 7.67262e-05
197, 0.00153913
198, 0.00244952
199, 0.00112592
200, 0


0, 0
1, 0.000881644
2, 0.00215045
3, 0.00187611
4, 0.00058246
5, 0.000249995
6, 0.00126158
7, 0.00212093
8, 0.00177346
9, 0.000836468
10, 0.000616304
11, 0.00152321
12, 0.00253572
13, 0.00227807
14, 0.00104342
15, 0.000844767
16, 0.00238618
17, 0.00345352
18, 0.00232222
19, 0.000924753
20, 0.00180739
21, 0.00368197
22, 0.00353457
23, 0.00192405
24, 0.00175858
25, 0.00321483
26, 0.00391953
27, 0.00334644
28, 0.00294492
29, 0.00314821
30, 0.0035864
31, 0.00446129
32, 0.00510875
33, 0.00426365
34, 0.00335127
35, 0.00499445
36, 0.00728328
37, 0.00610773
38, 0.00368562
39, 0.00543834
40, 0.00897211
41, 0.00772003
42, 0.00438294
43, 0.00637041
44, 0.0105391
45, 0.00881506
46, 0.00507239
47, 0.0078468
48, 0.0123074
49, 0.00943019
50, 0.00544249
51, 0.00969368
52, 0.0144885
53, 0.00998638
54, 0.00556441
55, 0.0115972
56, 0.0170637
57, 0.0109007
58, 0.00572447
59, 0.0131657
60, 0.0192046
61, 0.011738
62, 0.00609655
63, 0.0144757
64, 0.0204601
65, 0.0120559
66, 0.0067253
67, 0.0159048
68, 0.0210906
69, 0.0117805
70, 0.00750042
71, 0.0173603
72, 0.0210372
73, 0.010924
74, 0.00829391
75, 0.0188342
76, 0.0205504
77, 0.0097119
78, 0.00902636
79, 0.020152
80, 0.0199058
81, 0.0127864
82, 0.0094659
83, 0.0149031
84, 0.0206087
85, 0.0175536
86, 0.00996796
87, 0.00879673
88, 0.0152368
89, 0.0189195
90, 0.013679
91, 0.00686805
92, 0.00819014
93, 0.0149478
94, 0.0161526
95, 0.00937024
96, 0.00446044
97, 0.00840001
98, 0.014552
99, 0.0130615
100, 0.00594648
101, 0.00366407
102, 0.00876475
103, 0.0126595
104, 0.00929716
105, 0.00372658
106, 0.00334857
107, 0.00718451
108, 0.00868189
109, 0.00566963
110, 0.00221591
111, 0.0021569
112, 0.0044882
113, 0.00549035
114, 0.00352822
115, 0.0010122
116, 0.00132264
117, 0.00401298
118, 0.00491979
119, 0.00238134
120, 0.000237628
121, 0.00191838
122, 0.00366288
123, 0.00166845
124, 0.000135851
125, 0.00207309
126, 0.00298868
127, 0.00088833
128, 0.000179345
129, 0.00173901
130, 0.00172929
131, 0.000238392
132, 0.000289139
133, 0.00106509
134, 0.000576119
135, 9.24754e-06
136, 0.000350705
137, 0.000435659
138, 9.34962e-05
139, 0.00016968
140, 0.00028826
141, 8.66125e-05
142, 0.000188521
143, 0.000435803
144, 0.000199056
145, 1.18262e-05
146, 0.00039186
147, 0.00063138
148, 0.000350057
149, 0.00017426
150, 0.000416852
151, 0.000760058
152, 0.000829685
153, 0.000491034
154, 0.000301477
155, 0.00085511
156, 0.00138456
157, 0.000818423
158, 0.000167157
159, 0.00086633
160, 0.00170667
161, 0.0010186
162, 9.38806e-05
163, 0.000730088
164, 0.00169274
165, 0.0011036
166, 8.31645e-05
167, 0.000524052
168, 0.00149788
169, 0.00114821
170, 0.00013365
171, 0.000340308
172, 0.0013672
173, 0.00128005
174, 0.000236381
175, 0.000222081
176, 0.00131988
177, 0.00150285
178, 0.000419985
179, 0.00013188
180, 0.00123289
181, 0.00170153
182, 0.00069806
183, 8.01257e-05
184, 0.000990503
185, 0.0018162
186, 0.00108011
187, 0.000132593
188, 0.000679719
189, 0.00172955
190, 0.00141527
191, 0.000274207
192, 0.000312716
193, 0.00146688
194, 0.00167603
195, 0.000529524
196, 7.22552e-05
197, 0.00117609
198, 0.00188015
199, 0.000878596
200, 0


0, 0
1, 0.000260933
2, 0.000765259
3, 0.000942993
4, 0.000565884
5, 0.000106152
6, 0.000361527
7, 0.00127548
8, 0.00162751
9, 0.000817051
10, 0.000161891
11, 0.000994788
12, 0.00218373
13, 0.00182003
14, 0.000572933
15, 0.000644222
16, 0.00191587
17, 0.0022901
18, 0.001398
19, 0.000922787
20, 0.00145201
21, 0.00198071
22, 0.00207499
23, 0.00202801
24, 0.00172747
25, 0.00144763
26, 0.00215821
27, 0.00334232
28, 0.00297902
29, 0.00146746
30, 0.00190199
31, 0.00424901
32, 0.00449886
33, 0.00212392
34, 0.00192334
35, 0.0049423
36, 0.00577945
37, 0.00293073
38, 0.00242924
39, 0.00599247
40, 0.00697773
41, 0.00353213
42, 0.0031396
43, 0.00756702
44, 0.00840432
45, 0.00397853
46, 0.00382373
47, 0.00958953
48, 0.0104134
49, 0.00454541
50, 0.00423472
51, 0.0115083
52, 0.0127563
53, 0.00549014
54, 0.00453415
55, 0.0128823
56, 0.0146937
57, 0.00655694
58, 0.00505491
59, 0.0139683
60, 0.0160711
61, 0.00745895
62, 0.00590042
63, 0.0152136
64, 0.0171398
65, 0.00808125
66, 0.00688197
67, 0.0166407
68, 0.0179533
69, 0.00834997
70, 0.00785273
71, 0.0182515
72, 0.0188275
73, 0.00847406
74, 0.00854494
75, 0.0196507
76, 0.019722
77, 0.00858497
78, 0.00887159
79, 0.0204343
80, 0.0202482
81, 0.0130403
82, 0.00927427
83, 0.014631
84, 0.0214784
85, 0.0197645
86, 0.011725
87, 0.00899874
88, 0.0156013
89, 0.0217384
90, 0.0180443
91, 0.00949769
92, 0.00830064
93, 0.015682
94, 0.0201314
95, 0.0147664
96, 0.0071355
97, 0.00760691
98, 0.0141204
99, 0.0163898
100, 0.0111896
101, 0.00592148
102, 0.00696945
103, 0.0115425
104, 0.0129446
105, 0.00946881
106, 0.00544716
107, 0.00548738
108, 0.00915382
109, 0.0114063
110, 0.00855125
111, 0.00377584
112, 0.00345223
113, 0.00781905
114, 0.00978529
115, 0.00560596
116, 0.00124227
117, 0.0029274
118, 0.00706466
119, 0.00634259
120, 0.00187044
121, 0.00080951
122, 0.00355259
123, 0.00351862
124, 0.000865395
125, 0.001201
126, 0.00302658
127, 0.00209161
128, 0.000691267
129, 0.00150902
130, 0.00201285
131, 0.00110531
132, 0.000951843
133, 0.00132451
134, 0.000830697
135, 0.000648839
136, 0.00116006
137, 0.000757529
138, 0.000102967
139, 0.000731249
140, 0.00113544
141, 0.000267508
142, 0.000191284
143, 0.00117776
144, 0.000964235
145, 0.000104211
146, 0.000724749
147, 0.00155969
148, 0.000792957
149, 0.000161906
150, 0.00103928
151, 0.00151718
152, 0.00068074
153, 0.000263417
154, 0.000866863
155, 0.00114691
156, 0.000698741
157, 0.000354509
158, 0.000471006
159, 0.00080202
160, 0.000878926
161, 0.000442679
162, 0.000174865
163, 0.000719075
164, 0.00115004
165, 0.000541684
166, 5.75697e-05
167, 0.000826512
168, 0.00143282
169, 0.000656662
170, 3.24136e-05
171, 0.000876018
172, 0.00164625
173, 0.000889434
174, 4.5201e-05
175, 0.000736325
176, 0.00175636
177, 0.00129009
178, 0.000183248
179, 0.000470498
180, 0.00170849
181, 0.00168484
182, 0.000441748
183, 0.000194094
184, 0.00132747
185, 0.00179633
186, 0.000765921
187, 4.59616e-05
188, 0.000833173
189, 0.00165984
190, 0.00106291
191, 0.000106081
192, 0.000403364
193, 0.0013187
194, 0.0012044
195, 0.000277064
196, 0.000106084
197, 0.000896807
198, 0.0012439
199, 0.000548416
200, 0


0, 0
1, 0.000312877
2, 0.000803488
3, 0.00078045
4, 0.000293311
5, 1.15793e-05
6, 0.000358456
7, 0.000892555
8, 0.000823398
9, 0.00024117
10, 8.32815e-05
11, 0.000616791
12, 0.000980339
13, 0.000752338
14, 0.0004929
15, 0.000543161
16, 0.000714069
17, 0.00104683
18, 0.00143437
19, 0.00120328
20, 0.000541418
21, 0.000892204
22, 0.00224266
23, 0.00237552
24, 0.0009026
25, 0.000647883
26, 0.00256749
27, 0.00336105
28, 0.00152767
29, 0.000639532
30, 0.00271915
31, 0.00401041
32, 0.00204844
33, 0.000798612
34, 0.0031126
35, 0.00475576
36, 0.00251019
37, 0.000934463
38, 0.00378428
39, 0.00606609
40, 0.00330543
41, 0.00101024
42, 0.00453953
43, 0.00794899
44, 0.00471031
45, 0.00113397
46, 0.00500937
47, 0.00985288
48, 0.00656686
49, 0.00156919
50, 0.00521465
51, 0.0113002
52, 0.00835884
53, 0.002339
54, 0.00559035
55, 0.0124747
56, 0.00985623
57, 0.00317729
58, 0.00620756
59, 0.0136734
60, 0.0111789
61, 0.00395119
62, 0.00697487
63, 0.0150878
64, 0.0125729
65, 0.00464561
66, 0.00767121
67, 0.0166243
68, 0.0142642
69, 0.00535497
70, 0.00799933
71, 0.0179575
72, 0.016203
73, 0.00627558
74, 0.00808974
75, 0.0189318
76, 0.0180538
77, 0.00727048
78, 0.00810323
79, 0.0197055
80, 0.0196999
81, 0.0124846
82, 0.00831634
83, 0.0135974
84, 0.0212596
85, 0.0204546
86, 0.0122721
87, 0.00846525
88, 0.0145776
89, 0.0219219
90, 0.020158
91, 0.012011
92, 0.00880754
93, 0.0142762
94, 0.0201341
95, 0.0185419
96, 0.0120901
97, 0.00890437
98, 0.0119044
99, 0.016408
100, 0.0166112
101, 0.0119855
102, 0.00759167
103, 0.00864058
104, 0.0138365
105, 0.0158304
106, 0.0108361
107, 0.00518832
108, 0.00713012
109, 0.013897
110, 0.0148804
111, 0.00801602
112, 0.00353961
113, 0.00790413
114, 0.0134861
115, 0.011036
116, 0.00446152
117, 0.00355799
118, 0.00795381
119, 0.00905546
120, 0.00500707
121, 0.00249893
122, 0.00369218
123, 0.00435658
124, 0.00273812
125, 0.00233915
126, 0.00290318
127, 0.00215383
128, 0.00185922
129, 0.0026955
130, 0.00204189
131, 0.00096658
132, 0.00223068
133, 0.003084
134, 0.00120811
135, 0.000716055
136, 0.00299264
137, 0.00297462
138, 0.000493535
139, 0.000916816
140, 0.0032076
141, 0.00221058
142, 6.46275e-05
143, 0.00119209
144, 0.00264238
145, 0.00114071
146, 6.02025e-05
147, 0.0014101
148, 0.00175103
149, 0.000352219
150, 0.000413025
151, 0.00152502
152, 0.000999014
153, 6.98891e-05
154, 0.000779962
155, 0.00141389
156, 0.000545712
157, 9.08474e-05
158, 0.000880993
159, 0.0011022
160, 0.000364566
161, 0.000177874
162, 0.000699303
163, 0.000852707
164, 0.000505734
165, 0.00027872
166, 0.000432933
167, 0.000852555
168, 0.000976308
169, 0.000468315
170, 0.000244686
171, 0.00102452
172, 0.00154867
173, 0.00073636
174, 0.00011316
175, 0.00102162
176, 0.0018207
177, 0.000999039
178, 6.35469e-05
179, 0.000688578
180, 0.00173258
181, 0.00132162
182, 0.000195075
183, 0.000307944
184, 0.00136624
185, 0.00148624
186, 0.000469894
187, 4.75635e-05
188, 0.00086227
189, 0.00143352
190, 0.00076659
191, 2.1012e-05
192, 0.000409271
193, 0.00115974
194, 0.000960859
195, 0.000175156
196, 0.000104578
197, 0.000794106
198, 0.00104556
199, 0.000448603
200, 0


0, 0
1, 0.000450205
2, 0.000960026
3, 0.000627526
4, 9.48781e-05
5, 0.000145395
6, 0.000421844
7, 0.000423194
8, 0.000276781
9, 0.000179618
10, 8.99082e-05
11, 7.69374e-05
12, 0.000315748
13, 0.00064807
14, 0.000564057
15, 9.46885e-05
16, 0.000177509
17, 0.00111859
18, 0.00152157
19, 0.000583883
20, 7.19886e-05
21, 0.00130488
22, 0.00225924
23, 0.00112711
24, 0.000121513
25, 0.0014459
26, 0.00276834
27, 0.00152219
28, 0.000212927
29, 0.00173863
30, 0.00345896
31, 0.00202269
32, 0.000245685
33, 0.00204497
34, 0.00448716
35, 0.00292304
36, 0.000297465
37, 0.00207111
38, 0.00552754
39, 0.0042903
40, 0.000597534
41, 0.00173086
42, 0.00616641
43, 0.00584815
44, 0.00133187
45, 0.00134868
46, 0.0063665
47, 0.00723329
48, 0.00236479
49, 0.00128603
50, 0.00659201
51, 0.00853202
52, 0.00349585
53, 0.00151728
54, 0.00710764
55, 0.0100315
56, 0.00478133
57, 0.00186651
58, 0.00774212
59, 0.0117704
60, 0.00635651
61, 0.00221953
62, 0.00819285
63, 0.0136502
64, 0.00834943
65, 0.00261165
66, 0.00820238
67, 0.015373
68, 0.0107739
69, 0.00332547
70, 0.00793939
71, 0.0167692
72, 0.0132968
73, 0.00430185
74, 0.00758252
75, 0.0177662
76, 0.0157218
77, 0.00546566
78, 0.00721991
79, 0.0184123
80, 0.0179281
81, 0.0108489
82, 0.00718535
83, 0.01235
84, 0.0195345
85, 0.0192736
86, 0.0124035
87, 0.00841803
88, 0.0122778
89, 0.0185567
90, 0.0195096
91, 0.0146631
92, 0.0102751
93, 0.0112492
94, 0.0162673
95, 0.0197255
96, 0.0174292
97, 0.0115824
98, 0.0093717
99, 0.0143905
100, 0.0205333
101, 0.018811
102, 0.0106266
103, 0.00724882
104, 0.0137106
105, 0.0202695
106, 0.0165586
107, 0.00769357
108, 0.00658562
109, 0.0138431
110, 0.0172547
111, 0.0114531
112, 0.00572131
113, 0.00812813
114, 0.0130406
115, 0.0118298
116, 0.00720444
117, 0.00690099
118, 0.00997449
119, 0.00962236
120, 0.00623415
121, 0.00612273
122, 0.00721509
123, 0.00561551
124, 0.00397051
125, 0.00594949
126, 0.00668053
127, 0.00332632
128, 0.00248592
129, 0.00574112
130, 0.00537822
131, 0.00146798
132, 0.00210832
133, 0.00547587
134, 0.00374962
135, 0.000473253
136, 0.00259581
137, 0.00507107
138, 0.00226995
139, 0.000326248
140, 0.00325109
141, 0.00430244
142, 0.00116031
143, 0.000644551
144, 0.00341967
145, 0.0030744
146, 0.000401407
147, 0.000977152
148, 0.0028732
149, 0.00164374
150, 3.27245e-05
151, 0.00119745
152, 0.00194305
153, 0.000516901
154, 0.00016505
155, 0.00136214
156, 0.00113129
157, 6.21712e-05
158, 0.000668056
159, 0.00152448
160, 0.000681826
161, 8.5103e-05
162, 0.00113761
163, 0.00158844
164, 0.000511455
165, 0.00022014
166, 0.00117749
167, 0.00133916
168, 0.000530626
169, 0.000277066
170, 0.000751032
171, 0.00100194
172, 0.000770933
173, 0.000423255
174, 0.000339113
175, 0.000748249
176, 0.00112245
177, 0.000698496
178, 0.000112108
179, 0.00051874
180, 0.00130505
181, 0.00100063
182, 0.000110594
183, 0.000289449
184, 0.00118785
185, 0.00115642
186, 0.000278105
187, 6.61898e-05
188, 0.000796919
189, 0.00118113
190, 0.000581707
191, 9.37629e-06
192, 0.000383476
193, 0.00105834
194, 0.00092542
195, 0.000191179
196, 9.58824e-05
197, 0.000845273
198, 0.00117288
199, 0.000515571
200, 0


0, 0
1, 3.98721e-05
2, 0.000115728
3, 0.000243052
4, 0.000348845
5, 0.000186493
6, 3.57192e-05
7, 0.000496274
8, 0.00102673
9, 0.000626278
10, 9.41638e-06
11, 0.000488686
12, 0.00130415
13, 0.000978694
14, 0.000132964
15, 0.000237001
16, 0.000998683
17, 0.0010825
18, 0.000374825
19, 5.53906e-05
20, 0.000728584
21, 0.00135911
22, 0.000789574
23, 1.03906e-05
24, 0.000794895
25, 0.00210694
26, 0.00150114
27, 6.54032e-05
28, 0.000942295
29, 0.00306787
30, 0.0025337
31, 0.000269183
32, 0.000860952
33, 0.00378167
34, 0.00377264
35, 0.000764065
36, 0.000537361
37, 0.00394657
38, 0.00487235
39, 0.00157402
40, 0.000242454
41, 0.00362623
42, 0.00557534
43, 0.00245847
44, 0.000192799
45, 0.00327717
46, 0.0061496
47, 0.00344955
48, 0.000333821
49, 0.00300767
50, 0.00684338
51, 0.00476517
52, 0.00069966
53, 0.00267646
54, 0.00761876
55, 0.0065528
56, 0.0014584
57, 0.00226821
58, 0.00831253
59, 0.00881489
60, 0.00284101
61, 0.00186001
62, 0.00862879
63, 0.0112468
64, 0.00490367
65, 0.00168898
66, 0.00845009
67, 0.0133162
68, 0.00732998
69, 0.00190789
70, 0.00803407
71, 0.0149917
72, 0.00994778
73, 0.00260838
74, 0.0073962
75, 0.0159699
76, 0.0126025
77, 0.00396722
78, 0.00664376
79, 0.0159296
80, 0.0148386
81, 0.00926407
82, 0.00661568
83, 0.0101239
84, 0.0154267
85, 0.0166459
86, 0.0131097
87, 0.00912084
88, 0.00916293
89, 0.0135895
90, 0.0180636
91, 0.017426
92, 0.0118409
93, 0.00821186
94, 0.0122903
95, 0.0198779
96, 0.0208454
97, 0.0131858
98, 0.00754336
99, 0.0125564
100, 0.0215672
101, 0.0215328
102, 0.0124978
103, 0.00774097
104, 0.0137966
105, 0.0207514
106, 0.0180298
107, 0.010383
108, 0.00922597
109, 0.0145151
110, 0.0163607
111, 0.0119967
112, 0.00919944
113, 0.0118135
114, 0.0135681
115, 0.01021
116, 0.00764277
117, 0.0109526
118, 0.0142814
119, 0.0107015
120, 0.00532717
121, 0.00758516
122, 0.0115215
123, 0.00819805
124, 0.00398341
125, 0.00788297
126, 0.011682
127, 0.0067853
128, 0.00295838
129, 0.00773564
130, 0.0103919
131, 0.00480258
132, 0.00224295
133, 0.00704407
134, 0.00797761
135, 0.00271738
136, 0.00195424
137, 0.00606408
138, 0.00530291
139, 0.00119284
140, 0.00219125
141, 0.00510859
142, 0.00306527
143, 0.000588298
144, 0.0028299
145, 0.00424301
146, 0.00154606
147, 0.000774189
148, 0.00338505
149, 0.00331733
150, 0.000664645
151, 0.00118345
152, 0.00346795
153, 0.00230042
154, 0.000141278
155, 0.00147241
156, 0.00297383
157, 0.00120882
158, 4.03181e-05
159, 0.00161135
160, 0.00203712
161, 0.000423427
162, 0.000309435
163, 0.0016558
164, 0.00135167
165, 0.000116799
166, 0.000680524
167, 0.00174202
168, 0.000989317
169, 4.6994e-05
170, 0.000788879
171, 0.00151986
172, 0.000763251
173, 6.00669e-05
174, 0.00055495
175, 0.00100655
176, 0.000600325
177, 0.000145449
178, 0.000212191
179, 0.000465574
180, 0.000551978
181, 0.000390851
182, 0.000110152
183, 0.000141898
184, 0.000605539
185, 0.000789814
186, 0.000306235
187, 1.38048e-05
188, 0.000604356
189, 0.00116039
190, 0.000667905
191, 1.43107e-05
192, 0.000438969
193, 0.00121304
194, 0.000988571
195, 0.000160274
196, 0.000146532
197, 0.000938776
198, 0.00117924
199, 0.000489196
200, 0


0, 0
1, 0.000298353
2, 0.00061603
3, 0.000461178
4, 0.00027358
5, 0.00028011
6, 0.000363118
7, 0.000658669
8, 0.000819545
9, 0.000361101
10, 0.000129734
11, 0.000849728
12, 0.0012219
13, 0.000393583
14, 9.43068e-05
15, 0.0011387
16, 0.00149001
17, 0.000418432
18, 0.000139
19, 0.00128925
20, 0.00169037
21, 0.000659959
22, 0.000175206
23, 0.00110082
24, 0.00191747
25, 0.00136445
26, 0.000367615
27, 0.000670764
28, 0.0021202
29, 0.00242905
30, 0.000884583
31, 0.000233974
32, 0.00209287
33, 0.0033783
34, 0.00161525
35, 1.92681e-05
36, 0.00184857
37, 0.00393515
38, 0.00233695
39, 5.06487e-05
40, 0.00159144
41, 0.00434908
42, 0.00320572
43, 0.000290381
44, 0.00124651
45, 0.00464655
46, 0.004318
47, 0.000835318
48, 0.000788062
49, 0.00470719
50, 0.00565489
51, 0.00186472
52, 0.000352846
53, 0.00434758
54, 0.00703037
55, 0.00355458
56, 0.000223112
57, 0.00351027
58, 0.00802771
59, 0.0057341
60, 0.000748526
61, 0.00251387
62, 0.00850267
63, 0.00807822
64, 0.00201192
65, 0.00175964
66, 0.00851578
67, 0.0103556
68, 0.00402186
69, 0.00141791
70, 0.00784523
71, 0.0119784
72, 0.00656968
73, 0.00183111
74, 0.00659105
75, 0.0124709
76, 0.00936763
77, 0.00333743
78, 0.00524484
79, 0.0119047
80, 0.0122172
81, 0.00919263
82, 0.00621997
83, 0.00673629
84, 0.0110467
85, 0.0151862
86, 0.0143617
87, 0.00905025
88, 0.00598072
89, 0.0102846
90, 0.017656
91, 0.0185662
92, 0.0114103
93, 0.00601118
94, 0.0105295
95, 0.0193041
96, 0.0202458
97, 0.0122242
98, 0.00704638
99, 0.0120273
100, 0.0194529
101, 0.0185822
102, 0.0117407
103, 0.00967137
104, 0.0146069
105, 0.0178199
106, 0.0146149
107, 0.011412
108, 0.0138414
109, 0.0169718
110, 0.0143414
111, 0.010077
112, 0.0121517
113, 0.0178895
114, 0.0171894
115, 0.009694
116, 0.00700906
117, 0.0140743
118, 0.0199128
119, 0.01449
120, 0.00543563
121, 0.00676361
122, 0.0134545
123, 0.0112942
124, 0.00448842
125, 0.0070328
126, 0.0133315
127, 0.0100256
128, 0.00399847
129, 0.00751271
130, 0.0125872
131, 0.00834625
132, 0.00365432
133, 0.00773665
134, 0.0110091
135, 0.00618259
136, 0.00325061
137, 0.00744418
138, 0.00864973
139, 0.00386024
140, 0.00287176
141, 0.00668216
142, 0.00609014
143, 0.00195033
144, 0.0026919
145, 0.00589017
146, 0.00392614
147, 0.000809177
148, 0.00306625
149, 0.00521757
150, 0.00224948
151, 0.000609927
152, 0.00362011
153, 0.00446747
154, 0.001289
155, 0.000798208
156, 0.0037705
157, 0.00373262
158, 0.000725306
159, 0.000899064
160, 0.00340161
161, 0.00267879
162, 0.000269927
163, 0.000860265
164, 0.00252515
165, 0.00151133
166, 2.21617e-05
167, 0.000870847
168, 0.00169116
169, 0.000641904
170, 2.84395e-05
171, 0.000934415
172, 0.00124135
173, 0.000311428
174, 0.000108258
175, 0.000973194
176, 0.00107891
177, 0.000241896
178, 9.66557e-05
179, 0.000808563
180, 0.000925014
181, 0.000259421
182, 5.25039e-05
183, 0.000488983
184, 0.00066729
185, 0.000379989
186, 0.000128872
187, 0.00016772
188, 0.000420364
189, 0.000632477
190, 0.000451546
191, 6.43223e-05
192, 0.000217752
193, 0.000867221
194, 0.00096055
195, 0.000268938
196, 6.45007e-05
197, 0.000890061
198, 0.00137443
199, 0.000632181
200, 0


0, 0
1, 0.000987644
2, 0.00182992
3, 0.000769566
4, 2.08491e-05
5, 0.000880593
6, 0.00126993
7, 0.000447104
8, 0.00013704
9, 0.000643838
10, 0.000787373
11, 0.000564473
12, 0.000463274
13, 0.00043145
14, 0.000734505
15, 0.00127402
16, 0.000991701
17, 0.000294395
18, 0.000926091
19, 0.00216609
20, 0.00162088
21, 0.000275631
22, 0.000972158
23, 0.00259822
24, 0.00206504
25, 0.000418534
26, 0.000721859
27, 0.00223785
28, 0.0021508
29, 0.000741166
30, 0.000378671
31, 0.00144875
32, 0.00212857
33, 0.00131139
34, 0.000255651
35, 0.000812115
36, 0.00233387
37, 0.00222795
38, 0.000496466
39, 0.000404266
40, 0.00262623
41, 0.00335854
42, 0.00114344
43, 0.000115196
44, 0.00264829
45, 0.00449123
46, 0.00227322
47, 4.78469e-06
48, 0.00216114
49, 0.00528938
50, 0.00384153
51, 0.000349888
52, 0.00130795
53, 0.00543409
54, 0.00550243
55, 0.001326
56, 0.000514597
57, 0.00490708
58, 0.00685525
59, 0.00285785
60, 0.000142756
61, 0.00383329
62, 0.00757601
63, 0.00477904
64, 0.000506316
65, 0.00245843
66, 0.0073132
67, 0.00669975
68, 0.00192648
69, 0.00143102
70, 0.0061587
71, 0.00825251
72, 0.00450228
73, 0.00146844
74, 0.00448861
75, 0.00901855
76, 0.00792018
77, 0.00306027
78, 0.00292762
79, 0.0088051
80, 0.0114151
81, 0.00929455
82, 0.00467388
83, 0.00379649
84, 0.0091549
85, 0.014933
86, 0.0137258
87, 0.00694863
88, 0.00399493
89, 0.00962665
90, 0.0168096
91, 0.0160363
92, 0.00874338
93, 0.00543231
94, 0.0106582
95, 0.0167319
96, 0.015393
97, 0.00959778
98, 0.00833724
99, 0.0127782
100, 0.0154309
101, 0.0126291
102, 0.0101222
103, 0.0128247
104, 0.0161808
105, 0.0139783
106, 0.00959697
107, 0.0113863
108, 0.01816
109, 0.0195403
110, 0.0123979
111, 0.00745866
112, 0.0134533
113, 0.0224595
114, 0.0207817
115, 0.0101945
116, 0.00638359
117, 0.0153576
118, 0.0236863
119, 0.0185724
120, 0.00736913
121, 0.00648464
122, 0.0137131
123, 0.0136912
124, 0.00635637
125, 0.00653409
126, 0.0129938
127, 0.0117395
128, 0.00544123
129, 0.00708732
130, 0.0125108
131, 0.00990292
132, 0.00489735
133, 0.00789347
134, 0.0121108
135, 0.00834664
136, 0.00447713
137, 0.00856748
138, 0.0115947
139, 0.00663508
140, 0.00391251
141, 0.00882897
142, 0.0102796
143, 0.00470281
144, 0.00333212
145, 0.00808143
146, 0.00823906
147, 0.00304502
148, 0.00263109
149, 0.00685989
150, 0.0061905
151, 0.00167651
152, 0.00223143
153, 0.00579181
154, 0.00436566
155, 0.000866312
156, 0.00226203
157, 0.00498375
158, 0.00307324
159, 0.000594772
160, 0.0024419
161, 0.00425626
162, 0.00223917
163, 0.000573473
164, 0.00224012
165, 0.00340074
166, 0.00163391
167, 0.000416874
168, 0.00172432
169, 0.00242296
170, 0.000977073
171, 0.000179876
172, 0.0012516
173, 0.00160688
174, 0.000418542
175, 0.000157161
176, 0.00115466
177, 0.00110494
178, 0.000128361
179, 0.000327825
180, 0.00124955
181, 0.000928552
182, 5.58297e-05
183, 0.000402185
184, 0.00119991
185, 0.000863746
186, 6.98058e-05
187, 0.00026554
188, 0.000941494
189, 0.000799828
190, 0.000189437
191, 0.000144656
192, 0.000535735
193, 0.000689816
194, 0.000490908
195, 0.000199861
196, 0.000162991
197, 0.000535475
198, 0.000778573
199, 0.000370932
200, 0


0, 0
1, 0.00109636
2, 0.00186168
3, 0.000520329
4, 0.000199627
5, 0.00181952
6, 0.00187779
7, 0.000239761
8, 0.000564995
9, 0.00224847
10, 0.00178321
11, 0.000248423
12, 0.000783464
13, 0.0020591
14, 0.00156954
15, 0.000592185
16, 0.000870234
17, 0.00142525
18, 0.00138675
19, 0.00121563
20, 0.000939401
21, 0.000722793
22, 0.00131692
23, 0.00189367
24, 0.00107589
25, 0.000278483
26, 0.00130936
27, 0.00235634
28, 0.00127767
29, 0.000135623
30, 0.00124365
31, 0.00251716
32, 0.00155066
33, 0.000220599
34, 0.000917187
35, 0.00227531
36, 0.00197121
37, 0.000669849
38, 0.000471923
39, 0.00169744
40, 0.00255325
41, 0.00168848
42, 0.000377201
43, 0.00102076
44, 0.00305825
45, 0.00313069
46, 0.000877657
47, 0.000405626
48, 0.00312552
49, 0.00447895
50, 0.0019208
51, 3.61953e-05
52, 0.00255497
53, 0.00520602
54, 0.00324457
55, 0.000150008
56, 0.00154163
57, 0.00505942
58, 0.00456217
59, 0.000969401
60, 0.000545938
61, 0.00397136
62, 0.00541852
63, 0.00258599
64, 0.000304257
65, 0.00233212
66, 0.00539851
67, 0.00467947
68, 0.00140853
69, 0.000943333
70, 0.00447077
71, 0.00671128
72, 0.00395933
73, 0.000668553
74, 0.00302189
75, 0.00803371
76, 0.00736703
77, 0.00192158
78, 0.00170558
79, 0.00827621
80, 0.010514
81, 0.00698673
82, 0.00221472
83, 0.00292919
84, 0.00898625
85, 0.0128828
86, 0.00969638
87, 0.00408211
88, 0.00398543
89, 0.00952894
90, 0.0130874
91, 0.0103347
92, 0.0061213
93, 0.00682921
94, 0.0109356
95, 0.0119965
96, 0.00913691
97, 0.00802667
98, 0.011303
99, 0.0138381
100, 0.0110592
101, 0.00730197
102, 0.00968907
103, 0.0162419
104, 0.0174127
105, 0.0107128
106, 0.00590495
107, 0.0113281
108, 0.0204728
109, 0.0203205
110, 0.0106484
111, 0.00558265
112, 0.0132658
113, 0.0232938
114, 0.0213376
115, 0.0102103
116, 0.00614842
117, 0.0151271
118, 0.0239063
119, 0.0196232
120, 0.00879181
121, 0.00736321
122, 0.013959
123, 0.0146057
124, 0.00802768
125, 0.00757097
126, 0.0135041
127, 0.0130202
128, 0.00686108
129, 0.00756938
130, 0.0132757
131, 0.0114644
132, 0.00556547
133, 0.00786962
134, 0.0132155
135, 0.00998768
136, 0.00478231
137, 0.00827721
138, 0.0130345
139, 0.0091098
140, 0.00436476
141, 0.00837938
142, 0.0128283
143, 0.0084305
144, 0.00392951
145, 0.00809901
146, 0.0119485
147, 0.00740258
148, 0.00335134
149, 0.00720897
150, 0.0102319
151, 0.00589096
152, 0.0026507
153, 0.0058905
154, 0.00786492
155, 0.00428361
156, 0.00197709
157, 0.0044904
158, 0.00578449
159, 0.0029691
160, 0.00143901
161, 0.00358147
162, 0.0044806
163, 0.00214075
164, 0.0011652
165, 0.00326935
166, 0.00387398
167, 0.00162857
168, 0.00109042
169, 0.00315113
170, 0.00335994
171, 0.00120214
172, 0.000915275
173, 0.00270443
174, 0.00260522
175, 0.000724417
176, 0.00060025
177, 0.00198035
178, 0.0017616
179, 0.000299584
180, 0.000410841
181, 0.00156188
182, 0.00116782
183, 5.54568e-05
184, 0.000594701
185, 0.00157232
186, 0.000836272
187, 1.3275e-06
188, 0.000875464
189, 0.00151585
190, 0.000570747
191, 2.68643e-05
192, 0.000763805
193, 0.00102407
194, 0.00034244
195, 2.03627e-05
196, 0.000281074
197, 0.000393141
198, 0.000228751
199, 5.87638e-05
200, 0


0, 0
1, 0.0014553
2, 0.00255072
3, 0.0008357
4, 0.000239158
5, 0.00223802
6, 0.00244562
7, 0.000412328
8, 0.000773246
9, 0.00296241
10, 0.00228406
11, 0.000197401
12, 0.00122211
13, 0.00320068
14, 0.00198218
15, 0.000137765
16, 0.00129826
17, 0.00272376
18, 0.00149544
19, 0.000218397
20, 0.00107919
21, 0.00186045
22, 0.00112978
23, 0.000526333
24, 0.000826139
25, 0.00111182
26, 0.00121209
27, 0.00120951
28, 0.000766139
29, 0.000616709
30, 0.00159287
31, 0.0021676
32, 0.00104743
33, 0.000341581
34, 0.00180315
35, 0.00296361
36, 0.00161006
37, 0.000279043
38, 0.00157455
39, 0.00316908
40, 0.00222999
41, 0.000541903
42, 0.000955101
43, 0.00253667
44, 0.00265445
45, 0.0012492
46, 0.00046249
47, 0.00146029
48, 0.0027776
49, 0.00226388
50, 0.000537938
51, 0.000489104
52, 0.00247923
53, 0.00324619
54, 0.00136384
55, 3.16709e-06
56, 0.00159701
57, 0.00359922
58, 0.00275091
59, 0.000469481
60, 0.000539967
61, 0.00303873
62, 0.00416302
63, 0.00207555
64, 0.000129913
65, 0.00187069
66, 0.0050509
67, 0.0045419
68, 0.000990233
69, 0.000657605
70, 0.00489064
71, 0.00687014
72, 0.00301462
73, 9.20834e-05
74, 0.00381569
75, 0.00809655
76, 0.00534401
77, 0.000460343
78, 0.00248076
79, 0.00804747
80, 0.00723092
81, 0.00307474
82, 0.0010552
83, 0.00379782
84, 0.00768613
85, 0.00778452
86, 0.00453216
87, 0.00293099
88, 0.00524927
89, 0.00790731
90, 0.00719331
91, 0.00502076
92, 0.00583783
93, 0.00917288
94, 0.00995769
95, 0.00665243
96, 0.00471941
97, 0.0086536
98, 0.0141586
99, 0.0134347
100, 0.00697569
101, 0.00428656
102, 0.0105844
103, 0.0183031
104, 0.0168066
105, 0.00792179
106, 0.00420278
107, 0.0116389
108, 0.0205678
109, 0.0187294
110, 0.00870694
111, 0.00477021
112, 0.0127228
113, 0.0214873
114, 0.0188059
115, 0.00888834
116, 0.00622791
117, 0.0146717
118, 0.0220442
119, 0.0178307
120, 0.00842204
121, 0.00784208
122, 0.0141725
123, 0.0145272
124, 0.00808821
125, 0.0082812
126, 0.0147893
127, 0.0141318
128, 0.00751738
129, 0.00827097
130, 0.0146299
131, 0.0135667
132, 0.00687795
133, 0.0076348
134, 0.0140628
135, 0.0129093
136, 0.00614111
137, 0.00696549
138, 0.0132965
139, 0.0121393
140, 0.00564139
141, 0.00655544
142, 0.0126059
143, 0.0114117
144, 0.00545853
145, 0.0064507
146, 0.0117893
147, 0.0107387
148, 0.00557546
149, 0.00615755
150, 0.0107076
151, 0.0100377
152, 0.00548651
153, 0.00548375
154, 0.00925871
155, 0.00898111
156, 0.0048617
157, 0.00439263
158, 0.00769169
159, 0.00747335
160, 0.00369665
161, 0.00326977
162, 0.00611782
163, 0.00577029
164, 0.00251105
165, 0.00241307
166, 0.00487654
167, 0.00434793
168, 0.00169544
169, 0.00194626
170, 0.00418989
171, 0.00363979
172, 0.00125568
173, 0.00174579
174, 0.00400921
175, 0.00332148
176, 0.000914064
177, 0.00161377
178, 0.00380992
179, 0.00272106
180, 0.000488225
181, 0.00143299
182, 0.00298221
183, 0.00163781
184, 0.000199044
185, 0.00113434
186, 0.00172615
187, 0.000675751
188, 0.000177837
189, 0.000726287
190, 0.000884145
191, 0.000469983
192, 0.000208199
193, 0.000444917
194, 0.000907464
195, 0.000716601
196, 9.45511e-05
197, 0.000513926
198, 0.00132291
199, 0.000743874
200, 0


0, 0
1, 0.00215303
2, 0.00401091
3, 0.00165206
4, 7.75669e-05
5, 0.00241347
6, 0.0034198
7, 0.000981094
8, 0.000339882
9, 0.0025696
10, 0.00257148
11, 0.00038074
12, 0.000783615
13, 0.00275214
14, 0.00186687
15, 7.86181e-05
16, 0.00133011
17, 0.00296361
18, 0.00146683
19, 4.5673e-05
20, 0.00172084
21, 0.0030176
22, 0.00131032
23, 0.000138777
24, 0.00173023
25, 0.00272964
26, 0.00130335
27, 0.000404794
28, 0.00143369
29, 0.00210743
30, 0.00147696
31, 0.00102463
32, 0.00115928
33, 0.00134401
34, 0.00176989
35, 0.00199034
36, 0.00119518
37, 0.000675981
38, 0.00187141
39, 0.00280889
40, 0.00151458
41, 0.000283963
42, 0.00151723
43, 0.00294245
44, 0.00189744
45, 0.000249584
46, 0.000756072
47, 0.00219548
48, 0.00204209
49, 0.000666294
50, 0.000154394
51, 0.00096
52, 0.00176214
53, 0.00150254
54, 0.000506696
55, 0.000123389
56, 0.00115759
57, 0.00246358
58, 0.00206142
59, 0.000386763
60, 0.000456736
61, 0.00298309
62, 0.00417659
63, 0.00181502
64, 3.5856e-05
65, 0.00261623
66, 0.00563499
67, 0.0037647
68, 0.000241604
69, 0.00160022
70, 0.00576107
71, 0.00536136
72, 0.00109192
73, 0.000607626
74, 0.004737
75, 0.00599801
76, 0.002227
77, 0.0002759
78, 0.00332919
79, 0.0054994
80, 0.00306456
81, 0.00125501
82, 0.00233253
83, 0.00444079
84, 0.00452537
85, 0.00282282
86, 0.00241613
87, 0.00443959
88, 0.00613694
89, 0.00478724
90, 0.00231046
91, 0.0031065
92, 0.00750477
93, 0.0101917
94, 0.00726244
95, 0.00253348
96, 0.00330657
97, 0.0100581
98, 0.0145937
99, 0.0108092
100, 0.00368569
101, 0.00340917
102, 0.0114004
103, 0.0176089
104, 0.0137861
105, 0.00523892
106, 0.00390986
107, 0.0120103
108, 0.0187106
109, 0.0151287
110, 0.00651791
111, 0.00496554
112, 0.0127434
113, 0.0191589
114, 0.0153367
115, 0.00685817
116, 0.00623085
117, 0.0148241
118, 0.0204638
119, 0.0151441
120, 0.00672544
121, 0.00756949
122, 0.0137775
123, 0.013439
124, 0.00729948
125, 0.00770678
126, 0.0144433
127, 0.014599
128, 0.00786514
129, 0.00753559
130, 0.0144926
131, 0.015325
132, 0.00838737
133, 0.00710695
134, 0.0138279
135, 0.0152455
136, 0.00862629
137, 0.0066911
138, 0.0124743
139, 0.0142546
140, 0.00867466
141, 0.00625001
142, 0.0108721
143, 0.0130499
144, 0.00857979
145, 0.00589323
146, 0.00955006
147, 0.012145
148, 0.00859501
149, 0.00562228
150, 0.00879679
151, 0.0117092
152, 0.00856974
153, 0.00546136
154, 0.00832761
155, 0.0113138
156, 0.00838028
157, 0.00516303
158, 0.00766033
159, 0.0104851
160, 0.00784654
161, 0.00457507
162, 0.00640392
163, 0.00917322
164, 0.00698592
165, 0.00353856
166, 0.00489534
167, 0.00771151
168, 0.00576704
169, 0.00229295
170, 0.00372752
171, 0.00646197
172, 0.00427307
173, 0.00137302
174, 0.00328389
175, 0.00528769
176, 0.00290835
177, 0.00116062
178, 0.00315856
179, 0.00406153
180, 0.00218024
181, 0.0014189
182, 0.00254665
183, 0.00294987
184, 0.00216498
185, 0.0013955
186, 0.0014761
187, 0.00233158
188, 0.00217745
189, 0.000723952
190, 0.000818728
191, 0.0022461
192, 0.00154886
193, 7.31051e-05
194, 0.00114927
195, 0.00205487
196, 0.00051462
197, 0.000287912
198, 0.0018531
199, 0.00125273
200, 0


0, 0
1, 0.00233711
2, 0.00442364
3, 0.00188831
4, 3.73069e-05
5, 0.0025735
6, 0.00398749
7, 0.00131127
8, 0.000148586
9, 0.00262642
10, 0.00325139
11, 0.000726238
12, 0.000381154
13, 0.00268008
14, 0.0025416
15, 0.000326707
16, 0.000847532
17, 0.00294549
18, 0.00207244
19, 0.000163515
20, 0.00151013
21, 0.00344496
22, 0.00188376
23, 0.00013538
24, 0.00205464
25, 0.00383197
26, 0.00183273
27, 0.000177297
28, 0.00216367
29, 0.00367225
30, 0.00175012
31, 0.000281563
32, 0.00175316
33, 0.00282541
34, 0.00154497
35, 0.000509647
36, 0.00107851
37, 0.00158561
38, 0.00126888
39, 0.000945832
40, 0.000728517
41, 0.000553014
42, 0.000929127
43, 0.00147597
44, 0.00108778
45, 0.000203318
46, 0.000474752
47, 0.00175216
48, 0.00199237
49, 0.00070227
50, 0.000110852
51, 0.00147286
52, 0.00270234
53, 0.00176245
54, 0.000318098
55, 0.000911563
56, 0.00263835
57, 0.0028074
58, 0.00132338
59, 0.000578798
60, 0.00178577
61, 0.00330627
62, 0.00279523
63, 0.0008358
64, 0.000702557
65, 0.00302929
66, 0.00392606
67, 0.00157514
68, 6.2499e-05
69, 0.00221191
70, 0.0041197
71, 0.00227109
72, 0.000112959
73, 0.0014083
74, 0.00339914
75, 0.00244866
76, 0.000704445
77, 0.00131251
78, 0.00255906
79, 0.00201526
80, 0.00133336
81, 0.00267679
82, 0.00415089
83, 0.00339976
84, 0.00138229
85, 0.0013461
86, 0.00423484
87, 0.0067381
88, 0.00544746
89, 0.00179281
90, 0.000782976
91, 0.00458407
92, 0.00913105
93, 0.00880462
94, 0.00380884
95, 0.000616214
96, 0.00403168
97, 0.0104981
98, 0.0120396
99, 0.00664716
100, 0.00147647
101, 0.00378053
102, 0.0110721
103, 0.0141792
104, 0.00920876
105, 0.00301813
106, 0.00433966
107, 0.0119352
108, 0.0158022
109, 0.0107849
110, 0.00415496
111, 0.00560919
112, 0.0134974
113, 0.0171542
114, 0.0117093
115, 0.00486392
116, 0.00636141
117, 0.0147564
118, 0.0190074
119, 0.0133188
120, 0.00547847
121, 0.00644362
122, 0.0126571
123, 0.0126086
124, 0.00649783
125, 0.00627264
126, 0.0128158
127, 0.0139461
128, 0.0077894
129, 0.0063666
130, 0.0124387
131, 0.014717
132, 0.0093698
133, 0.00671315
134, 0.0116553
135, 0.0149358
136, 0.0107858
137, 0.00715871
138, 0.0105613
139, 0.0145075
140, 0.0117401
141, 0.00736797
142, 0.00937104
143, 0.0136892
144, 0.011919
145, 0.00727023
146, 0.00827399
147, 0.0125913
148, 0.0115501
149, 0.0069688
150, 0.00740567
151, 0.0115181
152, 0.0110761
153, 0.00683477
154, 0.00669332
155, 0.0107084
156, 0.0110627
157, 0.00690578
158, 0.00606139
159, 0.010225
160, 0.0113852
161, 0.00692649
162, 0.00538013
163, 0.00993434
164, 0.0113371
165, 0.00641705
166, 0.00478008
167, 0.0092486
168, 0.010129
169, 0.00541943
170, 0.00430234
171, 0.00766625
172, 0.0077165
173, 0.0044752
174, 0.00377232
175, 0.00529143
176, 0.00535114
177, 0.00400984
178, 0.00290876
179, 0.00315346
180, 0.00440291
181, 0.00385811
182, 0.00173697
183, 0.00245754
184, 0.0047996
185, 0.00324943
186, 0.000894447
187, 0.00328238
188, 0.00498233
189, 0.00182902
190, 0.00102419
191, 0.00422631
192, 0.00356937
193, 0.000484221
194, 0.00203263
195, 0.00380751
196, 0.00118309
197, 0.000486335
198, 0.00298276
199, 0.00204994
200, 0


0, 0
1, 0.0020246
2, 0.00385038
3, 0.00163014
4, 5.28374e-05
5, 0.0025108
6, 0.00394346
7, 0.00134009
8, 0.000170664
9, 0.00303471
10, 0.00411702
11, 0.00116531
12, 0.000284244
13, 0.00335436
14, 0.00409852
15, 0.000999102
16, 0.000435703
17, 0.00339866
18, 0.0036444
19, 0.000735603
20, 0.000741
21, 0.00338046
22, 0.002937
23, 0.000425853
24, 0.00119102
25, 0.00345051
26, 0.00231564
27, 0.000177491
28, 0.00147707
29, 0.00339892
30, 0.00195047
31, 5.62714e-05
32, 0.00132547
33, 0.00298767
34, 0.00178818
35, 7.53654e-05
36, 0.000794775
37, 0.00223306
38, 0.00172663
39, 0.000301723
40, 0.000306234
41, 0.00136526
42, 0.00154613
43, 0.000815731
44, 0.000538842
45, 0.000886751
46, 0.00117042
47, 0.00147675
48, 0.00170475
49, 0.00116479
50, 0.00074864
51, 0.00193514
52, 0.00317091
53, 0.00202771
54, 0.000493219
55, 0.00177093
56, 0.00376155
57, 0.00272014
58, 0.0005238
59, 0.0010613
60, 0.00300539
61, 0.00266007
62, 0.000723452
63, 0.000345784
64, 0.00155239
65, 0.00195646
66, 0.000929357
67, 4.56517e-05
68, 0.000424103
69, 0.00117723
70, 0.000953827
71, 0.000247972
72, 0.000443687
73, 0.00105846
74, 0.000805735
75, 0.000541907
76, 0.00144653
77, 0.00196295
78, 0.000850001
79, 0.000524934
80, 0.00257234
81, 0.00489796
82, 0.00440102
83, 0.0015231
84, 0.000253137
85, 0.00293372
86, 0.00679335
87, 0.00713032
88, 0.00336702
89, 0.000217398
90, 0.0019725
91, 0.00687042
92, 0.00903079
93, 0.00578882
94, 0.00113882
95, 0.000925141
96, 0.00558167
97, 0.00955081
98, 0.00798707
99, 0.00284794
100, 0.000791761
101, 0.00482471
102, 0.0100496
103, 0.00977438
104, 0.00451904
105, 0.00155384
106, 0.00529355
107, 0.0112958
108, 0.0118994
109, 0.00644806
110, 0.0024646
111, 0.0060095
112, 0.0132033
113, 0.0149524
114, 0.00901634
115, 0.00333975
116, 0.00592831
117, 0.0141239
118, 0.0176308
119, 0.0119444
120, 0.00462966
121, 0.00540961
122, 0.0109961
123, 0.0112842
124, 0.00611156
125, 0.00523972
126, 0.0103366
127, 0.0122452
128, 0.0079032
129, 0.00555706
130, 0.00951123
131, 0.0128303
132, 0.00985193
133, 0.00626447
134, 0.00885992
135, 0.0131676
136, 0.0115265
137, 0.00722927
138, 0.00846984
139, 0.0132062
140, 0.0128142
141, 0.00822629
142, 0.00824344
143, 0.0128339
144, 0.0134595
145, 0.00910366
146, 0.0078184
147, 0.0118519
148, 0.01361
149, 0.00969154
150, 0.00708913
151, 0.0104943
152, 0.0134808
153, 0.0099631
154, 0.00614666
155, 0.00934632
156, 0.0132495
157, 0.009755
158, 0.00545763
159, 0.00876828
160, 0.0127579
161, 0.00921831
162, 0.00540842
163, 0.0085906
164, 0.0116168
165, 0.00874145
166, 0.00615093
167, 0.00804068
168, 0.00983479
169, 0.00880484
170, 0.00714538
171, 0.00664862
172, 0.00805438
173, 0.00941114
174, 0.00724666
175, 0.0046755
176, 0.00715828
177, 0.00961836
178, 0.00570391
179, 0.00304899
180, 0.00721804
181, 0.00826777
182, 0.00307052
183, 0.00287166
184, 0.00725519
185, 0.00522114
186, 0.00124692
187, 0.00427061
188, 0.00617319
189, 0.00195887
190, 0.00187973
191, 0.00594643
192, 0.00375942
193, 0.000549639
194, 0.00461409
195, 0.00619401
196, 0.00113494
197, 0.00177177
198, 0.0070743
199, 0.00439537
200, 0


0, 0
1, 0.00192869
2, 0.00372658
3, 0.00166736
4, 3.25577e-05
5, 0.00242767
6, 0.00413822
7, 0.00163534
8, 9.75219e-05
9, 0.00297231
10, 0.00460733
11, 0.00163969
12, 0.000164858
13, 0.00339553
14, 0.00485705
15, 0.00156978
16, 0.00021211
17, 0.00348018
18, 0.00464011
19, 0.00138047
20, 0.000219912
21, 0.00306792
22, 0.00385549
23, 0.00106583
24, 0.000198292
25, 0.00236984
26, 0.00281643
27, 0.000717997
28, 0.000189356
29, 0.0018834
30, 0.00224316
31, 0.000587394
32, 0.000167066
33, 0.0018494
34, 0.00250751
35, 0.000851078
36, 0.000103641
37, 0.00205117
38, 0.003272
39, 0.00141047
40, 0.000100996
41, 0.00218105
42, 0.00384888
43, 0.0019716
44, 0.000292889
45, 0.00198332
46, 0.00359337
47, 0.00221986
48, 0.000765379
49, 0.0015599
50, 0.00245009
51, 0.00197329
52, 0.00137584
53, 0.0011837
54, 0.00104228
55, 0.00139189
56, 0.00179731
57, 0.00105826
58, 0.000174613
59, 0.000825499
60, 0.00169226
61, 0.000957274
62, 3.29671e-05
63, 0.000518307
64, 0.00108061
65, 0.000575215
66, 0.000220681
67, 0.000609998
68, 0.000625675
69, 0.000140634
70, 0.000288779
71, 0.000981324
72, 0.000984743
73, 0.000243697
74, 0.000133621
75, 0.00127566
76, 0.00222509
77, 0.00137941
78, 0.000101319
79, 0.00120988
80, 0.00370213
81, 0.00481123
82, 0.00289155
83, 0.000283203
84, 0.000873348
85, 0.00466855
86, 0.00718459
87, 0.00524364
88, 0.00123432
89, 0.000287043
90, 0.00378646
91, 0.00755717
92, 0.00695316
93, 0.00272115
94, 0.000186674
95, 0.00257722
96, 0.00686809
97, 0.00765056
98, 0.00404634
99, 0.000688803
100, 0.00186845
101, 0.00623619
102, 0.0084251
103, 0.00570568
104, 0.00156679
105, 0.0015223
106, 0.00614436
107, 0.0100999
108, 0.00851616
109, 0.00334218
110, 0.00137243
111, 0.00587225
112, 0.0118812
113, 0.0121374
114, 0.00642864
115, 0.00215628
116, 0.00510977
117, 0.0121077
118, 0.0148755
119, 0.0103067
120, 0.00431758
121, 0.0044109
122, 0.0086894
123, 0.00984973
124, 0.00614975
125, 0.0043879
126, 0.00793067
127, 0.0106918
128, 0.00794549
129, 0.00488731
130, 0.00728203
131, 0.0110817
132, 0.00958586
133, 0.00578856
134, 0.00694733
135, 0.0111264
136, 0.0109501
137, 0.00708045
138, 0.00682134
139, 0.0109005
140, 0.0122526
141, 0.00866547
142, 0.00681747
143, 0.0104324
144, 0.0134825
145, 0.0104222
146, 0.00680942
147, 0.00991003
148, 0.0144926
149, 0.0118418
150, 0.00686772
151, 0.00939513
152, 0.0146833
153, 0.0122892
154, 0.00698226
155, 0.00893841
156, 0.0134951
157, 0.0116001
158, 0.00746132
159, 0.00841335
160, 0.0111923
161, 0.0105996
162, 0.00849087
163, 0.00770101
164, 0.0086895
165, 0.0104913
166, 0.00981821
167, 0.00663041
168, 0.00724163
169, 0.011623
170, 0.0105088
171, 0.00529149
172, 0.00752196
173, 0.0130234
174, 0.00945727
175, 0.00431987
176, 0.0091594
177, 0.0129367
178, 0.00672876
179, 0.00457313
180, 0.0109097
181, 0.0102687
182, 0.00376225
183, 0.00638473
184, 0.0111699
185, 0.0057695
186, 0.00253604
187, 0.00893249
188, 0.00902478
189, 0.00170817
190, 0.00413935
191, 0.0105101
192, 0.00516723
193, 0.000410672
194, 0.00762857
195, 0.00968943
196, 0.00150213
197, 0.00252546
198, 0.0104644
199, 0.00646242
200, 0


0, 0
1, 0.00237076
2, 0.00470136
3, 0.00231363
4, 2.84391e-05
5, 0.00240932
6, 0.00456234
7, 0.00213727
8, 6.14966e-05
9, 0.00249988
10, 0.00442091
11, 0.00192347
12, 4.96963e-05
13, 0.00249645
14, 0.00421644
15, 0.00176365
16, 2.35241e-05
17, 0.00229211
18, 0.00393443
19, 0.00179044
20, 3.45862e-05
21, 0.00182781
22, 0.0035868
23, 0.0020638
24, 0.000112697
25, 0.00122178
26, 0.00326745
27, 0.00248367
28, 0.000256654
29, 0.000741257
30, 0.00309888
31, 0.00280997
32, 0.000421803
33, 0.00077985
34, 0.00333353
35, 0.00293782
36, 0.000474442
37, 0.0012993
38, 0.00399044
39, 0.00298045
40, 0.00038991
41, 0.0018121
42, 0.00448032
43, 0.00285124
44, 0.000241991
45, 0.00188762
46, 0.00420264
47, 0.00240626
48, 0.000112098
49, 0.0014125
50, 0.0029741
51, 0.00156811
52, 4.86451e-05
53, 0.000709606
54, 0.00136751
55, 0.000640031
56, 2.15517e-05
57, 0.00016253
58, 0.000233428
59, 9.51282e-05
60, 2.12547e-05
61, 1.34743e-05
62, 0.00022417
63, 0.000425544
64, 0.000137885
65, 0.000108276
66, 0.00107111
67, 0.00154947
68, 0.000517304
69, 0.000149183
70, 0.0018188
71, 0.0027885
72, 0.00126383
73, 0.000182032
74, 0.00179783
75, 0.00339792
76, 0.00229978
77, 0.000561195
78, 0.00108236
79, 0.00290377
80, 0.00318238
81, 0.00237857
82, 0.00100242
83, 0.000401706
84, 0.00177914
85, 0.00419396
86, 0.00480835
87, 0.00250063
88, 0.000126432
89, 0.00112021
90, 0.00459754
91, 0.00621476
92, 0.00387228
93, 0.000660445
94, 0.000831458
95, 0.00431728
96, 0.00676646
97, 0.00510069
98, 0.00148497
99, 0.000536731
100, 0.00363879
101, 0.00719154
102, 0.00690347
103, 0.00306218
104, 0.00041164
105, 0.00247116
106, 0.00704242
107, 0.00884362
108, 0.00574889
109, 0.00147615
110, 0.0012324
111, 0.00556851
112, 0.00964111
113, 0.0088909
114, 0.00435687
115, 0.00144455
116, 0.00377579
117, 0.00907728
118, 0.0115361
119, 0.00851963
120, 0.00376
121, 0.0031821
122, 0.0065968
123, 0.00836078
124, 0.00559683
125, 0.00355053
126, 0.00626268
127, 0.00913016
128, 0.00731169
129, 0.00438916
130, 0.00581028
131, 0.00928315
132, 0.00890393
133, 0.00558546
134, 0.00539701
135, 0.00901627
136, 0.0104363
137, 0.00712866
138, 0.005116
139, 0.0086974
140, 0.0119126
141, 0.00879738
142, 0.00518942
143, 0.00846143
144, 0.0129904
145, 0.0102569
146, 0.00577155
147, 0.00847645
148, 0.0131448
149, 0.0111664
150, 0.00708571
151, 0.00862057
152, 0.0121301
153, 0.0115319
154, 0.00915611
155, 0.0088251
156, 0.0102004
157, 0.0118322
158, 0.0115731
159, 0.00868099
160, 0.00816001
161, 0.0124099
162, 0.0132751
163, 0.0076942
164, 0.00693407
165, 0.0133487
166, 0.0131629
167, 0.00601658
168, 0.00726762
169, 0.0141607
170, 0.0110056
171, 0.00465839
172, 0.00933728
173, 0.0139472
174, 0.00760078
175, 0.00510239
176, 0.0124012
177, 0.0120566
178, 0.00451327
179, 0.00801869
180, 0.0149586
181, 0.00854811
182, 0.00333847
183, 0.0124746
184, 0.0153394
185, 0.00447153
186, 0.0047674
187, 0.0162684
188, 0.0125494
189, 0.00143367
190, 0.00809675
191, 0.0170498
192, 0.0073437
193, 0.000868518
194, 0.011685
195, 0.0139544
196, 0.00218453
197, 0.00345693
198, 0.0139442
199, 0.00851765
200, 0


0, 0
1, 0.00272307
2, 0.00544096
3, 0.00275969
4, 2.91376e-06
5, 0.00235251
6, 0.00480121
7, 0.00250163
8, 1.32072e-05
9, 0.00179652
10, 0.00387771
11, 0.00217381
12, 4.39452e-05
13, 0.00125251
14, 0.00313365
15, 0.00212699
16, 0.00016364
17, 0.000793483
18, 0.00280103
19, 0.00254013
20, 0.000443254
21, 0.00048418
22, 0.00297844
23, 0.00349115
24, 0.00092946
25, 0.000309352
26, 0.00343652
27, 0.00465112
28, 0.00149511
29, 0.000244691
30, 0.00376748
31, 0.00533542
32, 0.00182071
33, 0.00027674
34, 0.00370121
35, 0.00501662
36, 0.00160973
37, 0.000394705
38, 0.00331979
39, 0.00385797
40, 0.000928074
41, 0.000536685
42, 0.00282806
43, 0.00250372
44, 0.000275056
45, 0.000647557
46, 0.0022341
47, 0.00142948
48, 8.81343e-05
49, 0.000804262
50, 0.00155388
51, 0.000764434
52, 0.000428095
53, 0.00102484
54, 0.000829124
55, 0.000345283
56, 0.000961808
57, 0.00131398
58, 0.000387776
59, 0.000128508
60, 0.00122963
61, 0.00152695
62, 0.000559359
63, 0.000337314
64, 0.00112686
65, 0.00147522
66, 0.00135342
67, 0.00129513
68, 0.00102331
69, 0.00111783
70, 0.00225337
71, 0.00267974
72, 0.00124804
73, 0.000625033
74, 0.00256264
75, 0.00375777
76, 0.00183839
77, 0.000333941
78, 0.00219063
79, 0.00395728
80, 0.00235579
81, 0.000629831
82, 0.000605606
83, 0.00184987
84, 0.00278334
85, 0.00257825
86, 0.00150661
87, 0.000418751
88, 0.000352807
89, 0.0017321
90, 0.00336714
91, 0.00327961
92, 0.00131375
93, 1.1581e-05
94, 0.00164718
95, 0.0047973
96, 0.00564543
97, 0.00302053
98, 0.000317461
99, 0.00129725
100, 0.00511236
101, 0.00729035
102, 0.00523874
103, 0.00144176
104, 0.000441996
105, 0.00343323
106, 0.00698843
107, 0.00718282
108, 0.00389355
109, 0.000807393
110, 0.00135887
111, 0.00502998
112, 0.00785596
113, 0.00682996
114, 0.0031388
115, 0.00096556
116, 0.00293125
117, 0.00707422
118, 0.00884688
119, 0.00640138
120, 0.00272
121, 0.00223632
122, 0.00484472
123, 0.00634106
124, 0.00444263
125, 0.00269884
126, 0.00446503
127, 0.00716999
128, 0.00649929
129, 0.00370554
130, 0.00404562
131, 0.00770122
132, 0.00857258
133, 0.0050457
134, 0.00377663
135, 0.00786091
136, 0.0101982
137, 0.00642922
138, 0.00389235
139, 0.00774649
140, 0.0108295
141, 0.00763877
142, 0.00470199
143, 0.007419
144, 0.010309
145, 0.00864973
146, 0.006452
147, 0.00718962
148, 0.00894978
149, 0.0097897
150, 0.00906918
151, 0.00718835
152, 0.00753668
153, 0.0113007
154, 0.0119458
155, 0.00722605
156, 0.00681474
157, 0.0131964
158, 0.0138473
159, 0.00688058
160, 0.00717928
161, 0.0149853
162, 0.0137607
163, 0.00606653
164, 0.00883646
165, 0.0159803
166, 0.0114627
167, 0.00544668
168, 0.0115524
169, 0.0155275
170, 0.00774001
171, 0.00610116
172, 0.0147303
173, 0.0133427
174, 0.004296
175, 0.00881766
176, 0.0174296
177, 0.00985235
178, 0.00277833
179, 0.0133062
180, 0.01835
181, 0.00589276
182, 0.00406381
183, 0.0180357
184, 0.0165567
185, 0.00257956
186, 0.00791289
187, 0.0210061
188, 0.0121158
189, 0.00121594
190, 0.0132646
191, 0.0209238
192, 0.00644399
193, 0.00270349
194, 0.0184953
195, 0.0177695
196, 0.00178498
197, 0.00691159
198, 0.0217667
199, 0.0125469
200, 0


0, 0
1, 0.00213495
2, 0.0044269
3, 0.00250649
4, 9.18464e-05
5, 0.0016104
6, 0.00401233
7, 0.00284702
8, 0.000362677
9, 0.000939798
10, 0.00332265
11, 0.00318397
12, 0.000770611
13, 0.000356607
14, 0.00272631
15, 0.00357762
16, 0.00124357
17, 9.52945e-05
18, 0.00261067
19, 0.00421853
20, 0.00178651
21, 0.000100512
22, 0.0028229
23, 0.00489473
24, 0.00222102
25, 0.000164382
26, 0.00309419
27, 0.0053425
28, 0.00236478
29, 0.000135276
30, 0.00317329
31, 0.00531601
32, 0.00219805
33, 5.6573e-05
34, 0.00288203
35, 0.0045944
36, 0.00174415
37, 5.97705e-05
38, 0.00223672
39, 0.00318077
40, 0.00105797
41, 0.000215873
42, 0.00152292
43, 0.00158436
44, 0.000456832
45, 0.000542328
46, 0.000993876
47, 0.000492055
48, 0.00046104
49, 0.00111966
50, 0.000699895
51, 9.74958e-05
52, 0.00119358
53, 0.00200813
54, 0.000666259
55, 0.000174647
56, 0.00230124
57, 0.00306976
58, 0.000827951
59, 0.000352951
60, 0.00311759
61, 0.00380174
62, 0.00108992
63, 0.00043881
64, 0.00305688
65, 0.00378771
66, 0.00143897
67, 0.000567527
68, 0.00229241
69, 0.00300071
70, 0.00175819
71, 0.00108968
72, 0.00150006
73, 0.00172483
74, 0.00184743
75, 0.0018565
76, 0.00109379
77, 0.000667923
78, 0.00180296
79, 0.00253082
80, 0.00114112
81, 0.000175962
82, 0.00107839
83, 0.00273678
84, 0.00295902
85, 0.00145634
86, 0.000172676
87, 0.000566137
88, 0.00191516
89, 0.00262582
90, 0.00209146
91, 0.000965102
92, 0.000247352
93, 0.000660626
94, 0.00215704
95, 0.00352079
96, 0.00317126
97, 0.00122303
98, 5.14439e-08
99, 0.0014728
100, 0.00447675
101, 0.00573125
102, 0.00372647
103, 0.000826579
104, 0.000568003
105, 0.00347681
106, 0.00640444
107, 0.00613771
108, 0.00302521
109, 0.000574197
110, 0.00155656
111, 0.00486883
112, 0.00681754
113, 0.00538075
114, 0.00221637
115, 0.000822962
116, 0.00268524
117, 0.00578779
118, 0.00688911
119, 0.00494367
120, 0.00208656
121, 0.00149157
122, 0.00358122
123, 0.00519509
124, 0.00359532
125, 0.00156576
126, 0.00314442
127, 0.00620186
128, 0.00542444
129, 0.00222977
130, 0.00288506
131, 0.00674953
132, 0.0069777
133, 0.00346442
134, 0.00308992
135, 0.00663726
136, 0.00767885
137, 0.00505918
138, 0.00408155
139, 0.00598964
140, 0.00734842
141, 0.00695961
142, 0.00592956
143, 0.00524209
144, 0.00650201
145, 0.00905387
146, 0.008287
147, 0.00473179
148, 0.00594374
149, 0.0111742
150, 0.010229
151, 0.00445759
152, 0.00620642
153, 0.0130057
154, 0.0109221
155, 0.0042938
156, 0.00765275
157, 0.0142881
158, 0.0100597
159, 0.00447379
160, 0.0103227
161, 0.0149142
162, 0.00801983
163, 0.00556866
164, 0.0140142
165, 0.0146343
166, 0.00560428
167, 0.00794874
168, 0.017942
169, 0.0132232
170, 0.00363729
171, 0.0115288
172, 0.0208489
173, 0.0105961
174, 0.00290103
175, 0.0156804
176, 0.0213907
177, 0.00693788
178, 0.00400075
179, 0.0194369
180, 0.0189801
181, 0.00328989
182, 0.00731211
183, 0.0221896
184, 0.0143346
185, 0.00118025
186, 0.0127883
187, 0.0235762
188, 0.00892163
189, 0.00185974
190, 0.0196062
191, 0.0232238
192, 0.00418894
193, 0.00544228
194, 0.0259739
195, 0.0208692
196, 0.00107362
197, 0.010872
198, 0.0298023
199, 0.0165108
200, 0


0, 0
1, 0.00114181
2, 0.00270285
3, 0.00209029
4, 0.000304837
5, 0.000522253
6, 0.00277798
7, 0.00335344
8, 0.00110196
9, 0.000171823
10, 0.0029216
11, 0.00473523
12, 0.00212036
13, 1.82803e-05
14, 0.00299245
15, 0.0057799
16, 0.00298512
17, 3.29542e-05
18, 0.002842
19, 0.0059436
20, 0.00322963
21, 0.000101056
22, 0.002588
23, 0.00539177
24, 0.0028695
25, 8.30635e-05
26, 0.00223076
27, 0.004439
28, 0.00216902
29, 7.365e-06
30, 0.00181718
31, 0.00332685
32, 0.00144785
33, 7.71467e-05
34, 0.00150892
35, 0.00226731
36, 0.000951683
37, 0.000539413
38, 0.00148022
39, 0.00138351
40, 0.000773633
41, 0.00139025
42, 0.00170266
43, 0.00068154
44, 0.000769489
45, 0.00230158
46, 0.00200594
47, 0.000219109
48, 0.000900851
49, 0.00304268
50, 0.00219966
51, 9.6374e-05
52, 0.00138685
53, 0.00357729
54, 0.00210063
55, 0.00017618
56, 0.00210797
57, 0.00400371
58, 0.0019141
59, 0.000270783
60, 0.00283676
61, 0.00455692
62, 0.00185071
63, 0.000294307
64, 0.00321716
65, 0.00467586
66, 0.00169096
67, 0.0002329
68, 0.00290362
69, 0.00407675
70, 0.0014776
71, 0.000177179
72, 0.00209105
73, 0.002921
74, 0.00117173
75, 0.000243083
76, 0.00115283
77, 0.00158186
78, 0.000947813
79, 0.000590698
80, 0.000621395
81, 0.00085569
82, 0.00139246
83, 0.00201439
84, 0.00182816
85, 0.000724468
86, 0.000178302
87, 0.00130447
88, 0.0029567
89, 0.00304014
90, 0.00143448
91, 0.000155667
92, 0.000633099
93, 0.00210031
94, 0.0028624
95, 0.00231395
96, 0.00111694
97, 0.000273944
98, 0.000380711
99, 0.00147492
100, 0.00285216
101, 0.00324119
102, 0.00199846
103, 0.000315925
104, 0.00033838
105, 0.0025854
106, 0.00487068
107, 0.00466874
108, 0.00222911
109, 0.000482762
110, 0.00155634
111, 0.00433527
112, 0.00586407
113, 0.00462009
114, 0.00196577
115, 0.00076583
116, 0.00247556
117, 0.00548215
118, 0.00659873
119, 0.00445018
120, 0.00134578
121, 0.00103912
122, 0.003656
123, 0.00467172
124, 0.00228471
125, 0.000929727
126, 0.00318461
127, 0.00501514
128, 0.0033314
129, 0.00154469
130, 0.00273339
131, 0.0044798
132, 0.00418296
133, 0.00310577
134, 0.0028777
135, 0.00349775
136, 0.00480286
137, 0.0055559
138, 0.00399624
139, 0.00265276
140, 0.00539387
141, 0.00834904
142, 0.0056141
143, 0.00229798
144, 0.00614351
145, 0.0106247
146, 0.00667837
147, 0.00240703
148, 0.00734259
149, 0.0117695
150, 0.00651338
151, 0.00300679
152, 0.00919024
153, 0.0118623
154, 0.00529713
155, 0.0043889
156, 0.0118017
157, 0.011253
158, 0.00380034
159, 0.00681344
160, 0.0149839
161, 0.0102625
162, 0.00272966
163, 0.0103397
164, 0.018166
165, 0.00895568
166, 0.00255646
167, 0.0145675
168, 0.0204293
169, 0.00720093
170, 0.00353041
171, 0.0187725
172, 0.0208661
173, 0.00500812
174, 0.00578266
175, 0.0223916
176, 0.0189938
177, 0.00274174
178, 0.00944039
179, 0.0251842
180, 0.0153828
181, 0.00122932
182, 0.0145211
183, 0.0269617
184, 0.0109595
185, 0.00136817
186, 0.020421
187, 0.0273529
188, 0.0066634
189, 0.00358033
190, 0.0261391
191, 0.0259844
192, 0.00316037
193, 0.00761007
194, 0.0306787
195, 0.0227332
196, 0.000828117
197, 0.0127278
198, 0.033191
199, 0.0180483
200, 0


0, 0
1, 0.00123251
2, 0.00294855
3, 0.00234014
4, 0.000409299
5, 0.000576244
6, 0.00300506
7, 0.00378118
8, 0.00143592
9, 0.000269668
10, 0.00304499
11, 0.00514768
12, 0.00256918
13, 0.000126779
14, 0.00289516
15, 0.0058699
16, 0.00323499
17, 4.90836e-05
18, 0.00250916
19, 0.00559537
20, 0.00316847
21, 4.50919e-05
22, 0.00196369
23, 0.0044035
24, 0.0024169
25, 0.000111009
26, 0.00147055
27, 0.00286502
28, 0.00144515
29, 0.00033485
30, 0.00123004
31, 0.0015488
32, 0.000736808
33, 0.000827587
34, 0.00134044
35, 0.000744024
36, 0.000492722
37, 0.00163669
38, 0.00181844
39, 0.000385364
40, 0.000616854
41, 0.00279084
42, 0.00267357
43, 0.000325428
44, 0.000912415
45, 0.00401346
46, 0.00362382
47, 0.00044399
48, 0.00103632
49, 0.00462328
50, 0.00422611
51, 0.000623179
52, 0.00103197
53, 0.00468307
54, 0.00423199
55, 0.000660998
56, 0.00117935
57, 0.00436778
58, 0.00346969
59, 0.000449645
60, 0.00141239
61, 0.00388022
62, 0.00246505
63, 0.000180503
64, 0.00174654
65, 0.00359269
66, 0.00170205
67, 4.90472e-05
68, 0.00203061
69, 0.00339392
70, 0.00127531
71, 7.38542e-05
72, 0.00221644
73, 0.00316847
74, 0.000980228
75, 0.000139177
76, 0.00214409
77, 0.00273414
78, 0.000782903
79, 0.000136461
80, 0.00165284
81, 0.00278491
82, 0.00214286
83, 0.000905149
84, 0.000458124
85, 0.000723437
86, 0.00106277
87, 0.00143988
88, 0.00189518
89, 0.00184821
90, 0.000972285
91, 0.000183788
92, 0.0007263
93, 0.00231975
94, 0.00318677
95, 0.00224451
96, 0.000576348
97, 0.000100432
98, 0.00116744
99, 0.00241084
100, 0.00251877
101, 0.00155571
102, 0.000473954
103, 5.68672e-05
104, 0.000532263
105, 0.00161503
106, 0.00253461
107, 0.00242639
108, 0.00120699
109, 0.000128785
110, 0.0007658
111, 0.00314976
112, 0.00506127
113, 0.00421008
114, 0.00148207
115, 0.000438364
116, 0.00289187
117, 0.0061535
118, 0.00629818
119, 0.00324412
120, 0.000809922
121, 0.00167681
122, 0.00345355
123, 0.00303284
124, 0.0015621
125, 0.00142483
126, 0.00224553
127, 0.00278105
128, 0.00283924
129, 0.00221356
130, 0.00139026
131, 0.00231962
132, 0.00442722
133, 0.00396385
134, 0.00128998
135, 0.00193464
136, 0.0058738
137, 0.00588069
138, 0.00166643
139, 0.00189087
140, 0.00695978
141, 0.00707037
142, 0.00201057
143, 0.00246238
144, 0.00802911
145, 0.00730477
146, 0.00201436
147, 0.00396658
148, 0.00956497
149, 0.00683887
150, 0.00186651
151, 0.00651757
152, 0.0116778
153, 0.00597505
154, 0.00193726
155, 0.00991345
156, 0.0139133
157, 0.00493709
158, 0.00253019
159, 0.0136737
160, 0.015609
161, 0.00381025
162, 0.00379589
163, 0.0171939
164, 0.0162375
165, 0.00266009
166, 0.00585541
167, 0.0202187
168, 0.015497
169, 0.00162047
170, 0.0089622
171, 0.0229646
172, 0.0137455
173, 0.00100196
174, 0.0133562
175, 0.0257309
176, 0.0115367
177, 0.00113346
178, 0.0186948
179, 0.0284152
180, 0.00932775
181, 0.00209934
182, 0.0240252
183, 0.0300664
184, 0.00713507
185, 0.0037964
186, 0.0283782
187, 0.0297562
188, 0.00479964
189, 0.00621269
190, 0.0314052
191, 0.0272215
192, 0.00244766
193, 0.00944265
194, 0.0331166
195, 0.0230322
196, 0.00066419
197, 0.0134918
198, 0.0338524
199, 0.0181888
200, 0


0, 0
1, 0.00266455
2, 0.00561544
3, 0.00338584
4, 0.000228537
5, 0.00181207
6, 0.0048838
7, 0.0038541
8, 0.00076588
9, 0.000944189
10, 0.00362139
11, 0.00387404
12, 0.0012655
13, 0.000279013
14, 0.00237276
15, 0.00351296
16, 0.00149502
17, 4.29115e-06
18, 0.00158691
19, 0.00291829
20, 0.00145242
21, 0.000232285
22, 0.00137533
23, 0.00215804
24, 0.00119869
25, 0.000902306
26, 0.00166062
27, 0.00139836
28, 0.000814809
29, 0.00169179
30, 0.00222547
31, 0.000866381
32, 0.000516692
33, 0.00247747
34, 0.00287233
35, 0.000626326
36, 0.000489489
37, 0.00322806
38, 0.00344796
39, 0.000649594
40, 0.000616698
41, 0.00374982
42, 0.00396018
43, 0.000815199
44, 0.000729539
45, 0.00423059
46, 0.00449075
47, 0.000948752
48, 0.000811166
49, 0.00461065
50, 0.00483486
51, 0.00100287
52, 0.000705471
53, 0.0044755
54, 0.00473063
55, 0.000975878
56, 0.000573483
57, 0.00391907
58, 0.00400857
59, 0.000732739
60, 0.00054651
61, 0.00325626
62, 0.00300157
63, 0.000378755
64, 0.000697595
65, 0.00280859
66, 0.00199311
67, 7.04291e-05
68, 0.00110021
69, 0.00264691
70, 0.00128381
71, 1.7466e-05
72, 0.00171672
73, 0.00280364
74, 0.000946557
75, 0.000129743
76, 0.00223153
77, 0.00303521
78, 0.000924767
79, 0.000154652
80, 0.00226971
81, 0.00419329
82, 0.00335374
83, 0.000977387
84, 2.7347e-05
85, 0.00129773
86, 0.00280051
87, 0.00267068
88, 0.00135386
89, 0.000463667
90, 0.000524478
91, 0.000882711
92, 0.00114141
93, 0.00146867
94, 0.00171578
95, 0.00131755
96, 0.000419808
97, 8.58748e-05
98, 0.000953683
99, 0.00222071
100, 0.00248315
101, 0.00143608
102, 0.00021911
103, 0.000154791
104, 0.00128647
105, 0.00240009
106, 0.00237236
107, 0.00132575
108, 0.000292333
109, 0.000195898
110, 0.0012174
111, 0.0026222
112, 0.00305558
113, 0.00186296
114, 0.00031712
115, 0.0003622
116, 0.00211242
117, 0.00366916
118, 0.00359842
119, 0.00245267
120, 0.00150172
121, 0.00130863
122, 0.00182419
123, 0.00309753
124, 0.00304998
125, 0.00120471
126, 0.00111514
127, 0.00386683
128, 0.00460378
129, 0.00156045
130, 0.000599392
131, 0.00413999
132, 0.00562464
133, 0.00205487
134, 0.000443079
135, 0.00422
136, 0.00600794
137, 0.00219432
138, 0.000673966
139, 0.00477613
140, 0.00610478
141, 0.00187522
142, 0.00132128
143, 0.00628718
144, 0.00648877
145, 0.00134875
146, 0.00240194
147, 0.00873304
148, 0.00738828
149, 0.000903384
150, 0.0038474
151, 0.0118319
152, 0.00859183
153, 0.000597802
154, 0.00559853
155, 0.0149561
156, 0.00953384
157, 0.000403081
158, 0.00768616
159, 0.0175464
160, 0.00953037
161, 0.000361119
162, 0.0102514
163, 0.019421
164, 0.00852371
165, 0.000660528
166, 0.0136242
167, 0.0209827
168, 0.00700274
169, 0.00149138
170, 0.017893
171, 0.0228604
172, 0.00564126
173, 0.0028638
174, 0.0226163
175, 0.0250095
176, 0.00468532
177, 0.00453658
178, 0.0270874
179, 0.0268012
180, 0.00393027
181, 0.00629604
182, 0.0306771
183, 0.0275076
184, 0.00310737
185, 0.00810624
186, 0.0330912
187, 0.0268474
188, 0.00214034
189, 0.0101152
190, 0.0344786
191, 0.024828
192, 0.00112775
193, 0.0124448
194, 0.035108
195, 0.0219041
196, 0.00032048
197, 0.0152643
198, 0.0353753
199, 0.0185628
200, 0


0, 0
1, 0.00363081
2, 0.0073611
3, 0.00393891
4, 3.33437e-05
5, 0.00264266
6, 0.00587375
7, 0.00340005
8, 0.000105634
9, 0.00150424
10, 0.00375085
11, 0.0023777
12, 0.000185541
13, 0.000662956
14, 0.00189636
15, 0.00135953
16, 0.000277693
17, 0.000420777
18, 0.000933087
19, 0.000645043
20, 0.00036168
21, 0.000887013
22, 0.00111363
23, 0.00038797
24, 0.000441606
25, 0.00192366
26, 0.0022008
27, 0.000505582
28, 0.000508472
29, 0.00312317
30, 0.00359623
31, 0.000831912
32, 0.000480058
33, 0.00389388
34, 0.00473292
35, 0.0012667
36, 0.000388449
37, 0.00419897
38, 0.00536387
39, 0.0015543
40, 0.00039431
41, 0.00416036
42, 0.00525171
43, 0.00151993
44, 0.00041049
45, 0.00385915
46, 0.00474647
47, 0.0013164
48, 0.000387964
49, 0.00347729
50, 0.00410669
51, 0.00101197
52, 0.00036579
53, 0.00323414
54, 0.00369695
55, 0.000820548
56, 0.000415222
57, 0.00321093
58, 0.00345251
59, 0.000681919
60, 0.000526635
61, 0.00316518
62, 0.00309875
63, 0.000494236
64, 0.000660979
65, 0.00307434
66, 0.00261472
67, 0.000266379
68, 0.000772021
69, 0.00281901
70, 0.00207825
71, 0.000113946
72, 0.000889987
73, 0.00260836
74, 0.00165878
75, 3.74894e-05
76, 0.00105711
77, 0.00264641
78, 0.00159169
79, 1.9257e-05
80, 0.00119524
81, 0.0037045
82, 0.00410166
83, 0.00185268
84, 4.43382e-05
85, 0.00113019
86, 0.00360182
87, 0.00415271
88, 0.00219051
89, 0.000233318
90, 0.000328333
91, 0.00173929
92, 0.00245024
93, 0.00177167
94, 0.000673645
95, 0.00019803
96, 0.000373404
97, 0.000661276
98, 0.000935151
99, 0.00139063
100, 0.00170693
101, 0.00123238
102, 0.000292373
103, 0.000327545
104, 0.00180094
105, 0.00304801
106, 0.00238874
107, 0.000673774
108, 1.73224e-05
109, 0.000895946
110, 0.00188053
111, 0.00183332
112, 0.00108138
113, 0.00041434
114, 9.97334e-05
115, 9.04962e-05
116, 0.000486841
117, 0.00146878
118, 0.0026206
119, 0.0027179
120, 0.00121777
121, 2.03376e-05
122, 0.00175017
123, 0.00415657
124, 0.00260393
125, 8.81502e-05
126, 0.00236052
127, 0.00554842
128, 0.0032131
129, 0.000184762
130, 0.00294651
131, 0.00580037
132, 0.00276549
133, 0.000304951
134, 0.00365126
135, 0.00566771
136, 0.0019978
137, 0.00050016
138, 0.00477539
139, 0.00616088
140, 0.00160655
141, 0.00077265
142, 0.00640238
143, 0.00758971
144, 0.001697
145, 0.00108511
146, 0.00831241
147, 0.00950209
148, 0.00202718
149, 0.00139597
150, 0.0101896
151, 0.0112762
152, 0.00225447
153, 0.00177111
154, 0.0119486
155, 0.012595
156, 0.00219402
157, 0.00246096
158, 0.0140967
159, 0.0137114
160, 0.00185147
161, 0.0037178
162, 0.0172385
163, 0.015152
164, 0.00144695
165, 0.00553785
166, 0.021267
167, 0.0170387
168, 0.00117604
169, 0.00751623
170, 0.0253444
171, 0.0189017
172, 0.00103542
173, 0.00923156
174, 0.0285719
175, 0.0201772
176, 0.000892049
177, 0.0105862
178, 0.0307279
179, 0.0206847
180, 0.000680596
181, 0.0118574
182, 0.0322698
183, 0.0205752
184, 0.000439633
185, 0.0132715
186, 0.033684
187, 0.020262
188, 0.000238928
189, 0.0149163
190, 0.0351594
191, 0.0198957
192, 0.000103081
193, 0.0165957
194, 0.0364889
195, 0.0194605
196, 2.56909e-05
197, 0.0179658
198, 0.037274
199, 0.0188548
200, 0


0, 0
1, 0.0026323
2, 0.00521686
3, 0.00269042
4, 0.00023315
5, 0.00234715
6, 0.00423664
7, 0.0023223
8, 0.000761562
9, 0.00205119
10, 0.00276445
11, 0.00161168
12, 0.00129458
13, 0.00195476
14, 0.00146664
15, 0.000768082
16, 0.00161997
17, 0.00219495
18, 0.00089179
19, 0.000172361
20, 0.0016704
21, 0.00262488
22, 0.00117585
23, 1.66081e-05
24, 0.00141712
25, 0.0031154
26, 0.00219442
27, 0.000279667
28, 0.00105371
29, 0.00372877
30, 0.00372229
31, 0.000887707
32, 0.000684971
33, 0.00411843
34, 0.00500693
35, 0.00151745
36, 0.000358586
37, 0.00403862
38, 0.00555501
39, 0.0018924
40, 0.00018004
41, 0.00365195
42, 0.00527943
43, 0.00184674
44, 0.000108563
45, 0.00310994
46, 0.00450759
47, 0.00149835
48, 0.000130567
49, 0.00277013
50, 0.00369191
51, 0.00103027
52, 0.000224073
53, 0.00260981
54, 0.00304085
55, 0.000645416
56, 0.000396117
57, 0.00271082
58, 0.00272398
59, 0.000430386
60, 0.000603884
61, 0.00296009
62, 0.00278227
63, 0.000436455
64, 0.00065424
65, 0.00309771
66, 0.00301845
67, 0.000590837
68, 0.000488734
69, 0.00285619
70, 0.00314843
71, 0.000803328
72, 0.000251278
73, 0.00239163
74, 0.00299228
75, 0.000896582
76, 0.000119056
77, 0.00196998
78, 0.00265267
79, 0.000818998
80, 0.000107687
81, 0.00194145
82, 0.00353457
83, 0.0026339
84, 0.000564016
85, 0.000189845
86, 0.00200502
87, 0.00365797
88, 0.00311174
89, 0.00107509
90, 0.000114437
91, 0.00157198
92, 0.00372774
93, 0.00382579
94, 0.00168819
95, 4.12669e-05
96, 0.000819355
97, 0.00258317
98, 0.00282156
99, 0.00146356
100, 0.000365314
101, 0.000330332
102, 0.000636656
103, 0.000731205
104, 0.000792936
105, 0.000853996
106, 0.000665765
107, 0.000315263
108, 7.8717e-05
109, 0.000150836
110, 0.000790843
111, 0.00193288
112, 0.00250474
113, 0.00157051
114, 0.000184901
115, 0.000488727
116, 0.00251434
117, 0.00390664
118, 0.00306866
119, 0.00113415
120, 0.000260441
121, 0.00129756
122, 0.00244227
123, 0.00172701
124, 0.000212605
125, 0.000884352
126, 0.0029893
127, 0.0023406
128, 9.0009e-05
129, 0.00161063
130, 0.00461903
131, 0.00278355
132, 2.10143e-05
133, 0.00334579
134, 0.00684239
135, 0.00307629
136, 9.47734e-05
137, 0.00528573
138, 0.00876766
139, 0.00331087
140, 0.000260638
141, 0.00660724
142, 0.010046
143, 0.00368795
144, 0.000377347
145, 0.00718613
146, 0.0109714
147, 0.00419958
148, 0.00039668
149, 0.00764137
150, 0.0119707
151, 0.00468454
152, 0.000411259
153, 0.00862108
154, 0.0136507
155, 0.00529766
156, 0.000526179
157, 0.0103687
158, 0.0163358
159, 0.00641414
160, 0.000684864
161, 0.0124499
162, 0.0198274
163, 0.00811769
164, 0.000735652
165, 0.0141556
166, 0.0233763
167, 0.0100545
168, 0.000632429
169, 0.0152321
170, 0.0262059
171, 0.0116399
172, 0.000448604
173, 0.0159535
174, 0.0281284
175, 0.0125554
176, 0.000297877
177, 0.0166081
178, 0.0294383
179, 0.012992
180, 0.000232201
181, 0.0174264
182, 0.0306432
183, 0.0133026
184, 0.000228646
185, 0.0184213
186, 0.0321115
187, 0.0138594
188, 0.000220026
189, 0.0193355
190, 0.0339372
191, 0.0149405
192, 0.000153784
193, 0.0197842
194, 0.0358496
195, 0.0165726
196, 5.22021e-05
197, 0.0194774
198, 0.0370919
199, 0.0182627
200, 0


0, 0
1, 0.00079849
2, 0.00147706
3, 0.00075125
4, 0.000529861
5, 0.00138024
6, 0.00139187
7, 0.000960646
8, 0.00187613
9, 0.00248095
10, 0.00118864
11, 0.00104579
12, 0.00337279
13, 0.00374083
14, 0.00105872
15, 0.000889339
16, 0.00418555
17, 0.0046724
18, 0.00118636
19, 0.000499109
20, 0.00418369
21, 0.005265
22, 0.00163248
23, 0.00021187
24, 0.00356669
25, 0.00523876
26, 0.00224197
27, 0.000201314
28, 0.00246744
29, 0.00458742
30, 0.00282854
31, 0.000417603
32, 0.00139543
33, 0.0037989
34, 0.00331884
35, 0.000745783
36, 0.000576895
37, 0.00313385
38, 0.00373577
39, 0.00114389
40, 0.000181345
41, 0.00275962
42, 0.00390045
43, 0.00133805
44, 0.000128144
45, 0.00266383
46, 0.0038227
47, 0.00127414
48, 0.000211432
49, 0.0027073
50, 0.00352418
51, 0.00100371
52, 0.000312772
53, 0.0026946
54, 0.00316159
55, 0.000769077
56, 0.00035324
57, 0.00260247
58, 0.00289375
59, 0.000661767
60, 0.000316595
61, 0.00245766
62, 0.00287985
63, 0.000769123
64, 0.000225928
65, 0.00237916
66, 0.00318446
67, 0.00111921
68, 0.000105925
69, 0.00217572
70, 0.00354454
71, 0.00164495
72, 4.77373e-05
73, 0.0017051
74, 0.00347052
75, 0.0020789
76, 0.00013164
77, 0.00105147
78, 0.00289332
79, 0.00221626
80, 0.000294243
81, 0.000402402
82, 0.00221221
83, 0.00332096
84, 0.00221861
85, 0.000334942
86, 0.000347706
87, 0.0024612
88, 0.00373823
89, 0.00219858
90, 0.000139311
91, 0.000894016
92, 0.00360498
93, 0.00432454
94, 0.002054
95, 0.000152661
96, 0.00110028
97, 0.00305028
98, 0.00319901
99, 0.00172496
100, 0.000543406
101, 0.000368015
102, 0.000707089
103, 0.00117951
104, 0.00147873
105, 0.00118087
106, 0.000545349
107, 0.000360118
108, 0.00069836
109, 0.00110193
110, 0.00171314
111, 0.00263469
112, 0.00271761
113, 0.00133691
114, 0.000376544
115, 0.00177253
116, 0.0037975
117, 0.00328585
118, 0.000841197
119, 0.000133165
120, 0.0019764
121, 0.00314402
122, 0.00104232
123, 0.000226831
124, 0.00224443
125, 0.00293275
126, 0.00121634
127, 0.000566994
128, 0.00233435
129, 0.00383668
130, 0.00262644
131, 0.000777817
132, 0.00255006
133, 0.00603355
134, 0.0046647
135, 0.0007432
136, 0.0031649
137, 0.00869513
138, 0.00630821
139, 0.000560605
140, 0.00408753
141, 0.0108417
142, 0.00704935
143, 0.00038146
144, 0.00510063
145, 0.012195
146, 0.00723666
147, 0.000393864
148, 0.00602759
149, 0.0133352
150, 0.00788926
151, 0.000700117
152, 0.00670876
153, 0.0150815
154, 0.00981111
155, 0.00125868
156, 0.0069674
157, 0.0172725
158, 0.0127287
159, 0.00199635
160, 0.00661769
161, 0.0190883
162, 0.0157964
163, 0.00280774
164, 0.00573309
165, 0.0200553
166, 0.0183871
167, 0.00362678
168, 0.00464771
169, 0.0203625
170, 0.0205143
171, 0.00447001
172, 0.00368909
173, 0.0206133
174, 0.0225633
175, 0.00539204
176, 0.00300326
177, 0.0211702
178, 0.0247543
179, 0.00643817
180, 0.00248818
181, 0.0218459
182, 0.0271281
183, 0.00772827
184, 0.00198622
185, 0.0222509
186, 0.0295337
187, 0.00941688
188, 0.00140207
189, 0.0220202
190, 0.0316587
191, 0.011487
192, 0.00075125
193, 0.0208706
194, 0.0332688
195, 0.013905
196, 0.000212401
197, 0.0189319
198, 0.0341312
199, 0.0164569
200, 0


0, 0
1, 0.000159228
2, 0.000150234
3, 3.63073e-05
4, 0.000579835
5, 0.000919143
6, 0.000214493
7, 0.000308092
8, 0.00199988
9, 0.00233048
10, 0.000451746
11, 0.000575114
12, 0.00373097
13, 0.00430781
14, 0.000947066
15, 0.000679175
16, 0.00516023
17, 0.00612659
18, 0.00156272
19, 0.000548494
20, 0.00552103
21, 0.00700624
22, 0.00210037
23, 0.000305408
24, 0.00485551
25, 0.00668714
26, 0.00232737
27, 9.96719e-05
28, 0.00355563
29, 0.00549916
30, 0.00229735
31, 1.38767e-05
32, 0.00224653
33, 0.00408202
34, 0.00207509
35, 4.99759e-05
36, 0.00124552
37, 0.00292528
38, 0.00194679
39, 0.000159709
40, 0.000662706
41, 0.00238176
42, 0.00211576
43, 0.000339328
44, 0.000391006
45, 0.00230947
46, 0.00253725
47, 0.000604594
48, 0.000312591
49, 0.00246513
50, 0.00303101
51, 0.000916326
52, 0.00025557
53, 0.00247005
54, 0.00341919
55, 0.00127773
56, 0.000147687
57, 0.00224821
58, 0.00358968
59, 0.00161045
60, 5.66835e-05
61, 0.00184618
62, 0.00348771
63, 0.00180913
64, 2.99191e-05
65, 0.00144785
66, 0.0031841
67, 0.00192141
68, 8.31996e-05
69, 0.00105341
70, 0.00289172
71, 0.00221095
72, 0.000306559
73, 0.000614312
74, 0.00264453
75, 0.00284239
76, 0.00080865
77, 0.000248951
78, 0.00248045
79, 0.00361289
80, 0.00145135
81, 1.59174e-05
82, 0.00145509
83, 0.00395009
84, 0.00397622
85, 0.00143973
86, 3.80228e-06
87, 0.00155205
88, 0.00340606
89, 0.00265183
90, 0.00057714
91, 0.000162166
92, 0.00143339
93, 0.00218867
94, 0.00165608
95, 0.000851716
96, 0.000494942
97, 0.000812697
98, 0.00211792
99, 0.00350184
100, 0.00293483
101, 0.000723222
102, 0.000336709
103, 0.00327758
104, 0.00581807
105, 0.00422426
106, 0.000842445
107, 0.000491511
108, 0.00306914
109, 0.00425767
110, 0.00256342
111, 0.000720161
112, 0.000635225
113, 0.00118975
114, 0.00130051
115, 0.00132322
116, 0.00114289
117, 0.000461791
118, 0.000542215
119, 0.00239645
120, 0.00386724
121, 0.00249674
122, 0.000344269
123, 0.00310278
124, 0.00580784
125, 0.00284133
126, 0.000691831
127, 0.00438843
128, 0.00659842
129, 0.00313755
130, 0.00130721
131, 0.00450937
132, 0.00641485
133, 0.00396389
134, 0.00191877
135, 0.00365486
136, 0.00639994
137, 0.00565244
138, 0.00234217
139, 0.00281051
140, 0.00766491
141, 0.00812362
142, 0.00261184
143, 0.00269882
144, 0.0103579
145, 0.0110638
146, 0.00297495
147, 0.00321379
148, 0.0133593
149, 0.0140018
150, 0.00369476
151, 0.00366394
152, 0.0153171
153, 0.0163353
154, 0.00483114
155, 0.00355198
156, 0.0154095
157, 0.017854
158, 0.00635358
159, 0.00289158
160, 0.0140856
161, 0.0188933
162, 0.00817134
163, 0.00210166
164, 0.0124044
165, 0.0198757
166, 0.0102091
167, 0.00155547
168, 0.0108987
169, 0.0210383
170, 0.0125336
171, 0.00138609
172, 0.00951593
173, 0.0222503
174, 0.0152908
175, 0.00168838
176, 0.00805482
177, 0.0233172
178, 0.0185664
179, 0.00258848
180, 0.0063843
181, 0.0239168
182, 0.02216
183, 0.00413895
184, 0.00452137
185, 0.0236487
186, 0.0255348
187, 0.00630961
188, 0.00270757
189, 0.0222948
190, 0.0280847
191, 0.00886234
192, 0.00123515
193, 0.0199704
194, 0.0295433
195, 0.0116069
196, 0.000309589
197, 0.0172285
198, 0.0301059
199, 0.0143831
200, 0


0, 0
1, 0.000973579
2, 0.0019274
3, 0.00103674
4, 0.000337951
5, 0.00126659
6, 0.00171893
7, 0.00105306
8, 0.00132802
9, 0.00209331
10, 0.00140175
11, 0.00096102
12, 0.00259649
13, 0.00332923
14, 0.00126628
15, 0.000679675
16, 0.00365404
17, 0.00470342
18, 0.00144945
19, 0.000355826
20, 0.00416316
21, 0.00571759
22, 0.00188368
23, 0.000221475
24, 0.00417738
25, 0.00601261
26, 0.00214717
27, 0.000240363
28, 0.00380681
29, 0.00554415
30, 0.00207108
31, 0.000272133
32, 0.00322944
33, 0.00458752
34, 0.00166334
35, 0.000222219
36, 0.00251764
37, 0.00352793
38, 0.00128533
39, 8.69455e-05
40, 0.00177487
41, 0.00274918
42, 0.00120658
43, 3.30317e-06
44, 0.00105856
45, 0.00229893
46, 0.00157178
47, 0.000149661
48, 0.000465321
49, 0.00207692
50, 0.00230691
51, 0.000712844
52, 8.86191e-05
53, 0.00181724
54, 0.00308023
55, 0.00158589
56, 2.64419e-05
57, 0.00142905
58, 0.00338975
59, 0.00233136
60, 0.00021683
61, 0.000956348
62, 0.00314836
63, 0.00278433
64, 0.000583934
65, 0.000466675
66, 0.00252046
67, 0.00302882
68, 0.00103139
69, 0.000137205
70, 0.00207787
71, 0.00332188
72, 0.00142892
73, 2.44087e-05
74, 0.00211126
75, 0.00379488
76, 0.00170997
77, 1.52461e-05
78, 0.00224809
79, 0.00401681
80, 0.00177271
81, 2.45254e-05
82, 0.00117706
83, 0.00328462
84, 0.00330008
85, 0.00142683
86, 0.000270976
87, 0.000800613
88, 0.0017104
89, 0.00199458
90, 0.00175912
91, 0.00104791
92, 0.000218545
93, 0.000603635
94, 0.00243913
95, 0.00330128
96, 0.00157629
97, 6.78045e-05
98, 0.00209463
99, 0.00522871
100, 0.00449749
101, 0.000946268
102, 0.000633073
103, 0.00452903
104, 0.00638458
105, 0.00310695
106, 5.78665e-05
107, 0.00188694
108, 0.00489572
109, 0.00373303
110, 0.000530273
111, 0.000719785
112, 0.00358672
113, 0.00402935
114, 0.00152303
115, 0.000442248
116, 0.0023665
117, 0.00417287
118, 0.00395921
119, 0.0032327
120, 0.00311132
121, 0.00292617
122, 0.002622
123, 0.0045395
124, 0.00500519
125, 0.00228711
126, 0.0027289
127, 0.00681139
128, 0.006066
129, 0.00168602
130, 0.00347759
131, 0.00839559
132, 0.00621594
133, 0.0015997
134, 0.00437391
135, 0.00897005
136, 0.00638982
137, 0.00242622
138, 0.00490626
139, 0.00895585
140, 0.00775247
141, 0.00430821
142, 0.00475408
143, 0.00890245
144, 0.0107087
145, 0.00694687
146, 0.00403354
147, 0.00889873
148, 0.0143255
149, 0.00968615
150, 0.00316951
151, 0.00873595
152, 0.0172017
153, 0.0118162
154, 0.0025732
155, 0.00824354
156, 0.0185738
157, 0.0132601
158, 0.00243125
159, 0.00738096
160, 0.0186527
161, 0.014374
162, 0.00285016
163, 0.00613001
164, 0.0178019
165, 0.0157779
166, 0.00399507
167, 0.0045736
168, 0.0165704
169, 0.0179099
170, 0.00602957
171, 0.00304959
172, 0.015116
173, 0.0204057
174, 0.00895721
175, 0.00189608
176, 0.0130524
177, 0.0225042
178, 0.0126156
179, 0.00148001
180, 0.0102504
181, 0.023378
182, 0.0165448
183, 0.00207321
184, 0.00699659
185, 0.0227088
186, 0.0201597
187, 0.00375687
188, 0.00396726
189, 0.020821
190, 0.0230662
191, 0.00627717
192, 0.00171249
193, 0.0182273
194, 0.0250686
195, 0.0092581
196, 0.000411373
197, 0.0153671
198, 0.0260907
199, 0.0123341
200, 0


0, 0
1, 0.00246791
2, 0.00500768
3, 0.00274623
4, 0.000180721
5, 0.00198271
6, 0.00423508
7, 0.00269147
8, 0.00062246
9, 0.00168077
10, 0.00311689
11, 0.00208101
12, 0.00102429
13, 0.00175279
14, 0.00198942
15, 0.0011635
16, 0.001469
17, 0.00219582
18, 0.00122486
19, 0.000439662
20, 0.00193559
21, 0.00284019
22, 0.00101144
23, 0.000152168
24, 0.00248874
25, 0.00355131
26, 0.00114002
27, 0.000296109
28, 0.00307688
29, 0.00403454
30, 0.00132253
31, 0.000592598
32, 0.00351282
33, 0.00429179
34, 0.00145078
35, 0.00068475
36, 0.00343712
37, 0.0042729
38, 0.00157462
39, 0.00045425
40, 0.00281386
41, 0.00396985
42, 0.00169644
43, 0.000141043
44, 0.00186973
45, 0.00344181
46, 0.00194924
47, 7.52756e-05
48, 0.000924103
49, 0.00265553
50, 0.00219771
51, 0.000416437
52, 0.000205737
53, 0.00167154
54, 0.00231051
55, 0.00112477
56, 1.81767e-05
57, 0.000736106
58, 0.00220933
59, 0.00212019
60, 0.000558684
61, 0.000167677
62, 0.00197393
63, 0.00316775
64, 0.0015613
65, 1.43345e-05
66, 0.00184665
67, 0.00405874
68, 0.00239845
69, 3.28121e-05
70, 0.00179052
71, 0.00433072
72, 0.00254482
73, 3.57796e-05
74, 0.00166274
75, 0.00371719
76, 0.00196896
77, 4.70674e-05
78, 0.00137364
79, 0.00269273
80, 0.00144131
81, 0.000387844
82, 0.000489967
83, 0.00109481
84, 0.00175463
85, 0.00221619
86, 0.00173248
87, 0.000429114
88, 0.000377615
89, 0.00271706
90, 0.00478354
91, 0.00343566
92, 0.000519942
93, 0.000816886
94, 0.00444329
95, 0.00600863
96, 0.00305055
97, 0.000265794
98, 0.00188039
99, 0.00462519
100, 0.00351782
101, 0.000482646
102, 0.000732893
103, 0.00330838
104, 0.00304558
105, 0.000402532
106, 0.000883409
107, 0.00450936
108, 0.00505515
109, 0.00136536
110, 0.00047468
111, 0.00548216
112, 0.00916715
113, 0.00567944
114, 0.000726439
115, 0.00260256
116, 0.00863361
117, 0.00961651
118, 0.00457053
119, 0.00140303
120, 0.00397774
121, 0.00723889
122, 0.00449517
123, 0.002491
124, 0.00452472
125, 0.00518885
126, 0.00421806
127, 0.0048143
128, 0.00477399
129, 0.00371335
130, 0.00571139
131, 0.00784672
132, 0.00497847
133, 0.00332056
134, 0.00837852
135, 0.0108558
136, 0.00540433
137, 0.00373084
138, 0.0106389
139, 0.0128346
140, 0.00618458
141, 0.00437799
142, 0.0110569
143, 0.0132117
144, 0.00743005
145, 0.00494491
146, 0.00945503
147, 0.0124157
148, 0.00933528
149, 0.00555812
150, 0.00686979
151, 0.0115391
152, 0.0119738
153, 0.00643633
154, 0.00452097
155, 0.0112484
156, 0.0149536
157, 0.00768345
158, 0.00294526
159, 0.0113128
160, 0.0176974
161, 0.00932339
162, 0.00216219
163, 0.0109369
164, 0.0195452
165, 0.0114173
166, 0.00203923
167, 0.00954546
168, 0.0200246
169, 0.0139133
170, 0.00274081
171, 0.00714916
172, 0.0188993
173, 0.0166096
174, 0.00452236
175, 0.00435772
176, 0.0163308
177, 0.0190219
178, 0.00741139
179, 0.00216713
180, 0.0128442
181, 0.0204034
182, 0.0109976
183, 0.00128007
184, 0.00896576
185, 0.0203844
186, 0.0146548
187, 0.0018785
188, 0.00537323
189, 0.0190122
190, 0.0178426
191, 0.00375368
192, 0.00250612
193, 0.0165687
194, 0.0202114
195, 0.00657957
196, 0.000646084
197, 0.0134366
198, 0.0214859
199, 0.00995441
200, 0


0, 0
1, 0.00338655
2, 0.00695883
3, 0.00384502
4, 5.72067e-05
5, 0.00248342
6, 0.00596275
7, 0.00374944
8, 0.00019044
9, 0.0016026
10, 0.00436277
11, 0.00293296
12, 0.000286824
13, 0.00100705
14, 0.00275119
15, 0.001897
16, 0.000341499
17, 0.000779892
18, 0.00156887
19, 0.000929052
20, 0.000434949
21, 0.000879527
22, 0.00076386
23, 0.000293731
24, 0.000865267
25, 0.00130535
26, 0.000415936
27, 0.000165463
28, 0.00159707
29, 0.0020998
30, 0.000601362
31, 0.000254685
32, 0.00234368
33, 0.00320957
34, 0.00119591
35, 0.000343594
36, 0.0028201
37, 0.00432872
38, 0.00201961
39, 0.000338287
40, 0.00276996
41, 0.00493597
42, 0.00279877
43, 0.000348654
44, 0.00202963
45, 0.00451603
46, 0.00318338
47, 0.000513745
48, 0.00100824
49, 0.00326384
50, 0.00315617
51, 0.000920907
52, 0.000212114
53, 0.00188992
54, 0.0029595
55, 0.0015964
56, 4.6723e-05
57, 0.000872047
58, 0.0026979
59, 0.00243636
60, 0.000550869
61, 0.000314405
62, 0.00228621
63, 0.00314221
64, 0.00131915
65, 6.30768e-05
66, 0.00177618
67, 0.0033291
68, 0.0017642
69, 1.74269e-05
70, 0.00127007
71, 0.00286549
72, 0.00178963
73, 0.000291054
74, 0.000850001
75, 0.00196767
76, 0.00184721
77, 0.000950618
78, 0.000439279
79, 0.00118426
80, 0.00244896
81, 0.00272056
82, 0.00107841
83, 2.49263e-05
84, 0.0020889
85, 0.00486114
86, 0.00406155
87, 0.000860272
88, 0.000764136
89, 0.00455936
90, 0.00651356
91, 0.00348873
92, 0.000230885
93, 0.00168295
94, 0.00506622
95, 0.00462233
96, 0.00111107
97, 0.000233793
98, 0.00289479
99, 0.00398844
100, 0.00148223
101, 8.06023e-05
102, 0.0027502
103, 0.00510188
104, 0.00305068
105, 0.000560972
106, 0.00300107
107, 0.00713779
108, 0.00607615
109, 0.00173466
110, 0.00242129
111, 0.00826438
112, 0.00995277
113, 0.00438159
114, 0.000849393
115, 0.00582932
116, 0.0117079
117, 0.00892998
118, 0.00190139
119, 0.0018683
120, 0.00870934
121, 0.0114433
122, 0.00357879
123, 0.00215067
124, 0.00962452
125, 0.0100671
126, 0.00358883
127, 0.00412497
128, 0.00949223
129, 0.00872502
130, 0.00527494
131, 0.00656658
132, 0.00848672
133, 0.0076884
134, 0.00815948
135, 0.00907456
136, 0.00702057
137, 0.00688523
138, 0.0110944
139, 0.011093
140, 0.00567835
141, 0.00631723
142, 0.012999
143, 0.012177
144, 0.00492479
145, 0.00593759
146, 0.0133498
147, 0.012304
148, 0.00502505
149, 0.00556932
150, 0.0121241
151, 0.0120737
152, 0.00628244
153, 0.00524553
154, 0.00983944
155, 0.0120885
156, 0.00887599
157, 0.00530388
158, 0.0071821
159, 0.0124801
160, 0.0125208
161, 0.00616753
162, 0.00479844
163, 0.0127444
164, 0.0163112
165, 0.00798614
166, 0.00301352
167, 0.0120328
168, 0.0189779
169, 0.0104499
170, 0.00209717
171, 0.00990079
172, 0.0195994
173, 0.0130726
174, 0.00225952
175, 0.00681425
176, 0.0179972
177, 0.0152676
178, 0.00364833
179, 0.00373719
180, 0.0147295
181, 0.0167131
182, 0.00618421
183, 0.00158066
184, 0.01071
185, 0.0172724
186, 0.00946112
187, 0.000913528
188, 0.00674752
189, 0.0166116
190, 0.0127839
191, 0.00186611
192, 0.00328869
193, 0.0145634
194, 0.015489
195, 0.00425801
196, 0.000874192
197, 0.0113654
198, 0.0169758
199, 0.00766087
200, 0


0, 0
1, 0.00317326
2, 0.00654425
3, 0.00362496
4, 6.66008e-05
5, 0.00248179
6, 0.00588882
7, 0.00361545
8, 0.000170839
9, 0.00197915
10, 0.00490699
11, 0.00305607
12, 0.000187481
13, 0.00149455
14, 0.00366883
15, 0.00223408
16, 0.000103829
17, 0.00105456
18, 0.00249149
19, 0.00141729
20, 3.30317e-05
21, 0.000669261
22, 0.00155119
23, 0.000899207
24, 0.000123117
25, 0.000527962
26, 0.00093717
27, 0.000525795
28, 0.00040856
29, 0.000871101
30, 0.000677138
31, 0.00019517
32, 0.000929828
33, 0.00180317
34, 0.000948068
35, 1.06521e-05
36, 0.00132691
37, 0.00288477
38, 0.00178477
39, 0.00010923
40, 0.00127324
41, 0.00351749
42, 0.00297743
43, 0.000708071
44, 0.000904695
45, 0.00355499
46, 0.00425513
47, 0.00172771
48, 0.000436234
49, 0.00307456
50, 0.00516715
51, 0.00270545
52, 0.000146983
53, 0.00243698
54, 0.0052686
55, 0.00312988
56, 9.21102e-05
57, 0.0017705
58, 0.00444611
59, 0.00284189
60, 0.0001542
61, 0.000985453
62, 0.00293289
63, 0.0021757
64, 0.000308436
65, 0.000275875
66, 0.00133067
67, 0.00145094
68, 0.00069217
69, 0.00018024
70, 0.000329256
71, 0.000988981
72, 0.00155647
73, 0.00104147
74, 5.80018e-05
75, 0.000957426
76, 0.00311909
77, 0.00265062
78, 0.000230122
79, 0.00134444
80, 0.00495869
81, 0.0058791
82, 0.00252621
83, 0.000222974
84, 0.00290269
85, 0.00629754
86, 0.00475422
87, 0.000820882
88, 0.000854451
89, 0.00409464
90, 0.00438841
91, 0.00118229
92, 0.000214927
93, 0.00302921
94, 0.00425415
95, 0.00155323
96, 0.000109489
97, 0.00341345
98, 0.00660874
99, 0.00446748
100, 0.000679713
101, 0.00222556
102, 0.0076215
103, 0.00877624
104, 0.0040783
105, 0.0012802
106, 0.0050787
107, 0.00937144
108, 0.00722111
109, 0.00236675
110, 0.00295337
111, 0.00780427
112, 0.00833327
113, 0.00346585
114, 0.00187729
115, 0.00703159
116, 0.0104964
117, 0.00609538
118, 0.00131578
119, 0.00541285
120, 0.0132958
121, 0.0127667
122, 0.00253014
123, 0.0050964
124, 0.0160662
125, 0.0128421
126, 0.00255916
127, 0.00686797
128, 0.0166472
129, 0.0120414
130, 0.00330473
131, 0.00776406
132, 0.0148755
133, 0.0104835
134, 0.00470052
135, 0.00807866
136, 0.0116679
137, 0.00877664
138, 0.00675019
139, 0.00835505
140, 0.00830655
141, 0.00764002
142, 0.00934798
143, 0.00898085
144, 0.00580085
145, 0.00731377
146, 0.0120469
147, 0.00999723
148, 0.00445447
149, 0.00733673
150, 0.0139501
151, 0.011143
152, 0.00422297
153, 0.00702907
154, 0.0142477
155, 0.0121049
156, 0.00511306
157, 0.00621319
158, 0.012544
159, 0.0126197
160, 0.00716817
161, 0.00544156
162, 0.00935508
163, 0.0124859
164, 0.0102318
165, 0.0056039
166, 0.00583173
167, 0.0115886
168, 0.013516
169, 0.00709825
170, 0.00314393
171, 0.00991364
172, 0.0159345
173, 0.00951241
174, 0.00183006
175, 0.00758224
176, 0.0165995
177, 0.0119633
178, 0.00190933
179, 0.00487057
180, 0.0152085
181, 0.0137896
182, 0.0031979
183, 0.00231426
184, 0.0120488
185, 0.0145595
186, 0.00550424
187, 0.000690855
188, 0.00787736
189, 0.0140482
190, 0.00848208
191, 0.000732359
192, 0.00384142
193, 0.0122696
194, 0.0114
195, 0.00262408
196, 0.00101251
197, 0.00934168
198, 0.0131806
199, 0.00582092
200, 0


0, 0
1, 0.00239433
2, 0.00475038
3, 0.00237699
4, 8.57826e-05
5, 0.00237622
6, 0.0046058
7, 0.00240372
8, 0.0002599
9, 0.00234107
10, 0.00433954
11, 0.00234483
12, 0.000382453
13, 0.00217018
14, 0.00407141
15, 0.00236471
16, 0.000369476
17, 0.00180904
18, 0.00370322
19, 0.00233683
20, 0.000248732
21, 0.00116449
22, 0.00304606
23, 0.00219827
24, 0.000204617
25, 0.000600433
26, 0.00217918
27, 0.00179933
28, 0.000289271
29, 0.000320389
30, 0.00129935
31, 0.00118455
32, 0.000391519
33, 0.000374569
34, 0.000755893
35, 0.000545704
36, 0.000302032
37, 0.000793123
38, 0.0011111
39, 0.000429212
40, 0.000129206
41, 0.00148482
42, 0.0025101
43, 0.00115524
44, 2.63594e-05
45, 0.00215873
46, 0.00427635
47, 0.00227129
48, 1.60442e-05
49, 0.00259585
50, 0.00549798
51, 0.00305028
52, 0.000136946
53, 0.00255124
54, 0.00532769
55, 0.00306191
56, 0.000412093
57, 0.00196861
58, 0.00387311
59, 0.00263797
60, 0.000910505
61, 0.00110898
62, 0.00207536
63, 0.00237369
64, 0.00162391
65, 0.000474138
66, 0.000850209
67, 0.00260717
68, 0.00257062
69, 0.000497949
70, 0.000439506
71, 0.00304438
72, 0.00375931
73, 0.00136245
74, 0.000544137
75, 0.00323139
76, 0.00479964
77, 0.00241283
78, 0.000597522
79, 0.00310131
80, 0.00532065
81, 0.00423915
82, 0.00108625
83, 0.000450089
84, 0.00318168
85, 0.00454691
86, 0.00204214
87, 4.08434e-07
88, 0.00205267
89, 0.00444605
90, 0.00268955
91, 0.000138982
92, 0.00229084
93, 0.0063875
94, 0.00557417
95, 0.00141419
96, 0.00191014
97, 0.00753174
98, 0.00954357
99, 0.00468301
100, 0.00114952
101, 0.00526301
102, 0.0107538
103, 0.0088567
104, 0.00261363
105, 0.0019253
106, 0.00767972
107, 0.0105112
108, 0.00599998
109, 0.00147663
110, 0.00410926
111, 0.00948953
112, 0.00896203
113, 0.00379166
114, 0.00302478
115, 0.00848507
116, 0.011523
117, 0.00736324
118, 0.00362506
119, 0.00794165
120, 0.014588
121, 0.01299
122, 0.00330235
123, 0.00708699
124, 0.017488
125, 0.0125986
126, 0.00248414
127, 0.00887311
128, 0.0188933
129, 0.0115905
130, 0.00206288
131, 0.00981855
132, 0.0184038
133, 0.0101984
134, 0.00222422
135, 0.00989282
136, 0.0164269
137, 0.00890593
138, 0.00313912
139, 0.00938584
140, 0.0135689
141, 0.00812837
142, 0.00496481
143, 0.00880667
144, 0.0104392
145, 0.00793998
146, 0.00769924
147, 0.00877241
148, 0.00762363
149, 0.00801157
150, 0.0108121
151, 0.00956398
152, 0.00556088
153, 0.00778892
154, 0.0133151
155, 0.0109529
156, 0.00453755
157, 0.0069257
158, 0.0140811
159, 0.0121919
160, 0.0046371
161, 0.00553714
162, 0.0126253
163, 0.0124828
164, 0.00578275
165, 0.00433857
166, 0.00939471
167, 0.0115273
168, 0.00767345
169, 0.0041575
170, 0.00570062
171, 0.00959563
172, 0.00989306
173, 0.00540736
174, 0.00284921
175, 0.00719717
176, 0.0117111
177, 0.00780108
178, 0.00161149
179, 0.00468415
180, 0.012249
181, 0.0104789
182, 0.00208306
183, 0.00231396
184, 0.0109656
185, 0.0123738
186, 0.00389395
187, 0.000597637
188, 0.00799599
189, 0.0126408
190, 0.0063845
191, 0.000176713
192, 0.00430085
193, 0.0109831
194, 0.00870112
195, 0.00145808
196, 0.00120632
197, 0.00784631
198, 0.0100927
199, 0.00428683
200, 0


0, 0
1, 0.00146063
2, 0.00282098
3, 0.00129693
4, 8.08608e-05
5, 0.00177541
6, 0.00309377
7, 0.00144692
8, 0.000246142
9, 0.00211984
10, 0.00359523
11, 0.00186054
12, 0.000328813
13, 0.00216756
14, 0.00411953
15, 0.00249656
16, 0.000359462
17, 0.00190947
18, 0.00437352
19, 0.00314231
20, 0.000488841
21, 0.00133559
22, 0.00399806
23, 0.00347619
24, 0.000770647
25, 0.000656935
26, 0.00289572
27, 0.00324686
28, 0.00113821
29, 0.000124837
30, 0.00150009
31, 0.00259313
32, 0.00147957
33, 6.1795e-05
34, 0.000671904
35, 0.00199262
36, 0.00157923
37, 0.000425648
38, 0.000714156
39, 0.00157439
40, 0.00130222
41, 0.000892451
42, 0.00137222
43, 0.00134529
44, 0.000587036
45, 0.00108179
46, 0.00211396
47, 0.00123344
48, 3.13413e-05
49, 0.00112523
50, 0.00236745
51, 0.00138325
52, 0.000262666
53, 0.000993745
54, 0.00212499
55, 0.00220261
56, 0.00145228
57, 0.000788515
58, 0.00175335
59, 0.0037436
60, 0.003155
61, 0.000554473
62, 0.00166895
63, 0.0055782
64, 0.00461893
65, 0.000368983
66, 0.00198377
67, 0.00694216
68, 0.00526863
69, 0.000372922
70, 0.00235775
71, 0.00704885
72, 0.00483977
73, 0.000397645
74, 0.00228336
75, 0.00575404
76, 0.00360577
77, 0.000316034
78, 0.00177827
79, 0.00400439
80, 0.00229857
81, 0.000332827
82, 0.000615598
83, 0.00254419
84, 0.00340874
85, 0.00191752
86, 0.000414307
87, 0.00219723
88, 0.00597687
89, 0.00654715
90, 0.0029336
91, 0.00127181
92, 0.00545346
93, 0.00971449
94, 0.00733644
95, 0.00221241
96, 0.00308041
97, 0.0087617
98, 0.00968048
99, 0.00418038
100, 0.0015921
101, 0.00645231
102, 0.0105478
103, 0.00677928
104, 0.00149152
105, 0.00395033
106, 0.0106118
107, 0.0108116
108, 0.0043336
109, 0.00203797
110, 0.0083333
111, 0.0140067
112, 0.010743
113, 0.00409807
114, 0.00478868
115, 0.0121131
116, 0.0152695
117, 0.00998731
118, 0.00491667
119, 0.00794253
120, 0.0140595
121, 0.0133629
122, 0.00442128
123, 0.00647393
124, 0.0151581
125, 0.0115944
126, 0.00310947
127, 0.00816154
128, 0.0164195
129, 0.0100579
130, 0.00222905
131, 0.0100449
132, 0.0177005
133, 0.00904807
134, 0.00193822
135, 0.0115245
136, 0.0184504
137, 0.00860106
138, 0.00210885
139, 0.0119612
140, 0.0180377
141, 0.00853387
142, 0.00269304
143, 0.0111456
144, 0.0161586
145, 0.00857578
146, 0.00390248
147, 0.00968833
148, 0.0130746
149, 0.00844477
150, 0.00586447
151, 0.00863105
152, 0.00953341
153, 0.00783791
154, 0.00828467
155, 0.00871552
156, 0.00652561
157, 0.00669006
158, 0.0103447
159, 0.00978688
160, 0.00472647
161, 0.00516964
162, 0.0111678
163, 0.0109862
164, 0.00425333
165, 0.00363238
166, 0.0102075
167, 0.0113221
168, 0.00478198
169, 0.00249409
170, 0.00769941
171, 0.0102415
172, 0.0058826
173, 0.00232334
174, 0.00455901
175, 0.00788145
176, 0.00709696
177, 0.00357814
178, 0.00221166
179, 0.00490461
180, 0.00784658
181, 0.00605842
182, 0.00169158
183, 0.00216906
184, 0.00755926
185, 0.00871338
186, 0.0030732
187, 0.000426112
188, 0.00592588
189, 0.0101735
190, 0.00557269
191, 0.000133301
192, 0.0033704
193, 0.00959554
194, 0.00805441
195, 0.00146592
196, 0.000967142
197, 0.00724542
198, 0.00963952
199, 0.00414472
200, 0


0, 0
1, 0.000925904
2, 0.00186727
3, 0.000950737
4, 4.75867e-06
5, 0.00106947
6, 0.00224638
7, 0.0012123
8, 2.20656e-05
9, 0.00134812
10, 0.0029308
11, 0.00171692
12, 8.54797e-05
13, 0.00151537
14, 0.00359943
15, 0.0024542
16, 0.000306802
17, 0.00131492
18, 0.00371859
19, 0.00323309
20, 0.000842628
21, 0.000791512
22, 0.00318239
23, 0.00402677
24, 0.00189627
25, 0.000352643
26, 0.00227161
27, 0.00460998
28, 0.00314233
29, 0.000309683
30, 0.001439
31, 0.00470922
32, 0.00392614
33, 0.000481641
34, 0.000932393
35, 0.00407537
36, 0.00357605
37, 0.000537586
38, 0.000571637
39, 0.00270151
40, 0.0023252
41, 0.000387682
42, 0.000258391
43, 0.00112498
44, 0.000882691
45, 0.000170492
46, 6.78444e-05
47, 0.000213355
48, 0.000173394
49, 5.15448e-05
50, 0.00016802
51, 0.000652956
52, 0.00071427
53, 0.000102919
54, 0.000687592
55, 0.00259675
56, 0.00228398
57, 0.000187369
58, 0.00173458
59, 0.0054296
60, 0.00398466
61, 0.000207264
62, 0.00290205
63, 0.00777559
64, 0.00488147
65, 0.000100057
66, 0.00376805
67, 0.00842058
68, 0.00421193
69, 4.97183e-06
70, 0.00427106
71, 0.00715197
72, 0.00238623
73, 0.000297098
74, 0.0045562
75, 0.00503366
76, 0.000717154
77, 0.00120804
78, 0.00499536
79, 0.00344799
80, 8.18576e-05
81, 0.00230497
82, 0.00671335
83, 0.00683904
84, 0.00314938
85, 0.00148584
86, 0.00414436
87, 0.00766557
88, 0.00800884
89, 0.00511409
90, 0.00259519
91, 0.00386352
92, 0.00773312
93, 0.00899513
94, 0.00536333
95, 0.00193016
96, 0.00424211
97, 0.00904077
98, 0.00858814
99, 0.00343061
100, 0.00229293
101, 0.00766918
102, 0.0110017
103, 0.00674771
104, 0.00240474
105, 0.00629695
106, 0.0131105
107, 0.0120447
108, 0.00497233
109, 0.00409714
110, 0.0121108
111, 0.0172246
112, 0.0116299
113, 0.00411849
114, 0.00638917
115, 0.0150326
116, 0.0170066
117, 0.00953016
118, 0.00374512
119, 0.00751389
120, 0.0142783
121, 0.0136137
122, 0.00424338
123, 0.00544467
124, 0.014068
125, 0.0118485
126, 0.00364594
127, 0.00674026
128, 0.0145194
129, 0.0104454
130, 0.00316529
131, 0.00850414
132, 0.0157044
133, 0.00947873
134, 0.00273358
135, 0.0103178
136, 0.0173198
137, 0.00908749
138, 0.00232391
139, 0.0115592
140, 0.0187101
141, 0.00925644
142, 0.00202015
143, 0.0115623
144, 0.0189475
145, 0.0096681
146, 0.00201015
147, 0.010255
148, 0.0173759
149, 0.00975048
150, 0.00250968
151, 0.00829159
152, 0.01411
153, 0.00900448
154, 0.00360204
155, 0.00672595
156, 0.010096
157, 0.00743815
158, 0.00504865
159, 0.00630799
160, 0.00658878
161, 0.00543284
162, 0.00640606
163, 0.00711697
164, 0.00452212
165, 0.00345237
166, 0.00705623
167, 0.00851768
168, 0.00410975
169, 0.0018924
170, 0.00651778
171, 0.00940821
172, 0.00484925
173, 0.00108518
174, 0.00474345
175, 0.00875138
176, 0.0058159
177, 0.00128989
178, 0.00252854
179, 0.0063541
180, 0.00606845
181, 0.00254315
182, 0.00115867
183, 0.00318534
184, 0.00525059
185, 0.00443608
186, 0.00170238
187, 0.000838962
188, 0.0036291
189, 0.00627028
190, 0.00427216
191, 0.000499259
192, 0.00185679
193, 0.00718448
194, 0.00762903
195, 0.00208384
196, 0.000505
197, 0.00655021
198, 0.00995273
199, 0.00454941
200, 0


0, 0
1, 0.000937898
2, 0.001959
3, 0.00112287
4, 2.45619e-05
5, 0.000795102
6, 0.00199239
7, 0.00133808
8, 7.03365e-05
9, 0.00062636
10, 0.0019807
11, 0.00159018
12, 0.000193905
13, 0.000409988
14, 0.0019637
15, 0.00218553
16, 0.000677861
17, 0.000188314
18, 0.00206695
19, 0.00341681
20, 0.00175101
21, 6.51005e-05
22, 0.00212505
23, 0.00483035
24, 0.00308619
25, 0.000117428
26, 0.00209666
27, 0.00565547
28, 0.00394435
29, 0.000271684
30, 0.00176932
31, 0.00534325
32, 0.00397839
33, 0.00050647
34, 0.00125272
35, 0.00387276
36, 0.00317729
37, 0.000878103
38, 0.000789341
39, 0.00200083
40, 0.00220424
41, 0.0014498
42, 0.000575183
43, 0.000552126
44, 0.00169688
45, 0.00209792
46, 0.000671088
47, 0.000126221
48, 0.00182954
49, 0.00254679
50, 0.00112887
51, 0.000908017
52, 0.00232723
53, 0.00245907
54, 0.0018347
55, 0.00247578
56, 0.00276536
57, 0.00185389
58, 0.00242954
59, 0.00394913
60, 0.00264719
61, 0.000805214
62, 0.00294658
63, 0.00475518
64, 0.00176921
65, 0.000324075
66, 0.00387118
67, 0.00452564
68, 0.000680073
69, 0.00120469
70, 0.00530777
71, 0.00374804
72, 5.79628e-05
73, 0.00335879
74, 0.00717702
75, 0.0030078
76, 0.000209039
77, 0.00604389
78, 0.00863909
79, 0.00242134
80, 0.00102279
81, 0.00914588
82, 0.0144489
83, 0.00902029
84, 0.0015443
85, 0.00298746
86, 0.00998018
87, 0.0115032
88, 0.00590629
89, 0.00172419
90, 0.00396449
91, 0.00818593
92, 0.00851251
93, 0.00517961
94, 0.00269277
95, 0.00402453
96, 0.00771453
97, 0.00948271
98, 0.00695817
99, 0.0035856
100, 0.00497706
101, 0.0105025
102, 0.0127173
103, 0.00824994
104, 0.00423459
105, 0.00790265
106, 0.0144834
107, 0.0138066
108, 0.00689414
109, 0.00500389
110, 0.0116697
111, 0.0163892
112, 0.0112645
113, 0.00411092
114, 0.00623683
115, 0.0143563
116, 0.0156033
117, 0.00777587
118, 0.002765
119, 0.0080953
120, 0.0155601
121, 0.014023
122, 0.003534
123, 0.00542574
124, 0.0154059
125, 0.0131772
126, 0.00364107
127, 0.00602688
128, 0.0149992
129, 0.0123291
130, 0.00381366
131, 0.00672809
132, 0.0147858
133, 0.0114448
134, 0.00370937
135, 0.0075532
136, 0.0151155
137, 0.0106727
138, 0.00319224
139, 0.00834799
140, 0.0160191
141, 0.010289
142, 0.00240926
143, 0.00868306
144, 0.0169724
145, 0.0103986
146, 0.00169674
147, 0.00822761
148, 0.0171057
149, 0.0106442
150, 0.00135918
151, 0.00690784
152, 0.0156919
153, 0.0104639
154, 0.00151978
155, 0.00515374
156, 0.0127371
157, 0.00945249
158, 0.00211708
159, 0.00371267
160, 0.00907846
161, 0.00758355
162, 0.0029549
163, 0.003329
164, 0.00589627
165, 0.00517478
166, 0.00362725
167, 0.00417398
168, 0.00416198
169, 0.00286258
170, 0.00366714
171, 0.00557759
172, 0.00414151
173, 0.00134555
174, 0.00285924
175, 0.00639224
176, 0.00521585
177, 0.00108705
178, 0.00150798
179, 0.00579499
180, 0.00625718
181, 0.00207791
182, 0.000491999
183, 0.00397664
184, 0.00630233
185, 0.00367593
186, 0.000700909
187, 0.00196768
188, 0.00492846
189, 0.00496524
190, 0.00235919
191, 0.000946065
192, 0.00272409
193, 0.00530073
194, 0.0047288
195, 0.00142754
196, 0.000770009
197, 0.00448635
198, 0.00644617
199, 0.00293133
200, 0


0, 0
1, 0.00100435
2, 0.00216183
3, 0.00136707
4, 8.02872e-05
5, 0.000496134
6, 0.0016864
7, 0.0015574
8, 0.000364372
9, 0.000106643
10, 0.00125651
11, 0.00193103
12, 0.000929139
13, 3.71264e-05
14, 0.00116751
15, 0.00262202
16, 0.0016958
17, 0.00013885
18, 0.00139226
19, 0.0034479
20, 0.00225406
21, 0.000110688
22, 0.00157822
23, 0.00399327
24, 0.00248684
25, 5.72715e-05
26, 0.00151769
27, 0.00375826
28, 0.00243842
29, 0.000390071
30, 0.0012297
31, 0.00280719
32, 0.0025162
33, 0.0014294
34, 0.000997406
35, 0.00165887
36, 0.00304418
37, 0.0030406
38, 0.000992722
39, 0.00082549
40, 0.00402677
41, 0.00482826
42, 0.00121793
43, 0.000565043
44, 0.00502903
45, 0.00600464
46, 0.00144961
47, 0.000816562
48, 0.00563867
49, 0.00606193
50, 0.00144022
51, 0.00126367
52, 0.00515523
53, 0.00468954
54, 0.00120091
55, 0.00149546
56, 0.00355327
57, 0.00252491
58, 0.000914618
59, 0.00151869
60, 0.00181979
61, 0.00106352
62, 0.00128264
63, 0.00150213
64, 0.000776987
65, 0.00135771
66, 0.00274174
67, 0.00168197
68, 0.000648577
69, 0.00353997
70, 0.00527641
71, 0.00183159
72, 0.00125182
73, 0.00684819
74, 0.00765184
75, 0.00169315
76, 0.00225697
77, 0.00958723
78, 0.00874584
79, 0.0013101
80, 0.00325914
81, 0.0132508
82, 0.0155905
83, 0.00648812
84, 0.000284734
85, 0.00648585
86, 0.0146999
87, 0.0117858
88, 0.00270789
89, 0.00165427
90, 0.00957859
91, 0.0138175
92, 0.00846111
93, 0.00234082
94, 0.00438767
95, 0.0109692
96, 0.0129865
97, 0.00889842
98, 0.00502342
99, 0.00608954
100, 0.010407
101, 0.0131881
102, 0.0116417
103, 0.00752216
104, 0.00585322
105, 0.00929321
106, 0.013669
107, 0.0126072
108, 0.00697572
109, 0.00480563
110, 0.00946635
111, 0.0137099
112, 0.0105043
113, 0.00451833
114, 0.00534489
115, 0.012039
116, 0.0140232
117, 0.00786746
118, 0.00324989
119, 0.00806585
120, 0.0156544
121, 0.0145949
122, 0.00367174
123, 0.00527205
124, 0.0163851
125, 0.0146897
126, 0.00368357
127, 0.00536194
128, 0.0160266
129, 0.0144263
130, 0.00400321
131, 0.00521234
132, 0.0149039
133, 0.0136804
134, 0.00427522
135, 0.00507951
136, 0.0136167
137, 0.0125029
138, 0.00413142
139, 0.00505547
140, 0.0127269
141, 0.0112125
142, 0.00343224
143, 0.00498158
144, 0.012458
145, 0.0103081
146, 0.00247396
147, 0.00470141
148, 0.0126392
149, 0.0101403
150, 0.00176388
151, 0.00406517
152, 0.0127022
153, 0.0106294
154, 0.00167092
155, 0.00305627
156, 0.0118933
157, 0.0110241
158, 0.00216881
159, 0.00186037
160, 0.00976463
161, 0.0104199
162, 0.00287752
163, 0.000977349
164, 0.00670733
165, 0.00837505
166, 0.00329385
167, 0.000870445
168, 0.00391819
169, 0.00545058
170, 0.00303608
171, 0.00157021
172, 0.00265738
173, 0.00301451
174, 0.00221692
175, 0.00266847
176, 0.00343902
177, 0.00219956
178, 0.00123893
179, 0.00344057
180, 0.00539494
181, 0.00307341
182, 0.000591388
183, 0.00329589
184, 0.00686137
185, 0.00462075
186, 0.000571459
187, 0.00224927
188, 0.00641685
189, 0.00533735
190, 0.00107261
191, 0.000884409
192, 0.00404041
193, 0.004482
194, 0.00171224
195, 0.000155106
196, 0.00123538
197, 0.00251501
198, 0.00213679
199, 0.000736559
200, 0


0, 0
1, 0.000631706
2, 0.0016693
3, 0.00159611
4, 0.000420349
5, 0.000125396
6, 0.00162129
7, 0.00264868
8, 0.00132706
9, 8.0453e-05
10, 0.0015749
11, 0.00326846
12, 0.0019563
13, 0.00021092
14, 0.00141768
15, 0.0031106
16, 0.00192639
17, 0.000187846
18, 0.00102494
19, 0.00234681
20, 0.00142038
21, 6.1733e-05
22, 0.0005462
23, 0.00144812
24, 0.00105662
25, 0.00028616
26, 0.00026334
27, 0.000845179
28, 0.00152748
29, 0.00135359
30, 0.000286698
31, 0.000714058
32, 0.00309888
33, 0.00320864
34, 0.000468021
35, 0.00107821
36, 0.00535115
37, 0.0051529
38, 0.000642389
39, 0.00170476
40, 0.00739921
41, 0.00640591
42, 0.000659713
43, 0.00226443
44, 0.00826799
45, 0.00638458
46, 0.000486278
47, 0.002489
48, 0.00762253
49, 0.00493918
50, 0.000139932
51, 0.00260864
52, 0.00593511
53, 0.00271599
54, 2.32341e-05
55, 0.0030237
56, 0.00431625
57, 0.00101051
58, 0.000582351
59, 0.00366529
60, 0.0032723
61, 0.000690278
62, 0.00182899
63, 0.00410343
64, 0.00304134
65, 0.00191224
66, 0.00336902
67, 0.00401444
68, 0.00324351
69, 0.00399471
70, 0.00461801
71, 0.00323654
72, 0.00355709
73, 0.00613679
74, 0.00531625
75, 0.00209602
76, 0.00400047
77, 0.008189
78, 0.00542713
79, 0.00107908
80, 0.00541901
81, 0.0129982
82, 0.0114744
83, 0.00287352
84, 0.00154367
85, 0.0109739
86, 0.0170523
87, 0.0101791
88, 0.0011808
89, 0.00499376
90, 0.0167381
91, 0.0187822
92, 0.00831288
93, 0.00164656
94, 0.00886314
95, 0.0188949
96, 0.0172523
97, 0.00721858
98, 0.00338356
99, 0.00984949
100, 0.0162549
101, 0.0140833
102, 0.0073668
103, 0.00470526
104, 0.00783284
105, 0.0116099
106, 0.0116356
107, 0.00830417
108, 0.00523829
109, 0.0057462
110, 0.00942615
111, 0.0118591
112, 0.00948505
113, 0.00525494
114, 0.00548827
115, 0.010624
116, 0.0134731
117, 0.0095905
118, 0.00473614
119, 0.00680702
120, 0.0134461
121, 0.0147329
122, 0.0051009
123, 0.0041994
124, 0.0144827
125, 0.0153468
126, 0.00475495
127, 0.00399078
128, 0.0148208
129, 0.0155819
130, 0.00464328
131, 0.0035328
132, 0.0140275
133, 0.0150786
134, 0.00465532
135, 0.00296226
136, 0.012275
137, 0.0137051
138, 0.00460072
139, 0.00250253
140, 0.0102628
141, 0.0118779
142, 0.00430418
143, 0.00222251
144, 0.00871956
145, 0.0102701
146, 0.00378387
147, 0.0020114
148, 0.00797787
149, 0.00938632
150, 0.00322643
151, 0.001661
152, 0.00783116
153, 0.00942323
154, 0.00300842
155, 0.00107616
156, 0.00764156
157, 0.010037
158, 0.00346396
159, 0.000411078
160, 0.00669667
161, 0.0103892
162, 0.00455642
163, 2.40962e-05
164, 0.00480448
165, 0.00971298
166, 0.00580524
167, 0.000253156
168, 0.00266209
169, 0.00792778
170, 0.00634709
171, 0.00105701
172, 0.0013155
173, 0.005609
174, 0.00565655
175, 0.00196837
176, 0.00137722
177, 0.00375087
178, 0.00393116
179, 0.00235787
180, 0.00246181
181, 0.0029386
182, 0.00195486
183, 0.00191753
184, 0.00346336
185, 0.0030382
186, 0.000739937
187, 0.000951885
188, 0.00340063
189, 0.003372
190, 0.000820049
191, 0.000188482
192, 0.00218728
193, 0.00326403
194, 0.00185621
195, 0.000245104
196, 0.000677976
197, 0.00241137
198, 0.00281982
199, 0.00117325
200, 0


0, 0
1, 0.00147026
2, 0.00324647
3, 0.00228275
4, 0.000376976
5, 0.000770199
6, 0.00269317
7, 0.0028844
8, 0.00103584
9, 0.000263197
10, 0.00178254
11, 0.00271321
12, 0.00125759
13, 1.51905e-05
14, 0.000913902
15, 0.00179915
16, 0.00104198
17, 0.00014587
18, 0.000285552
19, 0.000801096
20, 0.0010422
21, 0.000737224
22, 9.48225e-05
23, 0.00035618
24, 0.00164365
25, 0.00172614
26, 0.000346041
27, 0.000684468
28, 0.00292741
29, 0.00291268
30, 0.000714518
31, 0.00147344
32, 0.00468083
33, 0.00401338
34, 0.000776773
35, 0.00234304
36, 0.00630942
37, 0.00443873
38, 0.000461144
39, 0.00309119
40, 0.00713114
41, 0.00388158
42, 7.85373e-05
43, 0.00371099
44, 0.00670393
45, 0.00249449
46, 0.000198972
47, 0.00448394
48, 0.00554065
49, 0.00102175
50, 0.00118572
51, 0.00582884
52, 0.00457123
53, 0.000164459
54, 0.00279632
55, 0.00745736
56, 0.00422133
57, 0.000135753
58, 0.00457454
59, 0.0087828
60, 0.0041992
61, 0.000700252
62, 0.00573852
63, 0.00891445
64, 0.00401152
65, 0.00154388
66, 0.00605173
67, 0.00758213
68, 0.00351777
69, 0.00256678
70, 0.00557472
71, 0.00560217
72, 0.00338043
73, 0.00378736
74, 0.00487471
75, 0.00405131
76, 0.00428165
77, 0.00557717
78, 0.00441209
79, 0.00345276
80, 0.0064077
81, 0.0103587
82, 0.0083426
83, 0.00307541
84, 0.00454782
85, 0.0132212
86, 0.0166258
87, 0.00880657
88, 0.00192819
89, 0.00834256
90, 0.0199843
91, 0.0196063
92, 0.00753445
93, 0.00191103
94, 0.0114148
95, 0.0220009
96, 0.0179642
97, 0.00534956
98, 0.00243554
99, 0.0123837
100, 0.019564
101, 0.0136022
102, 0.00369752
103, 0.00337526
104, 0.0113312
105, 0.0153957
106, 0.0106259
107, 0.00441791
108, 0.00452081
109, 0.00939835
110, 0.0124498
111, 0.0108554
112, 0.00728552
113, 0.00567371
114, 0.00748722
115, 0.0109888
116, 0.0124361
117, 0.00987557
118, 0.00614435
119, 0.00639584
120, 0.0108983
121, 0.0134975
122, 0.00655865
123, 0.0034938
124, 0.0107863
125, 0.0140361
126, 0.00626045
127, 0.00272921
128, 0.0107247
129, 0.0142145
130, 0.00577699
131, 0.00197903
132, 0.010351
133, 0.0140675
134, 0.00548294
135, 0.0013167
136, 0.00942107
137, 0.0134879
138, 0.00548457
139, 0.000864687
140, 0.00794214
141, 0.012356
142, 0.00557954
143, 0.00067405
144, 0.00626013
145, 0.0107511
146, 0.00549774
147, 0.000685775
148, 0.00479413
149, 0.00902966
150, 0.00511371
151, 0.000696331
152, 0.00375105
153, 0.00766324
154, 0.0046704
155, 0.000546349
156, 0.00302446
157, 0.0071313
158, 0.0048808
159, 0.000448205
160, 0.00243715
161, 0.00750697
162, 0.00620119
163, 0.000791105
164, 0.00178656
165, 0.0081096
166, 0.00822385
167, 0.00173937
168, 0.00104485
169, 0.00800179
170, 0.00967999
171, 0.00287722
172, 0.00042337
173, 0.00654818
174, 0.00915882
175, 0.00344039
176, 0.000103397
177, 0.00408665
178, 0.00651589
179, 0.00293075
180, 0.000107237
181, 0.00171227
182, 0.00311282
183, 0.00167553
184, 0.000269828
185, 0.000542061
186, 0.000910601
187, 0.000528243
188, 0.000369884
189, 0.000851372
190, 0.000973864
191, 0.000275416
192, 0.000289071
193, 0.00190267
194, 0.00271667
195, 0.00103112
196, 9.89568e-05
197, 0.00252919
198, 0.00435639
199, 0.00211143
200, 0


0, 0
1, 0.00252909
2, 0.00496028
3, 0.00250862
4, 2.4465e-05
5, 0.0015717
6, 0.00318175
7, 0.00177536
8, 0.000153265
9, 0.000436542
10, 0.00114492
11, 0.00105831
12, 0.000581867
13, 0.000175622
14, 9.85251e-05
15, 0.000728033
16, 0.00153816
17, 0.00116025
18, 0.000106346
19, 0.000843161
20, 0.00290993
21, 0.00262542
22, 0.000546359
23, 0.00140623
24, 0.00430365
25, 0.00368505
26, 0.00095613
27, 0.00211617
28, 0.00509262
29, 0.00383554
30, 0.00110478
31, 0.00259814
32, 0.00499988
33, 0.00311905
34, 0.000823247
35, 0.00272996
36, 0.00435552
37, 0.00188747
38, 0.000440947
39, 0.00289774
40, 0.00352398
41, 0.00067956
42, 0.000827806
43, 0.00395179
44, 0.00296596
45, 6.79206e-05
46, 0.00262948
47, 0.00606132
48, 0.00285173
49, 0.000214137
50, 0.00539655
51, 0.00849506
52, 0.00290027
53, 0.000805549
54, 0.00792692
55, 0.0102259
56, 0.00292568
57, 0.00143308
58, 0.00935752
59, 0.0104962
60, 0.00259499
61, 0.00195337
62, 0.0096754
63, 0.00964923
64, 0.00205127
65, 0.00248382
66, 0.00946653
67, 0.00827092
68, 0.00169526
69, 0.00329803
70, 0.00917801
71, 0.0071552
72, 0.00206921
73, 0.00451352
74, 0.00888514
75, 0.00653767
76, 0.00343583
77, 0.00583536
78, 0.00803973
79, 0.00627295
80, 0.00555318
81, 0.00888812
82, 0.0099454
83, 0.00727596
84, 0.00704584
85, 0.0113476
86, 0.0132575
87, 0.00857187
88, 0.00442886
89, 0.00877162
90, 0.0165448
91, 0.0157112
92, 0.00633589
93, 0.00244517
94, 0.0109438
95, 0.0196239
96, 0.0151117
97, 0.00374508
98, 0.00247053
99, 0.0132164
100, 0.020034
101, 0.0129362
102, 0.00237048
103, 0.00373728
104, 0.0148593
105, 0.0196836
106, 0.0117257
107, 0.00268024
108, 0.00484141
109, 0.01414
110, 0.0175297
111, 0.0113785
112, 0.00460443
113, 0.00527412
114, 0.0108694
115, 0.0137572
116, 0.0112832
117, 0.00718603
118, 0.00564691
119, 0.0073615
120, 0.0100343
121, 0.0108155
122, 0.00572487
123, 0.0034717
124, 0.00804047
125, 0.010924
126, 0.00622401
127, 0.00236189
128, 0.0067144
129, 0.0108666
130, 0.00631877
131, 0.00152878
132, 0.00594961
133, 0.0109583
134, 0.00637005
135, 0.000908438
136, 0.00541688
137, 0.0111548
138, 0.00667784
139, 0.000543636
140, 0.00467893
141, 0.0109737
142, 0.00713794
143, 0.000498876
144, 0.00351192
145, 0.00987736
146, 0.00735019
147, 0.000804364
148, 0.00210103
149, 0.00799154
150, 0.00723288
151, 0.00140787
152, 0.00103872
153, 0.00613346
154, 0.00693945
155, 0.00209131
156, 0.000623725
157, 0.00503817
158, 0.00681715
159, 0.00262238
160, 0.000617561
161, 0.00486363
162, 0.00715697
163, 0.00292775
164, 0.000540343
165, 0.00505424
166, 0.00776199
167, 0.00315492
168, 0.000219401
169, 0.00483674
170, 0.00800981
171, 0.0035274
172, 1.62206e-05
173, 0.00377126
174, 0.00719944
175, 0.00406382
176, 0.000409164
177, 0.00215012
178, 0.00527136
179, 0.00441465
180, 0.00137166
181, 0.00073686
182, 0.00289742
183, 0.00416468
184, 0.00228567
185, 0.000144803
186, 0.00117378
187, 0.00323809
188, 0.00243047
189, 0.000375994
190, 0.000724231
191, 0.00208122
192, 0.00164766
193, 0.000850998
194, 0.00128286
195, 0.00126095
196, 0.000524513
197, 0.00105215
198, 0.00194822
199, 0.00102361
200, 0


0, 0
1, 0.000932615
2, 0.00196873
3, 0.00145639
4, 0.000659114
5, 0.000691707
6, 0.00145604
7, 0.00244555
8, 0.00206723
9, 0.000429055
10, 0.000944298
11, 0.003528
12, 0.00328916
13, 0.000480835
14, 0.000868498
15, 0.00407706
16, 0.00409042
17, 0.00122156
18, 0.00111285
19, 0.0039398
20, 0.00473898
21, 0.00235845
22, 0.00121487
23, 0.00350927
24, 0.00509058
25, 0.00282792
26, 0.000925609
27, 0.00308986
28, 0.00474186
29, 0.00218333
30, 0.00053998
31, 0.00279726
32, 0.00357364
33, 0.00101856
34, 0.000602476
35, 0.00282019
36, 0.00238593
37, 0.000344309
38, 0.00153783
39, 0.00352156
40, 0.00199228
41, 0.000663999
42, 0.00334819
43, 0.00496152
44, 0.00219005
45, 0.00149116
46, 0.0056053
47, 0.00661667
48, 0.00233464
49, 0.00229936
50, 0.00790269
51, 0.00787768
52, 0.0019987
53, 0.00298374
54, 0.00971533
55, 0.00825145
56, 0.00132896
57, 0.00373441
58, 0.010954
59, 0.00783758
60, 0.000786119
61, 0.00479392
62, 0.0117822
63, 0.00718679
64, 0.000658114
65, 0.00620818
66, 0.0127257
67, 0.00691307
68, 0.00102596
69, 0.00753044
70, 0.0134989
71, 0.00713203
72, 0.0016954
73, 0.00830666
74, 0.0135666
75, 0.00730546
76, 0.00260223
77, 0.00850737
78, 0.0126859
79, 0.00732128
80, 0.00372936
81, 0.00951063
82, 0.0147849
83, 0.0120238
84, 0.00673232
85, 0.00685974
86, 0.010269
87, 0.0101534
88, 0.00701017
89, 0.00696325
90, 0.0103671
91, 0.0106195
92, 0.00598529
93, 0.00379874
94, 0.00886236
95, 0.0143321
96, 0.0114279
97, 0.00367354
98, 0.00315929
99, 0.0124333
100, 0.0189704
101, 0.0129487
102, 0.0027926
103, 0.00391884
104, 0.015732
105, 0.0218515
106, 0.013615
107, 0.0027102
108, 0.00434508
109, 0.0159965
110, 0.0213341
111, 0.0132159
112, 0.00304264
113, 0.00398258
114, 0.0131787
115, 0.0172543
116, 0.0113112
117, 0.0038138
118, 0.00341141
119, 0.00838247
120, 0.0111996
121, 0.00884235
122, 0.00305823
123, 0.00331595
124, 0.00783006
125, 0.00842889
126, 0.0042582
127, 0.00220749
128, 0.00530496
129, 0.0079982
130, 0.00534546
131, 0.00173808
132, 0.00361673
133, 0.00763181
134, 0.00609566
135, 0.00150732
136, 0.00248172
137, 0.00726487
138, 0.0065791
139, 0.00141726
140, 0.00156211
141, 0.00686064
142, 0.00724455
143, 0.00180015
144, 0.000787006
145, 0.00636703
146, 0.00825625
147, 0.00284248
148, 0.000247641
149, 0.00562607
150, 0.00918989
151, 0.00424071
152, 6.79593e-05
153, 0.00467895
154, 0.00941179
155, 0.0052807
156, 0.000213345
157, 0.00367094
158, 0.00854774
159, 0.00535954
160, 0.000402203
161, 0.00272835
162, 0.00684369
163, 0.00447322
164, 0.000353211
165, 0.00185477
166, 0.00496769
167, 0.0033481
168, 0.000222747
169, 0.0010784
170, 0.00356194
171, 0.00299183
172, 0.000619079
173, 0.000518055
174, 0.00278781
175, 0.00388614
176, 0.00204067
177, 0.000335575
178, 0.00236445
179, 0.00544879
180, 0.00412725
181, 0.000570111
182, 0.00188571
183, 0.0063656
184, 0.00565179
185, 0.000968827
186, 0.00125639
187, 0.00566681
188, 0.00541612
189, 0.00109315
190, 0.000647263
191, 0.00360297
192, 0.00342457
193, 0.000704933
194, 0.000263708
195, 0.0013867
196, 0.00104552
197, 0.000135538
198, 0.000119962
199, 0.00015812
200, 0


0, 0
1, 0.000269167
2, 0.000796713
3, 0.00122117
4, 0.00102054
5, 0.000299962
6, 0.00116745
7, 0.00361276
8, 0.00327384
9, 0.000475033
10, 0.00198002
11, 0.0064318
12, 0.00494754
13, 0.000436146
14, 0.0029781
15, 0.00791123
16, 0.00498383
17, 0.000347993
18, 0.00339258
19, 0.00709858
20, 0.00373228
21, 0.000348964
22, 0.00279795
23, 0.0048415
24, 0.00233131
25, 0.000350934
26, 0.00186995
27, 0.00309483
28, 0.00158797
29, 0.000314385
30, 0.00175077
31, 0.0031108
32, 0.0016149
33, 0.000536613
34, 0.00293533
35, 0.00451485
36, 0.0021129
37, 0.00125394
38, 0.00473295
39, 0.00587059
40, 0.00257262
41, 0.00229834
42, 0.00622674
43, 0.00638399
44, 0.00269683
45, 0.00327452
46, 0.00709907
47, 0.0061377
48, 0.00242812
49, 0.00388471
50, 0.00758707
51, 0.00557123
52, 0.00187818
53, 0.00456415
54, 0.00837965
55, 0.00511768
56, 0.00148876
57, 0.00596328
58, 0.00999311
59, 0.00494394
60, 0.00150726
61, 0.0081875
62, 0.0121933
63, 0.00515359
64, 0.00182341
65, 0.0103877
66, 0.0141728
67, 0.00545041
68, 0.00219281
69, 0.0117111
70, 0.0151998
71, 0.00572045
72, 0.00243293
73, 0.0120533
74, 0.0153757
75, 0.00597692
76, 0.0025265
77, 0.0112851
78, 0.014489
79, 0.00601295
80, 0.00248309
81, 0.0110499
82, 0.0183125
83, 0.0139117
84, 0.00477502
85, 0.00342357
86, 0.00984144
87, 0.0133676
88, 0.00922546
89, 0.00448563
90, 0.00565856
91, 0.00917707
92, 0.00881462
93, 0.00608805
94, 0.00666399
95, 0.00996306
96, 0.01005
97, 0.00604663
98, 0.00488765
99, 0.0103251
100, 0.0154831
101, 0.012292
102, 0.00456119
103, 0.0039677
104, 0.0128568
105, 0.0194935
106, 0.0140609
107, 0.00360895
108, 0.00301744
109, 0.0135569
110, 0.020405
111, 0.0138056
112, 0.00284819
113, 0.00223992
114, 0.0118009
115, 0.0177375
116, 0.0121244
117, 0.00268928
118, 0.00136015
119, 0.00829326
120, 0.0131155
121, 0.00961715
122, 0.00138752
123, 0.00284162
124, 0.00948614
125, 0.00864738
126, 0.00242523
127, 0.00152899
128, 0.00600532
129, 0.00727804
130, 0.00352667
131, 0.00109564
132, 0.00320248
133, 0.00572795
134, 0.00447823
135, 0.00147706
136, 0.00145515
137, 0.0043946
138, 0.00531171
139, 0.0024305
140, 0.000686793
141, 0.00355828
142, 0.00625789
143, 0.00371814
144, 0.000501904
145, 0.00320417
146, 0.00745849
147, 0.00515161
148, 0.00051553
149, 0.0029862
150, 0.00846377
151, 0.00633349
152, 0.000576752
153, 0.00252762
154, 0.00844419
155, 0.00670617
156, 0.000715689
157, 0.00170123
158, 0.00691478
159, 0.00603688
160, 0.00101808
161, 0.000804457
162, 0.00443289
163, 0.00471364
164, 0.00150968
165, 0.000256167
166, 0.00217307
167, 0.00356261
168, 0.00215507
169, 0.000209869
170, 0.000948378
171, 0.00321395
172, 0.00291318
173, 0.000438701
174, 0.000682611
175, 0.00368373
176, 0.00375245
177, 0.000637312
178, 0.000768057
179, 0.00440017
180, 0.00449505
181, 0.00080765
182, 0.000829596
183, 0.00465962
184, 0.0047372
185, 0.00114799
186, 0.00106498
187, 0.00412958
188, 0.00404303
189, 0.00164056
190, 0.00180069
191, 0.00311119
192, 0.00244591
193, 0.0019821
194, 0.00289328
195, 0.0022484
196, 0.000738064
197, 0.00198054
198, 0.00371426
199, 0.00192007
200, 0


0, 0
1, 0.00326314
2, 0.00608229
3, 0.00278502
4, 0.000592349
5, 0.00335385
6, 0.00487763
7, 0.00297374
8, 0.00176622
9, 0.00243667
10, 0.00362788
11, 0.00410289
12, 0.00244959
13, 0.00104146
14, 0.00335707
15, 0.00512204
16, 0.00200782
17, 0.000344729
18, 0.0040349
19, 0.0049333
20, 0.000863823
21, 0.000989222
22, 0.00494494
23, 0.00364762
24, 7.31956e-05
25, 0.00247352
26, 0.00561055
27, 0.00267896
28, 0.000325016
29, 0.00373765
30, 0.00602953
31, 0.00313561
32, 0.00137892
33, 0.00420375
34, 0.00645955
35, 0.00454883
36, 0.0023007
37, 0.00404974
38, 0.00702716
39, 0.00575165
40, 0.00254039
41, 0.00386663
42, 0.00740798
43, 0.00591862
44, 0.00227233
45, 0.00407878
46, 0.0074899
47, 0.00521821
48, 0.00213768
49, 0.00489784
50, 0.0076389
51, 0.00460183
52, 0.00255556
53, 0.00630798
54, 0.0082394
55, 0.00448226
56, 0.00331435
57, 0.00806022
58, 0.00948632
59, 0.00465261
60, 0.00390338
61, 0.00988271
62, 0.0109628
63, 0.00464095
64, 0.00400868
65, 0.0115601
66, 0.0124946
67, 0.00444375
68, 0.00379558
69, 0.0127407
70, 0.0136016
71, 0.00425784
72, 0.00334579
73, 0.0129335
74, 0.0137828
75, 0.00396682
76, 0.0028239
77, 0.0121828
78, 0.0131341
79, 0.00373531
80, 0.00235016
81, 0.0126728
82, 0.0194049
83, 0.0130514
84, 0.00285076
85, 0.00280712
86, 0.0120408
87, 0.017052
88, 0.0111259
89, 0.00315646
90, 0.0040281
91, 0.0114232
92, 0.0144364
93, 0.00970745
94, 0.00496432
95, 0.00662005
96, 0.0108324
97, 0.0107521
98, 0.00752353
99, 0.00724141
100, 0.0102544
101, 0.0106654
102, 0.00677658
103, 0.00463694
104, 0.00853432
105, 0.0133118
106, 0.0112913
107, 0.00434939
108, 0.00221958
109, 0.00853134
110, 0.0147825
111, 0.0119547
112, 0.00345975
113, 0.000833714
114, 0.00779606
115, 0.0148115
116, 0.0121438
117, 0.00337641
118, 0.000288162
119, 0.00647982
120, 0.0130062
121, 0.0111965
122, 0.00174573
123, 0.00173708
124, 0.00988693
125, 0.0105724
126, 0.00284901
127, 0.000448978
128, 0.00635014
129, 0.0090376
130, 0.0039554
131, 0.000155179
132, 0.00329133
133, 0.00694448
134, 0.0049052
135, 0.00102109
136, 0.00154021
137, 0.0049962
138, 0.0055635
139, 0.00261753
140, 0.00111589
141, 0.00345522
142, 0.00575092
143, 0.0041097
144, 0.00125021
145, 0.00226417
146, 0.00546489
147, 0.00485281
148, 0.00122317
149, 0.00124207
150, 0.00475068
151, 0.00481918
152, 0.00110704
153, 0.000461862
154, 0.00369896
155, 0.00451198
156, 0.00155904
157, 0.00019565
158, 0.00247891
159, 0.00435924
160, 0.00291037
161, 0.00058817
162, 0.00135021
163, 0.00434615
164, 0.0046092
165, 0.00137598
166, 0.000547658
167, 0.00419469
168, 0.00567748
169, 0.00199598
170, 0.000170882
171, 0.00370523
172, 0.00550309
173, 0.00201102
174, 8.23924e-05
175, 0.00298668
176, 0.00430256
177, 0.00142079
178, 0.00011185
179, 0.00225084
180, 0.00280543
181, 0.000800774
182, 0.000411393
183, 0.00173498
184, 0.00161055
185, 0.000883047
186, 0.00151819
187, 0.00168666
188, 0.000859439
189, 0.00193775
190, 0.00379483
191, 0.00230378
192, 0.00039623
193, 0.00345581
194, 0.00669187
195, 0.00342958
196, 0.000107202
197, 0.00447931
198, 0.00876639
199, 0.00440666
200, 0


0, 0
1, 0.00618063
2, 0.0110039
3, 0.00389943
4, 0.000368594
5, 0.0069334
6, 0.00813983
7, 0.00162609
8, 0.00104642
9, 0.00549659
10, 0.00429801
11, 0.000511347
12, 0.00130668
13, 0.00308447
14, 0.00193699
15, 0.00066038
16, 0.00100811
17, 0.00197245
18, 0.00248643
19, 0.00142292
20, 0.000742184
21, 0.00345383
22, 0.00527649
23, 0.00208054
24, 0.00111263
25, 0.00660345
26, 0.00812084
27, 0.00224601
28, 0.00197857
29, 0.00906522
30, 0.00908305
31, 0.00211666
32, 0.00279307
33, 0.00934095
34, 0.0081544
35, 0.00217594
36, 0.0031918
37, 0.00794239
38, 0.00683353
39, 0.00267611
40, 0.00313127
41, 0.00647761
42, 0.00650112
43, 0.00349998
44, 0.00297176
45, 0.00617748
46, 0.00746755
47, 0.00435584
48, 0.00314986
49, 0.00706363
50, 0.00883833
51, 0.0049899
52, 0.00376724
53, 0.00837242
54, 0.00968802
55, 0.00523254
56, 0.00459281
57, 0.009393
58, 0.00982585
59, 0.00507486
60, 0.00514447
61, 0.0100414
62, 0.00969698
63, 0.00468402
64, 0.00518123
65, 0.0103958
66, 0.00968588
67, 0.00399058
68, 0.00466937
69, 0.0106544
70, 0.00981437
71, 0.00316775
72, 0.00385414
73, 0.0109192
74, 0.0101721
75, 0.002583
76, 0.00329084
77, 0.0112802
78, 0.0106741
79, 0.0023909
80, 0.00299718
81, 0.0137793
82, 0.0195832
83, 0.0121171
84, 0.00201859
85, 0.00368475
86, 0.0150205
87, 0.0204852
88, 0.0127276
89, 0.00269805
90, 0.00401258
91, 0.0143348
92, 0.0193841
93, 0.0127654
94, 0.00388489
95, 0.00407121
96, 0.0114406
97, 0.0149378
98, 0.010266
99, 0.00454876
100, 0.00482668
101, 0.00859054
102, 0.00922063
103, 0.00615497
104, 0.00462211
105, 0.00653638
106, 0.00767266
107, 0.00514655
108, 0.00257632
109, 0.00440429
110, 0.00840625
111, 0.00845459
112, 0.00373387
113, 0.000644042
114, 0.0038777
115, 0.00941406
116, 0.00973728
117, 0.00421013
118, 7.90351e-05
119, 0.00284649
120, 0.00917237
121, 0.0111961
122, 0.00362917
123, 0.000359657
124, 0.0074481
125, 0.0120355
126, 0.00580426
127, 5.61045e-05
128, 0.00510999
129, 0.0116192
130, 0.00769143
131, 0.000485419
132, 0.00293961
133, 0.0100807
134, 0.00860046
135, 0.00140556
136, 0.00146697
137, 0.00755633
138, 0.00787808
139, 0.00224369
140, 0.000669537
141, 0.00446662
142, 0.00585355
143, 0.00264973
144, 0.000391034
145, 0.00181469
146, 0.00348819
147, 0.00252431
148, 0.000542025
149, 0.000298831
150, 0.00160781
151, 0.00221069
152, 0.0011949
153, 5.83889e-05
154, 0.000569299
155, 0.00219898
156, 0.00247702
157, 0.000745638
158, 0.000167503
159, 0.00263122
160, 0.00422678
161, 0.00181819
162, 4.67685e-05
163, 0.00315594
164, 0.0057631
165, 0.00273344
166, 3.70374e-05
167, 0.00330059
168, 0.00618576
169, 0.00301956
170, 0.000174292
171, 0.00288708
172, 0.00510356
173, 0.00250558
174, 0.000533325
175, 0.00223573
176, 0.0030729
177, 0.00154221
178, 0.00116807
179, 0.00182236
180, 0.00118478
181, 0.000911099
182, 0.00216696
183, 0.00190657
184, 0.000199556
185, 0.00121855
186, 0.00366054
187, 0.00240334
188, 3.35325e-05
189, 0.00239903
190, 0.00561644
191, 0.00311799
192, 0.00010524
193, 0.0037534
194, 0.00761182
195, 0.00388982
196, 6.03008e-05
197, 0.00452742
198, 0.00893574
199, 0.00448282
200, 0


0, 0
1, 0.00558794
2, 0.00940994
3, 0.0026972
4, 0.000989369
5, 0.00762765
6, 0.00673643
7, 0.000603323
8, 0.00339102
9, 0.00785876
10, 0.00319791
11, 0.000383081
12, 0.00583034
13, 0.00665502
14, 0.000967163
15, 0.00169729
16, 0.00698998
17, 0.00536756
18, 0.00112629
19, 0.00315282
20, 0.00646055
21, 0.005154
22, 0.00308514
23, 0.00344729
24, 0.0049739
25, 0.00631148
26, 0.00533554
27, 0.00263332
28, 0.00405485
29, 0.00840896
30, 0.00660955
31, 0.00153701
32, 0.00448884
33, 0.0103006
34, 0.00652946
35, 0.000916288
36, 0.0057611
37, 0.0110414
38, 0.00569487
39, 0.00120824
40, 0.00689124
41, 0.0107866
42, 0.00543459
43, 0.00233056
44, 0.00719761
45, 0.0101325
46, 0.00638242
47, 0.00373093
48, 0.00665174
49, 0.00968404
50, 0.00801437
51, 0.00481962
52, 0.00574789
53, 0.00951382
54, 0.00929287
55, 0.00517287
56, 0.00505188
57, 0.00939753
58, 0.00955773
59, 0.00491526
60, 0.00474497
61, 0.00919272
62, 0.00885174
63, 0.00420727
64, 0.00455145
65, 0.00875184
66, 0.00782528
67, 0.00342173
68, 0.00436116
69, 0.00850334
70, 0.00718743
71, 0.00284258
72, 0.00424657
73, 0.0089117
74, 0.00749697
75, 0.0024876
76, 0.00415194
77, 0.010055
78, 0.00877968
79, 0.0024811
80, 0.00399871
81, 0.0139088
82, 0.0189803
83, 0.0118868
84, 0.00238332
85, 0.00428641
86, 0.0158686
87, 0.0215683
88, 0.0135203
89, 0.00262287
90, 0.00358965
91, 0.0147018
92, 0.0206388
93, 0.0135683
94, 0.003024
95, 0.00230468
96, 0.0109287
97, 0.0164546
98, 0.0117332
99, 0.00336085
100, 0.00162477
101, 0.00700656
102, 0.011041
103, 0.00841127
104, 0.0031995
105, 0.00197662
106, 0.00470855
107, 0.00620528
108, 0.00435502
109, 0.00236757
110, 0.0030295
111, 0.00453368
112, 0.00381009
113, 0.00159235
114, 0.00143122
115, 0.00420677
116, 0.00639121
117, 0.00480943
118, 0.00122004
119, 0.000608874
120, 0.00479632
121, 0.00931483
122, 0.00540649
123, 9.8396e-05
124, 0.00412003
125, 0.011173
126, 0.0083075
127, 0.000665584
128, 0.00311756
129, 0.0117976
130, 0.0104281
131, 0.00155556
132, 0.00202737
133, 0.0105086
134, 0.0105329
135, 0.00232609
136, 0.000945544
137, 0.00732751
138, 0.00863364
139, 0.00288294
140, 0.000277854
141, 0.00370327
142, 0.00580196
143, 0.00315349
144, 0.000368008
145, 0.00102449
146, 0.00306237
147, 0.00307127
148, 0.00109133
149, 8.25741e-06
150, 0.00127627
151, 0.00279225
152, 0.00214272
153, 0.000446928
154, 0.000548687
155, 0.00241543
156, 0.00303861
157, 0.00134713
158, 0.000306096
159, 0.00198208
160, 0.00346606
161, 0.00187995
162, 9.13561e-05
163, 0.00156096
164, 0.00337629
165, 0.00186432
166, 5.51888e-05
167, 0.00139511
168, 0.00281617
169, 0.00157977
170, 0.000728584
171, 0.00180404
172, 0.00197485
173, 0.00133063
174, 0.00231775
175, 0.00291023
176, 0.00116532
177, 0.00124322
178, 0.00435817
179, 0.00432248
180, 0.000682999
181, 0.00136879
182, 0.00599149
183, 0.00533947
184, 0.000584159
185, 0.00169716
186, 0.00667833
187, 0.00542947
188, 0.000617991
189, 0.0021107
190, 0.0065618
191, 0.00468669
192, 0.000477372
193, 0.00244551
194, 0.00611238
195, 0.00369451
196, 0.000168241
197, 0.00266121
198, 0.0058019
199, 0.00298732
200, 0


0, 0
1, 0.00368393
2, 0.00544039
3, 0.000789019
4, 0.00193816
5, 0.00740821
6, 0.00419131
7, 8.86179e-05
8, 0.0066432
9, 0.0101353
10, 0.00237685
11, 0.00168857
12, 0.0115108
13, 0.0106364
14, 0.000939142
15, 0.00436696
16, 0.0138655
17, 0.00881292
18, 0.000430683
19, 0.00642569
20, 0.0128406
21, 0.00599252
22, 0.000934142
23, 0.00695219
24, 0.00979101
25, 0.00413903
26, 0.00208109
27, 0.00588758
28, 0.00685448
29, 0.00441545
30, 0.00331614
31, 0.00414582
32, 0.00599359
33, 0.00685113
34, 0.00429649
35, 0.00294019
36, 0.00763468
37, 0.0103454
38, 0.00484941
39, 0.0026031
40, 0.0101273
41, 0.0129796
42, 0.00505667
43, 0.00285572
44, 0.0114657
45, 0.0134652
46, 0.00510827
47, 0.00331904
48, 0.0108119
49, 0.0121267
50, 0.00536099
51, 0.00372294
52, 0.00880507
53, 0.0102167
54, 0.00606467
55, 0.00392216
56, 0.00649988
57, 0.00869886
58, 0.00681873
59, 0.00384842
60, 0.00467587
61, 0.00779817
62, 0.00717334
63, 0.00356589
64, 0.00386669
65, 0.00757078
66, 0.00718294
67, 0.00331184
68, 0.00392683
69, 0.0079539
70, 0.00719064
71, 0.00326031
72, 0.0044413
73, 0.00863944
74, 0.00747038
75, 0.00338424
76, 0.0050087
77, 0.00965255
78, 0.00824592
79, 0.00346722
80, 0.0050125
81, 0.0130588
82, 0.0169698
83, 0.0111101
84, 0.0031197
85, 0.00407038
86, 0.0132424
87, 0.0184729
88, 0.0123726
89, 0.0027353
90, 0.00240536
91, 0.0117339
92, 0.0180438
93, 0.0127493
94, 0.00282964
95, 0.00111559
96, 0.00920375
97, 0.0157709
98, 0.0120924
99, 0.00324798
100, 0.000349832
101, 0.00583239
102, 0.0114602
103, 0.00986866
104, 0.00351265
105, 0.000177351
106, 0.00277753
107, 0.0067647
108, 0.00685359
109, 0.00337715
110, 0.000780514
111, 0.00166731
112, 0.00401522
113, 0.00440385
114, 0.00272618
115, 0.00193552
116, 0.00345692
117, 0.00491036
118, 0.00373721
119, 0.00169359
120, 0.00275125
121, 0.00654601
122, 0.00543433
123, 0.000994709
124, 0.00226139
125, 0.00771763
126, 0.00697988
127, 0.00112934
128, 0.00135693
129, 0.00741601
130, 0.0078548
131, 0.00198186
132, 0.000703916
133, 0.00584258
134, 0.00778531
135, 0.00358507
136, 0.000856017
137, 0.00369233
138, 0.00697582
139, 0.00556808
140, 0.00188123
141, 0.00175676
142, 0.00556096
143, 0.00696009
144, 0.00312737
145, 0.000499439
146, 0.00385063
147, 0.0070991
148, 0.00405243
149, 0.000153925
150, 0.00232601
151, 0.00594585
152, 0.00404877
153, 0.000314669
154, 0.00112765
155, 0.00382939
156, 0.00307166
157, 0.000505846
158, 0.000332641
159, 0.00178232
160, 0.0017719
161, 0.000459453
162, 4.97146e-05
163, 0.000675893
164, 0.000758442
165, 0.000267439
166, 0.000446437
167, 0.000852925
168, 0.000348967
169, 0.000267279
170, 0.00177683
171, 0.00226473
172, 0.000468043
173, 0.000599885
174, 0.00395093
175, 0.00444328
176, 0.000817488
177, 0.00106335
178, 0.00621426
179, 0.00650075
180, 0.00114256
181, 0.00135823
182, 0.00755135
183, 0.00752289
184, 0.00126244
185, 0.00137353
186, 0.00744288
187, 0.00707201
188, 0.00109273
189, 0.00124178
190, 0.00628083
191, 0.00551319
192, 0.000669321
193, 0.00120606
194, 0.0049272
195, 0.00367888
196, 0.000204449
197, 0.00147449
198, 0.00411374
199, 0.00225834
200, 0


0, 0
1, 0.00495319
2, 0.00789919
3, 0.00187911
4, 0.0018421
5, 0.00868559
6, 0.0064074
7, 0.000665953
8, 0.00634228
9, 0.0113327
10, 0.00396595
11, 0.00157602
12, 0.0111393
13, 0.0115286
14, 0.00154515
15, 0.00417268
16, 0.0143317
17, 0.009345
18, 0.000231935
19, 0.00754867
20, 0.0150678
21, 0.00605837
22, 0.000533477
23, 0.0103729
24, 0.0134851
25, 0.00325761
26, 0.00211243
27, 0.0117508
28, 0.0109821
29, 0.00224312
30, 0.00399085
31, 0.0112225
32, 0.00904049
33, 0.00340497
34, 0.00517436
35, 0.00907274
36, 0.00835018
37, 0.00609919
38, 0.00539028
39, 0.00644381
40, 0.00906931
41, 0.00918251
42, 0.00494596
43, 0.00438439
44, 0.0104718
45, 0.0115022
46, 0.00431682
47, 0.00329671
48, 0.0112661
49, 0.0121381
50, 0.00378199
51, 0.00288238
52, 0.0106889
53, 0.011036
54, 0.00347258
55, 0.00273123
56, 0.00889009
57, 0.00919523
58, 0.00369222
59, 0.00283535
60, 0.00692714
61, 0.00794276
62, 0.00478001
63, 0.00321569
64, 0.00546708
65, 0.00769722
66, 0.00639513
67, 0.00379967
68, 0.00473447
69, 0.00813973
70, 0.00781742
71, 0.00424942
72, 0.00462228
73, 0.00873746
74, 0.00861554
75, 0.00442285
76, 0.0046544
77, 0.00901517
78, 0.00869741
79, 0.00423242
80, 0.00447612
81, 0.0108376
82, 0.0143146
83, 0.00987373
84, 0.00327983
85, 0.00324967
86, 0.00963818
87, 0.0137558
88, 0.0098489
89, 0.00268308
90, 0.00157195
91, 0.00799248
92, 0.0133742
93, 0.0104072
94, 0.00281369
95, 0.000393646
96, 0.00612973
97, 0.012324
98, 0.0109143
99, 0.00383142
100, 9.7914e-06
101, 0.00379004
102, 0.00999826
103, 0.0109341
104, 0.00562088
105, 0.000479395
106, 0.0014053
107, 0.00695292
108, 0.0102885
109, 0.00740489
110, 0.00190196
111, 0.000499536
112, 0.00459454
113, 0.00853573
114, 0.00731921
115, 0.00304135
116, 0.00145966
117, 0.00379518
118, 0.0057544
119, 0.00442336
120, 0.00226259
121, 0.00248478
122, 0.00295165
123, 0.00164606
124, 0.000999124
125, 0.0025353
126, 0.00304934
127, 0.00106257
128, 9.43784e-05
129, 0.00201249
130, 0.00357054
131, 0.00221256
132, 0.000284073
133, 0.00124316
134, 0.00419737
135, 0.00467916
136, 0.00166406
137, 0.000628739
138, 0.00465745
139, 0.00743492
140, 0.0037097
141, 0.000387925
142, 0.00461656
143, 0.00917967
144, 0.00541495
145, 0.000492242
146, 0.00401454
147, 0.00908653
148, 0.00585921
149, 0.000747021
150, 0.00302987
151, 0.00696755
152, 0.00465919
153, 0.000952543
154, 0.00204452
155, 0.00400338
156, 0.00263498
157, 0.00110201
158, 0.00169415
159, 0.00175545
160, 0.000793205
161, 0.00118833
162, 0.00198405
163, 0.000975494
164, 1.06609e-05
165, 0.00130027
166, 0.00269065
167, 0.0017259
168, 0.000356535
169, 0.00146553
170, 0.00359283
171, 0.00318992
172, 0.00105367
173, 0.00149115
174, 0.00440865
175, 0.00455335
176, 0.00142053
177, 0.0012319
178, 0.00497571
179, 0.00545543
180, 0.00139767
181, 0.000868336
182, 0.00526711
183, 0.0058269
184, 0.00124797
185, 0.000731452
186, 0.00533686
187, 0.00564968
188, 0.00105842
189, 0.000965185
190, 0.00533455
191, 0.00495252
192, 0.000700158
193, 0.00146957
194, 0.00536257
195, 0.00394383
196, 0.000228363
197, 0.00211577
198, 0.0054124
199, 0.00293661
200, 0


0, 0
1, 0.00874221
2, 0.015541
3, 0.00547936
4, 0.00085518
5, 0.0108697
6, 0.0122794
7, 0.00232755
8, 0.0033192
9, 0.0114402
10, 0.00734805
11, 0.000955724
12, 0.00700838
13, 0.0106383
14, 0.0030466
15, 0.00247251
16, 0.0110136
17, 0.00875281
18, 0.000735987
19, 0.00651012
20, 0.0141921
21, 0.00630253
22, 0.0007882
23, 0.0115969
24, 0.0158101
25, 0.00406771
26, 0.00254707
27, 0.0156297
28, 0.0154523
29, 0.00253306
30, 0.00475002
31, 0.0170587
32, 0.0133153
33, 0.00189589
34, 0.00619623
35, 0.0156408
36, 0.0105386
37, 0.00226983
38, 0.00632231
39, 0.0120535
40, 0.00822602
41, 0.00355069
42, 0.00542608
43, 0.00799922
44, 0.00726946
45, 0.00552582
46, 0.00418636
47, 0.00481497
48, 0.00775178
49, 0.0077304
50, 0.00327468
51, 0.00306893
52, 0.00900771
53, 0.00954508
54, 0.0028846
55, 0.00263488
56, 0.0101651
57, 0.0105717
58, 0.00297692
59, 0.00280209
60, 0.0103606
61, 0.01062
62, 0.00359331
63, 0.00313997
64, 0.00929748
65, 0.0100144
66, 0.00485364
67, 0.00362196
68, 0.00744791
69, 0.0091062
70, 0.00647074
71, 0.0042155
72, 0.00556213
73, 0.00808921
74, 0.00759754
75, 0.00458807
76, 0.00408485
77, 0.00712881
78, 0.00790506
79, 0.0044709
80, 0.00308444
81, 0.00744994
82, 0.0113578
83, 0.00904956
84, 0.00337863
85, 0.00193833
86, 0.00630247
87, 0.0100157
88, 0.00775021
89, 0.00239966
90, 0.000863788
91, 0.00484147
92, 0.00887257
93, 0.00766065
94, 0.00271504
95, 9.00471e-05
96, 0.00299694
97, 0.00802012
98, 0.00916123
99, 0.00495114
100, 0.000423084
101, 0.00147892
102, 0.00765303
103, 0.0119304
104, 0.00886455
105, 0.00204428
106, 0.000481517
107, 0.00691859
108, 0.0134668
109, 0.0116272
110, 0.00378435
111, 0.000105403
112, 0.00482456
113, 0.0108733
114, 0.010107
115, 0.00391279
116, 0.000140843
117, 0.00210459
118, 0.00552083
119, 0.00546708
120, 0.00246491
121, 0.000267253
122, 0.000548479
123, 0.00159959
124, 0.00132675
125, 0.000460973
126, 0.000440498
127, 0.000941528
128, 0.000775732
129, 0.000448533
130, 0.00127343
131, 0.00213358
132, 0.00113656
133, 0.000254469
134, 0.00225043
135, 0.00420759
136, 0.00218569
137, 3.40271e-05
138, 0.00283668
139, 0.00594869
140, 0.00331125
141, 6.50269e-05
142, 0.00289353
143, 0.0064824
144, 0.00398926
145, 0.000623481
146, 0.00287703
147, 0.00580553
148, 0.00391019
149, 0.00182674
150, 0.0033983
151, 0.00436744
152, 0.0030481
153, 0.00344415
154, 0.00469476
155, 0.00299233
156, 0.0018227
157, 0.00487295
158, 0.00618231
159, 0.00218849
160, 0.000741507
161, 0.00536664
162, 0.00707642
163, 0.00225039
164, 0.000263722
165, 0.00492487
166, 0.00705428
167, 0.00272501
168, 0.000365151
169, 0.00383195
170, 0.0059453
171, 0.00302691
172, 0.000699572
173, 0.00249501
174, 0.00445432
175, 0.00309679
176, 0.000878888
177, 0.00138798
178, 0.00333915
179, 0.00300381
180, 0.000791759
181, 0.000716688
182, 0.00290413
183, 0.00297513
184, 0.00056907
185, 0.00060598
186, 0.00333058
187, 0.00317819
188, 0.000344094
189, 0.00115941
190, 0.00461838
191, 0.00357726
192, 0.000165674
193, 0.00222061
194, 0.00630622
195, 0.00395385
196, 4.39483e-05
197, 0.00330881
198, 0.00751996
199, 0.00394488
200, 0


0, 0
1, 0.0106596
2, 0.0192582
3, 0.00700275
4, 0.000618475
5, 0.0131739
6, 0.0162852
7, 0.00324164
8, 0.00244925
9, 0.0142138
10, 0.0116614
11, 0.000870531
12, 0.00538316
13, 0.0136202
14, 0.00682786
15, 0.00103194
16, 0.00911667
17, 0.0119434
18, 0.00331865
19, 0.00392309
20, 0.012919
21, 0.00964159
22, 0.0017328
23, 0.00844139
24, 0.0156867
25, 0.00697017
26, 0.00179167
27, 0.0129245
28, 0.0166337
29, 0.00443539
30, 0.00292734
31, 0.0159614
32, 0.0156086
33, 0.00247044
34, 0.00442801
35, 0.0168351
36, 0.0131565
37, 0.00128201
38, 0.00556839
39, 0.0156481
40, 0.0102289
41, 0.000947069
42, 0.00577905
43, 0.0128289
44, 0.00762587
45, 0.0014518
46, 0.00523347
47, 0.00937887
48, 0.00622175
49, 0.00297674
50, 0.00445142
51, 0.00647298
52, 0.00668765
53, 0.00571025
54, 0.00389544
55, 0.00447949
56, 0.00849578
57, 0.00900365
58, 0.0038444
59, 0.00331568
60, 0.0102709
61, 0.0116519
62, 0.00419236
63, 0.00267397
64, 0.0106167
65, 0.0125467
66, 0.00468712
67, 0.00227445
68, 0.00916007
69, 0.0114246
70, 0.00514854
71, 0.00221435
72, 0.00664902
73, 0.00905179
74, 0.00547158
75, 0.00263632
76, 0.00428693
77, 0.00638793
78, 0.00544232
79, 0.00306507
80, 0.00259821
81, 0.00527554
82, 0.00777262
83, 0.00680414
84, 0.0031073
85, 0.00105824
86, 0.00310783
87, 0.0063557
88, 0.00632318
89, 0.0028784
90, 0.000409894
91, 0.00207486
92, 0.00578271
93, 0.00682959
94, 0.00381473
95, 0.000505645
96, 0.00139796
97, 0.00606142
98, 0.00909003
99, 0.00655042
100, 0.00152243
101, 0.000873504
102, 0.00640543
103, 0.0116855
104, 0.00982962
105, 0.00300549
106, 0.000241503
107, 0.00546032
108, 0.0118299
109, 0.0109288
110, 0.00408003
111, 5.6309e-05
112, 0.00320583
113, 0.00842175
114, 0.00894844
115, 0.00473121
116, 0.000962316
117, 0.00102897
118, 0.0036564
119, 0.00561475
120, 0.00496581
121, 0.00235687
122, 0.000108708
123, 0.00177095
124, 0.00424861
125, 0.0030337
126, 0.000348576
127, 0.000936088
128, 0.00317116
129, 0.00272881
130, 0.000891524
131, 0.00111527
132, 0.00213419
133, 0.00162472
134, 0.00106419
135, 0.00164614
136, 0.00144593
137, 0.000415237
138, 0.000895411
139, 0.00195656
140, 0.00110947
141, 3.14484e-05
142, 0.000986015
143, 0.00184681
144, 0.00105618
145, 0.00104683
146, 0.00206634
147, 0.00158154
148, 0.00114183
149, 0.00332216
150, 0.0043469
151, 0.00157212
152, 0.0011985
153, 0.00603404
154, 0.00740132
155, 0.00208471
156, 0.00111477
157, 0.00808654
158, 0.0100328
159, 0.00285179
160, 0.000842273
161, 0.00858061
162, 0.0111256
163, 0.00342861
164, 0.000496135
165, 0.00748133
166, 0.0101286
167, 0.00339161
168, 0.000194452
169, 0.0053405
170, 0.0077344
171, 0.00288858
172, 5.015e-05
173, 0.00337499
174, 0.00525962
175, 0.00210009
176, 5.11239e-05
177, 0.00212229
178, 0.00337661
179, 0.00143694
180, 0.000137192
181, 0.00150723
182, 0.00258653
183, 0.00138548
184, 0.000253231
185, 0.00147823
186, 0.00297226
187, 0.00187872
188, 0.000318144
189, 0.00189882
190, 0.00416107
191, 0.0025966
192, 0.000252341
193, 0.0025496
194, 0.00560245
195, 0.00319218
196, 8.75293e-05
197, 0.00313709
198, 0.00660358
199, 0.00339548
200, 0


0, 0
1, 0.0103918
2, 0.0184325
3, 0.00619582
4, 0.000997904
5, 0.0148995
6, 0.0175536
7, 0.00306064
8, 0.0034744
9, 0.0183998
10, 0.015502
11, 0.0011275
12, 0.00646378
13, 0.0198546
14, 0.0124705
15, 0.000515054
16, 0.00911703
17, 0.0186969
18, 0.00872792
19, 0.00125327
20, 0.0112352
21, 0.015409
22, 0.00498041
23, 0.003238
24, 0.0127841
25, 0.0113016
26, 0.00232979
27, 0.00617194
28, 0.0137391
29, 0.00749404
30, 0.00131391
31, 0.00950447
32, 0.014112
33, 0.00452741
34, 0.00173498
35, 0.0125134
36, 0.013777
37, 0.00252934
38, 0.00304478
39, 0.0145915
40, 0.0125972
41, 0.00125823
42, 0.00465751
43, 0.0155667
44, 0.0110102
45, 0.000726878
46, 0.00594155
47, 0.0151534
48, 0.00942442
49, 0.00103072
50, 0.00626894
51, 0.0131416
52, 0.00818728
53, 0.00223362
54, 0.00565339
55, 0.0098734
56, 0.00758505
57, 0.00442943
58, 0.00479081
59, 0.00628575
60, 0.00747308
61, 0.00732185
62, 0.00455753
63, 0.00335617
64, 0.00738379
65, 0.00990477
66, 0.00509902
67, 0.00158957
68, 0.00680397
69, 0.0108907
70, 0.00548767
71, 0.000792728
72, 0.00547784
73, 0.00976433
74, 0.00521092
75, 0.000580886
76, 0.00363712
77, 0.00713313
78, 0.00436784
79, 0.000772735
80, 0.00188935
81, 0.00522509
82, 0.00638125
83, 0.00447458
84, 0.00183036
85, 0.000798341
86, 0.00200891
87, 0.00422467
88, 0.00523416
89, 0.00380718
90, 0.00138488
91, 0.00114998
92, 0.004183
93, 0.0071567
94, 0.00608716
95, 0.00221626
96, 0.00119489
97, 0.00519554
98, 0.00918247
99, 0.00758734
100, 0.00243035
101, 0.000776421
102, 0.00479608
103, 0.00886419
104, 0.00747198
105, 0.00244515
106, 2.77208e-05
107, 0.00263998
108, 0.00642933
109, 0.00676004
110, 0.00366106
111, 0.000790525
112, 0.000976881
113, 0.00380453
114, 0.00650296
115, 0.00647174
116, 0.00358148
117, 0.000835868
118, 0.00179534
119, 0.00599118
120, 0.00849476
121, 0.00592216
122, 0.000566881
123, 0.00233027
124, 0.00751829
125, 0.00609951
126, 0.000820446
127, 0.00117283
128, 0.00519572
129, 0.00459835
130, 0.00078496
131, 0.000458998
132, 0.00260563
133, 0.00227369
134, 0.000366938
135, 0.000178791
136, 0.000788967
137, 0.000412629
138, 1.30483e-05
139, 0.000156587
140, 8.16871e-05
141, 0.000106672
142, 0.000496053
143, 0.000318013
144, 0.000231307
145, 0.00156062
146, 0.00222417
147, 0.000645809
148, 0.0006773
149, 0.00402098
150, 0.0048263
151, 0.00115979
152, 0.000922039
153, 0.00630824
154, 0.00747914
155, 0.00183181
156, 0.000845535
157, 0.0075329
158, 0.00931368
159, 0.00262206
160, 0.000622226
161, 0.00756942
162, 0.0100763
163, 0.0033114
164, 0.000570574
165, 0.00697196
166, 0.00963997
167, 0.00344997
168, 0.000699293
169, 0.00621324
170, 0.00831588
171, 0.00281484
172, 0.000831877
173, 0.00557573
174, 0.00652774
175, 0.00165044
176, 0.000818467
177, 0.00495244
178, 0.00499739
179, 0.000837286
180, 0.000814359
181, 0.00446315
182, 0.00418587
183, 0.000732972
184, 0.000939213
185, 0.00391337
186, 0.00373962
187, 0.00111276
188, 0.000972837
189, 0.00314922
190, 0.00353703
191, 0.00152432
192, 0.000680787
193, 0.00242402
194, 0.00345061
195, 0.00164104
196, 0.000224776
197, 0.00189344
198, 0.00338169
199, 0.001656
200, 0


0, 0
1, 0.0108849
2, 0.0196268
3, 0.00697792
4, 0.000883757
5, 0.0153566
6, 0.0192376
7, 0.00399876
8, 0.00318641
9, 0.0196116
10, 0.0183829
11, 0.002078
12, 0.00589181
13, 0.0222342
14, 0.0165782
15, 0.000914698
16, 0.00801805
17, 0.0222548
18, 0.0135583
19, 0.00034575
20, 0.00922185
21, 0.0197945
22, 0.00967019
23, 0.000403427
24, 0.00983175
25, 0.0159218
26, 0.00577353
27, 0.00131257
28, 0.0104295
29, 0.0118133
30, 0.0027347
31, 0.00329056
32, 0.0112879
33, 0.00824342
34, 0.00116516
35, 0.00638209
36, 0.0124071
37, 0.0054989
38, 0.00113663
39, 0.0102246
40, 0.0136219
41, 0.00364974
42, 0.00225265
43, 0.0138584
44, 0.0143494
45, 0.00249042
46, 0.00366302
47, 0.0162
48, 0.0142155
49, 0.00183962
50, 0.0045234
51, 0.0164217
52, 0.0131816
53, 0.00167016
54, 0.00446756
55, 0.0144505
56, 0.0114002
57, 0.0019958
58, 0.00374813
59, 0.0108446
60, 0.00897384
61, 0.00279495
62, 0.00301718
63, 0.00647777
64, 0.00627795
65, 0.00400263
66, 0.00289837
67, 0.00284448
68, 0.00402353
69, 0.00526533
70, 0.0035156
71, 0.000877805
72, 0.00253533
73, 0.00591098
74, 0.0044044
75, 0.000464981
76, 0.00151172
77, 0.00560839
78, 0.00508318
79, 0.000931995
80, 0.000651151
81, 0.00510717
82, 0.00860413
83, 0.00685464
84, 0.0022464
85, 0.000386541
86, 0.00309781
87, 0.00667773
88, 0.00698985
89, 0.00423411
90, 0.00185101
91, 0.00226391
92, 0.00481197
93, 0.00680324
94, 0.00594267
95, 0.00296301
96, 0.00134061
97, 0.00312494
98, 0.0058854
99, 0.00564217
100, 0.00240248
101, 0.000215535
102, 0.00152809
103, 0.00412469
104, 0.00459005
105, 0.00252799
106, 0.000387466
107, 0.000396256
108, 0.0024919
109, 0.00462995
110, 0.00457174
111, 0.00217767
112, 0.000165039
113, 0.00146768
114, 0.00530598
115, 0.00729015
116, 0.00474722
117, 0.000827636
118, 0.000906109
119, 0.00530266
120, 0.00834592
121, 0.00602064
122, 0.000799724
123, 0.00250145
124, 0.00713739
125, 0.00561735
126, 0.00140481
127, 0.00221321
128, 0.00494696
129, 0.00378419
130, 0.00174941
131, 0.00244406
132, 0.00284232
133, 0.00153237
134, 0.00176695
135, 0.00303762
136, 0.00181591
137, 0.000144308
138, 0.00168364
139, 0.00347133
140, 0.0018493
141, 0.000218488
142, 0.00187722
143, 0.00339066
144, 0.00213762
145, 0.00135205
146, 0.00251688
147, 0.00276097
148, 0.00198099
149, 0.00271101
150, 0.00351531
151, 0.00203981
152, 0.00131187
153, 0.00374267
154, 0.00468065
155, 0.00162583
156, 0.000635233
157, 0.0043868
158, 0.00568336
159, 0.00165968
160, 0.000383981
161, 0.00491562
162, 0.00639026
163, 0.00182222
164, 0.000715289
165, 0.00568304
166, 0.00671323
167, 0.0017737
168, 0.00143757
169, 0.00690149
170, 0.00696777
171, 0.00145406
172, 0.0022715
173, 0.00832929
174, 0.00713318
175, 0.000982791
176, 0.00278446
177, 0.00912443
178, 0.00695823
179, 0.000595561
180, 0.00275756
181, 0.0085432
182, 0.0060349
183, 0.000373346
184, 0.00215506
185, 0.006557
186, 0.00458075
187, 0.000348866
188, 0.00132246
189, 0.00425269
190, 0.00312477
191, 0.000354535
192, 0.000633203
193, 0.00233977
194, 0.00196009
195, 0.000384383
196, 0.000168718
197, 0.00111637
198, 0.00138685
199, 0.000567808
200, 0


0, 0
1, 0.0126662
2, 0.0238594
3, 0.00991789
4, 0.000380701
5, 0.0151364
6, 0.022576
7, 0.00701821
8, 0.001433
9, 0.0171477
10, 0.0203282
11, 0.00427539
12, 0.00301024
13, 0.0188117
14, 0.017883
15, 0.00219799
16, 0.00489657
17, 0.0199979
18, 0.0155468
19, 0.00095001
20, 0.00667944
21, 0.0203104
22, 0.0131968
23, 0.000297237
24, 0.00798117
25, 0.0192478
26, 0.0103967
27, 5.84284e-05
28, 0.00888604
29, 0.0169684
30, 0.00723733
31, 0.000463221
32, 0.00981154
33, 0.0141076
34, 0.00440485
35, 0.00191017
36, 0.011106
37, 0.01127
38, 0.00247004
39, 0.00442386
40, 0.012638
41, 0.00872207
42, 0.00142439
43, 0.00740969
44, 0.0141548
45, 0.00681443
46, 0.00104565
47, 0.0100269
48, 0.0153856
49, 0.00559283
50, 0.0010628
51, 0.0117862
52, 0.0158357
53, 0.00472887
54, 0.00112331
55, 0.012028
56, 0.0148295
57, 0.00392585
58, 0.00104497
59, 0.010511
60, 0.0123123
61, 0.00313958
62, 0.000759872
63, 0.00760258
64, 0.00881122
65, 0.00250219
66, 0.000385158
67, 0.00415786
68, 0.00526309
69, 0.0021851
70, 0.000515987
71, 0.00158238
72, 0.0024787
73, 0.00231792
74, 0.00184374
75, 0.00102174
76, 0.000901569
77, 0.00286159
78, 0.00435049
79, 0.0022398
80, 0.000332205
81, 0.00380446
82, 0.00966659
83, 0.0104281
84, 0.00470467
85, 0.000285413
86, 0.00349157
87, 0.00984435
88, 0.0105892
89, 0.00501629
90, 0.000634995
91, 0.00208099
92, 0.00580515
93, 0.00649246
94, 0.00378569
95, 0.00106027
96, 0.000505153
97, 0.00155239
98, 0.00258675
99, 0.00262313
100, 0.00167515
101, 0.000485904
102, 8.81329e-05
103, 0.0010581
104, 0.00271779
105, 0.00331044
106, 0.00191288
107, 0.000162501
108, 0.000847176
109, 0.00383989
110, 0.00544267
111, 0.00333872
112, 0.000350043
113, 0.000833077
114, 0.00434053
115, 0.00605688
116, 0.00362504
117, 0.000543646
118, 0.000896117
119, 0.00364556
120, 0.00463369
121, 0.00284627
122, 0.0010783
123, 0.00253972
124, 0.00350567
125, 0.0023391
126, 0.00264896
127, 0.00411215
128, 0.00288395
129, 0.00153526
130, 0.00437076
131, 0.00655355
132, 0.00303395
133, 0.000664939
134, 0.00532292
135, 0.00857048
136, 0.00370843
137, 0.00010279
138, 0.0050085
139, 0.00891642
140, 0.00425997
141, 5.02391e-05
142, 0.003805
143, 0.00752825
144, 0.00414038
145, 0.000410306
146, 0.00257699
147, 0.00522205
148, 0.00324769
149, 0.000868671
150, 0.00191041
151, 0.00308267
152, 0.00195435
153, 0.0012325
154, 0.00187178
155, 0.00158585
156, 0.000868307
157, 0.00169594
158, 0.00222842
159, 0.00077487
160, 0.000493412
161, 0.00272404
162, 0.00291438
163, 0.000386913
164, 0.00103844
165, 0.00459177
166, 0.00386099
167, 0.000242515
168, 0.00217562
169, 0.00699515
170, 0.00500374
171, 0.000225608
172, 0.00329403
173, 0.00900962
174, 0.00597891
175, 0.000309872
176, 0.00380653
177, 0.00984482
178, 0.0064695
179, 0.000517832
180, 0.00366899
181, 0.00918992
182, 0.00612696
183, 0.00077316
184, 0.00297494
185, 0.00727955
186, 0.00509748
187, 0.000943901
188, 0.00202319
189, 0.00488043
190, 0.0037109
191, 0.000897721
192, 0.00100048
193, 0.00271719
194, 0.00256456
195, 0.00082524
196, 0.000257978
197, 0.00143232
198, 0.00207767
199, 0.000939479
200, 0


0, 0
1, 0.0136113
2, 0.0264432
3, 0.0122502
4, 5.17467e-05
5, 0.0141123
6, 0.0246195
7, 0.00992774
8, 0.000273051
9, 0.0143206
10, 0.021805
11, 0.00720108
12, 0.000833556
13, 0.0148619
14, 0.0189859
15, 0.00460415
16, 0.00191797
17, 0.0160539
18, 0.0167834
19, 0.00258951
20, 0.00359669
21, 0.0177889
22, 0.0151881
23, 0.00125783
24, 0.00567166
25, 0.0195762
26, 0.0139392
27, 0.000527905
28, 0.00751324
29, 0.0205364
30, 0.0126086
31, 0.000205586
32, 0.00858091
33, 0.0198516
34, 0.0107988
35, 0.000238179
36, 0.00883661
37, 0.0174992
38, 0.00841146
39, 0.000645113
40, 0.00895799
41, 0.0145267
42, 0.0058124
43, 0.00148243
44, 0.00959401
45, 0.0116531
46, 0.00329403
47, 0.00264892
48, 0.0106092
49, 0.00934547
50, 0.00135002
51, 0.00378404
52, 0.0113099
53, 0.00761183
54, 0.000292999
55, 0.00462488
56, 0.0113674
57, 0.00648991
58, 6.91665e-05
59, 0.00483182
60, 0.010731
61, 0.00608798
62, 0.000296446
63, 0.00420138
64, 0.00961088
65, 0.00616552
66, 0.000510201
67, 0.0029294
68, 0.00833096
69, 0.00628882
70, 0.000629797
71, 0.0017103
72, 0.00676186
73, 0.0058701
74, 0.00109582
75, 0.0012609
76, 0.00483782
77, 0.00486696
78, 0.00243022
79, 0.00188565
80, 0.00276545
81, 0.00464333
82, 0.00676532
83, 0.00696817
84, 0.00387849
85, 0.000656949
86, 0.00192263
87, 0.00658479
88, 0.00854262
89, 0.00517051
90, 0.000811691
91, 0.000519895
92, 0.00370491
93, 0.00594502
94, 0.00485802
95, 0.00194611
96, 0.000114302
97, 0.000784713
98, 0.00279805
99, 0.00379874
100, 0.00273705
101, 0.000911138
102, 0.000300833
103, 0.00138721
104, 0.00293874
105, 0.00335971
106, 0.00221881
107, 0.000679965
108, 0.00066148
109, 0.00241314
110, 0.00361385
111, 0.00239649
112, 0.000346051
113, 0.000341639
114, 0.00210362
115, 0.0026946
116, 0.00140028
117, 0.000708493
118, 0.00172661
119, 0.00227848
120, 0.00117377
121, 0.000845113
122, 0.00271932
123, 0.00332514
124, 0.000946254
125, 0.000893357
126, 0.00490408
127, 0.00584896
128, 0.00152332
129, 0.000747944
130, 0.00659646
131, 0.00869752
132, 0.00281779
133, 0.000412182
134, 0.00710801
135, 0.010753
136, 0.0043256
137, 0.000127919
138, 0.00637371
139, 0.0110905
140, 0.00527502
141, 4.60928e-05
142, 0.00482842
143, 0.00965451
144, 0.00515708
145, 8.06549e-05
146, 0.00324453
147, 0.00715279
148, 0.00396517
149, 6.61161e-05
150, 0.00212618
151, 0.00468112
152, 0.00238892
153, 5.91759e-05
154, 0.0016085
155, 0.00284903
156, 0.00125611
157, 0.000409219
158, 0.00156458
159, 0.00176528
160, 0.000994311
161, 0.00144451
162, 0.00187722
163, 0.00106249
164, 0.00144289
165, 0.00307807
166, 0.00239804
167, 0.000502921
168, 0.00209092
169, 0.00483183
170, 0.00300263
171, 9.1319e-05
172, 0.00258954
173, 0.00605833
174, 0.00357301
175, 8.85573e-05
176, 0.00277328
177, 0.00650421
178, 0.00414879
179, 0.000614705
180, 0.00276908
181, 0.00623854
182, 0.00465111
183, 0.0014793
184, 0.00257465
185, 0.0055585
186, 0.00514248
187, 0.00236894
188, 0.00212295
189, 0.00476454
190, 0.00558977
191, 0.00282307
192, 0.00129449
193, 0.00400727
194, 0.00582716
195, 0.00282515
196, 0.000427173
197, 0.00328154
198, 0.00578817
199, 0.00281571
200, 0


0, 0
1, 0.0124787
2, 0.0247129
3, 0.0120215
4, 4.13391e-05
5, 0.0127298
6, 0.0240635
7, 0.0110696
8, 0.000116985
9, 0.0129769
10, 0.0229074
11, 0.00960009
12, 0.000238656
13, 0.0133446
14, 0.0212819
15, 0.00762002
16, 0.000563735
17, 0.0140268
18, 0.0194299
19, 0.00549476
20, 0.00134355
21, 0.0153813
22, 0.0179594
23, 0.00369942
24, 0.00260351
25, 0.017251
26, 0.0171712
27, 0.00251288
28, 0.00394474
29, 0.0190577
30, 0.0170443
31, 0.00198395
32, 0.00474291
33, 0.0199412
34, 0.0168895
35, 0.00179394
36, 0.00480527
37, 0.0191328
38, 0.015604
39, 0.00156101
40, 0.00442306
41, 0.0165672
42, 0.0127869
43, 0.0011157
44, 0.00397408
45, 0.013011
46, 0.00896517
47, 0.000549204
48, 0.00369876
49, 0.00949338
50, 0.00528979
51, 0.000144941
52, 0.00380764
53, 0.00719247
54, 0.00297892
55, 9.16854e-05
56, 0.00424106
57, 0.00660953
58, 0.00234165
59, 0.000238227
60, 0.00512951
61, 0.00775878
62, 0.00280287
63, 0.000385349
64, 0.00661468
65, 0.00991288
66, 0.00343947
67, 0.000513565
68, 0.00827858
69, 0.0116496
70, 0.00358328
71, 0.00067654
72, 0.00916205
73, 0.011705
74, 0.0031918
75, 0.000706997
76, 0.00812187
77, 0.00958674
78, 0.00252015
79, 0.000474584
80, 0.00509369
81, 0.00808836
82, 0.00591966
83, 0.00216092
84, 0.000469335
85, 0.000734351
86, 0.0014781
87, 0.00224423
88, 0.00289132
89, 0.00275731
90, 0.00148576
91, 0.000129037
92, 0.000646807
93, 0.00353126
94, 0.0061048
95, 0.0051201
96, 0.00149744
97, 0.000166537
98, 0.00341049
99, 0.00703915
100, 0.00603475
101, 0.00183193
102, 3.97662e-05
103, 0.00226641
104, 0.00450915
105, 0.00355544
106, 0.00105251
107, 3.74046e-05
108, 0.000763118
109, 0.00142265
110, 0.00104732
111, 0.000268224
112, 0.000103621
113, 0.000622741
114, 0.000859957
115, 0.000289
116, 0.000117897
117, 0.0016636
118, 0.00346184
119, 0.00277012
120, 0.00047191
121, 0.000847766
122, 0.00424451
123, 0.00444324
124, 0.000842402
125, 0.00120068
126, 0.00607656
127, 0.00639131
128, 0.00137193
129, 0.00102239
130, 0.00677497
131, 0.00790823
132, 0.00216488
133, 0.000525982
134, 0.0063848
135, 0.00880488
136, 0.00316615
137, 0.000180043
138, 0.00560244
139, 0.00906794
140, 0.00394365
141, 0.000223714
142, 0.00502463
143, 0.00870766
144, 0.00401328
145, 0.000458464
146, 0.00491377
147, 0.00785466
148, 0.00320505
149, 0.000553244
150, 0.00498437
151, 0.00681848
152, 0.00209381
153, 0.000490284
154, 0.00483989
155, 0.00571707
156, 0.00135169
157, 0.000500426
158, 0.00419788
159, 0.00453303
160, 0.00115292
161, 0.000764484
162, 0.00316002
163, 0.00306445
164, 0.00115217
165, 0.00117919
166, 0.00208487
167, 0.00153443
168, 0.00102292
169, 0.00161607
170, 0.00140103
171, 0.000389776
172, 0.000856656
173, 0.00202234
174, 0.00137219
175, 5.17983e-05
176, 0.00082102
177, 0.00246799
178, 0.00209003
179, 0.00056609
180, 0.000954856
181, 0.00305289
182, 0.00351288
183, 0.00155661
184, 0.00106089
185, 0.0039013
186, 0.00541675
187, 0.00260787
188, 0.000977215
189, 0.00474641
190, 0.00752342
191, 0.00370375
192, 0.000587115
193, 0.00543868
194, 0.00982256
195, 0.00484834
196, 0.000171523
197, 0.005899
198, 0.0113283
199, 0.00563775
200, 0


0, 0
1, 0.010868
2, 0.0215803
3, 0.0105292
4, 3.25249e-05
5, 0.0115863
6, 0.02223
7, 0.0105097
8, 0.000107053
9, 0.0123395
10, 0.0228449
11, 0.010398
12, 0.000167004
13, 0.0130308
14, 0.0231204
15, 0.00998726
16, 0.000193163
17, 0.0134676
18, 0.0228186
19, 0.00933035
20, 0.000216469
21, 0.0134424
22, 0.021853
23, 0.00847744
24, 0.000317118
25, 0.0133344
26, 0.0206894
27, 0.00747188
28, 0.000533114
29, 0.0135399
30, 0.0195595
31, 0.00633471
32, 0.000805392
33, 0.0139261
34, 0.0186827
35, 0.0054536
36, 0.00102894
37, 0.0138199
38, 0.0176103
39, 0.00500007
40, 0.00111301
41, 0.0123733
42, 0.0154611
43, 0.00465008
44, 0.00101335
45, 0.00978663
46, 0.0124672
47, 0.00415271
48, 0.000705514
49, 0.00698943
50, 0.00964312
51, 0.00359027
52, 0.000273355
53, 0.00505177
54, 0.00772179
55, 0.00284548
56, 0.000155163
57, 0.00493176
58, 0.00704494
59, 0.00195661
60, 0.000806914
61, 0.00661625
62, 0.00700413
63, 0.00101748
64, 0.00228763
65, 0.00903396
66, 0.00681594
67, 0.000290228
68, 0.00407509
69, 0.0107722
70, 0.00624255
71, 3.67198e-05
72, 0.00517119
73, 0.0107798
74, 0.00546702
75, 0.000292897
76, 0.00489259
77, 0.00908992
78, 0.00494732
79, 0.000849643
80, 0.00331665
81, 0.00815791
82, 0.00917649
83, 0.00564813
84, 0.00149678
85, 0.000530276
86, 0.00282655
87, 0.00510382
88, 0.00462801
89, 0.00218907
90, 0.000502738
91, 0.000614185
92, 0.00160506
93, 0.00284131
94, 0.00394494
95, 0.00358698
96, 0.00139239
97, 8.27633e-05
98, 0.00220105
99, 0.00542784
100, 0.00521267
101, 0.00188442
102, 0.000345546
103, 0.00229125
104, 0.00394575
105, 0.00273617
106, 0.00111226
107, 0.00153104
108, 0.00231002
109, 0.00134769
110, 0.000161646
111, 0.00102251
112, 0.00279282
113, 0.00286764
114, 0.00131863
115, 0.00054435
116, 0.00174974
117, 0.00377186
118, 0.00462691
119, 0.00342873
120, 0.00158465
121, 0.00172701
122, 0.0037027
123, 0.00405464
124, 0.00168465
125, 0.00127823
126, 0.00434832
127, 0.0050541
128, 0.00158642
129, 0.000797941
130, 0.0047398
131, 0.00572358
132, 0.00154469
133, 0.000506226
134, 0.00484929
135, 0.00592798
136, 0.00153359
137, 0.00051039
138, 0.00494882
139, 0.00586762
140, 0.0014449
141, 0.000846325
142, 0.00551113
143, 0.00599732
144, 0.0013061
145, 0.00140224
146, 0.00676097
147, 0.00665267
148, 0.00119829
149, 0.0018768
150, 0.00804798
151, 0.0074677
152, 0.00118128
153, 0.00195672
154, 0.00832766
155, 0.00752776
156, 0.00117504
157, 0.00152812
158, 0.006992
159, 0.00638836
160, 0.00108959
161, 0.000869022
162, 0.00463373
163, 0.00437835
164, 0.000864964
165, 0.000325423
166, 0.00234134
167, 0.00235633
168, 0.00055843
169, 8.01141e-05
170, 0.000863597
171, 0.000943272
172, 0.00029953
173, 0.000149548
174, 0.000476746
175, 0.000397497
176, 0.000146045
177, 0.000618236
178, 0.0011196
179, 0.000493635
180, 9.05263e-05
181, 0.00155419
182, 0.00271827
183, 0.00115748
184, 9.5614e-05
185, 0.00308291
186, 0.00546077
187, 0.00232802
188, 0.000126236
189, 0.0050443
190, 0.00876008
191, 0.00378169
192, 0.000108748
193, 0.00662548
194, 0.0117946
195, 0.00535439
196, 4.32831e-05
197, 0.00723484
198, 0.0135273
199, 0.00661885
200, 0


0, 0
1, 0.0101667
2, 0.020135
3, 0.00978173
4, 1.09096e-05
5, 0.0107867
6, 0.0206516
7, 0.00972642
8, 3.62712e-05
9, 0.0115686
10, 0.0218323
11, 0.0103808
12, 4.03895e-05
13, 0.0119259
14, 0.0231823
15, 0.0116717
16, 3.37235e-05
17, 0.011543
18, 0.0240629
19, 0.0130986
20, 9.88928e-05
21, 0.0105003
22, 0.0237168
23, 0.01379
24, 0.000229133
25, 0.00905435
26, 0.0218208
27, 0.0131029
28, 0.000293815
29, 0.00774946
30, 0.0190176
31, 0.0113076
32, 0.000265334
33, 0.00670547
34, 0.0160145
35, 0.00933581
36, 0.000341745
37, 0.00593963
38, 0.0136329
39, 0.0082054
40, 0.000738556
41, 0.00531526
42, 0.0124686
43, 0.00860816
44, 0.00137401
45, 0.00455331
46, 0.0122819
47, 0.00993446
48, 0.00180527
49, 0.00363716
50, 0.0123393
51, 0.0108262
52, 0.00168334
53, 0.00302441
54, 0.0121834
55, 0.0103903
56, 0.00111935
57, 0.00296121
58, 0.0112013
59, 0.00829313
60, 0.000466355
61, 0.00344463
62, 0.00942691
63, 0.00531392
64, 0.000110615
65, 0.00402702
66, 0.00731638
67, 0.00273286
68, 0.000158837
69, 0.00421947
70, 0.0055557
71, 0.00155502
72, 0.000494395
73, 0.00397507
74, 0.00506267
75, 0.00218913
76, 0.00085751
77, 0.00355266
78, 0.00608127
79, 0.00413399
80, 0.00103406
81, 0.00331354
82, 0.00924131
83, 0.0115358
84, 0.00678647
85, 0.00120055
86, 0.00271118
87, 0.00927815
88, 0.0114257
89, 0.0060663
90, 0.000593091
91, 0.00149887
92, 0.00557
93, 0.00615633
94, 0.0029229
95, 0.00031493
96, 0.000244055
97, 0.00101027
98, 0.00124181
99, 0.00102426
100, 0.000508346
101, 0.000190662
102, 0.000946398
103, 0.00199997
104, 0.00150951
105, 0.000314581
106, 0.00159504
107, 0.0050633
108, 0.00590711
109, 0.0024496
110, 3.61873e-06
111, 0.0030638
112, 0.0077822
113, 0.0074723
114, 0.0027337
115, 0.000441271
116, 0.00338654
117, 0.00689043
118, 0.00625957
119, 0.00290165
120, 0.00122455
121, 0.00257994
122, 0.00352909
123, 0.0025423
124, 0.0014201
125, 0.00167934
126, 0.00269657
127, 0.002635
128, 0.00121326
129, 0.000874656
130, 0.00249082
131, 0.00281652
132, 0.000766533
133, 0.000583381
134, 0.00308241
135, 0.00304035
136, 0.000346632
137, 0.00110281
138, 0.00438624
139, 0.00335088
140, 0.000124112
141, 0.00213892
142, 0.00601185
143, 0.00385338
144, 6.90034e-05
145, 0.00295756
146, 0.00738337
147, 0.00461962
148, 0.000136587
149, 0.00308062
150, 0.00798589
151, 0.00544724
152, 0.000434923
153, 0.00261653
154, 0.00767201
155, 0.0059876
156, 0.0010416
157, 0.00203237
158, 0.00644556
159, 0.00585767
160, 0.00177089
161, 0.00153894
162, 0.0046186
163, 0.00501925
164, 0.00226111
165, 0.000988324
166, 0.00273676
167, 0.00396169
168, 0.00228104
169, 0.000426599
170, 0.00136861
171, 0.00293437
172, 0.00194488
173, 0.000126006
174, 0.000705604
175, 0.00226195
176, 0.00170702
177, 0.00041472
178, 0.00106353
179, 0.00210975
180, 0.00162427
181, 0.00148014
182, 0.0024881
183, 0.00231575
184, 0.00149558
185, 0.00303691
186, 0.00476603
187, 0.00282381
188, 0.00117026
189, 0.0045931
190, 0.00735097
191, 0.00359768
192, 0.000642964
193, 0.00556639
194, 0.00966856
195, 0.00458098
196, 0.000182947
197, 0.00587255
198, 0.0110402
199, 0.00544513
200, 0


0, 0
1, 0.0100428
2, 0.0200865
3, 0.0100588
4, 1.00315e-06
5, 0.0100724
6, 0.0204284
7, 0.0105846
8, 1.37426e-05
9, 0.00986651
10, 0.021085
11, 0.0116744
12, 7.62859e-05
13, 0.00938202
14, 0.0218634
15, 0.0132532
16, 0.000289731
17, 0.00832533
18, 0.0219511
19, 0.0148236
20, 0.000775731
21, 0.0068285
22, 0.020803
23, 0.0155819
24, 0.0014988
25, 0.00523842
26, 0.0183557
27, 0.0152514
28, 0.00236337
29, 0.00375794
30, 0.0149125
31, 0.0138848
32, 0.00319678
33, 0.00255865
34, 0.0114305
35, 0.0123409
36, 0.00385622
37, 0.00166694
38, 0.00915203
39, 0.0117375
40, 0.00432657
41, 0.00104043
42, 0.00861752
43, 0.012475
44, 0.00463909
45, 0.000830181
46, 0.0097616
47, 0.0140817
48, 0.00478038
49, 0.00100687
50, 0.0114489
51, 0.0153119
52, 0.00464794
53, 0.00128935
54, 0.0120567
55, 0.0147864
56, 0.00408192
57, 0.00144888
58, 0.010807
59, 0.0123089
60, 0.00332471
61, 0.00130297
62, 0.00788991
63, 0.00865697
64, 0.0026003
65, 0.000917373
66, 0.00460053
67, 0.0054677
68, 0.00219387
69, 0.000494316
70, 0.00247448
71, 0.00413275
72, 0.00225409
73, 0.000153721
74, 0.0022304
75, 0.00488221
76, 0.00255685
77, 3.97002e-05
78, 0.00366629
79, 0.00678674
80, 0.00268131
81, 6.74738e-05
82, 0.00434422
83, 0.0101313
84, 0.00878029
85, 0.00237311
86, 0.00115781
87, 0.00735589
88, 0.0115328
89, 0.00768686
90, 0.00229568
91, 0.00304435
92, 0.00709112
93, 0.0072689
94, 0.00392441
95, 0.00262172
96, 0.0039032
97, 0.00370339
98, 0.00145299
99, 0.00069164
100, 0.00231153
101, 0.00334923
102, 0.00234953
103, 0.00103244
104, 0.000717816
105, 0.00122594
106, 0.0027663
107, 0.00511375
108, 0.00576893
109, 0.00306099
110, 0.000443561
111, 0.00273266
112, 0.00817356
113, 0.00955077
114, 0.00462896
115, 0.000260058
116, 0.002658
117, 0.00812656
118, 0.00856046
119, 0.00350166
120, 0.000186128
121, 0.00248351
122, 0.00449039
123, 0.00202736
124, 0.000283175
125, 0.00197187
126, 0.00276001
127, 0.00113371
128, 0.000475563
129, 0.00154206
130, 0.00189502
131, 0.00104689
132, 0.000621107
133, 0.00137769
134, 0.00217564
135, 0.00152357
136, 0.000557743
137, 0.00168118
138, 0.00332445
139, 0.00208434
140, 0.000300755
141, 0.00227693
142, 0.0046505
143, 0.0024841
144, 5.15522e-05
145, 0.00265868
146, 0.00542982
147, 0.00284455
148, 3.27162e-05
149, 0.00253241
150, 0.00540188
151, 0.00326249
152, 0.000406128
153, 0.002008
154, 0.00479105
155, 0.00387994
156, 0.00127003
157, 0.00150472
158, 0.00410001
159, 0.00476029
160, 0.00245775
161, 0.00125982
162, 0.00362651
163, 0.00567012
164, 0.00362964
165, 0.00107591
166, 0.00310344
167, 0.00644902
168, 0.00461601
169, 0.000697601
170, 0.00256269
171, 0.00702815
172, 0.00514215
173, 0.0003554
174, 0.00215947
175, 0.00700211
176, 0.00526574
177, 0.00055147
178, 0.00206961
179, 0.00633789
180, 0.00502018
181, 0.00137105
182, 0.00243733
183, 0.00524736
184, 0.0042788
185, 0.00235986
186, 0.00323381
187, 0.0041227
188, 0.00309004
189, 0.00308781
190, 0.00425442
191, 0.00330214
192, 0.00165276
193, 0.00323956
194, 0.00516341
195, 0.00287071
196, 0.000464395
197, 0.00306083
198, 0.00567849
199, 0.00283123
200, 0


0, 0
1, 0.0100101
2, 0.0207001
3, 0.0114204
4, 9.9042e-05
5, 0.00875726
6, 0.0207375
7, 0.0127846
8, 0.000346922
9, 0.00752963
10, 0.0202629
11, 0.0137697
12, 0.000700291
13, 0.00612868
14, 0.018906
15, 0.0140412
16, 0.00113112
17, 0.00474682
18, 0.0169654
19, 0.0139937
20, 0.00187616
21, 0.00345048
22, 0.014623
23, 0.0139514
24, 0.00325614
25, 0.00237068
26, 0.0119487
27, 0.0140673
28, 0.00531915
29, 0.00176243
30, 0.0095368
31, 0.0144612
32, 0.00758106
33, 0.00142888
34, 0.0077335
35, 0.0151686
36, 0.00943486
37, 0.00109161
38, 0.00662232
39, 0.0157162
40, 0.0102101
41, 0.000710214
42, 0.00626868
43, 0.0156777
44, 0.0096683
45, 0.00037405
46, 0.00651122
47, 0.0149174
48, 0.00820163
49, 0.000273512
50, 0.00686605
51, 0.013674
52, 0.00690867
53, 0.000641121
54, 0.00675322
55, 0.0121186
56, 0.00661298
57, 0.00154161
58, 0.00564517
59, 0.0101238
60, 0.00723862
61, 0.00277666
62, 0.00385785
63, 0.00805741
64, 0.0083042
65, 0.00383633
66, 0.00198983
67, 0.00635267
68, 0.00897502
69, 0.00413165
70, 0.000632019
71, 0.00543464
72, 0.00874146
73, 0.00341806
74, 0.000195444
75, 0.00538479
76, 0.00744346
77, 0.00189895
78, 0.000680925
79, 0.0057501
80, 0.00537882
81, 0.00122853
82, 0.000394015
83, 0.00384992
84, 0.00521682
85, 0.00227444
86, 0.000511834
87, 0.00292206
88, 0.00501
89, 0.00367426
90, 0.0026902
91, 0.00486398
92, 0.00624491
93, 0.00391368
94, 0.00265642
95, 0.00673572
96, 0.0108745
97, 0.00803884
98, 0.00188506
99, 0.0020686
100, 0.00889131
101, 0.012345
102, 0.00726753
103, 0.000831464
104, 0.00120362
105, 0.006289
106, 0.00843191
107, 0.00559598
108, 0.00229051
109, 0.0016185
110, 0.00249682
111, 0.00364573
112, 0.0050566
113, 0.00544745
114, 0.0031994
115, 0.000531555
116, 0.00173731
117, 0.00590301
118, 0.00688145
119, 0.00286836
120, 2.83957e-06
121, 0.00273015
122, 0.00495912
123, 0.0018098
124, 0.000158786
125, 0.00331391
126, 0.0040676
127, 0.000829057
128, 0.000625509
129, 0.00350606
130, 0.00310709
131, 0.000550669
132, 0.00114756
133, 0.00312717
134, 0.00240796
135, 0.000790769
136, 0.00122821
137, 0.00235298
138, 0.00207105
139, 0.00101992
140, 0.000758371
141, 0.00153076
142, 0.0020039
143, 0.00108804
144, 0.000170808
145, 0.000956247
146, 0.0020663
147, 0.00135039
148, 8.23917e-05
149, 0.000709019
150, 0.00232956
151, 0.00218705
152, 0.00060415
153, 0.000667469
154, 0.0027684
155, 0.00341225
156, 0.00140868
157, 0.000619336
158, 0.00319941
159, 0.00489745
160, 0.00237896
161, 0.00042218
162, 0.00371998
163, 0.00682965
164, 0.00359999
165, 0.000205558
166, 0.00423966
167, 0.00897745
168, 0.00524309
169, 0.000107847
170, 0.00445969
171, 0.0109216
172, 0.00703034
173, 0.000217395
174, 0.0041372
175, 0.0116243
176, 0.00821496
177, 0.000547715
178, 0.00330765
179, 0.0106224
180, 0.00816626
181, 0.000981778
182, 0.00241357
183, 0.00827421
184, 0.00674529
185, 0.0012684
186, 0.00176499
187, 0.00542184
188, 0.00450435
189, 0.0012854
190, 0.00143094
191, 0.00298284
192, 0.0022246
193, 0.000996488
194, 0.00130462
195, 0.0013711
196, 0.000589509
197, 0.000691661
198, 0.00127558
199, 0.000687625
200, 0


0, 0
1, 0.0102517
2, 0.0216096
3, 0.0126058
4, 0.000278898
5, 0.00751101
6, 0.0199217
7, 0.013832
8, 0.000934221
9, 0.00505036
10, 0.0171503
11, 0.0138965
12, 0.0017452
13, 0.00319849
14, 0.0141072
15, 0.0132864
16, 0.0027585
17, 0.00192119
18, 0.0110094
19, 0.0125739
20, 0.00415306
21, 0.00118902
22, 0.00852125
23, 0.0125971
24, 0.00611971
25, 0.000951847
26, 0.00697294
27, 0.0136733
28, 0.00850953
29, 0.000991145
30, 0.00619876
31, 0.0153984
32, 0.0109854
33, 0.00119848
34, 0.00572732
35, 0.0167702
36, 0.0128722
37, 0.00151199
38, 0.00528619
39, 0.0168627
40, 0.0133742
41, 0.0018036
42, 0.00466334
43, 0.0152623
44, 0.0123248
45, 0.00206162
46, 0.00386692
47, 0.0122829
48, 0.0103214
49, 0.00247714
50, 0.00300731
51, 0.00888597
52, 0.00855161
53, 0.00334089
54, 0.00230701
55, 0.00624916
56, 0.00821637
57, 0.00496429
58, 0.00191516
59, 0.00499735
60, 0.00969194
61, 0.00720351
62, 0.00169129
63, 0.00470253
64, 0.0119008
65, 0.00915873
66, 0.00146949
67, 0.00482049
68, 0.0132751
69, 0.00968495
70, 0.00116084
71, 0.00492296
72, 0.0125959
73, 0.00800995
74, 0.000722494
75, 0.00483594
76, 0.00992671
77, 0.0048879
78, 0.000531448
79, 0.0044839
80, 0.00618963
81, 0.00323841
82, 0.000762551
83, 0.00163135
84, 0.00242809
85, 0.00115337
86, 0.000751017
87, 0.00233922
88, 0.00254303
89, 0.000566372
90, 0.000911009
91, 0.0049473
92, 0.00679254
93, 0.00301249
94, 0.000143388
95, 0.00496463
96, 0.0122033
97, 0.0112764
98, 0.00322864
99, 0.00072572
100, 0.00898138
101, 0.0169967
102, 0.0132477
103, 0.00306092
104, 0.000948753
105, 0.00924509
106, 0.0152431
107, 0.010313
108, 0.00180398
109, 0.000718994
110, 0.00592223
111, 0.00817654
112, 0.00464939
113, 0.000864481
114, 0.000647541
115, 0.00202394
116, 0.00261991
117, 0.00258743
118, 0.00195663
119, 0.000594806
120, 0.000452254
121, 0.00294038
122, 0.00374789
123, 0.000928506
124, 0.000572751
125, 0.00438533
126, 0.00483845
127, 0.000891072
128, 0.000839836
129, 0.00487858
130, 0.00462753
131, 0.000658338
132, 0.000895789
133, 0.00407417
134, 0.00336642
135, 0.000395382
136, 0.000670107
137, 0.00255937
138, 0.0019693
139, 0.000254579
140, 0.000303301
141, 0.0012455
142, 0.00113772
143, 0.000312196
144, 9.00965e-05
145, 0.000552695
146, 0.000868809
147, 0.000620108
148, 0.000162235
149, 0.000224343
150, 0.00102876
151, 0.00145086
152, 0.000584326
153, 0.000115643
154, 0.00180434
155, 0.00310308
156, 0.00128512
157, 0.000133337
158, 0.00326414
159, 0.00540537
160, 0.00210651
161, 0.00019954
162, 0.00496123
163, 0.00799686
164, 0.00315922
165, 0.000199871
166, 0.00613959
167, 0.0102779
168, 0.00458267
169, 8.09959e-05
170, 0.00617539
171, 0.0119146
172, 0.00637685
173, 6.56751e-05
174, 0.00526593
175, 0.0123333
176, 0.00788055
177, 0.000318643
178, 0.00385394
179, 0.0112779
180, 0.00826323
181, 0.000699778
182, 0.00249216
183, 0.00888192
184, 0.00709292
185, 0.000888384
186, 0.00142797
187, 0.00579503
188, 0.00482731
189, 0.000746944
190, 0.000722866
191, 0.00299012
192, 0.00239316
193, 0.000385698
194, 0.000345523
195, 0.00105705
196, 0.000631984
197, 7.81377e-05
198, 0.000201222
199, 0.000179148
200, 0


0, 0
1, 0.0091971
2, 0.0194998
3, 0.0117181
4, 0.000476425
5, 0.00601134
6, 0.0168855
7, 0.0127886
8, 0.0017341
9, 0.00322633
10, 0.0129385
11, 0.012733
12, 0.00347353
13, 0.00149358
14, 0.00925773
15, 0.0124467
16, 0.00553858
17, 0.00080711
18, 0.0066742
19, 0.0126848
20, 0.00773856
21, 0.000755416
22, 0.00528901
23, 0.013482
24, 0.00960646
25, 0.000857169
26, 0.00480117
27, 0.0145701
28, 0.0110753
29, 0.00103651
30, 0.00463147
31, 0.0152076
32, 0.0119887
33, 0.00137895
34, 0.0043381
35, 0.0148276
36, 0.0122901
37, 0.0020567
38, 0.00379448
39, 0.0131741
40, 0.0120282
41, 0.00331901
42, 0.00320004
43, 0.01044
44, 0.0113278
45, 0.00523152
46, 0.0029574
47, 0.00721374
48, 0.0103483
49, 0.00750271
50, 0.00317644
51, 0.00432781
52, 0.00948474
53, 0.00959304
54, 0.00355437
55, 0.00237821
56, 0.00917403
57, 0.0109863
58, 0.00353597
59, 0.00156349
60, 0.00971788
61, 0.0116323
62, 0.00307796
63, 0.00179319
64, 0.0107318
65, 0.011388
66, 0.00248161
67, 0.00272838
68, 0.0112535
69, 0.00999161
70, 0.00210326
71, 0.00414659
72, 0.0107126
73, 0.00765366
74, 0.00232588
75, 0.00563497
76, 0.00882316
77, 0.00478181
78, 0.00313234
79, 0.00680615
80, 0.00611549
81, 0.00327173
82, 0.00369375
83, 0.00678693
84, 0.00642079
85, 0.00207163
86, 0.000561555
87, 0.00452331
88, 0.00744559
89, 0.00436826
90, 0.000310433
91, 0.002179
92, 0.0070602
93, 0.00683716
94, 0.00189399
95, 0.000980808
96, 0.00680641
97, 0.0106077
98, 0.00595799
99, 0.000223629
100, 0.00366851
101, 0.0123408
102, 0.0131503
103, 0.00470525
104, 0.000372578
105, 0.00733421
106, 0.0148015
107, 0.011265
108, 0.002663
109, 0.00226382
110, 0.00938947
111, 0.0116367
112, 0.00547403
113, 0.000745472
114, 0.00361431
115, 0.00764295
116, 0.00581203
117, 0.001214
118, 0.000210885
119, 0.00243978
120, 0.00356304
121, 0.00258961
122, 0.000932736
123, 0.000693464
124, 0.00153378
125, 0.00261047
126, 0.0022722
127, 0.000501648
128, 0.000503324
129, 0.00275457
130, 0.00313476
131, 0.000857193
132, 0.000266249
133, 0.00242807
134, 0.00327269
135, 0.00136868
136, 0.000259078
137, 0.00178454
138, 0.00294222
139, 0.00154541
140, 0.00014931
141, 0.00117878
142, 0.0024806
143, 0.00144388
144, 2.13347e-05
145, 0.000978176
146, 0.00232559
147, 0.00136422
148, 0.000200971
149, 0.00122524
150, 0.00238221
151, 0.00168415
152, 0.000797983
153, 0.00149193
154, 0.00275926
155, 0.00280559
156, 0.00162743
157, 0.00148596
158, 0.00359901
159, 0.00473283
160, 0.00241694
161, 0.00118915
162, 0.00476053
163, 0.00709245
164, 0.00322075
165, 0.00077131
166, 0.00577871
167, 0.00912321
168, 0.00395738
169, 0.000334088
170, 0.0058966
171, 0.0101009
172, 0.00463884
173, 3.62883e-05
174, 0.00503841
175, 0.00970524
176, 0.00510178
177, 8.19629e-05
178, 0.00363793
179, 0.00830783
180, 0.00526059
181, 0.000581945
182, 0.00257809
183, 0.00647244
184, 0.00483267
185, 0.00134202
186, 0.00224163
187, 0.00465398
188, 0.00372117
189, 0.00186625
190, 0.00244495
191, 0.00310957
192, 0.00209383
193, 0.00191128
194, 0.00278825
195, 0.00200168
196, 0.000607263
197, 0.00161784
198, 0.00299055
199, 0.00154017
200, 0


0, 0
1, 0.00587053
2, 0.0129717
3, 0.0087185
4, 0.000934534
5, 0.00339821
6, 0.0116064
7, 0.0113191
8, 0.00331999
9, 0.00166974
10, 0.00944919
11, 0.013253
12, 0.00623376
13, 0.000832642
14, 0.0072688
15, 0.0142679
16, 0.00870362
17, 0.000673653
18, 0.00567795
19, 0.014719
20, 0.0104394
21, 0.000858765
22, 0.004674
23, 0.0147001
24, 0.0114473
25, 0.00122242
26, 0.0038134
27, 0.0137336
28, 0.0114454
29, 0.00165214
30, 0.00312745
31, 0.0119893
32, 0.0107379
33, 0.00234866
34, 0.00258127
35, 0.00966786
36, 0.00996378
37, 0.00378048
38, 0.0023408
39, 0.00710234
40, 0.0095837
41, 0.00623879
42, 0.00276302
43, 0.00475027
44, 0.00958886
45, 0.00950023
46, 0.00400362
47, 0.00290716
48, 0.00968776
49, 0.0127075
50, 0.00563376
51, 0.00172118
52, 0.00963278
53, 0.0147823
54, 0.00674056
55, 0.00113377
56, 0.00932054
57, 0.0149509
58, 0.0065959
59, 0.00101443
60, 0.00869935
61, 0.0129427
62, 0.00504756
63, 0.00140417
64, 0.00810301
65, 0.00968647
66, 0.00318724
67, 0.00262026
68, 0.00776103
69, 0.0065768
70, 0.00249132
71, 0.00488193
72, 0.00747909
73, 0.00408663
74, 0.0033655
75, 0.00798281
76, 0.00731669
77, 0.00240779
78, 0.00523468
79, 0.0111488
80, 0.00719009
81, 0.00197505
82, 0.00454328
83, 0.0124824
84, 0.014237
85, 0.00662652
86, 0.00044859
87, 0.00474597
88, 0.0130792
89, 0.0129449
90, 0.00448921
91, 5.33851e-05
92, 0.00533503
93, 0.0111431
94, 0.00824076
95, 0.00158024
96, 0.00148788
97, 0.00685524
98, 0.00776569
99, 0.00261729
100, 0.00042393
101, 0.00475555
102, 0.00755789
103, 0.00361935
104, 6.20845e-05
105, 0.00376817
106, 0.00878209
107, 0.00655531
108, 0.00137978
109, 0.00320416
110, 0.0100231
111, 0.0108296
112, 0.00446105
113, 0.00177877
114, 0.00745924
115, 0.0124446
116, 0.00888095
117, 0.00235099
118, 0.00202778
119, 0.00664257
120, 0.00814611
121, 0.00449524
122, 0.000415434
123, 0.00191204
124, 0.00404693
125, 0.00252846
126, 0.000292355
127, 0.000252078
128, 0.0011338
129, 0.00122405
130, 0.000731557
131, 0.000238189
132, 5.06919e-05
133, 0.000685197
134, 0.00170132
135, 0.00145815
136, 0.000165822
137, 0.000690041
138, 0.00302943
139, 0.0029455
140, 0.000395271
141, 0.000980641
142, 0.00434153
143, 0.00376141
144, 0.000328584
145, 0.00150064
146, 0.00527088
147, 0.00384826
148, 0.000346261
149, 0.0022994
150, 0.005625
151, 0.00358145
152, 0.000816076
153, 0.00305022
154, 0.00549519
155, 0.0035343
156, 0.00162397
157, 0.00336678
158, 0.00505534
159, 0.00386523
160, 0.00228794
161, 0.00283406
162, 0.0044046
163, 0.00446904
164, 0.00256744
165, 0.00166276
166, 0.00374035
167, 0.00509749
168, 0.00251547
169, 0.000501029
170, 0.0031705
171, 0.00541293
172, 0.00249829
173, 8.03971e-06
174, 0.0028126
175, 0.00522018
176, 0.00259353
177, 0.000338652
178, 0.00257171
179, 0.00450566
180, 0.00268572
181, 0.00124355
182, 0.00267541
183, 0.00352353
184, 0.00244014
185, 0.00240225
186, 0.00342831
187, 0.00279282
188, 0.00183655
189, 0.00348848
190, 0.00496663
191, 0.00272349
192, 0.000998047
193, 0.00425984
194, 0.0068568
195, 0.00327874
196, 0.000285343
197, 0.004426
198, 0.00816841
199, 0.00403553
200, 0


0, 0
1, 0.0031832
2, 0.00774832
3, 0.00631409
4, 0.00105986
5, 0.00127376
6, 0.00791564
7, 0.0102013
8, 0.00375322
9, 0.000420672
10, 0.00793168
11, 0.0137376
12, 0.00688836
13, 0.000260131
14, 0.00749397
15, 0.0158068
16, 0.00940407
17, 0.000483298
18, 0.0063028
19, 0.0157087
20, 0.0106848
21, 0.00100231
22, 0.00461137
23, 0.0135287
24, 0.0105871
25, 0.00182574
26, 0.00309131
27, 0.0104389
28, 0.00980693
29, 0.00309719
30, 0.00213174
31, 0.00714865
32, 0.00886488
33, 0.00495758
34, 0.00204141
35, 0.00438181
36, 0.00825675
37, 0.00746802
38, 0.00286853
39, 0.00250824
40, 0.00829673
41, 0.0103838
42, 0.0042565
43, 0.00143257
44, 0.00871473
45, 0.0130646
46, 0.00571963
47, 0.000974526
48, 0.00908024
49, 0.0147585
50, 0.00675991
51, 0.000977679
52, 0.00903646
53, 0.0148083
54, 0.00695042
55, 0.00144299
56, 0.00861264
57, 0.0129826
58, 0.00605906
59, 0.00244772
60, 0.00834101
61, 0.0101531
62, 0.00458854
63, 0.00393975
64, 0.00829371
65, 0.00700335
66, 0.00320537
67, 0.00575552
68, 0.00832329
69, 0.00416881
70, 0.0025356
71, 0.0079682
72, 0.00863207
73, 0.00228519
74, 0.00294707
75, 0.0105937
76, 0.00928547
77, 0.00128418
78, 0.00415344
79, 0.013498
80, 0.0102797
81, 0.00206871
82, 0.00190116
83, 0.0118563
84, 0.0184976
85, 0.0120802
86, 0.00171947
87, 0.00282165
88, 0.0140833
89, 0.0189323
90, 0.0101733
91, 0.000740777
92, 0.00368813
93, 0.0127435
94, 0.0131276
95, 0.00454637
96, 0.000123582
97, 0.00464035
98, 0.00845299
99, 0.00483999
100, 0.000259581
101, 0.00169823
102, 0.00494046
103, 0.00344762
104, 0.000210698
105, 0.00140754
106, 0.00475407
107, 0.00389928
108, 0.000459053
109, 0.00135797
110, 0.00610192
111, 0.00714712
112, 0.00296705
113, 0.000989001
114, 0.00508598
115, 0.00936525
116, 0.00807502
117, 0.00404805
118, 0.00320064
119, 0.00607695
120, 0.00856044
121, 0.00790823
122, 0.00351331
123, 0.003009
124, 0.00638231
125, 0.00692671
126, 0.00328593
127, 0.00137026
128, 0.00375929
129, 0.00518559
130, 0.00235496
131, 0.000130569
132, 0.00184751
133, 0.00331323
134, 0.00175152
135, 0.000310434
136, 0.000914805
137, 0.00201356
138, 0.00252329
139, 0.00199836
140, 0.000765005
141, 0.00159428
142, 0.00451144
143, 0.00428574
144, 0.000900066
145, 0.00180105
146, 0.00662655
147, 0.00606362
148, 0.00104764
149, 0.00227745
150, 0.00787068
151, 0.00651399
152, 0.00107193
153, 0.00268645
154, 0.00768656
155, 0.00569188
156, 0.00103836
157, 0.00282997
158, 0.00634626
159, 0.00416728
160, 0.000952238
161, 0.00241622
162, 0.00439613
163, 0.00273069
164, 0.000797194
165, 0.00151204
166, 0.0025204
167, 0.00178896
168, 0.000586736
169, 0.000493656
170, 0.00120036
171, 0.00133774
172, 0.000477391
173, 1.81235e-05
174, 0.000766735
175, 0.00120252
176, 0.000581684
177, 0.000537389
178, 0.00129284
179, 0.00117919
180, 0.000875008
181, 0.00206823
182, 0.00272945
183, 0.00118418
184, 0.00111027
185, 0.00415339
186, 0.00482523
187, 0.00136957
188, 0.00106476
189, 0.00601266
190, 0.00729701
191, 0.00207839
192, 0.000682948
193, 0.00693992
194, 0.00962937
195, 0.00348426
196, 0.000213473
197, 0.00660688
198, 0.0110971
199, 0.00524142
200, 0


0, 0
1, 0.0039508
2, 0.00879852
3, 0.00598675
4, 0.000517362
5, 0.00221631
6, 0.00839491
7, 0.00828947
8, 0.00195356
9, 0.000857131
10, 0.00774179
11, 0.0106552
12, 0.00409435
13, 0.00012312
14, 0.00668094
15, 0.012098
16, 0.00642918
17, 0.000378922
18, 0.00514449
19, 0.0116768
20, 0.00824995
21, 0.00176738
22, 0.00355847
23, 0.00937949
24, 0.00908367
25, 0.00397624
26, 0.0025032
27, 0.00623799
28, 0.00906752
29, 0.00667682
30, 0.00252119
31, 0.00343782
32, 0.00871778
33, 0.00947561
34, 0.00355857
35, 0.00159787
36, 0.00832732
37, 0.0118009
38, 0.00496041
39, 0.000720049
40, 0.0080097
41, 0.0131279
42, 0.00591635
43, 0.000502999
44, 0.00780991
45, 0.0133022
46, 0.0060441
47, 0.000751338
48, 0.00767969
49, 0.0121883
50, 0.00542408
51, 0.00158249
52, 0.0076364
53, 0.0101513
54, 0.00453665
55, 0.00320529
56, 0.00809741
57, 0.00800944
58, 0.00382193
59, 0.00544725
60, 0.00911118
61, 0.00615213
62, 0.00325999
63, 0.00791607
64, 0.0106298
65, 0.00484866
66, 0.00268636
67, 0.0100582
68, 0.0124302
69, 0.00421066
70, 0.00205052
71, 0.0113498
72, 0.0137393
73, 0.00383155
74, 0.00162209
75, 0.0122489
76, 0.0144137
77, 0.00339957
78, 0.00175191
79, 0.0134158
80, 0.0146326
81, 0.0055786
82, 3.20531e-05
83, 0.00700232
84, 0.0163097
85, 0.013771
86, 0.00327521
87, 0.0011382
88, 0.0106298
89, 0.0169241
90, 0.0104906
91, 0.00177199
92, 0.00393879
93, 0.0121496
94, 0.0126105
95, 0.00503957
96, 0.00182911
97, 0.00696299
98, 0.0105336
99, 0.00620161
100, 0.00114277
101, 0.00307151
102, 0.0075406
103, 0.00641533
104, 0.00154118
105, 0.000540207
106, 0.00378009
107, 0.00489907
108, 0.00209652
109, 6.80046e-05
110, 0.00143825
111, 0.00322196
112, 0.00254107
113, 0.000800151
114, 0.000805018
115, 0.00268631
116, 0.00429635
117, 0.00412529
118, 0.00268954
119, 0.00222126
120, 0.00463328
121, 0.00816781
122, 0.00561371
123, 0.00207157
124, 0.00580365
125, 0.0105348
126, 0.00660278
127, 0.00176319
128, 0.00651143
129, 0.0115525
130, 0.00606912
131, 0.000839215
132, 0.00630549
133, 0.0107406
134, 0.00467983
135, 8.66949e-05
136, 0.00509758
137, 0.00850236
138, 0.00371162
139, 0.000372945
140, 0.00358203
141, 0.00590523
142, 0.00387998
143, 0.00206291
144, 0.00243658
145, 0.0036598
146, 0.00493571
147, 0.00438262
148, 0.00186733
149, 0.00217691
150, 0.00592422
151, 0.00591807
152, 0.00149237
153, 0.00137163
154, 0.00592649
155, 0.00580708
156, 0.0010611
157, 0.00100571
158, 0.00492269
159, 0.0043168
160, 0.000552101
161, 0.000802621
162, 0.00331963
163, 0.00245514
164, 0.000193781
165, 0.000632577
166, 0.00177266
167, 0.000987543
168, 8.83715e-05
169, 0.000455917
170, 0.000649687
171, 0.000210421
172, 0.000184139
173, 0.000444659
174, 0.000252097
175, 5.27424e-07
176, 0.000377341
177, 0.00099945
178, 0.000878019
179, 0.000168999
180, 0.000623863
181, 0.0024745
182, 0.00266668
183, 0.000553804
184, 0.000923251
185, 0.004724
186, 0.00522416
187, 0.00110607
188, 0.00106369
189, 0.00683749
190, 0.00791345
191, 0.00196012
192, 0.000828292
193, 0.00769634
194, 0.0100233
195, 0.00333282
196, 0.000289112
197, 0.0069629
198, 0.0111882
199, 0.00516735
200, 0


0, 0
1, 0.00566423
2, 0.0116148
3, 0.00635605
4, 7.84538e-05
5, 0.00423888
6, 0.0100825
7, 0.00656352
8, 0.000428614
9, 0.0021907
10, 0.00741564
11, 0.00649236
12, 0.00134601
13, 0.000507764
14, 0.00444285
15, 0.00614225
16, 0.003108
17, 0.000486745
18, 0.00223453
19, 0.00549567
20, 0.00563757
21, 0.00275521
22, 0.00136759
23, 0.0044255
24, 0.0082836
25, 0.00679259
26, 0.00194546
27, 0.00299495
28, 0.00994983
29, 0.0108548
30, 0.00340476
31, 0.00170117
32, 0.0102278
33, 0.0133982
34, 0.00485947
35, 0.000953161
36, 0.00947188
37, 0.0138663
38, 0.00555707
39, 0.000748587
40, 0.00818964
41, 0.0124383
42, 0.00525105
43, 0.0010473
44, 0.00702676
45, 0.00994303
46, 0.00423324
47, 0.00197917
48, 0.00662286
49, 0.00738313
50, 0.00318351
51, 0.00366215
52, 0.00727297
53, 0.00550685
54, 0.00260944
55, 0.00600506
56, 0.00874791
57, 0.00434703
58, 0.0024106
59, 0.00864347
60, 0.0109517
61, 0.00398549
62, 0.0021838
63, 0.0109336
64, 0.0136908
65, 0.00446125
66, 0.00172226
67, 0.0123966
68, 0.0163609
69, 0.00545044
70, 0.00119629
71, 0.0130804
72, 0.0183831
73, 0.00643229
74, 0.000773116
75, 0.0129801
76, 0.0188167
77, 0.0065106
78, 0.000650421
79, 0.0125228
80, 0.017349
81, 0.00935898
82, 0.000595936
83, 0.00339058
84, 0.0116836
85, 0.0116318
86, 0.00367214
87, 0.000765393
88, 0.00673504
89, 0.010868
90, 0.00647971
91, 0.0016369
92, 0.00490402
93, 0.0108449
94, 0.00952682
95, 0.00348659
96, 0.00322528
97, 0.00951388
98, 0.0122035
99, 0.007111
100, 0.00233194
101, 0.00458
102, 0.00935824
103, 0.00916529
104, 0.00461895
105, 0.0019093
106, 0.00342457
107, 0.00564988
108, 0.00523212
109, 0.00288931
110, 0.00119875
111, 0.00138776
112, 0.00271681
113, 0.00322779
114, 0.00174928
115, 0.000177322
116, 0.00125914
117, 0.0035714
118, 0.00307492
119, 0.000445037
120, 0.00113203
121, 0.00576211
122, 0.00515259
123, 0.000490408
124, 0.00327622
125, 0.00971663
126, 0.00659259
127, 0.00050977
128, 0.0060462
129, 0.0136708
130, 0.00774175
131, 0.000542681
132, 0.00831357
133, 0.0163028
134, 0.00812447
135, 0.000355899
136, 0.00889036
137, 0.0162246
138, 0.00749782
139, 6.16448e-05
140, 0.00742623
141, 0.0132777
142, 0.00601436
143, 6.24733e-05
144, 0.00477574
145, 0.00846512
146, 0.00421741
147, 0.000586197
148, 0.00229012
149, 0.00391643
150, 0.00281046
151, 0.00144046
152, 0.000871362
153, 0.00108946
154, 0.00210317
155, 0.00210792
156, 0.000513573
157, 0.000225752
158, 0.00190458
159, 0.00213161
160, 0.000606687
161, 0.000574814
162, 0.00173669
163, 0.00146664
164, 0.00077823
165, 0.00133641
166, 0.00140814
167, 0.000555101
168, 0.00109097
169, 0.00208666
170, 0.00100913
171, 7.83799e-05
172, 0.00173754
173, 0.00269659
174, 0.000890644
175, 0.000310209
176, 0.00249617
177, 0.00318497
178, 0.00129839
179, 0.000903818
180, 0.00282296
181, 0.00362804
182, 0.00231043
183, 0.00136675
184, 0.00244709
185, 0.00416188
186, 0.00384157
187, 0.00167927
188, 0.00159994
189, 0.00479039
190, 0.00587895
191, 0.00228825
192, 0.000751132
193, 0.00529343
194, 0.00804563
195, 0.00342924
196, 0.000187784
197, 0.00535757
198, 0.00956905
199, 0.00464692
200, 0


0, 0
1, 0.00495763
2, 0.0101718
3, 0.00566288
4, 0.000205461
5, 0.00358928
6, 0.00848741
7, 0.00578843
8, 0.000890676
9, 0.0019017
10, 0.0057117
11, 0.00550163
12, 0.00210261
13, 0.000742212
14, 0.00283615
15, 0.00497205
16, 0.00387792
17, 0.000955336
18, 0.000750626
19, 0.00420826
20, 0.00616389
21, 0.00312041
22, 5.27618e-05
23, 0.0031692
24, 0.00839306
25, 0.0067298
26, 0.000804379
27, 0.0021553
28, 0.00990872
29, 0.010272
30, 0.00234662
31, 0.00151144
32, 0.0100584
33, 0.0118318
34, 0.0035957
35, 0.00154302
36, 0.00912855
37, 0.0109024
38, 0.00389791
39, 0.00229537
40, 0.00797271
41, 0.00848157
42, 0.00348646
43, 0.00365414
44, 0.00746369
45, 0.0059749
46, 0.00277287
47, 0.00528598
48, 0.00786459
49, 0.00425636
50, 0.00212355
51, 0.00694933
52, 0.00908503
53, 0.00347117
54, 0.00164526
55, 0.00865402
56, 0.011113
57, 0.00359163
58, 0.00127523
59, 0.0102872
60, 0.0136976
61, 0.00439215
62, 0.00101939
63, 0.0118045
64, 0.0163974
65, 0.00548103
66, 0.000831764
67, 0.012869
68, 0.018512
69, 0.00648901
70, 0.000682867
71, 0.0131019
72, 0.0192735
73, 0.00689289
74, 0.000713417
75, 0.0127378
76, 0.0183673
77, 0.00638632
78, 0.00102803
79, 0.0119671
80, 0.0157926
81, 0.00863887
82, 0.00158921
83, 0.00414918
84, 0.0102664
85, 0.00937583
86, 0.00321889
87, 0.00185339
88, 0.00661847
89, 0.00866829
90, 0.00436006
91, 0.00116044
92, 0.00453488
93, 0.00888851
94, 0.00732757
95, 0.00272523
96, 0.00251689
97, 0.00702557
98, 0.00974675
99, 0.00737515
100, 0.00390372
101, 0.00402662
102, 0.00698033
103, 0.00899092
104, 0.00823714
105, 0.00560076
106, 0.00360067
107, 0.00467623
108, 0.00793412
109, 0.00872654
110, 0.00498423
111, 0.00148502
112, 0.00343116
113, 0.00769115
114, 0.00701831
115, 0.00192897
116, 0.00043607
117, 0.00468
118, 0.00711358
119, 0.00343362
120, 0.000165197
121, 0.00327692
122, 0.00578521
123, 0.0018933
124, 0.000941028
125, 0.00646531
126, 0.00668136
127, 0.000808527
128, 0.00280927
129, 0.0104884
130, 0.0078998
131, 0.000269839
132, 0.00513923
133, 0.0142938
134, 0.00907381
135, 0.000248199
136, 0.00687822
137, 0.0162679
138, 0.00957852
139, 0.00057493
140, 0.00715944
141, 0.0153508
142, 0.0087652
143, 0.000871763
144, 0.00584359
145, 0.0115944
146, 0.00651393
147, 0.000823777
148, 0.00358841
149, 0.0066606
150, 0.00356272
151, 0.000467646
152, 0.00150118
153, 0.00243906
154, 0.00111148
155, 0.000123077
156, 0.000315339
157, 0.000357291
158, 0.000110248
159, 3.96511e-06
160, 0.000171672
161, 0.000642465
162, 0.00061242
163, 2.44599e-05
164, 0.000783198
165, 0.00250803
166, 0.00184684
167, 2.71607e-05
168, 0.00178222
169, 0.00465105
170, 0.00282777
171, 6.07786e-05
172, 0.00278558
173, 0.00600656
174, 0.00316048
175, 0.000266094
176, 0.00350651
177, 0.00626705
178, 0.00303238
179, 0.000623223
180, 0.00377245
181, 0.00586705
182, 0.00291347
183, 0.00103212
184, 0.00354311
185, 0.00520646
186, 0.00310462
187, 0.001435
188, 0.00285084
189, 0.00444024
190, 0.00363298
191, 0.00181908
192, 0.00170637
193, 0.00356576
194, 0.00431017
195, 0.00210543
196, 0.00052596
197, 0.00279546
198, 0.00478202
199, 0.00234338
200, 0


0, 0
1, 0.00218714
2, 0.0049777
3, 0.00372447
4, 0.000838943
5, 0.00113833
6, 0.00413929
7, 0.00534064
8, 0.00297726
9, 0.000797369
10, 0.00296469
11, 0.0068066
12, 0.00569228
13, 0.0010856
14, 0.00181024
15, 0.00766661
16, 0.00806297
17, 0.00189536
18, 0.000869613
19, 0.00733365
20, 0.00922066
21, 0.00296929
22, 0.000244627
23, 0.00574557
24, 0.00891283
25, 0.00401213
26, 1.72663e-06
27, 0.00360448
28, 0.00766814
29, 0.00473706
30, 0.000313766
31, 0.00231897
32, 0.00652685
33, 0.00498059
34, 0.00121846
35, 0.00284961
36, 0.00626726
37, 0.00460655
38, 0.00224042
39, 0.00495792
40, 0.00707607
41, 0.00386532
42, 0.00275818
43, 0.00747615
44, 0.00864839
45, 0.00325859
46, 0.00261601
47, 0.00945045
48, 0.0105825
49, 0.00313178
50, 0.00197522
51, 0.0106689
52, 0.0127715
53, 0.00370633
54, 0.00120036
55, 0.0111508
56, 0.0147878
57, 0.00475029
58, 0.000684312
59, 0.011335
60, 0.0163245
61, 0.00570529
62, 0.000464956
63, 0.0114588
64, 0.0171291
65, 0.00610641
66, 0.000451738
67, 0.0115262
68, 0.0169316
69, 0.00577953
70, 0.000721697
71, 0.0115427
72, 0.0156609
73, 0.00491908
74, 0.00142795
75, 0.011403
76, 0.0135832
77, 0.00390313
78, 0.00259874
79, 0.0114877
80, 0.0114536
81, 0.00525983
82, 0.0030476
83, 0.00792412
84, 0.01151
85, 0.00798893
86, 0.00292681
87, 0.00376567
88, 0.00848118
89, 0.00952972
90, 0.00538195
91, 0.00196069
92, 0.00342348
93, 0.00665
94, 0.00681373
95, 0.00413962
96, 0.00227951
97, 0.00304934
98, 0.00531608
99, 0.00686951
100, 0.00593492
101, 0.00331033
102, 0.00282005
103, 0.00658295
104, 0.010447
105, 0.00861036
106, 0.00330137
107, 0.00314531
108, 0.00977256
109, 0.0135047
110, 0.00809868
111, 0.00162772
112, 0.00456965
113, 0.0127873
114, 0.0132501
115, 0.00472244
116, 0.000362462
117, 0.00705945
118, 0.014151
119, 0.0102988
120, 0.00162897
121, 0.00158115
122, 0.00810339
123, 0.00690236
124, 0.00092951
125, 0.00302852
126, 0.00781685
127, 0.00446542
128, 0.000742054
129, 0.00490423
130, 0.00725598
131, 0.00219575
132, 0.00110251
133, 0.00688805
134, 0.00693034
135, 0.000869398
136, 0.00198504
137, 0.00848835
138, 0.00704125
139, 0.000996856
140, 0.00329051
141, 0.00933248
142, 0.00723448
143, 0.00226641
144, 0.00468572
145, 0.00890979
146, 0.0067782
147, 0.00375727
148, 0.00559846
149, 0.00705107
150, 0.00509244
151, 0.00452327
152, 0.00559492
153, 0.00420264
154, 0.00264861
155, 0.00422562
156, 0.00472741
157, 0.00172847
158, 0.00071634
159, 0.0032577
160, 0.00356684
161, 0.00089157
162, 0.000345208
163, 0.00213189
164, 0.00267404
165, 0.00200136
166, 0.00154355
167, 0.00129631
168, 0.00226822
169, 0.0041164
170, 0.0034089
171, 0.000910548
172, 0.00215739
173, 0.00596847
174, 0.0050197
175, 0.000870765
176, 0.00214486
177, 0.00689315
178, 0.00575273
179, 0.000934719
180, 0.00222579
181, 0.00698522
182, 0.00546559
183, 0.00087188
184, 0.00235183
185, 0.00624797
186, 0.00434881
187, 0.000680801
188, 0.00219309
189, 0.00473636
190, 0.00286725
191, 0.000442885
192, 0.0014442
193, 0.00279708
194, 0.00169615
195, 0.000268703
196, 0.000463412
197, 0.00118621
198, 0.00110115
199, 0.000396795
200, 0


0, 0
1, 0.000700457
2, 0.00213002
3, 0.00260798
4, 0.0012201
5, 2.92117e-06
6, 0.00194259
7, 0.00515618
8, 0.00425369
9, 0.000457307
10, 0.00162987
11, 0.00740576
12, 0.00754482
13, 0.0014262
14, 0.00130679
15, 0.00855474
16, 0.0094473
17, 0.00212777
18, 0.00105523
19, 0.00823247
20, 0.00924296
21, 0.00225271
22, 0.000953139
23, 0.00670232
24, 0.00727264
25, 0.00193594
26, 0.0010822
27, 0.00483903
28, 0.00476261
29, 0.00142122
30, 0.00147727
31, 0.00378032
32, 0.00301991
33, 0.0008917
34, 0.00208277
35, 0.00443151
36, 0.00308739
37, 0.000557441
38, 0.00264036
39, 0.00669109
40, 0.00522131
41, 0.000701399
42, 0.00283975
43, 0.00965601
44, 0.00884593
45, 0.00148126
46, 0.00255125
47, 0.0122234
48, 0.0129073
49, 0.00284064
50, 0.00189148
51, 0.0135449
52, 0.0160806
53, 0.00432682
54, 0.00123013
55, 0.0134747
56, 0.017485
57, 0.00534055
58, 0.000788495
59, 0.0124636
60, 0.0169766
61, 0.00544315
62, 0.000624697
63, 0.0110557
64, 0.0149678
65, 0.00466805
66, 0.000804988
67, 0.00992057
68, 0.012471
69, 0.00351061
70, 0.00149849
71, 0.00958912
72, 0.0102581
73, 0.00251326
74, 0.00284391
75, 0.00999159
76, 0.00861537
77, 0.00210786
78, 0.00445901
79, 0.0105177
80, 0.00766749
81, 0.0033304
82, 0.00437458
83, 0.00933294
84, 0.011077
85, 0.00743275
86, 0.00376089
87, 0.00467572
88, 0.00811007
89, 0.00945209
90, 0.00764249
91, 0.00490504
92, 0.00359262
93, 0.0046819
94, 0.0071431
95, 0.00799574
96, 0.00531236
97, 0.00190003
98, 0.00274286
99, 0.00730171
100, 0.0087659
101, 0.00429275
102, 0.000735924
103, 0.00456386
104, 0.0106656
105, 0.00941295
106, 0.0025102
107, 0.00164488
108, 0.00993049
109, 0.0154225
110, 0.00925443
111, 0.000985855
112, 0.00466341
113, 0.0162315
114, 0.0185054
115, 0.00764027
116, 0.000189564
117, 0.00796273
118, 0.0194378
119, 0.0172004
120, 0.00470797
121, 0.000432888
122, 0.008828
123, 0.011649
124, 0.00324056
125, 0.00062432
126, 0.00740645
127, 0.00826254
128, 0.00168709
129, 0.000881795
130, 0.00552386
131, 0.00474773
132, 0.000461788
133, 0.00126993
134, 0.00389823
135, 0.00204916
136, 7.44179e-06
137, 0.00187866
138, 0.0029068
139, 0.000960467
140, 0.000808438
141, 0.00276447
142, 0.00262911
143, 0.00177325
144, 0.00307431
145, 0.00371656
146, 0.00278956
147, 0.00424891
148, 0.00642361
149, 0.00440307
150, 0.00291062
151, 0.00739132
152, 0.00977553
153, 0.00446932
154, 0.00263765
155, 0.00961443
156, 0.0116847
157, 0.00392038
158, 0.00178198
159, 0.00964053
160, 0.0113318
161, 0.00314308
162, 0.000753707
163, 0.00746626
164, 0.00912204
165, 0.00274607
166, 0.000396963
167, 0.00467005
168, 0.00621024
169, 0.00296516
170, 0.00135784
171, 0.00275023
172, 0.00368884
173, 0.00370964
174, 0.00337208
175, 0.00205682
176, 0.00194966
177, 0.00449525
178, 0.00512212
179, 0.00182085
180, 0.000992227
181, 0.00469856
182, 0.00535598
183, 0.00132786
184, 0.000586754
185, 0.00401211
186, 0.00410425
187, 0.000750289
188, 0.000458984
189, 0.00273784
190, 0.00253849
191, 0.000522747
192, 0.000327294
193, 0.00154013
194, 0.00167934
195, 0.000614934
196, 0.000116212
197, 0.000902363
198, 0.00149651
199, 0.000719235
200, 0


0, 0
1, 0.00241089
2, 0.00536988
3, 0.00386508
4, 0.000778684
5, 0.00129051
6, 0.00436629
7, 0.00519694
8, 0.00265021
9, 0.000682141
10, 0.00272551
11, 0.00579262
12, 0.00441889
13, 0.000590126
14, 0.00142648
15, 0.00565528
16, 0.00511865
17, 0.000777216
18, 0.00117514
19, 0.00523816
20, 0.00466193
21, 0.00112256
22, 0.00211916
23, 0.00500166
24, 0.00351552
25, 0.00148753
26, 0.00376849
27, 0.00518783
28, 0.00231865
29, 0.0016334
30, 0.00538849
31, 0.00588503
32, 0.00159926
33, 0.00127413
34, 0.00626994
35, 0.00706648
36, 0.00184699
37, 0.000587777
38, 0.00625435
39, 0.00885584
40, 0.00363368
41, 9.66248e-05
42, 0.00541251
43, 0.0111207
44, 0.00719067
45, 0.000452359
46, 0.0039647
47, 0.0129586
48, 0.0113835
49, 0.00170357
50, 0.0026164
51, 0.0137787
52, 0.0143924
53, 0.00299532
54, 0.00181205
55, 0.0134274
56, 0.0150573
57, 0.00358649
58, 0.00158934
59, 0.0121656
60, 0.0135574
61, 0.00332981
62, 0.00192027
63, 0.0107712
64, 0.0109703
65, 0.00255743
66, 0.00266894
67, 0.00973542
68, 0.00842227
69, 0.00188874
70, 0.0035463
71, 0.00905141
72, 0.00670953
73, 0.00160393
74, 0.00417923
75, 0.00880758
76, 0.00601817
77, 0.00166362
78, 0.00454896
79, 0.00875043
80, 0.00615241
81, 0.00322935
82, 0.00376366
83, 0.00663222
84, 0.00850911
85, 0.00792738
86, 0.00575721
87, 0.00409914
88, 0.00509173
89, 0.00867138
90, 0.011063
91, 0.00852219
92, 0.00364275
93, 0.00341663
94, 0.00913463
95, 0.0129888
96, 0.00887699
97, 0.00220112
98, 0.00269509
99, 0.00978692
100, 0.0126375
101, 0.00646173
102, 0.000454053
103, 0.00409021
104, 0.0119343
105, 0.011592
106, 0.00330015
107, 0.000477959
108, 0.00876733
109, 0.0160665
110, 0.0108596
111, 0.00115431
112, 0.00298543
113, 0.0150139
114, 0.0195682
115, 0.00967813
116, 0.000302946
117, 0.00585781
118, 0.018116
119, 0.0188165
120, 0.00728466
121, 0.000425122
122, 0.00687274
123, 0.0123153
124, 0.00582844
125, 0.000631317
126, 0.0055866
127, 0.00896459
128, 0.00401445
129, 0.00085441
130, 0.00416017
131, 0.00552652
132, 0.00226226
133, 0.00108284
134, 0.00281126
135, 0.00254651
136, 0.00107113
137, 0.00137219
138, 0.00156369
139, 0.000651989
140, 0.00105117
141, 0.00178425
142, 0.000597329
143, 0.000479134
144, 0.00265964
145, 0.002339
146, 0.000103945
147, 0.00226946
148, 0.00580225
149, 0.00312915
150, 0.000183223
151, 0.00541114
152, 0.00980045
153, 0.0042596
154, 0.000592095
155, 0.00847405
156, 0.0136278
157, 0.00572578
158, 0.000845656
159, 0.0100433
160, 0.016087
161, 0.00708612
162, 0.00065816
163, 0.00952037
164, 0.0162256
165, 0.00752814
166, 0.000209967
167, 0.00741448
168, 0.0136191
169, 0.0065322
170, 1.14803e-05
171, 0.00473848
172, 0.0090545
173, 0.00450527
174, 0.000312553
175, 0.00238966
176, 0.00426303
177, 0.00247734
178, 0.00087318
179, 0.000912283
180, 0.00105706
181, 0.00124624
182, 0.00133115
183, 0.00056329
184, 1.56246e-05
185, 0.000804407
186, 0.00164114
187, 0.0011479
188, 0.000230907
189, 0.000644765
190, 0.00204609
191, 0.00197532
192, 0.000419643
193, 0.00065372
194, 0.00263491
195, 0.00226127
196, 0.000192368
197, 0.00106773
198, 0.00314538
199, 0.00178856
200, 0


0, 0
1, 0.0048683
2, 0.00987201
3, 0.00530705
4, 8.54982e-05
5, 0.00330226
6, 0.0073891
7, 0.00440325
8, 0.000261023
9, 0.00150289
10, 0.00407306
11, 0.00294803
12, 0.000433035
13, 0.000328609
14, 0.00175492
15, 0.0018735
16, 0.000536103
17, 0.000176995
18, 0.00150205
19, 0.00190535
20, 0.000560237
21, 0.000740837
22, 0.00311468
23, 0.00319449
24, 0.000624228
25, 0.00143604
26, 0.00566737
27, 0.00541862
28, 0.000841701
29, 0.0018469
30, 0.0082409
31, 0.008055
32, 0.00128603
33, 0.00190414
34, 0.0102371
35, 0.0106178
36, 0.00207325
37, 0.00161438
38, 0.0109979
39, 0.012469
40, 0.00324971
41, 0.00109387
42, 0.0100549
43, 0.0130292
44, 0.00463839
45, 0.000524873
46, 0.00765212
47, 0.0123218
48, 0.00605187
49, 0.000203368
50, 0.00483706
51, 0.0109851
52, 0.00718285
53, 0.000383326
54, 0.00310776
55, 0.00990831
56, 0.00756742
57, 0.000852905
58, 0.00311913
59, 0.00956633
60, 0.00721071
61, 0.00137778
62, 0.00416621
63, 0.00956523
64, 0.0066066
65, 0.00178551
66, 0.0050751
67, 0.00953136
68, 0.00609993
69, 0.00191107
70, 0.00523164
71, 0.00900923
72, 0.00580604
73, 0.0020639
74, 0.00449221
75, 0.00787516
76, 0.00603339
77, 0.00251583
78, 0.0032473
79, 0.00661359
80, 0.0068295
81, 0.00515082
82, 0.0029027
83, 0.00298683
84, 0.00650108
85, 0.00965705
86, 0.00776678
87, 0.00287612
88, 0.00249099
89, 0.00862003
90, 0.0134057
91, 0.00970977
92, 0.00259713
93, 0.00315721
94, 0.011784
95, 0.0163312
96, 0.00979763
97, 0.00161865
98, 0.00421996
99, 0.0143545
100, 0.0171862
101, 0.00817387
102, 0.000375017
103, 0.00542751
104, 0.0159356
105, 0.0162358
106, 0.00578721
107, 4.11934e-05
108, 0.00730212
109, 0.0162966
110, 0.013331
111, 0.00299289
112, 0.000826532
113, 0.00966486
114, 0.0157282
115, 0.00987742
116, 0.00112284
117, 0.00246154
118, 0.0112499
119, 0.0140473
120, 0.00728704
121, 0.00155324
122, 0.00455141
123, 0.00913392
124, 0.00620655
125, 0.00251789
126, 0.00485749
127, 0.00697646
128, 0.00470967
129, 0.00354683
130, 0.00504959
131, 0.00458774
132, 0.00324003
133, 0.00456557
134, 0.00500889
135, 0.00234615
136, 0.00230477
137, 0.00544807
138, 0.00453161
139, 0.000727519
140, 0.00214604
141, 0.00586368
142, 0.00362477
143, 2.90287e-05
144, 0.0027575
145, 0.0056702
146, 0.0024129
147, 0.000313778
148, 0.00408864
149, 0.00531449
150, 0.00126912
151, 0.00141443
152, 0.00636878
153, 0.00556404
154, 0.000485751
155, 0.00303316
156, 0.00974216
157, 0.00696702
158, 0.000201836
159, 0.00481429
160, 0.0134586
161, 0.00898391
162, 0.000379944
163, 0.00619912
164, 0.0158615
165, 0.0102117
166, 0.0008469
167, 0.00647602
168, 0.0151811
169, 0.00961319
170, 0.00135304
171, 0.00536579
172, 0.0113418
173, 0.0072889
174, 0.0015725
175, 0.00319027
176, 0.00627794
177, 0.00448116
178, 0.00129959
179, 0.00103204
180, 0.00234362
181, 0.00228946
182, 0.000798216
183, 1.76359e-05
184, 0.000588391
185, 0.000966231
186, 0.000663049
187, 0.000487503
188, 0.000333302
189, 0.0003948
190, 0.00138808
191, 0.00170931
192, 0.000366771
193, 0.00051665
194, 0.00273964
195, 0.00247353
196, 0.000162449
197, 0.0012741
198, 0.00381949
199, 0.00218795
200, 0


0, 0
1, 0.00416611
2, 0.00807152
3, 0.00387634
4, 0.000282943
5, 0.00386449
6, 0.00632266
7, 0.00282807
8, 0.000824259
9, 0.00333125
10, 0.003939
11, 0.0014102
12, 0.00114785
13, 0.00295027
14, 0.00230759
15, 0.000327481
16, 0.000977509
17, 0.00281348
18, 0.00224472
19, 0.000341027
20, 0.000534416
21, 0.0027546
22, 0.00374268
23, 0.00194373
24, 0.000368397
25, 0.0026893
26, 0.00626946
27, 0.00495257
28, 0.000761824
29, 0.00257186
30, 0.00907513
31, 0.00859289
32, 0.0015789
33, 0.00238281
34, 0.011312
35, 0.0116043
36, 0.00233472
37, 0.00207515
38, 0.0121731
39, 0.0128127
40, 0.00261024
41, 0.00169025
42, 0.0113444
43, 0.0119576
44, 0.00243652
45, 0.00131816
46, 0.00937596
47, 0.00976247
48, 0.00201498
49, 0.00101228
50, 0.00698944
51, 0.00724798
52, 0.00164113
53, 0.000813075
54, 0.00512898
55, 0.00567962
56, 0.00165866
57, 0.000747131
58, 0.00444053
59, 0.00563925
60, 0.00219751
61, 0.000944104
62, 0.00467324
63, 0.00655223
64, 0.00326375
65, 0.00144923
66, 0.0048334
67, 0.00738457
68, 0.00486423
69, 0.00223642
70, 0.00423752
71, 0.00747024
72, 0.00667999
73, 0.00328611
74, 0.00302971
75, 0.00686785
76, 0.00849523
77, 0.00447513
78, 0.00181893
79, 0.00624001
80, 0.0100101
81, 0.00843945
82, 0.00299086
83, 0.00141706
84, 0.00676692
85, 0.0118502
86, 0.00904362
87, 0.00212559
88, 0.00165323
89, 0.00921352
90, 0.0141096
91, 0.00888191
92, 0.00117596
93, 0.00335955
94, 0.0135844
95, 0.0172594
96, 0.00867653
97, 0.000560854
98, 0.00592606
99, 0.0182452
100, 0.0200965
101, 0.00860712
102, 0.00027758
103, 0.00712207
104, 0.0192144
105, 0.0193062
106, 0.00747561
107, 0.00014229
108, 0.00625968
109, 0.0156269
110, 0.0144844
111, 0.00489812
112, 0.000222908
113, 0.00533144
114, 0.0109911
115, 0.00860197
116, 0.00231149
117, 0.00123487
118, 0.0055209
119, 0.00752759
120, 0.00468975
121, 0.00253862
122, 0.00387489
123, 0.00503783
124, 0.00375823
125, 0.00419769
126, 0.00587164
127, 0.00435821
128, 0.00309385
129, 0.00636505
130, 0.00780999
131, 0.0035375
132, 0.00264085
133, 0.00837057
134, 0.00916065
135, 0.00266607
136, 0.0023494
137, 0.00956048
138, 0.00959121
139, 0.00196019
140, 0.00207555
141, 0.00969885
142, 0.00920936
143, 0.00145224
144, 0.0018061
145, 0.00900562
146, 0.00820523
147, 0.00111659
148, 0.00183486
149, 0.00809809
150, 0.00669469
151, 0.000854437
152, 0.00260244
153, 0.00737575
154, 0.00466272
155, 0.00071083
156, 0.0041734
157, 0.00689083
158, 0.0024489
159, 0.00084267
160, 0.00601207
161, 0.00657482
162, 0.00102586
163, 0.00149083
164, 0.0073677
165, 0.0066659
166, 0.00138915
167, 0.00258046
168, 0.00779402
169, 0.00744979
170, 0.00344655
171, 0.00355392
172, 0.00733215
173, 0.00858961
174, 0.00561627
175, 0.00355697
176, 0.00634492
177, 0.00913323
178, 0.00609897
179, 0.0024252
180, 0.00514538
181, 0.00821483
182, 0.00446864
183, 0.000944847
184, 0.00391923
185, 0.00585171
186, 0.00212382
187, 0.000158012
188, 0.0026573
189, 0.00317763
190, 0.000831661
191, 0.000342827
192, 0.00139337
193, 0.00140754
194, 0.001085
195, 0.000861892
196, 0.000393427
197, 0.000908499
198, 0.00184217
199, 0.00102333
200, 0


0, 0
1, 0.00154153
2, 0.00266651
3, 0.000986994
4, 0.000791036
5, 0.00297646
6, 0.00275255
7, 0.000908094
8, 0.00257037
9, 0.00507107
10, 0.00293625
11, 0.00065376
12, 0.0040489
13, 0.00704879
14, 0.00333555
15, 0.000171663
16, 0.0044581
17, 0.00827043
18, 0.00413673
19, 4.63544e-05
20, 0.00391257
21, 0.00840411
22, 0.00544808
23, 0.000971267
24, 0.00294388
25, 0.00742206
26, 0.00702264
27, 0.00310326
28, 0.00217495
29, 0.00568336
30, 0.00829052
31, 0.00559383
32, 0.00164994
33, 0.00368587
34, 0.00875894
35, 0.00727921
36, 0.00129057
37, 0.0022861
38, 0.00868047
39, 0.00769544
40, 0.000977315
41, 0.00190071
42, 0.00829995
43, 0.00691022
44, 0.00080489
45, 0.00237803
46, 0.00766275
47, 0.00557362
48, 0.000871685
49, 0.00313294
50, 0.007073
51, 0.00446102
52, 0.000923582
53, 0.00345936
54, 0.00639879
55, 0.00375835
56, 0.000871894
57, 0.00287185
58, 0.00532176
59, 0.00365478
60, 0.0010081
61, 0.00163395
62, 0.0039617
63, 0.00413596
64, 0.00204875
65, 0.000923348
66, 0.00259865
67, 0.00498039
68, 0.00447603
69, 0.00160107
70, 0.00162802
71, 0.00596973
72, 0.00775385
73, 0.00338058
74, 0.00109032
75, 0.00673991
76, 0.0108647
77, 0.00530652
78, 0.000738857
79, 0.00724595
80, 0.013133
81, 0.0105553
82, 0.00284705
83, 0.00132191
84, 0.00874725
85, 0.0145317
86, 0.0099049
87, 0.00153403
88, 0.00207681
89, 0.0112346
90, 0.0156079
91, 0.00853244
92, 0.000462861
93, 0.00394029
94, 0.0146875
95, 0.0172484
96, 0.0077656
97, 0.000112053
98, 0.00594827
99, 0.0175148
100, 0.0186169
101, 0.00773193
102, 0.000320061
103, 0.00662682
104, 0.0173806
105, 0.0176165
106, 0.00750279
107, 0.00109238
108, 0.00596651
109, 0.0136027
110, 0.0129263
111, 0.00569413
112, 0.00209879
113, 0.00525474
114, 0.00838644
115, 0.00647502
116, 0.0032439
117, 0.00362313
118, 0.00554148
119, 0.00445593
120, 0.0020777
121, 0.00334793
122, 0.00550918
123, 0.00336655
124, 0.00123866
125, 0.00491596
126, 0.007664
127, 0.00337039
128, 0.00108234
129, 0.00702649
130, 0.0100091
131, 0.00369863
132, 0.00115017
133, 0.0088481
134, 0.0121151
135, 0.00423381
136, 0.00108259
137, 0.00976505
138, 0.0135983
139, 0.00483763
140, 0.000793948
141, 0.00991407
142, 0.0143272
143, 0.00513622
144, 0.000499379
145, 0.00954268
146, 0.0139407
147, 0.00479937
148, 0.000388348
149, 0.00868217
150, 0.0119286
151, 0.00363469
152, 0.000442744
153, 0.00705277
154, 0.0084449
155, 0.00201297
156, 0.000547608
157, 0.00480596
158, 0.00461291
159, 0.000687024
160, 0.000623535
161, 0.00286397
162, 0.00211174
163, 0.000187469
164, 0.000755112
165, 0.00235145
166, 0.00193059
167, 0.000458751
168, 0.00129802
169, 0.00386689
170, 0.00357197
171, 0.00105608
172, 0.00269311
173, 0.0069639
174, 0.00552899
175, 0.0016386
176, 0.00502717
177, 0.0101081
178, 0.0063608
179, 0.00213162
180, 0.00755783
181, 0.0115545
182, 0.00547179
183, 0.0024722
184, 0.00883956
185, 0.0103725
186, 0.00352917
187, 0.00244577
188, 0.0078273
189, 0.00704801
190, 0.00165268
191, 0.00182345
192, 0.00475937
193, 0.00329528
194, 0.000553892
195, 0.000767855
196, 0.00142464
197, 0.000756383
198, 0.000191959
199, 7.12672e-05
200, 0


0, 0
1, 0.000755621
2, 0.00110944
3, 0.000156369
4, 0.000677503
5, 0.0023864
6, 0.00159228
7, 6.33665e-05
8, 0.00250116
9, 0.00537292
10, 0.00272755
11, 8.42945e-05
12, 0.00479398
13, 0.009245
14, 0.0044931
15, 9.19681e-05
16, 0.00658162
17, 0.0126145
18, 0.00627217
19, 0.000150476
20, 0.0071565
21, 0.0139565
22, 0.00727648
23, 0.000351879
24, 0.00620032
25, 0.0125345
26, 0.0071619
27, 0.000717776
28, 0.00410284
29, 0.0089661
30, 0.00601455
31, 0.00117031
32, 0.0020148
33, 0.0051658
34, 0.00464876
35, 0.00151903
36, 0.000551678
37, 0.00262892
38, 0.00382925
39, 0.00175858
40, 8.65501e-06
41, 0.00195532
42, 0.00394397
43, 0.00200319
44, 0.000179737
45, 0.00263581
46, 0.00472062
47, 0.00234222
48, 0.000665463
49, 0.00349274
50, 0.00539504
51, 0.00289195
52, 0.00117069
53, 0.00362837
54, 0.00565086
55, 0.00377026
56, 0.00159206
57, 0.00283147
58, 0.00535623
59, 0.00502405
60, 0.00215769
61, 0.00149689
62, 0.00459384
63, 0.00627035
64, 0.00314967
65, 0.000468865
66, 0.00330121
67, 0.00696888
68, 0.00483367
69, 0.000441475
70, 0.00191241
71, 0.00729968
72, 0.007233
73, 0.00157856
74, 0.000910953
75, 0.00769316
76, 0.0102211
77, 0.00349819
78, 0.000404895
79, 0.0083521
80, 0.0131451
81, 0.00887741
82, 0.0013101
83, 0.00204184
84, 0.0113857
85, 0.0165347
86, 0.00982748
87, 0.000887673
88, 0.00316307
89, 0.0138855
90, 0.0176622
91, 0.00903455
92, 0.000390206
93, 0.0040594
94, 0.0145384
95, 0.016707
96, 0.0076497
97, 0.000208915
98, 0.00435999
99, 0.0134893
100, 0.0144854
101, 0.00629705
102, 0.000644792
103, 0.00478277
104, 0.0118825
105, 0.0118378
106, 0.00566507
107, 0.00267203
108, 0.00625654
109, 0.00985876
110, 0.00823339
111, 0.00521392
112, 0.00616627
113, 0.00874124
114, 0.00749726
115, 0.00395935
116, 0.0045941
117, 0.00937529
118, 0.0106099
119, 0.00526342
120, 0.000972204
121, 0.00465107
122, 0.00891147
123, 0.00484998
124, 0.000353586
125, 0.00484585
126, 0.00970075
127, 0.00505441
128, 0.000138677
129, 0.00530014
130, 0.0108725
131, 0.00572144
132, 8.45616e-05
133, 0.00604011
134, 0.0126943
135, 0.00684642
136, 9.35954e-05
137, 0.00685651
138, 0.0146824
139, 0.00796613
140, 0.0001416
141, 0.00743844
142, 0.0155824
143, 0.00822973
144, 0.00026185
145, 0.00732462
146, 0.0144512
147, 0.0073721
148, 0.000545325
149, 0.0063087
150, 0.0114798
151, 0.00597089
152, 0.00101445
153, 0.00459079
154, 0.00792134
155, 0.00483424
156, 0.00143705
157, 0.00269226
158, 0.0051001
159, 0.00415462
160, 0.00135286
161, 0.00125457
162, 0.00361948
163, 0.00343294
164, 0.000663244
165, 0.000815298
166, 0.00322705
167, 0.00223903
168, 2.24883e-05
169, 0.00170626
170, 0.00322483
171, 0.000841387
172, 0.000534535
173, 0.00377201
174, 0.00313803
175, 0.000142449
176, 0.00277439
177, 0.00625069
178, 0.00298371
179, 0.00086711
180, 0.00602919
181, 0.00808366
182, 0.00310603
183, 0.00275012
184, 0.00840241
185, 0.00844624
186, 0.00381083
187, 0.00462315
188, 0.00816928
189, 0.00721027
190, 0.00504388
191, 0.00528706
192, 0.00525196
193, 0.00526454
194, 0.00637191
195, 0.00467765
196, 0.00162772
197, 0.00385046
198, 0.00722398
199, 0.00378313
200, 0


0, 0
1, 0.00228339
2, 0.0044667
3, 0.00225171
4, 0.000575885
5, 0.003079
6, 0.00455185
7, 0.00232862
8, 0.0020817
9, 0.00507587
10, 0.00486387
11, 0.00206147
12, 0.00405739
13, 0.0080598
14, 0.00541606
15, 0.00133881
16, 0.00576583
17, 0.0110133
18, 0.0060097
19, 0.000546542
20, 0.00654734
21, 0.0124838
22, 0.00609009
23, 8.87921e-05
24, 0.00632381
25, 0.0115394
26, 0.00505481
27, 3.58186e-05
28, 0.00534418
29, 0.00876187
30, 0.00345284
31, 0.000158481
32, 0.00382796
33, 0.00558318
34, 0.00198942
35, 0.000149817
36, 0.00237429
37, 0.00322276
38, 0.00112525
39, 2.66592e-05
40, 0.00121642
41, 0.00205871
42, 0.0011724
43, 7.40547e-05
44, 0.000437593
45, 0.00169555
46, 0.00186588
47, 0.000699767
48, 0.000245841
49, 0.00156631
50, 0.00287327
51, 0.00224089
52, 0.000709111
53, 0.00130314
54, 0.00405287
55, 0.00465279
56, 0.00173763
57, 0.000934454
58, 0.00510432
59, 0.00728088
60, 0.0030286
61, 0.00056614
62, 0.0058884
63, 0.00953674
64, 0.00422148
65, 0.000258488
66, 0.00606153
67, 0.0108833
68, 0.00530946
69, 3.49616e-05
70, 0.00538244
71, 0.0112048
72, 0.00643855
73, 0.000139781
74, 0.00399779
75, 0.0107347
76, 0.00796391
77, 0.000846368
78, 0.00254293
79, 0.0104221
80, 0.0103528
81, 0.00439592
82, 8.76658e-05
83, 0.00393468
84, 0.012264
85, 0.0145853
86, 0.00735361
87, 0.000278481
88, 0.00371966
89, 0.0137355
90, 0.0167838
91, 0.00865439
92, 0.000557086
93, 0.00338063
94, 0.0124014
95, 0.0146003
96, 0.00724816
97, 0.000826112
98, 0.00330761
99, 0.00950798
100, 0.0100007
101, 0.00475842
102, 0.00183219
103, 0.00440633
104, 0.00711635
105, 0.00574249
106, 0.00363578
107, 0.00508412
108, 0.00757856
109, 0.00627479
110, 0.0031618
111, 0.0046564
112, 0.0104115
113, 0.012261
114, 0.00674144
115, 0.00174641
116, 0.00581294
117, 0.0146356
118, 0.0160622
119, 0.00756788
120, 0.000751482
121, 0.00537833
122, 0.0124251
123, 0.00818465
124, 0.000588075
125, 0.00434038
126, 0.0122777
127, 0.0088979
128, 0.000628077
129, 0.00360262
130, 0.0120284
131, 0.00922215
132, 0.000689244
133, 0.00348957
134, 0.0119858
135, 0.00901887
136, 0.00058041
137, 0.00368093
138, 0.0117375
139, 0.00833003
140, 0.000552096
141, 0.00376271
142, 0.0107054
143, 0.00755157
144, 0.00116201
145, 0.00360756
146, 0.0089918
147, 0.00721829
148, 0.00254524
149, 0.00322553
150, 0.00720157
151, 0.00758008
152, 0.00402024
153, 0.00261409
154, 0.00601583
155, 0.00823225
156, 0.00461427
157, 0.0018625
158, 0.00573344
159, 0.00836374
160, 0.00383429
161, 0.00131165
162, 0.00592986
163, 0.00735856
164, 0.00215971
165, 0.00130633
166, 0.00587705
167, 0.00516527
168, 0.000608706
169, 0.00181343
170, 0.0049848
171, 0.00252971
172, 3.14691e-05
173, 0.00239953
174, 0.00323686
175, 0.000553138
176, 0.000601957
177, 0.00262161
178, 0.00151282
179, 0.00012395
180, 0.00173029
181, 0.00253314
182, 0.00133403
183, 0.00152131
184, 0.00254339
185, 0.00282557
186, 0.00395929
187, 0.00430805
188, 0.00245508
189, 0.00417382
190, 0.00934916
191, 0.00749724
192, 0.00154015
193, 0.0065423
194, 0.0156813
195, 0.00988037
196, 0.000465958
197, 0.00906075
198, 0.0199328
199, 0.0104535
200, 0


0, 0
1, 0.00556059
2, 0.0112306
3, 0.00599006
4, 0.000449887
5, 0.00517779
6, 0.0102057
7, 0.00589931
8, 0.00147054
9, 0.00509225
10, 0.00833699
11, 0.0048476
12, 0.00239461
13, 0.00526603
14, 0.00613981
15, 0.00296031
16, 0.00285992
17, 0.00551281
18, 0.00397809
19, 0.000955783
20, 0.00304939
21, 0.0055747
22, 0.00249095
23, 8.06871e-05
24, 0.00356384
25, 0.00559209
26, 0.00191441
27, 0.000532472
28, 0.00444232
29, 0.00536146
30, 0.00166775
31, 0.00148967
32, 0.00506401
33, 0.00479431
34, 0.00149821
35, 0.00185642
36, 0.00461861
37, 0.00403239
38, 0.00131214
39, 0.00121925
40, 0.00302531
41, 0.00306624
42, 0.00128596
43, 0.000345093
44, 0.0011647
45, 0.00214215
46, 0.00166589
47, 0.000370781
48, 0.000104253
49, 0.00134532
50, 0.00249978
51, 0.00185961
52, 0.000263301
53, 0.000754932
54, 0.00365657
55, 0.0044412
56, 0.00134644
57, 0.000396637
58, 0.00492431
59, 0.00736761
60, 0.00276624
61, 0.000230061
62, 0.00624062
63, 0.010087
64, 0.00398262
65, 0.000196717
66, 0.00747653
67, 0.0122088
68, 0.00485932
69, 0.000190347
70, 0.00833762
71, 0.0136269
72, 0.00552899
73, 0.000131756
74, 0.00823326
75, 0.0140508
76, 0.00637998
77, 5.33799e-05
78, 0.00673832
79, 0.0133168
80, 0.00757587
81, 0.00103752
82, 0.00138593
83, 0.00750657
84, 0.0118687
85, 0.00949314
86, 0.00311242
87, 8.25405e-05
88, 0.00400102
89, 0.0101969
90, 0.0108837
91, 0.00516132
92, 0.000472762
93, 0.00282861
94, 0.00843978
95, 0.00930149
96, 0.00491766
97, 0.00214577
98, 0.00432159
99, 0.00680363
100, 0.00549493
101, 0.00343426
102, 0.00480119
103, 0.00712116
104, 0.00559546
105, 0.00220639
106, 0.00314659
107, 0.00833433
108, 0.0102693
109, 0.00543341
110, 0.000817191
111, 0.00427123
112, 0.01235
113, 0.0141782
114, 0.00687699
115, 0.000548081
116, 0.00512138
117, 0.0159732
118, 0.0190831
119, 0.00991124
120, 0.000712757
121, 0.00471382
122, 0.0144497
123, 0.0114113
124, 0.00122081
125, 0.00382073
126, 0.0143838
127, 0.0123418
128, 0.00165695
129, 0.00291356
130, 0.0127188
131, 0.0113199
132, 0.00174375
133, 0.00214052
134, 0.00983766
135, 0.00893587
136, 0.00169153
137, 0.00157518
138, 0.00684956
139, 0.00672127
140, 0.00208151
141, 0.00134217
142, 0.00476537
143, 0.00596815
144, 0.0032282
145, 0.00139804
146, 0.00389077
147, 0.00679317
148, 0.00471763
149, 0.0014662
150, 0.00416409
151, 0.00840017
152, 0.00559942
153, 0.00145261
154, 0.00533387
155, 0.0097374
156, 0.00526474
157, 0.00155698
158, 0.00695127
159, 0.0099022
160, 0.00393788
161, 0.00206998
162, 0.00820181
163, 0.00864065
164, 0.00242332
165, 0.00292555
166, 0.00823498
167, 0.00632085
168, 0.0014397
169, 0.00348223
170, 0.00663556
171, 0.00376939
172, 0.00119025
173, 0.00306943
174, 0.00382619
175, 0.00193904
176, 0.00136292
177, 0.00169005
178, 0.00128535
179, 0.00154712
180, 0.00154508
181, 0.000273677
182, 0.000950459
183, 0.00293628
184, 0.00148681
185, 0.000233389
186, 0.00422361
187, 0.00580758
188, 0.00112458
189, 0.00240952
190, 0.0107725
191, 0.00917494
192, 0.000609521
193, 0.00627512
194, 0.018163
195, 0.0116936
196, 0.000170072
197, 0.0101077
198, 0.0230804
199, 0.0121463
200, 0


0, 0
1, 0.00875581
2, 0.0174393
3, 0.00881297
4, 6.47178e-05
5, 0.00752635
6, 0.0149264
7, 0.00751625
8, 0.000198201
9, 0.00560326
10, 0.0106102
11, 0.00509595
12, 0.000246709
13, 0.003626
14, 0.00610828
15, 0.00253757
16, 0.000245202
17, 0.00228629
18, 0.00288527
19, 0.000769352
20, 0.000456543
21, 0.00167662
22, 0.00104887
23, 7.64637e-05
24, 0.00108165
25, 0.00160255
26, 0.00033817
27, 0.000370779
28, 0.00212204
29, 0.00212441
30, 0.000543913
31, 0.00104616
32, 0.00312219
33, 0.00315804
34, 0.00144491
35, 0.00139172
36, 0.00350869
37, 0.00459135
38, 0.00278965
39, 0.00118263
40, 0.00316047
41, 0.00578891
42, 0.00408636
43, 0.000730913
44, 0.00217011
45, 0.00609845
46, 0.00498451
47, 0.000650126
48, 0.00112388
49, 0.00527177
50, 0.00526358
51, 0.00136702
52, 0.000624343
53, 0.00385516
54, 0.00529756
55, 0.00294477
56, 0.000907735
57, 0.00251975
58, 0.0055704
59, 0.0052043
60, 0.00169998
61, 0.00153053
62, 0.00634083
63, 0.00785156
64, 0.00268445
65, 0.000926597
66, 0.00743355
67, 0.0103583
68, 0.003602
69, 0.000622727
70, 0.00857864
71, 0.0125382
72, 0.00446351
73, 0.000420966
74, 0.00912465
75, 0.0139288
76, 0.00537378
77, 0.000180785
78, 0.00849097
79, 0.0140187
80, 0.00617122
81, 0.000130894
82, 0.00326835
83, 0.0102511
84, 0.0114555
85, 0.0057872
86, 0.0005482
87, 0.00114087
88, 0.00504546
89, 0.00663975
90, 0.00428664
91, 0.00126473
92, 0.00102542
93, 0.0030395
94, 0.00403808
95, 0.00279146
96, 0.00201693
97, 0.00393345
98, 0.00607705
99, 0.00477553
100, 0.00173525
101, 0.00261307
102, 0.00791769
103, 0.0106943
104, 0.00646002
105, 0.00101328
106, 0.00289473
107, 0.0106456
108, 0.0138576
109, 0.00771072
110, 0.000610493
111, 0.0030747
112, 0.0127228
113, 0.0166457
114, 0.00917764
115, 0.000568326
116, 0.00365781
117, 0.0153872
118, 0.020021
119, 0.0109986
120, 0.000764515
121, 0.00391647
122, 0.0135872
123, 0.0109989
124, 0.00132534
125, 0.00317139
126, 0.0122542
127, 0.0108704
128, 0.00221779
129, 0.0024242
130, 0.00950799
131, 0.00964383
132, 0.00344129
133, 0.00200994
134, 0.00631074
135, 0.00807537
136, 0.0047003
137, 0.00186692
138, 0.00378704
139, 0.00697966
140, 0.00556504
141, 0.00162536
142, 0.00251202
143, 0.00671011
144, 0.00569349
145, 0.00115028
146, 0.0024807
147, 0.00713326
148, 0.00521419
149, 0.000728772
150, 0.0035605
151, 0.00786292
152, 0.00434836
153, 0.000799387
154, 0.00537354
155, 0.00833832
156, 0.0033537
157, 0.00162444
158, 0.00716568
159, 0.00802216
160, 0.00265432
161, 0.00298696
162, 0.00801754
163, 0.00685198
164, 0.00264642
165, 0.00425288
166, 0.00720612
167, 0.00536587
168, 0.0035542
169, 0.00473426
170, 0.00489764
171, 0.0044308
172, 0.00531128
173, 0.00423849
174, 0.002223
175, 0.00482785
176, 0.00743091
177, 0.0031957
178, 0.00065432
179, 0.00667235
180, 0.00907523
181, 0.00227676
182, 0.0012157
183, 0.00906809
184, 0.00928119
185, 0.00199136
186, 0.00385367
187, 0.0107314
188, 0.00753455
189, 0.00246562
190, 0.00762579
191, 0.0108545
192, 0.00436273
193, 0.00359217
194, 0.011191
195, 0.00948404
196, 0.00128648
197, 0.00528004
198, 0.013372
199, 0.007374
200, 0


0, 0
1, 0.00870467
2, 0.0169011
3, 0.00799028
4, 0.000139771
5, 0.00786978
6, 0.0139321
7, 0.00622868
8, 0.000479082
9, 0.00637947
10, 0.00997607
11, 0.00406844
12, 0.00076302
13, 0.0048831
14, 0.00618342
15, 0.00204756
16, 0.000792299
17, 0.00339369
18, 0.00334943
19, 0.00078809
20, 0.000590744
21, 0.00207575
22, 0.00163786
23, 0.00021027
24, 0.00034228
25, 0.00108985
26, 0.00073046
27, 3.7391e-05
28, 0.000282781
29, 0.000868943
30, 0.000599663
31, 7.71648e-06
32, 0.000676963
33, 0.00197201
34, 0.00150839
35, 7.37669e-05
36, 0.00136353
37, 0.00431102
38, 0.00348622
39, 0.000266151
40, 0.00207624
41, 0.00712715
42, 0.00594155
43, 0.000579765
44, 0.00245562
45, 0.00927548
46, 0.00790085
47, 0.000849107
48, 0.00245907
49, 0.0099974
50, 0.00862978
51, 0.00107167
52, 0.00210441
53, 0.0091825
54, 0.00827999
55, 0.00153295
56, 0.00167411
57, 0.00728421
58, 0.00744595
59, 0.00257028
60, 0.00146476
61, 0.00510207
62, 0.00692216
63, 0.00434228
64, 0.001648
65, 0.00317551
66, 0.00689195
67, 0.00661888
68, 0.00225181
69, 0.00165682
70, 0.006973
71, 0.00876044
72, 0.00309882
73, 0.000632658
74, 0.00679328
75, 0.0100689
76, 0.00384789
77, 0.00015592
78, 0.00635868
79, 0.0102978
80, 0.00430256
81, 0.000261528
82, 0.00335239
83, 0.00836439
84, 0.00807466
85, 0.00366346
86, 0.00168949
87, 0.00375776
88, 0.00532953
89, 0.00383985
90, 0.00219972
91, 0.00312853
92, 0.00477081
93, 0.00393957
94, 0.00135131
95, 0.000655703
96, 0.00332866
97, 0.00654264
98, 0.00642519
99, 0.00277912
100, 6.01796e-05
101, 0.00261905
102, 0.00878686
103, 0.0115434
104, 0.00698122
105, 0.000729464
106, 0.00201879
107, 0.0110111
108, 0.0166726
109, 0.0110284
110, 0.00153615
111, 0.00195031
112, 0.0126824
113, 0.0190414
114, 0.0119271
115, 0.00140783
116, 0.00230539
117, 0.0127498
118, 0.017434
119, 0.00993387
120, 0.00105379
121, 0.00241786
122, 0.00896432
123, 0.00785552
124, 0.00187946
125, 0.0018767
126, 0.0066961
127, 0.00757182
128, 0.00370877
129, 0.00182562
130, 0.0048508
131, 0.0079867
132, 0.00604237
133, 0.00214502
134, 0.00368646
135, 0.0086565
136, 0.00773812
137, 0.00229285
138, 0.00320787
139, 0.00909599
140, 0.00794701
141, 0.00186896
142, 0.00331806
143, 0.0089731
144, 0.00667173
145, 0.00116466
146, 0.00384559
147, 0.00830436
148, 0.00467819
149, 0.000788097
150, 0.00456149
151, 0.00715245
152, 0.00289373
153, 0.00109663
154, 0.00512741
155, 0.00579705
156, 0.00198995
157, 0.00205178
158, 0.0052175
159, 0.00458483
160, 0.00237792
161, 0.00336772
162, 0.00450934
163, 0.00384626
164, 0.00436021
165, 0.0047053
166, 0.00301856
167, 0.00416666
168, 0.00795312
169, 0.00587132
170, 0.00135354
171, 0.00606173
172, 0.0125287
173, 0.00659996
174, 0.000344911
175, 0.00926085
176, 0.0166126
177, 0.0066426
178, 0.000384679
179, 0.0124995
180, 0.018543
181, 0.00585855
182, 0.00124719
183, 0.0142659
184, 0.0172483
185, 0.00426289
186, 0.00234042
187, 0.0135499
188, 0.0129301
189, 0.00230581
190, 0.0032163
191, 0.0104815
192, 0.00705374
193, 0.000793952
194, 0.00369724
195, 0.00628968
196, 0.00199301
197, 0.000698106
198, 0.00387004
199, 0.00262608
200, 0


0, 0
1, 0.00479999
2, 0.00917324
3, 0.00423271
4, 0.00067387
5, 0.0058763
6, 0.0086982
7, 0.00381533
8, 0.00216261
9, 0.00677676
10, 0.00753298
11, 0.00335434
12, 0.00316597
13, 0.00666199
14, 0.00619139
15, 0.00288814
16, 0.00310165
17, 0.00546791
18, 0.00493826
19, 0.00243713
20, 0.00197768
21, 0.00355483
22, 0.00393698
23, 0.00206218
24, 0.000670118
25, 0.00180439
26, 0.0031571
27, 0.00190854
28, 7.90574e-05
29, 0.00100629
30, 0.00274194
31, 0.00180557
32, 0.000301403
33, 0.00150534
34, 0.00285068
35, 0.00153449
36, 0.000960737
37, 0.00325395
38, 0.00380361
39, 0.00117788
40, 0.00163608
41, 0.00575642
42, 0.00540135
43, 0.000872642
44, 0.00231051
45, 0.00856026
46, 0.0073272
47, 0.00074854
48, 0.00300469
49, 0.010991
50, 0.00891005
51, 0.000760473
52, 0.00342683
53, 0.0122651
54, 0.00972857
55, 0.000872067
56, 0.00328881
57, 0.0118125
58, 0.00955152
59, 0.00118688
60, 0.00252882
61, 0.00971059
62, 0.00860968
63, 0.0018864
64, 0.00164028
65, 0.00662467
66, 0.00713379
67, 0.00289125
68, 0.00109069
69, 0.00352864
70, 0.00549436
71, 0.00387282
72, 0.0010325
73, 0.00121952
74, 0.00401275
75, 0.00436847
76, 0.00125559
77, 0.000206265
78, 0.0030305
79, 0.004088
80, 0.00153149
81, 0.00076712
82, 0.00262986
83, 0.00378302
84, 0.00265476
85, 0.00215494
86, 0.00432598
87, 0.00605247
88, 0.0041669
89, 0.0014597
90, 0.00300887
91, 0.00787339
92, 0.00957355
93, 0.0053207
94, 0.000654546
95, 0.00207461
96, 0.008137
97, 0.0112887
98, 0.00762709
99, 0.00160707
100, 0.00049845
101, 0.00575694
102, 0.0115792
103, 0.0114778
104, 0.00552223
105, 0.000598105
106, 0.00323357
107, 0.0113466
108, 0.0153428
109, 0.0097982
110, 0.00149625
111, 0.00154935
112, 0.0100917
113, 0.0154719
114, 0.0104314
115, 0.00196641
116, 0.000997904
117, 0.00738847
118, 0.0117303
119, 0.00875583
120, 0.00295621
121, 0.00124295
122, 0.00428318
123, 0.00667259
124, 0.00434739
125, 0.00120925
126, 0.0031699
127, 0.00721492
128, 0.00570704
129, 0.00125236
130, 0.00303408
131, 0.00827754
132, 0.00655998
133, 0.00126753
134, 0.00359038
135, 0.00923438
136, 0.00666546
137, 0.00130429
138, 0.00460672
139, 0.00978528
140, 0.00603008
141, 0.00144206
142, 0.00566833
143, 0.00953511
144, 0.00492438
145, 0.00175737
146, 0.00623407
147, 0.00822646
148, 0.0036909
149, 0.00225273
150, 0.00581799
151, 0.00601142
152, 0.00286033
153, 0.00287229
154, 0.00447023
155, 0.00367487
156, 0.00306181
157, 0.00367695
158, 0.00269491
159, 0.00229613
160, 0.0048734
161, 0.00485744
162, 0.00115694
163, 0.002713
164, 0.0085805
165, 0.00654976
166, 0.000295659
167, 0.0050184
168, 0.0136491
169, 0.00835755
170, 2.40911e-05
171, 0.00842021
172, 0.018517
173, 0.00940644
174, 0.000106363
175, 0.0116586
176, 0.0213338
177, 0.00899257
178, 0.000337692
179, 0.0135728
180, 0.0209265
181, 0.00704566
182, 0.00071945
183, 0.0135775
184, 0.0172174
185, 0.00424018
186, 0.00136599
187, 0.0117181
188, 0.0115047
189, 0.00175744
190, 0.00234363
191, 0.00871311
192, 0.00569446
193, 0.000528877
194, 0.00344554
195, 0.00548175
196, 0.00150152
197, 0.00090982
198, 0.00419217
199, 0.00271112
200, 0


0, 0
1, 0.00165981
2, 0.0029476
3, 0.0011249
4, 0.000595227
5, 0.00298286
6, 0.00349719
7, 0.00151933
8, 0.00188339
9, 0.00439556
10, 0.0045573
11, 0.0026962
12, 0.00290191
13, 0.00531202
14, 0.00611013
15, 0.00411972
16, 0.00295762
17, 0.0052732
18, 0.00754222
19, 0.00536949
20, 0.00212703
21, 0.00423639
22, 0.00835489
23, 0.00625459
24, 0.00121704
25, 0.0029513
26, 0.00828461
27, 0.00653399
28, 0.000705097
29, 0.0019897
30, 0.00751138
31, 0.00616924
32, 0.000753887
33, 0.0017442
34, 0.00635847
35, 0.00522349
36, 0.00119547
37, 0.00232234
38, 0.00541357
39, 0.00393747
40, 0.00174436
41, 0.00374604
42, 0.00512938
43, 0.00264147
44, 0.00229488
45, 0.00576824
46, 0.00561396
47, 0.00160388
48, 0.00283984
49, 0.00815264
50, 0.00674722
51, 0.000947513
52, 0.00326595
53, 0.0104336
54, 0.00828286
55, 0.000762295
56, 0.003384
57, 0.0117699
58, 0.00948465
59, 0.000932651
60, 0.00290021
61, 0.0112525
62, 0.00943657
63, 0.00117159
64, 0.00195747
65, 0.00864956
66, 0.0075624
67, 0.00118152
68, 0.000953829
69, 0.00506776
70, 0.00464098
71, 0.000930701
72, 0.000259714
73, 0.0019607
74, 0.00197823
75, 0.000576215
76, 0.000126578
77, 0.000653015
78, 0.000726539
79, 0.000279895
80, 0.000536844
81, 0.00174448
82, 0.00238843
83, 0.00130693
84, 9.12129e-05
85, 0.00154064
86, 0.00513247
87, 0.00648197
88, 0.00339103
89, 0.000148406
90, 0.00258025
91, 0.00932242
92, 0.0121274
93, 0.00684532
94, 0.000476868
95, 0.00274384
96, 0.0121525
97, 0.0167412
98, 0.0102559
99, 0.00127242
100, 0.00195961
101, 0.0112162
102, 0.0166547
103, 0.0114685
104, 0.00267974
105, 0.000619107
106, 0.00613664
107, 0.0113566
108, 0.0101613
109, 0.00436156
110, 0.00023006
111, 0.00137126
112, 0.00563581
113, 0.00809408
114, 0.00631217
115, 0.00242511
116, 0.000537346
117, 0.00276547
118, 0.00707812
119, 0.00875652
120, 0.00551918
121, 0.00125547
122, 0.00227369
123, 0.00742246
124, 0.00649577
125, 0.00118878
126, 0.00260397
127, 0.00801823
128, 0.00601084
129, 0.000831731
130, 0.00355124
131, 0.00820649
132, 0.00476372
133, 0.000789548
134, 0.00479419
135, 0.00799831
136, 0.00362583
137, 0.00132075
138, 0.0059011
139, 0.00744131
140, 0.003023
141, 0.00228934
142, 0.00636759
143, 0.00651589
144, 0.00312139
145, 0.0035288
146, 0.00595698
147, 0.00518079
148, 0.00398866
149, 0.00495751
150, 0.00463548
151, 0.00364452
152, 0.00572779
153, 0.00661836
154, 0.00286264
155, 0.00258248
156, 0.00836451
157, 0.0083704
158, 0.00142155
159, 0.002747
160, 0.0115981
161, 0.00991346
162, 0.000769665
163, 0.00434772
164, 0.0148772
165, 0.0108073
166, 0.000677892
167, 0.00669958
168, 0.017403
169, 0.0106762
170, 0.000580972
171, 0.00864833
172, 0.0184684
173, 0.00946773
174, 0.000254212
175, 0.00970843
176, 0.0175303
177, 0.0072194
178, 0.000174739
179, 0.00991847
180, 0.0146119
181, 0.0045785
182, 0.00105558
183, 0.00963348
184, 0.0105165
185, 0.00255292
186, 0.00322618
187, 0.00923485
188, 0.00630781
189, 0.00185599
190, 0.00627614
191, 0.00866197
192, 0.00288556
193, 0.00254797
194, 0.00919689
195, 0.0076293
196, 0.000729058
197, 0.0041783
198, 0.0109688
199, 0.00605231
200, 0


0, 0
1, 0.000474232
2, 0.000884278
3, 0.000382594
4, 7.61427e-05
5, 0.00074443
6, 0.00127787
7, 0.000754131
8, 0.00028258
9, 0.00127831
10, 0.00265313
11, 0.00204568
12, 0.000581152
13, 0.00211375
14, 0.00532844
15, 0.00440441
16, 0.000914558
17, 0.00292139
18, 0.00856849
19, 0.00735451
20, 0.00127897
21, 0.00349096
22, 0.0115986
23, 0.0099302
24, 0.00142354
25, 0.00364883
26, 0.0131319
27, 0.0110656
28, 0.00133751
29, 0.00328692
30, 0.0128292
31, 0.0106528
32, 0.00112088
33, 0.00289174
34, 0.0114024
35, 0.00917224
36, 0.000985288
37, 0.00267578
38, 0.00942165
39, 0.00733029
40, 0.00120232
41, 0.00275267
42, 0.00730432
43, 0.00544767
44, 0.0017098
45, 0.00342047
46, 0.00586361
47, 0.0037508
48, 0.00217897
49, 0.00465533
50, 0.00531802
51, 0.00226361
52, 0.00234408
53, 0.00612653
54, 0.00558003
55, 0.00115299
56, 0.00211034
57, 0.00715504
58, 0.00603887
59, 0.000647893
60, 0.00181997
61, 0.00723755
62, 0.00600921
63, 0.000857113
64, 0.00190396
65, 0.0061863
66, 0.00503149
67, 0.00154481
68, 0.00237236
69, 0.00433914
70, 0.00314645
71, 0.00207403
72, 0.00298714
73, 0.0026268
74, 0.00120815
75, 0.00200073
76, 0.00335001
77, 0.00191996
78, 0.00011307
79, 0.0013754
80, 0.00334833
81, 0.00369993
82, 0.00226274
83, 0.000686378
84, 0.000681767
85, 0.00275158
86, 0.00549714
87, 0.00617269
88, 0.0035406
89, 0.000802693
90, 0.00281767
91, 0.00896764
92, 0.011889
93, 0.00706787
94, 0.000855039
95, 0.00299013
96, 0.0121766
97, 0.0162838
98, 0.00941219
99, 0.000886521
100, 0.00232238
101, 0.0112816
102, 0.0153804
103, 0.009547
104, 0.00177333
105, 0.000916483
106, 0.00604004
107, 0.00983775
108, 0.00826262
109, 0.003611
110, 0.00053454
111, 0.001334
112, 0.00459696
113, 0.00685377
114, 0.00566612
115, 0.00211457
116, 6.06676e-05
117, 0.00221301
118, 0.00650915
119, 0.00776496
120, 0.00404983
121, 0.000297899
122, 0.00246283
123, 0.0067638
124, 0.00454501
125, 0.000511424
126, 0.00340455
127, 0.00727346
128, 0.00397283
129, 0.000806671
130, 0.00456338
131, 0.0068617
132, 0.00290208
133, 0.00147216
134, 0.00519801
135, 0.00561631
136, 0.0022551
137, 0.00251453
138, 0.00498124
139, 0.00413749
140, 0.00270297
141, 0.00377188
142, 0.00397947
143, 0.00310187
144, 0.00457444
145, 0.00537571
146, 0.00263508
147, 0.00289054
148, 0.00792183
149, 0.00761805
150, 0.00153507
151, 0.00344783
152, 0.012281
153, 0.0105639
154, 0.00102844
155, 0.00446847
156, 0.0164779
157, 0.0133404
158, 0.00103193
159, 0.00550335
160, 0.0190961
161, 0.0145867
162, 0.0011106
163, 0.00622061
164, 0.0192996
165, 0.0134642
166, 0.000837152
167, 0.00651174
168, 0.0171603
169, 0.0103019
170, 0.000266788
171, 0.00641199
172, 0.0136753
173, 0.00642025
174, 1.8153e-05
175, 0.00625015
176, 0.00989221
177, 0.00324389
178, 0.000903997
179, 0.00654219
180, 0.00663539
181, 0.00156983
182, 0.00339129
183, 0.00766429
184, 0.00419107
185, 0.00145238
186, 0.00722845
187, 0.00916625
188, 0.00238948
189, 0.00263383
190, 0.0114488
191, 0.0102511
192, 0.00110776
193, 0.00467901
194, 0.0150167
195, 0.0103065
196, 0.00029114
197, 0.00705714
198, 0.017086
199, 0.00912634
200, 0


0, 0
1, 0.000202328
2, 0.000554479
3, 0.000559396
4, 0.000159244
5, 0.000133233
6, 0.000896977
7, 0.00128518
8, 0.000497544
9, 0.000320966
10, 0.00192822
11, 0.00252118
12, 0.000734436
13, 0.000760635
14, 0.00400906
15, 0.00442878
16, 0.00082175
17, 0.0014269
18, 0.00709764
19, 0.00703752
20, 0.000942763
21, 0.00226183
22, 0.0105211
23, 0.00967337
24, 0.00111806
25, 0.00312048
26, 0.0133274
27, 0.0116081
28, 0.00125044
29, 0.00393683
30, 0.0152422
31, 0.0124585
32, 0.0011726
33, 0.00430962
34, 0.0153125
35, 0.0119067
36, 0.00100501
37, 0.00390518
38, 0.0137389
39, 0.0105609
40, 0.000928262
41, 0.00318626
42, 0.0112985
43, 0.00875178
44, 0.00102519
45, 0.00250687
46, 0.00830756
47, 0.00638816
48, 0.00115798
49, 0.00216717
50, 0.00541497
51, 0.00375939
52, 0.000996989
53, 0.00208894
54, 0.00324603
55, 0.00144547
56, 0.000555067
57, 0.00201402
58, 0.00196519
59, 0.00024177
60, 0.000486348
61, 0.00190227
62, 0.00142482
63, 0.000598372
64, 0.00147787
65, 0.00191234
66, 0.00126765
67, 0.00219533
68, 0.00367724
69, 0.00236046
70, 0.0010738
71, 0.00391721
72, 0.00633964
73, 0.00324672
74, 0.000580475
75, 0.00457416
76, 0.00841371
77, 0.00449249
78, 9.05837e-05
79, 0.00402848
80, 0.00916773
81, 0.008768
82, 0.00347827
83, 0.000411969
84, 0.00332959
85, 0.00808461
86, 0.00895808
87, 0.0057845
88, 0.00267081
89, 0.00269062
90, 0.00546933
91, 0.00825468
92, 0.00802412
93, 0.00444553
94, 0.00126086
95, 0.00260445
96, 0.00715362
97, 0.00895425
98, 0.00534669
99, 0.00072888
100, 0.000782307
101, 0.00528476
102, 0.0089395
103, 0.00778685
104, 0.00337428
105, 0.000769421
106, 0.00338568
107, 0.00883951
108, 0.0107604
109, 0.00637259
110, 0.00113377
111, 0.00208181
112, 0.00798948
113, 0.0106397
114, 0.00626365
115, 0.000847952
116, 0.00130466
117, 0.00603385
118, 0.00802767
119, 0.00473929
120, 0.000650186
121, 0.000768372
122, 0.00369576
123, 0.00367149
124, 0.000847417
125, 0.000738801
126, 0.00352931
127, 0.00372245
128, 0.00121642
129, 0.00139627
130, 0.0037721
131, 0.00344267
132, 0.00184358
133, 0.00268656
134, 0.00355935
135, 0.00261358
136, 0.0031648
137, 0.00435535
138, 0.00257693
139, 0.00198538
140, 0.00572917
141, 0.00613135
142, 0.00134042
143, 0.00254893
144, 0.00962504
145, 0.008051
146, 0.00053397
147, 0.00442322
148, 0.0142249
149, 0.0101364
150, 0.000341869
151, 0.00661894
152, 0.0183465
153, 0.0121133
154, 0.000438948
155, 0.00793503
156, 0.0206871
157, 0.0132518
158, 0.000468844
159, 0.00790981
160, 0.0203468
161, 0.0127023
162, 0.000335915
163, 0.00701183
164, 0.017432
165, 0.0101533
166, 0.000223128
167, 0.00605639
168, 0.0130057
169, 0.00642662
170, 0.000509291
171, 0.00573972
172, 0.00856357
173, 0.00296002
174, 0.00165687
175, 0.00626041
176, 0.00515044
177, 0.000977823
178, 0.00394945
179, 0.00744205
180, 0.00300828
181, 0.000771734
182, 0.0071957
183, 0.00893466
184, 0.00180514
185, 0.00186081
186, 0.0108284
187, 0.010323
188, 0.00110476
189, 0.00366059
190, 0.0143929
191, 0.0111802
192, 0.000564407
193, 0.00583923
194, 0.0172817
195, 0.0110704
196, 0.000152667
197, 0.00806863
198, 0.0188297
199, 0.00993291
200, 0


0, 0
1, 0.000987633
2, 0.00216618
3, 0.00152475
4, 0.000446369
5, 0.000979791
6, 0.00231049
7, 0.00245882
8, 0.00149439
9, 0.00132054
10, 0.00263517
11, 0.00347649
12, 0.0024005
13, 0.00168635
14, 0.00337772
15, 0.00453541
16, 0.00262626
17, 0.00181462
18, 0.00478138
19, 0.00565782
20, 0.0020476
21, 0.00194156
22, 0.00700059
23, 0.00703153
24, 0.00133445
25, 0.00240908
26, 0.00981661
27, 0.00878526
28, 0.000962992
29, 0.00319281
30, 0.0126323
31, 0.0105857
32, 0.000963861
33, 0.0038487
34, 0.014618
35, 0.0120631
36, 0.0012084
37, 0.00407755
38, 0.015219
39, 0.0123758
40, 0.00134063
41, 0.00366388
42, 0.0134629
43, 0.0107683
44, 0.00125074
45, 0.00269785
46, 0.00992087
47, 0.00778733
48, 0.000989448
49, 0.00167138
50, 0.00578819
51, 0.00422507
52, 0.000553963
53, 0.000949894
54, 0.00240307
55, 0.00134559
56, 0.000246794
57, 0.000586162
58, 0.000549335
59, 0.000117842
60, 0.000449905
61, 0.000568586
62, 3.1321e-05
63, 0.000502918
64, 0.00155266
65, 0.000918096
66, 3.68178e-05
67, 0.00185794
68, 0.00382263
69, 0.00195987
70, 4.42789e-05
71, 0.00349995
72, 0.00728495
73, 0.00407288
74, 2.16371e-05
75, 0.00480739
76, 0.0111605
77, 0.00689587
78, 0.000142573
79, 0.00538791
80, 0.0138661
81, 0.0138685
82, 0.00525834
83, 0.000231836
84, 0.00564894
85, 0.0133418
86, 0.012536
87, 0.0049271
88, 0.00048416
89, 0.0031242
90, 0.00728473
91, 0.00726662
92, 0.00384058
93, 0.000981261
94, 0.000603203
95, 0.00188142
96, 0.00325582
97, 0.0036736
98, 0.00271689
99, 0.000930407
100, 9.42692e-05
101, 0.00188686
102, 0.00529797
103, 0.0064569
104, 0.00341829
105, 0.000136539
106, 0.00220301
107, 0.00809743
108, 0.00991346
109, 0.00485118
110, 0.000462657
111, 0.00374035
112, 0.0101379
113, 0.0101831
114, 0.0040222
115, 0.00095492
116, 0.00492544
117, 0.00921836
118, 0.00740741
119, 0.00255438
120, 0.00121719
121, 0.00375972
122, 0.00392634
123, 0.00152724
124, 0.00117167
125, 0.00236944
126, 0.0020093
127, 0.00107297
128, 0.00156735
129, 0.00191591
130, 0.00090819
131, 0.00104516
132, 0.00318899
133, 0.00328835
134, 0.000609958
135, 0.00144835
136, 0.00643231
137, 0.00624985
138, 0.000726257
139, 0.00247133
140, 0.010786
141, 0.0095152
142, 0.000895983
143, 0.00421759
144, 0.015075
145, 0.0116431
146, 0.000900122
147, 0.00630021
148, 0.0180413
149, 0.0119727
150, 0.000654646
151, 0.00788765
152, 0.01882
153, 0.0107414
154, 0.000237511
155, 0.008291
156, 0.0173275
157, 0.00863286
158, 1.67102e-06
159, 0.00765406
160, 0.0142205
161, 0.00629989
162, 0.000457991
163, 0.00705283
164, 0.0105924
165, 0.00408738
166, 0.00188417
167, 0.00744195
168, 0.00748267
169, 0.00226692
170, 0.00410721
171, 0.00888205
172, 0.00530062
173, 0.00108574
174, 0.00659802
175, 0.0105915
176, 0.00389029
177, 0.000773941
178, 0.00902231
179, 0.0117447
180, 0.00285794
181, 0.0013793
182, 0.0112933
183, 0.0120163
184, 0.0019459
185, 0.00268943
186, 0.013339
187, 0.0116262
188, 0.00114943
189, 0.00433033
190, 0.0149798
191, 0.0108277
192, 0.000539119
193, 0.00593657
194, 0.016092
195, 0.00986518
196, 0.000147685
197, 0.00739216
198, 0.0167488
199, 0.00874196
200, 0


0, 0
1, 0.00319012
2, 0.00654585
3, 0.00370183
4, 0.00038412
5, 0.00278892
6, 0.00592345
7, 0.00407426
8, 0.00130909
9, 0.00264384
10, 0.00506032
11, 0.00429587
12, 0.0023442
13, 0.00264684
14, 0.00427734
15, 0.00445466
16, 0.00305137
17, 0.00255688
18, 0.00394409
19, 0.00467982
20, 0.00316595
21, 0.00244132
22, 0.00440517
23, 0.00515157
24, 0.00265678
25, 0.00224773
26, 0.00576073
27, 0.00603842
28, 0.00178699
29, 0.0021999
30, 0.00780665
31, 0.00735206
32, 0.00113795
33, 0.00232916
34, 0.00979098
35, 0.00869144
36, 0.000981282
37, 0.0026007
38, 0.0107792
39, 0.00922325
40, 0.00139458
41, 0.00293592
42, 0.0100343
43, 0.00846619
44, 0.0022532
45, 0.00349746
46, 0.00795048
47, 0.00637722
48, 0.00307439
49, 0.00407395
50, 0.00526705
51, 0.00377532
52, 0.00339873
53, 0.00434536
54, 0.00305525
55, 0.00150471
56, 0.00308805
57, 0.00435579
58, 0.00194327
59, 0.00019727
60, 0.00249071
61, 0.0040785
62, 0.00168846
63, 0.000218132
64, 0.00256407
65, 0.00386564
66, 0.00184824
67, 0.00147031
68, 0.00408156
69, 0.0042648
70, 0.00189974
71, 0.00317117
72, 0.00678107
73, 0.00529715
74, 0.00153414
75, 0.00449233
76, 0.00975243
77, 0.006667
78, 0.000900189
79, 0.00475562
80, 0.0116278
81, 0.0118367
82, 0.00471149
83, 6.65233e-05
84, 0.00398786
85, 0.0105656
86, 0.0109194
87, 0.00502648
88, 0.000393708
89, 0.0016935
90, 0.00615158
91, 0.00821158
92, 0.00569823
93, 0.00148663
94, 7.75216e-05
95, 0.00255447
96, 0.00547514
97, 0.00524753
98, 0.00242271
99, 0.000491654
100, 0.00127518
101, 0.00341811
102, 0.00453134
103, 0.00344652
104, 0.00114945
105, 0.000344037
106, 0.00255848
107, 0.0052226
108, 0.0044659
109, 0.00112725
110, 0.000399807
111, 0.00395927
112, 0.00679638
113, 0.00492632
114, 0.00167925
115, 0.00219433
116, 0.00538426
117, 0.00647878
118, 0.00484081
119, 0.00380463
120, 0.00418875
121, 0.00396324
122, 0.00261053
123, 0.00406709
124, 0.00512308
125, 0.00230884
126, 0.00143849
127, 0.00535666
128, 0.00613304
129, 0.00145441
130, 0.000791278
131, 0.00635574
132, 0.00790006
133, 0.00258499
134, 0.000807926
135, 0.00684001
136, 0.0106378
137, 0.00562379
138, 0.00119153
139, 0.00680866
140, 0.0136341
141, 0.0090062
142, 0.0014166
143, 0.00644663
144, 0.0155038
145, 0.0106606
146, 0.00106819
147, 0.00601083
148, 0.0153177
149, 0.00962675
150, 0.000341982
151, 0.00571761
152, 0.0131611
153, 0.00674814
154, 3.98488e-05
155, 0.0057758
156, 0.00995882
157, 0.00375793
158, 0.000980437
159, 0.00638146
160, 0.00687046
161, 0.00190346
162, 0.00338008
163, 0.00774329
164, 0.00461525
165, 0.00129721
166, 0.0066643
167, 0.00986136
168, 0.0034277
169, 0.00138937
170, 0.00997811
171, 0.0122909
172, 0.00305613
173, 0.00169612
174, 0.0125968
175, 0.0142317
176, 0.00296232
177, 0.00206938
178, 0.0142599
179, 0.014981
180, 0.00265642
181, 0.0025719
182, 0.0149189
183, 0.0142876
184, 0.00203649
185, 0.00325647
186, 0.0149001
187, 0.0126
188, 0.00124864
189, 0.00414702
190, 0.0145481
191, 0.010503
192, 0.000554121
193, 0.00512304
194, 0.0140757
195, 0.00857679
196, 0.000131783
197, 0.00607352
198, 0.0137583
199, 0.00713828
200, 0


0, 0
1, 0.00571444
2, 0.0113963
3, 0.00580337
4, 0.000106811
5, 0.00512633
6, 0.0102348
7, 0.00544984
8, 0.000458547
9, 0.00428009
10, 0.00838729
11, 0.0048885
12, 0.00104206
13, 0.00354926
14, 0.00655515
15, 0.0045047
16, 0.00184048
17, 0.00308721
18, 0.0051661
19, 0.00438623
20, 0.00264073
21, 0.00283841
22, 0.00420248
23, 0.00432564
24, 0.00301902
25, 0.0025087
26, 0.00370821
27, 0.00415348
28, 0.00255165
29, 0.00189968
30, 0.00361169
31, 0.00386107
32, 0.00139142
33, 0.00105369
34, 0.00370476
35, 0.0035875
36, 0.000515114
37, 0.000808656
38, 0.00378303
39, 0.00334233
40, 0.000939158
41, 0.00182132
42, 0.00386118
43, 0.0032619
44, 0.002724
45, 0.00410444
46, 0.00406773
47, 0.00301634
48, 0.00483107
49, 0.00685524
50, 0.00443886
51, 0.00227466
52, 0.00612878
53, 0.00948012
54, 0.00515603
55, 0.00117024
56, 0.00620193
57, 0.0111277
58, 0.00589448
59, 0.000203152
60, 0.0053839
61, 0.0114723
62, 0.00646956
63, 0.000151121
64, 0.00467708
65, 0.0106518
66, 0.0064492
67, 0.00101098
68, 0.00457291
69, 0.00871903
70, 0.00528549
71, 0.00206603
72, 0.00483742
73, 0.00643773
74, 0.00340632
75, 0.00242577
76, 0.00495227
77, 0.00461824
78, 0.00147563
79, 0.00176404
80, 0.00471989
81, 0.00586491
82, 0.00337172
83, 0.000390398
84, 0.000721415
85, 0.00437258
86, 0.00744721
87, 0.00627154
88, 0.0019914
89, 0.0002108
90, 0.00434094
91, 0.00992483
92, 0.00949234
93, 0.00335336
94, 0.000100681
95, 0.00429631
96, 0.00947923
97, 0.00793752
98, 0.00209927
99, 0.00015092
100, 0.0034986
101, 0.00593318
102, 0.00388037
103, 0.00067506
104, 0.00024319
105, 0.00188172
106, 0.00270656
107, 0.00182153
108, 0.000463328
109, 2.20494e-05
110, 0.000740421
111, 0.00158969
112, 0.00154817
113, 0.00113751
114, 0.00142023
115, 0.00182177
116, 0.00140982
117, 0.00168414
118, 0.00445199
119, 0.0070555
120, 0.00507707
121, 0.00089158
122, 0.0027353
123, 0.00958271
124, 0.00787525
125, 0.000560259
126, 0.00421818
127, 0.0138726
128, 0.0104316
129, 0.000617787
130, 0.00515625
131, 0.0161983
132, 0.0121851
133, 0.00131708
134, 0.00501416
135, 0.0155436
136, 0.0126097
137, 0.0024543
138, 0.00370346
139, 0.0122748
140, 0.0116736
141, 0.00346329
142, 0.00185762
143, 0.00803181
144, 0.00981775
145, 0.0037653
146, 0.000405712
147, 0.00490721
148, 0.00770292
149, 0.00307866
150, 9.54758e-05
151, 0.00404291
152, 0.00582477
153, 0.00179765
154, 0.00125956
155, 0.00523641
156, 0.00432162
157, 0.00077624
158, 0.00384822
159, 0.0075302
160, 0.00319539
161, 0.000696338
162, 0.0074481
163, 0.00994206
164, 0.0023841
165, 0.00157911
166, 0.0112571
167, 0.0118985
168, 0.00184439
169, 0.00284904
170, 0.0144367
171, 0.013225
172, 0.00153559
173, 0.00387265
174, 0.0163762
175, 0.0139439
176, 0.00141844
177, 0.00433202
178, 0.0171123
179, 0.0141113
180, 0.00136233
181, 0.00437331
182, 0.0167933
183, 0.0135487
184, 0.00123293
185, 0.00426134
186, 0.0157002
187, 0.0121781
188, 0.000946459
189, 0.0042117
190, 0.014296
191, 0.0103176
192, 0.000545995
193, 0.0044875
194, 0.0131723
195, 0.00837204
196, 0.000158497
197, 0.00528619
198, 0.0125394
199, 0.00660953
200, 0


0, 0
1, 0.00695601
2, 0.0137355
3, 0.00666851
4, 7.32467e-06
5, 0.00685205
6, 0.0130397
7, 0.00617399
8, 4.29694e-05
9, 0.00622741
10, 0.0117012
11, 0.00565612
12, 0.000202761
13, 0.00523827
14, 0.00984862
15, 0.00514214
16, 0.000573757
17, 0.00404822
18, 0.00758811
19, 0.00444033
20, 0.0010395
21, 0.00293389
22, 0.00519125
23, 0.00348607
24, 0.00129124
25, 0.00185146
26, 0.00298227
27, 0.00230517
28, 0.00106036
29, 0.000883478
30, 0.00131076
31, 0.00115049
32, 0.000445928
33, 0.000189531
34, 0.000488597
35, 0.000424075
36, 4.62182e-05
37, 0.000165985
38, 0.000378302
39, 0.000170748
40, 0.000479498
41, 0.00126896
42, 0.00088734
43, 0.000192367
44, 0.00185135
45, 0.00383184
46, 0.00216697
47, 0.000246774
48, 0.00375579
49, 0.00783265
50, 0.00453147
51, 0.000229461
52, 0.00555298
53, 0.0124848
54, 0.00750805
55, 0.000181796
56, 0.00675434
57, 0.0163036
58, 0.0101203
59, 0.000203827
60, 0.00712419
61, 0.0179255
62, 0.0112021
63, 0.000287542
64, 0.00630951
65, 0.0160735
66, 0.0100496
67, 0.00040211
68, 0.00433055
69, 0.0114915
70, 0.00756468
71, 0.00058164
72, 0.00210626
73, 0.00645766
74, 0.00474446
75, 0.000680288
76, 0.000812369
77, 0.0031166
78, 0.00274673
79, 0.000690973
80, 0.000758959
81, 0.00293599
82, 0.00403165
83, 0.00240532
84, 0.000594736
85, 0.00204322
86, 0.00550005
87, 0.00601761
88, 0.0024166
89, 0.000154165
90, 0.00347879
91, 0.00813523
92, 0.00714412
93, 0.00186104
94, 0.000421444
95, 0.00512588
96, 0.00871425
97, 0.00582011
98, 0.00120592
99, 0.00167644
100, 0.00547878
101, 0.00615949
102, 0.00299633
103, 0.000974091
104, 0.00200799
105, 0.00306592
106, 0.00229008
107, 0.00130497
108, 0.00124502
109, 0.00109415
110, 0.000398669
111, 0.000343489
112, 0.00146865
113, 0.00255629
114, 0.00232346
115, 0.000976432
116, 0.000466037
117, 0.00290975
118, 0.00727972
119, 0.00862806
120, 0.00448785
121, 0.000832181
122, 0.00540265
123, 0.0120602
124, 0.00763857
125, 0.000749728
126, 0.00760697
127, 0.0169375
128, 0.0100956
129, 0.000539518
130, 0.00857048
131, 0.0189958
132, 0.01086
133, 0.000299188
134, 0.00781562
135, 0.0172598
136, 0.00954788
137, 0.000133473
138, 0.00581984
139, 0.0126569
140, 0.00671797
141, 9.92103e-05
142, 0.00368157
143, 0.00749733
144, 0.0036311
145, 0.000171022
146, 0.00250224
147, 0.00413978
148, 0.00155991
149, 0.000289366
150, 0.00283867
151, 0.0038466
152, 0.00106876
153, 0.000447969
154, 0.00459371
155, 0.00611882
156, 0.00169213
157, 0.000724932
158, 0.00722011
159, 0.00923616
160, 0.00235932
161, 0.00126274
162, 0.0101266
163, 0.0115735
164, 0.00233403
165, 0.00220595
166, 0.0128041
167, 0.0124897
168, 0.00171631
169, 0.00350349
170, 0.0149648
171, 0.0123442
172, 0.00100769
173, 0.00483957
174, 0.0162886
175, 0.0117508
176, 0.00055296
177, 0.0057235
178, 0.0166491
179, 0.0111313
180, 0.000397499
181, 0.00591161
182, 0.0162659
183, 0.0106945
184, 0.000418567
185, 0.00568436
186, 0.0155886
187, 0.0102477
188, 0.000425292
189, 0.00547995
190, 0.0147625
191, 0.00946175
192, 0.000314802
193, 0.00558048
194, 0.0140704
195, 0.00831249
196, 0.000107424
197, 0.00611452
198, 0.0136514
199, 0.00706603
200, 0


0, 0
1, 0.0070035
2, 0.0139163
3, 0.00679495
4, 4.04309e-06
5, 0.00724435
6, 0.0139119
7, 0.00659269
8, 9.40319e-06
9, 0.00719818
10, 0.0134953
11, 0.00630082
12, 5.85629e-06
13, 0.00641646
14, 0.0118244
15, 0.00548821
16, 5.65518e-07
17, 0.00484203
18, 0.00889156
19, 0.00413809
20, 3.92109e-06
21, 0.00290045
22, 0.00528494
23, 0.00244969
24, 2.73245e-05
25, 0.0012535
26, 0.00222519
27, 0.000983919
28, 7.63631e-05
29, 0.00042189
30, 0.000514385
31, 0.000151634
32, 0.000157764
33, 0.000321657
34, 0.000153573
35, 3.05479e-05
36, 0.000341414
37, 0.00068026
38, 0.000576742
39, 0.000374145
40, 0.000817328
41, 0.00161495
42, 0.00147444
43, 0.000783774
44, 0.0017544
45, 0.00369295
46, 0.00302342
47, 0.000974054
48, 0.00302503
49, 0.00713433
50, 0.00529135
51, 0.000804838
52, 0.00449191
53, 0.0113374
54, 0.00776704
55, 0.000469039
56, 0.00544007
57, 0.014485
58, 0.009696
59, 0.00034376
60, 0.00537648
61, 0.0151165
62, 0.010503
63, 0.000782607
64, 0.00424264
65, 0.0131241
66, 0.0105524
67, 0.00199386
68, 0.00245497
69, 0.00948044
70, 0.0100677
71, 0.00354015
72, 0.000924397
73, 0.00577159
74, 0.00892372
75, 0.004479
76, 0.000132842
77, 0.00330894
78, 0.00736651
79, 0.00436438
80, 0.000183523
81, 0.0022959
82, 0.00646637
83, 0.00601632
84, 0.00204925
85, 0.000801084
86, 0.00322893
87, 0.00430762
88, 0.00201771
89, 0.000303381
90, 0.0019341
91, 0.00384625
92, 0.00261311
93, 0.000281111
94, 0.000786183
95, 0.00333873
96, 0.00388501
97, 0.00201702
98, 0.00120452
99, 0.00262554
100, 0.00366149
101, 0.00315268
102, 0.00308475
103, 0.00398722
104, 0.00347484
105, 0.00165552
106, 0.00228656
107, 0.00578363
108, 0.00684883
109, 0.00298288
110, 3.27176e-06
111, 0.00339448
112, 0.00894378
113, 0.00882507
114, 0.00372128
115, 0.00155607
116, 0.00560003
117, 0.0105599
118, 0.010923
119, 0.00727844
120, 0.00424963
121, 0.00523133
122, 0.00795635
123, 0.00872635
124, 0.00529053
125, 0.00313394
126, 0.00747565
127, 0.0107533
128, 0.00536487
129, 0.00100695
130, 0.00675261
131, 0.0111449
132, 0.00469165
133, 8.60302e-05
134, 0.00620175
135, 0.00975463
136, 0.00356227
137, 0.000837312
138, 0.00624912
139, 0.00724495
140, 0.00223757
141, 0.00271957
142, 0.00700805
143, 0.00481229
144, 0.00102932
145, 0.00466653
146, 0.00810444
147, 0.00344403
148, 0.000281684
149, 0.00573101
150, 0.0090615
151, 0.00360845
152, 0.000201011
153, 0.00558947
154, 0.00966776
155, 0.0051451
156, 0.000704687
157, 0.00465368
158, 0.0101075
159, 0.00736632
160, 0.00138237
161, 0.0036399
162, 0.010804
163, 0.00940146
164, 0.00173314
165, 0.00312657
166, 0.0117328
167, 0.0104822
168, 0.00151837
169, 0.00326285
170, 0.0126341
171, 0.0103902
172, 0.000953792
173, 0.00394004
174, 0.0133949
175, 0.00969065
176, 0.000433533
177, 0.00498025
178, 0.0141217
179, 0.00889928
180, 0.000153469
181, 0.00612928
182, 0.0146566
183, 0.00822875
184, 0.000104366
185, 0.00711027
186, 0.0150288
187, 0.00775384
188, 0.000128402
189, 0.00778343
190, 0.0153297
191, 0.00752956
192, 0.000108625
193, 0.00813475
194, 0.0157089
195, 0.00765698
196, 3.87597e-05
197, 0.00819154
198, 0.0160195
199, 0.00796774
200, 0


0, 0
1, 0.00691389
2, 0.0137231
3, 0.00675135
4, 2.1614e-06
5, 0.00684808
6, 0.0132091
7, 0.00631815
8, 3.40543e-05
9, 0.00633346
10, 0.011853
11, 0.005553
12, 0.000209107
13, 0.0055076
14, 0.00967094
15, 0.00461167
16, 0.000681791
17, 0.00430931
18, 0.00685026
19, 0.00360718
20, 0.0014292
21, 0.00319891
22, 0.00392941
23, 0.00244327
24, 0.0020958
25, 0.00256002
26, 0.00176637
27, 0.00125044
28, 0.00232757
29, 0.00243882
30, 0.000710009
31, 0.000374527
32, 0.00224479
33, 0.00271109
34, 0.000833097
35, 0.000321918
36, 0.00231519
37, 0.00324644
38, 0.0018929
39, 0.00132713
40, 0.00283718
41, 0.0039601
42, 0.00333923
43, 0.00279725
44, 0.00369125
45, 0.00475915
46, 0.00442104
47, 0.00348659
48, 0.00408403
49, 0.00562199
50, 0.0049243
51, 0.00276263
52, 0.00357506
53, 0.00622958
54, 0.00493129
55, 0.00129548
56, 0.00245685
57, 0.00656857
58, 0.00539467
59, 0.000671164
60, 0.00138209
61, 0.00655495
62, 0.00701807
63, 0.00208212
64, 0.000742816
65, 0.0060945
66, 0.00958252
67, 0.00506295
68, 0.000658697
69, 0.0056409
70, 0.0120992
71, 0.00786898
72, 0.000773634
73, 0.00517585
74, 0.0131367
75, 0.00893733
76, 0.0007783
77, 0.00454432
78, 0.011761
79, 0.00754574
80, 0.0005491
81, 0.00333767
82, 0.00922663
83, 0.00826837
84, 0.00242893
85, 0.000188708
86, 0.00274629
87, 0.00416833
88, 0.00206315
89, 0.000106759
90, 0.000644286
91, 0.00147861
92, 0.000858743
93, 0.000174293
94, 0.000505375
95, 0.000763941
96, 0.000526633
97, 0.00101214
98, 0.00201016
99, 0.00161601
100, 0.000311002
101, 0.00149293
102, 0.00546883
103, 0.00697147
104, 0.00311608
105, 8.57607e-06
106, 0.00468341
107, 0.0127389
108, 0.0128647
109, 0.00444643
110, 0.000537918
111, 0.00863614
112, 0.0180445
113, 0.0152691
114, 0.0046978
115, 0.00204574
116, 0.0106853
117, 0.0173349
118, 0.0127257
119, 0.00412026
120, 0.00278883
121, 0.0081037
122, 0.00807397
123, 0.0032352
124, 0.0021435
125, 0.00437038
126, 0.004597
127, 0.002553
128, 0.00101226
129, 0.00136949
130, 0.00260018
131, 0.00207483
132, 0.000205487
133, 0.000797234
134, 0.00290688
135, 0.00184495
136, 0.000204126
137, 0.00308514
138, 0.00535098
139, 0.00184775
140, 0.000832813
141, 0.00709517
142, 0.00888202
143, 0.00202592
144, 0.00159413
145, 0.0109262
146, 0.0119819
147, 0.00226843
148, 0.00207688
149, 0.0130237
150, 0.0134983
151, 0.00252424
152, 0.00210305
153, 0.0128418
154, 0.0132995
155, 0.00290008
156, 0.00175865
157, 0.010851
158, 0.0120396
159, 0.00359332
160, 0.0012814
161, 0.00802571
162, 0.0106185
163, 0.00467813
164, 0.000911318
165, 0.00544826
166, 0.0097798
167, 0.0059937
168, 0.000768907
169, 0.00385905
170, 0.00980157
171, 0.00707224
172, 0.000652963
173, 0.00342896
174, 0.0104003
175, 0.00748617
176, 0.000389496
177, 0.00402063
178, 0.0114046
179, 0.00720877
180, 9.24623e-05
181, 0.00544727
182, 0.0126564
183, 0.00661796
184, 1.03831e-05
185, 0.00737186
186, 0.0141019
187, 0.00623805
188, 0.000139143
189, 0.00919549
190, 0.0156378
191, 0.00639766
192, 0.00021067
193, 0.0101572
194, 0.0170028
195, 0.00726358
196, 9.5531e-05
197, 0.00985824
198, 0.017843
199, 0.00862444
200, 0


0, 0
1, 0.00598597
2, 0.0118243
3, 0.00580961
4, 0.000106514
5, 0.00544694
6, 0.0101612
7, 0.00494675
8, 0.000501433
9, 0.00455798
10, 0.00780278
11, 0.00411661
12, 0.00134088
13, 0.00383948
14, 0.0054183
15, 0.00350305
16, 0.00266466
17, 0.00379338
18, 0.00365014
19, 0.00304223
20, 0.00420135
21, 0.00455782
22, 0.00250204
23, 0.00234599
24, 0.00546516
25, 0.00587459
26, 0.00194921
27, 0.0013713
28, 0.00624858
29, 0.00736344
30, 0.0020021
31, 0.000616333
32, 0.00653934
33, 0.00855127
34, 0.0027405
35, 0.000676474
36, 0.00646126
37, 0.00880034
38, 0.0037078
39, 0.00145353
40, 0.00579896
41, 0.00782847
42, 0.00423977
43, 0.00226831
44, 0.00462649
45, 0.0058312
46, 0.0038573
47, 0.00246353
48, 0.0032092
49, 0.0037412
50, 0.00281237
51, 0.00182828
52, 0.00189705
53, 0.00234989
54, 0.00207447
55, 0.00118326
56, 0.000941255
57, 0.00187901
58, 0.00251923
59, 0.00146
60, 0.000436885
61, 0.00211015
62, 0.00446165
63, 0.00304817
64, 0.000222321
65, 0.00261876
66, 0.00735528
67, 0.0052827
68, 0.000196887
69, 0.00333985
70, 0.00980124
71, 0.00681315
72, 0.000433698
73, 0.00410608
74, 0.0106449
75, 0.0069567
76, 0.00110821
77, 0.00486955
78, 0.00963766
79, 0.00584697
80, 0.00214024
81, 0.00595653
82, 0.00975159
83, 0.00751107
84, 0.00354819
85, 0.00353084
86, 0.0054027
87, 0.00484842
88, 0.00302732
89, 0.00278117
90, 0.00292508
91, 0.00164218
92, 0.000761348
93, 0.00197012
94, 0.00289526
95, 0.00136498
96, 8.4789e-05
97, 0.00205999
98, 0.00455036
99, 0.00342114
100, 0.00107375
101, 0.00321023
102, 0.00842711
103, 0.00913133
104, 0.00403045
105, 0.00185822
106, 0.00839923
107, 0.0160348
108, 0.0137738
109, 0.0044252
110, 0.00208864
111, 0.0114774
112, 0.0197028
113, 0.0147272
114, 0.00344175
115, 0.00165471
116, 0.0106199
117, 0.0160429
118, 0.00991283
119, 0.00130526
120, 0.00128599
121, 0.00684495
122, 0.00548164
123, 0.000463922
124, 0.00138445
125, 0.00395362
126, 0.00191242
127, 5.07936e-05
128, 0.0017004
129, 0.00221895
130, 0.000437139
131, 0.000402711
132, 0.00210412
133, 0.00236495
134, 0.00123353
135, 0.000927482
136, 0.00251064
137, 0.00453873
138, 0.00378982
139, 0.00120882
140, 0.00294907
141, 0.00808399
142, 0.00710738
143, 0.00122754
144, 0.00344739
145, 0.0118147
146, 0.0101205
147, 0.00118132
148, 0.00394316
149, 0.0145624
150, 0.0120337
151, 0.00115784
152, 0.00420673
153, 0.0155615
154, 0.0125259
155, 0.00118039
156, 0.00391158
157, 0.0146687
158, 0.0119095
159, 0.00128721
160, 0.00308997
161, 0.0123953
162, 0.0105982
163, 0.00154488
164, 0.00205459
165, 0.00948971
166, 0.00912588
167, 0.00210038
168, 0.00116218
169, 0.00682912
170, 0.00821007
171, 0.00301965
172, 0.000618543
173, 0.00510053
174, 0.00825629
175, 0.00415412
176, 0.000353686
177, 0.00456527
178, 0.00930594
179, 0.00519148
180, 0.000211443
181, 0.00512843
182, 0.010998
183, 0.00591041
184, 0.000119428
185, 0.00640181
186, 0.0129795
187, 0.00644177
188, 8.38208e-05
189, 0.00790543
190, 0.0150966
191, 0.0071009
192, 6.53652e-05
193, 0.00910474
194, 0.0170477
195, 0.00806786
196, 2.57797e-05
197, 0.00953053
198, 0.0183101
199, 0.00905754
200, 0


0, 0
1, 0.00312545
2, 0.00618522
3, 0.00324621
4, 0.000557325
5, 0.00314785
6, 0.00530047
7, 0.00330455
8, 0.00190614
9, 0.00333795
10, 0.0039355
11, 0.00307727
12, 0.00350372
13, 0.00407926
14, 0.00277826
15, 0.00252238
16, 0.00497413
17, 0.00547342
18, 0.00220821
19, 0.00180048
20, 0.00651229
21, 0.00765135
22, 0.00227434
23, 0.0012244
24, 0.00831094
25, 0.0105008
26, 0.00295686
27, 0.000933359
28, 0.0100752
29, 0.0131353
30, 0.00386203
31, 0.000802053
32, 0.0106699
33, 0.0141893
34, 0.00447541
35, 0.000669803
36, 0.0094316
37, 0.0127345
38, 0.00438917
39, 0.000441531
40, 0.00663009
41, 0.00947796
42, 0.00379089
43, 0.000228322
44, 0.00346568
45, 0.00578811
46, 0.00306288
47, 0.000333392
48, 0.00130169
49, 0.00311681
50, 0.00256936
51, 0.000900673
52, 0.000859157
53, 0.0021522
54, 0.00251086
55, 0.00168404
56, 0.00143382
57, 0.00228872
58, 0.00283195
59, 0.00228296
60, 0.00177644
61, 0.00239032
62, 0.00316516
63, 0.00248076
64, 0.00127419
65, 0.00201581
66, 0.0035174
67, 0.00236203
68, 0.000309405
69, 0.00161252
70, 0.0037818
71, 0.00217403
72, 9.89634e-05
73, 0.00204588
74, 0.00397587
75, 0.00229354
76, 0.00140119
77, 0.00337785
78, 0.00397915
79, 0.00301796
80, 0.0037596
81, 0.00579449
82, 0.00570448
83, 0.00493795
84, 0.00631937
85, 0.00753092
86, 0.00537609
87, 0.00332054
88, 0.00630823
89, 0.0104512
90, 0.00815854
91, 0.00186025
92, 0.00185939
93, 0.0091775
94, 0.0124224
95, 0.006172
96, 0.000421157
97, 0.00436961
98, 0.0115443
99, 0.0109271
100, 0.00468828
101, 0.00363876
102, 0.00922934
103, 0.0119547
104, 0.00755083
105, 0.00399368
106, 0.00778297
107, 0.0128623
108, 0.0103876
109, 0.00350464
110, 0.0025232
111, 0.00874234
112, 0.0123586
113, 0.00749208
114, 0.00087982
115, 0.00134042
116, 0.00673582
117, 0.00813324
118, 0.00379415
119, 0.000871604
120, 0.0030891
121, 0.00531181
122, 0.00197762
123, 0.00115828
124, 0.00524686
125, 0.00481183
126, 0.000424343
127, 0.00235638
128, 0.00727286
129, 0.0046633
130, 0.000148724
131, 0.00379397
132, 0.0083444
133, 0.00468246
134, 0.000889547
135, 0.00461335
136, 0.00806619
137, 0.00505319
138, 0.00217858
139, 0.00428217
140, 0.00684075
141, 0.0060582
142, 0.00368364
143, 0.00301658
144, 0.00548694
145, 0.00782142
146, 0.00526571
147, 0.00157443
148, 0.00467538
149, 0.0100856
150, 0.00693833
151, 0.000659187
152, 0.00457822
153, 0.0123001
154, 0.00847116
155, 0.000361709
156, 0.00482927
157, 0.0137695
158, 0.00939999
159, 0.000371276
160, 0.00496994
161, 0.0140928
162, 0.00945108
163, 0.000390507
164, 0.00472028
165, 0.0131848
166, 0.00875358
167, 0.000369836
168, 0.00401206
169, 0.0113933
170, 0.00785884
171, 0.000544098
172, 0.00297681
173, 0.00938261
174, 0.0075
175, 0.00127692
176, 0.00192009
177, 0.0076361
178, 0.00812894
179, 0.00277648
180, 0.00114739
181, 0.00644131
182, 0.00959932
183, 0.00481959
184, 0.000770573
185, 0.00583172
186, 0.0114286
187, 0.00680458
188, 0.000623978
189, 0.0058152
190, 0.0132437
191, 0.00812343
192, 0.00042979
193, 0.00633409
194, 0.0147474
195, 0.00851589
196, 0.000146497
197, 0.00720664
198, 0.015654
199, 0.00808183
200, 0


0, 0
1, 0.000575755
2, 0.00110314
3, 0.000717486
4, 0.000729713
5, 0.00134817
6, 0.00120797
7, 0.00114958
8, 0.00259358
9, 0.00331478
10, 0.00153698
11, 0.00125445
12, 0.00484988
13, 0.00617389
14, 0.00207793
15, 0.00101606
16, 0.0070741
17, 0.00938572
18, 0.00284019
19, 0.000808123
20, 0.00921104
21, 0.012329
22, 0.0036566
23, 0.000812045
24, 0.0107335
25, 0.0142817
26, 0.00428967
27, 0.000819238
28, 0.011085
29, 0.0146958
30, 0.00455284
31, 0.000577155
32, 0.00985783
33, 0.0136004
34, 0.0047418
35, 0.000248168
36, 0.00728574
37, 0.011376
38, 0.0052162
39, 0.000226654
40, 0.00413024
41, 0.00875624
42, 0.0060051
43, 0.000766409
44, 0.00161184
45, 0.00655044
46, 0.00667538
47, 0.00166527
48, 0.000446431
49, 0.005039
50, 0.00667239
51, 0.0024244
52, 0.000466916
53, 0.00386218
54, 0.00543178
55, 0.00246044
56, 0.000893458
57, 0.00284415
58, 0.00362781
59, 0.00183018
60, 0.00099498
61, 0.00185525
62, 0.00195246
63, 0.000984969
64, 0.000582831
65, 0.000886379
66, 0.000824028
67, 0.000298805
68, 0.000106799
69, 0.000349472
70, 0.000340997
71, 6.63308e-05
72, 0.000168228
73, 0.000398019
74, 0.000247129
75, 0.000496252
76, 0.00119104
77, 0.000846717
78, 0.000401452
79, 0.00209394
80, 0.00330131
81, 0.00209123
82, 0.000779895
83, 0.00384075
84, 0.00898707
85, 0.00837293
86, 0.0022268
87, 0.00158444
88, 0.0110176
89, 0.0182291
90, 0.0117642
91, 0.00105312
92, 0.00406125
93, 0.0184725
94, 0.0232903
95, 0.011166
96, 0.000410859
97, 0.00694011
98, 0.0200388
99, 0.0197193
100, 0.00719584
101, 0.00122833
102, 0.00823315
103, 0.0146991
104, 0.0104086
105, 0.00288851
106, 0.00250823
107, 0.00658221
108, 0.00654482
109, 0.00235312
110, 0.000594906
111, 0.00276139
112, 0.0037576
113, 0.00154305
114, 0.000168557
115, 0.00191847
116, 0.00321988
117, 0.0015463
118, 0.000550866
119, 0.00366305
120, 0.00708286
121, 0.0052083
122, 0.000135778
123, 0.00388573
124, 0.0104322
125, 0.00644928
126, 0.000106363
127, 0.00553017
128, 0.012649
129, 0.00697711
130, 0.000277843
131, 0.00668412
132, 0.0131546
133, 0.00648606
134, 0.000577572
135, 0.00719944
136, 0.0120934
137, 0.00538068
138, 0.000976733
139, 0.00681887
140, 0.0100216
141, 0.0044559
142, 0.00143657
143, 0.00557439
144, 0.00770884
145, 0.00428674
146, 0.00199293
147, 0.00378328
148, 0.00574522
149, 0.00508819
150, 0.00277225
151, 0.00196401
152, 0.00462729
153, 0.00686471
154, 0.00387222
155, 0.000680676
156, 0.00459244
157, 0.00924542
158, 0.00512207
159, 9.97626e-05
160, 0.00543611
161, 0.0116581
162, 0.00621606
163, 1.9104e-06
164, 0.00652519
165, 0.0135626
166, 0.00700463
167, 2.70038e-05
168, 0.00709109
169, 0.0145105
170, 0.0075959
171, 1.7944e-05
172, 0.00658178
173, 0.0143005
174, 0.00823038
175, 0.000211074
176, 0.00509429
177, 0.0128706
178, 0.00896754
179, 0.00108425
180, 0.00330003
181, 0.0105934
182, 0.00970541
183, 0.00279115
184, 0.00198182
185, 0.00805922
186, 0.0102131
187, 0.00477752
188, 0.00127301
189, 0.00598609
190, 0.0104486
191, 0.00608536
192, 0.000762968
193, 0.00484889
194, 0.010531
195, 0.00620936
196, 0.000247028
197, 0.00478887
198, 0.0105645
199, 0.005491
200, 0


0, 0
1, 0.000146912
2, 0.000211472
3, 0.000161392
4, 0.000658486
5, 0.00111053
6, 0.00049214
7, 0.00041531
8, 0.00250101
9, 0.00364871
10, 0.00133419
11, 0.000623759
12, 0.00525534
13, 0.00764146
14, 0.00271196
15, 0.000721807
16, 0.00804126
17, 0.01162
18, 0.00402698
19, 0.00069405
20, 0.00971453
21, 0.0138019
22, 0.00465217
23, 0.000503866
24, 0.00949185
25, 0.0135277
26, 0.00473573
27, 0.000243757
28, 0.00763776
29, 0.0117208
30, 0.00498162
31, 0.000202586
32, 0.00512574
33, 0.00987698
34, 0.00614336
35, 0.000731448
36, 0.00290954
37, 0.00893468
38, 0.00830615
39, 0.0018865
40, 0.00143203
41, 0.0086842
42, 0.0105487
43, 0.00316253
44, 0.000679794
45, 0.0082852
46, 0.0112526
47, 0.00372458
48, 0.000351629
49, 0.00706233
50, 0.00973999
51, 0.00315711
52, 0.00025027
53, 0.00518364
54, 0.00669432
55, 0.00196109
56, 0.000201237
57, 0.00300506
58, 0.00336104
59, 0.000801426
60, 0.000188952
61, 0.00123959
62, 0.000998738
63, 0.000179156
64, 0.000219418
65, 0.000324646
66, 9.4935e-05
67, 0.000156907
68, 0.000266203
69, 5.96238e-05
70, 8.92933e-05
71, 0.000442967
72, 0.000450217
73, 0.000196627
74, 0.000469595
75, 0.00113776
76, 0.00110371
77, 0.000513388
78, 0.00111039
79, 0.00278817
80, 0.00261083
81, 0.00122773
82, 0.00148721
83, 0.00554485
84, 0.00951591
85, 0.00731797
86, 0.00164857
87, 0.00293628
88, 0.0131594
89, 0.0192068
90, 0.0113384
91, 0.000974526
92, 0.00559581
93, 0.0207127
94, 0.0244777
95, 0.0109898
96, 0.000146831
97, 0.00766867
98, 0.0213225
99, 0.0203746
100, 0.00676748
101, 8.52053e-05
102, 0.00701638
103, 0.0137796
104, 0.00972557
105, 0.00195462
106, 0.000904815
107, 0.00440791
108, 0.00449056
109, 0.00134938
110, 0.000644948
111, 0.0023162
112, 0.00197924
113, 0.000148681
114, 0.001065
115, 0.00396032
116, 0.00390679
117, 0.00106575
118, 0.0014616
119, 0.00664224
120, 0.00967021
121, 0.00570354
122, 0.000503204
123, 0.00624273
124, 0.0123062
125, 0.00629983
126, 0.000483139
127, 0.00741187
128, 0.0136145
129, 0.00649536
130, 0.000382689
131, 0.00774576
132, 0.0137333
133, 0.00617227
134, 0.000319618
135, 0.00773956
136, 0.012972
137, 0.00536641
138, 0.000383756
139, 0.00755276
140, 0.0115642
141, 0.00429578
142, 0.000572455
143, 0.007118
144, 0.00976247
145, 0.00330134
146, 0.000862841
147, 0.00625791
148, 0.00775159
149, 0.0027411
150, 0.00117385
151, 0.00484177
152, 0.00593756
153, 0.0030009
154, 0.00150985
155, 0.00313338
156, 0.00492103
157, 0.00440203
158, 0.00206337
159, 0.00163147
160, 0.00507533
161, 0.00699538
162, 0.00308367
163, 0.000673722
164, 0.00619701
165, 0.0104281
166, 0.00473867
167, 0.000210597
168, 0.00745865
169, 0.0139137
170, 0.00691156
171, 3.64339e-05
172, 0.00794037
173, 0.0164925
174, 0.00915125
175, 9.37978e-05
176, 0.00729463
177, 0.017134
178, 0.0106207
179, 0.000411007
180, 0.00574538
181, 0.0154392
182, 0.0106471
183, 0.000902463
184, 0.00387544
185, 0.0119719
186, 0.00930514
187, 0.00142334
188, 0.0021835
189, 0.00814588
190, 0.00758713
191, 0.00189513
192, 0.000950459
193, 0.00521642
194, 0.00639884
195, 0.00233597
196, 0.000233973
197, 0.00356986
198, 0.00592841
199, 0.00279801
200, 0


0, 0
1, 0.0018464
2, 0.0037794
3, 0.00233838
4, 0.000913849
5, 0.00239431
6, 0.00371861
7, 0.003047
8, 0.00302486
9, 0.00405331
10, 0.00365934
11, 0.00310623
12, 0.0049759
13, 0.0061119
14, 0.00343979
15, 0.00209725
16, 0.00586776
17, 0.00779522
18, 0.00331587
19, 0.000698928
20, 0.00542021
21, 0.0085384
22, 0.00378999
23, 8.88065e-06
24, 0.00414336
25, 0.00843217
26, 0.00521837
27, 0.000426802
28, 0.00261883
29, 0.00822286
30, 0.00750755
31, 0.00159402
32, 0.00140539
33, 0.00831786
34, 0.00991778
35, 0.00283175
36, 0.000801279
37, 0.00864135
38, 0.0114514
39, 0.00355002
40, 0.000607206
41, 0.00863143
42, 0.0115815
43, 0.0036093
44, 0.000660027
45, 0.00793768
46, 0.0101529
47, 0.00314077
48, 0.00101925
49, 0.00665672
50, 0.00766816
51, 0.00260749
52, 0.00167098
53, 0.00493934
54, 0.00478363
55, 0.00227737
56, 0.00236887
57, 0.00317761
58, 0.00242647
59, 0.00224278
60, 0.00261492
61, 0.00159972
62, 0.00103867
63, 0.00226524
64, 0.00219986
65, 0.000410641
66, 0.000658193
67, 0.00237623
68, 0.00171134
69, 0.000123972
70, 0.00118658
71, 0.00271362
72, 0.00177078
73, 0.000921391
74, 0.00239515
75, 0.00345101
76, 0.00254664
77, 0.00242508
78, 0.00404303
79, 0.00479103
80, 0.00388068
81, 0.00471591
82, 0.00685259
83, 0.00855413
84, 0.00840317
85, 0.00637445
86, 0.0047296
87, 0.00661528
88, 0.0112689
89, 0.012591
90, 0.00724307
91, 0.00187219
92, 0.00507805
93, 0.0133156
94, 0.0142979
95, 0.00576402
96, 2.05006e-06
97, 0.00533221
98, 0.0130354
99, 0.0113762
100, 0.00391919
101, 0.0023997
102, 0.00735429
103, 0.00903919
104, 0.00512718
105, 0.0036615
106, 0.00752584
107, 0.00895363
108, 0.00403192
109, 0.000816966
110, 0.00555106
111, 0.0110529
112, 0.00822967
113, 0.00138779
114, 0.00146647
115, 0.00805675
116, 0.0103706
117, 0.00524981
118, 0.00185649
119, 0.00566983
120, 0.00972349
121, 0.00699141
122, 0.00136983
123, 0.00533864
124, 0.0104793
125, 0.00558804
126, 0.000873785
127, 0.00667184
128, 0.0112642
129, 0.00491925
130, 0.000565664
131, 0.00748128
132, 0.0117515
133, 0.00459804
134, 0.000415041
135, 0.00772244
136, 0.0118065
137, 0.00437823
138, 0.000366357
139, 0.0077783
140, 0.0114314
141, 0.00387316
142, 0.0004584
143, 0.00783713
144, 0.0105367
145, 0.00303691
146, 0.000724405
147, 0.00781522
148, 0.00927064
149, 0.00221221
150, 0.00111527
151, 0.00754886
152, 0.0079282
153, 0.0017751
154, 0.00146791
155, 0.00678387
156, 0.00683376
157, 0.00210262
158, 0.00171193
159, 0.00544103
160, 0.00623498
161, 0.00355795
162, 0.00213667
163, 0.00373756
164, 0.006256
165, 0.00637508
166, 0.00331503
167, 0.0021231
168, 0.00668422
169, 0.0101443
170, 0.00535126
171, 0.000932289
172, 0.0071258
173, 0.013689
174, 0.00752374
175, 0.000276786
176, 0.00721508
177, 0.0155996
178, 0.00875224
179, 7.22002e-05
180, 0.00677705
181, 0.0152473
182, 0.00856729
183, 0.000120124
184, 0.00581247
185, 0.0129997
186, 0.00731559
187, 0.000210061
188, 0.00429641
189, 0.00977233
190, 0.00582202
191, 0.00029824
192, 0.00239575
193, 0.00642556
194, 0.00468541
195, 0.000638384
196, 0.000692373
197, 0.00359638
198, 0.00414666
199, 0.00164188
200, 0


0, 0
1, 0.00591417
2, 0.0117686
3, 0.00613176
4, 0.000465168
5, 0.0050416
6, 0.00963409
7, 0.00563263
8, 0.00148656
9, 0.00381223
10, 0.00622495
11, 0.00419946
12, 0.00217165
13, 0.00286134
14, 0.00325132
15, 0.00226568
16, 0.00208968
17, 0.00260086
18, 0.00189856
19, 0.000771959
20, 0.00151156
21, 0.00326619
22, 0.00285825
23, 0.000597458
24, 0.000903097
25, 0.00460496
26, 0.00571142
27, 0.00175692
28, 0.000505691
29, 0.0061088
30, 0.00890717
31, 0.00316283
32, 0.000320768
33, 0.00715345
34, 0.0106947
35, 0.00375364
36, 0.000343285
37, 0.0073298
38, 0.0102447
39, 0.00330557
40, 0.000694359
41, 0.00664755
42, 0.0081012
43, 0.0026141
44, 0.00151302
45, 0.00557628
46, 0.0057012
47, 0.00258362
48, 0.00273387
49, 0.00438952
50, 0.00385998
51, 0.00346069
52, 0.00411404
53, 0.00334471
54, 0.00287072
55, 0.00477518
56, 0.00494999
57, 0.00220942
58, 0.00268929
59, 0.00617688
60, 0.00493537
61, 0.000971135
62, 0.00316114
63, 0.00746268
64, 0.00442012
65, 0.000110994
66, 0.00404174
67, 0.00834892
68, 0.00396826
69, 0.000195138
70, 0.00511978
71, 0.00867515
72, 0.00404974
73, 0.00147032
74, 0.0062915
75, 0.00866542
76, 0.00471907
77, 0.00346273
78, 0.00722296
79, 0.00823297
80, 0.00540661
81, 0.00629794
82, 0.00919078
83, 0.00933193
84, 0.00652944
85, 0.00473261
86, 0.00571089
87, 0.00722653
88, 0.00692225
89, 0.00483106
90, 0.00257001
91, 0.00189328
92, 0.00316723
93, 0.00438724
94, 0.00319841
95, 0.000641242
96, 0.000326484
97, 0.00262795
98, 0.00353661
99, 0.00169499
100, 0.00168732
101, 0.00574776
102, 0.00806363
103, 0.00419716
104, 0.000770097
105, 0.00627564
106, 0.0152826
107, 0.0144279
108, 0.00422091
109, 0.000670531
110, 0.0107901
111, 0.0203615
112, 0.0150769
113, 0.00274488
114, 0.00145331
115, 0.0119254
116, 0.017513
117, 0.0101024
118, 0.00120016
119, 0.00277846
120, 0.00990144
121, 0.0104737
122, 0.00220388
123, 0.00247356
124, 0.00914008
125, 0.00703289
126, 0.0010863
127, 0.00414721
128, 0.00894327
129, 0.00472507
130, 0.000702559
131, 0.00573121
132, 0.00917696
133, 0.0035305
134, 0.000630918
135, 0.00697471
136, 0.00963913
137, 0.00294671
138, 0.000720742
139, 0.00788115
140, 0.0099039
141, 0.00259063
142, 0.000891307
143, 0.00840568
144, 0.00995931
145, 0.00237227
146, 0.00106765
147, 0.00883683
148, 0.0100097
149, 0.00221044
150, 0.0012973
151, 0.00923443
152, 0.0100204
153, 0.00214078
154, 0.00156532
155, 0.00943858
156, 0.010014
157, 0.00235442
158, 0.00185596
159, 0.00926641
160, 0.00983485
161, 0.00294737
162, 0.00215825
163, 0.00822636
164, 0.00914455
165, 0.00397975
166, 0.00249123
167, 0.00608638
168, 0.00775176
169, 0.0053747
170, 0.00286116
171, 0.00334396
172, 0.00616922
173, 0.00691344
174, 0.00327555
175, 0.00109194
176, 0.00520479
177, 0.00830981
178, 0.00374521
179, 8.66674e-05
180, 0.00510253
181, 0.00929219
182, 0.00436095
183, 0.000202426
184, 0.00517104
185, 0.00958476
186, 0.00519719
187, 0.000769177
188, 0.00444445
189, 0.00900452
190, 0.00624242
191, 0.00136235
192, 0.00272897
193, 0.0075327
194, 0.00725184
195, 0.00216006
196, 0.000829891
197, 0.00551197
198, 0.0079025
199, 0.00354755
200, 0


0, 0
1, 0.00783918
2, 0.0157762
3, 0.0082957
4, 6.6479e-05
5, 0.0055779
6, 0.0122787
7, 0.00721511
8, 0.000310695
9, 0.00262356
10, 0.00736017
11, 0.00550725
12, 0.000833892
13, 0.000626226
14, 0.00357373
15, 0.00397772
16, 0.00154749
17, 0.000638546
18, 0.00225089
19, 0.0030628
20, 0.00214023
21, 0.00203691
22, 0.00290085
23, 0.00256215
24, 0.00206064
25, 0.00347589
26, 0.00431843
27, 0.00225849
28, 0.00122502
29, 0.00405451
30, 0.00540037
31, 0.00197066
32, 0.000357847
33, 0.00398475
34, 0.00548028
35, 0.00172795
36, 0.000378913
37, 0.00381576
38, 0.00471011
39, 0.00186298
40, 0.00155468
41, 0.00360676
42, 0.00355629
43, 0.0027131
44, 0.00324679
45, 0.00308805
46, 0.00265728
47, 0.00419031
48, 0.00461262
49, 0.00227011
50, 0.00258524
51, 0.00603
52, 0.00517457
53, 0.00133664
54, 0.00356208
55, 0.00824472
56, 0.00518342
57, 0.000572282
58, 0.00540886
59, 0.0107949
60, 0.0051473
61, 0.00020789
62, 0.00773569
63, 0.0132636
64, 0.0051711
65, 0.000327823
66, 0.010017
67, 0.0152209
68, 0.00532625
69, 0.000865991
70, 0.0113929
71, 0.0157289
72, 0.00548949
73, 0.00162603
74, 0.011187
75, 0.0142508
76, 0.00526024
77, 0.00235175
78, 0.00949202
79, 0.0110401
80, 0.0044515
81, 0.00298769
82, 0.0064419
83, 0.00760566
84, 0.00440119
85, 0.00173706
86, 0.00244845
87, 0.00361132
88, 0.0025161
89, 0.000634165
90, 0.000286869
91, 0.000974377
92, 0.000962579
93, 0.00023903
94, 7.46213e-05
95, 0.000923986
96, 0.00195135
97, 0.00195302
98, 0.000860275
99, 0.000706644
100, 0.00353022
101, 0.00739369
102, 0.00725647
103, 0.00258954
104, 0.00079631
105, 0.00735511
106, 0.0153118
107, 0.0132695
108, 0.00343957
109, 0.000756147
110, 0.010991
111, 0.0204798
112, 0.0154154
113, 0.00298192
114, 0.00143326
115, 0.0127831
116, 0.0199019
117, 0.0123832
118, 0.0014658
119, 0.00232037
120, 0.0118706
121, 0.0147783
122, 0.00368182
123, 0.00112982
124, 0.0104277
125, 0.010912
126, 0.00190999
127, 0.0018999
128, 0.00899086
129, 0.0071843
130, 0.000765202
131, 0.00328121
132, 0.00813907
133, 0.00432016
134, 0.000496097
135, 0.00511611
136, 0.00785993
137, 0.00261408
138, 0.000869573
139, 0.00686305
140, 0.00824177
141, 0.00198225
142, 0.00127793
143, 0.00839629
144, 0.00929098
145, 0.00200442
146, 0.00149491
147, 0.0096136
148, 0.010632
149, 0.00246029
150, 0.00151249
151, 0.010361
152, 0.0119909
153, 0.00316561
154, 0.00148225
155, 0.010814
156, 0.0129448
157, 0.00365854
158, 0.00156332
159, 0.0108456
160, 0.012742
161, 0.0035422
162, 0.00164653
163, 0.00999
164, 0.0110948
165, 0.00291771
166, 0.00153874
167, 0.00806514
168, 0.00838317
169, 0.00219537
170, 0.00118867
171, 0.0053219
172, 0.00552284
173, 0.00185164
174, 0.000728952
175, 0.00256571
176, 0.00342533
177, 0.00217003
178, 0.000586654
179, 0.000646465
180, 0.00241082
181, 0.00323712
182, 0.00146142
183, 7.65093e-06
184, 0.00204509
185, 0.00491721
186, 0.00387123
187, 0.000632003
188, 0.00167376
189, 0.00679188
190, 0.00762789
191, 0.00229349
192, 0.00101729
193, 0.00811868
194, 0.0116136
195, 0.00458339
196, 0.0003095
197, 0.00818488
198, 0.0142024
199, 0.00683576
200, 0


0, 0
1, 0.00465235
2, 0.0103267
3, 0.00713281
4, 0.000938748
5, 0.00250409
6, 0.00906023
7, 0.00946058
8, 0.003016
9, 0.000930747
10, 0.00728372
11, 0.0108835
12, 0.00481401
13, 0.000100102
14, 0.00552864
15, 0.0105111
16, 0.00538479
17, 0.000105045
18, 0.00398153
19, 0.00811547
20, 0.00448649
21, 0.000639241
22, 0.00277771
23, 0.00484488
24, 0.00273864
25, 0.00103053
26, 0.00179483
27, 0.00195758
28, 0.00102978
29, 0.000959735
30, 0.00109543
31, 0.000383596
32, 0.000135622
33, 0.000726142
34, 0.000714678
35, 0.000270873
36, 0.000487386
37, 0.00072471
38, 0.000670175
39, 0.0013969
40, 0.00191287
41, 0.000894014
42, 0.000992388
43, 0.00346391
44, 0.00366178
45, 0.000885482
46, 0.00192404
47, 0.00615462
48, 0.00476021
49, 0.000479827
50, 0.00374887
51, 0.00920687
52, 0.00512739
53, 0.00012638
54, 0.0065026
55, 0.0122267
56, 0.0050321
57, 0.000283686
58, 0.00976233
59, 0.0149891
60, 0.00494055
61, 0.000894303
62, 0.0128193
63, 0.0171987
64, 0.00503846
65, 0.00148608
66, 0.014651
67, 0.0182724
68, 0.00506353
69, 0.00172334
70, 0.0147017
71, 0.0175706
72, 0.0046981
73, 0.00149027
74, 0.0127393
75, 0.0147635
76, 0.00376258
77, 0.00102038
78, 0.00921482
79, 0.0101083
80, 0.00232071
81, 0.000265138
82, 0.00384331
83, 0.00522089
84, 0.00229862
85, 9.63222e-05
86, 0.000899764
87, 0.00158226
88, 0.000510471
89, 0.000106302
90, 0.00155864
91, 0.0023951
92, 0.00126629
93, 0.000756416
94, 0.00279886
95, 0.00510105
96, 0.00475862
97, 0.00281509
98, 0.00258241
99, 0.00485865
100, 0.00719726
101, 0.00722698
102, 0.00506956
103, 0.00300722
104, 0.00370056
105, 0.0073238
106, 0.00993484
107, 0.0074817
108, 0.00223621
109, 0.00158869
110, 0.00793287
111, 0.0133825
112, 0.00982909
113, 0.00171246
114, 0.00132679
115, 0.0104857
116, 0.0164235
117, 0.0103845
118, 0.00127402
119, 0.0029548
120, 0.0130574
121, 0.0163437
122, 0.00430706
123, 0.0016237
124, 0.0129973
125, 0.0142639
126, 0.0028938
127, 0.00194622
128, 0.0118086
129, 0.0111157
130, 0.00147109
131, 0.00236083
132, 0.0102098
133, 0.00782517
134, 0.000574528
135, 0.00326038
136, 0.00894881
137, 0.0052423
138, 0.000492609
139, 0.00494167
140, 0.0087865
141, 0.00370554
142, 0.00101375
143, 0.00727638
144, 0.00971003
145, 0.00312687
146, 0.00160688
147, 0.00943416
148, 0.0113207
149, 0.00329032
150, 0.00179299
151, 0.010787
152, 0.0127561
153, 0.00357647
154, 0.00162774
155, 0.0109369
156, 0.0128269
157, 0.00345831
158, 0.00129674
159, 0.00988568
160, 0.0114168
161, 0.00284405
162, 0.00100327
163, 0.00838243
164, 0.00925076
165, 0.00197884
166, 0.000916012
167, 0.0068432
168, 0.00700487
169, 0.00133135
170, 0.000829798
171, 0.00517817
172, 0.00520743
173, 0.00112748
174, 0.000456548
175, 0.00338359
176, 0.00394639
177, 0.00132441
178, 2.58188e-05
179, 0.00165219
180, 0.00302689
181, 0.00204326
182, 0.000478859
183, 0.000606827
184, 0.00222081
185, 0.00349675
186, 0.00282219
187, 0.000885242
188, 0.0014385
189, 0.00553072
190, 0.00703766
191, 0.00259058
192, 0.000719866
193, 0.0074067
194, 0.0117448
195, 0.00508217
196, 0.000193995
197, 0.00814989
198, 0.0148518
199, 0.00727289
200, 0


0, 0
1, 0.00245681
2, 0.00636699
3, 0.00581903
4, 0.00133283
5, 0.000654102
6, 0.00659529
7, 0.00998492
8, 0.00436384
9, 6.27504e-05
10, 0.0067322
11, 0.0130264
12, 0.00679853
13, 6.58661e-05
14, 0.0063392
15, 0.0131808
16, 0.00701261
17, 0.000223122
18, 0.00516646
19, 0.010138
20, 0.00511302
21, 0.000368881
22, 0.00330917
23, 0.00553898
24, 0.00251436
25, 0.000447076
26, 0.00150349
27, 0.00177119
28, 0.000761938
29, 0.000444039
30, 0.000392779
31, 0.000115061
32, 0.000255664
33, 0.000369286
34, 0.000123704
35, 0.000310012
36, 0.000612198
37, 0.000290118
38, 0.000519146
39, 0.00163354
40, 0.00140069
41, 0.000204931
42, 0.00147055
43, 0.00382179
44, 0.00248041
45, 0.000183781
46, 0.00331372
47, 0.00719691
48, 0.00382437
49, 0.000276985
50, 0.00608952
51, 0.0112677
52, 0.00501502
53, 0.000545979
54, 0.00942707
55, 0.0149421
56, 0.00554687
57, 0.00104891
58, 0.012475
59, 0.0171787
60, 0.00531014
61, 0.00159855
62, 0.0143409
63, 0.0174975
64, 0.00451974
65, 0.00184904
66, 0.0143606
67, 0.0160985
68, 0.00358854
69, 0.00164696
70, 0.0124927
71, 0.0131911
72, 0.00268661
73, 0.00144163
74, 0.00953754
75, 0.00943212
76, 0.00209441
77, 0.00184175
78, 0.00656358
79, 0.00553278
80, 0.0020142
81, 0.00344646
82, 0.00554143
83, 0.00342971
84, 0.00081242
85, 0.00298584
86, 0.00676629
87, 0.00560956
88, 0.0011512
89, 0.00090481
90, 0.00572736
91, 0.00825854
92, 0.00505972
93, 0.00196805
94, 0.00413447
95, 0.00798692
96, 0.00753666
97, 0.00395573
98, 0.00311488
99, 0.00623442
100, 0.00837898
101, 0.00637648
102, 0.00320131
103, 0.00298209
104, 0.00543137
105, 0.00704482
106, 0.00582472
107, 0.0031836
108, 0.00190171
109, 0.00332053
110, 0.00603949
111, 0.00681657
112, 0.00397974
113, 0.000703814
114, 0.0020183
115, 0.00737976
116, 0.0097606
117, 0.00526049
118, 0.000195326
119, 0.00306687
120, 0.0111239
121, 0.012977
122, 0.00294644
123, 0.00198334
124, 0.013122
125, 0.0141221
126, 0.00290966
127, 0.00263165
128, 0.01429
129, 0.014215
130, 0.00248242
131, 0.00283506
132, 0.0142057
133, 0.0132256
134, 0.00185655
135, 0.00280351
136, 0.0132572
137, 0.0115259
138, 0.00139771
139, 0.00333217
140, 0.0122608
141, 0.00932134
142, 0.00125292
143, 0.00485468
144, 0.0115766
145, 0.0069202
146, 0.00131444
147, 0.00683832
148, 0.0111453
149, 0.00468035
150, 0.00132399
151, 0.00818711
152, 0.0103364
153, 0.00296076
154, 0.00118015
155, 0.00812507
156, 0.00905438
157, 0.00199622
158, 0.000960914
159, 0.00720557
160, 0.00768845
161, 0.0016123
162, 0.000883212
163, 0.00602074
164, 0.00647848
165, 0.00165117
166, 0.000750166
167, 0.00476288
168, 0.00579313
169, 0.00211832
170, 0.00048652
171, 0.00367715
172, 0.00587305
173, 0.00302905
174, 0.00021646
175, 0.00287759
176, 0.00654697
177, 0.00430375
178, 0.000177109
179, 0.0023655
180, 0.00726424
181, 0.00567996
182, 0.000727497
183, 0.00207391
184, 0.00719464
185, 0.00666518
186, 0.00211014
187, 0.00197164
188, 0.00574659
189, 0.00681292
190, 0.00419105
191, 0.00215254
192, 0.00328184
193, 0.00610765
194, 0.00636846
195, 0.00272498
196, 0.000951581
197, 0.00491611
198, 0.00776059
199, 0.00369383
200, 0


0, 0
1, 0.00476568
2, 0.0101643
3, 0.00632972
4, 0.000440235
5, 0.00276455
6, 0.00846319
7, 0.0073108
8, 0.00148974
9, 0.000903503
10, 0.00609254
11, 0.00760399
12, 0.00263411
13, 0.000196359
14, 0.00447479
15, 0.00702094
16, 0.00339098
17, 0.00117835
18, 0.00402487
19, 0.00559037
20, 0.00378016
21, 0.00316446
22, 0.00392623
23, 0.00365535
24, 0.0039514
25, 0.00473514
26, 0.00316259
27, 0.00174249
28, 0.00384834
29, 0.00489804
30, 0.00175842
31, 0.000590441
32, 0.00360036
33, 0.00394137
34, 0.000719437
35, 0.000640601
36, 0.00329889
37, 0.00289806
38, 0.000993217
39, 0.00192428
40, 0.00326768
41, 0.00260494
42, 0.00284353
43, 0.00424894
44, 0.00361989
45, 0.00284631
46, 0.00542908
47, 0.00721083
48, 0.0042135
49, 0.00295098
50, 0.00795454
51, 0.0103637
52, 0.00482209
53, 0.00258316
54, 0.00988177
55, 0.0129905
56, 0.00500162
57, 0.00188512
58, 0.0108121
59, 0.0139956
60, 0.00443562
61, 0.00120668
62, 0.0105686
63, 0.012836
64, 0.00322173
65, 0.000974277
66, 0.00918126
67, 0.00992386
68, 0.00211097
69, 0.00151523
70, 0.00725499
71, 0.00652313
72, 0.00199353
73, 0.00299966
74, 0.00540965
75, 0.00358165
76, 0.00299828
77, 0.0054781
78, 0.00437082
79, 0.00152785
80, 0.00475029
81, 0.0110839
82, 0.010435
83, 0.00298691
84, 0.000538097
85, 0.00823719
86, 0.0155346
87, 0.0117228
88, 0.00239396
89, 0.00123027
90, 0.00955778
91, 0.0148103
92, 0.00956732
93, 0.00199706
94, 0.00254068
95, 0.00872101
96, 0.0104461
97, 0.00556504
98, 0.001826
99, 0.0041106
100, 0.00757273
101, 0.00635317
102, 0.00256681
103, 0.00203445
104, 0.00499846
105, 0.00641284
106, 0.00403645
107, 0.0014333
108, 0.00214858
109, 0.00468846
110, 0.00532658
111, 0.00335886
112, 0.00132551
113, 0.00156381
114, 0.00373968
115, 0.00541124
116, 0.00446961
117, 0.00167832
118, 0.000603296
119, 0.00372886
120, 0.00810745
121, 0.00785026
122, 0.00127786
123, 0.00194516
124, 0.0105386
125, 0.0110038
126, 0.0019935
127, 0.00217596
128, 0.0134862
129, 0.0145309
130, 0.00284854
131, 0.00246592
132, 0.0160565
133, 0.0172579
134, 0.00340276
135, 0.00260851
136, 0.0171827
137, 0.0178828
138, 0.0032807
139, 0.00267346
140, 0.0161276
141, 0.0155503
142, 0.00245812
143, 0.00276049
144, 0.0132574
145, 0.0111231
146, 0.00127933
147, 0.00301248
148, 0.00984641
149, 0.006362
150, 0.000341161
151, 0.00338491
152, 0.00700069
153, 0.00300384
154, 9.80945e-05
155, 0.00373147
156, 0.00540552
157, 0.0016087
158, 0.00032192
159, 0.00387158
160, 0.00495616
161, 0.00166153
162, 0.000427828
163, 0.00357784
164, 0.00543012
165, 0.00265745
166, 0.000298841
167, 0.00308996
168, 0.00662329
169, 0.00436762
170, 0.000265418
171, 0.00266208
172, 0.0081069
173, 0.00640787
174, 0.000567585
175, 0.0024289
176, 0.00952317
177, 0.00844662
178, 0.00116632
179, 0.00241666
180, 0.010515
181, 0.00978869
182, 0.0016898
183, 0.00231314
184, 0.01029
185, 0.00970313
186, 0.00192187
187, 0.00178794
188, 0.00819208
189, 0.00797834
190, 0.00190219
191, 0.000902604
192, 0.00471528
193, 0.00511134
194, 0.00176043
195, 0.000224149
196, 0.00137934
197, 0.00225595
198, 0.00164222
199, 0.000517643
200, 0


0, 0
1, 0.00587006
2, 0.0115432
3, 0.00571159
4, 9.0754e-05
5, 0.00451712
6, 0.00860359
7, 0.00437888
8, 0.000371485
9, 0.00255172
10, 0.00471806
11, 0.00281613
12, 0.000896647
13, 0.00142594
14, 0.00206118
15, 0.00174938
16, 0.00184186
17, 0.00207228
18, 0.00135122
19, 0.00132789
20, 0.00345256
21, 0.00431128
22, 0.00179669
23, 0.00144683
24, 0.00583103
25, 0.00691386
26, 0.00205363
27, 0.00191981
28, 0.00846875
29, 0.00849425
30, 0.00145767
31, 0.00262251
32, 0.0104755
33, 0.00849081
34, 0.000576194
35, 0.00357061
36, 0.0112877
37, 0.00767464
38, 0.000677608
39, 0.00463005
40, 0.0105984
41, 0.00676653
42, 0.00222861
43, 0.00568278
44, 0.00878115
45, 0.00604689
46, 0.00456915
47, 0.00667439
48, 0.00667508
49, 0.00519106
50, 0.00641889
51, 0.00725579
52, 0.00464847
53, 0.00371004
54, 0.00682122
55, 0.00722336
56, 0.00289667
57, 0.00184198
58, 0.00590254
59, 0.00637961
60, 0.00160584
61, 0.000611149
62, 0.00459159
63, 0.00485787
64, 0.00107003
65, 0.00103559
66, 0.00375246
67, 0.00304574
68, 0.00157751
69, 0.00328862
70, 0.00360033
71, 0.00144112
72, 0.00325566
73, 0.00680962
74, 0.00396414
75, 0.000544337
76, 0.00583611
77, 0.010583
78, 0.00465583
79, 0.000264571
80, 0.00804208
81, 0.0175474
82, 0.0148302
83, 0.00367581
84, 0.000715424
85, 0.0108565
86, 0.0197162
87, 0.0146178
88, 0.00295959
89, 0.00111204
90, 0.0109787
91, 0.0178318
92, 0.0118925
93, 0.00190826
94, 0.0014411
95, 0.00945444
96, 0.0131654
97, 0.00731664
98, 0.00078595
99, 0.00219584
100, 0.00756732
101, 0.00786566
102, 0.00304695
103, 0.000727448
104, 0.00361938
105, 0.00614284
106, 0.00409514
107, 0.00105013
108, 0.00186418
109, 0.00489361
110, 0.005139
111, 0.00232971
112, 0.000849987
113, 0.00288332
114, 0.00540561
115, 0.00494665
116, 0.0023876
117, 0.00126939
118, 0.00309115
119, 0.00594324
120, 0.00688303
121, 0.00486059
122, 0.00135461
123, 0.00352237
124, 0.00885409
125, 0.00783614
126, 0.00177117
127, 0.00298646
128, 0.0114341
129, 0.0116252
130, 0.00246619
131, 0.00250099
132, 0.0138664
133, 0.0150163
134, 0.00313929
135, 0.00219703
136, 0.0152669
137, 0.0165499
138, 0.00338347
139, 0.0022108
140, 0.0148359
141, 0.01532
142, 0.00307768
143, 0.00234371
144, 0.0125465
145, 0.0119913
146, 0.00236452
147, 0.00223755
148, 0.00917146
149, 0.0080407
150, 0.00152535
151, 0.00169147
152, 0.00598572
153, 0.00501116
154, 0.000877287
155, 0.00108993
156, 0.00412164
157, 0.00356484
158, 0.000504205
159, 0.000940938
160, 0.00414296
161, 0.00375296
162, 0.000399342
163, 0.00141143
164, 0.00595825
165, 0.00526484
166, 0.000511738
167, 0.00214203
168, 0.00849125
169, 0.00742061
170, 0.000895959
171, 0.00254122
172, 0.0104002
173, 0.00950505
174, 0.00151856
175, 0.0024165
176, 0.0110566
177, 0.0106368
178, 0.0019547
179, 0.00194448
180, 0.0101328
181, 0.0100773
182, 0.00198412
183, 0.00123579
184, 0.00795584
185, 0.00830317
186, 0.00185229
187, 0.000628144
188, 0.00529793
189, 0.00607894
190, 0.00200348
191, 0.000432471
192, 0.00270394
193, 0.00402105
194, 0.00258088
195, 0.000706531
196, 0.000733086
197, 0.00246969
198, 0.00315699
199, 0.00139656
200, 0


0, 0
1, 0.00264128
2, 0.00506733
3, 0.00265824
4, 0.000947662
5, 0.0029498
6, 0.0040516
7, 0.00312765
8, 0.00299886
9, 0.0030102
10, 0.00255834
11, 0.00367607
12, 0.00465803
13, 0.00256229
14, 0.00118613
15, 0.00389931
16, 0.00535766
17, 0.00210657
18, 0.000351323
19, 0.00374668
20, 0.00584251
21, 0.00248713
22, 3.08318e-05
23, 0.00368559
24, 0.00736144
25, 0.00414868
26, 3.7078e-05
27, 0.0044356
28, 0.0107887
29, 0.00679081
30, 0.000113601
31, 0.00612147
32, 0.0152932
33, 0.00942466
34, 0.000189111
35, 0.00780916
36, 0.0183119
37, 0.0105527
38, 0.000323248
39, 0.00853233
40, 0.0181837
41, 0.00975358
42, 0.000661433
43, 0.00789263
44, 0.014804
45, 0.0075665
46, 0.00119794
47, 0.00607906
48, 0.00951353
49, 0.0046984
50, 0.00161384
51, 0.00388011
52, 0.00438823
53, 0.00207391
54, 0.00152586
55, 0.002017
56, 0.00107942
57, 0.000477507
58, 0.00107622
59, 0.000810942
60, 3.10864e-05
61, 0.000501615
62, 0.000888262
63, 0.000204444
64, 0.000790173
65, 0.00243399
66, 0.0015872
67, 1.31889e-05
68, 0.00264087
69, 0.00587794
70, 0.00316247
71, 2.97717e-05
72, 0.00475503
73, 0.00965336
74, 0.00484916
75, 7.82527e-05
76, 0.00657038
77, 0.0126312
78, 0.00595951
79, 9.16649e-05
80, 0.00790915
81, 0.0187077
82, 0.0167699
83, 0.00481926
84, 0.000383094
85, 0.00991368
86, 0.0192313
87, 0.0146731
88, 0.00303027
89, 0.00102954
90, 0.0108285
91, 0.0175037
92, 0.0113684
93, 0.0015354
94, 0.00188586
95, 0.0107566
96, 0.0143962
97, 0.00758763
98, 0.000435321
99, 0.00270874
100, 0.00970309
101, 0.0103407
102, 0.00391223
103, 2.74171e-05
104, 0.00349561
105, 0.00784679
106, 0.00614924
107, 0.00142356
108, 0.000975774
109, 0.00486897
110, 0.0065386
111, 0.00354591
112, 0.00101504
113, 0.0032771
114, 0.00703116
115, 0.00664775
116, 0.00300479
117, 0.00208831
118, 0.00579812
119, 0.00922452
120, 0.00792817
121, 0.0040581
122, 0.00255586
123, 0.00644882
124, 0.00873402
125, 0.0053577
126, 0.00235553
127, 0.00528902
128, 0.00919726
129, 0.00673446
130, 0.00176889
131, 0.00347048
132, 0.00911755
133, 0.0078427
134, 0.00132833
135, 0.00193576
136, 0.00882541
137, 0.00857956
138, 0.00152841
139, 0.00152695
140, 0.00861489
141, 0.00906604
142, 0.00251251
143, 0.00203675
144, 0.00839528
145, 0.00946916
146, 0.0038596
147, 0.00243092
148, 0.00759257
149, 0.00967188
150, 0.00490642
151, 0.00190632
152, 0.00609551
153, 0.00961922
154, 0.00532274
155, 0.000775991
156, 0.00461581
157, 0.00927587
158, 0.00510004
159, 4.24132e-05
160, 0.00426613
161, 0.00909244
162, 0.00450781
163, 0.000257985
164, 0.00556878
165, 0.00931298
166, 0.003643
167, 0.00103901
168, 0.00767499
169, 0.00972788
170, 0.00275912
171, 0.00157008
172, 0.00902055
173, 0.00970813
174, 0.00206032
175, 0.00143428
176, 0.0084543
177, 0.00863883
178, 0.00175805
179, 0.000835484
180, 0.0061987
181, 0.00685655
182, 0.00203769
183, 0.000516418
184, 0.00365966
185, 0.0051204
186, 0.00295652
187, 0.000927556
188, 0.0016829
189, 0.00398274
190, 0.00442032
191, 0.00187286
192, 0.000556518
193, 0.00366913
194, 0.00612837
195, 0.00297962
196, 0.000109152
197, 0.00378735
198, 0.00735346
199, 0.00369469
200, 0


0, 0
1, 6.8974e-05
2, 0.000141266
3, 0.000543242
4, 0.00113993
5, 0.000648204
6, 0.000324331
7, 0.00246356
8, 0.00383702
9, 0.00138087
10, 0.000834629
11, 0.00541964
12, 0.0065244
13, 0.00150621
14, 0.00169943
15, 0.00839006
16, 0.00798721
17, 0.00101054
18, 0.00268931
19, 0.0104984
20, 0.00839324
21, 0.000618866
22, 0.00335349
23, 0.0114582
24, 0.00905903
25, 0.00121062
26, 0.00325231
27, 0.0114071
28, 0.0108993
29, 0.00307296
30, 0.00240887
31, 0.0107415
32, 0.0136025
33, 0.00549247
34, 0.00127798
35, 0.0100275
36, 0.01615
37, 0.00746153
38, 0.00040715
39, 0.00921574
40, 0.0167292
41, 0.00788621
42, 2.24951e-05
43, 0.00769479
44, 0.0139994
45, 0.00626419
46, 8.7563e-05
47, 0.0054437
48, 0.00884733
49, 0.00351228
50, 0.000399873
51, 0.00310222
52, 0.00356645
53, 0.00105571
54, 0.000789604
55, 0.00147618
56, 0.000479688
57, 0.000237809
58, 0.00124433
59, 0.000935295
60, 0.000383605
61, 0.00137031
62, 0.00179667
63, 0.00115808
64, 0.00219691
65, 0.00375862
66, 0.00255038
67, 0.00139429
68, 0.00413592
69, 0.00644375
70, 0.00357633
71, 0.00120997
72, 0.00522317
73, 0.00883851
74, 0.00477903
75, 0.000770106
76, 0.00555937
77, 0.0106609
78, 0.0058464
79, 0.000365075
80, 0.00571653
81, 0.0149848
82, 0.0146622
83, 0.00494005
84, 0.000111195
85, 0.00750673
86, 0.0160661
87, 0.0128486
88, 0.00277391
89, 0.00103519
90, 0.00994563
91, 0.0157015
92, 0.00962011
93, 0.00109603
94, 0.00291138
95, 0.0118767
96, 0.014279
97, 0.00663846
98, 0.000397752
99, 0.00450633
100, 0.0124382
101, 0.0123297
102, 0.00437813
103, 0.000111778
104, 0.00528803
105, 0.0118692
106, 0.0100924
107, 0.00266947
108, 0.000475293
109, 0.00633902
110, 0.0111529
111, 0.00790136
112, 0.00202795
113, 0.00275536
114, 0.0087736
115, 0.0106524
116, 0.00591941
117, 0.00256808
118, 0.00596123
119, 0.0105898
120, 0.0091543
121, 0.0039401
122, 0.0024196
123, 0.0069786
124, 0.00777882
125, 0.00314247
126, 0.0018465
127, 0.00533509
128, 0.00611357
129, 0.00252028
130, 0.000874183
131, 0.0032474
132, 0.0046197
133, 0.0023398
134, 0.000209995
135, 0.00155946
136, 0.00373873
137, 0.00282185
138, 0.000350549
139, 0.000718317
140, 0.00356211
141, 0.00419527
142, 0.00157965
143, 0.000566865
144, 0.00392576
145, 0.00671977
146, 0.00400562
147, 0.000743532
148, 0.00444785
149, 0.0101626
150, 0.00735749
151, 0.000977537
152, 0.00477096
153, 0.0136529
154, 0.0106629
155, 0.00110758
156, 0.00467784
157, 0.0156384
158, 0.0124121
159, 0.00109765
160, 0.00428998
161, 0.0152831
162, 0.0116567
163, 0.000900189
164, 0.00394559
165, 0.0126986
166, 0.00868577
167, 0.000544719
168, 0.00369122
169, 0.00926533
170, 0.00512916
171, 0.000134451
172, 0.00335103
173, 0.00632431
174, 0.00271489
175, 2.78963e-05
176, 0.00264958
177, 0.00452978
178, 0.0024355
179, 0.000520947
180, 0.00167678
181, 0.00388406
182, 0.00390357
183, 0.00154217
184, 0.000768195
185, 0.00384739
186, 0.00588379
187, 0.00274861
188, 0.000211899
189, 0.00399895
190, 0.00757655
191, 0.00384228
192, 3.33608e-05
193, 0.00426955
194, 0.00862187
195, 0.00436588
196, 2.50955e-06
197, 0.00443159
198, 0.00887876
199, 0.00443911
200, 0


0, 0
1, 0.000992881
2, 0.00180393
3, 0.000940168
4, 0.000587184
5, 0.0011754
6, 0.0014148
7, 0.00193855
8, 0.00223102
9, 0.00104518
10, 0.00150789
11, 0.00480831
12, 0.00457832
13, 0.00069143
14, 0.00293463
15, 0.00940722
16, 0.00700475
17, 0.000381708
18, 0.00551149
19, 0.0143517
20, 0.00884195
21, 0.000283702
22, 0.00789014
23, 0.0175449
24, 0.00973912
25, 0.000387267
26, 0.00854197
27, 0.0176144
28, 0.0097388
29, 0.000652144
30, 0.0069111
31, 0.0148099
32, 0.00928143
33, 0.0010944
34, 0.00393929
35, 0.0105612
36, 0.00853793
37, 0.00160453
38, 0.00123732
39, 0.00665541
40, 0.007387
41, 0.00210243
42, 0.00044087
43, 0.00459105
44, 0.00582068
45, 0.00244796
46, 0.0020299
47, 0.00448609
48, 0.00375509
49, 0.00253722
50, 0.00498848
51, 0.00536472
52, 0.00171942
53, 0.002504
54, 0.0074357
55, 0.00605114
56, 0.00052006
57, 0.00247232
58, 0.00815055
59, 0.00594768
60, 0.000614885
61, 0.00274816
62, 0.00718847
63, 0.00512822
64, 0.00177622
65, 0.00360104
66, 0.00561488
67, 0.00393933
68, 0.00324216
69, 0.00490697
70, 0.00444809
71, 0.00270915
72, 0.00420868
73, 0.00622019
74, 0.00394149
75, 0.00163164
76, 0.00447509
77, 0.00722302
78, 0.00396308
79, 0.000776833
80, 0.00438213
81, 0.0102574
82, 0.00974006
83, 0.00317421
84, 0.00017386
85, 0.00565469
86, 0.0118087
87, 0.00932029
88, 0.00185761
89, 0.00101799
90, 0.00854249
91, 0.0132129
92, 0.00789466
93, 0.0007842
94, 0.00314053
95, 0.0119016
96, 0.01398
97, 0.00618872
98, 0.00032347
99, 0.00569181
100, 0.0149491
101, 0.0144924
102, 0.00481095
103, 0.000219417
104, 0.00803033
105, 0.0174288
106, 0.0148593
107, 0.00396956
108, 0.000564459
109, 0.00955556
110, 0.0177683
111, 0.0134746
112, 0.00326381
113, 0.00169913
114, 0.00972406
115, 0.0143663
116, 0.00893223
117, 0.0019678
118, 0.00289808
119, 0.0081899
120, 0.00858244
121, 0.0035908
122, 0.000621816
123, 0.00431671
124, 0.0057249
125, 0.00189121
126, 0.000389785
127, 0.00309959
128, 0.00374998
129, 0.00108259
130, 0.00017008
131, 0.00207065
132, 0.00275975
133, 0.00103788
134, 1.37033e-05
135, 0.00124893
136, 0.00251428
137, 0.0016933
138, 0.0001627
139, 0.000629867
140, 0.00273558
141, 0.00324916
142, 0.00117824
143, 0.00022193
144, 0.00318485
145, 0.00600913
146, 0.00357338
147, 0.000163548
148, 0.00360349
149, 0.00965042
150, 0.00728186
151, 0.000531493
152, 0.0037832
153, 0.0132655
154, 0.0112711
155, 0.00122155
156, 0.00360426
157, 0.0153021
158, 0.0138529
159, 0.00198284
160, 0.00311422
161, 0.0146593
162, 0.0136334
163, 0.00247926
164, 0.00243701
165, 0.0112204
166, 0.0106723
167, 0.00264053
168, 0.00167796
169, 0.00662722
170, 0.00685701
171, 0.00263358
172, 0.000983374
173, 0.0029323
174, 0.0043434
175, 0.00276844
176, 0.000476431
177, 0.00143643
178, 0.00418416
179, 0.00323597
180, 0.000190081
181, 0.00189823
182, 0.00579546
183, 0.0038731
184, 5.08575e-05
185, 0.00318134
186, 0.00775301
187, 0.00438618
188, 6.20166e-06
189, 0.00420395
190, 0.00891991
191, 0.00457735
192, 1.375e-06
193, 0.00455362
194, 0.00915223
195, 0.0045994
196, 1.97763e-07
197, 0.00455516
198, 0.00917445
199, 0.00460264
200, 0


0, 0
1, 0.00349685
2, 0.00620474
3, 0.00224661
4, 0.000568946
5, 0.00474765
6, 0.00562701
7, 0.00197679
8, 0.00203917
9, 0.00520471
10, 0.0051005
11, 0.00347329
12, 0.00390602
13, 0.00457395
14, 0.00529276
15, 0.006843
16, 0.00570011
17, 0.00317441
18, 0.00634777
19, 0.0110842
20, 0.00702367
21, 0.00158059
22, 0.00761104
23, 0.0143898
24, 0.00749292
25, 0.000478512
26, 0.00823465
27, 0.0151585
28, 0.00688793
29, 4.37198e-05
30, 0.00741804
31, 0.0128123
32, 0.00549514
33, 0.000153331
34, 0.00518197
35, 0.00824951
36, 0.00355013
37, 0.000646929
38, 0.00301728
39, 0.00383272
40, 0.00170536
41, 0.00142056
42, 0.00264159
43, 0.00179195
44, 0.000524985
45, 0.00241385
46, 0.00479335
47, 0.00288787
48, 9.4376e-05
49, 0.00337428
50, 0.00864226
51, 0.00608179
52, 0.000240904
53, 0.00399992
54, 0.0122482
55, 0.00934998
56, 0.000654769
57, 0.00397521
58, 0.0137668
59, 0.010927
60, 0.00103739
61, 0.00343381
62, 0.0126252
63, 0.0101262
64, 0.00126198
65, 0.00288119
66, 0.0097989
67, 0.00763869
68, 0.001478
69, 0.00278836
70, 0.00669066
71, 0.00479682
72, 0.00189156
73, 0.00325789
74, 0.00428038
75, 0.00258914
76, 0.00252139
77, 0.00399174
78, 0.00291666
79, 0.00134524
80, 0.00320069
81, 0.00625148
82, 0.00539709
83, 0.00151271
84, 0.000602323
85, 0.00471092
86, 0.00823083
87, 0.00585935
88, 0.000871211
89, 0.00108675
90, 0.00719083
91, 0.0108457
92, 0.00651823
93, 0.000459557
94, 0.00262044
95, 0.011264
96, 0.0141412
97, 0.00659324
98, 4.18519e-05
99, 0.00579595
100, 0.0169084
101, 0.0171247
102, 0.00576387
103, 0.00018644
104, 0.00994395
105, 0.0214899
106, 0.0179262
107, 0.00446624
108, 0.000770262
109, 0.0117202
110, 0.0207973
111, 0.0149872
112, 0.00297231
113, 0.000900156
114, 0.00922781
115, 0.0142765
116, 0.00901086
117, 0.00138017
118, 0.000763659
119, 0.00529557
120, 0.00698392
121, 0.0037022
122, 0.000100246
123, 0.0020851
124, 0.00448151
125, 0.00251124
126, 0.000109017
127, 0.00134775
128, 0.00330457
129, 0.00214785
130, 9.69427e-05
131, 0.00108753
132, 0.00328174
133, 0.00243728
134, 0.000181618
135, 0.00125878
136, 0.0041053
137, 0.00338092
138, 0.000584973
139, 0.00165816
140, 0.00524231
141, 0.00490179
142, 0.00152903
143, 0.00185493
144, 0.0059228
145, 0.00678758
146, 0.00305591
147, 0.0016024
148, 0.00553201
149, 0.00835483
150, 0.00491468
151, 0.00103024
152, 0.00405693
153, 0.00902629
154, 0.00658386
155, 0.000714932
156, 0.00228485
157, 0.00847928
158, 0.00768423
159, 0.00145205
160, 0.00134505
161, 0.00703301
162, 0.00811684
163, 0.00362683
164, 0.00182047
165, 0.00507386
166, 0.00799666
167, 0.00666665
168, 0.00317124
169, 0.00307763
170, 0.00749171
171, 0.00912347
172, 0.00411638
173, 0.00137527
174, 0.00674353
175, 0.00985777
176, 0.00389561
177, 0.000432563
178, 0.00622679
179, 0.0088455
180, 0.0026624
181, 0.000452582
182, 0.00612084
183, 0.00706354
184, 0.00133884
185, 0.00123728
186, 0.00668448
187, 0.0057625
188, 0.000465978
189, 0.00249278
190, 0.00781076
191, 0.0050756
192, 8.49746e-05
193, 0.00371036
194, 0.00877221
195, 0.00484107
196, 7.52084e-06
197, 0.00445726
198, 0.00940869
199, 0.00479646
200, 0


0, 0
1, 0.00670746
2, 0.0120696
3, 0.00442867
4, 0.000770262
5, 0.00914337
6, 0.011376
7, 0.0031036
8, 0.00257663
9, 0.0105935
10, 0.0100247
11, 0.00289313
12, 0.00423445
13, 0.0100512
14, 0.00818466
15, 0.00350835
16, 0.00477364
17, 0.00732459
18, 0.00607415
19, 0.00446085
20, 0.00414624
21, 0.00362227
22, 0.00434077
23, 0.00535822
24, 0.00303849
25, 0.000746728
26, 0.00338299
27, 0.0055802
28, 0.0022573
29, 0.000150559
30, 0.00332464
31, 0.00465307
32, 0.00206298
33, 0.00211916
34, 0.00412288
35, 0.00302335
36, 0.00249056
37, 0.00541875
38, 0.00528007
39, 0.00141991
40, 0.00277048
41, 0.00808829
42, 0.006566
43, 0.000678241
44, 0.00232199
45, 0.00885784
46, 0.00798895
47, 0.00143744
48, 0.00135563
49, 0.00791092
50, 0.009688
51, 0.00379505
52, 0.000560915
53, 0.00611686
54, 0.0114092
55, 0.00703364
56, 0.000491591
57, 0.00441977
58, 0.0127104
59, 0.00992283
60, 0.000958473
61, 0.00339511
62, 0.0131045
63, 0.0111642
64, 0.00129967
65, 0.00286076
66, 0.0120741
67, 0.0101343
68, 0.00110849
69, 0.00249352
70, 0.00976398
71, 0.00748631
72, 0.000668501
73, 0.00222753
74, 0.00690514
75, 0.00460333
76, 0.000615816
77, 0.00218974
78, 0.00434267
79, 0.00247581
80, 0.00117674
81, 0.00304032
82, 0.00392427
83, 0.00207073
84, 0.00115192
85, 0.00364514
86, 0.00609988
87, 0.00442083
88, 0.000975804
89, 0.00177653
90, 0.00705589
91, 0.00979408
92, 0.00575082
93, 0.00072213
94, 0.00324343
95, 0.0114379
96, 0.0141169
97, 0.00692553
98, 0.000500129
99, 0.00566969
100, 0.016383
101, 0.0171251
102, 0.00636739
103, 0.000216273
104, 0.00831519
105, 0.0188137
106, 0.0160741
107, 0.00425144
108, 0.000477481
109, 0.00911652
110, 0.0164747
111, 0.0121286
112, 0.00304187
113, 0.0013702
114, 0.00729866
115, 0.0112352
116, 0.00825301
117, 0.0030543
118, 0.0017641
119, 0.00437478
120, 0.00661723
121, 0.00566565
122, 0.00154954
123, 0.00142054
124, 0.00511803
125, 0.00546874
126, 0.00147452
127, 0.000596803
128, 0.00470413
129, 0.00579995
130, 0.00153586
131, 0.000537691
132, 0.00526553
133, 0.00641313
134, 0.00177567
135, 0.00120814
136, 0.00641228
137, 0.00703827
138, 0.00205661
139, 0.00212671
140, 0.00739393
141, 0.00725315
142, 0.00218326
143, 0.00246991
144, 0.00726185
145, 0.00685668
146, 0.00206862
147, 0.0017984
148, 0.00560839
149, 0.00571878
150, 0.0019092
151, 0.000600505
152, 0.00299733
153, 0.00414145
154, 0.00204054
155, 7.73004e-05
156, 0.000820649
157, 0.00256307
158, 0.0027064
159, 0.00125151
160, 0.000244487
161, 0.00141523
162, 0.00390473
163, 0.00424147
164, 0.00148189
165, 0.000774965
166, 0.00535312
167, 0.00828922
168, 0.00381352
169, 0.000566024
170, 0.00671125
171, 0.0118981
172, 0.00594242
173, 0.000564713
174, 0.00739946
175, 0.0136955
176, 0.0069086
177, 0.000510783
178, 0.00730333
179, 0.0133485
180, 0.00625359
181, 0.000272352
182, 0.00674414
183, 0.0113389
184, 0.00441124
185, 0.000180682
186, 0.00623901
187, 0.00878492
188, 0.00245528
189, 0.000600121
190, 0.0063965
191, 0.00686653
192, 0.00106978
193, 0.00170982
194, 0.00739642
195, 0.00564396
196, 0.000258419
197, 0.0031979
198, 0.008312
199, 0.00452694
200, 0


0, 0
1, 0.0103099
2, 0.019242
3, 0.00792202
4, 0.000444985
5, 0.0119787
6, 0.0173414
7, 0.00541934
8, 0.00146979
9, 0.0123029
10, 0.0137984
11, 0.00315542
12, 0.00234394
13, 0.0107572
14, 0.00939447
15, 0.00146738
16, 0.00246309
17, 0.00761032
18, 0.00520711
19, 0.000539152
20, 0.0016753
21, 0.00369356
22, 0.00188959
23, 0.00012948
24, 0.000522713
25, 0.000691067
26, 0.00021664
27, 3.13023e-05
28, 4.20712e-05
29, 0.000453314
30, 0.000713649
31, 7.45233e-05
32, 0.000759185
33, 0.00332367
34, 0.00304579
35, 0.000166296
36, 0.00231008
37, 0.00792859
38, 0.00624973
39, 0.000314688
40, 0.00376467
41, 0.0121467
42, 0.00928348
43, 0.000589143
44, 0.00422423
45, 0.0141397
46, 0.0111236
47, 0.00105819
48, 0.00343977
49, 0.013201
50, 0.0113998
51, 0.00181158
52, 0.0020564
53, 0.0102495
54, 0.0106846
55, 0.00301045
56, 0.000831931
57, 0.00688144
58, 0.00990006
59, 0.00463788
60, 0.000242384
61, 0.00441782
62, 0.00976001
63, 0.00634107
64, 0.000280059
65, 0.00334214
66, 0.0102257
67, 0.00764879
68, 0.000566615
69, 0.00320342
70, 0.0105574
71, 0.00799928
72, 0.000684237
73, 0.00307417
74, 0.00981963
75, 0.00712557
76, 0.000481448
77, 0.00264766
78, 0.00811142
79, 0.00545269
80, 0.000306462
81, 0.00221342
82, 0.00687001
83, 0.00667147
84, 0.00276326
85, 0.00194039
86, 0.00499716
87, 0.00612857
88, 0.00362258
89, 0.00292038
90, 0.00668299
91, 0.00930647
92, 0.00620565
93, 0.00218699
94, 0.00457563
95, 0.011077
96, 0.0122964
97, 0.0059591
98, 0.00112403
99, 0.00503391
100, 0.0122418
101, 0.0122322
102, 0.00470115
103, 9.47322e-05
104, 0.004424
105, 0.0108319
106, 0.0100311
107, 0.00355592
108, 0.000470996
109, 0.00428406
110, 0.00895185
111, 0.00839759
112, 0.00424178
113, 0.00214323
114, 0.00443725
115, 0.00810322
116, 0.0088397
117, 0.00577555
118, 0.00265414
119, 0.00379458
120, 0.00837119
121, 0.0103189
122, 0.00373942
123, 0.00108313
124, 0.00805364
125, 0.0112745
126, 0.00401406
127, 0.000341896
128, 0.00779724
129, 0.0118408
130, 0.00443418
131, 0.000318988
132, 0.0075849
133, 0.011543
134, 0.00447793
135, 0.00066353
136, 0.00708348
137, 0.0100974
138, 0.00376023
139, 0.000845535
140, 0.00600865
141, 0.00765504
142, 0.00248305
143, 0.000620755
144, 0.00430876
145, 0.00506903
146, 0.00143375
147, 0.00018811
148, 0.00241703
149, 0.00317049
150, 0.0012985
151, 3.69765e-05
152, 0.000877489
153, 0.00222703
154, 0.00210413
155, 0.000610776
156, 9.34417e-05
157, 0.00179049
158, 0.00328806
159, 0.00204811
160, 0.000164091
161, 0.00137289
162, 0.00433352
163, 0.00412449
164, 0.000957441
165, 0.000779495
166, 0.00493737
167, 0.00652569
168, 0.00232413
169, 0.00023913
170, 0.00540582
171, 0.00906024
172, 0.004091
173, 6.86783e-05
174, 0.00602432
175, 0.0114602
176, 0.00579318
177, 0.000257207
178, 0.00669373
179, 0.0131736
180, 0.00696246
181, 0.000455274
182, 0.0071034
183, 0.0139298
184, 0.00709741
185, 0.000364552
186, 0.00725063
187, 0.0130927
188, 0.00563355
189, 0.000211405
190, 0.0069907
191, 0.0104831
192, 0.00320786
193, 0.000507874
194, 0.00669149
195, 0.00705446
196, 0.000911719
197, 0.00167838
198, 0.0064606
199, 0.00384968
200, 0


0, 0
1, 0.0118381
2, 0.0226602
3, 0.0101056
4, 7.60724e-05
5, 0.011753
6, 0.019159
7, 0.00705287
8, 0.000325689
9, 0.0101916
10, 0.0136767
11, 0.00382481
12, 0.000798374
13, 0.00770334
14, 0.00792535
15, 0.00163415
16, 0.0014441
17, 0.00474875
18, 0.00330668
19, 0.00114197
20, 0.00221414
21, 0.00221049
22, 0.00085496
23, 0.00199852
24, 0.00295327
25, 0.000856744
26, 0.000339809
27, 0.00303172
28, 0.00341407
29, 0.000988752
30, 0.0010554
31, 0.00326178
32, 0.00356843
33, 0.0027224
34, 0.00263682
35, 0.00259824
36, 0.00345711
37, 0.00568308
38, 0.00507559
39, 0.00174095
40, 0.00331759
41, 0.00905389
42, 0.00789041
43, 0.00122687
44, 0.00327501
45, 0.0119091
46, 0.0102808
47, 0.00115173
48, 0.00327613
49, 0.0132652
50, 0.011311
51, 0.00125346
52, 0.00307086
53, 0.012621
54, 0.0106141
55, 0.00125191
56, 0.0024399
57, 0.0103542
58, 0.00894299
59, 0.00129504
60, 0.00143989
61, 0.00751328
62, 0.00757163
63, 0.00182638
64, 0.00047783
65, 0.00519864
66, 0.00736809
67, 0.00318647
68, 1.71382e-05
69, 0.00389738
70, 0.00839617
71, 0.00520334
72, 0.000138362
73, 0.00357913
74, 0.0101097
75, 0.00722839
76, 0.000380962
77, 0.00382977
78, 0.011665
79, 0.00829848
80, 0.00038083
81, 0.00368388
82, 0.0133154
83, 0.0147903
84, 0.00618871
85, 0.000619205
86, 0.0054716
87, 0.0118631
88, 0.00992373
89, 0.00393673
90, 0.00342085
91, 0.00739695
92, 0.0079493
93, 0.00432122
94, 0.00318266
95, 0.00626612
96, 0.00767335
97, 0.00421624
98, 0.000872069
99, 0.00241833
100, 0.00608524
101, 0.00622466
102, 0.00256035
103, 4.44893e-05
104, 0.00152648
105, 0.00452124
106, 0.00518093
107, 0.00303699
108, 0.000901116
109, 0.00137778
110, 0.00413184
111, 0.00613682
112, 0.00487534
113, 0.00180961
114, 0.00163121
115, 0.00601969
116, 0.00987986
117, 0.00742919
118, 0.0017831
119, 0.00220895
120, 0.0103239
121, 0.0155837
122, 0.00594588
123, 0.000618636
124, 0.0113398
125, 0.017452
126, 0.00670272
127, 0.000299836
128, 0.0106452
129, 0.01682
130, 0.00672577
131, 0.000103353
132, 0.00841668
133, 0.0137986
134, 0.00584653
135, 1.48254e-05
136, 0.00545678
137, 0.00953668
138, 0.00446105
139, 8.5133e-05
140, 0.00277629
141, 0.00553824
142, 0.00330283
143, 0.000429688
144, 0.000970995
145, 0.0029646
146, 0.00301952
147, 0.00104487
148, 0.000155488
149, 0.00209787
150, 0.0036504
151, 0.00175466
152, 1.93524e-05
153, 0.00242691
154, 0.00473557
155, 0.00237405
156, 0.000165803
157, 0.00292541
158, 0.00549144
159, 0.00290852
160, 0.000323602
161, 0.00285258
162, 0.00571359
163, 0.0035439
164, 0.000527035
165, 0.00223994
166, 0.00548346
167, 0.00437091
168, 0.000904836
169, 0.00132759
170, 0.00510321
171, 0.00556597
172, 0.00166743
173, 0.000547127
174, 0.00507648
175, 0.00751863
176, 0.00299962
177, 0.000145037
178, 0.00570576
179, 0.00999876
180, 0.00451883
181, 9.78324e-05
182, 0.00668753
183, 0.012186
184, 0.00560353
185, 0.000353697
186, 0.00778584
187, 0.0129811
188, 0.00529724
189, 0.000850983
190, 0.00864733
191, 0.0116571
192, 0.003478
193, 0.00163035
194, 0.00925174
195, 0.00878886
196, 0.00109865
197, 0.00304709
198, 0.00955892
199, 0.00552308
200, 0


0, 0
1, 0.00874292
2, 0.0168498
3, 0.00782347
4, 0.000513858
5, 0.00870382
6, 0.0139781
7, 0.0060781
8, 0.00191657
9, 0.00771693
10, 0.00923778
11, 0.00440911
12, 0.00391747
13, 0.00616314
14, 0.00454354
15, 0.00371354
16, 0.00615348
17, 0.00486225
18, 0.00145111
19, 0.00426858
20, 0.00800607
21, 0.00387202
22, 0.000260741
23, 0.00563153
24, 0.0091408
25, 0.00320762
26, 0.000373526
27, 0.00696375
28, 0.00949491
29, 0.00293103
30, 0.00103022
31, 0.00739319
32, 0.0088438
33, 0.00299539
34, 0.00176928
35, 0.00652502
36, 0.00727629
37, 0.00350409
38, 0.00265559
39, 0.00461504
40, 0.0050474
41, 0.00446953
42, 0.00389382
43, 0.00263223
44, 0.00311998
45, 0.00597271
46, 0.00538694
47, 0.00123621
48, 0.00229481
49, 0.00790071
50, 0.00680397
51, 0.000659011
52, 0.00256924
53, 0.00975275
54, 0.00784432
55, 0.000679196
56, 0.00322129
57, 0.0107815
58, 0.00823528
59, 0.00078924
60, 0.00334053
61, 0.0105784
62, 0.00804734
63, 0.000782647
64, 0.00263388
65, 0.00928577
66, 0.00764299
67, 0.000983649
68, 0.00156917
69, 0.00763185
70, 0.00782338
71, 0.00199848
72, 0.000719926
73, 0.00644324
74, 0.00927297
75, 0.00405716
76, 0.000270374
77, 0.00597329
78, 0.0116385
79, 0.0063577
80, 0.000129721
81, 0.0061401
82, 0.0173125
83, 0.0181605
84, 0.00724175
85, 0.000107821
86, 0.00649275
87, 0.0161378
88, 0.0147164
89, 0.00483824
90, 0.000246322
91, 0.00486155
92, 0.00924862
93, 0.00667445
94, 0.00163567
95, 0.000620054
96, 0.00270519
97, 0.00316433
98, 0.00132921
99, 0.000175297
100, 0.00109315
101, 0.0022857
102, 0.00191389
103, 0.000516022
104, 0.000132477
105, 0.00170755
106, 0.0035906
107, 0.0033054
108, 0.00105376
109, 0.000222734
110, 0.00299463
111, 0.00638216
112, 0.00562477
113, 0.00143074
114, 0.000406955
115, 0.00573307
116, 0.0111291
117, 0.00879943
118, 0.00173195
119, 0.00105388
120, 0.00961169
121, 0.0161297
122, 0.00673097
123, 0.00017822
124, 0.0101203
125, 0.0170596
126, 0.00741127
127, 0.00034005
128, 0.00885497
129, 0.0152117
130, 0.00746911
131, 0.000907628
132, 0.00617017
133, 0.011291
134, 0.00714981
135, 0.00192457
136, 0.00327991
137, 0.00699215
138, 0.00680603
139, 0.00322887
140, 0.00133913
141, 0.00381234
142, 0.00662829
143, 0.00443978
144, 0.000540666
145, 0.00222621
146, 0.00663948
147, 0.00512371
148, 0.000417153
149, 0.00183518
150, 0.00654067
151, 0.00506842
152, 0.000452331
153, 0.00201784
154, 0.00641442
155, 0.00460601
156, 0.00042997
157, 0.00248907
158, 0.00635342
159, 0.00398629
160, 0.000355484
161, 0.00286322
162, 0.00619883
163, 0.0035345
164, 0.000319349
165, 0.00294143
166, 0.00606148
167, 0.00354792
168, 0.000406902
169, 0.00275399
170, 0.00598951
171, 0.00395803
172, 0.000616489
173, 0.00223378
174, 0.00578096
175, 0.00473034
176, 0.000954643
177, 0.00146771
178, 0.00564327
179, 0.00574128
180, 0.00129342
181, 0.000850899
182, 0.00585583
183, 0.00674599
184, 0.00149662
185, 0.000978024
186, 0.00717902
187, 0.00770114
188, 0.00134981
189, 0.00228506
190, 0.0100107
191, 0.00853697
192, 0.000843578
193, 0.00460009
194, 0.0136664
195, 0.00903241
196, 0.000257833
197, 0.00703565
198, 0.0163617
199, 0.0086706
200, 0


0, 0
1, 0.00320606
2, 0.00586745
3, 0.00279353
4, 0.00150385
5, 0.00449383
6, 0.00488191
7, 0.00341592
8, 0.0053657
9, 0.0062976
10, 0.00332231
11, 0.00452097
12, 0.0099865
13, 0.00817602
14, 0.00186265
15, 0.00545066
16, 0.0134601
17, 0.00927972
18, 0.000786471
19, 0.00606941
20, 0.015197
21, 0.0093421
22, 0.000195968
23, 0.00654656
24, 0.0154112
25, 0.0085294
26, 4.69318e-05
27, 0.00702873
28, 0.0145194
29, 0.00705554
30, 0.000180829
31, 0.00741034
32, 0.0129105
33, 0.00535119
34, 0.000464477
35, 0.00724002
36, 0.0105927
37, 0.00375492
38, 0.000777474
39, 0.00625168
40, 0.00776785
41, 0.00260721
42, 0.00107233
43, 0.0044073
44, 0.00486317
45, 0.00221923
46, 0.00152376
47, 0.00240838
48, 0.00271024
49, 0.00288148
50, 0.0023694
51, 0.000982147
52, 0.00187635
53, 0.00474359
54, 0.00389808
55, 0.000368205
56, 0.0022255
57, 0.00755138
58, 0.00599474
59, 0.000361876
60, 0.00320555
61, 0.0105735
62, 0.00791728
63, 0.000445514
64, 0.0042778
65, 0.0129089
66, 0.00899204
67, 0.000368045
68, 0.00486884
69, 0.0136882
70, 0.00911628
71, 0.000380742
72, 0.00447666
73, 0.0125485
74, 0.00875786
75, 0.000831327
76, 0.00320816
77, 0.0103082
78, 0.00889872
79, 0.0018872
80, 0.0015391
81, 0.00911435
82, 0.0151458
83, 0.0121635
84, 0.00367976
85, 9.33249e-05
86, 0.00551051
87, 0.0124016
88, 0.0117131
89, 0.00476973
90, 0.000483318
91, 0.00311656
92, 0.00775236
93, 0.0080808
94, 0.00422598
95, 0.000920456
96, 0.00113206
97, 0.00332396
98, 0.00410655
99, 0.00228366
100, 0.000221379
101, 0.000476502
102, 0.00216868
103, 0.00228662
104, 0.000690206
105, 0.000603464
106, 0.00298048
107, 0.00416894
108, 0.00202051
109, 0.000392174
110, 0.00334544
111, 0.00772179
112, 0.00709889
113, 0.0021963
114, 0.000816352
115, 0.00607176
116, 0.0110913
117, 0.00868289
118, 0.00211728
119, 0.000633769
120, 0.0061736
121, 0.0107863
122, 0.00502492
123, 6.55017e-05
124, 0.0048106
125, 0.00958575
126, 0.00580506
127, 0.00111537
128, 0.00349898
129, 0.00798705
130, 0.0074616
131, 0.00358322
132, 0.00259443
133, 0.00637396
134, 0.0096138
135, 0.00666925
136, 0.0020433
137, 0.00487039
138, 0.0112117
139, 0.00898653
140, 0.00172438
141, 0.00358097
142, 0.0113509
143, 0.00975336
144, 0.00154761
145, 0.00248594
146, 0.0103156
147, 0.00935932
148, 0.00142198
149, 0.00180165
150, 0.00892525
151, 0.008202
152, 0.00120873
153, 0.00151193
154, 0.00755033
155, 0.00679728
156, 0.00093788
157, 0.00155222
158, 0.00670472
159, 0.0056131
160, 0.000663751
161, 0.00202639
162, 0.00655764
163, 0.00466033
164, 0.000439614
165, 0.00281295
166, 0.00665939
167, 0.00386642
168, 0.000355245
169, 0.00350572
170, 0.00661159
171, 0.00317
172, 0.0003346
173, 0.00368435
174, 0.005968
175, 0.00251599
176, 0.000291629
177, 0.00335202
178, 0.00514157
179, 0.00205436
180, 0.000257975
181, 0.00318826
182, 0.00498315
183, 0.00205781
184, 0.000274049
185, 0.00386827
186, 0.00653068
187, 0.00291399
188, 0.000318327
189, 0.00557062
190, 0.00996394
191, 0.00466856
192, 0.000260934
193, 0.00758976
194, 0.0140428
195, 0.00676205
196, 9.59179e-05
197, 0.00872748
198, 0.0168566
199, 0.00841053
200, 0


0, 0
1, 0.000326674
2, 0.000225523
3, 0.000147189
4, 0.00178786
5, 0.00235573
6, 0.000309347
7, 0.00141621
8, 0.00635102
9, 0.0058625
10, 0.000522387
11, 0.00316511
12, 0.0116986
13, 0.00973187
14, 0.000830201
15, 0.00453953
16, 0.0159701
17, 0.0128933
18, 0.00113819
19, 0.00514954
20, 0.0182004
21, 0.0143967
22, 0.001223
23, 0.005267
24, 0.01821
25, 0.013705
26, 0.000942232
27, 0.00527297
28, 0.0166106
29, 0.0113194
30, 0.000446653
31, 0.00540138
32, 0.0141857
33, 0.00814934
34, 6.1943e-05
35, 0.00565985
36, 0.0115907
37, 0.0052214
38, 3.33351e-05
39, 0.00577671
40, 0.00916583
41, 0.00309045
42, 0.000268971
43, 0.0055254
44, 0.00710398
45, 0.00189768
46, 0.000517047
47, 0.00473805
48, 0.00531776
49, 0.00149886
50, 0.000866999
51, 0.00354035
52, 0.00383832
53, 0.00208885
54, 0.00175426
55, 0.00231347
56, 0.0029975
57, 0.004064
58, 0.00334468
59, 0.0012757
60, 0.00325081
61, 0.00753868
62, 0.00543227
63, 0.000543305
64, 0.0046073
65, 0.0115762
66, 0.00721047
67, 0.000138523
68, 0.00629446
69, 0.0144795
70, 0.00795324
71, 1.23165e-05
72, 0.00722562
73, 0.0150165
74, 0.00767595
75, 2.17406e-05
76, 0.00632603
77, 0.0126909
78, 0.00664997
79, 0.000105532
80, 0.00384345
81, 0.0109015
82, 0.0117877
83, 0.00627362
84, 0.00100036
85, 0.000684495
86, 0.00408554
87, 0.00695121
88, 0.00657005
89, 0.00363656
90, 0.00112436
91, 0.00156512
92, 0.00477876
93, 0.00756303
94, 0.00664885
95, 0.00281979
96, 0.00101759
97, 0.00420038
98, 0.00838219
99, 0.00732719
100, 0.00211676
101, 0.000286934
102, 0.00446691
103, 0.00797979
104, 0.00532666
105, 0.000983397
106, 0.00184627
107, 0.00584692
108, 0.00610522
109, 0.00276616
110, 0.00218868
111, 0.00553615
112, 0.00682124
113, 0.00347804
114, 0.000820141
115, 0.00307178
116, 0.00656349
117, 0.00589148
118, 0.00199389
119, 1.60272e-06
120, 0.00181258
121, 0.00453101
122, 0.00350248
123, 0.000868
124, 0.000850239
125, 0.00348901
126, 0.00505285
127, 0.00300203
128, 0.000557967
129, 0.00298786
130, 0.00747333
131, 0.00598982
132, 0.000905026
133, 0.00294003
134, 0.0100772
135, 0.00909942
136, 0.00159483
137, 0.00298855
138, 0.0121196
139, 0.011646
140, 0.00228836
141, 0.00296378
142, 0.0131276
143, 0.0127895
144, 0.00258904
145, 0.00271559
146, 0.0125793
147, 0.0123748
148, 0.00252017
149, 0.00219955
150, 0.0111885
151, 0.0111205
152, 0.00210651
153, 0.00176504
154, 0.00983631
155, 0.00953466
156, 0.00152371
157, 0.00166807
158, 0.00873564
159, 0.0078641
160, 0.000985579
161, 0.00191976
162, 0.00789939
163, 0.00613773
164, 0.00050532
165, 0.00246742
166, 0.00701359
167, 0.00422962
168, 0.000185572
169, 0.00317761
170, 0.00608229
171, 0.00240884
172, 0.000281593
173, 0.00413314
174, 0.00511618
175, 0.00102307
176, 0.00106861
177, 0.00531767
178, 0.00450809
179, 0.000489219
180, 0.00238144
181, 0.00674128
182, 0.00474518
183, 0.000780104
184, 0.00342946
185, 0.00800917
186, 0.00594114
187, 0.0014776
188, 0.00340062
189, 0.00856016
190, 0.00770707
191, 0.00231522
192, 0.0022035
193, 0.0080282
194, 0.00935254
195, 0.00332524
196, 0.000686783
197, 0.00654122
198, 0.0103329
199, 0.00480625
200, 0


0, 0
1, 0.00222987
2, 0.00424168
3, 0.00219789
4, 0.00105156
5, 0.00304589
6, 0.0034308
7, 0.00227511
8, 0.00383457
9, 0.00506813
10, 0.00242149
11, 0.00239109
12, 0.00772524
13, 0.00817811
14, 0.00182061
15, 0.0026132
16, 0.0117226
17, 0.0115291
18, 0.00172904
19, 0.00297488
20, 0.0146493
21, 0.0137668
22, 0.00187103
23, 0.00346351
24, 0.0158401
25, 0.0140276
26, 0.00183179
27, 0.00397924
28, 0.01546
29, 0.0125051
30, 0.00144328
31, 0.00447862
32, 0.0140482
33, 0.00997866
34, 0.000869612
35, 0.0048112
36, 0.0122866
37, 0.00741252
38, 0.000369979
39, 0.00517101
40, 0.0108873
41, 0.00532192
42, 0.000116671
43, 0.00578178
44, 0.00993401
45, 0.00371947
46, 0.000243715
47, 0.00665789
48, 0.00921165
49, 0.00256506
50, 0.000758038
51, 0.00724273
52, 0.00816792
53, 0.00194129
54, 0.00154432
55, 0.00691531
56, 0.00666727
57, 0.00220209
58, 0.00244429
59, 0.0054425
60, 0.00521685
61, 0.00357159
62, 0.00316357
63, 0.00320041
64, 0.00438823
65, 0.00577641
66, 0.00365438
67, 0.00114744
68, 0.00440553
69, 0.00807609
70, 0.00419829
71, 7.78063e-05
72, 0.00466733
73, 0.00932702
74, 0.00484591
75, 0.000238937
76, 0.00446299
77, 0.00900156
78, 0.00552323
79, 0.00121415
80, 0.00349439
81, 0.00901749
82, 0.010897
83, 0.00747101
84, 0.0028879
85, 0.00171289
86, 0.00448294
87, 0.00765314
88, 0.00743771
89, 0.00380959
90, 0.000692707
91, 0.00157253
92, 0.00555638
93, 0.00803485
94, 0.0058031
95, 0.00128491
96, 0.000649548
97, 0.00606109
98, 0.0114169
99, 0.00940273
100, 0.00234704
101, 0.000494204
102, 0.00742046
103, 0.0137879
104, 0.0105046
105, 0.00230907
106, 0.000596859
107, 0.00641568
108, 0.0100269
109, 0.00630695
110, 0.00110479
111, 0.000743761
112, 0.00338412
113, 0.00388658
114, 0.00174236
115, 0.000162481
116, 0.00075126
117, 0.00220684
118, 0.00261221
119, 0.00139154
120, 5.1413e-05
121, 0.00101314
122, 0.003401
123, 0.00287015
124, 0.000236223
125, 0.00142375
126, 0.00546137
127, 0.00481802
128, 0.00053998
129, 0.00164987
130, 0.00715909
131, 0.00668114
132, 0.000944583
133, 0.00169717
134, 0.00853276
135, 0.00839747
136, 0.00138708
137, 0.00172307
138, 0.00964645
139, 0.0100175
140, 0.0020064
141, 0.00183744
142, 0.0108954
143, 0.0117759
144, 0.00264268
145, 0.00216762
146, 0.0122549
147, 0.0130264
148, 0.00286849
149, 0.00258545
150, 0.0131626
151, 0.0131109
152, 0.00248419
153, 0.00288666
154, 0.0131259
155, 0.0118277
156, 0.00167701
157, 0.00308203
158, 0.0119502
159, 0.00941102
160, 0.000834839
161, 0.00323411
162, 0.0101177
163, 0.00654366
164, 0.000182773
165, 0.00367453
166, 0.00821149
167, 0.00374107
168, 4.44331e-05
169, 0.00458111
170, 0.00677098
171, 0.0017545
172, 0.000829181
173, 0.00614652
174, 0.00599389
175, 0.00089059
176, 0.00257331
177, 0.00798157
178, 0.00566305
179, 0.000872864
180, 0.00447703
181, 0.00939546
182, 0.00549022
183, 0.00104383
184, 0.00535295
185, 0.00962022
186, 0.00527731
187, 0.000944852
188, 0.00458598
189, 0.00843442
190, 0.00505883
191, 0.000760459
192, 0.00266069
193, 0.00628959
194, 0.004892
195, 0.000958754
196, 0.000770987
197, 0.00389827
198, 0.00481376
199, 0.00199971
200, 0


0, 0
1, 0.00571681
2, 0.0116815
3, 0.00640954
4, 0.000395008
5, 0.00472884
6, 0.00992611
7, 0.00606439
8, 0.00152864
9, 0.00434298
10, 0.00721927
11, 0.0046835
12, 0.00313257
13, 0.00490976
14, 0.00445697
15, 0.00287811
16, 0.00502686
17, 0.00621051
18, 0.00237943
19, 0.00169324
20, 0.00725163
21, 0.00782497
22, 0.00141546
23, 0.00171671
24, 0.00958193
25, 0.00931326
26, 0.0013769
27, 0.00269484
28, 0.0115778
29, 0.010287
30, 0.00161487
31, 0.00379925
32, 0.0129518
33, 0.0105757
34, 0.00154707
35, 0.00462213
36, 0.0138184
37, 0.0101341
38, 0.000987279
39, 0.00536349
40, 0.0141918
41, 0.00881848
42, 0.000304367
43, 0.00645925
44, 0.0140785
45, 0.00683361
46, 4.4989e-05
47, 0.00801298
48, 0.0133887
49, 0.00459362
50, 0.000567767
51, 0.00965738
52, 0.0120416
53, 0.00273865
54, 0.0015933
55, 0.010313
56, 0.00994982
57, 0.00158538
58, 0.00229336
59, 0.00900558
60, 0.00721626
61, 0.00110274
62, 0.00218684
63, 0.00612585
64, 0.00451791
65, 0.00115857
66, 0.00143388
67, 0.00277092
68, 0.00237822
69, 0.00155345
70, 0.00093014
71, 0.000447511
72, 0.00110952
73, 0.00220995
74, 0.0016286
75, 0.000198507
76, 0.000782017
77, 0.00307223
78, 0.00367374
79, 0.0017063
80, 0.00100392
81, 0.00451522
82, 0.00912528
83, 0.00925811
84, 0.00447247
85, 0.00147358
86, 0.00549314
87, 0.0118314
88, 0.0115657
89, 0.00457704
90, 0.000718326
91, 0.00560876
92, 0.0123336
93, 0.0114318
94, 0.00410922
95, 3.77112e-06
96, 0.00404616
97, 0.010743
98, 0.0118522
99, 0.00627229
100, 0.000626404
101, 0.00147053
102, 0.00762325
103, 0.0115517
104, 0.00850779
105, 0.00236419
106, 0.000303127
107, 0.00374724
108, 0.00762002
109, 0.00748494
110, 0.00413014
111, 0.00105345
112, 0.000738038
113, 0.00308449
114, 0.00534941
115, 0.00449792
116, 0.00134202
117, 0.000170407
118, 0.002552
119, 0.00460396
120, 0.00307706
121, 0.000792465
122, 0.00191507
123, 0.00401896
124, 0.00229653
125, 0.000860322
126, 0.0037865
127, 0.00514069
128, 0.00169368
129, 0.000970257
130, 0.0053801
131, 0.00611291
132, 0.00141122
133, 0.00106335
134, 0.00651983
135, 0.00707591
136, 0.00141377
137, 0.00119325
138, 0.00758409
139, 0.00804343
140, 0.00148359
141, 0.00142651
142, 0.00887937
143, 0.00920162
144, 0.0015607
145, 0.00192785
146, 0.0106483
147, 0.0104
148, 0.0015791
149, 0.00279441
150, 0.0125113
151, 0.011091
152, 0.00149312
153, 0.00398736
154, 0.0137657
155, 0.0105039
156, 0.00118254
157, 0.00548132
158, 0.0138157
159, 0.00820035
160, 0.000800574
161, 0.0070882
162, 0.0127161
163, 0.00515485
164, 0.000761368
165, 0.00872929
166, 0.0113241
167, 0.00269597
168, 0.00133357
169, 0.0099967
170, 0.0101792
171, 0.00157297
172, 0.00225417
173, 0.010554
174, 0.00919146
175, 0.001338
176, 0.00305692
177, 0.0101384
178, 0.00786889
179, 0.00119909
180, 0.00335654
181, 0.00896249
182, 0.00624299
183, 0.000821487
184, 0.00303936
185, 0.00740871
186, 0.00481698
187, 0.000403661
188, 0.00220289
189, 0.00578551
190, 0.00402284
191, 0.000341224
192, 0.00116588
193, 0.00423322
194, 0.00379664
195, 0.000779076
196, 0.000322472
197, 0.00283016
198, 0.00381939
199, 0.00164153
200, 0


0, 0
1, 0.00813674
2, 0.0166628
3, 0.00908687
4, 0.000120428
5, 0.00648631
6, 0.014814
7, 0.00883582
8, 0.00039771
9, 0.00461767
10, 0.0112961
11, 0.0070707
12, 0.000669587
13, 0.00324601
14, 0.0073459
15, 0.00450751
16, 0.00102144
17, 0.00262512
18, 0.00401345
19, 0.00227287
20, 0.00183927
21, 0.00292762
22, 0.00186951
23, 0.00112273
24, 0.0036351
25, 0.00431873
26, 0.000942974
27, 0.00123569
28, 0.00663416
29, 0.00667811
30, 0.000854008
31, 0.00233262
32, 0.0104744
33, 0.00927842
34, 0.000939324
35, 0.00400312
36, 0.0142317
37, 0.0109375
38, 0.00075366
39, 0.00587778
40, 0.0168732
41, 0.0108765
42, 0.000339527
43, 0.00773822
44, 0.0178068
45, 0.00924859
46, 7.83496e-05
47, 0.00930515
48, 0.0168544
49, 0.00672098
50, 0.000257034
51, 0.00995042
52, 0.0141834
53, 0.00411652
54, 0.000765847
55, 0.00952363
56, 0.0108448
57, 0.00222968
58, 0.00123737
59, 0.00812452
60, 0.0078206
61, 0.00135609
62, 0.00117087
63, 0.00572431
64, 0.00526348
65, 0.00112867
66, 0.000607151
67, 0.00304004
68, 0.00323246
69, 0.00107541
70, 7.32747e-05
71, 0.00105868
72, 0.00175838
73, 0.00101842
74, 0.000200671
75, 0.000320025
76, 0.000733324
77, 0.00116479
78, 0.00155018
79, 0.000882759
80, 0.00017216
81, 0.00223485
82, 0.0060233
83, 0.00655131
84, 0.00242713
85, 0.000171721
86, 0.00550233
87, 0.0127446
88, 0.0115635
89, 0.00328979
90, 0.000806068
91, 0.00927239
92, 0.0173311
93, 0.0135815
94, 0.00345829
95, 0.000767213
96, 0.00793112
97, 0.0141754
98, 0.0114306
99, 0.00401469
100, 0.000334611
101, 0.00247739
102, 0.00615643
103, 0.00730688
104, 0.00553158
105, 0.00264537
106, 0.000623184
107, 0.000993815
108, 0.00401724
109, 0.00746331
110, 0.00767182
111, 0.00377574
112, 0.000268325
113, 0.00221171
114, 0.00801166
115, 0.0102397
116, 0.00566909
117, 0.00043595
118, 0.00164729
119, 0.00693112
120, 0.00808803
121, 0.00361406
122, 0.00024644
123, 0.00390415
124, 0.00593635
125, 0.00230508
126, 0.000996143
127, 0.00402468
128, 0.00404577
129, 0.0012705
130, 0.00239281
131, 0.00483213
132, 0.00271027
133, 0.000847163
134, 0.00420283
135, 0.00585464
136, 0.00185002
137, 0.00103281
138, 0.00610048
139, 0.00658471
140, 0.00120495
141, 0.00159622
142, 0.00762596
143, 0.00683848
144, 0.00071728
145, 0.00233525
146, 0.0088217
147, 0.00671271
148, 0.000340286
149, 0.00338468
150, 0.00988612
151, 0.00618776
152, 0.000199184
153, 0.00523016
154, 0.0111148
155, 0.00529984
156, 0.000563327
157, 0.00832184
158, 0.0127118
159, 0.00413757
160, 0.00152731
161, 0.0120906
162, 0.014147
163, 0.00304431
164, 0.00261876
165, 0.0150039
166, 0.0147852
167, 0.00225486
168, 0.0032179
169, 0.0155248
170, 0.0139866
171, 0.00185584
172, 0.00295563
173, 0.01356
174, 0.0119392
175, 0.00167903
176, 0.00209661
177, 0.0101542
178, 0.0092276
179, 0.00155345
180, 0.00114904
181, 0.00673189
182, 0.00667967
183, 0.00142898
184, 0.00049628
185, 0.00425066
186, 0.00491458
187, 0.00142488
188, 0.000170248
189, 0.00295228
190, 0.00424082
191, 0.00163474
192, 4.6554e-05
193, 0.00249794
194, 0.00436691
195, 0.0020253
196, 7.99119e-06
197, 0.00243753
198, 0.00469928
199, 0.00232332
200, 0


0, 0
1, 0.00844672
2, 0.0170601
3, 0.00890156
4, 5.38929e-05
5, 0.00721894
6, 0.0152904
7, 0.00834588
8, 0.000158189
9, 0.00574349
10, 0.0127131
11, 0.00723121
12, 0.000198889
13, 0.00424297
14, 0.00988572
15, 0.00577176
16, 0.00013415
17, 0.00301687
18, 0.00728037
19, 0.00425918
20, 0.00022286
21, 0.00241461
22, 0.00514881
23, 0.00295822
24, 0.00100148
25, 0.00272061
26, 0.00342981
27, 0.00215434
28, 0.00301568
29, 0.00408186
30, 0.00205162
31, 0.00219285
32, 0.0065037
33, 0.00613923
34, 0.000961771
35, 0.00333908
36, 0.010854
37, 0.00805422
38, 0.000305239
39, 0.00543844
40, 0.0147986
41, 0.00904203
42, 8.65725e-05
43, 0.007557
44, 0.0167499
45, 0.00874846
46, 0.000219175
47, 0.00855853
48, 0.016018
49, 0.00741785
50, 0.000546188
51, 0.0082148
52, 0.0134799
53, 0.00588842
54, 0.000908693
55, 0.0067555
56, 0.0101672
57, 0.00473091
58, 0.00116828
59, 0.00475001
60, 0.00731137
61, 0.00424199
62, 0.00132101
63, 0.00310623
64, 0.0058408
65, 0.00445763
66, 0.00126012
67, 0.0020552
68, 0.00544094
69, 0.00468591
70, 0.000871932
71, 0.00147171
72, 0.00524695
73, 0.00428999
74, 0.000395484
75, 0.00133521
76, 0.00471387
77, 0.00347998
78, 0.000481421
79, 0.00148269
80, 0.00364328
81, 0.00425134
82, 0.00363197
83, 0.00267174
84, 0.00152296
85, 0.00166724
86, 0.00471231
87, 0.00796824
88, 0.00655272
89, 0.00158455
90, 0.000477886
91, 0.00612753
92, 0.0116386
93, 0.00986764
94, 0.0035778
95, 0.00111539
96, 0.00497635
97, 0.0101043
98, 0.0112115
99, 0.00786171
100, 0.00338066
101, 0.0019694
102, 0.00528106
103, 0.0100601
104, 0.0107154
105, 0.00593789
106, 0.000893618
107, 0.00123972
108, 0.00635425
109, 0.0102074
110, 0.00840635
111, 0.00296983
112, 4.25362e-06
113, 0.00292733
114, 0.00852553
115, 0.0102201
116, 0.00577
117, 0.000574551
118, 0.00141651
119, 0.00734971
120, 0.0103644
121, 0.00617946
122, 0.000104303
123, 0.00396713
124, 0.00950258
125, 0.00540822
126, 0.000118522
127, 0.00382058
128, 0.0077914
129, 0.00366821
130, 0.000471832
131, 0.0041261
132, 0.00558397
133, 0.00190798
134, 0.0016154
135, 0.00460407
136, 0.00339612
137, 0.00105391
138, 0.00346521
139, 0.00491217
140, 0.00160186
141, 0.00130604
142, 0.00531203
143, 0.0045459
144, 0.000406752
145, 0.00247594
146, 0.00662215
147, 0.00353299
148, 3.65271e-05
149, 0.00446761
150, 0.0075489
151, 0.00239925
152, 0.000571925
153, 0.0072175
154, 0.00872556
155, 0.00171486
156, 0.00166952
157, 0.0104867
158, 0.010649
159, 0.00156428
160, 0.00270484
161, 0.0135041
162, 0.0127997
163, 0.00180389
164, 0.00309241
165, 0.0150946
166, 0.0143455
167, 0.00235775
168, 0.00281038
169, 0.01444
170, 0.0143503
171, 0.00310391
172, 0.00208211
173, 0.0117491
174, 0.0128513
175, 0.00381975
176, 0.001311
177, 0.00811548
178, 0.0104312
179, 0.00432745
180, 0.000753327
181, 0.00483241
182, 0.00807002
183, 0.00448502
184, 0.000478862
185, 0.00265155
186, 0.00628092
187, 0.00433564
188, 0.000371653
189, 0.00167843
190, 0.00528687
191, 0.00387606
192, 0.000246106
193, 0.00155842
194, 0.0048705
195, 0.00325639
196, 8.22452e-05
197, 0.00194471
198, 0.00477695
199, 0.00254508
200, 0


0, 0
1, 0.00648265
2, 0.0129565
3, 0.00653815
4, 0.000164014
5, 0.00652025
6, 0.0128503
7, 0.00664172
8, 0.000419108
9, 0.00644976
10, 0.0125969
11, 0.00664186
12, 0.000459162
13, 0.00625772
14, 0.012355
15, 0.0065172
16, 0.000240046
17, 0.00582848
18, 0.0118989
19, 0.00618971
20, 1.84379e-05
21, 0.00528236
22, 0.0108303
23, 0.00547007
24, 0.000178266
25, 0.00486449
26, 0.00901306
27, 0.0044535
28, 0.00100303
29, 0.00462345
30, 0.00653495
31, 0.00344396
32, 0.00261886
33, 0.00450164
34, 0.00381524
35, 0.00298944
36, 0.00495332
37, 0.00452707
38, 0.00144202
39, 0.00322628
40, 0.00746821
41, 0.00480783
42, 0.000147428
43, 0.00396417
44, 0.00933581
45, 0.00541665
46, 0.000264211
47, 0.00462353
48, 0.0100304
49, 0.00636949
50, 0.0014187
51, 0.00453969
52, 0.00935248
53, 0.00734158
54, 0.00286728
55, 0.00370508
56, 0.00792886
57, 0.00815383
58, 0.00391806
59, 0.00261086
60, 0.00683069
61, 0.0086806
62, 0.0039937
63, 0.00160012
64, 0.00657246
65, 0.0087925
66, 0.00311988
67, 0.00118922
68, 0.00734136
69, 0.00850467
70, 0.00185437
71, 0.00165212
72, 0.00867199
73, 0.00783077
74, 0.000788477
75, 0.00264601
76, 0.00941306
77, 0.00662562
78, 0.000263484
79, 0.00331694
80, 0.0086226
81, 0.00786496
82, 0.00274656
83, 0.00043063
84, 0.00257945
85, 0.00481674
86, 0.00432594
87, 0.0025384
88, 0.00124634
89, 0.000568937
90, 0.000481498
91, 0.00140224
92, 0.0030403
93, 0.0040883
94, 0.00330661
95, 0.00116184
96, 0.000412723
97, 0.00364985
98, 0.00905621
99, 0.0107547
100, 0.00605936
101, 0.000933156
102, 0.00355198
103, 0.0122792
104, 0.0161044
105, 0.0096625
106, 0.00152727
107, 0.00248505
108, 0.0107719
109, 0.0149923
110, 0.00973523
111, 0.00190399
112, 0.000748483
113, 0.00638557
114, 0.0109159
115, 0.00883398
116, 0.00292008
117, 6.08786e-06
118, 0.00318428
119, 0.00856954
120, 0.0095679
121, 0.00467993
122, 1.38231e-05
123, 0.0050014
124, 0.0104202
125, 0.00552833
126, 7.94472e-06
127, 0.00503241
128, 0.0103481
129, 0.00500373
130, 1.99898e-05
131, 0.00521463
132, 0.00887793
133, 0.00324782
134, 0.000313354
135, 0.00511923
136, 0.00609309
137, 0.001326
138, 0.00124642
139, 0.00459743
140, 0.00301932
141, 0.000637169
142, 0.00289953
143, 0.00366181
144, 0.00100302
145, 0.00201702
146, 0.00489302
147, 0.00267038
148, 0.000735618
149, 0.00495793
150, 0.00677757
151, 0.00195512
152, 0.00159321
153, 0.00802102
154, 0.00814732
155, 0.00150326
156, 0.00240702
157, 0.0099551
158, 0.00900362
159, 0.00129229
160, 0.00243001
161, 0.0104302
162, 0.00956372
163, 0.00148615
164, 0.00174383
165, 0.00969285
166, 0.010191
167, 0.00252303
168, 0.00112186
169, 0.00828647
170, 0.0107633
171, 0.00449165
172, 0.0011206
173, 0.0066072
174, 0.0111083
175, 0.00681279
176, 0.00165849
177, 0.00497605
178, 0.0108555
179, 0.00850943
180, 0.00211014
181, 0.00360617
182, 0.0100958
183, 0.00883884
184, 0.00200826
185, 0.00260494
186, 0.00883155
187, 0.00784213
188, 0.00144681
189, 0.00202909
190, 0.00738914
191, 0.00604876
192, 0.000740709
193, 0.00184833
194, 0.00610779
195, 0.00426185
196, 0.000201092
197, 0.00212023
198, 0.00538843
199, 0.00288302
200, 0


0, 0
1, 0.00452451
2, 0.00904778
3, 0.00444721
4, 5.66848e-05
5, 0.00530405
6, 0.0102592
7, 0.00492549
8, 0.000186231
9, 0.00666196
10, 0.0122733
11, 0.00561243
12, 0.000271008
13, 0.00820622
14, 0.0142388
15, 0.00600947
16, 0.000302054
17, 0.0094852
18, 0.015414
19, 0.00595897
20, 0.000314408
21, 0.0099789
22, 0.0152609
23, 0.0054805
24, 0.000315425
25, 0.00933134
26, 0.0135519
27, 0.00463494
28, 0.00037063
29, 0.00771783
30, 0.010625
31, 0.00357967
32, 0.000526376
33, 0.00547025
34, 0.00695532
35, 0.0024175
36, 0.000795593
37, 0.00322954
38, 0.00335658
39, 0.00135427
40, 0.00125639
41, 0.00178088
42, 0.000864048
43, 0.000675089
44, 0.00198616
45, 0.00191987
46, 0.000308647
47, 0.000520256
48, 0.0029323
49, 0.00381319
50, 0.00175607
51, 0.000836263
52, 0.00402695
53, 0.00681062
54, 0.0041482
55, 0.00123519
56, 0.00524467
57, 0.00985224
58, 0.00586097
59, 0.00126924
60, 0.00665848
61, 0.0120302
62, 0.00604433
63, 0.00105233
64, 0.0082272
65, 0.0128579
66, 0.00482344
67, 0.00104491
68, 0.00977382
69, 0.0123425
70, 0.00303228
71, 0.00160463
72, 0.0107969
73, 0.0107432
74, 0.00157868
75, 0.00246373
76, 0.0106947
77, 0.00864239
78, 0.000829532
79, 0.00274709
80, 0.00893621
81, 0.00951172
82, 0.00429162
83, 0.000403917
84, 0.00149181
85, 0.00461266
86, 0.00567271
87, 0.00384048
88, 0.00112623
89, 4.5814e-06
90, 0.00111042
91, 0.00289149
92, 0.00351381
93, 0.00284939
94, 0.00193916
95, 0.00122362
96, 0.000956569
97, 0.00236244
98, 0.00558187
99, 0.00732745
100, 0.00462859
101, 0.000476704
102, 0.00159057
103, 0.00856062
104, 0.0131238
105, 0.00892305
106, 0.00155316
107, 0.00200952
108, 0.0109107
109, 0.0165126
110, 0.0109662
111, 0.0020361
112, 0.0023886
113, 0.0114074
114, 0.0159973
115, 0.00956711
116, 0.00119274
117, 0.00196231
118, 0.00960695
119, 0.0130042
120, 0.00780003
121, 0.00108794
122, 0.00153132
123, 0.0076608
124, 0.00799161
125, 0.00190652
126, 0.00075451
127, 0.00684072
128, 0.00849752
129, 0.00234295
130, 0.000609036
131, 0.00700857
132, 0.00839353
133, 0.00180937
134, 0.00112357
135, 0.00757731
136, 0.00706523
137, 0.000710469
138, 0.00221485
139, 0.00784799
140, 0.0050998
141, 0.000203561
142, 0.00368765
143, 0.00734486
144, 0.00333356
145, 0.00103998
146, 0.00513074
147, 0.00594426
148, 0.00218374
149, 0.002915
150, 0.00617557
151, 0.00412928
152, 0.00154267
153, 0.00471049
154, 0.00662605
155, 0.00258005
156, 0.00105361
157, 0.00547902
158, 0.00663018
159, 0.00184582
160, 0.000570261
161, 0.00519188
162, 0.0065433
163, 0.00206155
164, 0.000225652
165, 0.00433604
166, 0.00680131
167, 0.00325575
168, 0.000257813
169, 0.00346176
170, 0.00750796
171, 0.0052394
172, 0.000783377
173, 0.00286636
174, 0.00857169
175, 0.00753981
176, 0.00165051
177, 0.00268937
178, 0.00962935
179, 0.00937634
180, 0.00239987
181, 0.00287643
182, 0.0104085
183, 0.0100452
184, 0.00258427
185, 0.00324519
186, 0.0105572
187, 0.0093561
188, 0.00210371
189, 0.00359666
190, 0.0101519
191, 0.00770038
192, 0.00120334
193, 0.00379079
194, 0.00945007
195, 0.00594497
196, 0.00035046
197, 0.00403687
198, 0.00895866
199, 0.00464683
200, 0


0, 0
1, 0.00445696
2, 0.00871226
3, 0.00399428
4, 6.28341e-05
5, 0.00553303
6, 0.0096783
7, 0.00391996
8, 0.000233444
9, 0.00725965
10, 0.0114016
11, 0.0040145
12, 0.000481381
13, 0.00937193
14, 0.0133226
15, 0.00406143
16, 0.000825599
17, 0.011275
18, 0.0145864
19, 0.00390514
20, 0.00120659
21, 0.0122876
22, 0.0146759
23, 0.00362704
24, 0.00139127
25, 0.0117885
26, 0.0135279
27, 0.00343864
28, 0.00117089
29, 0.00952707
30, 0.0110969
31, 0.00323717
32, 0.000709525
33, 0.00621961
34, 0.00787545
35, 0.00288288
36, 0.000318466
37, 0.00305845
38, 0.00467172
39, 0.0023432
40, 0.000167807
41, 0.000904186
42, 0.00226056
43, 0.00166855
44, 0.000263938
45, 0.000323008
46, 0.00115966
47, 0.000907801
48, 0.000582195
49, 0.00147247
50, 0.00154041
51, 0.000311531
52, 0.00142539
53, 0.00415542
54, 0.0028892
55, 2.29669e-05
56, 0.0032554
57, 0.00789691
58, 0.00434128
59, 9.29868e-05
60, 0.00601482
61, 0.011472
62, 0.00504484
63, 0.000475306
64, 0.00887954
65, 0.0137322
66, 0.00492189
67, 0.00099942
68, 0.0104576
69, 0.0137607
70, 0.00427337
71, 0.00140481
72, 0.00983538
73, 0.0115624
74, 0.00360773
75, 0.00157039
76, 0.00743032
77, 0.00865842
78, 0.0036194
79, 0.00161656
80, 0.00469298
81, 0.00864732
82, 0.00889455
83, 0.00504939
84, 0.00116539
85, 0.00188251
86, 0.00680782
87, 0.00986674
88, 0.00661678
89, 0.00108752
90, 0.000839961
91, 0.00612553
92, 0.00946612
93, 0.00646204
94, 0.00145494
95, 0.000638666
96, 0.00376477
97, 0.0060002
98, 0.00510981
99, 0.00298176
100, 0.00168084
101, 0.00141567
102, 0.00246295
103, 0.00503203
104, 0.00678879
105, 0.00461514
106, 0.000638417
107, 0.00147353
108, 0.00825414
109, 0.0124767
110, 0.00758074
111, 0.000654437
112, 0.00337844
113, 0.0136954
114, 0.0170018
115, 0.0081037
116, 0.00045111
117, 0.00618394
118, 0.017081
119, 0.0168159
120, 0.00586639
121, 0.000180832
122, 0.00668368
123, 0.0110038
124, 0.00442191
125, 8.6661e-05
126, 0.0053091
127, 0.00860715
128, 0.00352894
129, 3.42999e-05
130, 0.00435464
131, 0.00786831
132, 0.00377903
133, 2.46822e-05
134, 0.00449987
135, 0.00917984
136, 0.00484232
137, 4.61072e-05
138, 0.00521685
139, 0.0109616
140, 0.00583113
141, 0.000108487
142, 0.00555375
143, 0.0112752
144, 0.00580915
145, 0.000228296
146, 0.00498004
147, 0.00938876
148, 0.00457203
149, 0.000400721
150, 0.00387196
151, 0.00632358
152, 0.00274175
153, 0.000585389
154, 0.00300476
155, 0.00371983
156, 0.00117973
157, 0.000761805
158, 0.00290328
159, 0.00269459
160, 0.00042644
161, 0.000902505
162, 0.00354117
163, 0.00314926
164, 0.000361603
165, 0.00104907
166, 0.00461582
167, 0.00427614
168, 0.000554604
169, 0.00125915
170, 0.00577879
171, 0.00536725
172, 0.000747664
173, 0.00156801
174, 0.00682034
175, 0.00618881
176, 0.000947704
177, 0.00201207
178, 0.00779592
179, 0.00686578
180, 0.00119382
181, 0.00272595
182, 0.00899567
183, 0.0074959
184, 0.00140538
185, 0.00378262
186, 0.0106115
187, 0.00806377
188, 0.00133461
189, 0.00504212
190, 0.0125803
191, 0.00843022
192, 0.000882275
193, 0.00623683
194, 0.0144249
195, 0.00846536
196, 0.000281
197, 0.00727976
198, 0.0155991
199, 0.00804126
200, 0


0, 0
1, 0.0061054
2, 0.0114893
3, 0.00483697
4, 0.000218469
5, 0.00731662
6, 0.0111442
7, 0.00375184
8, 0.000692387
9, 0.00827294
10, 0.0106403
11, 0.00289275
12, 0.00114065
13, 0.00907891
14, 0.0103258
15, 0.0022484
16, 0.00139597
17, 0.00967743
18, 0.0102964
19, 0.00198556
20, 0.00150796
21, 0.00975853
22, 0.0102493
23, 0.0022655
24, 0.00157125
25, 0.00896149
26, 0.00988543
27, 0.00317158
28, 0.00169162
29, 0.00729847
30, 0.00912233
31, 0.00449255
32, 0.00183226
33, 0.00497883
34, 0.00796071
35, 0.00580706
36, 0.0020087
37, 0.00260584
38, 0.00639187
39, 0.00649107
40, 0.00215869
41, 0.00090757
42, 0.00487545
43, 0.00621708
44, 0.00203151
45, 0.000203566
46, 0.00378231
47, 0.0051163
48, 0.00163608
49, 0.000449644
50, 0.00312774
51, 0.00354646
52, 0.00149709
53, 0.00170472
54, 0.00276738
55, 0.0019109
56, 0.00217514
57, 0.00389268
58, 0.00262374
59, 0.000692534
60, 0.00373146
61, 0.00656865
62, 0.0028254
63, 0.00015017
64, 0.00525836
65, 0.0085507
66, 0.00347275
67, 0.000482997
68, 0.00568812
69, 0.00903252
70, 0.00484071
71, 0.00164016
72, 0.00482119
73, 0.00831956
74, 0.00678034
75, 0.00330362
76, 0.00322061
77, 0.00679853
78, 0.00862783
79, 0.00497056
80, 0.00162746
81, 0.0059795
82, 0.0131787
83, 0.0133423
84, 0.0055423
85, 0.000422977
86, 0.00526842
87, 0.0132337
88, 0.0128712
89, 0.00463904
90, 0.000103152
91, 0.00533996
92, 0.0124123
93, 0.0110745
94, 0.00338568
95, 0.000102994
96, 0.00515991
97, 0.0105464
98, 0.00844244
99, 0.00222039
100, 0.000409335
101, 0.00417141
102, 0.00714266
103, 0.00558435
104, 0.00247853
105, 0.00137755
106, 0.00229282
107, 0.00406174
108, 0.00595299
109, 0.00600256
110, 0.00290133
111, 0.000563262
112, 0.00434728
113, 0.0111177
114, 0.0111518
115, 0.00353198
116, 0.000306933
117, 0.00851087
118, 0.0170189
119, 0.0127847
120, 0.00232962
121, 0.00234748
122, 0.0112924
123, 0.0102434
124, 0.00142629
125, 0.00355969
126, 0.0120247
127, 0.00891741
128, 0.000617218
129, 0.00387263
130, 0.0115747
131, 0.00822163
132, 0.000574916
133, 0.00293976
134, 0.0100659
135, 0.00864129
136, 0.0016307
137, 0.00138816
138, 0.00777984
139, 0.00941757
140, 0.00347662
141, 0.000248543
142, 0.00529339
143, 0.00946213
144, 0.0051736
145, 0.000104604
146, 0.00306523
147, 0.00810799
148, 0.00591127
149, 0.000643376
150, 0.00142781
151, 0.00588821
152, 0.00550407
153, 0.00115676
154, 0.000481583
155, 0.00386435
156, 0.00444404
157, 0.00118228
158, 0.000305338
159, 0.00291518
160, 0.00325665
161, 0.000761472
162, 0.000892996
163, 0.00309729
164, 0.00223549
165, 0.000336702
166, 0.00208591
167, 0.00375728
168, 0.00141314
169, 0.000327861
170, 0.00350836
171, 0.00427425
172, 0.000805525
173, 0.000846414
174, 0.00488228
175, 0.00446393
176, 0.000436568
177, 0.0017864
178, 0.00632903
179, 0.00464492
180, 0.000263997
181, 0.00307041
182, 0.00819056
183, 0.00516983
184, 0.000187126
185, 0.00462669
186, 0.0108833
187, 0.00633376
188, 0.00011427
189, 0.00640962
190, 0.0143796
191, 0.00804457
192, 5.40817e-05
193, 0.0082471
194, 0.0179205
195, 0.0096337
196, 1.39062e-05
197, 0.00972384
198, 0.0202151
199, 0.0102886
200, 0


0, 0
1, 0.00765133
2, 0.0142953
3, 0.00583715
4, 0.000201867
5, 0.00872002
6, 0.0127642
7, 0.00389871
8, 0.000649289
9, 0.00875891
10, 0.0104764
11, 0.00242313
12, 0.000985107
13, 0.00784964
14, 0.00821253
15, 0.00155779
16, 0.00100812
17, 0.00652808
18, 0.00663064
19, 0.00137779
20, 0.000841691
21, 0.00528399
22, 0.00600897
23, 0.00209525
24, 0.000847599
25, 0.00420655
26, 0.00626777
27, 0.00384584
28, 0.00130071
29, 0.00331503
30, 0.00715643
31, 0.00641233
32, 0.00213486
33, 0.00257862
34, 0.00825176
35, 0.00898445
36, 0.00291888
37, 0.00201303
38, 0.0090136
39, 0.0104696
40, 0.0030879
41, 0.00157897
42, 0.00917305
43, 0.0104287
44, 0.00255766
45, 0.0012664
46, 0.00862129
47, 0.00924493
48, 0.00186413
49, 0.00108415
50, 0.00734784
51, 0.00736702
52, 0.00138545
53, 0.00102927
54, 0.00539242
55, 0.00496786
56, 0.00115737
57, 0.0010773
58, 0.00301023
59, 0.00233331
60, 0.000942378
61, 0.00126028
62, 0.00130103
63, 0.000409323
64, 0.00068291
65, 0.00180909
66, 0.00155013
67, 0.000314134
68, 0.000501401
69, 0.00251168
70, 0.00394265
71, 0.00253777
72, 0.00062214
73, 0.00310294
74, 0.00765119
75, 0.00618183
76, 0.00108625
77, 0.00343157
78, 0.0108718
79, 0.00959309
80, 0.00171701
81, 0.00283125
82, 0.0125887
83, 0.0181001
84, 0.0115464
85, 0.00189086
86, 0.00254247
87, 0.0123294
88, 0.0170538
89, 0.00978732
90, 0.00094939
91, 0.0032229
92, 0.0127219
93, 0.0147535
94, 0.00622635
95, 0.000105628
96, 0.00540317
97, 0.0134153
98, 0.0115307
99, 0.00275455
100, 0.000586456
101, 0.00775478
102, 0.0125467
103, 0.00761539
104, 0.000816178
105, 0.0019521
106, 0.00794123
107, 0.00928188
108, 0.00481101
109, 0.00137592
110, 0.00241567
111, 0.0049102
112, 0.00598109
113, 0.00543956
114, 0.00335654
115, 0.0010995
116, 0.0022844
117, 0.00716564
118, 0.00928074
119, 0.00450267
120, 1.5202e-05
121, 0.00466532
122, 0.0108092
123, 0.00594949
124, 5.52833e-05
125, 0.00695795
126, 0.0142937
127, 0.00734671
128, 0.000110847
129, 0.00776381
130, 0.0156266
131, 0.00834798
132, 0.000155395
133, 0.00620554
134, 0.0139201
135, 0.0086425
136, 0.000504812
137, 0.00318026
138, 0.00977016
139, 0.00804846
140, 0.00154262
141, 0.000633907
142, 0.0051223
143, 0.00683743
144, 0.00326947
145, 9.11196e-05
146, 0.0017859
147, 0.00543193
148, 0.00525197
149, 0.00143278
150, 0.000347562
151, 0.00428172
152, 0.00671107
153, 0.00317917
154, 6.30297e-05
155, 0.00345521
156, 0.00708765
157, 0.00386189
158, 3.8171e-05
159, 0.0029247
160, 0.00621038
161, 0.0031006
162, 8.63163e-06
163, 0.00267135
164, 0.00457423
165, 0.00161978
166, 0.000276218
167, 0.00271439
168, 0.00282965
169, 0.000492744
170, 0.00122782
171, 0.00310821
172, 0.00149934
173, 0.000362457
174, 0.00302761
175, 0.00370471
176, 0.000669074
177, 0.00136147
178, 0.00559044
179, 0.0044053
180, 0.000262811
181, 0.00332178
182, 0.00867935
183, 0.00515556
184, 0.000189065
185, 0.00580518
186, 0.0120158
187, 0.00601978
188, 0.000264012
189, 0.00808075
190, 0.0150071
191, 0.00703015
192, 0.00024368
193, 0.00942857
194, 0.0172581
195, 0.00812083
196, 9.37759e-05
197, 0.00965477
198, 0.0184349
199, 0.00912037
200, 0


0, 0
1, 0.0071758
2, 0.0135646
3, 0.00579788
4, 0.000148973
5, 0.00781266
6, 0.012175
7, 0.00432456
8, 0.000443888
9, 0.00722708
10, 0.00980778
11, 0.00322304
12, 0.000633881
13, 0.00568335
14, 0.00734883
15, 0.00274031
16, 0.000644137
17, 0.0037934
18, 0.00553987
19, 0.00288439
20, 0.000604028
21, 0.00230307
22, 0.0048455
23, 0.00368162
24, 0.000704675
25, 0.0015453
26, 0.00538734
27, 0.00523154
28, 0.00106354
29, 0.00133906
30, 0.00671032
31, 0.00713387
32, 0.00149088
33, 0.00154945
34, 0.008514
35, 0.00887469
36, 0.00169971
37, 0.00217369
38, 0.0105456
39, 0.0101407
40, 0.00166643
41, 0.00296128
42, 0.0121657
43, 0.0107217
44, 0.00155486
45, 0.00335366
46, 0.0122615
47, 0.0101704
48, 0.00143206
49, 0.00289942
50, 0.010248
51, 0.00854204
52, 0.00149038
53, 0.00169858
54, 0.00662085
55, 0.00621189
56, 0.00170659
57, 0.000586491
58, 0.00291459
59, 0.00363597
60, 0.00176698
61, 0.000210346
62, 0.000545937
63, 0.00165711
64, 0.00161325
65, 0.000510375
66, 0.000364254
67, 0.00125144
68, 0.00122361
69, 0.000917947
70, 0.00211756
71, 0.00270405
72, 0.000966697
73, 0.00100138
74, 0.00473681
75, 0.00571568
76, 0.00144839
77, 0.000879163
78, 0.0072734
79, 0.0092385
80, 0.0025586
81, 0.000431689
82, 0.00789118
83, 0.0160973
84, 0.013575
85, 0.00363387
86, 0.00105897
87, 0.0104989
88, 0.0184544
89, 0.0129828
90, 0.00221567
91, 0.00253901
92, 0.0132963
93, 0.0174093
94, 0.00827867
95, 0.000294579
96, 0.00593103
97, 0.0157668
98, 0.0137041
99, 0.00305511
100, 0.00110067
101, 0.0108313
102, 0.0161353
103, 0.00839755
104, 0.000241549
105, 0.00429247
106, 0.0130853
107, 0.0122292
108, 0.00343527
109, 0.000281559
110, 0.00608195
111, 0.0103538
112, 0.00658228
113, 0.0011376
114, 0.00122896
115, 0.00478702
116, 0.00618408
117, 0.00460287
118, 0.00259712
119, 0.00154358
120, 0.00226037
121, 0.00535243
122, 0.00611608
123, 0.00244359
124, 0.000753401
125, 0.00578974
126, 0.00943122
127, 0.00440682
128, 1.79523e-05
129, 0.00555937
130, 0.0114968
131, 0.00686151
132, 0.000433543
133, 0.00433403
134, 0.0114504
135, 0.00903268
136, 0.00184867
137, 0.00255346
138, 0.00927882
139, 0.0100327
140, 0.0036285
141, 0.00100256
142, 0.00605253
143, 0.00938887
144, 0.00499635
145, 0.000365267
146, 0.00298124
147, 0.00747998
148, 0.00572447
149, 0.000822803
150, 0.000962961
151, 0.0053113
152, 0.00609399
153, 0.00197698
154, 0.000133824
155, 0.00383489
156, 0.00642972
157, 0.00305651
158, 3.31745e-05
159, 0.00329995
160, 0.0065994
161, 0.00338282
162, 6.83395e-05
163, 0.00335598
164, 0.00638625
165, 0.00280225
166, 5.36709e-05
167, 0.00366786
168, 0.00567908
169, 0.00178356
170, 0.000422159
171, 0.00429001
172, 0.00470195
173, 0.0011031
174, 0.00191983
175, 0.00528181
176, 0.00363166
177, 0.00146669
178, 0.00478618
179, 0.00639464
180, 0.00259095
181, 0.00298301
182, 0.00823954
183, 0.00695601
184, 0.00171243
185, 0.00505576
186, 0.011118
187, 0.00680547
188, 0.00104521
189, 0.00679329
190, 0.0127965
191, 0.00640521
192, 0.00053539
193, 0.00760977
194, 0.0136221
195, 0.00632454
196, 0.000152262
197, 0.007434
198, 0.0139107
199, 0.0068071
200, 0


0, 0
1, 0.00465246
2, 0.00921381
3, 0.00461134
4, 0.000233179
5, 0.00447504
6, 0.00849285
7, 0.00468642
8, 0.000847032
9, 0.00383682
10, 0.00743216
11, 0.00522161
12, 0.00158714
13, 0.00278048
14, 0.00643431
15, 0.00603854
16, 0.00207659
17, 0.00169728
18, 0.00602042
19, 0.0068966
20, 0.0021286
21, 0.00100255
22, 0.00621346
23, 0.00735286
24, 0.00178826
25, 0.000924671
26, 0.00676218
27, 0.00716582
28, 0.0012015
29, 0.00142558
30, 0.00758272
31, 0.0068231
32, 0.000710836
33, 0.00219865
34, 0.00862815
35, 0.00680707
36, 0.000457443
37, 0.00298176
38, 0.0097219
39, 0.00707887
40, 0.000457014
41, 0.00348319
42, 0.0102682
43, 0.00743554
44, 0.000920812
45, 0.00344484
46, 0.00974228
47, 0.00794407
48, 0.00214303
49, 0.00286681
50, 0.00777228
51, 0.00800892
52, 0.00399458
53, 0.00235797
54, 0.00469024
55, 0.00711085
56, 0.00600577
57, 0.00244138
58, 0.00183809
59, 0.00566907
60, 0.00730306
61, 0.00315775
62, 0.000259825
63, 0.00381665
64, 0.00712012
65, 0.00390948
66, 0.000106511
67, 0.0023697
68, 0.00577071
69, 0.00395416
70, 0.000905566
71, 0.00203009
72, 0.0040465
73, 0.00309741
74, 0.00214423
75, 0.00314577
76, 0.00292125
77, 0.00179568
78, 0.0035984
79, 0.00541931
80, 0.00262864
81, 0.000837494
82, 0.00450112
83, 0.010065
84, 0.00929294
85, 0.00250457
86, 0.000527966
87, 0.0084761
88, 0.0157611
89, 0.0110936
90, 0.00148909
91, 0.00290783
92, 0.0144729
93, 0.0183618
94, 0.00815314
95, 0.00027801
96, 0.0076975
97, 0.0183963
98, 0.014869
99, 0.00288006
100, 0.0017675
101, 0.0126327
102, 0.0170374
103, 0.00778891
104, 0.000180294
105, 0.00604985
106, 0.0147859
107, 0.0117437
108, 0.00214408
109, 0.00155271
110, 0.0101975
111, 0.0135788
112, 0.00638407
113, 0.000106397
114, 0.00380622
115, 0.0107809
116, 0.0103545
117, 0.00373457
118, 0.000201284
119, 0.00303178
120, 0.00668318
121, 0.0063404
122, 0.00200667
123, 0.000749064
124, 0.00285723
125, 0.00423696
126, 0.00331737
127, 0.00128302
128, 0.000419822
129, 0.00228241
130, 0.00467884
131, 0.00367255
132, 0.000502564
133, 0.00103106
134, 0.00575257
135, 0.00720971
136, 0.00267868
137, 0.000612209
138, 0.00625071
139, 0.0104032
140, 0.00539272
141, 0.000702123
142, 0.00605701
143, 0.0118662
144, 0.00703745
145, 0.000837548
146, 0.00508798
147, 0.01116
148, 0.00707789
149, 0.000758337
150, 0.00362235
151, 0.00889947
152, 0.00605833
153, 0.000598691
154, 0.00210767
155, 0.00652161
156, 0.00517493
157, 0.000696024
158, 0.00103487
159, 0.00514223
160, 0.00539109
161, 0.00126968
162, 0.000534036
163, 0.00518498
164, 0.00683833
165, 0.002111
166, 0.000453992
167, 0.00628512
168, 0.00872233
169, 0.00276114
170, 0.000745676
171, 0.00769342
172, 0.00983196
173, 0.00291623
174, 0.00159902
175, 0.00862575
176, 0.00925791
177, 0.00272492
178, 0.00308907
179, 0.00873048
180, 0.00717546
181, 0.00253004
182, 0.00491898
183, 0.00806754
184, 0.00459858
185, 0.00263915
186, 0.00666464
187, 0.00711549
188, 0.00240091
189, 0.00307103
190, 0.00803202
191, 0.00622329
192, 0.00099055
193, 0.00369978
194, 0.00900804
195, 0.00551874
196, 0.000235825
197, 0.00434873
198, 0.00953767
199, 0.00494521
200, 0


0, 0
1, 0.00184491
2, 0.0041353
3, 0.00295316
4, 0.000524965
5, 0.00122333
6, 0.00416423
7, 0.00464548
8, 0.00185822
9, 0.000875619
10, 0.00442824
11, 0.00682208
12, 0.00333303
13, 0.000649468
14, 0.00524263
15, 0.00907395
16, 0.00421728
17, 0.000484387
18, 0.00647719
19, 0.0104635
20, 0.00395764
21, 0.000570804
22, 0.00775653
23, 0.0103544
24, 0.00275595
25, 0.00107673
26, 0.00868608
27, 0.00908903
28, 0.00142936
29, 0.00187611
30, 0.00887182
31, 0.00723538
32, 0.000556021
33, 0.00257164
34, 0.00823474
35, 0.00556174
36, 0.000262614
37, 0.00262049
38, 0.00706737
39, 0.00472261
40, 0.000479929
41, 0.00207234
42, 0.00578996
43, 0.00483339
44, 0.00150765
45, 0.00151172
46, 0.00432133
47, 0.00565759
48, 0.00391031
49, 0.00166912
50, 0.00294574
51, 0.00701278
52, 0.00747885
53, 0.00292753
54, 0.00175932
55, 0.00771123
56, 0.0109152
57, 0.00503543
58, 0.000801865
59, 0.00696663
60, 0.0127507
61, 0.0071445
62, 0.000390943
63, 0.00513795
64, 0.0124156
65, 0.00841646
66, 0.000543264
67, 0.00325353
68, 0.010582
69, 0.00826046
70, 0.000931805
71, 0.00207815
72, 0.00809195
73, 0.00686851
74, 0.0012969
75, 0.00180402
76, 0.0057874
77, 0.00487571
78, 0.00174117
79, 0.00242862
80, 0.00391066
81, 0.00400127
82, 0.00393306
83, 0.00474087
84, 0.00429714
85, 0.0019483
86, 0.00198347
87, 0.00661687
88, 0.00976691
89, 0.00569597
90, 0.000315045
91, 0.00373777
92, 0.0128381
93, 0.0138872
94, 0.00475866
95, 0.000275196
96, 0.00883013
97, 0.0175205
98, 0.0124417
99, 0.00186587
100, 0.00295127
101, 0.0137043
102, 0.016298
103, 0.00655892
104, 0.000517238
105, 0.0076767
106, 0.0157856
107, 0.0114999
108, 0.00187016
109, 0.00224402
110, 0.0116674
111, 0.0151762
112, 0.00749318
113, 0.000421989
114, 0.00396353
115, 0.0119818
116, 0.0126921
117, 0.00558795
118, 0.000400235
119, 0.00272474
120, 0.00785751
121, 0.00880587
122, 0.00279761
123, 0.0002542
124, 0.00413536
125, 0.00654773
126, 0.0033724
127, 0.000115239
128, 0.00137758
129, 0.00395042
130, 0.00355317
131, 0.00130161
132, 0.00043627
133, 0.00167814
134, 0.00351211
135, 0.00357869
136, 0.00126242
137, 0.000320508
138, 0.00369812
139, 0.00632259
140, 0.00305292
141, 6.12671e-05
142, 0.00438259
143, 0.00881298
144, 0.00482602
145, 0.000513682
146, 0.00539248
147, 0.0105603
148, 0.00585689
149, 0.000964619
150, 0.00622654
151, 0.0112834
152, 0.00585495
153, 0.000851734
154, 0.00640737
155, 0.0111566
156, 0.00522457
157, 0.00029465
158, 0.00588675
159, 0.0105714
160, 0.00502232
161, 7.06786e-06
162, 0.00488774
163, 0.0101756
164, 0.00618641
165, 0.000599326
166, 0.00371024
167, 0.0101903
168, 0.0085948
169, 0.00187998
170, 0.00267213
171, 0.010333
172, 0.0108802
173, 0.00304244
174, 0.00193136
175, 0.0100362
176, 0.0115951
177, 0.00346626
178, 0.00158627
179, 0.009007
180, 0.010331
181, 0.00306514
182, 0.00165396
183, 0.00758237
184, 0.00781855
185, 0.00220645
186, 0.00218957
187, 0.00631215
188, 0.00497095
189, 0.00138342
190, 0.00313066
191, 0.00528744
192, 0.00245634
193, 0.00108154
194, 0.00415818
195, 0.00417917
196, 0.000665384
197, 0.00161139
198, 0.00486828
199, 0.0028237
200, 0


0, 0
1, 0.000861494
2, 0.00231994
3, 0.00229826
4, 0.000641837
5, 0.000198877
6, 0.00264795
7, 0.00445069
8, 0.00214086
9, 2.5984e-05
10, 0.00339354
11, 0.0069159
12, 0.00356528
13, 6.78261e-06
14, 0.00459182
15, 0.00898808
16, 0.00408936
17, 0.000110452
18, 0.00623399
19, 0.0102638
20, 0.00364988
21, 0.000534414
22, 0.00801221
23, 0.0104394
24, 0.00269337
25, 0.00125029
26, 0.00891186
27, 0.00937418
28, 0.00188501
29, 0.00178871
30, 0.00826792
31, 0.00764205
32, 0.00155843
33, 0.00174518
34, 0.00637664
35, 0.00584537
36, 0.00167118
37, 0.00131149
38, 0.00406997
39, 0.00471304
40, 0.00251527
41, 0.000892068
42, 0.00229186
43, 0.00479066
44, 0.00414958
45, 0.00101511
46, 0.001276
47, 0.00550566
48, 0.00643025
49, 0.00196597
50, 0.000609737
51, 0.00616431
52, 0.00920002
53, 0.00386119
54, 0.000200096
55, 0.00632237
56, 0.0120029
57, 0.00658904
58, 0.000171501
59, 0.00594839
60, 0.0141661
61, 0.00927025
62, 0.000505319
63, 0.00522178
64, 0.0148732
65, 0.0108007
66, 0.000856337
67, 0.00442075
68, 0.0142354
69, 0.0106912
70, 0.000848893
71, 0.00379773
72, 0.0125864
73, 0.00916227
74, 0.000566074
75, 0.0034847
76, 0.0106094
77, 0.00705011
78, 0.000423733
79, 0.0035902
80, 0.00869164
81, 0.00789088
82, 0.00322959
83, 0.00150579
84, 0.00371989
85, 0.00533648
86, 0.00458873
87, 0.00392084
88, 0.00396423
89, 0.00297235
90, 0.00199972
91, 0.00406468
92, 0.00731481
93, 0.0061934
94, 0.00139111
95, 0.000996767
96, 0.00738706
97, 0.0114779
98, 0.00654071
99, 0.000353596
100, 0.00379363
101, 0.0127493
102, 0.0136538
103, 0.00503421
104, 0.000602636
105, 0.00776549
106, 0.0157687
107, 0.0125936
108, 0.00321985
109, 0.00137067
110, 0.00901603
111, 0.0145036
112, 0.0102689
113, 0.00267086
114, 0.00158236
115, 0.00733084
116, 0.0118968
117, 0.00969219
118, 0.00362624
119, 0.00109522
120, 0.00514831
121, 0.0108175
122, 0.00722794
123, 0.000923999
124, 0.0036704
125, 0.0100911
126, 0.00775231
127, 0.000984425
128, 0.00226442
129, 0.00821313
130, 0.00696713
131, 0.00101927
132, 0.00109103
133, 0.00550272
134, 0.0052454
135, 0.00120028
136, 0.000402952
137, 0.00280597
138, 0.0036034
139, 0.00194811
140, 0.00042906
141, 0.000975263
142, 0.0031233
143, 0.00370514
144, 0.00118582
145, 0.000304956
146, 0.00433655
147, 0.0066093
148, 0.00234635
149, 0.000461987
150, 0.00697204
151, 0.0102899
152, 0.00344329
153, 0.000874061
154, 0.0101495
155, 0.013873
156, 0.00417962
157, 0.00109861
158, 0.0124313
159, 0.0161651
160, 0.00467165
161, 0.000948189
162, 0.0124915
163, 0.016414
164, 0.00524229
165, 0.000613606
166, 0.0101422
167, 0.014704
168, 0.0061815
169, 0.000542711
170, 0.00661099
171, 0.0120726
172, 0.00743649
173, 0.00111254
174, 0.00342237
175, 0.00964733
176, 0.00872933
177, 0.00216985
178, 0.00148889
179, 0.00783093
180, 0.00935318
181, 0.00296064
182, 0.000667733
183, 0.00655608
184, 0.00861563
185, 0.00268652
186, 0.000489363
187, 0.00542906
188, 0.00641275
189, 0.0014675
190, 0.000715683
191, 0.00421893
192, 0.00345019
193, 0.000297726
194, 0.00122853
195, 0.00275952
196, 0.000960288
197, 0.000190256
198, 0.00169865
199, 0.00121165
200, 0


0, 0
1, 0.00247209
2, 0.00514239
3, 0.00305534
4, 0.000299538
5, 0.00187362
6, 0.00470881
7, 0.003849
8, 0.000997662
9, 0.00120644
10, 0.00430772
11, 0.00490735
12, 0.00165277
13, 0.000637606
14, 0.00447471
15, 0.00607677
16, 0.00196802
17, 0.000390849
18, 0.00515832
19, 0.00697826
20, 0.00205135
21, 0.000464768
22, 0.00569963
23, 0.00733877
24, 0.00228281
25, 0.000770531
26, 0.00555227
27, 0.0070868
28, 0.00288906
29, 0.00124728
30, 0.00448969
31, 0.00634675
32, 0.00415398
33, 0.00181354
34, 0.00287207
35, 0.00584019
36, 0.00593397
37, 0.00243003
38, 0.00139131
39, 0.00545089
40, 0.00741068
41, 0.00303726
42, 0.000469677
43, 0.00524613
44, 0.00846115
45, 0.00362137
46, 9.57619e-05
47, 0.00523831
48, 0.00941558
49, 0.00443868
50, 1.10599e-05
51, 0.0052813
52, 0.0104784
53, 0.00548816
54, 2.91112e-05
55, 0.00518792
56, 0.0114597
57, 0.0066647
58, 8.2008e-05
59, 0.00512252
60, 0.0126637
61, 0.00791556
62, 0.000167655
63, 0.00537433
64, 0.0139423
65, 0.00880574
66, 0.000238724
67, 0.00614628
68, 0.0151684
69, 0.00889809
70, 0.000190175
71, 0.00740537
72, 0.0158858
73, 0.00798358
74, 8.87027e-05
75, 0.00859166
76, 0.0156889
77, 0.00658477
78, 0.000131395
79, 0.00900471
80, 0.0141343
81, 0.00862055
82, 0.00102133
83, 0.00171885
84, 0.00789831
85, 0.00954818
86, 0.0047733
87, 0.000874495
88, 0.00221133
89, 0.0049652
90, 0.00475269
91, 0.00284872
92, 0.00213065
93, 0.00225619
94, 0.00191908
95, 0.00233591
96, 0.0042634
97, 0.00494338
98, 0.00239651
99, 0.000228023
100, 0.00298198
101, 0.00815074
102, 0.00859366
103, 0.00337811
104, 0.000147422
105, 0.0041956
106, 0.0106375
107, 0.0111904
108, 0.00551368
109, 0.00115681
110, 0.00365921
111, 0.00999086
112, 0.0124995
113, 0.00810442
114, 0.00211775
115, 0.002396
116, 0.00922339
117, 0.0137747
118, 0.00941981
119, 0.00191736
120, 0.00217789
121, 0.0103064
122, 0.0105051
123, 0.00230989
124, 0.00232953
125, 0.0104894
126, 0.010181
127, 0.00211937
128, 0.00250169
129, 0.010074
130, 0.00919613
131, 0.00173682
132, 0.00247372
133, 0.00894341
134, 0.00751077
135, 0.00109564
136, 0.00206275
137, 0.00725833
138, 0.00565466
139, 0.000534411
140, 0.00149012
141, 0.00546672
142, 0.0044121
143, 0.000812887
144, 0.00109974
145, 0.0039379
146, 0.00465217
147, 0.00273972
148, 0.00111359
149, 0.0029041
150, 0.00683772
151, 0.00645962
152, 0.00155983
153, 0.00241659
154, 0.0103468
155, 0.0110563
156, 0.00234293
157, 0.00218534
158, 0.0134954
159, 0.0150766
160, 0.00337314
161, 0.00186296
162, 0.0147393
163, 0.0172432
164, 0.00445302
165, 0.00123972
166, 0.0134723
167, 0.0170878
168, 0.00531309
169, 0.000510815
170, 0.0103275
171, 0.0148443
172, 0.00574504
173, 8.2194e-05
174, 0.00660012
175, 0.0114264
176, 0.00575847
177, 0.000187612
178, 0.00344574
179, 0.00803773
180, 0.00552295
181, 0.000589612
182, 0.00151487
183, 0.00571629
184, 0.00503438
185, 0.000762427
186, 0.000885791
187, 0.00456253
188, 0.00404314
189, 0.000539779
190, 0.00123463
191, 0.00388578
192, 0.00241814
193, 0.000286264
194, 0.00193265
195, 0.00288699
196, 0.000740449
197, 0.000558633
198, 0.00243782
199, 0.00156169
200, 0


0, 0
1, 0.00448158
2, 0.0085284
3, 0.00373592
4, 7.04327e-05
5, 0.00455745
6, 0.00732412
7, 0.00281383
8, 0.000203452
9, 0.00372093
10, 0.00554173
11, 0.00234108
12, 0.000258587
13, 0.00230201
14, 0.00410901
15, 0.00254549
16, 0.000328106
17, 0.000929327
18, 0.00307863
19, 0.00298088
20, 0.000736155
21, 0.000190969
22, 0.0021708
23, 0.00323502
24, 0.00185506
25, 0.000486396
26, 0.00137674
27, 0.00352092
28, 0.00396289
29, 0.00184755
30, 0.00081838
31, 0.00381133
32, 0.00659533
33, 0.00392461
34, 0.000522455
35, 0.00393254
36, 0.00902826
37, 0.00611198
38, 0.000490617
39, 0.00385036
40, 0.0107852
41, 0.00794105
42, 0.000583584
43, 0.00361485
44, 0.0117182
45, 0.00886105
46, 0.000614548
47, 0.00354196
48, 0.0117615
49, 0.00861425
50, 0.000485015
51, 0.00387117
52, 0.0115951
53, 0.0076913
54, 0.000254453
55, 0.00456067
56, 0.0114578
57, 0.00657776
58, 8.19729e-05
59, 0.00546983
60, 0.0115167
61, 0.00557059
62, 5.84341e-05
63, 0.00681976
64, 0.0121088
65, 0.00486149
66, 0.000238197
67, 0.00871333
68, 0.0134353
69, 0.0044877
70, 0.00064961
71, 0.0110967
72, 0.0150348
73, 0.00419569
74, 0.00119511
75, 0.0130617
76, 0.0157548
77, 0.00368575
78, 0.00175002
79, 0.0138584
80, 0.0149131
81, 0.00576837
82, 0.000104559
83, 0.00545341
84, 0.0125925
85, 0.0105698
86, 0.0027529
87, 0.000250186
88, 0.00515017
89, 0.00892793
90, 0.00605785
91, 0.00115801
92, 0.000598201
93, 0.00361196
94, 0.00509627
95, 0.00344652
96, 0.00150352
97, 0.00129119
98, 0.0017335
99, 0.00169085
100, 0.00185353
101, 0.00279495
102, 0.00325065
103, 0.00199161
104, 0.000241951
105, 0.000655522
106, 0.0038943
107, 0.00705326
108, 0.00636116
109, 0.00224235
110, 0.000303191
111, 0.00471423
112, 0.0113204
113, 0.0115867
114, 0.00468234
115, 0.000448149
116, 0.00596197
117, 0.0141296
118, 0.0130867
119, 0.00425293
120, 0.000831563
121, 0.00800926
122, 0.0110519
123, 0.00370209
124, 0.00136136
125, 0.00877705
126, 0.0102447
127, 0.00274857
128, 0.00222516
129, 0.00985335
130, 0.00947198
131, 0.00184719
132, 0.00338616
133, 0.011138
134, 0.00866427
135, 0.000998214
136, 0.00462611
137, 0.0123157
138, 0.00777119
139, 0.000283089
140, 0.00561506
141, 0.0127088
142, 0.00682604
143, 2.6633e-05
144, 0.00573585
145, 0.0118084
146, 0.00637195
147, 0.000639774
148, 0.00479716
149, 0.00964031
150, 0.00669423
151, 0.00230618
152, 0.00328333
153, 0.00673651
154, 0.00766073
155, 0.00500633
156, 0.00208163
157, 0.00394263
158, 0.00903171
159, 0.00846761
160, 0.00202985
161, 0.00204502
162, 0.0103971
163, 0.0119616
164, 0.00307156
165, 0.00111453
166, 0.0112361
167, 0.0144271
168, 0.00432198
169, 0.000864656
170, 0.0110007
171, 0.0146455
172, 0.00476225
173, 0.000886567
174, 0.0095363
175, 0.0123098
176, 0.00393855
177, 0.000912777
178, 0.00711786
179, 0.00842502
180, 0.00247045
181, 0.000845628
182, 0.00464101
183, 0.00481976
184, 0.00123447
185, 0.000768052
186, 0.0030718
187, 0.00280849
188, 0.000581285
189, 0.000916361
190, 0.00299112
191, 0.00237768
192, 0.000284578
193, 0.00147406
194, 0.00407192
195, 0.00267187
196, 8.82349e-05
197, 0.00225705
198, 0.00519342
199, 0.00275059
200, 0


0, 0
1, 0.00465424
2, 0.00854486
3, 0.00336022
4, 0.000178636
5, 0.00529621
6, 0.00751427
7, 0.00232982
8, 0.000376312
9, 0.00476438
10, 0.0059811
11, 0.001811
12, 0.000279553
13, 0.0030337
14, 0.00396299
15, 0.00163358
16, 0.000139038
17, 0.000998517
18, 0.0020775
19, 0.00176846
20, 0.000618007
21, 2.75064e-05
22, 0.000749407
23, 0.00199633
24, 0.0020992
25, 0.000714769
26, 8.35048e-05
27, 0.00207938
28, 0.00424135
29, 0.00282137
30, 0.00012437
31, 0.00194787
32, 0.00645953
33, 0.00572183
34, 0.000764701
35, 0.00171538
36, 0.00849892
37, 0.00872358
38, 0.00162757
39, 0.00156765
40, 0.0100914
41, 0.0110109
42, 0.00224869
43, 0.00162108
44, 0.0113104
45, 0.0120726
46, 0.00220501
47, 0.00203642
48, 0.0120911
49, 0.0115104
50, 0.00146306
51, 0.00293574
52, 0.0124475
53, 0.00951649
54, 0.000461016
55, 0.00454307
56, 0.0123827
57, 0.00677878
58, 2.92724e-05
59, 0.00673562
60, 0.0120408
61, 0.00435482
62, 0.000541167
63, 0.00903398
64, 0.0114983
65, 0.00266283
66, 0.00162641
67, 0.0109323
68, 0.0110559
69, 0.00171259
70, 0.00260614
71, 0.0122366
72, 0.0107852
73, 0.00116872
74, 0.00328696
75, 0.0131262
76, 0.0106686
77, 0.000902801
78, 0.0038646
79, 0.0136732
80, 0.010449
81, 0.00224041
82, 0.00133958
83, 0.0089193
84, 0.0135697
85, 0.00855966
86, 0.0013536
87, 0.00213313
88, 0.00900491
89, 0.011701
90, 0.00660338
91, 0.000860066
92, 0.0013337
93, 0.00589204
94, 0.00784936
95, 0.00501008
96, 0.00109014
97, 9.45826e-05
98, 0.00192365
99, 0.00370992
100, 0.00349486
101, 0.00195148
102, 0.000944371
103, 0.00116244
104, 0.00164002
105, 0.00177175
106, 0.00241017
107, 0.00394007
108, 0.00448279
109, 0.00247078
110, 0.000410274
111, 0.00242701
112, 0.0074005
113, 0.00886685
114, 0.00421512
115, 5.60264e-05
116, 0.00345674
117, 0.0106101
118, 0.0113006
119, 0.0043857
120, 0.000474123
121, 0.00614303
122, 0.0100491
123, 0.00398842
124, 0.000939016
125, 0.00797606
126, 0.0103865
127, 0.00281992
128, 0.00187619
129, 0.0105072
130, 0.0102902
131, 0.00142546
132, 0.00373099
133, 0.0134524
134, 0.00983625
135, 0.000441545
136, 0.00635012
137, 0.016228
138, 0.0092231
139, 5.47422e-05
140, 0.00875161
141, 0.0178983
142, 0.00863378
143, 1.76032e-05
144, 0.00968257
145, 0.0178276
146, 0.00812647
147, 5.61272e-05
148, 0.0086506
149, 0.0156752
150, 0.00753677
151, 0.000257543
152, 0.0061928
153, 0.0120184
154, 0.00690528
155, 0.000999106
156, 0.00357658
157, 0.00789207
158, 0.0063999
159, 0.0025234
160, 0.00184591
161, 0.00421641
162, 0.00617194
163, 0.00466424
164, 0.00118267
165, 0.00180261
166, 0.00656939
167, 0.00671665
168, 0.00126913
169, 0.00117569
170, 0.00745481
171, 0.00773401
172, 0.00168639
173, 0.00225379
174, 0.00829483
175, 0.00727418
176, 0.00217031
177, 0.00417483
178, 0.00833628
179, 0.0055447
180, 0.00247104
181, 0.00573985
182, 0.0072681
183, 0.00322519
184, 0.00241236
185, 0.006209
186, 0.00565844
187, 0.00132791
188, 0.00193883
189, 0.00574688
190, 0.0046208
191, 0.000587674
192, 0.00113784
193, 0.00477987
194, 0.00463852
195, 0.00106608
196, 0.000342416
197, 0.00356853
198, 0.00507154
199, 0.00224534
200, 0


0, 0
1, 0.00301371
2, 0.00582689
3, 0.00272233
4, 0.000138102
5, 0.00309247
6, 0.00536034
7, 0.00273732
8, 0.000593336
9, 0.00250137
10, 0.00454204
11, 0.00338571
12, 0.00123744
13, 0.00145232
14, 0.00368849
15, 0.00435084
16, 0.00202244
17, 0.000454069
18, 0.0027223
19, 0.00502964
20, 0.00301026
21, 0.000110779
22, 0.00163076
23, 0.00488713
24, 0.00413855
25, 0.000886092
26, 0.0008247
27, 0.00400212
28, 0.00526896
29, 0.00283236
30, 0.000837072
31, 0.00284282
32, 0.00617292
33, 0.00538851
34, 0.00155206
35, 0.00187602
36, 0.00701942
37, 0.00793911
38, 0.00237217
39, 0.00122991
40, 0.00793689
41, 0.00979217
42, 0.00267466
43, 0.00112679
44, 0.00934436
45, 0.0107643
46, 0.00215296
47, 0.00182808
48, 0.0112457
49, 0.0105853
50, 0.00111272
51, 0.00349384
52, 0.0131556
53, 0.0092722
54, 0.000214026
55, 0.00597618
56, 0.0142021
57, 0.00694122
58, 5.951e-05
59, 0.00855373
60, 0.0137619
61, 0.00433641
62, 0.000850615
63, 0.0105444
64, 0.0120331
65, 0.00218078
66, 0.00217482
67, 0.0113334
68, 0.00957926
69, 0.000797864
70, 0.00348464
71, 0.0112401
72, 0.00741319
73, 0.000178771
74, 0.00441599
75, 0.0107839
76, 0.00603184
77, 5.03961e-05
78, 0.00489626
79, 0.0104877
80, 0.00555763
81, 0.000497007
82, 0.00274608
83, 0.00923799
84, 0.011044
85, 0.00592853
86, 0.00100428
87, 0.00276245
88, 0.00871222
89, 0.0113146
90, 0.00766001
91, 0.00236481
92, 0.00138041
93, 0.00548583
94, 0.00982306
95, 0.00937099
96, 0.00439079
97, 0.000396872
98, 0.00193482
99, 0.00693318
100, 0.00901311
101, 0.00557345
102, 0.00102931
103, 0.000732814
104, 0.00403683
105, 0.00605441
106, 0.00456997
107, 0.00221889
108, 0.00168217
109, 0.00230664
110, 0.00250385
111, 0.0026986
112, 0.00364235
113, 0.00387348
114, 0.00202067
115, 0.000419943
116, 0.0025142
117, 0.00652025
118, 0.0065853
119, 0.00204229
120, 0.000235811
121, 0.00560571
122, 0.00840083
123, 0.00258728
124, 0.000749493
125, 0.00856872
126, 0.0106074
127, 0.00227733
128, 0.00180516
129, 0.011987
130, 0.0119575
131, 0.00152119
132, 0.00350189
133, 0.0150652
134, 0.0121235
135, 0.000742133
136, 0.00558155
137, 0.0172795
138, 0.0113936
139, 0.000242494
140, 0.00739053
141, 0.0183492
142, 0.0105566
143, 6.5859e-05
144, 0.00840107
145, 0.0185359
146, 0.00997853
147, 4.5976e-05
148, 0.00836933
149, 0.0177686
150, 0.00943653
151, 5.44798e-05
152, 0.00741208
153, 0.0157055
154, 0.00834931
155, 5.40622e-05
156, 0.00576014
157, 0.0121473
158, 0.00636916
159, 7.81274e-05
160, 0.00367111
161, 0.00760413
162, 0.00403673
163, 0.000200484
164, 0.00163856
165, 0.0036159
166, 0.00239612
167, 0.00042271
168, 0.000318458
169, 0.00164917
170, 0.00214088
171, 0.00074626
172, 0.000240806
173, 0.00236128
174, 0.00315761
175, 0.00109832
176, 0.00160877
177, 0.00511982
178, 0.00458689
179, 0.00137043
180, 0.00387446
181, 0.00843793
182, 0.00564743
183, 0.00143269
184, 0.005741
185, 0.0106466
186, 0.00609851
187, 0.00118096
188, 0.00580409
189, 0.010585
190, 0.00609731
191, 0.000837095
192, 0.00378952
193, 0.00828484
194, 0.00592745
195, 0.000983963
196, 0.00118566
197, 0.00501538
198, 0.00577347
199, 0.00232594
200, 0


0, 0
1, 0.00102775
2, 0.00239324
3, 0.00191355
4, 0.000508239
5, 0.000542068
6, 0.00217994
7, 0.00310402
8, 0.00176663
9, 0.000354846
10, 0.00199537
11, 0.00468319
12, 0.0035475
13, 0.0004247
14, 0.00192064
15, 0.00644229
16, 0.00562605
17, 0.000732499
18, 0.00175501
19, 0.00786124
20, 0.0075728
21, 0.00124922
22, 0.00143065
23, 0.00824099
24, 0.00871331
25, 0.00199969
26, 0.00110717
27, 0.00755441
28, 0.00888285
29, 0.00290355
30, 0.00104474
31, 0.00604483
32, 0.00809492
33, 0.00388333
34, 0.00127316
35, 0.00425138
36, 0.00708317
37, 0.00490972
38, 0.00152389
39, 0.00292672
40, 0.00691126
41, 0.00599018
42, 0.00143287
43, 0.0024123
44, 0.00796359
45, 0.00696511
46, 0.000989465
47, 0.0030578
48, 0.0100466
49, 0.00738307
50, 0.000415023
51, 0.00480359
52, 0.0123946
53, 0.00705372
54, 7.7896e-05
55, 0.00718189
56, 0.0139445
57, 0.00587252
58, 0.000215076
59, 0.00926268
60, 0.0137328
61, 0.00406257
62, 0.000856367
63, 0.0103928
64, 0.0117202
65, 0.00210322
66, 0.0019265
67, 0.010557
68, 0.00895311
69, 0.000749075
70, 0.00306504
71, 0.00991239
72, 0.00636233
73, 0.000170754
74, 0.00397398
75, 0.00893094
76, 0.00456213
77, 0.000128572
78, 0.00440739
79, 0.00826774
80, 0.004006
81, 0.00041504
82, 0.00231312
83, 0.00698689
84, 0.00858384
85, 0.00542914
86, 0.00140492
87, 0.00128221
88, 0.00560539
89, 0.0100455
90, 0.00962314
91, 0.00442257
92, 0.000586642
93, 0.00367699
94, 0.0110638
95, 0.0138913
96, 0.00820935
97, 0.00109603
98, 0.00193871
99, 0.00974661
100, 0.0140333
101, 0.00903939
102, 0.00147476
103, 0.000898083
104, 0.00681997
105, 0.0102837
106, 0.00663448
107, 0.00116289
108, 0.000631599
109, 0.00415573
110, 0.00587916
111, 0.00376939
112, 0.00128191
113, 0.00128631
114, 0.00245308
115, 0.0028231
116, 0.00294599
117, 0.00343751
118, 0.00297464
119, 0.00141342
120, 0.00189728
121, 0.00576765
122, 0.00601963
123, 0.00157358
124, 0.00201213
125, 0.00862852
126, 0.00899886
127, 0.00182268
128, 0.00232656
129, 0.0114607
130, 0.0114914
131, 0.00194552
132, 0.00269146
133, 0.0135171
134, 0.0129155
135, 0.00186802
136, 0.00310253
137, 0.0147231
138, 0.0131902
139, 0.00154657
140, 0.00367597
141, 0.0154312
142, 0.0126736
143, 0.00104996
144, 0.00459153
145, 0.0159323
146, 0.0115308
147, 0.00057335
148, 0.00570916
149, 0.0159152
150, 0.00987579
151, 0.000376509
152, 0.00670494
153, 0.0146683
154, 0.00764615
155, 0.000620153
156, 0.00705841
157, 0.0118638
158, 0.00510214
159, 0.00120817
160, 0.00650558
161, 0.00805187
162, 0.00277356
163, 0.00175768
164, 0.00520283
165, 0.00428978
166, 0.00101693
167, 0.0018394
168, 0.00350175
169, 0.00173273
170, 0.000128693
171, 0.00139052
172, 0.00233367
173, 0.00116326
174, 6.39158e-05
175, 0.000755316
176, 0.00237373
177, 0.00259432
178, 0.000731945
179, 0.000298973
180, 0.00348933
181, 0.00533714
182, 0.00221461
183, 0.000307236
184, 0.00456667
185, 0.00811295
186, 0.00466235
187, 0.000894122
188, 0.00437664
189, 0.00969248
190, 0.0078956
191, 0.00212571
192, 0.00278067
193, 0.00965367
194, 0.0110668
195, 0.00393888
196, 0.000851566
197, 0.00824147
198, 0.0130713
199, 0.00610458
200, 0


0, 0
1, 0.000425557
2, 0.00127585
3, 0.0015828
4, 0.000825836
5, 5.56187e-05
6, 0.000977379
7, 0.00295467
8, 0.00291041
9, 0.000649515
10, 0.000654306
11, 0.00433359
12, 0.00561804
13, 0.00180154
14, 0.000515412
15, 0.00565598
16, 0.0081795
17, 0.00298035
18, 0.000476005
19, 0.00690302
20, 0.010408
21, 0.00383392
22, 0.000513163
23, 0.00815255
24, 0.0118643
25, 0.00400943
26, 0.000663066
27, 0.00893237
28, 0.0118221
29, 0.00340932
30, 0.000971422
31, 0.00884735
32, 0.0102421
33, 0.0024758
34, 0.00137011
35, 0.00804178
36, 0.00821356
37, 0.0019736
38, 0.00173997
39, 0.00679227
40, 0.00672742
41, 0.00223595
42, 0.00184416
43, 0.00571673
44, 0.00668277
45, 0.00312343
46, 0.00155594
47, 0.00534501
48, 0.00784219
49, 0.00392121
50, 0.00100504
51, 0.00565721
52, 0.00921139
53, 0.00408004
54, 0.000520164
55, 0.0065147
56, 0.0100512
57, 0.00349685
58, 0.000456142
59, 0.00765011
60, 0.0101222
61, 0.00261454
62, 0.000950348
63, 0.00869817
64, 0.00954105
65, 0.0018279
66, 0.00172789
67, 0.00899421
68, 0.00820673
69, 0.00121232
70, 0.00240055
71, 0.00862183
72, 0.00677923
73, 0.000864456
74, 0.0026438
75, 0.00788231
76, 0.00592863
77, 0.000802874
78, 0.00234054
79, 0.00721439
80, 0.0059122
81, 0.00190787
82, 0.000431053
83, 0.00380622
84, 0.00826225
85, 0.00813853
86, 0.003268
87, 0.000131132
88, 0.00379092
89, 0.0104893
90, 0.0118173
91, 0.00578061
92, 0.00025853
93, 0.00302756
94, 0.0111291
95, 0.0142868
96, 0.00829572
97, 0.000962164
98, 0.00214718
99, 0.0104236
100, 0.014601
101, 0.00894924
102, 0.00126575
103, 0.00208857
104, 0.00980931
105, 0.0129861
106, 0.00696727
107, 0.000520285
108, 0.00257204
109, 0.00912261
110, 0.00990913
111, 0.00391832
112, 5.38577e-05
113, 0.0032205
114, 0.00769778
115, 0.00688326
116, 0.0027999
117, 0.00147822
118, 0.00370234
119, 0.00554909
120, 0.00530735
121, 0.00487413
122, 0.00364442
123, 0.00296663
124, 0.00446514
125, 0.00678755
126, 0.00570179
127, 0.00227111
128, 0.00336786
129, 0.00843561
130, 0.0081014
131, 0.0021661
132, 0.0023134
133, 0.00971739
134, 0.0104349
135, 0.00245709
136, 0.00168482
137, 0.0106779
138, 0.0119105
139, 0.00256564
140, 0.00161811
141, 0.0114162
142, 0.0119245
143, 0.00200785
144, 0.00221365
145, 0.0116918
146, 0.0102055
147, 0.00111778
148, 0.00349685
149, 0.0111863
150, 0.00740475
151, 0.000918503
152, 0.00530447
153, 0.00978463
154, 0.00476057
155, 0.00210072
156, 0.00706603
157, 0.00771467
158, 0.00318869
159, 0.0043632
160, 0.00807714
161, 0.00541082
162, 0.002751
163, 0.00656105
164, 0.00796285
165, 0.00325718
166, 0.00277734
167, 0.0076122
168, 0.0068766
169, 0.00160924
170, 0.00248861
171, 0.00703745
172, 0.00538406
173, 0.000682381
174, 0.00147914
175, 0.00488647
176, 0.00398184
177, 0.000699303
178, 0.000306111
179, 0.0021736
180, 0.00288062
181, 0.00177613
182, 0.000410451
183, 0.000298109
184, 0.00197549
185, 0.00388819
186, 0.00314917
187, 0.000416977
188, 0.00119293
189, 0.00673062
190, 0.00859201
191, 0.0027524
192, 0.000577202
193, 0.00935589
194, 0.0148728
195, 0.00628555
196, 0.000153983
197, 0.0104852
198, 0.0190928
199, 0.00933983
200, 0


0, 0
1, 0.00161211
2, 0.00380231
3, 0.00308465
4, 0.000836852
5, 0.000853726
6, 0.00312288
7, 0.00431362
8, 0.00299587
9, 0.00136537
10, 0.00214385
11, 0.00483182
12, 0.00560879
13, 0.00293466
14, 0.00148476
15, 0.00496772
16, 0.00789544
17, 0.0044647
18, 0.00104525
19, 0.00537353
20, 0.00972623
21, 0.00499124
22, 0.000684535
23, 0.0063765
24, 0.0106075
25, 0.00420701
26, 0.000622636
27, 0.00792637
28, 0.0106961
29, 0.00275447
30, 0.00134253
31, 0.00994321
32, 0.00994178
33, 0.00128352
34, 0.00286931
35, 0.0112861
36, 0.00828043
37, 0.00046399
38, 0.00437696
39, 0.0111912
40, 0.00654435
41, 0.000431933
42, 0.00485471
43, 0.00968738
44, 0.0052438
45, 0.000803501
46, 0.00417373
47, 0.00758252
48, 0.00462931
49, 0.00116205
50, 0.00279367
51, 0.0057961
52, 0.00467778
53, 0.00128732
54, 0.00150873
55, 0.00501604
56, 0.00514502
57, 0.00123449
58, 0.000856282
59, 0.00511325
60, 0.00564987
61, 0.00117979
62, 0.000788702
63, 0.0056265
64, 0.00611452
65, 0.0013244
66, 0.00105138
67, 0.00616231
68, 0.00681272
69, 0.00188433
70, 0.0011317
71, 0.00627377
72, 0.00769689
73, 0.00273571
74, 0.000849053
75, 0.00593893
76, 0.00865302
77, 0.0036484
78, 0.000436554
79, 0.00573798
80, 0.00964647
81, 0.00704267
82, 0.00126274
83, 0.000903028
84, 0.00722733
85, 0.0113839
86, 0.0071798
87, 0.000739357
88, 0.00184872
89, 0.00939153
90, 0.0126275
91, 0.00684392
92, 0.000399674
93, 0.00264477
94, 0.010463
95, 0.0127496
96, 0.00630692
97, 0.00031231
98, 0.00335195
99, 0.0111356
100, 0.0124975
101, 0.005466
102, 0.000291241
103, 0.00482807
104, 0.0127708
105, 0.0124326
106, 0.00413507
107, 0.000391344
108, 0.00725845
109, 0.0147879
110, 0.0117154
111, 0.00251329
112, 0.000827383
113, 0.00900805
114, 0.0148612
115, 0.0100397
116, 0.00181101
117, 0.00146789
118, 0.00825496
119, 0.0120122
120, 0.00820235
121, 0.00288563
122, 0.00237622
123, 0.00605287
124, 0.00683321
125, 0.00432611
126, 0.00298241
127, 0.00387804
128, 0.00514888
129, 0.00554422
130, 0.00432538
131, 0.00253378
132, 0.00339127
133, 0.0063537
134, 0.00585926
135, 0.00183169
136, 0.00195077
137, 0.00676532
138, 0.00679271
139, 0.0013417
140, 0.00127124
141, 0.00695694
142, 0.00661415
143, 0.000911303
144, 0.00171594
145, 0.00691297
146, 0.00532774
147, 0.00088643
148, 0.00324965
149, 0.00652774
150, 0.00352137
151, 0.00177924
152, 0.00531121
153, 0.00557813
154, 0.00218139
155, 0.00381699
156, 0.00711936
157, 0.00421715
158, 0.00203554
159, 0.00662025
160, 0.00814619
161, 0.00297471
162, 0.00302399
163, 0.00917189
164, 0.00837831
165, 0.00226408
166, 0.00410363
167, 0.0103982
168, 0.00827333
169, 0.00210006
170, 0.00400882
171, 0.00975398
172, 0.00814342
173, 0.00231023
174, 0.00246046
175, 0.00745841
176, 0.00802464
177, 0.00294731
178, 0.000607337
179, 0.00460595
180, 0.00760937
181, 0.00408458
182, 0.000108542
183, 0.00241547
184, 0.00656214
185, 0.00564977
186, 0.00207627
187, 0.00175617
188, 0.00483035
189, 0.00730693
190, 0.00617721
191, 0.00268319
192, 0.00266746
193, 0.00830263
194, 0.0108739
195, 0.00466349
196, 0.000761506
197, 0.00815835
198, 0.0140381
199, 0.00681039
200, 0


0, 0
1, 0.00397913
2, 0.00884021
3, 0.0060421
4, 0.000780544
5, 0.00234173
6, 0.00756629
7, 0.0073177
8, 0.00259272
9, 0.0017505
10, 0.00566237
11, 0.00737976
12, 0.00446803
13, 0.0021813
14, 0.00389458
15, 0.00638622
16, 0.0057082
17, 0.00289252
18, 0.00247556
19, 0.00544353
20, 0.00654984
21, 0.00312877
22, 0.00155278
23, 0.00559592
24, 0.00734864
25, 0.0026737
26, 0.00135311
27, 0.00713308
28, 0.00801536
29, 0.00171339
30, 0.00221946
31, 0.00939482
32, 0.00790192
33, 0.000749823
34, 0.00388721
35, 0.0112873
36, 0.00710741
37, 0.000202331
38, 0.00566771
39, 0.0120235
40, 0.00566271
41, 9.70159e-05
42, 0.00675172
43, 0.0109987
44, 0.00395477
45, 0.000265562
46, 0.00637411
47, 0.00863443
48, 0.00258444
49, 0.000376741
50, 0.00495766
51, 0.00611475
52, 0.0018477
53, 0.00030462
54, 0.00318533
55, 0.00427997
56, 0.00181715
57, 0.000182628
58, 0.00160498
59, 0.00328735
60, 0.00239497
61, 0.000350168
62, 0.000623434
63, 0.00305591
64, 0.00359552
65, 0.00114573
66, 0.000150591
67, 0.00311158
68, 0.00538641
69, 0.00275585
70, 3.76446e-05
71, 0.00329604
72, 0.0076532
73, 0.00499663
74, 0.000198658
75, 0.0033893
76, 0.00978001
77, 0.00720703
78, 0.000477364
79, 0.00335579
80, 0.0110223
81, 0.0124727
82, 0.00540557
83, 2.90038e-05
84, 0.00424174
85, 0.0117224
86, 0.0111275
87, 0.00336594
88, 0.000196885
89, 0.00617427
90, 0.0116234
91, 0.00780073
92, 0.000835387
93, 0.00191668
94, 0.00930564
95, 0.0110852
96, 0.00437266
97, 0.000100425
98, 0.00552031
99, 0.0124065
100, 0.00996743
101, 0.00201106
102, 0.00114079
103, 0.00936905
104, 0.0148083
105, 0.00938288
106, 0.00102131
107, 0.00235127
108, 0.0122527
109, 0.0171412
110, 0.0100947
111, 0.000931244
112, 0.00275242
113, 0.013563
114, 0.0186645
115, 0.0110911
116, 0.00123261
117, 0.00239168
118, 0.0125468
119, 0.0174776
120, 0.0107203
121, 0.00172289
122, 0.00239945
123, 0.0099345
124, 0.0093833
125, 0.00239613
126, 0.00174328
127, 0.00670778
128, 0.00701899
129, 0.00275797
130, 0.00155541
131, 0.00372448
132, 0.00431109
133, 0.00273502
134, 0.00149763
135, 0.00144721
136, 0.0021266
137, 0.00247924
138, 0.00136636
139, 0.000203589
140, 0.001189
141, 0.00238333
142, 0.00112775
143, 9.01328e-05
144, 0.00178698
145, 0.00264698
146, 0.000876223
147, 0.00102029
148, 0.00357182
149, 0.00303781
150, 0.000724656
151, 0.00273363
152, 0.0056154
153, 0.0030878
154, 0.000828312
155, 0.00475315
156, 0.00707785
157, 0.00275543
158, 0.00128137
159, 0.00645471
160, 0.00772391
161, 0.00250926
162, 0.00186833
163, 0.0073985
164, 0.0081383
165, 0.00289867
166, 0.00213554
167, 0.00760579
168, 0.00934288
169, 0.00422656
170, 0.00179608
171, 0.00742395
172, 0.0116952
173, 0.00637838
174, 0.00102504
175, 0.00709245
176, 0.014528
177, 0.00883998
178, 0.000411954
179, 0.00646644
180, 0.0163067
181, 0.0107674
182, 0.000448095
183, 0.00532015
184, 0.0155563
185, 0.0113155
186, 0.00121483
187, 0.00373349
188, 0.0119729
189, 0.00992235
190, 0.00237235
191, 0.00207413
192, 0.00665022
193, 0.0070697
194, 0.0034663
195, 0.00112272
196, 0.00189155
197, 0.00390438
198, 0.00407839
199, 0.0016633
200, 0


0, 0
1, 0.00697897
2, 0.0147336
3, 0.00872465
4, 0.000364377
5, 0.0049356
6, 0.0129109
7, 0.00910872
8, 0.00110506
9, 0.00334193
10, 0.0101501
11, 0.008246
12, 0.00173482
13, 0.00241722
14, 0.00746304
15, 0.00681951
16, 0.00224025
17, 0.00197052
18, 0.00538701
19, 0.0058553
20, 0.00294632
21, 0.00190975
22, 0.00415793
23, 0.00572237
24, 0.00398613
25, 0.00186016
26, 0.00341939
27, 0.00635759
28, 0.00499931
29, 0.00152007
30, 0.00323485
31, 0.00744884
32, 0.00543234
33, 0.000879257
34, 0.00359543
35, 0.0084135
36, 0.00495069
37, 0.000243551
38, 0.00447125
39, 0.0088059
40, 0.00390317
41, 8.50918e-05
42, 0.00538186
43, 0.00847353
44, 0.00287043
45, 0.000363729
46, 0.00599787
47, 0.0078127
48, 0.00218894
49, 0.000691228
50, 0.00572714
51, 0.00664771
52, 0.00180341
53, 0.000565935
54, 0.00437569
55, 0.00531124
56, 0.00172316
57, 0.000136801
58, 0.00269679
59, 0.00429052
60, 0.00217414
61, 7.18567e-05
62, 0.00128368
63, 0.00353614
64, 0.00323933
65, 0.00104052
66, 0.000519345
67, 0.00286346
68, 0.00476489
69, 0.00303167
70, 0.000471929
71, 0.00230793
72, 0.00637701
73, 0.00540927
74, 0.000839075
75, 0.00183996
76, 0.00781661
77, 0.00771937
78, 0.0013929
79, 0.00151256
80, 0.00889288
81, 0.013135
82, 0.00794376
83, 0.00071519
84, 0.00222591
85, 0.0101759
86, 0.0122436
87, 0.0051612
88, 1.91479e-05
89, 0.00470709
90, 0.011075
91, 0.00840573
92, 0.00116796
93, 0.00159376
94, 0.00890303
95, 0.0105958
96, 0.00371911
97, 0.000143826
98, 0.00661136
99, 0.0129791
100, 0.00880503
101, 0.000886333
102, 0.00250654
103, 0.0121956
104, 0.0156147
105, 0.00761077
106, 0.000165989
107, 0.00466511
108, 0.015311
109, 0.0175002
110, 0.0082205
111, 0.000235466
112, 0.00460771
113, 0.0158133
114, 0.0190876
115, 0.0100443
116, 0.000661205
117, 0.00356059
118, 0.0148074
119, 0.0190131
120, 0.0104163
121, 0.00080325
122, 0.0034949
123, 0.0119804
124, 0.00912806
125, 0.000806492
126, 0.00248573
127, 0.00867454
128, 0.00633255
129, 0.00051079
130, 0.00163315
131, 0.00509632
132, 0.00323949
133, 0.000164707
134, 0.000964472
135, 0.00227113
136, 0.00109077
137, 5.30709e-06
138, 0.000525095
139, 0.000890642
140, 0.000442667
141, 9.5759e-05
142, 0.000284902
143, 0.000852769
144, 0.00106752
145, 0.000377778
146, 0.000181878
147, 0.0016434
148, 0.00239891
149, 0.00078383
150, 0.000187443
151, 0.00270846
152, 0.00391727
153, 0.00136058
154, 0.000291078
155, 0.00350987
156, 0.00525467
157, 0.00229688
158, 0.000466181
159, 0.00363783
160, 0.0063884
161, 0.00385152
162, 0.000679644
163, 0.00322605
164, 0.00786928
165, 0.00620536
166, 0.000906596
167, 0.00299152
168, 0.0104428
169, 0.00917968
170, 0.00107781
171, 0.00355113
172, 0.014189
173, 0.0122021
174, 0.00113482
175, 0.00476325
176, 0.0179499
177, 0.0144542
178, 0.00111946
179, 0.00568094
180, 0.0197126
181, 0.0151047
182, 0.0011728
183, 0.00532392
184, 0.0180787
185, 0.0137845
186, 0.00137504
187, 0.00366743
188, 0.0131735
189, 0.0106751
190, 0.00174979
191, 0.00161174
192, 0.00694489
193, 0.00674443
194, 0.00218934
195, 0.000415277
196, 0.00193766
197, 0.00311103
198, 0.00242877
199, 0.000833613
200, 0


0, 0
1, 0.00918074
2, 0.0180004
3, 0.00855542
4, 9.11489e-06
5, 0.0088778
6, 0.0161355
7, 0.00706909
8, 4.33329e-05
9, 0.00789677
10, 0.013377
11, 0.00543577
12, 0.000153805
13, 0.00692661
14, 0.0109814
15, 0.00435913
16, 0.000419514
17, 0.00590542
18, 0.00913705
19, 0.00412344
20, 0.000844533
21, 0.00466549
22, 0.00743345
23, 0.00428794
24, 0.00142792
25, 0.00333218
26, 0.00576229
27, 0.00449811
28, 0.00195973
29, 0.00212012
30, 0.00421169
31, 0.00453836
32, 0.00229168
33, 0.00109076
34, 0.00311734
35, 0.00460291
36, 0.00230705
37, 0.000377907
38, 0.00278923
39, 0.0048131
40, 0.00213014
41, 6.6275e-05
42, 0.00304693
43, 0.00518757
44, 0.0021011
45, 0.000117111
46, 0.00345963
47, 0.00563541
48, 0.00242163
49, 0.000283422
50, 0.00364458
51, 0.00634641
52, 0.00330564
53, 0.000328395
54, 0.00353429
55, 0.00737002
56, 0.00453353
57, 0.000255936
58, 0.00296005
59, 0.00782536
60, 0.00554227
61, 0.000379723
62, 0.00208034
63, 0.00717974
64, 0.0060355
65, 0.00104353
66, 0.00128853
67, 0.00569689
68, 0.00613025
69, 0.00228335
70, 0.000947202
71, 0.00387822
72, 0.00592235
73, 0.00387833
74, 0.00113473
75, 0.00237137
76, 0.00588596
77, 0.00548818
78, 0.00144106
79, 0.00148927
80, 0.00643354
81, 0.00946611
82, 0.00567955
83, 0.000421879
84, 0.00219509
85, 0.00896787
86, 0.0102362
87, 0.00379649
88, 7.43667e-05
89, 0.00566219
90, 0.011948
91, 0.00867943
92, 0.00111561
93, 0.00182187
94, 0.01
95, 0.0124754
96, 0.0051719
97, 5.96412e-05
98, 0.00573131
99, 0.0133687
100, 0.0107449
101, 0.0020713
102, 0.00151994
103, 0.0107904
104, 0.0159418
105, 0.00898854
106, 0.000573646
107, 0.00414943
108, 0.0153474
109, 0.0180127
110, 0.00813577
111, 0.000145374
112, 0.00582156
113, 0.0171518
114, 0.0179895
115, 0.00728003
116, 2.34295e-05
117, 0.00566849
118, 0.015289
119, 0.0150365
120, 0.00565489
121, 0.000167045
122, 0.00502256
123, 0.00929819
124, 0.00454878
125, 0.000680814
126, 0.00444333
127, 0.00684782
128, 0.00311283
129, 0.00146594
130, 0.00445781
131, 0.0046128
132, 0.0016345
133, 0.00212644
134, 0.00434611
135, 0.00275097
136, 0.00055531
137, 0.00224031
138, 0.00371099
139, 0.00154257
140, 5.96912e-05
141, 0.00173352
142, 0.00266333
143, 0.00110568
144, 0.000105858
145, 0.000923649
146, 0.00158706
147, 0.00122003
148, 0.000618252
149, 0.000340139
150, 0.000650487
151, 0.00143038
152, 0.00161819
153, 0.000663808
154, 6.43121e-05
155, 0.00139174
156, 0.00318878
157, 0.00250001
158, 0.000245804
159, 0.00115993
160, 0.00534303
161, 0.00591109
162, 0.00137015
163, 0.000992173
164, 0.0079192
165, 0.010087
166, 0.00286182
167, 0.00108271
168, 0.0105146
169, 0.0135471
170, 0.00377653
171, 0.00138103
172, 0.0126353
173, 0.015187
174, 0.00361547
175, 0.00174761
176, 0.0136937
177, 0.014847
178, 0.00286195
179, 0.00206803
180, 0.0131223
181, 0.0131643
182, 0.00272269
183, 0.00230088
184, 0.0108794
185, 0.0112188
186, 0.00399556
187, 0.00256501
188, 0.00742795
189, 0.00945941
190, 0.00641907
191, 0.00307386
192, 0.00373538
193, 0.00790111
194, 0.00906012
195, 0.00395434
196, 0.000992131
197, 0.006502
198, 0.0107349
199, 0.00514165
200, 0


0, 0
1, 0.00888121
2, 0.0161147
3, 0.00591401
4, 0.000607078
5, 0.0117528
6, 0.0151428
7, 0.00353489
8, 0.00189765
9, 0.0135293
10, 0.0136652
11, 0.00210966
12, 0.00277262
13, 0.0135
14, 0.0118978
15, 0.00144602
16, 0.00273197
17, 0.0117714
18, 0.00999857
19, 0.00130049
20, 0.00210869
21, 0.00917909
22, 0.00812471
23, 0.00142963
24, 0.00131333
25, 0.00625467
26, 0.00613694
27, 0.0015827
28, 0.000715526
29, 0.00369004
30, 0.004284
31, 0.00170929
32, 0.000469456
33, 0.00185784
34, 0.00290715
35, 0.00189613
36, 0.000508378
37, 0.000735574
38, 0.00199626
39, 0.00220001
40, 0.000886714
41, 0.000170714
42, 0.00147364
43, 0.00276873
44, 0.00168374
45, 5.67767e-05
46, 0.00130501
47, 0.00384156
48, 0.00307641
49, 0.000268565
50, 0.00135434
51, 0.0054874
52, 0.00508346
53, 0.000667139
54, 0.00152026
55, 0.00734668
56, 0.00722127
57, 0.00118357
58, 0.00151124
59, 0.00863966
60, 0.00904737
61, 0.00180056
62, 0.00129306
63, 0.00899097
64, 0.00994164
65, 0.00228468
66, 0.00100456
67, 0.00823217
68, 0.00940934
69, 0.00244214
70, 0.000824435
71, 0.00663203
72, 0.00786972
73, 0.00248511
74, 0.000800136
75, 0.00486087
76, 0.00620672
77, 0.0026463
78, 0.000840481
79, 0.00343379
80, 0.00536634
81, 0.00475698
82, 0.00195039
83, 0.00062409
84, 0.00355077
85, 0.00756609
86, 0.00672235
87, 0.00177197
88, 0.000671959
89, 0.00658976
90, 0.0115967
91, 0.00800688
92, 0.00104671
93, 0.00193085
94, 0.0104745
95, 0.0143355
96, 0.0075905
97, 0.000400364
98, 0.00409049
99, 0.0135737
100, 0.0146009
101, 0.00556263
102, 0.000438536
103, 0.00745685
104, 0.0158238
105, 0.0124076
106, 0.00250755
107, 0.00193742
108, 0.0117548
109, 0.0163
110, 0.00819304
111, 0.000229319
112, 0.00469801
113, 0.014053
114, 0.0134746
115, 0.00414899
116, 0.000439135
117, 0.0068337
118, 0.0123137
119, 0.00864272
120, 0.00221766
121, 0.00239674
122, 0.00599773
123, 0.00472117
124, 0.0018321
125, 0.0035955
126, 0.00553488
127, 0.00306723
128, 0.00174105
129, 0.00484533
130, 0.00580698
131, 0.00227305
132, 0.00174098
133, 0.0057398
134, 0.00613328
135, 0.00192304
136, 0.00157784
137, 0.00570487
138, 0.00589246
139, 0.00171784
140, 0.001039
141, 0.00439785
142, 0.00492451
143, 0.00168898
144, 0.000295223
145, 0.00232755
146, 0.00358223
147, 0.00191673
148, 8.91859e-05
149, 0.000710072
150, 0.00234642
151, 0.00237824
152, 0.00116539
153, 0.000831995
154, 0.00172345
155, 0.00282052
156, 0.00349687
157, 0.0030746
158, 0.00197681
159, 0.00290934
160, 0.00611039
161, 0.00659588
162, 0.00293609
163, 0.00244426
164, 0.0079109
165, 0.00988612
166, 0.00397947
167, 0.00153857
168, 0.00835441
169, 0.0115914
170, 0.00443286
171, 0.000587498
172, 0.00747807
173, 0.0111449
174, 0.00419417
175, 0.000119839
176, 0.00584547
177, 0.00918295
178, 0.00402375
179, 0.000555779
180, 0.00410845
181, 0.00714327
182, 0.00503751
183, 0.00204623
184, 0.00260699
185, 0.00627648
186, 0.0080838
187, 0.00435944
188, 0.00145994
189, 0.00706135
190, 0.0127357
191, 0.00691462
192, 0.000681751
193, 0.00874576
194, 0.0173277
195, 0.00904492
196, 0.000179634
197, 0.0100502
198, 0.0201866
199, 0.0101887
200, 0


0, 0
1, 0.00778691
2, 0.0135823
3, 0.00427781
4, 0.000973951
5, 0.0116924
6, 0.0129423
7, 0.00193982
8, 0.0032143
9, 0.0146528
10, 0.0117348
11, 0.000808672
12, 0.00532124
13, 0.0156992
14, 0.0102057
15, 0.000457022
16, 0.00608132
17, 0.0145324
18, 0.00847377
19, 0.000380091
20, 0.0052861
21, 0.01167
22, 0.00665635
23, 0.000325051
24, 0.00371521
25, 0.00844012
26, 0.00514108
27, 0.000326013
28, 0.00205743
29, 0.00559588
30, 0.00404362
31, 0.000480854
32, 0.000720208
33, 0.00322478
34, 0.00321599
35, 0.000918799
36, 8.76024e-05
37, 0.00154448
38, 0.00257652
39, 0.00164872
40, 0.000377781
41, 0.000652504
42, 0.00203652
43, 0.00257725
44, 0.00155367
45, 0.000626433
46, 0.00162575
47, 0.00352758
48, 0.00334057
49, 0.00119877
50, 0.00122667
51, 0.00440894
52, 0.00540476
53, 0.00202844
54, 0.000852941
55, 0.00522645
56, 0.00739187
57, 0.00283461
58, 0.000580791
59, 0.00624313
60, 0.00930099
61, 0.00336827
62, 0.000458941
63, 0.00731611
64, 0.0104859
65, 0.00334865
66, 0.00055443
67, 0.00813965
68, 0.0104857
69, 0.00267416
70, 0.000939179
71, 0.00859667
72, 0.00922787
73, 0.00156992
74, 0.00160025
75, 0.00842341
76, 0.00723327
77, 0.000804382
78, 0.0021422
79, 0.00753579
80, 0.0058634
81, 0.0018549
82, 0.000983118
83, 0.00364527
84, 0.00615532
85, 0.00594146
86, 0.003496
87, 0.00151216
88, 0.00269259
89, 0.00677389
90, 0.00926821
91, 0.00642222
92, 0.00158511
93, 0.00233324
94, 0.00950855
95, 0.0138859
96, 0.00883957
97, 0.00132876
98, 0.00310845
99, 0.01273
100, 0.0162887
101, 0.00819371
102, 0.000551258
103, 0.00485414
104, 0.0139682
105, 0.0133565
106, 0.00399663
107, 0.000357386
108, 0.00689585
109, 0.0116773
110, 0.00669773
111, 0.000398516
112, 0.00241912
113, 0.00793268
114, 0.00719033
115, 0.00207279
116, 0.00157952
117, 0.00581099
118, 0.00696261
119, 0.00360945
120, 0.00250874
121, 0.00592592
122, 0.00563224
123, 0.00205816
124, 0.00348356
125, 0.00725852
126, 0.00521038
127, 0.00141234
128, 0.00376909
129, 0.00746469
130, 0.00498483
131, 0.00117636
132, 0.00323386
133, 0.00691582
134, 0.00527595
135, 0.00146246
136, 0.00220712
137, 0.00591178
138, 0.00609343
139, 0.00252406
140, 0.00115036
141, 0.00441643
142, 0.00711078
143, 0.00442517
144, 0.000565111
145, 0.00270759
146, 0.00782474
147, 0.00666072
148, 0.000941646
149, 0.00148936
150, 0.00778278
151, 0.00827291
152, 0.00238926
153, 0.00143127
154, 0.00685619
155, 0.00845545
156, 0.00428281
157, 0.00252363
158, 0.00528441
159, 0.00696437
160, 0.00560183
161, 0.00401447
162, 0.00361928
163, 0.00429706
164, 0.0054678
165, 0.00495224
166, 0.00236411
167, 0.00158344
168, 0.00398537
169, 0.00489467
170, 0.00200438
171, 8.18588e-05
172, 0.00210692
173, 0.00405694
174, 0.00268501
175, 0.000556104
176, 0.000811416
177, 0.00300438
178, 0.00446135
179, 0.00289949
180, 0.000438285
181, 0.00249221
182, 0.00735571
183, 0.00615196
184, 0.00056935
185, 0.00294407
186, 0.0111319
187, 0.00927749
188, 0.000656933
189, 0.00452826
190, 0.015599
191, 0.0115631
192, 0.000465421
193, 0.00706358
194, 0.019916
195, 0.0125585
196, 0.000152078
197, 0.00985487
198, 0.0227193
199, 0.011975
200, 0


0, 0
1, 0.00746855
2, 0.0133815
3, 0.00473094
4, 0.000525279
5, 0.00976829
6, 0.0118984
7, 0.00227115
8, 0.00201029
9, 0.0114272
10, 0.00978285
11, 0.000819971
12, 0.00401339
13, 0.0122347
14, 0.00789602
15, 0.00059417
16, 0.00576872
17, 0.0121937
18, 0.00671835
19, 0.00111496
20, 0.0064997
21, 0.011339
22, 0.00613085
23, 0.00143249
24, 0.0056649
25, 0.00971998
26, 0.00584161
27, 0.00130777
28, 0.00372373
29, 0.00774624
30, 0.00577378
31, 0.00118029
32, 0.00162448
33, 0.00567935
34, 0.00584491
35, 0.00166554
36, 0.000257977
37, 0.00372114
38, 0.00567267
39, 0.00274448
40, 0.000164941
41, 0.00215838
42, 0.00499774
43, 0.00399763
44, 0.00127932
45, 0.00140769
46, 0.00383035
47, 0.0046416
48, 0.00295278
49, 0.00160345
50, 0.00270754
51, 0.00470118
52, 0.00452502
53, 0.00235501
54, 0.00191477
55, 0.0045045
56, 0.00583787
57, 0.00307482
58, 0.00123631
59, 0.00447997
60, 0.00683476
61, 0.00313225
62, 0.000696566
63, 0.00515111
64, 0.00757595
65, 0.00250067
66, 0.000679492
67, 0.00677134
68, 0.00806296
69, 0.00154457
70, 0.00155049
71, 0.00891581
72, 0.00814051
73, 0.000774675
74, 0.00292717
75, 0.0107268
76, 0.00795418
77, 0.000387901
78, 0.0040566
79, 0.0115997
80, 0.007516
81, 0.0010257
82, 0.0017182
83, 0.00808817
84, 0.0106975
85, 0.00642964
86, 0.00172672
87, 0.00256014
88, 0.00697551
89, 0.00933538
90, 0.00757379
91, 0.00422616
92, 0.00284226
93, 0.00505554
94, 0.00908221
95, 0.0103851
96, 0.00652509
97, 0.00186799
98, 0.00329243
99, 0.00963669
100, 0.0117456
101, 0.00580307
102, 0.000288099
103, 0.00320639
104, 0.00945186
105, 0.00894649
106, 0.00263872
107, 0.000338167
108, 0.00447075
109, 0.00707061
110, 0.00393875
111, 0.000886718
112, 0.00260228
113, 0.00492182
114, 0.0033421
115, 0.00117472
116, 0.00278032
117, 0.00518933
118, 0.00382042
119, 0.0012096
120, 0.0026645
121, 0.00653663
122, 0.00455781
123, 0.00114951
124, 0.00400266
125, 0.00754136
126, 0.00475654
127, 0.00150681
128, 0.00425405
129, 0.00764324
130, 0.00545928
131, 0.00187065
132, 0.00315897
133, 0.00706345
134, 0.00685647
135, 0.00254452
136, 0.00143319
137, 0.00614987
138, 0.00897054
139, 0.00438988
140, 0.000255162
141, 0.00511285
142, 0.0114295
143, 0.00765433
144, 0.000375998
145, 0.00399701
146, 0.0132887
147, 0.0112573
148, 0.00155623
149, 0.00286944
150, 0.0133264
151, 0.0132712
152, 0.00291829
153, 0.00182854
154, 0.0110421
155, 0.0122718
156, 0.00357929
157, 0.000965508
158, 0.00697639
159, 0.0086469
160, 0.00327693
161, 0.000476755
162, 0.00289334
163, 0.0042082
164, 0.00221983
165, 0.000465986
166, 0.000508121
167, 0.000946993
168, 0.000964702
169, 0.000799096
170, 0.000568173
171, 0.000225336
172, 0.000213663
173, 0.0013001
174, 0.00268183
175, 0.00209389
176, 0.000348121
177, 0.00175673
178, 0.00578095
179, 0.00562567
180, 0.00123253
181, 0.00216742
182, 0.0091165
183, 0.00952885
184, 0.00223097
185, 0.00267857
186, 0.0122097
187, 0.0124807
188, 0.00256212
189, 0.00348657
190, 0.0148822
191, 0.0134376
192, 0.00182687
193, 0.00484497
194, 0.016775
195, 0.0122039
196, 0.000597347
197, 0.0069205
198, 0.0177509
199, 0.00964982
200, 0


0, 0
1, 0.0064802
2, 0.0120183
3, 0.00481476
4, 0.000242148
5, 0.00753702
6, 0.0106435
7, 0.00304608
8, 0.00090389
9, 0.00792298
10, 0.00851669
11, 0.0016766
12, 0.00186366
13, 0.00791931
14, 0.00671502
15, 0.00114286
16, 0.00294191
17, 0.0081112
18, 0.00607681
19, 0.00138551
20, 0.00383465
21, 0.00888179
22, 0.00685773
23, 0.00193436
24, 0.00416926
25, 0.00998646
26, 0.00851165
27, 0.00235539
28, 0.00354534
29, 0.0104932
30, 0.010062
31, 0.00263057
32, 0.00210684
33, 0.0095961
34, 0.0109734
35, 0.00335574
36, 0.000624005
37, 0.0074112
38, 0.0108701
39, 0.00469183
40, 1.18761e-05
41, 0.00462147
42, 0.00955357
43, 0.00602105
44, 0.000660875
45, 0.00259063
46, 0.007447
47, 0.00647428
48, 0.00196151
49, 0.00174099
50, 0.00529007
51, 0.00597843
52, 0.0030515
53, 0.00167632
54, 0.00352982
55, 0.00493485
56, 0.00358991
57, 0.00172668
58, 0.00232067
59, 0.00426341
60, 0.00395245
61, 0.00165713
62, 0.00167002
63, 0.00438279
64, 0.00459144
65, 0.00150776
66, 0.00159663
67, 0.00562099
68, 0.00563263
69, 0.00124238
70, 0.00211027
71, 0.00777405
72, 0.00688762
73, 0.000938786
74, 0.00301172
75, 0.0102824
76, 0.00808469
77, 0.000679981
78, 0.00412426
79, 0.0126353
80, 0.00902058
81, 0.00158889
82, 0.0019675
83, 0.0106286
84, 0.0153716
85, 0.00928767
86, 0.0014099
87, 0.00328411
88, 0.0116431
89, 0.0139373
90, 0.00733772
91, 0.00164934
92, 0.00361774
93, 0.00848291
94, 0.00902403
95, 0.00519384
96, 0.00182927
97, 0.00172304
98, 0.00376896
99, 0.00512464
100, 0.00388549
101, 0.00110259
102, 0.000118668
103, 0.00212728
104, 0.00393244
105, 0.00266878
106, 0.000637238
107, 0.00148921
108, 0.00375952
109, 0.00346473
110, 0.00137795
111, 0.00172355
112, 0.00440164
113, 0.00485852
114, 0.00215619
115, 0.000901322
116, 0.0034288
117, 0.0057289
118, 0.00408724
119, 0.00104996
120, 0.00131509
121, 0.00452375
122, 0.00433181
123, 0.00133054
124, 0.00152863
125, 0.00487876
126, 0.00542796
127, 0.00209667
128, 0.00136081
129, 0.00587218
130, 0.00812214
131, 0.00338035
132, 0.000862273
133, 0.00744418
134, 0.0118735
135, 0.00508223
136, 0.000305175
137, 0.00867972
138, 0.0153357
139, 0.00717053
140, 1.67675e-05
141, 0.00858707
142, 0.0170761
143, 0.00934032
144, 0.000165902
145, 0.00688094
146, 0.0164368
147, 0.0108876
148, 0.000735575
149, 0.00416783
150, 0.0135306
151, 0.0111204
152, 0.00164657
153, 0.00170341
154, 0.00927232
155, 0.00964526
156, 0.00269041
157, 0.000510832
158, 0.00480865
159, 0.00667924
160, 0.00354338
161, 0.000788076
162, 0.00139252
163, 0.00342713
164, 0.00399549
165, 0.00203545
166, 7.83552e-05
167, 0.00136762
168, 0.00398728
169, 0.00349199
170, 0.0010695
171, 0.00131182
172, 0.00374269
173, 0.00460046
174, 0.0037154
175, 0.00317351
176, 0.00357003
177, 0.00507895
178, 0.0068639
179, 0.00608017
180, 0.00351869
181, 0.00491012
182, 0.00948683
183, 0.00875145
184, 0.00331804
185, 0.00427261
186, 0.0110055
187, 0.0101663
188, 0.0026321
189, 0.00362817
190, 0.0116339
191, 0.0100045
192, 0.00151945
193, 0.00365077
194, 0.0118306
195, 0.00853524
196, 0.000446313
197, 0.00465284
198, 0.011949
199, 0.00647993
200, 0


0, 0
1, 0.00433259
2, 0.00826121
3, 0.00366213
4, 0.000214123
5, 0.00493305
6, 0.00790299
7, 0.00321145
8, 0.000681916
9, 0.00522419
10, 0.00737749
11, 0.00298994
12, 0.000986835
13, 0.00515224
14, 0.00705299
15, 0.00291585
16, 0.000977162
17, 0.00521717
18, 0.00733464
19, 0.00295682
20, 0.000882714
21, 0.00599869
22, 0.00848795
23, 0.00309149
24, 0.000975985
25, 0.007741
26, 0.0106649
27, 0.00365366
28, 0.00117641
29, 0.00982413
30, 0.0134862
31, 0.00479501
32, 0.00102329
33, 0.0107597
34, 0.0158727
35, 0.00630605
36, 0.000500209
37, 0.00991523
38, 0.0164679
39, 0.00748482
40, 7.98756e-05
41, 0.00777293
42, 0.0149929
43, 0.0077867
44, 5.6695e-05
45, 0.00540473
46, 0.0120044
47, 0.00704304
48, 0.000324734
49, 0.00351068
50, 0.00873613
51, 0.00570163
52, 0.00063236
53, 0.00238752
54, 0.00614729
55, 0.00452878
56, 0.00107476
57, 0.00189257
58, 0.00461299
59, 0.00415802
60, 0.00180923
61, 0.00178556
62, 0.00386749
63, 0.00457937
64, 0.00296896
65, 0.00186543
66, 0.00348623
67, 0.005483
68, 0.00434546
69, 0.00200997
70, 0.00329444
71, 0.00672699
72, 0.0059327
73, 0.0021011
74, 0.00339988
75, 0.00870167
76, 0.00772596
77, 0.00197535
78, 0.00397216
79, 0.0113222
80, 0.00930473
81, 0.00293729
82, 0.00233806
83, 0.00988656
84, 0.0148778
85, 0.00934942
86, 0.00132101
87, 0.00294355
88, 0.011333
89, 0.0133026
90, 0.00589736
91, 0.000138975
92, 0.0032643
93, 0.00851365
94, 0.00726992
95, 0.00192511
96, 0.000119481
97, 0.00248335
98, 0.00374432
99, 0.00200189
100, 0.000233319
101, 0.000392168
102, 0.00127829
103, 0.00132561
104, 0.00053849
105, 3.71731e-05
106, 0.000688514
107, 0.0019681
108, 0.0022255
109, 0.000985743
110, 0.000169353
111, 0.00160098
112, 0.00388191
113, 0.00401224
114, 0.00184742
115, 0.000528269
116, 0.00219045
117, 0.0050314
118, 0.00553683
119, 0.00288442
120, 0.000439217
121, 0.00197048
122, 0.00521971
123, 0.00406158
124, 0.000346667
125, 0.00223736
126, 0.00747482
127, 0.00570062
128, 0.000233415
129, 0.00369267
130, 0.010991
131, 0.00733355
132, 0.000173048
133, 0.00609628
134, 0.0149136
135, 0.00862027
136, 0.00011531
137, 0.0081826
138, 0.0175535
139, 0.00924789
140, 2.70854e-05
141, 0.00848067
142, 0.0173904
143, 0.00915043
144, 7.50677e-05
145, 0.00659231
146, 0.0143609
147, 0.00853273
148, 0.000610375
149, 0.00367717
150, 0.00959391
151, 0.00751873
152, 0.00206161
153, 0.00157238
154, 0.00481013
155, 0.00635448
156, 0.00459842
157, 0.0017427
158, 0.00152267
159, 0.00517865
160, 0.00766895
161, 0.00415556
162, 0.000217522
163, 0.00407542
164, 0.0102674
165, 0.00742869
166, 0.000530367
167, 0.00331876
168, 0.0115206
169, 0.00986375
170, 0.00182522
171, 0.00315613
172, 0.0110822
173, 0.0104978
174, 0.00352188
175, 0.00360259
176, 0.00918901
177, 0.00935261
178, 0.00509079
179, 0.00428557
180, 0.0064937
181, 0.00718217
182, 0.00618049
183, 0.00476437
184, 0.00387677
185, 0.00508379
186, 0.00672596
187, 0.0048478
188, 0.00190042
189, 0.00376412
190, 0.00706784
191, 0.0046502
192, 0.000727495
193, 0.00337172
194, 0.00742804
195, 0.00435973
196, 0.000163115
197, 0.00358544
198, 0.00773041
199, 0.00398783
200, 0


0, 0
1, 0.00224362
2, 0.00458499
3, 0.00245342
4, 0.000130366
5, 0.00236392
6, 0.00509203
7, 0.00314866
8, 0.000398052
9, 0.00261283
10, 0.00615088
11, 0.00433244
12, 0.000612487
13, 0.00280641
14, 0.00751707
15, 0.00564036
16, 0.000672815
17, 0.00295555
18, 0.00880007
19, 0.00664215
20, 0.000552944
21, 0.003222
22, 0.010002
23, 0.00728856
24, 0.000390106
25, 0.00385347
26, 0.0114851
27, 0.00777984
28, 0.000207982
29, 0.0051569
30, 0.0136335
31, 0.00833156
32, 8.17453e-05
33, 0.00703609
34, 0.0162502
35, 0.00886812
36, 0.000106359
37, 0.00885223
38, 0.0177971
39, 0.0086352
40, 0.000273471
41, 0.00985502
42, 0.0172836
43, 0.00731962
44, 0.000479498
45, 0.00970844
46, 0.0148066
47, 0.00534143
48, 0.000520772
49, 0.00865596
50, 0.0119243
51, 0.00375164
52, 0.000398434
53, 0.00720875
54, 0.00973886
55, 0.00323311
56, 0.000370228
57, 0.00567521
58, 0.00833362
59, 0.00372488
60, 0.000810256
61, 0.00439422
62, 0.00732096
63, 0.0047275
64, 0.0018825
65, 0.00362869
66, 0.0065165
67, 0.00588246
68, 0.00340515
69, 0.00343793
70, 0.00591913
71, 0.00700879
72, 0.00510088
73, 0.00344954
74, 0.00536772
75, 0.00798082
76, 0.00635573
77, 0.00312037
78, 0.00464776
79, 0.00847754
80, 0.00671286
81, 0.00323017
82, 0.00280785
83, 0.00638919
84, 0.00846262
85, 0.00505187
86, 0.000675282
87, 0.00173506
88, 0.00618231
89, 0.00666638
90, 0.00245816
91, 0.000310812
92, 0.00299145
93, 0.00526985
94, 0.00352911
95, 0.00134701
96, 0.00235133
97, 0.00406427
98, 0.00308326
99, 0.00116693
100, 0.00165395
101, 0.00348855
102, 0.0033333
103, 0.0012639
104, 0.000236734
105, 0.00127508
106, 0.00244177
107, 0.00214778
108, 0.000941832
109, 8.62068e-05
110, 0.00016903
111, 0.0010794
112, 0.0022372
113, 0.00268124
114, 0.001742
115, 0.000230445
116, 0.00054288
117, 0.0038238
118, 0.00709038
119, 0.0059292
120, 0.00142988
121, 0.000746275
122, 0.00633668
123, 0.00827822
124, 0.00241986
125, 0.00128398
126, 0.00902577
127, 0.010755
128, 0.00281378
129, 0.00208665
130, 0.0110467
131, 0.0113298
132, 0.00223929
133, 0.00285213
134, 0.0118499
135, 0.0101408
136, 0.00114998
137, 0.0032623
138, 0.0113989
139, 0.00844368
140, 0.000560697
141, 0.00316273
142, 0.00983025
143, 0.0073507
144, 0.0013761
145, 0.00260022
146, 0.0073057
147, 0.00741495
148, 0.00386567
149, 0.0020811
150, 0.00447037
151, 0.00820669
152, 0.00739329
153, 0.00231392
154, 0.00200996
155, 0.00882326
156, 0.0111161
157, 0.00383787
158, 0.000469187
159, 0.0087796
160, 0.0143251
161, 0.00660291
162, 8.74999e-05
163, 0.00806441
164, 0.0166036
165, 0.00979666
166, 0.000570061
167, 0.00699508
168, 0.017415
169, 0.0120109
170, 0.00124058
171, 0.00580292
172, 0.0162714
173, 0.0120403
174, 0.00159288
175, 0.00461659
176, 0.0133274
177, 0.00990831
178, 0.00158082
179, 0.00353332
180, 0.00935624
181, 0.00687004
182, 0.00159571
183, 0.00262047
184, 0.00562972
185, 0.00441843
186, 0.00196046
187, 0.00196927
188, 0.00289981
189, 0.00311297
190, 0.00268704
191, 0.00162404
192, 0.0012018
193, 0.00260686
194, 0.00347873
195, 0.00164504
196, 0.000290194
197, 0.00228707
198, 0.00397106
199, 0.00192403
200, 0


0, 0
1, 0.00136305
2, 0.00308486
3, 0.00208293
4, 0.000114519
5, 0.0010679
6, 0.00377965
7, 0.00338379
8, 0.000456081
9, 0.000976902
10, 0.00499237
11, 0.00522004
12, 0.00098488
13, 0.000987312
14, 0.0065111
15, 0.00742228
16, 0.00170633
17, 0.000976452
18, 0.00809876
19, 0.00983369
20, 0.00252511
21, 0.000942582
22, 0.00940984
23, 0.011696
24, 0.0030228
25, 0.00110292
26, 0.0105898
27, 0.0123534
28, 0.00264493
29, 0.00171276
30, 0.0115931
31, 0.0113635
32, 0.00142625
33, 0.00311106
34, 0.0126248
35, 0.00913593
36, 0.000257164
37, 0.00559145
38, 0.0135865
39, 0.00677249
40, 0.000251368
41, 0.00884005
42, 0.0142859
43, 0.00489663
44, 0.00135661
45, 0.0120353
46, 0.0145862
47, 0.00359893
48, 0.00246362
49, 0.0139993
50, 0.01446
51, 0.00280964
52, 0.00261214
53, 0.01397
54, 0.0139306
55, 0.00258571
56, 0.00191052
57, 0.0123362
58, 0.0131962
59, 0.00315967
60, 0.00130175
61, 0.0100125
62, 0.012131
63, 0.00429538
64, 0.00146045
65, 0.00782341
66, 0.0108044
67, 0.00552454
68, 0.00224236
69, 0.00607393
70, 0.0090518
71, 0.00613192
72, 0.00299929
73, 0.00436206
74, 0.00672748
75, 0.00577473
76, 0.00314566
77, 0.0026995
78, 0.00430386
79, 0.00463944
80, 0.00260404
81, 0.00151972
82, 0.00195854
83, 0.00275106
84, 0.00235994
85, 0.00088381
86, 6.62075e-05
87, 0.000806273
88, 0.00166441
89, 0.00113575
90, 0.00029094
91, 0.00096715
92, 0.00227742
93, 0.00199709
94, 0.000794148
95, 0.00135805
96, 0.00355871
97, 0.00419473
98, 0.00228702
99, 0.000954141
100, 0.00249874
101, 0.0048439
102, 0.00474042
103, 0.00239512
104, 0.000804553
105, 0.00183051
106, 0.00413742
107, 0.00485626
108, 0.00285461
109, 0.000370029
110, 0.000578698
111, 0.00339571
112, 0.00539785
113, 0.00433777
114, 0.00191531
115, 0.00116566
116, 0.00311618
117, 0.00647594
118, 0.00855375
119, 0.00708517
120, 0.00334938
121, 0.00260673
122, 0.00655904
123, 0.00868589
124, 0.00428551
125, 0.00182675
126, 0.00719659
127, 0.0101687
128, 0.00422742
129, 0.000921261
130, 0.0067241
131, 0.00951857
132, 0.00336638
133, 0.000301
134, 0.00528378
135, 0.0072616
136, 0.00245263
137, 0.000172187
138, 0.00340445
139, 0.00509916
140, 0.00268538
141, 0.00063721
142, 0.00188241
143, 0.00465877
144, 0.00487981
145, 0.00167067
146, 0.00103321
147, 0.00637004
148, 0.00901065
149, 0.00315266
150, 0.000724431
151, 0.00950797
152, 0.0139876
153, 0.00476193
154, 0.000704758
155, 0.0126003
156, 0.018282
157, 0.0061426
158, 0.000785105
159, 0.0142846
160, 0.0204645
161, 0.00707689
162, 0.000779585
163, 0.0138316
164, 0.0201633
165, 0.0075434
166, 0.000584169
167, 0.0116532
168, 0.0181093
169, 0.00753467
170, 0.000293732
171, 0.00894257
172, 0.0153525
173, 0.00700919
174, 8.13327e-05
175, 0.00680938
176, 0.0126847
177, 0.00601628
178, 8.4547e-06
179, 0.00541736
180, 0.0101816
181, 0.00475211
182, 3.02387e-06
183, 0.00415109
184, 0.00759774
185, 0.00351548
186, 3.90728e-05
187, 0.00267451
188, 0.00486889
189, 0.00244034
190, 0.000218121
191, 0.00124999
192, 0.00237314
193, 0.00157674
194, 0.000569165
195, 0.000437889
196, 0.000626222
197, 0.000854186
198, 0.000884497
199, 0.000379066
200, 0


0, 0
1, 0.00192671
2, 0.00424712
3, 0.00280426
4, 0.000255466
5, 0.00135463
6, 0.00434068
7, 0.00399777
8, 0.000955957
9, 0.00098308
10, 0.0047082
11, 0.00573032
12, 0.00204881
13, 0.000764518
14, 0.00538244
15, 0.00797912
16, 0.00341923
17, 0.000610742
18, 0.00633617
19, 0.0103897
20, 0.00452114
21, 0.000456213
22, 0.00740368
23, 0.0121114
24, 0.00478447
25, 0.00037614
26, 0.0084123
27, 0.0122823
28, 0.00376319
29, 0.000711425
30, 0.00931298
31, 0.0109112
32, 0.00207089
33, 0.00175884
34, 0.0101288
35, 0.00856437
36, 0.000570623
37, 0.00367608
38, 0.0108279
39, 0.00607106
40, 2.30332e-05
41, 0.00666753
42, 0.0119439
43, 0.00423186
44, 0.000651754
45, 0.0104886
46, 0.0137182
47, 0.00330624
48, 0.00190967
49, 0.0145155
50, 0.0159441
51, 0.00298079
52, 0.00308451
53, 0.017762
54, 0.0176917
55, 0.00282652
56, 0.00362779
57, 0.0189014
58, 0.0179117
59, 0.00269442
60, 0.00346023
61, 0.0176031
62, 0.0164426
63, 0.00273468
64, 0.00267191
65, 0.0139436
66, 0.0134972
67, 0.00287092
68, 0.00172519
69, 0.00926993
70, 0.00952844
71, 0.00259303
72, 0.000948049
73, 0.00506806
74, 0.00565007
75, 0.00186428
76, 0.000383718
77, 0.00211025
78, 0.00256471
79, 0.000952096
80, 6.27226e-05
81, 0.000575675
82, 0.000986846
83, 0.000601132
84, 7.74717e-05
85, 7.32929e-05
86, 0.000417748
87, 0.000542982
88, 0.000259763
89, 3.08531e-06
90, 0.000326863
91, 0.00101664
92, 0.00120572
93, 0.000571547
94, 2.68083e-05
95, 0.000603868
96, 0.00194792
97, 0.00258376
98, 0.00173878
99, 0.000484377
100, 0.000764123
101, 0.0031462
102, 0.00537476
103, 0.00450303
104, 0.00124884
105, 0.000527298
106, 0.00497772
107, 0.00962553
108, 0.00780022
109, 0.00173464
110, 0.000742826
111, 0.00748964
112, 0.0131355
113, 0.00997354
114, 0.00282812
115, 0.00197286
116, 0.00822402
117, 0.0127022
118, 0.0100186
119, 0.00456669
120, 0.00270261
121, 0.00495629
122, 0.00586531
123, 0.00436482
124, 0.00249072
125, 0.0021273
126, 0.00353164
127, 0.00413204
128, 0.00205207
129, 0.000298692
130, 0.00164064
131, 0.0032976
132, 0.00221279
133, 0.00032099
134, 0.000513697
135, 0.00240468
136, 0.0034687
137, 0.00202426
138, 0.000152078
139, 0.0020144
140, 0.00577125
141, 0.00448068
142, 0.000248144
143, 0.00273805
144, 0.00893685
145, 0.00664727
146, 0.000472119
147, 0.00489589
148, 0.0128136
149, 0.00793245
150, 0.000605402
151, 0.00826221
152, 0.0167004
153, 0.00807878
154, 0.000692415
155, 0.0118508
156, 0.019391
157, 0.00723333
158, 0.000902993
159, 0.0144288
160, 0.0198889
161, 0.00579058
162, 0.0012707
163, 0.0150609
164, 0.0180853
165, 0.00426493
166, 0.00162593
167, 0.0138261
168, 0.0149225
169, 0.0030648
170, 0.00173131
171, 0.0115891
172, 0.0118313
173, 0.00237525
174, 0.00148875
175, 0.00927742
176, 0.00972049
177, 0.00224574
178, 0.00102594
179, 0.00733158
180, 0.00849106
181, 0.0025202
182, 0.000611704
183, 0.00552301
184, 0.00737578
185, 0.00284428
186, 0.000416708
187, 0.00367899
188, 0.00560829
189, 0.00269927
190, 0.000417728
191, 0.00187887
192, 0.0031781
193, 0.00190174
194, 0.000501425
195, 0.000572114
196, 0.00092747
197, 0.000826392
198, 0.00056683
199, 0.000212015
200, 0


0, 0
1, 0.00325732
2, 0.00713243
3, 0.00462747
4, 0.000389616
5, 0.00224985
6, 0.0068811
7, 0.00599634
8, 0.00145095
9, 0.00180569
10, 0.0065727
11, 0.00720086
12, 0.00275521
13, 0.00169607
14, 0.0061774
15, 0.00800324
16, 0.00371639
17, 0.00140817
18, 0.00573043
19, 0.00837479
20, 0.00382306
21, 0.000850028
22, 0.00555937
23, 0.00841165
24, 0.00318854
25, 0.000499468
26, 0.00624848
27, 0.00848666
28, 0.00227252
29, 0.000823208
30, 0.00769854
31, 0.00849479
32, 0.00138639
33, 0.0018671
34, 0.0096084
35, 0.00835106
36, 0.000681069
37, 0.00333326
38, 0.0114913
39, 0.00808
40, 0.000240698
41, 0.00509665
42, 0.0130821
43, 0.00730239
44, 0.000104824
45, 0.00766209
46, 0.0146227
47, 0.00600498
48, 0.000536167
49, 0.011402
50, 0.0163256
51, 0.00450511
52, 0.00171456
53, 0.0157097
54, 0.0176115
55, 0.00313779
56, 0.00336049
57, 0.0189994
58, 0.0177791
59, 0.00224211
60, 0.00458534
61, 0.0193231
62, 0.0158124
63, 0.00169428
64, 0.00469708
65, 0.0160748
66, 0.0119664
67, 0.00139133
68, 0.00382026
69, 0.0107429
70, 0.00740359
71, 0.00117911
72, 0.00252818
73, 0.00554607
74, 0.00351757
75, 0.000996124
76, 0.00170859
77, 0.00226021
78, 0.00110695
79, 0.000783087
80, 0.00143678
81, 0.0015149
82, 0.000663432
83, 9.87231e-05
84, 0.000493959
85, 0.00109807
86, 0.00102287
87, 0.000421097
88, 2.32541e-05
89, 0.000175754
90, 0.000601611
91, 0.000856211
92, 0.00074196
93, 0.000371295
94, 9.25314e-05
95, 0.000325558
96, 0.0012287
97, 0.00218268
98, 0.00207106
99, 0.000834711
100, 0.000421885
101, 0.0027261
102, 0.00614574
103, 0.006365
104, 0.00262465
105, 0.000723059
106, 0.00561399
107, 0.0124423
108, 0.0117192
109, 0.00406537
110, 0.00105248
111, 0.00844182
112, 0.0164158
113, 0.0135826
114, 0.00391222
115, 0.00094835
116, 0.00787116
117, 0.0137478
118, 0.0103197
119, 0.00276518
120, 0.000292163
121, 0.00363199
122, 0.00489462
123, 0.00191458
124, 3.08997e-05
125, 0.000989389
126, 0.00187995
127, 0.00135361
128, 0.000427309
129, 8.77416e-05
130, 0.000447087
131, 0.00122321
132, 0.00190027
133, 0.00163412
134, 0.000653506
135, 0.00147527
136, 0.00452801
137, 0.00508412
138, 0.00180837
139, 0.00200627
140, 0.00782763
141, 0.00903662
142, 0.00294958
143, 0.00281142
144, 0.0111072
145, 0.0117001
146, 0.00317241
147, 0.00397284
148, 0.0135345
149, 0.0118546
150, 0.00235117
151, 0.00552277
152, 0.0146406
153, 0.00973609
154, 0.00113593
155, 0.00730973
156, 0.0145021
157, 0.0066157
158, 0.000485399
159, 0.00919343
160, 0.0135124
161, 0.00386752
162, 0.000991186
163, 0.0108526
164, 0.0121132
165, 0.0022414
166, 0.00235804
167, 0.0118639
168, 0.0106533
169, 0.00164483
170, 0.0035586
171, 0.0118332
172, 0.00936477
173, 0.00155953
174, 0.00374095
175, 0.0105092
176, 0.00823509
177, 0.00168218
178, 0.00292643
179, 0.00821366
180, 0.00708777
181, 0.00203474
182, 0.00192884
183, 0.00555733
184, 0.00573912
185, 0.00262698
186, 0.00163404
187, 0.00332021
188, 0.00407752
189, 0.00318085
190, 0.00237824
191, 0.0020213
192, 0.00221452
193, 0.00333944
194, 0.00371165
195, 0.00178479
196, 0.000629743
197, 0.00295185
198, 0.00474464
199, 0.00227407
200, 0


0, 0
1, 0.0054215
2, 0.0116097
3, 0.00715731
4, 0.000448727
5, 0.00392277
6, 0.010901
7, 0.00840068
8, 0.00137027
9, 0.00285828
10, 0.00937222
11, 0.00828549
12, 0.00192212
13, 0.00214193
14, 0.00744285
15, 0.00702721
16, 0.00186354
17, 0.00162843
18, 0.0058196
19, 0.00572986
20, 0.00154071
21, 0.00130918
22, 0.00508386
23, 0.00519751
24, 0.00131842
25, 0.00124379
26, 0.00542573
27, 0.00555242
28, 0.00118176
29, 0.00153145
30, 0.00693397
31, 0.00684451
32, 0.00119112
33, 0.00213452
34, 0.00934203
35, 0.00869396
36, 0.00123614
37, 0.00303447
38, 0.0120456
39, 0.0102539
40, 0.00112644
41, 0.00432693
42, 0.0145452
43, 0.0108076
44, 0.000810569
45, 0.00599636
46, 0.0159269
47, 0.00963461
48, 0.000469048
49, 0.00797917
50, 0.0158115
51, 0.00693076
52, 0.000510572
53, 0.0101188
54, 0.014387
55, 0.00387765
56, 0.00125382
57, 0.0116242
58, 0.0120823
59, 0.00188324
60, 0.00285216
61, 0.0119223
62, 0.00963857
63, 0.00193616
64, 0.00482104
65, 0.0106822
66, 0.00756757
67, 0.00358629
68, 0.00632089
69, 0.00816987
70, 0.00576248
71, 0.00533931
72, 0.00678273
73, 0.00533998
74, 0.00390213
75, 0.00573415
76, 0.00617772
77, 0.00311498
78, 0.0020691
79, 0.00448822
80, 0.00486057
81, 0.00311445
82, 0.00117967
83, 0.000841623
84, 0.00173317
85, 0.00240231
86, 0.00201383
87, 0.000901052
88, 6.61265e-05
89, 0.000280381
90, 0.00135428
91, 0.00218719
92, 0.00189953
93, 0.000984327
94, 0.000780648
95, 0.00189241
96, 0.00349515
97, 0.00418278
98, 0.00352985
99, 0.0026388
100, 0.00320232
101, 0.00549711
102, 0.0076095
103, 0.00706768
104, 0.00428256
105, 0.00320646
106, 0.00640135
107, 0.0105602
108, 0.00990533
109, 0.00452888
110, 0.00143521
111, 0.0051088
112, 0.0105192
113, 0.00989952
114, 0.0037367
115, 2.67261e-05
116, 0.00275067
117, 0.00726028
118, 0.00773118
119, 0.00428094
120, 0.001018
121, 0.000750679
122, 0.00285929
123, 0.00433193
124, 0.00258912
125, 0.000118972
126, 0.00181642
127, 0.0054392
128, 0.00436544
129, 0.000699609
130, 0.00202687
131, 0.00644912
132, 0.00606726
133, 0.00260414
134, 0.00322682
135, 0.00672219
136, 0.00739949
137, 0.00549703
138, 0.00449406
139, 0.00591351
140, 0.00860592
141, 0.0084818
142, 0.00481586
143, 0.00463588
144, 0.00973187
145, 0.0101872
146, 0.00398834
147, 0.00354839
148, 0.010261
149, 0.0099516
150, 0.00246466
151, 0.00312005
152, 0.0100931
153, 0.00797023
154, 0.000918276
155, 0.00354876
156, 0.00928218
157, 0.00518675
158, 0.0001083
159, 0.00463553
160, 0.00820412
161, 0.0028412
162, 0.000352368
163, 0.00609522
164, 0.00743468
165, 0.00155728
166, 0.00137726
167, 0.00756344
168, 0.00720385
169, 0.00136193
170, 0.00259159
171, 0.00854635
172, 0.00731503
173, 0.00195407
174, 0.0034601
175, 0.00844354
176, 0.00723827
177, 0.00299013
178, 0.00376283
179, 0.00698063
180, 0.0065238
181, 0.00419306
182, 0.00382345
183, 0.00456155
184, 0.00506749
185, 0.00533082
186, 0.0042851
187, 0.00241205
188, 0.00321375
189, 0.0061836
190, 0.00567032
191, 0.00164789
192, 0.00152827
193, 0.00643211
194, 0.00767699
195, 0.00252753
196, 0.000394903
197, 0.00578612
198, 0.00918913
199, 0.00427575
200, 0


0, 0
1, 0.00815342
2, 0.0164807
3, 0.00868223
4, 7.32354e-05
5, 0.00650416
6, 0.0140813
7, 0.00787829
8, 0.000182439
9, 0.0047379
10, 0.0109069
11, 0.00637025
12, 0.000220527
13, 0.00350458
14, 0.00839561
15, 0.00499074
16, 0.00023282
17, 0.00296263
18, 0.0069637
19, 0.00421947
20, 0.000357349
21, 0.00284318
22, 0.00651359
23, 0.0042347
24, 0.000718559
25, 0.00297685
26, 0.00688091
27, 0.00514647
28, 0.00133687
29, 0.00323952
30, 0.0078716
31, 0.0066685
32, 0.00195189
33, 0.00350258
34, 0.00943703
35, 0.00844451
36, 0.00220414
37, 0.00382627
38, 0.0113941
39, 0.00992656
40, 0.00194993
41, 0.00419133
42, 0.0130521
43, 0.0103224
44, 0.00123601
45, 0.00475479
46, 0.0136702
47, 0.00919145
48, 0.000436395
49, 0.0051753
50, 0.0124789
51, 0.00665649
52, 9.50191e-06
53, 0.0051853
54, 0.00939661
55, 0.00363447
56, 0.00038259
57, 0.00495765
58, 0.00606072
59, 0.00191607
60, 0.00176605
61, 0.00457046
62, 0.00385564
63, 0.00252808
64, 0.00396068
65, 0.00431708
66, 0.00338982
67, 0.00506335
68, 0.00649236
69, 0.00436552
70, 0.00397566
71, 0.00770084
72, 0.00847252
73, 0.00466736
74, 0.0043909
75, 0.00874785
76, 0.00936018
77, 0.00501059
78, 0.00371238
79, 0.00740892
80, 0.00893966
81, 0.007676
82, 0.00430895
83, 0.00208696
84, 0.0035023
85, 0.00665218
86, 0.00701595
87, 0.00345055
88, 0.000178341
89, 0.00135776
90, 0.00542129
91, 0.00718883
92, 0.00476668
93, 0.00180882
94, 0.00230509
95, 0.00562822
96, 0.00786583
97, 0.00684128
98, 0.00447218
99, 0.00391534
100, 0.00572409
101, 0.00759549
102, 0.00745893
103, 0.00552214
104, 0.00377089
105, 0.00373953
106, 0.0050903
107, 0.00588478
108, 0.00465725
109, 0.00220981
110, 0.000774556
111, 0.00153945
112, 0.00325021
113, 0.00381901
114, 0.00262859
115, 0.000842296
116, 2.32109e-05
117, 0.00133684
118, 0.00454163
119, 0.00690725
120, 0.00524725
121, 0.0010447
122, 0.00118006
123, 0.00774073
124, 0.00889333
125, 0.00210067
126, 0.0019305
127, 0.0107049
128, 0.0115758
129, 0.00293735
130, 0.00313085
131, 0.0125256
132, 0.0122339
133, 0.00341323
134, 0.00423821
135, 0.0122114
136, 0.0109297
137, 0.00375111
138, 0.00459839
139, 0.00990935
140, 0.00863439
141, 0.00400828
142, 0.0040562
143, 0.00658586
144, 0.00646134
145, 0.00427865
146, 0.00278486
147, 0.00358746
148, 0.00541363
149, 0.00438325
150, 0.00136893
151, 0.00211259
152, 0.00536811
153, 0.00409843
154, 0.000446202
155, 0.00201418
156, 0.00559037
157, 0.00351227
158, 5.64534e-05
159, 0.00251366
160, 0.00559951
161, 0.00273715
162, 2.5477e-05
163, 0.00307555
164, 0.00519532
165, 0.00194194
166, 0.000295989
167, 0.00348604
168, 0.00460946
169, 0.00161056
170, 0.000946379
171, 0.00371165
172, 0.00426652
173, 0.00230149
174, 0.00212764
175, 0.00362161
176, 0.0043148
177, 0.00431788
178, 0.00385893
179, 0.00312668
180, 0.00457533
181, 0.00732956
182, 0.00598688
183, 0.0023497
184, 0.00463152
185, 0.0101728
186, 0.00812746
187, 0.00173842
188, 0.00395708
189, 0.011508
190, 0.00992013
191, 0.00179159
192, 0.00242519
193, 0.0106698
194, 0.0111449
195, 0.00292452
196, 0.000736778
197, 0.00816408
198, 0.0117672
199, 0.0052072
200, 0


0, 0
1, 0.0080936
2, 0.0155736
3, 0.00705997
4, 0.000153892
5, 0.00840146
6, 0.0140217
7, 0.00550584
8, 0.000392722
9, 0.00811993
10, 0.011852
11, 0.00402132
12, 0.000424491
13, 0.00743215
14, 0.0103319
15, 0.00337009
16, 0.000313143
17, 0.00670153
18, 0.00975628
19, 0.00369448
20, 0.00039592
21, 0.00621483
22, 0.00997084
23, 0.00471641
24, 0.000896816
25, 0.00599623
26, 0.0103046
27, 0.00583874
28, 0.00161087
29, 0.00591547
30, 0.0103839
31, 0.00662009
32, 0.00220116
33, 0.00560817
34, 0.0100967
35, 0.00697551
36, 0.00227679
37, 0.0049318
38, 0.00949881
39, 0.00673503
40, 0.00163839
41, 0.00393291
42, 0.00873788
43, 0.00595405
44, 0.000649767
45, 0.00297594
46, 0.00749208
47, 0.00459429
48, 9.79824e-05
49, 0.00257647
50, 0.00590085
51, 0.00320099
52, 0.000612979
53, 0.0028311
54, 0.00421794
55, 0.00239125
56, 0.00199029
57, 0.00315285
58, 0.00262939
59, 0.00223196
60, 0.00345626
61, 0.00311524
62, 0.00152172
63, 0.00264589
64, 0.00451077
65, 0.00291377
66, 0.00120753
67, 0.00348488
68, 0.0053878
69, 0.00315045
70, 0.00161536
71, 0.00451147
72, 0.00686993
73, 0.004548
74, 0.00231523
75, 0.00532243
76, 0.00925657
77, 0.0071241
78, 0.00277741
79, 0.00545199
80, 0.0119298
81, 0.0144003
82, 0.00832137
83, 0.00187774
84, 0.00556319
85, 0.0155142
86, 0.0175289
87, 0.00805293
88, 0.000195603
89, 0.00471061
90, 0.0146205
91, 0.0159429
92, 0.0075015
93, 0.0010147
94, 0.00385983
95, 0.0104403
96, 0.0117383
97, 0.00700593
98, 0.0025919
99, 0.00275229
100, 0.00546044
101, 0.00653867
102, 0.00480453
103, 0.00229971
104, 0.00118024
105, 0.00157661
106, 0.00226073
107, 0.00226048
108, 0.00162143
109, 0.000858052
110, 0.000382152
111, 0.000481236
112, 0.00136404
113, 0.00278134
114, 0.0036945
115, 0.00305168
116, 0.00157572
117, 0.00192845
118, 0.0056435
119, 0.00967453
120, 0.00895495
121, 0.00408361
122, 0.00241489
123, 0.00948107
124, 0.0124175
125, 0.0050273
126, 0.00273089
127, 0.0117394
128, 0.0142197
129, 0.00468075
130, 0.00291203
131, 0.0128529
132, 0.0136044
133, 0.00336421
134, 0.0030982
135, 0.0122926
136, 0.0109916
137, 0.00191299
138, 0.00314973
139, 0.0101641
140, 0.00750831
141, 0.000935487
142, 0.00286912
143, 0.00715092
144, 0.00449275
145, 0.000608611
146, 0.00219246
147, 0.00441595
148, 0.0027229
149, 0.00070661
150, 0.00133851
151, 0.00246712
152, 0.0021919
153, 0.00109981
154, 0.000539882
155, 0.00144103
156, 0.00253508
157, 0.00157605
158, 8.60575e-05
159, 0.00116536
160, 0.00292277
161, 0.00184611
162, 9.94125e-05
163, 0.00114736
164, 0.00271804
165, 0.00181137
166, 0.000552692
167, 0.0011556
168, 0.00197565
169, 0.00181935
170, 0.00148875
171, 0.00113702
172, 0.00124093
173, 0.00262925
174, 0.00303944
175, 0.00108604
176, 0.00113812
177, 0.00477477
178, 0.0052265
179, 0.00113515
180, 0.00173045
181, 0.00788452
182, 0.00789495
183, 0.00142818
184, 0.00241645
185, 0.0107913
186, 0.0106962
187, 0.00215227
188, 0.00244551
189, 0.0123231
190, 0.0133663
191, 0.00346253
192, 0.0016264
193, 0.011999
194, 0.0155212
195, 0.00542565
196, 0.000515351
197, 0.0102579
198, 0.0167458
199, 0.00783024
200, 0


